benchmark,y_true,y_pred,protein_id,mutation_id,model
S669,0.7,0.7362198515936219,1BFM,M35W,ridge
S669,0.4,0.957116996632297,1BFM,M35Y,ridge
S669,0.04,0.24649683933736888,1D5G,H71Y,ridge
S669,-0.91,1.0904793092988618,1D5G,I20F,ridge
S669,1.0,1.4877328222552548,1EKG,L198C,ridge
S669,2.0,1.4877328222552548,1EKG,L200C,ridge
S669,-1.0,1.4877328222552548,1EKG,L203C,ridge
S669,2.6,-0.04233822082033789,1EKG,S181F,ridge
S669,-4.0,0.5530321573856923,1FRD,H42R,ridge
S669,1.1,0.7279530005285263,1FXA,E94D,ridge
S669,0.4,0.4202753352462042,1FXA,E94K,ridge
S669,-0.6,0.5394644912864694,1FXA,E94Q,ridge
S669,-1.0,0.4202753352462042,1FXA,E95K,ridge
S669,1.0,1.6510711409787486,1FXA,F65A,ridge
S669,0.9,1.040493081286475,1FXA,F65I,ridge
S669,0.6,1.0090940612735015,1FXA,F65W,ridge
S669,0.5,1.2299912063121767,1FXA,F65Y,ridge
S669,2.4,0.6186553417686207,1FXA,R42A,ridge
S669,1.4,0.5433193367699127,1FXA,R42H,ridge
S669,-0.1,0.7718393069280175,1FXA,T48A,ridge
S669,1.22,1.1379058621774825,1GLU,C500A,ridge
S669,1.963,1.2270571485925892,1GUA,A118G,ridge
S669,1.951,0.3630912108124758,1GUA,A118L,ridge
S669,2.149,1.2270571485925892,1GUA,A85G,ridge
S669,0.863,1.2270571485925892,1GUA,A97G,ridge
S669,-0.283,1.1379058621774825,1GUA,C81A,ridge
S669,0.912,0.5273278024852086,1GUA,C81I,ridge
S669,0.08,1.1379058621774825,1GUA,C95A,ridge
S669,1.759,1.1379058621774825,1GUA,C96A,ridge
S669,0.043,0.5689119568185749,1GUA,C96L,ridge
S669,0.337,0.7036870963256048,1GUA,C96M,ridge
S669,0.706,0.38359303263476496,1GUA,D117A,ridge
S669,0.855,0.38359303263476496,1GUA,D129A,ridge
S669,0.493,0.38359303263476496,1GUA,D80A,ridge
S669,-0.021,0.5427954746677439,1GUA,E104A,ridge
S669,0.101,0.5427954746677439,1GUA,E124A,ridge
S669,0.591,0.5427954746677439,1GUA,E125A,ridge
S669,3.274,1.7337961304895706,1GUA,I58A,ridge
S669,1.2990000000000002,1.0904793092988618,1GUA,I58F,ridge
S669,0.7709999999999999,1.1648022251306631,1GUA,I58L,ridge
S669,0.327,0.667611200296895,1GUA,K109A,ridge
S669,2.593,1.6440240510203314,1GUA,L112A,ridge
S669,2.5340000000000003,1.6440240510203314,1GUA,L121A,ridge
S669,3.405,1.6440240510203314,1GUA,L126A,ridge
S669,3.46,1.6440240510203314,1GUA,L62A,ridge
S669,3.803,1.6440240510203314,1GUA,L78A,ridge
S669,3.529,1.6440240510203314,1GUA,L82A,ridge
S669,1.6,1.0334459913280578,1GUA,L82I,ridge
S669,1.7,1.20517123343135,1GUA,L82V,ridge
S669,3.2260000000000004,1.6440240510203314,1GUA,L86A,ridge
S669,1.575,1.6440240510203314,1GUA,L91A,ridge
S669,0.961,1.378196931298869,1GUA,M76A,ridge
S669,-0.271,-0.0331309593673349,1GUA,N56M,ridge
S669,1.14,0.4010878064845429,1GUA,N64A,ridge
S669,1.7080000000000002,0.6365906515330572,1GUA,P63A,ridge
S669,0.0819999999999999,0.6365906515330572,1GUA,P93A,ridge
S669,0.504,0.5742860675973441,1GUA,Q66A,ridge
S669,0.693,0.6186553417686207,1GUA,R100A,ridge
S669,-0.178,0.6186553417686207,1GUA,R59A,ridge
S669,-1.078,0.04966143640971299,1GUA,R89L,ridge
S669,1.5730000000000002,0.6009786003703708,1GUA,S77A,ridge
S669,-0.581,0.5909786359248966,1GUA,S77T,ridge
S669,0.109,0.7718393069280175,1GUA,T68A,ridge
S669,3.3680000000000003,1.539618894882588,1GUA,V128A,ridge
S669,2.251,1.539618894882588,1GUA,V60A,ridge
S669,1.116,1.539618894882588,1GUA,V69A,ridge
S669,1.77,1.539618894882588,1GUA,V70A,ridge
S669,1.052,1.539618894882588,1GUA,V72A,ridge
S669,0.8640000000000001,0.9290408351903141,1GUA,V72I,ridge
S669,1.981,1.539618894882588,1GUA,V98A,ridge
S669,1.936,0.6365906515330572,1H0X,P18A,ridge
S669,2.5810000000000004,0.6365906515330572,1H0X,P62A,ridge
S669,2.09,1.1379058621774825,1HCQ,C67A,ridge
S669,1.99,1.2900556227207336,1HCQ,C67S,ridge
S669,-0.4,0.4837439434094565,1IOJ,G15A,ridge
S669,-0.5,0.7757938874063067,1IV7,A173C,ridge
S669,2.5,1.494779912213672,1IV7,F189C,ridge
S669,1.9,1.4877328222552548,1IV7,L162C,ridge
S669,-4.299,0.17989866570379864,1IV9,S76Y,ridge
S669,-0.1,0.667611200296895,1J8I,K25A,ridge
S669,-0.1,0.667611200296895,1J8I,K66A,ridge
S669,-0.8,0.6186553417686207,1J8I,R23A,ridge
S669,0.1,0.6186553417686207,1J8I,R35A,ridge
S669,-0.7,0.6186553417686207,1J8I,R43A,ridge
S669,0.1,0.6186553417686207,1J8I,R9A,ridge
S669,1.44,0.7757938874063067,1JL9,A25C,ridge
S669,1.6969999999999998,1.6510711409787486,1L6H,F39A,ridge
S669,0.55,1.1468401346926937,1L6H,Y45A,ridge
S669,1.482,1.1468401346926937,1L6H,Y48A,ridge
S669,1.39,1.6510711409787486,1N88,F21A,ridge
S669,1.39,1.7337961304895706,1N88,I39A,ridge
S669,2.79,1.7337961304895706,1N88,I80A,ridge
S669,2.35,1.7337961304895706,1N88,I89A,ridge
S669,1.52,1.2949433129005892,1N88,I8V,ridge
S669,1.52,1.6440240510203314,1N88,L13A,ridge
S669,1.11,1.6440240510203314,1N88,L57A,ridge
S669,1.94,1.539618894882588,1N88,V12A,ridge
S669,2.84,1.539618894882588,1N88,V30A,ridge
S669,2.82,1.539618894882588,1N88,V43A,ridge
S669,2.83,1.539618894882588,1N88,V49A,ridge
S669,3.24,1.539618894882588,1N88,V51A,ridge
S669,3.73,1.539618894882588,1N88,V54A,ridge
S669,2.82,1.539618894882588,1N88,V81A,ridge
S669,3.1,1.539618894882588,1N88,V83A,ridge
S669,-0.06,1.1468401346926937,1N88,Y18A,ridge
S669,4.61,1.1468401346926937,1N88,Y26A,ridge
S669,1.2,1.2270571485925892,1O6X,A31G,ridge
S669,1.4,1.2270571485925892,1O6X,A50G,ridge
S669,-0.36,0.38359303263476496,1O6X,D38A,ridge
S669,0.3,0.5427954746677439,1O6X,E14A,ridge
S669,1.42,0.8377675070889496,1O6X,E20G,ridge
S669,1.88,1.0820772356198411,1O6X,F39L,ridge
S669,0.98,1.6510711409787486,1O6X,F65A,ridge
S669,0.61,0.6675767740039409,1O6X,H51A,ridge
S669,0.43,1.2949433129005892,1O6X,I15V,ridge
S669,-0.42,1.2949433129005892,1O6X,I23V,ridge
S669,1.31,1.2949433129005892,1O6X,I71V,ridge
S669,1.31,1.7337961304895706,1O6X,I75A,ridge
S669,1.98,0.667611200296895,1O6X,K41A,ridge
S669,0.97,1.20517123343135,1O6X,L26V,ridge
S669,0.08,0.4010878064845429,1O6X,N58A,ridge
S669,0.49,0.8692581000185499,1O6X,Q60G,ridge
S669,1.1,1.539618894882588,1O6X,V12A,ridge
S669,1.08,1.539618894882588,1O6X,V52A,ridge
S669,1.1,1.8345909273037937,1O6X,V64G,ridge
S669,2.78,0.5778462293337863,1O6X,Y73L,ridge
S669,0.13,1.901661132566678,1R6R,I88N,ridge
S669,2.81,1.7961738115635828,1R6R,L50S,ridge
S669,0.24,1.7961738115635828,1R6R,L54S,ridge
S669,6.84,1.8118890530974392,1R6R,L81N,ridge
S669,4.493,1.7247764207433705,2BJD,V84D,ridge
S669,4.517,1.6026824653443685,2BJD,V84P,ridge
S669,2.103,1.1746356941220344,2BJD,Y86E,ridge
S669,0.012,0.5035233135019852,2C9Q,Y79F,ridge
S669,1.233,0.5048630549874468,2C9Q,Y79W,ridge
S669,-0.12,0.024259952813232233,2CLR,H13F,ridge
S669,-2.605,0.024259952813232233,2CLR,H31F,ridge
S669,1.912,0.024259952813232233,2CLR,H51F,ridge
S669,2.629,0.6675767740039409,2CLR,H84A,ridge
S669,-0.89,0.49895006259863617,2DVV,Q443H,ridge
S669,0.02,-0.023321737936626397,2DVV,R419W,ridge
S669,0.32,1.2270571485925892,2HBB,A22G,ridge
S669,1.79,1.2270571485925892,2HBB,A26G,ridge
S669,1.55,1.2270571485925892,2HBB,A36G,ridge
S669,1.59,1.2270571485925892,2HBB,A39G,ridge
S669,0.33,1.2270571485925892,2HBB,A42G,ridge
S669,0.55,1.2270571485925892,2HBB,A46G,ridge
S669,0.22,1.2270571485925892,2HBB,A49G,ridge
S669,0.03,0.38359303263476496,2HBB,D23A,ridge
S669,0.79,0.5514580347118725,2HBB,D23N,ridge
S669,1.3,0.38359303263476496,2HBB,D8A,ridge
S669,0.38,0.5514580347118725,2HBB,D8N,ridge
S669,1.69,0.5427954746677439,2HBB,E17A,ridge
S669,0.33,0.5394644912864694,2HBB,E17Q,ridge
S669,0.41,0.5427954746677439,2HBB,E38A,ridge
S669,0.68,0.5394644912864694,2HBB,E38Q,ridge
S669,-0.07,0.5394644912864694,2HBB,E48Q,ridge
S669,2.84,1.6510711409787486,2HBB,F31A,ridge
S669,1.15,1.0820772356198411,2HBB,F5L,ridge
S669,-0.02,0.4837439434094565,2HBB,G24A,ridge
S669,1.02,0.4837439434094565,2HBB,G34A,ridge
S669,2.05,1.7337961304895706,2HBB,I18A,ridge
S669,0.07,1.2949433129005892,2HBB,I18V,ridge
S669,1.28,1.7337961304895706,2HBB,I37A,ridge
S669,-0.09,1.2949433129005892,2HBB,I37V,ridge
S669,0.59,1.2949433129005892,2HBB,I4V,ridge
S669,-0.13,0.6954067597262357,2HBB,K10E,ridge
S669,-0.47,0.23339243444501745,2HBB,K10M,ridge
S669,-0.61,0.667611200296895,2HBB,K12A,ridge
S669,-0.03,0.9625832327181009,2HBB,K12G,ridge
S669,-1.8,0.23339243444501745,2HBB,K12M,ridge
S669,0.73,0.667611200296895,2HBB,K14A,ridge
S669,1.3,0.9625832327181009,2HBB,K14G,ridge
S669,0.34,0.23339243444501745,2HBB,K14M,ridge
S669,1.74,0.9625832327181009,2HBB,K15G,ridge
S669,0.44,0.23339243444501745,2HBB,K15M,ridge
S669,-0.21,0.23339243444501745,2HBB,K7M,ridge
S669,2.76,1.6440240510203314,2HBB,L30A,ridge
S669,1.21,1.6440240510203314,2HBB,L35A,ridge
S669,1.73,1.6440240510203314,2HBB,L44A,ridge
S669,0.84,1.6440240510203314,2HBB,L47A,ridge
S669,3.1,1.6440240510203314,2HBB,L6A,ridge
S669,1.46,1.378196931298869,2HBB,M1A,ridge
S669,0.8,0.9239890674712687,2HBB,T40S,ridge
S669,2.33,1.539618894882588,2HBB,V21A,ridge
S669,2.55,1.539618894882588,2HBB,V3A,ridge
S669,1.81,1.539618894882588,2HBB,V9A,ridge
S669,2.54,1.323063388038265,2JUC,C57D,ridge
S669,0.71,1.2900556227207336,2JUC,C57S,ridge
S669,1.75,0.6186553417686207,2JUC,R18A,ridge
S669,-1.2,0.38359303263476496,2KJ3,D288A,ridge
S669,-1.9,0.5427954746677439,2KJ3,E272A,ridge
S669,0.8,0.4837439434094565,2KJ3,G278A,ridge
S669,-1.5,0.667611200296895,2KJ3,K229A,ridge
S669,-1.0,1.6440240510203314,2KJ3,L241A,ridge
S669,-1.4,0.6009786003703708,2KJ3,S273A,ridge
S669,-1.0,1.539618894882588,2KJ3,V239A,ridge
S669,-1.0,1.539618894882588,2KJ3,V264A,ridge
S669,-0.2,1.539618894882588,2KJ3,V267A,ridge
S669,0.24,0.9220851517259092,2MPC,A89T,ridge
S669,-0.62,0.6186553417686207,2MPC,R42A,ridge
S669,-2.08,-0.023321737936626397,2MPC,R42W,ridge
S669,0.6,0.6365906515330572,2N7Z,P88A,ridge
S669,-0.44,1.1172426420321657,2OUO,A420D,ridge
S669,2.43,1.2270571485925892,2PTL,A22G,ridge
S669,-0.1,0.9951486866331641,2PTL,A27P,ridge
S669,0.83,0.49323229858240186,2PTL,A27V,ridge
S669,2.17,1.2270571485925892,2PTL,A34G,ridge
S669,-1.47,0.49323229858240186,2PTL,A34V,ridge
S669,2.54,1.2270571485925892,2PTL,A43G,ridge
S669,3.1,1.2270571485925892,2PTL,A47G,ridge
S669,1.32,1.2270571485925892,2PTL,A49G,ridge
S669,3.12,1.2270571485925892,2PTL,A51G,ridge
S669,0.49,1.2270571485925892,2PTL,A66G,ridge
S669,1.21,0.38359303263476496,2PTL,D52A,ridge
S669,2.14,0.6785650650559707,2PTL,D52G,ridge
S669,0.2,0.38359303263476496,2PTL,D64A,ridge
S669,0.59,0.5427954746677439,2PTL,E35A,ridge
S669,1.19,0.8377675070889496,2PTL,E46G,ridge
S669,1.08,-0.06778258502452994,2PTL,E46I,ridge
S669,0.23,0.5427954746677439,2PTL,E60A,ridge
S669,3.12,1.6510711409787486,2PTL,F26A,ridge
S669,0.68,1.0820772356198411,2PTL,F26L,ridge
S669,4.15,1.6510711409787486,2PTL,F36A,ridge
S669,3.12,1.0820772356198411,2PTL,F36L,ridge
S669,3.08,1.9460431733999544,2PTL,F40G,ridge
S669,0.38,1.0820772356198411,2PTL,F40L,ridge
S669,3.34,1.0820772356198411,2PTL,F76L,ridge
S669,3.73,1.2122183233897672,2PTL,F76V,ridge
S669,1.52,0.4837439434094565,2PTL,G29A,ridge
S669,2.53,0.04489112582047494,2PTL,G29V,ridge
S669,2.08,0.4837439434094565,2PTL,G38A,ridge
S669,2.23,0.4837439434094565,2PTL,G59A,ridge
S669,2.04,0.4837439434094565,2PTL,G69A,ridge
S669,4.9,1.7337961304895706,2PTL,I20A,ridge
S669,0.56,1.2949433129005892,2PTL,I20V,ridge
S669,1.37,1.7337961304895706,2PTL,I25A,ridge
S669,0.47,1.2949433129005892,2PTL,I25V,ridge
S669,4.72,1.7337961304895706,2PTL,I74A,ridge
S669,1.69,1.2949433129005892,2PTL,I74V,ridge
S669,0.92,0.667611200296895,2PTL,K21A,ridge
S669,0.88,0.667611200296895,2PTL,K37A,ridge
S669,-0.16,0.9625832327181009,2PTL,K42G,ridge
S669,-0.58,0.667611200296895,2PTL,K55A,ridge
S669,-0.35,0.667611200296895,2PTL,K56A,ridge
S669,0.09,0.667611200296895,2PTL,K68A,ridge
S669,0.45,0.667611200296895,2PTL,K75A,ridge
S669,3.12,1.6440240510203314,2PTL,L24A,ridge
S669,2.44,1.6440240510203314,2PTL,L54A,ridge
S669,3.77,1.6440240510203314,2PTL,L72A,ridge
S669,1.87,0.4010878064845429,2PTL,N23A,ridge
S669,1.78,0.4010878064845429,2PTL,N28A,ridge
S669,0.34,0.4010878064845429,2PTL,N58A,ridge
S669,1.73,0.4010878064845429,2PTL,N73A,ridge
S669,0.3,0.6009786003703708,2PTL,S30A,ridge
S669,-0.41,0.6009786003703708,2PTL,S45A,ridge
S669,0.82,0.8959506327915765,2PTL,S45G,ridge
S669,1.63,0.7718393069280175,2PTL,T19A,ridge
S669,1.17,0.7718393069280175,2PTL,T31A,ridge
S669,1.11,0.7718393069280175,2PTL,T33A,ridge
S669,1.25,0.7718393069280175,2PTL,T39A,ridge
S669,1.09,0.7718393069280175,2PTL,T44A,ridge
S669,0.17,1.0668113393492233,2PTL,T53G,ridge
S669,0.97,0.7718393069280175,2PTL,T62A,ridge
S669,1.83,0.7718393069280175,2PTL,T71A,ridge
S669,1.22,1.539618894882588,2PTL,V18A,ridge
S669,0.92,1.539618894882588,2PTL,V63A,ridge
S669,1.14,1.539618894882588,2PTL,V65A,ridge
S669,2.82,1.1468401346926937,2PTL,Y48A,ridge
S669,2.46,1.1468401346926937,2PTL,Y50A,ridge
S669,1.66,1.1468401346926937,2PTL,Y70A,ridge
S669,-0.43,0.5778462293337863,2PTL,Y70L,ridge
S669,-1.05,-0.026198430691163788,2RPN,E7L,ridge
S669,-0.39,1.4170987554610481,2RPN,V21K,ridge
S669,-0.3,0.38359303263476496,2WQG,D15A,ridge
S669,-0.1,0.38359303263476496,2WQG,D38A,ridge
S669,2.2,0.38359303263476496,2WQG,D39A,ridge
S669,2.6,0.5514580347118725,2WQG,D39N,ridge
S669,0.1,0.5394644912864694,2WQG,E40Q,ridge
S669,0.4,0.8377675070889496,2WQG,E41G,ridge
S669,0.9,1.7337961304895706,2WQG,I36A,ridge
S669,0.3,1.2949433129005892,2WQG,I36V,ridge
S669,0.4,0.667611200296895,2WQG,K14A,ridge
S669,1.9,0.9625832327181009,2WQG,K14G,ridge
S669,0.3,0.667611200296895,2WQG,K19A,ridge
S669,0.6,0.667611200296895,2WQG,K28A,ridge
S669,0.5,1.6440240510203314,2WQG,L13A,ridge
S669,1.3,1.6440240510203314,2WQG,L16A,ridge
S669,2.0,1.6440240510203314,2WQG,L8A,ridge
S669,0.6,0.5742860675973441,2WQG,Q12A,ridge
S669,2.0,0.8692581000185499,2WQG,Q12G,ridge
S669,-0.1,0.5742860675973441,2WQG,Q33A,ridge
S669,0.8,0.6186553417686207,2WQG,R34A,ridge
S669,0.6,0.6009786003703708,2WQG,S23A,ridge
S669,-0.1,0.6009786003703708,2WQG,S6A,ridge
S669,0.2,0.8959506327915765,2WQG,S6G,ridge
S669,-0.1,0.9239890674712687,2WQG,T9S,ridge
S669,0.1,1.539618894882588,2WQG,V10A,ridge
S669,0.7,1.8345909273037937,2WQG,V10G,ridge
S669,-0.4,1.539618894882588,2WQG,V11A,ridge
S669,-0.1,1.8345909273037937,2WQG,V11G,ridge
S669,0.5,1.539618894882588,2WQG,V24A,ridge
S669,2.4,0.5035233135019852,2WQG,Y5F,ridge
S669,0.74,0.5394644912864694,2ZTA,E11Q,ridge
S669,-0.2,0.5394644912864694,2ZTA,E20Q,ridge
S669,1.83,0.5394644912864694,2ZTA,E22Q,ridge
S669,0.41,0.667611200296895,2ZTA,K15A,ridge
S669,0.91,0.667611200296895,2ZTA,K27A,ridge
S669,0.06,0.667611200296895,2ZTA,K28A,ridge
S669,0.39,0.667611200296895,2ZTA,K8A,ridge
S669,1.66,0.6186553417686207,2ZTA,R25A,ridge
S669,1.506,1.2949433129005892,3BN0,I20V,ridge
S669,-0.43,1.8032209015219998,3C2I,F155S,ridge
S669,-0.47,0.7718393069280175,3C2I,T158A,ridge
S669,-0.25,0.3376205410761399,3C2I,T158M,ridge
S669,0.5,0.6365906515330572,3FIS,P61A,ridge
S669,-0.34,-0.03748690203180716,3G1G,D155Y,ridge
S669,0.74,1.2299912063121767,3G1G,F167Y,ridge
S669,0.17,1.2949433129005892,3G1G,I190V,ridge
S669,-1.32,-0.023321737936626397,3G1G,R185W,ridge
S669,3.35,-0.026198430691163788,3K82,E334L,ridge
S669,1.68,0.5394644912864694,3K82,E334Q,ridge
S669,-5.49,0.4282508580494953,3K82,E401R,ridge
S669,-1.194,0.9136273741898264,3MON,R39G,ridge
S669,2.866,1.2412876589403647,3MON,W3C,ridge
S669,3.25,1.7070876214821125,3O39,L32P,ridge
S669,-2.03,0.5530321573856923,3S92,H395R,ridge
S669,-0.574,0.025599694298693798,4N6V,H75W,ridge
S669,1.362,0.931562683954263,4N6V,P36G,ridge
S669,-1.745,0.7887404120763085,4N6V,P79S,ridge
S669,0.71,1.5296189304371137,4YEE,V134T,ridge
S669,0.93,0.33298648933903596,4YEF,T134V,ridge
S669,1.44,0.6785650650559707,5JXB,D329G,ridge
S669,1.44,0.4466566030965457,5JXB,D329P,ridge
S669,1.8,0.6009786003703708,1A0F,S11A,ridge
S669,2.69,0.8567491111726755,1A7V,A104H,ridge
S669,1.98,0.8567491111726755,1A7V,A66H,ridge
S669,1.7,0.8567491111726755,1A7V,A91H,ridge
S669,1.36,0.30825702763605706,1A7V,D3H,ridge
S669,2.05,0.30825702763605706,1A7V,D58H,ridge
S669,3.01,0.4674594696690359,1A7V,E73H,ridge
S669,0.6,0.5922751952981873,1A7V,K13H,ridge
S669,2.88,0.5922751952981873,1A7V,K20H,ridge
S669,1.36,0.5922751952981873,1A7V,K31H,ridge
S669,1.86,0.5922751952981873,1A7V,K39H,ridge
S669,2.02,0.5922751952981873,1A7V,K49H,ridge
S669,2.88,0.5922751952981873,1A7V,K84H,ridge
S669,1.97,0.5922751952981873,1A7V,K97H,ridge
S669,0.821,0.38359303263476496,1BNL,D76A,ridge
S669,0.46,0.38359303263476496,1DIV,D23A,ridge
S669,0.58,0.5514580347118725,1DIV,D23N,ridge
S669,0.3,0.5514580347118725,1DIV,D8N,ridge
S669,0.98,0.5427954746677439,1DIV,E100A,ridge
S669,1.52,0.8377675070889496,1DIV,E100G,ridge
S669,0.21,0.5394644912864694,1DIV,E17Q,ridge
S669,0.56,0.5394644912864694,1DIV,E38Q,ridge
S669,-0.03,0.5394644912864694,1DIV,E48Q,ridge
S669,-0.33,0.5394644912864694,1DIV,E54Q,ridge
S669,1.53,0.6642457906226665,1DIV,H106Q,ridge
S669,3.52,1.7337961304895706,1DIV,I115A,ridge
S669,2.22,1.7337961304895706,1DIV,I4A,ridge
S669,0.59,1.2949433129005892,1DIV,I4V,ridge
S669,3.49,1.7337961304895706,1DIV,I79A,ridge
S669,3.19,1.7337961304895706,1DIV,I93A,ridge
S669,4.28,1.7337961304895706,1DIV,I98A,ridge
S669,-0.05,0.23339243444501745,1DIV,K10M,ridge
S669,-0.01,0.23339243444501745,1DIV,K14M,ridge
S669,0.31,0.23339243444501745,1DIV,K15M,ridge
S669,-0.35,0.23339243444501745,1DIV,K7M,ridge
S669,-0.61,0.667611200296895,1DIV,K96A,ridge
S669,0.2,0.9625832327181009,1DIV,K96G,ridge
S669,2.37,1.6440240510203314,1DIV,L102A,ridge
S669,2.33,1.6440240510203314,1DIV,L108A,ridge
S669,3.21,1.6440240510203314,1DIV,L110A,ridge
S669,0.82,1.6440240510203314,1DIV,L117A,ridge
S669,2.76,1.6440240510203314,1DIV,L30A,ridge
S669,3.62,1.20517123343135,1DIV,L30V,ridge
S669,3.1,1.6440240510203314,1DIV,L6A,ridge
S669,0.13,1.0334459913280578,1DIV,L6I,ridge
S669,0.41,1.20517123343135,1DIV,L6V,ridge
S669,3.77,1.6440240510203314,1DIV,L72A,ridge
S669,1.46,1.378196931298869,1DIV,M1A,ridge
S669,2.36,1.6731689637200748,1DIV,M1G,ridge
S669,2.33,1.539618894882588,1DIV,V21A,ridge
S669,0.4,0.9290408351903141,1DIV,V21I,ridge
S669,1.23,0.9706249895236804,1DIV,V21L,ridge
S669,2.55,1.539618894882588,1DIV,V3A,ridge
S669,0.31,0.9290408351903141,1DIV,V3I,ridge
S669,2.21,0.9706249895236804,1DIV,V3L,ridge
S669,3.7,0.8354762023740027,1DXX,K18N,ridge
S669,-0.6,0.7688436024474783,1FH5,S18N,ridge
S669,1.38,1.20517123343135,1FT8,L212V,ridge
S669,0.35,1.0334459913280578,1FT8,L238I,ridge
S669,-0.27,0.8092030259399614,1FT8,M216L,ridge
S669,1.6,1.1172426420321657,1GWY,A8D,ridge
S669,3.3,1.1279058977320084,1ITM,C24T,ridge
S669,5.0,1.1279058977320084,1ITM,C3T,ridge
S669,-1.4,1.5497286482486925,1ITM,W91S,ridge
S669,1.162,0.7279530005285263,1JLV,E64D,ridge
S669,2.3040000000000003,0.7106604767448514,1JLV,E64N,ridge
S669,2.302,0.5394644912864694,1JLV,E64Q,ridge
S669,-1.4,0.8377675070889496,1LVM,E106G,ridge
S669,-0.43,0.02429437910618648,1LVM,K45F,ridge
S669,-0.0,1.20517123343135,1LVM,L56V,ridge
S669,-0.6,-0.06903075359336464,1LVM,Q58F,ridge
S669,2.5,0.8377675070889496,1N18,E100G,ridge
S669,1.4,0.36919932679120787,1N18,G85R,ridge
S669,-1.4,0.5530321573856923,1N18,H46R,ridge
S669,3.3,0.5427954746677439,1O1U,E110A,ridge
S669,1.2,0.4010878064845429,1O1U,N61A,ridge
S669,0.3,0.5742860675973441,1O1U,Q51A,ridge
S669,-0.3,0.5742860675973441,1O1U,Q99A,ridge
S669,1.2,0.7718393069280175,1O1U,T38A,ridge
S669,1.2,0.9764989530388692,1O1U,W49Y,ridge
S669,0.05,1.2949433129005892,1OSI,I11V,ridge
S669,-0.39,-0.04233822082033789,1OSI,S92F,ridge
S669,0.78,0.9290408351903141,1OSI,V15I,ridge
S669,1.53,0.9220851517259092,1PFL,A20T,ridge
S669,1.96,0.04489112582047494,1PFL,G117V,ridge
S669,3.53,1.3681969668533949,1PFL,M113T,ridge
S669,-0.07,0.3376205410761399,1PFL,T108M,ridge
S669,0.3,0.6373496380591248,1PRG,Q286P,ridge
S669,-0.06,0.5433193367699127,1PRG,R288H,ridge
S669,-0.03,1.10540012903071,1PRG,V290M,ridge
S669,-0.8,1.2900556227207336,1SPD,C111S,ridge
S669,-0.1,1.1379058621774825,1SPD,C6A,ridge
S669,2.9,0.5394644912864694,1XWS,E124Q,ridge
S669,4.59,0.4202753352462042,1XWS,E135K,ridge
S669,3.22,0.7279530005285263,1XWS,E142D,ridge
S669,3.3,1.071504129693986,1XWS,Y53H,ridge
S669,0.86,0.5862453323453254,1XXN,N32D,ridge
S669,0.645,0.4288833659138834,1XXN,N54E,ridge
S669,-0.239,0.6287741597997114,1XXN,S22E,ridge
S669,0.645,0.6287741597997114,1XXN,S27E,ridge
S669,-2.87,1.0090940612735015,1XZO,F42W,ridge
S669,2.89,0.7542620665147326,1XZO,W101F,ridge
S669,8.93,1.3975788877054414,1XZO,W36A,ridge
S669,4.25,0.7542620665147326,1XZO,W36F,ridge
S669,0.7170000000000001,0.6642457906226665,2ARF,H1069Q,ridge
S669,-1.07,0.5427954746677439,2H3F,E12A,ridge
S669,-1.536,0.5530321573856923,2JIE,H104R,ridge
S669,0.209,0.7264358281405954,2JIE,Q22S,ridge
S669,1.246,0.6009786003703708,2JIE,S17A,ridge
S669,-0.951,0.6009786003703708,2JIE,S19A,ridge
S669,0.994,0.7718393069280175,2JIE,T18A,ridge
S669,-2.19,0.7542620665147326,2JIE,W123F,ridge
S669,-1.06,1.3222428827067336,2JIE,W123H,ridge
S669,3.443,1.1468401346926937,2JIE,Y21A,ridge
S669,-1.26,0.38359303263476496,2KS4,D9A,ridge
S669,0.23,0.5427954746677439,2KS4,E2A,ridge
S669,1.57,1.7070876214821125,2LTB,L558P,ridge
S669,3.11,1.529479434402083,2LTB,L569R,ridge
S669,3.34,1.2556767918773293,2LTB,M619K,ridge
S669,1.1,0.6153243583873462,2LTB,R533Q,ridge
S669,0.36,0.6153243583873462,2LTB,R555Q,ridge
S669,-1.79,-0.023321737936626397,2LTB,R555W,ridge
S669,4.0,0.38359303263476496,2M5S,D302A,ridge
S669,2.0,0.6675767740039409,2M5S,H305A,ridge
S669,2.3,0.462364113003544,2NTE,R658C,ridge
S669,-0.5,0.5110051815048113,2PR5,A33Y,ridge
S669,0.4,0.49786635031950566,2PR5,A81M,ridge
S669,-0.3,0.4113885920641055,2PR5,D109E,ridge
S669,-0.3,0.5450566345824013,2PR5,H22K,ridge
S669,-1.2,0.025599694298693798,2PR5,H22W,ridge
S669,-2.9,0.7348801101081603,2PR5,M111F,ridge
S669,-0.9,-0.24222901470616598,2PR5,N107F,ridge
S669,-0.8,-0.019992128182029223,2PR5,N107Y,ridge
S669,-1.1,-0.24222901470616598,2PR5,N124F,ridge
S669,-2.6,-0.019992128182029223,2PR5,N124Y,ridge
S669,-0.5,0.3376205410761399,2PR5,T30M,ridge
S669,0.5,0.3376205410761399,2PR5,T50M,ridge
S669,-0.2,0.3507593722614455,2PR5,T54Y,ridge
S669,-1.4,0.9290408351903141,2PR5,V120I,ridge
S669,-0.4,0.9290408351903141,2PR5,V25I,ridge
S669,0.2,0.9706249895236804,2PR5,V88L,ridge
S669,0.7,0.9290408351903141,2PR5,V90I,ridge
S669,6.597,0.5427954746677439,2VY0,E53A,ridge
S669,-1.369,0.5394644912864694,3BCI,E96Q,ridge
S669,0.65,0.38359303263476496,3D3B,D118A,ridge
S669,0.6,0.4113885920641055,3D3B,D118E,ridge
S669,1.6,0.26107289321322524,3D3B,D118K,ridge
S669,1.34,0.5514580347118725,3D3B,D118N,ridge
S669,1.41,0.2690484160165164,3D3B,D118R,ridge
S669,-0.8,0.5530321573856923,3ECU,H46R,ridge
S669,1.3,-0.03748690203180716,3S4M,D122Y,ridge
S669,2.5,0.04489112582047494,3S4M,G130V,ridge
S669,-0.096,1.0904793092988618,3S4M,I154F,ridge
S669,0.693,1.283034271087193,3S4M,W155R,ridge
S669,-0.99,0.49323229858240186,4BJX,A89V,ridge
S669,1.435,1.1468401346926937,4BUQ,Y48A,ridge
S669,-0.1,0.667611200296895,4WAA,K65A,ridge
S669,2.07,0.667611200296895,4WAA,K67A,ridge
S669,0.44,0.6186553417686207,4WAA,R27A,ridge
S669,-0.413,0.496135202347081,5VP3,R39K,ridge
S669,1.745,0.8527342998647234,1BA3,H461D,ridge
S669,-0.287,0.8527342998647234,1BA3,H489D,ridge
S669,0.287,0.5450566345824013,1BA3,H489K,ridge
S669,0.263,0.2333580081520633,1BA3,H489M,ridge
S669,1.81,1.539618894882588,1DIV,V129A,ridge
S669,0.455,1.6510711409787486,1F8I,F345A,ridge
S669,-0.05,1.0334459913280578,1FT8,L349I,ridge
S669,-0.0,0.8959506327915765,1LVM,S135G,ridge
S669,0.88,0.5514580347118725,1NM1,D187N,ridge
S669,1.9,-0.03748690203180716,1NM1,D187Y,ridge
S669,2.4,1.2900556227207336,1PRE,C159S,ridge
S669,4.2,0.6464509011979611,1R2Y,R244E,ridge
S669,-0.358,0.28654318986629435,1XXN,N181R,ridge
S669,-3.02,1.4059924907282095,3D2A,M134E,ridge
S669,-3.34,1.4412605017606497,3D2A,M137P,ridge
S669,-2.11,0.6640421708321516,3D2A,S163P,ridge
S669,2.99,1.071504129693986,5OAQ,Y429H,ridge
S669,0.7,1.4097120761871338,1BFM,M35W,gnn_global_s42
S669,0.4,1.3504852056503296,1BFM,M35Y,gnn_global_s42
S669,0.04,1.1429989337921143,1D5G,H71Y,gnn_global_s42
S669,-0.91,1.5717198848724365,1D5G,I20F,gnn_global_s42
S669,1.0,1.4198780059814453,1EKG,L198C,gnn_global_s42
S669,2.0,1.3997293710708618,1EKG,L200C,gnn_global_s42
S669,-1.0,1.2182509899139404,1EKG,L203C,gnn_global_s42
S669,2.6,0.9370744824409485,1EKG,S181F,gnn_global_s42
S669,-4.0,1.3778963088989258,1FRD,H42R,gnn_global_s42
S669,1.1,1.5776984691619873,1FXA,E94D,gnn_global_s42
S669,0.4,1.4666523933410645,1FXA,E94K,gnn_global_s42
S669,-0.6,1.432004690170288,1FXA,E94Q,gnn_global_s42
S669,-1.0,1.2536077499389648,1FXA,E95K,gnn_global_s42
S669,1.0,1.751572608947754,1FXA,F65A,gnn_global_s42
S669,0.9,1.6328699588775635,1FXA,F65I,gnn_global_s42
S669,0.6,1.7646241188049316,1FXA,F65W,gnn_global_s42
S669,0.5,1.7204866409301758,1FXA,F65Y,gnn_global_s42
S669,2.4,1.4165639877319336,1FXA,R42A,gnn_global_s42
S669,1.4,1.466842770576477,1FXA,R42H,gnn_global_s42
S669,-0.1,1.5748927593231201,1FXA,T48A,gnn_global_s42
S669,1.22,2.024472713470459,1GLU,C500A,gnn_global_s42
S669,1.963,1.1323412656784058,1GUA,A118G,gnn_global_s42
S669,1.951,0.9179434776306152,1GUA,A118L,gnn_global_s42
S669,2.149,1.303378701210022,1GUA,A85G,gnn_global_s42
S669,0.863,1.2210278511047363,1GUA,A97G,gnn_global_s42
S669,-0.283,1.1006910800933838,1GUA,C81A,gnn_global_s42
S669,0.912,0.9514140486717224,1GUA,C81I,gnn_global_s42
S669,0.08,0.8959863781929016,1GUA,C95A,gnn_global_s42
S669,1.759,1.211604356765747,1GUA,C96A,gnn_global_s42
S669,0.043,1.01774001121521,1GUA,C96L,gnn_global_s42
S669,0.337,1.1498608589172363,1GUA,C96M,gnn_global_s42
S669,0.706,0.6317080855369568,1GUA,D117A,gnn_global_s42
S669,0.855,0.8727946877479553,1GUA,D129A,gnn_global_s42
S669,0.493,0.5874475836753845,1GUA,D80A,gnn_global_s42
S669,-0.021,0.4919341504573822,1GUA,E104A,gnn_global_s42
S669,0.101,0.8122430443763733,1GUA,E124A,gnn_global_s42
S669,0.591,0.7311645150184631,1GUA,E125A,gnn_global_s42
S669,3.274,1.5527551174163818,1GUA,I58A,gnn_global_s42
S669,1.2990000000000002,1.4544086456298828,1GUA,I58F,gnn_global_s42
S669,0.7709999999999999,1.3686569929122925,1GUA,I58L,gnn_global_s42
S669,0.327,0.8034968972206116,1GUA,K109A,gnn_global_s42
S669,2.593,1.3209407329559326,1GUA,L112A,gnn_global_s42
S669,2.5340000000000003,1.3317360877990723,1GUA,L121A,gnn_global_s42
S669,3.405,1.4480794668197632,1GUA,L126A,gnn_global_s42
S669,3.46,1.3988277912139893,1GUA,L62A,gnn_global_s42
S669,3.803,1.4088661670684814,1GUA,L78A,gnn_global_s42
S669,3.529,1.6198432445526123,1GUA,L82A,gnn_global_s42
S669,1.6,1.4545340538024902,1GUA,L82I,gnn_global_s42
S669,1.7,1.5443120002746582,1GUA,L82V,gnn_global_s42
S669,3.2260000000000004,1.435269832611084,1GUA,L86A,gnn_global_s42
S669,1.575,1.2498383522033691,1GUA,L91A,gnn_global_s42
S669,0.961,0.9220319390296936,1GUA,M76A,gnn_global_s42
S669,-0.271,0.7635944485664368,1GUA,N56M,gnn_global_s42
S669,1.14,0.5371692776679993,1GUA,N64A,gnn_global_s42
S669,1.7080000000000002,0.8690105080604553,1GUA,P63A,gnn_global_s42
S669,0.0819999999999999,0.7376652956008911,1GUA,P93A,gnn_global_s42
S669,0.504,0.7903558015823364,1GUA,Q66A,gnn_global_s42
S669,0.693,0.9837992787361145,1GUA,R100A,gnn_global_s42
S669,-0.178,0.7307456135749817,1GUA,R59A,gnn_global_s42
S669,-1.078,0.8943955302238464,1GUA,R89L,gnn_global_s42
S669,1.5730000000000002,0.7825316786766052,1GUA,S77A,gnn_global_s42
S669,-0.581,0.8439647555351257,1GUA,S77T,gnn_global_s42
S669,0.109,1.1860103607177734,1GUA,T68A,gnn_global_s42
S669,3.3680000000000003,1.4827080965042114,1GUA,V128A,gnn_global_s42
S669,2.251,1.4707971811294556,1GUA,V60A,gnn_global_s42
S669,1.116,1.182900309562683,1GUA,V69A,gnn_global_s42
S669,1.77,1.3731536865234375,1GUA,V70A,gnn_global_s42
S669,1.052,1.2160272598266602,1GUA,V72A,gnn_global_s42
S669,0.8640000000000001,1.0421098470687866,1GUA,V72I,gnn_global_s42
S669,1.981,1.454899787902832,1GUA,V98A,gnn_global_s42
S669,1.936,0.7969745993614197,1H0X,P18A,gnn_global_s42
S669,2.5810000000000004,0.6331793665885925,1H0X,P62A,gnn_global_s42
S669,2.09,1.9524083137512207,1HCQ,C67A,gnn_global_s42
S669,1.99,2.0869548320770264,1HCQ,C67S,gnn_global_s42
S669,-0.4,1.3691940307617188,1IOJ,G15A,gnn_global_s42
S669,-0.5,1.1727845668792725,1IV7,A173C,gnn_global_s42
S669,2.5,1.224853515625,1IV7,F189C,gnn_global_s42
S669,1.9,1.3176913261413574,1IV7,L162C,gnn_global_s42
S669,-4.299,0.5325177311897278,1IV9,S76Y,gnn_global_s42
S669,-0.1,1.191499948501587,1J8I,K25A,gnn_global_s42
S669,-0.1,1.3514132499694824,1J8I,K66A,gnn_global_s42
S669,-0.8,1.3659567832946777,1J8I,R23A,gnn_global_s42
S669,0.1,1.3185416460037231,1J8I,R35A,gnn_global_s42
S669,-0.7,1.3076640367507935,1J8I,R43A,gnn_global_s42
S669,0.1,1.27085542678833,1J8I,R9A,gnn_global_s42
S669,1.44,1.983877182006836,1JL9,A25C,gnn_global_s42
S669,1.6969999999999998,2.354497194290161,1L6H,F39A,gnn_global_s42
S669,0.55,2.054919481277466,1L6H,Y45A,gnn_global_s42
S669,1.482,2.320155143737793,1L6H,Y48A,gnn_global_s42
S669,1.39,1.3553589582443237,1N88,F21A,gnn_global_s42
S669,1.39,1.5423554182052612,1N88,I39A,gnn_global_s42
S669,2.79,1.2626582384109497,1N88,I80A,gnn_global_s42
S669,2.35,1.4428613185882568,1N88,I89A,gnn_global_s42
S669,1.52,1.4847044944763184,1N88,I8V,gnn_global_s42
S669,1.52,1.3860278129577637,1N88,L13A,gnn_global_s42
S669,1.11,1.126183271408081,1N88,L57A,gnn_global_s42
S669,1.94,1.3471043109893799,1N88,V12A,gnn_global_s42
S669,2.84,1.3265135288238525,1N88,V30A,gnn_global_s42
S669,2.82,1.5136992931365967,1N88,V43A,gnn_global_s42
S669,2.83,1.3207511901855469,1N88,V49A,gnn_global_s42
S669,3.24,1.29185950756073,1N88,V51A,gnn_global_s42
S669,3.73,1.3228203058242798,1N88,V54A,gnn_global_s42
S669,2.82,1.4805920124053955,1N88,V81A,gnn_global_s42
S669,3.1,1.2630338668823242,1N88,V83A,gnn_global_s42
S669,-0.06,1.2256152629852295,1N88,Y18A,gnn_global_s42
S669,4.61,1.3224766254425049,1N88,Y26A,gnn_global_s42
S669,1.2,0.7426217794418335,1O6X,A31G,gnn_global_s42
S669,1.4,1.0231025218963623,1O6X,A50G,gnn_global_s42
S669,-0.36,0.618648111820221,1O6X,D38A,gnn_global_s42
S669,0.3,0.7172541618347168,1O6X,E14A,gnn_global_s42
S669,1.42,0.41744425892829895,1O6X,E20G,gnn_global_s42
S669,1.88,0.9934439063072205,1O6X,F39L,gnn_global_s42
S669,0.98,0.9321669936180115,1O6X,F65A,gnn_global_s42
S669,0.61,0.707176923751831,1O6X,H51A,gnn_global_s42
S669,0.43,1.2883143424987793,1O6X,I15V,gnn_global_s42
S669,-0.42,0.8537153601646423,1O6X,I23V,gnn_global_s42
S669,1.31,1.0298296213150024,1O6X,I71V,gnn_global_s42
S669,1.31,1.0914771556854248,1O6X,I75A,gnn_global_s42
S669,1.98,0.6024933457374573,1O6X,K41A,gnn_global_s42
S669,0.97,1.2878683805465698,1O6X,L26V,gnn_global_s42
S669,0.08,0.9580563902854919,1O6X,N58A,gnn_global_s42
S669,0.49,0.8430818319320679,1O6X,Q60G,gnn_global_s42
S669,1.1,1.0505472421646118,1O6X,V12A,gnn_global_s42
S669,1.08,1.2547012567520142,1O6X,V52A,gnn_global_s42
S669,1.1,0.82777339220047,1O6X,V64G,gnn_global_s42
S669,2.78,0.9422449469566345,1O6X,Y73L,gnn_global_s42
S669,0.13,0.6773304343223572,1R6R,I88N,gnn_global_s42
S669,2.81,1.0353052616119385,1R6R,L50S,gnn_global_s42
S669,0.24,1.078296422958374,1R6R,L54S,gnn_global_s42
S669,6.84,0.9210686087608337,1R6R,L81N,gnn_global_s42
S669,4.493,1.0739368200302124,2BJD,V84D,gnn_global_s42
S669,4.517,1.0014119148254395,2BJD,V84P,gnn_global_s42
S669,2.103,0.9010376334190369,2BJD,Y86E,gnn_global_s42
S669,0.012,2.0802690982818604,2C9Q,Y79F,gnn_global_s42
S669,1.233,2.174231767654419,2C9Q,Y79W,gnn_global_s42
S669,-0.12,0.8187148571014404,2CLR,H13F,gnn_global_s42
S669,-2.605,0.9645408987998962,2CLR,H31F,gnn_global_s42
S669,1.912,0.8985300660133362,2CLR,H51F,gnn_global_s42
S669,2.629,1.0987272262573242,2CLR,H84A,gnn_global_s42
S669,-0.89,1.2900159358978271,2DVV,Q443H,gnn_global_s42
S669,0.02,1.2165743112564087,2DVV,R419W,gnn_global_s42
S669,0.32,0.9364929795265198,2HBB,A22G,gnn_global_s42
S669,1.79,1.3178861141204834,2HBB,A26G,gnn_global_s42
S669,1.55,1.7685807943344116,2HBB,A36G,gnn_global_s42
S669,1.59,1.3957252502441406,2HBB,A39G,gnn_global_s42
S669,0.33,0.7538239359855652,2HBB,A42G,gnn_global_s42
S669,0.55,0.840669572353363,2HBB,A46G,gnn_global_s42
S669,0.22,0.6614698767662048,2HBB,A49G,gnn_global_s42
S669,0.03,0.3559110164642334,2HBB,D23A,gnn_global_s42
S669,0.79,0.46453914046287537,2HBB,D23N,gnn_global_s42
S669,1.3,0.13852396607398987,2HBB,D8A,gnn_global_s42
S669,0.38,0.2124646008014679,2HBB,D8N,gnn_global_s42
S669,1.69,0.4167972505092621,2HBB,E17A,gnn_global_s42
S669,0.33,0.47449102997779846,2HBB,E17Q,gnn_global_s42
S669,0.41,1.019850730895996,2HBB,E38A,gnn_global_s42
S669,0.68,1.064915418624878,2HBB,E38Q,gnn_global_s42
S669,-0.07,0.5158150792121887,2HBB,E48Q,gnn_global_s42
S669,2.84,1.4304635524749756,2HBB,F31A,gnn_global_s42
S669,1.15,1.2866249084472656,2HBB,F5L,gnn_global_s42
S669,-0.02,0.676619827747345,2HBB,G24A,gnn_global_s42
S669,1.02,1.1335806846618652,2HBB,G34A,gnn_global_s42
S669,2.05,1.3257218599319458,2HBB,I18A,gnn_global_s42
S669,0.07,1.212660551071167,2HBB,I18V,gnn_global_s42
S669,1.28,1.7367116212844849,2HBB,I37A,gnn_global_s42
S669,-0.09,1.6156933307647705,2HBB,I37V,gnn_global_s42
S669,0.59,1.5787997245788574,2HBB,I4V,gnn_global_s42
S669,-0.13,0.39812639355659485,2HBB,K10E,gnn_global_s42
S669,-0.47,0.21092703938484192,2HBB,K10M,gnn_global_s42
S669,-0.61,0.9722076058387756,2HBB,K12A,gnn_global_s42
S669,-0.03,1.039676547050476,2HBB,K12G,gnn_global_s42
S669,-1.8,0.9364551901817322,2HBB,K12M,gnn_global_s42
S669,0.73,0.20026138424873352,2HBB,K14A,gnn_global_s42
S669,1.3,0.2514074742794037,2HBB,K14G,gnn_global_s42
S669,0.34,0.21441861987113953,2HBB,K14M,gnn_global_s42
S669,1.74,0.43177834153175354,2HBB,K15G,gnn_global_s42
S669,0.44,0.37842556834220886,2HBB,K15M,gnn_global_s42
S669,-0.21,0.5621219277381897,2HBB,K7M,gnn_global_s42
S669,2.76,1.9533865451812744,2HBB,L30A,gnn_global_s42
S669,1.21,1.508936882019043,2HBB,L35A,gnn_global_s42
S669,1.73,1.3979694843292236,2HBB,L44A,gnn_global_s42
S669,0.84,1.4176031351089478,2HBB,L47A,gnn_global_s42
S669,3.1,1.357875108718872,2HBB,L6A,gnn_global_s42
S669,1.46,1.089750051498413,2HBB,M1A,gnn_global_s42
S669,0.8,1.0012444257736206,2HBB,T40S,gnn_global_s42
S669,2.33,1.4796288013458252,2HBB,V21A,gnn_global_s42
S669,2.55,1.789179801940918,2HBB,V3A,gnn_global_s42
S669,1.81,1.3836493492126465,2HBB,V9A,gnn_global_s42
S669,2.54,1.3265793323516846,2JUC,C57D,gnn_global_s42
S669,0.71,1.2111568450927734,2JUC,C57S,gnn_global_s42
S669,1.75,0.7322903871536255,2JUC,R18A,gnn_global_s42
S669,-1.2,0.4281012713909149,2KJ3,D288A,gnn_global_s42
S669,-1.9,0.43865641951560974,2KJ3,E272A,gnn_global_s42
S669,0.8,0.8933688998222351,2KJ3,G278A,gnn_global_s42
S669,-1.5,0.624824583530426,2KJ3,K229A,gnn_global_s42
S669,-1.0,1.2032153606414795,2KJ3,L241A,gnn_global_s42
S669,-1.4,0.7305495142936707,2KJ3,S273A,gnn_global_s42
S669,-1.0,1.2641750574111938,2KJ3,V239A,gnn_global_s42
S669,-1.0,1.1023657321929932,2KJ3,V264A,gnn_global_s42
S669,-0.2,1.3172509670257568,2KJ3,V267A,gnn_global_s42
S669,0.24,0.5547941327095032,2MPC,A89T,gnn_global_s42
S669,-0.62,0.08141333609819412,2MPC,R42A,gnn_global_s42
S669,-2.08,0.06934165209531784,2MPC,R42W,gnn_global_s42
S669,0.6,0.8924514651298523,2N7Z,P88A,gnn_global_s42
S669,-0.44,1.3367574214935303,2OUO,A420D,gnn_global_s42
S669,2.43,1.2204774618148804,2PTL,A22G,gnn_global_s42
S669,-0.1,0.8025268316268921,2PTL,A27P,gnn_global_s42
S669,0.83,0.6266423463821411,2PTL,A27V,gnn_global_s42
S669,2.17,1.112983226776123,2PTL,A34G,gnn_global_s42
S669,-1.47,0.9884821772575378,2PTL,A34V,gnn_global_s42
S669,2.54,0.9849362969398499,2PTL,A43G,gnn_global_s42
S669,3.1,1.2633862495422363,2PTL,A47G,gnn_global_s42
S669,1.32,0.9139876961708069,2PTL,A49G,gnn_global_s42
S669,3.12,1.2471024990081787,2PTL,A51G,gnn_global_s42
S669,0.49,0.703727662563324,2PTL,A66G,gnn_global_s42
S669,1.21,0.5145894289016724,2PTL,D52A,gnn_global_s42
S669,2.14,0.5469179749488831,2PTL,D52G,gnn_global_s42
S669,0.2,0.575875461101532,2PTL,D64A,gnn_global_s42
S669,0.59,0.5282043814659119,2PTL,E35A,gnn_global_s42
S669,1.19,0.6988655924797058,2PTL,E46G,gnn_global_s42
S669,1.08,0.5499566197395325,2PTL,E46I,gnn_global_s42
S669,0.23,0.40158751606941223,2PTL,E60A,gnn_global_s42
S669,3.12,0.9231707453727722,2PTL,F26A,gnn_global_s42
S669,0.68,0.7581926584243774,2PTL,F26L,gnn_global_s42
S669,4.15,1.0679558515548706,2PTL,F36A,gnn_global_s42
S669,3.12,0.9296712279319763,2PTL,F36L,gnn_global_s42
S669,3.08,1.0357609987258911,2PTL,F40G,gnn_global_s42
S669,0.38,0.8732776641845703,2PTL,F40L,gnn_global_s42
S669,3.34,0.9364308714866638,2PTL,F76L,gnn_global_s42
S669,3.73,0.9892986416816711,2PTL,F76V,gnn_global_s42
S669,1.52,0.6126741766929626,2PTL,G29A,gnn_global_s42
S669,2.53,0.530963122844696,2PTL,G29V,gnn_global_s42
S669,2.08,0.6419306993484497,2PTL,G38A,gnn_global_s42
S669,2.23,0.5508630871772766,2PTL,G59A,gnn_global_s42
S669,2.04,0.8779449462890625,2PTL,G69A,gnn_global_s42
S669,4.9,1.239391803741455,2PTL,I20A,gnn_global_s42
S669,0.56,1.1497516632080078,2PTL,I20V,gnn_global_s42
S669,1.37,0.928175151348114,2PTL,I25A,gnn_global_s42
S669,0.47,0.8485943675041199,2PTL,I25V,gnn_global_s42
S669,4.72,1.3923910856246948,2PTL,I74A,gnn_global_s42
S669,1.69,1.3156930208206177,2PTL,I74V,gnn_global_s42
S669,0.92,0.7656072378158569,2PTL,K21A,gnn_global_s42
S669,0.88,0.43410536646842957,2PTL,K37A,gnn_global_s42
S669,-0.16,0.5807979106903076,2PTL,K42G,gnn_global_s42
S669,-0.58,0.37383612990379333,2PTL,K55A,gnn_global_s42
S669,-0.35,0.4378208816051483,2PTL,K56A,gnn_global_s42
S669,0.09,0.6523475646972656,2PTL,K68A,gnn_global_s42
S669,0.45,0.6952987313270569,2PTL,K75A,gnn_global_s42
S669,3.12,1.349719524383545,2PTL,L24A,gnn_global_s42
S669,2.44,1.0972003936767578,2PTL,L54A,gnn_global_s42
S669,3.77,1.3015412092208862,2PTL,L72A,gnn_global_s42
S669,1.87,0.7793349027633667,2PTL,N23A,gnn_global_s42
S669,1.78,0.5309322476387024,2PTL,N28A,gnn_global_s42
S669,0.34,0.6315028071403503,2PTL,N58A,gnn_global_s42
S669,1.73,0.7543964982032776,2PTL,N73A,gnn_global_s42
S669,0.3,0.5567737817764282,2PTL,S30A,gnn_global_s42
S669,-0.41,0.7158485054969788,2PTL,S45A,gnn_global_s42
S669,0.82,0.7393293976783752,2PTL,S45G,gnn_global_s42
S669,1.63,0.6523100733757019,2PTL,T19A,gnn_global_s42
S669,1.17,0.6469208598136902,2PTL,T31A,gnn_global_s42
S669,1.11,0.781621515750885,2PTL,T33A,gnn_global_s42
S669,1.25,0.6628238558769226,2PTL,T39A,gnn_global_s42
S669,1.09,0.9600090384483337,2PTL,T44A,gnn_global_s42
S669,0.17,0.7439268827438354,2PTL,T53G,gnn_global_s42
S669,0.97,0.7001787424087524,2PTL,T62A,gnn_global_s42
S669,1.83,0.8663754463195801,2PTL,T71A,gnn_global_s42
S669,1.22,0.9129512906074524,2PTL,V18A,gnn_global_s42
S669,0.92,1.0223503112792969,2PTL,V63A,gnn_global_s42
S669,1.14,0.9049641489982605,2PTL,V65A,gnn_global_s42
S669,2.82,1.0370028018951416,2PTL,Y48A,gnn_global_s42
S669,2.46,1.1191296577453613,2PTL,Y50A,gnn_global_s42
S669,1.66,0.9277467131614685,2PTL,Y70A,gnn_global_s42
S669,-0.43,0.7781909108161926,2PTL,Y70L,gnn_global_s42
S669,-1.05,0.8749157190322876,2RPN,E7L,gnn_global_s42
S669,-0.39,1.6126306056976318,2RPN,V21K,gnn_global_s42
S669,-0.3,0.7115604281425476,2WQG,D15A,gnn_global_s42
S669,-0.1,0.640970766544342,2WQG,D38A,gnn_global_s42
S669,2.2,0.7979268431663513,2WQG,D39A,gnn_global_s42
S669,2.6,0.9085997939109802,2WQG,D39N,gnn_global_s42
S669,0.1,0.7131178975105286,2WQG,E40Q,gnn_global_s42
S669,0.4,0.6448794007301331,2WQG,E41G,gnn_global_s42
S669,0.9,1.3713734149932861,2WQG,I36A,gnn_global_s42
S669,0.3,1.2257089614868164,2WQG,I36V,gnn_global_s42
S669,0.4,1.0396850109100342,2WQG,K14A,gnn_global_s42
S669,1.9,1.0561721324920654,2WQG,K14G,gnn_global_s42
S669,0.3,0.6456834077835083,2WQG,K19A,gnn_global_s42
S669,0.6,1.1670559644699097,2WQG,K28A,gnn_global_s42
S669,0.5,1.831836223602295,2WQG,L13A,gnn_global_s42
S669,1.3,1.4699256420135498,2WQG,L16A,gnn_global_s42
S669,2.0,1.5606205463409424,2WQG,L8A,gnn_global_s42
S669,0.6,1.1147871017456055,2WQG,Q12A,gnn_global_s42
S669,2.0,1.1354131698608398,2WQG,Q12G,gnn_global_s42
S669,-0.1,0.7136088609695435,2WQG,Q33A,gnn_global_s42
S669,0.8,1.0457266569137573,2WQG,R34A,gnn_global_s42
S669,0.6,0.8448546528816223,2WQG,S23A,gnn_global_s42
S669,-0.1,0.8581448197364807,2WQG,S6A,gnn_global_s42
S669,0.2,0.8601916432380676,2WQG,S6G,gnn_global_s42
S669,-0.1,1.390105962753296,2WQG,T9S,gnn_global_s42
S669,0.1,1.5594239234924316,2WQG,V10A,gnn_global_s42
S669,0.7,1.5724440813064575,2WQG,V10G,gnn_global_s42
S669,-0.4,1.370376706123352,2WQG,V11A,gnn_global_s42
S669,-0.1,1.3718793392181396,2WQG,V11G,gnn_global_s42
S669,0.5,1.274875283241272,2WQG,V24A,gnn_global_s42
S669,2.4,1.248619556427002,2WQG,Y5F,gnn_global_s42
S669,0.74,0.3412320911884308,2ZTA,E11Q,gnn_global_s42
S669,-0.2,0.42637553811073303,2ZTA,E20Q,gnn_global_s42
S669,1.83,0.5778345465660095,2ZTA,E22Q,gnn_global_s42
S669,0.41,0.25067880749702454,2ZTA,K15A,gnn_global_s42
S669,0.91,1.1426647901535034,2ZTA,K27A,gnn_global_s42
S669,0.06,0.5300619006156921,2ZTA,K28A,gnn_global_s42
S669,0.39,0.5608620047569275,2ZTA,K8A,gnn_global_s42
S669,1.66,0.8585387468338013,2ZTA,R25A,gnn_global_s42
S669,1.506,1.1822092533111572,3BN0,I20V,gnn_global_s42
S669,-0.43,2.004462957382202,3C2I,F155S,gnn_global_s42
S669,-0.47,1.4347000122070312,3C2I,T158A,gnn_global_s42
S669,-0.25,1.436819314956665,3C2I,T158M,gnn_global_s42
S669,0.5,0.581366240978241,3FIS,P61A,gnn_global_s42
S669,-0.34,0.9758725762367249,3G1G,D155Y,gnn_global_s42
S669,0.74,1.6492369174957275,3G1G,F167Y,gnn_global_s42
S669,0.17,1.6955597400665283,3G1G,I190V,gnn_global_s42
S669,-1.32,1.1715259552001953,3G1G,R185W,gnn_global_s42
S669,3.35,0.7400056719779968,3K82,E334L,gnn_global_s42
S669,1.68,0.8739429116249084,3K82,E334Q,gnn_global_s42
S669,-5.49,0.92141193151474,3K82,E401R,gnn_global_s42
S669,-1.194,0.7193078994750977,3MON,R39G,gnn_global_s42
S669,2.866,0.6844257712364197,3MON,W3C,gnn_global_s42
S669,3.25,1.0148601531982422,3O39,L32P,gnn_global_s42
S669,-2.03,0.9788340926170349,3S92,H395R,gnn_global_s42
S669,-0.574,0.38895753026008606,4N6V,H75W,gnn_global_s42
S669,1.362,0.5230952501296997,4N6V,P36G,gnn_global_s42
S669,-1.745,0.45557424426078796,4N6V,P79S,gnn_global_s42
S669,0.71,1.1013805866241455,4YEE,V134T,gnn_global_s42
S669,0.93,0.7431913018226624,4YEF,T134V,gnn_global_s42
S669,1.44,0.5353136658668518,5JXB,D329G,gnn_global_s42
S669,1.44,0.5619423985481262,5JXB,D329P,gnn_global_s42
S669,1.8,1.1061551570892334,1A0F,S11A,gnn_global_s42
S669,2.69,1.2734363079071045,1A7V,A104H,gnn_global_s42
S669,1.98,1.310570478439331,1A7V,A66H,gnn_global_s42
S669,1.7,1.4570202827453613,1A7V,A91H,gnn_global_s42
S669,1.36,1.0873935222625732,1A7V,D3H,gnn_global_s42
S669,2.05,1.0291597843170166,1A7V,D58H,gnn_global_s42
S669,3.01,1.0338618755340576,1A7V,E73H,gnn_global_s42
S669,0.6,1.039856195449829,1A7V,K13H,gnn_global_s42
S669,2.88,1.1622833013534546,1A7V,K20H,gnn_global_s42
S669,1.36,1.061754584312439,1A7V,K31H,gnn_global_s42
S669,1.86,1.2055962085723877,1A7V,K39H,gnn_global_s42
S669,2.02,1.2429450750350952,1A7V,K49H,gnn_global_s42
S669,2.88,1.2679802179336548,1A7V,K84H,gnn_global_s42
S669,1.97,1.1941184997558594,1A7V,K97H,gnn_global_s42
S669,0.821,0.9838770031929016,1BNL,D76A,gnn_global_s42
S669,0.46,0.6360751986503601,1DIV,D23A,gnn_global_s42
S669,0.58,0.6849009394645691,1DIV,D23N,gnn_global_s42
S669,0.3,0.6699171662330627,1DIV,D8N,gnn_global_s42
S669,0.98,0.6091994643211365,1DIV,E100A,gnn_global_s42
S669,1.52,0.6129059195518494,1DIV,E100G,gnn_global_s42
S669,0.21,0.7260395884513855,1DIV,E17Q,gnn_global_s42
S669,0.56,0.9089454412460327,1DIV,E38Q,gnn_global_s42
S669,-0.03,0.672862708568573,1DIV,E48Q,gnn_global_s42
S669,-0.33,0.5498644709587097,1DIV,E54Q,gnn_global_s42
S669,1.53,0.8518611788749695,1DIV,H106Q,gnn_global_s42
S669,3.52,1.03631591796875,1DIV,I115A,gnn_global_s42
S669,2.22,1.2422010898590088,1DIV,I4A,gnn_global_s42
S669,0.59,1.1863837242126465,1DIV,I4V,gnn_global_s42
S669,3.49,1.063942790031433,1DIV,I79A,gnn_global_s42
S669,3.19,1.11013925075531,1DIV,I93A,gnn_global_s42
S669,4.28,1.148270845413208,1DIV,I98A,gnn_global_s42
S669,-0.05,0.5999975204467773,1DIV,K10M,gnn_global_s42
S669,-0.01,0.537985622882843,1DIV,K14M,gnn_global_s42
S669,0.31,0.5659095644950867,1DIV,K15M,gnn_global_s42
S669,-0.35,0.7084190845489502,1DIV,K7M,gnn_global_s42
S669,-0.61,0.6611050367355347,1DIV,K96A,gnn_global_s42
S669,0.2,0.6653530597686768,1DIV,K96G,gnn_global_s42
S669,2.37,1.1288466453552246,1DIV,L102A,gnn_global_s42
S669,2.33,1.0045523643493652,1DIV,L108A,gnn_global_s42
S669,3.21,0.9886308312416077,1DIV,L110A,gnn_global_s42
S669,0.82,1.0145654678344727,1DIV,L117A,gnn_global_s42
S669,2.76,1.160420298576355,1DIV,L30A,gnn_global_s42
S669,3.62,1.1089837551116943,1DIV,L30V,gnn_global_s42
S669,3.1,0.9913747906684875,1DIV,L6A,gnn_global_s42
S669,0.13,0.9066914916038513,1DIV,L6I,gnn_global_s42
S669,0.41,0.9446420073509216,1DIV,L6V,gnn_global_s42
S669,3.77,0.9589187502861023,1DIV,L72A,gnn_global_s42
S669,1.46,0.993161141872406,1DIV,M1A,gnn_global_s42
S669,2.36,1.007219672203064,1DIV,M1G,gnn_global_s42
S669,2.33,1.126634120941162,1DIV,V21A,gnn_global_s42
S669,0.4,1.022202730178833,1DIV,V21I,gnn_global_s42
S669,1.23,1.0203824043273926,1DIV,V21L,gnn_global_s42
S669,2.55,1.2451469898223877,1DIV,V3A,gnn_global_s42
S669,0.31,1.1237941980361938,1DIV,V3I,gnn_global_s42
S669,2.21,1.1265411376953125,1DIV,V3L,gnn_global_s42
S669,3.7,0.4411085546016693,1DXX,K18N,gnn_global_s42
S669,-0.6,1.3492405414581299,1FH5,S18N,gnn_global_s42
S669,1.38,1.3495893478393555,1FT8,L212V,gnn_global_s42
S669,0.35,1.2476000785827637,1FT8,L238I,gnn_global_s42
S669,-0.27,1.2652959823608398,1FT8,M216L,gnn_global_s42
S669,1.6,0.946391761302948,1GWY,A8D,gnn_global_s42
S669,3.3,0.5986678004264832,1ITM,C24T,gnn_global_s42
S669,5.0,0.4598328769207001,1ITM,C3T,gnn_global_s42
S669,-1.4,0.5192294716835022,1ITM,W91S,gnn_global_s42
S669,1.162,0.8031445145606995,1JLV,E64D,gnn_global_s42
S669,2.3040000000000003,0.7203627824783325,1JLV,E64N,gnn_global_s42
S669,2.302,0.704510509967804,1JLV,E64Q,gnn_global_s42
S669,-1.4,0.7370375990867615,1LVM,E106G,gnn_global_s42
S669,-0.43,0.921393096446991,1LVM,K45F,gnn_global_s42
S669,-0.0,1.142919659614563,1LVM,L56V,gnn_global_s42
S669,-0.6,0.9868422150611877,1LVM,Q58F,gnn_global_s42
S669,2.5,1.2555031776428223,1N18,E100G,gnn_global_s42
S669,1.4,1.4993559122085571,1N18,G85R,gnn_global_s42
S669,-1.4,1.4565436840057373,1N18,H46R,gnn_global_s42
S669,3.3,0.6771730780601501,1O1U,E110A,gnn_global_s42
S669,1.2,0.6309435963630676,1O1U,N61A,gnn_global_s42
S669,0.3,0.6634783148765564,1O1U,Q51A,gnn_global_s42
S669,-0.3,0.7701254487037659,1O1U,Q99A,gnn_global_s42
S669,1.2,0.7600749135017395,1O1U,T38A,gnn_global_s42
S669,1.2,0.8342405557632446,1O1U,W49Y,gnn_global_s42
S669,0.05,1.3636195659637451,1OSI,I11V,gnn_global_s42
S669,-0.39,1.327022910118103,1OSI,S92F,gnn_global_s42
S669,0.78,1.4611793756484985,1OSI,V15I,gnn_global_s42
S669,1.53,1.789728045463562,1PFL,A20T,gnn_global_s42
S669,1.96,1.250091314315796,1PFL,G117V,gnn_global_s42
S669,3.53,1.5687894821166992,1PFL,M113T,gnn_global_s42
S669,-0.07,1.4250736236572266,1PFL,T108M,gnn_global_s42
S669,0.3,0.7578915953636169,1PRG,Q286P,gnn_global_s42
S669,-0.06,0.8396466970443726,1PRG,R288H,gnn_global_s42
S669,-0.03,0.8579638004302979,1PRG,V290M,gnn_global_s42
S669,-0.8,1.6877790689468384,1SPD,C111S,gnn_global_s42
S669,-0.1,1.8031015396118164,1SPD,C6A,gnn_global_s42
S669,2.9,0.6793360114097595,1XWS,E124Q,gnn_global_s42
S669,4.59,0.7528972029685974,1XWS,E135K,gnn_global_s42
S669,3.22,0.7166839838027954,1XWS,E142D,gnn_global_s42
S669,3.3,0.9795004725456238,1XWS,Y53H,gnn_global_s42
S669,0.86,0.9533036351203918,1XXN,N32D,gnn_global_s42
S669,0.645,0.9313896298408508,1XXN,N54E,gnn_global_s42
S669,-0.239,0.8497114181518555,1XXN,S22E,gnn_global_s42
S669,0.645,1.0033948421478271,1XXN,S27E,gnn_global_s42
S669,-2.87,1.214470624923706,1XZO,F42W,gnn_global_s42
S669,2.89,1.2188324928283691,1XZO,W101F,gnn_global_s42
S669,8.93,1.2748197317123413,1XZO,W36A,gnn_global_s42
S669,4.25,1.219785213470459,1XZO,W36F,gnn_global_s42
S669,0.7170000000000001,1.4436428546905518,2ARF,H1069Q,gnn_global_s42
S669,-1.07,1.0410263538360596,2H3F,E12A,gnn_global_s42
S669,-1.536,0.8791254162788391,2JIE,H104R,gnn_global_s42
S669,0.209,0.8245164155960083,2JIE,Q22S,gnn_global_s42
S669,1.246,0.8961049318313599,2JIE,S17A,gnn_global_s42
S669,-0.951,0.8125813007354736,2JIE,S19A,gnn_global_s42
S669,0.994,0.9651617407798767,2JIE,T18A,gnn_global_s42
S669,-2.19,0.8015017509460449,2JIE,W123F,gnn_global_s42
S669,-1.06,0.8749693632125854,2JIE,W123H,gnn_global_s42
S669,3.443,0.9251589179039001,2JIE,Y21A,gnn_global_s42
S669,-1.26,0.718217670917511,2KS4,D9A,gnn_global_s42
S669,0.23,0.8054346442222595,2KS4,E2A,gnn_global_s42
S669,1.57,1.4425216913223267,2LTB,L558P,gnn_global_s42
S669,3.11,1.6261847019195557,2LTB,L569R,gnn_global_s42
S669,3.34,1.3086473941802979,2LTB,M619K,gnn_global_s42
S669,1.1,0.9786154627799988,2LTB,R533Q,gnn_global_s42
S669,0.36,1.1402204036712646,2LTB,R555Q,gnn_global_s42
S669,-1.79,1.0913370847702026,2LTB,R555W,gnn_global_s42
S669,4.0,1.2269296646118164,2M5S,D302A,gnn_global_s42
S669,2.0,1.4245178699493408,2M5S,H305A,gnn_global_s42
S669,2.3,0.8559280037879944,2NTE,R658C,gnn_global_s42
S669,-0.5,0.7611554861068726,2PR5,A33Y,gnn_global_s42
S669,0.4,0.8538131713867188,2PR5,A81M,gnn_global_s42
S669,-0.3,0.8416967988014221,2PR5,D109E,gnn_global_s42
S669,-0.3,0.6475025415420532,2PR5,H22K,gnn_global_s42
S669,-1.2,0.6050786375999451,2PR5,H22W,gnn_global_s42
S669,-2.9,0.8603193759918213,2PR5,M111F,gnn_global_s42
S669,-0.9,0.8070815205574036,2PR5,N107F,gnn_global_s42
S669,-0.8,0.827339231967926,2PR5,N107Y,gnn_global_s42
S669,-1.1,0.6335298418998718,2PR5,N124F,gnn_global_s42
S669,-2.6,0.6506891846656799,2PR5,N124Y,gnn_global_s42
S669,-0.5,0.9609453082084656,2PR5,T30M,gnn_global_s42
S669,0.5,0.9057337641716003,2PR5,T50M,gnn_global_s42
S669,-0.2,0.8037325739860535,2PR5,T54Y,gnn_global_s42
S669,-1.4,0.9365459084510803,2PR5,V120I,gnn_global_s42
S669,-0.4,0.8234395384788513,2PR5,V25I,gnn_global_s42
S669,0.2,0.9410780072212219,2PR5,V88L,gnn_global_s42
S669,0.7,0.8667431473731995,2PR5,V90I,gnn_global_s42
S669,6.597,0.8193777203559875,2VY0,E53A,gnn_global_s42
S669,-1.369,0.7412610054016113,3BCI,E96Q,gnn_global_s42
S669,0.65,0.3198080062866211,3D3B,D118A,gnn_global_s42
S669,0.6,0.39604994654655457,3D3B,D118E,gnn_global_s42
S669,1.6,0.35886549949645996,3D3B,D118K,gnn_global_s42
S669,1.34,0.3597705364227295,3D3B,D118N,gnn_global_s42
S669,1.41,0.34358200430870056,3D3B,D118R,gnn_global_s42
S669,-0.8,1.4352163076400757,3ECU,H46R,gnn_global_s42
S669,1.3,0.7644340991973877,3S4M,D122Y,gnn_global_s42
S669,2.5,0.985869824886322,3S4M,G130V,gnn_global_s42
S669,-0.096,1.2601568698883057,3S4M,I154F,gnn_global_s42
S669,0.693,0.893282949924469,3S4M,W155R,gnn_global_s42
S669,-0.99,0.7019084095954895,4BJX,A89V,gnn_global_s42
S669,1.435,1.4770225286483765,4BUQ,Y48A,gnn_global_s42
S669,-0.1,0.8044438362121582,4WAA,K65A,gnn_global_s42
S669,2.07,0.7788088917732239,4WAA,K67A,gnn_global_s42
S669,0.44,0.6152955293655396,4WAA,R27A,gnn_global_s42
S669,-0.413,0.9123057723045349,5VP3,R39K,gnn_global_s42
S669,1.745,0.8429097533226013,1BA3,H461D,gnn_global_s42
S669,-0.287,0.7944676876068115,1BA3,H489D,gnn_global_s42
S669,0.287,0.7741143107414246,1BA3,H489K,gnn_global_s42
S669,0.263,0.7589777708053589,1BA3,H489M,gnn_global_s42
S669,1.81,0.8021863102912903,1DIV,V129A,gnn_global_s42
S669,0.455,0.7752978205680847,1F8I,F345A,gnn_global_s42
S669,-0.05,1.2544655799865723,1FT8,L349I,gnn_global_s42
S669,-0.0,1.0268257856369019,1LVM,S135G,gnn_global_s42
S669,0.88,0.8327627182006836,1NM1,D187N,gnn_global_s42
S669,1.9,0.8306512832641602,1NM1,D187Y,gnn_global_s42
S669,2.4,0.8663262724876404,1PRE,C159S,gnn_global_s42
S669,4.2,0.9733210206031799,1R2Y,R244E,gnn_global_s42
S669,-0.358,0.8435007929801941,1XXN,N181R,gnn_global_s42
S669,-3.02,1.1420706510543823,3D2A,M134E,gnn_global_s42
S669,-3.34,1.187492847442627,3D2A,M137P,gnn_global_s42
S669,-2.11,1.0023729801177979,3D2A,S163P,gnn_global_s42
S669,2.99,0.37460359930992126,5OAQ,Y429H,gnn_global_s42
S669,0.7,0.6017087697982788,1BFM,M35W,gnn_local_s42
S669,0.4,0.6160653829574585,1BFM,M35Y,gnn_local_s42
S669,0.04,0.7905318737030029,1D5G,H71Y,gnn_local_s42
S669,-0.91,1.6582064628601074,1D5G,I20F,gnn_local_s42
S669,1.0,1.756407618522644,1EKG,L198C,gnn_local_s42
S669,2.0,1.690200924873352,1EKG,L200C,gnn_local_s42
S669,-1.0,1.3352820873260498,1EKG,L203C,gnn_local_s42
S669,2.6,0.47273650765419006,1EKG,S181F,gnn_local_s42
S669,-4.0,0.7692170143127441,1FRD,H42R,gnn_local_s42
S669,1.1,1.041426658630371,1FXA,E94D,gnn_local_s42
S669,0.4,0.5262422561645508,1FXA,E94K,gnn_local_s42
S669,-0.6,0.871605396270752,1FXA,E94Q,gnn_local_s42
S669,-1.0,0.18911117315292358,1FXA,E95K,gnn_local_s42
S669,1.0,1.71178138256073,1FXA,F65A,gnn_local_s42
S669,0.9,1.088685393333435,1FXA,F65I,gnn_local_s42
S669,0.6,1.4509034156799316,1FXA,F65W,gnn_local_s42
S669,0.5,1.5108084678649902,1FXA,F65Y,gnn_local_s42
S669,2.4,0.5939228534698486,1FXA,R42A,gnn_local_s42
S669,1.4,0.5967252254486084,1FXA,R42H,gnn_local_s42
S669,-0.1,1.126842737197876,1FXA,T48A,gnn_local_s42
S669,1.22,2.1483287811279297,1GLU,C500A,gnn_local_s42
S669,1.963,1.9177311658859253,1GUA,A118G,gnn_local_s42
S669,1.951,1.1169159412384033,1GUA,A118L,gnn_local_s42
S669,2.149,1.581494688987732,1GUA,A85G,gnn_local_s42
S669,0.863,1.3544738292694092,1GUA,A97G,gnn_local_s42
S669,-0.283,1.4519038200378418,1GUA,C81A,gnn_local_s42
S669,0.912,0.771453857421875,1GUA,C81I,gnn_local_s42
S669,0.08,0.5738093852996826,1GUA,C95A,gnn_local_s42
S669,1.759,1.7456889152526855,1GUA,C96A,gnn_local_s42
S669,0.043,1.1560903787612915,1GUA,C96L,gnn_local_s42
S669,0.337,1.4017146825790405,1GUA,C96M,gnn_local_s42
S669,0.706,0.04613018035888672,1GUA,D117A,gnn_local_s42
S669,0.855,0.39314767718315125,1GUA,D129A,gnn_local_s42
S669,0.493,0.06500270962715149,1GUA,D80A,gnn_local_s42
S669,-0.021,0.5628502368927002,1GUA,E104A,gnn_local_s42
S669,0.101,0.4290938079357147,1GUA,E124A,gnn_local_s42
S669,0.591,0.6377648115158081,1GUA,E125A,gnn_local_s42
S669,3.274,2.912993907928467,1GUA,I58A,gnn_local_s42
S669,1.2990000000000002,2.4571850299835205,1GUA,I58F,gnn_local_s42
S669,0.7709999999999999,2.3097639083862305,1GUA,I58L,gnn_local_s42
S669,0.327,0.44674280285835266,1GUA,K109A,gnn_local_s42
S669,2.593,1.4469929933547974,1GUA,L112A,gnn_local_s42
S669,2.5340000000000003,1.7731609344482422,1GUA,L121A,gnn_local_s42
S669,3.405,2.1201486587524414,1GUA,L126A,gnn_local_s42
S669,3.46,2.1838159561157227,1GUA,L62A,gnn_local_s42
S669,3.803,1.8890304565429688,1GUA,L78A,gnn_local_s42
S669,3.529,2.3807382583618164,1GUA,L82A,gnn_local_s42
S669,1.6,1.7480757236480713,1GUA,L82I,gnn_local_s42
S669,1.7,2.048090696334839,1GUA,L82V,gnn_local_s42
S669,3.2260000000000004,2.260800361633301,1GUA,L86A,gnn_local_s42
S669,1.575,1.8556426763534546,1GUA,L91A,gnn_local_s42
S669,0.961,0.7227646112442017,1GUA,M76A,gnn_local_s42
S669,-0.271,0.15738986432552338,1GUA,N56M,gnn_local_s42
S669,1.14,0.437212198972702,1GUA,N64A,gnn_local_s42
S669,1.7080000000000002,0.6430774927139282,1GUA,P63A,gnn_local_s42
S669,0.0819999999999999,0.3944667875766754,1GUA,P93A,gnn_local_s42
S669,0.504,0.5017281770706177,1GUA,Q66A,gnn_local_s42
S669,0.693,0.5213069915771484,1GUA,R100A,gnn_local_s42
S669,-0.178,0.548076868057251,1GUA,R59A,gnn_local_s42
S669,-1.078,0.4731017053127289,1GUA,R89L,gnn_local_s42
S669,1.5730000000000002,0.6177607774734497,1GUA,S77A,gnn_local_s42
S669,-0.581,0.7809363603591919,1GUA,S77T,gnn_local_s42
S669,0.109,0.8999156951904297,1GUA,T68A,gnn_local_s42
S669,3.3680000000000003,2.3428335189819336,1GUA,V128A,gnn_local_s42
S669,2.251,2.1838207244873047,1GUA,V60A,gnn_local_s42
S669,1.116,1.7116200923919678,1GUA,V69A,gnn_local_s42
S669,1.77,2.1898505687713623,1GUA,V70A,gnn_local_s42
S669,1.052,2.122265338897705,1GUA,V72A,gnn_local_s42
S669,0.8640000000000001,1.3384383916854858,1GUA,V72I,gnn_local_s42
S669,1.981,1.8006374835968018,1GUA,V98A,gnn_local_s42
S669,1.936,0.28508177399635315,1H0X,P18A,gnn_local_s42
S669,2.5810000000000004,0.4569622576236725,1H0X,P62A,gnn_local_s42
S669,2.09,2.0650665760040283,1HCQ,C67A,gnn_local_s42
S669,1.99,2.1869072914123535,1HCQ,C67S,gnn_local_s42
S669,-0.4,1.2196084260940552,1IOJ,G15A,gnn_local_s42
S669,-0.5,1.3053672313690186,1IV7,A173C,gnn_local_s42
S669,2.5,2.037137031555176,1IV7,F189C,gnn_local_s42
S669,1.9,2.0344953536987305,1IV7,L162C,gnn_local_s42
S669,-4.299,0.42172494530677795,1IV9,S76Y,gnn_local_s42
S669,-0.1,0.6173903942108154,1J8I,K25A,gnn_local_s42
S669,-0.1,0.6781806945800781,1J8I,K66A,gnn_local_s42
S669,-0.8,0.6172186136245728,1J8I,R23A,gnn_local_s42
S669,0.1,0.7807774543762207,1J8I,R35A,gnn_local_s42
S669,-0.7,0.6764315366744995,1J8I,R43A,gnn_local_s42
S669,0.1,0.5549745559692383,1J8I,R9A,gnn_local_s42
S669,1.44,0.20207583904266357,1JL9,A25C,gnn_local_s42
S669,1.6969999999999998,2.3536198139190674,1L6H,F39A,gnn_local_s42
S669,0.55,1.2677795886993408,1L6H,Y45A,gnn_local_s42
S669,1.482,1.7709537744522095,1L6H,Y48A,gnn_local_s42
S669,1.39,1.9830970764160156,1N88,F21A,gnn_local_s42
S669,1.39,2.798356771469116,1N88,I39A,gnn_local_s42
S669,2.79,1.8270137310028076,1N88,I80A,gnn_local_s42
S669,2.35,2.210733413696289,1N88,I89A,gnn_local_s42
S669,1.52,2.3211429119110107,1N88,I8V,gnn_local_s42
S669,1.52,1.2394487857818604,1N88,L13A,gnn_local_s42
S669,1.11,1.2072300910949707,1N88,L57A,gnn_local_s42
S669,1.94,1.594420313835144,1N88,V12A,gnn_local_s42
S669,2.84,2.161691188812256,1N88,V30A,gnn_local_s42
S669,2.82,2.672752857208252,1N88,V43A,gnn_local_s42
S669,2.83,1.8088610172271729,1N88,V49A,gnn_local_s42
S669,3.24,1.7851577997207642,1N88,V51A,gnn_local_s42
S669,3.73,2.0078940391540527,1N88,V54A,gnn_local_s42
S669,2.82,2.6558661460876465,1N88,V81A,gnn_local_s42
S669,3.1,1.9466259479522705,1N88,V83A,gnn_local_s42
S669,-0.06,0.8670632839202881,1N88,Y18A,gnn_local_s42
S669,4.61,2.0035157203674316,1N88,Y26A,gnn_local_s42
S669,1.2,0.9865882396697998,1O6X,A31G,gnn_local_s42
S669,1.4,1.3025553226470947,1O6X,A50G,gnn_local_s42
S669,-0.36,0.2608509361743927,1O6X,D38A,gnn_local_s42
S669,0.3,0.10994747281074524,1O6X,E14A,gnn_local_s42
S669,1.42,0.3730294406414032,1O6X,E20G,gnn_local_s42
S669,1.88,0.993911862373352,1O6X,F39L,gnn_local_s42
S669,0.98,1.4544984102249146,1O6X,F65A,gnn_local_s42
S669,0.61,0.46195438504219055,1O6X,H51A,gnn_local_s42
S669,0.43,1.9113348722457886,1O6X,I15V,gnn_local_s42
S669,-0.42,1.4057402610778809,1O6X,I23V,gnn_local_s42
S669,1.31,1.5396335124969482,1O6X,I71V,gnn_local_s42
S669,1.31,1.1788095235824585,1O6X,I75A,gnn_local_s42
S669,1.98,0.4515344202518463,1O6X,K41A,gnn_local_s42
S669,0.97,2.003366708755493,1O6X,L26V,gnn_local_s42
S669,0.08,0.7937729358673096,1O6X,N58A,gnn_local_s42
S669,0.49,0.5131069421768188,1O6X,Q60G,gnn_local_s42
S669,1.1,1.1838271617889404,1O6X,V12A,gnn_local_s42
S669,1.08,1.8986597061157227,1O6X,V52A,gnn_local_s42
S669,1.1,1.27425217628479,1O6X,V64G,gnn_local_s42
S669,2.78,0.5596500635147095,1O6X,Y73L,gnn_local_s42
S669,0.13,1.735238790512085,1R6R,I88N,gnn_local_s42
S669,2.81,1.758737325668335,1R6R,L50S,gnn_local_s42
S669,0.24,1.6007072925567627,1R6R,L54S,gnn_local_s42
S669,6.84,2.035309076309204,1R6R,L81N,gnn_local_s42
S669,4.493,1.89377760887146,2BJD,V84D,gnn_local_s42
S669,4.517,1.60844886302948,2BJD,V84P,gnn_local_s42
S669,2.103,1.18611478805542,2BJD,Y86E,gnn_local_s42
S669,0.012,2.3214645385742188,2C9Q,Y79F,gnn_local_s42
S669,1.233,2.239643096923828,2C9Q,Y79W,gnn_local_s42
S669,-0.12,0.5508996248245239,2CLR,H13F,gnn_local_s42
S669,-2.605,0.389217346906662,2CLR,H31F,gnn_local_s42
S669,1.912,0.34144505858421326,2CLR,H51F,gnn_local_s42
S669,2.629,1.2778294086456299,2CLR,H84A,gnn_local_s42
S669,-0.89,1.1591641902923584,2DVV,Q443H,gnn_local_s42
S669,0.02,0.7877461910247803,2DVV,R419W,gnn_local_s42
S669,0.32,0.7552390098571777,2HBB,A22G,gnn_local_s42
S669,1.79,1.8789689540863037,2HBB,A26G,gnn_local_s42
S669,1.55,1.9476170539855957,2HBB,A36G,gnn_local_s42
S669,1.59,1.3270319700241089,2HBB,A39G,gnn_local_s42
S669,0.33,0.464784175157547,2HBB,A42G,gnn_local_s42
S669,0.55,0.833010196685791,2HBB,A46G,gnn_local_s42
S669,0.22,0.24486473202705383,2HBB,A49G,gnn_local_s42
S669,0.03,-0.1998053640127182,2HBB,D23A,gnn_local_s42
S669,0.79,-0.08810395002365112,2HBB,D23N,gnn_local_s42
S669,1.3,0.09195420145988464,2HBB,D8A,gnn_local_s42
S669,0.38,0.1263168454170227,2HBB,D8N,gnn_local_s42
S669,1.69,0.0972423255443573,2HBB,E17A,gnn_local_s42
S669,0.33,0.07583543658256531,2HBB,E17Q,gnn_local_s42
S669,0.41,0.5211070775985718,2HBB,E38A,gnn_local_s42
S669,0.68,0.8357568979263306,2HBB,E38Q,gnn_local_s42
S669,-0.07,0.0539093017578125,2HBB,E48Q,gnn_local_s42
S669,2.84,1.572116494178772,2HBB,F31A,gnn_local_s42
S669,1.15,1.3084057569503784,2HBB,F5L,gnn_local_s42
S669,-0.02,0.03195103257894516,2HBB,G24A,gnn_local_s42
S669,1.02,0.5895144939422607,2HBB,G34A,gnn_local_s42
S669,2.05,1.1604909896850586,2HBB,I18A,gnn_local_s42
S669,0.07,0.6433051824569702,2HBB,I18V,gnn_local_s42
S669,1.28,2.0030717849731445,2HBB,I37A,gnn_local_s42
S669,-0.09,1.6350606679916382,2HBB,I37V,gnn_local_s42
S669,0.59,1.5952376127243042,2HBB,I4V,gnn_local_s42
S669,-0.13,0.27632397413253784,2HBB,K10E,gnn_local_s42
S669,-0.47,-0.21622028946876526,2HBB,K10M,gnn_local_s42
S669,-0.61,0.7681363821029663,2HBB,K12A,gnn_local_s42
S669,-0.03,1.1047289371490479,2HBB,K12G,gnn_local_s42
S669,-1.8,0.49759629368782043,2HBB,K12M,gnn_local_s42
S669,0.73,0.1299312859773636,2HBB,K14A,gnn_local_s42
S669,1.3,0.1434762328863144,2HBB,K14G,gnn_local_s42
S669,0.34,-0.1688809096813202,2HBB,K14M,gnn_local_s42
S669,1.74,0.2554558217525482,2HBB,K15G,gnn_local_s42
S669,0.44,-0.0433540940284729,2HBB,K15M,gnn_local_s42
S669,-0.21,0.08638936281204224,2HBB,K7M,gnn_local_s42
S669,2.76,2.240575075149536,2HBB,L30A,gnn_local_s42
S669,1.21,1.7181596755981445,2HBB,L35A,gnn_local_s42
S669,1.73,1.5249791145324707,2HBB,L44A,gnn_local_s42
S669,0.84,1.7505168914794922,2HBB,L47A,gnn_local_s42
S669,3.1,1.5996421575546265,2HBB,L6A,gnn_local_s42
S669,1.46,1.0011565685272217,2HBB,M1A,gnn_local_s42
S669,0.8,0.31458958983421326,2HBB,T40S,gnn_local_s42
S669,2.33,1.7421119213104248,2HBB,V21A,gnn_local_s42
S669,2.55,2.095289707183838,2HBB,V3A,gnn_local_s42
S669,1.81,1.4483025074005127,2HBB,V9A,gnn_local_s42
S669,2.54,1.2473350763320923,2JUC,C57D,gnn_local_s42
S669,0.71,0.8631492853164673,2JUC,C57S,gnn_local_s42
S669,1.75,0.6673357486724854,2JUC,R18A,gnn_local_s42
S669,-1.2,0.32587847113609314,2KJ3,D288A,gnn_local_s42
S669,-1.9,0.2014409601688385,2KJ3,E272A,gnn_local_s42
S669,0.8,0.9648245573043823,2KJ3,G278A,gnn_local_s42
S669,-1.5,0.2993685007095337,2KJ3,K229A,gnn_local_s42
S669,-1.0,1.8858672380447388,2KJ3,L241A,gnn_local_s42
S669,-1.4,0.938287615776062,2KJ3,S273A,gnn_local_s42
S669,-1.0,1.9406781196594238,2KJ3,V239A,gnn_local_s42
S669,-1.0,1.7341771125793457,2KJ3,V264A,gnn_local_s42
S669,-0.2,2.118988275527954,2KJ3,V267A,gnn_local_s42
S669,0.24,1.08329176902771,2MPC,A89T,gnn_local_s42
S669,-0.62,0.23468992114067078,2MPC,R42A,gnn_local_s42
S669,-2.08,0.1612432301044464,2MPC,R42W,gnn_local_s42
S669,0.6,0.4868910610675812,2N7Z,P88A,gnn_local_s42
S669,-0.44,1.7266854047775269,2OUO,A420D,gnn_local_s42
S669,2.43,1.8701506853103638,2PTL,A22G,gnn_local_s42
S669,-0.1,0.7868324518203735,2PTL,A27P,gnn_local_s42
S669,0.83,0.08440098166465759,2PTL,A27V,gnn_local_s42
S669,2.17,1.4121254682540894,2PTL,A34G,gnn_local_s42
S669,-1.47,0.7614426612854004,2PTL,A34V,gnn_local_s42
S669,2.54,1.6546704769134521,2PTL,A43G,gnn_local_s42
S669,3.1,1.9537932872772217,2PTL,A47G,gnn_local_s42
S669,1.32,0.8793213367462158,2PTL,A49G,gnn_local_s42
S669,3.12,1.7418062686920166,2PTL,A51G,gnn_local_s42
S669,0.49,0.47129330039024353,2PTL,A66G,gnn_local_s42
S669,1.21,0.0505158007144928,2PTL,D52A,gnn_local_s42
S669,2.14,0.236351877450943,2PTL,D52G,gnn_local_s42
S669,0.2,-0.060156941413879395,2PTL,D64A,gnn_local_s42
S669,0.59,0.049798399209976196,2PTL,E35A,gnn_local_s42
S669,1.19,0.42773714661598206,2PTL,E46G,gnn_local_s42
S669,1.08,-0.10016296803951263,2PTL,E46I,gnn_local_s42
S669,0.23,0.11889049410820007,2PTL,E60A,gnn_local_s42
S669,3.12,1.973670482635498,2PTL,F26A,gnn_local_s42
S669,0.68,1.3264820575714111,2PTL,F26L,gnn_local_s42
S669,4.15,1.2022106647491455,2PTL,F36A,gnn_local_s42
S669,3.12,0.7375277280807495,2PTL,F36L,gnn_local_s42
S669,3.08,1.7843480110168457,2PTL,F40G,gnn_local_s42
S669,0.38,0.8776718378067017,2PTL,F40L,gnn_local_s42
S669,3.34,1.4085779190063477,2PTL,F76L,gnn_local_s42
S669,3.73,1.497326135635376,2PTL,F76V,gnn_local_s42
S669,1.52,0.00788724422454834,2PTL,G29A,gnn_local_s42
S669,2.53,-0.12910890579223633,2PTL,G29V,gnn_local_s42
S669,2.08,0.6286771297454834,2PTL,G38A,gnn_local_s42
S669,2.23,0.48599252104759216,2PTL,G59A,gnn_local_s42
S669,2.04,0.3845546543598175,2PTL,G69A,gnn_local_s42
S669,4.9,2.3260717391967773,2PTL,I20A,gnn_local_s42
S669,0.56,1.8930578231811523,2PTL,I20V,gnn_local_s42
S669,1.37,1.464975357055664,2PTL,I25A,gnn_local_s42
S669,0.47,0.8993959426879883,2PTL,I25V,gnn_local_s42
S669,4.72,2.001708984375,2PTL,I74A,gnn_local_s42
S669,1.69,1.6189028024673462,2PTL,I74V,gnn_local_s42
S669,0.92,1.1731045246124268,2PTL,K21A,gnn_local_s42
S669,0.88,0.44426730275154114,2PTL,K37A,gnn_local_s42
S669,-0.16,0.7123311758041382,2PTL,K42G,gnn_local_s42
S669,-0.58,0.7332761287689209,2PTL,K55A,gnn_local_s42
S669,-0.35,0.11120352149009705,2PTL,K56A,gnn_local_s42
S669,0.09,0.317679226398468,2PTL,K68A,gnn_local_s42
S669,0.45,0.5394890308380127,2PTL,K75A,gnn_local_s42
S669,3.12,2.3369102478027344,2PTL,L24A,gnn_local_s42
S669,2.44,1.590816617012024,2PTL,L54A,gnn_local_s42
S669,3.77,1.8510560989379883,2PTL,L72A,gnn_local_s42
S669,1.87,0.7125644683837891,2PTL,N23A,gnn_local_s42
S669,1.78,0.08436653017997742,2PTL,N28A,gnn_local_s42
S669,0.34,0.7894916534423828,2PTL,N58A,gnn_local_s42
S669,1.73,0.5268175601959229,2PTL,N73A,gnn_local_s42
S669,0.3,0.32426685094833374,2PTL,S30A,gnn_local_s42
S669,-0.41,0.5049175024032593,2PTL,S45A,gnn_local_s42
S669,0.82,0.7518690824508667,2PTL,S45G,gnn_local_s42
S669,1.63,0.8465826511383057,2PTL,T19A,gnn_local_s42
S669,1.17,0.2509059011936188,2PTL,T31A,gnn_local_s42
S669,1.11,0.49126115441322327,2PTL,T33A,gnn_local_s42
S669,1.25,0.4343275725841522,2PTL,T39A,gnn_local_s42
S669,1.09,1.0236905813217163,2PTL,T44A,gnn_local_s42
S669,0.17,0.37198349833488464,2PTL,T53G,gnn_local_s42
S669,0.97,-0.1775698959827423,2PTL,T62A,gnn_local_s42
S669,1.83,1.0975486040115356,2PTL,T71A,gnn_local_s42
S669,1.22,1.5671697854995728,2PTL,V18A,gnn_local_s42
S669,0.92,0.7220973968505859,2PTL,V63A,gnn_local_s42
S669,1.14,0.5967210531234741,2PTL,V65A,gnn_local_s42
S669,2.82,1.0965057611465454,2PTL,Y48A,gnn_local_s42
S669,2.46,1.2731616497039795,2PTL,Y50A,gnn_local_s42
S669,1.66,1.4362564086914062,2PTL,Y70A,gnn_local_s42
S669,-0.43,0.895074725151062,2PTL,Y70L,gnn_local_s42
S669,-1.05,0.2659517228603363,2RPN,E7L,gnn_local_s42
S669,-0.39,0.9888043403625488,2RPN,V21K,gnn_local_s42
S669,-0.3,0.6963317394256592,2WQG,D15A,gnn_local_s42
S669,-0.1,0.7071624994277954,2WQG,D38A,gnn_local_s42
S669,2.2,0.9622602462768555,2WQG,D39A,gnn_local_s42
S669,2.6,1.156195878982544,2WQG,D39N,gnn_local_s42
S669,0.1,0.6192351579666138,2WQG,E40Q,gnn_local_s42
S669,0.4,0.8796674013137817,2WQG,E41G,gnn_local_s42
S669,0.9,1.6043245792388916,2WQG,I36A,gnn_local_s42
S669,0.3,1.1264094114303589,2WQG,I36V,gnn_local_s42
S669,0.4,1.0567842721939087,2WQG,K14A,gnn_local_s42
S669,1.9,1.4230623245239258,2WQG,K14G,gnn_local_s42
S669,0.3,0.7531658411026001,2WQG,K19A,gnn_local_s42
S669,0.6,1.3387819528579712,2WQG,K28A,gnn_local_s42
S669,0.5,2.450498580932617,2WQG,L13A,gnn_local_s42
S669,1.3,1.8597955703735352,2WQG,L16A,gnn_local_s42
S669,2.0,1.7608191967010498,2WQG,L8A,gnn_local_s42
S669,0.6,0.8365697860717773,2WQG,Q12A,gnn_local_s42
S669,2.0,1.000760793685913,2WQG,Q12G,gnn_local_s42
S669,-0.1,0.7629514932632446,2WQG,Q33A,gnn_local_s42
S669,0.8,1.310217261314392,2WQG,R34A,gnn_local_s42
S669,0.6,0.839057445526123,2WQG,S23A,gnn_local_s42
S669,-0.1,0.3117577135562897,2WQG,S6A,gnn_local_s42
S669,0.2,0.5087164640426636,2WQG,S6G,gnn_local_s42
S669,-0.1,1.011622667312622,2WQG,T9S,gnn_local_s42
S669,0.1,1.6857491731643677,2WQG,V10A,gnn_local_s42
S669,0.7,2.143282651901245,2WQG,V10G,gnn_local_s42
S669,-0.4,1.1793112754821777,2WQG,V11A,gnn_local_s42
S669,-0.1,1.681622862815857,2WQG,V11G,gnn_local_s42
S669,0.5,1.7154481410980225,2WQG,V24A,gnn_local_s42
S669,2.4,1.4521479606628418,2WQG,Y5F,gnn_local_s42
S669,0.74,0.3961130380630493,2ZTA,E11Q,gnn_local_s42
S669,-0.2,0.4627949893474579,2ZTA,E20Q,gnn_local_s42
S669,1.83,0.6226009130477905,2ZTA,E22Q,gnn_local_s42
S669,0.41,0.6182140111923218,2ZTA,K15A,gnn_local_s42
S669,0.91,0.6134402751922607,2ZTA,K27A,gnn_local_s42
S669,0.06,0.40753373503685,2ZTA,K28A,gnn_local_s42
S669,0.39,0.5088783502578735,2ZTA,K8A,gnn_local_s42
S669,1.66,0.4974375069141388,2ZTA,R25A,gnn_local_s42
S669,1.506,1.8965611457824707,3BN0,I20V,gnn_local_s42
S669,-0.43,2.256526470184326,3C2I,F155S,gnn_local_s42
S669,-0.47,1.0026953220367432,3C2I,T158A,gnn_local_s42
S669,-0.25,0.6877437829971313,3C2I,T158M,gnn_local_s42
S669,0.5,0.16772130131721497,3FIS,P61A,gnn_local_s42
S669,-0.34,-0.2969807982444763,3G1G,D155Y,gnn_local_s42
S669,0.74,2.2582898139953613,3G1G,F167Y,gnn_local_s42
S669,0.17,1.708532691001892,3G1G,I190V,gnn_local_s42
S669,-1.32,0.5649815797805786,3G1G,R185W,gnn_local_s42
S669,3.35,0.3360210061073303,3K82,E334L,gnn_local_s42
S669,1.68,0.8417506217956543,3K82,E334Q,gnn_local_s42
S669,-5.49,0.17858090996742249,3K82,E401R,gnn_local_s42
S669,-1.194,0.036056943237781525,3MON,R39G,gnn_local_s42
S669,2.866,-0.09092624485492706,3MON,W3C,gnn_local_s42
S669,3.25,1.7997232675552368,3O39,L32P,gnn_local_s42
S669,-2.03,0.9244874715805054,3S92,H395R,gnn_local_s42
S669,-0.574,0.04307889938354492,4N6V,H75W,gnn_local_s42
S669,1.362,0.22863617539405823,4N6V,P36G,gnn_local_s42
S669,-1.745,0.015140235424041748,4N6V,P79S,gnn_local_s42
S669,0.71,1.400691270828247,4YEE,V134T,gnn_local_s42
S669,0.93,0.2775574326515198,4YEF,T134V,gnn_local_s42
S669,1.44,0.06214877963066101,5JXB,D329G,gnn_local_s42
S669,1.44,0.2286507487297058,5JXB,D329P,gnn_local_s42
S669,1.8,1.142051100730896,1A0F,S11A,gnn_local_s42
S669,2.69,0.5062507390975952,1A7V,A104H,gnn_local_s42
S669,1.98,0.38682684302330017,1A7V,A66H,gnn_local_s42
S669,1.7,1.552340030670166,1A7V,A91H,gnn_local_s42
S669,1.36,0.286641389131546,1A7V,D3H,gnn_local_s42
S669,2.05,0.24767428636550903,1A7V,D58H,gnn_local_s42
S669,3.01,0.35618534684181213,1A7V,E73H,gnn_local_s42
S669,0.6,0.36982032656669617,1A7V,K13H,gnn_local_s42
S669,2.88,0.5015041828155518,1A7V,K20H,gnn_local_s42
S669,1.36,0.5353403091430664,1A7V,K31H,gnn_local_s42
S669,1.86,0.20215344429016113,1A7V,K39H,gnn_local_s42
S669,2.02,0.47361794114112854,1A7V,K49H,gnn_local_s42
S669,2.88,0.8664849996566772,1A7V,K84H,gnn_local_s42
S669,1.97,0.6538569927215576,1A7V,K97H,gnn_local_s42
S669,0.821,0.5256986618041992,1BNL,D76A,gnn_local_s42
S669,0.46,-0.16598817706108093,1DIV,D23A,gnn_local_s42
S669,0.58,-0.024864785373210907,1DIV,D23N,gnn_local_s42
S669,0.3,0.05619332194328308,1DIV,D8N,gnn_local_s42
S669,0.98,-0.04292241483926773,1DIV,E100A,gnn_local_s42
S669,1.52,0.09667384624481201,1DIV,E100G,gnn_local_s42
S669,0.21,0.2532494366168976,1DIV,E17Q,gnn_local_s42
S669,0.56,0.7092325687408447,1DIV,E38Q,gnn_local_s42
S669,-0.03,0.3731937110424042,1DIV,E48Q,gnn_local_s42
S669,-0.33,0.0013244003057479858,1DIV,E54Q,gnn_local_s42
S669,1.53,0.9647891521453857,1DIV,H106Q,gnn_local_s42
S669,3.52,1.3561254739761353,1DIV,I115A,gnn_local_s42
S669,2.22,1.9949421882629395,1DIV,I4A,gnn_local_s42
S669,0.59,1.560081958770752,1DIV,I4V,gnn_local_s42
S669,3.49,1.6451400518417358,1DIV,I79A,gnn_local_s42
S669,3.19,1.7545921802520752,1DIV,I93A,gnn_local_s42
S669,4.28,2.0373854637145996,1DIV,I98A,gnn_local_s42
S669,-0.05,-0.08847828209400177,1DIV,K10M,gnn_local_s42
S669,-0.01,-0.07459275424480438,1DIV,K14M,gnn_local_s42
S669,0.31,0.02524140477180481,1DIV,K15M,gnn_local_s42
S669,-0.35,-0.18513771891593933,1DIV,K7M,gnn_local_s42
S669,-0.61,0.06990987062454224,1DIV,K96A,gnn_local_s42
S669,0.2,0.2961428463459015,1DIV,K96G,gnn_local_s42
S669,2.37,2.1589207649230957,1DIV,L102A,gnn_local_s42
S669,2.33,1.3370182514190674,1DIV,L108A,gnn_local_s42
S669,3.21,1.064527988433838,1DIV,L110A,gnn_local_s42
S669,0.82,0.9499751329421997,1DIV,L117A,gnn_local_s42
S669,2.76,1.9543108940124512,1DIV,L30A,gnn_local_s42
S669,3.62,1.4649598598480225,1DIV,L30V,gnn_local_s42
S669,3.1,0.9792187213897705,1DIV,L6A,gnn_local_s42
S669,0.13,0.2637866139411926,1DIV,L6I,gnn_local_s42
S669,0.41,0.5077648162841797,1DIV,L6V,gnn_local_s42
S669,3.77,1.375654935836792,1DIV,L72A,gnn_local_s42
S669,1.46,1.3431202173233032,1DIV,M1A,gnn_local_s42
S669,2.36,1.7377164363861084,1DIV,M1G,gnn_local_s42
S669,2.33,1.6706172227859497,1DIV,V21A,gnn_local_s42
S669,0.4,0.86749267578125,1DIV,V21I,gnn_local_s42
S669,1.23,0.9965943098068237,1DIV,V21L,gnn_local_s42
S669,2.55,2.0629897117614746,1DIV,V3A,gnn_local_s42
S669,0.31,1.3000731468200684,1DIV,V3I,gnn_local_s42
S669,2.21,1.4138827323913574,1DIV,V3L,gnn_local_s42
S669,3.7,0.5179556608200073,1DXX,K18N,gnn_local_s42
S669,-0.6,1.4661872386932373,1FH5,S18N,gnn_local_s42
S669,1.38,1.4380855560302734,1FT8,L212V,gnn_local_s42
S669,0.35,0.6934607028961182,1FT8,L238I,gnn_local_s42
S669,-0.27,0.7703932523727417,1FT8,M216L,gnn_local_s42
S669,1.6,1.4762415885925293,1GWY,A8D,gnn_local_s42
S669,3.3,1.5814396142959595,1ITM,C24T,gnn_local_s42
S669,5.0,0.10859224200248718,1ITM,C3T,gnn_local_s42
S669,-1.4,0.6592197418212891,1ITM,W91S,gnn_local_s42
S669,1.162,0.38115403056144714,1JLV,E64D,gnn_local_s42
S669,2.3040000000000003,0.37840643525123596,1JLV,E64N,gnn_local_s42
S669,2.302,0.30032071471214294,1JLV,E64Q,gnn_local_s42
S669,-1.4,0.5034065246582031,1LVM,E106G,gnn_local_s42
S669,-0.43,0.16046662628650665,1LVM,K45F,gnn_local_s42
S669,-0.0,0.6568163633346558,1LVM,L56V,gnn_local_s42
S669,-0.6,-0.2055588811635971,1LVM,Q58F,gnn_local_s42
S669,2.5,0.4597313106060028,1N18,E100G,gnn_local_s42
S669,1.4,1.0069608688354492,1N18,G85R,gnn_local_s42
S669,-1.4,1.0401266813278198,1N18,H46R,gnn_local_s42
S669,3.3,0.28377315402030945,1O1U,E110A,gnn_local_s42
S669,1.2,0.6691203117370605,1O1U,N61A,gnn_local_s42
S669,0.3,0.47435542941093445,1O1U,Q51A,gnn_local_s42
S669,-0.3,0.743545651435852,1O1U,Q99A,gnn_local_s42
S669,1.2,0.8836501836776733,1O1U,T38A,gnn_local_s42
S669,1.2,1.5917820930480957,1O1U,W49Y,gnn_local_s42
S669,0.05,0.629702091217041,1OSI,I11V,gnn_local_s42
S669,-0.39,0.7038558721542358,1OSI,S92F,gnn_local_s42
S669,0.78,0.7490261793136597,1OSI,V15I,gnn_local_s42
S669,1.53,2.4790873527526855,1PFL,A20T,gnn_local_s42
S669,1.96,0.5110441446304321,1PFL,G117V,gnn_local_s42
S669,3.53,2.345921039581299,1PFL,M113T,gnn_local_s42
S669,-0.07,0.6102555990219116,1PFL,T108M,gnn_local_s42
S669,0.3,0.4535192549228668,1PRG,Q286P,gnn_local_s42
S669,-0.06,0.4811006486415863,1PRG,R288H,gnn_local_s42
S669,-0.03,1.1012825965881348,1PRG,V290M,gnn_local_s42
S669,-0.8,1.1575418710708618,1SPD,C111S,gnn_local_s42
S669,-0.1,1.657365322113037,1SPD,C6A,gnn_local_s42
S669,2.9,0.7185239791870117,1XWS,E124Q,gnn_local_s42
S669,4.59,0.41611161828041077,1XWS,E135K,gnn_local_s42
S669,3.22,0.6637799739837646,1XWS,E142D,gnn_local_s42
S669,3.3,0.9928970336914062,1XWS,Y53H,gnn_local_s42
S669,0.86,0.7185699939727783,1XXN,N32D,gnn_local_s42
S669,0.645,0.6078375577926636,1XXN,N54E,gnn_local_s42
S669,-0.239,0.7099448442459106,1XXN,S22E,gnn_local_s42
S669,0.645,1.3395482301712036,1XXN,S27E,gnn_local_s42
S669,-2.87,0.8558216094970703,1XZO,F42W,gnn_local_s42
S669,2.89,1.4961249828338623,1XZO,W101F,gnn_local_s42
S669,8.93,1.209249496459961,1XZO,W36A,gnn_local_s42
S669,4.25,0.7483289241790771,1XZO,W36F,gnn_local_s42
S669,0.7170000000000001,1.0360538959503174,2ARF,H1069Q,gnn_local_s42
S669,-1.07,0.3558821380138397,2H3F,E12A,gnn_local_s42
S669,-1.536,0.44990137219429016,2JIE,H104R,gnn_local_s42
S669,0.209,-0.24651822447776794,2JIE,Q22S,gnn_local_s42
S669,1.246,0.48674121499061584,2JIE,S17A,gnn_local_s42
S669,-0.951,0.25615638494491577,2JIE,S19A,gnn_local_s42
S669,0.994,0.3158853352069855,2JIE,T18A,gnn_local_s42
S669,-2.19,-0.00606682151556015,2JIE,W123F,gnn_local_s42
S669,-1.06,0.17696723341941833,2JIE,W123H,gnn_local_s42
S669,3.443,1.300605058670044,2JIE,Y21A,gnn_local_s42
S669,-1.26,0.3441893756389618,2KS4,D9A,gnn_local_s42
S669,0.23,0.5023102760314941,2KS4,E2A,gnn_local_s42
S669,1.57,1.8854247331619263,2LTB,L558P,gnn_local_s42
S669,3.11,2.109647512435913,2LTB,L569R,gnn_local_s42
S669,3.34,0.7113962173461914,2LTB,M619K,gnn_local_s42
S669,1.1,0.519574761390686,2LTB,R533Q,gnn_local_s42
S669,0.36,1.0206907987594604,2LTB,R555Q,gnn_local_s42
S669,-1.79,0.510361909866333,2LTB,R555W,gnn_local_s42
S669,4.0,0.3762196898460388,2M5S,D302A,gnn_local_s42
S669,2.0,1.3389477729797363,2M5S,H305A,gnn_local_s42
S669,2.3,0.48274102807044983,2NTE,R658C,gnn_local_s42
S669,-0.5,0.0801793783903122,2PR5,A33Y,gnn_local_s42
S669,0.4,0.8986493349075317,2PR5,A81M,gnn_local_s42
S669,-0.3,0.7130745649337769,2PR5,D109E,gnn_local_s42
S669,-0.3,0.05143333971500397,2PR5,H22K,gnn_local_s42
S669,-1.2,-0.08959990739822388,2PR5,H22W,gnn_local_s42
S669,-2.9,0.5732815265655518,2PR5,M111F,gnn_local_s42
S669,-0.9,0.14459937810897827,2PR5,N107F,gnn_local_s42
S669,-0.8,0.16187475621700287,2PR5,N107Y,gnn_local_s42
S669,-1.1,0.2543282210826874,2PR5,N124F,gnn_local_s42
S669,-2.6,0.39953717589378357,2PR5,N124Y,gnn_local_s42
S669,-0.5,1.3511348962783813,2PR5,T30M,gnn_local_s42
S669,0.5,1.295555830001831,2PR5,T50M,gnn_local_s42
S669,-0.2,0.48814263939857483,2PR5,T54Y,gnn_local_s42
S669,-1.4,0.40867504477500916,2PR5,V120I,gnn_local_s42
S669,-0.4,0.9000536203384399,2PR5,V25I,gnn_local_s42
S669,0.2,1.1191438436508179,2PR5,V88L,gnn_local_s42
S669,0.7,0.6451401710510254,2PR5,V90I,gnn_local_s42
S669,6.597,0.25462380051612854,2VY0,E53A,gnn_local_s42
S669,-1.369,0.7916625738143921,3BCI,E96Q,gnn_local_s42
S669,0.65,0.1589001715183258,3D3B,D118A,gnn_local_s42
S669,0.6,0.3621775209903717,3D3B,D118E,gnn_local_s42
S669,1.6,0.17733055353164673,3D3B,D118K,gnn_local_s42
S669,1.34,0.2218574583530426,3D3B,D118N,gnn_local_s42
S669,1.41,0.11010007560253143,3D3B,D118R,gnn_local_s42
S669,-0.8,0.9255013465881348,3ECU,H46R,gnn_local_s42
S669,1.3,0.4041195511817932,3S4M,D122Y,gnn_local_s42
S669,2.5,0.4707794487476349,3S4M,G130V,gnn_local_s42
S669,-0.096,1.1896474361419678,3S4M,I154F,gnn_local_s42
S669,0.693,0.8783136606216431,3S4M,W155R,gnn_local_s42
S669,-0.99,0.5141342878341675,4BJX,A89V,gnn_local_s42
S669,1.435,1.03104829788208,4BUQ,Y48A,gnn_local_s42
S669,-0.1,0.8240165710449219,4WAA,K65A,gnn_local_s42
S669,2.07,0.7244894504547119,4WAA,K67A,gnn_local_s42
S669,0.44,0.6106885671615601,4WAA,R27A,gnn_local_s42
S669,-0.413,0.4914267361164093,5VP3,R39K,gnn_local_s42
S669,1.745,0.7685459852218628,1BA3,H461D,gnn_local_s42
S669,-0.287,0.6072769165039062,1BA3,H489D,gnn_local_s42
S669,0.287,0.4153114855289459,1BA3,H489K,gnn_local_s42
S669,0.263,-0.10986821353435516,1BA3,H489M,gnn_local_s42
S669,1.81,0.6502211093902588,1DIV,V129A,gnn_local_s42
S669,0.455,1.149810791015625,1F8I,F345A,gnn_local_s42
S669,-0.05,0.7751071453094482,1FT8,L349I,gnn_local_s42
S669,-0.0,0.4822380840778351,1LVM,S135G,gnn_local_s42
S669,0.88,0.49364033341407776,1NM1,D187N,gnn_local_s42
S669,1.9,0.2873322069644928,1NM1,D187Y,gnn_local_s42
S669,2.4,1.1088250875473022,1PRE,C159S,gnn_local_s42
S669,4.2,0.9917495250701904,1R2Y,R244E,gnn_local_s42
S669,-0.358,0.5395009517669678,1XXN,N181R,gnn_local_s42
S669,-3.02,0.9886202812194824,3D2A,M134E,gnn_local_s42
S669,-3.34,0.709784746170044,3D2A,M137P,gnn_local_s42
S669,-2.11,0.3426072299480438,3D2A,S163P,gnn_local_s42
S669,2.99,0.5646148920059204,5OAQ,Y429H,gnn_local_s42
S669,0.7,0.8974930047988892,1BFM,M35W,gnn_local_blosum_s42
S669,0.4,0.8586134314537048,1BFM,M35Y,gnn_local_blosum_s42
S669,0.04,0.9466918110847473,1D5G,H71Y,gnn_local_blosum_s42
S669,-0.91,1.9094915390014648,1D5G,I20F,gnn_local_blosum_s42
S669,1.0,1.7992969751358032,1EKG,L198C,gnn_local_blosum_s42
S669,2.0,1.84251070022583,1EKG,L200C,gnn_local_blosum_s42
S669,-1.0,1.3991549015045166,1EKG,L203C,gnn_local_blosum_s42
S669,2.6,0.49954506754875183,1EKG,S181F,gnn_local_blosum_s42
S669,-4.0,0.9648304581642151,1FRD,H42R,gnn_local_blosum_s42
S669,1.1,1.187662124633789,1FXA,E94D,gnn_local_blosum_s42
S669,0.4,0.7935654520988464,1FXA,E94K,gnn_local_blosum_s42
S669,-0.6,1.0945378541946411,1FXA,E94Q,gnn_local_blosum_s42
S669,-1.0,0.08103698492050171,1FXA,E95K,gnn_local_blosum_s42
S669,1.0,1.9871158599853516,1FXA,F65A,gnn_local_blosum_s42
S669,0.9,1.3835986852645874,1FXA,F65I,gnn_local_blosum_s42
S669,0.6,1.8511661291122437,1FXA,F65W,gnn_local_blosum_s42
S669,0.5,1.9303067922592163,1FXA,F65Y,gnn_local_blosum_s42
S669,2.4,0.7713395953178406,1FXA,R42A,gnn_local_blosum_s42
S669,1.4,0.8083669543266296,1FXA,R42H,gnn_local_blosum_s42
S669,-0.1,1.336875557899475,1FXA,T48A,gnn_local_blosum_s42
S669,1.22,2.1078927516937256,1GLU,C500A,gnn_local_blosum_s42
S669,1.963,1.9776426553726196,1GUA,A118G,gnn_local_blosum_s42
S669,1.951,1.2137973308563232,1GUA,A118L,gnn_local_blosum_s42
S669,2.149,1.8139902353286743,1GUA,A85G,gnn_local_blosum_s42
S669,0.863,1.3700743913650513,1GUA,A97G,gnn_local_blosum_s42
S669,-0.283,1.612707257270813,1GUA,C81A,gnn_local_blosum_s42
S669,0.912,0.9915838241577148,1GUA,C81I,gnn_local_blosum_s42
S669,0.08,0.92887282371521,1GUA,C95A,gnn_local_blosum_s42
S669,1.759,2.0044610500335693,1GUA,C96A,gnn_local_blosum_s42
S669,0.043,1.4326651096343994,1GUA,C96L,gnn_local_blosum_s42
S669,0.337,1.6388890743255615,1GUA,C96M,gnn_local_blosum_s42
S669,0.706,0.1855572760105133,1GUA,D117A,gnn_local_blosum_s42
S669,0.855,0.7091918587684631,1GUA,D129A,gnn_local_blosum_s42
S669,0.493,0.22038333117961884,1GUA,D80A,gnn_local_blosum_s42
S669,-0.021,0.2707737386226654,1GUA,E104A,gnn_local_blosum_s42
S669,0.101,0.5271844267845154,1GUA,E124A,gnn_local_blosum_s42
S669,0.591,0.874562680721283,1GUA,E125A,gnn_local_blosum_s42
S669,3.274,3.244516134262085,1GUA,I58A,gnn_local_blosum_s42
S669,1.2990000000000002,2.781949281692505,1GUA,I58F,gnn_local_blosum_s42
S669,0.7709999999999999,2.6204721927642822,1GUA,I58L,gnn_local_blosum_s42
S669,0.327,0.9185167551040649,1GUA,K109A,gnn_local_blosum_s42
S669,2.593,1.6299149990081787,1GUA,L112A,gnn_local_blosum_s42
S669,2.5340000000000003,1.9437896013259888,1GUA,L121A,gnn_local_blosum_s42
S669,3.405,2.44042706489563,1GUA,L126A,gnn_local_blosum_s42
S669,3.46,2.4635355472564697,1GUA,L62A,gnn_local_blosum_s42
S669,3.803,2.152909517288208,1GUA,L78A,gnn_local_blosum_s42
S669,3.529,2.8002288341522217,1GUA,L82A,gnn_local_blosum_s42
S669,1.6,1.982507586479187,1GUA,L82I,gnn_local_blosum_s42
S669,1.7,2.426645040512085,1GUA,L82V,gnn_local_blosum_s42
S669,3.2260000000000004,2.529813766479492,1GUA,L86A,gnn_local_blosum_s42
S669,1.575,2.035156726837158,1GUA,L91A,gnn_local_blosum_s42
S669,0.961,0.9010719060897827,1GUA,M76A,gnn_local_blosum_s42
S669,-0.271,0.2608954906463623,1GUA,N56M,gnn_local_blosum_s42
S669,1.14,0.5861350297927856,1GUA,N64A,gnn_local_blosum_s42
S669,1.7080000000000002,0.979292631149292,1GUA,P63A,gnn_local_blosum_s42
S669,0.0819999999999999,0.6035009622573853,1GUA,P93A,gnn_local_blosum_s42
S669,0.504,0.8135564923286438,1GUA,Q66A,gnn_local_blosum_s42
S669,0.693,0.7158166766166687,1GUA,R100A,gnn_local_blosum_s42
S669,-0.178,0.7407703995704651,1GUA,R59A,gnn_local_blosum_s42
S669,-1.078,0.7253285050392151,1GUA,R89L,gnn_local_blosum_s42
S669,1.5730000000000002,0.7245385050773621,1GUA,S77A,gnn_local_blosum_s42
S669,-0.581,0.9849130511283875,1GUA,S77T,gnn_local_blosum_s42
S669,0.109,1.1012120246887207,1GUA,T68A,gnn_local_blosum_s42
S669,3.3680000000000003,2.6233062744140625,1GUA,V128A,gnn_local_blosum_s42
S669,2.251,2.474031925201416,1GUA,V60A,gnn_local_blosum_s42
S669,1.116,1.8154417276382446,1GUA,V69A,gnn_local_blosum_s42
S669,1.77,2.4083313941955566,1GUA,V70A,gnn_local_blosum_s42
S669,1.052,2.086520195007324,1GUA,V72A,gnn_local_blosum_s42
S669,0.8640000000000001,1.4503036737442017,1GUA,V72I,gnn_local_blosum_s42
S669,1.981,2.102454423904419,1GUA,V98A,gnn_local_blosum_s42
S669,1.936,0.3957923352718353,1H0X,P18A,gnn_local_blosum_s42
S669,2.5810000000000004,0.6234868764877319,1H0X,P62A,gnn_local_blosum_s42
S669,2.09,2.0061440467834473,1HCQ,C67A,gnn_local_blosum_s42
S669,1.99,2.1837990283966064,1HCQ,C67S,gnn_local_blosum_s42
S669,-0.4,1.4536348581314087,1IOJ,G15A,gnn_local_blosum_s42
S669,-0.5,1.3335721492767334,1IV7,A173C,gnn_local_blosum_s42
S669,2.5,2.0146946907043457,1IV7,F189C,gnn_local_blosum_s42
S669,1.9,2.0627481937408447,1IV7,L162C,gnn_local_blosum_s42
S669,-4.299,0.44380295276641846,1IV9,S76Y,gnn_local_blosum_s42
S669,-0.1,0.7408955097198486,1J8I,K25A,gnn_local_blosum_s42
S669,-0.1,0.8239222168922424,1J8I,K66A,gnn_local_blosum_s42
S669,-0.8,0.6428160667419434,1J8I,R23A,gnn_local_blosum_s42
S669,0.1,1.0125763416290283,1J8I,R35A,gnn_local_blosum_s42
S669,-0.7,0.7512550354003906,1J8I,R43A,gnn_local_blosum_s42
S669,0.1,0.43184179067611694,1J8I,R9A,gnn_local_blosum_s42
S669,1.44,0.518180251121521,1JL9,A25C,gnn_local_blosum_s42
S669,1.6969999999999998,2.4727323055267334,1L6H,F39A,gnn_local_blosum_s42
S669,0.55,1.4665601253509521,1L6H,Y45A,gnn_local_blosum_s42
S669,1.482,1.9213402271270752,1L6H,Y48A,gnn_local_blosum_s42
S669,1.39,2.061467170715332,1N88,F21A,gnn_local_blosum_s42
S669,1.39,2.9277825355529785,1N88,I39A,gnn_local_blosum_s42
S669,2.79,1.9006916284561157,1N88,I80A,gnn_local_blosum_s42
S669,2.35,2.2133266925811768,1N88,I89A,gnn_local_blosum_s42
S669,1.52,2.5550239086151123,1N88,I8V,gnn_local_blosum_s42
S669,1.52,1.4959255456924438,1N88,L13A,gnn_local_blosum_s42
S669,1.11,1.3549857139587402,1N88,L57A,gnn_local_blosum_s42
S669,1.94,1.9062941074371338,1N88,V12A,gnn_local_blosum_s42
S669,2.84,2.3317759037017822,1N88,V30A,gnn_local_blosum_s42
S669,2.82,2.8578836917877197,1N88,V43A,gnn_local_blosum_s42
S669,2.83,1.8159480094909668,1N88,V49A,gnn_local_blosum_s42
S669,3.24,1.837222933769226,1N88,V51A,gnn_local_blosum_s42
S669,3.73,2.120321035385132,1N88,V54A,gnn_local_blosum_s42
S669,2.82,2.807265043258667,1N88,V81A,gnn_local_blosum_s42
S669,3.1,1.9472731351852417,1N88,V83A,gnn_local_blosum_s42
S669,-0.06,1.045112133026123,1N88,Y18A,gnn_local_blosum_s42
S669,4.61,2.075205087661743,1N88,Y26A,gnn_local_blosum_s42
S669,1.2,1.1188957691192627,1O6X,A31G,gnn_local_blosum_s42
S669,1.4,1.4627277851104736,1O6X,A50G,gnn_local_blosum_s42
S669,-0.36,0.31396836042404175,1O6X,D38A,gnn_local_blosum_s42
S669,0.3,0.22708764672279358,1O6X,E14A,gnn_local_blosum_s42
S669,1.42,0.4067119359970093,1O6X,E20G,gnn_local_blosum_s42
S669,1.88,1.153233289718628,1O6X,F39L,gnn_local_blosum_s42
S669,0.98,1.4548779726028442,1O6X,F65A,gnn_local_blosum_s42
S669,0.61,0.5900657773017883,1O6X,H51A,gnn_local_blosum_s42
S669,0.43,2.0169215202331543,1O6X,I15V,gnn_local_blosum_s42
S669,-0.42,1.47722327709198,1O6X,I23V,gnn_local_blosum_s42
S669,1.31,1.5258488655090332,1O6X,I71V,gnn_local_blosum_s42
S669,1.31,1.213073492050171,1O6X,I75A,gnn_local_blosum_s42
S669,1.98,0.5793842673301697,1O6X,K41A,gnn_local_blosum_s42
S669,0.97,2.0491819381713867,1O6X,L26V,gnn_local_blosum_s42
S669,0.08,0.9984050393104553,1O6X,N58A,gnn_local_blosum_s42
S669,0.49,0.5846357345581055,1O6X,Q60G,gnn_local_blosum_s42
S669,1.1,1.440117597579956,1O6X,V12A,gnn_local_blosum_s42
S669,1.08,2.140026330947876,1O6X,V52A,gnn_local_blosum_s42
S669,1.1,1.3422836065292358,1O6X,V64G,gnn_local_blosum_s42
S669,2.78,0.6765165328979492,1O6X,Y73L,gnn_local_blosum_s42
S669,0.13,1.630422830581665,1R6R,I88N,gnn_local_blosum_s42
S669,2.81,1.9898449182510376,1R6R,L50S,gnn_local_blosum_s42
S669,0.24,2.182425022125244,1R6R,L54S,gnn_local_blosum_s42
S669,6.84,2.0215208530426025,1R6R,L81N,gnn_local_blosum_s42
S669,4.493,1.7818191051483154,2BJD,V84D,gnn_local_blosum_s42
S669,4.517,1.5599877834320068,2BJD,V84P,gnn_local_blosum_s42
S669,2.103,1.1945501565933228,2BJD,Y86E,gnn_local_blosum_s42
S669,0.012,2.288034200668335,2C9Q,Y79F,gnn_local_blosum_s42
S669,1.233,2.3223211765289307,2C9Q,Y79W,gnn_local_blosum_s42
S669,-0.12,0.5611504316329956,2CLR,H13F,gnn_local_blosum_s42
S669,-2.605,0.6343002915382385,2CLR,H31F,gnn_local_blosum_s42
S669,1.912,0.5243759751319885,2CLR,H51F,gnn_local_blosum_s42
S669,2.629,1.3464415073394775,2CLR,H84A,gnn_local_blosum_s42
S669,-0.89,1.2751014232635498,2DVV,Q443H,gnn_local_blosum_s42
S669,0.02,0.8526803255081177,2DVV,R419W,gnn_local_blosum_s42
S669,0.32,0.6513426303863525,2HBB,A22G,gnn_local_blosum_s42
S669,1.79,1.6664409637451172,2HBB,A26G,gnn_local_blosum_s42
S669,1.55,2.0178020000457764,2HBB,A36G,gnn_local_blosum_s42
S669,1.59,1.6164510250091553,2HBB,A39G,gnn_local_blosum_s42
S669,0.33,0.8000372648239136,2HBB,A42G,gnn_local_blosum_s42
S669,0.55,1.1985533237457275,2HBB,A46G,gnn_local_blosum_s42
S669,0.22,0.5405054688453674,2HBB,A49G,gnn_local_blosum_s42
S669,0.03,-0.15432754158973694,2HBB,D23A,gnn_local_blosum_s42
S669,0.79,-0.03885548189282417,2HBB,D23N,gnn_local_blosum_s42
S669,1.3,0.13958138227462769,2HBB,D8A,gnn_local_blosum_s42
S669,0.38,0.15919682383537292,2HBB,D8N,gnn_local_blosum_s42
S669,1.69,0.35106974840164185,2HBB,E17A,gnn_local_blosum_s42
S669,0.33,0.2488206923007965,2HBB,E17Q,gnn_local_blosum_s42
S669,0.41,0.6734098792076111,2HBB,E38A,gnn_local_blosum_s42
S669,0.68,1.0211249589920044,2HBB,E38Q,gnn_local_blosum_s42
S669,-0.07,0.13996505737304688,2HBB,E48Q,gnn_local_blosum_s42
S669,2.84,1.576216220855713,2HBB,F31A,gnn_local_blosum_s42
S669,1.15,1.3804861307144165,2HBB,F5L,gnn_local_blosum_s42
S669,-0.02,0.1680622100830078,2HBB,G24A,gnn_local_blosum_s42
S669,1.02,0.7234114408493042,2HBB,G34A,gnn_local_blosum_s42
S669,2.05,1.3836305141448975,2HBB,I18A,gnn_local_blosum_s42
S669,0.07,0.8440220952033997,2HBB,I18V,gnn_local_blosum_s42
S669,1.28,2.270817518234253,2HBB,I37A,gnn_local_blosum_s42
S669,-0.09,1.8501780033111572,2HBB,I37V,gnn_local_blosum_s42
S669,0.59,1.8555800914764404,2HBB,I4V,gnn_local_blosum_s42
S669,-0.13,0.04968974366784096,2HBB,K10E,gnn_local_blosum_s42
S669,-0.47,-0.43074747920036316,2HBB,K10M,gnn_local_blosum_s42
S669,-0.61,0.8425752520561218,2HBB,K12A,gnn_local_blosum_s42
S669,-0.03,1.1111993789672852,2HBB,K12G,gnn_local_blosum_s42
S669,-1.8,0.41716864705085754,2HBB,K12M,gnn_local_blosum_s42
S669,0.73,0.35684776306152344,2HBB,K14A,gnn_local_blosum_s42
S669,1.3,0.4240320324897766,2HBB,K14G,gnn_local_blosum_s42
S669,0.34,-0.25356540083885193,2HBB,K14M,gnn_local_blosum_s42
S669,1.74,0.5684338212013245,2HBB,K15G,gnn_local_blosum_s42
S669,0.44,0.009761754423379898,2HBB,K15M,gnn_local_blosum_s42
S669,-0.21,0.19542856514453888,2HBB,K7M,gnn_local_blosum_s42
S669,2.76,2.3550970554351807,2HBB,L30A,gnn_local_blosum_s42
S669,1.21,1.8730955123901367,2HBB,L35A,gnn_local_blosum_s42
S669,1.73,1.7679293155670166,2HBB,L44A,gnn_local_blosum_s42
S669,0.84,1.9457097053527832,2HBB,L47A,gnn_local_blosum_s42
S669,3.1,1.849833607673645,2HBB,L6A,gnn_local_blosum_s42
S669,1.46,1.0031174421310425,2HBB,M1A,gnn_local_blosum_s42
S669,0.8,0.46999621391296387,2HBB,T40S,gnn_local_blosum_s42
S669,2.33,1.695927619934082,2HBB,V21A,gnn_local_blosum_s42
S669,2.55,2.2115509510040283,2HBB,V3A,gnn_local_blosum_s42
S669,1.81,1.5882627964019775,2HBB,V9A,gnn_local_blosum_s42
S669,2.54,1.3617205619812012,2JUC,C57D,gnn_local_blosum_s42
S669,0.71,1.2252885103225708,2JUC,C57S,gnn_local_blosum_s42
S669,1.75,0.8472579121589661,2JUC,R18A,gnn_local_blosum_s42
S669,-1.2,0.4389740526676178,2KJ3,D288A,gnn_local_blosum_s42
S669,-1.9,0.4112355411052704,2KJ3,E272A,gnn_local_blosum_s42
S669,0.8,0.9865201711654663,2KJ3,G278A,gnn_local_blosum_s42
S669,-1.5,0.558941662311554,2KJ3,K229A,gnn_local_blosum_s42
S669,-1.0,2.0782158374786377,2KJ3,L241A,gnn_local_blosum_s42
S669,-1.4,0.9192017912864685,2KJ3,S273A,gnn_local_blosum_s42
S669,-1.0,2.466754674911499,2KJ3,V239A,gnn_local_blosum_s42
S669,-1.0,1.7963650226593018,2KJ3,V264A,gnn_local_blosum_s42
S669,-0.2,2.477386713027954,2KJ3,V267A,gnn_local_blosum_s42
S669,0.24,1.1812626123428345,2MPC,A89T,gnn_local_blosum_s42
S669,-0.62,0.3249427378177643,2MPC,R42A,gnn_local_blosum_s42
S669,-2.08,-0.10737240314483643,2MPC,R42W,gnn_local_blosum_s42
S669,0.6,0.5398116707801819,2N7Z,P88A,gnn_local_blosum_s42
S669,-0.44,1.5969643592834473,2OUO,A420D,gnn_local_blosum_s42
S669,2.43,1.9469741582870483,2PTL,A22G,gnn_local_blosum_s42
S669,-0.1,0.8114083409309387,2PTL,A27P,gnn_local_blosum_s42
S669,0.83,0.2762749493122101,2PTL,A27V,gnn_local_blosum_s42
S669,2.17,1.4655998945236206,2PTL,A34G,gnn_local_blosum_s42
S669,-1.47,0.7962070107460022,2PTL,A34V,gnn_local_blosum_s42
S669,2.54,1.775698184967041,2PTL,A43G,gnn_local_blosum_s42
S669,3.1,2.1133599281311035,2PTL,A47G,gnn_local_blosum_s42
S669,1.32,1.0620545148849487,2PTL,A49G,gnn_local_blosum_s42
S669,3.12,1.8752472400665283,2PTL,A51G,gnn_local_blosum_s42
S669,0.49,0.6068187355995178,2PTL,A66G,gnn_local_blosum_s42
S669,1.21,0.27004867792129517,2PTL,D52A,gnn_local_blosum_s42
S669,2.14,0.3836444616317749,2PTL,D52G,gnn_local_blosum_s42
S669,0.2,-0.042913030833005905,2PTL,D64A,gnn_local_blosum_s42
S669,0.59,0.1500059813261032,2PTL,E35A,gnn_local_blosum_s42
S669,1.19,0.6397383809089661,2PTL,E46G,gnn_local_blosum_s42
S669,1.08,0.049019161611795425,2PTL,E46I,gnn_local_blosum_s42
S669,0.23,0.40163132548332214,2PTL,E60A,gnn_local_blosum_s42
S669,3.12,1.8665612936019897,2PTL,F26A,gnn_local_blosum_s42
S669,0.68,1.2984633445739746,2PTL,F26L,gnn_local_blosum_s42
S669,4.15,1.3197431564331055,2PTL,F36A,gnn_local_blosum_s42
S669,3.12,0.8159090876579285,2PTL,F36L,gnn_local_blosum_s42
S669,3.08,1.8911632299423218,2PTL,F40G,gnn_local_blosum_s42
S669,0.38,1.0753517150878906,2PTL,F40L,gnn_local_blosum_s42
S669,3.34,1.462263822555542,2PTL,F76L,gnn_local_blosum_s42
S669,3.73,1.525578260421753,2PTL,F76V,gnn_local_blosum_s42
S669,1.52,0.07102233171463013,2PTL,G29A,gnn_local_blosum_s42
S669,2.53,-0.1805243343114853,2PTL,G29V,gnn_local_blosum_s42
S669,2.08,0.705208420753479,2PTL,G38A,gnn_local_blosum_s42
S669,2.23,0.6575475335121155,2PTL,G59A,gnn_local_blosum_s42
S669,2.04,0.6497973799705505,2PTL,G69A,gnn_local_blosum_s42
S669,4.9,2.447373867034912,2PTL,I20A,gnn_local_blosum_s42
S669,0.56,2.0059688091278076,2PTL,I20V,gnn_local_blosum_s42
S669,1.37,1.3720424175262451,2PTL,I25A,gnn_local_blosum_s42
S669,0.47,0.8746722340583801,2PTL,I25V,gnn_local_blosum_s42
S669,4.72,2.181497097015381,2PTL,I74A,gnn_local_blosum_s42
S669,1.69,1.7829258441925049,2PTL,I74V,gnn_local_blosum_s42
S669,0.92,1.1970574855804443,2PTL,K21A,gnn_local_blosum_s42
S669,0.88,0.7173488140106201,2PTL,K37A,gnn_local_blosum_s42
S669,-0.16,0.9473211169242859,2PTL,K42G,gnn_local_blosum_s42
S669,-0.58,0.8739396929740906,2PTL,K55A,gnn_local_blosum_s42
S669,-0.35,0.19582116603851318,2PTL,K56A,gnn_local_blosum_s42
S669,0.09,0.5533899068832397,2PTL,K68A,gnn_local_blosum_s42
S669,0.45,0.6067149043083191,2PTL,K75A,gnn_local_blosum_s42
S669,3.12,2.320913076400757,2PTL,L24A,gnn_local_blosum_s42
S669,2.44,1.7363002300262451,2PTL,L54A,gnn_local_blosum_s42
S669,3.77,2.000438690185547,2PTL,L72A,gnn_local_blosum_s42
S669,1.87,0.7596825957298279,2PTL,N23A,gnn_local_blosum_s42
S669,1.78,0.3662334084510803,2PTL,N28A,gnn_local_blosum_s42
S669,0.34,0.9027668833732605,2PTL,N58A,gnn_local_blosum_s42
S669,1.73,0.6074056625366211,2PTL,N73A,gnn_local_blosum_s42
S669,0.3,0.3505651354789734,2PTL,S30A,gnn_local_blosum_s42
S669,-0.41,0.6755356192588806,2PTL,S45A,gnn_local_blosum_s42
S669,0.82,0.8809511065483093,2PTL,S45G,gnn_local_blosum_s42
S669,1.63,0.8085393309593201,2PTL,T19A,gnn_local_blosum_s42
S669,1.17,0.31503188610076904,2PTL,T31A,gnn_local_blosum_s42
S669,1.11,0.6434190273284912,2PTL,T33A,gnn_local_blosum_s42
S669,1.25,0.6478400826454163,2PTL,T39A,gnn_local_blosum_s42
S669,1.09,1.1408288478851318,2PTL,T44A,gnn_local_blosum_s42
S669,0.17,0.45767098665237427,2PTL,T53G,gnn_local_blosum_s42
S669,0.97,-0.0706963986158371,2PTL,T62A,gnn_local_blosum_s42
S669,1.83,1.1200019121170044,2PTL,T71A,gnn_local_blosum_s42
S669,1.22,1.6171761751174927,2PTL,V18A,gnn_local_blosum_s42
S669,0.92,0.943564236164093,2PTL,V63A,gnn_local_blosum_s42
S669,1.14,0.800363302230835,2PTL,V65A,gnn_local_blosum_s42
S669,2.82,1.1884492635726929,2PTL,Y48A,gnn_local_blosum_s42
S669,2.46,1.4547218084335327,2PTL,Y50A,gnn_local_blosum_s42
S669,1.66,1.5528111457824707,2PTL,Y70A,gnn_local_blosum_s42
S669,-0.43,1.069498062133789,2PTL,Y70L,gnn_local_blosum_s42
S669,-1.05,0.35265660285949707,2RPN,E7L,gnn_local_blosum_s42
S669,-0.39,1.3206232786178589,2RPN,V21K,gnn_local_blosum_s42
S669,-0.3,0.6469860672950745,2WQG,D15A,gnn_local_blosum_s42
S669,-0.1,0.6719504594802856,2WQG,D38A,gnn_local_blosum_s42
S669,2.2,0.8747758865356445,2WQG,D39A,gnn_local_blosum_s42
S669,2.6,1.1278157234191895,2WQG,D39N,gnn_local_blosum_s42
S669,0.1,0.5354534983634949,2WQG,E40Q,gnn_local_blosum_s42
S669,0.4,0.8006117939949036,2WQG,E41G,gnn_local_blosum_s42
S669,0.9,1.4762344360351562,2WQG,I36A,gnn_local_blosum_s42
S669,0.3,1.0925557613372803,2WQG,I36V,gnn_local_blosum_s42
S669,0.4,1.0641497373580933,2WQG,K14A,gnn_local_blosum_s42
S669,1.9,1.3397233486175537,2WQG,K14G,gnn_local_blosum_s42
S669,0.3,0.81520015001297,2WQG,K19A,gnn_local_blosum_s42
S669,0.6,1.3349255323410034,2WQG,K28A,gnn_local_blosum_s42
S669,0.5,2.539100408554077,2WQG,L13A,gnn_local_blosum_s42
S669,1.3,1.8228192329406738,2WQG,L16A,gnn_local_blosum_s42
S669,2.0,1.8160204887390137,2WQG,L8A,gnn_local_blosum_s42
S669,0.6,0.8293230533599854,2WQG,Q12A,gnn_local_blosum_s42
S669,2.0,0.9747101664543152,2WQG,Q12G,gnn_local_blosum_s42
S669,-0.1,0.7301523089408875,2WQG,Q33A,gnn_local_blosum_s42
S669,0.8,1.2482720613479614,2WQG,R34A,gnn_local_blosum_s42
S669,0.6,0.9145429730415344,2WQG,S23A,gnn_local_blosum_s42
S669,-0.1,0.20050421357154846,2WQG,S6A,gnn_local_blosum_s42
S669,0.2,0.4643577039241791,2WQG,S6G,gnn_local_blosum_s42
S669,-0.1,1.0228605270385742,2WQG,T9S,gnn_local_blosum_s42
S669,0.1,1.861412525177002,2WQG,V10A,gnn_local_blosum_s42
S669,0.7,2.2305684089660645,2WQG,V10G,gnn_local_blosum_s42
S669,-0.4,1.3148125410079956,2WQG,V11A,gnn_local_blosum_s42
S669,-0.1,1.7350881099700928,2WQG,V11G,gnn_local_blosum_s42
S669,0.5,1.641059160232544,2WQG,V24A,gnn_local_blosum_s42
S669,2.4,1.47086501121521,2WQG,Y5F,gnn_local_blosum_s42
S669,0.74,0.3025864362716675,2ZTA,E11Q,gnn_local_blosum_s42
S669,-0.2,0.6397321820259094,2ZTA,E20Q,gnn_local_blosum_s42
S669,1.83,0.7314565181732178,2ZTA,E22Q,gnn_local_blosum_s42
S669,0.41,0.9779780507087708,2ZTA,K15A,gnn_local_blosum_s42
S669,0.91,0.8252885341644287,2ZTA,K27A,gnn_local_blosum_s42
S669,0.06,0.7547178864479065,2ZTA,K28A,gnn_local_blosum_s42
S669,0.39,0.8953039050102234,2ZTA,K8A,gnn_local_blosum_s42
S669,1.66,0.7411969304084778,2ZTA,R25A,gnn_local_blosum_s42
S669,1.506,2.0442700386047363,3BN0,I20V,gnn_local_blosum_s42
S669,-0.43,2.104581594467163,3C2I,F155S,gnn_local_blosum_s42
S669,-0.47,1.2595067024230957,3C2I,T158A,gnn_local_blosum_s42
S669,-0.25,0.7520247101783752,3C2I,T158M,gnn_local_blosum_s42
S669,0.5,0.28833210468292236,3FIS,P61A,gnn_local_blosum_s42
S669,-0.34,-0.24701127409934998,3G1G,D155Y,gnn_local_blosum_s42
S669,0.74,2.2357802391052246,3G1G,F167Y,gnn_local_blosum_s42
S669,0.17,1.9096627235412598,3G1G,I190V,gnn_local_blosum_s42
S669,-1.32,0.4619672894477844,3G1G,R185W,gnn_local_blosum_s42
S669,3.35,0.3610629737377167,3K82,E334L,gnn_local_blosum_s42
S669,1.68,0.9903724789619446,3K82,E334Q,gnn_local_blosum_s42
S669,-5.49,0.4433135390281677,3K82,E401R,gnn_local_blosum_s42
S669,-1.194,0.4443981349468231,3MON,R39G,gnn_local_blosum_s42
S669,2.866,0.13388201594352722,3MON,W3C,gnn_local_blosum_s42
S669,3.25,1.8554294109344482,3O39,L32P,gnn_local_blosum_s42
S669,-2.03,1.0510568618774414,3S92,H395R,gnn_local_blosum_s42
S669,-0.574,-0.16301216185092926,4N6V,H75W,gnn_local_blosum_s42
S669,1.362,0.3544873595237732,4N6V,P36G,gnn_local_blosum_s42
S669,-1.745,-0.04919232055544853,4N6V,P79S,gnn_local_blosum_s42
S669,0.71,1.3479201793670654,4YEE,V134T,gnn_local_blosum_s42
S669,0.93,0.2452578842639923,4YEF,T134V,gnn_local_blosum_s42
S669,1.44,-0.05302908644080162,5JXB,D329G,gnn_local_blosum_s42
S669,1.44,0.04900496080517769,5JXB,D329P,gnn_local_blosum_s42
S669,1.8,1.183976173400879,1A0F,S11A,gnn_local_blosum_s42
S669,2.69,0.6978971362113953,1A7V,A104H,gnn_local_blosum_s42
S669,1.98,0.6965649724006653,1A7V,A66H,gnn_local_blosum_s42
S669,1.7,1.6746087074279785,1A7V,A91H,gnn_local_blosum_s42
S669,1.36,0.3643321692943573,1A7V,D3H,gnn_local_blosum_s42
S669,2.05,0.2758484482765198,1A7V,D58H,gnn_local_blosum_s42
S669,3.01,0.4470495879650116,1A7V,E73H,gnn_local_blosum_s42
S669,0.6,0.4613569974899292,1A7V,K13H,gnn_local_blosum_s42
S669,2.88,0.6199066042900085,1A7V,K20H,gnn_local_blosum_s42
S669,1.36,0.5081084370613098,1A7V,K31H,gnn_local_blosum_s42
S669,1.86,0.2684759795665741,1A7V,K39H,gnn_local_blosum_s42
S669,2.02,0.6497827172279358,1A7V,K49H,gnn_local_blosum_s42
S669,2.88,0.9421452879905701,1A7V,K84H,gnn_local_blosum_s42
S669,1.97,0.7206833958625793,1A7V,K97H,gnn_local_blosum_s42
S669,0.821,0.6139487028121948,1BNL,D76A,gnn_local_blosum_s42
S669,0.46,-0.08749303221702576,1DIV,D23A,gnn_local_blosum_s42
S669,0.58,0.07669985294342041,1DIV,D23N,gnn_local_blosum_s42
S669,0.3,0.2593165934085846,1DIV,D8N,gnn_local_blosum_s42
S669,0.98,0.08428855240345001,1DIV,E100A,gnn_local_blosum_s42
S669,1.52,0.22774866223335266,1DIV,E100G,gnn_local_blosum_s42
S669,0.21,0.4738394021987915,1DIV,E17Q,gnn_local_blosum_s42
S669,0.56,0.8730791211128235,1DIV,E38Q,gnn_local_blosum_s42
S669,-0.03,0.5529596209526062,1DIV,E48Q,gnn_local_blosum_s42
S669,-0.33,0.12988725304603577,1DIV,E54Q,gnn_local_blosum_s42
S669,1.53,1.0690538883209229,1DIV,H106Q,gnn_local_blosum_s42
S669,3.52,1.5300463438034058,1DIV,I115A,gnn_local_blosum_s42
S669,2.22,2.204927682876587,1DIV,I4A,gnn_local_blosum_s42
S669,0.59,1.70330011844635,1DIV,I4V,gnn_local_blosum_s42
S669,3.49,1.8274791240692139,1DIV,I79A,gnn_local_blosum_s42
S669,3.19,1.9112131595611572,1DIV,I93A,gnn_local_blosum_s42
S669,4.28,2.3262712955474854,1DIV,I98A,gnn_local_blosum_s42
S669,-0.05,0.01980096474289894,1DIV,K10M,gnn_local_blosum_s42
S669,-0.01,0.0516991950571537,1DIV,K14M,gnn_local_blosum_s42
S669,0.31,0.2114887833595276,1DIV,K15M,gnn_local_blosum_s42
S669,-0.35,-0.018385108560323715,1DIV,K7M,gnn_local_blosum_s42
S669,-0.61,0.2370396852493286,1DIV,K96A,gnn_local_blosum_s42
S669,0.2,0.37534183263778687,1DIV,K96G,gnn_local_blosum_s42
S669,2.37,2.3842201232910156,1DIV,L102A,gnn_local_blosum_s42
S669,2.33,1.642525315284729,1DIV,L108A,gnn_local_blosum_s42
S669,3.21,1.3897992372512817,1DIV,L110A,gnn_local_blosum_s42
S669,0.82,1.1279067993164062,1DIV,L117A,gnn_local_blosum_s42
S669,2.76,1.9686546325683594,1DIV,L30A,gnn_local_blosum_s42
S669,3.62,1.473851203918457,1DIV,L30V,gnn_local_blosum_s42
S669,3.1,1.219988465309143,1DIV,L6A,gnn_local_blosum_s42
S669,0.13,0.4472030997276306,1DIV,L6I,gnn_local_blosum_s42
S669,0.41,0.64988774061203,1DIV,L6V,gnn_local_blosum_s42
S669,3.77,1.642378568649292,1DIV,L72A,gnn_local_blosum_s42
S669,1.46,1.3848977088928223,1DIV,M1A,gnn_local_blosum_s42
S669,2.36,1.715869426727295,1DIV,M1G,gnn_local_blosum_s42
S669,2.33,1.6584360599517822,1DIV,V21A,gnn_local_blosum_s42
S669,0.4,0.9203252196311951,1DIV,V21I,gnn_local_blosum_s42
S669,1.23,1.0230106115341187,1DIV,V21L,gnn_local_blosum_s42
S669,2.55,2.2056236267089844,1DIV,V3A,gnn_local_blosum_s42
S669,0.31,1.4285894632339478,1DIV,V3I,gnn_local_blosum_s42
S669,2.21,1.5168830156326294,1DIV,V3L,gnn_local_blosum_s42
S669,3.7,0.5158354043960571,1DXX,K18N,gnn_local_blosum_s42
S669,-0.6,1.4286705255508423,1FH5,S18N,gnn_local_blosum_s42
S669,1.38,1.5826960802078247,1FT8,L212V,gnn_local_blosum_s42
S669,0.35,0.7749422192573547,1FT8,L238I,gnn_local_blosum_s42
S669,-0.27,0.8869513869285583,1FT8,M216L,gnn_local_blosum_s42
S669,1.6,1.4898452758789062,1GWY,A8D,gnn_local_blosum_s42
S669,3.3,1.5126625299453735,1ITM,C24T,gnn_local_blosum_s42
S669,5.0,0.2016267329454422,1ITM,C3T,gnn_local_blosum_s42
S669,-1.4,0.5140482783317566,1ITM,W91S,gnn_local_blosum_s42
S669,1.162,0.4586041271686554,1JLV,E64D,gnn_local_blosum_s42
S669,2.3040000000000003,0.405549556016922,1JLV,E64N,gnn_local_blosum_s42
S669,2.302,0.37857887148857117,1JLV,E64Q,gnn_local_blosum_s42
S669,-1.4,1.1823171377182007,1LVM,E106G,gnn_local_blosum_s42
S669,-0.43,0.4716498851776123,1LVM,K45F,gnn_local_blosum_s42
S669,-0.0,0.8526982665061951,1LVM,L56V,gnn_local_blosum_s42
S669,-0.6,-0.1466260403394699,1LVM,Q58F,gnn_local_blosum_s42
S669,2.5,0.7722188830375671,1N18,E100G,gnn_local_blosum_s42
S669,1.4,1.0759226083755493,1N18,G85R,gnn_local_blosum_s42
S669,-1.4,1.0420740842819214,1N18,H46R,gnn_local_blosum_s42
S669,3.3,0.42064395546913147,1O1U,E110A,gnn_local_blosum_s42
S669,1.2,0.6767163872718811,1O1U,N61A,gnn_local_blosum_s42
S669,0.3,0.6013113856315613,1O1U,Q51A,gnn_local_blosum_s42
S669,-0.3,0.811120867729187,1O1U,Q99A,gnn_local_blosum_s42
S669,1.2,1.021935224533081,1O1U,T38A,gnn_local_blosum_s42
S669,1.2,1.6266318559646606,1O1U,W49Y,gnn_local_blosum_s42
S669,0.05,0.8858627676963806,1OSI,I11V,gnn_local_blosum_s42
S669,-0.39,0.9517003297805786,1OSI,S92F,gnn_local_blosum_s42
S669,0.78,1.1116365194320679,1OSI,V15I,gnn_local_blosum_s42
S669,1.53,2.994107961654663,1PFL,A20T,gnn_local_blosum_s42
S669,1.96,0.5123902559280396,1PFL,G117V,gnn_local_blosum_s42
S669,3.53,2.278484582901001,1PFL,M113T,gnn_local_blosum_s42
S669,-0.07,0.8215408325195312,1PFL,T108M,gnn_local_blosum_s42
S669,0.3,0.7270521521568298,1PRG,Q286P,gnn_local_blosum_s42
S669,-0.06,0.672217071056366,1PRG,R288H,gnn_local_blosum_s42
S669,-0.03,0.9725775718688965,1PRG,V290M,gnn_local_blosum_s42
S669,-0.8,1.462808609008789,1SPD,C111S,gnn_local_blosum_s42
S669,-0.1,1.8549751043319702,1SPD,C6A,gnn_local_blosum_s42
S669,2.9,0.7165843844413757,1XWS,E124Q,gnn_local_blosum_s42
S669,4.59,0.7888281941413879,1XWS,E135K,gnn_local_blosum_s42
S669,3.22,0.9327309727668762,1XWS,E142D,gnn_local_blosum_s42
S669,3.3,1.131005048751831,1XWS,Y53H,gnn_local_blosum_s42
S669,0.86,0.7394144535064697,1XXN,N32D,gnn_local_blosum_s42
S669,0.645,0.779634952545166,1XXN,N54E,gnn_local_blosum_s42
S669,-0.239,0.9844254851341248,1XXN,S22E,gnn_local_blosum_s42
S669,0.645,1.542234182357788,1XXN,S27E,gnn_local_blosum_s42
S669,-2.87,0.9235225915908813,1XZO,F42W,gnn_local_blosum_s42
S669,2.89,1.5400135517120361,1XZO,W101F,gnn_local_blosum_s42
S669,8.93,1.1426070928573608,1XZO,W36A,gnn_local_blosum_s42
S669,4.25,0.770528256893158,1XZO,W36F,gnn_local_blosum_s42
S669,0.7170000000000001,1.3329322338104248,2ARF,H1069Q,gnn_local_blosum_s42
S669,-1.07,0.331371009349823,2H3F,E12A,gnn_local_blosum_s42
S669,-1.536,0.5016144514083862,2JIE,H104R,gnn_local_blosum_s42
S669,0.209,-0.20964935421943665,2JIE,Q22S,gnn_local_blosum_s42
S669,1.246,0.5265713930130005,2JIE,S17A,gnn_local_blosum_s42
S669,-0.951,0.30422088503837585,2JIE,S19A,gnn_local_blosum_s42
S669,0.994,0.32384270429611206,2JIE,T18A,gnn_local_blosum_s42
S669,-2.19,-0.13455650210380554,2JIE,W123F,gnn_local_blosum_s42
S669,-1.06,0.15682265162467957,2JIE,W123H,gnn_local_blosum_s42
S669,3.443,1.0811104774475098,2JIE,Y21A,gnn_local_blosum_s42
S669,-1.26,0.46217507123947144,2KS4,D9A,gnn_local_blosum_s42
S669,0.23,0.5786221027374268,2KS4,E2A,gnn_local_blosum_s42
S669,1.57,1.8132559061050415,2LTB,L558P,gnn_local_blosum_s42
S669,3.11,2.3178298473358154,2LTB,L569R,gnn_local_blosum_s42
S669,3.34,0.8686113953590393,2LTB,M619K,gnn_local_blosum_s42
S669,1.1,0.7487605214118958,2LTB,R533Q,gnn_local_blosum_s42
S669,0.36,1.179195761680603,2LTB,R555Q,gnn_local_blosum_s42
S669,-1.79,0.5834046006202698,2LTB,R555W,gnn_local_blosum_s42
S669,4.0,0.27301010489463806,2M5S,D302A,gnn_local_blosum_s42
S669,2.0,1.4616572856903076,2M5S,H305A,gnn_local_blosum_s42
S669,2.3,0.8736884593963623,2NTE,R658C,gnn_local_blosum_s42
S669,-0.5,0.18716831505298615,2PR5,A33Y,gnn_local_blosum_s42
S669,0.4,1.0368931293487549,2PR5,A81M,gnn_local_blosum_s42
S669,-0.3,0.8819237351417542,2PR5,D109E,gnn_local_blosum_s42
S669,-0.3,-0.12777236104011536,2PR5,H22K,gnn_local_blosum_s42
S669,-1.2,-0.1827593743801117,2PR5,H22W,gnn_local_blosum_s42
S669,-2.9,0.9102014899253845,2PR5,M111F,gnn_local_blosum_s42
S669,-0.9,0.29348063468933105,2PR5,N107F,gnn_local_blosum_s42
S669,-0.8,0.3321951627731323,2PR5,N107Y,gnn_local_blosum_s42
S669,-1.1,0.3830462098121643,2PR5,N124F,gnn_local_blosum_s42
S669,-2.6,0.5216667056083679,2PR5,N124Y,gnn_local_blosum_s42
S669,-0.5,1.4223761558532715,2PR5,T30M,gnn_local_blosum_s42
S669,0.5,1.2892913818359375,2PR5,T50M,gnn_local_blosum_s42
S669,-0.2,0.41198089718818665,2PR5,T54Y,gnn_local_blosum_s42
S669,-1.4,0.6905375123023987,2PR5,V120I,gnn_local_blosum_s42
S669,-0.4,0.9759218692779541,2PR5,V25I,gnn_local_blosum_s42
S669,0.2,1.387118935585022,2PR5,V88L,gnn_local_blosum_s42
S669,0.7,0.8010740280151367,2PR5,V90I,gnn_local_blosum_s42
S669,6.597,0.44168201088905334,2VY0,E53A,gnn_local_blosum_s42
S669,-1.369,0.8940224051475525,3BCI,E96Q,gnn_local_blosum_s42
S669,0.65,0.05356188490986824,3D3B,D118A,gnn_local_blosum_s42
S669,0.6,0.15284626185894012,3D3B,D118E,gnn_local_blosum_s42
S669,1.6,0.0483129657804966,3D3B,D118K,gnn_local_blosum_s42
S669,1.34,0.062276337295770645,3D3B,D118N,gnn_local_blosum_s42
S669,1.41,0.0037443973124027252,3D3B,D118R,gnn_local_blosum_s42
S669,-0.8,0.9232625365257263,3ECU,H46R,gnn_local_blosum_s42
S669,1.3,0.20983324944972992,3S4M,D122Y,gnn_local_blosum_s42
S669,2.5,0.5030267834663391,3S4M,G130V,gnn_local_blosum_s42
S669,-0.096,1.2629530429840088,3S4M,I154F,gnn_local_blosum_s42
S669,0.693,0.8630828857421875,3S4M,W155R,gnn_local_blosum_s42
S669,-0.99,0.622309148311615,4BJX,A89V,gnn_local_blosum_s42
S669,1.435,1.349410057067871,4BUQ,Y48A,gnn_local_blosum_s42
S669,-0.1,1.0307434797286987,4WAA,K65A,gnn_local_blosum_s42
S669,2.07,0.8100027441978455,4WAA,K67A,gnn_local_blosum_s42
S669,0.44,0.7138277888298035,4WAA,R27A,gnn_local_blosum_s42
S669,-0.413,0.41450071334838867,5VP3,R39K,gnn_local_blosum_s42
S669,1.745,0.9455336332321167,1BA3,H461D,gnn_local_blosum_s42
S669,-0.287,0.8700246810913086,1BA3,H489D,gnn_local_blosum_s42
S669,0.287,0.018336493521928787,1BA3,H489K,gnn_local_blosum_s42
S669,0.263,-0.34259212017059326,1BA3,H489M,gnn_local_blosum_s42
S669,1.81,0.8194625973701477,1DIV,V129A,gnn_local_blosum_s42
S669,0.455,1.2979004383087158,1F8I,F345A,gnn_local_blosum_s42
S669,-0.05,0.9561893343925476,1FT8,L349I,gnn_local_blosum_s42
S669,-0.0,0.5553823113441467,1LVM,S135G,gnn_local_blosum_s42
S669,0.88,0.35886603593826294,1NM1,D187N,gnn_local_blosum_s42
S669,1.9,0.14048141241073608,1NM1,D187Y,gnn_local_blosum_s42
S669,2.4,1.2369486093521118,1PRE,C159S,gnn_local_blosum_s42
S669,4.2,1.1448394060134888,1R2Y,R244E,gnn_local_blosum_s42
S669,-0.358,0.5056160688400269,1XXN,N181R,gnn_local_blosum_s42
S669,-3.02,0.9426575899124146,3D2A,M134E,gnn_local_blosum_s42
S669,-3.34,0.7833401560783386,3D2A,M137P,gnn_local_blosum_s42
S669,-2.11,0.2681718170642853,3D2A,S163P,gnn_local_blosum_s42
S669,2.99,-0.021621838212013245,5OAQ,Y429H,gnn_local_blosum_s42
S669,0.7,0.89384925365448,1BFM,M35W,gnn_edge_s42
S669,0.4,1.0818506479263306,1BFM,M35Y,gnn_edge_s42
S669,0.04,0.507135272026062,1D5G,H71Y,gnn_edge_s42
S669,-0.91,1.0996001958847046,1D5G,I20F,gnn_edge_s42
S669,1.0,1.3970487117767334,1EKG,L198C,gnn_edge_s42
S669,2.0,2.3801345825195312,1EKG,L200C,gnn_edge_s42
S669,-1.0,1.3105254173278809,1EKG,L203C,gnn_edge_s42
S669,2.6,0.5656545162200928,1EKG,S181F,gnn_edge_s42
S669,-4.0,0.29115527868270874,1FRD,H42R,gnn_edge_s42
S669,1.1,2.120798349380493,1FXA,E94D,gnn_edge_s42
S669,0.4,1.7832645177841187,1FXA,E94K,gnn_edge_s42
S669,-0.6,2.587373971939087,1FXA,E94Q,gnn_edge_s42
S669,-1.0,0.2348487824201584,1FXA,E95K,gnn_edge_s42
S669,1.0,1.5067893266677856,1FXA,F65A,gnn_edge_s42
S669,0.9,0.47695866227149963,1FXA,F65I,gnn_edge_s42
S669,0.6,1.319554090499878,1FXA,F65W,gnn_edge_s42
S669,0.5,1.6584035158157349,1FXA,F65Y,gnn_edge_s42
S669,2.4,0.7624257802963257,1FXA,R42A,gnn_edge_s42
S669,1.4,1.0083690881729126,1FXA,R42H,gnn_edge_s42
S669,-0.1,0.9743746519088745,1FXA,T48A,gnn_edge_s42
S669,1.22,1.7726519107818604,1GLU,C500A,gnn_edge_s42
S669,1.963,2.1795427799224854,1GUA,A118G,gnn_edge_s42
S669,1.951,1.0347799062728882,1GUA,A118L,gnn_edge_s42
S669,2.149,1.0577505826950073,1GUA,A85G,gnn_edge_s42
S669,0.863,1.252544641494751,1GUA,A97G,gnn_edge_s42
S669,-0.283,1.1144801378250122,1GUA,C81A,gnn_edge_s42
S669,0.912,0.8570470809936523,1GUA,C81I,gnn_edge_s42
S669,0.08,0.5028390884399414,1GUA,C95A,gnn_edge_s42
S669,1.759,2.0590689182281494,1GUA,C96A,gnn_edge_s42
S669,0.043,1.6482990980148315,1GUA,C96L,gnn_edge_s42
S669,0.337,1.1811699867248535,1GUA,C96M,gnn_edge_s42
S669,0.706,0.5770983695983887,1GUA,D117A,gnn_edge_s42
S669,0.855,0.7756180763244629,1GUA,D129A,gnn_edge_s42
S669,0.493,0.3676414489746094,1GUA,D80A,gnn_edge_s42
S669,-0.021,0.4758049547672272,1GUA,E104A,gnn_edge_s42
S669,0.101,0.5664780139923096,1GUA,E124A,gnn_edge_s42
S669,0.591,0.8337887525558472,1GUA,E125A,gnn_edge_s42
S669,3.274,2.8656275272369385,1GUA,I58A,gnn_edge_s42
S669,1.2990000000000002,2.107337474822998,1GUA,I58F,gnn_edge_s42
S669,0.7709999999999999,2.1397547721862793,1GUA,I58L,gnn_edge_s42
S669,0.327,1.1027182340621948,1GUA,K109A,gnn_edge_s42
S669,2.593,1.698562741279602,1GUA,L112A,gnn_edge_s42
S669,2.5340000000000003,1.7885823249816895,1GUA,L121A,gnn_edge_s42
S669,3.405,1.7378756999969482,1GUA,L126A,gnn_edge_s42
S669,3.46,1.4467809200286865,1GUA,L62A,gnn_edge_s42
S669,3.803,1.9162769317626953,1GUA,L78A,gnn_edge_s42
S669,3.529,1.7465280294418335,1GUA,L82A,gnn_edge_s42
S669,1.6,1.111426591873169,1GUA,L82I,gnn_edge_s42
S669,1.7,1.3469557762145996,1GUA,L82V,gnn_edge_s42
S669,3.2260000000000004,1.9427582025527954,1GUA,L86A,gnn_edge_s42
S669,1.575,1.7705450057983398,1GUA,L91A,gnn_edge_s42
S669,0.961,1.0428235530853271,1GUA,M76A,gnn_edge_s42
S669,-0.271,0.9533489942550659,1GUA,N56M,gnn_edge_s42
S669,1.14,1.2321321964263916,1GUA,N64A,gnn_edge_s42
S669,1.7080000000000002,1.4468953609466553,1GUA,P63A,gnn_edge_s42
S669,0.0819999999999999,1.7875279188156128,1GUA,P93A,gnn_edge_s42
S669,0.504,1.4156467914581299,1GUA,Q66A,gnn_edge_s42
S669,0.693,0.8555746078491211,1GUA,R100A,gnn_edge_s42
S669,-0.178,1.199507713317871,1GUA,R59A,gnn_edge_s42
S669,-1.078,0.715355634689331,1GUA,R89L,gnn_edge_s42
S669,1.5730000000000002,1.2438247203826904,1GUA,S77A,gnn_edge_s42
S669,-0.581,1.469177484512329,1GUA,S77T,gnn_edge_s42
S669,0.109,0.5624508857727051,1GUA,T68A,gnn_edge_s42
S669,3.3680000000000003,2.3693673610687256,1GUA,V128A,gnn_edge_s42
S669,2.251,1.7635047435760498,1GUA,V60A,gnn_edge_s42
S669,1.116,1.24253511428833,1GUA,V69A,gnn_edge_s42
S669,1.77,1.4182612895965576,1GUA,V70A,gnn_edge_s42
S669,1.052,1.8158520460128784,1GUA,V72A,gnn_edge_s42
S669,0.8640000000000001,1.6188433170318604,1GUA,V72I,gnn_edge_s42
S669,1.981,1.820026159286499,1GUA,V98A,gnn_edge_s42
S669,1.936,0.5856372117996216,1H0X,P18A,gnn_edge_s42
S669,2.5810000000000004,0.7072113752365112,1H0X,P62A,gnn_edge_s42
S669,2.09,1.382522702217102,1HCQ,C67A,gnn_edge_s42
S669,1.99,1.197248935699463,1HCQ,C67S,gnn_edge_s42
S669,-0.4,1.244353175163269,1IOJ,G15A,gnn_edge_s42
S669,-0.5,-0.021406710147857666,1IV7,A173C,gnn_edge_s42
S669,2.5,1.157991647720337,1IV7,F189C,gnn_edge_s42
S669,1.9,0.9030040502548218,1IV7,L162C,gnn_edge_s42
S669,-4.299,0.3036608099937439,1IV9,S76Y,gnn_edge_s42
S669,-0.1,1.5798547267913818,1J8I,K25A,gnn_edge_s42
S669,-0.1,0.9540079832077026,1J8I,K66A,gnn_edge_s42
S669,-0.8,0.7781400680541992,1J8I,R23A,gnn_edge_s42
S669,0.1,0.9959404468536377,1J8I,R35A,gnn_edge_s42
S669,-0.7,0.6857967376708984,1J8I,R43A,gnn_edge_s42
S669,0.1,0.9084469079971313,1J8I,R9A,gnn_edge_s42
S669,1.44,0.12470945715904236,1JL9,A25C,gnn_edge_s42
S669,1.6969999999999998,4.1884870529174805,1L6H,F39A,gnn_edge_s42
S669,0.55,2.3380746841430664,1L6H,Y45A,gnn_edge_s42
S669,1.482,2.59360408782959,1L6H,Y48A,gnn_edge_s42
S669,1.39,1.3045493364334106,1N88,F21A,gnn_edge_s42
S669,1.39,2.260537624359131,1N88,I39A,gnn_edge_s42
S669,2.79,1.5013145208358765,1N88,I80A,gnn_edge_s42
S669,2.35,2.3172097206115723,1N88,I89A,gnn_edge_s42
S669,1.52,1.7239861488342285,1N88,I8V,gnn_edge_s42
S669,1.52,0.7419781684875488,1N88,L13A,gnn_edge_s42
S669,1.11,0.8338809013366699,1N88,L57A,gnn_edge_s42
S669,1.94,0.45581740140914917,1N88,V12A,gnn_edge_s42
S669,2.84,2.5593550205230713,1N88,V30A,gnn_edge_s42
S669,2.82,2.7905611991882324,1N88,V43A,gnn_edge_s42
S669,2.83,1.7597728967666626,1N88,V49A,gnn_edge_s42
S669,3.24,2.1104609966278076,1N88,V51A,gnn_edge_s42
S669,3.73,2.4377222061157227,1N88,V54A,gnn_edge_s42
S669,2.82,3.127242088317871,1N88,V81A,gnn_edge_s42
S669,3.1,2.3593711853027344,1N88,V83A,gnn_edge_s42
S669,-0.06,0.3507843613624573,1N88,Y18A,gnn_edge_s42
S669,4.61,1.198541522026062,1N88,Y26A,gnn_edge_s42
S669,1.2,1.0449206829071045,1O6X,A31G,gnn_edge_s42
S669,1.4,1.4456323385238647,1O6X,A50G,gnn_edge_s42
S669,-0.36,-0.003141462802886963,1O6X,D38A,gnn_edge_s42
S669,0.3,0.11624681949615479,1O6X,E14A,gnn_edge_s42
S669,1.42,0.8302198648452759,1O6X,E20G,gnn_edge_s42
S669,1.88,0.9295798540115356,1O6X,F39L,gnn_edge_s42
S669,0.98,1.1826528310775757,1O6X,F65A,gnn_edge_s42
S669,0.61,0.7053350210189819,1O6X,H51A,gnn_edge_s42
S669,0.43,1.6415014266967773,1O6X,I15V,gnn_edge_s42
S669,-0.42,1.301332712173462,1O6X,I23V,gnn_edge_s42
S669,1.31,1.8299418687820435,1O6X,I71V,gnn_edge_s42
S669,1.31,1.0668267011642456,1O6X,I75A,gnn_edge_s42
S669,1.98,1.1017005443572998,1O6X,K41A,gnn_edge_s42
S669,0.97,2.0556282997131348,1O6X,L26V,gnn_edge_s42
S669,0.08,0.4752267897129059,1O6X,N58A,gnn_edge_s42
S669,0.49,0.5331391096115112,1O6X,Q60G,gnn_edge_s42
S669,1.1,1.2570359706878662,1O6X,V12A,gnn_edge_s42
S669,1.08,2.0216593742370605,1O6X,V52A,gnn_edge_s42
S669,1.1,1.0275771617889404,1O6X,V64G,gnn_edge_s42
S669,2.78,0.23340755701065063,1O6X,Y73L,gnn_edge_s42
S669,0.13,1.1947044134140015,1R6R,I88N,gnn_edge_s42
S669,2.81,1.0574259757995605,1R6R,L50S,gnn_edge_s42
S669,0.24,0.698512077331543,1R6R,L54S,gnn_edge_s42
S669,6.84,1.6024601459503174,1R6R,L81N,gnn_edge_s42
S669,4.493,1.880183458328247,2BJD,V84D,gnn_edge_s42
S669,4.517,1.709297776222229,2BJD,V84P,gnn_edge_s42
S669,2.103,0.6298991441726685,2BJD,Y86E,gnn_edge_s42
S669,0.012,1.125666856765747,2C9Q,Y79F,gnn_edge_s42
S669,1.233,1.8201498985290527,2C9Q,Y79W,gnn_edge_s42
S669,-0.12,1.1354011297225952,2CLR,H13F,gnn_edge_s42
S669,-2.605,0.26431578397750854,2CLR,H31F,gnn_edge_s42
S669,1.912,1.3237407207489014,2CLR,H51F,gnn_edge_s42
S669,2.629,0.8626667261123657,2CLR,H84A,gnn_edge_s42
S669,-0.89,0.7873626947402954,2DVV,Q443H,gnn_edge_s42
S669,0.02,0.6785646677017212,2DVV,R419W,gnn_edge_s42
S669,0.32,0.7385952472686768,2HBB,A22G,gnn_edge_s42
S669,1.79,2.1748743057250977,2HBB,A26G,gnn_edge_s42
S669,1.55,2.0163538455963135,2HBB,A36G,gnn_edge_s42
S669,1.59,1.0769801139831543,2HBB,A39G,gnn_edge_s42
S669,0.33,0.10496416687965393,2HBB,A42G,gnn_edge_s42
S669,0.55,0.6789870262145996,2HBB,A46G,gnn_edge_s42
S669,0.22,0.2372698187828064,2HBB,A49G,gnn_edge_s42
S669,0.03,0.43077215552330017,2HBB,D23A,gnn_edge_s42
S669,0.79,0.6654199361801147,2HBB,D23N,gnn_edge_s42
S669,1.3,0.3767533004283905,2HBB,D8A,gnn_edge_s42
S669,0.38,0.39346566796302795,2HBB,D8N,gnn_edge_s42
S669,1.69,0.5315645933151245,2HBB,E17A,gnn_edge_s42
S669,0.33,0.34739893674850464,2HBB,E17Q,gnn_edge_s42
S669,0.41,0.3262573182582855,2HBB,E38A,gnn_edge_s42
S669,0.68,0.6630163192749023,2HBB,E38Q,gnn_edge_s42
S669,-0.07,0.09352391958236694,2HBB,E48Q,gnn_edge_s42
S669,2.84,1.8824598789215088,2HBB,F31A,gnn_edge_s42
S669,1.15,0.5727037191390991,2HBB,F5L,gnn_edge_s42
S669,-0.02,1.2780190706253052,2HBB,G24A,gnn_edge_s42
S669,1.02,0.6032403111457825,2HBB,G34A,gnn_edge_s42
S669,2.05,1.1543830633163452,2HBB,I18A,gnn_edge_s42
S669,0.07,0.8153131008148193,2HBB,I18V,gnn_edge_s42
S669,1.28,1.7766330242156982,2HBB,I37A,gnn_edge_s42
S669,-0.09,1.2447404861450195,2HBB,I37V,gnn_edge_s42
S669,0.59,1.3853158950805664,2HBB,I4V,gnn_edge_s42
S669,-0.13,0.26762086153030396,2HBB,K10E,gnn_edge_s42
S669,-0.47,0.32624515891075134,2HBB,K10M,gnn_edge_s42
S669,-0.61,0.44899651408195496,2HBB,K12A,gnn_edge_s42
S669,-0.03,0.6798759698867798,2HBB,K12G,gnn_edge_s42
S669,-1.8,0.19073449075222015,2HBB,K12M,gnn_edge_s42
S669,0.73,0.47517865896224976,2HBB,K14A,gnn_edge_s42
S669,1.3,0.33244621753692627,2HBB,K14G,gnn_edge_s42
S669,0.34,0.08484958112239838,2HBB,K14M,gnn_edge_s42
S669,1.74,0.012597456574440002,2HBB,K15G,gnn_edge_s42
S669,0.44,-0.07479146122932434,2HBB,K15M,gnn_edge_s42
S669,-0.21,-0.07547035813331604,2HBB,K7M,gnn_edge_s42
S669,2.76,2.1508607864379883,2HBB,L30A,gnn_edge_s42
S669,1.21,1.5457231998443604,2HBB,L35A,gnn_edge_s42
S669,1.73,1.0368837118148804,2HBB,L44A,gnn_edge_s42
S669,0.84,1.2070062160491943,2HBB,L47A,gnn_edge_s42
S669,3.1,1.5227482318878174,2HBB,L6A,gnn_edge_s42
S669,1.46,1.2999188899993896,2HBB,M1A,gnn_edge_s42
S669,0.8,-0.04913637042045593,2HBB,T40S,gnn_edge_s42
S669,2.33,1.5796313285827637,2HBB,V21A,gnn_edge_s42
S669,2.55,2.164645195007324,2HBB,V3A,gnn_edge_s42
S669,1.81,1.5643091201782227,2HBB,V9A,gnn_edge_s42
S669,2.54,0.7317832708358765,2JUC,C57D,gnn_edge_s42
S669,0.71,0.861555814743042,2JUC,C57S,gnn_edge_s42
S669,1.75,0.6937570571899414,2JUC,R18A,gnn_edge_s42
S669,-1.2,1.2831944227218628,2KJ3,D288A,gnn_edge_s42
S669,-1.9,0.3580818772315979,2KJ3,E272A,gnn_edge_s42
S669,0.8,1.8311634063720703,2KJ3,G278A,gnn_edge_s42
S669,-1.5,0.5856866836547852,2KJ3,K229A,gnn_edge_s42
S669,-1.0,2.111854314804077,2KJ3,L241A,gnn_edge_s42
S669,-1.4,0.4522237479686737,2KJ3,S273A,gnn_edge_s42
S669,-1.0,1.6933393478393555,2KJ3,V239A,gnn_edge_s42
S669,-1.0,1.141466498374939,2KJ3,V264A,gnn_edge_s42
S669,-0.2,1.6875542402267456,2KJ3,V267A,gnn_edge_s42
S669,0.24,1.3728169202804565,2MPC,A89T,gnn_edge_s42
S669,-0.62,0.40620872378349304,2MPC,R42A,gnn_edge_s42
S669,-2.08,0.09535989165306091,2MPC,R42W,gnn_edge_s42
S669,0.6,0.6002424955368042,2N7Z,P88A,gnn_edge_s42
S669,-0.44,1.9301433563232422,2OUO,A420D,gnn_edge_s42
S669,2.43,1.3788713216781616,2PTL,A22G,gnn_edge_s42
S669,-0.1,0.8984240293502808,2PTL,A27P,gnn_edge_s42
S669,0.83,0.711077094078064,2PTL,A27V,gnn_edge_s42
S669,2.17,1.1659629344940186,2PTL,A34G,gnn_edge_s42
S669,-1.47,-0.11693030595779419,2PTL,A34V,gnn_edge_s42
S669,2.54,1.1374082565307617,2PTL,A43G,gnn_edge_s42
S669,3.1,2.2719783782958984,2PTL,A47G,gnn_edge_s42
S669,1.32,0.7114095687866211,2PTL,A49G,gnn_edge_s42
S669,3.12,2.273564338684082,2PTL,A51G,gnn_edge_s42
S669,0.49,0.9208530187606812,2PTL,A66G,gnn_edge_s42
S669,1.21,0.4635492265224457,2PTL,D52A,gnn_edge_s42
S669,2.14,0.4298008680343628,2PTL,D52G,gnn_edge_s42
S669,0.2,-0.17234507203102112,2PTL,D64A,gnn_edge_s42
S669,0.59,0.6243513822555542,2PTL,E35A,gnn_edge_s42
S669,1.19,0.4448799192905426,2PTL,E46G,gnn_edge_s42
S669,1.08,0.5270525217056274,2PTL,E46I,gnn_edge_s42
S669,0.23,1.2258732318878174,2PTL,E60A,gnn_edge_s42
S669,3.12,2.4647350311279297,2PTL,F26A,gnn_edge_s42
S669,0.68,2.131199836730957,2PTL,F26L,gnn_edge_s42
S669,4.15,1.5749729871749878,2PTL,F36A,gnn_edge_s42
S669,3.12,0.9895670413970947,2PTL,F36L,gnn_edge_s42
S669,3.08,1.7970972061157227,2PTL,F40G,gnn_edge_s42
S669,0.38,1.0611226558685303,2PTL,F40L,gnn_edge_s42
S669,3.34,1.9671589136123657,2PTL,F76L,gnn_edge_s42
S669,3.73,1.6397099494934082,2PTL,F76V,gnn_edge_s42
S669,1.52,0.38526201248168945,2PTL,G29A,gnn_edge_s42
S669,2.53,0.3168003559112549,2PTL,G29V,gnn_edge_s42
S669,2.08,1.0248438119888306,2PTL,G38A,gnn_edge_s42
S669,2.23,1.4168853759765625,2PTL,G59A,gnn_edge_s42
S669,2.04,1.4635237455368042,2PTL,G69A,gnn_edge_s42
S669,4.9,2.439145088195801,2PTL,I20A,gnn_edge_s42
S669,0.56,1.2799402475357056,2PTL,I20V,gnn_edge_s42
S669,1.37,1.6930674314498901,2PTL,I25A,gnn_edge_s42
S669,0.47,0.8263403177261353,2PTL,I25V,gnn_edge_s42
S669,4.72,2.692315101623535,2PTL,I74A,gnn_edge_s42
S669,1.69,1.4857888221740723,2PTL,I74V,gnn_edge_s42
S669,0.92,1.4076488018035889,2PTL,K21A,gnn_edge_s42
S669,0.88,1.3953320980072021,2PTL,K37A,gnn_edge_s42
S669,-0.16,1.210384726524353,2PTL,K42G,gnn_edge_s42
S669,-0.58,2.0950889587402344,2PTL,K55A,gnn_edge_s42
S669,-0.35,1.163662075996399,2PTL,K56A,gnn_edge_s42
S669,0.09,1.8446178436279297,2PTL,K68A,gnn_edge_s42
S669,0.45,0.6079568862915039,2PTL,K75A,gnn_edge_s42
S669,3.12,2.8807950019836426,2PTL,L24A,gnn_edge_s42
S669,2.44,2.260688304901123,2PTL,L54A,gnn_edge_s42
S669,3.77,2.1975064277648926,2PTL,L72A,gnn_edge_s42
S669,1.87,0.07755483686923981,2PTL,N23A,gnn_edge_s42
S669,1.78,1.0485422611236572,2PTL,N28A,gnn_edge_s42
S669,0.34,2.110736608505249,2PTL,N58A,gnn_edge_s42
S669,1.73,1.2397994995117188,2PTL,N73A,gnn_edge_s42
S669,0.3,0.9997438192367554,2PTL,S30A,gnn_edge_s42
S669,-0.41,0.8755722045898438,2PTL,S45A,gnn_edge_s42
S669,0.82,0.7992392778396606,2PTL,S45G,gnn_edge_s42
S669,1.63,1.6912646293640137,2PTL,T19A,gnn_edge_s42
S669,1.17,1.0145103931427002,2PTL,T31A,gnn_edge_s42
S669,1.11,1.258014440536499,2PTL,T33A,gnn_edge_s42
S669,1.25,0.9191440343856812,2PTL,T39A,gnn_edge_s42
S669,1.09,1.5500767230987549,2PTL,T44A,gnn_edge_s42
S669,0.17,1.057422161102295,2PTL,T53G,gnn_edge_s42
S669,0.97,0.7190912961959839,2PTL,T62A,gnn_edge_s42
S669,1.83,1.779468059539795,2PTL,T71A,gnn_edge_s42
S669,1.22,1.8652511835098267,2PTL,V18A,gnn_edge_s42
S669,0.92,1.535730242729187,2PTL,V63A,gnn_edge_s42
S669,1.14,1.2889244556427002,2PTL,V65A,gnn_edge_s42
S669,2.82,1.6147881746292114,2PTL,Y48A,gnn_edge_s42
S669,2.46,1.6571433544158936,2PTL,Y50A,gnn_edge_s42
S669,1.66,2.3285508155822754,2PTL,Y70A,gnn_edge_s42
S669,-0.43,1.3170571327209473,2PTL,Y70L,gnn_edge_s42
S669,-1.05,-0.014552861452102661,2RPN,E7L,gnn_edge_s42
S669,-0.39,0.8064548969268799,2RPN,V21K,gnn_edge_s42
S669,-0.3,0.17832204699516296,2WQG,D15A,gnn_edge_s42
S669,-0.1,0.5490045547485352,2WQG,D38A,gnn_edge_s42
S669,2.2,0.8665510416030884,2WQG,D39A,gnn_edge_s42
S669,2.6,1.4753235578536987,2WQG,D39N,gnn_edge_s42
S669,0.1,0.22376787662506104,2WQG,E40Q,gnn_edge_s42
S669,0.4,0.6559275388717651,2WQG,E41G,gnn_edge_s42
S669,0.9,1.507680892944336,2WQG,I36A,gnn_edge_s42
S669,0.3,1.2680264711380005,2WQG,I36V,gnn_edge_s42
S669,0.4,0.19076479971408844,2WQG,K14A,gnn_edge_s42
S669,1.9,0.45099660754203796,2WQG,K14G,gnn_edge_s42
S669,0.3,0.4963785707950592,2WQG,K19A,gnn_edge_s42
S669,0.6,0.805336594581604,2WQG,K28A,gnn_edge_s42
S669,0.5,1.4803829193115234,2WQG,L13A,gnn_edge_s42
S669,1.3,1.6206494569778442,2WQG,L16A,gnn_edge_s42
S669,2.0,1.3698234558105469,2WQG,L8A,gnn_edge_s42
S669,0.6,0.6859027147293091,2WQG,Q12A,gnn_edge_s42
S669,2.0,0.7060604095458984,2WQG,Q12G,gnn_edge_s42
S669,-0.1,0.5206188559532166,2WQG,Q33A,gnn_edge_s42
S669,0.8,0.8182511329650879,2WQG,R34A,gnn_edge_s42
S669,0.6,0.5825656652450562,2WQG,S23A,gnn_edge_s42
S669,-0.1,0.22704237699508667,2WQG,S6A,gnn_edge_s42
S669,0.2,0.41537538170814514,2WQG,S6G,gnn_edge_s42
S669,-0.1,0.6657134294509888,2WQG,T9S,gnn_edge_s42
S669,0.1,1.0271605253219604,2WQG,V10A,gnn_edge_s42
S669,0.7,1.3084290027618408,2WQG,V10G,gnn_edge_s42
S669,-0.4,0.5122398138046265,2WQG,V11A,gnn_edge_s42
S669,-0.1,0.7909978628158569,2WQG,V11G,gnn_edge_s42
S669,0.5,1.3308861255645752,2WQG,V24A,gnn_edge_s42
S669,2.4,1.618541955947876,2WQG,Y5F,gnn_edge_s42
S669,0.74,0.8083049058914185,2ZTA,E11Q,gnn_edge_s42
S669,-0.2,0.7911789417266846,2ZTA,E20Q,gnn_edge_s42
S669,1.83,0.6509150266647339,2ZTA,E22Q,gnn_edge_s42
S669,0.41,0.8567070960998535,2ZTA,K15A,gnn_edge_s42
S669,0.91,0.3329276144504547,2ZTA,K27A,gnn_edge_s42
S669,0.06,0.5331107378005981,2ZTA,K28A,gnn_edge_s42
S669,0.39,0.6351763010025024,2ZTA,K8A,gnn_edge_s42
S669,1.66,0.6356567740440369,2ZTA,R25A,gnn_edge_s42
S669,1.506,1.4374430179595947,3BN0,I20V,gnn_edge_s42
S669,-0.43,1.9889451265335083,3C2I,F155S,gnn_edge_s42
S669,-0.47,1.0949558019638062,3C2I,T158A,gnn_edge_s42
S669,-0.25,0.6721481084823608,3C2I,T158M,gnn_edge_s42
S669,0.5,0.20891723036766052,3FIS,P61A,gnn_edge_s42
S669,-0.34,0.09111712127923965,3G1G,D155Y,gnn_edge_s42
S669,0.74,2.1115055084228516,3G1G,F167Y,gnn_edge_s42
S669,0.17,0.7223888635635376,3G1G,I190V,gnn_edge_s42
S669,-1.32,0.3610103130340576,3G1G,R185W,gnn_edge_s42
S669,3.35,0.7686558961868286,3K82,E334L,gnn_edge_s42
S669,1.68,2.0954301357269287,3K82,E334Q,gnn_edge_s42
S669,-5.49,0.6855566501617432,3K82,E401R,gnn_edge_s42
S669,-1.194,0.8824100494384766,3MON,R39G,gnn_edge_s42
S669,2.866,0.6319913864135742,3MON,W3C,gnn_edge_s42
S669,3.25,2.3874728679656982,3O39,L32P,gnn_edge_s42
S669,-2.03,0.8172775506973267,3S92,H395R,gnn_edge_s42
S669,-0.574,0.5681273937225342,4N6V,H75W,gnn_edge_s42
S669,1.362,1.0287940502166748,4N6V,P36G,gnn_edge_s42
S669,-1.745,0.6099470853805542,4N6V,P79S,gnn_edge_s42
S669,0.71,1.0490306615829468,4YEE,V134T,gnn_edge_s42
S669,0.93,-0.12696537375450134,4YEF,T134V,gnn_edge_s42
S669,1.44,-0.03166790306568146,5JXB,D329G,gnn_edge_s42
S669,1.44,0.14425113797187805,5JXB,D329P,gnn_edge_s42
S669,1.8,1.0249079465866089,1A0F,S11A,gnn_edge_s42
S669,2.69,0.6909170150756836,1A7V,A104H,gnn_edge_s42
S669,1.98,0.775062084197998,1A7V,A66H,gnn_edge_s42
S669,1.7,1.5186011791229248,1A7V,A91H,gnn_edge_s42
S669,1.36,0.3460712432861328,1A7V,D3H,gnn_edge_s42
S669,2.05,0.5960410833358765,1A7V,D58H,gnn_edge_s42
S669,3.01,0.9047247171401978,1A7V,E73H,gnn_edge_s42
S669,0.6,0.8055933713912964,1A7V,K13H,gnn_edge_s42
S669,2.88,0.984344482421875,1A7V,K20H,gnn_edge_s42
S669,1.36,0.7411047220230103,1A7V,K31H,gnn_edge_s42
S669,1.86,0.3456476926803589,1A7V,K39H,gnn_edge_s42
S669,2.02,0.5024658441543579,1A7V,K49H,gnn_edge_s42
S669,2.88,0.14207854866981506,1A7V,K84H,gnn_edge_s42
S669,1.97,0.5847568511962891,1A7V,K97H,gnn_edge_s42
S669,0.821,0.8380236625671387,1BNL,D76A,gnn_edge_s42
S669,0.46,0.5001039505004883,1DIV,D23A,gnn_edge_s42
S669,0.58,0.798977255821228,1DIV,D23N,gnn_edge_s42
S669,0.3,0.4079186022281647,1DIV,D8N,gnn_edge_s42
S669,0.98,0.2759878635406494,1DIV,E100A,gnn_edge_s42
S669,1.52,0.5173324942588806,1DIV,E100G,gnn_edge_s42
S669,0.21,0.7575134038925171,1DIV,E17Q,gnn_edge_s42
S669,0.56,0.7150604724884033,1DIV,E38Q,gnn_edge_s42
S669,-0.03,0.8382766246795654,1DIV,E48Q,gnn_edge_s42
S669,-0.33,0.2752147614955902,1DIV,E54Q,gnn_edge_s42
S669,1.53,0.7962864637374878,1DIV,H106Q,gnn_edge_s42
S669,3.52,1.2251378297805786,1DIV,I115A,gnn_edge_s42
S669,2.22,2.061917304992676,1DIV,I4A,gnn_edge_s42
S669,0.59,1.3470624685287476,1DIV,I4V,gnn_edge_s42
S669,3.49,1.6670572757720947,1DIV,I79A,gnn_edge_s42
S669,3.19,1.2076613903045654,1DIV,I93A,gnn_edge_s42
S669,4.28,1.8359930515289307,1DIV,I98A,gnn_edge_s42
S669,-0.05,0.4820873737335205,1DIV,K10M,gnn_edge_s42
S669,-0.01,0.18998511135578156,1DIV,K14M,gnn_edge_s42
S669,0.31,0.07079227268695831,1DIV,K15M,gnn_edge_s42
S669,-0.35,0.31098905205726624,1DIV,K7M,gnn_edge_s42
S669,-0.61,0.5000402927398682,1DIV,K96A,gnn_edge_s42
S669,0.2,0.6731572151184082,1DIV,K96G,gnn_edge_s42
S669,2.37,1.9054040908813477,1DIV,L102A,gnn_edge_s42
S669,2.33,1.159440279006958,1DIV,L108A,gnn_edge_s42
S669,3.21,1.267363429069519,1DIV,L110A,gnn_edge_s42
S669,0.82,0.7672204971313477,1DIV,L117A,gnn_edge_s42
S669,2.76,2.061056613922119,1DIV,L30A,gnn_edge_s42
S669,3.62,1.3140991926193237,1DIV,L30V,gnn_edge_s42
S669,3.1,1.0556154251098633,1DIV,L6A,gnn_edge_s42
S669,0.13,0.8224970102310181,1DIV,L6I,gnn_edge_s42
S669,0.41,0.6129443645477295,1DIV,L6V,gnn_edge_s42
S669,3.77,1.3630092144012451,1DIV,L72A,gnn_edge_s42
S669,1.46,1.6066679954528809,1DIV,M1A,gnn_edge_s42
S669,2.36,2.0958659648895264,1DIV,M1G,gnn_edge_s42
S669,2.33,1.9196537733078003,1DIV,V21A,gnn_edge_s42
S669,0.4,1.2363317012786865,1DIV,V21I,gnn_edge_s42
S669,1.23,1.2572588920593262,1DIV,V21L,gnn_edge_s42
S669,2.55,2.2227609157562256,1DIV,V3A,gnn_edge_s42
S669,0.31,1.5028367042541504,1DIV,V3I,gnn_edge_s42
S669,2.21,1.4514706134796143,1DIV,V3L,gnn_edge_s42
S669,3.7,0.10075165331363678,1DXX,K18N,gnn_edge_s42
S669,-0.6,1.8806904554367065,1FH5,S18N,gnn_edge_s42
S669,1.38,1.208860158920288,1FT8,L212V,gnn_edge_s42
S669,0.35,1.231447696685791,1FT8,L238I,gnn_edge_s42
S669,-0.27,1.0462214946746826,1FT8,M216L,gnn_edge_s42
S669,1.6,0.9438246488571167,1GWY,A8D,gnn_edge_s42
S669,3.3,3.3986639976501465,1ITM,C24T,gnn_edge_s42
S669,5.0,-0.06322583556175232,1ITM,C3T,gnn_edge_s42
S669,-1.4,0.8679636716842651,1ITM,W91S,gnn_edge_s42
S669,1.162,0.22353214025497437,1JLV,E64D,gnn_edge_s42
S669,2.3040000000000003,0.4925605058670044,1JLV,E64N,gnn_edge_s42
S669,2.302,0.3373849391937256,1JLV,E64Q,gnn_edge_s42
S669,-1.4,0.241819366812706,1LVM,E106G,gnn_edge_s42
S669,-0.43,1.0985945463180542,1LVM,K45F,gnn_edge_s42
S669,-0.0,1.0764638185501099,1LVM,L56V,gnn_edge_s42
S669,-0.6,0.6146008968353271,1LVM,Q58F,gnn_edge_s42
S669,2.5,1.0802717208862305,1N18,E100G,gnn_edge_s42
S669,1.4,2.693209648132324,1N18,G85R,gnn_edge_s42
S669,-1.4,2.9858853816986084,1N18,H46R,gnn_edge_s42
S669,3.3,0.2342335730791092,1O1U,E110A,gnn_edge_s42
S669,1.2,0.8860419988632202,1O1U,N61A,gnn_edge_s42
S669,0.3,-0.08740416169166565,1O1U,Q51A,gnn_edge_s42
S669,-0.3,0.597640335559845,1O1U,Q99A,gnn_edge_s42
S669,1.2,0.7669107913970947,1O1U,T38A,gnn_edge_s42
S669,1.2,0.9330782890319824,1O1U,W49Y,gnn_edge_s42
S669,0.05,1.6845054626464844,1OSI,I11V,gnn_edge_s42
S669,-0.39,1.72776198387146,1OSI,S92F,gnn_edge_s42
S669,0.78,1.4995434284210205,1OSI,V15I,gnn_edge_s42
S669,1.53,2.2807631492614746,1PFL,A20T,gnn_edge_s42
S669,1.96,0.6049209833145142,1PFL,G117V,gnn_edge_s42
S669,3.53,2.389139175415039,1PFL,M113T,gnn_edge_s42
S669,-0.07,0.7166571617126465,1PFL,T108M,gnn_edge_s42
S669,0.3,1.015797734260559,1PRG,Q286P,gnn_edge_s42
S669,-0.06,0.7278589010238647,1PRG,R288H,gnn_edge_s42
S669,-0.03,0.8504691123962402,1PRG,V290M,gnn_edge_s42
S669,-0.8,0.5671690106391907,1SPD,C111S,gnn_edge_s42
S669,-0.1,0.9799395799636841,1SPD,C6A,gnn_edge_s42
S669,2.9,1.189372181892395,1XWS,E124Q,gnn_edge_s42
S669,4.59,1.0219182968139648,1XWS,E135K,gnn_edge_s42
S669,3.22,1.164284348487854,1XWS,E142D,gnn_edge_s42
S669,3.3,1.3241746425628662,1XWS,Y53H,gnn_edge_s42
S669,0.86,0.44552379846572876,1XXN,N32D,gnn_edge_s42
S669,0.645,0.4137606620788574,1XXN,N54E,gnn_edge_s42
S669,-0.239,0.006865248084068298,1XXN,S22E,gnn_edge_s42
S669,0.645,0.695867657661438,1XXN,S27E,gnn_edge_s42
S669,-2.87,0.34711015224456787,1XZO,F42W,gnn_edge_s42
S669,2.89,1.3695958852767944,1XZO,W101F,gnn_edge_s42
S669,8.93,0.9448609352111816,1XZO,W36A,gnn_edge_s42
S669,4.25,0.7381818294525146,1XZO,W36F,gnn_edge_s42
S669,0.7170000000000001,1.1894166469573975,2ARF,H1069Q,gnn_edge_s42
S669,-1.07,-0.0767282247543335,2H3F,E12A,gnn_edge_s42
S669,-1.536,0.7258040904998779,2JIE,H104R,gnn_edge_s42
S669,0.209,-1.595216989517212,2JIE,Q22S,gnn_edge_s42
S669,1.246,0.8216379880905151,2JIE,S17A,gnn_edge_s42
S669,-0.951,0.9224811792373657,2JIE,S19A,gnn_edge_s42
S669,0.994,0.4194739758968353,2JIE,T18A,gnn_edge_s42
S669,-2.19,-1.015420913696289,2JIE,W123F,gnn_edge_s42
S669,-1.06,-0.609776496887207,2JIE,W123H,gnn_edge_s42
S669,3.443,2.7445385456085205,2JIE,Y21A,gnn_edge_s42
S669,-1.26,-0.21571233868598938,2KS4,D9A,gnn_edge_s42
S669,0.23,0.9987653493881226,2KS4,E2A,gnn_edge_s42
S669,1.57,1.5167107582092285,2LTB,L558P,gnn_edge_s42
S669,3.11,1.8536343574523926,2LTB,L569R,gnn_edge_s42
S669,3.34,0.9901714324951172,2LTB,M619K,gnn_edge_s42
S669,1.1,1.0459001064300537,2LTB,R533Q,gnn_edge_s42
S669,0.36,1.2447211742401123,2LTB,R555Q,gnn_edge_s42
S669,-1.79,0.7764085531234741,2LTB,R555W,gnn_edge_s42
S669,4.0,0.9166998863220215,2M5S,D302A,gnn_edge_s42
S669,2.0,2.1048479080200195,2M5S,H305A,gnn_edge_s42
S669,2.3,1.001412034034729,2NTE,R658C,gnn_edge_s42
S669,-0.5,-0.12911325693130493,2PR5,A33Y,gnn_edge_s42
S669,0.4,1.25919771194458,2PR5,A81M,gnn_edge_s42
S669,-0.3,0.5106296539306641,2PR5,D109E,gnn_edge_s42
S669,-0.3,0.02547670155763626,2PR5,H22K,gnn_edge_s42
S669,-1.2,0.038302354514598846,2PR5,H22W,gnn_edge_s42
S669,-2.9,0.49159058928489685,2PR5,M111F,gnn_edge_s42
S669,-0.9,0.279605507850647,2PR5,N107F,gnn_edge_s42
S669,-0.8,0.6229273080825806,2PR5,N107Y,gnn_edge_s42
S669,-1.1,0.5037893652915955,2PR5,N124F,gnn_edge_s42
S669,-2.6,1.2153031826019287,2PR5,N124Y,gnn_edge_s42
S669,-0.5,1.488854169845581,2PR5,T30M,gnn_edge_s42
S669,0.5,1.203538417816162,2PR5,T50M,gnn_edge_s42
S669,-0.2,0.2596849203109741,2PR5,T54Y,gnn_edge_s42
S669,-1.4,1.1213581562042236,2PR5,V120I,gnn_edge_s42
S669,-0.4,1.91868257522583,2PR5,V25I,gnn_edge_s42
S669,0.2,0.9462202787399292,2PR5,V88L,gnn_edge_s42
S669,0.7,1.3229968547821045,2PR5,V90I,gnn_edge_s42
S669,6.597,0.6153613328933716,2VY0,E53A,gnn_edge_s42
S669,-1.369,2.5983641147613525,3BCI,E96Q,gnn_edge_s42
S669,0.65,0.5062371492385864,3D3B,D118A,gnn_edge_s42
S669,0.6,0.48910409212112427,3D3B,D118E,gnn_edge_s42
S669,1.6,0.1277596354484558,3D3B,D118K,gnn_edge_s42
S669,1.34,0.34073466062545776,3D3B,D118N,gnn_edge_s42
S669,1.41,0.23097193241119385,3D3B,D118R,gnn_edge_s42
S669,-0.8,2.979773998260498,3ECU,H46R,gnn_edge_s42
S669,1.3,-0.14483073353767395,3S4M,D122Y,gnn_edge_s42
S669,2.5,0.14908930659294128,3S4M,G130V,gnn_edge_s42
S669,-0.096,1.4283140897750854,3S4M,I154F,gnn_edge_s42
S669,0.693,0.7664625644683838,3S4M,W155R,gnn_edge_s42
S669,-0.99,1.389100193977356,4BJX,A89V,gnn_edge_s42
S669,1.435,1.223381757736206,4BUQ,Y48A,gnn_edge_s42
S669,-0.1,1.03313148021698,4WAA,K65A,gnn_edge_s42
S669,2.07,1.0509098768234253,4WAA,K67A,gnn_edge_s42
S669,0.44,1.1938203573226929,4WAA,R27A,gnn_edge_s42
S669,-0.413,0.6692434549331665,5VP3,R39K,gnn_edge_s42
S669,1.745,1.285123586654663,1BA3,H461D,gnn_edge_s42
S669,-0.287,0.4126321077346802,1BA3,H489D,gnn_edge_s42
S669,0.287,0.34405866265296936,1BA3,H489K,gnn_edge_s42
S669,0.263,0.24620339274406433,1BA3,H489M,gnn_edge_s42
S669,1.81,1.0226062536239624,1DIV,V129A,gnn_edge_s42
S669,0.455,1.7784228324890137,1F8I,F345A,gnn_edge_s42
S669,-0.05,1.1415350437164307,1FT8,L349I,gnn_edge_s42
S669,-0.0,1.1889681816101074,1LVM,S135G,gnn_edge_s42
S669,0.88,1.337815284729004,1NM1,D187N,gnn_edge_s42
S669,1.9,0.9174817800521851,1NM1,D187Y,gnn_edge_s42
S669,2.4,3.308499813079834,1PRE,C159S,gnn_edge_s42
S669,4.2,1.3799347877502441,1R2Y,R244E,gnn_edge_s42
S669,-0.358,0.5056521892547607,1XXN,N181R,gnn_edge_s42
S669,-3.02,1.2167316675186157,3D2A,M134E,gnn_edge_s42
S669,-3.34,1.0862033367156982,3D2A,M137P,gnn_edge_s42
S669,-2.11,1.1943024396896362,3D2A,S163P,gnn_edge_s42
S669,2.99,1.5033676624298096,5OAQ,Y429H,gnn_edge_s42
S669,0.7,0.9677073955535889,1BFM,M35W,gnn_global_s123
S669,0.4,0.9002118706703186,1BFM,M35Y,gnn_global_s123
S669,0.04,0.7196683883666992,1D5G,H71Y,gnn_global_s123
S669,-0.91,1.0973917245864868,1D5G,I20F,gnn_global_s123
S669,1.0,1.0339030027389526,1EKG,L198C,gnn_global_s123
S669,2.0,1.0274255275726318,1EKG,L200C,gnn_global_s123
S669,-1.0,0.8672344088554382,1EKG,L203C,gnn_global_s123
S669,2.6,0.6097897291183472,1EKG,S181F,gnn_global_s123
S669,-4.0,1.07142174243927,1FRD,H42R,gnn_global_s123
S669,1.1,1.1088600158691406,1FXA,E94D,gnn_global_s123
S669,0.4,1.0460017919540405,1FXA,E94K,gnn_global_s123
S669,-0.6,1.0167217254638672,1FXA,E94Q,gnn_global_s123
S669,-1.0,0.7933340668678284,1FXA,E95K,gnn_global_s123
S669,1.0,1.3223457336425781,1FXA,F65A,gnn_global_s123
S669,0.9,1.2162381410598755,1FXA,F65I,gnn_global_s123
S669,0.6,1.3500077724456787,1FXA,F65W,gnn_global_s123
S669,0.5,1.2924624681472778,1FXA,F65Y,gnn_global_s123
S669,2.4,0.9428694248199463,1FXA,R42A,gnn_global_s123
S669,1.4,0.9827938079833984,1FXA,R42H,gnn_global_s123
S669,-0.1,1.1393481492996216,1FXA,T48A,gnn_global_s123
S669,1.22,1.7931681871414185,1GLU,C500A,gnn_global_s123
S669,1.963,0.8721997141838074,1GUA,A118G,gnn_global_s123
S669,1.951,0.6719250082969666,1GUA,A118L,gnn_global_s123
S669,2.149,0.9549518823623657,1GUA,A85G,gnn_global_s123
S669,0.863,0.9103491306304932,1GUA,A97G,gnn_global_s123
S669,-0.283,0.7751989960670471,1GUA,C81A,gnn_global_s123
S669,0.912,0.638884425163269,1GUA,C81I,gnn_global_s123
S669,0.08,0.6572102308273315,1GUA,C95A,gnn_global_s123
S669,1.759,0.9396531581878662,1GUA,C96A,gnn_global_s123
S669,0.043,0.7742403745651245,1GUA,C96L,gnn_global_s123
S669,0.337,0.8960272669792175,1GUA,C96M,gnn_global_s123
S669,0.706,0.4472636580467224,1GUA,D117A,gnn_global_s123
S669,0.855,0.6337990164756775,1GUA,D129A,gnn_global_s123
S669,0.493,0.3552560806274414,1GUA,D80A,gnn_global_s123
S669,-0.021,0.26569461822509766,1GUA,E104A,gnn_global_s123
S669,0.101,0.5641225576400757,1GUA,E124A,gnn_global_s123
S669,0.591,0.45526254177093506,1GUA,E125A,gnn_global_s123
S669,3.274,1.2275524139404297,1GUA,I58A,gnn_global_s123
S669,1.2990000000000002,1.1133278608322144,1GUA,I58F,gnn_global_s123
S669,0.7709999999999999,1.064518928527832,1GUA,I58L,gnn_global_s123
S669,0.327,0.47608625888824463,1GUA,K109A,gnn_global_s123
S669,2.593,0.9635661840438843,1GUA,L112A,gnn_global_s123
S669,2.5340000000000003,1.0084441900253296,1GUA,L121A,gnn_global_s123
S669,3.405,1.0843020677566528,1GUA,L126A,gnn_global_s123
S669,3.46,1.09317147731781,1GUA,L62A,gnn_global_s123
S669,3.803,1.0592193603515625,1GUA,L78A,gnn_global_s123
S669,3.529,1.2616881132125854,1GUA,L82A,gnn_global_s123
S669,1.6,1.0989395380020142,1GUA,L82I,gnn_global_s123
S669,1.7,1.1812068223953247,1GUA,L82V,gnn_global_s123
S669,3.2260000000000004,1.1189254522323608,1GUA,L86A,gnn_global_s123
S669,1.575,0.9842296838760376,1GUA,L91A,gnn_global_s123
S669,0.961,0.6276100873947144,1GUA,M76A,gnn_global_s123
S669,-0.271,0.5447735786437988,1GUA,N56M,gnn_global_s123
S669,1.14,0.2808300852775574,1GUA,N64A,gnn_global_s123
S669,1.7080000000000002,0.5937238335609436,1GUA,P63A,gnn_global_s123
S669,0.0819999999999999,0.4937937259674072,1GUA,P93A,gnn_global_s123
S669,0.504,0.5385743379592896,1GUA,Q66A,gnn_global_s123
S669,0.693,0.6568973064422607,1GUA,R100A,gnn_global_s123
S669,-0.178,0.4174981713294983,1GUA,R59A,gnn_global_s123
S669,-1.078,0.6309605836868286,1GUA,R89L,gnn_global_s123
S669,1.5730000000000002,0.5154682993888855,1GUA,S77A,gnn_global_s123
S669,-0.581,0.538897693157196,1GUA,S77T,gnn_global_s123
S669,0.109,0.8958175182342529,1GUA,T68A,gnn_global_s123
S669,3.3680000000000003,1.1533480882644653,1GUA,V128A,gnn_global_s123
S669,2.251,1.1094332933425903,1GUA,V60A,gnn_global_s123
S669,1.116,0.837668776512146,1GUA,V69A,gnn_global_s123
S669,1.77,1.059683918952942,1GUA,V70A,gnn_global_s123
S669,1.052,0.924526572227478,1GUA,V72A,gnn_global_s123
S669,0.8640000000000001,0.7728254795074463,1GUA,V72I,gnn_global_s123
S669,1.981,1.0963068008422852,1GUA,V98A,gnn_global_s123
S669,1.936,0.30618494749069214,1H0X,P18A,gnn_global_s123
S669,2.5810000000000004,0.16601242125034332,1H0X,P62A,gnn_global_s123
S669,2.09,1.6912137269973755,1HCQ,C67A,gnn_global_s123
S669,1.99,1.8234351873397827,1HCQ,C67S,gnn_global_s123
S669,-0.4,1.244281530380249,1IOJ,G15A,gnn_global_s123
S669,-0.5,0.6746259331703186,1IV7,A173C,gnn_global_s123
S669,2.5,0.7692244052886963,1IV7,F189C,gnn_global_s123
S669,1.9,0.8149265050888062,1IV7,L162C,gnn_global_s123
S669,-4.299,0.103030726313591,1IV9,S76Y,gnn_global_s123
S669,-0.1,0.7671313881874084,1J8I,K25A,gnn_global_s123
S669,-0.1,0.9105333089828491,1J8I,K66A,gnn_global_s123
S669,-0.8,0.976356029510498,1J8I,R23A,gnn_global_s123
S669,0.1,0.9743610620498657,1J8I,R35A,gnn_global_s123
S669,-0.7,0.9238975048065186,1J8I,R43A,gnn_global_s123
S669,0.1,0.8827932476997375,1J8I,R9A,gnn_global_s123
S669,1.44,1.8109405040740967,1JL9,A25C,gnn_global_s123
S669,1.6969999999999998,2.0500376224517822,1L6H,F39A,gnn_global_s123
S669,0.55,1.6598985195159912,1L6H,Y45A,gnn_global_s123
S669,1.482,1.9359887838363647,1L6H,Y48A,gnn_global_s123
S669,1.39,0.7724711894989014,1N88,F21A,gnn_global_s123
S669,1.39,0.899523138999939,1N88,I39A,gnn_global_s123
S669,2.79,0.6429896354675293,1N88,I80A,gnn_global_s123
S669,2.35,0.8277477025985718,1N88,I89A,gnn_global_s123
S669,1.52,0.8386114835739136,1N88,I8V,gnn_global_s123
S669,1.52,0.8061297535896301,1N88,L13A,gnn_global_s123
S669,1.11,0.48698365688323975,1N88,L57A,gnn_global_s123
S669,1.94,0.7333160042762756,1N88,V12A,gnn_global_s123
S669,2.84,0.6893060207366943,1N88,V30A,gnn_global_s123
S669,2.82,0.8571590781211853,1N88,V43A,gnn_global_s123
S669,2.83,0.7109923362731934,1N88,V49A,gnn_global_s123
S669,3.24,0.6941980719566345,1N88,V51A,gnn_global_s123
S669,3.73,0.6868776082992554,1N88,V54A,gnn_global_s123
S669,2.82,0.8541581630706787,1N88,V81A,gnn_global_s123
S669,3.1,0.6802443861961365,1N88,V83A,gnn_global_s123
S669,-0.06,0.6748011708259583,1N88,Y18A,gnn_global_s123
S669,4.61,0.7156049013137817,1N88,Y26A,gnn_global_s123
S669,1.2,0.3934862017631531,1O6X,A31G,gnn_global_s123
S669,1.4,0.6436359882354736,1O6X,A50G,gnn_global_s123
S669,-0.36,0.29445648193359375,1O6X,D38A,gnn_global_s123
S669,0.3,0.40535682439804077,1O6X,E14A,gnn_global_s123
S669,1.42,0.1263812631368637,1O6X,E20G,gnn_global_s123
S669,1.88,0.6309669017791748,1O6X,F39L,gnn_global_s123
S669,0.98,0.593295156955719,1O6X,F65A,gnn_global_s123
S669,0.61,0.37049567699432373,1O6X,H51A,gnn_global_s123
S669,0.43,0.9025652408599854,1O6X,I15V,gnn_global_s123
S669,-0.42,0.5151709914207458,1O6X,I23V,gnn_global_s123
S669,1.31,0.6917150616645813,1O6X,I71V,gnn_global_s123
S669,1.31,0.727008581161499,1O6X,I75A,gnn_global_s123
S669,1.98,0.24178148806095123,1O6X,K41A,gnn_global_s123
S669,0.97,0.8998228311538696,1O6X,L26V,gnn_global_s123
S669,0.08,0.6219741106033325,1O6X,N58A,gnn_global_s123
S669,0.49,0.529944658279419,1O6X,Q60G,gnn_global_s123
S669,1.1,0.6584227085113525,1O6X,V12A,gnn_global_s123
S669,1.08,0.8301150798797607,1O6X,V52A,gnn_global_s123
S669,1.1,0.49675989151000977,1O6X,V64G,gnn_global_s123
S669,2.78,0.6081138253211975,1O6X,Y73L,gnn_global_s123
S669,0.13,0.27017873525619507,1R6R,I88N,gnn_global_s123
S669,2.81,0.4714442491531372,1R6R,L50S,gnn_global_s123
S669,0.24,0.5919758081436157,1R6R,L54S,gnn_global_s123
S669,6.84,0.39877498149871826,1R6R,L81N,gnn_global_s123
S669,4.493,0.5774906873703003,2BJD,V84D,gnn_global_s123
S669,4.517,0.5424152612686157,2BJD,V84P,gnn_global_s123
S669,2.103,0.42182546854019165,2BJD,Y86E,gnn_global_s123
S669,0.012,1.5778626203536987,2C9Q,Y79F,gnn_global_s123
S669,1.233,1.6937605142593384,2C9Q,Y79W,gnn_global_s123
S669,-0.12,0.5923869609832764,2CLR,H13F,gnn_global_s123
S669,-2.605,0.7115143537521362,2CLR,H31F,gnn_global_s123
S669,1.912,0.6787768602371216,2CLR,H51F,gnn_global_s123
S669,2.629,0.8945729732513428,2CLR,H84A,gnn_global_s123
S669,-0.89,1.034082055091858,2DVV,Q443H,gnn_global_s123
S669,0.02,0.9786595106124878,2DVV,R419W,gnn_global_s123
S669,0.32,0.5416639447212219,2HBB,A22G,gnn_global_s123
S669,1.79,0.8942219018936157,2HBB,A26G,gnn_global_s123
S669,1.55,1.232297420501709,2HBB,A36G,gnn_global_s123
S669,1.59,1.0000418424606323,2HBB,A39G,gnn_global_s123
S669,0.33,0.37555789947509766,2HBB,A42G,gnn_global_s123
S669,0.55,0.4878700375556946,2HBB,A46G,gnn_global_s123
S669,0.22,0.3198773264884949,2HBB,A49G,gnn_global_s123
S669,0.03,0.06325399875640869,2HBB,D23A,gnn_global_s123
S669,0.79,0.1708638221025467,2HBB,D23N,gnn_global_s123
S669,1.3,-0.24006573855876923,2HBB,D8A,gnn_global_s123
S669,0.38,-0.17244498431682587,2HBB,D8N,gnn_global_s123
S669,1.69,0.010026298463344574,2HBB,E17A,gnn_global_s123
S669,0.33,0.07952305674552917,2HBB,E17Q,gnn_global_s123
S669,0.41,0.6602599620819092,2HBB,E38A,gnn_global_s123
S669,0.68,0.7219620943069458,2HBB,E38Q,gnn_global_s123
S669,-0.07,0.24281708896160126,2HBB,E48Q,gnn_global_s123
S669,2.84,0.979811429977417,2HBB,F31A,gnn_global_s123
S669,1.15,0.7370592355728149,2HBB,F5L,gnn_global_s123
S669,-0.02,0.29200589656829834,2HBB,G24A,gnn_global_s123
S669,1.02,0.6230342984199524,2HBB,G34A,gnn_global_s123
S669,2.05,0.8852411508560181,2HBB,I18A,gnn_global_s123
S669,0.07,0.7899993658065796,2HBB,I18V,gnn_global_s123
S669,1.28,1.242931842803955,2HBB,I37A,gnn_global_s123
S669,-0.09,1.1333791017532349,2HBB,I37V,gnn_global_s123
S669,0.59,1.1121467351913452,2HBB,I4V,gnn_global_s123
S669,-0.13,-0.03340819478034973,2HBB,K10E,gnn_global_s123
S669,-0.47,-0.157253235578537,2HBB,K10M,gnn_global_s123
S669,-0.61,0.43818986415863037,2HBB,K12A,gnn_global_s123
S669,-0.03,0.5036170482635498,2HBB,K12G,gnn_global_s123
S669,-1.8,0.4179189205169678,2HBB,K12M,gnn_global_s123
S669,0.73,-0.2225610911846161,2HBB,K14A,gnn_global_s123
S669,1.3,-0.20044365525245667,2HBB,K14G,gnn_global_s123
S669,0.34,-0.2013673186302185,2HBB,K14M,gnn_global_s123
S669,1.74,-0.005299724638462067,2HBB,K15G,gnn_global_s123
S669,0.44,-0.029230661690235138,2HBB,K15M,gnn_global_s123
S669,-0.21,0.11606483161449432,2HBB,K7M,gnn_global_s123
S669,2.76,1.4057530164718628,2HBB,L30A,gnn_global_s123
S669,1.21,0.9791287183761597,2HBB,L35A,gnn_global_s123
S669,1.73,0.9882708787918091,2HBB,L44A,gnn_global_s123
S669,0.84,1.0154895782470703,2HBB,L47A,gnn_global_s123
S669,3.1,0.8536645174026489,2HBB,L6A,gnn_global_s123
S669,1.46,0.6547381281852722,2HBB,M1A,gnn_global_s123
S669,0.8,0.6686911582946777,2HBB,T40S,gnn_global_s123
S669,2.33,0.9663609266281128,2HBB,V21A,gnn_global_s123
S669,2.55,1.2679098844528198,2HBB,V3A,gnn_global_s123
S669,1.81,0.8023440837860107,2HBB,V9A,gnn_global_s123
S669,2.54,1.0857969522476196,2JUC,C57D,gnn_global_s123
S669,0.71,0.9943171739578247,2JUC,C57S,gnn_global_s123
S669,1.75,0.521683394908905,2JUC,R18A,gnn_global_s123
S669,-1.2,0.20362065732479095,2KJ3,D288A,gnn_global_s123
S669,-1.9,0.20081360638141632,2KJ3,E272A,gnn_global_s123
S669,0.8,0.6634250283241272,2KJ3,G278A,gnn_global_s123
S669,-1.5,0.33330851793289185,2KJ3,K229A,gnn_global_s123
S669,-1.0,0.9456896781921387,2KJ3,L241A,gnn_global_s123
S669,-1.4,0.38476890325546265,2KJ3,S273A,gnn_global_s123
S669,-1.0,0.9439237117767334,2KJ3,V239A,gnn_global_s123
S669,-1.0,0.7843800783157349,2KJ3,V264A,gnn_global_s123
S669,-0.2,0.9534670114517212,2KJ3,V267A,gnn_global_s123
S669,0.24,0.2789002060890198,2MPC,A89T,gnn_global_s123
S669,-0.62,-0.19462847709655762,2MPC,R42A,gnn_global_s123
S669,-2.08,-0.19856780767440796,2MPC,R42W,gnn_global_s123
S669,0.6,0.569195032119751,2N7Z,P88A,gnn_global_s123
S669,-0.44,0.9488849639892578,2OUO,A420D,gnn_global_s123
S669,2.43,0.8856399059295654,2PTL,A22G,gnn_global_s123
S669,-0.1,0.6010814905166626,2PTL,A27P,gnn_global_s123
S669,0.83,0.425037145614624,2PTL,A27V,gnn_global_s123
S669,2.17,0.7852948904037476,2PTL,A34G,gnn_global_s123
S669,-1.47,0.6690303087234497,2PTL,A34V,gnn_global_s123
S669,2.54,0.6833845376968384,2PTL,A43G,gnn_global_s123
S669,3.1,0.9139230251312256,2PTL,A47G,gnn_global_s123
S669,1.32,0.611292839050293,2PTL,A49G,gnn_global_s123
S669,3.12,0.893700361251831,2PTL,A51G,gnn_global_s123
S669,0.49,0.47074270248413086,2PTL,A66G,gnn_global_s123
S669,1.21,0.295809805393219,2PTL,D52A,gnn_global_s123
S669,2.14,0.31619971990585327,2PTL,D52G,gnn_global_s123
S669,0.2,0.3736081123352051,2PTL,D64A,gnn_global_s123
S669,0.59,0.2698569893836975,2PTL,E35A,gnn_global_s123
S669,1.19,0.43070536851882935,2PTL,E46G,gnn_global_s123
S669,1.08,0.2987927198410034,2PTL,E46I,gnn_global_s123
S669,0.23,0.19125302135944366,2PTL,E60A,gnn_global_s123
S669,3.12,0.6621991991996765,2PTL,F26A,gnn_global_s123
S669,0.68,0.5177170038223267,2PTL,F26L,gnn_global_s123
S669,4.15,0.7311403751373291,2PTL,F36A,gnn_global_s123
S669,3.12,0.6054550409317017,2PTL,F36L,gnn_global_s123
S669,3.08,0.7401254773139954,2PTL,F40G,gnn_global_s123
S669,0.38,0.5810579061508179,2PTL,F40L,gnn_global_s123
S669,3.34,0.6407044529914856,2PTL,F76L,gnn_global_s123
S669,3.73,0.7009825706481934,2PTL,F76V,gnn_global_s123
S669,1.52,0.3848361372947693,2PTL,G29A,gnn_global_s123
S669,2.53,0.3225577473640442,2PTL,G29V,gnn_global_s123
S669,2.08,0.37285977602005005,2PTL,G38A,gnn_global_s123
S669,2.23,0.31031352281570435,2PTL,G59A,gnn_global_s123
S669,2.04,0.5817573070526123,2PTL,G69A,gnn_global_s123
S669,4.9,0.8969876766204834,2PTL,I20A,gnn_global_s123
S669,0.56,0.8101762533187866,2PTL,I20V,gnn_global_s123
S669,1.37,0.6326308250427246,2PTL,I25A,gnn_global_s123
S669,0.47,0.566179633140564,2PTL,I25V,gnn_global_s123
S669,4.72,1.0586763620376587,2PTL,I74A,gnn_global_s123
S669,1.69,0.978584885597229,2PTL,I74V,gnn_global_s123
S669,0.92,0.46349722146987915,2PTL,K21A,gnn_global_s123
S669,0.88,0.16342760622501373,2PTL,K37A,gnn_global_s123
S669,-0.16,0.3216145634651184,2PTL,K42G,gnn_global_s123
S669,-0.58,0.12723152339458466,2PTL,K55A,gnn_global_s123
S669,-0.35,0.1845182329416275,2PTL,K56A,gnn_global_s123
S669,0.09,0.37121838331222534,2PTL,K68A,gnn_global_s123
S669,0.45,0.4240916967391968,2PTL,K75A,gnn_global_s123
S669,3.12,1.019876480102539,2PTL,L24A,gnn_global_s123
S669,2.44,0.769107460975647,2PTL,L54A,gnn_global_s123
S669,3.77,0.9777548313140869,2PTL,L72A,gnn_global_s123
S669,1.87,0.4954769015312195,2PTL,N23A,gnn_global_s123
S669,1.78,0.3104749917984009,2PTL,N28A,gnn_global_s123
S669,0.34,0.36307311058044434,2PTL,N58A,gnn_global_s123
S669,1.73,0.4805486798286438,2PTL,N73A,gnn_global_s123
S669,0.3,0.34655171632766724,2PTL,S30A,gnn_global_s123
S669,-0.41,0.4360830783843994,2PTL,S45A,gnn_global_s123
S669,0.82,0.45501482486724854,2PTL,S45G,gnn_global_s123
S669,1.63,0.3886234164237976,2PTL,T19A,gnn_global_s123
S669,1.17,0.4300130605697632,2PTL,T31A,gnn_global_s123
S669,1.11,0.5093109607696533,2PTL,T33A,gnn_global_s123
S669,1.25,0.421303391456604,2PTL,T39A,gnn_global_s123
S669,1.09,0.6498405337333679,2PTL,T44A,gnn_global_s123
S669,0.17,0.46132004261016846,2PTL,T53G,gnn_global_s123
S669,0.97,0.46140700578689575,2PTL,T62A,gnn_global_s123
S669,1.83,0.5744221210479736,2PTL,T71A,gnn_global_s123
S669,1.22,0.6190057992935181,2PTL,V18A,gnn_global_s123
S669,0.92,0.7357043623924255,2PTL,V63A,gnn_global_s123
S669,1.14,0.6474205851554871,2PTL,V65A,gnn_global_s123
S669,2.82,0.7363425493240356,2PTL,Y48A,gnn_global_s123
S669,2.46,0.7755897045135498,2PTL,Y50A,gnn_global_s123
S669,1.66,0.6289806365966797,2PTL,Y70A,gnn_global_s123
S669,-0.43,0.4936733841896057,2PTL,Y70L,gnn_global_s123
S669,-1.05,0.6557316184043884,2RPN,E7L,gnn_global_s123
S669,-0.39,1.2256571054458618,2RPN,V21K,gnn_global_s123
S669,-0.3,0.6419821381568909,2WQG,D15A,gnn_global_s123
S669,-0.1,0.602210521697998,2WQG,D38A,gnn_global_s123
S669,2.2,0.771146297454834,2WQG,D39A,gnn_global_s123
S669,2.6,0.8884379863739014,2WQG,D39N,gnn_global_s123
S669,0.1,0.7213076949119568,2WQG,E40Q,gnn_global_s123
S669,0.4,0.6069076061248779,2WQG,E41G,gnn_global_s123
S669,0.9,1.2648135423660278,2WQG,I36A,gnn_global_s123
S669,0.3,1.152579426765442,2WQG,I36V,gnn_global_s123
S669,0.4,0.856925904750824,2WQG,K14A,gnn_global_s123
S669,1.9,0.893856406211853,2WQG,K14G,gnn_global_s123
S669,0.3,0.49319326877593994,2WQG,K19A,gnn_global_s123
S669,0.6,1.0769416093826294,2WQG,K28A,gnn_global_s123
S669,0.5,1.6370455026626587,2WQG,L13A,gnn_global_s123
S669,1.3,1.2474905252456665,2WQG,L16A,gnn_global_s123
S669,2.0,1.440740942955017,2WQG,L8A,gnn_global_s123
S669,0.6,0.9789873361587524,2WQG,Q12A,gnn_global_s123
S669,2.0,1.0179213285446167,2WQG,Q12G,gnn_global_s123
S669,-0.1,0.6971900463104248,2WQG,Q33A,gnn_global_s123
S669,0.8,0.9626885652542114,2WQG,R34A,gnn_global_s123
S669,0.6,0.7325424551963806,2WQG,S23A,gnn_global_s123
S669,-0.1,0.8174527883529663,2WQG,S6A,gnn_global_s123
S669,0.2,0.8382751941680908,2WQG,S6G,gnn_global_s123
S669,-0.1,1.310135006904602,2WQG,T9S,gnn_global_s123
S669,0.1,1.3975152969360352,2WQG,V10A,gnn_global_s123
S669,0.7,1.4296015501022339,2WQG,V10G,gnn_global_s123
S669,-0.4,1.2115384340286255,2WQG,V11A,gnn_global_s123
S669,-0.1,1.2357922792434692,2WQG,V11G,gnn_global_s123
S669,0.5,1.107092261314392,2WQG,V24A,gnn_global_s123
S669,2.4,1.0884935855865479,2WQG,Y5F,gnn_global_s123
S669,0.74,0.3994477391242981,2ZTA,E11Q,gnn_global_s123
S669,-0.2,0.5030784606933594,2ZTA,E20Q,gnn_global_s123
S669,1.83,0.5424143075942993,2ZTA,E22Q,gnn_global_s123
S669,0.41,0.2773762345314026,2ZTA,K15A,gnn_global_s123
S669,0.91,1.0090346336364746,2ZTA,K27A,gnn_global_s123
S669,0.06,0.3099708557128906,2ZTA,K28A,gnn_global_s123
S669,0.39,0.4796351194381714,2ZTA,K8A,gnn_global_s123
S669,1.66,0.6397168636322021,2ZTA,R25A,gnn_global_s123
S669,1.506,0.7155716419219971,3BN0,I20V,gnn_global_s123
S669,-0.43,1.6724190711975098,3C2I,F155S,gnn_global_s123
S669,-0.47,1.0609272718429565,3C2I,T158A,gnn_global_s123
S669,-0.25,1.061962366104126,3C2I,T158M,gnn_global_s123
S669,0.5,0.28726768493652344,3FIS,P61A,gnn_global_s123
S669,-0.34,0.750275731086731,3G1G,D155Y,gnn_global_s123
S669,0.74,1.2891547679901123,3G1G,F167Y,gnn_global_s123
S669,0.17,1.3463438749313354,3G1G,I190V,gnn_global_s123
S669,-1.32,0.943482518196106,3G1G,R185W,gnn_global_s123
S669,3.35,0.21251226961612701,3K82,E334L,gnn_global_s123
S669,1.68,0.34612029790878296,3K82,E334Q,gnn_global_s123
S669,-5.49,0.3408905863761902,3K82,E401R,gnn_global_s123
S669,-1.194,0.3021981716156006,3MON,R39G,gnn_global_s123
S669,2.866,0.28552746772766113,3MON,W3C,gnn_global_s123
S669,3.25,0.7256761789321899,3O39,L32P,gnn_global_s123
S669,-2.03,0.7792240381240845,3S92,H395R,gnn_global_s123
S669,-0.574,0.11784406006336212,4N6V,H75W,gnn_global_s123
S669,1.362,0.22501643002033234,4N6V,P36G,gnn_global_s123
S669,-1.745,0.14148291945457458,4N6V,P79S,gnn_global_s123
S669,0.71,0.761827826499939,4YEE,V134T,gnn_global_s123
S669,0.93,0.4299060106277466,4YEF,T134V,gnn_global_s123
S669,1.44,0.08726055920124054,5JXB,D329G,gnn_global_s123
S669,1.44,0.132670059800148,5JXB,D329P,gnn_global_s123
S669,1.8,0.7172167301177979,1A0F,S11A,gnn_global_s123
S669,2.69,0.8643562197685242,1A7V,A104H,gnn_global_s123
S669,1.98,0.8747091293334961,1A7V,A66H,gnn_global_s123
S669,1.7,1.0548033714294434,1A7V,A91H,gnn_global_s123
S669,1.36,0.7003374099731445,1A7V,D3H,gnn_global_s123
S669,2.05,0.6395357251167297,1A7V,D58H,gnn_global_s123
S669,3.01,0.6387753486633301,1A7V,E73H,gnn_global_s123
S669,0.6,0.6346172094345093,1A7V,K13H,gnn_global_s123
S669,2.88,0.7535977363586426,1A7V,K20H,gnn_global_s123
S669,1.36,0.6549360156059265,1A7V,K31H,gnn_global_s123
S669,1.86,0.7904767990112305,1A7V,K39H,gnn_global_s123
S669,2.02,0.8137791752815247,1A7V,K49H,gnn_global_s123
S669,2.88,0.8548276424407959,1A7V,K84H,gnn_global_s123
S669,1.97,0.7801622152328491,1A7V,K97H,gnn_global_s123
S669,0.821,0.6873587369918823,1BNL,D76A,gnn_global_s123
S669,0.46,0.14287880063056946,1DIV,D23A,gnn_global_s123
S669,0.58,0.18932031095027924,1DIV,D23N,gnn_global_s123
S669,0.3,0.14342091977596283,1DIV,D8N,gnn_global_s123
S669,0.98,0.11846239864826202,1DIV,E100A,gnn_global_s123
S669,1.52,0.12578321993350983,1DIV,E100G,gnn_global_s123
S669,0.21,0.18991027772426605,1DIV,E17Q,gnn_global_s123
S669,0.56,0.4018480181694031,1DIV,E38Q,gnn_global_s123
S669,-0.03,0.19321806728839874,1DIV,E48Q,gnn_global_s123
S669,-0.33,0.03791847825050354,1DIV,E54Q,gnn_global_s123
S669,1.53,0.3446159362792969,1DIV,H106Q,gnn_global_s123
S669,3.52,0.44946497678756714,1DIV,I115A,gnn_global_s123
S669,2.22,0.6615208387374878,1DIV,I4A,gnn_global_s123
S669,0.59,0.6132844090461731,1DIV,I4V,gnn_global_s123
S669,3.49,0.5478068590164185,1DIV,I79A,gnn_global_s123
S669,3.19,0.5776731967926025,1DIV,I93A,gnn_global_s123
S669,4.28,0.6050997972488403,1DIV,I98A,gnn_global_s123
S669,-0.05,0.061897292733192444,1DIV,K10M,gnn_global_s123
S669,-0.01,0.013638325035572052,1DIV,K14M,gnn_global_s123
S669,0.31,0.032665371894836426,1DIV,K15M,gnn_global_s123
S669,-0.35,0.17024333775043488,1DIV,K7M,gnn_global_s123
S669,-0.61,0.12537916004657745,1DIV,K96A,gnn_global_s123
S669,0.2,0.13326217234134674,1DIV,K96G,gnn_global_s123
S669,2.37,0.6127328872680664,1DIV,L102A,gnn_global_s123
S669,2.33,0.47700536251068115,1DIV,L108A,gnn_global_s123
S669,3.21,0.42738205194473267,1DIV,L110A,gnn_global_s123
S669,0.82,0.4665104150772095,1DIV,L117A,gnn_global_s123
S669,2.76,0.5771223306655884,1DIV,L30A,gnn_global_s123
S669,3.62,0.5272030830383301,1DIV,L30V,gnn_global_s123
S669,3.1,0.42804116010665894,1DIV,L6A,gnn_global_s123
S669,0.13,0.3524780869483948,1DIV,L6I,gnn_global_s123
S669,0.41,0.39356178045272827,1DIV,L6V,gnn_global_s123
S669,3.77,0.43325167894363403,1DIV,L72A,gnn_global_s123
S669,1.46,0.4384097456932068,1DIV,M1A,gnn_global_s123
S669,2.36,0.4613580107688904,1DIV,M1G,gnn_global_s123
S669,2.33,0.5480613708496094,1DIV,V21A,gnn_global_s123
S669,0.4,0.44939738512039185,1DIV,V21I,gnn_global_s123
S669,1.23,0.4530155062675476,1DIV,V21L,gnn_global_s123
S669,2.55,0.6521247625350952,1DIV,V3A,gnn_global_s123
S669,0.31,0.5412405729293823,1DIV,V3I,gnn_global_s123
S669,2.21,0.5465326309204102,1DIV,V3L,gnn_global_s123
S669,3.7,0.1410425305366516,1DXX,K18N,gnn_global_s123
S669,-0.6,0.995705246925354,1FH5,S18N,gnn_global_s123
S669,1.38,0.9884711503982544,1FT8,L212V,gnn_global_s123
S669,0.35,0.884431004524231,1FT8,L238I,gnn_global_s123
S669,-0.27,0.8879445195198059,1FT8,M216L,gnn_global_s123
S669,1.6,0.5854198932647705,1GWY,A8D,gnn_global_s123
S669,3.3,0.2589528560638428,1ITM,C24T,gnn_global_s123
S669,5.0,0.18113289773464203,1ITM,C3T,gnn_global_s123
S669,-1.4,0.2703321576118469,1ITM,W91S,gnn_global_s123
S669,1.162,0.4330395460128784,1JLV,E64D,gnn_global_s123
S669,2.3040000000000003,0.38289785385131836,1JLV,E64N,gnn_global_s123
S669,2.302,0.36740732192993164,1JLV,E64Q,gnn_global_s123
S669,-1.4,0.3714579939842224,1LVM,E106G,gnn_global_s123
S669,-0.43,0.4729607105255127,1LVM,K45F,gnn_global_s123
S669,-0.0,0.7359979748725891,1LVM,L56V,gnn_global_s123
S669,-0.6,0.6092013120651245,1LVM,Q58F,gnn_global_s123
S669,2.5,0.9445911645889282,1N18,E100G,gnn_global_s123
S669,1.4,1.1477450132369995,1N18,G85R,gnn_global_s123
S669,-1.4,1.1083356142044067,1N18,H46R,gnn_global_s123
S669,3.3,0.29467660188674927,1O1U,E110A,gnn_global_s123
S669,1.2,0.22882093489170074,1O1U,N61A,gnn_global_s123
S669,0.3,0.25733840465545654,1O1U,Q51A,gnn_global_s123
S669,-0.3,0.3700767755508423,1O1U,Q99A,gnn_global_s123
S669,1.2,0.3526630401611328,1O1U,T38A,gnn_global_s123
S669,1.2,0.4143790006637573,1O1U,W49Y,gnn_global_s123
S669,0.05,0.87354576587677,1OSI,I11V,gnn_global_s123
S669,-0.39,0.7225214242935181,1OSI,S92F,gnn_global_s123
S669,0.78,0.9484032392501831,1OSI,V15I,gnn_global_s123
S669,1.53,1.3866416215896606,1PFL,A20T,gnn_global_s123
S669,1.96,0.8865646719932556,1PFL,G117V,gnn_global_s123
S669,3.53,1.1458954811096191,1PFL,M113T,gnn_global_s123
S669,-0.07,1.0467780828475952,1PFL,T108M,gnn_global_s123
S669,0.3,0.4332554340362549,1PRG,Q286P,gnn_global_s123
S669,-0.06,0.471065878868103,1PRG,R288H,gnn_global_s123
S669,-0.03,0.5049614906311035,1PRG,V290M,gnn_global_s123
S669,-0.8,1.3267920017242432,1SPD,C111S,gnn_global_s123
S669,-0.1,1.4201430082321167,1SPD,C6A,gnn_global_s123
S669,2.9,0.3938824534416199,1XWS,E124Q,gnn_global_s123
S669,4.59,0.39684152603149414,1XWS,E135K,gnn_global_s123
S669,3.22,0.3549458384513855,1XWS,E142D,gnn_global_s123
S669,3.3,0.6656761169433594,1XWS,Y53H,gnn_global_s123
S669,0.86,0.6806640625,1XXN,N32D,gnn_global_s123
S669,0.645,0.6927779316902161,1XXN,N54E,gnn_global_s123
S669,-0.239,0.590250551700592,1XXN,S22E,gnn_global_s123
S669,0.645,0.7804642915725708,1XXN,S27E,gnn_global_s123
S669,-2.87,0.9872475862503052,1XZO,F42W,gnn_global_s123
S669,2.89,0.9357345104217529,1XZO,W101F,gnn_global_s123
S669,8.93,1.0162681341171265,1XZO,W36A,gnn_global_s123
S669,4.25,0.9542360305786133,1XZO,W36F,gnn_global_s123
S669,0.7170000000000001,1.0394004583358765,2ARF,H1069Q,gnn_global_s123
S669,-1.07,0.7452699542045593,2H3F,E12A,gnn_global_s123
S669,-1.536,0.4400719404220581,2JIE,H104R,gnn_global_s123
S669,0.209,0.40107303857803345,2JIE,Q22S,gnn_global_s123
S669,1.246,0.44168293476104736,2JIE,S17A,gnn_global_s123
S669,-0.951,0.3723146319389343,2JIE,S19A,gnn_global_s123
S669,0.994,0.5239104628562927,2JIE,T18A,gnn_global_s123
S669,-2.19,0.3964567184448242,2JIE,W123F,gnn_global_s123
S669,-1.06,0.4622768759727478,2JIE,W123H,gnn_global_s123
S669,3.443,0.5202332735061646,2JIE,Y21A,gnn_global_s123
S669,-1.26,0.3878520727157593,2KS4,D9A,gnn_global_s123
S669,0.23,0.45581746101379395,2KS4,E2A,gnn_global_s123
S669,1.57,0.9192414283752441,2LTB,L558P,gnn_global_s123
S669,3.11,1.0775140523910522,2LTB,L569R,gnn_global_s123
S669,3.34,0.8215898275375366,2LTB,M619K,gnn_global_s123
S669,1.1,0.48101741075515747,2LTB,R533Q,gnn_global_s123
S669,0.36,0.6247335076332092,2LTB,R555Q,gnn_global_s123
S669,-1.79,0.5843019485473633,2LTB,R555W,gnn_global_s123
S669,4.0,0.7911052703857422,2M5S,D302A,gnn_global_s123
S669,2.0,0.9500629901885986,2M5S,H305A,gnn_global_s123
S669,2.3,0.4580235481262207,2NTE,R658C,gnn_global_s123
S669,-0.5,0.42238426208496094,2PR5,A33Y,gnn_global_s123
S669,0.4,0.550684928894043,2PR5,A81M,gnn_global_s123
S669,-0.3,0.5379394292831421,2PR5,D109E,gnn_global_s123
S669,-0.3,0.3190578818321228,2PR5,H22K,gnn_global_s123
S669,-1.2,0.27488917112350464,2PR5,H22W,gnn_global_s123
S669,-2.9,0.5042912364006042,2PR5,M111F,gnn_global_s123
S669,-0.9,0.497633695602417,2PR5,N107F,gnn_global_s123
S669,-0.8,0.5297123193740845,2PR5,N107Y,gnn_global_s123
S669,-1.1,0.30457013845443726,2PR5,N124F,gnn_global_s123
S669,-2.6,0.32263511419296265,2PR5,N124Y,gnn_global_s123
S669,-0.5,0.6344649791717529,2PR5,T30M,gnn_global_s123
S669,0.5,0.5313444137573242,2PR5,T50M,gnn_global_s123
S669,-0.2,0.48053598403930664,2PR5,T54Y,gnn_global_s123
S669,-1.4,0.6114393472671509,2PR5,V120I,gnn_global_s123
S669,-0.4,0.5225991010665894,2PR5,V25I,gnn_global_s123
S669,0.2,0.6493557691574097,2PR5,V88L,gnn_global_s123
S669,0.7,0.5847038626670837,2PR5,V90I,gnn_global_s123
S669,6.597,0.5131595730781555,2VY0,E53A,gnn_global_s123
S669,-1.369,0.5606091022491455,3BCI,E96Q,gnn_global_s123
S669,0.65,-0.02754606306552887,3D3B,D118A,gnn_global_s123
S669,0.6,0.026287175714969635,3D3B,D118E,gnn_global_s123
S669,1.6,0.009639233350753784,3D3B,D118K,gnn_global_s123
S669,1.34,0.004166588187217712,3D3B,D118N,gnn_global_s123
S669,1.41,-0.0191919207572937,3D3B,D118R,gnn_global_s123
S669,-0.8,1.065231442451477,3ECU,H46R,gnn_global_s123
S669,1.3,0.46277689933776855,3S4M,D122Y,gnn_global_s123
S669,2.5,0.668282687664032,3S4M,G130V,gnn_global_s123
S669,-0.096,0.8777797222137451,3S4M,I154F,gnn_global_s123
S669,0.693,0.5246847867965698,3S4M,W155R,gnn_global_s123
S669,-0.99,0.555163562297821,4BJX,A89V,gnn_global_s123
S669,1.435,0.98613440990448,4BUQ,Y48A,gnn_global_s123
S669,-0.1,0.4598235487937927,4WAA,K65A,gnn_global_s123
S669,2.07,0.4155900478363037,4WAA,K67A,gnn_global_s123
S669,0.44,0.2896941900253296,4WAA,R27A,gnn_global_s123
S669,-0.413,0.5841710567474365,5VP3,R39K,gnn_global_s123
S669,1.745,0.3597452640533447,1BA3,H461D,gnn_global_s123
S669,-0.287,0.31540447473526,1BA3,H489D,gnn_global_s123
S669,0.287,0.304792582988739,1BA3,H489K,gnn_global_s123
S669,0.263,0.2914554476737976,1BA3,H489M,gnn_global_s123
S669,1.81,0.21413178741931915,1DIV,V129A,gnn_global_s123
S669,0.455,0.3403194546699524,1F8I,F345A,gnn_global_s123
S669,-0.05,0.8620799779891968,1FT8,L349I,gnn_global_s123
S669,-0.0,0.6711599826812744,1LVM,S135G,gnn_global_s123
S669,0.88,0.3919813632965088,1NM1,D187N,gnn_global_s123
S669,1.9,0.3778451681137085,1NM1,D187Y,gnn_global_s123
S669,2.4,0.5725868940353394,1PRE,C159S,gnn_global_s123
S669,4.2,0.5902411937713623,1R2Y,R244E,gnn_global_s123
S669,-0.358,0.600559651851654,1XXN,N181R,gnn_global_s123
S669,-3.02,0.751894474029541,3D2A,M134E,gnn_global_s123
S669,-3.34,0.843453586101532,3D2A,M137P,gnn_global_s123
S669,-2.11,0.6873719096183777,3D2A,S163P,gnn_global_s123
S669,2.99,0.10939718782901764,5OAQ,Y429H,gnn_global_s123
S669,0.7,0.4151860773563385,1BFM,M35W,gnn_local_s123
S669,0.4,0.44052040576934814,1BFM,M35Y,gnn_local_s123
S669,0.04,0.6237687468528748,1D5G,H71Y,gnn_local_s123
S669,-0.91,1.3950510025024414,1D5G,I20F,gnn_local_s123
S669,1.0,1.4701792001724243,1EKG,L198C,gnn_local_s123
S669,2.0,1.4155749082565308,1EKG,L200C,gnn_local_s123
S669,-1.0,1.0829265117645264,1EKG,L203C,gnn_local_s123
S669,2.6,0.26463112235069275,1EKG,S181F,gnn_local_s123
S669,-4.0,0.6764540076255798,1FRD,H42R,gnn_local_s123
S669,1.1,1.0136345624923706,1FXA,E94D,gnn_local_s123
S669,0.4,0.5310894250869751,1FXA,E94K,gnn_local_s123
S669,-0.6,0.8520714044570923,1FXA,E94Q,gnn_local_s123
S669,-1.0,-0.08240190893411636,1FXA,E95K,gnn_local_s123
S669,1.0,1.5002785921096802,1FXA,F65A,gnn_local_s123
S669,0.9,0.950722336769104,1FXA,F65I,gnn_local_s123
S669,0.6,1.2637630701065063,1FXA,F65W,gnn_local_s123
S669,0.5,1.425331950187683,1FXA,F65Y,gnn_local_s123
S669,2.4,0.6028820872306824,1FXA,R42A,gnn_local_s123
S669,1.4,0.7194468379020691,1FXA,R42H,gnn_local_s123
S669,-0.1,1.1241203546524048,1FXA,T48A,gnn_local_s123
S669,1.22,1.6964308023452759,1GLU,C500A,gnn_local_s123
S669,1.963,1.6056264638900757,1GUA,A118G,gnn_local_s123
S669,1.951,0.905777096748352,1GUA,A118L,gnn_local_s123
S669,2.149,1.282131552696228,1GUA,A85G,gnn_local_s123
S669,0.863,1.1614285707473755,1GUA,A97G,gnn_local_s123
S669,-0.283,1.2768466472625732,1GUA,C81A,gnn_local_s123
S669,0.912,0.5660765171051025,1GUA,C81I,gnn_local_s123
S669,0.08,0.6438090801239014,1GUA,C95A,gnn_local_s123
S669,1.759,1.6819974184036255,1GUA,C96A,gnn_local_s123
S669,0.043,1.1361571550369263,1GUA,C96L,gnn_local_s123
S669,0.337,1.3256207704544067,1GUA,C96M,gnn_local_s123
S669,0.706,-0.06947996467351913,1GUA,D117A,gnn_local_s123
S669,0.855,0.3636840879917145,1GUA,D129A,gnn_local_s123
S669,0.493,0.05167761817574501,1GUA,D80A,gnn_local_s123
S669,-0.021,0.41244828701019287,1GUA,E104A,gnn_local_s123
S669,0.101,0.17357689142227173,1GUA,E124A,gnn_local_s123
S669,0.591,0.4722011983394623,1GUA,E125A,gnn_local_s123
S669,3.274,2.577260732650757,1GUA,I58A,gnn_local_s123
S669,1.2990000000000002,2.1815688610076904,1GUA,I58F,gnn_local_s123
S669,0.7709999999999999,2.0378808975219727,1GUA,I58L,gnn_local_s123
S669,0.327,0.3418750762939453,1GUA,K109A,gnn_local_s123
S669,2.593,1.1518744230270386,1GUA,L112A,gnn_local_s123
S669,2.5340000000000003,1.5770797729492188,1GUA,L121A,gnn_local_s123
S669,3.405,1.8284893035888672,1GUA,L126A,gnn_local_s123
S669,3.46,1.8568347692489624,1GUA,L62A,gnn_local_s123
S669,3.803,1.6677672863006592,1GUA,L78A,gnn_local_s123
S669,3.529,2.013315200805664,1GUA,L82A,gnn_local_s123
S669,1.6,1.306764006614685,1GUA,L82I,gnn_local_s123
S669,1.7,1.609500527381897,1GUA,L82V,gnn_local_s123
S669,3.2260000000000004,1.9426857233047485,1GUA,L86A,gnn_local_s123
S669,1.575,1.761696696281433,1GUA,L91A,gnn_local_s123
S669,0.961,0.4991967976093292,1GUA,M76A,gnn_local_s123
S669,-0.271,-0.013401838950812817,1GUA,N56M,gnn_local_s123
S669,1.14,0.3739025890827179,1GUA,N64A,gnn_local_s123
S669,1.7080000000000002,0.6443656086921692,1GUA,P63A,gnn_local_s123
S669,0.0819999999999999,0.3117314577102661,1GUA,P93A,gnn_local_s123
S669,0.504,0.6037955284118652,1GUA,Q66A,gnn_local_s123
S669,0.693,0.18471117317676544,1GUA,R100A,gnn_local_s123
S669,-0.178,0.5049394965171814,1GUA,R59A,gnn_local_s123
S669,-1.078,0.12362918257713318,1GUA,R89L,gnn_local_s123
S669,1.5730000000000002,0.5637904405593872,1GUA,S77A,gnn_local_s123
S669,-0.581,0.7151892781257629,1GUA,S77T,gnn_local_s123
S669,0.109,0.47988706827163696,1GUA,T68A,gnn_local_s123
S669,3.3680000000000003,2.0497028827667236,1GUA,V128A,gnn_local_s123
S669,2.251,1.87161386013031,1GUA,V60A,gnn_local_s123
S669,1.116,1.3638478517532349,1GUA,V69A,gnn_local_s123
S669,1.77,1.7668195962905884,1GUA,V70A,gnn_local_s123
S669,1.052,1.7218471765518188,1GUA,V72A,gnn_local_s123
S669,0.8640000000000001,1.100211262702942,1GUA,V72I,gnn_local_s123
S669,1.981,1.5234887599945068,1GUA,V98A,gnn_local_s123
S669,1.936,0.024774786084890366,1H0X,P18A,gnn_local_s123
S669,2.5810000000000004,0.15268628299236298,1H0X,P62A,gnn_local_s123
S669,2.09,1.539993405342102,1HCQ,C67A,gnn_local_s123
S669,1.99,1.6841658353805542,1HCQ,C67S,gnn_local_s123
S669,-0.4,1.2931034564971924,1IOJ,G15A,gnn_local_s123
S669,-0.5,1.0495766401290894,1IV7,A173C,gnn_local_s123
S669,2.5,1.6875051259994507,1IV7,F189C,gnn_local_s123
S669,1.9,1.5671695470809937,1IV7,L162C,gnn_local_s123
S669,-4.299,0.1932372748851776,1IV9,S76Y,gnn_local_s123
S669,-0.1,0.587804913520813,1J8I,K25A,gnn_local_s123
S669,-0.1,0.5108686685562134,1J8I,K66A,gnn_local_s123
S669,-0.8,0.6116542816162109,1J8I,R23A,gnn_local_s123
S669,0.1,0.8339856863021851,1J8I,R35A,gnn_local_s123
S669,-0.7,0.542975664138794,1J8I,R43A,gnn_local_s123
S669,0.1,0.4827372133731842,1J8I,R9A,gnn_local_s123
S669,1.44,-0.0931154265999794,1JL9,A25C,gnn_local_s123
S669,1.6969999999999998,2.097740650177002,1L6H,F39A,gnn_local_s123
S669,0.55,1.0946412086486816,1L6H,Y45A,gnn_local_s123
S669,1.482,1.5671272277832031,1L6H,Y48A,gnn_local_s123
S669,1.39,1.6077512502670288,1N88,F21A,gnn_local_s123
S669,1.39,2.022282838821411,1N88,I39A,gnn_local_s123
S669,2.79,1.2683656215667725,1N88,I80A,gnn_local_s123
S669,2.35,1.7021270990371704,1N88,I89A,gnn_local_s123
S669,1.52,1.7854703664779663,1N88,I8V,gnn_local_s123
S669,1.52,1.1031924486160278,1N88,L13A,gnn_local_s123
S669,1.11,0.8166724443435669,1N88,L57A,gnn_local_s123
S669,1.94,1.3767094612121582,1N88,V12A,gnn_local_s123
S669,2.84,1.8312747478485107,1N88,V30A,gnn_local_s123
S669,2.82,2.0939903259277344,1N88,V43A,gnn_local_s123
S669,2.83,1.2226535081863403,1N88,V49A,gnn_local_s123
S669,3.24,1.0829932689666748,1N88,V51A,gnn_local_s123
S669,3.73,1.3803220987319946,1N88,V54A,gnn_local_s123
S669,2.82,2.0077152252197266,1N88,V81A,gnn_local_s123
S669,3.1,1.3811428546905518,1N88,V83A,gnn_local_s123
S669,-0.06,0.5698354244232178,1N88,Y18A,gnn_local_s123
S669,4.61,1.5324534177780151,1N88,Y26A,gnn_local_s123
S669,1.2,0.9041427969932556,1O6X,A31G,gnn_local_s123
S669,1.4,1.0569628477096558,1O6X,A50G,gnn_local_s123
S669,-0.36,0.06417970359325409,1O6X,D38A,gnn_local_s123
S669,0.3,-0.11409469693899155,1O6X,E14A,gnn_local_s123
S669,1.42,0.08254731446504593,1O6X,E20G,gnn_local_s123
S669,1.88,0.7455206513404846,1O6X,F39L,gnn_local_s123
S669,0.98,1.1243810653686523,1O6X,F65A,gnn_local_s123
S669,0.61,0.3172872066497803,1O6X,H51A,gnn_local_s123
S669,0.43,1.607215404510498,1O6X,I15V,gnn_local_s123
S669,-0.42,1.3151931762695312,1O6X,I23V,gnn_local_s123
S669,1.31,1.2696022987365723,1O6X,I71V,gnn_local_s123
S669,1.31,0.8925517797470093,1O6X,I75A,gnn_local_s123
S669,1.98,0.4168173372745514,1O6X,K41A,gnn_local_s123
S669,0.97,1.7300076484680176,1O6X,L26V,gnn_local_s123
S669,0.08,0.5328230857849121,1O6X,N58A,gnn_local_s123
S669,0.49,0.3215188682079315,1O6X,Q60G,gnn_local_s123
S669,1.1,1.0265940427780151,1O6X,V12A,gnn_local_s123
S669,1.08,1.5996564626693726,1O6X,V52A,gnn_local_s123
S669,1.1,1.2013559341430664,1O6X,V64G,gnn_local_s123
S669,2.78,0.27546724677085876,1O6X,Y73L,gnn_local_s123
S669,0.13,1.5176411867141724,1R6R,I88N,gnn_local_s123
S669,2.81,1.4205068349838257,1R6R,L50S,gnn_local_s123
S669,0.24,1.5711661577224731,1R6R,L54S,gnn_local_s123
S669,6.84,1.6293092966079712,1R6R,L81N,gnn_local_s123
S669,4.493,1.3300706148147583,2BJD,V84D,gnn_local_s123
S669,4.517,1.2546523809432983,2BJD,V84P,gnn_local_s123
S669,2.103,0.815624475479126,2BJD,Y86E,gnn_local_s123
S669,0.012,2.0300588607788086,2C9Q,Y79F,gnn_local_s123
S669,1.233,1.9762128591537476,2C9Q,Y79W,gnn_local_s123
S669,-0.12,0.36433762311935425,2CLR,H13F,gnn_local_s123
S669,-2.605,0.28453031182289124,2CLR,H31F,gnn_local_s123
S669,1.912,0.17924907803535461,2CLR,H51F,gnn_local_s123
S669,2.629,1.1706722974777222,2CLR,H84A,gnn_local_s123
S669,-0.89,1.0057413578033447,2DVV,Q443H,gnn_local_s123
S669,0.02,0.6281656622886658,2DVV,R419W,gnn_local_s123
S669,0.32,0.4573916792869568,2HBB,A22G,gnn_local_s123
S669,1.79,1.4754811525344849,2HBB,A26G,gnn_local_s123
S669,1.55,1.380431056022644,2HBB,A36G,gnn_local_s123
S669,1.59,1.1429251432418823,2HBB,A39G,gnn_local_s123
S669,0.33,0.5829025506973267,2HBB,A42G,gnn_local_s123
S669,0.55,0.8766264915466309,2HBB,A46G,gnn_local_s123
S669,0.22,0.17851020395755768,2HBB,A49G,gnn_local_s123
S669,0.03,-0.4507879316806793,2HBB,D23A,gnn_local_s123
S669,0.79,-0.2682414948940277,2HBB,D23N,gnn_local_s123
S669,1.3,-0.0480666346848011,2HBB,D8A,gnn_local_s123
S669,0.38,-0.06016883626580238,2HBB,D8N,gnn_local_s123
S669,1.69,0.04783673956990242,2HBB,E17A,gnn_local_s123
S669,0.33,0.12500762939453125,2HBB,E17Q,gnn_local_s123
S669,0.41,0.3766421973705292,2HBB,E38A,gnn_local_s123
S669,0.68,0.7282236814498901,2HBB,E38Q,gnn_local_s123
S669,-0.07,-0.33428630232810974,2HBB,E48Q,gnn_local_s123
S669,2.84,1.2605624198913574,2HBB,F31A,gnn_local_s123
S669,1.15,0.8975630402565002,2HBB,F5L,gnn_local_s123
S669,-0.02,0.09461694955825806,2HBB,G24A,gnn_local_s123
S669,1.02,0.20251280069351196,2HBB,G34A,gnn_local_s123
S669,2.05,0.8064837455749512,2HBB,I18A,gnn_local_s123
S669,0.07,0.2985117435455322,2HBB,I18V,gnn_local_s123
S669,1.28,1.6590379476547241,2HBB,I37A,gnn_local_s123
S669,-0.09,1.2872376441955566,2HBB,I37V,gnn_local_s123
S669,0.59,1.2053978443145752,2HBB,I4V,gnn_local_s123
S669,-0.13,-0.4929644465446472,2HBB,K10E,gnn_local_s123
S669,-0.47,-0.4199550449848175,2HBB,K10M,gnn_local_s123
S669,-0.61,0.5529164671897888,2HBB,K12A,gnn_local_s123
S669,-0.03,0.8224276900291443,2HBB,K12G,gnn_local_s123
S669,-1.8,0.17483513057231903,2HBB,K12M,gnn_local_s123
S669,0.73,-0.008676084689795971,2HBB,K14A,gnn_local_s123
S669,1.3,-0.06734530627727509,2HBB,K14G,gnn_local_s123
S669,0.34,-0.3995431363582611,2HBB,K14M,gnn_local_s123
S669,1.74,-0.007065261714160442,2HBB,K15G,gnn_local_s123
S669,0.44,-0.5620000958442688,2HBB,K15M,gnn_local_s123
S669,-0.21,-0.3987545967102051,2HBB,K7M,gnn_local_s123
S669,2.76,1.7427338361740112,2HBB,L30A,gnn_local_s123
S669,1.21,1.342545986175537,2HBB,L35A,gnn_local_s123
S669,1.73,1.2655445337295532,2HBB,L44A,gnn_local_s123
S669,0.84,1.2987927198410034,2HBB,L47A,gnn_local_s123
S669,3.1,1.3216326236724854,2HBB,L6A,gnn_local_s123
S669,1.46,0.764111340045929,2HBB,M1A,gnn_local_s123
S669,0.8,0.30377140641212463,2HBB,T40S,gnn_local_s123
S669,2.33,1.3592966794967651,2HBB,V21A,gnn_local_s123
S669,2.55,1.775478720664978,2HBB,V3A,gnn_local_s123
S669,1.81,1.3540908098220825,2HBB,V9A,gnn_local_s123
S669,2.54,1.284150242805481,2JUC,C57D,gnn_local_s123
S669,0.71,0.9086319208145142,2JUC,C57S,gnn_local_s123
S669,1.75,0.6412900686264038,2JUC,R18A,gnn_local_s123
S669,-1.2,0.25568056106567383,2KJ3,D288A,gnn_local_s123
S669,-1.9,0.17999932169914246,2KJ3,E272A,gnn_local_s123
S669,0.8,0.8355250358581543,2KJ3,G278A,gnn_local_s123
S669,-1.5,0.015995081514120102,2KJ3,K229A,gnn_local_s123
S669,-1.0,1.6021180152893066,2KJ3,L241A,gnn_local_s123
S669,-1.4,0.9634409546852112,2KJ3,S273A,gnn_local_s123
S669,-1.0,1.8768917322158813,2KJ3,V239A,gnn_local_s123
S669,-1.0,1.4268569946289062,2KJ3,V264A,gnn_local_s123
S669,-0.2,1.9307612180709839,2KJ3,V267A,gnn_local_s123
S669,0.24,0.9714816808700562,2MPC,A89T,gnn_local_s123
S669,-0.62,-0.09130939841270447,2MPC,R42A,gnn_local_s123
S669,-2.08,-0.2751525938510895,2MPC,R42W,gnn_local_s123
S669,0.6,0.3727587163448334,2N7Z,P88A,gnn_local_s123
S669,-0.44,1.4988559484481812,2OUO,A420D,gnn_local_s123
S669,2.43,1.6366149187088013,2PTL,A22G,gnn_local_s123
S669,-0.1,0.6815170049667358,2PTL,A27P,gnn_local_s123
S669,0.83,-0.014747749082744122,2PTL,A27V,gnn_local_s123
S669,2.17,1.2992113828659058,2PTL,A34G,gnn_local_s123
S669,-1.47,0.7188143730163574,2PTL,A34V,gnn_local_s123
S669,2.54,1.5569555759429932,2PTL,A43G,gnn_local_s123
S669,3.1,1.7236955165863037,2PTL,A47G,gnn_local_s123
S669,1.32,0.8441120386123657,2PTL,A49G,gnn_local_s123
S669,3.12,1.5241814851760864,2PTL,A51G,gnn_local_s123
S669,0.49,0.354070246219635,2PTL,A66G,gnn_local_s123
S669,1.21,0.0962774008512497,2PTL,D52A,gnn_local_s123
S669,2.14,0.10867469012737274,2PTL,D52G,gnn_local_s123
S669,0.2,-0.26017457246780396,2PTL,D64A,gnn_local_s123
S669,0.59,-0.03531583771109581,2PTL,E35A,gnn_local_s123
S669,1.19,0.3550625741481781,2PTL,E46G,gnn_local_s123
S669,1.08,-0.20583155751228333,2PTL,E46I,gnn_local_s123
S669,0.23,0.10936002433300018,2PTL,E60A,gnn_local_s123
S669,3.12,1.6043047904968262,2PTL,F26A,gnn_local_s123
S669,0.68,1.067903995513916,2PTL,F26L,gnn_local_s123
S669,4.15,1.0737664699554443,2PTL,F36A,gnn_local_s123
S669,3.12,0.6550695896148682,2PTL,F36L,gnn_local_s123
S669,3.08,1.5643788576126099,2PTL,F40G,gnn_local_s123
S669,0.38,0.7734700441360474,2PTL,F40L,gnn_local_s123
S669,3.34,1.1734840869903564,2PTL,F76L,gnn_local_s123
S669,3.73,1.2880443334579468,2PTL,F76V,gnn_local_s123
S669,1.52,-0.10090896487236023,2PTL,G29A,gnn_local_s123
S669,2.53,-0.3858870565891266,2PTL,G29V,gnn_local_s123
S669,2.08,0.5773986577987671,2PTL,G38A,gnn_local_s123
S669,2.23,0.5728726387023926,2PTL,G59A,gnn_local_s123
S669,2.04,0.4218290150165558,2PTL,G69A,gnn_local_s123
S669,4.9,2.1395039558410645,2PTL,I20A,gnn_local_s123
S669,0.56,1.74760103225708,2PTL,I20V,gnn_local_s123
S669,1.37,1.2490547895431519,2PTL,I25A,gnn_local_s123
S669,0.47,0.7332247495651245,2PTL,I25V,gnn_local_s123
S669,4.72,1.839563250541687,2PTL,I74A,gnn_local_s123
S669,1.69,1.4612693786621094,2PTL,I74V,gnn_local_s123
S669,0.92,1.054961085319519,2PTL,K21A,gnn_local_s123
S669,0.88,0.3919820189476013,2PTL,K37A,gnn_local_s123
S669,-0.16,0.7157875895500183,2PTL,K42G,gnn_local_s123
S669,-0.58,0.6751195192337036,2PTL,K55A,gnn_local_s123
S669,-0.35,-0.06869007647037506,2PTL,K56A,gnn_local_s123
S669,0.09,0.3875305652618408,2PTL,K68A,gnn_local_s123
S669,0.45,0.4299839437007904,2PTL,K75A,gnn_local_s123
S669,3.12,2.0205271244049072,2PTL,L24A,gnn_local_s123
S669,2.44,1.4550189971923828,2PTL,L54A,gnn_local_s123
S669,3.77,1.6913363933563232,2PTL,L72A,gnn_local_s123
S669,1.87,0.6259471774101257,2PTL,N23A,gnn_local_s123
S669,1.78,0.08655392378568649,2PTL,N28A,gnn_local_s123
S669,0.34,0.7125496864318848,2PTL,N58A,gnn_local_s123
S669,1.73,0.480122834444046,2PTL,N73A,gnn_local_s123
S669,0.3,0.21491283178329468,2PTL,S30A,gnn_local_s123
S669,-0.41,0.5130311846733093,2PTL,S45A,gnn_local_s123
S669,0.82,0.7485964298248291,2PTL,S45G,gnn_local_s123
S669,1.63,0.826842725276947,2PTL,T19A,gnn_local_s123
S669,1.17,0.18844379484653473,2PTL,T31A,gnn_local_s123
S669,1.11,0.39152953028678894,2PTL,T33A,gnn_local_s123
S669,1.25,0.4673076570034027,2PTL,T39A,gnn_local_s123
S669,1.09,0.9246242046356201,2PTL,T44A,gnn_local_s123
S669,0.17,0.3210424482822418,2PTL,T53G,gnn_local_s123
S669,0.97,-0.381962388753891,2PTL,T62A,gnn_local_s123
S669,1.83,0.9637916684150696,2PTL,T71A,gnn_local_s123
S669,1.22,1.4329426288604736,2PTL,V18A,gnn_local_s123
S669,0.92,0.7508357763290405,2PTL,V63A,gnn_local_s123
S669,1.14,0.6368089914321899,2PTL,V65A,gnn_local_s123
S669,2.82,1.02894926071167,2PTL,Y48A,gnn_local_s123
S669,2.46,1.1190643310546875,2PTL,Y50A,gnn_local_s123
S669,1.66,1.323633074760437,2PTL,Y70A,gnn_local_s123
S669,-0.43,0.7843537330627441,2PTL,Y70L,gnn_local_s123
S669,-1.05,0.2027396261692047,2RPN,E7L,gnn_local_s123
S669,-0.39,0.9862644076347351,2RPN,V21K,gnn_local_s123
S669,-0.3,0.40476420521736145,2WQG,D15A,gnn_local_s123
S669,-0.1,0.6083125472068787,2WQG,D38A,gnn_local_s123
S669,2.2,0.774274468421936,2WQG,D39A,gnn_local_s123
S669,2.6,1.015605092048645,2WQG,D39N,gnn_local_s123
S669,0.1,0.5704936981201172,2WQG,E40Q,gnn_local_s123
S669,0.4,0.7020357847213745,2WQG,E41G,gnn_local_s123
S669,0.9,1.4049822092056274,2WQG,I36A,gnn_local_s123
S669,0.3,1.0470776557922363,2WQG,I36V,gnn_local_s123
S669,0.4,0.7507826089859009,2WQG,K14A,gnn_local_s123
S669,1.9,1.0433932542800903,2WQG,K14G,gnn_local_s123
S669,0.3,0.5487905740737915,2WQG,K19A,gnn_local_s123
S669,0.6,1.0452762842178345,2WQG,K28A,gnn_local_s123
S669,0.5,2.0056509971618652,2WQG,L13A,gnn_local_s123
S669,1.3,1.5680270195007324,2WQG,L16A,gnn_local_s123
S669,2.0,1.43158757686615,2WQG,L8A,gnn_local_s123
S669,0.6,0.4531310498714447,2WQG,Q12A,gnn_local_s123
S669,2.0,0.6710241436958313,2WQG,Q12G,gnn_local_s123
S669,-0.1,0.6434494853019714,2WQG,Q33A,gnn_local_s123
S669,0.8,1.0574440956115723,2WQG,R34A,gnn_local_s123
S669,0.6,0.733513355255127,2WQG,S23A,gnn_local_s123
S669,-0.1,0.09068284928798676,2WQG,S6A,gnn_local_s123
S669,0.2,0.32512152194976807,2WQG,S6G,gnn_local_s123
S669,-0.1,0.6450449228286743,2WQG,T9S,gnn_local_s123
S669,0.1,1.2545982599258423,2WQG,V10A,gnn_local_s123
S669,0.7,1.6432172060012817,2WQG,V10G,gnn_local_s123
S669,-0.4,0.857254147529602,2WQG,V11A,gnn_local_s123
S669,-0.1,1.4210213422775269,2WQG,V11G,gnn_local_s123
S669,0.5,1.420981764793396,2WQG,V24A,gnn_local_s123
S669,2.4,1.2302088737487793,2WQG,Y5F,gnn_local_s123
S669,0.74,0.056555744260549545,2ZTA,E11Q,gnn_local_s123
S669,-0.2,0.4018518030643463,2ZTA,E20Q,gnn_local_s123
S669,1.83,0.48393574357032776,2ZTA,E22Q,gnn_local_s123
S669,0.41,0.6922281980514526,2ZTA,K15A,gnn_local_s123
S669,0.91,0.19532829523086548,2ZTA,K27A,gnn_local_s123
S669,0.06,0.09286393970251083,2ZTA,K28A,gnn_local_s123
S669,0.39,0.4645121395587921,2ZTA,K8A,gnn_local_s123
S669,1.66,0.11107318103313446,2ZTA,R25A,gnn_local_s123
S669,1.506,1.3407727479934692,3BN0,I20V,gnn_local_s123
S669,-0.43,2.0375537872314453,3C2I,F155S,gnn_local_s123
S669,-0.47,0.9515630602836609,3C2I,T158A,gnn_local_s123
S669,-0.25,0.6344013810157776,3C2I,T158M,gnn_local_s123
S669,0.5,-0.11867116391658783,3FIS,P61A,gnn_local_s123
S669,-0.34,-0.7287285327911377,3G1G,D155Y,gnn_local_s123
S669,0.74,1.8200675249099731,3G1G,F167Y,gnn_local_s123
S669,0.17,1.3937290906906128,3G1G,I190V,gnn_local_s123
S669,-1.32,0.3427009880542755,3G1G,R185W,gnn_local_s123
S669,3.35,0.04369137063622475,3K82,E334L,gnn_local_s123
S669,1.68,0.7485411763191223,3K82,E334Q,gnn_local_s123
S669,-5.49,0.11334125697612762,3K82,E401R,gnn_local_s123
S669,-1.194,-0.07563997060060501,3MON,R39G,gnn_local_s123
S669,2.866,-0.16138671338558197,3MON,W3C,gnn_local_s123
S669,3.25,1.6046010255813599,3O39,L32P,gnn_local_s123
S669,-2.03,0.925268292427063,3S92,H395R,gnn_local_s123
S669,-0.574,-0.26674672961235046,4N6V,H75W,gnn_local_s123
S669,1.362,0.0846446305513382,4N6V,P36G,gnn_local_s123
S669,-1.745,-0.2129257321357727,4N6V,P79S,gnn_local_s123
S669,0.71,1.1628447771072388,4YEE,V134T,gnn_local_s123
S669,0.93,0.01806146278977394,4YEF,T134V,gnn_local_s123
S669,1.44,-0.3068414628505707,5JXB,D329G,gnn_local_s123
S669,1.44,-0.20207875967025757,5JXB,D329P,gnn_local_s123
S669,1.8,0.9594401121139526,1A0F,S11A,gnn_local_s123
S669,2.69,0.5494049191474915,1A7V,A104H,gnn_local_s123
S669,1.98,0.4803130030632019,1A7V,A66H,gnn_local_s123
S669,1.7,1.403866171836853,1A7V,A91H,gnn_local_s123
S669,1.36,0.12347549200057983,1A7V,D3H,gnn_local_s123
S669,2.05,0.07645188271999359,1A7V,D58H,gnn_local_s123
S669,3.01,0.13091644644737244,1A7V,E73H,gnn_local_s123
S669,0.6,0.2844674289226532,1A7V,K13H,gnn_local_s123
S669,2.88,0.6407223343849182,1A7V,K20H,gnn_local_s123
S669,1.36,0.37784281373023987,1A7V,K31H,gnn_local_s123
S669,1.86,0.011036678217351437,1A7V,K39H,gnn_local_s123
S669,2.02,0.38213998079299927,1A7V,K49H,gnn_local_s123
S669,2.88,0.8891198635101318,1A7V,K84H,gnn_local_s123
S669,1.97,0.6420259475708008,1A7V,K97H,gnn_local_s123
S669,0.821,0.2872508764266968,1BNL,D76A,gnn_local_s123
S669,0.46,-0.3670034110546112,1DIV,D23A,gnn_local_s123
S669,0.58,-0.13411690294742584,1DIV,D23N,gnn_local_s123
S669,0.3,-0.04083434119820595,1DIV,D8N,gnn_local_s123
S669,0.98,-0.17050190269947052,1DIV,E100A,gnn_local_s123
S669,1.52,0.03492335230112076,1DIV,E100G,gnn_local_s123
S669,0.21,0.22106435894966125,1DIV,E17Q,gnn_local_s123
S669,0.56,0.6125686168670654,1DIV,E38Q,gnn_local_s123
S669,-0.03,0.1988222599029541,1DIV,E48Q,gnn_local_s123
S669,-0.33,-0.050718847662210464,1DIV,E54Q,gnn_local_s123
S669,1.53,0.5446140766143799,1DIV,H106Q,gnn_local_s123
S669,3.52,0.954016923904419,1DIV,I115A,gnn_local_s123
S669,2.22,1.6997896432876587,1DIV,I4A,gnn_local_s123
S669,0.59,1.2594503164291382,1DIV,I4V,gnn_local_s123
S669,3.49,1.5259487628936768,1DIV,I79A,gnn_local_s123
S669,3.19,1.6289010047912598,1DIV,I93A,gnn_local_s123
S669,4.28,1.750754714012146,1DIV,I98A,gnn_local_s123
S669,-0.05,-0.30481401085853577,1DIV,K10M,gnn_local_s123
S669,-0.01,-0.10743847489356995,1DIV,K14M,gnn_local_s123
S669,0.31,-0.02644794061779976,1DIV,K15M,gnn_local_s123
S669,-0.35,-0.43427833914756775,1DIV,K7M,gnn_local_s123
S669,-0.61,-0.03534962609410286,1DIV,K96A,gnn_local_s123
S669,0.2,0.3249622881412506,1DIV,K96G,gnn_local_s123
S669,2.37,1.6742545366287231,1DIV,L102A,gnn_local_s123
S669,2.33,0.8817903399467468,1DIV,L108A,gnn_local_s123
S669,3.21,0.6532926559448242,1DIV,L110A,gnn_local_s123
S669,0.82,0.8555706143379211,1DIV,L117A,gnn_local_s123
S669,2.76,1.6708719730377197,1DIV,L30A,gnn_local_s123
S669,3.62,1.1559616327285767,1DIV,L30V,gnn_local_s123
S669,3.1,0.8516111969947815,1DIV,L6A,gnn_local_s123
S669,0.13,0.1219431459903717,1DIV,L6I,gnn_local_s123
S669,0.41,0.3090759217739105,1DIV,L6V,gnn_local_s123
S669,3.77,0.9676522612571716,1DIV,L72A,gnn_local_s123
S669,1.46,1.1334317922592163,1DIV,M1A,gnn_local_s123
S669,2.36,1.4136954545974731,1DIV,M1G,gnn_local_s123
S669,2.33,1.4180852174758911,1DIV,V21A,gnn_local_s123
S669,0.4,0.7144271731376648,1DIV,V21I,gnn_local_s123
S669,1.23,0.8305768966674805,1DIV,V21L,gnn_local_s123
S669,2.55,1.7872655391693115,1DIV,V3A,gnn_local_s123
S669,0.31,1.0818649530410767,1DIV,V3I,gnn_local_s123
S669,2.21,1.1708558797836304,1DIV,V3L,gnn_local_s123
S669,3.7,0.5683576464653015,1DXX,K18N,gnn_local_s123
S669,-0.6,1.1838616132736206,1FH5,S18N,gnn_local_s123
S669,1.38,0.9641598463058472,1FT8,L212V,gnn_local_s123
S669,0.35,0.6129780411720276,1FT8,L238I,gnn_local_s123
S669,-0.27,0.23214101791381836,1FT8,M216L,gnn_local_s123
S669,1.6,1.1970889568328857,1GWY,A8D,gnn_local_s123
S669,3.3,1.326500415802002,1ITM,C24T,gnn_local_s123
S669,5.0,0.005264268256723881,1ITM,C3T,gnn_local_s123
S669,-1.4,0.4094867706298828,1ITM,W91S,gnn_local_s123
S669,1.162,0.23943521082401276,1JLV,E64D,gnn_local_s123
S669,2.3040000000000003,0.14121384918689728,1JLV,E64N,gnn_local_s123
S669,2.302,0.10924796760082245,1JLV,E64Q,gnn_local_s123
S669,-1.4,0.2758012115955353,1LVM,E106G,gnn_local_s123
S669,-0.43,-0.09005296975374222,1LVM,K45F,gnn_local_s123
S669,-0.0,0.331597238779068,1LVM,L56V,gnn_local_s123
S669,-0.6,-0.4637216031551361,1LVM,Q58F,gnn_local_s123
S669,2.5,0.32304656505584717,1N18,E100G,gnn_local_s123
S669,1.4,0.9372925758361816,1N18,G85R,gnn_local_s123
S669,-1.4,0.8437578678131104,1N18,H46R,gnn_local_s123
S669,3.3,0.15980938076972961,1O1U,E110A,gnn_local_s123
S669,1.2,0.602103054523468,1O1U,N61A,gnn_local_s123
S669,0.3,0.4171474277973175,1O1U,Q51A,gnn_local_s123
S669,-0.3,0.5307087898254395,1O1U,Q99A,gnn_local_s123
S669,1.2,0.7704936265945435,1O1U,T38A,gnn_local_s123
S669,1.2,1.300120234489441,1O1U,W49Y,gnn_local_s123
S669,0.05,0.3554995656013489,1OSI,I11V,gnn_local_s123
S669,-0.39,0.7360237836837769,1OSI,S92F,gnn_local_s123
S669,0.78,0.5956609845161438,1OSI,V15I,gnn_local_s123
S669,1.53,2.270905017852783,1PFL,A20T,gnn_local_s123
S669,1.96,0.26395222544670105,1PFL,G117V,gnn_local_s123
S669,3.53,2.077626943588257,1PFL,M113T,gnn_local_s123
S669,-0.07,0.28047099709510803,1PFL,T108M,gnn_local_s123
S669,0.3,0.6516915559768677,1PRG,Q286P,gnn_local_s123
S669,-0.06,0.5430833101272583,1PRG,R288H,gnn_local_s123
S669,-0.03,0.9335938692092896,1PRG,V290M,gnn_local_s123
S669,-0.8,1.1189372539520264,1SPD,C111S,gnn_local_s123
S669,-0.1,1.2351864576339722,1SPD,C6A,gnn_local_s123
S669,2.9,0.40930411219596863,1XWS,E124Q,gnn_local_s123
S669,4.59,0.23970824480056763,1XWS,E135K,gnn_local_s123
S669,3.22,0.44258788228034973,1XWS,E142D,gnn_local_s123
S669,3.3,0.712664008140564,1XWS,Y53H,gnn_local_s123
S669,0.86,0.5331348180770874,1XXN,N32D,gnn_local_s123
S669,0.645,0.6296157836914062,1XXN,N54E,gnn_local_s123
S669,-0.239,0.716260552406311,1XXN,S22E,gnn_local_s123
S669,0.645,1.345219612121582,1XXN,S27E,gnn_local_s123
S669,-2.87,0.697073757648468,1XZO,F42W,gnn_local_s123
S669,2.89,1.2142988443374634,1XZO,W101F,gnn_local_s123
S669,8.93,1.0546685457229614,1XZO,W36A,gnn_local_s123
S669,4.25,0.6913676261901855,1XZO,W36F,gnn_local_s123
S669,0.7170000000000001,1.0162817239761353,2ARF,H1069Q,gnn_local_s123
S669,-1.07,0.05572203919291496,2H3F,E12A,gnn_local_s123
S669,-1.536,0.4805750548839569,2JIE,H104R,gnn_local_s123
S669,0.209,-0.5761591792106628,2JIE,Q22S,gnn_local_s123
S669,1.246,0.34882086515426636,2JIE,S17A,gnn_local_s123
S669,-0.951,0.006471929140388966,2JIE,S19A,gnn_local_s123
S669,0.994,0.16801509261131287,2JIE,T18A,gnn_local_s123
S669,-2.19,-0.5042271018028259,2JIE,W123F,gnn_local_s123
S669,-1.06,-0.17410606145858765,2JIE,W123H,gnn_local_s123
S669,3.443,0.8608519434928894,2JIE,Y21A,gnn_local_s123
S669,-1.26,0.17872057855129242,2KS4,D9A,gnn_local_s123
S669,0.23,0.32783862948417664,2KS4,E2A,gnn_local_s123
S669,1.57,1.6794089078903198,2LTB,L558P,gnn_local_s123
S669,3.11,1.8746222257614136,2LTB,L569R,gnn_local_s123
S669,3.34,0.5910819172859192,2LTB,M619K,gnn_local_s123
S669,1.1,0.31974878907203674,2LTB,R533Q,gnn_local_s123
S669,0.36,0.9375953674316406,2LTB,R555Q,gnn_local_s123
S669,-1.79,0.3823660910129547,2LTB,R555W,gnn_local_s123
S669,4.0,0.23589970171451569,2M5S,D302A,gnn_local_s123
S669,2.0,1.2170133590698242,2M5S,H305A,gnn_local_s123
S669,2.3,0.5889045000076294,2NTE,R658C,gnn_local_s123
S669,-0.5,-0.05874994769692421,2PR5,A33Y,gnn_local_s123
S669,0.4,0.9531670808792114,2PR5,A81M,gnn_local_s123
S669,-0.3,0.6234359741210938,2PR5,D109E,gnn_local_s123
S669,-0.3,-0.47505220770835876,2PR5,H22K,gnn_local_s123
S669,-1.2,-0.44614309072494507,2PR5,H22W,gnn_local_s123
S669,-2.9,0.5475202202796936,2PR5,M111F,gnn_local_s123
S669,-0.9,0.08898209035396576,2PR5,N107F,gnn_local_s123
S669,-0.8,0.11976799368858337,2PR5,N107Y,gnn_local_s123
S669,-1.1,0.06764155626296997,2PR5,N124F,gnn_local_s123
S669,-2.6,0.23407122492790222,2PR5,N124Y,gnn_local_s123
S669,-0.5,1.0609307289123535,2PR5,T30M,gnn_local_s123
S669,0.5,0.9367671608924866,2PR5,T50M,gnn_local_s123
S669,-0.2,0.36333033442497253,2PR5,T54Y,gnn_local_s123
S669,-1.4,0.2600688636302948,2PR5,V120I,gnn_local_s123
S669,-0.4,0.7658142447471619,2PR5,V25I,gnn_local_s123
S669,0.2,1.0721923112869263,2PR5,V88L,gnn_local_s123
S669,0.7,0.6806216239929199,2PR5,V90I,gnn_local_s123
S669,6.597,-0.08127319812774658,2VY0,E53A,gnn_local_s123
S669,-1.369,0.7728478908538818,3BCI,E96Q,gnn_local_s123
S669,0.65,-0.032829925417900085,3D3B,D118A,gnn_local_s123
S669,0.6,0.07174313068389893,3D3B,D118E,gnn_local_s123
S669,1.6,-0.163897305727005,3D3B,D118K,gnn_local_s123
S669,1.34,-0.1259833127260208,3D3B,D118N,gnn_local_s123
S669,1.41,-0.1719791144132614,3D3B,D118R,gnn_local_s123
S669,-0.8,0.8363165259361267,3ECU,H46R,gnn_local_s123
S669,1.3,-0.013852815143764019,3S4M,D122Y,gnn_local_s123
S669,2.5,0.4131721556186676,3S4M,G130V,gnn_local_s123
S669,-0.096,0.7754206657409668,3S4M,I154F,gnn_local_s123
S669,0.693,0.728248119354248,3S4M,W155R,gnn_local_s123
S669,-0.99,0.22536353766918182,4BJX,A89V,gnn_local_s123
S669,1.435,1.043265700340271,4BUQ,Y48A,gnn_local_s123
S669,-0.1,0.7290787696838379,4WAA,K65A,gnn_local_s123
S669,2.07,0.6263488531112671,4WAA,K67A,gnn_local_s123
S669,0.44,0.41368284821510315,4WAA,R27A,gnn_local_s123
S669,-0.413,0.22943222522735596,5VP3,R39K,gnn_local_s123
S669,1.745,0.6620348691940308,1BA3,H461D,gnn_local_s123
S669,-0.287,0.20194174349308014,1BA3,H489D,gnn_local_s123
S669,0.287,0.17073017358779907,1BA3,H489K,gnn_local_s123
S669,0.263,-0.17429609596729279,1BA3,H489M,gnn_local_s123
S669,1.81,0.729154646396637,1DIV,V129A,gnn_local_s123
S669,0.455,0.9134630560874939,1F8I,F345A,gnn_local_s123
S669,-0.05,0.31469061970710754,1FT8,L349I,gnn_local_s123
S669,-0.0,0.4836387038230896,1LVM,S135G,gnn_local_s123
S669,0.88,0.34899023175239563,1NM1,D187N,gnn_local_s123
S669,1.9,0.16163386404514313,1NM1,D187Y,gnn_local_s123
S669,2.4,0.8266176581382751,1PRE,C159S,gnn_local_s123
S669,4.2,0.8777693510055542,1R2Y,R244E,gnn_local_s123
S669,-0.358,0.4164073169231415,1XXN,N181R,gnn_local_s123
S669,-3.02,0.8227458000183105,3D2A,M134E,gnn_local_s123
S669,-3.34,0.6323403716087341,3D2A,M137P,gnn_local_s123
S669,-2.11,0.23043370246887207,3D2A,S163P,gnn_local_s123
S669,2.99,0.43401309847831726,5OAQ,Y429H,gnn_local_s123
S669,0.7,0.37370309233665466,1BFM,M35W,gnn_local_blosum_s123
S669,0.4,0.28140532970428467,1BFM,M35Y,gnn_local_blosum_s123
S669,0.04,0.4845671057701111,1D5G,H71Y,gnn_local_blosum_s123
S669,-0.91,1.4509291648864746,1D5G,I20F,gnn_local_blosum_s123
S669,1.0,1.142158031463623,1EKG,L198C,gnn_local_blosum_s123
S669,2.0,1.2503414154052734,1EKG,L200C,gnn_local_blosum_s123
S669,-1.0,0.959234356880188,1EKG,L203C,gnn_local_blosum_s123
S669,2.6,0.17708680033683777,1EKG,S181F,gnn_local_blosum_s123
S669,-4.0,0.5803755521774292,1FRD,H42R,gnn_local_blosum_s123
S669,1.1,0.9394302368164062,1FXA,E94D,gnn_local_blosum_s123
S669,0.4,0.5551093816757202,1FXA,E94K,gnn_local_blosum_s123
S669,-0.6,0.8299148082733154,1FXA,E94Q,gnn_local_blosum_s123
S669,-1.0,0.0030096769332885742,1FXA,E95K,gnn_local_blosum_s123
S669,1.0,1.368619680404663,1FXA,F65A,gnn_local_blosum_s123
S669,0.9,0.8501782417297363,1FXA,F65I,gnn_local_blosum_s123
S669,0.6,1.1601734161376953,1FXA,F65W,gnn_local_blosum_s123
S669,0.5,1.1574699878692627,1FXA,F65Y,gnn_local_blosum_s123
S669,2.4,0.49288520216941833,1FXA,R42A,gnn_local_blosum_s123
S669,1.4,0.5035861134529114,1FXA,R42H,gnn_local_blosum_s123
S669,-0.1,0.884769082069397,1FXA,T48A,gnn_local_blosum_s123
S669,1.22,1.576894760131836,1GLU,C500A,gnn_local_blosum_s123
S669,1.963,1.3478496074676514,1GUA,A118G,gnn_local_blosum_s123
S669,1.951,0.8127040863037109,1GUA,A118L,gnn_local_blosum_s123
S669,2.149,1.147576928138733,1GUA,A85G,gnn_local_blosum_s123
S669,0.863,1.0074691772460938,1GUA,A97G,gnn_local_blosum_s123
S669,-0.283,1.0148121118545532,1GUA,C81A,gnn_local_blosum_s123
S669,0.912,0.48412033915519714,1GUA,C81I,gnn_local_blosum_s123
S669,0.08,0.6711057424545288,1GUA,C95A,gnn_local_blosum_s123
S669,1.759,1.5707547664642334,1GUA,C96A,gnn_local_blosum_s123
S669,0.043,1.0268365144729614,1GUA,C96L,gnn_local_blosum_s123
S669,0.337,1.2370957136154175,1GUA,C96M,gnn_local_blosum_s123
S669,0.706,-0.1377629041671753,1GUA,D117A,gnn_local_blosum_s123
S669,0.855,0.44146308302879333,1GUA,D129A,gnn_local_blosum_s123
S669,0.493,-0.2590145468711853,1GUA,D80A,gnn_local_blosum_s123
S669,-0.021,0.0674470067024231,1GUA,E104A,gnn_local_blosum_s123
S669,0.101,0.173145592212677,1GUA,E124A,gnn_local_blosum_s123
S669,0.591,0.561284065246582,1GUA,E125A,gnn_local_blosum_s123
S669,3.274,2.3856043815612793,1GUA,I58A,gnn_local_blosum_s123
S669,1.2990000000000002,2.0278358459472656,1GUA,I58F,gnn_local_blosum_s123
S669,0.7709999999999999,1.900130033493042,1GUA,I58L,gnn_local_blosum_s123
S669,0.327,0.5555826425552368,1GUA,K109A,gnn_local_blosum_s123
S669,2.593,1.0163074731826782,1GUA,L112A,gnn_local_blosum_s123
S669,2.5340000000000003,1.370518445968628,1GUA,L121A,gnn_local_blosum_s123
S669,3.405,1.649972677230835,1GUA,L126A,gnn_local_blosum_s123
S669,3.46,1.7515331506729126,1GUA,L62A,gnn_local_blosum_s123
S669,3.803,1.4344358444213867,1GUA,L78A,gnn_local_blosum_s123
S669,3.529,1.8843562602996826,1GUA,L82A,gnn_local_blosum_s123
S669,1.6,1.2818527221679688,1GUA,L82I,gnn_local_blosum_s123
S669,1.7,1.5824992656707764,1GUA,L82V,gnn_local_blosum_s123
S669,3.2260000000000004,1.798195481300354,1GUA,L86A,gnn_local_blosum_s123
S669,1.575,1.6144601106643677,1GUA,L91A,gnn_local_blosum_s123
S669,0.961,0.44353577494621277,1GUA,M76A,gnn_local_blosum_s123
S669,-0.271,-0.1742568016052246,1GUA,N56M,gnn_local_blosum_s123
S669,1.14,0.1502707302570343,1GUA,N64A,gnn_local_blosum_s123
S669,1.7080000000000002,0.5893012285232544,1GUA,P63A,gnn_local_blosum_s123
S669,0.0819999999999999,0.4552305340766907,1GUA,P93A,gnn_local_blosum_s123
S669,0.504,0.35751873254776,1GUA,Q66A,gnn_local_blosum_s123
S669,0.693,0.22290141880512238,1GUA,R100A,gnn_local_blosum_s123
S669,-0.178,0.4629421830177307,1GUA,R59A,gnn_local_blosum_s123
S669,-1.078,0.18211132287979126,1GUA,R89L,gnn_local_blosum_s123
S669,1.5730000000000002,0.4480586647987366,1GUA,S77A,gnn_local_blosum_s123
S669,-0.581,0.6435197591781616,1GUA,S77T,gnn_local_blosum_s123
S669,0.109,0.527369499206543,1GUA,T68A,gnn_local_blosum_s123
S669,3.3680000000000003,1.8604152202606201,1GUA,V128A,gnn_local_blosum_s123
S669,2.251,1.6958839893341064,1GUA,V60A,gnn_local_blosum_s123
S669,1.116,1.3249472379684448,1GUA,V69A,gnn_local_blosum_s123
S669,1.77,1.6971945762634277,1GUA,V70A,gnn_local_blosum_s123
S669,1.052,1.6306461095809937,1GUA,V72A,gnn_local_blosum_s123
S669,0.8640000000000001,1.0615012645721436,1GUA,V72I,gnn_local_blosum_s123
S669,1.981,1.3026738166809082,1GUA,V98A,gnn_local_blosum_s123
S669,1.936,0.11886157095432281,1H0X,P18A,gnn_local_blosum_s123
S669,2.5810000000000004,0.3066101372241974,1H0X,P62A,gnn_local_blosum_s123
S669,2.09,1.6574983596801758,1HCQ,C67A,gnn_local_blosum_s123
S669,1.99,1.7381563186645508,1HCQ,C67S,gnn_local_blosum_s123
S669,-0.4,1.2605818510055542,1IOJ,G15A,gnn_local_blosum_s123
S669,-0.5,0.8396018743515015,1IV7,A173C,gnn_local_blosum_s123
S669,2.5,1.4879989624023438,1IV7,F189C,gnn_local_blosum_s123
S669,1.9,1.466951847076416,1IV7,L162C,gnn_local_blosum_s123
S669,-4.299,0.2138851433992386,1IV9,S76Y,gnn_local_blosum_s123
S669,-0.1,0.5502933263778687,1J8I,K25A,gnn_local_blosum_s123
S669,-0.1,0.48893168568611145,1J8I,K66A,gnn_local_blosum_s123
S669,-0.8,0.30889183282852173,1J8I,R23A,gnn_local_blosum_s123
S669,0.1,0.6423330307006836,1J8I,R35A,gnn_local_blosum_s123
S669,-0.7,0.39090830087661743,1J8I,R43A,gnn_local_blosum_s123
S669,0.1,0.23141059279441833,1J8I,R9A,gnn_local_blosum_s123
S669,1.44,0.012255445122718811,1JL9,A25C,gnn_local_blosum_s123
S669,1.6969999999999998,1.9811193943023682,1L6H,F39A,gnn_local_blosum_s123
S669,0.55,1.060935378074646,1L6H,Y45A,gnn_local_blosum_s123
S669,1.482,1.629274606704712,1L6H,Y48A,gnn_local_blosum_s123
S669,1.39,1.5013582706451416,1N88,F21A,gnn_local_blosum_s123
S669,1.39,2.269524335861206,1N88,I39A,gnn_local_blosum_s123
S669,2.79,1.3325841426849365,1N88,I80A,gnn_local_blosum_s123
S669,2.35,1.594264030456543,1N88,I89A,gnn_local_blosum_s123
S669,1.52,1.8018755912780762,1N88,I8V,gnn_local_blosum_s123
S669,1.52,0.9365798234939575,1N88,L13A,gnn_local_blosum_s123
S669,1.11,0.9661545753479004,1N88,L57A,gnn_local_blosum_s123
S669,1.94,1.2302322387695312,1N88,V12A,gnn_local_blosum_s123
S669,2.84,1.696655035018921,1N88,V30A,gnn_local_blosum_s123
S669,2.82,2.0406134128570557,1N88,V43A,gnn_local_blosum_s123
S669,2.83,1.2429461479187012,1N88,V49A,gnn_local_blosum_s123
S669,3.24,1.2945952415466309,1N88,V51A,gnn_local_blosum_s123
S669,3.73,1.500658631324768,1N88,V54A,gnn_local_blosum_s123
S669,2.82,1.946523666381836,1N88,V81A,gnn_local_blosum_s123
S669,3.1,1.4576765298843384,1N88,V83A,gnn_local_blosum_s123
S669,-0.06,0.6376922130584717,1N88,Y18A,gnn_local_blosum_s123
S669,4.61,1.4081125259399414,1N88,Y26A,gnn_local_blosum_s123
S669,1.2,0.7877084016799927,1O6X,A31G,gnn_local_blosum_s123
S669,1.4,1.0093040466308594,1O6X,A50G,gnn_local_blosum_s123
S669,-0.36,0.027642905712127686,1O6X,D38A,gnn_local_blosum_s123
S669,0.3,-0.2669885456562042,1O6X,E14A,gnn_local_blosum_s123
S669,1.42,0.08668915927410126,1O6X,E20G,gnn_local_blosum_s123
S669,1.88,0.6677393913269043,1O6X,F39L,gnn_local_blosum_s123
S669,0.98,1.091066837310791,1O6X,F65A,gnn_local_blosum_s123
S669,0.61,0.0906810462474823,1O6X,H51A,gnn_local_blosum_s123
S669,0.43,1.512589931488037,1O6X,I15V,gnn_local_blosum_s123
S669,-0.42,1.1465693712234497,1O6X,I23V,gnn_local_blosum_s123
S669,1.31,1.0925135612487793,1O6X,I71V,gnn_local_blosum_s123
S669,1.31,0.7787182331085205,1O6X,I75A,gnn_local_blosum_s123
S669,1.98,0.1735687404870987,1O6X,K41A,gnn_local_blosum_s123
S669,0.97,1.6170248985290527,1O6X,L26V,gnn_local_blosum_s123
S669,0.08,0.5443551540374756,1O6X,N58A,gnn_local_blosum_s123
S669,0.49,0.2258487343788147,1O6X,Q60G,gnn_local_blosum_s123
S669,1.1,0.915032148361206,1O6X,V12A,gnn_local_blosum_s123
S669,1.08,1.4831515550613403,1O6X,V52A,gnn_local_blosum_s123
S669,1.1,0.9917532205581665,1O6X,V64G,gnn_local_blosum_s123
S669,2.78,0.2639188766479492,1O6X,Y73L,gnn_local_blosum_s123
S669,0.13,1.3863528966903687,1R6R,I88N,gnn_local_blosum_s123
S669,2.81,1.370665192604065,1R6R,L50S,gnn_local_blosum_s123
S669,0.24,1.6273536682128906,1R6R,L54S,gnn_local_blosum_s123
S669,6.84,1.5804414749145508,1R6R,L81N,gnn_local_blosum_s123
S669,4.493,1.2706269025802612,2BJD,V84D,gnn_local_blosum_s123
S669,4.517,1.1346113681793213,2BJD,V84P,gnn_local_blosum_s123
S669,2.103,0.8359024524688721,2BJD,Y86E,gnn_local_blosum_s123
S669,0.012,2.00079607963562,2C9Q,Y79F,gnn_local_blosum_s123
S669,1.233,1.972696304321289,2C9Q,Y79W,gnn_local_blosum_s123
S669,-0.12,0.3027811646461487,2CLR,H13F,gnn_local_blosum_s123
S669,-2.605,0.36215171217918396,2CLR,H31F,gnn_local_blosum_s123
S669,1.912,0.21123480796813965,2CLR,H51F,gnn_local_blosum_s123
S669,2.629,1.1291260719299316,2CLR,H84A,gnn_local_blosum_s123
S669,-0.89,0.8798786401748657,2DVV,Q443H,gnn_local_blosum_s123
S669,0.02,0.5281603336334229,2DVV,R419W,gnn_local_blosum_s123
S669,0.32,0.30743998289108276,2HBB,A22G,gnn_local_blosum_s123
S669,1.79,1.2033716440200806,2HBB,A26G,gnn_local_blosum_s123
S669,1.55,1.2655763626098633,2HBB,A36G,gnn_local_blosum_s123
S669,1.59,1.1090606451034546,2HBB,A39G,gnn_local_blosum_s123
S669,0.33,0.5197930335998535,2HBB,A42G,gnn_local_blosum_s123
S669,0.55,0.9465506076812744,2HBB,A46G,gnn_local_blosum_s123
S669,0.22,0.4752241373062134,2HBB,A49G,gnn_local_blosum_s123
S669,0.03,-0.3055618703365326,2HBB,D23A,gnn_local_blosum_s123
S669,0.79,-0.1829819679260254,2HBB,D23N,gnn_local_blosum_s123
S669,1.3,-0.054126471281051636,2HBB,D8A,gnn_local_blosum_s123
S669,0.38,0.09488973021507263,2HBB,D8N,gnn_local_blosum_s123
S669,1.69,-0.010297030210494995,2HBB,E17A,gnn_local_blosum_s123
S669,0.33,0.007830142974853516,2HBB,E17Q,gnn_local_blosum_s123
S669,0.41,0.34349948167800903,2HBB,E38A,gnn_local_blosum_s123
S669,0.68,0.6468144655227661,2HBB,E38Q,gnn_local_blosum_s123
S669,-0.07,0.004425331950187683,2HBB,E48Q,gnn_local_blosum_s123
S669,2.84,1.0604041814804077,2HBB,F31A,gnn_local_blosum_s123
S669,1.15,0.7650538682937622,2HBB,F5L,gnn_local_blosum_s123
S669,-0.02,-0.01348179578781128,2HBB,G24A,gnn_local_blosum_s123
S669,1.02,0.30857157707214355,2HBB,G34A,gnn_local_blosum_s123
S669,2.05,0.9688116312026978,2HBB,I18A,gnn_local_blosum_s123
S669,0.07,0.5533781051635742,2HBB,I18V,gnn_local_blosum_s123
S669,1.28,1.5011582374572754,2HBB,I37A,gnn_local_blosum_s123
S669,-0.09,1.195962905883789,2HBB,I37V,gnn_local_blosum_s123
S669,0.59,1.2210010290145874,2HBB,I4V,gnn_local_blosum_s123
S669,-0.13,0.21262437105178833,2HBB,K10E,gnn_local_blosum_s123
S669,-0.47,-0.45504459738731384,2HBB,K10M,gnn_local_blosum_s123
S669,-0.61,0.4323582649230957,2HBB,K12A,gnn_local_blosum_s123
S669,-0.03,0.6028071641921997,2HBB,K12G,gnn_local_blosum_s123
S669,-1.8,0.0979243665933609,2HBB,K12M,gnn_local_blosum_s123
S669,0.73,-0.0024057626724243164,2HBB,K14A,gnn_local_blosum_s123
S669,1.3,0.08179709315299988,2HBB,K14G,gnn_local_blosum_s123
S669,0.34,-0.34809884428977966,2HBB,K14M,gnn_local_blosum_s123
S669,1.74,0.19911059737205505,2HBB,K15G,gnn_local_blosum_s123
S669,0.44,-0.27185118198394775,2HBB,K15M,gnn_local_blosum_s123
S669,-0.21,-0.17586588859558105,2HBB,K7M,gnn_local_blosum_s123
S669,2.76,1.5620994567871094,2HBB,L30A,gnn_local_blosum_s123
S669,1.21,1.1444036960601807,2HBB,L35A,gnn_local_blosum_s123
S669,1.73,1.360222339630127,2HBB,L44A,gnn_local_blosum_s123
S669,0.84,1.5891392230987549,2HBB,L47A,gnn_local_blosum_s123
S669,3.1,1.1647169589996338,2HBB,L6A,gnn_local_blosum_s123
S669,1.46,0.8148881196975708,2HBB,M1A,gnn_local_blosum_s123
S669,0.8,0.3203127980232239,2HBB,T40S,gnn_local_blosum_s123
S669,2.33,1.2206891775131226,2HBB,V21A,gnn_local_blosum_s123
S669,2.55,1.665809154510498,2HBB,V3A,gnn_local_blosum_s123
S669,1.81,0.9661158323287964,2HBB,V9A,gnn_local_blosum_s123
S669,2.54,1.3185274600982666,2JUC,C57D,gnn_local_blosum_s123
S669,0.71,0.8902639150619507,2JUC,C57S,gnn_local_blosum_s123
S669,1.75,0.4213345944881439,2JUC,R18A,gnn_local_blosum_s123
S669,-1.2,0.09882888197898865,2KJ3,D288A,gnn_local_blosum_s123
S669,-1.9,0.07364493608474731,2KJ3,E272A,gnn_local_blosum_s123
S669,0.8,0.6657235622406006,2KJ3,G278A,gnn_local_blosum_s123
S669,-1.5,0.12174412608146667,2KJ3,K229A,gnn_local_blosum_s123
S669,-1.0,1.3649864196777344,2KJ3,L241A,gnn_local_blosum_s123
S669,-1.4,0.7020254135131836,2KJ3,S273A,gnn_local_blosum_s123
S669,-1.0,1.5414025783538818,2KJ3,V239A,gnn_local_blosum_s123
S669,-1.0,1.2277106046676636,2KJ3,V264A,gnn_local_blosum_s123
S669,-0.2,1.6383211612701416,2KJ3,V267A,gnn_local_blosum_s123
S669,0.24,0.8764827251434326,2MPC,A89T,gnn_local_blosum_s123
S669,-0.62,0.06700167059898376,2MPC,R42A,gnn_local_blosum_s123
S669,-2.08,-0.17115095257759094,2MPC,R42W,gnn_local_blosum_s123
S669,0.6,0.2301589548587799,2N7Z,P88A,gnn_local_blosum_s123
S669,-0.44,1.347649335861206,2OUO,A420D,gnn_local_blosum_s123
S669,2.43,1.351738452911377,2PTL,A22G,gnn_local_blosum_s123
S669,-0.1,0.7269742488861084,2PTL,A27P,gnn_local_blosum_s123
S669,0.83,0.03700344264507294,2PTL,A27V,gnn_local_blosum_s123
S669,2.17,0.9630149602890015,2PTL,A34G,gnn_local_blosum_s123
S669,-1.47,0.4380000829696655,2PTL,A34V,gnn_local_blosum_s123
S669,2.54,1.1981863975524902,2PTL,A43G,gnn_local_blosum_s123
S669,3.1,1.4547343254089355,2PTL,A47G,gnn_local_blosum_s123
S669,1.32,0.5936180353164673,2PTL,A49G,gnn_local_blosum_s123
S669,3.12,1.263553261756897,2PTL,A51G,gnn_local_blosum_s123
S669,0.49,0.19877272844314575,2PTL,A66G,gnn_local_blosum_s123
S669,1.21,0.10939329862594604,2PTL,D52A,gnn_local_blosum_s123
S669,2.14,0.20505870878696442,2PTL,D52G,gnn_local_blosum_s123
S669,0.2,-0.27102312445640564,2PTL,D64A,gnn_local_blosum_s123
S669,0.59,-0.07172627747058868,2PTL,E35A,gnn_local_blosum_s123
S669,1.19,0.2472938895225525,2PTL,E46G,gnn_local_blosum_s123
S669,1.08,-0.3202166259288788,2PTL,E46I,gnn_local_blosum_s123
S669,0.23,-0.06146577000617981,2PTL,E60A,gnn_local_blosum_s123
S669,3.12,1.5693035125732422,2PTL,F26A,gnn_local_blosum_s123
S669,0.68,1.0201014280319214,2PTL,F26L,gnn_local_blosum_s123
S669,4.15,0.9100033044815063,2PTL,F36A,gnn_local_blosum_s123
S669,3.12,0.43142056465148926,2PTL,F36L,gnn_local_blosum_s123
S669,3.08,1.2667183876037598,2PTL,F40G,gnn_local_blosum_s123
S669,0.38,0.6786831617355347,2PTL,F40L,gnn_local_blosum_s123
S669,3.34,0.9484704732894897,2PTL,F76L,gnn_local_blosum_s123
S669,3.73,1.035597801208496,2PTL,F76V,gnn_local_blosum_s123
S669,1.52,0.05571265518665314,2PTL,G29A,gnn_local_blosum_s123
S669,2.53,-0.23426011204719543,2PTL,G29V,gnn_local_blosum_s123
S669,2.08,0.5373998880386353,2PTL,G38A,gnn_local_blosum_s123
S669,2.23,0.5975615978240967,2PTL,G59A,gnn_local_blosum_s123
S669,2.04,0.4268912374973297,2PTL,G69A,gnn_local_blosum_s123
S669,4.9,1.8710315227508545,2PTL,I20A,gnn_local_blosum_s123
S669,0.56,1.524954080581665,2PTL,I20V,gnn_local_blosum_s123
S669,1.37,1.1548027992248535,2PTL,I25A,gnn_local_blosum_s123
S669,0.47,0.6886804103851318,2PTL,I25V,gnn_local_blosum_s123
S669,4.72,1.543632984161377,2PTL,I74A,gnn_local_blosum_s123
S669,1.69,1.2661062479019165,2PTL,I74V,gnn_local_blosum_s123
S669,0.92,0.9291985034942627,2PTL,K21A,gnn_local_blosum_s123
S669,0.88,0.32099056243896484,2PTL,K37A,gnn_local_blosum_s123
S669,-0.16,0.5000052452087402,2PTL,K42G,gnn_local_blosum_s123
S669,-0.58,0.6031183004379272,2PTL,K55A,gnn_local_blosum_s123
S669,-0.35,-0.051215142011642456,2PTL,K56A,gnn_local_blosum_s123
S669,0.09,0.22693686187267303,2PTL,K68A,gnn_local_blosum_s123
S669,0.45,0.5802265405654907,2PTL,K75A,gnn_local_blosum_s123
S669,3.12,1.8517489433288574,2PTL,L24A,gnn_local_blosum_s123
S669,2.44,1.3808425664901733,2PTL,L54A,gnn_local_blosum_s123
S669,3.77,1.4491088390350342,2PTL,L72A,gnn_local_blosum_s123
S669,1.87,0.540406346321106,2PTL,N23A,gnn_local_blosum_s123
S669,1.78,0.1778355985879898,2PTL,N28A,gnn_local_blosum_s123
S669,0.34,0.8611711263656616,2PTL,N58A,gnn_local_blosum_s123
S669,1.73,0.46629664301872253,2PTL,N73A,gnn_local_blosum_s123
S669,0.3,0.28882694244384766,2PTL,S30A,gnn_local_blosum_s123
S669,-0.41,0.482234388589859,2PTL,S45A,gnn_local_blosum_s123
S669,0.82,0.5699830651283264,2PTL,S45G,gnn_local_blosum_s123
S669,1.63,0.6298555135726929,2PTL,T19A,gnn_local_blosum_s123
S669,1.17,0.3150702118873596,2PTL,T31A,gnn_local_blosum_s123
S669,1.11,0.3614671528339386,2PTL,T33A,gnn_local_blosum_s123
S669,1.25,0.35539117455482483,2PTL,T39A,gnn_local_blosum_s123
S669,1.09,0.7512212991714478,2PTL,T44A,gnn_local_blosum_s123
S669,0.17,0.20222800970077515,2PTL,T53G,gnn_local_blosum_s123
S669,0.97,-0.4528867304325104,2PTL,T62A,gnn_local_blosum_s123
S669,1.83,0.8798308372497559,2PTL,T71A,gnn_local_blosum_s123
S669,1.22,1.235335350036621,2PTL,V18A,gnn_local_blosum_s123
S669,0.92,0.5300782918930054,2PTL,V63A,gnn_local_blosum_s123
S669,1.14,0.45168495178222656,2PTL,V65A,gnn_local_blosum_s123
S669,2.82,0.7968891859054565,2PTL,Y48A,gnn_local_blosum_s123
S669,2.46,1.0759066343307495,2PTL,Y50A,gnn_local_blosum_s123
S669,1.66,1.1783170700073242,2PTL,Y70A,gnn_local_blosum_s123
S669,-0.43,0.7337503433227539,2PTL,Y70L,gnn_local_blosum_s123
S669,-1.05,0.018362805247306824,2RPN,E7L,gnn_local_blosum_s123
S669,-0.39,0.9580997228622437,2RPN,V21K,gnn_local_blosum_s123
S669,-0.3,0.4847641885280609,2WQG,D15A,gnn_local_blosum_s123
S669,-0.1,0.4555026590824127,2WQG,D38A,gnn_local_blosum_s123
S669,2.2,0.7265301942825317,2WQG,D39A,gnn_local_blosum_s123
S669,2.6,0.9620864391326904,2WQG,D39N,gnn_local_blosum_s123
S669,0.1,0.5672122836112976,2WQG,E40Q,gnn_local_blosum_s123
S669,0.4,0.5589300394058228,2WQG,E41G,gnn_local_blosum_s123
S669,0.9,1.1707267761230469,2WQG,I36A,gnn_local_blosum_s123
S669,0.3,0.8392378091812134,2WQG,I36V,gnn_local_blosum_s123
S669,0.4,0.7684839963912964,2WQG,K14A,gnn_local_blosum_s123
S669,1.9,0.9730609655380249,2WQG,K14G,gnn_local_blosum_s123
S669,0.3,0.5163255929946899,2WQG,K19A,gnn_local_blosum_s123
S669,0.6,1.0909292697906494,2WQG,K28A,gnn_local_blosum_s123
S669,0.5,1.953902006149292,2WQG,L13A,gnn_local_blosum_s123
S669,1.3,1.4644660949707031,2WQG,L16A,gnn_local_blosum_s123
S669,2.0,1.4444513320922852,2WQG,L8A,gnn_local_blosum_s123
S669,0.6,0.45103830099105835,2WQG,Q12A,gnn_local_blosum_s123
S669,2.0,0.6524322032928467,2WQG,Q12G,gnn_local_blosum_s123
S669,-0.1,0.6694724559783936,2WQG,Q33A,gnn_local_blosum_s123
S669,0.8,0.9372555017471313,2WQG,R34A,gnn_local_blosum_s123
S669,0.6,0.6556464433670044,2WQG,S23A,gnn_local_blosum_s123
S669,-0.1,0.09759724140167236,2WQG,S6A,gnn_local_blosum_s123
S669,0.2,0.34153011441230774,2WQG,S6G,gnn_local_blosum_s123
S669,-0.1,0.7441589832305908,2WQG,T9S,gnn_local_blosum_s123
S669,0.1,1.3438537120819092,2WQG,V10A,gnn_local_blosum_s123
S669,0.7,1.6180684566497803,2WQG,V10G,gnn_local_blosum_s123
S669,-0.4,0.9903632402420044,2WQG,V11A,gnn_local_blosum_s123
S669,-0.1,1.2900892496109009,2WQG,V11G,gnn_local_blosum_s123
S669,0.5,1.353424310684204,2WQG,V24A,gnn_local_blosum_s123
S669,2.4,1.230605125427246,2WQG,Y5F,gnn_local_blosum_s123
S669,0.74,0.2225508689880371,2ZTA,E11Q,gnn_local_blosum_s123
S669,-0.2,0.30746254324913025,2ZTA,E20Q,gnn_local_blosum_s123
S669,1.83,0.5155036449432373,2ZTA,E22Q,gnn_local_blosum_s123
S669,0.41,0.4976968467235565,2ZTA,K15A,gnn_local_blosum_s123
S669,0.91,0.3667977452278137,2ZTA,K27A,gnn_local_blosum_s123
S669,0.06,0.2909095287322998,2ZTA,K28A,gnn_local_blosum_s123
S669,0.39,0.41108438372612,2ZTA,K8A,gnn_local_blosum_s123
S669,1.66,0.3222772479057312,2ZTA,R25A,gnn_local_blosum_s123
S669,1.506,1.2462210655212402,3BN0,I20V,gnn_local_blosum_s123
S669,-0.43,1.9154179096221924,3C2I,F155S,gnn_local_blosum_s123
S669,-0.47,0.8463730812072754,3C2I,T158A,gnn_local_blosum_s123
S669,-0.25,0.45293673872947693,3C2I,T158M,gnn_local_blosum_s123
S669,0.5,0.01131969690322876,3FIS,P61A,gnn_local_blosum_s123
S669,-0.34,-0.7546612024307251,3G1G,D155Y,gnn_local_blosum_s123
S669,0.74,1.6720231771469116,3G1G,F167Y,gnn_local_blosum_s123
S669,0.17,1.5944910049438477,3G1G,I190V,gnn_local_blosum_s123
S669,-1.32,0.37037405371665955,3G1G,R185W,gnn_local_blosum_s123
S669,3.35,0.46611911058425903,3K82,E334L,gnn_local_blosum_s123
S669,1.68,0.8653334379196167,3K82,E334Q,gnn_local_blosum_s123
S669,-5.49,0.25764185190200806,3K82,E401R,gnn_local_blosum_s123
S669,-1.194,-0.07191133499145508,3MON,R39G,gnn_local_blosum_s123
S669,2.866,-0.27259692549705505,3MON,W3C,gnn_local_blosum_s123
S669,3.25,1.3243826627731323,3O39,L32P,gnn_local_blosum_s123
S669,-2.03,0.8005715608596802,3S92,H395R,gnn_local_blosum_s123
S669,-0.574,-0.3630526065826416,4N6V,H75W,gnn_local_blosum_s123
S669,1.362,0.007303103804588318,4N6V,P36G,gnn_local_blosum_s123
S669,-1.745,-0.100606769323349,4N6V,P79S,gnn_local_blosum_s123
S669,0.71,1.0400302410125732,4YEE,V134T,gnn_local_blosum_s123
S669,0.93,0.05251343548297882,4YEF,T134V,gnn_local_blosum_s123
S669,1.44,-0.02707386016845703,5JXB,D329G,gnn_local_blosum_s123
S669,1.44,0.027572453022003174,5JXB,D329P,gnn_local_blosum_s123
S669,1.8,0.9444597959518433,1A0F,S11A,gnn_local_blosum_s123
S669,2.69,0.41931018233299255,1A7V,A104H,gnn_local_blosum_s123
S669,1.98,0.2498037964105606,1A7V,A66H,gnn_local_blosum_s123
S669,1.7,1.4702644348144531,1A7V,A91H,gnn_local_blosum_s123
S669,1.36,0.11609338223934174,1A7V,D3H,gnn_local_blosum_s123
S669,2.05,-0.010511934757232666,1A7V,D58H,gnn_local_blosum_s123
S669,3.01,0.024042338132858276,1A7V,E73H,gnn_local_blosum_s123
S669,0.6,0.2909718453884125,1A7V,K13H,gnn_local_blosum_s123
S669,2.88,0.3308474123477936,1A7V,K20H,gnn_local_blosum_s123
S669,1.36,0.17965911328792572,1A7V,K31H,gnn_local_blosum_s123
S669,1.86,-0.08507466316223145,1A7V,K39H,gnn_local_blosum_s123
S669,2.02,0.3896343410015106,1A7V,K49H,gnn_local_blosum_s123
S669,2.88,0.7267593145370483,1A7V,K84H,gnn_local_blosum_s123
S669,1.97,0.5563352108001709,1A7V,K97H,gnn_local_blosum_s123
S669,0.821,0.31901782751083374,1BNL,D76A,gnn_local_blosum_s123
S669,0.46,-0.29380711913108826,1DIV,D23A,gnn_local_blosum_s123
S669,0.58,-0.1339237093925476,1DIV,D23N,gnn_local_blosum_s123
S669,0.3,0.06366479396820068,1DIV,D8N,gnn_local_blosum_s123
S669,0.98,-0.07778002321720123,1DIV,E100A,gnn_local_blosum_s123
S669,1.52,0.026287123560905457,1DIV,E100G,gnn_local_blosum_s123
S669,0.21,0.09041735529899597,1DIV,E17Q,gnn_local_blosum_s123
S669,0.56,0.542637825012207,1DIV,E38Q,gnn_local_blosum_s123
S669,-0.03,0.34345483779907227,1DIV,E48Q,gnn_local_blosum_s123
S669,-0.33,-0.09227219223976135,1DIV,E54Q,gnn_local_blosum_s123
S669,1.53,0.6214442253112793,1DIV,H106Q,gnn_local_blosum_s123
S669,3.52,1.036064863204956,1DIV,I115A,gnn_local_blosum_s123
S669,2.22,1.5248273611068726,1DIV,I4A,gnn_local_blosum_s123
S669,0.59,1.168160319328308,1DIV,I4V,gnn_local_blosum_s123
S669,3.49,1.4661630392074585,1DIV,I79A,gnn_local_blosum_s123
S669,3.19,1.5325703620910645,1DIV,I93A,gnn_local_blosum_s123
S669,4.28,1.676939606666565,1DIV,I98A,gnn_local_blosum_s123
S669,-0.05,-0.2930740714073181,1DIV,K10M,gnn_local_blosum_s123
S669,-0.01,-0.25775226950645447,1DIV,K14M,gnn_local_blosum_s123
S669,0.31,-0.10961613059043884,1DIV,K15M,gnn_local_blosum_s123
S669,-0.35,-0.39190754294395447,1DIV,K7M,gnn_local_blosum_s123
S669,-0.61,0.024419263005256653,1DIV,K96A,gnn_local_blosum_s123
S669,0.2,0.18791347742080688,1DIV,K96G,gnn_local_blosum_s123
S669,2.37,1.6146576404571533,1DIV,L102A,gnn_local_blosum_s123
S669,2.33,0.9033122062683105,1DIV,L108A,gnn_local_blosum_s123
S669,3.21,0.6878945827484131,1DIV,L110A,gnn_local_blosum_s123
S669,0.82,0.8684535026550293,1DIV,L117A,gnn_local_blosum_s123
S669,2.76,1.3851070404052734,1DIV,L30A,gnn_local_blosum_s123
S669,3.62,0.9093952178955078,1DIV,L30V,gnn_local_blosum_s123
S669,3.1,0.6883457899093628,1DIV,L6A,gnn_local_blosum_s123
S669,0.13,0.07411536574363708,1DIV,L6I,gnn_local_blosum_s123
S669,0.41,0.213553786277771,1DIV,L6V,gnn_local_blosum_s123
S669,3.77,1.0712217092514038,1DIV,L72A,gnn_local_blosum_s123
S669,1.46,1.0976535081863403,1DIV,M1A,gnn_local_blosum_s123
S669,2.36,1.273784875869751,1DIV,M1G,gnn_local_blosum_s123
S669,2.33,1.22662353515625,1DIV,V21A,gnn_local_blosum_s123
S669,0.4,0.5837308168411255,1DIV,V21I,gnn_local_blosum_s123
S669,1.23,0.7067253589630127,1DIV,V21L,gnn_local_blosum_s123
S669,2.55,1.5796003341674805,1DIV,V3A,gnn_local_blosum_s123
S669,0.31,0.9433646202087402,1DIV,V3I,gnn_local_blosum_s123
S669,2.21,1.0462260246276855,1DIV,V3L,gnn_local_blosum_s123
S669,3.7,0.24133996665477753,1DXX,K18N,gnn_local_blosum_s123
S669,-0.6,1.2186074256896973,1FH5,S18N,gnn_local_blosum_s123
S669,1.38,1.0730903148651123,1FT8,L212V,gnn_local_blosum_s123
S669,0.35,0.43030840158462524,1FT8,L238I,gnn_local_blosum_s123
S669,-0.27,0.29273784160614014,1FT8,M216L,gnn_local_blosum_s123
S669,1.6,1.1285507678985596,1GWY,A8D,gnn_local_blosum_s123
S669,3.3,1.2786190509796143,1ITM,C24T,gnn_local_blosum_s123
S669,5.0,-0.1566326916217804,1ITM,C3T,gnn_local_blosum_s123
S669,-1.4,0.3001224994659424,1ITM,W91S,gnn_local_blosum_s123
S669,1.162,0.19809935986995697,1JLV,E64D,gnn_local_blosum_s123
S669,2.3040000000000003,0.12782976031303406,1JLV,E64N,gnn_local_blosum_s123
S669,2.302,0.14886225759983063,1JLV,E64Q,gnn_local_blosum_s123
S669,-1.4,0.9747105836868286,1LVM,E106G,gnn_local_blosum_s123
S669,-0.43,0.13916675746440887,1LVM,K45F,gnn_local_blosum_s123
S669,-0.0,0.3694463074207306,1LVM,L56V,gnn_local_blosum_s123
S669,-0.6,-0.4848184883594513,1LVM,Q58F,gnn_local_blosum_s123
S669,2.5,0.23505899310112,1N18,E100G,gnn_local_blosum_s123
S669,1.4,0.8782659769058228,1N18,G85R,gnn_local_blosum_s123
S669,-1.4,0.8458430767059326,1N18,H46R,gnn_local_blosum_s123
S669,3.3,0.16563457250595093,1O1U,E110A,gnn_local_blosum_s123
S669,1.2,0.596129298210144,1O1U,N61A,gnn_local_blosum_s123
S669,0.3,0.3741183280944824,1O1U,Q51A,gnn_local_blosum_s123
S669,-0.3,0.5060573220252991,1O1U,Q99A,gnn_local_blosum_s123
S669,1.2,0.6269900798797607,1O1U,T38A,gnn_local_blosum_s123
S669,1.2,1.1841537952423096,1O1U,W49Y,gnn_local_blosum_s123
S669,0.05,0.30001717805862427,1OSI,I11V,gnn_local_blosum_s123
S669,-0.39,0.5974196195602417,1OSI,S92F,gnn_local_blosum_s123
S669,0.78,0.7994331121444702,1OSI,V15I,gnn_local_blosum_s123
S669,1.53,2.0363829135894775,1PFL,A20T,gnn_local_blosum_s123
S669,1.96,0.25629687309265137,1PFL,G117V,gnn_local_blosum_s123
S669,3.53,1.6679083108901978,1PFL,M113T,gnn_local_blosum_s123
S669,-0.07,0.36980897188186646,1PFL,T108M,gnn_local_blosum_s123
S669,0.3,0.5454690456390381,1PRG,Q286P,gnn_local_blosum_s123
S669,-0.06,0.36627498269081116,1PRG,R288H,gnn_local_blosum_s123
S669,-0.03,0.9211689233779907,1PRG,V290M,gnn_local_blosum_s123
S669,-0.8,0.9846454858779907,1SPD,C111S,gnn_local_blosum_s123
S669,-0.1,1.261177659034729,1SPD,C6A,gnn_local_blosum_s123
S669,2.9,0.5520354509353638,1XWS,E124Q,gnn_local_blosum_s123
S669,4.59,0.36293497681617737,1XWS,E135K,gnn_local_blosum_s123
S669,3.22,0.5747585296630859,1XWS,E142D,gnn_local_blosum_s123
S669,3.3,0.781856894493103,1XWS,Y53H,gnn_local_blosum_s123
S669,0.86,0.5234426259994507,1XXN,N32D,gnn_local_blosum_s123
S669,0.645,0.5395517349243164,1XXN,N54E,gnn_local_blosum_s123
S669,-0.239,0.5267583131790161,1XXN,S22E,gnn_local_blosum_s123
S669,0.645,1.0547990798950195,1XXN,S27E,gnn_local_blosum_s123
S669,-2.87,0.7194962501525879,1XZO,F42W,gnn_local_blosum_s123
S669,2.89,1.0798522233963013,1XZO,W101F,gnn_local_blosum_s123
S669,8.93,0.9271345138549805,1XZO,W36A,gnn_local_blosum_s123
S669,4.25,0.6060872077941895,1XZO,W36F,gnn_local_blosum_s123
S669,0.7170000000000001,1.0304206609725952,2ARF,H1069Q,gnn_local_blosum_s123
S669,-1.07,0.16217638552188873,2H3F,E12A,gnn_local_blosum_s123
S669,-1.536,0.5065215826034546,2JIE,H104R,gnn_local_blosum_s123
S669,0.209,-0.4458443224430084,2JIE,Q22S,gnn_local_blosum_s123
S669,1.246,0.28856444358825684,2JIE,S17A,gnn_local_blosum_s123
S669,-0.951,0.0680457055568695,2JIE,S19A,gnn_local_blosum_s123
S669,0.994,0.062331587076187134,2JIE,T18A,gnn_local_blosum_s123
S669,-2.19,-0.24489587545394897,2JIE,W123F,gnn_local_blosum_s123
S669,-1.06,-0.04453721642494202,2JIE,W123H,gnn_local_blosum_s123
S669,3.443,0.7161228656768799,2JIE,Y21A,gnn_local_blosum_s123
S669,-1.26,0.21630243957042694,2KS4,D9A,gnn_local_blosum_s123
S669,0.23,0.28481581807136536,2KS4,E2A,gnn_local_blosum_s123
S669,1.57,1.6550381183624268,2LTB,L558P,gnn_local_blosum_s123
S669,3.11,1.7331448793411255,2LTB,L569R,gnn_local_blosum_s123
S669,3.34,0.5557109117507935,2LTB,M619K,gnn_local_blosum_s123
S669,1.1,0.44189268350601196,2LTB,R533Q,gnn_local_blosum_s123
S669,0.36,0.8286943435668945,2LTB,R555Q,gnn_local_blosum_s123
S669,-1.79,0.21915467083454132,2LTB,R555W,gnn_local_blosum_s123
S669,4.0,0.11284132301807404,2M5S,D302A,gnn_local_blosum_s123
S669,2.0,1.1499037742614746,2M5S,H305A,gnn_local_blosum_s123
S669,2.3,0.3664712905883789,2NTE,R658C,gnn_local_blosum_s123
S669,-0.5,-0.04719185829162598,2PR5,A33Y,gnn_local_blosum_s123
S669,0.4,0.8042781352996826,2PR5,A81M,gnn_local_blosum_s123
S669,-0.3,0.5599995851516724,2PR5,D109E,gnn_local_blosum_s123
S669,-0.3,-0.21217522025108337,2PR5,H22K,gnn_local_blosum_s123
S669,-1.2,-0.4241139590740204,2PR5,H22W,gnn_local_blosum_s123
S669,-2.9,0.39400678873062134,2PR5,M111F,gnn_local_blosum_s123
S669,-0.9,0.04015438258647919,2PR5,N107F,gnn_local_blosum_s123
S669,-0.8,0.010489314794540405,2PR5,N107Y,gnn_local_blosum_s123
S669,-1.1,0.12278226017951965,2PR5,N124F,gnn_local_blosum_s123
S669,-2.6,0.2515623867511749,2PR5,N124Y,gnn_local_blosum_s123
S669,-0.5,1.0627853870391846,2PR5,T30M,gnn_local_blosum_s123
S669,0.5,0.754313588142395,2PR5,T50M,gnn_local_blosum_s123
S669,-0.2,0.23681730031967163,2PR5,T54Y,gnn_local_blosum_s123
S669,-1.4,0.24597875773906708,2PR5,V120I,gnn_local_blosum_s123
S669,-0.4,0.5221717953681946,2PR5,V25I,gnn_local_blosum_s123
S669,0.2,1.0534815788269043,2PR5,V88L,gnn_local_blosum_s123
S669,0.7,0.4831598103046417,2PR5,V90I,gnn_local_blosum_s123
S669,6.597,0.03609475493431091,2VY0,E53A,gnn_local_blosum_s123
S669,-1.369,0.610620379447937,3BCI,E96Q,gnn_local_blosum_s123
S669,0.65,-0.21642619371414185,3D3B,D118A,gnn_local_blosum_s123
S669,0.6,0.11198177933692932,3D3B,D118E,gnn_local_blosum_s123
S669,1.6,-0.1573728621006012,3D3B,D118K,gnn_local_blosum_s123
S669,1.34,-0.13130632042884827,3D3B,D118N,gnn_local_blosum_s123
S669,1.41,-0.1977350413799286,3D3B,D118R,gnn_local_blosum_s123
S669,-0.8,0.8196959495544434,3ECU,H46R,gnn_local_blosum_s123
S669,1.3,0.3047681450843811,3S4M,D122Y,gnn_local_blosum_s123
S669,2.5,0.3156159818172455,3S4M,G130V,gnn_local_blosum_s123
S669,-0.096,0.7326267957687378,3S4M,I154F,gnn_local_blosum_s123
S669,0.693,0.6420830488204956,3S4M,W155R,gnn_local_blosum_s123
S669,-0.99,0.5174223184585571,4BJX,A89V,gnn_local_blosum_s123
S669,1.435,0.759199857711792,4BUQ,Y48A,gnn_local_blosum_s123
S669,-0.1,0.5644676685333252,4WAA,K65A,gnn_local_blosum_s123
S669,2.07,0.4579741060733795,4WAA,K67A,gnn_local_blosum_s123
S669,0.44,0.37996986508369446,4WAA,R27A,gnn_local_blosum_s123
S669,-0.413,0.2514195144176483,5VP3,R39K,gnn_local_blosum_s123
S669,1.745,0.5778143405914307,1BA3,H461D,gnn_local_blosum_s123
S669,-0.287,0.4419756233692169,1BA3,H489D,gnn_local_blosum_s123
S669,0.287,0.19811657071113586,1BA3,H489K,gnn_local_blosum_s123
S669,0.263,-0.27786603569984436,1BA3,H489M,gnn_local_blosum_s123
S669,1.81,0.4916630983352661,1DIV,V129A,gnn_local_blosum_s123
S669,0.455,0.8738161325454712,1F8I,F345A,gnn_local_blosum_s123
S669,-0.05,0.44298839569091797,1FT8,L349I,gnn_local_blosum_s123
S669,-0.0,0.45420873165130615,1LVM,S135G,gnn_local_blosum_s123
S669,0.88,0.2560492753982544,1NM1,D187N,gnn_local_blosum_s123
S669,1.9,0.011538282036781311,1NM1,D187Y,gnn_local_blosum_s123
S669,2.4,0.5785201787948608,1PRE,C159S,gnn_local_blosum_s123
S669,4.2,0.8796685934066772,1R2Y,R244E,gnn_local_blosum_s123
S669,-0.358,0.20245715975761414,1XXN,N181R,gnn_local_blosum_s123
S669,-3.02,0.6108520030975342,3D2A,M134E,gnn_local_blosum_s123
S669,-3.34,0.6232327222824097,3D2A,M137P,gnn_local_blosum_s123
S669,-2.11,0.0742563009262085,3D2A,S163P,gnn_local_blosum_s123
S669,2.99,0.21058747172355652,5OAQ,Y429H,gnn_local_blosum_s123
S669,0.7,0.9702909588813782,1BFM,M35W,gnn_edge_s123
S669,0.4,1.2275662422180176,1BFM,M35Y,gnn_edge_s123
S669,0.04,0.39017438888549805,1D5G,H71Y,gnn_edge_s123
S669,-0.91,1.4349546432495117,1D5G,I20F,gnn_edge_s123
S669,1.0,2.0866470336914062,1EKG,L198C,gnn_edge_s123
S669,2.0,3.8586320877075195,1EKG,L200C,gnn_edge_s123
S669,-1.0,2.8536131381988525,1EKG,L203C,gnn_edge_s123
S669,2.6,0.19458258152008057,1EKG,S181F,gnn_edge_s123
S669,-4.0,2.5073039531707764,1FRD,H42R,gnn_edge_s123
S669,1.1,2.144824981689453,1FXA,E94D,gnn_edge_s123
S669,0.4,2.499481201171875,1FXA,E94K,gnn_edge_s123
S669,-0.6,1.8840899467468262,1FXA,E94Q,gnn_edge_s123
S669,-1.0,-0.7810923457145691,1FXA,E95K,gnn_edge_s123
S669,1.0,2.299701690673828,1FXA,F65A,gnn_edge_s123
S669,0.9,0.35434526205062866,1FXA,F65I,gnn_edge_s123
S669,0.6,1.3998377323150635,1FXA,F65W,gnn_edge_s123
S669,0.5,2.675673246383667,1FXA,F65Y,gnn_edge_s123
S669,2.4,0.8846520781517029,1FXA,R42A,gnn_edge_s123
S669,1.4,0.7762513160705566,1FXA,R42H,gnn_edge_s123
S669,-0.1,2.520453691482544,1FXA,T48A,gnn_edge_s123
S669,1.22,2.643036365509033,1GLU,C500A,gnn_edge_s123
S669,1.963,2.4685583114624023,1GUA,A118G,gnn_edge_s123
S669,1.951,0.9161764979362488,1GUA,A118L,gnn_edge_s123
S669,2.149,1.7122340202331543,1GUA,A85G,gnn_edge_s123
S669,0.863,1.7087101936340332,1GUA,A97G,gnn_edge_s123
S669,-0.283,1.9173882007598877,1GUA,C81A,gnn_edge_s123
S669,0.912,1.2512006759643555,1GUA,C81I,gnn_edge_s123
S669,0.08,0.9553090929985046,1GUA,C95A,gnn_edge_s123
S669,1.759,2.074686050415039,1GUA,C96A,gnn_edge_s123
S669,0.043,1.5342061519622803,1GUA,C96L,gnn_edge_s123
S669,0.337,1.4739835262298584,1GUA,C96M,gnn_edge_s123
S669,0.706,-0.27827394008636475,1GUA,D117A,gnn_edge_s123
S669,0.855,0.8227332234382629,1GUA,D129A,gnn_edge_s123
S669,0.493,0.47200554609298706,1GUA,D80A,gnn_edge_s123
S669,-0.021,0.17163744568824768,1GUA,E104A,gnn_edge_s123
S669,0.101,0.47100839018821716,1GUA,E124A,gnn_edge_s123
S669,0.591,0.5742735266685486,1GUA,E125A,gnn_edge_s123
S669,3.274,4.367438316345215,1GUA,I58A,gnn_edge_s123
S669,1.2990000000000002,2.9773504734039307,1GUA,I58F,gnn_edge_s123
S669,0.7709999999999999,3.146008014678955,1GUA,I58L,gnn_edge_s123
S669,0.327,0.40824031829833984,1GUA,K109A,gnn_edge_s123
S669,2.593,1.9241015911102295,1GUA,L112A,gnn_edge_s123
S669,2.5340000000000003,2.1605398654937744,1GUA,L121A,gnn_edge_s123
S669,3.405,2.6719281673431396,1GUA,L126A,gnn_edge_s123
S669,3.46,2.527303695678711,1GUA,L62A,gnn_edge_s123
S669,3.803,3.397899627685547,1GUA,L78A,gnn_edge_s123
S669,3.529,3.6943511962890625,1GUA,L82A,gnn_edge_s123
S669,1.6,2.0663485527038574,1GUA,L82I,gnn_edge_s123
S669,1.7,2.6875481605529785,1GUA,L82V,gnn_edge_s123
S669,3.2260000000000004,2.9200706481933594,1GUA,L86A,gnn_edge_s123
S669,1.575,2.8981661796569824,1GUA,L91A,gnn_edge_s123
S669,0.961,0.47164809703826904,1GUA,M76A,gnn_edge_s123
S669,-0.271,0.8234599232673645,1GUA,N56M,gnn_edge_s123
S669,1.14,0.3870709538459778,1GUA,N64A,gnn_edge_s123
S669,1.7080000000000002,1.154228687286377,1GUA,P63A,gnn_edge_s123
S669,0.0819999999999999,1.575324535369873,1GUA,P93A,gnn_edge_s123
S669,0.504,1.1327693462371826,1GUA,Q66A,gnn_edge_s123
S669,0.693,0.6060169339179993,1GUA,R100A,gnn_edge_s123
S669,-0.178,0.6498585939407349,1GUA,R59A,gnn_edge_s123
S669,-1.078,0.8217564821243286,1GUA,R89L,gnn_edge_s123
S669,1.5730000000000002,1.2825376987457275,1GUA,S77A,gnn_edge_s123
S669,-0.581,1.2508463859558105,1GUA,S77T,gnn_edge_s123
S669,0.109,0.8435901999473572,1GUA,T68A,gnn_edge_s123
S669,3.3680000000000003,3.8072195053100586,1GUA,V128A,gnn_edge_s123
S669,2.251,3.3481922149658203,1GUA,V60A,gnn_edge_s123
S669,1.116,1.2280406951904297,1GUA,V69A,gnn_edge_s123
S669,1.77,2.350097179412842,1GUA,V70A,gnn_edge_s123
S669,1.052,2.5525293350219727,1GUA,V72A,gnn_edge_s123
S669,0.8640000000000001,2.0503604412078857,1GUA,V72I,gnn_edge_s123
S669,1.981,3.0806519985198975,1GUA,V98A,gnn_edge_s123
S669,1.936,0.3417889475822449,1H0X,P18A,gnn_edge_s123
S669,2.5810000000000004,0.070130355656147,1H0X,P62A,gnn_edge_s123
S669,2.09,3.081416130065918,1HCQ,C67A,gnn_edge_s123
S669,1.99,3.784456729888916,1HCQ,C67S,gnn_edge_s123
S669,-0.4,1.3514013290405273,1IOJ,G15A,gnn_edge_s123
S669,-0.5,1.1175446510314941,1IV7,A173C,gnn_edge_s123
S669,2.5,3.5240163803100586,1IV7,F189C,gnn_edge_s123
S669,1.9,1.8998088836669922,1IV7,L162C,gnn_edge_s123
S669,-4.299,0.5614757537841797,1IV9,S76Y,gnn_edge_s123
S669,-0.1,2.0173261165618896,1J8I,K25A,gnn_edge_s123
S669,-0.1,1.5729711055755615,1J8I,K66A,gnn_edge_s123
S669,-0.8,1.0905470848083496,1J8I,R23A,gnn_edge_s123
S669,0.1,1.2004504203796387,1J8I,R35A,gnn_edge_s123
S669,-0.7,0.5306483507156372,1J8I,R43A,gnn_edge_s123
S669,0.1,0.6845759749412537,1J8I,R9A,gnn_edge_s123
S669,1.44,-0.400398313999176,1JL9,A25C,gnn_edge_s123
S669,1.6969999999999998,5.083023548126221,1L6H,F39A,gnn_edge_s123
S669,0.55,3.2733874320983887,1L6H,Y45A,gnn_edge_s123
S669,1.482,2.7521629333496094,1L6H,Y48A,gnn_edge_s123
S669,1.39,1.0163910388946533,1N88,F21A,gnn_edge_s123
S669,1.39,2.190765857696533,1N88,I39A,gnn_edge_s123
S669,2.79,1.4216930866241455,1N88,I80A,gnn_edge_s123
S669,2.35,3.122875690460205,1N88,I89A,gnn_edge_s123
S669,1.52,3.251171588897705,1N88,I8V,gnn_edge_s123
S669,1.52,1.7875263690948486,1N88,L13A,gnn_edge_s123
S669,1.11,1.0297856330871582,1N88,L57A,gnn_edge_s123
S669,1.94,1.507286787033081,1N88,V12A,gnn_edge_s123
S669,2.84,2.840838670730591,1N88,V30A,gnn_edge_s123
S669,2.82,2.8656392097473145,1N88,V43A,gnn_edge_s123
S669,2.83,0.7435916066169739,1N88,V49A,gnn_edge_s123
S669,3.24,1.601501226425171,1N88,V51A,gnn_edge_s123
S669,3.73,2.159158229827881,1N88,V54A,gnn_edge_s123
S669,2.82,3.893172264099121,1N88,V81A,gnn_edge_s123
S669,3.1,1.4753398895263672,1N88,V83A,gnn_edge_s123
S669,-0.06,0.9167508482933044,1N88,Y18A,gnn_edge_s123
S669,4.61,0.9385179877281189,1N88,Y26A,gnn_edge_s123
S669,1.2,0.9237523674964905,1O6X,A31G,gnn_edge_s123
S669,1.4,1.471545696258545,1O6X,A50G,gnn_edge_s123
S669,-0.36,-0.30883902311325073,1O6X,D38A,gnn_edge_s123
S669,0.3,0.029397107660770416,1O6X,E14A,gnn_edge_s123
S669,1.42,0.4343896508216858,1O6X,E20G,gnn_edge_s123
S669,1.88,1.3357031345367432,1O6X,F39L,gnn_edge_s123
S669,0.98,1.4219517707824707,1O6X,F65A,gnn_edge_s123
S669,0.61,0.42597442865371704,1O6X,H51A,gnn_edge_s123
S669,0.43,1.9378724098205566,1O6X,I15V,gnn_edge_s123
S669,-0.42,1.6515839099884033,1O6X,I23V,gnn_edge_s123
S669,1.31,1.2901668548583984,1O6X,I71V,gnn_edge_s123
S669,1.31,1.3794333934783936,1O6X,I75A,gnn_edge_s123
S669,1.98,0.4253864288330078,1O6X,K41A,gnn_edge_s123
S669,0.97,2.8045756816864014,1O6X,L26V,gnn_edge_s123
S669,0.08,0.6140975952148438,1O6X,N58A,gnn_edge_s123
S669,0.49,0.2531472146511078,1O6X,Q60G,gnn_edge_s123
S669,1.1,1.1338050365447998,1O6X,V12A,gnn_edge_s123
S669,1.08,2.942643165588379,1O6X,V52A,gnn_edge_s123
S669,1.1,0.20759862661361694,1O6X,V64G,gnn_edge_s123
S669,2.78,0.7482097744941711,1O6X,Y73L,gnn_edge_s123
S669,0.13,0.9068489074707031,1R6R,I88N,gnn_edge_s123
S669,2.81,1.8025925159454346,1R6R,L50S,gnn_edge_s123
S669,0.24,1.614760398864746,1R6R,L54S,gnn_edge_s123
S669,6.84,1.992215871810913,1R6R,L81N,gnn_edge_s123
S669,4.493,2.2094783782958984,2BJD,V84D,gnn_edge_s123
S669,4.517,1.8171088695526123,2BJD,V84P,gnn_edge_s123
S669,2.103,2.098597764968872,2BJD,Y86E,gnn_edge_s123
S669,0.012,2.8562746047973633,2C9Q,Y79F,gnn_edge_s123
S669,1.233,2.8291983604431152,2C9Q,Y79W,gnn_edge_s123
S669,-0.12,-0.3107055127620697,2CLR,H13F,gnn_edge_s123
S669,-2.605,-0.19397467374801636,2CLR,H31F,gnn_edge_s123
S669,1.912,0.23958343267440796,2CLR,H51F,gnn_edge_s123
S669,2.629,2.052901029586792,2CLR,H84A,gnn_edge_s123
S669,-0.89,1.1004700660705566,2DVV,Q443H,gnn_edge_s123
S669,0.02,0.2721058130264282,2DVV,R419W,gnn_edge_s123
S669,0.32,1.2023882865905762,2HBB,A22G,gnn_edge_s123
S669,1.79,2.166443347930908,2HBB,A26G,gnn_edge_s123
S669,1.55,2.252781867980957,2HBB,A36G,gnn_edge_s123
S669,1.59,0.7334073781967163,2HBB,A39G,gnn_edge_s123
S669,0.33,0.043772295117378235,2HBB,A42G,gnn_edge_s123
S669,0.55,0.4574841260910034,2HBB,A46G,gnn_edge_s123
S669,0.22,-0.0011762380599975586,2HBB,A49G,gnn_edge_s123
S669,0.03,0.5781372785568237,2HBB,D23A,gnn_edge_s123
S669,0.79,0.637454628944397,2HBB,D23N,gnn_edge_s123
S669,1.3,0.11949627101421356,2HBB,D8A,gnn_edge_s123
S669,0.38,0.04488988220691681,2HBB,D8N,gnn_edge_s123
S669,1.69,0.16364076733589172,2HBB,E17A,gnn_edge_s123
S669,0.33,0.08346164226531982,2HBB,E17Q,gnn_edge_s123
S669,0.41,0.3930950164794922,2HBB,E38A,gnn_edge_s123
S669,0.68,0.33386680483818054,2HBB,E38Q,gnn_edge_s123
S669,-0.07,0.11110632121562958,2HBB,E48Q,gnn_edge_s123
S669,2.84,2.0802321434020996,2HBB,F31A,gnn_edge_s123
S669,1.15,0.8195179104804993,2HBB,F5L,gnn_edge_s123
S669,-0.02,0.7719083428382874,2HBB,G24A,gnn_edge_s123
S669,1.02,0.5262029767036438,2HBB,G34A,gnn_edge_s123
S669,2.05,1.202699899673462,2HBB,I18A,gnn_edge_s123
S669,0.07,0.7704401016235352,2HBB,I18V,gnn_edge_s123
S669,1.28,1.8383941650390625,2HBB,I37A,gnn_edge_s123
S669,-0.09,1.3889133930206299,2HBB,I37V,gnn_edge_s123
S669,0.59,1.7832326889038086,2HBB,I4V,gnn_edge_s123
S669,-0.13,-0.32088226079940796,2HBB,K10E,gnn_edge_s123
S669,-0.47,-0.3516256511211395,2HBB,K10M,gnn_edge_s123
S669,-0.61,-0.1136857271194458,2HBB,K12A,gnn_edge_s123
S669,-0.03,0.4680708050727844,2HBB,K12G,gnn_edge_s123
S669,-1.8,0.7261236310005188,2HBB,K12M,gnn_edge_s123
S669,0.73,0.02557559311389923,2HBB,K14A,gnn_edge_s123
S669,1.3,-0.22118544578552246,2HBB,K14G,gnn_edge_s123
S669,0.34,-0.4242214560508728,2HBB,K14M,gnn_edge_s123
S669,1.74,-0.020164579153060913,2HBB,K15G,gnn_edge_s123
S669,0.44,-0.7240244746208191,2HBB,K15M,gnn_edge_s123
S669,-0.21,-0.1249973475933075,2HBB,K7M,gnn_edge_s123
S669,2.76,2.584641456604004,2HBB,L30A,gnn_edge_s123
S669,1.21,1.6664187908172607,2HBB,L35A,gnn_edge_s123
S669,1.73,1.1621534824371338,2HBB,L44A,gnn_edge_s123
S669,0.84,1.0881984233856201,2HBB,L47A,gnn_edge_s123
S669,3.1,1.234924077987671,2HBB,L6A,gnn_edge_s123
S669,1.46,1.1058049201965332,2HBB,M1A,gnn_edge_s123
S669,0.8,0.13336677849292755,2HBB,T40S,gnn_edge_s123
S669,2.33,2.5028486251831055,2HBB,V21A,gnn_edge_s123
S669,2.55,2.919461488723755,2HBB,V3A,gnn_edge_s123
S669,1.81,1.2512896060943604,2HBB,V9A,gnn_edge_s123
S669,2.54,0.5245139598846436,2JUC,C57D,gnn_edge_s123
S669,0.71,0.5142727494239807,2JUC,C57S,gnn_edge_s123
S669,1.75,0.6360751390457153,2JUC,R18A,gnn_edge_s123
S669,-1.2,0.7957193851470947,2KJ3,D288A,gnn_edge_s123
S669,-1.9,0.005602642893791199,2KJ3,E272A,gnn_edge_s123
S669,0.8,0.9389795064926147,2KJ3,G278A,gnn_edge_s123
S669,-1.5,0.46864187717437744,2KJ3,K229A,gnn_edge_s123
S669,-1.0,1.7273352146148682,2KJ3,L241A,gnn_edge_s123
S669,-1.4,0.795964777469635,2KJ3,S273A,gnn_edge_s123
S669,-1.0,2.4163217544555664,2KJ3,V239A,gnn_edge_s123
S669,-1.0,1.1929974555969238,2KJ3,V264A,gnn_edge_s123
S669,-0.2,2.056271553039551,2KJ3,V267A,gnn_edge_s123
S669,0.24,0.8833982348442078,2MPC,A89T,gnn_edge_s123
S669,-0.62,0.007990390062332153,2MPC,R42A,gnn_edge_s123
S669,-2.08,-0.2993767261505127,2MPC,R42W,gnn_edge_s123
S669,0.6,0.43627405166625977,2N7Z,P88A,gnn_edge_s123
S669,-0.44,2.2094812393188477,2OUO,A420D,gnn_edge_s123
S669,2.43,0.5522703528404236,2PTL,A22G,gnn_edge_s123
S669,-0.1,0.7019319534301758,2PTL,A27P,gnn_edge_s123
S669,0.83,0.4762801229953766,2PTL,A27V,gnn_edge_s123
S669,2.17,0.4555622935295105,2PTL,A34G,gnn_edge_s123
S669,-1.47,0.11741309612989426,2PTL,A34V,gnn_edge_s123
S669,2.54,0.7650255560874939,2PTL,A43G,gnn_edge_s123
S669,3.1,1.120126724243164,2PTL,A47G,gnn_edge_s123
S669,1.32,0.764030933380127,2PTL,A49G,gnn_edge_s123
S669,3.12,1.5050878524780273,2PTL,A51G,gnn_edge_s123
S669,0.49,0.8651483654975891,2PTL,A66G,gnn_edge_s123
S669,1.21,0.8458223938941956,2PTL,D52A,gnn_edge_s123
S669,2.14,0.7228084206581116,2PTL,D52G,gnn_edge_s123
S669,0.2,-0.08454076945781708,2PTL,D64A,gnn_edge_s123
S669,0.59,0.5896618962287903,2PTL,E35A,gnn_edge_s123
S669,1.19,0.14227765798568726,2PTL,E46G,gnn_edge_s123
S669,1.08,-0.3139798045158386,2PTL,E46I,gnn_edge_s123
S669,0.23,0.7143568396568298,2PTL,E60A,gnn_edge_s123
S669,3.12,1.4130072593688965,2PTL,F26A,gnn_edge_s123
S669,0.68,1.2749698162078857,2PTL,F26L,gnn_edge_s123
S669,4.15,1.3151891231536865,2PTL,F36A,gnn_edge_s123
S669,3.12,0.9042055010795593,2PTL,F36L,gnn_edge_s123
S669,3.08,1.7891099452972412,2PTL,F40G,gnn_edge_s123
S669,0.38,1.1249701976776123,2PTL,F40L,gnn_edge_s123
S669,3.34,1.223127841949463,2PTL,F76L,gnn_edge_s123
S669,3.73,1.3766520023345947,2PTL,F76V,gnn_edge_s123
S669,1.52,-0.48370975255966187,2PTL,G29A,gnn_edge_s123
S669,2.53,-0.3768736720085144,2PTL,G29V,gnn_edge_s123
S669,2.08,0.8906435966491699,2PTL,G38A,gnn_edge_s123
S669,2.23,0.9378523826599121,2PTL,G59A,gnn_edge_s123
S669,2.04,1.7467260360717773,2PTL,G69A,gnn_edge_s123
S669,4.9,2.0213375091552734,2PTL,I20A,gnn_edge_s123
S669,0.56,1.2168915271759033,2PTL,I20V,gnn_edge_s123
S669,1.37,0.8936218023300171,2PTL,I25A,gnn_edge_s123
S669,0.47,0.7431928515434265,2PTL,I25V,gnn_edge_s123
S669,4.72,2.719041347503662,2PTL,I74A,gnn_edge_s123
S669,1.69,1.9660067558288574,2PTL,I74V,gnn_edge_s123
S669,0.92,0.7974614500999451,2PTL,K21A,gnn_edge_s123
S669,0.88,1.204977035522461,2PTL,K37A,gnn_edge_s123
S669,-0.16,1.2047688961029053,2PTL,K42G,gnn_edge_s123
S669,-0.58,1.206737756729126,2PTL,K55A,gnn_edge_s123
S669,-0.35,0.7495532035827637,2PTL,K56A,gnn_edge_s123
S669,0.09,1.8454577922821045,2PTL,K68A,gnn_edge_s123
S669,0.45,0.3241274058818817,2PTL,K75A,gnn_edge_s123
S669,3.12,1.9447190761566162,2PTL,L24A,gnn_edge_s123
S669,2.44,2.2494242191314697,2PTL,L54A,gnn_edge_s123
S669,3.77,1.3381011486053467,2PTL,L72A,gnn_edge_s123
S669,1.87,-0.24470624327659607,2PTL,N23A,gnn_edge_s123
S669,1.78,0.8056900501251221,2PTL,N28A,gnn_edge_s123
S669,0.34,1.809523105621338,2PTL,N58A,gnn_edge_s123
S669,1.73,0.9567856192588806,2PTL,N73A,gnn_edge_s123
S669,0.3,0.7090392708778381,2PTL,S30A,gnn_edge_s123
S669,-0.41,1.049264669418335,2PTL,S45A,gnn_edge_s123
S669,0.82,0.8976971507072449,2PTL,S45G,gnn_edge_s123
S669,1.63,0.9515507817268372,2PTL,T19A,gnn_edge_s123
S669,1.17,0.5668602585792542,2PTL,T31A,gnn_edge_s123
S669,1.11,0.7253735065460205,2PTL,T33A,gnn_edge_s123
S669,1.25,0.4496215581893921,2PTL,T39A,gnn_edge_s123
S669,1.09,0.3459480404853821,2PTL,T44A,gnn_edge_s123
S669,0.17,0.9469971060752869,2PTL,T53G,gnn_edge_s123
S669,0.97,0.6965960264205933,2PTL,T62A,gnn_edge_s123
S669,1.83,1.0538644790649414,2PTL,T71A,gnn_edge_s123
S669,1.22,1.5899758338928223,2PTL,V18A,gnn_edge_s123
S669,0.92,1.5531413555145264,2PTL,V63A,gnn_edge_s123
S669,1.14,1.2394869327545166,2PTL,V65A,gnn_edge_s123
S669,2.82,1.3115646839141846,2PTL,Y48A,gnn_edge_s123
S669,2.46,1.4249427318572998,2PTL,Y50A,gnn_edge_s123
S669,1.66,2.493224859237671,2PTL,Y70A,gnn_edge_s123
S669,-0.43,1.94059157371521,2PTL,Y70L,gnn_edge_s123
S669,-1.05,-0.6292980909347534,2RPN,E7L,gnn_edge_s123
S669,-0.39,0.43500617146492004,2RPN,V21K,gnn_edge_s123
S669,-0.3,0.20519152283668518,2WQG,D15A,gnn_edge_s123
S669,-0.1,0.36079534888267517,2WQG,D38A,gnn_edge_s123
S669,2.2,0.5995168685913086,2WQG,D39A,gnn_edge_s123
S669,2.6,1.4659576416015625,2WQG,D39N,gnn_edge_s123
S669,0.1,0.44114038348197937,2WQG,E40Q,gnn_edge_s123
S669,0.4,0.29893064498901367,2WQG,E41G,gnn_edge_s123
S669,0.9,2.127833604812622,2WQG,I36A,gnn_edge_s123
S669,0.3,1.8404567241668701,2WQG,I36V,gnn_edge_s123
S669,0.4,0.5972318649291992,2WQG,K14A,gnn_edge_s123
S669,1.9,1.0142858028411865,2WQG,K14G,gnn_edge_s123
S669,0.3,0.22626993060112,2WQG,K19A,gnn_edge_s123
S669,0.6,1.653550148010254,2WQG,K28A,gnn_edge_s123
S669,0.5,3.08302640914917,2WQG,L13A,gnn_edge_s123
S669,1.3,2.3106985092163086,2WQG,L16A,gnn_edge_s123
S669,2.0,2.0449697971343994,2WQG,L8A,gnn_edge_s123
S669,0.6,0.7864101529121399,2WQG,Q12A,gnn_edge_s123
S669,2.0,1.059004783630371,2WQG,Q12G,gnn_edge_s123
S669,-0.1,0.5544435381889343,2WQG,Q33A,gnn_edge_s123
S669,0.8,1.1467657089233398,2WQG,R34A,gnn_edge_s123
S669,0.6,1.4162325859069824,2WQG,S23A,gnn_edge_s123
S669,-0.1,0.3554515242576599,2WQG,S6A,gnn_edge_s123
S669,0.2,0.552763044834137,2WQG,S6G,gnn_edge_s123
S669,-0.1,1.1737871170043945,2WQG,T9S,gnn_edge_s123
S669,0.1,1.507920503616333,2WQG,V10A,gnn_edge_s123
S669,0.7,1.97312331199646,2WQG,V10G,gnn_edge_s123
S669,-0.4,0.3510407507419586,2WQG,V11A,gnn_edge_s123
S669,-0.1,0.815783679485321,2WQG,V11G,gnn_edge_s123
S669,0.5,1.6481263637542725,2WQG,V24A,gnn_edge_s123
S669,2.4,1.8488585948944092,2WQG,Y5F,gnn_edge_s123
S669,0.74,0.9184795022010803,2ZTA,E11Q,gnn_edge_s123
S669,-0.2,0.6525639891624451,2ZTA,E20Q,gnn_edge_s123
S669,1.83,1.1340703964233398,2ZTA,E22Q,gnn_edge_s123
S669,0.41,1.1309599876403809,2ZTA,K15A,gnn_edge_s123
S669,0.91,0.6748244762420654,2ZTA,K27A,gnn_edge_s123
S669,0.06,0.6503573060035706,2ZTA,K28A,gnn_edge_s123
S669,0.39,1.0883033275604248,2ZTA,K8A,gnn_edge_s123
S669,1.66,0.9085285067558289,2ZTA,R25A,gnn_edge_s123
S669,1.506,2.332475185394287,3BN0,I20V,gnn_edge_s123
S669,-0.43,3.323305368423462,3C2I,F155S,gnn_edge_s123
S669,-0.47,1.0514919757843018,3C2I,T158A,gnn_edge_s123
S669,-0.25,0.5626710653305054,3C2I,T158M,gnn_edge_s123
S669,0.5,0.24090366065502167,3FIS,P61A,gnn_edge_s123
S669,-0.34,-0.38186800479888916,3G1G,D155Y,gnn_edge_s123
S669,0.74,2.456923484802246,3G1G,F167Y,gnn_edge_s123
S669,0.17,1.1953785419464111,3G1G,I190V,gnn_edge_s123
S669,-1.32,-0.05310279130935669,3G1G,R185W,gnn_edge_s123
S669,3.35,1.5092730522155762,3K82,E334L,gnn_edge_s123
S669,1.68,3.4568064212799072,3K82,E334Q,gnn_edge_s123
S669,-5.49,1.0688652992248535,3K82,E401R,gnn_edge_s123
S669,-1.194,1.0900359153747559,3MON,R39G,gnn_edge_s123
S669,2.866,0.1815001368522644,3MON,W3C,gnn_edge_s123
S669,3.25,2.374713897705078,3O39,L32P,gnn_edge_s123
S669,-2.03,0.5753889679908752,3S92,H395R,gnn_edge_s123
S669,-0.574,0.04119255393743515,4N6V,H75W,gnn_edge_s123
S669,1.362,0.7399445176124573,4N6V,P36G,gnn_edge_s123
S669,-1.745,0.2264639288187027,4N6V,P79S,gnn_edge_s123
S669,0.71,2.033900022506714,4YEE,V134T,gnn_edge_s123
S669,0.93,0.6563141345977783,4YEF,T134V,gnn_edge_s123
S669,1.44,-0.33873745799064636,5JXB,D329G,gnn_edge_s123
S669,1.44,0.338152676820755,5JXB,D329P,gnn_edge_s123
S669,1.8,1.477146863937378,1A0F,S11A,gnn_edge_s123
S669,2.69,0.5675449967384338,1A7V,A104H,gnn_edge_s123
S669,1.98,0.4629015326499939,1A7V,A66H,gnn_edge_s123
S669,1.7,0.543177604675293,1A7V,A91H,gnn_edge_s123
S669,1.36,-0.2095775604248047,1A7V,D3H,gnn_edge_s123
S669,2.05,0.10863269120454788,1A7V,D58H,gnn_edge_s123
S669,3.01,0.5605736970901489,1A7V,E73H,gnn_edge_s123
S669,0.6,0.757297933101654,1A7V,K13H,gnn_edge_s123
S669,2.88,1.5166535377502441,1A7V,K20H,gnn_edge_s123
S669,1.36,0.1291998028755188,1A7V,K31H,gnn_edge_s123
S669,1.86,-0.3752085566520691,1A7V,K39H,gnn_edge_s123
S669,2.02,0.13326126337051392,1A7V,K49H,gnn_edge_s123
S669,2.88,0.7766589522361755,1A7V,K84H,gnn_edge_s123
S669,1.97,-0.33571964502334595,1A7V,K97H,gnn_edge_s123
S669,0.821,0.7023875713348389,1BNL,D76A,gnn_edge_s123
S669,0.46,0.6867014765739441,1DIV,D23A,gnn_edge_s123
S669,0.58,0.7561898827552795,1DIV,D23N,gnn_edge_s123
S669,0.3,0.045437201857566833,1DIV,D8N,gnn_edge_s123
S669,0.98,-0.5181374549865723,1DIV,E100A,gnn_edge_s123
S669,1.52,-0.05036251246929169,1DIV,E100G,gnn_edge_s123
S669,0.21,0.4791024923324585,1DIV,E17Q,gnn_edge_s123
S669,0.56,0.22069339454174042,1DIV,E38Q,gnn_edge_s123
S669,-0.03,0.9356163144111633,1DIV,E48Q,gnn_edge_s123
S669,-0.33,0.32507240772247314,1DIV,E54Q,gnn_edge_s123
S669,1.53,1.0928845405578613,1DIV,H106Q,gnn_edge_s123
S669,3.52,1.9421794414520264,1DIV,I115A,gnn_edge_s123
S669,2.22,2.5857343673706055,1DIV,I4A,gnn_edge_s123
S669,0.59,2.0718936920166016,1DIV,I4V,gnn_edge_s123
S669,3.49,1.7685332298278809,1DIV,I79A,gnn_edge_s123
S669,3.19,1.7780687808990479,1DIV,I93A,gnn_edge_s123
S669,4.28,2.4691576957702637,1DIV,I98A,gnn_edge_s123
S669,-0.05,0.5315345525741577,1DIV,K10M,gnn_edge_s123
S669,-0.01,-0.3585297465324402,1DIV,K14M,gnn_edge_s123
S669,0.31,0.3747903108596802,1DIV,K15M,gnn_edge_s123
S669,-0.35,-0.41379761695861816,1DIV,K7M,gnn_edge_s123
S669,-0.61,0.4682505130767822,1DIV,K96A,gnn_edge_s123
S669,0.2,1.0327599048614502,1DIV,K96G,gnn_edge_s123
S669,2.37,2.3298110961914062,1DIV,L102A,gnn_edge_s123
S669,2.33,1.5401511192321777,1DIV,L108A,gnn_edge_s123
S669,3.21,1.8272967338562012,1DIV,L110A,gnn_edge_s123
S669,0.82,1.0326728820800781,1DIV,L117A,gnn_edge_s123
S669,2.76,2.4801056385040283,1DIV,L30A,gnn_edge_s123
S669,3.62,1.8833606243133545,1DIV,L30V,gnn_edge_s123
S669,3.1,0.8458482623100281,1DIV,L6A,gnn_edge_s123
S669,0.13,0.7006716132164001,1DIV,L6I,gnn_edge_s123
S669,0.41,0.45913881063461304,1DIV,L6V,gnn_edge_s123
S669,3.77,1.4278969764709473,1DIV,L72A,gnn_edge_s123
S669,1.46,0.922153651714325,1DIV,M1A,gnn_edge_s123
S669,2.36,1.3690440654754639,1DIV,M1G,gnn_edge_s123
S669,2.33,2.5385470390319824,1DIV,V21A,gnn_edge_s123
S669,0.4,1.1992192268371582,1DIV,V21I,gnn_edge_s123
S669,1.23,1.7714383602142334,1DIV,V21L,gnn_edge_s123
S669,2.55,2.677506685256958,1DIV,V3A,gnn_edge_s123
S669,0.31,1.4678571224212646,1DIV,V3I,gnn_edge_s123
S669,2.21,1.8658521175384521,1DIV,V3L,gnn_edge_s123
S669,3.7,0.5593422651290894,1DXX,K18N,gnn_edge_s123
S669,-0.6,0.45035701990127563,1FH5,S18N,gnn_edge_s123
S669,1.38,1.913682222366333,1FT8,L212V,gnn_edge_s123
S669,0.35,0.9340613484382629,1FT8,L238I,gnn_edge_s123
S669,-0.27,1.2059056758880615,1FT8,M216L,gnn_edge_s123
S669,1.6,0.6455797553062439,1GWY,A8D,gnn_edge_s123
S669,3.3,3.4784579277038574,1ITM,C24T,gnn_edge_s123
S669,5.0,-0.2430553138256073,1ITM,C3T,gnn_edge_s123
S669,-1.4,0.7804846167564392,1ITM,W91S,gnn_edge_s123
S669,1.162,-1.1597506999969482,1JLV,E64D,gnn_edge_s123
S669,2.3040000000000003,-1.1324758529663086,1JLV,E64N,gnn_edge_s123
S669,2.302,-2.0357887744903564,1JLV,E64Q,gnn_edge_s123
S669,-1.4,-0.6880002021789551,1LVM,E106G,gnn_edge_s123
S669,-0.43,0.633230447769165,1LVM,K45F,gnn_edge_s123
S669,-0.0,0.4503166675567627,1LVM,L56V,gnn_edge_s123
S669,-0.6,-0.013799309730529785,1LVM,Q58F,gnn_edge_s123
S669,2.5,0.24651214480400085,1N18,E100G,gnn_edge_s123
S669,1.4,2.0954816341400146,1N18,G85R,gnn_edge_s123
S669,-1.4,2.5983433723449707,1N18,H46R,gnn_edge_s123
S669,3.3,0.10686694085597992,1O1U,E110A,gnn_edge_s123
S669,1.2,0.09581716358661652,1O1U,N61A,gnn_edge_s123
S669,0.3,-0.09343071281909943,1O1U,Q51A,gnn_edge_s123
S669,-0.3,0.570686936378479,1O1U,Q99A,gnn_edge_s123
S669,1.2,0.6136210560798645,1O1U,T38A,gnn_edge_s123
S669,1.2,1.5786216259002686,1O1U,W49Y,gnn_edge_s123
S669,0.05,1.130354642868042,1OSI,I11V,gnn_edge_s123
S669,-0.39,1.89985990524292,1OSI,S92F,gnn_edge_s123
S669,0.78,1.0103890895843506,1OSI,V15I,gnn_edge_s123
S669,1.53,2.827974796295166,1PFL,A20T,gnn_edge_s123
S669,1.96,-0.04096387326717377,1PFL,G117V,gnn_edge_s123
S669,3.53,2.1962060928344727,1PFL,M113T,gnn_edge_s123
S669,-0.07,0.037949979305267334,1PFL,T108M,gnn_edge_s123
S669,0.3,1.1312003135681152,1PRG,Q286P,gnn_edge_s123
S669,-0.06,0.7534462213516235,1PRG,R288H,gnn_edge_s123
S669,-0.03,1.0663686990737915,1PRG,V290M,gnn_edge_s123
S669,-0.8,2.093228340148926,1SPD,C111S,gnn_edge_s123
S669,-0.1,1.0240888595581055,1SPD,C6A,gnn_edge_s123
S669,2.9,0.13937793672084808,1XWS,E124Q,gnn_edge_s123
S669,4.59,0.1848572939634323,1XWS,E135K,gnn_edge_s123
S669,3.22,0.07773108780384064,1XWS,E142D,gnn_edge_s123
S669,3.3,1.800872802734375,1XWS,Y53H,gnn_edge_s123
S669,0.86,0.9550307393074036,1XXN,N32D,gnn_edge_s123
S669,0.645,0.5094228982925415,1XXN,N54E,gnn_edge_s123
S669,-0.239,0.3303774893283844,1XXN,S22E,gnn_edge_s123
S669,0.645,0.825690507888794,1XXN,S27E,gnn_edge_s123
S669,-2.87,-1.14872407913208,1XZO,F42W,gnn_edge_s123
S669,2.89,1.8876869678497314,1XZO,W101F,gnn_edge_s123
S669,8.93,2.132903575897217,1XZO,W36A,gnn_edge_s123
S669,4.25,1.548823356628418,1XZO,W36F,gnn_edge_s123
S669,0.7170000000000001,1.0564429759979248,2ARF,H1069Q,gnn_edge_s123
S669,-1.07,0.6033983826637268,2H3F,E12A,gnn_edge_s123
S669,-1.536,0.2801750898361206,2JIE,H104R,gnn_edge_s123
S669,0.209,0.010830879211425781,2JIE,Q22S,gnn_edge_s123
S669,1.246,0.4120948910713196,2JIE,S17A,gnn_edge_s123
S669,-0.951,-1.8745884895324707,2JIE,S19A,gnn_edge_s123
S669,0.994,-0.6007519364356995,2JIE,T18A,gnn_edge_s123
S669,-2.19,-1.8680193424224854,2JIE,W123F,gnn_edge_s123
S669,-1.06,-1.3830804824829102,2JIE,W123H,gnn_edge_s123
S669,3.443,0.6352807283401489,2JIE,Y21A,gnn_edge_s123
S669,-1.26,0.1748875379562378,2KS4,D9A,gnn_edge_s123
S669,0.23,1.500349998474121,2KS4,E2A,gnn_edge_s123
S669,1.57,1.5165672302246094,2LTB,L558P,gnn_edge_s123
S669,3.11,2.2485885620117188,2LTB,L569R,gnn_edge_s123
S669,3.34,0.6157969832420349,2LTB,M619K,gnn_edge_s123
S669,1.1,0.5145050287246704,2LTB,R533Q,gnn_edge_s123
S669,0.36,1.41731595993042,2LTB,R555Q,gnn_edge_s123
S669,-1.79,0.506253182888031,2LTB,R555W,gnn_edge_s123
S669,4.0,1.2991361618041992,2M5S,D302A,gnn_edge_s123
S669,2.0,2.396287202835083,2M5S,H305A,gnn_edge_s123
S669,2.3,0.8165966272354126,2NTE,R658C,gnn_edge_s123
S669,-0.5,0.1565743386745453,2PR5,A33Y,gnn_edge_s123
S669,0.4,1.1815810203552246,2PR5,A81M,gnn_edge_s123
S669,-0.3,0.9377263188362122,2PR5,D109E,gnn_edge_s123
S669,-0.3,0.042054906487464905,2PR5,H22K,gnn_edge_s123
S669,-1.2,0.07945418357849121,2PR5,H22W,gnn_edge_s123
S669,-2.9,0.8939740657806396,2PR5,M111F,gnn_edge_s123
S669,-0.9,0.5883280038833618,2PR5,N107F,gnn_edge_s123
S669,-0.8,0.9638126492500305,2PR5,N107Y,gnn_edge_s123
S669,-1.1,0.4917144477367401,2PR5,N124F,gnn_edge_s123
S669,-2.6,1.5592739582061768,2PR5,N124Y,gnn_edge_s123
S669,-0.5,2.0537495613098145,2PR5,T30M,gnn_edge_s123
S669,0.5,2.257796049118042,2PR5,T50M,gnn_edge_s123
S669,-0.2,0.7322371602058411,2PR5,T54Y,gnn_edge_s123
S669,-1.4,1.4020769596099854,2PR5,V120I,gnn_edge_s123
S669,-0.4,1.832303524017334,2PR5,V25I,gnn_edge_s123
S669,0.2,1.68123459815979,2PR5,V88L,gnn_edge_s123
S669,0.7,1.1873259544372559,2PR5,V90I,gnn_edge_s123
S669,6.597,0.36507800221443176,2VY0,E53A,gnn_edge_s123
S669,-1.369,1.1796517372131348,3BCI,E96Q,gnn_edge_s123
S669,0.65,-0.6320056319236755,3D3B,D118A,gnn_edge_s123
S669,0.6,-0.21116816997528076,3D3B,D118E,gnn_edge_s123
S669,1.6,-0.33486276865005493,3D3B,D118K,gnn_edge_s123
S669,1.34,-0.49155759811401367,3D3B,D118N,gnn_edge_s123
S669,1.41,-0.31542181968688965,3D3B,D118R,gnn_edge_s123
S669,-0.8,2.985489845275879,3ECU,H46R,gnn_edge_s123
S669,1.3,-0.40238815546035767,3S4M,D122Y,gnn_edge_s123
S669,2.5,-0.2869229316711426,3S4M,G130V,gnn_edge_s123
S669,-0.096,0.9259176850318909,3S4M,I154F,gnn_edge_s123
S669,0.693,-0.25173333287239075,3S4M,W155R,gnn_edge_s123
S669,-0.99,0.9699247479438782,4BJX,A89V,gnn_edge_s123
S669,1.435,1.638556957244873,4BUQ,Y48A,gnn_edge_s123
S669,-0.1,0.6415685415267944,4WAA,K65A,gnn_edge_s123
S669,2.07,1.4586758613586426,4WAA,K67A,gnn_edge_s123
S669,0.44,0.6325267553329468,4WAA,R27A,gnn_edge_s123
S669,-0.413,0.6209723353385925,5VP3,R39K,gnn_edge_s123
S669,1.745,1.5815989971160889,1BA3,H461D,gnn_edge_s123
S669,-0.287,-0.2787209749221802,1BA3,H489D,gnn_edge_s123
S669,0.287,-0.27037084102630615,1BA3,H489K,gnn_edge_s123
S669,0.263,-0.45701998472213745,1BA3,H489M,gnn_edge_s123
S669,1.81,0.47957363724708557,1DIV,V129A,gnn_edge_s123
S669,0.455,1.1105964183807373,1F8I,F345A,gnn_edge_s123
S669,-0.05,1.1218292713165283,1FT8,L349I,gnn_edge_s123
S669,-0.0,0.8808422088623047,1LVM,S135G,gnn_edge_s123
S669,0.88,0.1825290471315384,1NM1,D187N,gnn_edge_s123
S669,1.9,-0.09390589594841003,1NM1,D187Y,gnn_edge_s123
S669,2.4,1.2595348358154297,1PRE,C159S,gnn_edge_s123
S669,4.2,3.0775222778320312,1R2Y,R244E,gnn_edge_s123
S669,-0.358,0.48570090532302856,1XXN,N181R,gnn_edge_s123
S669,-3.02,0.6528491377830505,3D2A,M134E,gnn_edge_s123
S669,-3.34,0.7749980092048645,3D2A,M137P,gnn_edge_s123
S669,-2.11,0.361196905374527,3D2A,S163P,gnn_edge_s123
S669,2.99,0.7212351560592651,5OAQ,Y429H,gnn_edge_s123
S669,0.7,1.2133615016937256,1BFM,M35W,gnn_global_s2024
S669,0.4,1.1428312063217163,1BFM,M35Y,gnn_global_s2024
S669,0.04,0.9905861020088196,1D5G,H71Y,gnn_global_s2024
S669,-0.91,1.3390130996704102,1D5G,I20F,gnn_global_s2024
S669,1.0,1.2572194337844849,1EKG,L198C,gnn_global_s2024
S669,2.0,1.2300580739974976,1EKG,L200C,gnn_global_s2024
S669,-1.0,1.0575767755508423,1EKG,L203C,gnn_global_s2024
S669,2.6,0.8276990652084351,1EKG,S181F,gnn_global_s2024
S669,-4.0,1.2063952684402466,1FRD,H42R,gnn_global_s2024
S669,1.1,1.3907183408737183,1FXA,E94D,gnn_global_s2024
S669,0.4,1.3514214754104614,1FXA,E94K,gnn_global_s2024
S669,-0.6,1.3108623027801514,1FXA,E94Q,gnn_global_s2024
S669,-1.0,1.0979405641555786,1FXA,E95K,gnn_global_s2024
S669,1.0,1.6173698902130127,1FXA,F65A,gnn_global_s2024
S669,0.9,1.5076934099197388,1FXA,F65I,gnn_global_s2024
S669,0.6,1.6133724451065063,1FXA,F65W,gnn_global_s2024
S669,0.5,1.5697773694992065,1FXA,F65Y,gnn_global_s2024
S669,2.4,1.2374460697174072,1FXA,R42A,gnn_global_s2024
S669,1.4,1.2574286460876465,1FXA,R42H,gnn_global_s2024
S669,-0.1,1.410422921180725,1FXA,T48A,gnn_global_s2024
S669,1.22,1.952502965927124,1GLU,C500A,gnn_global_s2024
S669,1.963,0.9857429265975952,1GUA,A118G,gnn_global_s2024
S669,1.951,0.801224946975708,1GUA,A118L,gnn_global_s2024
S669,2.149,1.107411503791809,1GUA,A85G,gnn_global_s2024
S669,0.863,1.012655258178711,1GUA,A97G,gnn_global_s2024
S669,-0.283,0.9558324217796326,1GUA,C81A,gnn_global_s2024
S669,0.912,0.818555474281311,1GUA,C81I,gnn_global_s2024
S669,0.08,0.733676552772522,1GUA,C95A,gnn_global_s2024
S669,1.759,1.0549472570419312,1GUA,C96A,gnn_global_s2024
S669,0.043,0.8763574361801147,1GUA,C96L,gnn_global_s2024
S669,0.337,0.9835336208343506,1GUA,C96M,gnn_global_s2024
S669,0.706,0.634199321269989,1GUA,D117A,gnn_global_s2024
S669,0.855,0.804806113243103,1GUA,D129A,gnn_global_s2024
S669,0.493,0.524437427520752,1GUA,D80A,gnn_global_s2024
S669,-0.021,0.41027259826660156,1GUA,E104A,gnn_global_s2024
S669,0.101,0.7506658434867859,1GUA,E124A,gnn_global_s2024
S669,0.591,0.6521410346031189,1GUA,E125A,gnn_global_s2024
S669,3.274,1.3864463567733765,1GUA,I58A,gnn_global_s2024
S669,1.2990000000000002,1.267077922821045,1GUA,I58F,gnn_global_s2024
S669,0.7709999999999999,1.217115044593811,1GUA,I58L,gnn_global_s2024
S669,0.327,0.6844339370727539,1GUA,K109A,gnn_global_s2024
S669,2.593,1.1396450996398926,1GUA,L112A,gnn_global_s2024
S669,2.5340000000000003,1.1685545444488525,1GUA,L121A,gnn_global_s2024
S669,3.405,1.2781403064727783,1GUA,L126A,gnn_global_s2024
S669,3.46,1.2532926797866821,1GUA,L62A,gnn_global_s2024
S669,3.803,1.21151602268219,1GUA,L78A,gnn_global_s2024
S669,3.529,1.4419827461242676,1GUA,L82A,gnn_global_s2024
S669,1.6,1.2709095478057861,1GUA,L82I,gnn_global_s2024
S669,1.7,1.3362594842910767,1GUA,L82V,gnn_global_s2024
S669,3.2260000000000004,1.258715033531189,1GUA,L86A,gnn_global_s2024
S669,1.575,1.0831419229507446,1GUA,L91A,gnn_global_s2024
S669,0.961,0.7882632613182068,1GUA,M76A,gnn_global_s2024
S669,-0.271,0.7061580419540405,1GUA,N56M,gnn_global_s2024
S669,1.14,0.45223215222358704,1GUA,N64A,gnn_global_s2024
S669,1.7080000000000002,0.7576231956481934,1GUA,P63A,gnn_global_s2024
S669,0.0819999999999999,0.5979302525520325,1GUA,P93A,gnn_global_s2024
S669,0.504,0.7060871720314026,1GUA,Q66A,gnn_global_s2024
S669,0.693,0.8508276343345642,1GUA,R100A,gnn_global_s2024
S669,-0.178,0.6008983850479126,1GUA,R59A,gnn_global_s2024
S669,-1.078,0.8306844234466553,1GUA,R89L,gnn_global_s2024
S669,1.5730000000000002,0.6934090852737427,1GUA,S77A,gnn_global_s2024
S669,-0.581,0.7084203958511353,1GUA,S77T,gnn_global_s2024
S669,0.109,1.0747517347335815,1GUA,T68A,gnn_global_s2024
S669,3.3680000000000003,1.3199167251586914,1GUA,V128A,gnn_global_s2024
S669,2.251,1.303615927696228,1GUA,V60A,gnn_global_s2024
S669,1.116,1.0359742641448975,1GUA,V69A,gnn_global_s2024
S669,1.77,1.2519216537475586,1GUA,V70A,gnn_global_s2024
S669,1.052,1.1116358041763306,1GUA,V72A,gnn_global_s2024
S669,0.8640000000000001,0.9631580710411072,1GUA,V72I,gnn_global_s2024
S669,1.981,1.2700589895248413,1GUA,V98A,gnn_global_s2024
S669,1.936,0.6419439315795898,1H0X,P18A,gnn_global_s2024
S669,2.5810000000000004,0.421686053276062,1H0X,P62A,gnn_global_s2024
S669,2.09,1.7888318300247192,1HCQ,C67A,gnn_global_s2024
S669,1.99,1.871222972869873,1HCQ,C67S,gnn_global_s2024
S669,-0.4,1.3341389894485474,1IOJ,G15A,gnn_global_s2024
S669,-0.5,0.7095093727111816,1IV7,A173C,gnn_global_s2024
S669,2.5,0.8044126033782959,1IV7,F189C,gnn_global_s2024
S669,1.9,0.8579267859458923,1IV7,L162C,gnn_global_s2024
S669,-4.299,0.13896386325359344,1IV9,S76Y,gnn_global_s2024
S669,-0.1,0.9973029494285583,1J8I,K25A,gnn_global_s2024
S669,-0.1,1.087095856666565,1J8I,K66A,gnn_global_s2024
S669,-0.8,1.149107813835144,1J8I,R23A,gnn_global_s2024
S669,0.1,1.1483803987503052,1J8I,R35A,gnn_global_s2024
S669,-0.7,1.1219502687454224,1J8I,R43A,gnn_global_s2024
S669,0.1,1.0739436149597168,1J8I,R9A,gnn_global_s2024
S669,1.44,1.7231882810592651,1JL9,A25C,gnn_global_s2024
S669,1.6969999999999998,2.2858026027679443,1L6H,F39A,gnn_global_s2024
S669,0.55,1.9320052862167358,1L6H,Y45A,gnn_global_s2024
S669,1.482,2.2236783504486084,1L6H,Y48A,gnn_global_s2024
S669,1.39,1.1202658414840698,1N88,F21A,gnn_global_s2024
S669,1.39,1.2473801374435425,1N88,I39A,gnn_global_s2024
S669,2.79,0.9879844188690186,1N88,I80A,gnn_global_s2024
S669,2.35,1.1701550483703613,1N88,I89A,gnn_global_s2024
S669,1.52,1.199780821800232,1N88,I8V,gnn_global_s2024
S669,1.52,1.1384128332138062,1N88,L13A,gnn_global_s2024
S669,1.11,0.8311485648155212,1N88,L57A,gnn_global_s2024
S669,1.94,1.083211064338684,1N88,V12A,gnn_global_s2024
S669,2.84,1.0384544134140015,1N88,V30A,gnn_global_s2024
S669,2.82,1.221431016921997,1N88,V43A,gnn_global_s2024
S669,2.83,1.0391359329223633,1N88,V49A,gnn_global_s2024
S669,3.24,1.012184500694275,1N88,V51A,gnn_global_s2024
S669,3.73,1.055514931678772,1N88,V54A,gnn_global_s2024
S669,2.82,1.203057885169983,1N88,V81A,gnn_global_s2024
S669,3.1,0.9927353858947754,1N88,V83A,gnn_global_s2024
S669,-0.06,1.01250159740448,1N88,Y18A,gnn_global_s2024
S669,4.61,1.0835988521575928,1N88,Y26A,gnn_global_s2024
S669,1.2,0.5451465845108032,1O6X,A31G,gnn_global_s2024
S669,1.4,0.7563199996948242,1O6X,A50G,gnn_global_s2024
S669,-0.36,0.44882267713546753,1O6X,D38A,gnn_global_s2024
S669,0.3,0.5929195880889893,1O6X,E14A,gnn_global_s2024
S669,1.42,0.27986717224121094,1O6X,E20G,gnn_global_s2024
S669,1.88,0.755395770072937,1O6X,F39L,gnn_global_s2024
S669,0.98,0.807991623878479,1O6X,F65A,gnn_global_s2024
S669,0.61,0.53163743019104,1O6X,H51A,gnn_global_s2024
S669,0.43,1.0261695384979248,1O6X,I15V,gnn_global_s2024
S669,-0.42,0.6125955581665039,1O6X,I23V,gnn_global_s2024
S669,1.31,0.8380775451660156,1O6X,I71V,gnn_global_s2024
S669,1.31,0.8730354309082031,1O6X,I75A,gnn_global_s2024
S669,1.98,0.40014010667800903,1O6X,K41A,gnn_global_s2024
S669,0.97,1.0479832887649536,1O6X,L26V,gnn_global_s2024
S669,0.08,0.781262993812561,1O6X,N58A,gnn_global_s2024
S669,0.49,0.6455898880958557,1O6X,Q60G,gnn_global_s2024
S669,1.1,0.8092893362045288,1O6X,V12A,gnn_global_s2024
S669,1.08,1.0085994005203247,1O6X,V52A,gnn_global_s2024
S669,1.1,0.6258611083030701,1O6X,V64G,gnn_global_s2024
S669,2.78,0.7922748923301697,1O6X,Y73L,gnn_global_s2024
S669,0.13,0.5053695440292358,1R6R,I88N,gnn_global_s2024
S669,2.81,0.7737557888031006,1R6R,L50S,gnn_global_s2024
S669,0.24,0.8027056455612183,1R6R,L54S,gnn_global_s2024
S669,6.84,0.6864640712738037,1R6R,L81N,gnn_global_s2024
S669,4.493,0.736623227596283,2BJD,V84D,gnn_global_s2024
S669,4.517,0.6980294585227966,2BJD,V84P,gnn_global_s2024
S669,2.103,0.5752608180046082,2BJD,Y86E,gnn_global_s2024
S669,0.012,1.8986763954162598,2C9Q,Y79F,gnn_global_s2024
S669,1.233,1.9754241704940796,2C9Q,Y79W,gnn_global_s2024
S669,-0.12,0.6311063766479492,2CLR,H13F,gnn_global_s2024
S669,-2.605,0.7315830588340759,2CLR,H31F,gnn_global_s2024
S669,1.912,0.7028684020042419,2CLR,H51F,gnn_global_s2024
S669,2.629,0.89481121301651,2CLR,H84A,gnn_global_s2024
S669,-0.89,1.136949062347412,2DVV,Q443H,gnn_global_s2024
S669,0.02,1.1065075397491455,2DVV,R419W,gnn_global_s2024
S669,0.32,0.7756765484809875,2HBB,A22G,gnn_global_s2024
S669,1.79,1.159124732017517,2HBB,A26G,gnn_global_s2024
S669,1.55,1.5432724952697754,2HBB,A36G,gnn_global_s2024
S669,1.59,1.2093275785446167,2HBB,A39G,gnn_global_s2024
S669,0.33,0.6035995483398438,2HBB,A42G,gnn_global_s2024
S669,0.55,0.707869827747345,2HBB,A46G,gnn_global_s2024
S669,0.22,0.4640161395072937,2HBB,A49G,gnn_global_s2024
S669,0.03,0.35554274916648865,2HBB,D23A,gnn_global_s2024
S669,0.79,0.44848009943962097,2HBB,D23N,gnn_global_s2024
S669,1.3,-0.0462305024266243,2HBB,D8A,gnn_global_s2024
S669,0.38,0.009862467646598816,2HBB,D8N,gnn_global_s2024
S669,1.69,0.240830659866333,2HBB,E17A,gnn_global_s2024
S669,0.33,0.25970038771629333,2HBB,E17Q,gnn_global_s2024
S669,0.41,0.9558131694793701,2HBB,E38A,gnn_global_s2024
S669,0.68,0.970848560333252,2HBB,E38Q,gnn_global_s2024
S669,-0.07,0.4218251407146454,2HBB,E48Q,gnn_global_s2024
S669,2.84,1.237743616104126,2HBB,F31A,gnn_global_s2024
S669,1.15,1.0281518697738647,2HBB,F5L,gnn_global_s2024
S669,-0.02,0.5622003078460693,2HBB,G24A,gnn_global_s2024
S669,1.02,0.9079442024230957,2HBB,G34A,gnn_global_s2024
S669,2.05,1.0869392156600952,2HBB,I18A,gnn_global_s2024
S669,0.07,0.9524863958358765,2HBB,I18V,gnn_global_s2024
S669,1.28,1.5321670770645142,2HBB,I37A,gnn_global_s2024
S669,-0.09,1.4044984579086304,2HBB,I37V,gnn_global_s2024
S669,0.59,1.3502947092056274,2HBB,I4V,gnn_global_s2024
S669,-0.13,0.0684039443731308,2HBB,K10E,gnn_global_s2024
S669,-0.47,-0.006617074832320213,2HBB,K10M,gnn_global_s2024
S669,-0.61,0.7534216046333313,2HBB,K12A,gnn_global_s2024
S669,-0.03,0.794007420539856,2HBB,K12G,gnn_global_s2024
S669,-1.8,0.6932088136672974,2HBB,K12M,gnn_global_s2024
S669,0.73,-0.05323144048452377,2HBB,K14A,gnn_global_s2024
S669,1.3,-0.029668744653463364,2HBB,K14G,gnn_global_s2024
S669,0.34,-0.04382551461458206,2HBB,K14M,gnn_global_s2024
S669,1.74,0.19730184972286224,2HBB,K15G,gnn_global_s2024
S669,0.44,0.15721851587295532,2HBB,K15M,gnn_global_s2024
S669,-0.21,0.3143991231918335,2HBB,K7M,gnn_global_s2024
S669,2.76,1.6743810176849365,2HBB,L30A,gnn_global_s2024
S669,1.21,1.233639121055603,2HBB,L35A,gnn_global_s2024
S669,1.73,1.195280909538269,2HBB,L44A,gnn_global_s2024
S669,0.84,1.2263270616531372,2HBB,L47A,gnn_global_s2024
S669,3.1,1.1073049306869507,2HBB,L6A,gnn_global_s2024
S669,1.46,0.9518357515335083,2HBB,M1A,gnn_global_s2024
S669,0.8,0.8530888557434082,2HBB,T40S,gnn_global_s2024
S669,2.33,1.2539504766464233,2HBB,V21A,gnn_global_s2024
S669,2.55,1.5689986944198608,2HBB,V3A,gnn_global_s2024
S669,1.81,1.1179652214050293,2HBB,V9A,gnn_global_s2024
S669,2.54,1.0592703819274902,2JUC,C57D,gnn_global_s2024
S669,0.71,0.9796503782272339,2JUC,C57S,gnn_global_s2024
S669,1.75,0.6062346696853638,2JUC,R18A,gnn_global_s2024
S669,-1.2,0.5357595682144165,2KJ3,D288A,gnn_global_s2024
S669,-1.9,0.5007569789886475,2KJ3,E272A,gnn_global_s2024
S669,0.8,1.0219048261642456,2KJ3,G278A,gnn_global_s2024
S669,-1.5,0.6107358932495117,2KJ3,K229A,gnn_global_s2024
S669,-1.0,1.2694083452224731,2KJ3,L241A,gnn_global_s2024
S669,-1.4,0.7367177605628967,2KJ3,S273A,gnn_global_s2024
S669,-1.0,1.289281964302063,2KJ3,V239A,gnn_global_s2024
S669,-1.0,1.1244592666625977,2KJ3,V264A,gnn_global_s2024
S669,-0.2,1.2986632585525513,2KJ3,V267A,gnn_global_s2024
S669,0.24,0.37622159719467163,2MPC,A89T,gnn_global_s2024
S669,-0.62,-0.05773664265871048,2MPC,R42A,gnn_global_s2024
S669,-2.08,-0.0682644248008728,2MPC,R42W,gnn_global_s2024
S669,0.6,0.7489678859710693,2N7Z,P88A,gnn_global_s2024
S669,-0.44,1.0456657409667969,2OUO,A420D,gnn_global_s2024
S669,2.43,1.1796104907989502,2PTL,A22G,gnn_global_s2024
S669,-0.1,0.7822837829589844,2PTL,A27P,gnn_global_s2024
S669,0.83,0.6358943581581116,2PTL,A27V,gnn_global_s2024
S669,2.17,1.0604287385940552,2PTL,A34G,gnn_global_s2024
S669,-1.47,0.9436641931533813,2PTL,A34V,gnn_global_s2024
S669,2.54,0.9131259918212891,2PTL,A43G,gnn_global_s2024
S669,3.1,1.2034093141555786,2PTL,A47G,gnn_global_s2024
S669,1.32,0.8485478162765503,2PTL,A49G,gnn_global_s2024
S669,3.12,1.1806498765945435,2PTL,A51G,gnn_global_s2024
S669,0.49,0.6601850986480713,2PTL,A66G,gnn_global_s2024
S669,1.21,0.5281991958618164,2PTL,D52A,gnn_global_s2024
S669,2.14,0.5516356229782104,2PTL,D52G,gnn_global_s2024
S669,0.2,0.5992376804351807,2PTL,D64A,gnn_global_s2024
S669,0.59,0.5205951929092407,2PTL,E35A,gnn_global_s2024
S669,1.19,0.7107410430908203,2PTL,E46G,gnn_global_s2024
S669,1.08,0.5850980281829834,2PTL,E46I,gnn_global_s2024
S669,0.23,0.40636980533599854,2PTL,E60A,gnn_global_s2024
S669,3.12,0.9493956565856934,2PTL,F26A,gnn_global_s2024
S669,0.68,0.8198588490486145,2PTL,F26L,gnn_global_s2024
S669,4.15,0.995769202709198,2PTL,F36A,gnn_global_s2024
S669,3.12,0.8871674537658691,2PTL,F36L,gnn_global_s2024
S669,3.08,0.9401988387107849,2PTL,F40G,gnn_global_s2024
S669,0.38,0.8059636950492859,2PTL,F40L,gnn_global_s2024
S669,3.34,0.9553691148757935,2PTL,F76L,gnn_global_s2024
S669,3.73,0.9908726215362549,2PTL,F76V,gnn_global_s2024
S669,1.52,0.6279215812683105,2PTL,G29A,gnn_global_s2024
S669,2.53,0.533656895160675,2PTL,G29V,gnn_global_s2024
S669,2.08,0.547157883644104,2PTL,G38A,gnn_global_s2024
S669,2.23,0.513570249080658,2PTL,G59A,gnn_global_s2024
S669,2.04,0.8220430612564087,2PTL,G69A,gnn_global_s2024
S669,4.9,1.1611146926879883,2PTL,I20A,gnn_global_s2024
S669,0.56,1.068290114402771,2PTL,I20V,gnn_global_s2024
S669,1.37,0.8843069076538086,2PTL,I25A,gnn_global_s2024
S669,0.47,0.8069387674331665,2PTL,I25V,gnn_global_s2024
S669,4.72,1.3255659341812134,2PTL,I74A,gnn_global_s2024
S669,1.69,1.250266432762146,2PTL,I74V,gnn_global_s2024
S669,0.92,0.761494517326355,2PTL,K21A,gnn_global_s2024
S669,0.88,0.3615764379501343,2PTL,K37A,gnn_global_s2024
S669,-0.16,0.5324937105178833,2PTL,K42G,gnn_global_s2024
S669,-0.58,0.32283395528793335,2PTL,K55A,gnn_global_s2024
S669,-0.35,0.43395906686782837,2PTL,K56A,gnn_global_s2024
S669,0.09,0.5944666266441345,2PTL,K68A,gnn_global_s2024
S669,0.45,0.6956772804260254,2PTL,K75A,gnn_global_s2024
S669,3.12,1.2856394052505493,2PTL,L24A,gnn_global_s2024
S669,2.44,1.0422245264053345,2PTL,L54A,gnn_global_s2024
S669,3.77,1.2343188524246216,2PTL,L72A,gnn_global_s2024
S669,1.87,0.7964625358581543,2PTL,N23A,gnn_global_s2024
S669,1.78,0.5675432682037354,2PTL,N28A,gnn_global_s2024
S669,0.34,0.6516749858856201,2PTL,N58A,gnn_global_s2024
S669,1.73,0.7565848231315613,2PTL,N73A,gnn_global_s2024
S669,0.3,0.5826526880264282,2PTL,S30A,gnn_global_s2024
S669,-0.41,0.6869308948516846,2PTL,S45A,gnn_global_s2024
S669,0.82,0.7005980014801025,2PTL,S45G,gnn_global_s2024
S669,1.63,0.5687193274497986,2PTL,T19A,gnn_global_s2024
S669,1.17,0.6740292310714722,2PTL,T31A,gnn_global_s2024
S669,1.11,0.7621625661849976,2PTL,T33A,gnn_global_s2024
S669,1.25,0.6066964864730835,2PTL,T39A,gnn_global_s2024
S669,1.09,0.9021113514900208,2PTL,T44A,gnn_global_s2024
S669,0.17,0.7062253952026367,2PTL,T53G,gnn_global_s2024
S669,0.97,0.6486324071884155,2PTL,T62A,gnn_global_s2024
S669,1.83,0.8542487025260925,2PTL,T71A,gnn_global_s2024
S669,1.22,0.8354437947273254,2PTL,V18A,gnn_global_s2024
S669,0.92,0.9441382884979248,2PTL,V63A,gnn_global_s2024
S669,1.14,0.8315434455871582,2PTL,V65A,gnn_global_s2024
S669,2.82,0.9886345863342285,2PTL,Y48A,gnn_global_s2024
S669,2.46,1.0645411014556885,2PTL,Y50A,gnn_global_s2024
S669,1.66,0.8835372924804688,2PTL,Y70A,gnn_global_s2024
S669,-0.43,0.7596197128295898,2PTL,Y70L,gnn_global_s2024
S669,-1.05,0.8985967636108398,2RPN,E7L,gnn_global_s2024
S669,-0.39,1.4152899980545044,2RPN,V21K,gnn_global_s2024
S669,-0.3,0.7515256404876709,2WQG,D15A,gnn_global_s2024
S669,-0.1,0.6786639094352722,2WQG,D38A,gnn_global_s2024
S669,2.2,0.8336487412452698,2WQG,D39A,gnn_global_s2024
S669,2.6,0.9115591645240784,2WQG,D39N,gnn_global_s2024
S669,0.1,0.7096523642539978,2WQG,E40Q,gnn_global_s2024
S669,0.4,0.5806378126144409,2WQG,E41G,gnn_global_s2024
S669,0.9,1.2917296886444092,2WQG,I36A,gnn_global_s2024
S669,0.3,1.1291489601135254,2WQG,I36V,gnn_global_s2024
S669,0.4,0.9829083681106567,2WQG,K14A,gnn_global_s2024
S669,1.9,0.9896636009216309,2WQG,K14G,gnn_global_s2024
S669,0.3,0.6225007176399231,2WQG,K19A,gnn_global_s2024
S669,0.6,1.1435297727584839,2WQG,K28A,gnn_global_s2024
S669,0.5,1.689002275466919,2WQG,L13A,gnn_global_s2024
S669,1.3,1.3374382257461548,2WQG,L16A,gnn_global_s2024
S669,2.0,1.4422627687454224,2WQG,L8A,gnn_global_s2024
S669,0.6,1.0521639585494995,2WQG,Q12A,gnn_global_s2024
S669,2.0,1.0637946128845215,2WQG,Q12G,gnn_global_s2024
S669,-0.1,0.7486367225646973,2WQG,Q33A,gnn_global_s2024
S669,0.8,1.0878551006317139,2WQG,R34A,gnn_global_s2024
S669,0.6,0.8840581178665161,2WQG,S23A,gnn_global_s2024
S669,-0.1,0.8672693967819214,2WQG,S6A,gnn_global_s2024
S669,0.2,0.8652101159095764,2WQG,S6G,gnn_global_s2024
S669,-0.1,1.2552870512008667,2WQG,T9S,gnn_global_s2024
S669,0.1,1.4280167818069458,2WQG,V10A,gnn_global_s2024
S669,0.7,1.4324917793273926,2WQG,V10G,gnn_global_s2024
S669,-0.4,1.247113585472107,2WQG,V11A,gnn_global_s2024
S669,-0.1,1.2494949102401733,2WQG,V11G,gnn_global_s2024
S669,0.5,1.2412397861480713,2WQG,V24A,gnn_global_s2024
S669,2.4,1.1565359830856323,2WQG,Y5F,gnn_global_s2024
S669,0.74,0.5902918577194214,2ZTA,E11Q,gnn_global_s2024
S669,-0.2,0.7045595645904541,2ZTA,E20Q,gnn_global_s2024
S669,1.83,0.7117853164672852,2ZTA,E22Q,gnn_global_s2024
S669,0.41,0.512222170829773,2ZTA,K15A,gnn_global_s2024
S669,0.91,1.1646273136138916,2ZTA,K27A,gnn_global_s2024
S669,0.06,0.6799264550209045,2ZTA,K28A,gnn_global_s2024
S669,0.39,0.617184042930603,2ZTA,K8A,gnn_global_s2024
S669,1.66,0.9045528173446655,2ZTA,R25A,gnn_global_s2024
S669,1.506,1.0514451265335083,3BN0,I20V,gnn_global_s2024
S669,-0.43,1.708774447441101,3C2I,F155S,gnn_global_s2024
S669,-0.47,1.2462605237960815,3C2I,T158A,gnn_global_s2024
S669,-0.25,1.2268284559249878,3C2I,T158M,gnn_global_s2024
S669,0.5,0.43828654289245605,3FIS,P61A,gnn_global_s2024
S669,-0.34,0.8588293790817261,3G1G,D155Y,gnn_global_s2024
S669,0.74,1.4127728939056396,3G1G,F167Y,gnn_global_s2024
S669,0.17,1.4562697410583496,3G1G,I190V,gnn_global_s2024
S669,-1.32,1.0228301286697388,3G1G,R185W,gnn_global_s2024
S669,3.35,0.49994921684265137,3K82,E334L,gnn_global_s2024
S669,1.68,0.611295223236084,3K82,E334Q,gnn_global_s2024
S669,-5.49,0.629285991191864,3K82,E401R,gnn_global_s2024
S669,-1.194,0.44184112548828125,3MON,R39G,gnn_global_s2024
S669,2.866,0.384387731552124,3MON,W3C,gnn_global_s2024
S669,3.25,0.9602063298225403,3O39,L32P,gnn_global_s2024
S669,-2.03,0.8443437218666077,3S92,H395R,gnn_global_s2024
S669,-0.574,0.2516828179359436,4N6V,H75W,gnn_global_s2024
S669,1.362,0.3224041163921356,4N6V,P36G,gnn_global_s2024
S669,-1.745,0.29754120111465454,4N6V,P79S,gnn_global_s2024
S669,0.71,0.9467964768409729,4YEE,V134T,gnn_global_s2024
S669,0.93,0.5863209962844849,4YEF,T134V,gnn_global_s2024
S669,1.44,0.3688467741012573,5JXB,D329G,gnn_global_s2024
S669,1.44,0.40070995688438416,5JXB,D329P,gnn_global_s2024
S669,1.8,1.0519815683364868,1A0F,S11A,gnn_global_s2024
S669,2.69,1.113265872001648,1A7V,A104H,gnn_global_s2024
S669,1.98,1.1202888488769531,1A7V,A66H,gnn_global_s2024
S669,1.7,1.3062914609909058,1A7V,A91H,gnn_global_s2024
S669,1.36,0.9597198963165283,1A7V,D3H,gnn_global_s2024
S669,2.05,0.9024407863616943,1A7V,D58H,gnn_global_s2024
S669,3.01,0.869978666305542,1A7V,E73H,gnn_global_s2024
S669,0.6,0.8947060108184814,1A7V,K13H,gnn_global_s2024
S669,2.88,1.001157283782959,1A7V,K20H,gnn_global_s2024
S669,1.36,0.8995017409324646,1A7V,K31H,gnn_global_s2024
S669,1.86,1.0407487154006958,1A7V,K39H,gnn_global_s2024
S669,2.02,1.0747132301330566,1A7V,K49H,gnn_global_s2024
S669,2.88,1.1021305322647095,1A7V,K84H,gnn_global_s2024
S669,1.97,1.0600789785385132,1A7V,K97H,gnn_global_s2024
S669,0.821,0.8182271718978882,1BNL,D76A,gnn_global_s2024
S669,0.46,0.4871472120285034,1DIV,D23A,gnn_global_s2024
S669,0.58,0.5260113477706909,1DIV,D23N,gnn_global_s2024
S669,0.3,0.4361855983734131,1DIV,D8N,gnn_global_s2024
S669,0.98,0.44658002257347107,1DIV,E100A,gnn_global_s2024
S669,1.52,0.4455915093421936,1DIV,E100G,gnn_global_s2024
S669,0.21,0.4975258708000183,1DIV,E17Q,gnn_global_s2024
S669,0.56,0.7101441025733948,1DIV,E38Q,gnn_global_s2024
S669,-0.03,0.4873931407928467,1DIV,E48Q,gnn_global_s2024
S669,-0.33,0.31380438804626465,1DIV,E54Q,gnn_global_s2024
S669,1.53,0.6315973997116089,1DIV,H106Q,gnn_global_s2024
S669,3.52,0.7738429307937622,1DIV,I115A,gnn_global_s2024
S669,2.22,0.9854423999786377,1DIV,I4A,gnn_global_s2024
S669,0.59,0.9248270988464355,1DIV,I4V,gnn_global_s2024
S669,3.49,0.8272220492362976,1DIV,I79A,gnn_global_s2024
S669,3.19,0.8597530126571655,1DIV,I93A,gnn_global_s2024
S669,4.28,0.9171775579452515,1DIV,I98A,gnn_global_s2024
S669,-0.05,0.3508986234664917,1DIV,K10M,gnn_global_s2024
S669,-0.01,0.31327420473098755,1DIV,K14M,gnn_global_s2024
S669,0.31,0.32155174016952515,1DIV,K15M,gnn_global_s2024
S669,-0.35,0.4502634108066559,1DIV,K7M,gnn_global_s2024
S669,-0.61,0.44768133759498596,1DIV,K96A,gnn_global_s2024
S669,0.2,0.4487156867980957,1DIV,K96G,gnn_global_s2024
S669,2.37,0.9134318828582764,1DIV,L102A,gnn_global_s2024
S669,2.33,0.7656497955322266,1DIV,L108A,gnn_global_s2024
S669,3.21,0.7311409115791321,1DIV,L110A,gnn_global_s2024
S669,0.82,0.7479495406150818,1DIV,L117A,gnn_global_s2024
S669,2.76,0.9020355939865112,1DIV,L30A,gnn_global_s2024
S669,3.62,0.8471925258636475,1DIV,L30V,gnn_global_s2024
S669,3.1,0.7283802032470703,1DIV,L6A,gnn_global_s2024
S669,0.13,0.6529983282089233,1DIV,L6I,gnn_global_s2024
S669,0.41,0.6758008003234863,1DIV,L6V,gnn_global_s2024
S669,3.77,0.7093957662582397,1DIV,L72A,gnn_global_s2024
S669,1.46,0.7859131097793579,1DIV,M1A,gnn_global_s2024
S669,2.36,0.7978571057319641,1DIV,M1G,gnn_global_s2024
S669,2.33,0.8727416396141052,1DIV,V21A,gnn_global_s2024
S669,0.4,0.7858079075813293,1DIV,V21I,gnn_global_s2024
S669,1.23,0.7866734266281128,1DIV,V21L,gnn_global_s2024
S669,2.55,0.9855987429618835,1DIV,V3A,gnn_global_s2024
S669,0.31,0.8841406106948853,1DIV,V3I,gnn_global_s2024
S669,2.21,0.8857032060623169,1DIV,V3L,gnn_global_s2024
S669,3.7,0.3533703088760376,1DXX,K18N,gnn_global_s2024
S669,-0.6,1.186463713645935,1FH5,S18N,gnn_global_s2024
S669,1.38,1.1861084699630737,1FT8,L212V,gnn_global_s2024
S669,0.35,1.1071949005126953,1FT8,L238I,gnn_global_s2024
S669,-0.27,1.1253503561019897,1FT8,M216L,gnn_global_s2024
S669,1.6,0.7371346950531006,1GWY,A8D,gnn_global_s2024
S669,3.3,0.44103866815567017,1ITM,C24T,gnn_global_s2024
S669,5.0,0.30655205249786377,1ITM,C3T,gnn_global_s2024
S669,-1.4,0.38908836245536804,1ITM,W91S,gnn_global_s2024
S669,1.162,0.6357606649398804,1JLV,E64D,gnn_global_s2024
S669,2.3040000000000003,0.6038819551467896,1JLV,E64N,gnn_global_s2024
S669,2.302,0.5792171955108643,1JLV,E64Q,gnn_global_s2024
S669,-1.4,0.6892296075820923,1LVM,E106G,gnn_global_s2024
S669,-0.43,0.8281566500663757,1LVM,K45F,gnn_global_s2024
S669,-0.0,1.0561885833740234,1LVM,L56V,gnn_global_s2024
S669,-0.6,0.9373432397842407,1LVM,Q58F,gnn_global_s2024
S669,2.5,1.235636830329895,1N18,E100G,gnn_global_s2024
S669,1.4,1.4240210056304932,1N18,G85R,gnn_global_s2024
S669,-1.4,1.405910849571228,1N18,H46R,gnn_global_s2024
S669,3.3,0.5005318522453308,1O1U,E110A,gnn_global_s2024
S669,1.2,0.48046010732650757,1O1U,N61A,gnn_global_s2024
S669,0.3,0.49746954441070557,1O1U,Q51A,gnn_global_s2024
S669,-0.3,0.5758405923843384,1O1U,Q99A,gnn_global_s2024
S669,1.2,0.5430715084075928,1O1U,T38A,gnn_global_s2024
S669,1.2,0.6174787282943726,1O1U,W49Y,gnn_global_s2024
S669,0.05,1.1032363176345825,1OSI,I11V,gnn_global_s2024
S669,-0.39,1.0578709840774536,1OSI,S92F,gnn_global_s2024
S669,0.78,1.221615195274353,1OSI,V15I,gnn_global_s2024
S669,1.53,1.580880045890808,1PFL,A20T,gnn_global_s2024
S669,1.96,1.0590046644210815,1PFL,G117V,gnn_global_s2024
S669,3.53,1.3675694465637207,1PFL,M113T,gnn_global_s2024
S669,-0.07,1.2362648248672485,1PFL,T108M,gnn_global_s2024
S669,0.3,0.5339430570602417,1PRG,Q286P,gnn_global_s2024
S669,-0.06,0.5789533853530884,1PRG,R288H,gnn_global_s2024
S669,-0.03,0.6039870977401733,1PRG,V290M,gnn_global_s2024
S669,-0.8,1.5814646482467651,1SPD,C111S,gnn_global_s2024
S669,-0.1,1.7201951742172241,1SPD,C6A,gnn_global_s2024
S669,2.9,0.5486831068992615,1XWS,E124Q,gnn_global_s2024
S669,4.59,0.6033613681793213,1XWS,E135K,gnn_global_s2024
S669,3.22,0.5539896488189697,1XWS,E142D,gnn_global_s2024
S669,3.3,0.8159040212631226,1XWS,Y53H,gnn_global_s2024
S669,0.86,0.8093730211257935,1XXN,N32D,gnn_global_s2024
S669,0.645,0.7864891290664673,1XXN,N54E,gnn_global_s2024
S669,-0.239,0.7283526659011841,1XXN,S22E,gnn_global_s2024
S669,0.645,0.8734709024429321,1XXN,S27E,gnn_global_s2024
S669,-2.87,1.1382187604904175,1XZO,F42W,gnn_global_s2024
S669,2.89,1.175207257270813,1XZO,W101F,gnn_global_s2024
S669,8.93,1.2009145021438599,1XZO,W36A,gnn_global_s2024
S669,4.25,1.1322481632232666,1XZO,W36F,gnn_global_s2024
S669,0.7170000000000001,1.2757668495178223,2ARF,H1069Q,gnn_global_s2024
S669,-1.07,0.9411985874176025,2H3F,E12A,gnn_global_s2024
S669,-1.536,0.6877390742301941,2JIE,H104R,gnn_global_s2024
S669,0.209,0.6834039688110352,2JIE,Q22S,gnn_global_s2024
S669,1.246,0.7587647438049316,2JIE,S17A,gnn_global_s2024
S669,-0.951,0.6824064254760742,2JIE,S19A,gnn_global_s2024
S669,0.994,0.8253656625747681,2JIE,T18A,gnn_global_s2024
S669,-2.19,0.6610286831855774,2JIE,W123F,gnn_global_s2024
S669,-1.06,0.713887631893158,2JIE,W123H,gnn_global_s2024
S669,3.443,0.7741363048553467,2JIE,Y21A,gnn_global_s2024
S669,-1.26,0.6689234375953674,2KS4,D9A,gnn_global_s2024
S669,0.23,0.7220805883407593,2KS4,E2A,gnn_global_s2024
S669,1.57,1.1377848386764526,2LTB,L558P,gnn_global_s2024
S669,3.11,1.3676215410232544,2LTB,L569R,gnn_global_s2024
S669,3.34,1.0188096761703491,2LTB,M619K,gnn_global_s2024
S669,1.1,0.7341207265853882,2LTB,R533Q,gnn_global_s2024
S669,0.36,0.8637704849243164,2LTB,R555Q,gnn_global_s2024
S669,-1.79,0.8246150016784668,2LTB,R555W,gnn_global_s2024
S669,4.0,1.0247763395309448,2M5S,D302A,gnn_global_s2024
S669,2.0,1.1972602605819702,2M5S,H305A,gnn_global_s2024
S669,2.3,0.7035382986068726,2NTE,R658C,gnn_global_s2024
S669,-0.5,0.5518670082092285,2PR5,A33Y,gnn_global_s2024
S669,0.4,0.6648969650268555,2PR5,A81M,gnn_global_s2024
S669,-0.3,0.6390115022659302,2PR5,D109E,gnn_global_s2024
S669,-0.3,0.4385412335395813,2PR5,H22K,gnn_global_s2024
S669,-1.2,0.40607112646102905,2PR5,H22W,gnn_global_s2024
S669,-2.9,0.6168537139892578,2PR5,M111F,gnn_global_s2024
S669,-0.9,0.6280227899551392,2PR5,N107F,gnn_global_s2024
S669,-0.8,0.6502692699432373,2PR5,N107Y,gnn_global_s2024
S669,-1.1,0.446100115776062,2PR5,N124F,gnn_global_s2024
S669,-2.6,0.46290701627731323,2PR5,N124Y,gnn_global_s2024
S669,-0.5,0.7903614044189453,2PR5,T30M,gnn_global_s2024
S669,0.5,0.7207134962081909,2PR5,T50M,gnn_global_s2024
S669,-0.2,0.5820749998092651,2PR5,T54Y,gnn_global_s2024
S669,-1.4,0.750830352306366,2PR5,V120I,gnn_global_s2024
S669,-0.4,0.6697818636894226,2PR5,V25I,gnn_global_s2024
S669,0.2,0.7859140634536743,2PR5,V88L,gnn_global_s2024
S669,0.7,0.7109552025794983,2PR5,V90I,gnn_global_s2024
S669,6.597,0.6443198323249817,2VY0,E53A,gnn_global_s2024
S669,-1.369,0.661481499671936,3BCI,E96Q,gnn_global_s2024
S669,0.65,0.17036552727222443,3D3B,D118A,gnn_global_s2024
S669,0.6,0.18939326703548431,3D3B,D118E,gnn_global_s2024
S669,1.6,0.1946910172700882,3D3B,D118K,gnn_global_s2024
S669,1.34,0.19876855611801147,3D3B,D118N,gnn_global_s2024
S669,1.41,0.17359976470470428,3D3B,D118R,gnn_global_s2024
S669,-0.8,1.3676294088363647,3ECU,H46R,gnn_global_s2024
S669,1.3,0.6715247631072998,3S4M,D122Y,gnn_global_s2024
S669,2.5,0.8701035976409912,3S4M,G130V,gnn_global_s2024
S669,-0.096,1.1390641927719116,3S4M,I154F,gnn_global_s2024
S669,0.693,0.7508823275566101,3S4M,W155R,gnn_global_s2024
S669,-0.99,0.5943478941917419,4BJX,A89V,gnn_global_s2024
S669,1.435,1.2029179334640503,4BUQ,Y48A,gnn_global_s2024
S669,-0.1,0.6579481363296509,4WAA,K65A,gnn_global_s2024
S669,2.07,0.6298568844795227,4WAA,K67A,gnn_global_s2024
S669,0.44,0.47197842597961426,4WAA,R27A,gnn_global_s2024
S669,-0.413,0.8585590720176697,5VP3,R39K,gnn_global_s2024
S669,1.745,0.6159423589706421,1BA3,H461D,gnn_global_s2024
S669,-0.287,0.5589147210121155,1BA3,H489D,gnn_global_s2024
S669,0.287,0.5518321394920349,1BA3,H489K,gnn_global_s2024
S669,0.263,0.5396080017089844,1BA3,H489M,gnn_global_s2024
S669,1.81,0.5347330570220947,1DIV,V129A,gnn_global_s2024
S669,0.455,0.54476398229599,1F8I,F345A,gnn_global_s2024
S669,-0.05,1.0860868692398071,1FT8,L349I,gnn_global_s2024
S669,-0.0,0.9972705841064453,1LVM,S135G,gnn_global_s2024
S669,0.88,0.619081974029541,1NM1,D187N,gnn_global_s2024
S669,1.9,0.6155734658241272,1NM1,D187Y,gnn_global_s2024
S669,2.4,0.7100608944892883,1PRE,C159S,gnn_global_s2024
S669,4.2,0.7888774275779724,1R2Y,R244E,gnn_global_s2024
S669,-0.358,0.7344688177108765,1XXN,N181R,gnn_global_s2024
S669,-3.02,0.7447463274002075,3D2A,M134E,gnn_global_s2024
S669,-3.34,0.8315133452415466,3D2A,M137P,gnn_global_s2024
S669,-2.11,0.729762852191925,3D2A,S163P,gnn_global_s2024
S669,2.99,0.32750239968299866,5OAQ,Y429H,gnn_global_s2024
S669,0.7,0.570917010307312,1BFM,M35W,gnn_local_s2024
S669,0.4,0.5596780180931091,1BFM,M35Y,gnn_local_s2024
S669,0.04,0.6039419174194336,1D5G,H71Y,gnn_local_s2024
S669,-0.91,1.5341801643371582,1D5G,I20F,gnn_local_s2024
S669,1.0,1.5031654834747314,1EKG,L198C,gnn_local_s2024
S669,2.0,1.492686152458191,1EKG,L200C,gnn_local_s2024
S669,-1.0,1.2032005786895752,1EKG,L203C,gnn_local_s2024
S669,2.6,0.5255563259124756,1EKG,S181F,gnn_local_s2024
S669,-4.0,0.7557172179222107,1FRD,H42R,gnn_local_s2024
S669,1.1,0.9119464755058289,1FXA,E94D,gnn_local_s2024
S669,0.4,0.5618029236793518,1FXA,E94K,gnn_local_s2024
S669,-0.6,0.7605606317520142,1FXA,E94Q,gnn_local_s2024
S669,-1.0,0.18033260107040405,1FXA,E95K,gnn_local_s2024
S669,1.0,1.6411957740783691,1FXA,F65A,gnn_local_s2024
S669,0.9,1.0769339799880981,1FXA,F65I,gnn_local_s2024
S669,0.6,1.3873904943466187,1FXA,F65W,gnn_local_s2024
S669,0.5,1.3411359786987305,1FXA,F65Y,gnn_local_s2024
S669,2.4,0.6718081831932068,1FXA,R42A,gnn_local_s2024
S669,1.4,0.6672716736793518,1FXA,R42H,gnn_local_s2024
S669,-0.1,1.1645396947860718,1FXA,T48A,gnn_local_s2024
S669,1.22,1.7447736263275146,1GLU,C500A,gnn_local_s2024
S669,1.963,1.6277058124542236,1GUA,A118G,gnn_local_s2024
S669,1.951,0.9707949757575989,1GUA,A118L,gnn_local_s2024
S669,2.149,1.4015332460403442,1GUA,A85G,gnn_local_s2024
S669,0.863,1.096650242805481,1GUA,A97G,gnn_local_s2024
S669,-0.283,1.3967444896697998,1GUA,C81A,gnn_local_s2024
S669,0.912,0.7934197187423706,1GUA,C81I,gnn_local_s2024
S669,0.08,0.7012650966644287,1GUA,C95A,gnn_local_s2024
S669,1.759,1.8019499778747559,1GUA,C96A,gnn_local_s2024
S669,0.043,1.153832197189331,1GUA,C96L,gnn_local_s2024
S669,0.337,1.329513669013977,1GUA,C96M,gnn_local_s2024
S669,0.706,0.12709102034568787,1GUA,D117A,gnn_local_s2024
S669,0.855,0.496063232421875,1GUA,D129A,gnn_local_s2024
S669,0.493,0.18077337741851807,1GUA,D80A,gnn_local_s2024
S669,-0.021,0.03473437577486038,1GUA,E104A,gnn_local_s2024
S669,0.101,0.4271962642669678,1GUA,E124A,gnn_local_s2024
S669,0.591,0.5586640238761902,1GUA,E125A,gnn_local_s2024
S669,3.274,2.605961799621582,1GUA,I58A,gnn_local_s2024
S669,1.2990000000000002,2.151568651199341,1GUA,I58F,gnn_local_s2024
S669,0.7709999999999999,1.9936761856079102,1GUA,I58L,gnn_local_s2024
S669,0.327,0.6029269099235535,1GUA,K109A,gnn_local_s2024
S669,2.593,1.2160135507583618,1GUA,L112A,gnn_local_s2024
S669,2.5340000000000003,1.6351689100265503,1GUA,L121A,gnn_local_s2024
S669,3.405,2.0417041778564453,1GUA,L126A,gnn_local_s2024
S669,3.46,2.0473451614379883,1GUA,L62A,gnn_local_s2024
S669,3.803,1.8352274894714355,1GUA,L78A,gnn_local_s2024
S669,3.529,2.3188021183013916,1GUA,L82A,gnn_local_s2024
S669,1.6,1.6416620016098022,1GUA,L82I,gnn_local_s2024
S669,1.7,1.934476375579834,1GUA,L82V,gnn_local_s2024
S669,3.2260000000000004,2.1368961334228516,1GUA,L86A,gnn_local_s2024
S669,1.575,1.8692775964736938,1GUA,L91A,gnn_local_s2024
S669,0.961,0.5578731298446655,1GUA,M76A,gnn_local_s2024
S669,-0.271,0.17940907180309296,1GUA,N56M,gnn_local_s2024
S669,1.14,0.2150724083185196,1GUA,N64A,gnn_local_s2024
S669,1.7080000000000002,0.6159961819648743,1GUA,P63A,gnn_local_s2024
S669,0.0819999999999999,0.4971877336502075,1GUA,P93A,gnn_local_s2024
S669,0.504,0.6966608762741089,1GUA,Q66A,gnn_local_s2024
S669,0.693,0.4651752710342407,1GUA,R100A,gnn_local_s2024
S669,-0.178,0.39073365926742554,1GUA,R59A,gnn_local_s2024
S669,-1.078,0.48264384269714355,1GUA,R89L,gnn_local_s2024
S669,1.5730000000000002,0.6497002243995667,1GUA,S77A,gnn_local_s2024
S669,-0.581,0.8277902007102966,1GUA,S77T,gnn_local_s2024
S669,0.109,0.7013342380523682,1GUA,T68A,gnn_local_s2024
S669,3.3680000000000003,2.3073952198028564,1GUA,V128A,gnn_local_s2024
S669,2.251,1.9997868537902832,1GUA,V60A,gnn_local_s2024
S669,1.116,1.402948021888733,1GUA,V69A,gnn_local_s2024
S669,1.77,1.8790040016174316,1GUA,V70A,gnn_local_s2024
S669,1.052,1.8131757974624634,1GUA,V72A,gnn_local_s2024
S669,0.8640000000000001,1.2461930513381958,1GUA,V72I,gnn_local_s2024
S669,1.981,1.7009313106536865,1GUA,V98A,gnn_local_s2024
S669,1.936,0.3414408564567566,1H0X,P18A,gnn_local_s2024
S669,2.5810000000000004,0.31227755546569824,1H0X,P62A,gnn_local_s2024
S669,2.09,1.6067732572555542,1HCQ,C67A,gnn_local_s2024
S669,1.99,1.71117103099823,1HCQ,C67S,gnn_local_s2024
S669,-0.4,1.3439866304397583,1IOJ,G15A,gnn_local_s2024
S669,-0.5,1.0740857124328613,1IV7,A173C,gnn_local_s2024
S669,2.5,1.8015789985656738,1IV7,F189C,gnn_local_s2024
S669,1.9,1.5896857976913452,1IV7,L162C,gnn_local_s2024
S669,-4.299,0.3085840344429016,1IV9,S76Y,gnn_local_s2024
S669,-0.1,0.47347375750541687,1J8I,K25A,gnn_local_s2024
S669,-0.1,0.567605197429657,1J8I,K66A,gnn_local_s2024
S669,-0.8,0.6359090805053711,1J8I,R23A,gnn_local_s2024
S669,0.1,1.0025911331176758,1J8I,R35A,gnn_local_s2024
S669,-0.7,0.644736647605896,1J8I,R43A,gnn_local_s2024
S669,0.1,0.411587655544281,1J8I,R9A,gnn_local_s2024
S669,1.44,0.07173769176006317,1JL9,A25C,gnn_local_s2024
S669,1.6969999999999998,2.2680282592773438,1L6H,F39A,gnn_local_s2024
S669,0.55,1.2869024276733398,1L6H,Y45A,gnn_local_s2024
S669,1.482,1.7441990375518799,1L6H,Y48A,gnn_local_s2024
S669,1.39,1.7962547540664673,1N88,F21A,gnn_local_s2024
S669,1.39,2.1946070194244385,1N88,I39A,gnn_local_s2024
S669,2.79,1.3289432525634766,1N88,I80A,gnn_local_s2024
S669,2.35,2.043715715408325,1N88,I89A,gnn_local_s2024
S669,1.52,2.0294110774993896,1N88,I8V,gnn_local_s2024
S669,1.52,1.3797032833099365,1N88,L13A,gnn_local_s2024
S669,1.11,0.8229719400405884,1N88,L57A,gnn_local_s2024
S669,1.94,1.6495442390441895,1N88,V12A,gnn_local_s2024
S669,2.84,1.915605068206787,1N88,V30A,gnn_local_s2024
S669,2.82,2.275594472885132,1N88,V43A,gnn_local_s2024
S669,2.83,1.438025712966919,1N88,V49A,gnn_local_s2024
S669,3.24,1.2970666885375977,1N88,V51A,gnn_local_s2024
S669,3.73,1.5273176431655884,1N88,V54A,gnn_local_s2024
S669,2.82,2.1922354698181152,1N88,V81A,gnn_local_s2024
S669,3.1,1.6354601383209229,1N88,V83A,gnn_local_s2024
S669,-0.06,0.8770230412483215,1N88,Y18A,gnn_local_s2024
S669,4.61,1.721256971359253,1N88,Y26A,gnn_local_s2024
S669,1.2,0.9870139360427856,1O6X,A31G,gnn_local_s2024
S669,1.4,1.26767897605896,1O6X,A50G,gnn_local_s2024
S669,-0.36,0.3119747042655945,1O6X,D38A,gnn_local_s2024
S669,0.3,0.21717804670333862,1O6X,E14A,gnn_local_s2024
S669,1.42,0.396300733089447,1O6X,E20G,gnn_local_s2024
S669,1.88,1.0642677545547485,1O6X,F39L,gnn_local_s2024
S669,0.98,1.224470853805542,1O6X,F65A,gnn_local_s2024
S669,0.61,0.5855252742767334,1O6X,H51A,gnn_local_s2024
S669,0.43,1.9011855125427246,1O6X,I15V,gnn_local_s2024
S669,-0.42,1.3943092823028564,1O6X,I23V,gnn_local_s2024
S669,1.31,1.3869729042053223,1O6X,I71V,gnn_local_s2024
S669,1.31,1.0788512229919434,1O6X,I75A,gnn_local_s2024
S669,1.98,0.5862807035446167,1O6X,K41A,gnn_local_s2024
S669,0.97,2.02998423576355,1O6X,L26V,gnn_local_s2024
S669,0.08,0.9550660848617554,1O6X,N58A,gnn_local_s2024
S669,0.49,0.5784688591957092,1O6X,Q60G,gnn_local_s2024
S669,1.1,1.2552638053894043,1O6X,V12A,gnn_local_s2024
S669,1.08,1.8646645545959473,1O6X,V52A,gnn_local_s2024
S669,1.1,1.2375462055206299,1O6X,V64G,gnn_local_s2024
S669,2.78,0.514843225479126,1O6X,Y73L,gnn_local_s2024
S669,0.13,1.4236842393875122,1R6R,I88N,gnn_local_s2024
S669,2.81,1.5979421138763428,1R6R,L50S,gnn_local_s2024
S669,0.24,1.525496244430542,1R6R,L54S,gnn_local_s2024
S669,6.84,1.6759936809539795,1R6R,L81N,gnn_local_s2024
S669,4.493,1.5505034923553467,2BJD,V84D,gnn_local_s2024
S669,4.517,1.460429310798645,2BJD,V84P,gnn_local_s2024
S669,2.103,0.8797269463539124,2BJD,Y86E,gnn_local_s2024
S669,0.012,2.161304473876953,2C9Q,Y79F,gnn_local_s2024
S669,1.233,2.28702449798584,2C9Q,Y79W,gnn_local_s2024
S669,-0.12,0.47129109501838684,2CLR,H13F,gnn_local_s2024
S669,-2.605,0.3692165017127991,2CLR,H31F,gnn_local_s2024
S669,1.912,0.522580087184906,2CLR,H51F,gnn_local_s2024
S669,2.629,1.36229407787323,2CLR,H84A,gnn_local_s2024
S669,-0.89,1.0424015522003174,2DVV,Q443H,gnn_local_s2024
S669,0.02,0.8180241584777832,2DVV,R419W,gnn_local_s2024
S669,0.32,0.5887038111686707,2HBB,A22G,gnn_local_s2024
S669,1.79,1.4443762302398682,2HBB,A26G,gnn_local_s2024
S669,1.55,1.4988882541656494,2HBB,A36G,gnn_local_s2024
S669,1.59,1.1053466796875,2HBB,A39G,gnn_local_s2024
S669,0.33,0.6051899194717407,2HBB,A42G,gnn_local_s2024
S669,0.55,0.9093097448348999,2HBB,A46G,gnn_local_s2024
S669,0.22,0.4158121943473816,2HBB,A49G,gnn_local_s2024
S669,0.03,-0.09737186133861542,2HBB,D23A,gnn_local_s2024
S669,0.79,0.012881483882665634,2HBB,D23N,gnn_local_s2024
S669,1.3,-0.17066678404808044,2HBB,D8A,gnn_local_s2024
S669,0.38,-0.011083267629146576,2HBB,D8N,gnn_local_s2024
S669,1.69,0.026972271502017975,2HBB,E17A,gnn_local_s2024
S669,0.33,0.15761107206344604,2HBB,E17Q,gnn_local_s2024
S669,0.41,0.6318261623382568,2HBB,E38A,gnn_local_s2024
S669,0.68,0.8441492319107056,2HBB,E38Q,gnn_local_s2024
S669,-0.07,0.0029957592487335205,2HBB,E48Q,gnn_local_s2024
S669,2.84,1.4334344863891602,2HBB,F31A,gnn_local_s2024
S669,1.15,0.9007983803749084,2HBB,F5L,gnn_local_s2024
S669,-0.02,0.07480394840240479,2HBB,G24A,gnn_local_s2024
S669,1.02,0.472633421421051,2HBB,G34A,gnn_local_s2024
S669,2.05,0.9709973335266113,2HBB,I18A,gnn_local_s2024
S669,0.07,0.4022708833217621,2HBB,I18V,gnn_local_s2024
S669,1.28,1.8715581893920898,2HBB,I37A,gnn_local_s2024
S669,-0.09,1.4600491523742676,2HBB,I37V,gnn_local_s2024
S669,0.59,1.3492933511734009,2HBB,I4V,gnn_local_s2024
S669,-0.13,0.10497230291366577,2HBB,K10E,gnn_local_s2024
S669,-0.47,-0.6403909921646118,2HBB,K10M,gnn_local_s2024
S669,-0.61,0.5114556550979614,2HBB,K12A,gnn_local_s2024
S669,-0.03,0.8877984285354614,2HBB,K12G,gnn_local_s2024
S669,-1.8,0.2990446090698242,2HBB,K12M,gnn_local_s2024
S669,0.73,0.00517340749502182,2HBB,K14A,gnn_local_s2024
S669,1.3,0.168964222073555,2HBB,K14G,gnn_local_s2024
S669,0.34,-0.21538148820400238,2HBB,K14M,gnn_local_s2024
S669,1.74,0.21121524274349213,2HBB,K15G,gnn_local_s2024
S669,0.44,-0.21065229177474976,2HBB,K15M,gnn_local_s2024
S669,-0.21,0.019113242626190186,2HBB,K7M,gnn_local_s2024
S669,2.76,1.828972578048706,2HBB,L30A,gnn_local_s2024
S669,1.21,1.3920748233795166,2HBB,L35A,gnn_local_s2024
S669,1.73,1.5499626398086548,2HBB,L44A,gnn_local_s2024
S669,0.84,1.4371907711029053,2HBB,L47A,gnn_local_s2024
S669,3.1,1.3836791515350342,2HBB,L6A,gnn_local_s2024
S669,1.46,0.8334954977035522,2HBB,M1A,gnn_local_s2024
S669,0.8,0.40168339014053345,2HBB,T40S,gnn_local_s2024
S669,2.33,1.4063258171081543,2HBB,V21A,gnn_local_s2024
S669,2.55,1.805671215057373,2HBB,V3A,gnn_local_s2024
S669,1.81,1.2026348114013672,2HBB,V9A,gnn_local_s2024
S669,2.54,1.4478089809417725,2JUC,C57D,gnn_local_s2024
S669,0.71,0.9425703287124634,2JUC,C57S,gnn_local_s2024
S669,1.75,0.5642867684364319,2JUC,R18A,gnn_local_s2024
S669,-1.2,0.32036033272743225,2KJ3,D288A,gnn_local_s2024
S669,-1.9,0.34946388006210327,2KJ3,E272A,gnn_local_s2024
S669,0.8,0.817110538482666,2KJ3,G278A,gnn_local_s2024
S669,-1.5,0.23446199297904968,2KJ3,K229A,gnn_local_s2024
S669,-1.0,1.8583307266235352,2KJ3,L241A,gnn_local_s2024
S669,-1.4,0.7014495134353638,2KJ3,S273A,gnn_local_s2024
S669,-1.0,1.9686307907104492,2KJ3,V239A,gnn_local_s2024
S669,-1.0,1.5245180130004883,2KJ3,V264A,gnn_local_s2024
S669,-0.2,2.0673601627349854,2KJ3,V267A,gnn_local_s2024
S669,0.24,1.0279897451400757,2MPC,A89T,gnn_local_s2024
S669,-0.62,0.06588362902402878,2MPC,R42A,gnn_local_s2024
S669,-2.08,-0.11749198287725449,2MPC,R42W,gnn_local_s2024
S669,0.6,0.541113555431366,2N7Z,P88A,gnn_local_s2024
S669,-0.44,1.570516586303711,2OUO,A420D,gnn_local_s2024
S669,2.43,1.6904911994934082,2PTL,A22G,gnn_local_s2024
S669,-0.1,0.6368608474731445,2PTL,A27P,gnn_local_s2024
S669,0.83,0.1689613312482834,2PTL,A27V,gnn_local_s2024
S669,2.17,1.3620065450668335,2PTL,A34G,gnn_local_s2024
S669,-1.47,0.7430919408798218,2PTL,A34V,gnn_local_s2024
S669,2.54,1.467079997062683,2PTL,A43G,gnn_local_s2024
S669,3.1,1.7654410600662231,2PTL,A47G,gnn_local_s2024
S669,1.32,0.9244593381881714,2PTL,A49G,gnn_local_s2024
S669,3.12,1.5760942697525024,2PTL,A51G,gnn_local_s2024
S669,0.49,0.5527893900871277,2PTL,A66G,gnn_local_s2024
S669,1.21,0.3887311816215515,2PTL,D52A,gnn_local_s2024
S669,2.14,0.453666090965271,2PTL,D52G,gnn_local_s2024
S669,0.2,-0.10605433583259583,2PTL,D64A,gnn_local_s2024
S669,0.59,0.1929357498884201,2PTL,E35A,gnn_local_s2024
S669,1.19,0.5615599751472473,2PTL,E46G,gnn_local_s2024
S669,1.08,0.06742201745510101,2PTL,E46I,gnn_local_s2024
S669,0.23,0.3495835065841675,2PTL,E60A,gnn_local_s2024
S669,3.12,1.5931367874145508,2PTL,F26A,gnn_local_s2024
S669,0.68,1.083986520767212,2PTL,F26L,gnn_local_s2024
S669,4.15,1.2152026891708374,2PTL,F36A,gnn_local_s2024
S669,3.12,0.7237163782119751,2PTL,F36L,gnn_local_s2024
S669,3.08,1.6557698249816895,2PTL,F40G,gnn_local_s2024
S669,0.38,0.8598431944847107,2PTL,F40L,gnn_local_s2024
S669,3.34,1.2671719789505005,2PTL,F76L,gnn_local_s2024
S669,3.73,1.3096394538879395,2PTL,F76V,gnn_local_s2024
S669,1.52,0.13437241315841675,2PTL,G29A,gnn_local_s2024
S669,2.53,-0.13357508182525635,2PTL,G29V,gnn_local_s2024
S669,2.08,0.6816083788871765,2PTL,G38A,gnn_local_s2024
S669,2.23,0.4794456362724304,2PTL,G59A,gnn_local_s2024
S669,2.04,0.4340328276157379,2PTL,G69A,gnn_local_s2024
S669,4.9,2.1906256675720215,2PTL,I20A,gnn_local_s2024
S669,0.56,1.7540044784545898,2PTL,I20V,gnn_local_s2024
S669,1.37,1.3026788234710693,2PTL,I25A,gnn_local_s2024
S669,0.47,0.8249425292015076,2PTL,I25V,gnn_local_s2024
S669,4.72,1.903886079788208,2PTL,I74A,gnn_local_s2024
S669,1.69,1.5123472213745117,2PTL,I74V,gnn_local_s2024
S669,0.92,1.0628572702407837,2PTL,K21A,gnn_local_s2024
S669,0.88,0.49572551250457764,2PTL,K37A,gnn_local_s2024
S669,-0.16,0.7254019975662231,2PTL,K42G,gnn_local_s2024
S669,-0.58,0.7602069973945618,2PTL,K55A,gnn_local_s2024
S669,-0.35,0.1655738800764084,2PTL,K56A,gnn_local_s2024
S669,0.09,0.4307308793067932,2PTL,K68A,gnn_local_s2024
S669,0.45,0.5383238196372986,2PTL,K75A,gnn_local_s2024
S669,3.12,2.0962018966674805,2PTL,L24A,gnn_local_s2024
S669,2.44,1.4694223403930664,2PTL,L54A,gnn_local_s2024
S669,3.77,1.7849273681640625,2PTL,L72A,gnn_local_s2024
S669,1.87,0.6763741970062256,2PTL,N23A,gnn_local_s2024
S669,1.78,0.26010042428970337,2PTL,N28A,gnn_local_s2024
S669,0.34,0.7036014199256897,2PTL,N58A,gnn_local_s2024
S669,1.73,0.5006799697875977,2PTL,N73A,gnn_local_s2024
S669,0.3,0.37739476561546326,2PTL,S30A,gnn_local_s2024
S669,-0.41,0.6421000361442566,2PTL,S45A,gnn_local_s2024
S669,0.82,0.8502025604248047,2PTL,S45G,gnn_local_s2024
S669,1.63,0.7927026748657227,2PTL,T19A,gnn_local_s2024
S669,1.17,0.3500000834465027,2PTL,T31A,gnn_local_s2024
S669,1.11,0.5605661869049072,2PTL,T33A,gnn_local_s2024
S669,1.25,0.5301923155784607,2PTL,T39A,gnn_local_s2024
S669,1.09,1.0198155641555786,2PTL,T44A,gnn_local_s2024
S669,0.17,0.5265166163444519,2PTL,T53G,gnn_local_s2024
S669,0.97,-0.24752384424209595,2PTL,T62A,gnn_local_s2024
S669,1.83,0.9980533123016357,2PTL,T71A,gnn_local_s2024
S669,1.22,1.496368646621704,2PTL,V18A,gnn_local_s2024
S669,0.92,0.7877516746520996,2PTL,V63A,gnn_local_s2024
S669,1.14,0.6617918014526367,2PTL,V65A,gnn_local_s2024
S669,2.82,1.1284189224243164,2PTL,Y48A,gnn_local_s2024
S669,2.46,1.3221603631973267,2PTL,Y50A,gnn_local_s2024
S669,1.66,1.403872013092041,2PTL,Y70A,gnn_local_s2024
S669,-0.43,0.7942999601364136,2PTL,Y70L,gnn_local_s2024
S669,-1.05,0.2894566059112549,2RPN,E7L,gnn_local_s2024
S669,-0.39,1.0111678838729858,2RPN,V21K,gnn_local_s2024
S669,-0.3,0.4754873514175415,2WQG,D15A,gnn_local_s2024
S669,-0.1,0.761346697807312,2WQG,D38A,gnn_local_s2024
S669,2.2,0.9440408945083618,2WQG,D39A,gnn_local_s2024
S669,2.6,1.1455903053283691,2WQG,D39N,gnn_local_s2024
S669,0.1,0.7859187126159668,2WQG,E40Q,gnn_local_s2024
S669,0.4,0.8997862339019775,2WQG,E41G,gnn_local_s2024
S669,0.9,1.450984001159668,2WQG,I36A,gnn_local_s2024
S669,0.3,0.9895997047424316,2WQG,I36V,gnn_local_s2024
S669,0.4,0.8338887691497803,2WQG,K14A,gnn_local_s2024
S669,1.9,1.1218605041503906,2WQG,K14G,gnn_local_s2024
S669,0.3,0.6010039448738098,2WQG,K19A,gnn_local_s2024
S669,0.6,1.1438361406326294,2WQG,K28A,gnn_local_s2024
S669,0.5,2.1011838912963867,2WQG,L13A,gnn_local_s2024
S669,1.3,1.600849986076355,2WQG,L16A,gnn_local_s2024
S669,2.0,1.5218608379364014,2WQG,L8A,gnn_local_s2024
S669,0.6,0.6728634238243103,2WQG,Q12A,gnn_local_s2024
S669,2.0,0.8823278546333313,2WQG,Q12G,gnn_local_s2024
S669,-0.1,0.8075743317604065,2WQG,Q33A,gnn_local_s2024
S669,0.8,1.1090389490127563,2WQG,R34A,gnn_local_s2024
S669,0.6,0.7706886529922485,2WQG,S23A,gnn_local_s2024
S669,-0.1,0.25193309783935547,2WQG,S6A,gnn_local_s2024
S669,0.2,0.5326293110847473,2WQG,S6G,gnn_local_s2024
S669,-0.1,0.8592876195907593,2WQG,T9S,gnn_local_s2024
S669,0.1,1.474133014678955,2WQG,V10A,gnn_local_s2024
S669,0.7,1.8755351305007935,2WQG,V10G,gnn_local_s2024
S669,-0.4,1.0487816333770752,2WQG,V11A,gnn_local_s2024
S669,-0.1,1.599395990371704,2WQG,V11G,gnn_local_s2024
S669,0.5,1.505049228668213,2WQG,V24A,gnn_local_s2024
S669,2.4,1.4069652557373047,2WQG,Y5F,gnn_local_s2024
S669,0.74,0.25543013215065,2ZTA,E11Q,gnn_local_s2024
S669,-0.2,0.44528526067733765,2ZTA,E20Q,gnn_local_s2024
S669,1.83,0.4389496147632599,2ZTA,E22Q,gnn_local_s2024
S669,0.41,0.5788540840148926,2ZTA,K15A,gnn_local_s2024
S669,0.91,0.3984502851963043,2ZTA,K27A,gnn_local_s2024
S669,0.06,0.23787936568260193,2ZTA,K28A,gnn_local_s2024
S669,0.39,0.5154545903205872,2ZTA,K8A,gnn_local_s2024
S669,1.66,0.368647038936615,2ZTA,R25A,gnn_local_s2024
S669,1.506,1.7170815467834473,3BN0,I20V,gnn_local_s2024
S669,-0.43,1.8921265602111816,3C2I,F155S,gnn_local_s2024
S669,-0.47,0.9719385504722595,3C2I,T158A,gnn_local_s2024
S669,-0.25,0.7587522268295288,3C2I,T158M,gnn_local_s2024
S669,0.5,0.20168882608413696,3FIS,P61A,gnn_local_s2024
S669,-0.34,-0.5326493978500366,3G1G,D155Y,gnn_local_s2024
S669,0.74,1.7418336868286133,3G1G,F167Y,gnn_local_s2024
S669,0.17,1.6815102100372314,3G1G,I190V,gnn_local_s2024
S669,-1.32,0.4810938835144043,3G1G,R185W,gnn_local_s2024
S669,3.35,0.43129104375839233,3K82,E334L,gnn_local_s2024
S669,1.68,0.9833860397338867,3K82,E334Q,gnn_local_s2024
S669,-5.49,0.2906113862991333,3K82,E401R,gnn_local_s2024
S669,-1.194,0.1921665072441101,3MON,R39G,gnn_local_s2024
S669,2.866,-0.12331616878509521,3MON,W3C,gnn_local_s2024
S669,3.25,1.540865182876587,3O39,L32P,gnn_local_s2024
S669,-2.03,1.1979954242706299,3S92,H395R,gnn_local_s2024
S669,-0.574,-0.21499136090278625,4N6V,H75W,gnn_local_s2024
S669,1.362,0.4855257272720337,4N6V,P36G,gnn_local_s2024
S669,-1.745,0.1423545479774475,4N6V,P79S,gnn_local_s2024
S669,0.71,1.3828474283218384,4YEE,V134T,gnn_local_s2024
S669,0.93,0.23326295614242554,4YEF,T134V,gnn_local_s2024
S669,1.44,0.34871965646743774,5JXB,D329G,gnn_local_s2024
S669,1.44,0.37629446387290955,5JXB,D329P,gnn_local_s2024
S669,1.8,1.0468851327896118,1A0F,S11A,gnn_local_s2024
S669,2.69,0.4832074046134949,1A7V,A104H,gnn_local_s2024
S669,1.98,0.41351085901260376,1A7V,A66H,gnn_local_s2024
S669,1.7,1.0604459047317505,1A7V,A91H,gnn_local_s2024
S669,1.36,0.2038174867630005,1A7V,D3H,gnn_local_s2024
S669,2.05,0.23075498640537262,1A7V,D58H,gnn_local_s2024
S669,3.01,0.34713947772979736,1A7V,E73H,gnn_local_s2024
S669,0.6,0.30701911449432373,1A7V,K13H,gnn_local_s2024
S669,2.88,0.5404492616653442,1A7V,K20H,gnn_local_s2024
S669,1.36,0.3041490912437439,1A7V,K31H,gnn_local_s2024
S669,1.86,0.03130015730857849,1A7V,K39H,gnn_local_s2024
S669,2.02,0.28572365641593933,1A7V,K49H,gnn_local_s2024
S669,2.88,0.5510575771331787,1A7V,K84H,gnn_local_s2024
S669,1.97,0.5832803845405579,1A7V,K97H,gnn_local_s2024
S669,0.821,0.3835534155368805,1BNL,D76A,gnn_local_s2024
S669,0.46,0.018733873963356018,1DIV,D23A,gnn_local_s2024
S669,0.58,0.16978192329406738,1DIV,D23N,gnn_local_s2024
S669,0.3,0.18605363368988037,1DIV,D8N,gnn_local_s2024
S669,0.98,0.013195693492889404,1DIV,E100A,gnn_local_s2024
S669,1.52,0.20831772685050964,1DIV,E100G,gnn_local_s2024
S669,0.21,0.26265254616737366,1DIV,E17Q,gnn_local_s2024
S669,0.56,0.7420006394386292,1DIV,E38Q,gnn_local_s2024
S669,-0.03,0.34472906589508057,1DIV,E48Q,gnn_local_s2024
S669,-0.33,-0.08143533021211624,1DIV,E54Q,gnn_local_s2024
S669,1.53,0.8710576295852661,1DIV,H106Q,gnn_local_s2024
S669,3.52,1.1347458362579346,1DIV,I115A,gnn_local_s2024
S669,2.22,1.8607587814331055,1DIV,I4A,gnn_local_s2024
S669,0.59,1.3764009475708008,1DIV,I4V,gnn_local_s2024
S669,3.49,1.7245292663574219,1DIV,I79A,gnn_local_s2024
S669,3.19,1.7251629829406738,1DIV,I93A,gnn_local_s2024
S669,4.28,1.9020954370498657,1DIV,I98A,gnn_local_s2024
S669,-0.05,-0.12296687811613083,1DIV,K10M,gnn_local_s2024
S669,-0.01,-0.10844829678535461,1DIV,K14M,gnn_local_s2024
S669,0.31,0.036751195788383484,1DIV,K15M,gnn_local_s2024
S669,-0.35,-0.14398303627967834,1DIV,K7M,gnn_local_s2024
S669,-0.61,0.13851986825466156,1DIV,K96A,gnn_local_s2024
S669,0.2,0.3132461905479431,1DIV,K96G,gnn_local_s2024
S669,2.37,1.800292730331421,1DIV,L102A,gnn_local_s2024
S669,2.33,1.1253063678741455,1DIV,L108A,gnn_local_s2024
S669,3.21,0.8784619569778442,1DIV,L110A,gnn_local_s2024
S669,0.82,0.9134101867675781,1DIV,L117A,gnn_local_s2024
S669,2.76,1.7829105854034424,1DIV,L30A,gnn_local_s2024
S669,3.62,1.2609779834747314,1DIV,L30V,gnn_local_s2024
S669,3.1,1.0190997123718262,1DIV,L6A,gnn_local_s2024
S669,0.13,0.39048296213150024,1DIV,L6I,gnn_local_s2024
S669,0.41,0.47588086128234863,1DIV,L6V,gnn_local_s2024
S669,3.77,1.1829240322113037,1DIV,L72A,gnn_local_s2024
S669,1.46,1.2064934968948364,1DIV,M1A,gnn_local_s2024
S669,2.36,1.6264140605926514,1DIV,M1G,gnn_local_s2024
S669,2.33,1.546736240386963,1DIV,V21A,gnn_local_s2024
S669,0.4,0.8245828151702881,1DIV,V21I,gnn_local_s2024
S669,1.23,0.940701961517334,1DIV,V21L,gnn_local_s2024
S669,2.55,1.910879135131836,1DIV,V3A,gnn_local_s2024
S669,0.31,1.1537994146347046,1DIV,V3I,gnn_local_s2024
S669,2.21,1.2458887100219727,1DIV,V3L,gnn_local_s2024
S669,3.7,0.49677354097366333,1DXX,K18N,gnn_local_s2024
S669,-0.6,1.2912333011627197,1FH5,S18N,gnn_local_s2024
S669,1.38,1.3381596803665161,1FT8,L212V,gnn_local_s2024
S669,0.35,0.5797930359840393,1FT8,L238I,gnn_local_s2024
S669,-0.27,0.685836136341095,1FT8,M216L,gnn_local_s2024
S669,1.6,1.3371566534042358,1GWY,A8D,gnn_local_s2024
S669,3.3,1.3733737468719482,1ITM,C24T,gnn_local_s2024
S669,5.0,0.12334008514881134,1ITM,C3T,gnn_local_s2024
S669,-1.4,0.5938226580619812,1ITM,W91S,gnn_local_s2024
S669,1.162,0.39388343691825867,1JLV,E64D,gnn_local_s2024
S669,2.3040000000000003,0.3101084530353546,1JLV,E64N,gnn_local_s2024
S669,2.302,0.25891783833503723,1JLV,E64Q,gnn_local_s2024
S669,-1.4,0.7813757658004761,1LVM,E106G,gnn_local_s2024
S669,-0.43,0.35729241371154785,1LVM,K45F,gnn_local_s2024
S669,-0.0,0.6600963473320007,1LVM,L56V,gnn_local_s2024
S669,-0.6,-0.0834270566701889,1LVM,Q58F,gnn_local_s2024
S669,2.5,0.4340585470199585,1N18,E100G,gnn_local_s2024
S669,1.4,0.9547224640846252,1N18,G85R,gnn_local_s2024
S669,-1.4,0.8949054479598999,1N18,H46R,gnn_local_s2024
S669,3.3,0.49155229330062866,1O1U,E110A,gnn_local_s2024
S669,1.2,0.5688568949699402,1O1U,N61A,gnn_local_s2024
S669,0.3,0.45637476444244385,1O1U,Q51A,gnn_local_s2024
S669,-0.3,0.8529907464981079,1O1U,Q99A,gnn_local_s2024
S669,1.2,0.7991912961006165,1O1U,T38A,gnn_local_s2024
S669,1.2,1.3628954887390137,1O1U,W49Y,gnn_local_s2024
S669,0.05,0.6503583788871765,1OSI,I11V,gnn_local_s2024
S669,-0.39,0.6563587784767151,1OSI,S92F,gnn_local_s2024
S669,0.78,0.6037004590034485,1OSI,V15I,gnn_local_s2024
S669,1.53,2.6035521030426025,1PFL,A20T,gnn_local_s2024
S669,1.96,0.3938954472541809,1PFL,G117V,gnn_local_s2024
S669,3.53,2.0756139755249023,1PFL,M113T,gnn_local_s2024
S669,-0.07,0.7226213216781616,1PFL,T108M,gnn_local_s2024
S669,0.3,0.6726306080818176,1PRG,Q286P,gnn_local_s2024
S669,-0.06,0.5436910390853882,1PRG,R288H,gnn_local_s2024
S669,-0.03,0.9498215317726135,1PRG,V290M,gnn_local_s2024
S669,-0.8,1.1462762355804443,1SPD,C111S,gnn_local_s2024
S669,-0.1,1.4860272407531738,1SPD,C6A,gnn_local_s2024
S669,2.9,0.7532929182052612,1XWS,E124Q,gnn_local_s2024
S669,4.59,0.4778718650341034,1XWS,E135K,gnn_local_s2024
S669,3.22,0.5666918158531189,1XWS,E142D,gnn_local_s2024
S669,3.3,0.8182044625282288,1XWS,Y53H,gnn_local_s2024
S669,0.86,0.6860362887382507,1XXN,N32D,gnn_local_s2024
S669,0.645,0.6585608720779419,1XXN,N54E,gnn_local_s2024
S669,-0.239,0.7758937478065491,1XXN,S22E,gnn_local_s2024
S669,0.645,1.2128422260284424,1XXN,S27E,gnn_local_s2024
S669,-2.87,0.797397255897522,1XZO,F42W,gnn_local_s2024
S669,2.89,1.2296429872512817,1XZO,W101F,gnn_local_s2024
S669,8.93,1.2538400888442993,1XZO,W36A,gnn_local_s2024
S669,4.25,0.7532387971878052,1XZO,W36F,gnn_local_s2024
S669,0.7170000000000001,1.4679877758026123,2ARF,H1069Q,gnn_local_s2024
S669,-1.07,0.36296096444129944,2H3F,E12A,gnn_local_s2024
S669,-1.536,0.3820154666900635,2JIE,H104R,gnn_local_s2024
S669,0.209,-0.09174158424139023,2JIE,Q22S,gnn_local_s2024
S669,1.246,0.3221256732940674,2JIE,S17A,gnn_local_s2024
S669,-0.951,0.3076721429824829,2JIE,S19A,gnn_local_s2024
S669,0.994,0.22942793369293213,2JIE,T18A,gnn_local_s2024
S669,-2.19,-0.08558841794729233,2JIE,W123F,gnn_local_s2024
S669,-1.06,0.1432947963476181,2JIE,W123H,gnn_local_s2024
S669,3.443,1.0927414894104004,2JIE,Y21A,gnn_local_s2024
S669,-1.26,0.5054139494895935,2KS4,D9A,gnn_local_s2024
S669,0.23,0.5498051643371582,2KS4,E2A,gnn_local_s2024
S669,1.57,1.8640044927597046,2LTB,L558P,gnn_local_s2024
S669,3.11,1.949629306793213,2LTB,L569R,gnn_local_s2024
S669,3.34,0.571923553943634,2LTB,M619K,gnn_local_s2024
S669,1.1,0.6414628028869629,2LTB,R533Q,gnn_local_s2024
S669,0.36,1.048952579498291,2LTB,R555Q,gnn_local_s2024
S669,-1.79,0.5336079001426697,2LTB,R555W,gnn_local_s2024
S669,4.0,0.28592339158058167,2M5S,D302A,gnn_local_s2024
S669,2.0,1.3449428081512451,2M5S,H305A,gnn_local_s2024
S669,2.3,0.6180324554443359,2NTE,R658C,gnn_local_s2024
S669,-0.5,0.004575550556182861,2PR5,A33Y,gnn_local_s2024
S669,0.4,0.9211989641189575,2PR5,A81M,gnn_local_s2024
S669,-0.3,0.8046411871910095,2PR5,D109E,gnn_local_s2024
S669,-0.3,-0.21503083407878876,2PR5,H22K,gnn_local_s2024
S669,-1.2,-0.27498793601989746,2PR5,H22W,gnn_local_s2024
S669,-2.9,0.5898793935775757,2PR5,M111F,gnn_local_s2024
S669,-0.9,0.23440372943878174,2PR5,N107F,gnn_local_s2024
S669,-0.8,0.2695416510105133,2PR5,N107Y,gnn_local_s2024
S669,-1.1,0.3103245794773102,2PR5,N124F,gnn_local_s2024
S669,-2.6,0.40887945890426636,2PR5,N124Y,gnn_local_s2024
S669,-0.5,1.1718409061431885,2PR5,T30M,gnn_local_s2024
S669,0.5,0.8953835964202881,2PR5,T50M,gnn_local_s2024
S669,-0.2,0.5689816474914551,2PR5,T54Y,gnn_local_s2024
S669,-1.4,0.4390065670013428,2PR5,V120I,gnn_local_s2024
S669,-0.4,0.8365046381950378,2PR5,V25I,gnn_local_s2024
S669,0.2,1.2312806844711304,2PR5,V88L,gnn_local_s2024
S669,0.7,0.7657811641693115,2PR5,V90I,gnn_local_s2024
S669,6.597,0.2501140236854553,2VY0,E53A,gnn_local_s2024
S669,-1.369,0.7179113626480103,3BCI,E96Q,gnn_local_s2024
S669,0.65,0.16979603469371796,3D3B,D118A,gnn_local_s2024
S669,0.6,0.4340171217918396,3D3B,D118E,gnn_local_s2024
S669,1.6,0.17742818593978882,3D3B,D118K,gnn_local_s2024
S669,1.34,0.21257512271404266,3D3B,D118N,gnn_local_s2024
S669,1.41,0.1500752717256546,3D3B,D118R,gnn_local_s2024
S669,-0.8,0.7989850044250488,3ECU,H46R,gnn_local_s2024
S669,1.3,0.4612698256969452,3S4M,D122Y,gnn_local_s2024
S669,2.5,0.46501100063323975,3S4M,G130V,gnn_local_s2024
S669,-0.096,1.056413173675537,3S4M,I154F,gnn_local_s2024
S669,0.693,0.5984639525413513,3S4M,W155R,gnn_local_s2024
S669,-0.99,0.6981984376907349,4BJX,A89V,gnn_local_s2024
S669,1.435,1.0998231172561646,4BUQ,Y48A,gnn_local_s2024
S669,-0.1,0.7433716058731079,4WAA,K65A,gnn_local_s2024
S669,2.07,0.7011277675628662,4WAA,K67A,gnn_local_s2024
S669,0.44,0.490395724773407,4WAA,R27A,gnn_local_s2024
S669,-0.413,0.4120750427246094,5VP3,R39K,gnn_local_s2024
S669,1.745,0.7482155561447144,1BA3,H461D,gnn_local_s2024
S669,-0.287,0.37910670042037964,1BA3,H489D,gnn_local_s2024
S669,0.287,-0.016609206795692444,1BA3,H489K,gnn_local_s2024
S669,0.263,-0.37332063913345337,1BA3,H489M,gnn_local_s2024
S669,1.81,0.622949481010437,1DIV,V129A,gnn_local_s2024
S669,0.455,1.216711401939392,1F8I,F345A,gnn_local_s2024
S669,-0.05,0.6085799336433411,1FT8,L349I,gnn_local_s2024
S669,-0.0,0.4155849814414978,1LVM,S135G,gnn_local_s2024
S669,0.88,0.5851349830627441,1NM1,D187N,gnn_local_s2024
S669,1.9,0.3679177165031433,1NM1,D187Y,gnn_local_s2024
S669,2.4,0.9828755855560303,1PRE,C159S,gnn_local_s2024
S669,4.2,0.9505703449249268,1R2Y,R244E,gnn_local_s2024
S669,-0.358,0.517314612865448,1XXN,N181R,gnn_local_s2024
S669,-3.02,0.9572044610977173,3D2A,M134E,gnn_local_s2024
S669,-3.34,0.5511061549186707,3D2A,M137P,gnn_local_s2024
S669,-2.11,0.33434873819351196,3D2A,S163P,gnn_local_s2024
S669,2.99,0.1898004412651062,5OAQ,Y429H,gnn_local_s2024
S669,0.7,0.7686703205108643,1BFM,M35W,gnn_local_blosum_s2024
S669,0.4,0.6453961133956909,1BFM,M35Y,gnn_local_blosum_s2024
S669,0.04,0.6856119632720947,1D5G,H71Y,gnn_local_blosum_s2024
S669,-0.91,1.6727203130722046,1D5G,I20F,gnn_local_blosum_s2024
S669,1.0,1.5227186679840088,1EKG,L198C,gnn_local_blosum_s2024
S669,2.0,1.5373680591583252,1EKG,L200C,gnn_local_blosum_s2024
S669,-1.0,1.1538604497909546,1EKG,L203C,gnn_local_blosum_s2024
S669,2.6,0.38719069957733154,1EKG,S181F,gnn_local_blosum_s2024
S669,-4.0,0.8876339197158813,1FRD,H42R,gnn_local_blosum_s2024
S669,1.1,1.1801320314407349,1FXA,E94D,gnn_local_blosum_s2024
S669,0.4,0.788547158241272,1FXA,E94K,gnn_local_blosum_s2024
S669,-0.6,1.057050347328186,1FXA,E94Q,gnn_local_blosum_s2024
S669,-1.0,0.06103925406932831,1FXA,E95K,gnn_local_blosum_s2024
S669,1.0,1.7862584590911865,1FXA,F65A,gnn_local_blosum_s2024
S669,0.9,1.2165647745132446,1FXA,F65I,gnn_local_blosum_s2024
S669,0.6,1.5805116891860962,1FXA,F65W,gnn_local_blosum_s2024
S669,0.5,1.5134685039520264,1FXA,F65Y,gnn_local_blosum_s2024
S669,2.4,0.5929840803146362,1FXA,R42A,gnn_local_blosum_s2024
S669,1.4,0.5488868951797485,1FXA,R42H,gnn_local_blosum_s2024
S669,-0.1,1.2347928285598755,1FXA,T48A,gnn_local_blosum_s2024
S669,1.22,1.8667672872543335,1GLU,C500A,gnn_local_blosum_s2024
S669,1.963,1.8326036930084229,1GUA,A118G,gnn_local_blosum_s2024
S669,1.951,1.1761795282363892,1GUA,A118L,gnn_local_blosum_s2024
S669,2.149,1.4028337001800537,1GUA,A85G,gnn_local_blosum_s2024
S669,0.863,1.3022171258926392,1GUA,A97G,gnn_local_blosum_s2024
S669,-0.283,1.4746612310409546,1GUA,C81A,gnn_local_blosum_s2024
S669,0.912,0.9354201555252075,1GUA,C81I,gnn_local_blosum_s2024
S669,0.08,0.9240878820419312,1GUA,C95A,gnn_local_blosum_s2024
S669,1.759,1.8235479593276978,1GUA,C96A,gnn_local_blosum_s2024
S669,0.043,1.2950085401535034,1GUA,C96L,gnn_local_blosum_s2024
S669,0.337,1.3764089345932007,1GUA,C96M,gnn_local_blosum_s2024
S669,0.706,0.20983049273490906,1GUA,D117A,gnn_local_blosum_s2024
S669,0.855,0.5932461023330688,1GUA,D129A,gnn_local_blosum_s2024
S669,0.493,0.22404205799102783,1GUA,D80A,gnn_local_blosum_s2024
S669,-0.021,0.37456223368644714,1GUA,E104A,gnn_local_blosum_s2024
S669,0.101,0.5470982789993286,1GUA,E124A,gnn_local_blosum_s2024
S669,0.591,0.8044255971908569,1GUA,E125A,gnn_local_blosum_s2024
S669,3.274,2.8319778442382812,1GUA,I58A,gnn_local_blosum_s2024
S669,1.2990000000000002,2.3981409072875977,1GUA,I58F,gnn_local_blosum_s2024
S669,0.7709999999999999,2.2170510292053223,1GUA,I58L,gnn_local_blosum_s2024
S669,0.327,0.6939321756362915,1GUA,K109A,gnn_local_blosum_s2024
S669,2.593,1.463453769683838,1GUA,L112A,gnn_local_blosum_s2024
S669,2.5340000000000003,1.8545297384262085,1GUA,L121A,gnn_local_blosum_s2024
S669,3.405,2.095254898071289,1GUA,L126A,gnn_local_blosum_s2024
S669,3.46,2.057654857635498,1GUA,L62A,gnn_local_blosum_s2024
S669,3.803,1.9339162111282349,1GUA,L78A,gnn_local_blosum_s2024
S669,3.529,2.3761141300201416,1GUA,L82A,gnn_local_blosum_s2024
S669,1.6,1.7180545330047607,1GUA,L82I,gnn_local_blosum_s2024
S669,1.7,2.034583568572998,1GUA,L82V,gnn_local_blosum_s2024
S669,3.2260000000000004,2.114556312561035,1GUA,L86A,gnn_local_blosum_s2024
S669,1.575,1.755737066268921,1GUA,L91A,gnn_local_blosum_s2024
S669,0.961,0.8221886157989502,1GUA,M76A,gnn_local_blosum_s2024
S669,-0.271,0.1730005443096161,1GUA,N56M,gnn_local_blosum_s2024
S669,1.14,0.07531990110874176,1GUA,N64A,gnn_local_blosum_s2024
S669,1.7080000000000002,0.9034470319747925,1GUA,P63A,gnn_local_blosum_s2024
S669,0.0819999999999999,0.676834225654602,1GUA,P93A,gnn_local_blosum_s2024
S669,0.504,0.6916186809539795,1GUA,Q66A,gnn_local_blosum_s2024
S669,0.693,0.6059598922729492,1GUA,R100A,gnn_local_blosum_s2024
S669,-0.178,0.5825415849685669,1GUA,R59A,gnn_local_blosum_s2024
S669,-1.078,0.4435952603816986,1GUA,R89L,gnn_local_blosum_s2024
S669,1.5730000000000002,0.8343061208724976,1GUA,S77A,gnn_local_blosum_s2024
S669,-0.581,0.9747763872146606,1GUA,S77T,gnn_local_blosum_s2024
S669,0.109,0.9716428518295288,1GUA,T68A,gnn_local_blosum_s2024
S669,3.3680000000000003,2.269862651824951,1GUA,V128A,gnn_local_blosum_s2024
S669,2.251,2.0684471130371094,1GUA,V60A,gnn_local_blosum_s2024
S669,1.116,1.6397894620895386,1GUA,V69A,gnn_local_blosum_s2024
S669,1.77,2.08298397064209,1GUA,V70A,gnn_local_blosum_s2024
S669,1.052,1.8679484128952026,1GUA,V72A,gnn_local_blosum_s2024
S669,0.8640000000000001,1.2862812280654907,1GUA,V72I,gnn_local_blosum_s2024
S669,1.981,1.8077090978622437,1GUA,V98A,gnn_local_blosum_s2024
S669,1.936,0.3288019299507141,1H0X,P18A,gnn_local_blosum_s2024
S669,2.5810000000000004,0.48306259512901306,1H0X,P62A,gnn_local_blosum_s2024
S669,2.09,1.7828465700149536,1HCQ,C67A,gnn_local_blosum_s2024
S669,1.99,1.9223021268844604,1HCQ,C67S,gnn_local_blosum_s2024
S669,-0.4,1.6378508806228638,1IOJ,G15A,gnn_local_blosum_s2024
S669,-0.5,1.068570613861084,1IV7,A173C,gnn_local_blosum_s2024
S669,2.5,1.7752885818481445,1IV7,F189C,gnn_local_blosum_s2024
S669,1.9,1.6571199893951416,1IV7,L162C,gnn_local_blosum_s2024
S669,-4.299,0.39763715863227844,1IV9,S76Y,gnn_local_blosum_s2024
S669,-0.1,0.4649381935596466,1J8I,K25A,gnn_local_blosum_s2024
S669,-0.1,0.4718148410320282,1J8I,K66A,gnn_local_blosum_s2024
S669,-0.8,0.47948727011680603,1J8I,R23A,gnn_local_blosum_s2024
S669,0.1,0.9195245504379272,1J8I,R35A,gnn_local_blosum_s2024
S669,-0.7,0.6340925693511963,1J8I,R43A,gnn_local_blosum_s2024
S669,0.1,0.31847789883613586,1J8I,R9A,gnn_local_blosum_s2024
S669,1.44,0.25987714529037476,1JL9,A25C,gnn_local_blosum_s2024
S669,1.6969999999999998,2.0081849098205566,1L6H,F39A,gnn_local_blosum_s2024
S669,0.55,1.0741605758666992,1L6H,Y45A,gnn_local_blosum_s2024
S669,1.482,1.7009861469268799,1L6H,Y48A,gnn_local_blosum_s2024
S669,1.39,1.9132918119430542,1N88,F21A,gnn_local_blosum_s2024
S669,1.39,2.430649518966675,1N88,I39A,gnn_local_blosum_s2024
S669,2.79,1.4019155502319336,1N88,I80A,gnn_local_blosum_s2024
S669,2.35,2.0296471118927,1N88,I89A,gnn_local_blosum_s2024
S669,1.52,2.154545783996582,1N88,I8V,gnn_local_blosum_s2024
S669,1.52,1.4495185613632202,1N88,L13A,gnn_local_blosum_s2024
S669,1.11,0.8665467500686646,1N88,L57A,gnn_local_blosum_s2024
S669,1.94,1.647225022315979,1N88,V12A,gnn_local_blosum_s2024
S669,2.84,1.9476181268692017,1N88,V30A,gnn_local_blosum_s2024
S669,2.82,2.4570224285125732,1N88,V43A,gnn_local_blosum_s2024
S669,2.83,1.599953293800354,1N88,V49A,gnn_local_blosum_s2024
S669,3.24,1.5411134958267212,1N88,V51A,gnn_local_blosum_s2024
S669,3.73,1.7491645812988281,1N88,V54A,gnn_local_blosum_s2024
S669,2.82,2.334047317504883,1N88,V81A,gnn_local_blosum_s2024
S669,3.1,1.5413776636123657,1N88,V83A,gnn_local_blosum_s2024
S669,-0.06,1.0780680179595947,1N88,Y18A,gnn_local_blosum_s2024
S669,4.61,1.8379751443862915,1N88,Y26A,gnn_local_blosum_s2024
S669,1.2,0.9984488487243652,1O6X,A31G,gnn_local_blosum_s2024
S669,1.4,1.3390750885009766,1O6X,A50G,gnn_local_blosum_s2024
S669,-0.36,0.3420692980289459,1O6X,D38A,gnn_local_blosum_s2024
S669,0.3,-0.01527675986289978,1O6X,E14A,gnn_local_blosum_s2024
S669,1.42,0.42114129662513733,1O6X,E20G,gnn_local_blosum_s2024
S669,1.88,0.9680780172348022,1O6X,F39L,gnn_local_blosum_s2024
S669,0.98,1.2632797956466675,1O6X,F65A,gnn_local_blosum_s2024
S669,0.61,0.46056053042411804,1O6X,H51A,gnn_local_blosum_s2024
S669,0.43,1.908772349357605,1O6X,I15V,gnn_local_blosum_s2024
S669,-0.42,1.2917715311050415,1O6X,I23V,gnn_local_blosum_s2024
S669,1.31,1.4191951751708984,1O6X,I71V,gnn_local_blosum_s2024
S669,1.31,1.0512580871582031,1O6X,I75A,gnn_local_blosum_s2024
S669,1.98,0.40626126527786255,1O6X,K41A,gnn_local_blosum_s2024
S669,0.97,1.9627734422683716,1O6X,L26V,gnn_local_blosum_s2024
S669,0.08,0.8785545825958252,1O6X,N58A,gnn_local_blosum_s2024
S669,0.49,0.49868348240852356,1O6X,Q60G,gnn_local_blosum_s2024
S669,1.1,1.2915797233581543,1O6X,V12A,gnn_local_blosum_s2024
S669,1.08,1.8698155879974365,1O6X,V52A,gnn_local_blosum_s2024
S669,1.1,1.1558642387390137,1O6X,V64G,gnn_local_blosum_s2024
S669,2.78,0.5316579341888428,1O6X,Y73L,gnn_local_blosum_s2024
S669,0.13,1.541391134262085,1R6R,I88N,gnn_local_blosum_s2024
S669,2.81,1.6298153400421143,1R6R,L50S,gnn_local_blosum_s2024
S669,0.24,1.9955388307571411,1R6R,L54S,gnn_local_blosum_s2024
S669,6.84,1.6473569869995117,1R6R,L81N,gnn_local_blosum_s2024
S669,4.493,1.406862735748291,2BJD,V84D,gnn_local_blosum_s2024
S669,4.517,1.270735740661621,2BJD,V84P,gnn_local_blosum_s2024
S669,2.103,0.9396435022354126,2BJD,Y86E,gnn_local_blosum_s2024
S669,0.012,2.0283660888671875,2C9Q,Y79F,gnn_local_blosum_s2024
S669,1.233,2.0895514488220215,2C9Q,Y79W,gnn_local_blosum_s2024
S669,-0.12,0.37837037444114685,2CLR,H13F,gnn_local_blosum_s2024
S669,-2.605,0.5132910013198853,2CLR,H31F,gnn_local_blosum_s2024
S669,1.912,0.49968966841697693,2CLR,H51F,gnn_local_blosum_s2024
S669,2.629,1.2514315843582153,2CLR,H84A,gnn_local_blosum_s2024
S669,-0.89,1.1027752161026,2DVV,Q443H,gnn_local_blosum_s2024
S669,0.02,0.8108117580413818,2DVV,R419W,gnn_local_blosum_s2024
S669,0.32,0.5533804893493652,2HBB,A22G,gnn_local_blosum_s2024
S669,1.79,1.4839855432510376,2HBB,A26G,gnn_local_blosum_s2024
S669,1.55,1.4933072328567505,2HBB,A36G,gnn_local_blosum_s2024
S669,1.59,1.458897590637207,2HBB,A39G,gnn_local_blosum_s2024
S669,0.33,0.5239512920379639,2HBB,A42G,gnn_local_blosum_s2024
S669,0.55,0.9875974655151367,2HBB,A46G,gnn_local_blosum_s2024
S669,0.22,0.5257465839385986,2HBB,A49G,gnn_local_blosum_s2024
S669,0.03,-0.134042888879776,2HBB,D23A,gnn_local_blosum_s2024
S669,0.79,-0.07929232716560364,2HBB,D23N,gnn_local_blosum_s2024
S669,1.3,-0.20992040634155273,2HBB,D8A,gnn_local_blosum_s2024
S669,0.38,-0.030873239040374756,2HBB,D8N,gnn_local_blosum_s2024
S669,1.69,0.02738894522190094,2HBB,E17A,gnn_local_blosum_s2024
S669,0.33,-0.0027603507041931152,2HBB,E17Q,gnn_local_blosum_s2024
S669,0.41,0.6990371942520142,2HBB,E38A,gnn_local_blosum_s2024
S669,0.68,0.9654920101165771,2HBB,E38Q,gnn_local_blosum_s2024
S669,-0.07,0.2764907479286194,2HBB,E48Q,gnn_local_blosum_s2024
S669,2.84,1.4964309930801392,2HBB,F31A,gnn_local_blosum_s2024
S669,1.15,0.9932025671005249,2HBB,F5L,gnn_local_blosum_s2024
S669,-0.02,0.39657464623451233,2HBB,G24A,gnn_local_blosum_s2024
S669,1.02,0.6265014410018921,2HBB,G34A,gnn_local_blosum_s2024
S669,2.05,1.164833664894104,2HBB,I18A,gnn_local_blosum_s2024
S669,0.07,0.7216744422912598,2HBB,I18V,gnn_local_blosum_s2024
S669,1.28,1.9297198057174683,2HBB,I37A,gnn_local_blosum_s2024
S669,-0.09,1.5562876462936401,2HBB,I37V,gnn_local_blosum_s2024
S669,0.59,1.539322018623352,2HBB,I4V,gnn_local_blosum_s2024
S669,-0.13,0.22100737690925598,2HBB,K10E,gnn_local_blosum_s2024
S669,-0.47,-0.6110306978225708,2HBB,K10M,gnn_local_blosum_s2024
S669,-0.61,0.6354931592941284,2HBB,K12A,gnn_local_blosum_s2024
S669,-0.03,0.8256746530532837,2HBB,K12G,gnn_local_blosum_s2024
S669,-1.8,0.23677873611450195,2HBB,K12M,gnn_local_blosum_s2024
S669,0.73,-0.03422173857688904,2HBB,K14A,gnn_local_blosum_s2024
S669,1.3,0.03875342011451721,2HBB,K14G,gnn_local_blosum_s2024
S669,0.34,-0.5217595100402832,2HBB,K14M,gnn_local_blosum_s2024
S669,1.74,0.27063390612602234,2HBB,K15G,gnn_local_blosum_s2024
S669,0.44,-0.3776313364505768,2HBB,K15M,gnn_local_blosum_s2024
S669,-0.21,-0.14570733904838562,2HBB,K7M,gnn_local_blosum_s2024
S669,2.76,1.9199401140213013,2HBB,L30A,gnn_local_blosum_s2024
S669,1.21,1.3888593912124634,2HBB,L35A,gnn_local_blosum_s2024
S669,1.73,1.5859040021896362,2HBB,L44A,gnn_local_blosum_s2024
S669,0.84,1.7166012525558472,2HBB,L47A,gnn_local_blosum_s2024
S669,3.1,1.4762810468673706,2HBB,L6A,gnn_local_blosum_s2024
S669,1.46,0.91382896900177,2HBB,M1A,gnn_local_blosum_s2024
S669,0.8,0.4725120961666107,2HBB,T40S,gnn_local_blosum_s2024
S669,2.33,1.4539471864700317,2HBB,V21A,gnn_local_blosum_s2024
S669,2.55,2.0015783309936523,2HBB,V3A,gnn_local_blosum_s2024
S669,1.81,1.1166486740112305,2HBB,V9A,gnn_local_blosum_s2024
S669,2.54,1.323708415031433,2JUC,C57D,gnn_local_blosum_s2024
S669,0.71,1.113283634185791,2JUC,C57S,gnn_local_blosum_s2024
S669,1.75,0.7018915414810181,2JUC,R18A,gnn_local_blosum_s2024
S669,-1.2,0.3072952926158905,2KJ3,D288A,gnn_local_blosum_s2024
S669,-1.9,0.19753387570381165,2KJ3,E272A,gnn_local_blosum_s2024
S669,0.8,0.9744167327880859,2KJ3,G278A,gnn_local_blosum_s2024
S669,-1.5,0.3686155378818512,2KJ3,K229A,gnn_local_blosum_s2024
S669,-1.0,1.7921981811523438,2KJ3,L241A,gnn_local_blosum_s2024
S669,-1.4,0.7416956424713135,2KJ3,S273A,gnn_local_blosum_s2024
S669,-1.0,1.987758755683899,2KJ3,V239A,gnn_local_blosum_s2024
S669,-1.0,1.6147726774215698,2KJ3,V264A,gnn_local_blosum_s2024
S669,-0.2,2.1569974422454834,2KJ3,V267A,gnn_local_blosum_s2024
S669,0.24,1.1553255319595337,2MPC,A89T,gnn_local_blosum_s2024
S669,-0.62,0.15328869223594666,2MPC,R42A,gnn_local_blosum_s2024
S669,-2.08,-0.1693016141653061,2MPC,R42W,gnn_local_blosum_s2024
S669,0.6,0.5444947481155396,2N7Z,P88A,gnn_local_blosum_s2024
S669,-0.44,1.4533110857009888,2OUO,A420D,gnn_local_blosum_s2024
S669,2.43,1.674384355545044,2PTL,A22G,gnn_local_blosum_s2024
S669,-0.1,0.5988632440567017,2PTL,A27P,gnn_local_blosum_s2024
S669,0.83,0.08942383527755737,2PTL,A27V,gnn_local_blosum_s2024
S669,2.17,1.3759156465530396,2PTL,A34G,gnn_local_blosum_s2024
S669,-1.47,0.9353190660476685,2PTL,A34V,gnn_local_blosum_s2024
S669,2.54,1.599080204963684,2PTL,A43G,gnn_local_blosum_s2024
S669,3.1,1.8896679878234863,2PTL,A47G,gnn_local_blosum_s2024
S669,1.32,0.9368637800216675,2PTL,A49G,gnn_local_blosum_s2024
S669,3.12,1.696577787399292,2PTL,A51G,gnn_local_blosum_s2024
S669,0.49,0.4449271261692047,2PTL,A66G,gnn_local_blosum_s2024
S669,1.21,0.37872517108917236,2PTL,D52A,gnn_local_blosum_s2024
S669,2.14,0.46758678555488586,2PTL,D52G,gnn_local_blosum_s2024
S669,0.2,-0.15965527296066284,2PTL,D64A,gnn_local_blosum_s2024
S669,0.59,0.12590563297271729,2PTL,E35A,gnn_local_blosum_s2024
S669,1.19,0.5239064693450928,2PTL,E46G,gnn_local_blosum_s2024
S669,1.08,-0.050897493958473206,2PTL,E46I,gnn_local_blosum_s2024
S669,0.23,0.31418970227241516,2PTL,E60A,gnn_local_blosum_s2024
S669,3.12,1.4125254154205322,2PTL,F26A,gnn_local_blosum_s2024
S669,0.68,1.0587986707687378,2PTL,F26L,gnn_local_blosum_s2024
S669,4.15,1.2758840322494507,2PTL,F36A,gnn_local_blosum_s2024
S669,3.12,0.9118289947509766,2PTL,F36L,gnn_local_blosum_s2024
S669,3.08,1.6056032180786133,2PTL,F40G,gnn_local_blosum_s2024
S669,0.38,0.9736593961715698,2PTL,F40L,gnn_local_blosum_s2024
S669,3.34,1.2562609910964966,2PTL,F76L,gnn_local_blosum_s2024
S669,3.73,1.3094631433486938,2PTL,F76V,gnn_local_blosum_s2024
S669,1.52,-0.15461421012878418,2PTL,G29A,gnn_local_blosum_s2024
S669,2.53,-0.4548853039741516,2PTL,G29V,gnn_local_blosum_s2024
S669,2.08,0.7458040714263916,2PTL,G38A,gnn_local_blosum_s2024
S669,2.23,0.6385607719421387,2PTL,G59A,gnn_local_blosum_s2024
S669,2.04,0.6440173387527466,2PTL,G69A,gnn_local_blosum_s2024
S669,4.9,2.128042459487915,2PTL,I20A,gnn_local_blosum_s2024
S669,0.56,1.8342193365097046,2PTL,I20V,gnn_local_blosum_s2024
S669,1.37,1.1396523714065552,2PTL,I25A,gnn_local_blosum_s2024
S669,0.47,0.7808574438095093,2PTL,I25V,gnn_local_blosum_s2024
S669,4.72,1.957605004310608,2PTL,I74A,gnn_local_blosum_s2024
S669,1.69,1.6016292572021484,2PTL,I74V,gnn_local_blosum_s2024
S669,0.92,1.0127776861190796,2PTL,K21A,gnn_local_blosum_s2024
S669,0.88,0.3621852397918701,2PTL,K37A,gnn_local_blosum_s2024
S669,-0.16,0.6714764833450317,2PTL,K42G,gnn_local_blosum_s2024
S669,-0.58,0.7015199661254883,2PTL,K55A,gnn_local_blosum_s2024
S669,-0.35,0.101063072681427,2PTL,K56A,gnn_local_blosum_s2024
S669,0.09,0.3250216245651245,2PTL,K68A,gnn_local_blosum_s2024
S669,0.45,0.43898794054985046,2PTL,K75A,gnn_local_blosum_s2024
S669,3.12,2.065577507019043,2PTL,L24A,gnn_local_blosum_s2024
S669,2.44,1.5517971515655518,2PTL,L54A,gnn_local_blosum_s2024
S669,3.77,1.7611693143844604,2PTL,L72A,gnn_local_blosum_s2024
S669,1.87,0.7114280462265015,2PTL,N23A,gnn_local_blosum_s2024
S669,1.78,0.0929376482963562,2PTL,N28A,gnn_local_blosum_s2024
S669,0.34,0.829399824142456,2PTL,N58A,gnn_local_blosum_s2024
S669,1.73,0.549991250038147,2PTL,N73A,gnn_local_blosum_s2024
S669,0.3,0.21099784970283508,2PTL,S30A,gnn_local_blosum_s2024
S669,-0.41,0.7205595970153809,2PTL,S45A,gnn_local_blosum_s2024
S669,0.82,0.860390305519104,2PTL,S45G,gnn_local_blosum_s2024
S669,1.63,0.7853195667266846,2PTL,T19A,gnn_local_blosum_s2024
S669,1.17,0.20655480027198792,2PTL,T31A,gnn_local_blosum_s2024
S669,1.11,0.6069329977035522,2PTL,T33A,gnn_local_blosum_s2024
S669,1.25,0.626569390296936,2PTL,T39A,gnn_local_blosum_s2024
S669,1.09,1.0575720071792603,2PTL,T44A,gnn_local_blosum_s2024
S669,0.17,0.4229276776313782,2PTL,T53G,gnn_local_blosum_s2024
S669,0.97,-0.20696160197257996,2PTL,T62A,gnn_local_blosum_s2024
S669,1.83,0.9701718091964722,2PTL,T71A,gnn_local_blosum_s2024
S669,1.22,1.3748937845230103,2PTL,V18A,gnn_local_blosum_s2024
S669,0.92,0.9560655355453491,2PTL,V63A,gnn_local_blosum_s2024
S669,1.14,0.7244629859924316,2PTL,V65A,gnn_local_blosum_s2024
S669,2.82,1.1871681213378906,2PTL,Y48A,gnn_local_blosum_s2024
S669,2.46,1.3859199285507202,2PTL,Y50A,gnn_local_blosum_s2024
S669,1.66,1.3319090604782104,2PTL,Y70A,gnn_local_blosum_s2024
S669,-0.43,0.9788820743560791,2PTL,Y70L,gnn_local_blosum_s2024
S669,-1.05,0.09055697917938232,2RPN,E7L,gnn_local_blosum_s2024
S669,-0.39,1.0003751516342163,2RPN,V21K,gnn_local_blosum_s2024
S669,-0.3,0.517166256904602,2WQG,D15A,gnn_local_blosum_s2024
S669,-0.1,0.7409361600875854,2WQG,D38A,gnn_local_blosum_s2024
S669,2.2,0.9494907855987549,2WQG,D39A,gnn_local_blosum_s2024
S669,2.6,1.0828005075454712,2WQG,D39N,gnn_local_blosum_s2024
S669,0.1,0.6599944829940796,2WQG,E40Q,gnn_local_blosum_s2024
S669,0.4,0.8012789487838745,2WQG,E41G,gnn_local_blosum_s2024
S669,0.9,1.475479245185852,2WQG,I36A,gnn_local_blosum_s2024
S669,0.3,1.118981957435608,2WQG,I36V,gnn_local_blosum_s2024
S669,0.4,0.8633511066436768,2WQG,K14A,gnn_local_blosum_s2024
S669,1.9,1.087133526802063,2WQG,K14G,gnn_local_blosum_s2024
S669,0.3,0.6599814891815186,2WQG,K19A,gnn_local_blosum_s2024
S669,0.6,1.233862042427063,2WQG,K28A,gnn_local_blosum_s2024
S669,0.5,2.071288585662842,2WQG,L13A,gnn_local_blosum_s2024
S669,1.3,1.5937358140945435,2WQG,L16A,gnn_local_blosum_s2024
S669,2.0,1.6331080198287964,2WQG,L8A,gnn_local_blosum_s2024
S669,0.6,0.6473484039306641,2WQG,Q12A,gnn_local_blosum_s2024
S669,2.0,0.8190339803695679,2WQG,Q12G,gnn_local_blosum_s2024
S669,-0.1,0.8530910015106201,2WQG,Q33A,gnn_local_blosum_s2024
S669,0.8,1.1882160902023315,2WQG,R34A,gnn_local_blosum_s2024
S669,0.6,0.9216041564941406,2WQG,S23A,gnn_local_blosum_s2024
S669,-0.1,0.3010736107826233,2WQG,S6A,gnn_local_blosum_s2024
S669,0.2,0.5918782949447632,2WQG,S6G,gnn_local_blosum_s2024
S669,-0.1,0.8147516250610352,2WQG,T9S,gnn_local_blosum_s2024
S669,0.1,1.5477805137634277,2WQG,V10A,gnn_local_blosum_s2024
S669,0.7,1.8138757944107056,2WQG,V10G,gnn_local_blosum_s2024
S669,-0.4,1.1187313795089722,2WQG,V11A,gnn_local_blosum_s2024
S669,-0.1,1.4256664514541626,2WQG,V11G,gnn_local_blosum_s2024
S669,0.5,1.4790105819702148,2WQG,V24A,gnn_local_blosum_s2024
S669,2.4,1.3179943561553955,2WQG,Y5F,gnn_local_blosum_s2024
S669,0.74,0.2585251033306122,2ZTA,E11Q,gnn_local_blosum_s2024
S669,-0.2,0.5243411064147949,2ZTA,E20Q,gnn_local_blosum_s2024
S669,1.83,0.7415304183959961,2ZTA,E22Q,gnn_local_blosum_s2024
S669,0.41,0.7258278131484985,2ZTA,K15A,gnn_local_blosum_s2024
S669,0.91,0.7438796758651733,2ZTA,K27A,gnn_local_blosum_s2024
S669,0.06,0.5138454437255859,2ZTA,K28A,gnn_local_blosum_s2024
S669,0.39,0.5913286209106445,2ZTA,K8A,gnn_local_blosum_s2024
S669,1.66,0.4866909086704254,2ZTA,R25A,gnn_local_blosum_s2024
S669,1.506,1.7107703685760498,3BN0,I20V,gnn_local_blosum_s2024
S669,-0.43,2.165897846221924,3C2I,F155S,gnn_local_blosum_s2024
S669,-0.47,0.9485028982162476,3C2I,T158A,gnn_local_blosum_s2024
S669,-0.25,0.5622817277908325,3C2I,T158M,gnn_local_blosum_s2024
S669,0.5,0.24684274196624756,3FIS,P61A,gnn_local_blosum_s2024
S669,-0.34,-0.6655571460723877,3G1G,D155Y,gnn_local_blosum_s2024
S669,0.74,1.7961505651474,3G1G,F167Y,gnn_local_blosum_s2024
S669,0.17,1.8033115863800049,3G1G,I190V,gnn_local_blosum_s2024
S669,-1.32,0.6156247854232788,3G1G,R185W,gnn_local_blosum_s2024
S669,3.35,0.5262672901153564,3K82,E334L,gnn_local_blosum_s2024
S669,1.68,0.9233232736587524,3K82,E334Q,gnn_local_blosum_s2024
S669,-5.49,0.342459112405777,3K82,E401R,gnn_local_blosum_s2024
S669,-1.194,0.3762337565422058,3MON,R39G,gnn_local_blosum_s2024
S669,2.866,-0.13520383834838867,3MON,W3C,gnn_local_blosum_s2024
S669,3.25,1.5209075212478638,3O39,L32P,gnn_local_blosum_s2024
S669,-2.03,1.1470837593078613,3S92,H395R,gnn_local_blosum_s2024
S669,-0.574,-0.10845226049423218,4N6V,H75W,gnn_local_blosum_s2024
S669,1.362,0.35657235980033875,4N6V,P36G,gnn_local_blosum_s2024
S669,-1.745,-0.11732983589172363,4N6V,P79S,gnn_local_blosum_s2024
S669,0.71,1.163826823234558,4YEE,V134T,gnn_local_blosum_s2024
S669,0.93,-0.011985257267951965,4YEF,T134V,gnn_local_blosum_s2024
S669,1.44,0.15244092047214508,5JXB,D329G,gnn_local_blosum_s2024
S669,1.44,0.2507682740688324,5JXB,D329P,gnn_local_blosum_s2024
S669,1.8,1.148788571357727,1A0F,S11A,gnn_local_blosum_s2024
S669,2.69,0.5905265808105469,1A7V,A104H,gnn_local_blosum_s2024
S669,1.98,0.4203961193561554,1A7V,A66H,gnn_local_blosum_s2024
S669,1.7,1.4072293043136597,1A7V,A91H,gnn_local_blosum_s2024
S669,1.36,0.3022211194038391,1A7V,D3H,gnn_local_blosum_s2024
S669,2.05,0.182876855134964,1A7V,D58H,gnn_local_blosum_s2024
S669,3.01,0.3243950307369232,1A7V,E73H,gnn_local_blosum_s2024
S669,0.6,0.39767923951148987,1A7V,K13H,gnn_local_blosum_s2024
S669,2.88,0.5886995792388916,1A7V,K20H,gnn_local_blosum_s2024
S669,1.36,0.5048292875289917,1A7V,K31H,gnn_local_blosum_s2024
S669,1.86,0.18955233693122864,1A7V,K39H,gnn_local_blosum_s2024
S669,2.02,0.634995698928833,1A7V,K49H,gnn_local_blosum_s2024
S669,2.88,0.8808138370513916,1A7V,K84H,gnn_local_blosum_s2024
S669,1.97,0.5224201679229736,1A7V,K97H,gnn_local_blosum_s2024
S669,0.821,0.447469562292099,1BNL,D76A,gnn_local_blosum_s2024
S669,0.46,0.006092667579650879,1DIV,D23A,gnn_local_blosum_s2024
S669,0.58,0.10229599475860596,1DIV,D23N,gnn_local_blosum_s2024
S669,0.3,0.2521727979183197,1DIV,D8N,gnn_local_blosum_s2024
S669,0.98,0.003055751323699951,1DIV,E100A,gnn_local_blosum_s2024
S669,1.52,0.1720539927482605,1DIV,E100G,gnn_local_blosum_s2024
S669,0.21,0.17323234677314758,1DIV,E17Q,gnn_local_blosum_s2024
S669,0.56,0.8704034090042114,1DIV,E38Q,gnn_local_blosum_s2024
S669,-0.03,0.31621572375297546,1DIV,E48Q,gnn_local_blosum_s2024
S669,-0.33,-0.4968867599964142,1DIV,E54Q,gnn_local_blosum_s2024
S669,1.53,1.0345889329910278,1DIV,H106Q,gnn_local_blosum_s2024
S669,3.52,1.2451039552688599,1DIV,I115A,gnn_local_blosum_s2024
S669,2.22,1.970406174659729,1DIV,I4A,gnn_local_blosum_s2024
S669,0.59,1.5472139120101929,1DIV,I4V,gnn_local_blosum_s2024
S669,3.49,1.6985424757003784,1DIV,I79A,gnn_local_blosum_s2024
S669,3.19,1.8111201524734497,1DIV,I93A,gnn_local_blosum_s2024
S669,4.28,2.0314555168151855,1DIV,I98A,gnn_local_blosum_s2024
S669,-0.05,-0.37368044257164,1DIV,K10M,gnn_local_blosum_s2024
S669,-0.01,-0.5377228260040283,1DIV,K14M,gnn_local_blosum_s2024
S669,0.31,-0.33721306920051575,1DIV,K15M,gnn_local_blosum_s2024
S669,-0.35,-0.20595204830169678,1DIV,K7M,gnn_local_blosum_s2024
S669,-0.61,0.15537042915821075,1DIV,K96A,gnn_local_blosum_s2024
S669,0.2,0.36106425523757935,1DIV,K96G,gnn_local_blosum_s2024
S669,2.37,2.002645492553711,1DIV,L102A,gnn_local_blosum_s2024
S669,2.33,1.3049843311309814,1DIV,L108A,gnn_local_blosum_s2024
S669,3.21,1.080045223236084,1DIV,L110A,gnn_local_blosum_s2024
S669,0.82,1.1058424711227417,1DIV,L117A,gnn_local_blosum_s2024
S669,2.76,1.7482138872146606,1DIV,L30A,gnn_local_blosum_s2024
S669,3.62,1.3343409299850464,1DIV,L30V,gnn_local_blosum_s2024
S669,3.1,1.0805572271347046,1DIV,L6A,gnn_local_blosum_s2024
S669,0.13,0.48893430829048157,1DIV,L6I,gnn_local_blosum_s2024
S669,0.41,0.6045843362808228,1DIV,L6V,gnn_local_blosum_s2024
S669,3.77,1.347563624382019,1DIV,L72A,gnn_local_blosum_s2024
S669,1.46,1.3444195985794067,1DIV,M1A,gnn_local_blosum_s2024
S669,2.36,1.5174247026443481,1DIV,M1G,gnn_local_blosum_s2024
S669,2.33,1.6775792837142944,1DIV,V21A,gnn_local_blosum_s2024
S669,0.4,0.9808288812637329,1DIV,V21I,gnn_local_blosum_s2024
S669,1.23,1.0711489915847778,1DIV,V21L,gnn_local_blosum_s2024
S669,2.55,2.0804901123046875,1DIV,V3A,gnn_local_blosum_s2024
S669,0.31,1.3563066720962524,1DIV,V3I,gnn_local_blosum_s2024
S669,2.21,1.4581581354141235,1DIV,V3L,gnn_local_blosum_s2024
S669,3.7,0.3901859223842621,1DXX,K18N,gnn_local_blosum_s2024
S669,-0.6,1.3353722095489502,1FH5,S18N,gnn_local_blosum_s2024
S669,1.38,1.1232479810714722,1FT8,L212V,gnn_local_blosum_s2024
S669,0.35,1.0009098052978516,1FT8,L238I,gnn_local_blosum_s2024
S669,-0.27,0.4687119424343109,1FT8,M216L,gnn_local_blosum_s2024
S669,1.6,1.3442360162734985,1GWY,A8D,gnn_local_blosum_s2024
S669,3.3,1.3208801746368408,1ITM,C24T,gnn_local_blosum_s2024
S669,5.0,0.14755958318710327,1ITM,C3T,gnn_local_blosum_s2024
S669,-1.4,0.5315508842468262,1ITM,W91S,gnn_local_blosum_s2024
S669,1.162,0.3563237190246582,1JLV,E64D,gnn_local_blosum_s2024
S669,2.3040000000000003,0.30309930443763733,1JLV,E64N,gnn_local_blosum_s2024
S669,2.302,0.22452613711357117,1JLV,E64Q,gnn_local_blosum_s2024
S669,-1.4,0.9962706565856934,1LVM,E106G,gnn_local_blosum_s2024
S669,-0.43,0.4732307493686676,1LVM,K45F,gnn_local_blosum_s2024
S669,-0.0,0.7519303560256958,1LVM,L56V,gnn_local_blosum_s2024
S669,-0.6,-0.40283331274986267,1LVM,Q58F,gnn_local_blosum_s2024
S669,2.5,0.38877201080322266,1N18,E100G,gnn_local_blosum_s2024
S669,1.4,0.986659049987793,1N18,G85R,gnn_local_blosum_s2024
S669,-1.4,0.944208025932312,1N18,H46R,gnn_local_blosum_s2024
S669,3.3,0.37607550621032715,1O1U,E110A,gnn_local_blosum_s2024
S669,1.2,0.5525388717651367,1O1U,N61A,gnn_local_blosum_s2024
S669,0.3,0.4505222737789154,1O1U,Q51A,gnn_local_blosum_s2024
S669,-0.3,0.7191401720046997,1O1U,Q99A,gnn_local_blosum_s2024
S669,1.2,0.8494153022766113,1O1U,T38A,gnn_local_blosum_s2024
S669,1.2,1.3431836366653442,1O1U,W49Y,gnn_local_blosum_s2024
S669,0.05,0.5756063461303711,1OSI,I11V,gnn_local_blosum_s2024
S669,-0.39,0.6406691074371338,1OSI,S92F,gnn_local_blosum_s2024
S669,0.78,1.0175936222076416,1OSI,V15I,gnn_local_blosum_s2024
S669,1.53,2.3981428146362305,1PFL,A20T,gnn_local_blosum_s2024
S669,1.96,0.25068801641464233,1PFL,G117V,gnn_local_blosum_s2024
S669,3.53,1.8447372913360596,1PFL,M113T,gnn_local_blosum_s2024
S669,-0.07,0.5568739175796509,1PFL,T108M,gnn_local_blosum_s2024
S669,0.3,0.6419193744659424,1PRG,Q286P,gnn_local_blosum_s2024
S669,-0.06,0.5165529251098633,1PRG,R288H,gnn_local_blosum_s2024
S669,-0.03,1.1660428047180176,1PRG,V290M,gnn_local_blosum_s2024
S669,-0.8,1.3178342580795288,1SPD,C111S,gnn_local_blosum_s2024
S669,-0.1,1.6570050716400146,1SPD,C6A,gnn_local_blosum_s2024
S669,2.9,0.728104829788208,1XWS,E124Q,gnn_local_blosum_s2024
S669,4.59,0.579827070236206,1XWS,E135K,gnn_local_blosum_s2024
S669,3.22,0.6430332660675049,1XWS,E142D,gnn_local_blosum_s2024
S669,3.3,0.9971573352813721,1XWS,Y53H,gnn_local_blosum_s2024
S669,0.86,0.597608208656311,1XXN,N32D,gnn_local_blosum_s2024
S669,0.645,0.7932819128036499,1XXN,N54E,gnn_local_blosum_s2024
S669,-0.239,0.5844249725341797,1XXN,S22E,gnn_local_blosum_s2024
S669,0.645,1.3121418952941895,1XXN,S27E,gnn_local_blosum_s2024
S669,-2.87,0.7869530916213989,1XZO,F42W,gnn_local_blosum_s2024
S669,2.89,1.340471863746643,1XZO,W101F,gnn_local_blosum_s2024
S669,8.93,1.2806978225708008,1XZO,W36A,gnn_local_blosum_s2024
S669,4.25,0.8174532651901245,1XZO,W36F,gnn_local_blosum_s2024
S669,0.7170000000000001,1.108418345451355,2ARF,H1069Q,gnn_local_blosum_s2024
S669,-1.07,0.4994436204433441,2H3F,E12A,gnn_local_blosum_s2024
S669,-1.536,0.4229500889778137,2JIE,H104R,gnn_local_blosum_s2024
S669,0.209,-0.6980711221694946,2JIE,Q22S,gnn_local_blosum_s2024
S669,1.246,0.4980545938014984,2JIE,S17A,gnn_local_blosum_s2024
S669,-0.951,-0.11798161268234253,2JIE,S19A,gnn_local_blosum_s2024
S669,0.994,0.11218510568141937,2JIE,T18A,gnn_local_blosum_s2024
S669,-2.19,-0.535880446434021,2JIE,W123F,gnn_local_blosum_s2024
S669,-1.06,-0.30053552985191345,2JIE,W123H,gnn_local_blosum_s2024
S669,3.443,0.8222290277481079,2JIE,Y21A,gnn_local_blosum_s2024
S669,-1.26,0.4648982584476471,2KS4,D9A,gnn_local_blosum_s2024
S669,0.23,0.6356220245361328,2KS4,E2A,gnn_local_blosum_s2024
S669,1.57,1.7054319381713867,2LTB,L558P,gnn_local_blosum_s2024
S669,3.11,1.9699453115463257,2LTB,L569R,gnn_local_blosum_s2024
S669,3.34,0.726656436920166,2LTB,M619K,gnn_local_blosum_s2024
S669,1.1,0.5993708372116089,2LTB,R533Q,gnn_local_blosum_s2024
S669,0.36,0.7942016124725342,2LTB,R555Q,gnn_local_blosum_s2024
S669,-1.79,0.5029447078704834,2LTB,R555W,gnn_local_blosum_s2024
S669,4.0,0.1736675500869751,2M5S,D302A,gnn_local_blosum_s2024
S669,2.0,1.4080774784088135,2M5S,H305A,gnn_local_blosum_s2024
S669,2.3,0.37332773208618164,2NTE,R658C,gnn_local_blosum_s2024
S669,-0.5,0.08297401666641235,2PR5,A33Y,gnn_local_blosum_s2024
S669,0.4,1.041571021080017,2PR5,A81M,gnn_local_blosum_s2024
S669,-0.3,0.899528980255127,2PR5,D109E,gnn_local_blosum_s2024
S669,-0.3,-0.3000393807888031,2PR5,H22K,gnn_local_blosum_s2024
S669,-1.2,-0.39607393741607666,2PR5,H22W,gnn_local_blosum_s2024
S669,-2.9,0.8178256750106812,2PR5,M111F,gnn_local_blosum_s2024
S669,-0.9,0.39732101559638977,2PR5,N107F,gnn_local_blosum_s2024
S669,-0.8,0.4705597460269928,2PR5,N107Y,gnn_local_blosum_s2024
S669,-1.1,0.1871083676815033,2PR5,N124F,gnn_local_blosum_s2024
S669,-2.6,0.3234390914440155,2PR5,N124Y,gnn_local_blosum_s2024
S669,-0.5,1.3032375574111938,2PR5,T30M,gnn_local_blosum_s2024
S669,0.5,1.0625470876693726,2PR5,T50M,gnn_local_blosum_s2024
S669,-0.2,0.5933048725128174,2PR5,T54Y,gnn_local_blosum_s2024
S669,-1.4,0.572821855545044,2PR5,V120I,gnn_local_blosum_s2024
S669,-0.4,0.8154137134552002,2PR5,V25I,gnn_local_blosum_s2024
S669,0.2,1.4471954107284546,2PR5,V88L,gnn_local_blosum_s2024
S669,0.7,0.8351846933364868,2PR5,V90I,gnn_local_blosum_s2024
S669,6.597,0.2242361605167389,2VY0,E53A,gnn_local_blosum_s2024
S669,-1.369,0.7081785202026367,3BCI,E96Q,gnn_local_blosum_s2024
S669,0.65,0.15381988883018494,3D3B,D118A,gnn_local_blosum_s2024
S669,0.6,0.2380765974521637,3D3B,D118E,gnn_local_blosum_s2024
S669,1.6,0.06450356543064117,3D3B,D118K,gnn_local_blosum_s2024
S669,1.34,0.05336451530456543,3D3B,D118N,gnn_local_blosum_s2024
S669,1.41,0.09411276876926422,3D3B,D118R,gnn_local_blosum_s2024
S669,-0.8,0.8964110612869263,3ECU,H46R,gnn_local_blosum_s2024
S669,1.3,0.5311688184738159,3S4M,D122Y,gnn_local_blosum_s2024
S669,2.5,0.5722701549530029,3S4M,G130V,gnn_local_blosum_s2024
S669,-0.096,1.0326495170593262,3S4M,I154F,gnn_local_blosum_s2024
S669,0.693,0.6832870244979858,3S4M,W155R,gnn_local_blosum_s2024
S669,-0.99,0.5130876302719116,4BJX,A89V,gnn_local_blosum_s2024
S669,1.435,1.0001603364944458,4BUQ,Y48A,gnn_local_blosum_s2024
S669,-0.1,1.0829344987869263,4WAA,K65A,gnn_local_blosum_s2024
S669,2.07,0.693536639213562,4WAA,K67A,gnn_local_blosum_s2024
S669,0.44,0.26686713099479675,4WAA,R27A,gnn_local_blosum_s2024
S669,-0.413,0.24226102232933044,5VP3,R39K,gnn_local_blosum_s2024
S669,1.745,0.7702600955963135,1BA3,H461D,gnn_local_blosum_s2024
S669,-0.287,0.49700185656547546,1BA3,H489D,gnn_local_blosum_s2024
S669,0.287,-0.12483620643615723,1BA3,H489K,gnn_local_blosum_s2024
S669,0.263,-0.3711881935596466,1BA3,H489M,gnn_local_blosum_s2024
S669,1.81,0.42836275696754456,1DIV,V129A,gnn_local_blosum_s2024
S669,0.455,1.0576626062393188,1F8I,F345A,gnn_local_blosum_s2024
S669,-0.05,0.7036404609680176,1FT8,L349I,gnn_local_blosum_s2024
S669,-0.0,0.77617347240448,1LVM,S135G,gnn_local_blosum_s2024
S669,0.88,0.5088808536529541,1NM1,D187N,gnn_local_blosum_s2024
S669,1.9,0.25266996026039124,1NM1,D187Y,gnn_local_blosum_s2024
S669,2.4,0.7692022323608398,1PRE,C159S,gnn_local_blosum_s2024
S669,4.2,0.9016668796539307,1R2Y,R244E,gnn_local_blosum_s2024
S669,-0.358,0.29208049178123474,1XXN,N181R,gnn_local_blosum_s2024
S669,-3.02,0.862127423286438,3D2A,M134E,gnn_local_blosum_s2024
S669,-3.34,0.7611684799194336,3D2A,M137P,gnn_local_blosum_s2024
S669,-2.11,0.3776620924472809,3D2A,S163P,gnn_local_blosum_s2024
S669,2.99,0.1445041298866272,5OAQ,Y429H,gnn_local_blosum_s2024
S669,0.7,0.5918678045272827,1BFM,M35W,gnn_edge_s2024
S669,0.4,0.8152623176574707,1BFM,M35Y,gnn_edge_s2024
S669,0.04,0.8921782970428467,1D5G,H71Y,gnn_edge_s2024
S669,-0.91,0.8610079288482666,1D5G,I20F,gnn_edge_s2024
S669,1.0,1.1644920110702515,1EKG,L198C,gnn_edge_s2024
S669,2.0,1.5220232009887695,1EKG,L200C,gnn_edge_s2024
S669,-1.0,1.8234652280807495,1EKG,L203C,gnn_edge_s2024
S669,2.6,1.133726954460144,1EKG,S181F,gnn_edge_s2024
S669,-4.0,1.4970927238464355,1FRD,H42R,gnn_edge_s2024
S669,1.1,0.4895888864994049,1FXA,E94D,gnn_edge_s2024
S669,0.4,0.5941698551177979,1FXA,E94K,gnn_edge_s2024
S669,-0.6,1.5495096445083618,1FXA,E94Q,gnn_edge_s2024
S669,-1.0,-0.48812177777290344,1FXA,E95K,gnn_edge_s2024
S669,1.0,1.2545602321624756,1FXA,F65A,gnn_edge_s2024
S669,0.9,0.7551288604736328,1FXA,F65I,gnn_edge_s2024
S669,0.6,1.0850152969360352,1FXA,F65W,gnn_edge_s2024
S669,0.5,1.440393090248108,1FXA,F65Y,gnn_edge_s2024
S669,2.4,0.7094719409942627,1FXA,R42A,gnn_edge_s2024
S669,1.4,0.911564826965332,1FXA,R42H,gnn_edge_s2024
S669,-0.1,1.6687134504318237,1FXA,T48A,gnn_edge_s2024
S669,1.22,1.8043779134750366,1GLU,C500A,gnn_edge_s2024
S669,1.963,1.4228349924087524,1GUA,A118G,gnn_edge_s2024
S669,1.951,0.8170539140701294,1GUA,A118L,gnn_edge_s2024
S669,2.149,1.1006559133529663,1GUA,A85G,gnn_edge_s2024
S669,0.863,1.2405180931091309,1GUA,A97G,gnn_edge_s2024
S669,-0.283,1.1820253133773804,1GUA,C81A,gnn_edge_s2024
S669,0.912,0.7856181859970093,1GUA,C81I,gnn_edge_s2024
S669,0.08,0.7706024646759033,1GUA,C95A,gnn_edge_s2024
S669,1.759,1.2710721492767334,1GUA,C96A,gnn_edge_s2024
S669,0.043,0.9959743022918701,1GUA,C96L,gnn_edge_s2024
S669,0.337,0.8313249349594116,1GUA,C96M,gnn_edge_s2024
S669,0.706,0.07391203939914703,1GUA,D117A,gnn_edge_s2024
S669,0.855,1.2543836832046509,1GUA,D129A,gnn_edge_s2024
S669,0.493,-0.5742653608322144,1GUA,D80A,gnn_edge_s2024
S669,-0.021,0.19101160764694214,1GUA,E104A,gnn_edge_s2024
S669,0.101,0.6825467348098755,1GUA,E124A,gnn_edge_s2024
S669,0.591,0.9228435754776001,1GUA,E125A,gnn_edge_s2024
S669,3.274,2.3893373012542725,1GUA,I58A,gnn_edge_s2024
S669,1.2990000000000002,1.4214435815811157,1GUA,I58F,gnn_edge_s2024
S669,0.7709999999999999,1.3778536319732666,1GUA,I58L,gnn_edge_s2024
S669,0.327,0.825027346611023,1GUA,K109A,gnn_edge_s2024
S669,2.593,1.038977861404419,1GUA,L112A,gnn_edge_s2024
S669,2.5340000000000003,1.1824166774749756,1GUA,L121A,gnn_edge_s2024
S669,3.405,1.393128752708435,1GUA,L126A,gnn_edge_s2024
S669,3.46,1.4674776792526245,1GUA,L62A,gnn_edge_s2024
S669,3.803,1.7742995023727417,1GUA,L78A,gnn_edge_s2024
S669,3.529,1.7043057680130005,1GUA,L82A,gnn_edge_s2024
S669,1.6,1.1013257503509521,1GUA,L82I,gnn_edge_s2024
S669,1.7,1.140276551246643,1GUA,L82V,gnn_edge_s2024
S669,3.2260000000000004,1.8068795204162598,1GUA,L86A,gnn_edge_s2024
S669,1.575,2.0640926361083984,1GUA,L91A,gnn_edge_s2024
S669,0.961,0.4097346067428589,1GUA,M76A,gnn_edge_s2024
S669,-0.271,0.9741779565811157,1GUA,N56M,gnn_edge_s2024
S669,1.14,0.2054203748703003,1GUA,N64A,gnn_edge_s2024
S669,1.7080000000000002,1.3599005937576294,1GUA,P63A,gnn_edge_s2024
S669,0.0819999999999999,1.4412702322006226,1GUA,P93A,gnn_edge_s2024
S669,0.504,0.886572003364563,1GUA,Q66A,gnn_edge_s2024
S669,0.693,0.7739700078964233,1GUA,R100A,gnn_edge_s2024
S669,-0.178,0.7413562536239624,1GUA,R59A,gnn_edge_s2024
S669,-1.078,0.6939330101013184,1GUA,R89L,gnn_edge_s2024
S669,1.5730000000000002,0.020352721214294434,1GUA,S77A,gnn_edge_s2024
S669,-0.581,0.5375131368637085,1GUA,S77T,gnn_edge_s2024
S669,0.109,0.8641960620880127,1GUA,T68A,gnn_edge_s2024
S669,3.3680000000000003,2.2055084705352783,1GUA,V128A,gnn_edge_s2024
S669,2.251,1.4996073246002197,1GUA,V60A,gnn_edge_s2024
S669,1.116,1.2172908782958984,1GUA,V69A,gnn_edge_s2024
S669,1.77,1.6396771669387817,1GUA,V70A,gnn_edge_s2024
S669,1.052,2.1993908882141113,1GUA,V72A,gnn_edge_s2024
S669,0.8640000000000001,1.2423216104507446,1GUA,V72I,gnn_edge_s2024
S669,1.981,1.4262285232543945,1GUA,V98A,gnn_edge_s2024
S669,1.936,0.413271427154541,1H0X,P18A,gnn_edge_s2024
S669,2.5810000000000004,0.15959444642066956,1H0X,P62A,gnn_edge_s2024
S669,2.09,1.4970430135726929,1HCQ,C67A,gnn_edge_s2024
S669,1.99,1.4922734498977661,1HCQ,C67S,gnn_edge_s2024
S669,-0.4,1.4002199172973633,1IOJ,G15A,gnn_edge_s2024
S669,-0.5,0.7415808439254761,1IV7,A173C,gnn_edge_s2024
S669,2.5,1.838501214981079,1IV7,F189C,gnn_edge_s2024
S669,1.9,1.5915838479995728,1IV7,L162C,gnn_edge_s2024
S669,-4.299,0.2182699590921402,1IV9,S76Y,gnn_edge_s2024
S669,-0.1,1.4795597791671753,1J8I,K25A,gnn_edge_s2024
S669,-0.1,1.0888447761535645,1J8I,K66A,gnn_edge_s2024
S669,-0.8,0.7382004261016846,1J8I,R23A,gnn_edge_s2024
S669,0.1,0.7055251598358154,1J8I,R35A,gnn_edge_s2024
S669,-0.7,0.650666356086731,1J8I,R43A,gnn_edge_s2024
S669,0.1,0.4352301061153412,1J8I,R9A,gnn_edge_s2024
S669,1.44,0.6283626556396484,1JL9,A25C,gnn_edge_s2024
S669,1.6969999999999998,2.619591236114502,1L6H,F39A,gnn_edge_s2024
S669,0.55,0.9210801124572754,1L6H,Y45A,gnn_edge_s2024
S669,1.482,0.9996113777160645,1L6H,Y48A,gnn_edge_s2024
S669,1.39,1.1564706563949585,1N88,F21A,gnn_edge_s2024
S669,1.39,2.782334327697754,1N88,I39A,gnn_edge_s2024
S669,2.79,1.8128284215927124,1N88,I80A,gnn_edge_s2024
S669,2.35,1.4735976457595825,1N88,I89A,gnn_edge_s2024
S669,1.52,2.136594772338867,1N88,I8V,gnn_edge_s2024
S669,1.52,0.6689977645874023,1N88,L13A,gnn_edge_s2024
S669,1.11,1.0116097927093506,1N88,L57A,gnn_edge_s2024
S669,1.94,0.8670467138290405,1N88,V12A,gnn_edge_s2024
S669,2.84,2.698519706726074,1N88,V30A,gnn_edge_s2024
S669,2.82,1.7423579692840576,1N88,V43A,gnn_edge_s2024
S669,2.83,1.2275148630142212,1N88,V49A,gnn_edge_s2024
S669,3.24,1.521574854850769,1N88,V51A,gnn_edge_s2024
S669,3.73,2.199556827545166,1N88,V54A,gnn_edge_s2024
S669,2.82,2.7814993858337402,1N88,V81A,gnn_edge_s2024
S669,3.1,1.9456788301467896,1N88,V83A,gnn_edge_s2024
S669,-0.06,0.46383875608444214,1N88,Y18A,gnn_edge_s2024
S669,4.61,1.798378348350525,1N88,Y26A,gnn_edge_s2024
S669,1.2,1.2249455451965332,1O6X,A31G,gnn_edge_s2024
S669,1.4,0.8550000190734863,1O6X,A50G,gnn_edge_s2024
S669,-0.36,0.35842663049697876,1O6X,D38A,gnn_edge_s2024
S669,0.3,0.32542985677719116,1O6X,E14A,gnn_edge_s2024
S669,1.42,0.047272779047489166,1O6X,E20G,gnn_edge_s2024
S669,1.88,0.48757416009902954,1O6X,F39L,gnn_edge_s2024
S669,0.98,1.1169637441635132,1O6X,F65A,gnn_edge_s2024
S669,0.61,0.8133047819137573,1O6X,H51A,gnn_edge_s2024
S669,0.43,1.396499514579773,1O6X,I15V,gnn_edge_s2024
S669,-0.42,1.4701067209243774,1O6X,I23V,gnn_edge_s2024
S669,1.31,1.402943730354309,1O6X,I71V,gnn_edge_s2024
S669,1.31,0.777072548866272,1O6X,I75A,gnn_edge_s2024
S669,1.98,0.15946944057941437,1O6X,K41A,gnn_edge_s2024
S669,0.97,1.4399126768112183,1O6X,L26V,gnn_edge_s2024
S669,0.08,0.490383505821228,1O6X,N58A,gnn_edge_s2024
S669,0.49,0.4720987379550934,1O6X,Q60G,gnn_edge_s2024
S669,1.1,0.7376253604888916,1O6X,V12A,gnn_edge_s2024
S669,1.08,1.0874886512756348,1O6X,V52A,gnn_edge_s2024
S669,1.1,0.37885403633117676,1O6X,V64G,gnn_edge_s2024
S669,2.78,0.48166531324386597,1O6X,Y73L,gnn_edge_s2024
S669,0.13,0.5332916975021362,1R6R,I88N,gnn_edge_s2024
S669,2.81,0.4823225438594818,1R6R,L50S,gnn_edge_s2024
S669,0.24,0.48930782079696655,1R6R,L54S,gnn_edge_s2024
S669,6.84,1.3060959577560425,1R6R,L81N,gnn_edge_s2024
S669,4.493,1.0646867752075195,2BJD,V84D,gnn_edge_s2024
S669,4.517,0.9960932731628418,2BJD,V84P,gnn_edge_s2024
S669,2.103,0.7822538614273071,2BJD,Y86E,gnn_edge_s2024
S669,0.012,1.5511568784713745,2C9Q,Y79F,gnn_edge_s2024
S669,1.233,2.332012414932251,2C9Q,Y79W,gnn_edge_s2024
S669,-0.12,0.31006529927253723,2CLR,H13F,gnn_edge_s2024
S669,-2.605,0.4601602554321289,2CLR,H31F,gnn_edge_s2024
S669,1.912,1.0656077861785889,2CLR,H51F,gnn_edge_s2024
S669,2.629,1.5340242385864258,2CLR,H84A,gnn_edge_s2024
S669,-0.89,1.6621333360671997,2DVV,Q443H,gnn_edge_s2024
S669,0.02,1.0456342697143555,2DVV,R419W,gnn_edge_s2024
S669,0.32,0.40979301929473877,2HBB,A22G,gnn_edge_s2024
S669,1.79,1.0647257566452026,2HBB,A26G,gnn_edge_s2024
S669,1.55,1.6316331624984741,2HBB,A36G,gnn_edge_s2024
S669,1.59,0.8908730745315552,2HBB,A39G,gnn_edge_s2024
S669,0.33,0.05899167060852051,2HBB,A42G,gnn_edge_s2024
S669,0.55,0.5955653190612793,2HBB,A46G,gnn_edge_s2024
S669,0.22,0.21492063999176025,2HBB,A49G,gnn_edge_s2024
S669,0.03,0.10444675385951996,2HBB,D23A,gnn_edge_s2024
S669,0.79,0.23721352219581604,2HBB,D23N,gnn_edge_s2024
S669,1.3,0.39116621017456055,2HBB,D8A,gnn_edge_s2024
S669,0.38,0.5576379299163818,2HBB,D8N,gnn_edge_s2024
S669,1.69,0.6008344292640686,2HBB,E17A,gnn_edge_s2024
S669,0.33,0.6713138818740845,2HBB,E17Q,gnn_edge_s2024
S669,0.41,1.1721314191818237,2HBB,E38A,gnn_edge_s2024
S669,0.68,1.2882723808288574,2HBB,E38Q,gnn_edge_s2024
S669,-0.07,0.4839523732662201,2HBB,E48Q,gnn_edge_s2024
S669,2.84,1.4742530584335327,2HBB,F31A,gnn_edge_s2024
S669,1.15,0.878747820854187,2HBB,F5L,gnn_edge_s2024
S669,-0.02,0.22491975128650665,2HBB,G24A,gnn_edge_s2024
S669,1.02,0.5981824398040771,2HBB,G34A,gnn_edge_s2024
S669,2.05,1.1404746770858765,2HBB,I18A,gnn_edge_s2024
S669,0.07,0.8906002044677734,2HBB,I18V,gnn_edge_s2024
S669,1.28,1.3760112524032593,2HBB,I37A,gnn_edge_s2024
S669,-0.09,1.127903938293457,2HBB,I37V,gnn_edge_s2024
S669,0.59,1.3283215761184692,2HBB,I4V,gnn_edge_s2024
S669,-0.13,-0.2354891002178192,2HBB,K10E,gnn_edge_s2024
S669,-0.47,-0.16601988673210144,2HBB,K10M,gnn_edge_s2024
S669,-0.61,0.8856282234191895,2HBB,K12A,gnn_edge_s2024
S669,-0.03,1.0557254552841187,2HBB,K12G,gnn_edge_s2024
S669,-1.8,0.6528034806251526,2HBB,K12M,gnn_edge_s2024
S669,0.73,0.3399677276611328,2HBB,K14A,gnn_edge_s2024
S669,1.3,0.3905046582221985,2HBB,K14G,gnn_edge_s2024
S669,0.34,0.2958594262599945,2HBB,K14M,gnn_edge_s2024
S669,1.74,0.1843874156475067,2HBB,K15G,gnn_edge_s2024
S669,0.44,0.2713426947593689,2HBB,K15M,gnn_edge_s2024
S669,-0.21,0.3080013692378998,2HBB,K7M,gnn_edge_s2024
S669,2.76,1.7353754043579102,2HBB,L30A,gnn_edge_s2024
S669,1.21,1.3908822536468506,2HBB,L35A,gnn_edge_s2024
S669,1.73,1.2392295598983765,2HBB,L44A,gnn_edge_s2024
S669,0.84,1.154453158378601,2HBB,L47A,gnn_edge_s2024
S669,3.1,1.204093337059021,2HBB,L6A,gnn_edge_s2024
S669,1.46,0.8785713911056519,2HBB,M1A,gnn_edge_s2024
S669,0.8,0.53380286693573,2HBB,T40S,gnn_edge_s2024
S669,2.33,1.8874355554580688,2HBB,V21A,gnn_edge_s2024
S669,2.55,2.072638511657715,2HBB,V3A,gnn_edge_s2024
S669,1.81,1.3246721029281616,2HBB,V9A,gnn_edge_s2024
S669,2.54,0.5921667814254761,2JUC,C57D,gnn_edge_s2024
S669,0.71,0.49869802594184875,2JUC,C57S,gnn_edge_s2024
S669,1.75,0.5363006591796875,2JUC,R18A,gnn_edge_s2024
S669,-1.2,0.5782902240753174,2KJ3,D288A,gnn_edge_s2024
S669,-1.9,0.12245030701160431,2KJ3,E272A,gnn_edge_s2024
S669,0.8,1.8326107263565063,2KJ3,G278A,gnn_edge_s2024
S669,-1.5,0.29142820835113525,2KJ3,K229A,gnn_edge_s2024
S669,-1.0,1.7160545587539673,2KJ3,L241A,gnn_edge_s2024
S669,-1.4,0.8395391702651978,2KJ3,S273A,gnn_edge_s2024
S669,-1.0,1.4225126504898071,2KJ3,V239A,gnn_edge_s2024
S669,-1.0,1.4798039197921753,2KJ3,V264A,gnn_edge_s2024
S669,-0.2,1.4936009645462036,2KJ3,V267A,gnn_edge_s2024
S669,0.24,0.5798441171646118,2MPC,A89T,gnn_edge_s2024
S669,-0.62,0.5118653774261475,2MPC,R42A,gnn_edge_s2024
S669,-2.08,0.0711808055639267,2MPC,R42W,gnn_edge_s2024
S669,0.6,0.493434876203537,2N7Z,P88A,gnn_edge_s2024
S669,-0.44,1.6328765153884888,2OUO,A420D,gnn_edge_s2024
S669,2.43,0.7318921089172363,2PTL,A22G,gnn_edge_s2024
S669,-0.1,0.42081937193870544,2PTL,A27P,gnn_edge_s2024
S669,0.83,0.8501737117767334,2PTL,A27V,gnn_edge_s2024
S669,2.17,0.9626797437667847,2PTL,A34G,gnn_edge_s2024
S669,-1.47,1.1096779108047485,2PTL,A34V,gnn_edge_s2024
S669,2.54,1.1737005710601807,2PTL,A43G,gnn_edge_s2024
S669,3.1,1.512908935546875,2PTL,A47G,gnn_edge_s2024
S669,1.32,0.8116869926452637,2PTL,A49G,gnn_edge_s2024
S669,3.12,1.575558066368103,2PTL,A51G,gnn_edge_s2024
S669,0.49,0.1928144246339798,2PTL,A66G,gnn_edge_s2024
S669,1.21,0.7388490438461304,2PTL,D52A,gnn_edge_s2024
S669,2.14,0.7713191509246826,2PTL,D52G,gnn_edge_s2024
S669,0.2,0.4013558626174927,2PTL,D64A,gnn_edge_s2024
S669,0.59,0.716438889503479,2PTL,E35A,gnn_edge_s2024
S669,1.19,0.6211823225021362,2PTL,E46G,gnn_edge_s2024
S669,1.08,0.5866527557373047,2PTL,E46I,gnn_edge_s2024
S669,0.23,0.7061450481414795,2PTL,E60A,gnn_edge_s2024
S669,3.12,1.9825303554534912,2PTL,F26A,gnn_edge_s2024
S669,0.68,1.5170966386795044,2PTL,F26L,gnn_edge_s2024
S669,4.15,1.1207720041275024,2PTL,F36A,gnn_edge_s2024
S669,3.12,0.9483318328857422,2PTL,F36L,gnn_edge_s2024
S669,3.08,1.1172114610671997,2PTL,F40G,gnn_edge_s2024
S669,0.38,1.35350501537323,2PTL,F40L,gnn_edge_s2024
S669,3.34,1.6586600542068481,2PTL,F76L,gnn_edge_s2024
S669,3.73,1.8828190565109253,2PTL,F76V,gnn_edge_s2024
S669,1.52,0.29054558277130127,2PTL,G29A,gnn_edge_s2024
S669,2.53,0.49925103783607483,2PTL,G29V,gnn_edge_s2024
S669,2.08,1.063130497932434,2PTL,G38A,gnn_edge_s2024
S669,2.23,0.7370254993438721,2PTL,G59A,gnn_edge_s2024
S669,2.04,1.5153852701187134,2PTL,G69A,gnn_edge_s2024
S669,4.9,1.6847082376480103,2PTL,I20A,gnn_edge_s2024
S669,0.56,2.008007287979126,2PTL,I20V,gnn_edge_s2024
S669,1.37,1.3520492315292358,2PTL,I25A,gnn_edge_s2024
S669,0.47,0.9674015045166016,2PTL,I25V,gnn_edge_s2024
S669,4.72,2.3889875411987305,2PTL,I74A,gnn_edge_s2024
S669,1.69,2.0387260913848877,2PTL,I74V,gnn_edge_s2024
S669,0.92,0.9981153011322021,2PTL,K21A,gnn_edge_s2024
S669,0.88,0.7645350694656372,2PTL,K37A,gnn_edge_s2024
S669,-0.16,0.5185011029243469,2PTL,K42G,gnn_edge_s2024
S669,-0.58,1.347129464149475,2PTL,K55A,gnn_edge_s2024
S669,-0.35,1.1664023399353027,2PTL,K56A,gnn_edge_s2024
S669,0.09,1.5441433191299438,2PTL,K68A,gnn_edge_s2024
S669,0.45,0.842779278755188,2PTL,K75A,gnn_edge_s2024
S669,3.12,2.413327693939209,2PTL,L24A,gnn_edge_s2024
S669,2.44,2.249138355255127,2PTL,L54A,gnn_edge_s2024
S669,3.77,1.1529062986373901,2PTL,L72A,gnn_edge_s2024
S669,1.87,0.07764902710914612,2PTL,N23A,gnn_edge_s2024
S669,1.78,0.7917360067367554,2PTL,N28A,gnn_edge_s2024
S669,0.34,1.3144534826278687,2PTL,N58A,gnn_edge_s2024
S669,1.73,0.5203992128372192,2PTL,N73A,gnn_edge_s2024
S669,0.3,0.679732084274292,2PTL,S30A,gnn_edge_s2024
S669,-0.41,0.7604327201843262,2PTL,S45A,gnn_edge_s2024
S669,0.82,0.8546010255813599,2PTL,S45G,gnn_edge_s2024
S669,1.63,1.1592235565185547,2PTL,T19A,gnn_edge_s2024
S669,1.17,0.29701098799705505,2PTL,T31A,gnn_edge_s2024
S669,1.11,0.8368291854858398,2PTL,T33A,gnn_edge_s2024
S669,1.25,1.0971261262893677,2PTL,T39A,gnn_edge_s2024
S669,1.09,0.961876630783081,2PTL,T44A,gnn_edge_s2024
S669,0.17,0.7625164985656738,2PTL,T53G,gnn_edge_s2024
S669,0.97,0.6762937307357788,2PTL,T62A,gnn_edge_s2024
S669,1.83,0.952147364616394,2PTL,T71A,gnn_edge_s2024
S669,1.22,1.1165920495986938,2PTL,V18A,gnn_edge_s2024
S669,0.92,1.412423014640808,2PTL,V63A,gnn_edge_s2024
S669,1.14,1.2838793992996216,2PTL,V65A,gnn_edge_s2024
S669,2.82,1.617704153060913,2PTL,Y48A,gnn_edge_s2024
S669,2.46,1.391403317451477,2PTL,Y50A,gnn_edge_s2024
S669,1.66,1.9665366411209106,2PTL,Y70A,gnn_edge_s2024
S669,-0.43,1.1817907094955444,2PTL,Y70L,gnn_edge_s2024
S669,-1.05,0.25844860076904297,2RPN,E7L,gnn_edge_s2024
S669,-0.39,0.3903878629207611,2RPN,V21K,gnn_edge_s2024
S669,-0.3,0.7351452112197876,2WQG,D15A,gnn_edge_s2024
S669,-0.1,0.8304140567779541,2WQG,D38A,gnn_edge_s2024
S669,2.2,1.023017168045044,2WQG,D39A,gnn_edge_s2024
S669,2.6,1.3965598344802856,2WQG,D39N,gnn_edge_s2024
S669,0.1,0.40224769711494446,2WQG,E40Q,gnn_edge_s2024
S669,0.4,0.9130007028579712,2WQG,E41G,gnn_edge_s2024
S669,0.9,1.523502230644226,2WQG,I36A,gnn_edge_s2024
S669,0.3,1.4792224168777466,2WQG,I36V,gnn_edge_s2024
S669,0.4,0.8259130716323853,2WQG,K14A,gnn_edge_s2024
S669,1.9,0.8497695922851562,2WQG,K14G,gnn_edge_s2024
S669,0.3,0.48810699582099915,2WQG,K19A,gnn_edge_s2024
S669,0.6,1.4151710271835327,2WQG,K28A,gnn_edge_s2024
S669,0.5,1.707944631576538,2WQG,L13A,gnn_edge_s2024
S669,1.3,1.2178162336349487,2WQG,L16A,gnn_edge_s2024
S669,2.0,1.3987990617752075,2WQG,L8A,gnn_edge_s2024
S669,0.6,0.848075270652771,2WQG,Q12A,gnn_edge_s2024
S669,2.0,0.8852735757827759,2WQG,Q12G,gnn_edge_s2024
S669,-0.1,0.7308382987976074,2WQG,Q33A,gnn_edge_s2024
S669,0.8,1.3403578996658325,2WQG,R34A,gnn_edge_s2024
S669,0.6,1.0740910768508911,2WQG,S23A,gnn_edge_s2024
S669,-0.1,0.513266921043396,2WQG,S6A,gnn_edge_s2024
S669,0.2,0.5664968490600586,2WQG,S6G,gnn_edge_s2024
S669,-0.1,0.9847692251205444,2WQG,T9S,gnn_edge_s2024
S669,0.1,1.338548183441162,2WQG,V10A,gnn_edge_s2024
S669,0.7,1.5553745031356812,2WQG,V10G,gnn_edge_s2024
S669,-0.4,0.7318189144134521,2WQG,V11A,gnn_edge_s2024
S669,-0.1,0.7106937170028687,2WQG,V11G,gnn_edge_s2024
S669,0.5,1.219056487083435,2WQG,V24A,gnn_edge_s2024
S669,2.4,1.1875790357589722,2WQG,Y5F,gnn_edge_s2024
S669,0.74,0.5845619440078735,2ZTA,E11Q,gnn_edge_s2024
S669,-0.2,0.837882399559021,2ZTA,E20Q,gnn_edge_s2024
S669,1.83,0.7889691591262817,2ZTA,E22Q,gnn_edge_s2024
S669,0.41,0.5774925947189331,2ZTA,K15A,gnn_edge_s2024
S669,0.91,0.6950092315673828,2ZTA,K27A,gnn_edge_s2024
S669,0.06,0.5128672122955322,2ZTA,K28A,gnn_edge_s2024
S669,0.39,0.7290065288543701,2ZTA,K8A,gnn_edge_s2024
S669,1.66,0.6738530397415161,2ZTA,R25A,gnn_edge_s2024
S669,1.506,1.580992579460144,3BN0,I20V,gnn_edge_s2024
S669,-0.43,2.192671298980713,3C2I,F155S,gnn_edge_s2024
S669,-0.47,1.1455178260803223,3C2I,T158A,gnn_edge_s2024
S669,-0.25,0.7473750114440918,3C2I,T158M,gnn_edge_s2024
S669,0.5,0.2738836705684662,3FIS,P61A,gnn_edge_s2024
S669,-0.34,-0.4589180052280426,3G1G,D155Y,gnn_edge_s2024
S669,0.74,1.6792296171188354,3G1G,F167Y,gnn_edge_s2024
S669,0.17,0.7144278287887573,3G1G,I190V,gnn_edge_s2024
S669,-1.32,0.26507213711738586,3G1G,R185W,gnn_edge_s2024
S669,3.35,1.1372841596603394,3K82,E334L,gnn_edge_s2024
S669,1.68,2.375272512435913,3K82,E334Q,gnn_edge_s2024
S669,-5.49,1.252267837524414,3K82,E401R,gnn_edge_s2024
S669,-1.194,0.6838223934173584,3MON,R39G,gnn_edge_s2024
S669,2.866,0.0585610568523407,3MON,W3C,gnn_edge_s2024
S669,3.25,2.2089169025421143,3O39,L32P,gnn_edge_s2024
S669,-2.03,0.5860763788223267,3S92,H395R,gnn_edge_s2024
S669,-0.574,0.19338753819465637,4N6V,H75W,gnn_edge_s2024
S669,1.362,0.777782678604126,4N6V,P36G,gnn_edge_s2024
S669,-1.745,0.2559427320957184,4N6V,P79S,gnn_edge_s2024
S669,0.71,1.2159347534179688,4YEE,V134T,gnn_edge_s2024
S669,0.93,0.7675157785415649,4YEF,T134V,gnn_edge_s2024
S669,1.44,0.05197955667972565,5JXB,D329G,gnn_edge_s2024
S669,1.44,-0.4182972013950348,5JXB,D329P,gnn_edge_s2024
S669,1.8,0.9738732576370239,1A0F,S11A,gnn_edge_s2024
S669,2.69,0.6372653245925903,1A7V,A104H,gnn_edge_s2024
S669,1.98,0.4583875238895416,1A7V,A66H,gnn_edge_s2024
S669,1.7,0.6614450216293335,1A7V,A91H,gnn_edge_s2024
S669,1.36,0.8713583946228027,1A7V,D3H,gnn_edge_s2024
S669,2.05,0.47379717230796814,1A7V,D58H,gnn_edge_s2024
S669,3.01,0.42198342084884644,1A7V,E73H,gnn_edge_s2024
S669,0.6,0.617644727230072,1A7V,K13H,gnn_edge_s2024
S669,2.88,0.7802071571350098,1A7V,K20H,gnn_edge_s2024
S669,1.36,0.5547412633895874,1A7V,K31H,gnn_edge_s2024
S669,1.86,0.4672683775424957,1A7V,K39H,gnn_edge_s2024
S669,2.02,0.32829204201698303,1A7V,K49H,gnn_edge_s2024
S669,2.88,1.3144487142562866,1A7V,K84H,gnn_edge_s2024
S669,1.97,0.4341268241405487,1A7V,K97H,gnn_edge_s2024
S669,0.821,1.1037479639053345,1BNL,D76A,gnn_edge_s2024
S669,0.46,0.19689227640628815,1DIV,D23A,gnn_edge_s2024
S669,0.58,0.2796456515789032,1DIV,D23N,gnn_edge_s2024
S669,0.3,0.5712552666664124,1DIV,D8N,gnn_edge_s2024
S669,0.98,0.11234297603368759,1DIV,E100A,gnn_edge_s2024
S669,1.52,0.317758709192276,1DIV,E100G,gnn_edge_s2024
S669,0.21,1.0261400938034058,1DIV,E17Q,gnn_edge_s2024
S669,0.56,1.0100154876708984,1DIV,E38Q,gnn_edge_s2024
S669,-0.03,0.6558401584625244,1DIV,E48Q,gnn_edge_s2024
S669,-0.33,0.27397942543029785,1DIV,E54Q,gnn_edge_s2024
S669,1.53,0.9593034982681274,1DIV,H106Q,gnn_edge_s2024
S669,3.52,1.0013233423233032,1DIV,I115A,gnn_edge_s2024
S669,2.22,1.8103779554367065,1DIV,I4A,gnn_edge_s2024
S669,0.59,1.4423329830169678,1DIV,I4V,gnn_edge_s2024
S669,3.49,1.11226487159729,1DIV,I79A,gnn_edge_s2024
S669,3.19,0.8002711534500122,1DIV,I93A,gnn_edge_s2024
S669,4.28,1.1407761573791504,1DIV,I98A,gnn_edge_s2024
S669,-0.05,0.5122447609901428,1DIV,K10M,gnn_edge_s2024
S669,-0.01,0.3543074429035187,1DIV,K14M,gnn_edge_s2024
S669,0.31,0.5068727731704712,1DIV,K15M,gnn_edge_s2024
S669,-0.35,0.32608041167259216,1DIV,K7M,gnn_edge_s2024
S669,-0.61,0.1921783685684204,1DIV,K96A,gnn_edge_s2024
S669,0.2,0.2791205644607544,1DIV,K96G,gnn_edge_s2024
S669,2.37,1.3474534749984741,1DIV,L102A,gnn_edge_s2024
S669,2.33,0.7888628244400024,1DIV,L108A,gnn_edge_s2024
S669,3.21,0.7801955938339233,1DIV,L110A,gnn_edge_s2024
S669,0.82,0.5350921154022217,1DIV,L117A,gnn_edge_s2024
S669,2.76,1.6319159269332886,1DIV,L30A,gnn_edge_s2024
S669,3.62,1.2295464277267456,1DIV,L30V,gnn_edge_s2024
S669,3.1,0.6057024002075195,1DIV,L6A,gnn_edge_s2024
S669,0.13,0.4263381063938141,1DIV,L6I,gnn_edge_s2024
S669,0.41,0.4757440984249115,1DIV,L6V,gnn_edge_s2024
S669,3.77,1.059130072593689,1DIV,L72A,gnn_edge_s2024
S669,1.46,1.3084142208099365,1DIV,M1A,gnn_edge_s2024
S669,2.36,1.2706962823867798,1DIV,M1G,gnn_edge_s2024
S669,2.33,1.2936936616897583,1DIV,V21A,gnn_edge_s2024
S669,0.4,0.8365827798843384,1DIV,V21I,gnn_edge_s2024
S669,1.23,0.814990758895874,1DIV,V21L,gnn_edge_s2024
S669,2.55,1.584795594215393,1DIV,V3A,gnn_edge_s2024
S669,0.31,0.9070117473602295,1DIV,V3I,gnn_edge_s2024
S669,2.21,0.9020404815673828,1DIV,V3L,gnn_edge_s2024
S669,3.7,0.7251739501953125,1DXX,K18N,gnn_edge_s2024
S669,-0.6,0.9060505628585815,1FH5,S18N,gnn_edge_s2024
S669,1.38,0.8563762903213501,1FT8,L212V,gnn_edge_s2024
S669,0.35,0.6971648931503296,1FT8,L238I,gnn_edge_s2024
S669,-0.27,0.7502732276916504,1FT8,M216L,gnn_edge_s2024
S669,1.6,0.4872712790966034,1GWY,A8D,gnn_edge_s2024
S669,3.3,2.3562958240509033,1ITM,C24T,gnn_edge_s2024
S669,5.0,-0.011534243822097778,1ITM,C3T,gnn_edge_s2024
S669,-1.4,0.38115739822387695,1ITM,W91S,gnn_edge_s2024
S669,1.162,0.14917589724063873,1JLV,E64D,gnn_edge_s2024
S669,2.3040000000000003,0.26210087537765503,1JLV,E64N,gnn_edge_s2024
S669,2.302,0.2370266169309616,1JLV,E64Q,gnn_edge_s2024
S669,-1.4,0.2822476625442505,1LVM,E106G,gnn_edge_s2024
S669,-0.43,1.5991370677947998,1LVM,K45F,gnn_edge_s2024
S669,-0.0,1.4720468521118164,1LVM,L56V,gnn_edge_s2024
S669,-0.6,0.8316248655319214,1LVM,Q58F,gnn_edge_s2024
S669,2.5,0.6583080887794495,1N18,E100G,gnn_edge_s2024
S669,1.4,2.334836006164551,1N18,G85R,gnn_edge_s2024
S669,-1.4,2.6845428943634033,1N18,H46R,gnn_edge_s2024
S669,3.3,0.7942581176757812,1O1U,E110A,gnn_edge_s2024
S669,1.2,0.5871999263763428,1O1U,N61A,gnn_edge_s2024
S669,0.3,0.21958746016025543,1O1U,Q51A,gnn_edge_s2024
S669,-0.3,0.8478463888168335,1O1U,Q99A,gnn_edge_s2024
S669,1.2,1.2715201377868652,1O1U,T38A,gnn_edge_s2024
S669,1.2,0.9707537889480591,1O1U,W49Y,gnn_edge_s2024
S669,0.05,1.5140867233276367,1OSI,I11V,gnn_edge_s2024
S669,-0.39,2.244187593460083,1OSI,S92F,gnn_edge_s2024
S669,0.78,1.4464722871780396,1OSI,V15I,gnn_edge_s2024
S669,1.53,1.8702008724212646,1PFL,A20T,gnn_edge_s2024
S669,1.96,0.7812833786010742,1PFL,G117V,gnn_edge_s2024
S669,3.53,1.7156492471694946,1PFL,M113T,gnn_edge_s2024
S669,-0.07,0.5290478467941284,1PFL,T108M,gnn_edge_s2024
S669,0.3,1.0954596996307373,1PRG,Q286P,gnn_edge_s2024
S669,-0.06,0.7121514081954956,1PRG,R288H,gnn_edge_s2024
S669,-0.03,0.7279255390167236,1PRG,V290M,gnn_edge_s2024
S669,-0.8,1.380263328552246,1SPD,C111S,gnn_edge_s2024
S669,-0.1,0.8389892578125,1SPD,C6A,gnn_edge_s2024
S669,2.9,0.9558995962142944,1XWS,E124Q,gnn_edge_s2024
S669,4.59,0.5660097002983093,1XWS,E135K,gnn_edge_s2024
S669,3.22,0.44768816232681274,1XWS,E142D,gnn_edge_s2024
S669,3.3,1.0298826694488525,1XWS,Y53H,gnn_edge_s2024
S669,0.86,-0.018934771418571472,1XXN,N32D,gnn_edge_s2024
S669,0.645,0.4996139705181122,1XXN,N54E,gnn_edge_s2024
S669,-0.239,-0.20628991723060608,1XXN,S22E,gnn_edge_s2024
S669,0.645,0.9663748741149902,1XXN,S27E,gnn_edge_s2024
S669,-2.87,0.5031713247299194,1XZO,F42W,gnn_edge_s2024
S669,2.89,1.5687133073806763,1XZO,W101F,gnn_edge_s2024
S669,8.93,1.0617319345474243,1XZO,W36A,gnn_edge_s2024
S669,4.25,1.0172767639160156,1XZO,W36F,gnn_edge_s2024
S669,0.7170000000000001,1.428714632987976,2ARF,H1069Q,gnn_edge_s2024
S669,-1.07,0.2212778925895691,2H3F,E12A,gnn_edge_s2024
S669,-1.536,0.41041773557662964,2JIE,H104R,gnn_edge_s2024
S669,0.209,-1.0038233995437622,2JIE,Q22S,gnn_edge_s2024
S669,1.246,0.2823657989501953,2JIE,S17A,gnn_edge_s2024
S669,-0.951,0.07682555168867111,2JIE,S19A,gnn_edge_s2024
S669,0.994,-0.11349809169769287,2JIE,T18A,gnn_edge_s2024
S669,-2.19,-1.2073203325271606,2JIE,W123F,gnn_edge_s2024
S669,-1.06,-0.3501916229724884,2JIE,W123H,gnn_edge_s2024
S669,3.443,2.5204615592956543,2JIE,Y21A,gnn_edge_s2024
S669,-1.26,0.37889522314071655,2KS4,D9A,gnn_edge_s2024
S669,0.23,1.1501047611236572,2KS4,E2A,gnn_edge_s2024
S669,1.57,0.8401484489440918,2LTB,L558P,gnn_edge_s2024
S669,3.11,1.117010235786438,2LTB,L569R,gnn_edge_s2024
S669,3.34,0.3416364789009094,2LTB,M619K,gnn_edge_s2024
S669,1.1,0.7019435167312622,2LTB,R533Q,gnn_edge_s2024
S669,0.36,0.8096739053726196,2LTB,R555Q,gnn_edge_s2024
S669,-1.79,0.5591492652893066,2LTB,R555W,gnn_edge_s2024
S669,4.0,1.2052855491638184,2M5S,D302A,gnn_edge_s2024
S669,2.0,2.0086700916290283,2M5S,H305A,gnn_edge_s2024
S669,2.3,0.8614816665649414,2NTE,R658C,gnn_edge_s2024
S669,-0.5,-0.07406814396381378,2PR5,A33Y,gnn_edge_s2024
S669,0.4,0.47372785210609436,2PR5,A81M,gnn_edge_s2024
S669,-0.3,0.4030078649520874,2PR5,D109E,gnn_edge_s2024
S669,-0.3,0.1404605507850647,2PR5,H22K,gnn_edge_s2024
S669,-1.2,0.002938389778137207,2PR5,H22W,gnn_edge_s2024
S669,-2.9,0.6131391525268555,2PR5,M111F,gnn_edge_s2024
S669,-0.9,0.39989331364631653,2PR5,N107F,gnn_edge_s2024
S669,-0.8,0.5762742757797241,2PR5,N107Y,gnn_edge_s2024
S669,-1.1,0.6374169588088989,2PR5,N124F,gnn_edge_s2024
S669,-2.6,0.5534933805465698,2PR5,N124Y,gnn_edge_s2024
S669,-0.5,1.496557593345642,2PR5,T30M,gnn_edge_s2024
S669,0.5,1.843514323234558,2PR5,T50M,gnn_edge_s2024
S669,-0.2,0.707929253578186,2PR5,T54Y,gnn_edge_s2024
S669,-1.4,0.6076170206069946,2PR5,V120I,gnn_edge_s2024
S669,-0.4,0.9950811862945557,2PR5,V25I,gnn_edge_s2024
S669,0.2,0.7495203018188477,2PR5,V88L,gnn_edge_s2024
S669,0.7,0.7000267505645752,2PR5,V90I,gnn_edge_s2024
S669,6.597,0.4704849123954773,2VY0,E53A,gnn_edge_s2024
S669,-1.369,1.7929104566574097,3BCI,E96Q,gnn_edge_s2024
S669,0.65,-0.47560998797416687,3D3B,D118A,gnn_edge_s2024
S669,0.6,-0.11400443315505981,3D3B,D118E,gnn_edge_s2024
S669,1.6,-0.16520744562149048,3D3B,D118K,gnn_edge_s2024
S669,1.34,-0.2540140748023987,3D3B,D118N,gnn_edge_s2024
S669,1.41,-0.21626809239387512,3D3B,D118R,gnn_edge_s2024
S669,-0.8,3.161370038986206,3ECU,H46R,gnn_edge_s2024
S669,1.3,0.10719329118728638,3S4M,D122Y,gnn_edge_s2024
S669,2.5,0.903529167175293,3S4M,G130V,gnn_edge_s2024
S669,-0.096,1.5317537784576416,3S4M,I154F,gnn_edge_s2024
S669,0.693,0.8450428247451782,3S4M,W155R,gnn_edge_s2024
S669,-0.99,0.7584788799285889,4BJX,A89V,gnn_edge_s2024
S669,1.435,0.6827691793441772,4BUQ,Y48A,gnn_edge_s2024
S669,-0.1,0.8057658672332764,4WAA,K65A,gnn_edge_s2024
S669,2.07,1.1867258548736572,4WAA,K67A,gnn_edge_s2024
S669,0.44,0.9450033903121948,4WAA,R27A,gnn_edge_s2024
S669,-0.413,0.7123289108276367,5VP3,R39K,gnn_edge_s2024
S669,1.745,1.2031368017196655,1BA3,H461D,gnn_edge_s2024
S669,-0.287,0.12235966324806213,1BA3,H489D,gnn_edge_s2024
S669,0.287,0.1556081622838974,1BA3,H489K,gnn_edge_s2024
S669,0.263,-0.10895994305610657,1BA3,H489M,gnn_edge_s2024
S669,1.81,0.9548040628433228,1DIV,V129A,gnn_edge_s2024
S669,0.455,1.0986049175262451,1F8I,F345A,gnn_edge_s2024
S669,-0.05,0.6856861114501953,1FT8,L349I,gnn_edge_s2024
S669,-0.0,1.5079524517059326,1LVM,S135G,gnn_edge_s2024
S669,0.88,0.6110906600952148,1NM1,D187N,gnn_edge_s2024
S669,1.9,0.4368095397949219,1NM1,D187Y,gnn_edge_s2024
S669,2.4,-1.3111149072647095,1PRE,C159S,gnn_edge_s2024
S669,4.2,0.7209337949752808,1R2Y,R244E,gnn_edge_s2024
S669,-0.358,0.6125166416168213,1XXN,N181R,gnn_edge_s2024
S669,-3.02,-0.028948411345481873,3D2A,M134E,gnn_edge_s2024
S669,-3.34,0.18699893355369568,3D2A,M137P,gnn_edge_s2024
S669,-2.11,0.42951634526252747,3D2A,S163P,gnn_edge_s2024
S669,2.99,1.1997219324111938,5OAQ,Y429H,gnn_edge_s2024
ssym,2.3,0.7168259275109103,1AMQ,C191Y,ridge
ssym,1.6,0.49458904098677375,1AMQ,C191F,ridge
ssym,3.9,0.4959287824722353,1AMQ,C191W,ridge
ssym,1.9,1.2900556227207336,1AMQ,C191S,ridge
ssym,4.1,1.0820772356198411,1BNI,F7L,ridge
ssym,4.5,1.6440240510203314,1BNI,L14A,ridge
ssym,1.7,0.7718393069280175,1BNI,T26A,ridge
ssym,1.1,1.2949433129005892,1BNI,I51V,ridge
ssym,1.7,1.7337961304895706,1BNI,I76A,ridge
ssym,1.0,1.2949433129005892,1BNI,I76V,ridge
ssym,1.1,0.5035233135019852,1BNI,Y78F,ridge
ssym,4.0,1.7337961304895706,1BNI,I88A,ridge
ssym,1.6,1.2949433129005892,1BNI,I88V,ridge
ssym,0.5,1.20517123343135,1BNI,L89V,ridge
ssym,2.4,0.6009786003703708,1BNI,S91A,ridge
ssym,3.2,1.7337961304895706,1BNI,I96A,ridge
ssym,3.1,1.2949433129005892,1BNI,I96V,ridge
ssym,-2.5,0.38359303263476496,1CEY,D12A,ridge
ssym,-2.7,0.38359303263476496,1CEY,D13A,ridge
ssym,-3.3,0.38359303263476496,1CEY,D57A,ridge
ssym,0.9,0.6155480781629408,1EY0,T22C,ridge
ssym,0.9,0.33298648933903596,1EY0,T22V,ridge
ssym,0.1,0.9706249895236804,1EY0,V23L,ridge
ssym,1.7,1.0334459913280578,1EY0,L25I,ridge
ssym,-0.4,0.33298648933903596,1EY0,T33V,ridge
ssym,-0.6,0.6155480781629408,1EY0,T41C,ridge
ssym,-0.7,0.16126124723574364,1EY0,T41I,ridge
ssym,1.1,0.9239890674712687,1EY0,T41S,ridge
ssym,-0.8,0.33298648933903596,1EY0,T41V,ridge
ssym,-0.1,0.33298648933903596,1EY0,T44V,ridge
ssym,-0.5,0.6009786003703708,1EY0,S59A,ridge
ssym,2.1,0.9239890674712687,1EY0,T62S,ridge
ssym,0.2,0.33298648933903596,1EY0,T62V,ridge
ssym,1.0,0.9290408351903141,1EY0,V66I,ridge
ssym,0.3,0.9706249895236804,1EY0,V66L,ridge
ssym,7.5,1.4170987554610481,1EY0,V66K,ridge
ssym,0.2,1.1648022251306631,1EY0,I72L,ridge
ssym,1.2,1.2949433129005892,1EY0,I72V,ridge
ssym,0.7,0.9239890674712687,1EY0,T82S,ridge
ssym,0.4,1.2949433129005892,1EY0,I92V,ridge
ssym,-1.0,0.9625832327181009,1EY0,K116G,ridge
ssym,-0.8,0.6365906515330572,1EY0,P117A,ridge
ssym,-0.9,0.931562683954263,1EY0,P117G,ridge
ssym,-1.1,0.6265906870875831,1EY0,P117T,ridge
ssym,1.7,0.6155480781629408,1EY0,T120C,ridge
ssym,0.6,0.9239890674712687,1EY0,T120S,ridge
ssym,1.8,0.33298648933903596,1EY0,T120V,ridge
ssym,-0.7,0.6009786003703708,1EY0,S128A,ridge
ssym,-0.7,1.8189361430558564,1IHB,F71N,ridge
ssym,0.4,1.6477401575974744,1IHB,F82Q,ridge
ssym,1.1,1.8189361430558564,1IHB,F92N,ridge
ssym,2.6,1.0668113393492233,1IOB,T9G,ridge
ssym,1.9,1.378196931298869,1L63,M6A,ridge
ssym,2.8,0.8092030259399614,1L63,M6L,ridge
ssym,-0.1,0.4674594696690359,1L63,E11H,ridge
ssym,0.1,0.7106604767448514,1L63,E11N,ridge
ssym,2.7,1.7337961304895706,1L63,I17A,ridge
ssym,0.3,0.38359303263476496,1L63,D20A,ridge
ssym,-1.3,0.5514580347118725,1L63,D20N,ridge
ssym,-0.7,0.5357427931780162,1L63,D20S,ridge
ssym,3.1,1.7337961304895706,1L63,I27A,ridge
ssym,3.1,1.299577364637693,1L63,I27M,ridge
ssym,2.6,1.7337961304895706,1L63,I29A,ridge
ssym,0.0,0.7688436024474783,1L63,S38N,ridge
ssym,0.6,1.0842348767146346,1L63,A41S,ridge
ssym,2.7,0.49323229858240186,1L63,A42V,ridge
ssym,2.3,1.0842348767146346,1L63,A42S,ridge
ssym,1.0,0.667611200296895,1L63,K43A,ridge
ssym,-0.3,0.6009786003703708,1L63,S44A,ridge
ssym,-0.3,-0.009599459321902981,1L63,S44I,ridge
ssym,-0.4,0.03198469501146317,1L63,S44L,ridge
ssym,-0.2,0.47845846094883104,1L63,S44K,ridge
ssym,0.0,0.6287741597997114,1L63,S44E,ridge
ssym,0.5,0.8959506327915765,1L63,S44G,ridge
ssym,-0.2,0.48643398375212227,1L63,S44R,ridge
ssym,0.1,0.7688436024474783,1L63,S44N,ridge
ssym,-0.1,-0.04233822082033789,1L63,S44F,ridge
ssym,3.0,0.6640421708321516,1L63,S44P,ridge
ssym,0.0,0.5909786359248966,1L63,S44T,ridge
ssym,-0.1,0.16212578278138923,1L63,S44V,ridge
ssym,1.9,1.6440240510203314,1L63,L46A,ridge
ssym,1.0,0.38359303263476496,1L63,D47A,ridge
ssym,0.5,1.0842348767146346,1L63,A49S,ridge
ssym,2.0,1.7337961304895706,1L63,I50A,ridge
ssym,0.4,1.299577364637693,1L63,I50M,ridge
ssym,3.2,1.7337961304895706,1L63,I58A,ridge
ssym,3.4,1.7237961660440964,1L63,I58T,ridge
ssym,1.5,0.7718393069280175,1L63,T59A,ridge
ssym,1.2,0.9569968327888,1L63,T59D,ridge
ssym,1.6,1.0668113393492233,1L63,T59G,ridge
ssym,1.1,0.939704309005125,1L63,T59N,ridge
ssym,0.2,0.9239890674712687,1L63,T59S,ridge
ssym,1.5,0.33298648933903596,1L63,T59V,ridge
ssym,1.0,1.209805285168454,1L63,L66M,ridge
ssym,1.9,1.6510711409787486,1L63,F67A,ridge
ssym,2.7,0.4466566030965457,1L63,D72P,ridge
ssym,0.4,1.0842348767146346,1L63,A73S,ridge
ssym,1.3,1.5296189304371137,1L63,V75T,ridge
ssym,1.2,1.7337961304895706,1L63,I78A,ridge
ssym,1.5,1.299577364637693,1L63,I78M,ridge
ssym,0.8,1.2949433129005892,1L63,I78V,ridge
ssym,0.3,1.0842348767146346,1L63,A82S,ridge
ssym,2.6,1.6440240510203314,1L63,L84A,ridge
ssym,1.9,1.209805285168454,1L63,L84M,ridge
ssym,1.7,1.539618894882588,1L63,V87A,ridge
ssym,2.3,1.10540012903071,1L63,V87M,ridge
ssym,0.3,0.9290408351903141,1L63,V87I,ridge
ssym,1.6,1.5296189304371137,1L63,V87T,ridge
ssym,3.9,1.6440240510203314,1L63,L91A,ridge
ssym,0.8,1.209805285168454,1L63,L91M,ridge
ssym,1.4,0.5514580347118725,1L63,D92N,ridge
ssym,0.2,1.0842348767146346,1L63,A93S,ridge
ssym,1.0,0.7757938874063067,1L63,A98C,ridge
ssym,4.3,0.3630912108124758,1L63,A98L,ridge
ssym,2.5,1.0842348767146346,1L63,A98S,ridge
ssym,3.2,0.49323229858240186,1L63,A98V,ridge
ssym,4.5,1.6440240510203314,1L63,L99A,ridge
ssym,0.3,1.000707229829623,1L63,L99F,ridge
ssym,1.5,1.0334459913280578,1L63,L99I,ridge
ssym,0.6,1.209805285168454,1L63,L99M,ridge
ssym,2.0,1.20517123343135,1L63,L99V,ridge
ssym,3.4,1.7337961304895706,1L63,I100A,ridge
ssym,1.6,1.299577364637693,1L63,I100M,ridge
ssym,0.4,1.2949433129005892,1L63,I100V,ridge
ssym,1.5,0.4010878064845429,1L63,N101A,ridge
ssym,1.0,0.8092030259399614,1L63,M102L,ridge
ssym,2.2,1.539618894882588,1L63,V103A,ridge
ssym,0.5,0.9290408351903141,1L63,V103I,ridge
ssym,1.2,1.10540012903071,1L63,V103M,ridge
ssym,0.4,1.2168523751268712,1L63,F104M,ridge
ssym,1.2,0.14006730174546633,1L63,Q105M,ridge
ssym,-0.2,0.7676188716065951,1L63,M106I,ridge
ssym,-0.5,0.8092030259399614,1L63,M106L,ridge
ssym,3.4,1.2556767918773293,1L63,M106K,ridge
ssym,-0.6,0.9569968327888,1L63,T109D,ridge
ssym,-0.1,0.939704309005125,1L63,T109N,ridge
ssym,1.3,1.539618894882588,1L63,V111A,ridge
ssym,0.9,0.9290408351903141,1L63,V111I,ridge
ssym,0.7,1.10540012903071,1L63,V111M,ridge
ssym,-1.1,-0.04233822082033789,1L63,S117F,ridge
ssym,3.2,1.6440240510203314,1L63,L118A,ridge
ssym,0.7,1.209805285168454,1L63,L118M,ridge
ssym,-0.5,0.8092030259399614,1L63,M120L,ridge
ssym,1.6,1.2556767918773293,1L63,M120K,ridge
ssym,0.1,0.957116996632297,1L63,M120Y,ridge
ssym,0.8,1.209805285168454,1L63,L121M,ridge
ssym,1.2,0.2887682949806747,1L63,A129F,ridge
ssym,2.2,0.29010803646613625,1L63,A129W,ridge
ssym,-1.0,1.0842348767146346,1L63,A130S,ridge
ssym,0.3,1.000707229829623,1L63,L133F,ridge
ssym,0.4,1.209805285168454,1L63,L133M,ridge
ssym,0.1,1.0842348767146346,1L63,A134S,ridge
ssym,-0.5,0.4288833659138834,1L63,N144E,ridge
ssym,3.2,1.539618894882588,1L63,V149A,ridge
ssym,2.0,1.3833276661175113,1L63,V149C,ridge
ssym,4.9,1.8345909273037937,1L63,V149G,ridge
ssym,0.1,0.9290408351903141,1L63,V149I,ridge
ssym,2.8,1.10540012903071,1L63,V149M,ridge
ssym,2.8,1.5296189304371137,1L63,V149T,ridge
ssym,4.4,1.691768655425839,1L63,V149S,ridge
ssym,1.5,0.7718393069280175,1L63,T152A,ridge
ssym,0.5,0.6155480781629408,1L63,T152C,ridge
ssym,0.4,0.16126124723574364,1L63,T152I,ridge
ssym,2.0,0.9239890674712687,1L63,T152S,ridge
ssym,-0.2,0.33298648933903596,1L63,T152V,ridge
ssym,3.8,1.6510711409787486,1L63,F153A,ridge
ssym,0.2,1.040493081286475,1L63,F153I,ridge
ssym,-0.3,1.0820772356198411,1L63,F153L,ridge
ssym,0.6,1.2168523751268712,1L63,F153M,ridge
ssym,1.8,1.2122183233897672,1L63,F153V,ridge
ssym,1.5,1.539618894882588,1LZ1,V2A,ridge
ssym,1.3,1.8345909273037937,1LZ1,V2G,ridge
ssym,1.4,1.691768655425839,1LZ1,V2S,ridge
ssym,0.4,1.1185389602160158,1LZ1,V2Y,ridge
ssym,1.4,1.7247764207433705,1LZ1,V2D,ridge
ssym,1.3,1.7074838969596955,1LZ1,V2N,ridge
ssym,0.4,1.425074278264339,1LZ1,V2R,ridge
ssym,-0.3,0.9706249895236804,1LZ1,V2L,ridge
ssym,0.2,1.10540012903071,1LZ1,V2M,ridge
ssym,0.8,0.8963020736918792,1LZ1,V2F,ridge
ssym,0.5,0.5035233135019852,1LZ1,Y20F,ridge
ssym,2.5,1.7337961304895706,1LZ1,I23A,ridge
ssym,0.4,1.2949433129005892,1LZ1,I23V,ridge
ssym,0.2,0.5035233135019852,1LZ1,Y38F,ridge
ssym,-0.1,0.5035233135019852,1LZ1,Y45F,ridge
ssym,-0.1,0.9951486866331641,1LZ1,A47P,ridge
ssym,1.0,0.5035233135019852,1LZ1,Y54F,ridge
ssym,3.7,1.7337961304895706,1LZ1,I56A,ridge
ssym,4.3,1.7237961660440964,1LZ1,I56T,ridge
ssym,1.2,1.2949433129005892,1LZ1,I56V,ridge
ssym,1.7,1.7337961304895706,1LZ1,I59A,ridge
ssym,3.8,2.0287681629107763,1LZ1,I59G,ridge
ssym,1.1,1.2949433129005892,1LZ1,I59V,ridge
ssym,0.2,0.5035233135019852,1LZ1,Y63F,ridge
ssym,1.6,0.931562683954263,1LZ1,P71G,ridge
ssym,0.4,1.539618894882588,1LZ1,V74A,ridge
ssym,0.1,1.8345909273037937,1LZ1,V74G,ridge
ssym,1.9,0.9290408351903141,1LZ1,V74I,ridge
ssym,0.4,0.9706249895236804,1LZ1,V74L,ridge
ssym,0.4,1.10540012903071,1LZ1,V74M,ridge
ssym,0.0,0.8963020736918792,1LZ1,V74F,ridge
ssym,0.3,1.1185389602160158,1LZ1,V74Y,ridge
ssym,0.4,1.7247764207433705,1LZ1,V74D,ridge
ssym,0.3,1.7074838969596955,1LZ1,V74N,ridge
ssym,0.1,1.425074278264339,1LZ1,V74R,ridge
ssym,0.4,1.691768655425839,1LZ1,V74S,ridge
ssym,4.6,1.1379058621774825,1LZ1,C77A,ridge
ssym,2.7,1.7337961304895706,1LZ1,I89A,ridge
ssym,0.5,1.2949433129005892,1LZ1,I89V,ridge
ssym,0.4,0.4466566030965457,1LZ1,D91P,ridge
ssym,0.7,1.539618894882588,1LZ1,V93A,ridge
ssym,1.0,1.539618894882588,1LZ1,V99A,ridge
ssym,0.3,1.539618894882588,1LZ1,V100A,ridge
ssym,0.1,0.931562683954263,1LZ1,P103G,ridge
ssym,0.9,1.7337961304895706,1LZ1,I106A,ridge
ssym,0.7,1.2949433129005892,1LZ1,I106V,ridge
ssym,-0.5,1.539618894882588,1LZ1,V110A,ridge
ssym,-0.2,1.7247764207433705,1LZ1,V110D,ridge
ssym,2.2,1.8345909273037937,1LZ1,V110G,ridge
ssym,0.8,0.9290408351903141,1LZ1,V110I,ridge
ssym,-0.1,0.9706249895236804,1LZ1,V110L,ridge
ssym,-0.4,1.10540012903071,1LZ1,V110M,ridge
ssym,-0.1,1.7074838969596955,1LZ1,V110N,ridge
ssym,-0.9,1.425074278264339,1LZ1,V110R,ridge
ssym,1.9,0.8963020736918792,1LZ1,V110F,ridge
ssym,-0.5,1.6026824653443685,1LZ1,V110P,ridge
ssym,0.1,1.1185389602160158,1LZ1,V110Y,ridge
ssym,1.4,1.539618894882588,1LZ1,V121A,ridge
ssym,0.4,0.5035233135019852,1LZ1,Y124F,ridge
ssym,1.3,1.539618894882588,1LZ1,V125A,ridge
ssym,0.8,1.539618894882588,1LZ1,V130A,ridge
ssym,-0.2,0.5035233135019852,1OH0,Y32F,ridge
ssym,1.2,0.5035233135019852,1OH0,Y57F,ridge
ssym,-1.4,0.4517659281758044,1RN1,Q25K,ridge
ssym,0.4,1.1648022251306631,1VQB,I47L,ridge
ssym,1.7,1.299577364637693,1VQB,I47M,ridge
ssym,2.0,1.2949433129005892,1VQB,I47V,ridge
ssym,0.6,0.9290408351903141,1VQB,V35I,ridge
ssym,3.2,0.5035233135019852,1VQB,Y41F,ridge
ssym,-0.7,1.1648022251306631,2LZM,I3L,ridge
ssym,0.0,1.577504901724494,2LZM,I3C,ridge
ssym,3.0,1.7968597009513512,2LZM,I3P,ridge
ssym,2.3,1.3127161958229987,2LZM,I3Y,ridge
ssym,0.4,1.2949433129005892,2LZM,I3V,ridge
ssym,1.4,0.7676188716065951,2LZM,M6I,ridge
ssym,-0.5,0.6954067597262357,2LZM,K16E,ridge
ssym,-0.6,0.7861361262311533,2LZM,S38D,ridge
ssym,0.6,0.6960598389057486,2LZM,N55G,ridge
ssym,0.0,0.7306747707586758,2LZM,K60P,ridge
ssym,-0.4,0.4837439434094565,2LZM,G77A,ridge
ssym,-0.8,0.9951486866331641,2LZM,A82P,ridge
ssym,0.6,0.667611200296895,2LZM,K85A,ridge
ssym,0.5,0.38359303263476496,2LZM,D89A,ridge
ssym,2.0,0.6186553417686207,2LZM,R96A,ridge
ssym,3.5,0.8038128676294032,2LZM,R96D,ridge
ssym,2.7,0.1844365759167429,2LZM,R96M,ridge
ssym,2.5,0.6464509011979611,2LZM,R96E,ridge
ssym,2.6,0.9136273741898264,2LZM,R96G,ridge
ssym,0.3,0.6153243583873462,2LZM,R96Q,ridge
ssym,3.1,0.5433193367699127,2LZM,R96H,ridge
ssym,3.0,0.7865203438457282,2LZM,R96N,ridge
ssym,0.0,0.496135202347081,2LZM,R96K,ridge
ssym,2.6,0.7708051023118718,2LZM,R96S,ridge
ssym,4.7,0.19757540710204857,2LZM,R96Y,ridge
ssym,2.4,0.17980252417963927,2LZM,R96V,ridge
ssym,4.5,-0.023321737936626397,2LZM,R96W,ridge
ssym,4.9,0.49323229858240186,2LZM,A98V,ridge
ssym,0.6,0.5742860675973441,2LZM,Q105A,ridge
ssym,1.1,0.6020816270266847,2LZM,Q105E,ridge
ssym,1.5,0.8692581000185499,2LZM,Q105G,ridge
ssym,-0.3,0.4837439434094565,2LZM,G113A,ridge
ssym,-0.3,0.799634866357358,2LZM,T115E,ridge
ssym,-0.6,0.5862453323453254,2LZM,N116D,ridge
ssym,0.0,0.6464509011979611,2LZM,R119E,ridge
ssym,-0.4,0.6020816270266847,2LZM,Q123E,ridge
ssym,0.1,0.9625832327181009,2LZM,K124G,ridge
ssym,-0.3,1.539618894882588,2LZM,V131A,ridge
ssym,-0.1,1.7247764207433705,2LZM,V131D,ridge
ssym,0.7,1.8345909273037937,2LZM,V131G,ridge
ssym,-0.2,0.9290408351903141,2LZM,V131I,ridge
ssym,-0.1,0.9706249895236804,2LZM,V131L,ridge
ssym,0.1,1.691768655425839,2LZM,V131S,ridge
ssym,-0.1,1.10540012903071,2LZM,V131M,ridge
ssym,-0.2,1.5674144543119284,2LZM,V131E,ridge
ssym,4.2,1.6440240510203314,2LZM,L133A,ridge
ssym,1.0,0.6954067597262357,2LZM,K135E,ridge
ssym,-0.4,0.5862453323453254,2LZM,N144D,ridge
ssym,0.7,0.6954067597262357,2LZM,K147E,ridge
ssym,2.2,1.3833276661175113,2LZM,V149C,ridge
ssym,2.6,0.9239890674712687,2LZM,T152S,ridge
ssym,1.1,0.6464509011979611,2LZM,R154E,ridge
ssym,2.3,0.6689014692702391,2LZM,G156D,ridge
ssym,0.5,0.7718393069280175,2LZM,T157A,ridge
ssym,1.3,0.6155480781629408,2LZM,T157C,ridge
ssym,1.1,0.9569968327888,2LZM,T157D,ridge
ssym,0.8,0.799634866357358,2LZM,T157E,ridge
ssym,2.4,0.12852248573730884,2LZM,T157F,ridge
ssym,1.1,1.0668113393492233,2LZM,T157G,ridge
ssym,2.1,0.6965033019293096,2LZM,T157H,ridge
ssym,1.5,0.16126124723574364,2LZM,T157I,ridge
ssym,1.7,0.20284540156911002,2LZM,T157L,ridge
ssym,1.2,0.939704309005125,2LZM,T157N,ridge
ssym,-0.3,0.657294690309769,2LZM,T157R,ridge
ssym,0.7,0.9239890674712687,2LZM,T157S,ridge
ssym,1.2,0.33298648933903596,2LZM,T157V,ridge
ssym,-0.9,0.5514580347118725,2RN2,D10N,ridge
ssym,-0.2,0.5394644912864694,2RN2,E48Q,ridge
ssym,0.5,0.2887682949806747,2RN2,A52F,ridge
ssym,-1.9,0.3215070564791095,2RN2,A52I,ridge
ssym,-1.3,0.3630912108124758,2RN2,A52L,ridge
ssym,-1.7,0.49323229858240186,2RN2,A52V,ridge
ssym,-0.4,0.6675767740039409,2RN2,H62A,ridge
ssym,-1.1,0.7306403444657217,2RN2,H62P,ridge
ssym,-0.9,0.5514580347118725,2RN2,D70N,ridge
ssym,-1.0,0.9706249895236804,2RN2,V74L,ridge
ssym,-0.6,0.9290408351903141,2RN2,V74I,ridge
ssym,0.9,0.4837439434094565,2RN2,G77A,ridge
ssym,-0.1,0.667611200296895,2RN2,K95A,ridge
ssym,-1.9,0.9625832327181009,2RN2,K95G,ridge
ssym,-0.9,0.8354762023740027,2RN2,K95N,ridge
ssym,-2.1,0.38359303263476496,2RN2,D134A,ridge
ssym,-2.3,0.30825702763605706,2RN2,D134H,ridge
ssym,-1.0,0.5514580347118725,2RN2,D134N,ridge
ssym,-0.5,0.7348801101081603,4LYZ,M12F,ridge
ssym,0.4,0.8092030259399614,4LYZ,M12L,ridge
ssym,0.3,0.9239890674712687,4LYZ,T40S,ridge
ssym,0.7,0.4837439434094565,4LYZ,G49A,ridge
ssym,0.9,1.2949433129005892,4LYZ,I55V,ridge
ssym,1.2,1.299577364637693,4LYZ,I58M,ridge
ssym,0.5,0.4837439434094565,4LYZ,G67A,ridge
ssym,2.1,0.4837439434094565,4LYZ,G71A,ridge
ssym,0.9,1.299577364637693,4LYZ,I78M,ridge
ssym,0.2,0.6009786003703708,4LYZ,S91A,ridge
ssym,-1.0,0.5909786359248966,4LYZ,S91T,ridge
ssym,0.9,1.299577364637693,4LYZ,I98M,ridge
ssym,1.2,0.4837439434094565,4LYZ,G102A,ridge
ssym,0.8,0.4837439434094565,4LYZ,G117A,ridge
ssym,1.2,1.6510711409787486,5PTI,F22A,ridge
ssym,5.9,1.1468401346926937,5PTI,Y23A,ridge
ssym,5.0,1.4418121671138997,5PTI,Y35G,ridge
ssym,5.7,0.6960598389057486,5PTI,N43G,ridge
ssym,6.9,1.6510711409787486,5PTI,F45A,ridge
ssym,2.3,0.651868999004364,1AMQ,C191Y,gnn_global_s42
ssym,1.6,0.6429972052574158,1AMQ,C191F,gnn_global_s42
ssym,3.9,0.6593912243843079,1AMQ,C191W,gnn_global_s42
ssym,1.9,0.6723037958145142,1AMQ,C191S,gnn_global_s42
ssym,4.1,0.8636504411697388,1BNI,F7L,gnn_global_s42
ssym,4.5,1.0382411479949951,1BNI,L14A,gnn_global_s42
ssym,1.7,0.7470014691352844,1BNI,T26A,gnn_global_s42
ssym,1.1,0.8546449542045593,1BNI,I51V,gnn_global_s42
ssym,1.7,0.9793708920478821,1BNI,I76A,gnn_global_s42
ssym,1.0,0.9168316721916199,1BNI,I76V,gnn_global_s42
ssym,1.1,0.726824164390564,1BNI,Y78F,gnn_global_s42
ssym,4.0,1.1657686233520508,1BNI,I88A,gnn_global_s42
ssym,1.6,1.0989658832550049,1BNI,I88V,gnn_global_s42
ssym,0.5,0.9249717593193054,1BNI,L89V,gnn_global_s42
ssym,2.4,0.6483002305030823,1BNI,S91A,gnn_global_s42
ssym,3.2,0.9601405262947083,1BNI,I96A,gnn_global_s42
ssym,3.1,0.8915866017341614,1BNI,I96V,gnn_global_s42
ssym,-2.5,0.873228132724762,1CEY,D12A,gnn_global_s42
ssym,-2.7,0.6929129958152771,1CEY,D13A,gnn_global_s42
ssym,-3.3,0.8318940997123718,1CEY,D57A,gnn_global_s42
ssym,0.9,0.851213276386261,1EY0,T22C,gnn_global_s42
ssym,0.9,0.8042683601379395,1EY0,T22V,gnn_global_s42
ssym,0.1,1.1259593963623047,1EY0,V23L,gnn_global_s42
ssym,1.7,1.1810739040374756,1EY0,L25I,gnn_global_s42
ssym,-0.4,0.8517655730247498,1EY0,T33V,gnn_global_s42
ssym,-0.6,0.9829700589179993,1EY0,T41C,gnn_global_s42
ssym,-0.7,0.8950352072715759,1EY0,T41I,gnn_global_s42
ssym,1.1,1.028282642364502,1EY0,T41S,gnn_global_s42
ssym,-0.8,0.9228741526603699,1EY0,T41V,gnn_global_s42
ssym,-0.1,0.7552809119224548,1EY0,T44V,gnn_global_s42
ssym,-0.5,0.8541504740715027,1EY0,S59A,gnn_global_s42
ssym,2.1,1.168858528137207,1EY0,T62S,gnn_global_s42
ssym,0.2,1.0499018430709839,1EY0,T62V,gnn_global_s42
ssym,1.0,1.1274044513702393,1EY0,V66I,gnn_global_s42
ssym,0.3,1.133331060409546,1EY0,V66L,gnn_global_s42
ssym,7.5,1.2658805847167969,1EY0,V66K,gnn_global_s42
ssym,0.2,1.1652729511260986,1EY0,I72L,gnn_global_s42
ssym,1.2,1.200834035873413,1EY0,I72V,gnn_global_s42
ssym,0.7,0.8158376812934875,1EY0,T82S,gnn_global_s42
ssym,0.4,1.241265058517456,1EY0,I92V,gnn_global_s42
ssym,-1.0,0.7024888396263123,1EY0,K116G,gnn_global_s42
ssym,-0.8,0.6552833914756775,1EY0,P117A,gnn_global_s42
ssym,-0.9,0.6715380549430847,1EY0,P117G,gnn_global_s42
ssym,-1.1,0.6748623251914978,1EY0,P117T,gnn_global_s42
ssym,1.7,0.7427641749382019,1EY0,T120C,gnn_global_s42
ssym,0.6,0.7718114256858826,1EY0,T120S,gnn_global_s42
ssym,1.8,0.7023796439170837,1EY0,T120V,gnn_global_s42
ssym,-0.7,0.7328515648841858,1EY0,S128A,gnn_global_s42
ssym,-0.7,0.5281497836112976,1IHB,F71N,gnn_global_s42
ssym,0.4,0.7005048990249634,1IHB,F82Q,gnn_global_s42
ssym,1.1,0.5835126638412476,1IHB,F92N,gnn_global_s42
ssym,2.6,1.1512396335601807,1IOB,T9G,gnn_global_s42
ssym,1.9,0.6396358609199524,1L63,M6A,gnn_global_s42
ssym,2.8,0.5797346830368042,1L63,M6L,gnn_global_s42
ssym,-0.1,0.5132449269294739,1L63,E11H,gnn_global_s42
ssym,0.1,0.5084425210952759,1L63,E11N,gnn_global_s42
ssym,2.7,0.6819611191749573,1L63,I17A,gnn_global_s42
ssym,0.3,0.31472519040107727,1L63,D20A,gnn_global_s42
ssym,-1.3,0.3266211450099945,1L63,D20N,gnn_global_s42
ssym,-0.7,0.33825287222862244,1L63,D20S,gnn_global_s42
ssym,3.1,0.8069582581520081,1L63,I27A,gnn_global_s42
ssym,3.1,0.7828704714775085,1L63,I27M,gnn_global_s42
ssym,2.6,0.6731089949607849,1L63,I29A,gnn_global_s42
ssym,0.0,0.4805785119533539,1L63,S38N,gnn_global_s42
ssym,0.6,0.49468308687210083,1L63,A41S,gnn_global_s42
ssym,2.7,0.5261079668998718,1L63,A42V,gnn_global_s42
ssym,2.3,0.6210705637931824,1L63,A42S,gnn_global_s42
ssym,1.0,0.5058959126472473,1L63,K43A,gnn_global_s42
ssym,-0.3,0.39058080315589905,1L63,S44A,gnn_global_s42
ssym,-0.3,0.3371146023273468,1L63,S44I,gnn_global_s42
ssym,-0.4,0.3510165214538574,1L63,S44L,gnn_global_s42
ssym,-0.2,0.4139080047607422,1L63,S44K,gnn_global_s42
ssym,0.0,0.41865453124046326,1L63,S44E,gnn_global_s42
ssym,0.5,0.3940412998199463,1L63,S44G,gnn_global_s42
ssym,-0.2,0.39201971888542175,1L63,S44R,gnn_global_s42
ssym,0.1,0.41186511516571045,1L63,S44N,gnn_global_s42
ssym,-0.1,0.3607100248336792,1L63,S44F,gnn_global_s42
ssym,3.0,0.4249846339225769,1L63,S44P,gnn_global_s42
ssym,0.0,0.40026411414146423,1L63,S44T,gnn_global_s42
ssym,-0.1,0.3500247001647949,1L63,S44V,gnn_global_s42
ssym,1.9,0.700090229511261,1L63,L46A,gnn_global_s42
ssym,1.0,0.40390363335609436,1L63,D47A,gnn_global_s42
ssym,0.5,0.576763927936554,1L63,A49S,gnn_global_s42
ssym,2.0,0.6269125938415527,1L63,I50A,gnn_global_s42
ssym,0.4,0.6089659929275513,1L63,I50M,gnn_global_s42
ssym,3.2,0.742630124092102,1L63,I58A,gnn_global_s42
ssym,3.4,0.7515588402748108,1L63,I58T,gnn_global_s42
ssym,1.5,0.49160969257354736,1L63,T59A,gnn_global_s42
ssym,1.2,0.5503246188163757,1L63,T59D,gnn_global_s42
ssym,1.6,0.4998701214790344,1L63,T59G,gnn_global_s42
ssym,1.1,0.516760528087616,1L63,T59N,gnn_global_s42
ssym,0.2,0.5222019553184509,1L63,T59S,gnn_global_s42
ssym,1.5,0.4544479250907898,1L63,T59V,gnn_global_s42
ssym,1.0,0.6867828369140625,1L63,L66M,gnn_global_s42
ssym,1.9,0.7012128829956055,1L63,F67A,gnn_global_s42
ssym,2.7,0.45638978481292725,1L63,D72P,gnn_global_s42
ssym,0.4,0.5510657429695129,1L63,A73S,gnn_global_s42
ssym,1.3,0.7137898206710815,1L63,V75T,gnn_global_s42
ssym,1.2,0.796112596988678,1L63,I78A,gnn_global_s42
ssym,1.5,0.7744985818862915,1L63,I78M,gnn_global_s42
ssym,0.8,0.7500689029693604,1L63,I78V,gnn_global_s42
ssym,0.3,0.44655388593673706,1L63,A82S,gnn_global_s42
ssym,2.6,0.7626839280128479,1L63,L84A,gnn_global_s42
ssym,1.9,0.7403904795646667,1L63,L84M,gnn_global_s42
ssym,1.7,0.594870388507843,1L63,V87A,gnn_global_s42
ssym,2.3,0.5814427733421326,1L63,V87M,gnn_global_s42
ssym,0.3,0.5340709686279297,1L63,V87I,gnn_global_s42
ssym,1.6,0.6048257946968079,1L63,V87T,gnn_global_s42
ssym,3.9,0.6260806918144226,1L63,L91A,gnn_global_s42
ssym,0.8,0.617729663848877,1L63,L91M,gnn_global_s42
ssym,1.4,0.41053012013435364,1L63,D92N,gnn_global_s42
ssym,0.2,0.47201913595199585,1L63,A93S,gnn_global_s42
ssym,1.0,0.7075465321540833,1L63,A98C,gnn_global_s42
ssym,4.3,0.6358407139778137,1L63,A98L,gnn_global_s42
ssym,2.5,0.7626689076423645,1L63,A98S,gnn_global_s42
ssym,3.2,0.6592979431152344,1L63,A98V,gnn_global_s42
ssym,4.5,0.8395586609840393,1L63,L99A,gnn_global_s42
ssym,0.3,0.7785902619361877,1L63,L99F,gnn_global_s42
ssym,1.5,0.7624250650405884,1L63,L99I,gnn_global_s42
ssym,0.6,0.8148024678230286,1L63,L99M,gnn_global_s42
ssym,2.0,0.7958690524101257,1L63,L99V,gnn_global_s42
ssym,3.4,0.8215690851211548,1L63,I100A,gnn_global_s42
ssym,1.6,0.7972783446311951,1L63,I100M,gnn_global_s42
ssym,0.4,0.7800018191337585,1L63,I100V,gnn_global_s42
ssym,1.5,0.6362544894218445,1L63,N101A,gnn_global_s42
ssym,1.0,0.6555155515670776,1L63,M102L,gnn_global_s42
ssym,2.2,0.7573922872543335,1L63,V103A,gnn_global_s42
ssym,0.5,0.6863909959793091,1L63,V103I,gnn_global_s42
ssym,1.2,0.7326955199241638,1L63,V103M,gnn_global_s42
ssym,0.4,0.6513640284538269,1L63,F104M,gnn_global_s42
ssym,1.2,0.48498955368995667,1L63,Q105M,gnn_global_s42
ssym,-0.2,0.5711256861686707,1L63,M106I,gnn_global_s42
ssym,-0.5,0.5768642425537109,1L63,M106L,gnn_global_s42
ssym,3.4,0.6592651009559631,1L63,M106K,gnn_global_s42
ssym,-0.6,0.5731750130653381,1L63,T109D,gnn_global_s42
ssym,-0.1,0.5398347973823547,1L63,T109N,gnn_global_s42
ssym,1.3,0.7760180234909058,1L63,V111A,gnn_global_s42
ssym,0.9,0.6993538737297058,1L63,V111I,gnn_global_s42
ssym,0.7,0.7506687045097351,1L63,V111M,gnn_global_s42
ssym,-1.1,0.487196683883667,1L63,S117F,gnn_global_s42
ssym,3.2,0.7522954940795898,1L63,L118A,gnn_global_s42
ssym,0.7,0.7307952046394348,1L63,L118M,gnn_global_s42
ssym,-0.5,0.4201107621192932,1L63,M120L,gnn_global_s42
ssym,1.6,0.4827742576599121,1L63,M120K,gnn_global_s42
ssym,0.1,0.4414060115814209,1L63,M120Y,gnn_global_s42
ssym,0.8,0.7136461138725281,1L63,L121M,gnn_global_s42
ssym,1.2,0.5502148270606995,1L63,A129F,gnn_global_s42
ssym,2.2,0.6043703556060791,1L63,A129W,gnn_global_s42
ssym,-1.0,0.6367441415786743,1L63,A130S,gnn_global_s42
ssym,0.3,0.7465620040893555,1L63,L133F,gnn_global_s42
ssym,0.4,0.7729911208152771,1L63,L133M,gnn_global_s42
ssym,0.1,0.5860849022865295,1L63,A134S,gnn_global_s42
ssym,-0.5,0.36003378033638,1L63,N144E,gnn_global_s42
ssym,3.2,0.6995975971221924,1L63,V149A,gnn_global_s42
ssym,2.0,0.7078864574432373,1L63,V149C,gnn_global_s42
ssym,4.9,0.722428023815155,1L63,V149G,gnn_global_s42
ssym,0.1,0.6326808333396912,1L63,V149I,gnn_global_s42
ssym,2.8,0.684101939201355,1L63,V149M,gnn_global_s42
ssym,2.8,0.7093050479888916,1L63,V149T,gnn_global_s42
ssym,4.4,0.7600167393684387,1L63,V149S,gnn_global_s42
ssym,1.5,0.6244472861289978,1L63,T152A,gnn_global_s42
ssym,0.5,0.6310310959815979,1L63,T152C,gnn_global_s42
ssym,0.4,0.5502452850341797,1L63,T152I,gnn_global_s42
ssym,2.0,0.6752555966377258,1L63,T152S,gnn_global_s42
ssym,-0.2,0.576815128326416,1L63,T152V,gnn_global_s42
ssym,3.8,0.7756971716880798,1L63,F153A,gnn_global_s42
ssym,0.2,0.7050431370735168,1L63,F153I,gnn_global_s42
ssym,-0.3,0.7087441086769104,1L63,F153L,gnn_global_s42
ssym,0.6,0.7543924450874329,1L63,F153M,gnn_global_s42
ssym,1.8,0.7345649003982544,1L63,F153V,gnn_global_s42
ssym,1.5,1.0767924785614014,1LZ1,V2A,gnn_global_s42
ssym,1.3,1.0804986953735352,1LZ1,V2G,gnn_global_s42
ssym,1.4,1.1044723987579346,1LZ1,V2S,gnn_global_s42
ssym,0.4,1.0530990362167358,1LZ1,V2Y,gnn_global_s42
ssym,1.4,1.1408154964447021,1LZ1,V2D,gnn_global_s42
ssym,1.3,1.1067529916763306,1LZ1,V2N,gnn_global_s42
ssym,0.4,1.0667815208435059,1LZ1,V2R,gnn_global_s42
ssym,-0.3,1.0146456956863403,1LZ1,V2L,gnn_global_s42
ssym,0.2,1.0502123832702637,1LZ1,V2M,gnn_global_s42
ssym,0.8,1.0321789979934692,1LZ1,V2F,gnn_global_s42
ssym,0.5,0.9770892262458801,1LZ1,Y20F,gnn_global_s42
ssym,2.5,1.1614128351211548,1LZ1,I23A,gnn_global_s42
ssym,0.4,1.104400634765625,1LZ1,I23V,gnn_global_s42
ssym,0.2,1.1284431219100952,1LZ1,Y38F,gnn_global_s42
ssym,-0.1,0.7761299014091492,1LZ1,Y45F,gnn_global_s42
ssym,-0.1,0.8655642867088318,1LZ1,A47P,gnn_global_s42
ssym,1.0,0.9946555495262146,1LZ1,Y54F,gnn_global_s42
ssym,3.7,1.3821442127227783,1LZ1,I56A,gnn_global_s42
ssym,4.3,1.3936039209365845,1LZ1,I56T,gnn_global_s42
ssym,1.2,1.3231747150421143,1LZ1,I56V,gnn_global_s42
ssym,1.7,1.2920520305633545,1LZ1,I59A,gnn_global_s42
ssym,3.8,1.3082046508789062,1LZ1,I59G,gnn_global_s42
ssym,1.1,1.239691972732544,1LZ1,I59V,gnn_global_s42
ssym,0.2,0.8639116883277893,1LZ1,Y63F,gnn_global_s42
ssym,1.6,0.7876365780830383,1LZ1,P71G,gnn_global_s42
ssym,0.4,1.0147217512130737,1LZ1,V74A,gnn_global_s42
ssym,0.1,1.016160249710083,1LZ1,V74G,gnn_global_s42
ssym,1.9,0.941320538520813,1LZ1,V74I,gnn_global_s42
ssym,0.4,0.9535816311836243,1LZ1,V74L,gnn_global_s42
ssym,0.4,0.9892885088920593,1LZ1,V74M,gnn_global_s42
ssym,0.0,0.9737971425056458,1LZ1,V74F,gnn_global_s42
ssym,0.3,0.9932193756103516,1LZ1,V74Y,gnn_global_s42
ssym,0.4,1.0802276134490967,1LZ1,V74D,gnn_global_s42
ssym,0.3,1.0435912609100342,1LZ1,V74N,gnn_global_s42
ssym,0.1,1.0052626132965088,1LZ1,V74R,gnn_global_s42
ssym,0.4,1.0378532409667969,1LZ1,V74S,gnn_global_s42
ssym,4.6,1.1465216875076294,1LZ1,C77A,gnn_global_s42
ssym,2.7,1.3897876739501953,1LZ1,I89A,gnn_global_s42
ssym,0.5,1.3353939056396484,1LZ1,I89V,gnn_global_s42
ssym,0.4,1.0924441814422607,1LZ1,D91P,gnn_global_s42
ssym,0.7,1.3173109292984009,1LZ1,V93A,gnn_global_s42
ssym,1.0,1.1642482280731201,1LZ1,V99A,gnn_global_s42
ssym,0.3,1.131019115447998,1LZ1,V100A,gnn_global_s42
ssym,0.1,0.7994412183761597,1LZ1,P103G,gnn_global_s42
ssym,0.9,1.1549787521362305,1LZ1,I106A,gnn_global_s42
ssym,0.7,1.102097511291504,1LZ1,I106V,gnn_global_s42
ssym,-0.5,0.9063724875450134,1LZ1,V110A,gnn_global_s42
ssym,-0.2,0.9616385102272034,1LZ1,V110D,gnn_global_s42
ssym,2.2,0.9082024097442627,1LZ1,V110G,gnn_global_s42
ssym,0.8,0.8542646765708923,1LZ1,V110I,gnn_global_s42
ssym,-0.1,0.8642299771308899,1LZ1,V110L,gnn_global_s42
ssym,-0.4,0.889455258846283,1LZ1,V110M,gnn_global_s42
ssym,-0.1,0.9297385811805725,1LZ1,V110N,gnn_global_s42
ssym,-0.9,0.9089389443397522,1LZ1,V110R,gnn_global_s42
ssym,1.9,0.8783511519432068,1LZ1,V110F,gnn_global_s42
ssym,-0.5,0.9385429620742798,1LZ1,V110P,gnn_global_s42
ssym,0.1,0.8915128707885742,1LZ1,V110Y,gnn_global_s42
ssym,1.4,0.9931155443191528,1LZ1,V121A,gnn_global_s42
ssym,0.4,0.9990672469139099,1LZ1,Y124F,gnn_global_s42
ssym,1.3,1.185488224029541,1LZ1,V125A,gnn_global_s42
ssym,0.8,1.1297271251678467,1LZ1,V130A,gnn_global_s42
ssym,-0.2,1.0924484729766846,1OH0,Y32F,gnn_global_s42
ssym,1.2,1.1697602272033691,1OH0,Y57F,gnn_global_s42
ssym,-1.4,1.4263396263122559,1RN1,Q25K,gnn_global_s42
ssym,0.4,1.5937975645065308,1VQB,I47L,gnn_global_s42
ssym,1.7,1.6741576194763184,1VQB,I47M,gnn_global_s42
ssym,2.0,1.6453628540039062,1VQB,I47V,gnn_global_s42
ssym,0.6,1.5214073657989502,1VQB,V35I,gnn_global_s42
ssym,3.2,0.9142858386039734,1VQB,Y41F,gnn_global_s42
ssym,-0.7,0.7023457288742065,2LZM,I3L,gnn_global_s42
ssym,0.0,0.7704192996025085,2LZM,I3C,gnn_global_s42
ssym,3.0,0.8343719840049744,2LZM,I3P,gnn_global_s42
ssym,2.3,0.7396878600120544,2LZM,I3Y,gnn_global_s42
ssym,0.4,0.7292777895927429,2LZM,I3V,gnn_global_s42
ssym,1.4,0.607626736164093,2LZM,M6I,gnn_global_s42
ssym,-0.5,0.5424979329109192,2LZM,K16E,gnn_global_s42
ssym,-0.6,0.5336183905601501,2LZM,S38D,gnn_global_s42
ssym,0.6,0.473304808139801,2LZM,N55G,gnn_global_s42
ssym,0.0,0.496357262134552,2LZM,K60P,gnn_global_s42
ssym,-0.4,0.6030038595199585,2LZM,G77A,gnn_global_s42
ssym,-0.8,0.48237890005111694,2LZM,A82P,gnn_global_s42
ssym,0.6,0.4123767018318176,2LZM,K85A,gnn_global_s42
ssym,0.5,0.3679666519165039,2LZM,D89A,gnn_global_s42
ssym,2.0,0.43772751092910767,2LZM,R96A,gnn_global_s42
ssym,3.5,0.5033066272735596,2LZM,R96D,gnn_global_s42
ssym,2.7,0.4363887906074524,2LZM,R96M,gnn_global_s42
ssym,2.5,0.4677794277667999,2LZM,R96E,gnn_global_s42
ssym,2.6,0.4460996091365814,2LZM,R96G,gnn_global_s42
ssym,0.3,0.4466480612754822,2LZM,R96Q,gnn_global_s42
ssym,3.1,0.45047247409820557,2LZM,R96H,gnn_global_s42
ssym,3.0,0.4604586362838745,2LZM,R96N,gnn_global_s42
ssym,0.0,0.46853768825531006,2LZM,R96K,gnn_global_s42
ssym,2.6,0.46486905217170715,2LZM,R96S,gnn_global_s42
ssym,4.7,0.4279382824897766,2LZM,R96Y,gnn_global_s42
ssym,2.4,0.4033709168434143,2LZM,R96V,gnn_global_s42
ssym,4.5,0.4274158179759979,2LZM,R96W,gnn_global_s42
ssym,4.9,0.6675283312797546,2LZM,A98V,gnn_global_s42
ssym,0.6,0.5263673663139343,2LZM,Q105A,gnn_global_s42
ssym,1.1,0.5585386157035828,2LZM,Q105E,gnn_global_s42
ssym,1.5,0.5371698141098022,2LZM,Q105G,gnn_global_s42
ssym,-0.3,0.5904386639595032,2LZM,G113A,gnn_global_s42
ssym,-0.3,0.5177471041679382,2LZM,T115E,gnn_global_s42
ssym,-0.6,0.4468781352043152,2LZM,N116D,gnn_global_s42
ssym,0.0,0.3276742398738861,2LZM,R119E,gnn_global_s42
ssym,-0.4,0.3516682982444763,2LZM,Q123E,gnn_global_s42
ssym,0.1,0.39608702063560486,2LZM,K124G,gnn_global_s42
ssym,-0.3,0.5818162560462952,2LZM,V131A,gnn_global_s42
ssym,-0.1,0.6435067057609558,2LZM,V131D,gnn_global_s42
ssym,0.7,0.5857029557228088,2LZM,V131G,gnn_global_s42
ssym,-0.2,0.5159602761268616,2LZM,V131I,gnn_global_s42
ssym,-0.1,0.5291054844856262,2LZM,V131L,gnn_global_s42
ssym,0.1,0.6066194772720337,2LZM,V131S,gnn_global_s42
ssym,-0.1,0.5620006918907166,2LZM,V131M,gnn_global_s42
ssym,-0.2,0.6111868023872375,2LZM,V131E,gnn_global_s42
ssym,4.2,0.8229072690010071,2LZM,L133A,gnn_global_s42
ssym,1.0,0.4924999475479126,2LZM,K135E,gnn_global_s42
ssym,-0.4,0.3847767114639282,2LZM,N144D,gnn_global_s42
ssym,0.7,0.43619000911712646,2LZM,K147E,gnn_global_s42
ssym,2.2,0.7347079515457153,2LZM,V149C,gnn_global_s42
ssym,2.6,0.6771811842918396,2LZM,T152S,gnn_global_s42
ssym,1.1,0.5049141049385071,2LZM,R154E,gnn_global_s42
ssym,2.3,0.5197367072105408,2LZM,G156D,gnn_global_s42
ssym,0.5,0.4509603977203369,2LZM,T157A,gnn_global_s42
ssym,1.3,0.451820969581604,2LZM,T157C,gnn_global_s42
ssym,1.1,0.5133655667304993,2LZM,T157D,gnn_global_s42
ssym,0.8,0.48123177886009216,2LZM,T157E,gnn_global_s42
ssym,2.4,0.4193446636199951,2LZM,T157F,gnn_global_s42
ssym,1.1,0.4593794643878937,2LZM,T157G,gnn_global_s42
ssym,2.1,0.46343138813972473,2LZM,T157H,gnn_global_s42
ssym,1.5,0.39895278215408325,2LZM,T157I,gnn_global_s42
ssym,1.7,0.41083166003227234,2LZM,T157L,gnn_global_s42
ssym,1.2,0.4762874245643616,2LZM,T157N,gnn_global_s42
ssym,-0.3,0.4562309980392456,2LZM,T157R,gnn_global_s42
ssym,0.7,0.47619837522506714,2LZM,T157S,gnn_global_s42
ssym,1.2,0.41369664669036865,2LZM,T157V,gnn_global_s42
ssym,-0.9,0.9501846432685852,2RN2,D10N,gnn_global_s42
ssym,-0.2,0.9218607544898987,2RN2,E48Q,gnn_global_s42
ssym,0.5,1.1937108039855957,2RN2,A52F,gnn_global_s42
ssym,-1.9,1.173996925354004,2RN2,A52I,gnn_global_s42
ssym,-1.3,1.1757705211639404,2RN2,A52L,gnn_global_s42
ssym,-1.7,1.208950400352478,2RN2,A52V,gnn_global_s42
ssym,-0.4,0.8800776600837708,2RN2,H62A,gnn_global_s42
ssym,-1.1,0.9173434376716614,2RN2,H62P,gnn_global_s42
ssym,-0.9,0.8305599689483643,2RN2,D70N,gnn_global_s42
ssym,-1.0,1.099595308303833,2RN2,V74L,gnn_global_s42
ssym,-0.6,1.0918619632720947,2RN2,V74I,gnn_global_s42
ssym,0.9,0.9508915543556213,2RN2,G77A,gnn_global_s42
ssym,-0.1,0.7462591528892517,2RN2,K95A,gnn_global_s42
ssym,-1.9,0.7653172612190247,2RN2,K95G,gnn_global_s42
ssym,-0.9,0.7627376914024353,2RN2,K95N,gnn_global_s42
ssym,-2.1,0.835310697555542,2RN2,D134A,gnn_global_s42
ssym,-2.3,0.8420062065124512,2RN2,D134H,gnn_global_s42
ssym,-1.0,0.8543286919593811,2RN2,D134N,gnn_global_s42
ssym,-0.5,1.58042573928833,4LYZ,M12F,gnn_global_s42
ssym,0.4,1.5590965747833252,4LYZ,M12L,gnn_global_s42
ssym,0.3,1.5048962831497192,4LYZ,T40S,gnn_global_s42
ssym,0.7,1.0828025341033936,4LYZ,G49A,gnn_global_s42
ssym,0.9,1.6199877262115479,4LYZ,I55V,gnn_global_s42
ssym,1.2,1.553187608718872,4LYZ,I58M,gnn_global_s42
ssym,0.5,1.126267671585083,4LYZ,G67A,gnn_global_s42
ssym,2.1,1.078566551208496,4LYZ,G71A,gnn_global_s42
ssym,0.9,1.4829145669937134,4LYZ,I78M,gnn_global_s42
ssym,0.2,1.487551212310791,4LYZ,S91A,gnn_global_s42
ssym,-1.0,1.497391700744629,4LYZ,S91T,gnn_global_s42
ssym,0.9,1.453324556350708,4LYZ,I98M,gnn_global_s42
ssym,1.2,1.1580113172531128,4LYZ,G102A,gnn_global_s42
ssym,0.8,1.2054927349090576,4LYZ,G117A,gnn_global_s42
ssym,1.2,1.6054154634475708,5PTI,F22A,gnn_global_s42
ssym,5.9,1.7400659322738647,5PTI,Y23A,gnn_global_s42
ssym,5.0,1.4580562114715576,5PTI,Y35G,gnn_global_s42
ssym,5.7,1.3011780977249146,5PTI,N43G,gnn_global_s42
ssym,6.9,1.4328745603561401,5PTI,F45A,gnn_global_s42
ssym,2.3,1.0327517986297607,1AMQ,C191Y,gnn_local_s42
ssym,1.6,0.9198579788208008,1AMQ,C191F,gnn_local_s42
ssym,3.9,0.8885570764541626,1AMQ,C191W,gnn_local_s42
ssym,1.9,1.2610353231430054,1AMQ,C191S,gnn_local_s42
ssym,4.1,1.0729601383209229,1BNI,F7L,gnn_local_s42
ssym,4.5,1.553384780883789,1BNI,L14A,gnn_local_s42
ssym,1.7,0.7976126670837402,1BNI,T26A,gnn_local_s42
ssym,1.1,1.5236616134643555,1BNI,I51V,gnn_local_s42
ssym,1.7,2.075098752975464,1BNI,I76A,gnn_local_s42
ssym,1.0,1.6252094507217407,1BNI,I76V,gnn_local_s42
ssym,1.1,0.7154724597930908,1BNI,Y78F,gnn_local_s42
ssym,4.0,1.8310959339141846,1BNI,I88A,gnn_local_s42
ssym,1.6,1.485497236251831,1BNI,I88V,gnn_local_s42
ssym,0.5,1.5776076316833496,1BNI,L89V,gnn_local_s42
ssym,2.4,0.7383456230163574,1BNI,S91A,gnn_local_s42
ssym,3.2,1.6531450748443604,1BNI,I96A,gnn_local_s42
ssym,3.1,1.1970481872558594,1BNI,I96V,gnn_local_s42
ssym,-2.5,0.8900207281112671,1CEY,D12A,gnn_local_s42
ssym,-2.7,0.20306122303009033,1CEY,D13A,gnn_local_s42
ssym,-3.3,0.7111133337020874,1CEY,D57A,gnn_local_s42
ssym,0.9,0.7910623550415039,1EY0,T22C,gnn_local_s42
ssym,0.9,0.6507720947265625,1EY0,T22V,gnn_local_s42
ssym,0.1,1.8624681234359741,1EY0,V23L,gnn_local_s42
ssym,1.7,1.4739570617675781,1EY0,L25I,gnn_local_s42
ssym,-0.4,0.6901282072067261,1EY0,T33V,gnn_local_s42
ssym,-0.6,1.727973222732544,1EY0,T41C,gnn_local_s42
ssym,-0.7,1.4190783500671387,1EY0,T41I,gnn_local_s42
ssym,1.1,1.9392895698547363,1EY0,T41S,gnn_local_s42
ssym,-0.8,1.5423853397369385,1EY0,T41V,gnn_local_s42
ssym,-0.1,0.5761603116989136,1EY0,T44V,gnn_local_s42
ssym,-0.5,1.1819735765457153,1EY0,S59A,gnn_local_s42
ssym,2.1,1.8506624698638916,1EY0,T62S,gnn_local_s42
ssym,0.2,1.43424654006958,1EY0,T62V,gnn_local_s42
ssym,1.0,1.663466215133667,1EY0,V66I,gnn_local_s42
ssym,0.3,1.7882330417633057,1EY0,V66L,gnn_local_s42
ssym,7.5,2.411776065826416,1EY0,V66K,gnn_local_s42
ssym,0.2,1.6482758522033691,1EY0,I72L,gnn_local_s42
ssym,1.2,1.861109972000122,1EY0,I72V,gnn_local_s42
ssym,0.7,0.5147212743759155,1EY0,T82S,gnn_local_s42
ssym,0.4,2.0785579681396484,1EY0,I92V,gnn_local_s42
ssym,-1.0,0.6302363872528076,1EY0,K116G,gnn_local_s42
ssym,-0.8,0.45311424136161804,1EY0,P117A,gnn_local_s42
ssym,-0.9,0.5970271825790405,1EY0,P117G,gnn_local_s42
ssym,-1.1,0.45602837204933167,1EY0,P117T,gnn_local_s42
ssym,1.7,0.4719094932079315,1EY0,T120C,gnn_local_s42
ssym,0.6,0.7289104461669922,1EY0,T120S,gnn_local_s42
ssym,1.8,0.5453794002532959,1EY0,T120V,gnn_local_s42
ssym,-0.7,0.7222388982772827,1EY0,S128A,gnn_local_s42
ssym,-0.7,1.030361533164978,1IHB,F71N,gnn_local_s42
ssym,0.4,1.1911667585372925,1IHB,F82Q,gnn_local_s42
ssym,1.1,1.2004919052124023,1IHB,F92N,gnn_local_s42
ssym,2.6,1.799422025680542,1IOB,T9G,gnn_local_s42
ssym,1.9,1.8144301176071167,1L63,M6A,gnn_local_s42
ssym,2.8,1.2849191427230835,1L63,M6L,gnn_local_s42
ssym,-0.1,0.5091334581375122,1L63,E11H,gnn_local_s42
ssym,0.1,0.7405949831008911,1L63,E11N,gnn_local_s42
ssym,2.7,1.5747809410095215,1L63,I17A,gnn_local_s42
ssym,0.3,0.433997243642807,1L63,D20A,gnn_local_s42
ssym,-1.3,0.5702680349349976,1L63,D20N,gnn_local_s42
ssym,-0.7,0.4164501428604126,1L63,D20S,gnn_local_s42
ssym,3.1,2.1692628860473633,1L63,I27A,gnn_local_s42
ssym,3.1,1.8206220865249634,1L63,I27M,gnn_local_s42
ssym,2.6,1.7804698944091797,1L63,I29A,gnn_local_s42
ssym,0.0,0.5524919033050537,1L63,S38N,gnn_local_s42
ssym,0.6,0.5416055917739868,1L63,A41S,gnn_local_s42
ssym,2.7,0.7594423294067383,1L63,A42V,gnn_local_s42
ssym,2.3,1.331890344619751,1L63,A42S,gnn_local_s42
ssym,1.0,0.5933592319488525,1L63,K43A,gnn_local_s42
ssym,-0.3,0.2108706831932068,1L63,S44A,gnn_local_s42
ssym,-0.3,0.1132986843585968,1L63,S44I,gnn_local_s42
ssym,-0.4,0.12132439017295837,1L63,S44L,gnn_local_s42
ssym,-0.2,0.2448703944683075,1L63,S44K,gnn_local_s42
ssym,0.0,0.48244717717170715,1L63,S44E,gnn_local_s42
ssym,0.5,0.3643897473812103,1L63,S44G,gnn_local_s42
ssym,-0.2,0.2644483745098114,1L63,S44R,gnn_local_s42
ssym,0.1,0.3167559802532196,1L63,S44N,gnn_local_s42
ssym,-0.1,0.0653633177280426,1L63,S44F,gnn_local_s42
ssym,3.0,0.4582841694355011,1L63,S44P,gnn_local_s42
ssym,0.0,0.27756163477897644,1L63,S44T,gnn_local_s42
ssym,-0.1,0.06948572397232056,1L63,S44V,gnn_local_s42
ssym,1.9,1.7763547897338867,1L63,L46A,gnn_local_s42
ssym,1.0,0.4068131148815155,1L63,D47A,gnn_local_s42
ssym,0.5,0.6576589345932007,1L63,A49S,gnn_local_s42
ssym,2.0,1.6318659782409668,1L63,I50A,gnn_local_s42
ssym,0.4,1.346205711364746,1L63,I50M,gnn_local_s42
ssym,3.2,2.0834712982177734,1L63,I58A,gnn_local_s42
ssym,3.4,2.2601287364959717,1L63,I58T,gnn_local_s42
ssym,1.5,0.43806031346321106,1L63,T59A,gnn_local_s42
ssym,1.2,0.773041844367981,1L63,T59D,gnn_local_s42
ssym,1.6,0.621330976486206,1L63,T59G,gnn_local_s42
ssym,1.1,0.6332525014877319,1L63,T59N,gnn_local_s42
ssym,0.2,0.46874895691871643,1L63,T59S,gnn_local_s42
ssym,1.5,0.2037786841392517,1L63,T59V,gnn_local_s42
ssym,1.0,1.3670858144760132,1L63,L66M,gnn_local_s42
ssym,1.9,1.5393708944320679,1L63,F67A,gnn_local_s42
ssym,2.7,0.17519894242286682,1L63,D72P,gnn_local_s42
ssym,0.4,0.6101416349411011,1L63,A73S,gnn_local_s42
ssym,1.3,1.6843249797821045,1L63,V75T,gnn_local_s42
ssym,1.2,2.0162911415100098,1L63,I78A,gnn_local_s42
ssym,1.5,1.7212077379226685,1L63,I78M,gnn_local_s42
ssym,0.8,1.60207998752594,1L63,I78V,gnn_local_s42
ssym,0.3,0.25538551807403564,1L63,A82S,gnn_local_s42
ssym,2.6,2.2385730743408203,1L63,L84A,gnn_local_s42
ssym,1.9,1.9133695363998413,1L63,L84M,gnn_local_s42
ssym,1.7,1.365710735321045,1L63,V87A,gnn_local_s42
ssym,2.3,1.0075244903564453,1L63,V87M,gnn_local_s42
ssym,0.3,0.694635272026062,1L63,V87I,gnn_local_s42
ssym,1.6,1.5033520460128784,1L63,V87T,gnn_local_s42
ssym,3.9,1.696242332458496,1L63,L91A,gnn_local_s42
ssym,0.8,1.318568229675293,1L63,L91M,gnn_local_s42
ssym,1.4,0.3221568763256073,1L63,D92N,gnn_local_s42
ssym,0.2,0.0984116941690445,1L63,A93S,gnn_local_s42
ssym,1.0,1.5726244449615479,1L63,A98C,gnn_local_s42
ssym,4.3,1.1111434698104858,1L63,A98L,gnn_local_s42
ssym,2.5,1.6898677349090576,1L63,A98S,gnn_local_s42
ssym,3.2,1.2689509391784668,1L63,A98V,gnn_local_s42
ssym,4.5,1.9833035469055176,1L63,L99A,gnn_local_s42
ssym,0.3,1.590491533279419,1L63,L99F,gnn_local_s42
ssym,1.5,1.343961238861084,1L63,L99I,gnn_local_s42
ssym,0.6,1.683708667755127,1L63,L99M,gnn_local_s42
ssym,2.0,1.6363890171051025,1L63,L99V,gnn_local_s42
ssym,3.4,1.8597004413604736,1L63,I100A,gnn_local_s42
ssym,1.6,1.5646893978118896,1L63,I100M,gnn_local_s42
ssym,0.4,1.503810167312622,1L63,I100V,gnn_local_s42
ssym,1.5,1.355438470840454,1L63,N101A,gnn_local_s42
ssym,1.0,1.1639931201934814,1L63,M102L,gnn_local_s42
ssym,2.2,1.7511765956878662,1L63,V103A,gnn_local_s42
ssym,0.5,1.0228359699249268,1L63,V103I,gnn_local_s42
ssym,1.2,1.3665046691894531,1L63,V103M,gnn_local_s42
ssym,0.4,1.0546845197677612,1L63,F104M,gnn_local_s42
ssym,1.2,0.4419514238834381,1L63,Q105M,gnn_local_s42
ssym,-0.2,0.5367012023925781,1L63,M106I,gnn_local_s42
ssym,-0.5,0.6492258310317993,1L63,M106L,gnn_local_s42
ssym,3.4,1.3452805280685425,1L63,M106K,gnn_local_s42
ssym,-0.6,0.9575381278991699,1L63,T109D,gnn_local_s42
ssym,-0.1,0.9280022382736206,1L63,T109N,gnn_local_s42
ssym,1.3,2.050483465194702,1L63,V111A,gnn_local_s42
ssym,0.9,1.257399559020996,1L63,V111I,gnn_local_s42
ssym,0.7,1.6463162899017334,1L63,V111M,gnn_local_s42
ssym,-1.1,0.6500232219696045,1L63,S117F,gnn_local_s42
ssym,3.2,2.130798816680908,1L63,L118A,gnn_local_s42
ssym,0.7,1.7794771194458008,1L63,L118M,gnn_local_s42
ssym,-0.5,0.51613450050354,1L63,M120L,gnn_local_s42
ssym,1.6,0.7861332893371582,1L63,M120K,gnn_local_s42
ssym,0.1,0.8165346384048462,1L63,M120Y,gnn_local_s42
ssym,0.8,1.6915326118469238,1L63,L121M,gnn_local_s42
ssym,1.2,0.783676266670227,1L63,A129F,gnn_local_s42
ssym,2.2,0.7656188011169434,1L63,A129W,gnn_local_s42
ssym,-1.0,1.074653148651123,1L63,A130S,gnn_local_s42
ssym,0.3,1.813891887664795,1L63,L133F,gnn_local_s42
ssym,0.4,1.8464123010635376,1L63,L133M,gnn_local_s42
ssym,0.1,0.7170490026473999,1L63,A134S,gnn_local_s42
ssym,-0.5,0.33995094895362854,1L63,N144E,gnn_local_s42
ssym,3.2,2.073368549346924,1L63,V149A,gnn_local_s42
ssym,2.0,1.9667797088623047,1L63,V149C,gnn_local_s42
ssym,4.9,2.2765655517578125,1L63,V149G,gnn_local_s42
ssym,0.1,1.3848590850830078,1L63,V149I,gnn_local_s42
ssym,2.8,1.7408537864685059,1L63,V149M,gnn_local_s42
ssym,2.8,2.2309603691101074,1L63,V149T,gnn_local_s42
ssym,4.4,2.1206352710723877,1L63,V149S,gnn_local_s42
ssym,1.5,1.5705745220184326,1L63,T152A,gnn_local_s42
ssym,0.5,1.4271634817123413,1L63,T152C,gnn_local_s42
ssym,0.4,0.8760741949081421,1L63,T152I,gnn_local_s42
ssym,2.0,1.5505000352859497,1L63,T152S,gnn_local_s42
ssym,-0.2,1.1151630878448486,1L63,T152V,gnn_local_s42
ssym,3.8,1.962219476699829,1L63,F153A,gnn_local_s42
ssym,0.2,1.3193224668502808,1L63,F153I,gnn_local_s42
ssym,-0.3,1.4420897960662842,1L63,F153L,gnn_local_s42
ssym,0.6,1.680686116218567,1L63,F153M,gnn_local_s42
ssym,1.8,1.6030744314193726,1L63,F153V,gnn_local_s42
ssym,1.5,0.8139445781707764,1LZ1,V2A,gnn_local_s42
ssym,1.3,1.2162892818450928,1LZ1,V2G,gnn_local_s42
ssym,1.4,0.8603925704956055,1LZ1,V2S,gnn_local_s42
ssym,0.4,0.518511176109314,1LZ1,V2Y,gnn_local_s42
ssym,1.4,1.3004297018051147,1LZ1,V2D,gnn_local_s42
ssym,1.3,1.3690366744995117,1LZ1,V2N,gnn_local_s42
ssym,0.4,0.9123846292495728,1LZ1,V2R,gnn_local_s42
ssym,-0.3,0.33361712098121643,1LZ1,V2L,gnn_local_s42
ssym,0.2,0.42328810691833496,1LZ1,V2M,gnn_local_s42
ssym,0.8,0.4699995815753937,1LZ1,V2F,gnn_local_s42
ssym,0.5,0.5535622835159302,1LZ1,Y20F,gnn_local_s42
ssym,2.5,1.7942841053009033,1LZ1,I23A,gnn_local_s42
ssym,0.4,1.3321563005447388,1LZ1,I23V,gnn_local_s42
ssym,0.2,0.8928585052490234,1LZ1,Y38F,gnn_local_s42
ssym,-0.1,0.47121694684028625,1LZ1,Y45F,gnn_local_s42
ssym,-0.1,0.7311798334121704,1LZ1,A47P,gnn_local_s42
ssym,1.0,1.0222864151000977,1LZ1,Y54F,gnn_local_s42
ssym,3.7,2.4899842739105225,1LZ1,I56A,gnn_local_s42
ssym,4.3,2.712974786758423,1LZ1,I56T,gnn_local_s42
ssym,1.2,2.123385190963745,1LZ1,I56V,gnn_local_s42
ssym,1.7,2.399886131286621,1LZ1,I59A,gnn_local_s42
ssym,3.8,2.637287139892578,1LZ1,I59G,gnn_local_s42
ssym,1.1,2.0550990104675293,1LZ1,I59V,gnn_local_s42
ssym,0.2,0.16300399601459503,1LZ1,Y63F,gnn_local_s42
ssym,1.6,0.79117751121521,1LZ1,P71G,gnn_local_s42
ssym,0.4,0.7913419008255005,1LZ1,V74A,gnn_local_s42
ssym,0.1,1.1915526390075684,1LZ1,V74G,gnn_local_s42
ssym,1.9,0.21501806378364563,1LZ1,V74I,gnn_local_s42
ssym,0.4,0.34066304564476013,1LZ1,V74L,gnn_local_s42
ssym,0.4,0.40787047147750854,1LZ1,V74M,gnn_local_s42
ssym,0.0,0.4940003454685211,1LZ1,V74F,gnn_local_s42
ssym,0.3,0.5606162548065186,1LZ1,V74Y,gnn_local_s42
ssym,0.4,1.2649468183517456,1LZ1,V74D,gnn_local_s42
ssym,0.3,1.3382482528686523,1LZ1,V74N,gnn_local_s42
ssym,0.1,0.9248595237731934,1LZ1,V74R,gnn_local_s42
ssym,0.4,0.8481731414794922,1LZ1,V74S,gnn_local_s42
ssym,4.6,1.4084481000900269,1LZ1,C77A,gnn_local_s42
ssym,2.7,2.432614803314209,1LZ1,I89A,gnn_local_s42
ssym,0.5,1.9982237815856934,1LZ1,I89V,gnn_local_s42
ssym,0.4,0.4326595366001129,1LZ1,D91P,gnn_local_s42
ssym,0.7,1.9437122344970703,1LZ1,V93A,gnn_local_s42
ssym,1.0,1.9549241065979004,1LZ1,V99A,gnn_local_s42
ssym,0.3,1.680816650390625,1LZ1,V100A,gnn_local_s42
ssym,0.1,0.3353898525238037,1LZ1,P103G,gnn_local_s42
ssym,0.9,1.7779805660247803,1LZ1,I106A,gnn_local_s42
ssym,0.7,1.3499096632003784,1LZ1,I106V,gnn_local_s42
ssym,-0.5,0.5314247608184814,1LZ1,V110A,gnn_local_s42
ssym,-0.2,0.9136292934417725,1LZ1,V110D,gnn_local_s42
ssym,2.2,0.9367514848709106,1LZ1,V110G,gnn_local_s42
ssym,0.8,0.4050579369068146,1LZ1,V110I,gnn_local_s42
ssym,-0.1,0.26821860671043396,1LZ1,V110L,gnn_local_s42
ssym,-0.4,0.3352261483669281,1LZ1,V110M,gnn_local_s42
ssym,-0.1,0.9492555856704712,1LZ1,V110N,gnn_local_s42
ssym,-0.9,0.5799803733825684,1LZ1,V110R,gnn_local_s42
ssym,1.9,0.2964251935482025,1LZ1,V110F,gnn_local_s42
ssym,-0.5,0.8319319486618042,1LZ1,V110P,gnn_local_s42
ssym,0.1,0.36907121539115906,1LZ1,V110Y,gnn_local_s42
ssym,1.4,1.564445972442627,1LZ1,V121A,gnn_local_s42
ssym,0.4,0.9660422801971436,1LZ1,Y124F,gnn_local_s42
ssym,1.3,2.0660243034362793,1LZ1,V125A,gnn_local_s42
ssym,0.8,1.6289536952972412,1LZ1,V130A,gnn_local_s42
ssym,-0.2,1.1744717359542847,1OH0,Y32F,gnn_local_s42
ssym,1.2,1.4247798919677734,1OH0,Y57F,gnn_local_s42
ssym,-1.4,1.1146924495697021,1RN1,Q25K,gnn_local_s42
ssym,0.4,1.6839430332183838,1VQB,I47L,gnn_local_s42
ssym,1.7,1.9645817279815674,1VQB,I47M,gnn_local_s42
ssym,2.0,1.8510496616363525,1VQB,I47V,gnn_local_s42
ssym,0.6,1.479619026184082,1VQB,V35I,gnn_local_s42
ssym,3.2,0.41348782181739807,1VQB,Y41F,gnn_local_s42
ssym,-0.7,1.1076356172561646,2LZM,I3L,gnn_local_s42
ssym,0.0,1.725579857826233,2LZM,I3C,gnn_local_s42
ssym,3.0,1.8130769729614258,2LZM,I3P,gnn_local_s42
ssym,2.3,1.38313627243042,2LZM,I3Y,gnn_local_s42
ssym,0.4,1.3441957235336304,2LZM,I3V,gnn_local_s42
ssym,1.4,1.037611722946167,2LZM,M6I,gnn_local_s42
ssym,-0.5,0.5060313940048218,2LZM,K16E,gnn_local_s42
ssym,-0.6,0.6598032712936401,2LZM,S38D,gnn_local_s42
ssym,0.6,0.1750965118408203,2LZM,N55G,gnn_local_s42
ssym,0.0,0.7352852821350098,2LZM,K60P,gnn_local_s42
ssym,-0.4,0.8304694890975952,2LZM,G77A,gnn_local_s42
ssym,-0.8,0.3244114816188812,2LZM,A82P,gnn_local_s42
ssym,0.6,0.19094806909561157,2LZM,K85A,gnn_local_s42
ssym,0.5,0.21305343508720398,2LZM,D89A,gnn_local_s42
ssym,2.0,0.24077031016349792,2LZM,R96A,gnn_local_s42
ssym,3.5,0.5316777229309082,2LZM,R96D,gnn_local_s42
ssym,2.7,0.04325360804796219,2LZM,R96M,gnn_local_s42
ssym,2.5,0.6098521947860718,2LZM,R96E,gnn_local_s42
ssym,2.6,0.4515836536884308,2LZM,R96G,gnn_local_s42
ssym,0.3,0.3810351490974426,2LZM,R96Q,gnn_local_s42
ssym,3.1,0.3314841091632843,2LZM,R96H,gnn_local_s42
ssym,3.0,0.42762473225593567,2LZM,R96N,gnn_local_s42
ssym,0.0,0.254678338766098,2LZM,R96K,gnn_local_s42
ssym,2.6,0.20401060581207275,2LZM,R96S,gnn_local_s42
ssym,4.7,0.12733733654022217,2LZM,R96Y,gnn_local_s42
ssym,2.4,0.1044599711894989,2LZM,R96V,gnn_local_s42
ssym,4.5,0.0995754599571228,2LZM,R96W,gnn_local_s42
ssym,4.9,1.2534985542297363,2LZM,A98V,gnn_local_s42
ssym,0.6,0.6916364431381226,2LZM,Q105A,gnn_local_s42
ssym,1.1,1.0221666097640991,2LZM,Q105E,gnn_local_s42
ssym,1.5,0.8744254112243652,2LZM,Q105G,gnn_local_s42
ssym,-0.3,0.8071620464324951,2LZM,G113A,gnn_local_s42
ssym,-0.3,0.7834615707397461,2LZM,T115E,gnn_local_s42
ssym,-0.6,0.18552592396736145,2LZM,N116D,gnn_local_s42
ssym,0.0,0.23557332158088684,2LZM,R119E,gnn_local_s42
ssym,-0.4,0.17288649082183838,2LZM,Q123E,gnn_local_s42
ssym,0.1,0.4761178195476532,2LZM,K124G,gnn_local_s42
ssym,-0.3,1.0379087924957275,2LZM,V131A,gnn_local_s42
ssym,-0.1,1.5898257493972778,2LZM,V131D,gnn_local_s42
ssym,0.7,1.4963916540145874,2LZM,V131G,gnn_local_s42
ssym,-0.2,0.38172146677970886,2LZM,V131I,gnn_local_s42
ssym,-0.1,0.49424484372138977,2LZM,V131L,gnn_local_s42
ssym,0.1,1.1030958890914917,2LZM,V131S,gnn_local_s42
ssym,-0.1,0.6571555137634277,2LZM,V131M,gnn_local_s42
ssym,-0.2,1.6467981338500977,2LZM,V131E,gnn_local_s42
ssym,4.2,2.268540859222412,2LZM,L133A,gnn_local_s42
ssym,1.0,0.3443761169910431,2LZM,K135E,gnn_local_s42
ssym,-0.4,0.3697192966938019,2LZM,N144D,gnn_local_s42
ssym,0.7,0.9410821199417114,2LZM,K147E,gnn_local_s42
ssym,2.2,1.97821044921875,2LZM,V149C,gnn_local_s42
ssym,2.6,1.588242530822754,2LZM,T152S,gnn_local_s42
ssym,1.1,0.6582553386688232,2LZM,R154E,gnn_local_s42
ssym,2.3,0.6309473514556885,2LZM,G156D,gnn_local_s42
ssym,0.5,0.4879401624202728,2LZM,T157A,gnn_local_s42
ssym,1.3,0.22982028126716614,2LZM,T157C,gnn_local_s42
ssym,1.1,0.868295431137085,2LZM,T157D,gnn_local_s42
ssym,0.8,0.8479393720626831,2LZM,T157E,gnn_local_s42
ssym,2.4,0.1891581118106842,2LZM,T157F,gnn_local_s42
ssym,1.1,0.7564435005187988,2LZM,T157G,gnn_local_s42
ssym,2.1,0.5525153875350952,2LZM,T157H,gnn_local_s42
ssym,1.5,0.15176352858543396,2LZM,T157I,gnn_local_s42
ssym,1.7,0.18067094683647156,2LZM,T157L,gnn_local_s42
ssym,1.2,0.8958648443222046,2LZM,T157N,gnn_local_s42
ssym,-0.3,0.47763219475746155,2LZM,T157R,gnn_local_s42
ssym,0.7,0.3619655668735504,2LZM,T157S,gnn_local_s42
ssym,1.2,0.23749122023582458,2LZM,T157V,gnn_local_s42
ssym,-0.9,1.2323124408721924,2RN2,D10N,gnn_local_s42
ssym,-0.2,0.826046347618103,2RN2,E48Q,gnn_local_s42
ssym,0.5,1.1251471042633057,2RN2,A52F,gnn_local_s42
ssym,-1.9,0.9012819528579712,2RN2,A52I,gnn_local_s42
ssym,-1.3,0.996726393699646,2RN2,A52L,gnn_local_s42
ssym,-1.7,1.170135259628296,2RN2,A52V,gnn_local_s42
ssym,-0.4,0.2565501630306244,2RN2,H62A,gnn_local_s42
ssym,-1.1,0.47358348965644836,2RN2,H62P,gnn_local_s42
ssym,-0.9,0.7005405426025391,2RN2,D70N,gnn_local_s42
ssym,-1.0,1.152064561843872,2RN2,V74L,gnn_local_s42
ssym,-0.6,0.9671088457107544,2RN2,V74I,gnn_local_s42
ssym,0.9,0.483812540769577,2RN2,G77A,gnn_local_s42
ssym,-0.1,0.6855635643005371,2RN2,K95A,gnn_local_s42
ssym,-1.9,0.7554178237915039,2RN2,K95G,gnn_local_s42
ssym,-0.9,0.746009349822998,2RN2,K95N,gnn_local_s42
ssym,-2.1,0.5060824155807495,2RN2,D134A,gnn_local_s42
ssym,-2.3,0.44901373982429504,2RN2,D134H,gnn_local_s42
ssym,-1.0,0.6051874160766602,2RN2,D134N,gnn_local_s42
ssym,-0.5,1.5164694786071777,4LYZ,M12F,gnn_local_s42
ssym,0.4,1.340437650680542,4LYZ,M12L,gnn_local_s42
ssym,0.3,1.5208176374435425,4LYZ,T40S,gnn_local_s42
ssym,0.7,0.407466858625412,4LYZ,G49A,gnn_local_s42
ssym,0.9,2.069016456604004,4LYZ,I55V,gnn_local_s42
ssym,1.2,2.0140938758850098,4LYZ,I58M,gnn_local_s42
ssym,0.5,0.17079469561576843,4LYZ,G67A,gnn_local_s42
ssym,2.1,0.29477500915527344,4LYZ,G71A,gnn_local_s42
ssym,0.9,1.5092124938964844,4LYZ,I78M,gnn_local_s42
ssym,0.2,1.5236272811889648,4LYZ,S91A,gnn_local_s42
ssym,-1.0,1.7438095808029175,4LYZ,S91T,gnn_local_s42
ssym,0.9,1.364626407623291,4LYZ,I98M,gnn_local_s42
ssym,1.2,0.2779898941516876,4LYZ,G102A,gnn_local_s42
ssym,0.8,0.19001370668411255,4LYZ,G117A,gnn_local_s42
ssym,1.2,1.9014554023742676,5PTI,F22A,gnn_local_s42
ssym,5.9,2.478550910949707,5PTI,Y23A,gnn_local_s42
ssym,5.0,2.2607991695404053,5PTI,Y35G,gnn_local_s42
ssym,5.7,2.047788143157959,5PTI,N43G,gnn_local_s42
ssym,6.9,1.9211437702178955,5PTI,F45A,gnn_local_s42
ssym,2.3,1.1868212223052979,1AMQ,C191Y,gnn_local_blosum_s42
ssym,1.6,1.0293010473251343,1AMQ,C191F,gnn_local_blosum_s42
ssym,3.9,0.9743584394454956,1AMQ,C191W,gnn_local_blosum_s42
ssym,1.9,1.3596105575561523,1AMQ,C191S,gnn_local_blosum_s42
ssym,4.1,1.150606632232666,1BNI,F7L,gnn_local_blosum_s42
ssym,4.5,1.6473164558410645,1BNI,L14A,gnn_local_blosum_s42
ssym,1.7,0.830265462398529,1BNI,T26A,gnn_local_blosum_s42
ssym,1.1,1.5082297325134277,1BNI,I51V,gnn_local_blosum_s42
ssym,1.7,1.9786485433578491,1BNI,I76A,gnn_local_blosum_s42
ssym,1.0,1.6138558387756348,1BNI,I76V,gnn_local_blosum_s42
ssym,1.1,0.7490714192390442,1BNI,Y78F,gnn_local_blosum_s42
ssym,4.0,1.9482440948486328,1BNI,I88A,gnn_local_blosum_s42
ssym,1.6,1.5449680089950562,1BNI,I88V,gnn_local_blosum_s42
ssym,0.5,1.536962628364563,1BNI,L89V,gnn_local_blosum_s42
ssym,2.4,0.8491422533988953,1BNI,S91A,gnn_local_blosum_s42
ssym,3.2,1.633833646774292,1BNI,I96A,gnn_local_blosum_s42
ssym,3.1,1.2059026956558228,1BNI,I96V,gnn_local_blosum_s42
ssym,-2.5,0.842840313911438,1CEY,D12A,gnn_local_blosum_s42
ssym,-2.7,0.09391862154006958,1CEY,D13A,gnn_local_blosum_s42
ssym,-3.3,0.7231711149215698,1CEY,D57A,gnn_local_blosum_s42
ssym,0.9,0.8230889439582825,1EY0,T22C,gnn_local_blosum_s42
ssym,0.9,0.746131420135498,1EY0,T22V,gnn_local_blosum_s42
ssym,0.1,1.931546688079834,1EY0,V23L,gnn_local_blosum_s42
ssym,1.7,1.6478781700134277,1EY0,L25I,gnn_local_blosum_s42
ssym,-0.4,0.8633578419685364,1EY0,T33V,gnn_local_blosum_s42
ssym,-0.6,1.7373697757720947,1EY0,T41C,gnn_local_blosum_s42
ssym,-0.7,1.4277207851409912,1EY0,T41I,gnn_local_blosum_s42
ssym,1.1,1.9497374296188354,1EY0,T41S,gnn_local_blosum_s42
ssym,-0.8,1.5537217855453491,1EY0,T41V,gnn_local_blosum_s42
ssym,-0.1,0.7133200764656067,1EY0,T44V,gnn_local_blosum_s42
ssym,-0.5,1.2540810108184814,1EY0,S59A,gnn_local_blosum_s42
ssym,2.1,1.9240779876708984,1EY0,T62S,gnn_local_blosum_s42
ssym,0.2,1.4044723510742188,1EY0,T62V,gnn_local_blosum_s42
ssym,1.0,1.712985873222351,1EY0,V66I,gnn_local_blosum_s42
ssym,0.3,1.8379573822021484,1EY0,V66L,gnn_local_blosum_s42
ssym,7.5,2.5997049808502197,1EY0,V66K,gnn_local_blosum_s42
ssym,0.2,1.7695343494415283,1EY0,I72L,gnn_local_blosum_s42
ssym,1.2,2.0250165462493896,1EY0,I72V,gnn_local_blosum_s42
ssym,0.7,0.44390201568603516,1EY0,T82S,gnn_local_blosum_s42
ssym,0.4,2.187744379043579,1EY0,I92V,gnn_local_blosum_s42
ssym,-1.0,0.8913183212280273,1EY0,K116G,gnn_local_blosum_s42
ssym,-0.8,0.7191057205200195,1EY0,P117A,gnn_local_blosum_s42
ssym,-0.9,0.887188732624054,1EY0,P117G,gnn_local_blosum_s42
ssym,-1.1,0.618597686290741,1EY0,P117T,gnn_local_blosum_s42
ssym,1.7,0.6491231322288513,1EY0,T120C,gnn_local_blosum_s42
ssym,0.6,0.862052857875824,1EY0,T120S,gnn_local_blosum_s42
ssym,1.8,0.5906023383140564,1EY0,T120V,gnn_local_blosum_s42
ssym,-0.7,0.9115483164787292,1EY0,S128A,gnn_local_blosum_s42
ssym,-0.7,1.1138405799865723,1IHB,F71N,gnn_local_blosum_s42
ssym,0.4,1.596717119216919,1IHB,F82Q,gnn_local_blosum_s42
ssym,1.1,1.277345061302185,1IHB,F92N,gnn_local_blosum_s42
ssym,2.6,1.5778310298919678,1IOB,T9G,gnn_local_blosum_s42
ssym,1.9,1.8889161348342896,1L63,M6A,gnn_local_blosum_s42
ssym,2.8,1.414552927017212,1L63,M6L,gnn_local_blosum_s42
ssym,-0.1,0.6546623110771179,1L63,E11H,gnn_local_blosum_s42
ssym,0.1,0.8717449307441711,1L63,E11N,gnn_local_blosum_s42
ssym,2.7,1.672454595565796,1L63,I17A,gnn_local_blosum_s42
ssym,0.3,0.7753761410713196,1L63,D20A,gnn_local_blosum_s42
ssym,-1.3,0.8078230023384094,1L63,D20N,gnn_local_blosum_s42
ssym,-0.7,0.5737953186035156,1L63,D20S,gnn_local_blosum_s42
ssym,3.1,2.3086493015289307,1L63,I27A,gnn_local_blosum_s42
ssym,3.1,2.016082286834717,1L63,I27M,gnn_local_blosum_s42
ssym,2.6,1.8393250703811646,1L63,I29A,gnn_local_blosum_s42
ssym,0.0,0.6172813773155212,1L63,S38N,gnn_local_blosum_s42
ssym,0.6,0.6443470120429993,1L63,A41S,gnn_local_blosum_s42
ssym,2.7,0.8371325135231018,1L63,A42V,gnn_local_blosum_s42
ssym,2.3,1.4398524761199951,1L63,A42S,gnn_local_blosum_s42
ssym,1.0,0.6929692625999451,1L63,K43A,gnn_local_blosum_s42
ssym,-0.3,0.2844109535217285,1L63,S44A,gnn_local_blosum_s42
ssym,-0.3,0.12328009307384491,1L63,S44I,gnn_local_blosum_s42
ssym,-0.4,0.12556332349777222,1L63,S44L,gnn_local_blosum_s42
ssym,-0.2,0.1395447999238968,1L63,S44K,gnn_local_blosum_s42
ssym,0.0,0.48827260732650757,1L63,S44E,gnn_local_blosum_s42
ssym,0.5,0.49509045481681824,1L63,S44G,gnn_local_blosum_s42
ssym,-0.2,0.2482178956270218,1L63,S44R,gnn_local_blosum_s42
ssym,0.1,0.44311460852622986,1L63,S44N,gnn_local_blosum_s42
ssym,-0.1,0.16454389691352844,1L63,S44F,gnn_local_blosum_s42
ssym,3.0,0.5407054424285889,1L63,S44P,gnn_local_blosum_s42
ssym,0.0,0.2949850559234619,1L63,S44T,gnn_local_blosum_s42
ssym,-0.1,0.05708867684006691,1L63,S44V,gnn_local_blosum_s42
ssym,1.9,1.8443317413330078,1L63,L46A,gnn_local_blosum_s42
ssym,1.0,0.582216203212738,1L63,D47A,gnn_local_blosum_s42
ssym,0.5,0.7862083315849304,1L63,A49S,gnn_local_blosum_s42
ssym,2.0,1.6988418102264404,1L63,I50A,gnn_local_blosum_s42
ssym,0.4,1.4335297346115112,1L63,I50M,gnn_local_blosum_s42
ssym,3.2,2.1421775817871094,1L63,I58A,gnn_local_blosum_s42
ssym,3.4,2.439615488052368,1L63,I58T,gnn_local_blosum_s42
ssym,1.5,0.48029568791389465,1L63,T59A,gnn_local_blosum_s42
ssym,1.2,0.7455490827560425,1L63,T59D,gnn_local_blosum_s42
ssym,1.6,0.6279510855674744,1L63,T59G,gnn_local_blosum_s42
ssym,1.1,0.7010171413421631,1L63,T59N,gnn_local_blosum_s42
ssym,0.2,0.4601249396800995,1L63,T59S,gnn_local_blosum_s42
ssym,1.5,0.1847873479127884,1L63,T59V,gnn_local_blosum_s42
ssym,1.0,1.5082144737243652,1L63,L66M,gnn_local_blosum_s42
ssym,1.9,1.6373298168182373,1L63,F67A,gnn_local_blosum_s42
ssym,2.7,0.2884645164012909,1L63,D72P,gnn_local_blosum_s42
ssym,0.4,0.8389385342597961,1L63,A73S,gnn_local_blosum_s42
ssym,1.3,1.9584565162658691,1L63,V75T,gnn_local_blosum_s42
ssym,1.2,2.1023731231689453,1L63,I78A,gnn_local_blosum_s42
ssym,1.5,1.746447205543518,1L63,I78M,gnn_local_blosum_s42
ssym,0.8,1.660776972770691,1L63,I78V,gnn_local_blosum_s42
ssym,0.3,0.12494422495365143,1L63,A82S,gnn_local_blosum_s42
ssym,2.6,2.1871695518493652,1L63,L84A,gnn_local_blosum_s42
ssym,1.9,1.896669864654541,1L63,L84M,gnn_local_blosum_s42
ssym,1.7,1.2224971055984497,1L63,V87A,gnn_local_blosum_s42
ssym,2.3,0.8893029093742371,1L63,V87M,gnn_local_blosum_s42
ssym,0.3,0.5191404223442078,1L63,V87I,gnn_local_blosum_s42
ssym,1.6,1.4989306926727295,1L63,V87T,gnn_local_blosum_s42
ssym,3.9,1.704167127609253,1L63,L91A,gnn_local_blosum_s42
ssym,0.8,1.3135312795639038,1L63,L91M,gnn_local_blosum_s42
ssym,1.4,0.49148881435394287,1L63,D92N,gnn_local_blosum_s42
ssym,0.2,0.1357140988111496,1L63,A93S,gnn_local_blosum_s42
ssym,1.0,1.5891278982162476,1L63,A98C,gnn_local_blosum_s42
ssym,4.3,1.1704332828521729,1L63,A98L,gnn_local_blosum_s42
ssym,2.5,1.8783981800079346,1L63,A98S,gnn_local_blosum_s42
ssym,3.2,1.3207989931106567,1L63,A98V,gnn_local_blosum_s42
ssym,4.5,2.1064822673797607,1L63,L99A,gnn_local_blosum_s42
ssym,0.3,1.6180696487426758,1L63,L99F,gnn_local_blosum_s42
ssym,1.5,1.3519419431686401,1L63,L99I,gnn_local_blosum_s42
ssym,0.6,1.7122447490692139,1L63,L99M,gnn_local_blosum_s42
ssym,2.0,1.7381247282028198,1L63,L99V,gnn_local_blosum_s42
ssym,3.4,2.0591533184051514,1L63,I100A,gnn_local_blosum_s42
ssym,1.6,1.6744776964187622,1L63,I100M,gnn_local_blosum_s42
ssym,0.4,1.636756420135498,1L63,I100V,gnn_local_blosum_s42
ssym,1.5,1.4447015523910522,1L63,N101A,gnn_local_blosum_s42
ssym,1.0,1.1896997690200806,1L63,M102L,gnn_local_blosum_s42
ssym,2.2,1.7584786415100098,1L63,V103A,gnn_local_blosum_s42
ssym,0.5,0.9617876410484314,1L63,V103I,gnn_local_blosum_s42
ssym,1.2,1.3029522895812988,1L63,V103M,gnn_local_blosum_s42
ssym,0.4,1.094621181488037,1L63,F104M,gnn_local_blosum_s42
ssym,1.2,0.49165964126586914,1L63,Q105M,gnn_local_blosum_s42
ssym,-0.2,0.5499327182769775,1L63,M106I,gnn_local_blosum_s42
ssym,-0.5,0.7000693082809448,1L63,M106L,gnn_local_blosum_s42
ssym,3.4,1.4818642139434814,1L63,M106K,gnn_local_blosum_s42
ssym,-0.6,0.8500673770904541,1L63,T109D,gnn_local_blosum_s42
ssym,-0.1,0.8776311278343201,1L63,T109N,gnn_local_blosum_s42
ssym,1.3,2.054503917694092,1L63,V111A,gnn_local_blosum_s42
ssym,0.9,1.2048580646514893,1L63,V111I,gnn_local_blosum_s42
ssym,0.7,1.5593448877334595,1L63,V111M,gnn_local_blosum_s42
ssym,-1.1,0.6334041357040405,1L63,S117F,gnn_local_blosum_s42
ssym,3.2,2.152463674545288,1L63,L118A,gnn_local_blosum_s42
ssym,0.7,1.81482994556427,1L63,L118M,gnn_local_blosum_s42
ssym,-0.5,0.7061654925346375,1L63,M120L,gnn_local_blosum_s42
ssym,1.6,0.7463808059692383,1L63,M120K,gnn_local_blosum_s42
ssym,0.1,0.8095577955245972,1L63,M120Y,gnn_local_blosum_s42
ssym,0.8,1.7834408283233643,1L63,L121M,gnn_local_blosum_s42
ssym,1.2,0.8839307427406311,1L63,A129F,gnn_local_blosum_s42
ssym,2.2,0.9426279664039612,1L63,A129W,gnn_local_blosum_s42
ssym,-1.0,1.1470818519592285,1L63,A130S,gnn_local_blosum_s42
ssym,0.3,1.8366461992263794,1L63,L133F,gnn_local_blosum_s42
ssym,0.4,1.8524079322814941,1L63,L133M,gnn_local_blosum_s42
ssym,0.1,0.7490644454956055,1L63,A134S,gnn_local_blosum_s42
ssym,-0.5,0.3051691949367523,1L63,N144E,gnn_local_blosum_s42
ssym,3.2,2.1319127082824707,1L63,V149A,gnn_local_blosum_s42
ssym,2.0,2.0280072689056396,1L63,V149C,gnn_local_blosum_s42
ssym,4.9,2.3482472896575928,1L63,V149G,gnn_local_blosum_s42
ssym,0.1,1.5155786275863647,1L63,V149I,gnn_local_blosum_s42
ssym,2.8,1.7830455303192139,1L63,V149M,gnn_local_blosum_s42
ssym,2.8,2.360245943069458,1L63,V149T,gnn_local_blosum_s42
ssym,4.4,2.20587420463562,1L63,V149S,gnn_local_blosum_s42
ssym,1.5,1.6136369705200195,1L63,T152A,gnn_local_blosum_s42
ssym,0.5,1.4081368446350098,1L63,T152C,gnn_local_blosum_s42
ssym,0.4,0.9772550463676453,1L63,T152I,gnn_local_blosum_s42
ssym,2.0,1.5872328281402588,1L63,T152S,gnn_local_blosum_s42
ssym,-0.2,1.1542396545410156,1L63,T152V,gnn_local_blosum_s42
ssym,3.8,2.0431296825408936,1L63,F153A,gnn_local_blosum_s42
ssym,0.2,1.4011963605880737,1L63,F153I,gnn_local_blosum_s42
ssym,-0.3,1.552358627319336,1L63,F153L,gnn_local_blosum_s42
ssym,0.6,1.765480637550354,1L63,F153M,gnn_local_blosum_s42
ssym,1.8,1.6727226972579956,1L63,F153V,gnn_local_blosum_s42
ssym,1.5,0.9666132926940918,1LZ1,V2A,gnn_local_blosum_s42
ssym,1.3,1.321485996246338,1LZ1,V2G,gnn_local_blosum_s42
ssym,1.4,0.9832583069801331,1LZ1,V2S,gnn_local_blosum_s42
ssym,0.4,0.7172194719314575,1LZ1,V2Y,gnn_local_blosum_s42
ssym,1.4,1.405999779701233,1LZ1,V2D,gnn_local_blosum_s42
ssym,1.3,1.4375876188278198,1LZ1,V2N,gnn_local_blosum_s42
ssym,0.4,1.0511877536773682,1LZ1,V2R,gnn_local_blosum_s42
ssym,-0.3,0.5043983459472656,1LZ1,V2L,gnn_local_blosum_s42
ssym,0.2,0.6187102794647217,1LZ1,V2M,gnn_local_blosum_s42
ssym,0.8,0.6510626673698425,1LZ1,V2F,gnn_local_blosum_s42
ssym,0.5,0.6574397683143616,1LZ1,Y20F,gnn_local_blosum_s42
ssym,2.5,1.8119862079620361,1LZ1,I23A,gnn_local_blosum_s42
ssym,0.4,1.4400269985198975,1LZ1,I23V,gnn_local_blosum_s42
ssym,0.2,0.9100190997123718,1LZ1,Y38F,gnn_local_blosum_s42
ssym,-0.1,0.6669390797615051,1LZ1,Y45F,gnn_local_blosum_s42
ssym,-0.1,0.8463004231452942,1LZ1,A47P,gnn_local_blosum_s42
ssym,1.0,1.1661655902862549,1LZ1,Y54F,gnn_local_blosum_s42
ssym,3.7,2.6211888790130615,1LZ1,I56A,gnn_local_blosum_s42
ssym,4.3,2.9401192665100098,1LZ1,I56T,gnn_local_blosum_s42
ssym,1.2,2.248479127883911,1LZ1,I56V,gnn_local_blosum_s42
ssym,1.7,2.522465467453003,1LZ1,I59A,gnn_local_blosum_s42
ssym,3.8,2.7519266605377197,1LZ1,I59G,gnn_local_blosum_s42
ssym,1.1,2.2031354904174805,1LZ1,I59V,gnn_local_blosum_s42
ssym,0.2,0.2185939997434616,1LZ1,Y63F,gnn_local_blosum_s42
ssym,1.6,1.0380887985229492,1LZ1,P71G,gnn_local_blosum_s42
ssym,0.4,0.8468219637870789,1LZ1,V74A,gnn_local_blosum_s42
ssym,0.1,1.175623893737793,1LZ1,V74G,gnn_local_blosum_s42
ssym,1.9,0.32813435792922974,1LZ1,V74I,gnn_local_blosum_s42
ssym,0.4,0.46481597423553467,1LZ1,V74L,gnn_local_blosum_s42
ssym,0.4,0.4841347634792328,1LZ1,V74M,gnn_local_blosum_s42
ssym,0.0,0.6474331021308899,1LZ1,V74F,gnn_local_blosum_s42
ssym,0.3,0.7539691925048828,1LZ1,V74Y,gnn_local_blosum_s42
ssym,0.4,1.2318614721298218,1LZ1,V74D,gnn_local_blosum_s42
ssym,0.3,1.2934012413024902,1LZ1,V74N,gnn_local_blosum_s42
ssym,0.1,1.0333716869354248,1LZ1,V74R,gnn_local_blosum_s42
ssym,0.4,0.8799781799316406,1LZ1,V74S,gnn_local_blosum_s42
ssym,4.6,1.5636296272277832,1LZ1,C77A,gnn_local_blosum_s42
ssym,2.7,2.583510637283325,1LZ1,I89A,gnn_local_blosum_s42
ssym,0.5,2.154210090637207,1LZ1,I89V,gnn_local_blosum_s42
ssym,0.4,0.6206260323524475,1LZ1,D91P,gnn_local_blosum_s42
ssym,0.7,2.0891499519348145,1LZ1,V93A,gnn_local_blosum_s42
ssym,1.0,1.8606033325195312,1LZ1,V99A,gnn_local_blosum_s42
ssym,0.3,1.696051836013794,1LZ1,V100A,gnn_local_blosum_s42
ssym,0.1,0.6039249897003174,1LZ1,P103G,gnn_local_blosum_s42
ssym,0.9,1.8436946868896484,1LZ1,I106A,gnn_local_blosum_s42
ssym,0.7,1.4841829538345337,1LZ1,I106V,gnn_local_blosum_s42
ssym,-0.5,0.7848342061042786,1LZ1,V110A,gnn_local_blosum_s42
ssym,-0.2,0.9327345490455627,1LZ1,V110D,gnn_local_blosum_s42
ssym,2.2,1.1291288137435913,1LZ1,V110G,gnn_local_blosum_s42
ssym,0.8,0.36593228578567505,1LZ1,V110I,gnn_local_blosum_s42
ssym,-0.1,0.4828513264656067,1LZ1,V110L,gnn_local_blosum_s42
ssym,-0.4,0.2886924147605896,1LZ1,V110M,gnn_local_blosum_s42
ssym,-0.1,0.9609242081642151,1LZ1,V110N,gnn_local_blosum_s42
ssym,-0.9,0.7509898543357849,1LZ1,V110R,gnn_local_blosum_s42
ssym,1.9,0.4990326464176178,1LZ1,V110F,gnn_local_blosum_s42
ssym,-0.5,0.9051743149757385,1LZ1,V110P,gnn_local_blosum_s42
ssym,0.1,0.5097267627716064,1LZ1,V110Y,gnn_local_blosum_s42
ssym,1.4,1.6384973526000977,1LZ1,V121A,gnn_local_blosum_s42
ssym,0.4,1.0576812028884888,1LZ1,Y124F,gnn_local_blosum_s42
ssym,1.3,1.9218604564666748,1LZ1,V125A,gnn_local_blosum_s42
ssym,0.8,1.4982860088348389,1LZ1,V130A,gnn_local_blosum_s42
ssym,-0.2,1.1515750885009766,1OH0,Y32F,gnn_local_blosum_s42
ssym,1.2,1.4537889957427979,1OH0,Y57F,gnn_local_blosum_s42
ssym,-1.4,0.9450830817222595,1RN1,Q25K,gnn_local_blosum_s42
ssym,0.4,1.8475674390792847,1VQB,I47L,gnn_local_blosum_s42
ssym,1.7,2.090954542160034,1VQB,I47M,gnn_local_blosum_s42
ssym,2.0,2.0711238384246826,1VQB,I47V,gnn_local_blosum_s42
ssym,0.6,1.57442307472229,1VQB,V35I,gnn_local_blosum_s42
ssym,3.2,0.2928180694580078,1VQB,Y41F,gnn_local_blosum_s42
ssym,-0.7,1.3271359205245972,2LZM,I3L,gnn_local_blosum_s42
ssym,0.0,1.8588523864746094,2LZM,I3C,gnn_local_blosum_s42
ssym,3.0,2.0911028385162354,2LZM,I3P,gnn_local_blosum_s42
ssym,2.3,1.6491336822509766,2LZM,I3Y,gnn_local_blosum_s42
ssym,0.4,1.4875633716583252,2LZM,I3V,gnn_local_blosum_s42
ssym,1.4,1.193593978881836,2LZM,M6I,gnn_local_blosum_s42
ssym,-0.5,0.6039688587188721,2LZM,K16E,gnn_local_blosum_s42
ssym,-0.6,0.6383397579193115,2LZM,S38D,gnn_local_blosum_s42
ssym,0.6,0.35781925916671753,2LZM,N55G,gnn_local_blosum_s42
ssym,0.0,1.036372423171997,2LZM,K60P,gnn_local_blosum_s42
ssym,-0.4,0.9656203389167786,2LZM,G77A,gnn_local_blosum_s42
ssym,-0.8,0.3070529103279114,2LZM,A82P,gnn_local_blosum_s42
ssym,0.6,0.308258593082428,2LZM,K85A,gnn_local_blosum_s42
ssym,0.5,0.3057698607444763,2LZM,D89A,gnn_local_blosum_s42
ssym,2.0,0.3335634171962738,2LZM,R96A,gnn_local_blosum_s42
ssym,3.5,0.5637505650520325,2LZM,R96D,gnn_local_blosum_s42
ssym,2.7,0.1473933756351471,2LZM,R96M,gnn_local_blosum_s42
ssym,2.5,0.6838377118110657,2LZM,R96E,gnn_local_blosum_s42
ssym,2.6,0.5316590070724487,2LZM,R96G,gnn_local_blosum_s42
ssym,0.3,0.41787010431289673,2LZM,R96Q,gnn_local_blosum_s42
ssym,3.1,0.39772993326187134,2LZM,R96H,gnn_local_blosum_s42
ssym,3.0,0.5201085209846497,2LZM,R96N,gnn_local_blosum_s42
ssym,0.0,0.2553677558898926,2LZM,R96K,gnn_local_blosum_s42
ssym,2.6,0.17398467659950256,2LZM,R96S,gnn_local_blosum_s42
ssym,4.7,0.20842532813549042,2LZM,R96Y,gnn_local_blosum_s42
ssym,2.4,0.11575345695018768,2LZM,R96V,gnn_local_blosum_s42
ssym,4.5,0.006139356642961502,2LZM,R96W,gnn_local_blosum_s42
ssym,4.9,1.2855134010314941,2LZM,A98V,gnn_local_blosum_s42
ssym,0.6,0.7452388405799866,2LZM,Q105A,gnn_local_blosum_s42
ssym,1.1,1.0315355062484741,2LZM,Q105E,gnn_local_blosum_s42
ssym,1.5,0.8985435366630554,2LZM,Q105G,gnn_local_blosum_s42
ssym,-0.3,0.8678828477859497,2LZM,G113A,gnn_local_blosum_s42
ssym,-0.3,0.7468737959861755,2LZM,T115E,gnn_local_blosum_s42
ssym,-0.6,0.2432970404624939,2LZM,N116D,gnn_local_blosum_s42
ssym,0.0,0.333405077457428,2LZM,R119E,gnn_local_blosum_s42
ssym,-0.4,-0.06864675879478455,2LZM,Q123E,gnn_local_blosum_s42
ssym,0.1,0.5627703070640564,2LZM,K124G,gnn_local_blosum_s42
ssym,-0.3,1.0024187564849854,2LZM,V131A,gnn_local_blosum_s42
ssym,-0.1,1.3499934673309326,2LZM,V131D,gnn_local_blosum_s42
ssym,0.7,1.3305108547210693,2LZM,V131G,gnn_local_blosum_s42
ssym,-0.2,0.511930525302887,2LZM,V131I,gnn_local_blosum_s42
ssym,-0.1,0.5217328071594238,2LZM,V131L,gnn_local_blosum_s42
ssym,0.1,1.0580390691757202,2LZM,V131S,gnn_local_blosum_s42
ssym,-0.1,0.47910013794898987,2LZM,V131M,gnn_local_blosum_s42
ssym,-0.2,1.352851152420044,2LZM,V131E,gnn_local_blosum_s42
ssym,4.2,2.2231035232543945,2LZM,L133A,gnn_local_blosum_s42
ssym,1.0,0.4521937370300293,2LZM,K135E,gnn_local_blosum_s42
ssym,-0.4,0.3427746891975403,2LZM,N144D,gnn_local_blosum_s42
ssym,0.7,0.9931035041809082,2LZM,K147E,gnn_local_blosum_s42
ssym,2.2,2.0563571453094482,2LZM,V149C,gnn_local_blosum_s42
ssym,2.6,1.665058970451355,2LZM,T152S,gnn_local_blosum_s42
ssym,1.1,0.6957311034202576,2LZM,R154E,gnn_local_blosum_s42
ssym,2.3,0.6003656387329102,2LZM,G156D,gnn_local_blosum_s42
ssym,0.5,0.6301470994949341,2LZM,T157A,gnn_local_blosum_s42
ssym,1.3,0.33242934942245483,2LZM,T157C,gnn_local_blosum_s42
ssym,1.1,0.8291223645210266,2LZM,T157D,gnn_local_blosum_s42
ssym,0.8,0.8078333735466003,2LZM,T157E,gnn_local_blosum_s42
ssym,2.4,0.2708692252635956,2LZM,T157F,gnn_local_blosum_s42
ssym,1.1,0.8658910393714905,2LZM,T157G,gnn_local_blosum_s42
ssym,2.1,0.5953772664070129,2LZM,T157H,gnn_local_blosum_s42
ssym,1.5,0.2130645364522934,2LZM,T157I,gnn_local_blosum_s42
ssym,1.7,0.298245370388031,2LZM,T157L,gnn_local_blosum_s42
ssym,1.2,0.8521873354911804,2LZM,T157N,gnn_local_blosum_s42
ssym,-0.3,0.5526905655860901,2LZM,T157R,gnn_local_blosum_s42
ssym,0.7,0.5049373507499695,2LZM,T157S,gnn_local_blosum_s42
ssym,1.2,0.28697535395622253,2LZM,T157V,gnn_local_blosum_s42
ssym,-0.9,1.2737892866134644,2RN2,D10N,gnn_local_blosum_s42
ssym,-0.2,0.9747804403305054,2RN2,E48Q,gnn_local_blosum_s42
ssym,0.5,1.2093125581741333,2RN2,A52F,gnn_local_blosum_s42
ssym,-1.9,0.989851713180542,2RN2,A52I,gnn_local_blosum_s42
ssym,-1.3,1.089381217956543,2RN2,A52L,gnn_local_blosum_s42
ssym,-1.7,1.3183099031448364,2RN2,A52V,gnn_local_blosum_s42
ssym,-0.4,0.35239744186401367,2RN2,H62A,gnn_local_blosum_s42
ssym,-1.1,0.6506974101066589,2RN2,H62P,gnn_local_blosum_s42
ssym,-0.9,0.690649688243866,2RN2,D70N,gnn_local_blosum_s42
ssym,-1.0,1.413512945175171,2RN2,V74L,gnn_local_blosum_s42
ssym,-0.6,1.1896355152130127,2RN2,V74I,gnn_local_blosum_s42
ssym,0.9,0.6322848796844482,2RN2,G77A,gnn_local_blosum_s42
ssym,-0.1,1.0900704860687256,2RN2,K95A,gnn_local_blosum_s42
ssym,-1.9,1.2152283191680908,2RN2,K95G,gnn_local_blosum_s42
ssym,-0.9,1.0128741264343262,2RN2,K95N,gnn_local_blosum_s42
ssym,-2.1,0.41778048872947693,2RN2,D134A,gnn_local_blosum_s42
ssym,-2.3,0.33740031719207764,2RN2,D134H,gnn_local_blosum_s42
ssym,-1.0,0.5337385535240173,2RN2,D134N,gnn_local_blosum_s42
ssym,-0.5,1.70481538772583,4LYZ,M12F,gnn_local_blosum_s42
ssym,0.4,1.5466374158859253,4LYZ,M12L,gnn_local_blosum_s42
ssym,0.3,1.6646649837493896,4LYZ,T40S,gnn_local_blosum_s42
ssym,0.7,0.6872715353965759,4LYZ,G49A,gnn_local_blosum_s42
ssym,0.9,2.2291953563690186,4LYZ,I55V,gnn_local_blosum_s42
ssym,1.2,2.365036725997925,4LYZ,I58M,gnn_local_blosum_s42
ssym,0.5,0.37042129039764404,4LYZ,G67A,gnn_local_blosum_s42
ssym,2.1,0.5311180949211121,4LYZ,G71A,gnn_local_blosum_s42
ssym,0.9,1.7714905738830566,4LYZ,I78M,gnn_local_blosum_s42
ssym,0.2,1.8213220834732056,4LYZ,S91A,gnn_local_blosum_s42
ssym,-1.0,2.170356512069702,4LYZ,S91T,gnn_local_blosum_s42
ssym,0.9,1.4980443716049194,4LYZ,I98M,gnn_local_blosum_s42
ssym,1.2,0.39538469910621643,4LYZ,G102A,gnn_local_blosum_s42
ssym,0.8,0.3257381021976471,4LYZ,G117A,gnn_local_blosum_s42
ssym,1.2,1.9096333980560303,5PTI,F22A,gnn_local_blosum_s42
ssym,5.9,2.489978790283203,5PTI,Y23A,gnn_local_blosum_s42
ssym,5.0,2.319291353225708,5PTI,Y35G,gnn_local_blosum_s42
ssym,5.7,2.0966010093688965,5PTI,N43G,gnn_local_blosum_s42
ssym,6.9,1.9686404466629028,5PTI,F45A,gnn_local_blosum_s42
ssym,2.3,3.2628235816955566,1AMQ,C191Y,gnn_edge_s42
ssym,1.6,2.3817760944366455,1AMQ,C191F,gnn_edge_s42
ssym,3.9,2.779172897338867,1AMQ,C191W,gnn_edge_s42
ssym,1.9,3.4867777824401855,1AMQ,C191S,gnn_edge_s42
ssym,4.1,1.445035457611084,1BNI,F7L,gnn_edge_s42
ssym,4.5,2.3112761974334717,1BNI,L14A,gnn_edge_s42
ssym,1.7,0.8833761215209961,1BNI,T26A,gnn_edge_s42
ssym,1.1,1.7871768474578857,1BNI,I51V,gnn_edge_s42
ssym,1.7,2.4296762943267822,1BNI,I76A,gnn_edge_s42
ssym,1.0,1.3795993328094482,1BNI,I76V,gnn_edge_s42
ssym,1.1,1.1125444173812866,1BNI,Y78F,gnn_edge_s42
ssym,4.0,2.5084545612335205,1BNI,I88A,gnn_edge_s42
ssym,1.6,1.906303882598877,1BNI,I88V,gnn_edge_s42
ssym,0.5,2.157755136489868,1BNI,L89V,gnn_edge_s42
ssym,2.4,1.8563368320465088,1BNI,S91A,gnn_edge_s42
ssym,3.2,2.1607420444488525,1BNI,I96A,gnn_edge_s42
ssym,3.1,1.5836219787597656,1BNI,I96V,gnn_edge_s42
ssym,-2.5,1.4379624128341675,1CEY,D12A,gnn_edge_s42
ssym,-2.7,1.7624287605285645,1CEY,D13A,gnn_edge_s42
ssym,-3.3,1.5855426788330078,1CEY,D57A,gnn_edge_s42
ssym,0.9,-0.26157405972480774,1EY0,T22C,gnn_edge_s42
ssym,0.9,0.7248769998550415,1EY0,T22V,gnn_edge_s42
ssym,0.1,1.6219053268432617,1EY0,V23L,gnn_edge_s42
ssym,1.7,0.8674896955490112,1EY0,L25I,gnn_edge_s42
ssym,-0.4,0.18037942051887512,1EY0,T33V,gnn_edge_s42
ssym,-0.6,3.0112547874450684,1EY0,T41C,gnn_edge_s42
ssym,-0.7,3.0059142112731934,1EY0,T41I,gnn_edge_s42
ssym,1.1,2.8606200218200684,1EY0,T41S,gnn_edge_s42
ssym,-0.8,3.084073305130005,1EY0,T41V,gnn_edge_s42
ssym,-0.1,1.7475000619888306,1EY0,T44V,gnn_edge_s42
ssym,-0.5,1.952742099761963,1EY0,S59A,gnn_edge_s42
ssym,2.1,1.0818219184875488,1EY0,T62S,gnn_edge_s42
ssym,0.2,0.5036840438842773,1EY0,T62V,gnn_edge_s42
ssym,1.0,0.7814093828201294,1EY0,V66I,gnn_edge_s42
ssym,0.3,0.7362251281738281,1EY0,V66L,gnn_edge_s42
ssym,7.5,1.5926995277404785,1EY0,V66K,gnn_edge_s42
ssym,0.2,0.40740716457366943,1EY0,I72L,gnn_edge_s42
ssym,1.2,0.32186591625213623,1EY0,I72V,gnn_edge_s42
ssym,0.7,0.41992783546447754,1EY0,T82S,gnn_edge_s42
ssym,0.4,0.9361668825149536,1EY0,I92V,gnn_edge_s42
ssym,-1.0,0.641605019569397,1EY0,K116G,gnn_edge_s42
ssym,-0.8,0.7327615022659302,1EY0,P117A,gnn_edge_s42
ssym,-0.9,0.9322540760040283,1EY0,P117G,gnn_edge_s42
ssym,-1.1,0.39359521865844727,1EY0,P117T,gnn_edge_s42
ssym,1.7,0.6647917032241821,1EY0,T120C,gnn_edge_s42
ssym,0.6,0.743499755859375,1EY0,T120S,gnn_edge_s42
ssym,1.8,0.019869014620780945,1EY0,T120V,gnn_edge_s42
ssym,-0.7,0.7126082181930542,1EY0,S128A,gnn_edge_s42
ssym,-0.7,0.9447596073150635,1IHB,F71N,gnn_edge_s42
ssym,0.4,0.6816889047622681,1IHB,F82Q,gnn_edge_s42
ssym,1.1,0.939406156539917,1IHB,F92N,gnn_edge_s42
ssym,2.6,1.074194073677063,1IOB,T9G,gnn_edge_s42
ssym,1.9,1.9831163883209229,1L63,M6A,gnn_edge_s42
ssym,2.8,1.2123541831970215,1L63,M6L,gnn_edge_s42
ssym,-0.1,0.23290163278579712,1L63,E11H,gnn_edge_s42
ssym,0.1,1.1665418148040771,1L63,E11N,gnn_edge_s42
ssym,2.7,1.9790860414505005,1L63,I17A,gnn_edge_s42
ssym,0.3,0.570770263671875,1L63,D20A,gnn_edge_s42
ssym,-1.3,0.20279709994792938,1L63,D20N,gnn_edge_s42
ssym,-0.7,0.24815350770950317,1L63,D20S,gnn_edge_s42
ssym,3.1,2.758589744567871,1L63,I27A,gnn_edge_s42
ssym,3.1,1.8367981910705566,1L63,I27M,gnn_edge_s42
ssym,2.6,1.855715036392212,1L63,I29A,gnn_edge_s42
ssym,0.0,0.08526615798473358,1L63,S38N,gnn_edge_s42
ssym,0.6,0.17948612570762634,1L63,A41S,gnn_edge_s42
ssym,2.7,0.549775242805481,1L63,A42V,gnn_edge_s42
ssym,2.3,1.1710865497589111,1L63,A42S,gnn_edge_s42
ssym,1.0,0.9624859094619751,1L63,K43A,gnn_edge_s42
ssym,-0.3,0.44392091035842896,1L63,S44A,gnn_edge_s42
ssym,-0.3,0.3646678030490875,1L63,S44I,gnn_edge_s42
ssym,-0.4,0.3291785717010498,1L63,S44L,gnn_edge_s42
ssym,-0.2,0.13785669207572937,1L63,S44K,gnn_edge_s42
ssym,0.0,0.2056981921195984,1L63,S44E,gnn_edge_s42
ssym,0.5,0.3478509485721588,1L63,S44G,gnn_edge_s42
ssym,-0.2,0.13582351803779602,1L63,S44R,gnn_edge_s42
ssym,0.1,0.3133644461631775,1L63,S44N,gnn_edge_s42
ssym,-0.1,0.18218588829040527,1L63,S44F,gnn_edge_s42
ssym,3.0,0.46955880522727966,1L63,S44P,gnn_edge_s42
ssym,0.0,0.4357108175754547,1L63,S44T,gnn_edge_s42
ssym,-0.1,0.2597293555736542,1L63,S44V,gnn_edge_s42
ssym,1.9,2.184122085571289,1L63,L46A,gnn_edge_s42
ssym,1.0,0.976030707359314,1L63,D47A,gnn_edge_s42
ssym,0.5,0.5694493055343628,1L63,A49S,gnn_edge_s42
ssym,2.0,1.662645697593689,1L63,I50A,gnn_edge_s42
ssym,0.4,1.1588892936706543,1L63,I50M,gnn_edge_s42
ssym,3.2,2.2334775924682617,1L63,I58A,gnn_edge_s42
ssym,3.4,2.753760814666748,1L63,I58T,gnn_edge_s42
ssym,1.5,0.5353890657424927,1L63,T59A,gnn_edge_s42
ssym,1.2,0.8185043334960938,1L63,T59D,gnn_edge_s42
ssym,1.6,0.7018237113952637,1L63,T59G,gnn_edge_s42
ssym,1.1,0.6609081029891968,1L63,T59N,gnn_edge_s42
ssym,0.2,0.3348925709724426,1L63,T59S,gnn_edge_s42
ssym,1.5,0.3074828088283539,1L63,T59V,gnn_edge_s42
ssym,1.0,1.134514331817627,1L63,L66M,gnn_edge_s42
ssym,1.9,1.3047181367874146,1L63,F67A,gnn_edge_s42
ssym,2.7,0.16338585317134857,1L63,D72P,gnn_edge_s42
ssym,0.4,0.35214963555336,1L63,A73S,gnn_edge_s42
ssym,1.3,1.405256986618042,1L63,V75T,gnn_edge_s42
ssym,1.2,1.5011042356491089,1L63,I78A,gnn_edge_s42
ssym,1.5,1.1621348857879639,1L63,I78M,gnn_edge_s42
ssym,0.8,0.8920141458511353,1L63,I78V,gnn_edge_s42
ssym,0.3,0.1789475828409195,1L63,A82S,gnn_edge_s42
ssym,2.6,1.6139581203460693,1L63,L84A,gnn_edge_s42
ssym,1.9,1.1850545406341553,1L63,L84M,gnn_edge_s42
ssym,1.7,1.230057954788208,1L63,V87A,gnn_edge_s42
ssym,2.3,1.0213801860809326,1L63,V87M,gnn_edge_s42
ssym,0.3,0.9351509809494019,1L63,V87I,gnn_edge_s42
ssym,1.6,1.3774573802947998,1L63,V87T,gnn_edge_s42
ssym,3.9,1.7018587589263916,1L63,L91A,gnn_edge_s42
ssym,0.8,1.0686638355255127,1L63,L91M,gnn_edge_s42
ssym,1.4,0.6154173612594604,1L63,D92N,gnn_edge_s42
ssym,0.2,-0.011499345302581787,1L63,A93S,gnn_edge_s42
ssym,1.0,1.7068004608154297,1L63,A98C,gnn_edge_s42
ssym,4.3,1.7155146598815918,1L63,A98L,gnn_edge_s42
ssym,2.5,2.1826484203338623,1L63,A98S,gnn_edge_s42
ssym,3.2,1.4717259407043457,1L63,A98V,gnn_edge_s42
ssym,4.5,1.9734272956848145,1L63,L99A,gnn_edge_s42
ssym,0.3,1.717971682548523,1L63,L99F,gnn_edge_s42
ssym,1.5,1.4514074325561523,1L63,L99I,gnn_edge_s42
ssym,0.6,1.6242635250091553,1L63,L99M,gnn_edge_s42
ssym,2.0,1.4506038427352905,1L63,L99V,gnn_edge_s42
ssym,3.4,1.5955328941345215,1L63,I100A,gnn_edge_s42
ssym,1.6,1.3011152744293213,1L63,I100M,gnn_edge_s42
ssym,0.4,0.9642163515090942,1L63,I100V,gnn_edge_s42
ssym,1.5,1.1971776485443115,1L63,N101A,gnn_edge_s42
ssym,1.0,0.8728375434875488,1L63,M102L,gnn_edge_s42
ssym,2.2,1.3592555522918701,1L63,V103A,gnn_edge_s42
ssym,0.5,0.8715482950210571,1L63,V103I,gnn_edge_s42
ssym,1.2,0.8926615715026855,1L63,V103M,gnn_edge_s42
ssym,0.4,0.8820101022720337,1L63,F104M,gnn_edge_s42
ssym,1.2,0.46154558658599854,1L63,Q105M,gnn_edge_s42
ssym,-0.2,0.36121320724487305,1L63,M106I,gnn_edge_s42
ssym,-0.5,0.4576976001262665,1L63,M106L,gnn_edge_s42
ssym,3.4,1.090453028678894,1L63,M106K,gnn_edge_s42
ssym,-0.6,0.40626445412635803,1L63,T109D,gnn_edge_s42
ssym,-0.1,-0.375713974237442,1L63,T109N,gnn_edge_s42
ssym,1.3,1.761164903640747,1L63,V111A,gnn_edge_s42
ssym,0.9,0.6472054719924927,1L63,V111I,gnn_edge_s42
ssym,0.7,0.8547672033309937,1L63,V111M,gnn_edge_s42
ssym,-1.1,0.31810885667800903,1L63,S117F,gnn_edge_s42
ssym,3.2,1.6619873046875,1L63,L118A,gnn_edge_s42
ssym,0.7,1.2908029556274414,1L63,L118M,gnn_edge_s42
ssym,-0.5,0.5411355495452881,1L63,M120L,gnn_edge_s42
ssym,1.6,0.6197805404663086,1L63,M120K,gnn_edge_s42
ssym,0.1,0.44116055965423584,1L63,M120Y,gnn_edge_s42
ssym,0.8,1.523263931274414,1L63,L121M,gnn_edge_s42
ssym,1.2,0.523014485836029,1L63,A129F,gnn_edge_s42
ssym,2.2,0.5005893707275391,1L63,A129W,gnn_edge_s42
ssym,-1.0,0.7143924236297607,1L63,A130S,gnn_edge_s42
ssym,0.3,0.9346760511398315,1L63,L133F,gnn_edge_s42
ssym,0.4,0.8664294481277466,1L63,L133M,gnn_edge_s42
ssym,0.1,0.06565873324871063,1L63,A134S,gnn_edge_s42
ssym,-0.5,0.3672000765800476,1L63,N144E,gnn_edge_s42
ssym,3.2,2.6438560485839844,1L63,V149A,gnn_edge_s42
ssym,2.0,1.3453643321990967,1L63,V149C,gnn_edge_s42
ssym,4.9,3.0716516971588135,1L63,V149G,gnn_edge_s42
ssym,0.1,1.3729993104934692,1L63,V149I,gnn_edge_s42
ssym,2.8,1.7945119142532349,1L63,V149M,gnn_edge_s42
ssym,2.8,2.2915501594543457,1L63,V149T,gnn_edge_s42
ssym,4.4,2.5420212745666504,1L63,V149S,gnn_edge_s42
ssym,1.5,2.8492207527160645,1L63,T152A,gnn_edge_s42
ssym,0.5,0.8179452419281006,1L63,T152C,gnn_edge_s42
ssym,0.4,1.3873136043548584,1L63,T152I,gnn_edge_s42
ssym,2.0,2.199506998062134,1L63,T152S,gnn_edge_s42
ssym,-0.2,1.2820448875427246,1L63,T152V,gnn_edge_s42
ssym,3.8,2.071760892868042,1L63,F153A,gnn_edge_s42
ssym,0.2,1.2790846824645996,1L63,F153I,gnn_edge_s42
ssym,-0.3,1.5705772638320923,1L63,F153L,gnn_edge_s42
ssym,0.6,1.614180564880371,1L63,F153M,gnn_edge_s42
ssym,1.8,1.3285698890686035,1L63,F153V,gnn_edge_s42
ssym,1.5,0.5606451034545898,1LZ1,V2A,gnn_edge_s42
ssym,1.3,0.7802842855453491,1LZ1,V2G,gnn_edge_s42
ssym,1.4,0.5415743589401245,1LZ1,V2S,gnn_edge_s42
ssym,0.4,0.37553292512893677,1LZ1,V2Y,gnn_edge_s42
ssym,1.4,0.6453869342803955,1LZ1,V2D,gnn_edge_s42
ssym,1.3,0.688835620880127,1LZ1,V2N,gnn_edge_s42
ssym,0.4,0.7338558435440063,1LZ1,V2R,gnn_edge_s42
ssym,-0.3,0.1924271434545517,1LZ1,V2L,gnn_edge_s42
ssym,0.2,0.45177122950553894,1LZ1,V2M,gnn_edge_s42
ssym,0.8,0.3697562515735626,1LZ1,V2F,gnn_edge_s42
ssym,0.5,0.6707950830459595,1LZ1,Y20F,gnn_edge_s42
ssym,2.5,1.7876431941986084,1LZ1,I23A,gnn_edge_s42
ssym,0.4,1.0515328645706177,1LZ1,I23V,gnn_edge_s42
ssym,0.2,0.37286657094955444,1LZ1,Y38F,gnn_edge_s42
ssym,-0.1,1.0802139043807983,1LZ1,Y45F,gnn_edge_s42
ssym,-0.1,0.8349785804748535,1LZ1,A47P,gnn_edge_s42
ssym,1.0,0.4716033637523651,1LZ1,Y54F,gnn_edge_s42
ssym,3.7,1.853497862815857,1LZ1,I56A,gnn_edge_s42
ssym,4.3,2.046663999557495,1LZ1,I56T,gnn_edge_s42
ssym,1.2,0.7432767152786255,1LZ1,I56V,gnn_edge_s42
ssym,1.7,2.3956432342529297,1LZ1,I59A,gnn_edge_s42
ssym,3.8,2.905961751937866,1LZ1,I59G,gnn_edge_s42
ssym,1.1,1.2049305438995361,1LZ1,I59V,gnn_edge_s42
ssym,0.2,0.09837918728590012,1LZ1,Y63F,gnn_edge_s42
ssym,1.6,1.4944729804992676,1LZ1,P71G,gnn_edge_s42
ssym,0.4,0.5186989307403564,1LZ1,V74A,gnn_edge_s42
ssym,0.1,0.9727256298065186,1LZ1,V74G,gnn_edge_s42
ssym,1.9,0.6928610801696777,1LZ1,V74I,gnn_edge_s42
ssym,0.4,0.6513879299163818,1LZ1,V74L,gnn_edge_s42
ssym,0.4,0.8629735708236694,1LZ1,V74M,gnn_edge_s42
ssym,0.0,0.9331164360046387,1LZ1,V74F,gnn_edge_s42
ssym,0.3,0.6872403621673584,1LZ1,V74Y,gnn_edge_s42
ssym,0.4,0.6684389114379883,1LZ1,V74D,gnn_edge_s42
ssym,0.3,0.7341727018356323,1LZ1,V74N,gnn_edge_s42
ssym,0.1,1.0312578678131104,1LZ1,V74R,gnn_edge_s42
ssym,0.4,1.0969693660736084,1LZ1,V74S,gnn_edge_s42
ssym,4.6,1.4353768825531006,1LZ1,C77A,gnn_edge_s42
ssym,2.7,1.6494367122650146,1LZ1,I89A,gnn_edge_s42
ssym,0.5,0.7499663829803467,1LZ1,I89V,gnn_edge_s42
ssym,0.4,0.8866664171218872,1LZ1,D91P,gnn_edge_s42
ssym,0.7,1.334784984588623,1LZ1,V93A,gnn_edge_s42
ssym,1.0,1.9113835096359253,1LZ1,V99A,gnn_edge_s42
ssym,0.3,1.3464066982269287,1LZ1,V100A,gnn_edge_s42
ssym,0.1,0.6129379272460938,1LZ1,P103G,gnn_edge_s42
ssym,0.9,2.13126540184021,1LZ1,I106A,gnn_edge_s42
ssym,0.7,1.3394246101379395,1LZ1,I106V,gnn_edge_s42
ssym,-0.5,0.4551118314266205,1LZ1,V110A,gnn_edge_s42
ssym,-0.2,0.670021653175354,1LZ1,V110D,gnn_edge_s42
ssym,2.2,0.8478068113327026,1LZ1,V110G,gnn_edge_s42
ssym,0.8,0.5739638805389404,1LZ1,V110I,gnn_edge_s42
ssym,-0.1,0.5454574823379517,1LZ1,V110L,gnn_edge_s42
ssym,-0.4,0.48661524057388306,1LZ1,V110M,gnn_edge_s42
ssym,-0.1,0.6662365198135376,1LZ1,V110N,gnn_edge_s42
ssym,-0.9,0.5970762968063354,1LZ1,V110R,gnn_edge_s42
ssym,1.9,0.37986040115356445,1LZ1,V110F,gnn_edge_s42
ssym,-0.5,0.48030826449394226,1LZ1,V110P,gnn_edge_s42
ssym,0.1,0.5540369749069214,1LZ1,V110Y,gnn_edge_s42
ssym,1.4,2.5033774375915527,1LZ1,V121A,gnn_edge_s42
ssym,0.4,1.5138189792633057,1LZ1,Y124F,gnn_edge_s42
ssym,1.3,1.2743045091629028,1LZ1,V125A,gnn_edge_s42
ssym,0.8,1.1603065729141235,1LZ1,V130A,gnn_edge_s42
ssym,-0.2,-0.2101171314716339,1OH0,Y32F,gnn_edge_s42
ssym,1.2,0.4550921618938446,1OH0,Y57F,gnn_edge_s42
ssym,-1.4,1.1785629987716675,1RN1,Q25K,gnn_edge_s42
ssym,0.4,1.8860082626342773,1VQB,I47L,gnn_edge_s42
ssym,1.7,2.0010056495666504,1VQB,I47M,gnn_edge_s42
ssym,2.0,1.6920154094696045,1VQB,I47V,gnn_edge_s42
ssym,0.6,1.0606515407562256,1VQB,V35I,gnn_edge_s42
ssym,3.2,0.13543842732906342,1VQB,Y41F,gnn_edge_s42
ssym,-0.7,1.141330361366272,2LZM,I3L,gnn_edge_s42
ssym,0.0,1.7370352745056152,2LZM,I3C,gnn_edge_s42
ssym,3.0,1.776391625404358,2LZM,I3P,gnn_edge_s42
ssym,2.3,1.7257126569747925,2LZM,I3Y,gnn_edge_s42
ssym,0.4,1.0429385900497437,2LZM,I3V,gnn_edge_s42
ssym,1.4,0.5659369230270386,2LZM,M6I,gnn_edge_s42
ssym,-0.5,-0.016087502241134644,2LZM,K16E,gnn_edge_s42
ssym,-0.6,0.5534470081329346,2LZM,S38D,gnn_edge_s42
ssym,0.6,0.10723110288381577,2LZM,N55G,gnn_edge_s42
ssym,0.0,0.7702884674072266,2LZM,K60P,gnn_edge_s42
ssym,-0.4,0.44930121302604675,2LZM,G77A,gnn_edge_s42
ssym,-0.8,0.10052748024463654,2LZM,A82P,gnn_edge_s42
ssym,0.6,0.3303326964378357,2LZM,K85A,gnn_edge_s42
ssym,0.5,0.32022127509117126,2LZM,D89A,gnn_edge_s42
ssym,2.0,0.21818068623542786,2LZM,R96A,gnn_edge_s42
ssym,3.5,0.34876173734664917,2LZM,R96D,gnn_edge_s42
ssym,2.7,-0.19569158554077148,2LZM,R96M,gnn_edge_s42
ssym,2.5,0.5622802972793579,2LZM,R96E,gnn_edge_s42
ssym,2.6,0.43378302454948425,2LZM,R96G,gnn_edge_s42
ssym,0.3,0.38617467880249023,2LZM,R96Q,gnn_edge_s42
ssym,3.1,0.1427183747291565,2LZM,R96H,gnn_edge_s42
ssym,3.0,0.6724309921264648,2LZM,R96N,gnn_edge_s42
ssym,0.0,0.2893831133842468,2LZM,R96K,gnn_edge_s42
ssym,2.6,0.1373870074748993,2LZM,R96S,gnn_edge_s42
ssym,4.7,0.2781020700931549,2LZM,R96Y,gnn_edge_s42
ssym,2.4,0.013335347175598145,2LZM,R96V,gnn_edge_s42
ssym,4.5,-0.028103381395339966,2LZM,R96W,gnn_edge_s42
ssym,4.9,1.0559730529785156,2LZM,A98V,gnn_edge_s42
ssym,0.6,1.0152020454406738,2LZM,Q105A,gnn_edge_s42
ssym,1.1,0.722711443901062,2LZM,Q105E,gnn_edge_s42
ssym,1.5,1.4209365844726562,2LZM,Q105G,gnn_edge_s42
ssym,-0.3,0.10503166913986206,2LZM,G113A,gnn_edge_s42
ssym,-0.3,0.8017250299453735,2LZM,T115E,gnn_edge_s42
ssym,-0.6,0.6516100168228149,2LZM,N116D,gnn_edge_s42
ssym,0.0,0.6638189554214478,2LZM,R119E,gnn_edge_s42
ssym,-0.4,0.4256322681903839,2LZM,Q123E,gnn_edge_s42
ssym,0.1,0.6378592252731323,2LZM,K124G,gnn_edge_s42
ssym,-0.3,0.3678423762321472,2LZM,V131A,gnn_edge_s42
ssym,-0.1,0.5743653774261475,2LZM,V131D,gnn_edge_s42
ssym,0.7,0.6925849914550781,2LZM,V131G,gnn_edge_s42
ssym,-0.2,0.21500957012176514,2LZM,V131I,gnn_edge_s42
ssym,-0.1,0.28617438673973083,2LZM,V131L,gnn_edge_s42
ssym,0.1,0.44989386200904846,2LZM,V131S,gnn_edge_s42
ssym,-0.1,0.25133323669433594,2LZM,V131M,gnn_edge_s42
ssym,-0.2,0.6553941965103149,2LZM,V131E,gnn_edge_s42
ssym,4.2,1.1694531440734863,2LZM,L133A,gnn_edge_s42
ssym,1.0,0.17568650841712952,2LZM,K135E,gnn_edge_s42
ssym,-0.4,0.6670092344284058,2LZM,N144D,gnn_edge_s42
ssym,0.7,1.638373851776123,2LZM,K147E,gnn_edge_s42
ssym,2.2,1.7899062633514404,2LZM,V149C,gnn_edge_s42
ssym,2.6,2.2294979095458984,2LZM,T152S,gnn_edge_s42
ssym,1.1,1.2986903190612793,2LZM,R154E,gnn_edge_s42
ssym,2.3,0.9173825979232788,2LZM,G156D,gnn_edge_s42
ssym,0.5,2.451113224029541,2LZM,T157A,gnn_edge_s42
ssym,1.3,0.5542600154876709,2LZM,T157C,gnn_edge_s42
ssym,1.1,2.1652579307556152,2LZM,T157D,gnn_edge_s42
ssym,0.8,1.8560349941253662,2LZM,T157E,gnn_edge_s42
ssym,2.4,0.49566081166267395,2LZM,T157F,gnn_edge_s42
ssym,1.1,2.1697659492492676,2LZM,T157G,gnn_edge_s42
ssym,2.1,1.5869698524475098,2LZM,T157H,gnn_edge_s42
ssym,1.5,1.6641473770141602,2LZM,T157I,gnn_edge_s42
ssym,1.7,1.5579501390457153,2LZM,T157L,gnn_edge_s42
ssym,1.2,1.485337734222412,2LZM,T157N,gnn_edge_s42
ssym,-0.3,1.3609867095947266,2LZM,T157R,gnn_edge_s42
ssym,0.7,1.369046926498413,2LZM,T157S,gnn_edge_s42
ssym,1.2,1.518211841583252,2LZM,T157V,gnn_edge_s42
ssym,-0.9,3.2811336517333984,2RN2,D10N,gnn_edge_s42
ssym,-0.2,3.626002788543701,2RN2,E48Q,gnn_edge_s42
ssym,0.5,1.301886796951294,2RN2,A52F,gnn_edge_s42
ssym,-1.9,1.1119543313980103,2RN2,A52I,gnn_edge_s42
ssym,-1.3,1.6376371383666992,2RN2,A52L,gnn_edge_s42
ssym,-1.7,1.7488439083099365,2RN2,A52V,gnn_edge_s42
ssym,-0.4,1.1275599002838135,2RN2,H62A,gnn_edge_s42
ssym,-1.1,1.4399152994155884,2RN2,H62P,gnn_edge_s42
ssym,-0.9,2.166661262512207,2RN2,D70N,gnn_edge_s42
ssym,-1.0,3.0602078437805176,2RN2,V74L,gnn_edge_s42
ssym,-0.6,2.741591453552246,2RN2,V74I,gnn_edge_s42
ssym,0.9,3.12847638130188,2RN2,G77A,gnn_edge_s42
ssym,-0.1,2.2184200286865234,2RN2,K95A,gnn_edge_s42
ssym,-1.9,1.9537019729614258,2RN2,K95G,gnn_edge_s42
ssym,-0.9,1.743878960609436,2RN2,K95N,gnn_edge_s42
ssym,-2.1,2.1408379077911377,2RN2,D134A,gnn_edge_s42
ssym,-2.3,2.3472487926483154,2RN2,D134H,gnn_edge_s42
ssym,-1.0,3.4884727001190186,2RN2,D134N,gnn_edge_s42
ssym,-0.5,0.43318769335746765,4LYZ,M12F,gnn_edge_s42
ssym,0.4,1.196964979171753,4LYZ,M12L,gnn_edge_s42
ssym,0.3,0.07288068532943726,4LYZ,T40S,gnn_edge_s42
ssym,0.7,3.0927329063415527,4LYZ,G49A,gnn_edge_s42
ssym,0.9,1.605569839477539,4LYZ,I55V,gnn_edge_s42
ssym,1.2,2.7782187461853027,4LYZ,I58M,gnn_edge_s42
ssym,0.5,1.8879528045654297,4LYZ,G67A,gnn_edge_s42
ssym,2.1,1.650681495666504,4LYZ,G71A,gnn_edge_s42
ssym,0.9,-0.4910984933376312,4LYZ,I78M,gnn_edge_s42
ssym,0.2,0.8637990951538086,4LYZ,S91A,gnn_edge_s42
ssym,-1.0,1.1219902038574219,4LYZ,S91T,gnn_edge_s42
ssym,0.9,1.6737712621688843,4LYZ,I98M,gnn_edge_s42
ssym,1.2,1.3233904838562012,4LYZ,G102A,gnn_edge_s42
ssym,0.8,1.9011914730072021,4LYZ,G117A,gnn_edge_s42
ssym,1.2,0.2213357388973236,5PTI,F22A,gnn_edge_s42
ssym,5.9,4.656423091888428,5PTI,Y23A,gnn_edge_s42
ssym,5.0,1.5067801475524902,5PTI,Y35G,gnn_edge_s42
ssym,5.7,3.832965850830078,5PTI,N43G,gnn_edge_s42
ssym,6.9,1.863146424293518,5PTI,F45A,gnn_edge_s42
ssym,2.3,0.21794845163822174,1AMQ,C191Y,gnn_global_s123
ssym,1.6,0.20910631120204926,1AMQ,C191F,gnn_global_s123
ssym,3.9,0.22543688118457794,1AMQ,C191W,gnn_global_s123
ssym,1.9,0.23982836306095123,1AMQ,C191S,gnn_global_s123
ssym,4.1,0.5486705303192139,1BNI,F7L,gnn_global_s123
ssym,4.5,0.7446550130844116,1BNI,L14A,gnn_global_s123
ssym,1.7,0.49121755361557007,1BNI,T26A,gnn_global_s123
ssym,1.1,0.5758163928985596,1BNI,I51V,gnn_global_s123
ssym,1.7,0.6658964157104492,1BNI,I76A,gnn_global_s123
ssym,1.0,0.6162607669830322,1BNI,I76V,gnn_global_s123
ssym,1.1,0.45519936084747314,1BNI,Y78F,gnn_global_s123
ssym,4.0,0.8446463346481323,1BNI,I88A,gnn_global_s123
ssym,1.6,0.7931641340255737,1BNI,I88V,gnn_global_s123
ssym,0.5,0.631259560585022,1BNI,L89V,gnn_global_s123
ssym,2.4,0.3680647611618042,1BNI,S91A,gnn_global_s123
ssym,3.2,0.6706961989402771,1BNI,I96A,gnn_global_s123
ssym,3.1,0.6209871172904968,1BNI,I96V,gnn_global_s123
ssym,-2.5,0.33871328830718994,1CEY,D12A,gnn_global_s123
ssym,-2.7,0.20274187624454498,1CEY,D13A,gnn_global_s123
ssym,-3.3,0.2975432872772217,1CEY,D57A,gnn_global_s123
ssym,0.9,0.46254998445510864,1EY0,T22C,gnn_global_s123
ssym,0.9,0.4053570032119751,1EY0,T22V,gnn_global_s123
ssym,0.1,0.6801690459251404,1EY0,V23L,gnn_global_s123
ssym,1.7,0.7531599402427673,1EY0,L25I,gnn_global_s123
ssym,-0.4,0.4406014680862427,1EY0,T33V,gnn_global_s123
ssym,-0.6,0.5899199843406677,1EY0,T41C,gnn_global_s123
ssym,-0.7,0.48026740550994873,1EY0,T41I,gnn_global_s123
ssym,1.1,0.6225559711456299,1EY0,T41S,gnn_global_s123
ssym,-0.8,0.5155315399169922,1EY0,T41V,gnn_global_s123
ssym,-0.1,0.3950197696685791,1EY0,T44V,gnn_global_s123
ssym,-0.5,0.47041672468185425,1EY0,S59A,gnn_global_s123
ssym,2.1,0.7452110052108765,1EY0,T62S,gnn_global_s123
ssym,0.2,0.6279397010803223,1EY0,T62V,gnn_global_s123
ssym,1.0,0.6912648677825928,1EY0,V66I,gnn_global_s123
ssym,0.3,0.6973007917404175,1EY0,V66L,gnn_global_s123
ssym,7.5,0.8422779440879822,1EY0,V66K,gnn_global_s123
ssym,0.2,0.7344102263450623,1EY0,I72L,gnn_global_s123
ssym,1.2,0.7744259834289551,1EY0,I72V,gnn_global_s123
ssym,0.7,0.4083818197250366,1EY0,T82S,gnn_global_s123
ssym,0.4,0.8141697645187378,1EY0,I92V,gnn_global_s123
ssym,-1.0,0.32461392879486084,1EY0,K116G,gnn_global_s123
ssym,-0.8,0.26473021507263184,1EY0,P117A,gnn_global_s123
ssym,-0.9,0.2781466245651245,1EY0,P117G,gnn_global_s123
ssym,-1.1,0.2839471101760864,1EY0,P117T,gnn_global_s123
ssym,1.7,0.3694613575935364,1EY0,T120C,gnn_global_s123
ssym,0.6,0.3799612522125244,1EY0,T120S,gnn_global_s123
ssym,1.8,0.3209877610206604,1EY0,T120V,gnn_global_s123
ssym,-0.7,0.3670024275779724,1EY0,S128A,gnn_global_s123
ssym,-0.7,0.10085621476173401,1IHB,F71N,gnn_global_s123
ssym,0.4,0.27081114053726196,1IHB,F82Q,gnn_global_s123
ssym,1.1,0.1597413271665573,1IHB,F92N,gnn_global_s123
ssym,2.6,0.7307727336883545,1IOB,T9G,gnn_global_s123
ssym,1.9,0.2877119183540344,1L63,M6A,gnn_global_s123
ssym,2.8,0.2262253314256668,1L63,M6L,gnn_global_s123
ssym,-0.1,0.16969509422779083,1L63,E11H,gnn_global_s123
ssym,0.1,0.1734512895345688,1L63,E11N,gnn_global_s123
ssym,2.7,0.32243579626083374,1L63,I17A,gnn_global_s123
ssym,0.3,-0.03066869080066681,1L63,D20A,gnn_global_s123
ssym,-1.3,-0.008501820266246796,1L63,D20N,gnn_global_s123
ssym,-0.7,-0.00647435337305069,1L63,D20S,gnn_global_s123
ssym,3.1,0.44607460498809814,1L63,I27A,gnn_global_s123
ssym,3.1,0.4267112612724304,1L63,I27M,gnn_global_s123
ssym,2.6,0.3156422972679138,1L63,I29A,gnn_global_s123
ssym,0.0,0.152437224984169,1L63,S38N,gnn_global_s123
ssym,0.6,0.17917726933956146,1L63,A41S,gnn_global_s123
ssym,2.7,0.1874360591173172,1L63,A42V,gnn_global_s123
ssym,2.3,0.27892136573791504,1L63,A42S,gnn_global_s123
ssym,1.0,0.1510113775730133,1L63,K43A,gnn_global_s123
ssym,-0.3,0.07538391649723053,1L63,S44A,gnn_global_s123
ssym,-0.3,0.026253320276737213,1L63,S44I,gnn_global_s123
ssym,-0.4,0.027608290314674377,1L63,S44L,gnn_global_s123
ssym,-0.2,0.10598839819431305,1L63,S44K,gnn_global_s123
ssym,0.0,0.11515483260154724,1L63,S44E,gnn_global_s123
ssym,0.5,0.08052359521389008,1L63,S44G,gnn_global_s123
ssym,-0.2,0.079716756939888,1L63,S44R,gnn_global_s123
ssym,0.1,0.10136157274246216,1L63,S44N,gnn_global_s123
ssym,-0.1,0.0466579794883728,1L63,S44F,gnn_global_s123
ssym,3.0,0.12092630565166473,1L63,S44P,gnn_global_s123
ssym,0.0,0.08260045945644379,1L63,S44T,gnn_global_s123
ssym,-0.1,0.044339194893836975,1L63,S44V,gnn_global_s123
ssym,1.9,0.3406977653503418,1L63,L46A,gnn_global_s123
ssym,1.0,0.06215831637382507,1L63,D47A,gnn_global_s123
ssym,0.5,0.24503345787525177,1L63,A49S,gnn_global_s123
ssym,2.0,0.26918041706085205,1L63,I50A,gnn_global_s123
ssym,0.4,0.25744593143463135,1L63,I50M,gnn_global_s123
ssym,3.2,0.3816922903060913,1L63,I58A,gnn_global_s123
ssym,3.4,0.39518409967422485,1L63,I58T,gnn_global_s123
ssym,1.5,0.15206091105937958,1L63,T59A,gnn_global_s123
ssym,1.2,0.2201867252588272,1L63,T59D,gnn_global_s123
ssym,1.6,0.16239483654499054,1L63,T59G,gnn_global_s123
ssym,1.1,0.18785463273525238,1L63,T59N,gnn_global_s123
ssym,0.2,0.18798430263996124,1L63,T59S,gnn_global_s123
ssym,1.5,0.12385301291942596,1L63,T59V,gnn_global_s123
ssym,1.0,0.3411712050437927,1L63,L66M,gnn_global_s123
ssym,1.9,0.3545025587081909,1L63,F67A,gnn_global_s123
ssym,2.7,0.13903328776359558,1L63,D72P,gnn_global_s123
ssym,0.4,0.22986863553524017,1L63,A73S,gnn_global_s123
ssym,1.3,0.36638933420181274,1L63,V75T,gnn_global_s123
ssym,1.2,0.43846386671066284,1L63,I78A,gnn_global_s123
ssym,1.5,0.418415367603302,1L63,I78M,gnn_global_s123
ssym,0.8,0.40195542573928833,1L63,I78V,gnn_global_s123
ssym,0.3,0.13230976462364197,1L63,A82S,gnn_global_s123
ssym,2.6,0.411676824092865,1L63,L84A,gnn_global_s123
ssym,1.9,0.3919506072998047,1L63,L84M,gnn_global_s123
ssym,1.7,0.25173717737197876,1L63,V87A,gnn_global_s123
ssym,2.3,0.24157892167568207,1L63,V87M,gnn_global_s123
ssym,0.3,0.1938684731721878,1L63,V87I,gnn_global_s123
ssym,1.6,0.26406556367874146,1L63,V87T,gnn_global_s123
ssym,3.9,0.2820146679878235,1L63,L91A,gnn_global_s123
ssym,0.8,0.26820671558380127,1L63,L91M,gnn_global_s123
ssym,1.4,0.07081280648708344,1L63,D92N,gnn_global_s123
ssym,0.2,0.15553350746631622,1L63,A93S,gnn_global_s123
ssym,1.0,0.34900033473968506,1L63,A98C,gnn_global_s123
ssym,4.3,0.260287344455719,1L63,A98L,gnn_global_s123
ssym,2.5,0.3905189037322998,1L63,A98S,gnn_global_s123
ssym,3.2,0.2922927737236023,1L63,A98V,gnn_global_s123
ssym,4.5,0.4722321033477783,1L63,L99A,gnn_global_s123
ssym,0.3,0.4140986204147339,1L63,L99F,gnn_global_s123
ssym,1.5,0.396295964717865,1L63,L99I,gnn_global_s123
ssym,0.6,0.44741129875183105,1L63,L99M,gnn_global_s123
ssym,2.0,0.434478759765625,1L63,L99V,gnn_global_s123
ssym,3.4,0.46643340587615967,1L63,I100A,gnn_global_s123
ssym,1.6,0.444330096244812,1L63,I100M,gnn_global_s123
ssym,0.4,0.4328160881996155,1L63,I100V,gnn_global_s123
ssym,1.5,0.26048630475997925,1L63,N101A,gnn_global_s123
ssym,1.0,0.304659903049469,1L63,M102L,gnn_global_s123
ssym,2.2,0.40561795234680176,1L63,V103A,gnn_global_s123
ssym,0.5,0.3342830538749695,1L63,V103I,gnn_global_s123
ssym,1.2,0.3827775716781616,1L63,V103M,gnn_global_s123
ssym,0.4,0.3121987581253052,1L63,F104M,gnn_global_s123
ssym,1.2,0.13955168426036835,1L63,Q105M,gnn_global_s123
ssym,-0.2,0.24733085930347443,1L63,M106I,gnn_global_s123
ssym,-0.5,0.2499353438615799,1L63,M106L,gnn_global_s123
ssym,3.4,0.3447920083999634,1L63,M106K,gnn_global_s123
ssym,-0.6,0.25179392099380493,1L63,T109D,gnn_global_s123
ssym,-0.1,0.22343291342258453,1L63,T109N,gnn_global_s123
ssym,1.3,0.4267721176147461,1L63,V111A,gnn_global_s123
ssym,0.9,0.3506320118904114,1L63,V111I,gnn_global_s123
ssym,0.7,0.40136510133743286,1L63,V111M,gnn_global_s123
ssym,-1.1,0.14421747624874115,1L63,S117F,gnn_global_s123
ssym,3.2,0.40763139724731445,1L63,L118A,gnn_global_s123
ssym,0.7,0.3869132399559021,1L63,L118M,gnn_global_s123
ssym,-0.5,0.08202742040157318,1L63,M120L,gnn_global_s123
ssym,1.6,0.15959490835666656,1L63,M120K,gnn_global_s123
ssym,0.1,0.1150745153427124,1L63,M120Y,gnn_global_s123
ssym,0.8,0.3520768880844116,1L63,L121M,gnn_global_s123
ssym,1.2,0.21713458001613617,1L63,A129F,gnn_global_s123
ssym,2.2,0.2685907483100891,1L63,A129W,gnn_global_s123
ssym,-1.0,0.30145376920700073,1L63,A130S,gnn_global_s123
ssym,0.3,0.38930195569992065,1L63,L133F,gnn_global_s123
ssym,0.4,0.4172074794769287,1L63,L133M,gnn_global_s123
ssym,0.1,0.25668102502822876,1L63,A134S,gnn_global_s123
ssym,-0.5,0.05498358607292175,1L63,N144E,gnn_global_s123
ssym,3.2,0.33552008867263794,1L63,V149A,gnn_global_s123
ssym,2.0,0.3553968071937561,1L63,V149C,gnn_global_s123
ssym,4.9,0.3549819588661194,1L63,V149G,gnn_global_s123
ssym,0.1,0.2704635262489319,1L63,V149I,gnn_global_s123
ssym,2.8,0.3169527053833008,1L63,V149M,gnn_global_s123
ssym,2.8,0.34901875257492065,1L63,V149T,gnn_global_s123
ssym,4.4,0.39396554231643677,1L63,V149S,gnn_global_s123
ssym,1.5,0.2431032508611679,1L63,T152A,gnn_global_s123
ssym,0.5,0.265877366065979,1L63,T152C,gnn_global_s123
ssym,0.4,0.17459113895893097,1L63,T152I,gnn_global_s123
ssym,2.0,0.2961205244064331,1L63,T152S,gnn_global_s123
ssym,-0.2,0.2042749971151352,1L63,T152V,gnn_global_s123
ssym,3.8,0.40269696712493896,1L63,F153A,gnn_global_s123
ssym,0.2,0.3323670029640198,1L63,F153I,gnn_global_s123
ssym,-0.3,0.3347213864326477,1L63,F153L,gnn_global_s123
ssym,0.6,0.3829902410507202,1L63,F153M,gnn_global_s123
ssym,1.8,0.36717212200164795,1L63,F153V,gnn_global_s123
ssym,1.5,0.6883741617202759,1LZ1,V2A,gnn_global_s123
ssym,1.3,0.6961080431938171,1LZ1,V2G,gnn_global_s123
ssym,1.4,0.7199392914772034,1LZ1,V2S,gnn_global_s123
ssym,0.4,0.6701068878173828,1LZ1,V2Y,gnn_global_s123
ssym,1.4,0.7549952268600464,1LZ1,V2D,gnn_global_s123
ssym,1.3,0.7296015620231628,1LZ1,V2N,gnn_global_s123
ssym,0.4,0.6828200817108154,1LZ1,V2R,gnn_global_s123
ssym,-0.3,0.6217637658119202,1LZ1,V2L,gnn_global_s123
ssym,0.2,0.6688219308853149,1LZ1,V2M,gnn_global_s123
ssym,0.8,0.6482248902320862,1LZ1,V2F,gnn_global_s123
ssym,0.5,0.598412036895752,1LZ1,Y20F,gnn_global_s123
ssym,2.5,0.8003167510032654,1LZ1,I23A,gnn_global_s123
ssym,0.4,0.7575652599334717,1LZ1,I23V,gnn_global_s123
ssym,0.2,0.7447290420532227,1LZ1,Y38F,gnn_global_s123
ssym,-0.1,0.4256652593612671,1LZ1,Y45F,gnn_global_s123
ssym,-0.1,0.5306891202926636,1LZ1,A47P,gnn_global_s123
ssym,1.0,0.6152008771896362,1LZ1,Y54F,gnn_global_s123
ssym,3.7,0.9635046720504761,1LZ1,I56A,gnn_global_s123
ssym,4.3,0.9791594743728638,1LZ1,I56T,gnn_global_s123
ssym,1.2,0.9149751663208008,1LZ1,I56V,gnn_global_s123
ssym,1.7,0.926517128944397,1LZ1,I59A,gnn_global_s123
ssym,3.8,0.9514456987380981,1LZ1,I59G,gnn_global_s123
ssym,1.1,0.8811284303665161,1LZ1,I59V,gnn_global_s123
ssym,0.2,0.5249437093734741,1LZ1,Y63F,gnn_global_s123
ssym,1.6,0.4236098527908325,1LZ1,P71G,gnn_global_s123
ssym,0.4,0.6701924204826355,1LZ1,V74A,gnn_global_s123
ssym,0.1,0.6778624057769775,1LZ1,V74G,gnn_global_s123
ssym,1.9,0.6039729118347168,1LZ1,V74I,gnn_global_s123
ssym,0.4,0.6024250984191895,1LZ1,V74L,gnn_global_s123
ssym,0.4,0.6537959575653076,1LZ1,V74M,gnn_global_s123
ssym,0.0,0.631732702255249,1LZ1,V74F,gnn_global_s123
ssym,0.3,0.6539660692214966,1LZ1,V74Y,gnn_global_s123
ssym,0.4,0.7424309253692627,1LZ1,V74D,gnn_global_s123
ssym,0.3,0.7092317342758179,1LZ1,V74N,gnn_global_s123
ssym,0.1,0.6686530709266663,1LZ1,V74R,gnn_global_s123
ssym,0.4,0.7012687921524048,1LZ1,V74S,gnn_global_s123
ssym,4.6,0.7898671627044678,1LZ1,C77A,gnn_global_s123
ssym,2.7,0.975942850112915,1LZ1,I89A,gnn_global_s123
ssym,0.5,0.9293861389160156,1LZ1,I89V,gnn_global_s123
ssym,0.4,0.719588041305542,1LZ1,D91P,gnn_global_s123
ssym,0.7,0.9080237150192261,1LZ1,V93A,gnn_global_s123
ssym,1.0,0.8181938529014587,1LZ1,V99A,gnn_global_s123
ssym,0.3,0.7535624504089355,1LZ1,V100A,gnn_global_s123
ssym,0.1,0.4523019790649414,1LZ1,P103G,gnn_global_s123
ssym,0.9,0.8020981550216675,1LZ1,I106A,gnn_global_s123
ssym,0.7,0.7620100378990173,1LZ1,I106V,gnn_global_s123
ssym,-0.5,0.5615640878677368,1LZ1,V110A,gnn_global_s123
ssym,-0.2,0.6225298047065735,1LZ1,V110D,gnn_global_s123
ssym,2.2,0.5664049983024597,1LZ1,V110G,gnn_global_s123
ssym,0.8,0.5119293332099915,1LZ1,V110I,gnn_global_s123
ssym,-0.1,0.5122844576835632,1LZ1,V110L,gnn_global_s123
ssym,-0.4,0.5497931241989136,1LZ1,V110M,gnn_global_s123
ssym,-0.1,0.5920834541320801,1LZ1,V110N,gnn_global_s123
ssym,-0.9,0.5679523944854736,1LZ1,V110R,gnn_global_s123
ssym,1.9,0.5351596474647522,1LZ1,V110F,gnn_global_s123
ssym,-0.5,0.6078469753265381,1LZ1,V110P,gnn_global_s123
ssym,0.1,0.5494499206542969,1LZ1,V110Y,gnn_global_s123
ssym,1.4,0.6689813137054443,1LZ1,V121A,gnn_global_s123
ssym,0.4,0.6507623791694641,1LZ1,Y124F,gnn_global_s123
ssym,1.3,0.8428511023521423,1LZ1,V125A,gnn_global_s123
ssym,0.8,0.7832034230232239,1LZ1,V130A,gnn_global_s123
ssym,-0.2,0.6065176725387573,1OH0,Y32F,gnn_global_s123
ssym,1.2,0.6878315210342407,1OH0,Y57F,gnn_global_s123
ssym,-1.4,1.1673073768615723,1RN1,Q25K,gnn_global_s123
ssym,0.4,1.0343588590621948,1VQB,I47L,gnn_global_s123
ssym,1.7,1.1248931884765625,1VQB,I47M,gnn_global_s123
ssym,2.0,1.0964263677597046,1VQB,I47V,gnn_global_s123
ssym,0.6,0.996726393699646,1VQB,V35I,gnn_global_s123
ssym,3.2,0.47840815782546997,1VQB,Y41F,gnn_global_s123
ssym,-0.7,0.3801325559616089,2LZM,I3L,gnn_global_s123
ssym,0.0,0.46363723278045654,2LZM,I3C,gnn_global_s123
ssym,3.0,0.5143892765045166,2LZM,I3P,gnn_global_s123
ssym,2.3,0.4233306050300598,2LZM,I3Y,gnn_global_s123
ssym,0.4,0.4125449061393738,2LZM,I3V,gnn_global_s123
ssym,1.4,0.2816770076751709,2LZM,M6I,gnn_global_s123
ssym,-0.5,0.24412648379802704,2LZM,K16E,gnn_global_s123
ssym,-0.6,0.21801669895648956,2LZM,S38D,gnn_global_s123
ssym,0.6,0.17170844972133636,2LZM,N55G,gnn_global_s123
ssym,0.0,0.180208221077919,2LZM,K60P,gnn_global_s123
ssym,-0.4,0.26748353242874146,2LZM,G77A,gnn_global_s123
ssym,-0.8,0.18455760180950165,2LZM,A82P,gnn_global_s123
ssym,0.6,0.10199914872646332,2LZM,K85A,gnn_global_s123
ssym,0.5,0.05916334688663483,2LZM,D89A,gnn_global_s123
ssym,2.0,0.11792631447315216,2LZM,R96A,gnn_global_s123
ssym,3.5,0.18523405492305756,2LZM,R96D,gnn_global_s123
ssym,2.7,0.11733907461166382,2LZM,R96M,gnn_global_s123
ssym,2.5,0.16019244492053986,2LZM,R96E,gnn_global_s123
ssym,2.6,0.12605981528759003,2LZM,R96G,gnn_global_s123
ssym,0.3,0.13782726228237152,2LZM,R96Q,gnn_global_s123
ssym,3.1,0.13758639991283417,2LZM,R96H,gnn_global_s123
ssym,3.0,0.14678646624088287,2LZM,R96N,gnn_global_s123
ssym,0.0,0.1541440635919571,2LZM,R96K,gnn_global_s123
ssym,2.6,0.1446579545736313,2LZM,R96S,gnn_global_s123
ssym,4.7,0.1098637580871582,2LZM,R96Y,gnn_global_s123
ssym,2.4,0.09265732765197754,2LZM,R96V,gnn_global_s123
ssym,4.5,0.10909152030944824,2LZM,R96W,gnn_global_s123
ssym,4.9,0.3255122900009155,2LZM,A98V,gnn_global_s123
ssym,0.6,0.1965956836938858,2LZM,Q105A,gnn_global_s123
ssym,1.1,0.24328742921352386,2LZM,Q105E,gnn_global_s123
ssym,1.5,0.20879755914211273,2LZM,Q105G,gnn_global_s123
ssym,-0.3,0.26967597007751465,2LZM,G113A,gnn_global_s123
ssym,-0.3,0.21675355732440948,2LZM,T115E,gnn_global_s123
ssym,-0.6,0.13796226680278778,2LZM,N116D,gnn_global_s123
ssym,0.0,0.03763687610626221,2LZM,R119E,gnn_global_s123
ssym,-0.4,0.05400806665420532,2LZM,Q123E,gnn_global_s123
ssym,0.1,0.06973472237586975,2LZM,K124G,gnn_global_s123
ssym,-0.3,0.27386730909347534,2LZM,V131A,gnn_global_s123
ssym,-0.1,0.3383750915527344,2LZM,V131D,gnn_global_s123
ssym,0.7,0.28188949823379517,2LZM,V131G,gnn_global_s123
ssym,-0.2,0.2130725234746933,2LZM,V131I,gnn_global_s123
ssym,-0.1,0.21343441307544708,2LZM,V131L,gnn_global_s123
ssym,0.1,0.3024935722351074,2LZM,V131S,gnn_global_s123
ssym,-0.1,0.26084470748901367,2LZM,V131M,gnn_global_s123
ssym,-0.2,0.31548386812210083,2LZM,V131E,gnn_global_s123
ssym,4.2,0.47816330194473267,2LZM,L133A,gnn_global_s123
ssym,1.0,0.18399806320667267,2LZM,K135E,gnn_global_s123
ssym,-0.4,0.09127570688724518,2LZM,N144D,gnn_global_s123
ssym,0.7,0.12243130803108215,2LZM,K147E,gnn_global_s123
ssym,2.2,0.397407591342926,2LZM,V149C,gnn_global_s123
ssym,2.6,0.3325117230415344,2LZM,T152S,gnn_global_s123
ssym,1.1,0.19483758509159088,2LZM,R154E,gnn_global_s123
ssym,2.3,0.20539893209934235,2LZM,G156D,gnn_global_s123
ssym,0.5,0.1329287439584732,2LZM,T157A,gnn_global_s123
ssym,1.3,0.14936275780200958,2LZM,T157C,gnn_global_s123
ssym,1.1,0.20006923377513885,2LZM,T157D,gnn_global_s123
ssym,0.8,0.17622201144695282,2LZM,T157E,gnn_global_s123
ssym,2.4,0.1030648946762085,2LZM,T157F,gnn_global_s123
ssym,1.1,0.14144763350486755,2LZM,T157G,gnn_global_s123
ssym,2.1,0.15620861947536469,2LZM,T157H,gnn_global_s123
ssym,1.5,0.08315382897853851,2LZM,T157I,gnn_global_s123
ssym,1.7,0.08393675088882446,2LZM,T157L,gnn_global_s123
ssym,1.2,0.16469775140285492,2LZM,T157N,gnn_global_s123
ssym,-0.3,0.1412278413772583,2LZM,T157R,gnn_global_s123
ssym,0.7,0.16021521389484406,2LZM,T157S,gnn_global_s123
ssym,1.2,0.10375566780567169,2LZM,T157V,gnn_global_s123
ssym,-0.9,0.5519468784332275,2RN2,D10N,gnn_global_s123
ssym,-0.2,0.5384556651115417,2RN2,E48Q,gnn_global_s123
ssym,0.5,0.7648719549179077,2RN2,A52F,gnn_global_s123
ssym,-1.9,0.746492862701416,2RN2,A52I,gnn_global_s123
ssym,-1.3,0.7492412328720093,2RN2,A52L,gnn_global_s123
ssym,-1.7,0.7846871614456177,2RN2,A52V,gnn_global_s123
ssym,-0.4,0.5027695894241333,2RN2,H62A,gnn_global_s123
ssym,-1.1,0.5543718338012695,2RN2,H62P,gnn_global_s123
ssym,-0.9,0.4700438976287842,2RN2,D70N,gnn_global_s123
ssym,-1.0,0.6898921728134155,2RN2,V74L,gnn_global_s123
ssym,-0.6,0.6874181032180786,2RN2,V74I,gnn_global_s123
ssym,0.9,0.5583688020706177,2RN2,G77A,gnn_global_s123
ssym,-0.1,0.3822377324104309,2RN2,K95A,gnn_global_s123
ssym,-1.9,0.39289581775665283,2RN2,K95G,gnn_global_s123
ssym,-0.9,0.40134376287460327,2RN2,K95N,gnn_global_s123
ssym,-2.1,0.44280266761779785,2RN2,D134A,gnn_global_s123
ssym,-2.3,0.4601186513900757,2RN2,D134H,gnn_global_s123
ssym,-1.0,0.4680482745170593,2RN2,D134N,gnn_global_s123
ssym,-0.5,1.1262887716293335,4LYZ,M12F,gnn_global_s123
ssym,0.4,1.1013118028640747,4LYZ,M12L,gnn_global_s123
ssym,0.3,1.0862351655960083,4LYZ,T40S,gnn_global_s123
ssym,0.7,0.6720610857009888,4LYZ,G49A,gnn_global_s123
ssym,0.9,1.1838608980178833,4LYZ,I55V,gnn_global_s123
ssym,1.2,1.1576722860336304,4LYZ,I58M,gnn_global_s123
ssym,0.5,0.7207815647125244,4LYZ,G67A,gnn_global_s123
ssym,2.1,0.687053918838501,4LYZ,G71A,gnn_global_s123
ssym,0.9,1.1046148538589478,4LYZ,I78M,gnn_global_s123
ssym,0.2,1.0588386058807373,4LYZ,S91A,gnn_global_s123
ssym,-1.0,1.076331377029419,4LYZ,S91T,gnn_global_s123
ssym,0.9,1.0633467435836792,4LYZ,I98M,gnn_global_s123
ssym,1.2,0.7631248831748962,4LYZ,G102A,gnn_global_s123
ssym,0.8,0.8244771361351013,4LYZ,G117A,gnn_global_s123
ssym,1.2,1.40960693359375,5PTI,F22A,gnn_global_s123
ssym,5.9,1.5234218835830688,5PTI,Y23A,gnn_global_s123
ssym,5.0,1.274636149406433,5PTI,Y35G,gnn_global_s123
ssym,5.7,1.1334675550460815,5PTI,N43G,gnn_global_s123
ssym,6.9,1.2630447149276733,5PTI,F45A,gnn_global_s123
ssym,2.3,0.8514833450317383,1AMQ,C191Y,gnn_local_s123
ssym,1.6,0.7393534183502197,1AMQ,C191F,gnn_local_s123
ssym,3.9,0.5737459659576416,1AMQ,C191W,gnn_local_s123
ssym,1.9,0.9785572290420532,1AMQ,C191S,gnn_local_s123
ssym,4.1,0.9591338634490967,1BNI,F7L,gnn_local_s123
ssym,4.5,1.261991262435913,1BNI,L14A,gnn_local_s123
ssym,1.7,0.655858039855957,1BNI,T26A,gnn_local_s123
ssym,1.1,1.2654582262039185,1BNI,I51V,gnn_local_s123
ssym,1.7,1.8163093328475952,1BNI,I76A,gnn_local_s123
ssym,1.0,1.4330023527145386,1BNI,I76V,gnn_local_s123
ssym,1.1,0.5702908039093018,1BNI,Y78F,gnn_local_s123
ssym,4.0,1.5846039056777954,1BNI,I88A,gnn_local_s123
ssym,1.6,1.2159620523452759,1BNI,I88V,gnn_local_s123
ssym,0.5,1.3091310262680054,1BNI,L89V,gnn_local_s123
ssym,2.4,0.5454550981521606,1BNI,S91A,gnn_local_s123
ssym,3.2,1.3000198602676392,1BNI,I96A,gnn_local_s123
ssym,3.1,0.9104809165000916,1BNI,I96V,gnn_local_s123
ssym,-2.5,0.6173998117446899,1CEY,D12A,gnn_local_s123
ssym,-2.7,0.06972245872020721,1CEY,D13A,gnn_local_s123
ssym,-3.3,0.4697359502315521,1CEY,D57A,gnn_local_s123
ssym,0.9,0.5667195916175842,1EY0,T22C,gnn_local_s123
ssym,0.9,0.45050767064094543,1EY0,T22V,gnn_local_s123
ssym,0.1,1.607942819595337,1EY0,V23L,gnn_local_s123
ssym,1.7,1.1858593225479126,1EY0,L25I,gnn_local_s123
ssym,-0.4,0.4406364858150482,1EY0,T33V,gnn_local_s123
ssym,-0.6,1.4444528818130493,1EY0,T41C,gnn_local_s123
ssym,-0.7,1.1830847263336182,1EY0,T41I,gnn_local_s123
ssym,1.1,1.6335457563400269,1EY0,T41S,gnn_local_s123
ssym,-0.8,1.283704161643982,1EY0,T41V,gnn_local_s123
ssym,-0.1,0.41533541679382324,1EY0,T44V,gnn_local_s123
ssym,-0.5,0.9312200546264648,1EY0,S59A,gnn_local_s123
ssym,2.1,1.4961196184158325,1EY0,T62S,gnn_local_s123
ssym,0.2,1.0109134912490845,1EY0,T62V,gnn_local_s123
ssym,1.0,1.3380075693130493,1EY0,V66I,gnn_local_s123
ssym,0.3,1.456851601600647,1EY0,V66L,gnn_local_s123
ssym,7.5,2.0328125953674316,1EY0,V66K,gnn_local_s123
ssym,0.2,1.3747910261154175,1EY0,I72L,gnn_local_s123
ssym,1.2,1.519944667816162,1EY0,I72V,gnn_local_s123
ssym,0.7,0.3783037066459656,1EY0,T82S,gnn_local_s123
ssym,0.4,1.6698720455169678,1EY0,I92V,gnn_local_s123
ssym,-1.0,0.6117627024650574,1EY0,K116G,gnn_local_s123
ssym,-0.8,0.3781629502773285,1EY0,P117A,gnn_local_s123
ssym,-0.9,0.49117812514305115,1EY0,P117G,gnn_local_s123
ssym,-1.1,0.35076138377189636,1EY0,P117T,gnn_local_s123
ssym,1.7,0.3750710189342499,1EY0,T120C,gnn_local_s123
ssym,0.6,0.5679646730422974,1EY0,T120S,gnn_local_s123
ssym,1.8,0.24668458104133606,1EY0,T120V,gnn_local_s123
ssym,-0.7,0.6721075177192688,1EY0,S128A,gnn_local_s123
ssym,-0.7,0.8731198310852051,1IHB,F71N,gnn_local_s123
ssym,0.4,1.2950156927108765,1IHB,F82Q,gnn_local_s123
ssym,1.1,1.1130634546279907,1IHB,F92N,gnn_local_s123
ssym,2.6,1.2354198694229126,1IOB,T9G,gnn_local_s123
ssym,1.9,1.621440052986145,1L63,M6A,gnn_local_s123
ssym,2.8,1.1557681560516357,1L63,M6L,gnn_local_s123
ssym,-0.1,0.27118733525276184,1L63,E11H,gnn_local_s123
ssym,0.1,0.5489458441734314,1L63,E11N,gnn_local_s123
ssym,2.7,1.214917540550232,1L63,I17A,gnn_local_s123
ssym,0.3,0.3285715579986572,1L63,D20A,gnn_local_s123
ssym,-1.3,0.3676537573337555,1L63,D20N,gnn_local_s123
ssym,-0.7,0.1542750746011734,1L63,D20S,gnn_local_s123
ssym,3.1,1.691433072090149,1L63,I27A,gnn_local_s123
ssym,3.1,1.3511457443237305,1L63,I27M,gnn_local_s123
ssym,2.6,1.5261921882629395,1L63,I29A,gnn_local_s123
ssym,0.0,0.4860345423221588,1L63,S38N,gnn_local_s123
ssym,0.6,0.3024945855140686,1L63,A41S,gnn_local_s123
ssym,2.7,0.5986818075180054,1L63,A42V,gnn_local_s123
ssym,2.3,1.0648319721221924,1L63,A42S,gnn_local_s123
ssym,1.0,0.36534109711647034,1L63,K43A,gnn_local_s123
ssym,-0.3,-0.024853963404893875,1L63,S44A,gnn_local_s123
ssym,-0.3,-0.16071082651615143,1L63,S44I,gnn_local_s123
ssym,-0.4,-0.15133655071258545,1L63,S44L,gnn_local_s123
ssym,-0.2,-0.12390639632940292,1L63,S44K,gnn_local_s123
ssym,0.0,0.3399464190006256,1L63,S44E,gnn_local_s123
ssym,0.5,0.259609580039978,1L63,S44G,gnn_local_s123
ssym,-0.2,-0.00751956831663847,1L63,S44R,gnn_local_s123
ssym,0.1,0.21121425926685333,1L63,S44N,gnn_local_s123
ssym,-0.1,-0.144578754901886,1L63,S44F,gnn_local_s123
ssym,3.0,0.4082479178905487,1L63,S44P,gnn_local_s123
ssym,0.0,0.05181032791733742,1L63,S44T,gnn_local_s123
ssym,-0.1,-0.24447625875473022,1L63,S44V,gnn_local_s123
ssym,1.9,1.4081662893295288,1L63,L46A,gnn_local_s123
ssym,1.0,0.21705900132656097,1L63,D47A,gnn_local_s123
ssym,0.5,0.39806804060935974,1L63,A49S,gnn_local_s123
ssym,2.0,1.342414140701294,1L63,I50A,gnn_local_s123
ssym,0.4,1.15823495388031,1L63,I50M,gnn_local_s123
ssym,3.2,1.7031935453414917,1L63,I58A,gnn_local_s123
ssym,3.4,1.9417606592178345,1L63,I58T,gnn_local_s123
ssym,1.5,0.2843558192253113,1L63,T59A,gnn_local_s123
ssym,1.2,0.6547233462333679,1L63,T59D,gnn_local_s123
ssym,1.6,0.45985904335975647,1L63,T59G,gnn_local_s123
ssym,1.1,0.5652217864990234,1L63,T59N,gnn_local_s123
ssym,0.2,0.4042849838733673,1L63,T59S,gnn_local_s123
ssym,1.5,-0.043151210993528366,1L63,T59V,gnn_local_s123
ssym,1.0,1.1654905080795288,1L63,L66M,gnn_local_s123
ssym,1.9,1.3508986234664917,1L63,F67A,gnn_local_s123
ssym,2.7,0.03692511096596718,1L63,D72P,gnn_local_s123
ssym,0.4,0.5157710909843445,1L63,A73S,gnn_local_s123
ssym,1.3,1.4719105958938599,1L63,V75T,gnn_local_s123
ssym,1.2,1.6518326997756958,1L63,I78A,gnn_local_s123
ssym,1.5,1.314993977546692,1L63,I78M,gnn_local_s123
ssym,0.8,1.216609001159668,1L63,I78V,gnn_local_s123
ssym,0.3,0.11775675415992737,1L63,A82S,gnn_local_s123
ssym,2.6,1.7901496887207031,1L63,L84A,gnn_local_s123
ssym,1.9,1.5252784490585327,1L63,L84M,gnn_local_s123
ssym,1.7,1.0190497636795044,1L63,V87A,gnn_local_s123
ssym,2.3,0.8016590476036072,1L63,V87M,gnn_local_s123
ssym,0.3,0.4755179286003113,1L63,V87I,gnn_local_s123
ssym,1.6,1.2078496217727661,1L63,V87T,gnn_local_s123
ssym,3.9,1.3236258029937744,1L63,L91A,gnn_local_s123
ssym,0.8,1.045678973197937,1L63,L91M,gnn_local_s123
ssym,1.4,0.1262076050043106,1L63,D92N,gnn_local_s123
ssym,0.2,-0.16176915168762207,1L63,A93S,gnn_local_s123
ssym,1.0,1.1587034463882446,1L63,A98C,gnn_local_s123
ssym,4.3,0.8064055442810059,1L63,A98L,gnn_local_s123
ssym,2.5,1.3958691358566284,1L63,A98S,gnn_local_s123
ssym,3.2,0.9366742372512817,1L63,A98V,gnn_local_s123
ssym,4.5,1.655544638633728,1L63,L99A,gnn_local_s123
ssym,0.3,1.2432292699813843,1L63,L99F,gnn_local_s123
ssym,1.5,0.9855425953865051,1L63,L99I,gnn_local_s123
ssym,0.6,1.281663179397583,1L63,L99M,gnn_local_s123
ssym,2.0,1.2331840991973877,1L63,L99V,gnn_local_s123
ssym,3.4,1.6837161779403687,1L63,I100A,gnn_local_s123
ssym,1.6,1.3101606369018555,1L63,I100M,gnn_local_s123
ssym,0.4,1.2609632015228271,1L63,I100V,gnn_local_s123
ssym,1.5,1.184550166130066,1L63,N101A,gnn_local_s123
ssym,1.0,0.8131638765335083,1L63,M102L,gnn_local_s123
ssym,2.2,1.450892448425293,1L63,V103A,gnn_local_s123
ssym,0.5,0.740057110786438,1L63,V103I,gnn_local_s123
ssym,1.2,1.112305760383606,1L63,V103M,gnn_local_s123
ssym,0.4,0.9831918478012085,1L63,F104M,gnn_local_s123
ssym,1.2,0.33771470189094543,1L63,Q105M,gnn_local_s123
ssym,-0.2,0.29454952478408813,1L63,M106I,gnn_local_s123
ssym,-0.5,0.3642415404319763,1L63,M106L,gnn_local_s123
ssym,3.4,1.096326470375061,1L63,M106K,gnn_local_s123
ssym,-0.6,0.7101370096206665,1L63,T109D,gnn_local_s123
ssym,-0.1,0.707809329032898,1L63,T109N,gnn_local_s123
ssym,1.3,1.7622629404067993,1L63,V111A,gnn_local_s123
ssym,0.9,0.8984633684158325,1L63,V111I,gnn_local_s123
ssym,0.7,1.3639618158340454,1L63,V111M,gnn_local_s123
ssym,-1.1,0.49491414427757263,1L63,S117F,gnn_local_s123
ssym,3.2,1.731123447418213,1L63,L118A,gnn_local_s123
ssym,0.7,1.435771107673645,1L63,L118M,gnn_local_s123
ssym,-0.5,0.5614453554153442,1L63,M120L,gnn_local_s123
ssym,1.6,0.58295077085495,1L63,M120K,gnn_local_s123
ssym,0.1,0.6867017149925232,1L63,M120Y,gnn_local_s123
ssym,0.8,1.4383289813995361,1L63,L121M,gnn_local_s123
ssym,1.2,0.6766031980514526,1L63,A129F,gnn_local_s123
ssym,2.2,0.6652215719223022,1L63,A129W,gnn_local_s123
ssym,-1.0,0.8364412784576416,1L63,A130S,gnn_local_s123
ssym,0.3,1.4226051568984985,1L63,L133F,gnn_local_s123
ssym,0.4,1.4610103368759155,1L63,L133M,gnn_local_s123
ssym,0.1,0.467893123626709,1L63,A134S,gnn_local_s123
ssym,-0.5,0.032861847430467606,1L63,N144E,gnn_local_s123
ssym,3.2,1.769643783569336,1L63,V149A,gnn_local_s123
ssym,2.0,1.6292990446090698,1L63,V149C,gnn_local_s123
ssym,4.9,1.9639071226119995,1L63,V149G,gnn_local_s123
ssym,0.1,1.182779312133789,1L63,V149I,gnn_local_s123
ssym,2.8,1.5350710153579712,1L63,V149M,gnn_local_s123
ssym,2.8,1.9357192516326904,1L63,V149T,gnn_local_s123
ssym,4.4,1.8040322065353394,1L63,V149S,gnn_local_s123
ssym,1.5,1.349633812904358,1L63,T152A,gnn_local_s123
ssym,0.5,1.0739065408706665,1L63,T152C,gnn_local_s123
ssym,0.4,0.6962286233901978,1L63,T152I,gnn_local_s123
ssym,2.0,1.234251618385315,1L63,T152S,gnn_local_s123
ssym,-0.2,0.8560500144958496,1L63,T152V,gnn_local_s123
ssym,3.8,1.6146827936172485,1L63,F153A,gnn_local_s123
ssym,0.2,1.0036499500274658,1L63,F153I,gnn_local_s123
ssym,-0.3,1.1138688325881958,1L63,F153L,gnn_local_s123
ssym,0.6,1.3608675003051758,1L63,F153M,gnn_local_s123
ssym,1.8,1.2212063074111938,1L63,F153V,gnn_local_s123
ssym,1.5,0.8629354238510132,1LZ1,V2A,gnn_local_s123
ssym,1.3,1.1541545391082764,1LZ1,V2G,gnn_local_s123
ssym,1.4,0.8585182428359985,1LZ1,V2S,gnn_local_s123
ssym,0.4,0.6182604432106018,1LZ1,V2Y,gnn_local_s123
ssym,1.4,1.1503137350082397,1LZ1,V2D,gnn_local_s123
ssym,1.3,1.3270628452301025,1LZ1,V2N,gnn_local_s123
ssym,0.4,0.9451500773429871,1LZ1,V2R,gnn_local_s123
ssym,-0.3,0.38100048899650574,1LZ1,V2L,gnn_local_s123
ssym,0.2,0.4851315915584564,1LZ1,V2M,gnn_local_s123
ssym,0.8,0.6380929946899414,1LZ1,V2F,gnn_local_s123
ssym,0.5,0.38470062613487244,1LZ1,Y20F,gnn_local_s123
ssym,2.5,1.4022687673568726,1LZ1,I23A,gnn_local_s123
ssym,0.4,0.9590104818344116,1LZ1,I23V,gnn_local_s123
ssym,0.2,0.6501771807670593,1LZ1,Y38F,gnn_local_s123
ssym,-0.1,0.47360512614250183,1LZ1,Y45F,gnn_local_s123
ssym,-0.1,0.5158189535140991,1LZ1,A47P,gnn_local_s123
ssym,1.0,0.9536217451095581,1LZ1,Y54F,gnn_local_s123
ssym,3.7,2.1928911209106445,1LZ1,I56A,gnn_local_s123
ssym,4.3,2.4475483894348145,1LZ1,I56T,gnn_local_s123
ssym,1.2,1.8314341306686401,1LZ1,I56V,gnn_local_s123
ssym,1.7,2.0969653129577637,1LZ1,I59A,gnn_local_s123
ssym,3.8,2.355090856552124,1LZ1,I59G,gnn_local_s123
ssym,1.1,1.7342387437820435,1LZ1,I59V,gnn_local_s123
ssym,0.2,0.06617982685565948,1LZ1,Y63F,gnn_local_s123
ssym,1.6,0.6434693336486816,1LZ1,P71G,gnn_local_s123
ssym,0.4,0.6566147804260254,1LZ1,V74A,gnn_local_s123
ssym,0.1,0.9811340570449829,1LZ1,V74G,gnn_local_s123
ssym,1.9,0.26816412806510925,1LZ1,V74I,gnn_local_s123
ssym,0.4,0.38807758688926697,1LZ1,V74L,gnn_local_s123
ssym,0.4,0.45258453488349915,1LZ1,V74M,gnn_local_s123
ssym,0.0,0.5732940435409546,1LZ1,V74F,gnn_local_s123
ssym,0.3,0.5083184838294983,1LZ1,V74Y,gnn_local_s123
ssym,0.4,1.0483006238937378,1LZ1,V74D,gnn_local_s123
ssym,0.3,1.0980085134506226,1LZ1,V74N,gnn_local_s123
ssym,0.1,0.7476226687431335,1LZ1,V74R,gnn_local_s123
ssym,0.4,0.6983752250671387,1LZ1,V74S,gnn_local_s123
ssym,4.6,1.1725767850875854,1LZ1,C77A,gnn_local_s123
ssym,2.7,2.200385808944702,1LZ1,I89A,gnn_local_s123
ssym,0.5,1.7794157266616821,1LZ1,I89V,gnn_local_s123
ssym,0.4,0.5999999046325684,1LZ1,D91P,gnn_local_s123
ssym,0.7,1.6806174516677856,1LZ1,V93A,gnn_local_s123
ssym,1.0,1.5524219274520874,1LZ1,V99A,gnn_local_s123
ssym,0.3,1.3655294179916382,1LZ1,V100A,gnn_local_s123
ssym,0.1,0.3508877754211426,1LZ1,P103G,gnn_local_s123
ssym,0.9,1.4168845415115356,1LZ1,I106A,gnn_local_s123
ssym,0.7,1.0287238359451294,1LZ1,I106V,gnn_local_s123
ssym,-0.5,0.21081119775772095,1LZ1,V110A,gnn_local_s123
ssym,-0.2,0.5274916887283325,1LZ1,V110D,gnn_local_s123
ssym,2.2,0.7442147731781006,1LZ1,V110G,gnn_local_s123
ssym,0.8,0.1454479992389679,1LZ1,V110I,gnn_local_s123
ssym,-0.1,0.13549423217773438,1LZ1,V110L,gnn_local_s123
ssym,-0.4,0.08315292000770569,1LZ1,V110M,gnn_local_s123
ssym,-0.1,0.6636679768562317,1LZ1,V110N,gnn_local_s123
ssym,-0.9,0.3441139757633209,1LZ1,V110R,gnn_local_s123
ssym,1.9,0.22418692708015442,1LZ1,V110F,gnn_local_s123
ssym,-0.5,0.679013729095459,1LZ1,V110P,gnn_local_s123
ssym,0.1,0.25083404779434204,1LZ1,V110Y,gnn_local_s123
ssym,1.4,1.1334010362625122,1LZ1,V121A,gnn_local_s123
ssym,0.4,0.6020101308822632,1LZ1,Y124F,gnn_local_s123
ssym,1.3,1.570243239402771,1LZ1,V125A,gnn_local_s123
ssym,0.8,1.2280097007751465,1LZ1,V130A,gnn_local_s123
ssym,-0.2,0.8778346180915833,1OH0,Y32F,gnn_local_s123
ssym,1.2,1.1504064798355103,1OH0,Y57F,gnn_local_s123
ssym,-1.4,0.9121624231338501,1RN1,Q25K,gnn_local_s123
ssym,0.4,1.1001861095428467,1VQB,I47L,gnn_local_s123
ssym,1.7,1.3329602479934692,1VQB,I47M,gnn_local_s123
ssym,2.0,1.2499593496322632,1VQB,I47V,gnn_local_s123
ssym,0.6,0.839414656162262,1VQB,V35I,gnn_local_s123
ssym,3.2,0.13794392347335815,1VQB,Y41F,gnn_local_s123
ssym,-0.7,0.9891084432601929,2LZM,I3L,gnn_local_s123
ssym,0.0,1.4449279308319092,2LZM,I3C,gnn_local_s123
ssym,3.0,1.735685110092163,2LZM,I3P,gnn_local_s123
ssym,2.3,1.2452844381332397,2LZM,I3Y,gnn_local_s123
ssym,0.4,1.1389826536178589,2LZM,I3V,gnn_local_s123
ssym,1.4,0.8357195854187012,2LZM,M6I,gnn_local_s123
ssym,-0.5,0.23472948372364044,2LZM,K16E,gnn_local_s123
ssym,-0.6,0.5587046146392822,2LZM,S38D,gnn_local_s123
ssym,0.6,0.031234685331583023,2LZM,N55G,gnn_local_s123
ssym,0.0,0.8196647763252258,2LZM,K60P,gnn_local_s123
ssym,-0.4,0.6476998925209045,2LZM,G77A,gnn_local_s123
ssym,-0.8,0.22488005459308624,2LZM,A82P,gnn_local_s123
ssym,0.6,0.1058015301823616,2LZM,K85A,gnn_local_s123
ssym,0.5,0.002973009832203388,2LZM,D89A,gnn_local_s123
ssym,2.0,-0.029224175959825516,2LZM,R96A,gnn_local_s123
ssym,3.5,0.20053836703300476,2LZM,R96D,gnn_local_s123
ssym,2.7,-0.33511775732040405,2LZM,R96M,gnn_local_s123
ssym,2.5,0.4592617154121399,2LZM,R96E,gnn_local_s123
ssym,2.6,0.20108097791671753,2LZM,R96G,gnn_local_s123
ssym,0.3,0.08794908225536346,2LZM,R96Q,gnn_local_s123
ssym,3.1,0.07401575893163681,2LZM,R96H,gnn_local_s123
ssym,3.0,0.2860229015350342,2LZM,R96N,gnn_local_s123
ssym,0.0,-0.14787648618221283,2LZM,R96K,gnn_local_s123
ssym,2.6,-0.041664350777864456,2LZM,R96S,gnn_local_s123
ssym,4.7,-0.06990338861942291,2LZM,R96Y,gnn_local_s123
ssym,2.4,-0.262824684381485,2LZM,R96V,gnn_local_s123
ssym,4.5,-0.2814931571483612,2LZM,R96W,gnn_local_s123
ssym,4.9,0.8561956882476807,2LZM,A98V,gnn_local_s123
ssym,0.6,0.5031644105911255,2LZM,Q105A,gnn_local_s123
ssym,1.1,0.8942097425460815,2LZM,Q105E,gnn_local_s123
ssym,1.5,0.6362699866294861,2LZM,Q105G,gnn_local_s123
ssym,-0.3,0.6623008847236633,2LZM,G113A,gnn_local_s123
ssym,-0.3,0.6128495931625366,2LZM,T115E,gnn_local_s123
ssym,-0.6,0.012897861190140247,2LZM,N116D,gnn_local_s123
ssym,0.0,-0.024163950234651566,2LZM,R119E,gnn_local_s123
ssym,-0.4,-0.0469023771584034,2LZM,Q123E,gnn_local_s123
ssym,0.1,0.24824944138526917,2LZM,K124G,gnn_local_s123
ssym,-0.3,0.7646622061729431,2LZM,V131A,gnn_local_s123
ssym,-0.1,1.1160749197006226,2LZM,V131D,gnn_local_s123
ssym,0.7,1.2859307527542114,2LZM,V131G,gnn_local_s123
ssym,-0.2,0.365027517080307,2LZM,V131I,gnn_local_s123
ssym,-0.1,0.4434337019920349,2LZM,V131L,gnn_local_s123
ssym,0.1,0.8299187421798706,2LZM,V131S,gnn_local_s123
ssym,-0.1,0.5171743035316467,2LZM,V131M,gnn_local_s123
ssym,-0.2,1.2084723711013794,2LZM,V131E,gnn_local_s123
ssym,4.2,1.8577684164047241,2LZM,L133A,gnn_local_s123
ssym,1.0,0.2633844017982483,2LZM,K135E,gnn_local_s123
ssym,-0.4,0.10486984252929688,2LZM,N144D,gnn_local_s123
ssym,0.7,0.8252358436584473,2LZM,K147E,gnn_local_s123
ssym,2.2,1.6561665534973145,2LZM,V149C,gnn_local_s123
ssym,2.6,1.1855905055999756,2LZM,T152S,gnn_local_s123
ssym,1.1,0.47010910511016846,2LZM,R154E,gnn_local_s123
ssym,2.3,0.3357570469379425,2LZM,G156D,gnn_local_s123
ssym,0.5,0.36787596344947815,2LZM,T157A,gnn_local_s123
ssym,1.3,0.068393275141716,2LZM,T157C,gnn_local_s123
ssym,1.1,0.5504852533340454,2LZM,T157D,gnn_local_s123
ssym,0.8,0.6325294971466064,2LZM,T157E,gnn_local_s123
ssym,2.4,0.04789286479353905,2LZM,T157F,gnn_local_s123
ssym,1.1,0.5338043570518494,2LZM,T157G,gnn_local_s123
ssym,2.1,0.3597879111766815,2LZM,T157H,gnn_local_s123
ssym,1.5,-0.0621885247528553,2LZM,T157I,gnn_local_s123
ssym,1.7,0.055308226495981216,2LZM,T157L,gnn_local_s123
ssym,1.2,0.627448320388794,2LZM,T157N,gnn_local_s123
ssym,-0.3,0.2708689272403717,2LZM,T157R,gnn_local_s123
ssym,0.7,0.13104991614818573,2LZM,T157S,gnn_local_s123
ssym,1.2,-0.025781754404306412,2LZM,T157V,gnn_local_s123
ssym,-0.9,1.0201524496078491,2RN2,D10N,gnn_local_s123
ssym,-0.2,0.6436319351196289,2RN2,E48Q,gnn_local_s123
ssym,0.5,0.7585370540618896,2RN2,A52F,gnn_local_s123
ssym,-1.9,0.5572848320007324,2RN2,A52I,gnn_local_s123
ssym,-1.3,0.6041408777236938,2RN2,A52L,gnn_local_s123
ssym,-1.7,0.8046714067459106,2RN2,A52V,gnn_local_s123
ssym,-0.4,0.14928969740867615,2RN2,H62A,gnn_local_s123
ssym,-1.1,0.4349673390388489,2RN2,H62P,gnn_local_s123
ssym,-0.9,0.47075968980789185,2RN2,D70N,gnn_local_s123
ssym,-1.0,0.7124082446098328,2RN2,V74L,gnn_local_s123
ssym,-0.6,0.590203046798706,2RN2,V74I,gnn_local_s123
ssym,0.9,0.21789288520812988,2RN2,G77A,gnn_local_s123
ssym,-0.1,0.5742608308792114,2RN2,K95A,gnn_local_s123
ssym,-1.9,0.8667240142822266,2RN2,K95G,gnn_local_s123
ssym,-0.9,0.6009687781333923,2RN2,K95N,gnn_local_s123
ssym,-2.1,0.329031378030777,2RN2,D134A,gnn_local_s123
ssym,-2.3,0.2697444260120392,2RN2,D134H,gnn_local_s123
ssym,-1.0,0.43600040674209595,2RN2,D134N,gnn_local_s123
ssym,-0.5,1.2324442863464355,4LYZ,M12F,gnn_local_s123
ssym,0.4,1.026018500328064,4LYZ,M12L,gnn_local_s123
ssym,0.3,1.3530555963516235,4LYZ,T40S,gnn_local_s123
ssym,0.7,0.30718907713890076,4LYZ,G49A,gnn_local_s123
ssym,0.9,1.8461408615112305,4LYZ,I55V,gnn_local_s123
ssym,1.2,1.8860684633255005,4LYZ,I58M,gnn_local_s123
ssym,0.5,0.25273069739341736,4LYZ,G67A,gnn_local_s123
ssym,2.1,0.22529816627502441,4LYZ,G71A,gnn_local_s123
ssym,0.9,1.5226385593414307,4LYZ,I78M,gnn_local_s123
ssym,0.2,1.4563703536987305,4LYZ,S91A,gnn_local_s123
ssym,-1.0,1.7195817232131958,4LYZ,S91T,gnn_local_s123
ssym,0.9,1.1201316118240356,4LYZ,I98M,gnn_local_s123
ssym,1.2,0.1630752980709076,4LYZ,G102A,gnn_local_s123
ssym,0.8,0.11641877889633179,4LYZ,G117A,gnn_local_s123
ssym,1.2,1.516846776008606,5PTI,F22A,gnn_local_s123
ssym,5.9,2.1827526092529297,5PTI,Y23A,gnn_local_s123
ssym,5.0,1.9616358280181885,5PTI,Y35G,gnn_local_s123
ssym,5.7,1.736182689666748,5PTI,N43G,gnn_local_s123
ssym,6.9,1.5701862573623657,5PTI,F45A,gnn_local_s123
ssym,2.3,0.788716197013855,1AMQ,C191Y,gnn_local_blosum_s123
ssym,1.6,0.8532760143280029,1AMQ,C191F,gnn_local_blosum_s123
ssym,3.9,0.6893472671508789,1AMQ,C191W,gnn_local_blosum_s123
ssym,1.9,0.9200011491775513,1AMQ,C191S,gnn_local_blosum_s123
ssym,4.1,0.9007530212402344,1BNI,F7L,gnn_local_blosum_s123
ssym,4.5,1.1102850437164307,1BNI,L14A,gnn_local_blosum_s123
ssym,1.7,0.6208107471466064,1BNI,T26A,gnn_local_blosum_s123
ssym,1.1,1.0889524221420288,1BNI,I51V,gnn_local_blosum_s123
ssym,1.7,1.5753382444381714,1BNI,I76A,gnn_local_blosum_s123
ssym,1.0,1.2575856447219849,1BNI,I76V,gnn_local_blosum_s123
ssym,1.1,0.6434966325759888,1BNI,Y78F,gnn_local_blosum_s123
ssym,4.0,1.3393769264221191,1BNI,I88A,gnn_local_blosum_s123
ssym,1.6,1.0606436729431152,1BNI,I88V,gnn_local_blosum_s123
ssym,0.5,1.1603214740753174,1BNI,L89V,gnn_local_blosum_s123
ssym,2.4,0.6246482133865356,1BNI,S91A,gnn_local_blosum_s123
ssym,3.2,1.1449954509735107,1BNI,I96A,gnn_local_blosum_s123
ssym,3.1,0.7930482625961304,1BNI,I96V,gnn_local_blosum_s123
ssym,-2.5,0.4973852336406708,1CEY,D12A,gnn_local_blosum_s123
ssym,-2.7,-0.0641457587480545,1CEY,D13A,gnn_local_blosum_s123
ssym,-3.3,0.42509937286376953,1CEY,D57A,gnn_local_blosum_s123
ssym,0.9,0.600810170173645,1EY0,T22C,gnn_local_blosum_s123
ssym,0.9,0.4666273593902588,1EY0,T22V,gnn_local_blosum_s123
ssym,0.1,1.4554640054702759,1EY0,V23L,gnn_local_blosum_s123
ssym,1.7,1.079011082649231,1EY0,L25I,gnn_local_blosum_s123
ssym,-0.4,0.5134025812149048,1EY0,T33V,gnn_local_blosum_s123
ssym,-0.6,1.369306206703186,1EY0,T41C,gnn_local_blosum_s123
ssym,-0.7,1.1582846641540527,1EY0,T41I,gnn_local_blosum_s123
ssym,1.1,1.520449161529541,1EY0,T41S,gnn_local_blosum_s123
ssym,-0.8,1.2594021558761597,1EY0,T41V,gnn_local_blosum_s123
ssym,-0.1,0.3590974509716034,1EY0,T44V,gnn_local_blosum_s123
ssym,-0.5,1.0297478437423706,1EY0,S59A,gnn_local_blosum_s123
ssym,2.1,1.4410412311553955,1EY0,T62S,gnn_local_blosum_s123
ssym,0.2,1.0446372032165527,1EY0,T62V,gnn_local_blosum_s123
ssym,1.0,1.3193743228912354,1EY0,V66I,gnn_local_blosum_s123
ssym,0.3,1.416528344154358,1EY0,V66L,gnn_local_blosum_s123
ssym,7.5,1.9755022525787354,1EY0,V66K,gnn_local_blosum_s123
ssym,0.2,1.250457763671875,1EY0,I72L,gnn_local_blosum_s123
ssym,1.2,1.4221857786178589,1EY0,I72V,gnn_local_blosum_s123
ssym,0.7,0.3118460178375244,1EY0,T82S,gnn_local_blosum_s123
ssym,0.4,1.5513746738433838,1EY0,I92V,gnn_local_blosum_s123
ssym,-1.0,0.45544466376304626,1EY0,K116G,gnn_local_blosum_s123
ssym,-0.8,0.42714324593544006,1EY0,P117A,gnn_local_blosum_s123
ssym,-0.9,0.5191493034362793,1EY0,P117G,gnn_local_blosum_s123
ssym,-1.1,0.431776225566864,1EY0,P117T,gnn_local_blosum_s123
ssym,1.7,0.3354012668132782,1EY0,T120C,gnn_local_blosum_s123
ssym,0.6,0.421641081571579,1EY0,T120S,gnn_local_blosum_s123
ssym,1.8,0.34526684880256653,1EY0,T120V,gnn_local_blosum_s123
ssym,-0.7,0.677385687828064,1EY0,S128A,gnn_local_blosum_s123
ssym,-0.7,0.6333638429641724,1IHB,F71N,gnn_local_blosum_s123
ssym,0.4,1.0041096210479736,1IHB,F82Q,gnn_local_blosum_s123
ssym,1.1,1.005680799484253,1IHB,F92N,gnn_local_blosum_s123
ssym,2.6,1.2047791481018066,1IOB,T9G,gnn_local_blosum_s123
ssym,1.9,1.3211711645126343,1L63,M6A,gnn_local_blosum_s123
ssym,2.8,0.9297502040863037,1L63,M6L,gnn_local_blosum_s123
ssym,-0.1,0.4226403534412384,1L63,E11H,gnn_local_blosum_s123
ssym,0.1,0.5940659046173096,1L63,E11N,gnn_local_blosum_s123
ssym,2.7,1.113747477531433,1L63,I17A,gnn_local_blosum_s123
ssym,0.3,0.5572252869606018,1L63,D20A,gnn_local_blosum_s123
ssym,-1.3,0.5983755588531494,1L63,D20N,gnn_local_blosum_s123
ssym,-0.7,0.36619797348976135,1L63,D20S,gnn_local_blosum_s123
ssym,3.1,1.617204189300537,1L63,I27A,gnn_local_blosum_s123
ssym,3.1,1.3502135276794434,1L63,I27M,gnn_local_blosum_s123
ssym,2.6,1.4742368459701538,1L63,I29A,gnn_local_blosum_s123
ssym,0.0,0.5019580125808716,1L63,S38N,gnn_local_blosum_s123
ssym,0.6,0.3130461871623993,1L63,A41S,gnn_local_blosum_s123
ssym,2.7,0.5827723741531372,1L63,A42V,gnn_local_blosum_s123
ssym,2.3,1.027101755142212,1L63,A42S,gnn_local_blosum_s123
ssym,1.0,0.37660330533981323,1L63,K43A,gnn_local_blosum_s123
ssym,-0.3,0.15747258067131042,1L63,S44A,gnn_local_blosum_s123
ssym,-0.3,-0.022376105189323425,1L63,S44I,gnn_local_blosum_s123
ssym,-0.4,-0.025186866521835327,1L63,S44L,gnn_local_blosum_s123
ssym,-0.2,0.13144439458847046,1L63,S44K,gnn_local_blosum_s123
ssym,0.0,0.4866190254688263,1L63,S44E,gnn_local_blosum_s123
ssym,0.5,0.29589909315109253,1L63,S44G,gnn_local_blosum_s123
ssym,-0.2,0.1798688918352127,1L63,S44R,gnn_local_blosum_s123
ssym,0.1,0.31326380372047424,1L63,S44N,gnn_local_blosum_s123
ssym,-0.1,-0.03281503915786743,1L63,S44F,gnn_local_blosum_s123
ssym,3.0,0.35276392102241516,1L63,S44P,gnn_local_blosum_s123
ssym,0.0,0.17569153010845184,1L63,S44T,gnn_local_blosum_s123
ssym,-0.1,-0.057377442717552185,1L63,S44V,gnn_local_blosum_s123
ssym,1.9,1.2078369855880737,1L63,L46A,gnn_local_blosum_s123
ssym,1.0,0.2891902029514313,1L63,D47A,gnn_local_blosum_s123
ssym,0.5,0.536094605922699,1L63,A49S,gnn_local_blosum_s123
ssym,2.0,1.19054114818573,1L63,I50A,gnn_local_blosum_s123
ssym,0.4,0.9663984775543213,1L63,I50M,gnn_local_blosum_s123
ssym,3.2,1.5744411945343018,1L63,I58A,gnn_local_blosum_s123
ssym,3.4,1.7912545204162598,1L63,I58T,gnn_local_blosum_s123
ssym,1.5,0.2778509259223938,1L63,T59A,gnn_local_blosum_s123
ssym,1.2,0.609954833984375,1L63,T59D,gnn_local_blosum_s123
ssym,1.6,0.464866578578949,1L63,T59G,gnn_local_blosum_s123
ssym,1.1,0.5239665508270264,1L63,T59N,gnn_local_blosum_s123
ssym,0.2,0.29496732354164124,1L63,T59S,gnn_local_blosum_s123
ssym,1.5,-0.11004498600959778,1L63,T59V,gnn_local_blosum_s123
ssym,1.0,1.0165032148361206,1L63,L66M,gnn_local_blosum_s123
ssym,1.9,1.2182068824768066,1L63,F67A,gnn_local_blosum_s123
ssym,2.7,-0.1872963011264801,1L63,D72P,gnn_local_blosum_s123
ssym,0.4,0.4649502635002136,1L63,A73S,gnn_local_blosum_s123
ssym,1.3,1.2394156455993652,1L63,V75T,gnn_local_blosum_s123
ssym,1.2,1.4735698699951172,1L63,I78A,gnn_local_blosum_s123
ssym,1.5,1.2166087627410889,1L63,I78M,gnn_local_blosum_s123
ssym,0.8,1.135570764541626,1L63,I78V,gnn_local_blosum_s123
ssym,0.3,0.14644011855125427,1L63,A82S,gnn_local_blosum_s123
ssym,2.6,1.7123851776123047,1L63,L84A,gnn_local_blosum_s123
ssym,1.9,1.4670428037643433,1L63,L84M,gnn_local_blosum_s123
ssym,1.7,0.9012311697006226,1L63,V87A,gnn_local_blosum_s123
ssym,2.3,0.6335796117782593,1L63,V87M,gnn_local_blosum_s123
ssym,0.3,0.44121837615966797,1L63,V87I,gnn_local_blosum_s123
ssym,1.6,1.0297274589538574,1L63,V87T,gnn_local_blosum_s123
ssym,3.9,1.232130527496338,1L63,L91A,gnn_local_blosum_s123
ssym,0.8,0.9747234582901001,1L63,L91M,gnn_local_blosum_s123
ssym,1.4,0.30426856875419617,1L63,D92N,gnn_local_blosum_s123
ssym,0.2,-0.1752975881099701,1L63,A93S,gnn_local_blosum_s123
ssym,1.0,1.1113722324371338,1L63,A98C,gnn_local_blosum_s123
ssym,4.3,0.7619947195053101,1L63,A98L,gnn_local_blosum_s123
ssym,2.5,1.3294986486434937,1L63,A98S,gnn_local_blosum_s123
ssym,3.2,0.8722255229949951,1L63,A98V,gnn_local_blosum_s123
ssym,4.5,1.4386448860168457,1L63,L99A,gnn_local_blosum_s123
ssym,0.3,1.103145956993103,1L63,L99F,gnn_local_blosum_s123
ssym,1.5,0.887804388999939,1L63,L99I,gnn_local_blosum_s123
ssym,0.6,1.208260178565979,1L63,L99M,gnn_local_blosum_s123
ssym,2.0,1.133557677268982,1L63,L99V,gnn_local_blosum_s123
ssym,3.4,1.2950873374938965,1L63,I100A,gnn_local_blosum_s123
ssym,1.6,1.0441334247589111,1L63,I100M,gnn_local_blosum_s123
ssym,0.4,0.993556022644043,1L63,I100V,gnn_local_blosum_s123
ssym,1.5,0.9368574619293213,1L63,N101A,gnn_local_blosum_s123
ssym,1.0,0.7444289922714233,1L63,M102L,gnn_local_blosum_s123
ssym,2.2,1.2745437622070312,1L63,V103A,gnn_local_blosum_s123
ssym,0.5,0.6901661157608032,1L63,V103I,gnn_local_blosum_s123
ssym,1.2,1.0091781616210938,1L63,V103M,gnn_local_blosum_s123
ssym,0.4,0.7826976776123047,1L63,F104M,gnn_local_blosum_s123
ssym,1.2,0.27094417810440063,1L63,Q105M,gnn_local_blosum_s123
ssym,-0.2,0.2597202658653259,1L63,M106I,gnn_local_blosum_s123
ssym,-0.5,0.3708473742008209,1L63,M106L,gnn_local_blosum_s123
ssym,3.4,1.003754734992981,1L63,M106K,gnn_local_blosum_s123
ssym,-0.6,0.6698285341262817,1L63,T109D,gnn_local_blosum_s123
ssym,-0.1,0.740593671798706,1L63,T109N,gnn_local_blosum_s123
ssym,1.3,1.612182855606079,1L63,V111A,gnn_local_blosum_s123
ssym,0.9,0.9456937313079834,1L63,V111I,gnn_local_blosum_s123
ssym,0.7,1.2921334505081177,1L63,V111M,gnn_local_blosum_s123
ssym,-1.1,0.5242977142333984,1L63,S117F,gnn_local_blosum_s123
ssym,3.2,1.7136759757995605,1L63,L118A,gnn_local_blosum_s123
ssym,0.7,1.4243276119232178,1L63,L118M,gnn_local_blosum_s123
ssym,-0.5,0.38409969210624695,1L63,M120L,gnn_local_blosum_s123
ssym,1.6,0.6101676225662231,1L63,M120K,gnn_local_blosum_s123
ssym,0.1,0.5544781684875488,1L63,M120Y,gnn_local_blosum_s123
ssym,0.8,1.3410342931747437,1L63,L121M,gnn_local_blosum_s123
ssym,1.2,0.6969418525695801,1L63,A129F,gnn_local_blosum_s123
ssym,2.2,0.6683211326599121,1L63,A129W,gnn_local_blosum_s123
ssym,-1.0,0.9182192087173462,1L63,A130S,gnn_local_blosum_s123
ssym,0.3,1.411673903465271,1L63,L133F,gnn_local_blosum_s123
ssym,0.4,1.4324729442596436,1L63,L133M,gnn_local_blosum_s123
ssym,0.1,0.5346844792366028,1L63,A134S,gnn_local_blosum_s123
ssym,-0.5,0.04876771569252014,1L63,N144E,gnn_local_blosum_s123
ssym,3.2,1.5656683444976807,1L63,V149A,gnn_local_blosum_s123
ssym,2.0,1.470318078994751,1L63,V149C,gnn_local_blosum_s123
ssym,4.9,1.732607126235962,1L63,V149G,gnn_local_blosum_s123
ssym,0.1,1.0781865119934082,1L63,V149I,gnn_local_blosum_s123
ssym,2.8,1.357981562614441,1L63,V149M,gnn_local_blosum_s123
ssym,2.8,1.7152233123779297,1L63,V149T,gnn_local_blosum_s123
ssym,4.4,1.64228093624115,1L63,V149S,gnn_local_blosum_s123
ssym,1.5,1.3599334955215454,1L63,T152A,gnn_local_blosum_s123
ssym,0.5,1.1164071559906006,1L63,T152C,gnn_local_blosum_s123
ssym,0.4,0.7485466003417969,1L63,T152I,gnn_local_blosum_s123
ssym,2.0,1.2878682613372803,1L63,T152S,gnn_local_blosum_s123
ssym,-0.2,0.9210556745529175,1L63,T152V,gnn_local_blosum_s123
ssym,3.8,1.4438105821609497,1L63,F153A,gnn_local_blosum_s123
ssym,0.2,0.9048924446105957,1L63,F153I,gnn_local_blosum_s123
ssym,-0.3,0.9902505874633789,1L63,F153L,gnn_local_blosum_s123
ssym,0.6,1.2196156978607178,1L63,F153M,gnn_local_blosum_s123
ssym,1.8,1.1452860832214355,1L63,F153V,gnn_local_blosum_s123
ssym,1.5,0.7273551225662231,1LZ1,V2A,gnn_local_blosum_s123
ssym,1.3,0.9544157981872559,1LZ1,V2G,gnn_local_blosum_s123
ssym,1.4,0.6732239723205566,1LZ1,V2S,gnn_local_blosum_s123
ssym,0.4,0.4351751506328583,1LZ1,V2Y,gnn_local_blosum_s123
ssym,1.4,1.0192177295684814,1LZ1,V2D,gnn_local_blosum_s123
ssym,1.3,1.0889463424682617,1LZ1,V2N,gnn_local_blosum_s123
ssym,0.4,0.8402749300003052,1LZ1,V2R,gnn_local_blosum_s123
ssym,-0.3,0.3349417746067047,1LZ1,V2L,gnn_local_blosum_s123
ssym,0.2,0.4004518687725067,1LZ1,V2M,gnn_local_blosum_s123
ssym,0.8,0.5012133121490479,1LZ1,V2F,gnn_local_blosum_s123
ssym,0.5,0.5070062875747681,1LZ1,Y20F,gnn_local_blosum_s123
ssym,2.5,1.4035286903381348,1LZ1,I23A,gnn_local_blosum_s123
ssym,0.4,1.0223352909088135,1LZ1,I23V,gnn_local_blosum_s123
ssym,0.2,0.6631851196289062,1LZ1,Y38F,gnn_local_blosum_s123
ssym,-0.1,0.3848573565483093,1LZ1,Y45F,gnn_local_blosum_s123
ssym,-0.1,0.49579986929893494,1LZ1,A47P,gnn_local_blosum_s123
ssym,1.0,0.864579439163208,1LZ1,Y54F,gnn_local_blosum_s123
ssym,3.7,1.9297358989715576,1LZ1,I56A,gnn_local_blosum_s123
ssym,4.3,2.1495604515075684,1LZ1,I56T,gnn_local_blosum_s123
ssym,1.2,1.6208767890930176,1LZ1,I56V,gnn_local_blosum_s123
ssym,1.7,1.8758699893951416,1LZ1,I59A,gnn_local_blosum_s123
ssym,3.8,2.047746419906616,1LZ1,I59G,gnn_local_blosum_s123
ssym,1.1,1.6157405376434326,1LZ1,I59V,gnn_local_blosum_s123
ssym,0.2,0.0565454363822937,1LZ1,Y63F,gnn_local_blosum_s123
ssym,1.6,0.48472848534584045,1LZ1,P71G,gnn_local_blosum_s123
ssym,0.4,0.6679052114486694,1LZ1,V74A,gnn_local_blosum_s123
ssym,0.1,0.8951445817947388,1LZ1,V74G,gnn_local_blosum_s123
ssym,1.9,0.18953976035118103,1LZ1,V74I,gnn_local_blosum_s123
ssym,0.4,0.35293641686439514,1LZ1,V74L,gnn_local_blosum_s123
ssym,0.4,0.32074210047721863,1LZ1,V74M,gnn_local_blosum_s123
ssym,0.0,0.5180437564849854,1LZ1,V74F,gnn_local_blosum_s123
ssym,0.3,0.4206952154636383,1LZ1,V74Y,gnn_local_blosum_s123
ssym,0.4,0.9421298503875732,1LZ1,V74D,gnn_local_blosum_s123
ssym,0.3,1.0259552001953125,1LZ1,V74N,gnn_local_blosum_s123
ssym,0.1,0.7705762386322021,1LZ1,V74R,gnn_local_blosum_s123
ssym,0.4,0.5719407796859741,1LZ1,V74S,gnn_local_blosum_s123
ssym,4.6,1.1827616691589355,1LZ1,C77A,gnn_local_blosum_s123
ssym,2.7,2.0127599239349365,1LZ1,I89A,gnn_local_blosum_s123
ssym,0.5,1.6970207691192627,1LZ1,I89V,gnn_local_blosum_s123
ssym,0.4,0.610317587852478,1LZ1,D91P,gnn_local_blosum_s123
ssym,0.7,1.5455842018127441,1LZ1,V93A,gnn_local_blosum_s123
ssym,1.0,1.494613766670227,1LZ1,V99A,gnn_local_blosum_s123
ssym,0.3,1.3904621601104736,1LZ1,V100A,gnn_local_blosum_s123
ssym,0.1,0.2600635588169098,1LZ1,P103G,gnn_local_blosum_s123
ssym,0.9,1.4301848411560059,1LZ1,I106A,gnn_local_blosum_s123
ssym,0.7,1.069458246231079,1LZ1,I106V,gnn_local_blosum_s123
ssym,-0.5,0.5575271844863892,1LZ1,V110A,gnn_local_blosum_s123
ssym,-0.2,0.8429238796234131,1LZ1,V110D,gnn_local_blosum_s123
ssym,2.2,0.8499703407287598,1LZ1,V110G,gnn_local_blosum_s123
ssym,0.8,0.21914765238761902,1LZ1,V110I,gnn_local_blosum_s123
ssym,-0.1,0.27862975001335144,1LZ1,V110L,gnn_local_blosum_s123
ssym,-0.4,0.2456766963005066,1LZ1,V110M,gnn_local_blosum_s123
ssym,-0.1,0.784072995185852,1LZ1,V110N,gnn_local_blosum_s123
ssym,-0.9,0.7072969675064087,1LZ1,V110R,gnn_local_blosum_s123
ssym,1.9,0.40148767828941345,1LZ1,V110F,gnn_local_blosum_s123
ssym,-0.5,0.7161252498626709,1LZ1,V110P,gnn_local_blosum_s123
ssym,0.1,0.3946760296821594,1LZ1,V110Y,gnn_local_blosum_s123
ssym,1.4,1.4304735660552979,1LZ1,V121A,gnn_local_blosum_s123
ssym,0.4,0.8628396987915039,1LZ1,Y124F,gnn_local_blosum_s123
ssym,1.3,1.5960679054260254,1LZ1,V125A,gnn_local_blosum_s123
ssym,0.8,1.2729432582855225,1LZ1,V130A,gnn_local_blosum_s123
ssym,-0.2,0.8096439838409424,1OH0,Y32F,gnn_local_blosum_s123
ssym,1.2,1.0201780796051025,1OH0,Y57F,gnn_local_blosum_s123
ssym,-1.4,0.9951767921447754,1RN1,Q25K,gnn_local_blosum_s123
ssym,0.4,1.064007043838501,1VQB,I47L,gnn_local_blosum_s123
ssym,1.7,1.308985948562622,1VQB,I47M,gnn_local_blosum_s123
ssym,2.0,1.2547683715820312,1VQB,I47V,gnn_local_blosum_s123
ssym,0.6,1.086822509765625,1VQB,V35I,gnn_local_blosum_s123
ssym,3.2,0.33027657866477966,1VQB,Y41F,gnn_local_blosum_s123
ssym,-0.7,0.822048544883728,2LZM,I3L,gnn_local_blosum_s123
ssym,0.0,1.335869312286377,2LZM,I3C,gnn_local_blosum_s123
ssym,3.0,1.6018376350402832,2LZM,I3P,gnn_local_blosum_s123
ssym,2.3,0.9594032764434814,2LZM,I3Y,gnn_local_blosum_s123
ssym,0.4,1.022635817527771,2LZM,I3V,gnn_local_blosum_s123
ssym,1.4,0.7114636898040771,2LZM,M6I,gnn_local_blosum_s123
ssym,-0.5,0.27015769481658936,2LZM,K16E,gnn_local_blosum_s123
ssym,-0.6,0.46085742115974426,2LZM,S38D,gnn_local_blosum_s123
ssym,0.6,0.07988898456096649,2LZM,N55G,gnn_local_blosum_s123
ssym,0.0,0.719113826751709,2LZM,K60P,gnn_local_blosum_s123
ssym,-0.4,0.7187893390655518,2LZM,G77A,gnn_local_blosum_s123
ssym,-0.8,0.2356993854045868,2LZM,A82P,gnn_local_blosum_s123
ssym,0.6,-0.07723477482795715,2LZM,K85A,gnn_local_blosum_s123
ssym,0.5,-0.04887145757675171,2LZM,D89A,gnn_local_blosum_s123
ssym,2.0,0.004522353410720825,2LZM,R96A,gnn_local_blosum_s123
ssym,3.5,0.263070285320282,2LZM,R96D,gnn_local_blosum_s123
ssym,2.7,-0.2625887393951416,2LZM,R96M,gnn_local_blosum_s123
ssym,2.5,0.4185548424720764,2LZM,R96E,gnn_local_blosum_s123
ssym,2.6,0.1862742006778717,2LZM,R96G,gnn_local_blosum_s123
ssym,0.3,0.17000147700309753,2LZM,R96Q,gnn_local_blosum_s123
ssym,3.1,0.06561000645160675,2LZM,R96H,gnn_local_blosum_s123
ssym,3.0,0.29277265071868896,2LZM,R96N,gnn_local_blosum_s123
ssym,0.0,0.00013606250286102295,2LZM,R96K,gnn_local_blosum_s123
ssym,2.6,-0.048140108585357666,2LZM,R96S,gnn_local_blosum_s123
ssym,4.7,-0.07595710456371307,2LZM,R96Y,gnn_local_blosum_s123
ssym,2.4,-0.21502617001533508,2LZM,R96V,gnn_local_blosum_s123
ssym,4.5,-0.24215099215507507,2LZM,R96W,gnn_local_blosum_s123
ssym,4.9,0.8064618110656738,2LZM,A98V,gnn_local_blosum_s123
ssym,0.6,0.40544643998146057,2LZM,Q105A,gnn_local_blosum_s123
ssym,1.1,0.733305811882019,2LZM,Q105E,gnn_local_blosum_s123
ssym,1.5,0.5655844211578369,2LZM,Q105G,gnn_local_blosum_s123
ssym,-0.3,0.6922492980957031,2LZM,G113A,gnn_local_blosum_s123
ssym,-0.3,0.7034296989440918,2LZM,T115E,gnn_local_blosum_s123
ssym,-0.6,0.020730912685394287,2LZM,N116D,gnn_local_blosum_s123
ssym,0.0,0.08286702632904053,2LZM,R119E,gnn_local_blosum_s123
ssym,-0.4,0.06633472442626953,2LZM,Q123E,gnn_local_blosum_s123
ssym,0.1,0.2375216782093048,2LZM,K124G,gnn_local_blosum_s123
ssym,-0.3,0.9343034029006958,2LZM,V131A,gnn_local_blosum_s123
ssym,-0.1,1.2471579313278198,2LZM,V131D,gnn_local_blosum_s123
ssym,0.7,1.165198802947998,2LZM,V131G,gnn_local_blosum_s123
ssym,-0.2,0.4257340431213379,2LZM,V131I,gnn_local_blosum_s123
ssym,-0.1,0.6118806600570679,2LZM,V131L,gnn_local_blosum_s123
ssym,0.1,0.8813271522521973,2LZM,V131S,gnn_local_blosum_s123
ssym,-0.1,0.6168841123580933,2LZM,V131M,gnn_local_blosum_s123
ssym,-0.2,1.4625391960144043,2LZM,V131E,gnn_local_blosum_s123
ssym,4.2,1.759725570678711,2LZM,L133A,gnn_local_blosum_s123
ssym,1.0,0.33381983637809753,2LZM,K135E,gnn_local_blosum_s123
ssym,-0.4,0.04057103395462036,2LZM,N144D,gnn_local_blosum_s123
ssym,0.7,0.717215895652771,2LZM,K147E,gnn_local_blosum_s123
ssym,2.2,1.4789140224456787,2LZM,V149C,gnn_local_blosum_s123
ssym,2.6,1.2893157005310059,2LZM,T152S,gnn_local_blosum_s123
ssym,1.1,0.5042762160301208,2LZM,R154E,gnn_local_blosum_s123
ssym,2.3,0.5680735111236572,2LZM,G156D,gnn_local_blosum_s123
ssym,0.5,0.3548300564289093,2LZM,T157A,gnn_local_blosum_s123
ssym,1.3,0.05081735551357269,2LZM,T157C,gnn_local_blosum_s123
ssym,1.1,0.6130001544952393,2LZM,T157D,gnn_local_blosum_s123
ssym,0.8,0.5966125726699829,2LZM,T157E,gnn_local_blosum_s123
ssym,2.4,0.11352147161960602,2LZM,T157F,gnn_local_blosum_s123
ssym,1.1,0.4792989194393158,2LZM,T157G,gnn_local_blosum_s123
ssym,2.1,0.3738269507884979,2LZM,T157H,gnn_local_blosum_s123
ssym,1.5,-0.019388139247894287,2LZM,T157I,gnn_local_blosum_s123
ssym,1.7,0.0950266420841217,2LZM,T157L,gnn_local_blosum_s123
ssym,1.2,0.534513533115387,2LZM,T157N,gnn_local_blosum_s123
ssym,-0.3,0.3596641719341278,2LZM,T157R,gnn_local_blosum_s123
ssym,0.7,0.20006616413593292,2LZM,T157S,gnn_local_blosum_s123
ssym,1.2,0.05263018608093262,2LZM,T157V,gnn_local_blosum_s123
ssym,-0.9,0.8179504871368408,2RN2,D10N,gnn_local_blosum_s123
ssym,-0.2,0.4246270954608917,2RN2,E48Q,gnn_local_blosum_s123
ssym,0.5,0.7346643209457397,2RN2,A52F,gnn_local_blosum_s123
ssym,-1.9,0.5392389297485352,2RN2,A52I,gnn_local_blosum_s123
ssym,-1.3,0.6067930459976196,2RN2,A52L,gnn_local_blosum_s123
ssym,-1.7,0.7489513158798218,2RN2,A52V,gnn_local_blosum_s123
ssym,-0.4,0.13551290333271027,2RN2,H62A,gnn_local_blosum_s123
ssym,-1.1,0.32610172033309937,2RN2,H62P,gnn_local_blosum_s123
ssym,-0.9,0.21510538458824158,2RN2,D70N,gnn_local_blosum_s123
ssym,-1.0,0.8487937450408936,2RN2,V74L,gnn_local_blosum_s123
ssym,-0.6,0.7581373453140259,2RN2,V74I,gnn_local_blosum_s123
ssym,0.9,0.37996405363082886,2RN2,G77A,gnn_local_blosum_s123
ssym,-0.1,0.5091665983200073,2RN2,K95A,gnn_local_blosum_s123
ssym,-1.9,0.5790562629699707,2RN2,K95G,gnn_local_blosum_s123
ssym,-0.9,0.6069691181182861,2RN2,K95N,gnn_local_blosum_s123
ssym,-2.1,0.2882344722747803,2RN2,D134A,gnn_local_blosum_s123
ssym,-2.3,0.2075798362493515,2RN2,D134H,gnn_local_blosum_s123
ssym,-1.0,0.3584466278553009,2RN2,D134N,gnn_local_blosum_s123
ssym,-0.5,1.179186463356018,4LYZ,M12F,gnn_local_blosum_s123
ssym,0.4,1.0146822929382324,4LYZ,M12L,gnn_local_blosum_s123
ssym,0.3,1.2611083984375,4LYZ,T40S,gnn_local_blosum_s123
ssym,0.7,0.4217730760574341,4LYZ,G49A,gnn_local_blosum_s123
ssym,0.9,1.6994448900222778,4LYZ,I55V,gnn_local_blosum_s123
ssym,1.2,1.6743361949920654,4LYZ,I58M,gnn_local_blosum_s123
ssym,0.5,0.07787349820137024,4LYZ,G67A,gnn_local_blosum_s123
ssym,2.1,0.16959834098815918,4LYZ,G71A,gnn_local_blosum_s123
ssym,0.9,1.2066640853881836,4LYZ,I78M,gnn_local_blosum_s123
ssym,0.2,1.335178256034851,4LYZ,S91A,gnn_local_blosum_s123
ssym,-1.0,1.585644245147705,4LYZ,S91T,gnn_local_blosum_s123
ssym,0.9,1.0127743482589722,4LYZ,I98M,gnn_local_blosum_s123
ssym,1.2,0.06904691457748413,4LYZ,G102A,gnn_local_blosum_s123
ssym,0.8,0.08845627307891846,4LYZ,G117A,gnn_local_blosum_s123
ssym,1.2,1.5726332664489746,5PTI,F22A,gnn_local_blosum_s123
ssym,5.9,2.1994917392730713,5PTI,Y23A,gnn_local_blosum_s123
ssym,5.0,1.9357867240905762,5PTI,Y35G,gnn_local_blosum_s123
ssym,5.7,1.8861638307571411,5PTI,N43G,gnn_local_blosum_s123
ssym,6.9,1.5355411767959595,5PTI,F45A,gnn_local_blosum_s123
ssym,2.3,2.2842965126037598,1AMQ,C191Y,gnn_edge_s123
ssym,1.6,0.9036110639572144,1AMQ,C191F,gnn_edge_s123
ssym,3.9,-0.0789971649646759,1AMQ,C191W,gnn_edge_s123
ssym,1.9,1.7474465370178223,1AMQ,C191S,gnn_edge_s123
ssym,4.1,1.2317395210266113,1BNI,F7L,gnn_edge_s123
ssym,4.5,2.6636104583740234,1BNI,L14A,gnn_edge_s123
ssym,1.7,0.13751578330993652,1BNI,T26A,gnn_edge_s123
ssym,1.1,2.765345573425293,1BNI,I51V,gnn_edge_s123
ssym,1.7,2.8889589309692383,1BNI,I76A,gnn_edge_s123
ssym,1.0,1.6055736541748047,1BNI,I76V,gnn_edge_s123
ssym,1.1,0.9625614881515503,1BNI,Y78F,gnn_edge_s123
ssym,4.0,3.5624959468841553,1BNI,I88A,gnn_edge_s123
ssym,1.6,2.980379819869995,1BNI,I88V,gnn_edge_s123
ssym,0.5,2.551485538482666,1BNI,L89V,gnn_edge_s123
ssym,2.4,1.1692683696746826,1BNI,S91A,gnn_edge_s123
ssym,3.2,2.1781179904937744,1BNI,I96A,gnn_edge_s123
ssym,3.1,1.525329351425171,1BNI,I96V,gnn_edge_s123
ssym,-2.5,1.1656370162963867,1CEY,D12A,gnn_edge_s123
ssym,-2.7,0.44188910722732544,1CEY,D13A,gnn_edge_s123
ssym,-3.3,1.6688079833984375,1CEY,D57A,gnn_edge_s123
ssym,0.9,0.282164603471756,1EY0,T22C,gnn_edge_s123
ssym,0.9,1.1847989559173584,1EY0,T22V,gnn_edge_s123
ssym,0.1,2.2540392875671387,1EY0,V23L,gnn_edge_s123
ssym,1.7,1.0936779975891113,1EY0,L25I,gnn_edge_s123
ssym,-0.4,0.25688886642456055,1EY0,T33V,gnn_edge_s123
ssym,-0.6,3.6765875816345215,1EY0,T41C,gnn_edge_s123
ssym,-0.7,2.6254429817199707,1EY0,T41I,gnn_edge_s123
ssym,1.1,4.223994255065918,1EY0,T41S,gnn_edge_s123
ssym,-0.8,3.4543519020080566,1EY0,T41V,gnn_edge_s123
ssym,-0.1,1.263552188873291,1EY0,T44V,gnn_edge_s123
ssym,-0.5,2.542362928390503,1EY0,S59A,gnn_edge_s123
ssym,2.1,2.546109914779663,1EY0,T62S,gnn_edge_s123
ssym,0.2,1.1428289413452148,1EY0,T62V,gnn_edge_s123
ssym,1.0,1.0696855783462524,1EY0,V66I,gnn_edge_s123
ssym,0.3,0.7025203704833984,1EY0,V66L,gnn_edge_s123
ssym,7.5,1.8218309879302979,1EY0,V66K,gnn_edge_s123
ssym,0.2,1.2836642265319824,1EY0,I72L,gnn_edge_s123
ssym,1.2,1.6492643356323242,1EY0,I72V,gnn_edge_s123
ssym,0.7,-0.058695316314697266,1EY0,T82S,gnn_edge_s123
ssym,0.4,2.1346933841705322,1EY0,I92V,gnn_edge_s123
ssym,-1.0,0.6468825936317444,1EY0,K116G,gnn_edge_s123
ssym,-0.8,-0.2276603877544403,1EY0,P117A,gnn_edge_s123
ssym,-0.9,-0.05931335687637329,1EY0,P117G,gnn_edge_s123
ssym,-1.1,-0.17577886581420898,1EY0,P117T,gnn_edge_s123
ssym,1.7,0.2456173449754715,1EY0,T120C,gnn_edge_s123
ssym,0.6,0.7719832062721252,1EY0,T120S,gnn_edge_s123
ssym,1.8,0.03344160318374634,1EY0,T120V,gnn_edge_s123
ssym,-0.7,0.37665677070617676,1EY0,S128A,gnn_edge_s123
ssym,-0.7,1.2618401050567627,1IHB,F71N,gnn_edge_s123
ssym,0.4,0.9095373749732971,1IHB,F82Q,gnn_edge_s123
ssym,1.1,0.9783990979194641,1IHB,F92N,gnn_edge_s123
ssym,2.6,1.6095092296600342,1IOB,T9G,gnn_edge_s123
ssym,1.9,1.6194474697113037,1L63,M6A,gnn_edge_s123
ssym,2.8,1.1102436780929565,1L63,M6L,gnn_edge_s123
ssym,-0.1,0.29251691699028015,1L63,E11H,gnn_edge_s123
ssym,0.1,0.29883983731269836,1L63,E11N,gnn_edge_s123
ssym,2.7,2.4960098266601562,1L63,I17A,gnn_edge_s123
ssym,0.3,0.4915767312049866,1L63,D20A,gnn_edge_s123
ssym,-1.3,0.1954866647720337,1L63,D20N,gnn_edge_s123
ssym,-0.7,0.4522417187690735,1L63,D20S,gnn_edge_s123
ssym,3.1,3.3832902908325195,1L63,I27A,gnn_edge_s123
ssym,3.1,2.773303270339966,1L63,I27M,gnn_edge_s123
ssym,2.6,2.72928524017334,1L63,I29A,gnn_edge_s123
ssym,0.0,0.2606908082962036,1L63,S38N,gnn_edge_s123
ssym,0.6,0.16423532366752625,1L63,A41S,gnn_edge_s123
ssym,2.7,0.8252648711204529,1L63,A42V,gnn_edge_s123
ssym,2.3,2.556922435760498,1L63,A42S,gnn_edge_s123
ssym,1.0,0.22398485243320465,1L63,K43A,gnn_edge_s123
ssym,-0.3,-0.2117200791835785,1L63,S44A,gnn_edge_s123
ssym,-0.3,0.0062691569328308105,1L63,S44I,gnn_edge_s123
ssym,-0.4,-0.508092999458313,1L63,S44L,gnn_edge_s123
ssym,-0.2,-0.07165202498435974,1L63,S44K,gnn_edge_s123
ssym,0.0,0.05972033739089966,1L63,S44E,gnn_edge_s123
ssym,0.5,-0.14152538776397705,1L63,S44G,gnn_edge_s123
ssym,-0.2,-0.20037513971328735,1L63,S44R,gnn_edge_s123
ssym,0.1,-0.00022581219673156738,1L63,S44N,gnn_edge_s123
ssym,-0.1,-0.48144906759262085,1L63,S44F,gnn_edge_s123
ssym,3.0,0.019128449261188507,1L63,S44P,gnn_edge_s123
ssym,0.0,-0.012382298707962036,1L63,S44T,gnn_edge_s123
ssym,-0.1,0.03607124090194702,1L63,S44V,gnn_edge_s123
ssym,1.9,2.356452465057373,1L63,L46A,gnn_edge_s123
ssym,1.0,0.24795138835906982,1L63,D47A,gnn_edge_s123
ssym,0.5,0.6255477070808411,1L63,A49S,gnn_edge_s123
ssym,2.0,1.937680959701538,1L63,I50A,gnn_edge_s123
ssym,0.4,1.5897324085235596,1L63,I50M,gnn_edge_s123
ssym,3.2,3.0080184936523438,1L63,I58A,gnn_edge_s123
ssym,3.4,3.5884196758270264,1L63,I58T,gnn_edge_s123
ssym,1.5,0.20584514737129211,1L63,T59A,gnn_edge_s123
ssym,1.2,0.46365487575531006,1L63,T59D,gnn_edge_s123
ssym,1.6,0.4651399254798889,1L63,T59G,gnn_edge_s123
ssym,1.1,0.6218361854553223,1L63,T59N,gnn_edge_s123
ssym,0.2,0.2898641526699066,1L63,T59S,gnn_edge_s123
ssym,1.5,0.10899771004915237,1L63,T59V,gnn_edge_s123
ssym,1.0,1.1180670261383057,1L63,L66M,gnn_edge_s123
ssym,1.9,1.5129997730255127,1L63,F67A,gnn_edge_s123
ssym,2.7,0.04449889063835144,1L63,D72P,gnn_edge_s123
ssym,0.4,-0.10623659193515778,1L63,A73S,gnn_edge_s123
ssym,1.3,1.6703519821166992,1L63,V75T,gnn_edge_s123
ssym,1.2,2.0943543910980225,1L63,I78A,gnn_edge_s123
ssym,1.5,1.5959088802337646,1L63,I78M,gnn_edge_s123
ssym,0.8,1.2165162563323975,1L63,I78V,gnn_edge_s123
ssym,0.3,-0.48241370916366577,1L63,A82S,gnn_edge_s123
ssym,2.6,0.8194522857666016,1L63,L84A,gnn_edge_s123
ssym,1.9,1.3990676403045654,1L63,L84M,gnn_edge_s123
ssym,1.7,1.4087703227996826,1L63,V87A,gnn_edge_s123
ssym,2.3,1.275899887084961,1L63,V87M,gnn_edge_s123
ssym,0.3,0.7541612386703491,1L63,V87I,gnn_edge_s123
ssym,1.6,1.6896541118621826,1L63,V87T,gnn_edge_s123
ssym,3.9,1.998053789138794,1L63,L91A,gnn_edge_s123
ssym,0.8,1.0800707340240479,1L63,L91M,gnn_edge_s123
ssym,1.4,0.5923452377319336,1L63,D92N,gnn_edge_s123
ssym,0.2,-0.16350996494293213,1L63,A93S,gnn_edge_s123
ssym,1.0,2.308849811553955,1L63,A98C,gnn_edge_s123
ssym,4.3,1.789374828338623,1L63,A98L,gnn_edge_s123
ssym,2.5,2.621487617492676,1L63,A98S,gnn_edge_s123
ssym,3.2,1.7176568508148193,1L63,A98V,gnn_edge_s123
ssym,4.5,2.8211264610290527,1L63,L99A,gnn_edge_s123
ssym,0.3,2.034040689468384,1L63,L99F,gnn_edge_s123
ssym,1.5,1.7066667079925537,1L63,L99I,gnn_edge_s123
ssym,0.6,2.3576693534851074,1L63,L99M,gnn_edge_s123
ssym,2.0,2.108856439590454,1L63,L99V,gnn_edge_s123
ssym,3.4,2.437905788421631,1L63,I100A,gnn_edge_s123
ssym,1.6,1.9471335411071777,1L63,I100M,gnn_edge_s123
ssym,0.4,1.664844036102295,1L63,I100V,gnn_edge_s123
ssym,1.5,1.342961072921753,1L63,N101A,gnn_edge_s123
ssym,1.0,1.297196865081787,1L63,M102L,gnn_edge_s123
ssym,2.2,1.8171446323394775,1L63,V103A,gnn_edge_s123
ssym,0.5,1.020021915435791,1L63,V103I,gnn_edge_s123
ssym,1.2,1.0739566087722778,1L63,V103M,gnn_edge_s123
ssym,0.4,1.2515251636505127,1L63,F104M,gnn_edge_s123
ssym,1.2,0.1295420229434967,1L63,Q105M,gnn_edge_s123
ssym,-0.2,0.8374820947647095,1L63,M106I,gnn_edge_s123
ssym,-0.5,0.5670896172523499,1L63,M106L,gnn_edge_s123
ssym,3.4,1.2762935161590576,1L63,M106K,gnn_edge_s123
ssym,-0.6,0.05625985562801361,1L63,T109D,gnn_edge_s123
ssym,-0.1,-0.657081663608551,1L63,T109N,gnn_edge_s123
ssym,1.3,2.076824188232422,1L63,V111A,gnn_edge_s123
ssym,0.9,1.2331888675689697,1L63,V111I,gnn_edge_s123
ssym,0.7,1.6154811382293701,1L63,V111M,gnn_edge_s123
ssym,-1.1,0.15659558773040771,1L63,S117F,gnn_edge_s123
ssym,3.2,1.5936055183410645,1L63,L118A,gnn_edge_s123
ssym,0.7,2.142397880554199,1L63,L118M,gnn_edge_s123
ssym,-0.5,0.38628971576690674,1L63,M120L,gnn_edge_s123
ssym,1.6,0.45805323123931885,1L63,M120K,gnn_edge_s123
ssym,0.1,0.24848949909210205,1L63,M120Y,gnn_edge_s123
ssym,0.8,2.561985492706299,1L63,L121M,gnn_edge_s123
ssym,1.2,0.6613438725471497,1L63,A129F,gnn_edge_s123
ssym,2.2,0.5525997877120972,1L63,A129W,gnn_edge_s123
ssym,-1.0,1.1684985160827637,1L63,A130S,gnn_edge_s123
ssym,0.3,1.8054370880126953,1L63,L133F,gnn_edge_s123
ssym,0.4,2.4987030029296875,1L63,L133M,gnn_edge_s123
ssym,0.1,0.9428089261054993,1L63,A134S,gnn_edge_s123
ssym,-0.5,0.10700174421072006,1L63,N144E,gnn_edge_s123
ssym,3.2,1.977078914642334,1L63,V149A,gnn_edge_s123
ssym,2.0,1.8747670650482178,1L63,V149C,gnn_edge_s123
ssym,4.9,2.7468113899230957,1L63,V149G,gnn_edge_s123
ssym,0.1,0.922429621219635,1L63,V149I,gnn_edge_s123
ssym,2.8,1.4700992107391357,1L63,V149M,gnn_edge_s123
ssym,2.8,2.4213271141052246,1L63,V149T,gnn_edge_s123
ssym,4.4,2.961470603942871,1L63,V149S,gnn_edge_s123
ssym,1.5,2.188795566558838,1L63,T152A,gnn_edge_s123
ssym,0.5,0.6076143980026245,1L63,T152C,gnn_edge_s123
ssym,0.4,1.4686503410339355,1L63,T152I,gnn_edge_s123
ssym,2.0,2.1393487453460693,1L63,T152S,gnn_edge_s123
ssym,-0.2,1.1708574295043945,1L63,T152V,gnn_edge_s123
ssym,3.8,2.9262871742248535,1L63,F153A,gnn_edge_s123
ssym,0.2,1.8124864101409912,1L63,F153I,gnn_edge_s123
ssym,-0.3,2.187427282333374,1L63,F153L,gnn_edge_s123
ssym,0.6,2.412484645843506,1L63,F153M,gnn_edge_s123
ssym,1.8,2.3037238121032715,1L63,F153V,gnn_edge_s123
ssym,1.5,0.4997844696044922,1LZ1,V2A,gnn_edge_s123
ssym,1.3,1.0090765953063965,1LZ1,V2G,gnn_edge_s123
ssym,1.4,1.222001075744629,1LZ1,V2S,gnn_edge_s123
ssym,0.4,0.7345882058143616,1LZ1,V2Y,gnn_edge_s123
ssym,1.4,1.2747995853424072,1LZ1,V2D,gnn_edge_s123
ssym,1.3,0.9294484257698059,1LZ1,V2N,gnn_edge_s123
ssym,0.4,1.184865951538086,1LZ1,V2R,gnn_edge_s123
ssym,-0.3,0.5829370021820068,1LZ1,V2L,gnn_edge_s123
ssym,0.2,1.0275380611419678,1LZ1,V2M,gnn_edge_s123
ssym,0.8,0.5314877033233643,1LZ1,V2F,gnn_edge_s123
ssym,0.5,0.7297677397727966,1LZ1,Y20F,gnn_edge_s123
ssym,2.5,2.053440570831299,1LZ1,I23A,gnn_edge_s123
ssym,0.4,0.9821504950523376,1LZ1,I23V,gnn_edge_s123
ssym,0.2,1.02614164352417,1LZ1,Y38F,gnn_edge_s123
ssym,-0.1,-0.12400579452514648,1LZ1,Y45F,gnn_edge_s123
ssym,-0.1,0.36799582839012146,1LZ1,A47P,gnn_edge_s123
ssym,1.0,0.4616873562335968,1LZ1,Y54F,gnn_edge_s123
ssym,3.7,1.8319625854492188,1LZ1,I56A,gnn_edge_s123
ssym,4.3,2.743417263031006,1LZ1,I56T,gnn_edge_s123
ssym,1.2,1.425917148590088,1LZ1,I56V,gnn_edge_s123
ssym,1.7,2.8627305030822754,1LZ1,I59A,gnn_edge_s123
ssym,3.8,4.482348918914795,1LZ1,I59G,gnn_edge_s123
ssym,1.1,1.5286483764648438,1LZ1,I59V,gnn_edge_s123
ssym,0.2,-1.3694674968719482,1LZ1,Y63F,gnn_edge_s123
ssym,1.6,0.5526928901672363,1LZ1,P71G,gnn_edge_s123
ssym,0.4,0.6645799875259399,1LZ1,V74A,gnn_edge_s123
ssym,0.1,1.2742929458618164,1LZ1,V74G,gnn_edge_s123
ssym,1.9,0.4879220724105835,1LZ1,V74I,gnn_edge_s123
ssym,0.4,0.8725349307060242,1LZ1,V74L,gnn_edge_s123
ssym,0.4,1.0493648052215576,1LZ1,V74M,gnn_edge_s123
ssym,0.0,0.8243458867073059,1LZ1,V74F,gnn_edge_s123
ssym,0.3,1.0817224979400635,1LZ1,V74Y,gnn_edge_s123
ssym,0.4,0.7972422242164612,1LZ1,V74D,gnn_edge_s123
ssym,0.3,1.0297927856445312,1LZ1,V74N,gnn_edge_s123
ssym,0.1,0.743480384349823,1LZ1,V74R,gnn_edge_s123
ssym,0.4,1.654428243637085,1LZ1,V74S,gnn_edge_s123
ssym,4.6,1.980334997177124,1LZ1,C77A,gnn_edge_s123
ssym,2.7,2.4201242923736572,1LZ1,I89A,gnn_edge_s123
ssym,0.5,1.6954996585845947,1LZ1,I89V,gnn_edge_s123
ssym,0.4,1.5854086875915527,1LZ1,D91P,gnn_edge_s123
ssym,0.7,1.9954795837402344,1LZ1,V93A,gnn_edge_s123
ssym,1.0,1.4162635803222656,1LZ1,V99A,gnn_edge_s123
ssym,0.3,1.6589975357055664,1LZ1,V100A,gnn_edge_s123
ssym,0.1,0.6029531955718994,1LZ1,P103G,gnn_edge_s123
ssym,0.9,1.5681846141815186,1LZ1,I106A,gnn_edge_s123
ssym,0.7,0.666874349117279,1LZ1,I106V,gnn_edge_s123
ssym,-0.5,0.2155279964208603,1LZ1,V110A,gnn_edge_s123
ssym,-0.2,0.33568552136421204,1LZ1,V110D,gnn_edge_s123
ssym,2.2,0.6109572649002075,1LZ1,V110G,gnn_edge_s123
ssym,0.8,0.3619047999382019,1LZ1,V110I,gnn_edge_s123
ssym,-0.1,0.3495149612426758,1LZ1,V110L,gnn_edge_s123
ssym,-0.4,0.36451733112335205,1LZ1,V110M,gnn_edge_s123
ssym,-0.1,0.3743549585342407,1LZ1,V110N,gnn_edge_s123
ssym,-0.9,0.2950090765953064,1LZ1,V110R,gnn_edge_s123
ssym,1.9,0.19283801317214966,1LZ1,V110F,gnn_edge_s123
ssym,-0.5,0.32201701402664185,1LZ1,V110P,gnn_edge_s123
ssym,0.1,0.31749406456947327,1LZ1,V110Y,gnn_edge_s123
ssym,1.4,0.8880385756492615,1LZ1,V121A,gnn_edge_s123
ssym,0.4,0.6108282804489136,1LZ1,Y124F,gnn_edge_s123
ssym,1.3,3.2001864910125732,1LZ1,V125A,gnn_edge_s123
ssym,0.8,2.2354278564453125,1LZ1,V130A,gnn_edge_s123
ssym,-0.2,-0.10608690977096558,1OH0,Y32F,gnn_edge_s123
ssym,1.2,1.2984483242034912,1OH0,Y57F,gnn_edge_s123
ssym,-1.4,0.3249927759170532,1RN1,Q25K,gnn_edge_s123
ssym,0.4,2.453141450881958,1VQB,I47L,gnn_edge_s123
ssym,1.7,2.5930392742156982,1VQB,I47M,gnn_edge_s123
ssym,2.0,2.591662883758545,1VQB,I47V,gnn_edge_s123
ssym,0.6,1.4185640811920166,1VQB,V35I,gnn_edge_s123
ssym,3.2,-0.2558656334877014,1VQB,Y41F,gnn_edge_s123
ssym,-0.7,1.5880842208862305,2LZM,I3L,gnn_edge_s123
ssym,0.0,2.2563111782073975,2LZM,I3C,gnn_edge_s123
ssym,3.0,2.3763270378112793,2LZM,I3P,gnn_edge_s123
ssym,2.3,2.0139951705932617,2LZM,I3Y,gnn_edge_s123
ssym,0.4,1.4268836975097656,2LZM,I3V,gnn_edge_s123
ssym,1.4,0.256146103143692,2LZM,M6I,gnn_edge_s123
ssym,-0.5,0.3933853209018707,2LZM,K16E,gnn_edge_s123
ssym,-0.6,-0.1592465341091156,2LZM,S38D,gnn_edge_s123
ssym,0.6,-0.05832655727863312,2LZM,N55G,gnn_edge_s123
ssym,0.0,0.7010235786437988,2LZM,K60P,gnn_edge_s123
ssym,-0.4,0.6753815412521362,2LZM,G77A,gnn_edge_s123
ssym,-0.8,-0.22901219129562378,2LZM,A82P,gnn_edge_s123
ssym,0.6,0.1974705010652542,2LZM,K85A,gnn_edge_s123
ssym,0.5,-0.2150503695011139,2LZM,D89A,gnn_edge_s123
ssym,2.0,-0.12214857339859009,2LZM,R96A,gnn_edge_s123
ssym,3.5,0.29861927032470703,2LZM,R96D,gnn_edge_s123
ssym,2.7,-0.1673423945903778,2LZM,R96M,gnn_edge_s123
ssym,2.5,0.35247254371643066,2LZM,R96E,gnn_edge_s123
ssym,2.6,0.2530694603919983,2LZM,R96G,gnn_edge_s123
ssym,0.3,0.11666199564933777,2LZM,R96Q,gnn_edge_s123
ssym,3.1,0.12480000406503677,2LZM,R96H,gnn_edge_s123
ssym,3.0,0.4352037310600281,2LZM,R96N,gnn_edge_s123
ssym,0.0,0.004879280924797058,2LZM,R96K,gnn_edge_s123
ssym,2.6,0.07127996534109116,2LZM,R96S,gnn_edge_s123
ssym,4.7,0.12179635465145111,2LZM,R96Y,gnn_edge_s123
ssym,2.4,-0.013178586959838867,2LZM,R96V,gnn_edge_s123
ssym,4.5,-0.2923417389392853,2LZM,R96W,gnn_edge_s123
ssym,4.9,1.4999308586120605,2LZM,A98V,gnn_edge_s123
ssym,0.6,0.2347174882888794,2LZM,Q105A,gnn_edge_s123
ssym,1.1,0.40474680066108704,2LZM,Q105E,gnn_edge_s123
ssym,1.5,0.5157226324081421,2LZM,Q105G,gnn_edge_s123
ssym,-0.3,-0.2720666229724884,2LZM,G113A,gnn_edge_s123
ssym,-0.3,0.2273077815771103,2LZM,T115E,gnn_edge_s123
ssym,-0.6,-0.05767229199409485,2LZM,N116D,gnn_edge_s123
ssym,0.0,0.27169185876846313,2LZM,R119E,gnn_edge_s123
ssym,-0.4,-0.2784198522567749,2LZM,Q123E,gnn_edge_s123
ssym,0.1,0.429726243019104,2LZM,K124G,gnn_edge_s123
ssym,-0.3,0.34528911113739014,2LZM,V131A,gnn_edge_s123
ssym,-0.1,0.5712156295776367,2LZM,V131D,gnn_edge_s123
ssym,0.7,0.5839396715164185,2LZM,V131G,gnn_edge_s123
ssym,-0.2,0.004420429468154907,2LZM,V131I,gnn_edge_s123
ssym,-0.1,0.08785800635814667,2LZM,V131L,gnn_edge_s123
ssym,0.1,0.741421639919281,2LZM,V131S,gnn_edge_s123
ssym,-0.1,0.516974687576294,2LZM,V131M,gnn_edge_s123
ssym,-0.2,1.0203323364257812,2LZM,V131E,gnn_edge_s123
ssym,4.2,2.3354785442352295,2LZM,L133A,gnn_edge_s123
ssym,1.0,-0.15714415907859802,2LZM,K135E,gnn_edge_s123
ssym,-0.4,0.20223787426948547,2LZM,N144D,gnn_edge_s123
ssym,0.7,1.4725301265716553,2LZM,K147E,gnn_edge_s123
ssym,2.2,2.596721649169922,2LZM,V149C,gnn_edge_s123
ssym,2.6,2.2396726608276367,2LZM,T152S,gnn_edge_s123
ssym,1.1,1.0566902160644531,2LZM,R154E,gnn_edge_s123
ssym,2.3,0.6387825012207031,2LZM,G156D,gnn_edge_s123
ssym,0.5,1.556734561920166,2LZM,T157A,gnn_edge_s123
ssym,1.3,-0.406627357006073,2LZM,T157C,gnn_edge_s123
ssym,1.1,0.8972011208534241,2LZM,T157D,gnn_edge_s123
ssym,0.8,1.0701854228973389,2LZM,T157E,gnn_edge_s123
ssym,2.4,0.22810423374176025,2LZM,T157F,gnn_edge_s123
ssym,1.1,1.447382926940918,2LZM,T157G,gnn_edge_s123
ssym,2.1,0.6801170706748962,2LZM,T157H,gnn_edge_s123
ssym,1.5,1.0940556526184082,2LZM,T157I,gnn_edge_s123
ssym,1.7,0.7830602526664734,2LZM,T157L,gnn_edge_s123
ssym,1.2,0.4944089949131012,2LZM,T157N,gnn_edge_s123
ssym,-0.3,0.5588043332099915,2LZM,T157R,gnn_edge_s123
ssym,0.7,0.9523244500160217,2LZM,T157S,gnn_edge_s123
ssym,1.2,0.9440698027610779,2LZM,T157V,gnn_edge_s123
ssym,-0.9,1.3737235069274902,2RN2,D10N,gnn_edge_s123
ssym,-0.2,1.9267897605895996,2RN2,E48Q,gnn_edge_s123
ssym,0.5,2.111482858657837,2RN2,A52F,gnn_edge_s123
ssym,-1.9,1.6848561763763428,2RN2,A52I,gnn_edge_s123
ssym,-1.3,2.3951501846313477,2RN2,A52L,gnn_edge_s123
ssym,-1.7,2.3182930946350098,2RN2,A52V,gnn_edge_s123
ssym,-0.4,1.516968011856079,2RN2,H62A,gnn_edge_s123
ssym,-1.1,1.971351146697998,2RN2,H62P,gnn_edge_s123
ssym,-0.9,1.335705280303955,2RN2,D70N,gnn_edge_s123
ssym,-1.0,3.4589033126831055,2RN2,V74L,gnn_edge_s123
ssym,-0.6,2.2870328426361084,2RN2,V74I,gnn_edge_s123
ssym,0.9,1.1301624774932861,2RN2,G77A,gnn_edge_s123
ssym,-0.1,1.3454785346984863,2RN2,K95A,gnn_edge_s123
ssym,-1.9,1.307192087173462,2RN2,K95G,gnn_edge_s123
ssym,-0.9,1.4694786071777344,2RN2,K95N,gnn_edge_s123
ssym,-2.1,0.7428235411643982,2RN2,D134A,gnn_edge_s123
ssym,-2.3,1.1829988956451416,2RN2,D134H,gnn_edge_s123
ssym,-1.0,1.6730022430419922,2RN2,D134N,gnn_edge_s123
ssym,-0.5,1.181952714920044,4LYZ,M12F,gnn_edge_s123
ssym,0.4,1.7061302661895752,4LYZ,M12L,gnn_edge_s123
ssym,0.3,1.7508163452148438,4LYZ,T40S,gnn_edge_s123
ssym,0.7,0.2571370005607605,4LYZ,G49A,gnn_edge_s123
ssym,0.9,2.0338284969329834,4LYZ,I55V,gnn_edge_s123
ssym,1.2,4.4694600105285645,4LYZ,I58M,gnn_edge_s123
ssym,0.5,-0.19225206971168518,4LYZ,G67A,gnn_edge_s123
ssym,2.1,0.3987094461917877,4LYZ,G71A,gnn_edge_s123
ssym,0.9,4.33172082901001,4LYZ,I78M,gnn_edge_s123
ssym,0.2,2.295574188232422,4LYZ,S91A,gnn_edge_s123
ssym,-1.0,2.6919548511505127,4LYZ,S91T,gnn_edge_s123
ssym,0.9,2.538111686706543,4LYZ,I98M,gnn_edge_s123
ssym,1.2,0.7502157092094421,4LYZ,G102A,gnn_edge_s123
ssym,0.8,0.13295425474643707,4LYZ,G117A,gnn_edge_s123
ssym,1.2,-0.3020515739917755,5PTI,F22A,gnn_edge_s123
ssym,5.9,7.078014850616455,5PTI,Y23A,gnn_edge_s123
ssym,5.0,5.182065486907959,5PTI,Y35G,gnn_edge_s123
ssym,5.7,5.234134197235107,5PTI,N43G,gnn_edge_s123
ssym,6.9,2.776305913925171,5PTI,F45A,gnn_edge_s123
ssym,2.3,0.46594810485839844,1AMQ,C191Y,gnn_global_s2024
ssym,1.6,0.45856812596321106,1AMQ,C191F,gnn_global_s2024
ssym,3.9,0.4726499319076538,1AMQ,C191W,gnn_global_s2024
ssym,1.9,0.48445573449134827,1AMQ,C191S,gnn_global_s2024
ssym,4.1,0.7468621134757996,1BNI,F7L,gnn_global_s2024
ssym,4.5,0.9267154932022095,1BNI,L14A,gnn_global_s2024
ssym,1.7,0.6450755596160889,1BNI,T26A,gnn_global_s2024
ssym,1.1,0.7444919943809509,1BNI,I51V,gnn_global_s2024
ssym,1.7,0.8546493649482727,1BNI,I76A,gnn_global_s2024
ssym,1.0,0.7843406796455383,1BNI,I76V,gnn_global_s2024
ssym,1.1,0.6207677125930786,1BNI,Y78F,gnn_global_s2024
ssym,4.0,1.044040560722351,1BNI,I88A,gnn_global_s2024
ssym,1.6,0.9787734746932983,1BNI,I88V,gnn_global_s2024
ssym,0.5,0.7979163527488708,1BNI,L89V,gnn_global_s2024
ssym,2.4,0.564459502696991,1BNI,S91A,gnn_global_s2024
ssym,3.2,0.8564397096633911,1BNI,I96A,gnn_global_s2024
ssym,3.1,0.7833395004272461,1BNI,I96V,gnn_global_s2024
ssym,-2.5,0.5830199122428894,1CEY,D12A,gnn_global_s2024
ssym,-2.7,0.4287909269332886,1CEY,D13A,gnn_global_s2024
ssym,-3.3,0.5638209581375122,1CEY,D57A,gnn_global_s2024
ssym,0.9,0.6870651841163635,1EY0,T22C,gnn_global_s2024
ssym,0.9,0.6258236169815063,1EY0,T22V,gnn_global_s2024
ssym,0.1,0.9523146152496338,1EY0,V23L,gnn_global_s2024
ssym,1.7,1.0019088983535767,1EY0,L25I,gnn_global_s2024
ssym,-0.4,0.6808954477310181,1EY0,T33V,gnn_global_s2024
ssym,-0.6,0.7986218333244324,1EY0,T41C,gnn_global_s2024
ssym,-0.7,0.7035530805587769,1EY0,T41I,gnn_global_s2024
ssym,1.1,0.828008234500885,1EY0,T41S,gnn_global_s2024
ssym,-0.8,0.7268422842025757,1EY0,T41V,gnn_global_s2024
ssym,-0.1,0.5737552642822266,1EY0,T44V,gnn_global_s2024
ssym,-0.5,0.7013227343559265,1EY0,S59A,gnn_global_s2024
ssym,2.1,0.9791803359985352,1EY0,T62S,gnn_global_s2024
ssym,0.2,0.8642678260803223,1EY0,T62V,gnn_global_s2024
ssym,1.0,0.9483380317687988,1EY0,V66I,gnn_global_s2024
ssym,0.3,0.952536940574646,1EY0,V66L,gnn_global_s2024
ssym,7.5,1.0902655124664307,1EY0,V66K,gnn_global_s2024
ssym,0.2,0.9821667671203613,1EY0,I72L,gnn_global_s2024
ssym,1.2,1.0140867233276367,1EY0,I72V,gnn_global_s2024
ssym,0.7,0.6213494539260864,1EY0,T82S,gnn_global_s2024
ssym,0.4,1.0597847700119019,1EY0,I92V,gnn_global_s2024
ssym,-1.0,0.5339804291725159,1EY0,K116G,gnn_global_s2024
ssym,-0.8,0.4882427155971527,1EY0,P117A,gnn_global_s2024
ssym,-0.9,0.49450188875198364,1EY0,P117G,gnn_global_s2024
ssym,-1.1,0.49993324279785156,1EY0,P117T,gnn_global_s2024
ssym,1.7,0.5652795433998108,1EY0,T120C,gnn_global_s2024
ssym,0.6,0.5855177044868469,1EY0,T120S,gnn_global_s2024
ssym,1.8,0.5221368074417114,1EY0,T120V,gnn_global_s2024
ssym,-0.7,0.5998716950416565,1EY0,S128A,gnn_global_s2024
ssym,-0.7,0.29554691910743713,1IHB,F71N,gnn_global_s2024
ssym,0.4,0.4446205496788025,1IHB,F82Q,gnn_global_s2024
ssym,1.1,0.33437424898147583,1IHB,F92N,gnn_global_s2024
ssym,2.6,0.9426659345626831,1IOB,T9G,gnn_global_s2024
ssym,1.9,0.48393499851226807,1L63,M6A,gnn_global_s2024
ssym,2.8,0.42421311140060425,1L63,M6L,gnn_global_s2024
ssym,-0.1,0.36015480756759644,1L63,E11H,gnn_global_s2024
ssym,0.1,0.36868488788604736,1L63,E11N,gnn_global_s2024
ssym,2.7,0.5137091875076294,1L63,I17A,gnn_global_s2024
ssym,0.3,0.15089541673660278,1L63,D20A,gnn_global_s2024
ssym,-1.3,0.15473921597003937,1L63,D20N,gnn_global_s2024
ssym,-0.7,0.15111832320690155,1L63,D20S,gnn_global_s2024
ssym,3.1,0.6511280536651611,1L63,I27A,gnn_global_s2024
ssym,3.1,0.6308940052986145,1L63,I27M,gnn_global_s2024
ssym,2.6,0.514184296131134,1L63,I29A,gnn_global_s2024
ssym,0.0,0.315582275390625,1L63,S38N,gnn_global_s2024
ssym,0.6,0.3308534026145935,1L63,A41S,gnn_global_s2024
ssym,2.7,0.3565111756324768,1L63,A42V,gnn_global_s2024
ssym,2.3,0.4520055055618286,1L63,A42S,gnn_global_s2024
ssym,1.0,0.3484445810317993,1L63,K43A,gnn_global_s2024
ssym,-0.3,0.24605099856853485,1L63,S44A,gnn_global_s2024
ssym,-0.3,0.19273905456066132,1L63,S44I,gnn_global_s2024
ssym,-0.4,0.19684801995754242,1L63,S44L,gnn_global_s2024
ssym,-0.2,0.2710660398006439,1L63,S44K,gnn_global_s2024
ssym,0.0,0.26311057806015015,1L63,S44E,gnn_global_s2024
ssym,0.5,0.24412870407104492,1L63,S44G,gnn_global_s2024
ssym,-0.2,0.24536199867725372,1L63,S44R,gnn_global_s2024
ssym,0.1,0.272068053483963,1L63,S44N,gnn_global_s2024
ssym,-0.1,0.21643531322479248,1L63,S44F,gnn_global_s2024
ssym,3.0,0.26879340410232544,1L63,S44P,gnn_global_s2024
ssym,0.0,0.2545033395290375,1L63,S44T,gnn_global_s2024
ssym,-0.1,0.20234417915344238,1L63,S44V,gnn_global_s2024
ssym,1.9,0.5445170402526855,1L63,L46A,gnn_global_s2024
ssym,1.0,0.2747456729412079,1L63,D47A,gnn_global_s2024
ssym,0.5,0.418232262134552,1L63,A49S,gnn_global_s2024
ssym,2.0,0.47286731004714966,1L63,I50A,gnn_global_s2024
ssym,0.4,0.45382779836654663,1L63,I50M,gnn_global_s2024
ssym,3.2,0.5881810188293457,1L63,I58A,gnn_global_s2024
ssym,3.4,0.5987027883529663,1L63,I58T,gnn_global_s2024
ssym,1.5,0.33351635932922363,1L63,T59A,gnn_global_s2024
ssym,1.2,0.3821682333946228,1L63,T59D,gnn_global_s2024
ssym,1.6,0.33788418769836426,1L63,T59G,gnn_global_s2024
ssym,1.1,0.3614804148674011,1L63,T59N,gnn_global_s2024
ssym,0.2,0.3547813296318054,1L63,T59S,gnn_global_s2024
ssym,1.5,0.28950899839401245,1L63,T59V,gnn_global_s2024
ssym,1.0,0.5421290397644043,1L63,L66M,gnn_global_s2024
ssym,1.9,0.5418527126312256,1L63,F67A,gnn_global_s2024
ssym,2.7,0.2957035005092621,1L63,D72P,gnn_global_s2024
ssym,0.4,0.3906317353248596,1L63,A73S,gnn_global_s2024
ssym,1.3,0.5458950996398926,1L63,V75T,gnn_global_s2024
ssym,1.2,0.6207129955291748,1L63,I78A,gnn_global_s2024
ssym,1.5,0.6004488468170166,1L63,I78M,gnn_global_s2024
ssym,0.8,0.5769866108894348,1L63,I78V,gnn_global_s2024
ssym,0.3,0.2953962981700897,1L63,A82S,gnn_global_s2024
ssym,2.6,0.5885202884674072,1L63,L84A,gnn_global_s2024
ssym,1.9,0.567916989326477,1L63,L84M,gnn_global_s2024
ssym,1.7,0.43067437410354614,1L63,V87A,gnn_global_s2024
ssym,2.3,0.4108222723007202,1L63,V87M,gnn_global_s2024
ssym,0.3,0.36653709411621094,1L63,V87I,gnn_global_s2024
ssym,1.6,0.4401171803474426,1L63,V87T,gnn_global_s2024
ssym,3.9,0.46940016746520996,1L63,L91A,gnn_global_s2024
ssym,0.8,0.45000895857810974,1L63,L91M,gnn_global_s2024
ssym,1.4,0.2782154679298401,1L63,D92N,gnn_global_s2024
ssym,0.2,0.31422388553619385,1L63,A93S,gnn_global_s2024
ssym,1.0,0.5497066974639893,1L63,A98C,gnn_global_s2024
ssym,4.3,0.4727768003940582,1L63,A98L,gnn_global_s2024
ssym,2.5,0.5971502065658569,1L63,A98S,gnn_global_s2024
ssym,3.2,0.49935728311538696,1L63,A98V,gnn_global_s2024
ssym,4.5,0.6608331203460693,1L63,L99A,gnn_global_s2024
ssym,0.3,0.6022189259529114,1L63,L99F,gnn_global_s2024
ssym,1.5,0.5837292671203613,1L63,L99I,gnn_global_s2024
ssym,0.6,0.6360394954681396,1L63,L99M,gnn_global_s2024
ssym,2.0,0.6159645318984985,1L63,L99V,gnn_global_s2024
ssym,3.4,0.6492911577224731,1L63,I100A,gnn_global_s2024
ssym,1.6,0.6302485466003418,1L63,I100M,gnn_global_s2024
ssym,0.4,0.6111689209938049,1L63,I100V,gnn_global_s2024
ssym,1.5,0.47251972556114197,1L63,N101A,gnn_global_s2024
ssym,1.0,0.48839128017425537,1L63,M102L,gnn_global_s2024
ssym,2.2,0.5859900116920471,1L63,V103A,gnn_global_s2024
ssym,0.5,0.5174779891967773,1L63,V103I,gnn_global_s2024
ssym,1.2,0.5643627047538757,1L63,V103M,gnn_global_s2024
ssym,0.4,0.48790937662124634,1L63,F104M,gnn_global_s2024
ssym,1.2,0.32869094610214233,1L63,Q105M,gnn_global_s2024
ssym,-0.2,0.4086998403072357,1L63,M106I,gnn_global_s2024
ssym,-0.5,0.4070541262626648,1L63,M106L,gnn_global_s2024
ssym,3.4,0.4978592097759247,1L63,M106K,gnn_global_s2024
ssym,-0.6,0.3983227610588074,1L63,T109D,gnn_global_s2024
ssym,-0.1,0.38224393129348755,1L63,T109N,gnn_global_s2024
ssym,1.3,0.5955896377563477,1L63,V111A,gnn_global_s2024
ssym,0.9,0.5263094902038574,1L63,V111I,gnn_global_s2024
ssym,0.7,0.5721998810768127,1L63,V111M,gnn_global_s2024
ssym,-1.1,0.338765412569046,1L63,S117F,gnn_global_s2024
ssym,3.2,0.5762799978256226,1L63,L118A,gnn_global_s2024
ssym,0.7,0.5524937510490417,1L63,L118M,gnn_global_s2024
ssym,-0.5,0.23651497066020966,1L63,M120L,gnn_global_s2024
ssym,1.6,0.31012341380119324,1L63,M120K,gnn_global_s2024
ssym,0.1,0.27217116951942444,1L63,M120Y,gnn_global_s2024
ssym,0.8,0.5391166806221008,1L63,L121M,gnn_global_s2024
ssym,1.2,0.3845388889312744,1L63,A129F,gnn_global_s2024
ssym,2.2,0.4308561682701111,1L63,A129W,gnn_global_s2024
ssym,-1.0,0.4749065637588501,1L63,A130S,gnn_global_s2024
ssym,0.3,0.5784506797790527,1L63,L133F,gnn_global_s2024
ssym,0.4,0.6049413681030273,1L63,L133M,gnn_global_s2024
ssym,0.1,0.44828563928604126,1L63,A134S,gnn_global_s2024
ssym,-0.5,0.21308137476444244,1L63,N144E,gnn_global_s2024
ssym,3.2,0.5423470735549927,1L63,V149A,gnn_global_s2024
ssym,2.0,0.5616600513458252,1L63,V149C,gnn_global_s2024
ssym,4.9,0.5638840198516846,1L63,V149G,gnn_global_s2024
ssym,0.1,0.4821817874908447,1L63,V149I,gnn_global_s2024
ssym,2.8,0.5283468961715698,1L63,V149M,gnn_global_s2024
ssym,2.8,0.5549580454826355,1L63,V149T,gnn_global_s2024
ssym,4.4,0.6049225330352783,1L63,V149S,gnn_global_s2024
ssym,1.5,0.4740245044231415,1L63,T152A,gnn_global_s2024
ssym,0.5,0.4890146851539612,1L63,T152C,gnn_global_s2024
ssym,0.4,0.4069010019302368,1L63,T152I,gnn_global_s2024
ssym,2.0,0.5219465494155884,1L63,T152S,gnn_global_s2024
ssym,-0.2,0.4289584755897522,1L63,T152V,gnn_global_s2024
ssym,3.8,0.6082362532615662,1L63,F153A,gnn_global_s2024
ssym,0.2,0.5425325632095337,1L63,F153I,gnn_global_s2024
ssym,-0.3,0.5430843830108643,1L63,F153L,gnn_global_s2024
ssym,0.6,0.5888049006462097,1L63,F153M,gnn_global_s2024
ssym,1.8,0.5712735652923584,1L63,F153V,gnn_global_s2024
ssym,1.5,0.8325903415679932,1LZ1,V2A,gnn_global_s2024
ssym,1.3,0.8352513313293457,1LZ1,V2G,gnn_global_s2024
ssym,1.4,0.8606171607971191,1LZ1,V2S,gnn_global_s2024
ssym,0.4,0.8116894960403442,1LZ1,V2Y,gnn_global_s2024
ssym,1.4,0.8868723511695862,1LZ1,V2D,gnn_global_s2024
ssym,1.3,0.8685394525527954,1LZ1,V2N,gnn_global_s2024
ssym,0.4,0.8230335712432861,1LZ1,V2R,gnn_global_s2024
ssym,-0.3,0.7698161602020264,1LZ1,V2L,gnn_global_s2024
ssym,0.2,0.806643545627594,1LZ1,V2M,gnn_global_s2024
ssym,0.8,0.7945072650909424,1LZ1,V2F,gnn_global_s2024
ssym,0.5,0.7477140426635742,1LZ1,Y20F,gnn_global_s2024
ssym,2.5,0.9374675750732422,1LZ1,I23A,gnn_global_s2024
ssym,0.4,0.8790943622589111,1LZ1,I23V,gnn_global_s2024
ssym,0.2,0.9093261361122131,1LZ1,Y38F,gnn_global_s2024
ssym,-0.1,0.5876073837280273,1LZ1,Y45F,gnn_global_s2024
ssym,-0.1,0.65529465675354,1LZ1,A47P,gnn_global_s2024
ssym,1.0,0.7705838680267334,1LZ1,Y54F,gnn_global_s2024
ssym,3.7,1.1319032907485962,1LZ1,I56A,gnn_global_s2024
ssym,4.3,1.1463255882263184,1LZ1,I56T,gnn_global_s2024
ssym,1.2,1.0825276374816895,1LZ1,I56V,gnn_global_s2024
ssym,1.7,1.0559618473052979,1LZ1,I59A,gnn_global_s2024
ssym,3.8,1.0727969408035278,1LZ1,I59G,gnn_global_s2024
ssym,1.1,1.000810980796814,1LZ1,I59V,gnn_global_s2024
ssym,0.2,0.6519566774368286,1LZ1,Y63F,gnn_global_s2024
ssym,1.6,0.5759174227714539,1LZ1,P71G,gnn_global_s2024
ssym,0.4,0.7938485741615295,1LZ1,V74A,gnn_global_s2024
ssym,0.1,0.7948960065841675,1LZ1,V74G,gnn_global_s2024
ssym,1.9,0.7283555269241333,1LZ1,V74I,gnn_global_s2024
ssym,0.4,0.7293922901153564,1LZ1,V74L,gnn_global_s2024
ssym,0.4,0.7663954496383667,1LZ1,V74M,gnn_global_s2024
ssym,0.0,0.7552962899208069,1LZ1,V74F,gnn_global_s2024
ssym,0.3,0.772454559803009,1LZ1,V74Y,gnn_global_s2024
ssym,0.4,0.8437187671661377,1LZ1,V74D,gnn_global_s2024
ssym,0.3,0.8270734548568726,1LZ1,V74N,gnn_global_s2024
ssym,0.1,0.7889974117279053,1LZ1,V74R,gnn_global_s2024
ssym,0.4,0.8140798807144165,1LZ1,V74S,gnn_global_s2024
ssym,4.6,0.9110385775566101,1LZ1,C77A,gnn_global_s2024
ssym,2.7,1.1334863901138306,1LZ1,I89A,gnn_global_s2024
ssym,0.5,1.088585376739502,1LZ1,I89V,gnn_global_s2024
ssym,0.4,0.8216032981872559,1LZ1,D91P,gnn_global_s2024
ssym,0.7,1.0666861534118652,1LZ1,V93A,gnn_global_s2024
ssym,1.0,0.9529087543487549,1LZ1,V99A,gnn_global_s2024
ssym,0.3,0.9192322492599487,1LZ1,V100A,gnn_global_s2024
ssym,0.1,0.5675514936447144,1LZ1,P103G,gnn_global_s2024
ssym,0.9,0.9465067982673645,1LZ1,I106A,gnn_global_s2024
ssym,0.7,0.893892228603363,1LZ1,I106V,gnn_global_s2024
ssym,-0.5,0.6970378160476685,1LZ1,V110A,gnn_global_s2024
ssym,-0.2,0.7380129098892212,1LZ1,V110D,gnn_global_s2024
ssym,2.2,0.6964201927185059,1LZ1,V110G,gnn_global_s2024
ssym,0.8,0.6500232219696045,1LZ1,V110I,gnn_global_s2024
ssym,-0.1,0.6499987840652466,1LZ1,V110L,gnn_global_s2024
ssym,-0.4,0.6763036251068115,1LZ1,V110M,gnn_global_s2024
ssym,-0.1,0.7230830192565918,1LZ1,V110N,gnn_global_s2024
ssym,-0.9,0.6949746608734131,1LZ1,V110R,gnn_global_s2024
ssym,1.9,0.6699552536010742,1LZ1,V110F,gnn_global_s2024
ssym,-0.5,0.717309832572937,1LZ1,V110P,gnn_global_s2024
ssym,0.1,0.6820076704025269,1LZ1,V110Y,gnn_global_s2024
ssym,1.4,0.8132944107055664,1LZ1,V121A,gnn_global_s2024
ssym,0.4,0.8169542551040649,1LZ1,Y124F,gnn_global_s2024
ssym,1.3,0.9709491729736328,1LZ1,V125A,gnn_global_s2024
ssym,0.8,0.8922750949859619,1LZ1,V130A,gnn_global_s2024
ssym,-0.2,0.9359763860702515,1OH0,Y32F,gnn_global_s2024
ssym,1.2,1.008904218673706,1OH0,Y57F,gnn_global_s2024
ssym,-1.4,1.275420069694519,1RN1,Q25K,gnn_global_s2024
ssym,0.4,1.2806483507156372,1VQB,I47L,gnn_global_s2024
ssym,1.7,1.3694020509719849,1VQB,I47M,gnn_global_s2024
ssym,2.0,1.3304742574691772,1VQB,I47V,gnn_global_s2024
ssym,0.6,1.189549207687378,1VQB,V35I,gnn_global_s2024
ssym,3.2,0.6311639547348022,1VQB,Y41F,gnn_global_s2024
ssym,-0.7,0.5341774225234985,2LZM,I3L,gnn_global_s2024
ssym,0.0,0.6018364429473877,2LZM,I3C,gnn_global_s2024
ssym,3.0,0.6470297574996948,2LZM,I3P,gnn_global_s2024
ssym,2.3,0.5708584189414978,2LZM,I3Y,gnn_global_s2024
ssym,0.4,0.5603014230728149,2LZM,I3V,gnn_global_s2024
ssym,1.4,0.4634048342704773,2LZM,M6I,gnn_global_s2024
ssym,-0.5,0.38185542821884155,2LZM,K16E,gnn_global_s2024
ssym,-0.6,0.3560754358768463,2LZM,S38D,gnn_global_s2024
ssym,0.6,0.31540995836257935,2LZM,N55G,gnn_global_s2024
ssym,0.0,0.3334539234638214,2LZM,K60P,gnn_global_s2024
ssym,-0.4,0.44936543703079224,2LZM,G77A,gnn_global_s2024
ssym,-0.8,0.3295096755027771,2LZM,A82P,gnn_global_s2024
ssym,0.6,0.24492286145687103,2LZM,K85A,gnn_global_s2024
ssym,0.5,0.21838219463825226,2LZM,D89A,gnn_global_s2024
ssym,2.0,0.2831402122974396,2LZM,R96A,gnn_global_s2024
ssym,3.5,0.3333737850189209,2LZM,R96D,gnn_global_s2024
ssym,2.7,0.2710725963115692,2LZM,R96M,gnn_global_s2024
ssym,2.5,0.30091291666030884,2LZM,R96E,gnn_global_s2024
ssym,2.6,0.2871425449848175,2LZM,R96G,gnn_global_s2024
ssym,0.3,0.2876419425010681,2LZM,R96Q,gnn_global_s2024
ssym,3.1,0.2922394573688507,2LZM,R96H,gnn_global_s2024
ssym,3.0,0.30898892879486084,2LZM,R96N,gnn_global_s2024
ssym,0.0,0.3115529417991638,2LZM,R96K,gnn_global_s2024
ssym,2.6,0.3011942207813263,2LZM,R96S,gnn_global_s2024
ssym,4.7,0.27100399136543274,2LZM,R96Y,gnn_global_s2024
ssym,2.4,0.24220232665538788,2LZM,R96V,gnn_global_s2024
ssym,4.5,0.27464866638183594,2LZM,R96W,gnn_global_s2024
ssym,4.9,0.5076040029525757,2LZM,A98V,gnn_global_s2024
ssym,0.6,0.3867377042770386,2LZM,Q105A,gnn_global_s2024
ssym,1.1,0.410757839679718,2LZM,Q105E,gnn_global_s2024
ssym,1.5,0.39489811658859253,2LZM,Q105G,gnn_global_s2024
ssym,-0.3,0.43876951932907104,2LZM,G113A,gnn_global_s2024
ssym,-0.3,0.36414462327957153,2LZM,T115E,gnn_global_s2024
ssym,-0.6,0.29334938526153564,2LZM,N116D,gnn_global_s2024
ssym,0.0,0.18731975555419922,2LZM,R119E,gnn_global_s2024
ssym,-0.4,0.1877903789281845,2LZM,Q123E,gnn_global_s2024
ssym,0.1,0.24773579835891724,2LZM,K124G,gnn_global_s2024
ssym,-0.3,0.42695432901382446,2LZM,V131A,gnn_global_s2024
ssym,-0.1,0.47756078839302063,2LZM,V131D,gnn_global_s2024
ssym,0.7,0.4303491413593292,2LZM,V131G,gnn_global_s2024
ssym,-0.2,0.36908674240112305,2LZM,V131I,gnn_global_s2024
ssym,-0.1,0.3699004054069519,2LZM,V131L,gnn_global_s2024
ssym,0.1,0.45213618874549866,2LZM,V131S,gnn_global_s2024
ssym,-0.1,0.40833520889282227,2LZM,V131M,gnn_global_s2024
ssym,-0.2,0.4489547610282898,2LZM,V131E,gnn_global_s2024
ssym,4.2,0.6594481468200684,2LZM,L133A,gnn_global_s2024
ssym,1.0,0.32963255047798157,2LZM,K135E,gnn_global_s2024
ssym,-0.4,0.24663415551185608,2LZM,N144D,gnn_global_s2024
ssym,0.7,0.3049126863479614,2LZM,K147E,gnn_global_s2024
ssym,2.2,0.5906208753585815,2LZM,V149C,gnn_global_s2024
ssym,2.6,0.5292930603027344,2LZM,T152S,gnn_global_s2024
ssym,1.1,0.35589486360549927,2LZM,R154E,gnn_global_s2024
ssym,2.3,0.3714795708656311,2LZM,G156D,gnn_global_s2024
ssym,0.5,0.3225380480289459,2LZM,T157A,gnn_global_s2024
ssym,1.3,0.32396990060806274,2LZM,T157C,gnn_global_s2024
ssym,1.1,0.36995619535446167,2LZM,T157D,gnn_global_s2024
ssym,0.8,0.3432146906852722,2LZM,T157E,gnn_global_s2024
ssym,2.4,0.2918230891227722,2LZM,T157F,gnn_global_s2024
ssym,1.1,0.32498660683631897,2LZM,T157G,gnn_global_s2024
ssym,2.1,0.33651798963546753,2LZM,T157H,gnn_global_s2024
ssym,1.5,0.26947134733200073,2LZM,T157I,gnn_global_s2024
ssym,1.7,0.2745193541049957,2LZM,T157L,gnn_global_s2024
ssym,1.2,0.34676098823547363,2LZM,T157N,gnn_global_s2024
ssym,-0.3,0.32263636589050293,2LZM,T157R,gnn_global_s2024
ssym,0.7,0.34160149097442627,2LZM,T157S,gnn_global_s2024
ssym,1.2,0.2793380618095398,2LZM,T157V,gnn_global_s2024
ssym,-0.9,0.797774076461792,2RN2,D10N,gnn_global_s2024
ssym,-0.2,0.7781027555465698,2RN2,E48Q,gnn_global_s2024
ssym,0.5,1.007168173789978,2RN2,A52F,gnn_global_s2024
ssym,-1.9,0.9880192279815674,2RN2,A52I,gnn_global_s2024
ssym,-1.3,0.9861217141151428,2RN2,A52L,gnn_global_s2024
ssym,-1.7,1.0198577642440796,2RN2,A52V,gnn_global_s2024
ssym,-0.4,0.7101786136627197,2RN2,H62A,gnn_global_s2024
ssym,-1.1,0.7415792942047119,2RN2,H62P,gnn_global_s2024
ssym,-0.9,0.6929899454116821,2RN2,D70N,gnn_global_s2024
ssym,-1.0,0.9230723977088928,2RN2,V74L,gnn_global_s2024
ssym,-0.6,0.9253028631210327,2RN2,V74I,gnn_global_s2024
ssym,0.9,0.7909817695617676,2RN2,G77A,gnn_global_s2024
ssym,-0.1,0.6127219200134277,2RN2,K95A,gnn_global_s2024
ssym,-1.9,0.6187083721160889,2RN2,K95G,gnn_global_s2024
ssym,-0.9,0.6193036437034607,2RN2,K95N,gnn_global_s2024
ssym,-2.1,0.6754353046417236,2RN2,D134A,gnn_global_s2024
ssym,-2.3,0.683647871017456,2RN2,D134H,gnn_global_s2024
ssym,-1.0,0.6914693117141724,2RN2,D134N,gnn_global_s2024
ssym,-0.5,1.3150676488876343,4LYZ,M12F,gnn_global_s2024
ssym,0.4,1.2894972562789917,4LYZ,M12L,gnn_global_s2024
ssym,0.3,1.2517173290252686,4LYZ,T40S,gnn_global_s2024
ssym,0.7,0.864484429359436,4LYZ,G49A,gnn_global_s2024
ssym,0.9,1.3592898845672607,4LYZ,I55V,gnn_global_s2024
ssym,1.2,1.2940053939819336,4LYZ,I58M,gnn_global_s2024
ssym,0.5,0.895212709903717,4LYZ,G67A,gnn_global_s2024
ssym,2.1,0.8539179563522339,4LYZ,G71A,gnn_global_s2024
ssym,0.9,1.1964219808578491,4LYZ,I78M,gnn_global_s2024
ssym,0.2,1.2210338115692139,4LYZ,S91A,gnn_global_s2024
ssym,-1.0,1.2316005229949951,4LYZ,S91T,gnn_global_s2024
ssym,0.9,1.199665904045105,4LYZ,I98M,gnn_global_s2024
ssym,1.2,0.9433072805404663,4LYZ,G102A,gnn_global_s2024
ssym,0.8,0.9861928224563599,4LYZ,G117A,gnn_global_s2024
ssym,1.2,1.5257349014282227,5PTI,F22A,gnn_global_s2024
ssym,5.9,1.614789605140686,5PTI,Y23A,gnn_global_s2024
ssym,5.0,1.4603455066680908,5PTI,Y35G,gnn_global_s2024
ssym,5.7,1.2499312162399292,5PTI,N43G,gnn_global_s2024
ssym,6.9,1.321974515914917,5PTI,F45A,gnn_global_s2024
ssym,2.3,1.0102765560150146,1AMQ,C191Y,gnn_local_s2024
ssym,1.6,0.9412393569946289,1AMQ,C191F,gnn_local_s2024
ssym,3.9,0.8652658462524414,1AMQ,C191W,gnn_local_s2024
ssym,1.9,1.1877821683883667,1AMQ,C191S,gnn_local_s2024
ssym,4.1,1.0772128105163574,1BNI,F7L,gnn_local_s2024
ssym,4.5,1.418919563293457,1BNI,L14A,gnn_local_s2024
ssym,1.7,0.7889781594276428,1BNI,T26A,gnn_local_s2024
ssym,1.1,1.2604988813400269,1BNI,I51V,gnn_local_s2024
ssym,1.7,1.787010669708252,1BNI,I76A,gnn_local_s2024
ssym,1.0,1.3951151371002197,1BNI,I76V,gnn_local_s2024
ssym,1.1,0.662446916103363,1BNI,Y78F,gnn_local_s2024
ssym,4.0,1.7912061214447021,1BNI,I88A,gnn_local_s2024
ssym,1.6,1.406952977180481,1BNI,I88V,gnn_local_s2024
ssym,0.5,1.3425815105438232,1BNI,L89V,gnn_local_s2024
ssym,2.4,0.691959023475647,1BNI,S91A,gnn_local_s2024
ssym,3.2,1.3214190006256104,1BNI,I96A,gnn_local_s2024
ssym,3.1,0.948965847492218,1BNI,I96V,gnn_local_s2024
ssym,-2.5,0.8317129015922546,1CEY,D12A,gnn_local_s2024
ssym,-2.7,0.25294649600982666,1CEY,D13A,gnn_local_s2024
ssym,-3.3,0.667395830154419,1CEY,D57A,gnn_local_s2024
ssym,0.9,0.7079057693481445,1EY0,T22C,gnn_local_s2024
ssym,0.9,0.583730936050415,1EY0,T22V,gnn_local_s2024
ssym,0.1,1.7320706844329834,1EY0,V23L,gnn_local_s2024
ssym,1.7,1.4037501811981201,1EY0,L25I,gnn_local_s2024
ssym,-0.4,0.5940719246864319,1EY0,T33V,gnn_local_s2024
ssym,-0.6,1.6736699342727661,1EY0,T41C,gnn_local_s2024
ssym,-0.7,1.4007501602172852,1EY0,T41I,gnn_local_s2024
ssym,1.1,1.841933250427246,1EY0,T41S,gnn_local_s2024
ssym,-0.8,1.5101062059402466,1EY0,T41V,gnn_local_s2024
ssym,-0.1,0.7422592639923096,1EY0,T44V,gnn_local_s2024
ssym,-0.5,1.2367579936981201,1EY0,S59A,gnn_local_s2024
ssym,2.1,1.7478622198104858,1EY0,T62S,gnn_local_s2024
ssym,0.2,1.2892440557479858,1EY0,T62V,gnn_local_s2024
ssym,1.0,1.5355440378189087,1EY0,V66I,gnn_local_s2024
ssym,0.3,1.641838550567627,1EY0,V66L,gnn_local_s2024
ssym,7.5,2.2252449989318848,1EY0,V66K,gnn_local_s2024
ssym,0.2,1.5953445434570312,1EY0,I72L,gnn_local_s2024
ssym,1.2,1.8157315254211426,1EY0,I72V,gnn_local_s2024
ssym,0.7,0.38844186067581177,1EY0,T82S,gnn_local_s2024
ssym,0.4,2.000312089920044,1EY0,I92V,gnn_local_s2024
ssym,-1.0,0.6779738664627075,1EY0,K116G,gnn_local_s2024
ssym,-0.8,0.4628962278366089,1EY0,P117A,gnn_local_s2024
ssym,-0.9,0.62019944190979,1EY0,P117G,gnn_local_s2024
ssym,-1.1,0.4623067378997803,1EY0,P117T,gnn_local_s2024
ssym,1.7,0.547605574131012,1EY0,T120C,gnn_local_s2024
ssym,0.6,0.6291232109069824,1EY0,T120S,gnn_local_s2024
ssym,1.8,0.5012093782424927,1EY0,T120V,gnn_local_s2024
ssym,-0.7,0.5286328792572021,1EY0,S128A,gnn_local_s2024
ssym,-0.7,0.7627045512199402,1IHB,F71N,gnn_local_s2024
ssym,0.4,1.2059814929962158,1IHB,F82Q,gnn_local_s2024
ssym,1.1,1.1427867412567139,1IHB,F92N,gnn_local_s2024
ssym,2.6,1.334547519683838,1IOB,T9G,gnn_local_s2024
ssym,1.9,1.7258875370025635,1L63,M6A,gnn_local_s2024
ssym,2.8,1.2048845291137695,1L63,M6L,gnn_local_s2024
ssym,-0.1,0.5112861394882202,1L63,E11H,gnn_local_s2024
ssym,0.1,0.71435546875,1L63,E11N,gnn_local_s2024
ssym,2.7,1.3313562870025635,1L63,I17A,gnn_local_s2024
ssym,0.3,0.4634961485862732,1L63,D20A,gnn_local_s2024
ssym,-1.3,0.5362445712089539,1L63,D20N,gnn_local_s2024
ssym,-0.7,0.33672890067100525,1L63,D20S,gnn_local_s2024
ssym,3.1,1.904573678970337,1L63,I27A,gnn_local_s2024
ssym,3.1,1.5096435546875,1L63,I27M,gnn_local_s2024
ssym,2.6,1.7138962745666504,1L63,I29A,gnn_local_s2024
ssym,0.0,0.6075515151023865,1L63,S38N,gnn_local_s2024
ssym,0.6,0.2432645559310913,1L63,A41S,gnn_local_s2024
ssym,2.7,0.5554952025413513,1L63,A42V,gnn_local_s2024
ssym,2.3,0.9511547088623047,1L63,A42S,gnn_local_s2024
ssym,1.0,0.5147312879562378,1L63,K43A,gnn_local_s2024
ssym,-0.3,0.21406584978103638,1L63,S44A,gnn_local_s2024
ssym,-0.3,0.016434282064437866,1L63,S44I,gnn_local_s2024
ssym,-0.4,0.08018995821475983,1L63,S44L,gnn_local_s2024
ssym,-0.2,0.14518091082572937,1L63,S44K,gnn_local_s2024
ssym,0.0,0.4263717234134674,1L63,S44E,gnn_local_s2024
ssym,0.5,0.3823605179786682,1L63,S44G,gnn_local_s2024
ssym,-0.2,0.19990836083889008,1L63,S44R,gnn_local_s2024
ssym,0.1,0.35570088028907776,1L63,S44N,gnn_local_s2024
ssym,-0.1,0.13777118921279907,1L63,S44F,gnn_local_s2024
ssym,3.0,0.510945200920105,1L63,S44P,gnn_local_s2024
ssym,0.0,0.31092217564582825,1L63,S44T,gnn_local_s2024
ssym,-0.1,-0.05170850455760956,1L63,S44V,gnn_local_s2024
ssym,1.9,1.5576975345611572,1L63,L46A,gnn_local_s2024
ssym,1.0,0.46864354610443115,1L63,D47A,gnn_local_s2024
ssym,0.5,0.623367428779602,1L63,A49S,gnn_local_s2024
ssym,2.0,1.4851462841033936,1L63,I50A,gnn_local_s2024
ssym,0.4,1.1795581579208374,1L63,I50M,gnn_local_s2024
ssym,3.2,1.897674322128296,1L63,I58A,gnn_local_s2024
ssym,3.4,2.0759270191192627,1L63,I58T,gnn_local_s2024
ssym,1.5,0.44404512643814087,1L63,T59A,gnn_local_s2024
ssym,1.2,0.7629822492599487,1L63,T59D,gnn_local_s2024
ssym,1.6,0.6586090326309204,1L63,T59G,gnn_local_s2024
ssym,1.1,0.6964600086212158,1L63,T59N,gnn_local_s2024
ssym,0.2,0.46741414070129395,1L63,T59S,gnn_local_s2024
ssym,1.5,0.15391501784324646,1L63,T59V,gnn_local_s2024
ssym,1.0,1.186301350593567,1L63,L66M,gnn_local_s2024
ssym,1.9,1.5216695070266724,1L63,F67A,gnn_local_s2024
ssym,2.7,0.2158629298210144,1L63,D72P,gnn_local_s2024
ssym,0.4,0.48571479320526123,1L63,A73S,gnn_local_s2024
ssym,1.3,1.5351297855377197,1L63,V75T,gnn_local_s2024
ssym,1.2,1.7940189838409424,1L63,I78A,gnn_local_s2024
ssym,1.5,1.4584851264953613,1L63,I78M,gnn_local_s2024
ssym,0.8,1.3562252521514893,1L63,I78V,gnn_local_s2024
ssym,0.3,0.1630128026008606,1L63,A82S,gnn_local_s2024
ssym,2.6,1.8639224767684937,1L63,L84A,gnn_local_s2024
ssym,1.9,1.5351709127426147,1L63,L84M,gnn_local_s2024
ssym,1.7,1.0783753395080566,1L63,V87A,gnn_local_s2024
ssym,2.3,0.6614282131195068,1L63,V87M,gnn_local_s2024
ssym,0.3,0.5453678965568542,1L63,V87I,gnn_local_s2024
ssym,1.6,1.1939705610275269,1L63,V87T,gnn_local_s2024
ssym,3.9,1.327821969985962,1L63,L91A,gnn_local_s2024
ssym,0.8,1.1065397262573242,1L63,L91M,gnn_local_s2024
ssym,1.4,0.3348839581012726,1L63,D92N,gnn_local_s2024
ssym,0.2,-0.029044121503829956,1L63,A93S,gnn_local_s2024
ssym,1.0,1.3797907829284668,1L63,A98C,gnn_local_s2024
ssym,4.3,0.9855643510818481,1L63,A98L,gnn_local_s2024
ssym,2.5,1.5748920440673828,1L63,A98S,gnn_local_s2024
ssym,3.2,1.1297087669372559,1L63,A98V,gnn_local_s2024
ssym,4.5,1.8623327016830444,1L63,L99A,gnn_local_s2024
ssym,0.3,1.3739879131317139,1L63,L99F,gnn_local_s2024
ssym,1.5,1.1508612632751465,1L63,L99I,gnn_local_s2024
ssym,0.6,1.4444448947906494,1L63,L99M,gnn_local_s2024
ssym,2.0,1.469685673713684,1L63,L99V,gnn_local_s2024
ssym,3.4,1.895833969116211,1L63,I100A,gnn_local_s2024
ssym,1.6,1.530564546585083,1L63,I100M,gnn_local_s2024
ssym,0.4,1.5047037601470947,1L63,I100V,gnn_local_s2024
ssym,1.5,1.2866301536560059,1L63,N101A,gnn_local_s2024
ssym,1.0,1.0104975700378418,1L63,M102L,gnn_local_s2024
ssym,2.2,1.6031455993652344,1L63,V103A,gnn_local_s2024
ssym,0.5,0.8282224535942078,1L63,V103I,gnn_local_s2024
ssym,1.2,1.0649640560150146,1L63,V103M,gnn_local_s2024
ssym,0.4,1.1092166900634766,1L63,F104M,gnn_local_s2024
ssym,1.2,0.3591196537017822,1L63,Q105M,gnn_local_s2024
ssym,-0.2,0.40250301361083984,1L63,M106I,gnn_local_s2024
ssym,-0.5,0.4861644506454468,1L63,M106L,gnn_local_s2024
ssym,3.4,1.131047248840332,1L63,M106K,gnn_local_s2024
ssym,-0.6,0.9423574209213257,1L63,T109D,gnn_local_s2024
ssym,-0.1,0.8869343400001526,1L63,T109N,gnn_local_s2024
ssym,1.3,1.7112553119659424,1L63,V111A,gnn_local_s2024
ssym,0.9,0.806207001209259,1L63,V111I,gnn_local_s2024
ssym,0.7,1.0842654705047607,1L63,V111M,gnn_local_s2024
ssym,-1.1,0.48394131660461426,1L63,S117F,gnn_local_s2024
ssym,3.2,1.7650341987609863,1L63,L118A,gnn_local_s2024
ssym,0.7,1.339650273323059,1L63,L118M,gnn_local_s2024
ssym,-0.5,0.43118879199028015,1L63,M120L,gnn_local_s2024
ssym,1.6,0.5752221345901489,1L63,M120K,gnn_local_s2024
ssym,0.1,0.5937392115592957,1L63,M120Y,gnn_local_s2024
ssym,0.8,1.460961103439331,1L63,L121M,gnn_local_s2024
ssym,1.2,0.5923518538475037,1L63,A129F,gnn_local_s2024
ssym,2.2,0.643772542476654,1L63,A129W,gnn_local_s2024
ssym,-1.0,0.9773678183555603,1L63,A130S,gnn_local_s2024
ssym,0.3,1.5027979612350464,1L63,L133F,gnn_local_s2024
ssym,0.4,1.5403249263763428,1L63,L133M,gnn_local_s2024
ssym,0.1,0.5298774838447571,1L63,A134S,gnn_local_s2024
ssym,-0.5,0.27154311537742615,1L63,N144E,gnn_local_s2024
ssym,3.2,1.816896677017212,1L63,V149A,gnn_local_s2024
ssym,2.0,1.6868844032287598,1L63,V149C,gnn_local_s2024
ssym,4.9,1.968202829360962,1L63,V149G,gnn_local_s2024
ssym,0.1,1.231694221496582,1L63,V149I,gnn_local_s2024
ssym,2.8,1.4774165153503418,1L63,V149M,gnn_local_s2024
ssym,2.8,1.9725332260131836,1L63,V149T,gnn_local_s2024
ssym,4.4,1.8008296489715576,1L63,V149S,gnn_local_s2024
ssym,1.5,1.4785569906234741,1L63,T152A,gnn_local_s2024
ssym,0.5,1.3372414112091064,1L63,T152C,gnn_local_s2024
ssym,0.4,0.8706465363502502,1L63,T152I,gnn_local_s2024
ssym,2.0,1.4902350902557373,1L63,T152S,gnn_local_s2024
ssym,-0.2,0.9977012872695923,1L63,T152V,gnn_local_s2024
ssym,3.8,1.8150463104248047,1L63,F153A,gnn_local_s2024
ssym,0.2,1.2181611061096191,1L63,F153I,gnn_local_s2024
ssym,-0.3,1.321113109588623,1L63,F153L,gnn_local_s2024
ssym,0.6,1.5437264442443848,1L63,F153M,gnn_local_s2024
ssym,1.8,1.4267487525939941,1L63,F153V,gnn_local_s2024
ssym,1.5,0.890149712562561,1LZ1,V2A,gnn_local_s2024
ssym,1.3,1.121830940246582,1LZ1,V2G,gnn_local_s2024
ssym,1.4,0.8343532681465149,1LZ1,V2S,gnn_local_s2024
ssym,0.4,0.5319960117340088,1LZ1,V2Y,gnn_local_s2024
ssym,1.4,1.3094608783721924,1LZ1,V2D,gnn_local_s2024
ssym,1.3,1.3427960872650146,1LZ1,V2N,gnn_local_s2024
ssym,0.4,0.9830433130264282,1LZ1,V2R,gnn_local_s2024
ssym,-0.3,0.44777044653892517,1LZ1,V2L,gnn_local_s2024
ssym,0.2,0.44893425703048706,1LZ1,V2M,gnn_local_s2024
ssym,0.8,0.5378063321113586,1LZ1,V2F,gnn_local_s2024
ssym,0.5,0.4716149866580963,1LZ1,Y20F,gnn_local_s2024
ssym,2.5,1.61936616897583,1LZ1,I23A,gnn_local_s2024
ssym,0.4,1.166564702987671,1LZ1,I23V,gnn_local_s2024
ssym,0.2,0.6619781255722046,1LZ1,Y38F,gnn_local_s2024
ssym,-0.1,0.4859970211982727,1LZ1,Y45F,gnn_local_s2024
ssym,-0.1,0.6241484880447388,1LZ1,A47P,gnn_local_s2024
ssym,1.0,1.001362681388855,1LZ1,Y54F,gnn_local_s2024
ssym,3.7,2.2187633514404297,1LZ1,I56A,gnn_local_s2024
ssym,4.3,2.4011621475219727,1LZ1,I56T,gnn_local_s2024
ssym,1.2,1.831261157989502,1LZ1,I56V,gnn_local_s2024
ssym,1.7,2.14047908782959,1LZ1,I59A,gnn_local_s2024
ssym,3.8,2.360318183898926,1LZ1,I59G,gnn_local_s2024
ssym,1.1,1.8220171928405762,1LZ1,I59V,gnn_local_s2024
ssym,0.2,0.20078811049461365,1LZ1,Y63F,gnn_local_s2024
ssym,1.6,0.650688886642456,1LZ1,P71G,gnn_local_s2024
ssym,0.4,0.7350255250930786,1LZ1,V74A,gnn_local_s2024
ssym,0.1,1.043645977973938,1LZ1,V74G,gnn_local_s2024
ssym,1.9,0.34047961235046387,1LZ1,V74I,gnn_local_s2024
ssym,0.4,0.4477923810482025,1LZ1,V74L,gnn_local_s2024
ssym,0.4,0.4266500174999237,1LZ1,V74M,gnn_local_s2024
ssym,0.0,0.4974290132522583,1LZ1,V74F,gnn_local_s2024
ssym,0.3,0.5851322412490845,1LZ1,V74Y,gnn_local_s2024
ssym,0.4,1.1002522706985474,1LZ1,V74D,gnn_local_s2024
ssym,0.3,1.147879958152771,1LZ1,V74N,gnn_local_s2024
ssym,0.1,0.8767343759536743,1LZ1,V74R,gnn_local_s2024
ssym,0.4,0.6998803019523621,1LZ1,V74S,gnn_local_s2024
ssym,4.6,1.0327907800674438,1LZ1,C77A,gnn_local_s2024
ssym,2.7,2.1949920654296875,1LZ1,I89A,gnn_local_s2024
ssym,0.5,1.7565314769744873,1LZ1,I89V,gnn_local_s2024
ssym,0.4,0.6869343519210815,1LZ1,D91P,gnn_local_s2024
ssym,0.7,1.767838716506958,1LZ1,V93A,gnn_local_s2024
ssym,1.0,1.6825647354125977,1LZ1,V99A,gnn_local_s2024
ssym,0.3,1.4776768684387207,1LZ1,V100A,gnn_local_s2024
ssym,0.1,0.5460856556892395,1LZ1,P103G,gnn_local_s2024
ssym,0.9,1.5953872203826904,1LZ1,I106A,gnn_local_s2024
ssym,0.7,1.1904890537261963,1LZ1,I106V,gnn_local_s2024
ssym,-0.5,0.4179495573043823,1LZ1,V110A,gnn_local_s2024
ssym,-0.2,0.6483393907546997,1LZ1,V110D,gnn_local_s2024
ssym,2.2,0.8810693025588989,1LZ1,V110G,gnn_local_s2024
ssym,0.8,0.2301735281944275,1LZ1,V110I,gnn_local_s2024
ssym,-0.1,0.3188934922218323,1LZ1,V110L,gnn_local_s2024
ssym,-0.4,0.3204730749130249,1LZ1,V110M,gnn_local_s2024
ssym,-0.1,0.7119861245155334,1LZ1,V110N,gnn_local_s2024
ssym,-0.9,0.548961341381073,1LZ1,V110R,gnn_local_s2024
ssym,1.9,0.30500224232673645,1LZ1,V110F,gnn_local_s2024
ssym,-0.5,0.8785227537155151,1LZ1,V110P,gnn_local_s2024
ssym,0.1,0.4368430972099304,1LZ1,V110Y,gnn_local_s2024
ssym,1.4,1.2776306867599487,1LZ1,V121A,gnn_local_s2024
ssym,0.4,0.6845350861549377,1LZ1,Y124F,gnn_local_s2024
ssym,1.3,1.7362916469573975,1LZ1,V125A,gnn_local_s2024
ssym,0.8,1.4229694604873657,1LZ1,V130A,gnn_local_s2024
ssym,-0.2,0.8380129933357239,1OH0,Y32F,gnn_local_s2024
ssym,1.2,1.191159963607788,1OH0,Y57F,gnn_local_s2024
ssym,-1.4,1.151294469833374,1RN1,Q25K,gnn_local_s2024
ssym,0.4,1.4723145961761475,1VQB,I47L,gnn_local_s2024
ssym,1.7,1.69096839427948,1VQB,I47M,gnn_local_s2024
ssym,2.0,1.6805634498596191,1VQB,I47V,gnn_local_s2024
ssym,0.6,1.366097092628479,1VQB,V35I,gnn_local_s2024
ssym,3.2,0.49487876892089844,1VQB,Y41F,gnn_local_s2024
ssym,-0.7,1.0946474075317383,2LZM,I3L,gnn_local_s2024
ssym,0.0,1.5891927480697632,2LZM,I3C,gnn_local_s2024
ssym,3.0,1.803819179534912,2LZM,I3P,gnn_local_s2024
ssym,2.3,1.334502935409546,2LZM,I3Y,gnn_local_s2024
ssym,0.4,1.3508760929107666,2LZM,I3V,gnn_local_s2024
ssym,1.4,0.9438966512680054,2LZM,M6I,gnn_local_s2024
ssym,-0.5,0.42328929901123047,2LZM,K16E,gnn_local_s2024
ssym,-0.6,0.700822651386261,2LZM,S38D,gnn_local_s2024
ssym,0.6,0.26938411593437195,2LZM,N55G,gnn_local_s2024
ssym,0.0,0.79762864112854,2LZM,K60P,gnn_local_s2024
ssym,-0.4,0.6021337509155273,2LZM,G77A,gnn_local_s2024
ssym,-0.8,0.3457001745700836,2LZM,A82P,gnn_local_s2024
ssym,0.6,0.2228683978319168,2LZM,K85A,gnn_local_s2024
ssym,0.5,0.16937007009983063,2LZM,D89A,gnn_local_s2024
ssym,2.0,0.15085183084011078,2LZM,R96A,gnn_local_s2024
ssym,3.5,0.3698745667934418,2LZM,R96D,gnn_local_s2024
ssym,2.7,-0.02731858193874359,2LZM,R96M,gnn_local_s2024
ssym,2.5,0.46763476729393005,2LZM,R96E,gnn_local_s2024
ssym,2.6,0.4062230885028839,2LZM,R96G,gnn_local_s2024
ssym,0.3,0.330299973487854,2LZM,R96Q,gnn_local_s2024
ssym,3.1,0.23150476813316345,2LZM,R96H,gnn_local_s2024
ssym,3.0,0.3643540143966675,2LZM,R96N,gnn_local_s2024
ssym,0.0,0.11989925801753998,2LZM,R96K,gnn_local_s2024
ssym,2.6,0.0877237468957901,2LZM,R96S,gnn_local_s2024
ssym,4.7,0.1052355170249939,2LZM,R96Y,gnn_local_s2024
ssym,2.4,-0.11112038791179657,2LZM,R96V,gnn_local_s2024
ssym,4.5,-0.0509832501411438,2LZM,R96W,gnn_local_s2024
ssym,4.9,1.0720990896224976,2LZM,A98V,gnn_local_s2024
ssym,0.6,0.6608835458755493,2LZM,Q105A,gnn_local_s2024
ssym,1.1,0.961614727973938,2LZM,Q105E,gnn_local_s2024
ssym,1.5,0.7366377711296082,2LZM,Q105G,gnn_local_s2024
ssym,-0.3,0.5980767607688904,2LZM,G113A,gnn_local_s2024
ssym,-0.3,0.6600742340087891,2LZM,T115E,gnn_local_s2024
ssym,-0.6,0.18643337488174438,2LZM,N116D,gnn_local_s2024
ssym,0.0,0.24853819608688354,2LZM,R119E,gnn_local_s2024
ssym,-0.4,0.2560243010520935,2LZM,Q123E,gnn_local_s2024
ssym,0.1,0.43463778495788574,2LZM,K124G,gnn_local_s2024
ssym,-0.3,0.8647952079772949,2LZM,V131A,gnn_local_s2024
ssym,-0.1,1.245819091796875,2LZM,V131D,gnn_local_s2024
ssym,0.7,1.3755159378051758,2LZM,V131G,gnn_local_s2024
ssym,-0.2,0.425224632024765,2LZM,V131I,gnn_local_s2024
ssym,-0.1,0.5653794407844543,2LZM,V131L,gnn_local_s2024
ssym,0.1,0.8873113989830017,2LZM,V131S,gnn_local_s2024
ssym,-0.1,0.7077158093452454,2LZM,V131M,gnn_local_s2024
ssym,-0.2,1.4092168807983398,2LZM,V131E,gnn_local_s2024
ssym,4.2,2.0008389949798584,2LZM,L133A,gnn_local_s2024
ssym,1.0,0.34183862805366516,2LZM,K135E,gnn_local_s2024
ssym,-0.4,0.17916400730609894,2LZM,N144D,gnn_local_s2024
ssym,0.7,0.8553739786148071,2LZM,K147E,gnn_local_s2024
ssym,2.2,1.6922149658203125,2LZM,V149C,gnn_local_s2024
ssym,2.6,1.493733525276184,2LZM,T152S,gnn_local_s2024
ssym,1.1,0.6840947866439819,2LZM,R154E,gnn_local_s2024
ssym,2.3,0.5513690710067749,2LZM,G156D,gnn_local_s2024
ssym,0.5,0.4903591275215149,2LZM,T157A,gnn_local_s2024
ssym,1.3,0.23611599206924438,2LZM,T157C,gnn_local_s2024
ssym,1.1,0.770130455493927,2LZM,T157D,gnn_local_s2024
ssym,0.8,0.8544708490371704,2LZM,T157E,gnn_local_s2024
ssym,2.4,0.2734832465648651,2LZM,T157F,gnn_local_s2024
ssym,1.1,0.6973546147346497,2LZM,T157G,gnn_local_s2024
ssym,2.1,0.43890321254730225,2LZM,T157H,gnn_local_s2024
ssym,1.5,0.11089205741882324,2LZM,T157I,gnn_local_s2024
ssym,1.7,0.21832147240638733,2LZM,T157L,gnn_local_s2024
ssym,1.2,0.7904373407363892,2LZM,T157N,gnn_local_s2024
ssym,-0.3,0.508185625076294,2LZM,T157R,gnn_local_s2024
ssym,0.7,0.4050934612751007,2LZM,T157S,gnn_local_s2024
ssym,1.2,0.11341732740402222,2LZM,T157V,gnn_local_s2024
ssym,-0.9,1.2059845924377441,2RN2,D10N,gnn_local_s2024
ssym,-0.2,0.6868486404418945,2RN2,E48Q,gnn_local_s2024
ssym,0.5,1.1861481666564941,2RN2,A52F,gnn_local_s2024
ssym,-1.9,0.983253002166748,2RN2,A52I,gnn_local_s2024
ssym,-1.3,1.0551745891571045,2RN2,A52L,gnn_local_s2024
ssym,-1.7,1.2881115674972534,2RN2,A52V,gnn_local_s2024
ssym,-0.4,0.31988081336021423,2RN2,H62A,gnn_local_s2024
ssym,-1.1,0.6681787967681885,2RN2,H62P,gnn_local_s2024
ssym,-0.9,0.5558070540428162,2RN2,D70N,gnn_local_s2024
ssym,-1.0,1.2147345542907715,2RN2,V74L,gnn_local_s2024
ssym,-0.6,1.0761585235595703,2RN2,V74I,gnn_local_s2024
ssym,0.9,0.6082508563995361,2RN2,G77A,gnn_local_s2024
ssym,-0.1,0.29003316164016724,2RN2,K95A,gnn_local_s2024
ssym,-1.9,0.47495555877685547,2RN2,K95G,gnn_local_s2024
ssym,-0.9,0.4336091876029968,2RN2,K95N,gnn_local_s2024
ssym,-2.1,0.525122344493866,2RN2,D134A,gnn_local_s2024
ssym,-2.3,0.4352744221687317,2RN2,D134H,gnn_local_s2024
ssym,-1.0,0.567830502986908,2RN2,D134N,gnn_local_s2024
ssym,-0.5,1.4385584592819214,4LYZ,M12F,gnn_local_s2024
ssym,0.4,1.2761476039886475,4LYZ,M12L,gnn_local_s2024
ssym,0.3,1.2486361265182495,4LYZ,T40S,gnn_local_s2024
ssym,0.7,0.4457133412361145,4LYZ,G49A,gnn_local_s2024
ssym,0.9,1.8648027181625366,4LYZ,I55V,gnn_local_s2024
ssym,1.2,1.9289281368255615,4LYZ,I58M,gnn_local_s2024
ssym,0.5,0.37290990352630615,4LYZ,G67A,gnn_local_s2024
ssym,2.1,0.270661860704422,4LYZ,G71A,gnn_local_s2024
ssym,0.9,1.505211353302002,4LYZ,I78M,gnn_local_s2024
ssym,0.2,1.5676069259643555,4LYZ,S91A,gnn_local_s2024
ssym,-1.0,1.785440444946289,4LYZ,S91T,gnn_local_s2024
ssym,0.9,1.3702985048294067,4LYZ,I98M,gnn_local_s2024
ssym,1.2,0.33492404222488403,4LYZ,G102A,gnn_local_s2024
ssym,0.8,0.26588889956474304,4LYZ,G117A,gnn_local_s2024
ssym,1.2,1.6404954195022583,5PTI,F22A,gnn_local_s2024
ssym,5.9,2.0013530254364014,5PTI,Y23A,gnn_local_s2024
ssym,5.0,1.7827306985855103,5PTI,Y35G,gnn_local_s2024
ssym,5.7,1.699561595916748,5PTI,N43G,gnn_local_s2024
ssym,6.9,1.4660568237304688,5PTI,F45A,gnn_local_s2024
ssym,2.3,0.860695481300354,1AMQ,C191Y,gnn_local_blosum_s2024
ssym,1.6,0.8320125341415405,1AMQ,C191F,gnn_local_blosum_s2024
ssym,3.9,0.8103289604187012,1AMQ,C191W,gnn_local_blosum_s2024
ssym,1.9,1.0201923847198486,1AMQ,C191S,gnn_local_blosum_s2024
ssym,4.1,0.9813647270202637,1BNI,F7L,gnn_local_blosum_s2024
ssym,4.5,1.3210151195526123,1BNI,L14A,gnn_local_blosum_s2024
ssym,1.7,0.8505135774612427,1BNI,T26A,gnn_local_blosum_s2024
ssym,1.1,1.1555975675582886,1BNI,I51V,gnn_local_blosum_s2024
ssym,1.7,1.607391119003296,1BNI,I76A,gnn_local_blosum_s2024
ssym,1.0,1.270304799079895,1BNI,I76V,gnn_local_blosum_s2024
ssym,1.1,0.5668593645095825,1BNI,Y78F,gnn_local_blosum_s2024
ssym,4.0,1.651196837425232,1BNI,I88A,gnn_local_blosum_s2024
ssym,1.6,1.287284255027771,1BNI,I88V,gnn_local_blosum_s2024
ssym,0.5,1.3392581939697266,1BNI,L89V,gnn_local_blosum_s2024
ssym,2.4,0.7472116947174072,1BNI,S91A,gnn_local_blosum_s2024
ssym,3.2,1.380555272102356,1BNI,I96A,gnn_local_blosum_s2024
ssym,3.1,1.0245834589004517,1BNI,I96V,gnn_local_blosum_s2024
ssym,-2.5,0.817891001701355,1CEY,D12A,gnn_local_blosum_s2024
ssym,-2.7,0.319661021232605,1CEY,D13A,gnn_local_blosum_s2024
ssym,-3.3,0.8239599466323853,1CEY,D57A,gnn_local_blosum_s2024
ssym,0.9,0.65987229347229,1EY0,T22C,gnn_local_blosum_s2024
ssym,0.9,0.6112805604934692,1EY0,T22V,gnn_local_blosum_s2024
ssym,0.1,1.6525262594223022,1EY0,V23L,gnn_local_blosum_s2024
ssym,1.7,1.422782063484192,1EY0,L25I,gnn_local_blosum_s2024
ssym,-0.4,0.6794276237487793,1EY0,T33V,gnn_local_blosum_s2024
ssym,-0.6,1.5291683673858643,1EY0,T41C,gnn_local_blosum_s2024
ssym,-0.7,1.3498426675796509,1EY0,T41I,gnn_local_blosum_s2024
ssym,1.1,1.6857165098190308,1EY0,T41S,gnn_local_blosum_s2024
ssym,-0.8,1.4129501581192017,1EY0,T41V,gnn_local_blosum_s2024
ssym,-0.1,0.6388223171234131,1EY0,T44V,gnn_local_blosum_s2024
ssym,-0.5,1.1234062910079956,1EY0,S59A,gnn_local_blosum_s2024
ssym,2.1,1.6745725870132446,1EY0,T62S,gnn_local_blosum_s2024
ssym,0.2,1.299033522605896,1EY0,T62V,gnn_local_blosum_s2024
ssym,1.0,1.5171377658843994,1EY0,V66I,gnn_local_blosum_s2024
ssym,0.3,1.600094199180603,1EY0,V66L,gnn_local_blosum_s2024
ssym,7.5,2.1449856758117676,1EY0,V66K,gnn_local_blosum_s2024
ssym,0.2,1.4589329957962036,1EY0,I72L,gnn_local_blosum_s2024
ssym,1.2,1.708922266960144,1EY0,I72V,gnn_local_blosum_s2024
ssym,0.7,0.442844957113266,1EY0,T82S,gnn_local_blosum_s2024
ssym,0.4,1.8511111736297607,1EY0,I92V,gnn_local_blosum_s2024
ssym,-1.0,0.7028762102127075,1EY0,K116G,gnn_local_blosum_s2024
ssym,-0.8,0.5351020097732544,1EY0,P117A,gnn_local_blosum_s2024
ssym,-0.9,0.6369034051895142,1EY0,P117G,gnn_local_blosum_s2024
ssym,-1.1,0.4877382218837738,1EY0,P117T,gnn_local_blosum_s2024
ssym,1.7,0.37919867038726807,1EY0,T120C,gnn_local_blosum_s2024
ssym,0.6,0.559726357460022,1EY0,T120S,gnn_local_blosum_s2024
ssym,1.8,0.4025421738624573,1EY0,T120V,gnn_local_blosum_s2024
ssym,-0.7,0.6662988662719727,1EY0,S128A,gnn_local_blosum_s2024
ssym,-0.7,0.7191035747528076,1IHB,F71N,gnn_local_blosum_s2024
ssym,0.4,1.1614114046096802,1IHB,F82Q,gnn_local_blosum_s2024
ssym,1.1,1.0536108016967773,1IHB,F92N,gnn_local_blosum_s2024
ssym,2.6,1.2222081422805786,1IOB,T9G,gnn_local_blosum_s2024
ssym,1.9,1.5942672491073608,1L63,M6A,gnn_local_blosum_s2024
ssym,2.8,1.1974458694458008,1L63,M6L,gnn_local_blosum_s2024
ssym,-0.1,0.5213298797607422,1L63,E11H,gnn_local_blosum_s2024
ssym,0.1,0.7293269634246826,1L63,E11N,gnn_local_blosum_s2024
ssym,2.7,1.2845447063446045,1L63,I17A,gnn_local_blosum_s2024
ssym,0.3,0.5155633687973022,1L63,D20A,gnn_local_blosum_s2024
ssym,-1.3,0.5879179239273071,1L63,D20N,gnn_local_blosum_s2024
ssym,-0.7,0.4036138653755188,1L63,D20S,gnn_local_blosum_s2024
ssym,3.1,1.9064065217971802,1L63,I27A,gnn_local_blosum_s2024
ssym,3.1,1.510846495628357,1L63,I27M,gnn_local_blosum_s2024
ssym,2.6,1.6155086755752563,1L63,I29A,gnn_local_blosum_s2024
ssym,0.0,0.4186396598815918,1L63,S38N,gnn_local_blosum_s2024
ssym,0.6,0.3819315731525421,1L63,A41S,gnn_local_blosum_s2024
ssym,2.7,0.7717634439468384,1L63,A42V,gnn_local_blosum_s2024
ssym,2.3,1.1233528852462769,1L63,A42S,gnn_local_blosum_s2024
ssym,1.0,0.506682276725769,1L63,K43A,gnn_local_blosum_s2024
ssym,-0.3,0.34282681345939636,1L63,S44A,gnn_local_blosum_s2024
ssym,-0.3,0.1242862343788147,1L63,S44I,gnn_local_blosum_s2024
ssym,-0.4,0.19432729482650757,1L63,S44L,gnn_local_blosum_s2024
ssym,-0.2,0.3015904724597931,1L63,S44K,gnn_local_blosum_s2024
ssym,0.0,0.5163062810897827,1L63,S44E,gnn_local_blosum_s2024
ssym,0.5,0.47348931431770325,1L63,S44G,gnn_local_blosum_s2024
ssym,-0.2,0.38616472482681274,1L63,S44R,gnn_local_blosum_s2024
ssym,0.1,0.4299459159374237,1L63,S44N,gnn_local_blosum_s2024
ssym,-0.1,0.16062796115875244,1L63,S44F,gnn_local_blosum_s2024
ssym,3.0,0.4596606194972992,1L63,S44P,gnn_local_blosum_s2024
ssym,0.0,0.3543548882007599,1L63,S44T,gnn_local_blosum_s2024
ssym,-0.1,0.0966285765171051,1L63,S44V,gnn_local_blosum_s2024
ssym,1.9,1.4602323770523071,1L63,L46A,gnn_local_blosum_s2024
ssym,1.0,0.5259791612625122,1L63,D47A,gnn_local_blosum_s2024
ssym,0.5,0.7536256313323975,1L63,A49S,gnn_local_blosum_s2024
ssym,2.0,1.365310549736023,1L63,I50A,gnn_local_blosum_s2024
ssym,0.4,1.120517373085022,1L63,I50M,gnn_local_blosum_s2024
ssym,3.2,1.8460817337036133,1L63,I58A,gnn_local_blosum_s2024
ssym,3.4,2.0385231971740723,1L63,I58T,gnn_local_blosum_s2024
ssym,1.5,0.5710396766662598,1L63,T59A,gnn_local_blosum_s2024
ssym,1.2,0.7792506217956543,1L63,T59D,gnn_local_blosum_s2024
ssym,1.6,0.7250854969024658,1L63,T59G,gnn_local_blosum_s2024
ssym,1.1,0.7354110479354858,1L63,T59N,gnn_local_blosum_s2024
ssym,0.2,0.49576643109321594,1L63,T59S,gnn_local_blosum_s2024
ssym,1.5,0.25889265537261963,1L63,T59V,gnn_local_blosum_s2024
ssym,1.0,1.2937110662460327,1L63,L66M,gnn_local_blosum_s2024
ssym,1.9,1.5609997510910034,1L63,F67A,gnn_local_blosum_s2024
ssym,2.7,0.12324535846710205,1L63,D72P,gnn_local_blosum_s2024
ssym,0.4,0.6596671342849731,1L63,A73S,gnn_local_blosum_s2024
ssym,1.3,1.6302528381347656,1L63,V75T,gnn_local_blosum_s2024
ssym,1.2,1.6875998973846436,1L63,I78A,gnn_local_blosum_s2024
ssym,1.5,1.262022852897644,1L63,I78M,gnn_local_blosum_s2024
ssym,0.8,1.3109723329544067,1L63,I78V,gnn_local_blosum_s2024
ssym,0.3,0.01161886751651764,1L63,A82S,gnn_local_blosum_s2024
ssym,2.6,1.8673988580703735,1L63,L84A,gnn_local_blosum_s2024
ssym,1.9,1.4798270463943481,1L63,L84M,gnn_local_blosum_s2024
ssym,1.7,0.9661978483200073,1L63,V87A,gnn_local_blosum_s2024
ssym,2.3,0.5541770458221436,1L63,V87M,gnn_local_blosum_s2024
ssym,0.3,0.5413644313812256,1L63,V87I,gnn_local_blosum_s2024
ssym,1.6,1.1503031253814697,1L63,V87T,gnn_local_blosum_s2024
ssym,3.9,1.2930359840393066,1L63,L91A,gnn_local_blosum_s2024
ssym,0.8,0.8472580909729004,1L63,L91M,gnn_local_blosum_s2024
ssym,1.4,0.3547246754169464,1L63,D92N,gnn_local_blosum_s2024
ssym,0.2,0.026795119047164917,1L63,A93S,gnn_local_blosum_s2024
ssym,1.0,1.2551237344741821,1L63,A98C,gnn_local_blosum_s2024
ssym,4.3,0.881023645401001,1L63,A98L,gnn_local_blosum_s2024
ssym,2.5,1.486618161201477,1L63,A98S,gnn_local_blosum_s2024
ssym,3.2,1.039709448814392,1L63,A98V,gnn_local_blosum_s2024
ssym,4.5,1.7006944417953491,1L63,L99A,gnn_local_blosum_s2024
ssym,0.3,1.285677194595337,1L63,L99F,gnn_local_blosum_s2024
ssym,1.5,1.097065806388855,1L63,L99I,gnn_local_blosum_s2024
ssym,0.6,1.2015870809555054,1L63,L99M,gnn_local_blosum_s2024
ssym,2.0,1.3733958005905151,1L63,L99V,gnn_local_blosum_s2024
ssym,3.4,1.7578041553497314,1L63,I100A,gnn_local_blosum_s2024
ssym,1.6,1.3007677793502808,1L63,I100M,gnn_local_blosum_s2024
ssym,0.4,1.4184527397155762,1L63,I100V,gnn_local_blosum_s2024
ssym,1.5,1.2183877229690552,1L63,N101A,gnn_local_blosum_s2024
ssym,1.0,0.9732018709182739,1L63,M102L,gnn_local_blosum_s2024
ssym,2.2,1.4351963996887207,1L63,V103A,gnn_local_blosum_s2024
ssym,0.5,0.8147778511047363,1L63,V103I,gnn_local_blosum_s2024
ssym,1.2,0.9332494735717773,1L63,V103M,gnn_local_blosum_s2024
ssym,0.4,1.025241732597351,1L63,F104M,gnn_local_blosum_s2024
ssym,1.2,0.38820675015449524,1L63,Q105M,gnn_local_blosum_s2024
ssym,-0.2,0.5150928497314453,1L63,M106I,gnn_local_blosum_s2024
ssym,-0.5,0.5598602294921875,1L63,M106L,gnn_local_blosum_s2024
ssym,3.4,1.13473641872406,1L63,M106K,gnn_local_blosum_s2024
ssym,-0.6,0.7182518243789673,1L63,T109D,gnn_local_blosum_s2024
ssym,-0.1,0.7791728973388672,1L63,T109N,gnn_local_blosum_s2024
ssym,1.3,1.6468126773834229,1L63,V111A,gnn_local_blosum_s2024
ssym,0.9,0.9580661058425903,1L63,V111I,gnn_local_blosum_s2024
ssym,0.7,1.0717238187789917,1L63,V111M,gnn_local_blosum_s2024
ssym,-1.1,0.6454310417175293,1L63,S117F,gnn_local_blosum_s2024
ssym,3.2,1.8103328943252563,1L63,L118A,gnn_local_blosum_s2024
ssym,0.7,1.3810230493545532,1L63,L118M,gnn_local_blosum_s2024
ssym,-0.5,0.4368445575237274,1L63,M120L,gnn_local_blosum_s2024
ssym,1.6,0.6304694414138794,1L63,M120K,gnn_local_blosum_s2024
ssym,0.1,0.6716351509094238,1L63,M120Y,gnn_local_blosum_s2024
ssym,0.8,1.3410001993179321,1L63,L121M,gnn_local_blosum_s2024
ssym,1.2,0.8362551927566528,1L63,A129F,gnn_local_blosum_s2024
ssym,2.2,0.8693690299987793,1L63,A129W,gnn_local_blosum_s2024
ssym,-1.0,1.0155198574066162,1L63,A130S,gnn_local_blosum_s2024
ssym,0.3,1.619071125984192,1L63,L133F,gnn_local_blosum_s2024
ssym,0.4,1.5344547033309937,1L63,L133M,gnn_local_blosum_s2024
ssym,0.1,0.5517735481262207,1L63,A134S,gnn_local_blosum_s2024
ssym,-0.5,0.11335881054401398,1L63,N144E,gnn_local_blosum_s2024
ssym,3.2,1.6913280487060547,1L63,V149A,gnn_local_blosum_s2024
ssym,2.0,1.576005458831787,1L63,V149C,gnn_local_blosum_s2024
ssym,4.9,1.8130675554275513,1L63,V149G,gnn_local_blosum_s2024
ssym,0.1,1.1474024057388306,1L63,V149I,gnn_local_blosum_s2024
ssym,2.8,1.4229077100753784,1L63,V149M,gnn_local_blosum_s2024
ssym,2.8,1.851305603981018,1L63,V149T,gnn_local_blosum_s2024
ssym,4.4,1.7444177865982056,1L63,V149S,gnn_local_blosum_s2024
ssym,1.5,1.3425390720367432,1L63,T152A,gnn_local_blosum_s2024
ssym,0.5,1.1329585313796997,1L63,T152C,gnn_local_blosum_s2024
ssym,0.4,0.7544605731964111,1L63,T152I,gnn_local_blosum_s2024
ssym,2.0,1.2726867198944092,1L63,T152S,gnn_local_blosum_s2024
ssym,-0.2,0.9789415597915649,1L63,T152V,gnn_local_blosum_s2024
ssym,3.8,1.7201226949691772,1L63,F153A,gnn_local_blosum_s2024
ssym,0.2,1.1791294813156128,1L63,F153I,gnn_local_blosum_s2024
ssym,-0.3,1.218161940574646,1L63,F153L,gnn_local_blosum_s2024
ssym,0.6,1.3345144987106323,1L63,F153M,gnn_local_blosum_s2024
ssym,1.8,1.3904286623001099,1L63,F153V,gnn_local_blosum_s2024
ssym,1.5,0.7175438404083252,1LZ1,V2A,gnn_local_blosum_s2024
ssym,1.3,1.0047353506088257,1LZ1,V2G,gnn_local_blosum_s2024
ssym,1.4,0.7074370384216309,1LZ1,V2S,gnn_local_blosum_s2024
ssym,0.4,0.5012524127960205,1LZ1,V2Y,gnn_local_blosum_s2024
ssym,1.4,1.033892035484314,1LZ1,V2D,gnn_local_blosum_s2024
ssym,1.3,1.032405972480774,1LZ1,V2N,gnn_local_blosum_s2024
ssym,0.4,0.8916177749633789,1LZ1,V2R,gnn_local_blosum_s2024
ssym,-0.3,0.43486759066581726,1LZ1,V2L,gnn_local_blosum_s2024
ssym,0.2,0.5256742238998413,1LZ1,V2M,gnn_local_blosum_s2024
ssym,0.8,0.5364534854888916,1LZ1,V2F,gnn_local_blosum_s2024
ssym,0.5,0.5320771932601929,1LZ1,Y20F,gnn_local_blosum_s2024
ssym,2.5,1.503043293952942,1LZ1,I23A,gnn_local_blosum_s2024
ssym,0.4,1.1587697267532349,1LZ1,I23V,gnn_local_blosum_s2024
ssym,0.2,0.7335802316665649,1LZ1,Y38F,gnn_local_blosum_s2024
ssym,-0.1,0.4332245886325836,1LZ1,Y45F,gnn_local_blosum_s2024
ssym,-0.1,0.6855584383010864,1LZ1,A47P,gnn_local_blosum_s2024
ssym,1.0,0.8740411996841431,1LZ1,Y54F,gnn_local_blosum_s2024
ssym,3.7,2.184422254562378,1LZ1,I56A,gnn_local_blosum_s2024
ssym,4.3,2.402090311050415,1LZ1,I56T,gnn_local_blosum_s2024
ssym,1.2,1.8331928253173828,1LZ1,I56V,gnn_local_blosum_s2024
ssym,1.7,2.1717991828918457,1LZ1,I59A,gnn_local_blosum_s2024
ssym,3.8,2.2928390502929688,1LZ1,I59G,gnn_local_blosum_s2024
ssym,1.1,1.9048389196395874,1LZ1,I59V,gnn_local_blosum_s2024
ssym,0.2,0.027317076921463013,1LZ1,Y63F,gnn_local_blosum_s2024
ssym,1.6,0.6226027011871338,1LZ1,P71G,gnn_local_blosum_s2024
ssym,0.4,0.660839319229126,1LZ1,V74A,gnn_local_blosum_s2024
ssym,0.1,0.9388703107833862,1LZ1,V74G,gnn_local_blosum_s2024
ssym,1.9,0.1086762547492981,1LZ1,V74I,gnn_local_blosum_s2024
ssym,0.4,0.41551676392555237,1LZ1,V74L,gnn_local_blosum_s2024
ssym,0.4,0.4818893373012543,1LZ1,V74M,gnn_local_blosum_s2024
ssym,0.0,0.4825887978076935,1LZ1,V74F,gnn_local_blosum_s2024
ssym,0.3,0.4889497458934784,1LZ1,V74Y,gnn_local_blosum_s2024
ssym,0.4,1.0393346548080444,1LZ1,V74D,gnn_local_blosum_s2024
ssym,0.3,0.9274395704269409,1LZ1,V74N,gnn_local_blosum_s2024
ssym,0.1,0.7861322164535522,1LZ1,V74R,gnn_local_blosum_s2024
ssym,0.4,0.6520761251449585,1LZ1,V74S,gnn_local_blosum_s2024
ssym,4.6,1.4724944829940796,1LZ1,C77A,gnn_local_blosum_s2024
ssym,2.7,2.337306499481201,1LZ1,I89A,gnn_local_blosum_s2024
ssym,0.5,1.9417484998703003,1LZ1,I89V,gnn_local_blosum_s2024
ssym,0.4,0.818852424621582,1LZ1,D91P,gnn_local_blosum_s2024
ssym,0.7,1.7677091360092163,1LZ1,V93A,gnn_local_blosum_s2024
ssym,1.0,1.6787153482437134,1LZ1,V99A,gnn_local_blosum_s2024
ssym,0.3,1.485397219657898,1LZ1,V100A,gnn_local_blosum_s2024
ssym,0.1,0.4510217010974884,1LZ1,P103G,gnn_local_blosum_s2024
ssym,0.9,1.566948652267456,1LZ1,I106A,gnn_local_blosum_s2024
ssym,0.7,1.2247852087020874,1LZ1,I106V,gnn_local_blosum_s2024
ssym,-0.5,0.5308809280395508,1LZ1,V110A,gnn_local_blosum_s2024
ssym,-0.2,0.7293546199798584,1LZ1,V110D,gnn_local_blosum_s2024
ssym,2.2,0.8187503814697266,1LZ1,V110G,gnn_local_blosum_s2024
ssym,0.8,0.16083182394504547,1LZ1,V110I,gnn_local_blosum_s2024
ssym,-0.1,0.37923958897590637,1LZ1,V110L,gnn_local_blosum_s2024
ssym,-0.4,0.3251018822193146,1LZ1,V110M,gnn_local_blosum_s2024
ssym,-0.1,0.7407287359237671,1LZ1,V110N,gnn_local_blosum_s2024
ssym,-0.9,0.5973992347717285,1LZ1,V110R,gnn_local_blosum_s2024
ssym,1.9,0.2890743017196655,1LZ1,V110F,gnn_local_blosum_s2024
ssym,-0.5,0.7474068403244019,1LZ1,V110P,gnn_local_blosum_s2024
ssym,0.1,0.39812347292900085,1LZ1,V110Y,gnn_local_blosum_s2024
ssym,1.4,1.3426750898361206,1LZ1,V121A,gnn_local_blosum_s2024
ssym,0.4,0.7600204944610596,1LZ1,Y124F,gnn_local_blosum_s2024
ssym,1.3,1.6029422283172607,1LZ1,V125A,gnn_local_blosum_s2024
ssym,0.8,1.3073242902755737,1LZ1,V130A,gnn_local_blosum_s2024
ssym,-0.2,0.7153602838516235,1OH0,Y32F,gnn_local_blosum_s2024
ssym,1.2,1.1669560670852661,1OH0,Y57F,gnn_local_blosum_s2024
ssym,-1.4,1.0524177551269531,1RN1,Q25K,gnn_local_blosum_s2024
ssym,0.4,1.408298373222351,1VQB,I47L,gnn_local_blosum_s2024
ssym,1.7,1.6136198043823242,1VQB,I47M,gnn_local_blosum_s2024
ssym,2.0,1.6482094526290894,1VQB,I47V,gnn_local_blosum_s2024
ssym,0.6,1.309501051902771,1VQB,V35I,gnn_local_blosum_s2024
ssym,3.2,0.3433890640735626,1VQB,Y41F,gnn_local_blosum_s2024
ssym,-0.7,1.1849535703659058,2LZM,I3L,gnn_local_blosum_s2024
ssym,0.0,1.640015959739685,2LZM,I3C,gnn_local_blosum_s2024
ssym,3.0,1.8167471885681152,2LZM,I3P,gnn_local_blosum_s2024
ssym,2.3,1.4119772911071777,2LZM,I3Y,gnn_local_blosum_s2024
ssym,0.4,1.3719183206558228,2LZM,I3V,gnn_local_blosum_s2024
ssym,1.4,0.9684184789657593,2LZM,M6I,gnn_local_blosum_s2024
ssym,-0.5,0.6449874639511108,2LZM,K16E,gnn_local_blosum_s2024
ssym,-0.6,0.4952046573162079,2LZM,S38D,gnn_local_blosum_s2024
ssym,0.6,0.34468939900398254,2LZM,N55G,gnn_local_blosum_s2024
ssym,0.0,0.7986340522766113,2LZM,K60P,gnn_local_blosum_s2024
ssym,-0.4,0.9429463148117065,2LZM,G77A,gnn_local_blosum_s2024
ssym,-0.8,0.18475669622421265,2LZM,A82P,gnn_local_blosum_s2024
ssym,0.6,0.17022579908370972,2LZM,K85A,gnn_local_blosum_s2024
ssym,0.5,0.162037193775177,2LZM,D89A,gnn_local_blosum_s2024
ssym,2.0,0.1371724009513855,2LZM,R96A,gnn_local_blosum_s2024
ssym,3.5,0.23733699321746826,2LZM,R96D,gnn_local_blosum_s2024
ssym,2.7,-0.27185091376304626,2LZM,R96M,gnn_local_blosum_s2024
ssym,2.5,0.43072548508644104,2LZM,R96E,gnn_local_blosum_s2024
ssym,2.6,0.3077417016029358,2LZM,R96G,gnn_local_blosum_s2024
ssym,0.3,0.24039873480796814,2LZM,R96Q,gnn_local_blosum_s2024
ssym,3.1,0.2667468786239624,2LZM,R96H,gnn_local_blosum_s2024
ssym,3.0,0.35710397362709045,2LZM,R96N,gnn_local_blosum_s2024
ssym,0.0,-0.021437495946884155,2LZM,R96K,gnn_local_blosum_s2024
ssym,2.6,0.039535775780677795,2LZM,R96S,gnn_local_blosum_s2024
ssym,4.7,0.03920641541481018,2LZM,R96Y,gnn_local_blosum_s2024
ssym,2.4,-0.22046534717082977,2LZM,R96V,gnn_local_blosum_s2024
ssym,4.5,-0.13490451872348785,2LZM,R96W,gnn_local_blosum_s2024
ssym,4.9,1.0070451498031616,2LZM,A98V,gnn_local_blosum_s2024
ssym,0.6,0.5718048810958862,2LZM,Q105A,gnn_local_blosum_s2024
ssym,1.1,0.8411341905593872,2LZM,Q105E,gnn_local_blosum_s2024
ssym,1.5,0.6852710247039795,2LZM,Q105G,gnn_local_blosum_s2024
ssym,-0.3,0.751158595085144,2LZM,G113A,gnn_local_blosum_s2024
ssym,-0.3,0.7214791774749756,2LZM,T115E,gnn_local_blosum_s2024
ssym,-0.6,0.025443673133850098,2LZM,N116D,gnn_local_blosum_s2024
ssym,0.0,0.02294836938381195,2LZM,R119E,gnn_local_blosum_s2024
ssym,-0.4,-0.09474465250968933,2LZM,Q123E,gnn_local_blosum_s2024
ssym,0.1,0.364652544260025,2LZM,K124G,gnn_local_blosum_s2024
ssym,-0.3,1.0082658529281616,2LZM,V131A,gnn_local_blosum_s2024
ssym,-0.1,1.2487725019454956,2LZM,V131D,gnn_local_blosum_s2024
ssym,0.7,1.2042980194091797,2LZM,V131G,gnn_local_blosum_s2024
ssym,-0.2,0.5651793479919434,2LZM,V131I,gnn_local_blosum_s2024
ssym,-0.1,0.7407315969467163,2LZM,V131L,gnn_local_blosum_s2024
ssym,0.1,0.9902595281600952,2LZM,V131S,gnn_local_blosum_s2024
ssym,-0.1,0.6796718835830688,2LZM,V131M,gnn_local_blosum_s2024
ssym,-0.2,1.3613265752792358,2LZM,V131E,gnn_local_blosum_s2024
ssym,4.2,1.942635416984558,2LZM,L133A,gnn_local_blosum_s2024
ssym,1.0,0.33099305629730225,2LZM,K135E,gnn_local_blosum_s2024
ssym,-0.4,0.05234280228614807,2LZM,N144D,gnn_local_blosum_s2024
ssym,0.7,0.8187942504882812,2LZM,K147E,gnn_local_blosum_s2024
ssym,2.2,1.6437708139419556,2LZM,V149C,gnn_local_blosum_s2024
ssym,2.6,1.276326298713684,2LZM,T152S,gnn_local_blosum_s2024
ssym,1.1,0.6880662441253662,2LZM,R154E,gnn_local_blosum_s2024
ssym,2.3,0.4672718346118927,2LZM,G156D,gnn_local_blosum_s2024
ssym,0.5,0.4134259521961212,2LZM,T157A,gnn_local_blosum_s2024
ssym,1.3,0.14989058673381805,2LZM,T157C,gnn_local_blosum_s2024
ssym,1.1,0.6183000802993774,2LZM,T157D,gnn_local_blosum_s2024
ssym,0.8,0.7605075836181641,2LZM,T157E,gnn_local_blosum_s2024
ssym,2.4,0.1393531709909439,2LZM,T157F,gnn_local_blosum_s2024
ssym,1.1,0.5419093370437622,2LZM,T157G,gnn_local_blosum_s2024
ssym,2.1,0.37422314286231995,2LZM,T157H,gnn_local_blosum_s2024
ssym,1.5,-0.09307333827018738,2LZM,T157I,gnn_local_blosum_s2024
ssym,1.7,0.20050916075706482,2LZM,T157L,gnn_local_blosum_s2024
ssym,1.2,0.5486239194869995,2LZM,T157N,gnn_local_blosum_s2024
ssym,-0.3,0.4160884916782379,2LZM,T157R,gnn_local_blosum_s2024
ssym,0.7,0.2472483515739441,2LZM,T157S,gnn_local_blosum_s2024
ssym,1.2,0.05894923210144043,2LZM,T157V,gnn_local_blosum_s2024
ssym,-0.9,1.0276556015014648,2RN2,D10N,gnn_local_blosum_s2024
ssym,-0.2,0.5690406560897827,2RN2,E48Q,gnn_local_blosum_s2024
ssym,0.5,1.0310988426208496,2RN2,A52F,gnn_local_blosum_s2024
ssym,-1.9,0.8502527475357056,2RN2,A52I,gnn_local_blosum_s2024
ssym,-1.3,0.9022009372711182,2RN2,A52L,gnn_local_blosum_s2024
ssym,-1.7,1.1367683410644531,2RN2,A52V,gnn_local_blosum_s2024
ssym,-0.4,0.2873115539550781,2RN2,H62A,gnn_local_blosum_s2024
ssym,-1.1,0.4801603853702545,2RN2,H62P,gnn_local_blosum_s2024
ssym,-0.9,0.43520817160606384,2RN2,D70N,gnn_local_blosum_s2024
ssym,-1.0,1.0047883987426758,2RN2,V74L,gnn_local_blosum_s2024
ssym,-0.6,0.8330316543579102,2RN2,V74I,gnn_local_blosum_s2024
ssym,0.9,0.34727832674980164,2RN2,G77A,gnn_local_blosum_s2024
ssym,-0.1,0.410354346036911,2RN2,K95A,gnn_local_blosum_s2024
ssym,-1.9,0.5048612356185913,2RN2,K95G,gnn_local_blosum_s2024
ssym,-0.9,0.6570655107498169,2RN2,K95N,gnn_local_blosum_s2024
ssym,-2.1,0.5722125768661499,2RN2,D134A,gnn_local_blosum_s2024
ssym,-2.3,0.5097130537033081,2RN2,D134H,gnn_local_blosum_s2024
ssym,-1.0,0.6206670999526978,2RN2,D134N,gnn_local_blosum_s2024
ssym,-0.5,1.4969695806503296,4LYZ,M12F,gnn_local_blosum_s2024
ssym,0.4,1.3258471488952637,4LYZ,M12L,gnn_local_blosum_s2024
ssym,0.3,1.3470163345336914,4LYZ,T40S,gnn_local_blosum_s2024
ssym,0.7,0.4447989761829376,4LYZ,G49A,gnn_local_blosum_s2024
ssym,0.9,1.8740816116333008,4LYZ,I55V,gnn_local_blosum_s2024
ssym,1.2,1.9621349573135376,4LYZ,I58M,gnn_local_blosum_s2024
ssym,0.5,0.16483387351036072,4LYZ,G67A,gnn_local_blosum_s2024
ssym,2.1,0.24726545810699463,4LYZ,G71A,gnn_local_blosum_s2024
ssym,0.9,1.535426378250122,4LYZ,I78M,gnn_local_blosum_s2024
ssym,0.2,1.636283040046692,4LYZ,S91A,gnn_local_blosum_s2024
ssym,-1.0,1.8284342288970947,4LYZ,S91T,gnn_local_blosum_s2024
ssym,0.9,1.2510805130004883,4LYZ,I98M,gnn_local_blosum_s2024
ssym,1.2,0.25279325246810913,4LYZ,G102A,gnn_local_blosum_s2024
ssym,0.8,0.22638753056526184,4LYZ,G117A,gnn_local_blosum_s2024
ssym,1.2,1.524755835533142,5PTI,F22A,gnn_local_blosum_s2024
ssym,5.9,2.098987579345703,5PTI,Y23A,gnn_local_blosum_s2024
ssym,5.0,1.8102155923843384,5PTI,Y35G,gnn_local_blosum_s2024
ssym,5.7,1.8369721174240112,5PTI,N43G,gnn_local_blosum_s2024
ssym,6.9,1.5231126546859741,5PTI,F45A,gnn_local_blosum_s2024
ssym,2.3,2.194685459136963,1AMQ,C191Y,gnn_edge_s2024
ssym,1.6,2.7128283977508545,1AMQ,C191F,gnn_edge_s2024
ssym,3.9,0.3702983856201172,1AMQ,C191W,gnn_edge_s2024
ssym,1.9,2.1637814044952393,1AMQ,C191S,gnn_edge_s2024
ssym,4.1,0.9828659296035767,1BNI,F7L,gnn_edge_s2024
ssym,4.5,1.6615158319473267,1BNI,L14A,gnn_edge_s2024
ssym,1.7,0.30204370617866516,1BNI,T26A,gnn_edge_s2024
ssym,1.1,1.5458709001541138,1BNI,I51V,gnn_edge_s2024
ssym,1.7,3.0395517349243164,1BNI,I76A,gnn_edge_s2024
ssym,1.0,2.475928783416748,1BNI,I76V,gnn_edge_s2024
ssym,1.1,1.1264771223068237,1BNI,Y78F,gnn_edge_s2024
ssym,4.0,2.112682342529297,1BNI,I88A,gnn_edge_s2024
ssym,1.6,1.6792056560516357,1BNI,I88V,gnn_edge_s2024
ssym,0.5,1.5793064832687378,1BNI,L89V,gnn_edge_s2024
ssym,2.4,0.5221747756004333,1BNI,S91A,gnn_edge_s2024
ssym,3.2,1.5165199041366577,1BNI,I96A,gnn_edge_s2024
ssym,3.1,1.0143531560897827,1BNI,I96V,gnn_edge_s2024
ssym,-2.5,1.0181487798690796,1CEY,D12A,gnn_edge_s2024
ssym,-2.7,-0.67840576171875,1CEY,D13A,gnn_edge_s2024
ssym,-3.3,0.7314134836196899,1CEY,D57A,gnn_edge_s2024
ssym,0.9,0.7427371740341187,1EY0,T22C,gnn_edge_s2024
ssym,0.9,0.7613015174865723,1EY0,T22V,gnn_edge_s2024
ssym,0.1,1.3869260549545288,1EY0,V23L,gnn_edge_s2024
ssym,1.7,0.8300453424453735,1EY0,L25I,gnn_edge_s2024
ssym,-0.4,0.5376594662666321,1EY0,T33V,gnn_edge_s2024
ssym,-0.6,2.034759521484375,1EY0,T41C,gnn_edge_s2024
ssym,-0.7,1.8053025007247925,1EY0,T41I,gnn_edge_s2024
ssym,1.1,2.017549753189087,1EY0,T41S,gnn_edge_s2024
ssym,-0.8,1.6564728021621704,1EY0,T41V,gnn_edge_s2024
ssym,-0.1,1.2021361589431763,1EY0,T44V,gnn_edge_s2024
ssym,-0.5,1.3240094184875488,1EY0,S59A,gnn_edge_s2024
ssym,2.1,0.9136176109313965,1EY0,T62S,gnn_edge_s2024
ssym,0.2,0.576560378074646,1EY0,T62V,gnn_edge_s2024
ssym,1.0,1.0566174983978271,1EY0,V66I,gnn_edge_s2024
ssym,0.3,1.0103135108947754,1EY0,V66L,gnn_edge_s2024
ssym,7.5,1.7600982189178467,1EY0,V66K,gnn_edge_s2024
ssym,0.2,0.9438149929046631,1EY0,I72L,gnn_edge_s2024
ssym,1.2,1.0374034643173218,1EY0,I72V,gnn_edge_s2024
ssym,0.7,0.22700750827789307,1EY0,T82S,gnn_edge_s2024
ssym,0.4,1.2361862659454346,1EY0,I92V,gnn_edge_s2024
ssym,-1.0,0.5613235235214233,1EY0,K116G,gnn_edge_s2024
ssym,-0.8,0.5556907653808594,1EY0,P117A,gnn_edge_s2024
ssym,-0.9,0.0673157349228859,1EY0,P117G,gnn_edge_s2024
ssym,-1.1,-0.21385511755943298,1EY0,P117T,gnn_edge_s2024
ssym,1.7,0.15463268756866455,1EY0,T120C,gnn_edge_s2024
ssym,0.6,0.5032556056976318,1EY0,T120S,gnn_edge_s2024
ssym,1.8,0.3356752395629883,1EY0,T120V,gnn_edge_s2024
ssym,-0.7,0.7631517648696899,1EY0,S128A,gnn_edge_s2024
ssym,-0.7,-0.2246815264225006,1IHB,F71N,gnn_edge_s2024
ssym,0.4,0.36717095971107483,1IHB,F82Q,gnn_edge_s2024
ssym,1.1,0.2792688012123108,1IHB,F92N,gnn_edge_s2024
ssym,2.6,1.1965707540512085,1IOB,T9G,gnn_edge_s2024
ssym,1.9,2.0544400215148926,1L63,M6A,gnn_edge_s2024
ssym,2.8,1.0380529165267944,1L63,M6L,gnn_edge_s2024
ssym,-0.1,0.5758360624313354,1L63,E11H,gnn_edge_s2024
ssym,0.1,0.6338857412338257,1L63,E11N,gnn_edge_s2024
ssym,2.7,1.4127920866012573,1L63,I17A,gnn_edge_s2024
ssym,0.3,0.45385119318962097,1L63,D20A,gnn_edge_s2024
ssym,-1.3,0.021540939807891846,1L63,D20N,gnn_edge_s2024
ssym,-0.7,0.15190130472183228,1L63,D20S,gnn_edge_s2024
ssym,3.1,2.146596908569336,1L63,I27A,gnn_edge_s2024
ssym,3.1,1.2972477674484253,1L63,I27M,gnn_edge_s2024
ssym,2.6,2.0261874198913574,1L63,I29A,gnn_edge_s2024
ssym,0.0,0.5291053056716919,1L63,S38N,gnn_edge_s2024
ssym,0.6,-1.130600094795227,1L63,A41S,gnn_edge_s2024
ssym,2.7,0.584003210067749,1L63,A42V,gnn_edge_s2024
ssym,2.3,0.6366974115371704,1L63,A42S,gnn_edge_s2024
ssym,1.0,0.18361130356788635,1L63,K43A,gnn_edge_s2024
ssym,-0.3,-0.09491685032844543,1L63,S44A,gnn_edge_s2024
ssym,-0.3,-0.17445418238639832,1L63,S44I,gnn_edge_s2024
ssym,-0.4,-0.06314811110496521,1L63,S44L,gnn_edge_s2024
ssym,-0.2,-0.0799066573381424,1L63,S44K,gnn_edge_s2024
ssym,0.0,0.036677032709121704,1L63,S44E,gnn_edge_s2024
ssym,0.5,-0.028668329119682312,1L63,S44G,gnn_edge_s2024
ssym,-0.2,-0.028371334075927734,1L63,S44R,gnn_edge_s2024
ssym,0.1,0.023290812969207764,1L63,S44N,gnn_edge_s2024
ssym,-0.1,-0.25150561332702637,1L63,S44F,gnn_edge_s2024
ssym,3.0,-0.2795915901660919,1L63,S44P,gnn_edge_s2024
ssym,0.0,0.16984975337982178,1L63,S44T,gnn_edge_s2024
ssym,-0.1,0.06915406882762909,1L63,S44V,gnn_edge_s2024
ssym,1.9,1.2676275968551636,1L63,L46A,gnn_edge_s2024
ssym,1.0,0.4807497560977936,1L63,D47A,gnn_edge_s2024
ssym,0.5,0.7003295421600342,1L63,A49S,gnn_edge_s2024
ssym,2.0,1.4738044738769531,1L63,I50A,gnn_edge_s2024
ssym,0.4,1.1206669807434082,1L63,I50M,gnn_edge_s2024
ssym,3.2,1.8897297382354736,1L63,I58A,gnn_edge_s2024
ssym,3.4,2.2170889377593994,1L63,I58T,gnn_edge_s2024
ssym,1.5,0.5934401750564575,1L63,T59A,gnn_edge_s2024
ssym,1.2,0.7761702537536621,1L63,T59D,gnn_edge_s2024
ssym,1.6,0.6352881193161011,1L63,T59G,gnn_edge_s2024
ssym,1.1,0.8645734786987305,1L63,T59N,gnn_edge_s2024
ssym,0.2,0.6967930793762207,1L63,T59S,gnn_edge_s2024
ssym,1.5,0.4261552095413208,1L63,T59V,gnn_edge_s2024
ssym,1.0,1.0460749864578247,1L63,L66M,gnn_edge_s2024
ssym,1.9,1.3749712705612183,1L63,F67A,gnn_edge_s2024
ssym,2.7,0.3858979046344757,1L63,D72P,gnn_edge_s2024
ssym,0.4,0.467739075422287,1L63,A73S,gnn_edge_s2024
ssym,1.3,1.2697478532791138,1L63,V75T,gnn_edge_s2024
ssym,1.2,1.488836407661438,1L63,I78A,gnn_edge_s2024
ssym,1.5,0.935948371887207,1L63,I78M,gnn_edge_s2024
ssym,0.8,0.843576192855835,1L63,I78V,gnn_edge_s2024
ssym,0.3,-0.07603226602077484,1L63,A82S,gnn_edge_s2024
ssym,2.6,1.434057593345642,1L63,L84A,gnn_edge_s2024
ssym,1.9,1.1697661876678467,1L63,L84M,gnn_edge_s2024
ssym,1.7,0.7568416595458984,1L63,V87A,gnn_edge_s2024
ssym,2.3,0.6630918979644775,1L63,V87M,gnn_edge_s2024
ssym,0.3,0.6423962116241455,1L63,V87I,gnn_edge_s2024
ssym,1.6,0.8885595798492432,1L63,V87T,gnn_edge_s2024
ssym,3.9,1.3605579137802124,1L63,L91A,gnn_edge_s2024
ssym,0.8,0.603062629699707,1L63,L91M,gnn_edge_s2024
ssym,1.4,0.809350848197937,1L63,D92N,gnn_edge_s2024
ssym,0.2,0.1097898781299591,1L63,A93S,gnn_edge_s2024
ssym,1.0,1.192270278930664,1L63,A98C,gnn_edge_s2024
ssym,4.3,0.7001103162765503,1L63,A98L,gnn_edge_s2024
ssym,2.5,1.3995622396469116,1L63,A98S,gnn_edge_s2024
ssym,3.2,0.702690601348877,1L63,A98V,gnn_edge_s2024
ssym,4.5,1.2783480882644653,1L63,L99A,gnn_edge_s2024
ssym,0.3,0.8740595579147339,1L63,L99F,gnn_edge_s2024
ssym,1.5,0.6819345951080322,1L63,L99I,gnn_edge_s2024
ssym,0.6,0.7708781957626343,1L63,L99M,gnn_edge_s2024
ssym,2.0,0.7322924137115479,1L63,L99V,gnn_edge_s2024
ssym,3.4,1.3678966760635376,1L63,I100A,gnn_edge_s2024
ssym,1.6,0.9133930206298828,1L63,I100M,gnn_edge_s2024
ssym,0.4,0.8449254035949707,1L63,I100V,gnn_edge_s2024
ssym,1.5,1.3977980613708496,1L63,N101A,gnn_edge_s2024
ssym,1.0,0.5006681680679321,1L63,M102L,gnn_edge_s2024
ssym,2.2,1.0379550457000732,1L63,V103A,gnn_edge_s2024
ssym,0.5,0.49931928515434265,1L63,V103I,gnn_edge_s2024
ssym,1.2,0.5329775810241699,1L63,V103M,gnn_edge_s2024
ssym,0.4,0.5486835241317749,1L63,F104M,gnn_edge_s2024
ssym,1.2,0.3072788119316101,1L63,Q105M,gnn_edge_s2024
ssym,-0.2,0.4230335056781769,1L63,M106I,gnn_edge_s2024
ssym,-0.5,0.5244133472442627,1L63,M106L,gnn_edge_s2024
ssym,3.4,0.8192578554153442,1L63,M106K,gnn_edge_s2024
ssym,-0.6,-0.1493794322013855,1L63,T109D,gnn_edge_s2024
ssym,-0.1,-0.19923463463783264,1L63,T109N,gnn_edge_s2024
ssym,1.3,1.3737214803695679,1L63,V111A,gnn_edge_s2024
ssym,0.9,0.5282497406005859,1L63,V111I,gnn_edge_s2024
ssym,0.7,0.6220426559448242,1L63,V111M,gnn_edge_s2024
ssym,-1.1,0.3160659670829773,1L63,S117F,gnn_edge_s2024
ssym,3.2,1.4848910570144653,1L63,L118A,gnn_edge_s2024
ssym,0.7,1.2580677270889282,1L63,L118M,gnn_edge_s2024
ssym,-0.5,0.3624092638492584,1L63,M120L,gnn_edge_s2024
ssym,1.6,0.3431309461593628,1L63,M120K,gnn_edge_s2024
ssym,0.1,0.3410190939903259,1L63,M120Y,gnn_edge_s2024
ssym,0.8,1.0259971618652344,1L63,L121M,gnn_edge_s2024
ssym,1.2,0.39564236998558044,1L63,A129F,gnn_edge_s2024
ssym,2.2,0.3933890163898468,1L63,A129W,gnn_edge_s2024
ssym,-1.0,0.9590768814086914,1L63,A130S,gnn_edge_s2024
ssym,0.3,0.9216108322143555,1L63,L133F,gnn_edge_s2024
ssym,0.4,0.9804165363311768,1L63,L133M,gnn_edge_s2024
ssym,0.1,0.9775800704956055,1L63,A134S,gnn_edge_s2024
ssym,-0.5,0.19142138957977295,1L63,N144E,gnn_edge_s2024
ssym,3.2,2.061373233795166,1L63,V149A,gnn_edge_s2024
ssym,2.0,1.9976272583007812,1L63,V149C,gnn_edge_s2024
ssym,4.9,2.447899580001831,1L63,V149G,gnn_edge_s2024
ssym,0.1,1.0746302604675293,1L63,V149I,gnn_edge_s2024
ssym,2.8,1.2486127614974976,1L63,V149M,gnn_edge_s2024
ssym,2.8,2.5761866569519043,1L63,V149T,gnn_edge_s2024
ssym,4.4,2.32254958152771,1L63,V149S,gnn_edge_s2024
ssym,1.5,2.6033949851989746,1L63,T152A,gnn_edge_s2024
ssym,0.5,1.5126979351043701,1L63,T152C,gnn_edge_s2024
ssym,0.4,1.038974404335022,1L63,T152I,gnn_edge_s2024
ssym,2.0,1.842387080192566,1L63,T152S,gnn_edge_s2024
ssym,-0.2,1.2613486051559448,1L63,T152V,gnn_edge_s2024
ssym,3.8,1.4197043180465698,1L63,F153A,gnn_edge_s2024
ssym,0.2,0.682801365852356,1L63,F153I,gnn_edge_s2024
ssym,-0.3,0.6828818321228027,1L63,F153L,gnn_edge_s2024
ssym,0.6,0.955644965171814,1L63,F153M,gnn_edge_s2024
ssym,1.8,0.7840911149978638,1L63,F153V,gnn_edge_s2024
ssym,1.5,-0.12052193284034729,1LZ1,V2A,gnn_edge_s2024
ssym,1.3,-0.23739412426948547,1LZ1,V2G,gnn_edge_s2024
ssym,1.4,-0.12137264013290405,1LZ1,V2S,gnn_edge_s2024
ssym,0.4,-0.07568499445915222,1LZ1,V2Y,gnn_edge_s2024
ssym,1.4,0.0036322325468063354,1LZ1,V2D,gnn_edge_s2024
ssym,1.3,-0.2856422960758209,1LZ1,V2N,gnn_edge_s2024
ssym,0.4,0.31947654485702515,1LZ1,V2R,gnn_edge_s2024
ssym,-0.3,-0.17994287610054016,1LZ1,V2L,gnn_edge_s2024
ssym,0.2,0.00833161175251007,1LZ1,V2M,gnn_edge_s2024
ssym,0.8,0.14728578925132751,1LZ1,V2F,gnn_edge_s2024
ssym,0.5,-0.015257120132446289,1LZ1,Y20F,gnn_edge_s2024
ssym,2.5,1.112507700920105,1LZ1,I23A,gnn_edge_s2024
ssym,0.4,0.4415043890476227,1LZ1,I23V,gnn_edge_s2024
ssym,0.2,-0.021896451711654663,1LZ1,Y38F,gnn_edge_s2024
ssym,-0.1,0.013273119926452637,1LZ1,Y45F,gnn_edge_s2024
ssym,-0.1,0.44629013538360596,1LZ1,A47P,gnn_edge_s2024
ssym,1.0,-0.5901937484741211,1LZ1,Y54F,gnn_edge_s2024
ssym,3.7,1.3028146028518677,1LZ1,I56A,gnn_edge_s2024
ssym,4.3,1.446151614189148,1LZ1,I56T,gnn_edge_s2024
ssym,1.2,0.9704917669296265,1LZ1,I56V,gnn_edge_s2024
ssym,1.7,2.482975482940674,1LZ1,I59A,gnn_edge_s2024
ssym,3.8,2.91929292678833,1LZ1,I59G,gnn_edge_s2024
ssym,1.1,2.2612578868865967,1LZ1,I59V,gnn_edge_s2024
ssym,0.2,0.40725046396255493,1LZ1,Y63F,gnn_edge_s2024
ssym,1.6,1.3408397436141968,1LZ1,P71G,gnn_edge_s2024
ssym,0.4,1.1418907642364502,1LZ1,V74A,gnn_edge_s2024
ssym,0.1,0.6722861528396606,1LZ1,V74G,gnn_edge_s2024
ssym,1.9,0.12252189218997955,1LZ1,V74I,gnn_edge_s2024
ssym,0.4,0.3549484610557556,1LZ1,V74L,gnn_edge_s2024
ssym,0.4,0.30952948331832886,1LZ1,V74M,gnn_edge_s2024
ssym,0.0,0.3883037567138672,1LZ1,V74F,gnn_edge_s2024
ssym,0.3,0.5372257232666016,1LZ1,V74Y,gnn_edge_s2024
ssym,0.4,0.6134025454521179,1LZ1,V74D,gnn_edge_s2024
ssym,0.3,1.0855889320373535,1LZ1,V74N,gnn_edge_s2024
ssym,0.1,0.9261572360992432,1LZ1,V74R,gnn_edge_s2024
ssym,0.4,1.0348516702651978,1LZ1,V74S,gnn_edge_s2024
ssym,4.6,1.2288016080856323,1LZ1,C77A,gnn_edge_s2024
ssym,2.7,0.7069618701934814,1LZ1,I89A,gnn_edge_s2024
ssym,0.5,0.3976602256298065,1LZ1,I89V,gnn_edge_s2024
ssym,0.4,0.6640071868896484,1LZ1,D91P,gnn_edge_s2024
ssym,0.7,0.7401518821716309,1LZ1,V93A,gnn_edge_s2024
ssym,1.0,1.3137413263320923,1LZ1,V99A,gnn_edge_s2024
ssym,0.3,0.7495085000991821,1LZ1,V100A,gnn_edge_s2024
ssym,0.1,0.500727653503418,1LZ1,P103G,gnn_edge_s2024
ssym,0.9,1.149770736694336,1LZ1,I106A,gnn_edge_s2024
ssym,0.7,0.4875781536102295,1LZ1,I106V,gnn_edge_s2024
ssym,-0.5,0.015326231718063354,1LZ1,V110A,gnn_edge_s2024
ssym,-0.2,0.1441531777381897,1LZ1,V110D,gnn_edge_s2024
ssym,2.2,0.041339948773384094,1LZ1,V110G,gnn_edge_s2024
ssym,0.8,-0.15094676613807678,1LZ1,V110I,gnn_edge_s2024
ssym,-0.1,-0.04862558841705322,1LZ1,V110L,gnn_edge_s2024
ssym,-0.4,-0.12193968892097473,1LZ1,V110M,gnn_edge_s2024
ssym,-0.1,-0.0423416793346405,1LZ1,V110N,gnn_edge_s2024
ssym,-0.9,7.718801498413086e-06,1LZ1,V110R,gnn_edge_s2024
ssym,1.9,-0.03227725625038147,1LZ1,V110F,gnn_edge_s2024
ssym,-0.5,-0.009552448987960815,1LZ1,V110P,gnn_edge_s2024
ssym,0.1,-0.10582473874092102,1LZ1,V110Y,gnn_edge_s2024
ssym,1.4,1.0873527526855469,1LZ1,V121A,gnn_edge_s2024
ssym,0.4,0.5770245790481567,1LZ1,Y124F,gnn_edge_s2024
ssym,1.3,1.3706170320510864,1LZ1,V125A,gnn_edge_s2024
ssym,0.8,0.5548062324523926,1LZ1,V130A,gnn_edge_s2024
ssym,-0.2,1.0218770503997803,1OH0,Y32F,gnn_edge_s2024
ssym,1.2,1.1603420972824097,1OH0,Y57F,gnn_edge_s2024
ssym,-1.4,0.620580792427063,1RN1,Q25K,gnn_edge_s2024
ssym,0.4,1.3023337125778198,1VQB,I47L,gnn_edge_s2024
ssym,1.7,1.2817041873931885,1VQB,I47M,gnn_edge_s2024
ssym,2.0,1.2674552202224731,1VQB,I47V,gnn_edge_s2024
ssym,0.6,0.8730186223983765,1VQB,V35I,gnn_edge_s2024
ssym,3.2,-0.5436031818389893,1VQB,Y41F,gnn_edge_s2024
ssym,-0.7,0.7304044961929321,2LZM,I3L,gnn_edge_s2024
ssym,0.0,1.1710801124572754,2LZM,I3C,gnn_edge_s2024
ssym,3.0,1.1955221891403198,2LZM,I3P,gnn_edge_s2024
ssym,2.3,0.9584881067276001,2LZM,I3Y,gnn_edge_s2024
ssym,0.4,0.6905113458633423,2LZM,I3V,gnn_edge_s2024
ssym,1.4,0.7113555669784546,2LZM,M6I,gnn_edge_s2024
ssym,-0.5,0.46736714243888855,2LZM,K16E,gnn_edge_s2024
ssym,-0.6,-0.11650678515434265,2LZM,S38D,gnn_edge_s2024
ssym,0.6,0.22895671427249908,2LZM,N55G,gnn_edge_s2024
ssym,0.0,0.838053822517395,2LZM,K60P,gnn_edge_s2024
ssym,-0.4,0.684109091758728,2LZM,G77A,gnn_edge_s2024
ssym,-0.8,-0.14135676622390747,2LZM,A82P,gnn_edge_s2024
ssym,0.6,0.1539221704006195,2LZM,K85A,gnn_edge_s2024
ssym,0.5,0.19553767144680023,2LZM,D89A,gnn_edge_s2024
ssym,2.0,0.12930141389369965,2LZM,R96A,gnn_edge_s2024
ssym,3.5,0.2561546862125397,2LZM,R96D,gnn_edge_s2024
ssym,2.7,0.040066733956336975,2LZM,R96M,gnn_edge_s2024
ssym,2.5,0.49215197563171387,2LZM,R96E,gnn_edge_s2024
ssym,2.6,0.13463552296161652,2LZM,R96G,gnn_edge_s2024
ssym,0.3,0.2114047408103943,2LZM,R96Q,gnn_edge_s2024
ssym,3.1,0.10724887251853943,2LZM,R96H,gnn_edge_s2024
ssym,3.0,0.42773208022117615,2LZM,R96N,gnn_edge_s2024
ssym,0.0,0.09256389737129211,2LZM,R96K,gnn_edge_s2024
ssym,2.6,0.010666981339454651,2LZM,R96S,gnn_edge_s2024
ssym,4.7,0.1863880157470703,2LZM,R96Y,gnn_edge_s2024
ssym,2.4,0.07974560558795929,2LZM,R96V,gnn_edge_s2024
ssym,4.5,0.15936699509620667,2LZM,R96W,gnn_edge_s2024
ssym,4.9,0.6191143989562988,2LZM,A98V,gnn_edge_s2024
ssym,0.6,1.0182515382766724,2LZM,Q105A,gnn_edge_s2024
ssym,1.1,0.6736085414886475,2LZM,Q105E,gnn_edge_s2024
ssym,1.5,0.9751023054122925,2LZM,Q105G,gnn_edge_s2024
ssym,-0.3,0.3605836033821106,2LZM,G113A,gnn_edge_s2024
ssym,-0.3,0.4744439721107483,2LZM,T115E,gnn_edge_s2024
ssym,-0.6,0.15520115196704865,2LZM,N116D,gnn_edge_s2024
ssym,0.0,0.21031329035758972,2LZM,R119E,gnn_edge_s2024
ssym,-0.4,0.14598043262958527,2LZM,Q123E,gnn_edge_s2024
ssym,0.1,0.3428642451763153,2LZM,K124G,gnn_edge_s2024
ssym,-0.3,0.36553239822387695,2LZM,V131A,gnn_edge_s2024
ssym,-0.1,0.6077234148979187,2LZM,V131D,gnn_edge_s2024
ssym,0.7,0.46769848465919495,2LZM,V131G,gnn_edge_s2024
ssym,-0.2,0.18408140540122986,2LZM,V131I,gnn_edge_s2024
ssym,-0.1,0.21333301067352295,2LZM,V131L,gnn_edge_s2024
ssym,0.1,0.4924320876598358,2LZM,V131S,gnn_edge_s2024
ssym,-0.1,0.09838156402111053,2LZM,V131M,gnn_edge_s2024
ssym,-0.2,0.5654770135879517,2LZM,V131E,gnn_edge_s2024
ssym,4.2,1.680188536643982,2LZM,L133A,gnn_edge_s2024
ssym,1.0,0.45957502722740173,2LZM,K135E,gnn_edge_s2024
ssym,-0.4,0.26508593559265137,2LZM,N144D,gnn_edge_s2024
ssym,0.7,1.2220245599746704,2LZM,K147E,gnn_edge_s2024
ssym,2.2,1.8393311500549316,2LZM,V149C,gnn_edge_s2024
ssym,2.6,1.4818979501724243,2LZM,T152S,gnn_edge_s2024
ssym,1.1,0.9518837928771973,2LZM,R154E,gnn_edge_s2024
ssym,2.3,1.0600279569625854,2LZM,G156D,gnn_edge_s2024
ssym,0.5,2.069265842437744,2LZM,T157A,gnn_edge_s2024
ssym,1.3,0.5677535533905029,2LZM,T157C,gnn_edge_s2024
ssym,1.1,1.4858839511871338,2LZM,T157D,gnn_edge_s2024
ssym,0.8,1.5171619653701782,2LZM,T157E,gnn_edge_s2024
ssym,2.4,0.6079201698303223,2LZM,T157F,gnn_edge_s2024
ssym,1.1,1.6259123086929321,2LZM,T157G,gnn_edge_s2024
ssym,2.1,1.3745760917663574,2LZM,T157H,gnn_edge_s2024
ssym,1.5,1.1602706909179688,2LZM,T157I,gnn_edge_s2024
ssym,1.7,0.8864974975585938,2LZM,T157L,gnn_edge_s2024
ssym,1.2,1.3635958433151245,2LZM,T157N,gnn_edge_s2024
ssym,-0.3,1.3387898206710815,2LZM,T157R,gnn_edge_s2024
ssym,0.7,1.1018352508544922,2LZM,T157S,gnn_edge_s2024
ssym,1.2,1.2995539903640747,2LZM,T157V,gnn_edge_s2024
ssym,-0.9,2.645808458328247,2RN2,D10N,gnn_edge_s2024
ssym,-0.2,3.4198384284973145,2RN2,E48Q,gnn_edge_s2024
ssym,0.5,1.3253169059753418,2RN2,A52F,gnn_edge_s2024
ssym,-1.9,1.3713088035583496,2RN2,A52I,gnn_edge_s2024
ssym,-1.3,1.4096829891204834,2RN2,A52L,gnn_edge_s2024
ssym,-1.7,1.6071470975875854,2RN2,A52V,gnn_edge_s2024
ssym,-0.4,1.2202762365341187,2RN2,H62A,gnn_edge_s2024
ssym,-1.1,1.1501452922821045,2RN2,H62P,gnn_edge_s2024
ssym,-0.9,1.981406807899475,2RN2,D70N,gnn_edge_s2024
ssym,-1.0,2.0757291316986084,2RN2,V74L,gnn_edge_s2024
ssym,-0.6,1.7342686653137207,2RN2,V74I,gnn_edge_s2024
ssym,0.9,2.346871852874756,2RN2,G77A,gnn_edge_s2024
ssym,-0.1,1.2301161289215088,2RN2,K95A,gnn_edge_s2024
ssym,-1.9,1.2563109397888184,2RN2,K95G,gnn_edge_s2024
ssym,-0.9,1.0340019464492798,2RN2,K95N,gnn_edge_s2024
ssym,-2.1,0.7795889377593994,2RN2,D134A,gnn_edge_s2024
ssym,-2.3,0.6586575508117676,2RN2,D134H,gnn_edge_s2024
ssym,-1.0,1.7143110036849976,2RN2,D134N,gnn_edge_s2024
ssym,-0.5,0.1345437467098236,4LYZ,M12F,gnn_edge_s2024
ssym,0.4,0.022021114826202393,4LYZ,M12L,gnn_edge_s2024
ssym,0.3,-1.1134363412857056,4LYZ,T40S,gnn_edge_s2024
ssym,0.7,1.4839922189712524,4LYZ,G49A,gnn_edge_s2024
ssym,0.9,0.7526217699050903,4LYZ,I55V,gnn_edge_s2024
ssym,1.2,2.182617425918579,4LYZ,I58M,gnn_edge_s2024
ssym,0.5,0.6832180023193359,4LYZ,G67A,gnn_edge_s2024
ssym,2.1,0.6813580989837646,4LYZ,G71A,gnn_edge_s2024
ssym,0.9,1.6209759712219238,4LYZ,I78M,gnn_edge_s2024
ssym,0.2,0.5541121959686279,4LYZ,S91A,gnn_edge_s2024
ssym,-1.0,0.9045089483261108,4LYZ,S91T,gnn_edge_s2024
ssym,0.9,1.2050608396530151,4LYZ,I98M,gnn_edge_s2024
ssym,1.2,0.3705666661262512,4LYZ,G102A,gnn_edge_s2024
ssym,0.8,-0.057761773467063904,4LYZ,G117A,gnn_edge_s2024
ssym,1.2,0.7908734083175659,5PTI,F22A,gnn_edge_s2024
ssym,5.9,4.373171329498291,5PTI,Y23A,gnn_edge_s2024
ssym,5.0,2.6090803146362305,5PTI,Y35G,gnn_edge_s2024
ssym,5.7,3.668829917907715,5PTI,N43G,gnn_edge_s2024
ssym,6.9,2.376126527786255,5PTI,F45A,gnn_edge_s2024
