pdb_id,mut_info,mut_idx,wt_has_h,atom_def,threshold,wt_edges,mt_edges,n_broken,n_formed
1BFM,M35W,34,1,ca,6.0,208,208,0,0
1BFM,M35W,34,1,ca,7.0,256,256,0,0
1BFM,M35W,34,1,ca,8.0,289,289,0,0
1BFM,M35W,34,1,ca,9.0,380,380,0,0
1BFM,M35W,34,1,ca,10.0,492,492,0,0
1BFM,M35W,34,1,cb,6.0,159,159,0,0
1BFM,M35W,34,1,cb,7.0,229,229,0,0
1BFM,M35W,34,1,cb,8.0,295,295,0,0
1BFM,M35W,34,1,cb,9.0,348,348,0,0
1BFM,M35W,34,1,cb,10.0,453,453,0,0
1BFM,M35W,34,1,centroid,6.0,88,86,4,2
1BFM,M35W,34,1,centroid,7.0,160,158,3,1
1BFM,M35W,34,1,centroid,8.0,222,223,0,1
1BFM,M35W,34,1,centroid,9.0,292,290,2,0
1BFM,M35W,34,1,centroid,10.0,381,380,5,4
1BFM,M35W,34,1,allatom,6.0,361,362,0,1
1BFM,M35W,34,1,allatom,7.0,470,468,2,0
1BFM,M35W,34,1,allatom,8.0,583,581,2,0
1BFM,M35W,34,1,allatom,9.0,673,675,0,2
1BFM,M35W,34,1,allatom,10.0,755,755,0,0
1BFM,M35Y,34,1,ca,6.0,208,208,0,0
1BFM,M35Y,34,1,ca,7.0,256,256,0,0
1BFM,M35Y,34,1,ca,8.0,289,289,0,0
1BFM,M35Y,34,1,ca,9.0,380,380,0,0
1BFM,M35Y,34,1,ca,10.0,492,492,0,0
1BFM,M35Y,34,1,cb,6.0,159,159,0,0
1BFM,M35Y,34,1,cb,7.0,229,229,0,0
1BFM,M35Y,34,1,cb,8.0,295,295,0,0
1BFM,M35Y,34,1,cb,9.0,348,348,0,0
1BFM,M35Y,34,1,cb,10.0,453,453,0,0
1BFM,M35Y,34,1,centroid,6.0,88,85,4,1
1BFM,M35Y,34,1,centroid,7.0,160,157,3,0
1BFM,M35Y,34,1,centroid,8.0,222,222,1,1
1BFM,M35Y,34,1,centroid,9.0,292,290,2,0
1BFM,M35Y,34,1,centroid,10.0,381,381,4,4
1BFM,M35Y,34,1,allatom,6.0,361,361,1,1
1BFM,M35Y,34,1,allatom,7.0,470,469,1,0
1BFM,M35Y,34,1,allatom,8.0,583,581,2,0
1BFM,M35Y,34,1,allatom,9.0,673,674,0,1
1BFM,M35Y,34,1,allatom,10.0,755,754,1,0
1D5G,H71Y,70,1,ca,6.0,227,227,0,0
1D5G,H71Y,70,1,ca,7.0,353,353,0,0
1D5G,H71Y,70,1,ca,8.0,450,450,0,0
1D5G,H71Y,70,1,ca,9.0,555,555,0,0
1D5G,H71Y,70,1,ca,10.0,712,712,0,0
1D5G,H71Y,70,1,cb,6.0,194,194,0,0
1D5G,H71Y,70,1,cb,7.0,293,293,0,0
1D5G,H71Y,70,1,cb,8.0,427,427,0,0
1D5G,H71Y,70,1,cb,9.0,536,536,0,0
1D5G,H71Y,70,1,cb,10.0,689,689,0,0
1D5G,H71Y,70,1,centroid,6.0,143,137,6,0
1D5G,H71Y,70,1,centroid,7.0,243,241,4,2
1D5G,H71Y,70,1,centroid,8.0,351,350,2,1
1D5G,H71Y,70,1,centroid,9.0,493,490,3,0
1D5G,H71Y,70,1,centroid,10.0,652,647,5,0
1D5G,H71Y,70,1,allatom,6.0,525,524,1,0
1D5G,H71Y,70,1,allatom,7.0,680,680,0,0
1D5G,H71Y,70,1,allatom,8.0,881,879,2,0
1D5G,H71Y,70,1,allatom,9.0,1102,1102,1,1
1D5G,H71Y,70,1,allatom,10.0,1307,1305,2,0
1D5G,I20F,19,1,ca,6.0,227,227,0,0
1D5G,I20F,19,1,ca,7.0,353,353,0,0
1D5G,I20F,19,1,ca,8.0,450,450,0,0
1D5G,I20F,19,1,ca,9.0,555,555,0,0
1D5G,I20F,19,1,ca,10.0,712,712,0,0
1D5G,I20F,19,1,cb,6.0,194,194,0,0
1D5G,I20F,19,1,cb,7.0,293,293,0,0
1D5G,I20F,19,1,cb,8.0,427,427,0,0
1D5G,I20F,19,1,cb,9.0,536,536,0,0
1D5G,I20F,19,1,cb,10.0,689,689,0,0
1D5G,I20F,19,1,centroid,6.0,143,142,3,2
1D5G,I20F,19,1,centroid,7.0,243,244,1,2
1D5G,I20F,19,1,centroid,8.0,351,350,4,3
1D5G,I20F,19,1,centroid,9.0,493,495,1,3
1D5G,I20F,19,1,centroid,10.0,652,652,3,3
1D5G,I20F,19,1,allatom,6.0,525,528,2,5
1D5G,I20F,19,1,allatom,7.0,680,683,3,6
1D5G,I20F,19,1,allatom,8.0,881,883,5,7
1D5G,I20F,19,1,allatom,9.0,1102,1103,4,5
1D5G,I20F,19,1,allatom,10.0,1307,1308,6,7
1EKG,L198C,108,0,ca,6.0,322,322,0,0
1EKG,L198C,108,0,ca,7.0,453,453,0,0
1EKG,L198C,108,0,ca,8.0,540,540,0,0
1EKG,L198C,108,0,ca,9.0,711,711,0,0
1EKG,L198C,108,0,ca,10.0,948,948,0,0
1EKG,L198C,108,0,cb,6.0,255,255,0,0
1EKG,L198C,108,0,cb,7.0,388,388,0,0
1EKG,L198C,108,0,cb,8.0,550,550,0,0
1EKG,L198C,108,0,cb,9.0,700,700,0,0
1EKG,L198C,108,0,cb,10.0,925,925,0,0
1EKG,L198C,108,0,centroid,6.0,202,201,3,2
1EKG,L198C,108,0,centroid,7.0,329,331,0,2
1EKG,L198C,108,0,centroid,8.0,462,465,0,3
1EKG,L198C,108,0,centroid,9.0,648,649,4,5
1EKG,L198C,108,0,centroid,10.0,881,884,0,3
1EKG,L198C,108,0,allatom,6.0,711,712,0,1
1EKG,L198C,108,0,allatom,7.0,943,946,3,6
1EKG,L198C,108,0,allatom,8.0,1269,1262,8,1
1EKG,L198C,108,0,allatom,9.0,1540,1539,3,2
1EKG,L198C,108,0,allatom,10.0,1876,1874,6,4
1EKG,L200C,110,0,ca,6.0,322,322,0,0
1EKG,L200C,110,0,ca,7.0,453,453,0,0
1EKG,L200C,110,0,ca,8.0,540,540,0,0
1EKG,L200C,110,0,ca,9.0,711,711,0,0
1EKG,L200C,110,0,ca,10.0,948,948,0,0
1EKG,L200C,110,0,cb,6.0,255,255,0,0
1EKG,L200C,110,0,cb,7.0,388,388,0,0
1EKG,L200C,110,0,cb,8.0,550,550,0,0
1EKG,L200C,110,0,cb,9.0,700,700,0,0
1EKG,L200C,110,0,cb,10.0,925,925,0,0
1EKG,L200C,110,0,centroid,6.0,202,202,0,0
1EKG,L200C,110,0,centroid,7.0,329,331,1,3
1EKG,L200C,110,0,centroid,8.0,462,463,0,1
1EKG,L200C,110,0,centroid,9.0,648,647,3,2
1EKG,L200C,110,0,centroid,10.0,881,882,1,2
1EKG,L200C,110,0,allatom,6.0,711,711,1,1
1EKG,L200C,110,0,allatom,7.0,943,944,4,5
1EKG,L200C,110,0,allatom,8.0,1269,1265,5,1
1EKG,L200C,110,0,allatom,9.0,1540,1537,4,1
1EKG,L200C,110,0,allatom,10.0,1876,1871,7,2
1EKG,L203C,113,0,ca,6.0,322,322,0,0
1EKG,L203C,113,0,ca,7.0,453,453,0,0
1EKG,L203C,113,0,ca,8.0,540,540,0,0
1EKG,L203C,113,0,ca,9.0,711,711,0,0
1EKG,L203C,113,0,ca,10.0,948,948,0,0
1EKG,L203C,113,0,cb,6.0,255,255,0,0
1EKG,L203C,113,0,cb,7.0,388,388,0,0
1EKG,L203C,113,0,cb,8.0,550,550,0,0
1EKG,L203C,113,0,cb,9.0,700,700,0,0
1EKG,L203C,113,0,cb,10.0,925,925,0,0
1EKG,L203C,113,0,centroid,6.0,202,202,1,1
1EKG,L203C,113,0,centroid,7.0,329,331,0,2
1EKG,L203C,113,0,centroid,8.0,462,462,1,1
1EKG,L203C,113,0,centroid,9.0,648,646,4,2
1EKG,L203C,113,0,centroid,10.0,881,882,2,3
1EKG,L203C,113,0,allatom,6.0,711,711,0,0
1EKG,L203C,113,0,allatom,7.0,943,943,5,5
1EKG,L203C,113,0,allatom,8.0,1269,1264,6,1
1EKG,L203C,113,0,allatom,9.0,1540,1537,6,3
1EKG,L203C,113,0,allatom,10.0,1876,1877,2,3
1EKG,S181F,91,0,ca,6.0,322,322,0,0
1EKG,S181F,91,0,ca,7.0,453,453,0,0
1EKG,S181F,91,0,ca,8.0,540,540,0,0
1EKG,S181F,91,0,ca,9.0,711,711,0,0
1EKG,S181F,91,0,ca,10.0,948,948,0,0
1EKG,S181F,91,0,cb,6.0,255,255,0,0
1EKG,S181F,91,0,cb,7.0,388,388,0,0
1EKG,S181F,91,0,cb,8.0,550,550,0,0
1EKG,S181F,91,0,cb,9.0,700,700,0,0
1EKG,S181F,91,0,cb,10.0,925,925,0,0
1EKG,S181F,91,0,centroid,6.0,202,201,2,1
1EKG,S181F,91,0,centroid,7.0,329,329,4,4
1EKG,S181F,91,0,centroid,8.0,462,461,3,2
1EKG,S181F,91,0,centroid,9.0,648,643,6,1
1EKG,S181F,91,0,centroid,10.0,881,874,7,0
1EKG,S181F,91,0,allatom,6.0,711,715,0,4
1EKG,S181F,91,0,allatom,7.0,943,944,4,5
1EKG,S181F,91,0,allatom,8.0,1269,1267,3,1
1EKG,S181F,91,0,allatom,9.0,1540,1542,0,2
1EKG,S181F,91,0,allatom,10.0,1876,1875,3,2
1FRD,H42R,41,0,ca,6.0,258,258,0,0
1FRD,H42R,41,0,ca,7.0,390,390,0,0
1FRD,H42R,41,0,ca,8.0,469,469,0,0
1FRD,H42R,41,0,ca,9.0,606,606,0,0
1FRD,H42R,41,0,ca,10.0,855,855,0,0
1FRD,H42R,41,0,cb,6.0,241,241,0,0
1FRD,H42R,41,0,cb,7.0,345,345,0,0
1FRD,H42R,41,0,cb,8.0,475,475,0,0
1FRD,H42R,41,0,cb,9.0,604,604,0,0
1FRD,H42R,41,0,cb,10.0,824,824,0,0
1FRD,H42R,41,0,centroid,6.0,178,177,2,1
1FRD,H42R,41,0,centroid,7.0,289,287,2,0
1FRD,H42R,41,0,centroid,8.0,404,403,3,2
1FRD,H42R,41,0,centroid,9.0,573,570,3,0
1FRD,H42R,41,0,centroid,10.0,770,770,2,2
1FRD,H42R,41,0,allatom,6.0,604,605,0,1
1FRD,H42R,41,0,allatom,7.0,796,797,1,2
1FRD,H42R,41,0,allatom,8.0,1082,1085,0,3
1FRD,H42R,41,0,allatom,9.0,1320,1325,1,6
1FRD,H42R,41,0,allatom,10.0,1586,1587,1,2
1FXA,E94D,93,0,ca,6.0,262,262,0,0
1FXA,E94D,93,0,ca,7.0,390,390,0,0
1FXA,E94D,93,0,ca,8.0,474,474,0,0
1FXA,E94D,93,0,ca,9.0,621,621,0,0
1FXA,E94D,93,0,ca,10.0,846,846,0,0
1FXA,E94D,93,0,cb,6.0,232,232,0,0
1FXA,E94D,93,0,cb,7.0,338,338,0,0
1FXA,E94D,93,0,cb,8.0,473,473,0,0
1FXA,E94D,93,0,cb,9.0,611,611,0,0
1FXA,E94D,93,0,cb,10.0,816,816,0,0
1FXA,E94D,93,0,centroid,6.0,182,181,2,1
1FXA,E94D,93,0,centroid,7.0,286,285,2,1
1FXA,E94D,93,0,centroid,8.0,407,407,2,2
1FXA,E94D,93,0,centroid,9.0,588,588,4,4
1FXA,E94D,93,0,centroid,10.0,786,785,4,3
1FXA,E94D,93,0,allatom,6.0,601,601,1,1
1FXA,E94D,93,0,allatom,7.0,788,785,3,0
1FXA,E94D,93,0,allatom,8.0,1084,1083,1,0
1FXA,E94D,93,0,allatom,9.0,1303,1303,1,1
1FXA,E94D,93,0,allatom,10.0,1587,1587,3,3
1FXA,E94K,93,0,ca,6.0,262,262,0,0
1FXA,E94K,93,0,ca,7.0,390,390,0,0
1FXA,E94K,93,0,ca,8.0,474,474,0,0
1FXA,E94K,93,0,ca,9.0,621,621,0,0
1FXA,E94K,93,0,ca,10.0,846,846,0,0
1FXA,E94K,93,0,cb,6.0,232,232,0,0
1FXA,E94K,93,0,cb,7.0,338,338,0,0
1FXA,E94K,93,0,cb,8.0,473,473,0,0
1FXA,E94K,93,0,cb,9.0,611,611,0,0
1FXA,E94K,93,0,cb,10.0,816,816,0,0
1FXA,E94K,93,0,centroid,6.0,182,181,2,1
1FXA,E94K,93,0,centroid,7.0,286,285,2,1
1FXA,E94K,93,0,centroid,8.0,407,405,4,2
1FXA,E94K,93,0,centroid,9.0,588,584,7,3
1FXA,E94K,93,0,centroid,10.0,786,783,5,2
1FXA,E94K,93,0,allatom,6.0,601,601,1,1
1FXA,E94K,93,0,allatom,7.0,788,785,3,0
1FXA,E94K,93,0,allatom,8.0,1084,1082,2,0
1FXA,E94K,93,0,allatom,9.0,1303,1302,2,1
1FXA,E94K,93,0,allatom,10.0,1587,1587,4,4
1FXA,E94Q,93,0,ca,6.0,262,262,0,0
1FXA,E94Q,93,0,ca,7.0,390,390,0,0
1FXA,E94Q,93,0,ca,8.0,474,474,0,0
1FXA,E94Q,93,0,ca,9.0,621,621,0,0
1FXA,E94Q,93,0,ca,10.0,846,846,0,0
1FXA,E94Q,93,0,cb,6.0,232,232,0,0
1FXA,E94Q,93,0,cb,7.0,338,338,0,0
1FXA,E94Q,93,0,cb,8.0,473,473,0,0
1FXA,E94Q,93,0,cb,9.0,611,611,0,0
1FXA,E94Q,93,0,cb,10.0,816,816,0,0
1FXA,E94Q,93,0,centroid,6.0,182,181,2,1
1FXA,E94Q,93,0,centroid,7.0,286,286,2,2
1FXA,E94Q,93,0,centroid,8.0,407,407,2,2
1FXA,E94Q,93,0,centroid,9.0,588,588,3,3
1FXA,E94Q,93,0,centroid,10.0,786,784,3,1
1FXA,E94Q,93,0,allatom,6.0,601,601,1,1
1FXA,E94Q,93,0,allatom,7.0,788,786,3,1
1FXA,E94Q,93,0,allatom,8.0,1084,1084,0,0
1FXA,E94Q,93,0,allatom,9.0,1303,1303,1,1
1FXA,E94Q,93,0,allatom,10.0,1587,1587,3,3
1FXA,E95K,94,0,ca,6.0,262,262,0,0
1FXA,E95K,94,0,ca,7.0,390,390,0,0
1FXA,E95K,94,0,ca,8.0,474,474,0,0
1FXA,E95K,94,0,ca,9.0,621,621,0,0
1FXA,E95K,94,0,ca,10.0,846,846,0,0
1FXA,E95K,94,0,cb,6.0,232,232,0,0
1FXA,E95K,94,0,cb,7.0,338,338,0,0
1FXA,E95K,94,0,cb,8.0,473,473,0,0
1FXA,E95K,94,0,cb,9.0,611,611,0,0
1FXA,E95K,94,0,cb,10.0,816,816,0,0
1FXA,E95K,94,0,centroid,6.0,182,182,0,0
1FXA,E95K,94,0,centroid,7.0,286,286,0,0
1FXA,E95K,94,0,centroid,8.0,407,407,0,0
1FXA,E95K,94,0,centroid,9.0,588,587,1,0
1FXA,E95K,94,0,centroid,10.0,786,785,1,0
1FXA,E95K,94,0,allatom,6.0,601,601,0,0
1FXA,E95K,94,0,allatom,7.0,788,788,0,0
1FXA,E95K,94,0,allatom,8.0,1084,1083,1,0
1FXA,E95K,94,0,allatom,9.0,1303,1303,0,0
1FXA,E95K,94,0,allatom,10.0,1587,1587,0,0
1FXA,F65A,64,0,ca,6.0,262,262,0,0
1FXA,F65A,64,0,ca,7.0,390,390,0,0
1FXA,F65A,64,0,ca,8.0,474,474,0,0
1FXA,F65A,64,0,ca,9.0,621,621,0,0
1FXA,F65A,64,0,ca,10.0,846,846,0,0
1FXA,F65A,64,0,cb,6.0,232,232,0,0
1FXA,F65A,64,0,cb,7.0,338,338,0,0
1FXA,F65A,64,0,cb,8.0,473,473,0,0
1FXA,F65A,64,0,cb,9.0,611,611,0,0
1FXA,F65A,64,0,cb,10.0,816,816,0,0
1FXA,F65A,64,0,centroid,6.0,182,187,1,6
1FXA,F65A,64,0,centroid,7.0,286,286,3,3
1FXA,F65A,64,0,centroid,8.0,407,405,4,2
1FXA,F65A,64,0,centroid,9.0,588,586,5,3
1FXA,F65A,64,0,centroid,10.0,786,784,8,6
1FXA,F65A,64,0,allatom,6.0,601,597,4,0
1FXA,F65A,64,0,allatom,7.0,788,782,6,0
1FXA,F65A,64,0,allatom,8.0,1084,1080,5,1
1FXA,F65A,64,0,allatom,9.0,1303,1301,2,0
1FXA,F65A,64,0,allatom,10.0,1587,1583,8,4
1FXA,F65I,64,0,ca,6.0,262,262,0,0
1FXA,F65I,64,0,ca,7.0,390,390,0,0
1FXA,F65I,64,0,ca,8.0,474,474,0,0
1FXA,F65I,64,0,ca,9.0,621,621,0,0
1FXA,F65I,64,0,ca,10.0,846,846,0,0
1FXA,F65I,64,0,cb,6.0,232,231,1,0
1FXA,F65I,64,0,cb,7.0,338,338,0,0
1FXA,F65I,64,0,cb,8.0,473,473,0,0
1FXA,F65I,64,0,cb,9.0,611,611,0,0
1FXA,F65I,64,0,cb,10.0,816,815,1,0
1FXA,F65I,64,0,centroid,6.0,182,187,0,5
1FXA,F65I,64,0,centroid,7.0,286,287,2,3
1FXA,F65I,64,0,centroid,8.0,407,408,1,2
1FXA,F65I,64,0,centroid,9.0,588,586,5,3
1FXA,F65I,64,0,centroid,10.0,786,788,3,5
1FXA,F65I,64,0,allatom,6.0,601,599,2,0
1FXA,F65I,64,0,allatom,7.0,788,786,3,1
1FXA,F65I,64,0,allatom,8.0,1084,1085,4,5
1FXA,F65I,64,0,allatom,9.0,1303,1305,0,2
1FXA,F65I,64,0,allatom,10.0,1587,1583,7,3
1FXA,F65W,64,0,ca,6.0,262,262,0,0
1FXA,F65W,64,0,ca,7.0,390,390,0,0
1FXA,F65W,64,0,ca,8.0,474,474,0,0
1FXA,F65W,64,0,ca,9.0,621,621,0,0
1FXA,F65W,64,0,ca,10.0,846,846,0,0
1FXA,F65W,64,0,cb,6.0,232,232,0,0
1FXA,F65W,64,0,cb,7.0,338,338,0,0
1FXA,F65W,64,0,cb,8.0,473,473,0,0
1FXA,F65W,64,0,cb,9.0,611,611,0,0
1FXA,F65W,64,0,cb,10.0,816,816,0,0
1FXA,F65W,64,0,centroid,6.0,182,183,0,1
1FXA,F65W,64,0,centroid,7.0,286,287,1,2
1FXA,F65W,64,0,centroid,8.0,407,409,1,3
1FXA,F65W,64,0,centroid,9.0,588,588,2,2
1FXA,F65W,64,0,centroid,10.0,786,784,3,1
1FXA,F65W,64,0,allatom,6.0,601,601,0,0
1FXA,F65W,64,0,allatom,7.0,788,788,2,2
1FXA,F65W,64,0,allatom,8.0,1084,1086,1,3
1FXA,F65W,64,0,allatom,9.0,1303,1307,0,4
1FXA,F65W,64,0,allatom,10.0,1587,1588,2,3
1FXA,F65Y,64,0,ca,6.0,262,262,0,0
1FXA,F65Y,64,0,ca,7.0,390,390,0,0
1FXA,F65Y,64,0,ca,8.0,474,474,0,0
1FXA,F65Y,64,0,ca,9.0,621,621,0,0
1FXA,F65Y,64,0,ca,10.0,846,846,0,0
1FXA,F65Y,64,0,cb,6.0,232,232,0,0
1FXA,F65Y,64,0,cb,7.0,338,338,0,0
1FXA,F65Y,64,0,cb,8.0,473,473,0,0
1FXA,F65Y,64,0,cb,9.0,611,611,0,0
1FXA,F65Y,64,0,cb,10.0,816,816,0,0
1FXA,F65Y,64,0,centroid,6.0,182,182,1,1
1FXA,F65Y,64,0,centroid,7.0,286,286,0,0
1FXA,F65Y,64,0,centroid,8.0,407,408,0,1
1FXA,F65Y,64,0,centroid,9.0,588,587,2,1
1FXA,F65Y,64,0,centroid,10.0,786,785,1,0
1FXA,F65Y,64,0,allatom,6.0,601,602,0,1
1FXA,F65Y,64,0,allatom,7.0,788,788,1,1
1FXA,F65Y,64,0,allatom,8.0,1084,1084,1,1
1FXA,F65Y,64,0,allatom,9.0,1303,1304,0,1
1FXA,F65Y,64,0,allatom,10.0,1587,1585,2,0
1FXA,R42A,41,0,ca,6.0,262,262,0,0
1FXA,R42A,41,0,ca,7.0,390,390,0,0
1FXA,R42A,41,0,ca,8.0,474,474,0,0
1FXA,R42A,41,0,ca,9.0,621,621,0,0
1FXA,R42A,41,0,ca,10.0,846,846,0,0
1FXA,R42A,41,0,cb,6.0,232,232,0,0
1FXA,R42A,41,0,cb,7.0,338,338,0,0
1FXA,R42A,41,0,cb,8.0,473,473,0,0
1FXA,R42A,41,0,cb,9.0,611,611,0,0
1FXA,R42A,41,0,cb,10.0,816,816,0,0
1FXA,R42A,41,0,centroid,6.0,182,178,6,2
1FXA,R42A,41,0,centroid,7.0,286,286,4,4
1FXA,R42A,41,0,centroid,8.0,407,413,4,10
1FXA,R42A,41,0,centroid,9.0,588,589,3,4
1FXA,R42A,41,0,centroid,10.0,786,786,5,5
1FXA,R42A,41,0,allatom,6.0,601,599,3,1
1FXA,R42A,41,0,allatom,7.0,788,783,6,1
1FXA,R42A,41,0,allatom,8.0,1084,1078,9,3
1FXA,R42A,41,0,allatom,9.0,1303,1293,13,3
1FXA,R42A,41,0,allatom,10.0,1587,1579,9,1
1FXA,R42H,41,0,ca,6.0,262,262,0,0
1FXA,R42H,41,0,ca,7.0,390,390,0,0
1FXA,R42H,41,0,ca,8.0,474,474,0,0
1FXA,R42H,41,0,ca,9.0,621,621,0,0
1FXA,R42H,41,0,ca,10.0,846,846,0,0
1FXA,R42H,41,0,cb,6.0,232,232,0,0
1FXA,R42H,41,0,cb,7.0,338,338,0,0
1FXA,R42H,41,0,cb,8.0,473,473,0,0
1FXA,R42H,41,0,cb,9.0,611,611,0,0
1FXA,R42H,41,0,cb,10.0,816,816,0,0
1FXA,R42H,41,0,centroid,6.0,182,179,3,0
1FXA,R42H,41,0,centroid,7.0,286,287,2,3
1FXA,R42H,41,0,centroid,8.0,407,413,2,8
1FXA,R42H,41,0,centroid,9.0,588,590,1,3
1FXA,R42H,41,0,centroid,10.0,786,786,3,3
1FXA,R42H,41,0,allatom,6.0,601,601,2,2
1FXA,R42H,41,0,allatom,7.0,788,786,4,2
1FXA,R42H,41,0,allatom,8.0,1084,1079,7,2
1FXA,R42H,41,0,allatom,9.0,1303,1296,10,3
1FXA,R42H,41,0,allatom,10.0,1587,1584,4,1
1FXA,T48A,47,0,ca,6.0,262,262,0,0
1FXA,T48A,47,0,ca,7.0,390,390,0,0
1FXA,T48A,47,0,ca,8.0,474,474,0,0
1FXA,T48A,47,0,ca,9.0,621,621,0,0
1FXA,T48A,47,0,ca,10.0,846,846,0,0
1FXA,T48A,47,0,cb,6.0,232,232,0,0
1FXA,T48A,47,0,cb,7.0,338,338,0,0
1FXA,T48A,47,0,cb,8.0,473,473,0,0
1FXA,T48A,47,0,cb,9.0,611,611,0,0
1FXA,T48A,47,0,cb,10.0,816,816,0,0
1FXA,T48A,47,0,centroid,6.0,182,185,1,4
1FXA,T48A,47,0,centroid,7.0,286,287,0,1
1FXA,T48A,47,0,centroid,8.0,407,408,0,1
1FXA,T48A,47,0,centroid,9.0,588,587,2,1
1FXA,T48A,47,0,centroid,10.0,786,787,1,2
1FXA,T48A,47,0,allatom,6.0,601,600,1,0
1FXA,T48A,47,0,allatom,7.0,788,787,1,0
1FXA,T48A,47,0,allatom,8.0,1084,1084,0,0
1FXA,T48A,47,0,allatom,9.0,1303,1302,1,0
1FXA,T48A,47,0,allatom,10.0,1587,1586,2,1
1GLU,C500A,66,0,ca,6.0,204,204,0,0
1GLU,C500A,66,0,ca,7.0,282,282,0,0
1GLU,C500A,66,0,ca,8.0,353,353,0,0
1GLU,C500A,66,0,ca,9.0,482,482,0,0
1GLU,C500A,66,0,ca,10.0,636,636,0,0
1GLU,C500A,66,0,cb,6.0,178,178,0,0
1GLU,C500A,66,0,cb,7.0,262,262,0,0
1GLU,C500A,66,0,cb,8.0,361,361,0,0
1GLU,C500A,66,0,cb,9.0,472,472,0,0
1GLU,C500A,66,0,cb,10.0,633,633,0,0
1GLU,C500A,66,0,centroid,6.0,129,129,1,1
1GLU,C500A,66,0,centroid,7.0,205,202,3,0
1GLU,C500A,66,0,centroid,8.0,290,291,2,3
1GLU,C500A,66,0,centroid,9.0,420,418,2,0
1GLU,C500A,66,0,centroid,10.0,554,553,3,2
1GLU,C500A,66,0,allatom,6.0,451,449,2,0
1GLU,C500A,66,0,allatom,7.0,613,610,3,0
1GLU,C500A,66,0,allatom,8.0,788,788,2,2
1GLU,C500A,66,0,allatom,9.0,929,927,4,2
1GLU,C500A,66,0,allatom,10.0,1110,1106,4,0
1GUA,A118G,62,0,ca,6.0,192,192,0,0
1GUA,A118G,62,0,ca,7.0,281,281,0,0
1GUA,A118G,62,0,ca,8.0,338,338,0,0
1GUA,A118G,62,0,ca,9.0,427,427,0,0
1GUA,A118G,62,0,ca,10.0,561,561,0,0
1GUA,A118G,62,0,cb,6.0,152,154,0,2
1GUA,A118G,62,0,cb,7.0,242,241,2,1
1GUA,A118G,62,0,cb,8.0,344,343,1,0
1GUA,A118G,62,0,cb,9.0,418,414,4,0
1GUA,A118G,62,0,cb,10.0,528,529,1,2
1GUA,A118G,62,0,centroid,6.0,116,118,1,3
1GUA,A118G,62,0,centroid,7.0,195,198,1,4
1GUA,A118G,62,0,centroid,8.0,273,272,1,0
1GUA,A118G,62,0,centroid,9.0,379,378,2,1
1GUA,A118G,62,0,centroid,10.0,505,504,2,1
1GUA,A118G,62,0,allatom,6.0,419,418,1,0
1GUA,A118G,62,0,allatom,7.0,552,551,3,2
1GUA,A118G,62,0,allatom,8.0,744,740,4,0
1GUA,A118G,62,0,allatom,9.0,907,907,1,1
1GUA,A118G,62,0,allatom,10.0,1066,1064,2,0
1GUA,A118L,62,0,ca,6.0,192,192,0,0
1GUA,A118L,62,0,ca,7.0,281,281,0,0
1GUA,A118L,62,0,ca,8.0,338,338,0,0
1GUA,A118L,62,0,ca,9.0,427,427,0,0
1GUA,A118L,62,0,ca,10.0,561,561,0,0
1GUA,A118L,62,0,cb,6.0,152,152,0,0
1GUA,A118L,62,0,cb,7.0,242,242,0,0
1GUA,A118L,62,0,cb,8.0,344,344,0,0
1GUA,A118L,62,0,cb,9.0,418,418,0,0
1GUA,A118L,62,0,cb,10.0,528,528,0,0
1GUA,A118L,62,0,centroid,6.0,116,115,4,3
1GUA,A118L,62,0,centroid,7.0,195,194,2,1
1GUA,A118L,62,0,centroid,8.0,273,275,4,6
1GUA,A118L,62,0,centroid,9.0,379,375,6,2
1GUA,A118L,62,0,centroid,10.0,505,507,5,7
1GUA,A118L,62,0,allatom,6.0,419,425,0,6
1GUA,A118L,62,0,allatom,7.0,552,555,3,6
1GUA,A118L,62,0,allatom,8.0,744,746,3,5
1GUA,A118L,62,0,allatom,9.0,907,910,2,5
1GUA,A118L,62,0,allatom,10.0,1066,1070,5,9
1GUA,A85G,29,0,ca,6.0,192,192,0,0
1GUA,A85G,29,0,ca,7.0,281,281,0,0
1GUA,A85G,29,0,ca,8.0,338,338,0,0
1GUA,A85G,29,0,ca,9.0,427,427,0,0
1GUA,A85G,29,0,ca,10.0,561,561,0,0
1GUA,A85G,29,0,cb,6.0,152,152,2,2
1GUA,A85G,29,0,cb,7.0,242,242,2,2
1GUA,A85G,29,0,cb,8.0,344,343,2,1
1GUA,A85G,29,0,cb,9.0,418,417,2,1
1GUA,A85G,29,0,cb,10.0,528,526,2,0
1GUA,A85G,29,0,centroid,6.0,116,116,2,2
1GUA,A85G,29,0,centroid,7.0,195,194,1,0
1GUA,A85G,29,0,centroid,8.0,273,274,1,2
1GUA,A85G,29,0,centroid,9.0,379,378,2,1
1GUA,A85G,29,0,centroid,10.0,505,505,1,1
1GUA,A85G,29,0,allatom,6.0,419,419,0,0
1GUA,A85G,29,0,allatom,7.0,552,549,3,0
1GUA,A85G,29,0,allatom,8.0,744,742,2,0
1GUA,A85G,29,0,allatom,9.0,907,905,2,0
1GUA,A85G,29,0,allatom,10.0,1066,1064,2,0
1GUA,A97G,41,0,ca,6.0,192,192,0,0
1GUA,A97G,41,0,ca,7.0,281,281,0,0
1GUA,A97G,41,0,ca,8.0,338,338,0,0
1GUA,A97G,41,0,ca,9.0,427,427,0,0
1GUA,A97G,41,0,ca,10.0,561,561,0,0
1GUA,A97G,41,0,cb,6.0,152,150,2,0
1GUA,A97G,41,0,cb,7.0,242,243,0,1
1GUA,A97G,41,0,cb,8.0,344,345,0,1
1GUA,A97G,41,0,cb,9.0,418,419,1,2
1GUA,A97G,41,0,cb,10.0,528,531,0,3
1GUA,A97G,41,0,centroid,6.0,116,119,0,3
1GUA,A97G,41,0,centroid,7.0,195,196,1,2
1GUA,A97G,41,0,centroid,8.0,273,273,1,1
1GUA,A97G,41,0,centroid,9.0,379,378,3,2
1GUA,A97G,41,0,centroid,10.0,505,506,1,2
1GUA,A97G,41,0,allatom,6.0,419,418,1,0
1GUA,A97G,41,0,allatom,7.0,552,551,1,0
1GUA,A97G,41,0,allatom,8.0,744,742,3,1
1GUA,A97G,41,0,allatom,9.0,907,907,2,2
1GUA,A97G,41,0,allatom,10.0,1066,1066,0,0
1GUA,C81A,25,0,ca,6.0,192,192,0,0
1GUA,C81A,25,0,ca,7.0,281,281,0,0
1GUA,C81A,25,0,ca,8.0,338,338,0,0
1GUA,C81A,25,0,ca,9.0,427,427,0,0
1GUA,C81A,25,0,ca,10.0,561,561,0,0
1GUA,C81A,25,0,cb,6.0,152,152,0,0
1GUA,C81A,25,0,cb,7.0,242,242,0,0
1GUA,C81A,25,0,cb,8.0,344,344,0,0
1GUA,C81A,25,0,cb,9.0,418,418,0,0
1GUA,C81A,25,0,cb,10.0,528,528,0,0
1GUA,C81A,25,0,centroid,6.0,116,116,0,0
1GUA,C81A,25,0,centroid,7.0,195,196,0,1
1GUA,C81A,25,0,centroid,8.0,273,274,0,1
1GUA,C81A,25,0,centroid,9.0,379,376,3,0
1GUA,C81A,25,0,centroid,10.0,505,502,3,0
1GUA,C81A,25,0,allatom,6.0,419,418,1,0
1GUA,C81A,25,0,allatom,7.0,552,549,3,0
1GUA,C81A,25,0,allatom,8.0,744,739,5,0
1GUA,C81A,25,0,allatom,9.0,907,904,3,0
1GUA,C81A,25,0,allatom,10.0,1066,1063,3,0
1GUA,C81I,25,0,ca,6.0,192,192,0,0
1GUA,C81I,25,0,ca,7.0,281,281,0,0
1GUA,C81I,25,0,ca,8.0,338,338,0,0
1GUA,C81I,25,0,ca,9.0,427,427,0,0
1GUA,C81I,25,0,ca,10.0,561,561,0,0
1GUA,C81I,25,0,cb,6.0,152,152,0,0
1GUA,C81I,25,0,cb,7.0,242,242,0,0
1GUA,C81I,25,0,cb,8.0,344,344,0,0
1GUA,C81I,25,0,cb,9.0,418,418,0,0
1GUA,C81I,25,0,cb,10.0,528,528,0,0
1GUA,C81I,25,0,centroid,6.0,116,116,2,2
1GUA,C81I,25,0,centroid,7.0,195,197,0,2
1GUA,C81I,25,0,centroid,8.0,273,273,0,0
1GUA,C81I,25,0,centroid,9.0,379,377,2,0
1GUA,C81I,25,0,centroid,10.0,505,503,4,2
1GUA,C81I,25,0,allatom,6.0,419,421,0,2
1GUA,C81I,25,0,allatom,7.0,552,554,1,3
1GUA,C81I,25,0,allatom,8.0,744,745,1,2
1GUA,C81I,25,0,allatom,9.0,907,908,2,3
1GUA,C81I,25,0,allatom,10.0,1066,1066,2,2
1GUA,C95A,39,0,ca,6.0,192,192,0,0
1GUA,C95A,39,0,ca,7.0,281,281,0,0
1GUA,C95A,39,0,ca,8.0,338,338,0,0
1GUA,C95A,39,0,ca,9.0,427,427,0,0
1GUA,C95A,39,0,ca,10.0,561,561,0,0
1GUA,C95A,39,0,cb,6.0,152,152,0,0
1GUA,C95A,39,0,cb,7.0,242,242,0,0
1GUA,C95A,39,0,cb,8.0,344,344,0,0
1GUA,C95A,39,0,cb,9.0,418,418,0,0
1GUA,C95A,39,0,cb,10.0,528,528,0,0
1GUA,C95A,39,0,centroid,6.0,116,117,0,1
1GUA,C95A,39,0,centroid,7.0,195,195,0,0
1GUA,C95A,39,0,centroid,8.0,273,272,1,0
1GUA,C95A,39,0,centroid,9.0,379,379,0,0
1GUA,C95A,39,0,centroid,10.0,505,507,2,4
1GUA,C95A,39,0,allatom,6.0,419,418,1,0
1GUA,C95A,39,0,allatom,7.0,552,554,0,2
1GUA,C95A,39,0,allatom,8.0,744,744,0,0
1GUA,C95A,39,0,allatom,9.0,907,907,0,0
1GUA,C95A,39,0,allatom,10.0,1066,1066,0,0
1GUA,C96A,40,0,ca,6.0,192,192,0,0
1GUA,C96A,40,0,ca,7.0,281,281,0,0
1GUA,C96A,40,0,ca,8.0,338,338,0,0
1GUA,C96A,40,0,ca,9.0,427,427,0,0
1GUA,C96A,40,0,ca,10.0,561,561,0,0
1GUA,C96A,40,0,cb,6.0,152,152,0,0
1GUA,C96A,40,0,cb,7.0,242,242,0,0
1GUA,C96A,40,0,cb,8.0,344,344,0,0
1GUA,C96A,40,0,cb,9.0,418,418,0,0
1GUA,C96A,40,0,cb,10.0,528,528,0,0
1GUA,C96A,40,0,centroid,6.0,116,119,0,3
1GUA,C96A,40,0,centroid,7.0,195,196,0,1
1GUA,C96A,40,0,centroid,8.0,273,273,1,1
1GUA,C96A,40,0,centroid,9.0,379,382,0,3
1GUA,C96A,40,0,centroid,10.0,505,508,1,4
1GUA,C96A,40,0,allatom,6.0,419,417,3,1
1GUA,C96A,40,0,allatom,7.0,552,554,0,2
1GUA,C96A,40,0,allatom,8.0,744,744,1,1
1GUA,C96A,40,0,allatom,9.0,907,906,1,0
1GUA,C96A,40,0,allatom,10.0,1066,1063,4,1
1GUA,C96L,40,0,ca,6.0,192,192,0,0
1GUA,C96L,40,0,ca,7.0,281,281,0,0
1GUA,C96L,40,0,ca,8.0,338,338,0,0
1GUA,C96L,40,0,ca,9.0,427,427,0,0
1GUA,C96L,40,0,ca,10.0,561,561,0,0
1GUA,C96L,40,0,cb,6.0,152,152,0,0
1GUA,C96L,40,0,cb,7.0,242,242,0,0
1GUA,C96L,40,0,cb,8.0,344,344,0,0
1GUA,C96L,40,0,cb,9.0,418,418,0,0
1GUA,C96L,40,0,cb,10.0,528,528,0,0
1GUA,C96L,40,0,centroid,6.0,116,118,0,2
1GUA,C96L,40,0,centroid,7.0,195,194,1,0
1GUA,C96L,40,0,centroid,8.0,273,274,1,2
1GUA,C96L,40,0,centroid,9.0,379,379,1,1
1GUA,C96L,40,0,centroid,10.0,505,506,1,2
1GUA,C96L,40,0,allatom,6.0,419,419,1,1
1GUA,C96L,40,0,allatom,7.0,552,555,0,3
1GUA,C96L,40,0,allatom,8.0,744,745,0,1
1GUA,C96L,40,0,allatom,9.0,907,912,0,5
1GUA,C96L,40,0,allatom,10.0,1066,1068,0,2
1GUA,C96M,40,0,ca,6.0,192,192,0,0
1GUA,C96M,40,0,ca,7.0,281,281,0,0
1GUA,C96M,40,0,ca,8.0,338,338,0,0
1GUA,C96M,40,0,ca,9.0,427,427,0,0
1GUA,C96M,40,0,ca,10.0,561,561,0,0
1GUA,C96M,40,0,cb,6.0,152,152,0,0
1GUA,C96M,40,0,cb,7.0,242,242,0,0
1GUA,C96M,40,0,cb,8.0,344,344,0,0
1GUA,C96M,40,0,cb,9.0,418,418,0,0
1GUA,C96M,40,0,cb,10.0,528,528,0,0
1GUA,C96M,40,0,centroid,6.0,116,118,1,3
1GUA,C96M,40,0,centroid,7.0,195,193,2,0
1GUA,C96M,40,0,centroid,8.0,273,274,1,2
1GUA,C96M,40,0,centroid,9.0,379,379,0,0
1GUA,C96M,40,0,centroid,10.0,505,504,3,2
1GUA,C96M,40,0,allatom,6.0,419,420,1,2
1GUA,C96M,40,0,allatom,7.0,552,555,0,3
1GUA,C96M,40,0,allatom,8.0,744,749,0,5
1GUA,C96M,40,0,allatom,9.0,907,913,0,6
1GUA,C96M,40,0,allatom,10.0,1066,1070,0,4
1GUA,D117A,61,0,ca,6.0,192,192,0,0
1GUA,D117A,61,0,ca,7.0,281,281,0,0
1GUA,D117A,61,0,ca,8.0,338,338,0,0
1GUA,D117A,61,0,ca,9.0,427,427,0,0
1GUA,D117A,61,0,ca,10.0,561,561,0,0
1GUA,D117A,61,0,cb,6.0,152,152,0,0
1GUA,D117A,61,0,cb,7.0,242,242,0,0
1GUA,D117A,61,0,cb,8.0,344,344,0,0
1GUA,D117A,61,0,cb,9.0,418,418,0,0
1GUA,D117A,61,0,cb,10.0,528,528,0,0
1GUA,D117A,61,0,centroid,6.0,116,117,1,2
1GUA,D117A,61,0,centroid,7.0,195,196,0,1
1GUA,D117A,61,0,centroid,8.0,273,272,1,0
1GUA,D117A,61,0,centroid,9.0,379,383,0,4
1GUA,D117A,61,0,centroid,10.0,505,504,3,2
1GUA,D117A,61,0,allatom,6.0,419,417,2,0
1GUA,D117A,61,0,allatom,7.0,552,551,2,1
1GUA,D117A,61,0,allatom,8.0,744,745,1,2
1GUA,D117A,61,0,allatom,9.0,907,908,0,1
1GUA,D117A,61,0,allatom,10.0,1066,1066,1,1
1GUA,D129A,73,0,ca,6.0,192,192,0,0
1GUA,D129A,73,0,ca,7.0,281,281,0,0
1GUA,D129A,73,0,ca,8.0,338,338,0,0
1GUA,D129A,73,0,ca,9.0,427,427,0,0
1GUA,D129A,73,0,ca,10.0,561,561,0,0
1GUA,D129A,73,0,cb,6.0,152,152,0,0
1GUA,D129A,73,0,cb,7.0,242,242,0,0
1GUA,D129A,73,0,cb,8.0,344,344,0,0
1GUA,D129A,73,0,cb,9.0,418,418,0,0
1GUA,D129A,73,0,cb,10.0,528,528,0,0
1GUA,D129A,73,0,centroid,6.0,116,117,1,2
1GUA,D129A,73,0,centroid,7.0,195,198,0,3
1GUA,D129A,73,0,centroid,8.0,273,277,0,4
1GUA,D129A,73,0,centroid,9.0,379,380,0,1
1GUA,D129A,73,0,centroid,10.0,505,505,2,2
1GUA,D129A,73,0,allatom,6.0,419,420,0,1
1GUA,D129A,73,0,allatom,7.0,552,553,0,1
1GUA,D129A,73,0,allatom,8.0,744,745,1,2
1GUA,D129A,73,0,allatom,9.0,907,905,4,2
1GUA,D129A,73,0,allatom,10.0,1066,1063,3,0
1GUA,D80A,24,0,ca,6.0,192,192,0,0
1GUA,D80A,24,0,ca,7.0,281,281,0,0
1GUA,D80A,24,0,ca,8.0,338,338,0,0
1GUA,D80A,24,0,ca,9.0,427,427,0,0
1GUA,D80A,24,0,ca,10.0,561,561,0,0
1GUA,D80A,24,0,cb,6.0,152,152,0,0
1GUA,D80A,24,0,cb,7.0,242,242,0,0
1GUA,D80A,24,0,cb,8.0,344,344,0,0
1GUA,D80A,24,0,cb,9.0,418,418,0,0
1GUA,D80A,24,0,cb,10.0,528,528,0,0
1GUA,D80A,24,0,centroid,6.0,116,118,0,2
1GUA,D80A,24,0,centroid,7.0,195,197,0,2
1GUA,D80A,24,0,centroid,8.0,273,273,0,0
1GUA,D80A,24,0,centroid,9.0,379,381,1,3
1GUA,D80A,24,0,centroid,10.0,505,507,0,2
1GUA,D80A,24,0,allatom,6.0,419,418,1,0
1GUA,D80A,24,0,allatom,7.0,552,552,0,0
1GUA,D80A,24,0,allatom,8.0,744,743,1,0
1GUA,D80A,24,0,allatom,9.0,907,907,0,0
1GUA,D80A,24,0,allatom,10.0,1066,1066,0,0
1GUA,E104A,48,0,ca,6.0,192,192,0,0
1GUA,E104A,48,0,ca,7.0,281,281,0,0
1GUA,E104A,48,0,ca,8.0,338,338,0,0
1GUA,E104A,48,0,ca,9.0,427,427,0,0
1GUA,E104A,48,0,ca,10.0,561,561,0,0
1GUA,E104A,48,0,cb,6.0,152,152,0,0
1GUA,E104A,48,0,cb,7.0,242,242,0,0
1GUA,E104A,48,0,cb,8.0,344,344,0,0
1GUA,E104A,48,0,cb,9.0,418,418,0,0
1GUA,E104A,48,0,cb,10.0,528,528,0,0
1GUA,E104A,48,0,centroid,6.0,116,117,0,1
1GUA,E104A,48,0,centroid,7.0,195,196,0,1
1GUA,E104A,48,0,centroid,8.0,273,274,0,1
1GUA,E104A,48,0,centroid,9.0,379,379,0,0
1GUA,E104A,48,0,centroid,10.0,505,509,0,4
1GUA,E104A,48,0,allatom,6.0,419,419,0,0
1GUA,E104A,48,0,allatom,7.0,552,552,0,0
1GUA,E104A,48,0,allatom,8.0,744,743,1,0
1GUA,E104A,48,0,allatom,9.0,907,907,0,0
1GUA,E104A,48,0,allatom,10.0,1066,1067,0,1
1GUA,E124A,68,0,ca,6.0,192,192,0,0
1GUA,E124A,68,0,ca,7.0,281,281,0,0
1GUA,E124A,68,0,ca,8.0,338,338,0,0
1GUA,E124A,68,0,ca,9.0,427,427,0,0
1GUA,E124A,68,0,ca,10.0,561,561,0,0
1GUA,E124A,68,0,cb,6.0,152,152,0,0
1GUA,E124A,68,0,cb,7.0,242,242,0,0
1GUA,E124A,68,0,cb,8.0,344,344,0,0
1GUA,E124A,68,0,cb,9.0,418,418,0,0
1GUA,E124A,68,0,cb,10.0,528,528,0,0
1GUA,E124A,68,0,centroid,6.0,116,119,0,3
1GUA,E124A,68,0,centroid,7.0,195,197,0,2
1GUA,E124A,68,0,centroid,8.0,273,274,2,3
1GUA,E124A,68,0,centroid,9.0,379,380,1,2
1GUA,E124A,68,0,centroid,10.0,505,508,2,5
1GUA,E124A,68,0,allatom,6.0,419,417,2,0
1GUA,E124A,68,0,allatom,7.0,552,551,2,1
1GUA,E124A,68,0,allatom,8.0,744,743,2,1
1GUA,E124A,68,0,allatom,9.0,907,904,4,1
1GUA,E124A,68,0,allatom,10.0,1066,1062,4,0
1GUA,E125A,69,0,ca,6.0,192,192,0,0
1GUA,E125A,69,0,ca,7.0,281,281,0,0
1GUA,E125A,69,0,ca,8.0,338,338,0,0
1GUA,E125A,69,0,ca,9.0,427,427,0,0
1GUA,E125A,69,0,ca,10.0,561,561,0,0
1GUA,E125A,69,0,cb,6.0,152,152,0,0
1GUA,E125A,69,0,cb,7.0,242,242,0,0
1GUA,E125A,69,0,cb,8.0,344,344,0,0
1GUA,E125A,69,0,cb,9.0,418,418,0,0
1GUA,E125A,69,0,cb,10.0,528,528,0,0
1GUA,E125A,69,0,centroid,6.0,116,115,2,1
1GUA,E125A,69,0,centroid,7.0,195,196,1,2
1GUA,E125A,69,0,centroid,8.0,273,273,2,2
1GUA,E125A,69,0,centroid,9.0,379,382,1,4
1GUA,E125A,69,0,centroid,10.0,505,506,2,3
1GUA,E125A,69,0,allatom,6.0,419,418,1,0
1GUA,E125A,69,0,allatom,7.0,552,549,3,0
1GUA,E125A,69,0,allatom,8.0,744,744,0,0
1GUA,E125A,69,0,allatom,9.0,907,904,3,0
1GUA,E125A,69,0,allatom,10.0,1066,1063,3,0
1GUA,I58A,2,0,ca,6.0,192,192,0,0
1GUA,I58A,2,0,ca,7.0,281,281,0,0
1GUA,I58A,2,0,ca,8.0,338,338,0,0
1GUA,I58A,2,0,ca,9.0,427,427,0,0
1GUA,I58A,2,0,ca,10.0,561,561,0,0
1GUA,I58A,2,0,cb,6.0,152,152,0,0
1GUA,I58A,2,0,cb,7.0,242,242,0,0
1GUA,I58A,2,0,cb,8.0,344,344,0,0
1GUA,I58A,2,0,cb,9.0,418,418,0,0
1GUA,I58A,2,0,cb,10.0,528,528,0,0
1GUA,I58A,2,0,centroid,6.0,116,117,1,2
1GUA,I58A,2,0,centroid,7.0,195,198,0,3
1GUA,I58A,2,0,centroid,8.0,273,272,1,0
1GUA,I58A,2,0,centroid,9.0,379,379,1,1
1GUA,I58A,2,0,centroid,10.0,505,502,5,2
1GUA,I58A,2,0,allatom,6.0,419,415,5,1
1GUA,I58A,2,0,allatom,7.0,552,553,4,5
1GUA,I58A,2,0,allatom,8.0,744,735,10,1
1GUA,I58A,2,0,allatom,9.0,907,897,13,3
1GUA,I58A,2,0,allatom,10.0,1066,1060,6,0
1GUA,I58F,2,0,ca,6.0,192,192,0,0
1GUA,I58F,2,0,ca,7.0,281,281,0,0
1GUA,I58F,2,0,ca,8.0,338,338,0,0
1GUA,I58F,2,0,ca,9.0,427,427,0,0
1GUA,I58F,2,0,ca,10.0,561,561,0,0
1GUA,I58F,2,0,cb,6.0,152,152,0,0
1GUA,I58F,2,0,cb,7.0,242,242,0,0
1GUA,I58F,2,0,cb,8.0,344,344,0,0
1GUA,I58F,2,0,cb,9.0,418,418,0,0
1GUA,I58F,2,0,cb,10.0,528,528,0,0
1GUA,I58F,2,0,centroid,6.0,116,114,5,3
1GUA,I58F,2,0,centroid,7.0,195,194,2,1
1GUA,I58F,2,0,centroid,8.0,273,268,7,2
1GUA,I58F,2,0,centroid,9.0,379,377,4,2
1GUA,I58F,2,0,centroid,10.0,505,497,9,1
1GUA,I58F,2,0,allatom,6.0,419,421,1,3
1GUA,I58F,2,0,allatom,7.0,552,552,1,1
1GUA,I58F,2,0,allatom,8.0,744,740,7,3
1GUA,I58F,2,0,allatom,9.0,907,899,9,1
1GUA,I58F,2,0,allatom,10.0,1066,1064,4,2
1GUA,I58L,2,0,ca,6.0,192,192,0,0
1GUA,I58L,2,0,ca,7.0,281,281,0,0
1GUA,I58L,2,0,ca,8.0,338,338,0,0
1GUA,I58L,2,0,ca,9.0,427,427,0,0
1GUA,I58L,2,0,ca,10.0,561,561,0,0
1GUA,I58L,2,0,cb,6.0,152,152,0,0
1GUA,I58L,2,0,cb,7.0,242,242,0,0
1GUA,I58L,2,0,cb,8.0,344,344,0,0
1GUA,I58L,2,0,cb,9.0,418,418,0,0
1GUA,I58L,2,0,cb,10.0,528,528,0,0
1GUA,I58L,2,0,centroid,6.0,116,116,1,1
1GUA,I58L,2,0,centroid,7.0,195,194,1,0
1GUA,I58L,2,0,centroid,8.0,273,271,2,0
1GUA,I58L,2,0,centroid,9.0,379,379,1,1
1GUA,I58L,2,0,centroid,10.0,505,504,1,0
1GUA,I58L,2,0,allatom,6.0,419,418,1,0
1GUA,I58L,2,0,allatom,7.0,552,552,0,0
1GUA,I58L,2,0,allatom,8.0,744,741,5,2
1GUA,I58L,2,0,allatom,9.0,907,904,3,0
1GUA,I58L,2,0,allatom,10.0,1066,1066,1,1
1GUA,K109A,53,0,ca,6.0,192,192,0,0
1GUA,K109A,53,0,ca,7.0,281,281,0,0
1GUA,K109A,53,0,ca,8.0,338,338,0,0
1GUA,K109A,53,0,ca,9.0,427,427,0,0
1GUA,K109A,53,0,ca,10.0,561,561,0,0
1GUA,K109A,53,0,cb,6.0,152,152,0,0
1GUA,K109A,53,0,cb,7.0,242,242,0,0
1GUA,K109A,53,0,cb,8.0,344,344,0,0
1GUA,K109A,53,0,cb,9.0,418,418,0,0
1GUA,K109A,53,0,cb,10.0,528,528,0,0
1GUA,K109A,53,0,centroid,6.0,116,115,3,2
1GUA,K109A,53,0,centroid,7.0,195,196,2,3
1GUA,K109A,53,0,centroid,8.0,273,274,1,2
1GUA,K109A,53,0,centroid,9.0,379,379,1,1
1GUA,K109A,53,0,centroid,10.0,505,506,3,4
1GUA,K109A,53,0,allatom,6.0,419,416,3,0
1GUA,K109A,53,0,allatom,7.0,552,551,2,1
1GUA,K109A,53,0,allatom,8.0,744,739,5,0
1GUA,K109A,53,0,allatom,9.0,907,903,4,0
1GUA,K109A,53,0,allatom,10.0,1066,1059,7,0
1GUA,L112A,56,0,ca,6.0,192,192,0,0
1GUA,L112A,56,0,ca,7.0,281,281,0,0
1GUA,L112A,56,0,ca,8.0,338,338,0,0
1GUA,L112A,56,0,ca,9.0,427,427,0,0
1GUA,L112A,56,0,ca,10.0,561,561,0,0
1GUA,L112A,56,0,cb,6.0,152,152,0,0
1GUA,L112A,56,0,cb,7.0,242,242,0,0
1GUA,L112A,56,0,cb,8.0,344,344,0,0
1GUA,L112A,56,0,cb,9.0,418,418,0,0
1GUA,L112A,56,0,cb,10.0,528,528,0,0
1GUA,L112A,56,0,centroid,6.0,116,117,3,4
1GUA,L112A,56,0,centroid,7.0,195,199,1,5
1GUA,L112A,56,0,centroid,8.0,273,278,0,5
1GUA,L112A,56,0,centroid,9.0,379,380,3,4
1GUA,L112A,56,0,centroid,10.0,505,505,9,9
1GUA,L112A,56,0,allatom,6.0,419,419,2,2
1GUA,L112A,56,0,allatom,7.0,552,554,3,5
1GUA,L112A,56,0,allatom,8.0,744,740,7,3
1GUA,L112A,56,0,allatom,9.0,907,904,8,5
1GUA,L112A,56,0,allatom,10.0,1066,1064,5,3
1GUA,L121A,65,0,ca,6.0,192,192,0,0
1GUA,L121A,65,0,ca,7.0,281,281,0,0
1GUA,L121A,65,0,ca,8.0,338,338,0,0
1GUA,L121A,65,0,ca,9.0,427,427,0,0
1GUA,L121A,65,0,ca,10.0,561,561,0,0
1GUA,L121A,65,0,cb,6.0,152,152,0,0
1GUA,L121A,65,0,cb,7.0,242,242,0,0
1GUA,L121A,65,0,cb,8.0,344,344,0,0
1GUA,L121A,65,0,cb,9.0,418,418,0,0
1GUA,L121A,65,0,cb,10.0,528,528,0,0
1GUA,L121A,65,0,centroid,6.0,116,114,3,1
1GUA,L121A,65,0,centroid,7.0,195,196,1,2
1GUA,L121A,65,0,centroid,8.0,273,276,0,3
1GUA,L121A,65,0,centroid,9.0,379,379,1,1
1GUA,L121A,65,0,centroid,10.0,505,507,0,2
1GUA,L121A,65,0,allatom,6.0,419,418,1,0
1GUA,L121A,65,0,allatom,7.0,552,551,1,0
1GUA,L121A,65,0,allatom,8.0,744,736,8,0
1GUA,L121A,65,0,allatom,9.0,907,900,7,0
1GUA,L121A,65,0,allatom,10.0,1066,1063,3,0
1GUA,L126A,70,0,ca,6.0,192,192,0,0
1GUA,L126A,70,0,ca,7.0,281,281,0,0
1GUA,L126A,70,0,ca,8.0,338,338,0,0
1GUA,L126A,70,0,ca,9.0,427,427,0,0
1GUA,L126A,70,0,ca,10.0,561,561,0,0
1GUA,L126A,70,0,cb,6.0,152,152,0,0
1GUA,L126A,70,0,cb,7.0,242,242,0,0
1GUA,L126A,70,0,cb,8.0,344,344,0,0
1GUA,L126A,70,0,cb,9.0,418,418,0,0
1GUA,L126A,70,0,cb,10.0,528,528,0,0
1GUA,L126A,70,0,centroid,6.0,116,114,3,1
1GUA,L126A,70,0,centroid,7.0,195,197,0,2
1GUA,L126A,70,0,centroid,8.0,273,273,2,2
1GUA,L126A,70,0,centroid,9.0,379,377,6,4
1GUA,L126A,70,0,centroid,10.0,505,509,2,6
1GUA,L126A,70,0,allatom,6.0,419,417,2,0
1GUA,L126A,70,0,allatom,7.0,552,550,3,1
1GUA,L126A,70,0,allatom,8.0,744,737,8,1
1GUA,L126A,70,0,allatom,9.0,907,898,11,2
1GUA,L126A,70,0,allatom,10.0,1066,1060,7,1
1GUA,L62A,6,0,ca,6.0,192,192,0,0
1GUA,L62A,6,0,ca,7.0,281,281,0,0
1GUA,L62A,6,0,ca,8.0,338,338,0,0
1GUA,L62A,6,0,ca,9.0,427,427,0,0
1GUA,L62A,6,0,ca,10.0,561,561,0,0
1GUA,L62A,6,0,cb,6.0,152,152,0,0
1GUA,L62A,6,0,cb,7.0,242,242,0,0
1GUA,L62A,6,0,cb,8.0,344,344,0,0
1GUA,L62A,6,0,cb,9.0,418,418,0,0
1GUA,L62A,6,0,cb,10.0,528,528,0,0
1GUA,L62A,6,0,centroid,6.0,116,114,2,0
1GUA,L62A,6,0,centroid,7.0,195,192,3,0
1GUA,L62A,6,0,centroid,8.0,273,273,1,1
1GUA,L62A,6,0,centroid,9.0,379,382,0,3
1GUA,L62A,6,0,centroid,10.0,505,503,2,0
1GUA,L62A,6,0,allatom,6.0,419,417,2,0
1GUA,L62A,6,0,allatom,7.0,552,550,2,0
1GUA,L62A,6,0,allatom,8.0,744,738,6,0
1GUA,L62A,6,0,allatom,9.0,907,899,8,0
1GUA,L62A,6,0,allatom,10.0,1066,1061,5,0
1GUA,L78A,22,0,ca,6.0,192,192,0,0
1GUA,L78A,22,0,ca,7.0,281,281,0,0
1GUA,L78A,22,0,ca,8.0,338,338,0,0
1GUA,L78A,22,0,ca,9.0,427,427,0,0
1GUA,L78A,22,0,ca,10.0,561,561,0,0
1GUA,L78A,22,0,cb,6.0,152,152,0,0
1GUA,L78A,22,0,cb,7.0,242,242,0,0
1GUA,L78A,22,0,cb,8.0,344,344,0,0
1GUA,L78A,22,0,cb,9.0,418,418,0,0
1GUA,L78A,22,0,cb,10.0,528,528,0,0
1GUA,L78A,22,0,centroid,6.0,116,112,5,1
1GUA,L78A,22,0,centroid,7.0,195,194,1,0
1GUA,L78A,22,0,centroid,8.0,273,276,1,4
1GUA,L78A,22,0,centroid,9.0,379,379,2,2
1GUA,L78A,22,0,centroid,10.0,505,506,1,2
1GUA,L78A,22,0,allatom,6.0,419,417,2,0
1GUA,L78A,22,0,allatom,7.0,552,550,2,0
1GUA,L78A,22,0,allatom,8.0,744,739,5,0
1GUA,L78A,22,0,allatom,9.0,907,898,9,0
1GUA,L78A,22,0,allatom,10.0,1066,1059,7,0
1GUA,L82A,26,0,ca,6.0,192,192,0,0
1GUA,L82A,26,0,ca,7.0,281,281,0,0
1GUA,L82A,26,0,ca,8.0,338,338,0,0
1GUA,L82A,26,0,ca,9.0,427,427,0,0
1GUA,L82A,26,0,ca,10.0,561,561,0,0
1GUA,L82A,26,0,cb,6.0,152,152,0,0
1GUA,L82A,26,0,cb,7.0,242,242,0,0
1GUA,L82A,26,0,cb,8.0,344,344,0,0
1GUA,L82A,26,0,cb,9.0,418,418,0,0
1GUA,L82A,26,0,cb,10.0,528,528,0,0
1GUA,L82A,26,0,centroid,6.0,116,116,1,1
1GUA,L82A,26,0,centroid,7.0,195,194,3,2
1GUA,L82A,26,0,centroid,8.0,273,274,2,3
1GUA,L82A,26,0,centroid,9.0,379,382,0,3
1GUA,L82A,26,0,centroid,10.0,505,505,2,2
1GUA,L82A,26,0,allatom,6.0,419,414,5,0
1GUA,L82A,26,0,allatom,7.0,552,548,6,2
1GUA,L82A,26,0,allatom,8.0,744,735,9,0
1GUA,L82A,26,0,allatom,9.0,907,897,11,1
1GUA,L82A,26,0,allatom,10.0,1066,1055,11,0
1GUA,L82I,26,0,ca,6.0,192,192,0,0
1GUA,L82I,26,0,ca,7.0,281,281,0,0
1GUA,L82I,26,0,ca,8.0,338,338,0,0
1GUA,L82I,26,0,ca,9.0,427,427,0,0
1GUA,L82I,26,0,ca,10.0,561,561,0,0
1GUA,L82I,26,0,cb,6.0,152,152,0,0
1GUA,L82I,26,0,cb,7.0,242,242,0,0
1GUA,L82I,26,0,cb,8.0,344,344,0,0
1GUA,L82I,26,0,cb,9.0,418,419,0,1
1GUA,L82I,26,0,cb,10.0,528,528,0,0
1GUA,L82I,26,0,centroid,6.0,116,115,2,1
1GUA,L82I,26,0,centroid,7.0,195,197,0,2
1GUA,L82I,26,0,centroid,8.0,273,275,1,3
1GUA,L82I,26,0,centroid,9.0,379,381,0,2
1GUA,L82I,26,0,centroid,10.0,505,504,3,2
1GUA,L82I,26,0,allatom,6.0,419,421,0,2
1GUA,L82I,26,0,allatom,7.0,552,552,4,4
1GUA,L82I,26,0,allatom,8.0,744,738,6,0
1GUA,L82I,26,0,allatom,9.0,907,907,4,4
1GUA,L82I,26,0,allatom,10.0,1066,1064,3,1
1GUA,L82V,26,0,ca,6.0,192,192,0,0
1GUA,L82V,26,0,ca,7.0,281,281,0,0
1GUA,L82V,26,0,ca,8.0,338,338,0,0
1GUA,L82V,26,0,ca,9.0,427,427,0,0
1GUA,L82V,26,0,ca,10.0,561,561,0,0
1GUA,L82V,26,0,cb,6.0,152,152,0,0
1GUA,L82V,26,0,cb,7.0,242,242,0,0
1GUA,L82V,26,0,cb,8.0,344,344,0,0
1GUA,L82V,26,0,cb,9.0,418,419,0,1
1GUA,L82V,26,0,cb,10.0,528,528,0,0
1GUA,L82V,26,0,centroid,6.0,116,114,2,0
1GUA,L82V,26,0,centroid,7.0,195,194,2,1
1GUA,L82V,26,0,centroid,8.0,273,276,0,3
1GUA,L82V,26,0,centroid,9.0,379,379,0,0
1GUA,L82V,26,0,centroid,10.0,505,505,1,1
1GUA,L82V,26,0,allatom,6.0,419,419,1,1
1GUA,L82V,26,0,allatom,7.0,552,551,2,1
1GUA,L82V,26,0,allatom,8.0,744,738,6,0
1GUA,L82V,26,0,allatom,9.0,907,905,4,2
1GUA,L82V,26,0,allatom,10.0,1066,1063,4,1
1GUA,L86A,30,0,ca,6.0,192,192,0,0
1GUA,L86A,30,0,ca,7.0,281,281,0,0
1GUA,L86A,30,0,ca,8.0,338,338,0,0
1GUA,L86A,30,0,ca,9.0,427,427,0,0
1GUA,L86A,30,0,ca,10.0,561,561,0,0
1GUA,L86A,30,0,cb,6.0,152,152,0,0
1GUA,L86A,30,0,cb,7.0,242,242,0,0
1GUA,L86A,30,0,cb,8.0,344,344,0,0
1GUA,L86A,30,0,cb,9.0,418,418,0,0
1GUA,L86A,30,0,cb,10.0,528,528,0,0
1GUA,L86A,30,0,centroid,6.0,116,115,2,1
1GUA,L86A,30,0,centroid,7.0,195,194,3,2
1GUA,L86A,30,0,centroid,8.0,273,277,2,6
1GUA,L86A,30,0,centroid,9.0,379,378,2,1
1GUA,L86A,30,0,centroid,10.0,505,504,4,3
1GUA,L86A,30,0,allatom,6.0,419,419,2,2
1GUA,L86A,30,0,allatom,7.0,552,546,6,0
1GUA,L86A,30,0,allatom,8.0,744,741,6,3
1GUA,L86A,30,0,allatom,9.0,907,903,7,3
1GUA,L86A,30,0,allatom,10.0,1066,1061,5,0
1GUA,L91A,35,0,ca,6.0,192,192,0,0
1GUA,L91A,35,0,ca,7.0,281,281,0,0
1GUA,L91A,35,0,ca,8.0,338,338,0,0
1GUA,L91A,35,0,ca,9.0,427,427,0,0
1GUA,L91A,35,0,ca,10.0,561,561,0,0
1GUA,L91A,35,0,cb,6.0,152,152,0,0
1GUA,L91A,35,0,cb,7.0,242,242,0,0
1GUA,L91A,35,0,cb,8.0,344,344,0,0
1GUA,L91A,35,0,cb,9.0,418,418,0,0
1GUA,L91A,35,0,cb,10.0,528,528,0,0
1GUA,L91A,35,0,centroid,6.0,116,115,2,1
1GUA,L91A,35,0,centroid,7.0,195,193,4,2
1GUA,L91A,35,0,centroid,8.0,273,277,0,4
1GUA,L91A,35,0,centroid,9.0,379,378,1,0
1GUA,L91A,35,0,centroid,10.0,505,509,1,5
1GUA,L91A,35,0,allatom,6.0,419,417,4,2
1GUA,L91A,35,0,allatom,7.0,552,553,1,2
1GUA,L91A,35,0,allatom,8.0,744,742,3,1
1GUA,L91A,35,0,allatom,9.0,907,903,5,1
1GUA,L91A,35,0,allatom,10.0,1066,1063,4,1
1GUA,M76A,20,0,ca,6.0,192,192,0,0
1GUA,M76A,20,0,ca,7.0,281,281,0,0
1GUA,M76A,20,0,ca,8.0,338,338,0,0
1GUA,M76A,20,0,ca,9.0,427,427,0,0
1GUA,M76A,20,0,ca,10.0,561,561,0,0
1GUA,M76A,20,0,cb,6.0,152,152,0,0
1GUA,M76A,20,0,cb,7.0,242,242,0,0
1GUA,M76A,20,0,cb,8.0,344,344,0,0
1GUA,M76A,20,0,cb,9.0,418,418,0,0
1GUA,M76A,20,0,cb,10.0,528,528,0,0
1GUA,M76A,20,0,centroid,6.0,116,118,1,3
1GUA,M76A,20,0,centroid,7.0,195,197,0,2
1GUA,M76A,20,0,centroid,8.0,273,275,0,2
1GUA,M76A,20,0,centroid,9.0,379,379,3,3
1GUA,M76A,20,0,centroid,10.0,505,507,2,4
1GUA,M76A,20,0,allatom,6.0,419,418,1,0
1GUA,M76A,20,0,allatom,7.0,552,553,2,3
1GUA,M76A,20,0,allatom,8.0,744,740,4,0
1GUA,M76A,20,0,allatom,9.0,907,906,3,2
1GUA,M76A,20,0,allatom,10.0,1066,1062,4,0
1GUA,N56M,0,0,ca,6.0,192,192,0,0
1GUA,N56M,0,0,ca,7.0,281,281,0,0
1GUA,N56M,0,0,ca,8.0,338,338,0,0
1GUA,N56M,0,0,ca,9.0,427,427,0,0
1GUA,N56M,0,0,ca,10.0,561,561,0,0
1GUA,N56M,0,0,cb,6.0,152,152,0,0
1GUA,N56M,0,0,cb,7.0,242,242,0,0
1GUA,N56M,0,0,cb,8.0,344,344,0,0
1GUA,N56M,0,0,cb,9.0,418,418,0,0
1GUA,N56M,0,0,cb,10.0,528,528,0,0
1GUA,N56M,0,0,centroid,6.0,116,116,0,0
1GUA,N56M,0,0,centroid,7.0,195,194,1,0
1GUA,N56M,0,0,centroid,8.0,273,272,1,0
1GUA,N56M,0,0,centroid,9.0,379,379,0,0
1GUA,N56M,0,0,centroid,10.0,505,505,0,0
1GUA,N56M,0,0,allatom,6.0,419,419,0,0
1GUA,N56M,0,0,allatom,7.0,552,550,2,0
1GUA,N56M,0,0,allatom,8.0,744,745,0,1
1GUA,N56M,0,0,allatom,9.0,907,906,1,0
1GUA,N56M,0,0,allatom,10.0,1066,1066,0,0
1GUA,N64A,8,0,ca,6.0,192,192,0,0
1GUA,N64A,8,0,ca,7.0,281,281,0,0
1GUA,N64A,8,0,ca,8.0,338,338,0,0
1GUA,N64A,8,0,ca,9.0,427,427,0,0
1GUA,N64A,8,0,ca,10.0,561,561,0,0
1GUA,N64A,8,0,cb,6.0,152,152,0,0
1GUA,N64A,8,0,cb,7.0,242,242,0,0
1GUA,N64A,8,0,cb,8.0,344,344,0,0
1GUA,N64A,8,0,cb,9.0,418,418,0,0
1GUA,N64A,8,0,cb,10.0,528,528,0,0
1GUA,N64A,8,0,centroid,6.0,116,117,0,1
1GUA,N64A,8,0,centroid,7.0,195,196,0,1
1GUA,N64A,8,0,centroid,8.0,273,275,0,2
1GUA,N64A,8,0,centroid,9.0,379,381,0,2
1GUA,N64A,8,0,centroid,10.0,505,505,0,0
1GUA,N64A,8,0,allatom,6.0,419,419,0,0
1GUA,N64A,8,0,allatom,7.0,552,552,0,0
1GUA,N64A,8,0,allatom,8.0,744,744,0,0
1GUA,N64A,8,0,allatom,9.0,907,907,0,0
1GUA,N64A,8,0,allatom,10.0,1066,1066,0,0
1GUA,P63A,7,0,ca,6.0,192,192,0,0
1GUA,P63A,7,0,ca,7.0,281,281,0,0
1GUA,P63A,7,0,ca,8.0,338,338,0,0
1GUA,P63A,7,0,ca,9.0,427,427,0,0
1GUA,P63A,7,0,ca,10.0,561,561,0,0
1GUA,P63A,7,0,cb,6.0,152,152,0,0
1GUA,P63A,7,0,cb,7.0,242,242,0,0
1GUA,P63A,7,0,cb,8.0,344,344,0,0
1GUA,P63A,7,0,cb,9.0,418,418,0,0
1GUA,P63A,7,0,cb,10.0,528,528,0,0
1GUA,P63A,7,0,centroid,6.0,116,114,2,0
1GUA,P63A,7,0,centroid,7.0,195,196,0,1
1GUA,P63A,7,0,centroid,8.0,273,274,0,1
1GUA,P63A,7,0,centroid,9.0,379,377,2,0
1GUA,P63A,7,0,centroid,10.0,505,503,4,2
1GUA,P63A,7,0,allatom,6.0,419,418,2,1
1GUA,P63A,7,0,allatom,7.0,552,552,1,1
1GUA,P63A,7,0,allatom,8.0,744,742,3,1
1GUA,P63A,7,0,allatom,9.0,907,903,4,0
1GUA,P63A,7,0,allatom,10.0,1066,1066,1,1
1GUA,P93A,37,0,ca,6.0,192,192,0,0
1GUA,P93A,37,0,ca,7.0,281,281,0,0
1GUA,P93A,37,0,ca,8.0,338,338,0,0
1GUA,P93A,37,0,ca,9.0,427,427,0,0
1GUA,P93A,37,0,ca,10.0,561,561,0,0
1GUA,P93A,37,0,cb,6.0,152,152,0,0
1GUA,P93A,37,0,cb,7.0,242,242,0,0
1GUA,P93A,37,0,cb,8.0,344,344,0,0
1GUA,P93A,37,0,cb,9.0,418,418,0,0
1GUA,P93A,37,0,cb,10.0,528,528,0,0
1GUA,P93A,37,0,centroid,6.0,116,117,0,1
1GUA,P93A,37,0,centroid,7.0,195,194,1,0
1GUA,P93A,37,0,centroid,8.0,273,271,3,1
1GUA,P93A,37,0,centroid,9.0,379,380,0,1
1GUA,P93A,37,0,centroid,10.0,505,507,2,4
1GUA,P93A,37,0,allatom,6.0,419,419,0,0
1GUA,P93A,37,0,allatom,7.0,552,549,3,0
1GUA,P93A,37,0,allatom,8.0,744,744,0,0
1GUA,P93A,37,0,allatom,9.0,907,906,1,0
1GUA,P93A,37,0,allatom,10.0,1066,1066,0,0
1GUA,Q66A,10,0,ca,6.0,192,192,0,0
1GUA,Q66A,10,0,ca,7.0,281,281,0,0
1GUA,Q66A,10,0,ca,8.0,338,338,0,0
1GUA,Q66A,10,0,ca,9.0,427,427,0,0
1GUA,Q66A,10,0,ca,10.0,561,561,0,0
1GUA,Q66A,10,0,cb,6.0,152,152,0,0
1GUA,Q66A,10,0,cb,7.0,242,242,0,0
1GUA,Q66A,10,0,cb,8.0,344,344,0,0
1GUA,Q66A,10,0,cb,9.0,418,418,0,0
1GUA,Q66A,10,0,cb,10.0,528,528,0,0
1GUA,Q66A,10,0,centroid,6.0,116,115,1,0
1GUA,Q66A,10,0,centroid,7.0,195,194,1,0
1GUA,Q66A,10,0,centroid,8.0,273,275,0,2
1GUA,Q66A,10,0,centroid,9.0,379,382,0,3
1GUA,Q66A,10,0,centroid,10.0,505,505,2,2
1GUA,Q66A,10,0,allatom,6.0,419,418,1,0
1GUA,Q66A,10,0,allatom,7.0,552,550,2,0
1GUA,Q66A,10,0,allatom,8.0,744,740,4,0
1GUA,Q66A,10,0,allatom,9.0,907,904,3,0
1GUA,Q66A,10,0,allatom,10.0,1066,1063,3,0
1GUA,R100A,44,0,ca,6.0,192,192,0,0
1GUA,R100A,44,0,ca,7.0,281,281,0,0
1GUA,R100A,44,0,ca,8.0,338,338,0,0
1GUA,R100A,44,0,ca,9.0,427,427,0,0
1GUA,R100A,44,0,ca,10.0,561,561,0,0
1GUA,R100A,44,0,cb,6.0,152,152,0,0
1GUA,R100A,44,0,cb,7.0,242,242,0,0
1GUA,R100A,44,0,cb,8.0,344,344,0,0
1GUA,R100A,44,0,cb,9.0,418,418,0,0
1GUA,R100A,44,0,cb,10.0,528,528,0,0
1GUA,R100A,44,0,centroid,6.0,116,118,0,2
1GUA,R100A,44,0,centroid,7.0,195,197,1,3
1GUA,R100A,44,0,centroid,8.0,273,276,1,4
1GUA,R100A,44,0,centroid,9.0,379,385,1,7
1GUA,R100A,44,0,centroid,10.0,505,511,2,8
1GUA,R100A,44,0,allatom,6.0,419,419,0,0
1GUA,R100A,44,0,allatom,7.0,552,552,0,0
1GUA,R100A,44,0,allatom,8.0,744,741,4,1
1GUA,R100A,44,0,allatom,9.0,907,905,3,1
1GUA,R100A,44,0,allatom,10.0,1066,1066,1,1
1GUA,R59A,3,0,ca,6.0,192,192,0,0
1GUA,R59A,3,0,ca,7.0,281,281,0,0
1GUA,R59A,3,0,ca,8.0,338,338,0,0
1GUA,R59A,3,0,ca,9.0,427,427,0,0
1GUA,R59A,3,0,ca,10.0,561,561,0,0
1GUA,R59A,3,0,cb,6.0,152,152,0,0
1GUA,R59A,3,0,cb,7.0,242,242,0,0
1GUA,R59A,3,0,cb,8.0,344,344,0,0
1GUA,R59A,3,0,cb,9.0,418,418,0,0
1GUA,R59A,3,0,cb,10.0,528,528,0,0
1GUA,R59A,3,0,centroid,6.0,116,119,0,3
1GUA,R59A,3,0,centroid,7.0,195,197,1,3
1GUA,R59A,3,0,centroid,8.0,273,277,0,4
1GUA,R59A,3,0,centroid,9.0,379,384,0,5
1GUA,R59A,3,0,centroid,10.0,505,509,0,4
1GUA,R59A,3,0,allatom,6.0,419,418,1,0
1GUA,R59A,3,0,allatom,7.0,552,552,0,0
1GUA,R59A,3,0,allatom,8.0,744,743,1,0
1GUA,R59A,3,0,allatom,9.0,907,908,0,1
1GUA,R59A,3,0,allatom,10.0,1066,1067,0,1
1GUA,R89L,33,0,ca,6.0,192,192,0,0
1GUA,R89L,33,0,ca,7.0,281,281,0,0
1GUA,R89L,33,0,ca,8.0,338,338,0,0
1GUA,R89L,33,0,ca,9.0,427,427,0,0
1GUA,R89L,33,0,ca,10.0,561,561,0,0
1GUA,R89L,33,0,cb,6.0,152,152,0,0
1GUA,R89L,33,0,cb,7.0,242,242,0,0
1GUA,R89L,33,0,cb,8.0,344,344,0,0
1GUA,R89L,33,0,cb,9.0,418,418,0,0
1GUA,R89L,33,0,cb,10.0,528,528,0,0
1GUA,R89L,33,0,centroid,6.0,116,115,2,1
1GUA,R89L,33,0,centroid,7.0,195,195,1,1
1GUA,R89L,33,0,centroid,8.0,273,273,0,0
1GUA,R89L,33,0,centroid,9.0,379,380,0,1
1GUA,R89L,33,0,centroid,10.0,505,503,3,1
1GUA,R89L,33,0,allatom,6.0,419,419,1,1
1GUA,R89L,33,0,allatom,7.0,552,551,1,0
1GUA,R89L,33,0,allatom,8.0,744,740,4,0
1GUA,R89L,33,0,allatom,9.0,907,905,2,0
1GUA,R89L,33,0,allatom,10.0,1066,1065,1,0
1GUA,S77A,21,0,ca,6.0,192,192,0,0
1GUA,S77A,21,0,ca,7.0,281,281,0,0
1GUA,S77A,21,0,ca,8.0,338,338,0,0
1GUA,S77A,21,0,ca,9.0,427,427,0,0
1GUA,S77A,21,0,ca,10.0,561,561,0,0
1GUA,S77A,21,0,cb,6.0,152,152,0,0
1GUA,S77A,21,0,cb,7.0,242,242,0,0
1GUA,S77A,21,0,cb,8.0,344,344,0,0
1GUA,S77A,21,0,cb,9.0,418,418,0,0
1GUA,S77A,21,0,cb,10.0,528,528,0,0
1GUA,S77A,21,0,centroid,6.0,116,115,1,0
1GUA,S77A,21,0,centroid,7.0,195,196,0,1
1GUA,S77A,21,0,centroid,8.0,273,273,0,0
1GUA,S77A,21,0,centroid,9.0,379,378,1,0
1GUA,S77A,21,0,centroid,10.0,505,505,1,1
1GUA,S77A,21,0,allatom,6.0,419,419,0,0
1GUA,S77A,21,0,allatom,7.0,552,552,0,0
1GUA,S77A,21,0,allatom,8.0,744,744,0,0
1GUA,S77A,21,0,allatom,9.0,907,907,0,0
1GUA,S77A,21,0,allatom,10.0,1066,1065,1,0
1GUA,S77T,21,0,ca,6.0,192,192,0,0
1GUA,S77T,21,0,ca,7.0,281,281,0,0
1GUA,S77T,21,0,ca,8.0,338,338,0,0
1GUA,S77T,21,0,ca,9.0,427,427,0,0
1GUA,S77T,21,0,ca,10.0,561,561,0,0
1GUA,S77T,21,0,cb,6.0,152,152,0,0
1GUA,S77T,21,0,cb,7.0,242,242,0,0
1GUA,S77T,21,0,cb,8.0,344,344,0,0
1GUA,S77T,21,0,cb,9.0,418,418,0,0
1GUA,S77T,21,0,cb,10.0,528,528,0,0
1GUA,S77T,21,0,centroid,6.0,116,115,1,0
1GUA,S77T,21,0,centroid,7.0,195,194,1,0
1GUA,S77T,21,0,centroid,8.0,273,273,0,0
1GUA,S77T,21,0,centroid,9.0,379,378,1,0
1GUA,S77T,21,0,centroid,10.0,505,503,2,0
1GUA,S77T,21,0,allatom,6.0,419,419,0,0
1GUA,S77T,21,0,allatom,7.0,552,552,0,0
1GUA,S77T,21,0,allatom,8.0,744,744,0,0
1GUA,S77T,21,0,allatom,9.0,907,907,0,0
1GUA,S77T,21,0,allatom,10.0,1066,1066,0,0
1GUA,T68A,12,0,ca,6.0,192,192,0,0
1GUA,T68A,12,0,ca,7.0,281,281,0,0
1GUA,T68A,12,0,ca,8.0,338,338,0,0
1GUA,T68A,12,0,ca,9.0,427,427,0,0
1GUA,T68A,12,0,ca,10.0,561,561,0,0
1GUA,T68A,12,0,cb,6.0,152,152,0,0
1GUA,T68A,12,0,cb,7.0,242,242,0,0
1GUA,T68A,12,0,cb,8.0,344,344,0,0
1GUA,T68A,12,0,cb,9.0,418,418,0,0
1GUA,T68A,12,0,cb,10.0,528,528,0,0
1GUA,T68A,12,0,centroid,6.0,116,116,0,0
1GUA,T68A,12,0,centroid,7.0,195,195,0,0
1GUA,T68A,12,0,centroid,8.0,273,274,0,1
1GUA,T68A,12,0,centroid,9.0,379,378,1,0
1GUA,T68A,12,0,centroid,10.0,505,504,1,0
1GUA,T68A,12,0,allatom,6.0,419,419,0,0
1GUA,T68A,12,0,allatom,7.0,552,550,2,0
1GUA,T68A,12,0,allatom,8.0,744,743,1,0
1GUA,T68A,12,0,allatom,9.0,907,906,1,0
1GUA,T68A,12,0,allatom,10.0,1066,1063,3,0
1GUA,V128A,72,0,ca,6.0,192,192,0,0
1GUA,V128A,72,0,ca,7.0,281,281,0,0
1GUA,V128A,72,0,ca,8.0,338,338,0,0
1GUA,V128A,72,0,ca,9.0,427,427,0,0
1GUA,V128A,72,0,ca,10.0,561,561,0,0
1GUA,V128A,72,0,cb,6.0,152,152,0,0
1GUA,V128A,72,0,cb,7.0,242,242,0,0
1GUA,V128A,72,0,cb,8.0,344,344,0,0
1GUA,V128A,72,0,cb,9.0,418,418,0,0
1GUA,V128A,72,0,cb,10.0,528,528,0,0
1GUA,V128A,72,0,centroid,6.0,116,116,1,1
1GUA,V128A,72,0,centroid,7.0,195,194,2,1
1GUA,V128A,72,0,centroid,8.0,273,272,1,0
1GUA,V128A,72,0,centroid,9.0,379,377,2,0
1GUA,V128A,72,0,centroid,10.0,505,506,0,1
1GUA,V128A,72,0,allatom,6.0,419,418,1,0
1GUA,V128A,72,0,allatom,7.0,552,549,3,0
1GUA,V128A,72,0,allatom,8.0,744,740,4,0
1GUA,V128A,72,0,allatom,9.0,907,904,3,0
1GUA,V128A,72,0,allatom,10.0,1066,1059,7,0
1GUA,V60A,4,0,ca,6.0,192,192,0,0
1GUA,V60A,4,0,ca,7.0,281,281,0,0
1GUA,V60A,4,0,ca,8.0,338,338,0,0
1GUA,V60A,4,0,ca,9.0,427,427,0,0
1GUA,V60A,4,0,ca,10.0,561,561,0,0
1GUA,V60A,4,0,cb,6.0,152,152,0,0
1GUA,V60A,4,0,cb,7.0,242,242,0,0
1GUA,V60A,4,0,cb,8.0,344,344,0,0
1GUA,V60A,4,0,cb,9.0,418,418,0,0
1GUA,V60A,4,0,cb,10.0,528,528,0,0
1GUA,V60A,4,0,centroid,6.0,116,115,1,0
1GUA,V60A,4,0,centroid,7.0,195,196,0,1
1GUA,V60A,4,0,centroid,8.0,273,273,1,1
1GUA,V60A,4,0,centroid,9.0,379,380,0,1
1GUA,V60A,4,0,centroid,10.0,505,503,2,0
1GUA,V60A,4,0,allatom,6.0,419,418,1,0
1GUA,V60A,4,0,allatom,7.0,552,547,5,0
1GUA,V60A,4,0,allatom,8.0,744,742,2,0
1GUA,V60A,4,0,allatom,9.0,907,901,6,0
1GUA,V60A,4,0,allatom,10.0,1066,1063,3,0
1GUA,V69A,13,0,ca,6.0,192,192,0,0
1GUA,V69A,13,0,ca,7.0,281,281,0,0
1GUA,V69A,13,0,ca,8.0,338,338,0,0
1GUA,V69A,13,0,ca,9.0,427,427,0,0
1GUA,V69A,13,0,ca,10.0,561,561,0,0
1GUA,V69A,13,0,cb,6.0,152,152,0,0
1GUA,V69A,13,0,cb,7.0,242,242,0,0
1GUA,V69A,13,0,cb,8.0,344,344,0,0
1GUA,V69A,13,0,cb,9.0,418,418,0,0
1GUA,V69A,13,0,cb,10.0,528,528,0,0
1GUA,V69A,13,0,centroid,6.0,116,117,0,1
1GUA,V69A,13,0,centroid,7.0,195,195,0,0
1GUA,V69A,13,0,centroid,8.0,273,273,0,0
1GUA,V69A,13,0,centroid,9.0,379,379,0,0
1GUA,V69A,13,0,centroid,10.0,505,506,0,1
1GUA,V69A,13,0,allatom,6.0,419,419,0,0
1GUA,V69A,13,0,allatom,7.0,552,551,1,0
1GUA,V69A,13,0,allatom,8.0,744,744,0,0
1GUA,V69A,13,0,allatom,9.0,907,906,1,0
1GUA,V69A,13,0,allatom,10.0,1066,1064,2,0
1GUA,V70A,14,0,ca,6.0,192,192,0,0
1GUA,V70A,14,0,ca,7.0,281,281,0,0
1GUA,V70A,14,0,ca,8.0,338,338,0,0
1GUA,V70A,14,0,ca,9.0,427,427,0,0
1GUA,V70A,14,0,ca,10.0,561,561,0,0
1GUA,V70A,14,0,cb,6.0,152,152,0,0
1GUA,V70A,14,0,cb,7.0,242,242,0,0
1GUA,V70A,14,0,cb,8.0,344,344,0,0
1GUA,V70A,14,0,cb,9.0,418,418,0,0
1GUA,V70A,14,0,cb,10.0,528,528,0,0
1GUA,V70A,14,0,centroid,6.0,116,116,1,1
1GUA,V70A,14,0,centroid,7.0,195,196,0,1
1GUA,V70A,14,0,centroid,8.0,273,273,0,0
1GUA,V70A,14,0,centroid,9.0,379,379,1,1
1GUA,V70A,14,0,centroid,10.0,505,504,2,1
1GUA,V70A,14,0,allatom,6.0,419,419,0,0
1GUA,V70A,14,0,allatom,7.0,552,550,4,2
1GUA,V70A,14,0,allatom,8.0,744,737,7,0
1GUA,V70A,14,0,allatom,9.0,907,905,3,1
1GUA,V70A,14,0,allatom,10.0,1066,1061,5,0
1GUA,V72A,16,0,ca,6.0,192,192,0,0
1GUA,V72A,16,0,ca,7.0,281,281,0,0
1GUA,V72A,16,0,ca,8.0,338,338,0,0
1GUA,V72A,16,0,ca,9.0,427,427,0,0
1GUA,V72A,16,0,ca,10.0,561,561,0,0
1GUA,V72A,16,0,cb,6.0,152,152,0,0
1GUA,V72A,16,0,cb,7.0,242,242,0,0
1GUA,V72A,16,0,cb,8.0,344,344,0,0
1GUA,V72A,16,0,cb,9.0,418,418,0,0
1GUA,V72A,16,0,cb,10.0,528,528,0,0
1GUA,V72A,16,0,centroid,6.0,116,118,0,2
1GUA,V72A,16,0,centroid,7.0,195,198,1,4
1GUA,V72A,16,0,centroid,8.0,273,273,0,0
1GUA,V72A,16,0,centroid,9.0,379,377,2,0
1GUA,V72A,16,0,centroid,10.0,505,504,3,2
1GUA,V72A,16,0,allatom,6.0,419,418,2,1
1GUA,V72A,16,0,allatom,7.0,552,554,4,6
1GUA,V72A,16,0,allatom,8.0,744,740,6,2
1GUA,V72A,16,0,allatom,9.0,907,902,7,2
1GUA,V72A,16,0,allatom,10.0,1066,1066,1,1
1GUA,V72I,16,0,ca,6.0,192,192,0,0
1GUA,V72I,16,0,ca,7.0,281,281,0,0
1GUA,V72I,16,0,ca,8.0,338,338,0,0
1GUA,V72I,16,0,ca,9.0,427,427,0,0
1GUA,V72I,16,0,ca,10.0,561,561,0,0
1GUA,V72I,16,0,cb,6.0,152,152,0,0
1GUA,V72I,16,0,cb,7.0,242,242,0,0
1GUA,V72I,16,0,cb,8.0,344,344,0,0
1GUA,V72I,16,0,cb,9.0,418,418,0,0
1GUA,V72I,16,0,cb,10.0,528,529,0,1
1GUA,V72I,16,0,centroid,6.0,116,116,1,1
1GUA,V72I,16,0,centroid,7.0,195,196,0,1
1GUA,V72I,16,0,centroid,8.0,273,272,1,0
1GUA,V72I,16,0,centroid,9.0,379,380,0,1
1GUA,V72I,16,0,centroid,10.0,505,507,1,3
1GUA,V72I,16,0,allatom,6.0,419,418,1,0
1GUA,V72I,16,0,allatom,7.0,552,555,1,4
1GUA,V72I,16,0,allatom,8.0,744,746,2,4
1GUA,V72I,16,0,allatom,9.0,907,909,1,3
1GUA,V72I,16,0,allatom,10.0,1066,1069,0,3
1GUA,V98A,42,0,ca,6.0,192,192,0,0
1GUA,V98A,42,0,ca,7.0,281,281,0,0
1GUA,V98A,42,0,ca,8.0,338,338,0,0
1GUA,V98A,42,0,ca,9.0,427,427,0,0
1GUA,V98A,42,0,ca,10.0,561,561,0,0
1GUA,V98A,42,0,cb,6.0,152,152,0,0
1GUA,V98A,42,0,cb,7.0,242,242,0,0
1GUA,V98A,42,0,cb,8.0,344,344,0,0
1GUA,V98A,42,0,cb,9.0,418,418,0,0
1GUA,V98A,42,0,cb,10.0,528,528,0,0
1GUA,V98A,42,0,centroid,6.0,116,116,1,1
1GUA,V98A,42,0,centroid,7.0,195,194,1,0
1GUA,V98A,42,0,centroid,8.0,273,273,0,0
1GUA,V98A,42,0,centroid,9.0,379,378,2,1
1GUA,V98A,42,0,centroid,10.0,505,505,1,1
1GUA,V98A,42,0,allatom,6.0,419,418,1,0
1GUA,V98A,42,0,allatom,7.0,552,550,2,0
1GUA,V98A,42,0,allatom,8.0,744,740,4,0
1GUA,V98A,42,0,allatom,9.0,907,904,3,0
1GUA,V98A,42,0,allatom,10.0,1066,1061,5,0
1H0X,P18A,9,0,ca,6.0,238,238,0,0
1H0X,P18A,9,0,ca,7.0,352,352,0,0
1H0X,P18A,9,0,ca,8.0,407,407,0,0
1H0X,P18A,9,0,ca,9.0,523,523,0,0
1H0X,P18A,9,0,ca,10.0,686,686,0,0
1H0X,P18A,9,0,cb,6.0,195,195,0,0
1H0X,P18A,9,0,cb,7.0,298,298,0,0
1H0X,P18A,9,0,cb,8.0,406,406,0,0
1H0X,P18A,9,0,cb,9.0,498,498,0,0
1H0X,P18A,9,0,cb,10.0,665,665,0,0
1H0X,P18A,9,0,centroid,6.0,134,135,0,1
1H0X,P18A,9,0,centroid,7.0,239,239,1,1
1H0X,P18A,9,0,centroid,8.0,325,325,0,0
1H0X,P18A,9,0,centroid,9.0,439,439,0,0
1H0X,P18A,9,0,centroid,10.0,579,580,1,2
1H0X,P18A,9,0,allatom,6.0,496,496,0,0
1H0X,P18A,9,0,allatom,7.0,639,639,0,0
1H0X,P18A,9,0,allatom,8.0,874,874,0,0
1H0X,P18A,9,0,allatom,9.0,1048,1049,0,1
1H0X,P18A,9,0,allatom,10.0,1231,1231,0,0
1H0X,P62A,53,0,ca,6.0,238,238,0,0
1H0X,P62A,53,0,ca,7.0,352,352,0,0
1H0X,P62A,53,0,ca,8.0,407,407,0,0
1H0X,P62A,53,0,ca,9.0,523,523,0,0
1H0X,P62A,53,0,ca,10.0,686,686,0,0
1H0X,P62A,53,0,cb,6.0,195,195,0,0
1H0X,P62A,53,0,cb,7.0,298,298,0,0
1H0X,P62A,53,0,cb,8.0,406,406,0,0
1H0X,P62A,53,0,cb,9.0,498,498,0,0
1H0X,P62A,53,0,cb,10.0,665,665,0,0
1H0X,P62A,53,0,centroid,6.0,134,133,1,0
1H0X,P62A,53,0,centroid,7.0,239,238,1,0
1H0X,P62A,53,0,centroid,8.0,325,325,0,0
1H0X,P62A,53,0,centroid,9.0,439,439,1,1
1H0X,P62A,53,0,centroid,10.0,579,579,1,1
1H0X,P62A,53,0,allatom,6.0,496,497,0,1
1H0X,P62A,53,0,allatom,7.0,639,638,1,0
1H0X,P62A,53,0,allatom,8.0,874,871,3,0
1H0X,P62A,53,0,allatom,9.0,1048,1048,0,0
1H0X,P62A,53,0,allatom,10.0,1231,1229,2,0
1HCQ,C67A,66,0,ca,6.0,187,187,0,0
1HCQ,C67A,66,0,ca,7.0,269,269,0,0
1HCQ,C67A,66,0,ca,8.0,324,324,0,0
1HCQ,C67A,66,0,ca,9.0,435,435,0,0
1HCQ,C67A,66,0,ca,10.0,583,583,0,0
1HCQ,C67A,66,0,cb,6.0,168,165,3,0
1HCQ,C67A,66,0,cb,7.0,240,237,3,0
1HCQ,C67A,66,0,cb,8.0,337,336,1,0
1HCQ,C67A,66,0,cb,9.0,439,431,8,0
1HCQ,C67A,66,0,cb,10.0,579,575,6,2
1HCQ,C67A,66,0,centroid,6.0,128,120,11,3
1HCQ,C67A,66,0,centroid,7.0,199,188,11,0
1HCQ,C67A,66,0,centroid,8.0,277,272,6,1
1HCQ,C67A,66,0,centroid,9.0,397,387,12,2
1HCQ,C67A,66,0,centroid,10.0,511,501,11,1
1HCQ,C67A,66,0,allatom,6.0,421,421,0,0
1HCQ,C67A,66,0,allatom,7.0,572,572,2,2
1HCQ,C67A,66,0,allatom,8.0,721,721,5,5
1HCQ,C67A,66,0,allatom,9.0,847,847,3,3
1HCQ,C67A,66,0,allatom,10.0,1020,1022,3,5
1HCQ,C67S,66,0,ca,6.0,187,187,0,0
1HCQ,C67S,66,0,ca,7.0,269,269,0,0
1HCQ,C67S,66,0,ca,8.0,324,324,0,0
1HCQ,C67S,66,0,ca,9.0,435,435,0,0
1HCQ,C67S,66,0,ca,10.0,583,583,0,0
1HCQ,C67S,66,0,cb,6.0,168,165,3,0
1HCQ,C67S,66,0,cb,7.0,240,237,3,0
1HCQ,C67S,66,0,cb,8.0,337,336,1,0
1HCQ,C67S,66,0,cb,9.0,439,431,8,0
1HCQ,C67S,66,0,cb,10.0,579,575,6,2
1HCQ,C67S,66,0,centroid,6.0,128,120,10,2
1HCQ,C67S,66,0,centroid,7.0,199,189,11,1
1HCQ,C67S,66,0,centroid,8.0,277,270,7,0
1HCQ,C67S,66,0,centroid,9.0,397,388,11,2
1HCQ,C67S,66,0,centroid,10.0,511,502,10,1
1HCQ,C67S,66,0,allatom,6.0,421,421,0,0
1HCQ,C67S,66,0,allatom,7.0,572,574,1,3
1HCQ,C67S,66,0,allatom,8.0,721,723,4,6
1HCQ,C67S,66,0,allatom,9.0,847,848,2,3
1HCQ,C67S,66,0,allatom,10.0,1020,1025,1,6
1IOJ,G15A,14,1,ca,6.0,151,151,0,0
1IOJ,G15A,14,1,ca,7.0,196,196,0,0
1IOJ,G15A,14,1,ca,8.0,213,213,0,0
1IOJ,G15A,14,1,ca,9.0,258,258,0,0
1IOJ,G15A,14,1,ca,10.0,297,297,0,0
1IOJ,G15A,14,1,cb,6.0,87,86,2,1
1IOJ,G15A,14,1,cb,7.0,142,140,2,0
1IOJ,G15A,14,1,cb,8.0,199,201,0,2
1IOJ,G15A,14,1,cb,9.0,232,236,0,4
1IOJ,G15A,14,1,cb,10.0,267,266,3,2
1IOJ,G15A,14,1,centroid,6.0,46,41,5,0
1IOJ,G15A,14,1,centroid,7.0,91,90,1,0
1IOJ,G15A,14,1,centroid,8.0,136,138,1,3
1IOJ,G15A,14,1,centroid,9.0,182,179,5,2
1IOJ,G15A,14,1,centroid,10.0,234,233,3,2
1IOJ,G15A,14,1,allatom,6.0,267,264,4,1
1IOJ,G15A,14,1,allatom,7.0,295,294,4,3
1IOJ,G15A,14,1,allatom,8.0,360,357,3,0
1IOJ,G15A,14,1,allatom,9.0,409,405,5,1
1IOJ,G15A,14,1,allatom,10.0,447,447,1,1
1IV9,S76Y,75,0,ca,6.0,233,233,0,0
1IV9,S76Y,75,0,ca,7.0,368,368,0,0
1IV9,S76Y,75,0,ca,8.0,438,438,0,0
1IV9,S76Y,75,0,ca,9.0,560,560,0,0
1IV9,S76Y,75,0,ca,10.0,745,745,0,0
1IV9,S76Y,75,0,cb,6.0,204,204,0,0
1IV9,S76Y,75,0,cb,7.0,307,307,0,0
1IV9,S76Y,75,0,cb,8.0,435,435,0,0
1IV9,S76Y,75,0,cb,9.0,546,546,0,0
1IV9,S76Y,75,0,cb,10.0,695,695,0,0
1IV9,S76Y,75,0,centroid,6.0,149,151,2,4
1IV9,S76Y,75,0,centroid,7.0,239,241,2,4
1IV9,S76Y,75,0,centroid,8.0,337,340,1,4
1IV9,S76Y,75,0,centroid,9.0,477,476,5,4
1IV9,S76Y,75,0,centroid,10.0,642,645,6,9
1IV9,S76Y,75,0,allatom,6.0,549,554,0,5
1IV9,S76Y,75,0,allatom,7.0,699,707,0,8
1IV9,S76Y,75,0,allatom,8.0,982,988,0,6
1IV9,S76Y,75,0,allatom,9.0,1145,1152,0,7
1IV9,S76Y,75,0,allatom,10.0,1371,1381,0,10
1J8I,K25A,24,1,ca,6.0,190,190,0,0
1J8I,K25A,24,1,ca,7.0,281,281,0,0
1J8I,K25A,24,1,ca,8.0,343,343,0,0
1J8I,K25A,24,1,ca,9.0,431,431,0,0
1J8I,K25A,24,1,ca,10.0,571,571,0,0
1J8I,K25A,24,1,cb,6.0,159,159,0,0
1J8I,K25A,24,1,cb,7.0,234,234,0,0
1J8I,K25A,24,1,cb,8.0,334,334,0,0
1J8I,K25A,24,1,cb,9.0,419,419,0,0
1J8I,K25A,24,1,cb,10.0,530,530,0,0
1J8I,K25A,24,1,centroid,6.0,98,99,2,3
1J8I,K25A,24,1,centroid,7.0,187,190,2,5
1J8I,K25A,24,1,centroid,8.0,271,273,2,4
1J8I,K25A,24,1,centroid,9.0,373,374,1,2
1J8I,K25A,24,1,centroid,10.0,497,501,1,5
1J8I,K25A,24,1,allatom,6.0,423,420,3,0
1J8I,K25A,24,1,allatom,7.0,553,553,1,1
1J8I,K25A,24,1,allatom,8.0,713,712,2,1
1J8I,K25A,24,1,allatom,9.0,835,834,3,2
1J8I,K25A,24,1,allatom,10.0,990,989,1,0
1J8I,K66A,65,1,ca,6.0,190,190,0,0
1J8I,K66A,65,1,ca,7.0,281,281,0,0
1J8I,K66A,65,1,ca,8.0,343,343,0,0
1J8I,K66A,65,1,ca,9.0,431,431,0,0
1J8I,K66A,65,1,ca,10.0,571,571,0,0
1J8I,K66A,65,1,cb,6.0,159,159,0,0
1J8I,K66A,65,1,cb,7.0,234,234,0,0
1J8I,K66A,65,1,cb,8.0,334,334,0,0
1J8I,K66A,65,1,cb,9.0,419,419,0,0
1J8I,K66A,65,1,cb,10.0,530,530,0,0
1J8I,K66A,65,1,centroid,6.0,98,103,0,5
1J8I,K66A,65,1,centroid,7.0,187,188,2,3
1J8I,K66A,65,1,centroid,8.0,271,275,1,5
1J8I,K66A,65,1,centroid,9.0,373,381,1,9
1J8I,K66A,65,1,centroid,10.0,497,500,1,4
1J8I,K66A,65,1,allatom,6.0,423,419,4,0
1J8I,K66A,65,1,allatom,7.0,553,551,4,2
1J8I,K66A,65,1,allatom,8.0,713,716,2,5
1J8I,K66A,65,1,allatom,9.0,835,835,1,1
1J8I,K66A,65,1,allatom,10.0,990,989,2,1
1J8I,R23A,22,1,ca,6.0,190,190,0,0
1J8I,R23A,22,1,ca,7.0,281,281,0,0
1J8I,R23A,22,1,ca,8.0,343,343,0,0
1J8I,R23A,22,1,ca,9.0,431,431,0,0
1J8I,R23A,22,1,ca,10.0,571,571,0,0
1J8I,R23A,22,1,cb,6.0,159,159,0,0
1J8I,R23A,22,1,cb,7.0,234,234,0,0
1J8I,R23A,22,1,cb,8.0,334,334,0,0
1J8I,R23A,22,1,cb,9.0,419,419,0,0
1J8I,R23A,22,1,cb,10.0,530,530,0,0
1J8I,R23A,22,1,centroid,6.0,98,104,0,6
1J8I,R23A,22,1,centroid,7.0,187,190,0,3
1J8I,R23A,22,1,centroid,8.0,271,272,1,2
1J8I,R23A,22,1,centroid,9.0,373,375,0,2
1J8I,R23A,22,1,centroid,10.0,497,501,2,6
1J8I,R23A,22,1,allatom,6.0,423,423,0,0
1J8I,R23A,22,1,allatom,7.0,553,553,0,0
1J8I,R23A,22,1,allatom,8.0,713,713,0,0
1J8I,R23A,22,1,allatom,9.0,835,835,0,0
1J8I,R23A,22,1,allatom,10.0,990,988,2,0
1J8I,R35A,34,1,ca,6.0,190,190,0,0
1J8I,R35A,34,1,ca,7.0,281,281,0,0
1J8I,R35A,34,1,ca,8.0,343,343,0,0
1J8I,R35A,34,1,ca,9.0,431,431,0,0
1J8I,R35A,34,1,ca,10.0,571,571,0,0
1J8I,R35A,34,1,cb,6.0,159,159,0,0
1J8I,R35A,34,1,cb,7.0,234,234,0,0
1J8I,R35A,34,1,cb,8.0,334,334,0,0
1J8I,R35A,34,1,cb,9.0,419,419,0,0
1J8I,R35A,34,1,cb,10.0,530,530,0,0
1J8I,R35A,34,1,centroid,6.0,98,99,1,2
1J8I,R35A,34,1,centroid,7.0,187,191,0,4
1J8I,R35A,34,1,centroid,8.0,271,274,0,3
1J8I,R35A,34,1,centroid,9.0,373,376,0,3
1J8I,R35A,34,1,centroid,10.0,497,498,1,2
1J8I,R35A,34,1,allatom,6.0,423,423,0,0
1J8I,R35A,34,1,allatom,7.0,553,553,0,0
1J8I,R35A,34,1,allatom,8.0,713,712,1,0
1J8I,R35A,34,1,allatom,9.0,835,835,1,1
1J8I,R35A,34,1,allatom,10.0,990,990,1,1
1J8I,R43A,42,1,ca,6.0,190,190,0,0
1J8I,R43A,42,1,ca,7.0,281,281,0,0
1J8I,R43A,42,1,ca,8.0,343,343,0,0
1J8I,R43A,42,1,ca,9.0,431,431,0,0
1J8I,R43A,42,1,ca,10.0,571,571,0,0
1J8I,R43A,42,1,cb,6.0,159,159,0,0
1J8I,R43A,42,1,cb,7.0,234,234,0,0
1J8I,R43A,42,1,cb,8.0,334,334,0,0
1J8I,R43A,42,1,cb,9.0,419,419,0,0
1J8I,R43A,42,1,cb,10.0,530,530,0,0
1J8I,R43A,42,1,centroid,6.0,98,99,2,3
1J8I,R43A,42,1,centroid,7.0,187,191,3,7
1J8I,R43A,42,1,centroid,8.0,271,270,5,4
1J8I,R43A,42,1,centroid,9.0,373,373,5,5
1J8I,R43A,42,1,centroid,10.0,497,497,8,8
1J8I,R43A,42,1,allatom,6.0,423,421,4,2
1J8I,R43A,42,1,allatom,7.0,553,551,4,2
1J8I,R43A,42,1,allatom,8.0,713,709,4,0
1J8I,R43A,42,1,allatom,9.0,835,833,3,1
1J8I,R43A,42,1,allatom,10.0,990,989,3,2
1J8I,R9A,8,1,ca,6.0,190,190,0,0
1J8I,R9A,8,1,ca,7.0,281,281,0,0
1J8I,R9A,8,1,ca,8.0,343,343,0,0
1J8I,R9A,8,1,ca,9.0,431,431,0,0
1J8I,R9A,8,1,ca,10.0,571,571,0,0
1J8I,R9A,8,1,cb,6.0,159,159,0,0
1J8I,R9A,8,1,cb,7.0,234,234,0,0
1J8I,R9A,8,1,cb,8.0,334,334,0,0
1J8I,R9A,8,1,cb,9.0,419,419,0,0
1J8I,R9A,8,1,cb,10.0,530,530,0,0
1J8I,R9A,8,1,centroid,6.0,98,99,1,2
1J8I,R9A,8,1,centroid,7.0,187,193,0,6
1J8I,R9A,8,1,centroid,8.0,271,272,0,1
1J8I,R9A,8,1,centroid,9.0,373,378,0,5
1J8I,R9A,8,1,centroid,10.0,497,503,1,7
1J8I,R9A,8,1,allatom,6.0,423,423,0,0
1J8I,R9A,8,1,allatom,7.0,553,555,0,2
1J8I,R9A,8,1,allatom,8.0,713,713,1,1
1J8I,R9A,8,1,allatom,9.0,835,833,2,0
1J8I,R9A,8,1,allatom,10.0,990,989,2,1
1JL9,A25C,19,0,ca,6.0,96,96,0,0
1JL9,A25C,19,0,ca,7.0,143,143,0,0
1JL9,A25C,19,0,ca,8.0,170,170,0,0
1JL9,A25C,19,0,ca,9.0,219,219,0,0
1JL9,A25C,19,0,ca,10.0,285,285,0,0
1JL9,A25C,19,0,cb,6.0,83,83,0,0
1JL9,A25C,19,0,cb,7.0,121,121,0,0
1JL9,A25C,19,0,cb,8.0,164,164,0,0
1JL9,A25C,19,0,cb,9.0,208,208,0,0
1JL9,A25C,19,0,cb,10.0,265,265,0,0
1JL9,A25C,19,0,centroid,6.0,55,55,0,0
1JL9,A25C,19,0,centroid,7.0,97,96,1,0
1JL9,A25C,19,0,centroid,8.0,120,120,0,0
1JL9,A25C,19,0,centroid,9.0,177,176,2,1
1JL9,A25C,19,0,centroid,10.0,239,239,0,0
1JL9,A25C,19,0,allatom,6.0,212,212,0,0
1JL9,A25C,19,0,allatom,7.0,251,251,0,0
1JL9,A25C,19,0,allatom,8.0,323,323,0,0
1JL9,A25C,19,0,allatom,9.0,374,374,0,0
1JL9,A25C,19,0,allatom,10.0,423,423,0,0
1L6H,F39A,38,1,ca,6.0,214,214,0,0
1L6H,F39A,38,1,ca,7.0,281,281,0,0
1L6H,F39A,38,1,ca,8.0,354,354,0,0
1L6H,F39A,38,1,ca,9.0,460,460,0,0
1L6H,F39A,38,1,ca,10.0,603,603,0,0
1L6H,F39A,38,1,cb,6.0,156,156,0,0
1L6H,F39A,38,1,cb,7.0,244,244,0,0
1L6H,F39A,38,1,cb,8.0,366,366,0,0
1L6H,F39A,38,1,cb,9.0,451,451,0,0
1L6H,F39A,38,1,cb,10.0,582,582,0,0
1L6H,F39A,38,1,centroid,6.0,139,141,2,4
1L6H,F39A,38,1,centroid,7.0,224,225,4,5
1L6H,F39A,38,1,centroid,8.0,335,339,5,9
1L6H,F39A,38,1,centroid,9.0,448,445,8,5
1L6H,F39A,38,1,centroid,10.0,589,589,5,5
1L6H,F39A,38,1,allatom,6.0,455,448,8,1
1L6H,F39A,38,1,allatom,7.0,566,558,10,2
1L6H,F39A,38,1,allatom,8.0,726,720,7,1
1L6H,F39A,38,1,allatom,9.0,883,868,16,1
1L6H,F39A,38,1,allatom,10.0,1043,1026,19,2
1L6H,Y45A,44,1,ca,6.0,214,214,0,0
1L6H,Y45A,44,1,ca,7.0,281,281,0,0
1L6H,Y45A,44,1,ca,8.0,354,354,0,0
1L6H,Y45A,44,1,ca,9.0,460,460,0,0
1L6H,Y45A,44,1,ca,10.0,603,603,0,0
1L6H,Y45A,44,1,cb,6.0,156,156,0,0
1L6H,Y45A,44,1,cb,7.0,244,244,0,0
1L6H,Y45A,44,1,cb,8.0,366,366,0,0
1L6H,Y45A,44,1,cb,9.0,451,451,0,0
1L6H,Y45A,44,1,cb,10.0,582,582,0,0
1L6H,Y45A,44,1,centroid,6.0,139,138,3,2
1L6H,Y45A,44,1,centroid,7.0,224,225,5,6
1L6H,Y45A,44,1,centroid,8.0,335,335,7,7
1L6H,Y45A,44,1,centroid,9.0,448,449,5,6
1L6H,Y45A,44,1,centroid,10.0,589,596,2,9
1L6H,Y45A,44,1,allatom,6.0,455,452,4,1
1L6H,Y45A,44,1,allatom,7.0,566,561,5,0
1L6H,Y45A,44,1,allatom,8.0,726,725,5,4
1L6H,Y45A,44,1,allatom,9.0,883,870,14,1
1L6H,Y45A,44,1,allatom,10.0,1043,1038,9,4
1L6H,Y48A,47,1,ca,6.0,214,214,0,0
1L6H,Y48A,47,1,ca,7.0,281,281,0,0
1L6H,Y48A,47,1,ca,8.0,354,354,0,0
1L6H,Y48A,47,1,ca,9.0,460,460,0,0
1L6H,Y48A,47,1,ca,10.0,603,603,0,0
1L6H,Y48A,47,1,cb,6.0,156,156,0,0
1L6H,Y48A,47,1,cb,7.0,244,244,0,0
1L6H,Y48A,47,1,cb,8.0,366,366,0,0
1L6H,Y48A,47,1,cb,9.0,451,451,0,0
1L6H,Y48A,47,1,cb,10.0,582,582,0,0
1L6H,Y48A,47,1,centroid,6.0,139,141,0,2
1L6H,Y48A,47,1,centroid,7.0,224,220,6,2
1L6H,Y48A,47,1,centroid,8.0,335,333,7,5
1L6H,Y48A,47,1,centroid,9.0,448,447,4,3
1L6H,Y48A,47,1,centroid,10.0,589,592,3,6
1L6H,Y48A,47,1,allatom,6.0,455,448,7,0
1L6H,Y48A,47,1,allatom,7.0,566,558,9,1
1L6H,Y48A,47,1,allatom,8.0,726,720,7,1
1L6H,Y48A,47,1,allatom,9.0,883,872,12,1
1L6H,Y48A,47,1,allatom,10.0,1043,1036,8,1
1N88,F21A,20,1,ca,6.0,245,245,0,0
1N88,F21A,20,1,ca,7.0,377,377,0,0
1N88,F21A,20,1,ca,8.0,458,458,0,0
1N88,F21A,20,1,ca,9.0,582,582,0,0
1N88,F21A,20,1,ca,10.0,793,793,0,0
1N88,F21A,20,1,cb,6.0,219,219,0,0
1N88,F21A,20,1,cb,7.0,324,324,0,0
1N88,F21A,20,1,cb,8.0,450,450,0,0
1N88,F21A,20,1,cb,9.0,571,571,0,0
1N88,F21A,20,1,cb,10.0,747,747,0,0
1N88,F21A,20,1,centroid,6.0,155,153,5,3
1N88,F21A,20,1,centroid,7.0,258,256,5,3
1N88,F21A,20,1,centroid,8.0,386,381,8,3
1N88,F21A,20,1,centroid,9.0,547,537,11,1
1N88,F21A,20,1,centroid,10.0,695,688,9,2
1N88,F21A,20,1,allatom,6.0,587,580,7,0
1N88,F21A,20,1,allatom,7.0,766,753,13,0
1N88,F21A,20,1,allatom,8.0,987,979,8,0
1N88,F21A,20,1,allatom,9.0,1205,1194,11,0
1N88,F21A,20,1,allatom,10.0,1422,1416,6,0
1N88,I39A,38,1,ca,6.0,245,245,0,0
1N88,I39A,38,1,ca,7.0,377,377,0,0
1N88,I39A,38,1,ca,8.0,458,458,0,0
1N88,I39A,38,1,ca,9.0,582,582,0,0
1N88,I39A,38,1,ca,10.0,793,793,0,0
1N88,I39A,38,1,cb,6.0,219,219,0,0
1N88,I39A,38,1,cb,7.0,324,324,0,0
1N88,I39A,38,1,cb,8.0,450,450,0,0
1N88,I39A,38,1,cb,9.0,571,571,0,0
1N88,I39A,38,1,cb,10.0,747,747,0,0
1N88,I39A,38,1,centroid,6.0,155,154,4,3
1N88,I39A,38,1,centroid,7.0,258,258,4,4
1N88,I39A,38,1,centroid,8.0,386,388,3,5
1N88,I39A,38,1,centroid,9.0,547,540,9,2
1N88,I39A,38,1,centroid,10.0,695,694,7,6
1N88,I39A,38,1,allatom,6.0,587,580,7,0
1N88,I39A,38,1,allatom,7.0,766,757,15,6
1N88,I39A,38,1,allatom,8.0,987,978,13,4
1N88,I39A,38,1,allatom,9.0,1205,1199,9,3
1N88,I39A,38,1,allatom,10.0,1422,1422,4,4
1N88,I80A,79,1,ca,6.0,245,245,0,0
1N88,I80A,79,1,ca,7.0,377,377,0,0
1N88,I80A,79,1,ca,8.0,458,458,0,0
1N88,I80A,79,1,ca,9.0,582,582,0,0
1N88,I80A,79,1,ca,10.0,793,793,0,0
1N88,I80A,79,1,cb,6.0,219,219,0,0
1N88,I80A,79,1,cb,7.0,324,324,0,0
1N88,I80A,79,1,cb,8.0,450,450,0,0
1N88,I80A,79,1,cb,9.0,571,571,0,0
1N88,I80A,79,1,cb,10.0,747,747,0,0
1N88,I80A,79,1,centroid,6.0,155,155,1,1
1N88,I80A,79,1,centroid,7.0,258,255,5,2
1N88,I80A,79,1,centroid,8.0,386,387,2,3
1N88,I80A,79,1,centroid,9.0,547,549,1,3
1N88,I80A,79,1,centroid,10.0,695,695,3,3
1N88,I80A,79,1,allatom,6.0,587,592,0,5
1N88,I80A,79,1,allatom,7.0,766,761,5,0
1N88,I80A,79,1,allatom,8.0,987,986,3,2
1N88,I80A,79,1,allatom,9.0,1205,1203,3,1
1N88,I80A,79,1,allatom,10.0,1422,1417,6,1
1N88,I89A,88,1,ca,6.0,245,245,0,0
1N88,I89A,88,1,ca,7.0,377,377,0,0
1N88,I89A,88,1,ca,8.0,458,458,0,0
1N88,I89A,88,1,ca,9.0,582,582,0,0
1N88,I89A,88,1,ca,10.0,793,793,0,0
1N88,I89A,88,1,cb,6.0,219,219,0,0
1N88,I89A,88,1,cb,7.0,324,324,0,0
1N88,I89A,88,1,cb,8.0,450,450,0,0
1N88,I89A,88,1,cb,9.0,571,571,0,0
1N88,I89A,88,1,cb,10.0,747,747,0,0
1N88,I89A,88,1,centroid,6.0,155,158,1,4
1N88,I89A,88,1,centroid,7.0,258,259,3,4
1N88,I89A,88,1,centroid,8.0,386,391,4,9
1N88,I89A,88,1,centroid,9.0,547,545,8,6
1N88,I89A,88,1,centroid,10.0,695,694,6,5
1N88,I89A,88,1,allatom,6.0,587,586,5,4
1N88,I89A,88,1,allatom,7.0,766,758,13,5
1N88,I89A,88,1,allatom,8.0,987,986,8,7
1N88,I89A,88,1,allatom,9.0,1205,1195,16,6
1N88,I89A,88,1,allatom,10.0,1422,1412,16,6
1N88,I8V,7,1,ca,6.0,245,245,0,0
1N88,I8V,7,1,ca,7.0,377,377,0,0
1N88,I8V,7,1,ca,8.0,458,458,0,0
1N88,I8V,7,1,ca,9.0,582,582,0,0
1N88,I8V,7,1,ca,10.0,793,793,0,0
1N88,I8V,7,1,cb,6.0,219,220,0,1
1N88,I8V,7,1,cb,7.0,324,324,0,0
1N88,I8V,7,1,cb,8.0,450,450,0,0
1N88,I8V,7,1,cb,9.0,571,571,0,0
1N88,I8V,7,1,cb,10.0,747,746,2,1
1N88,I8V,7,1,centroid,6.0,155,156,2,3
1N88,I8V,7,1,centroid,7.0,258,259,2,3
1N88,I8V,7,1,centroid,8.0,386,386,3,3
1N88,I8V,7,1,centroid,9.0,547,543,6,2
1N88,I8V,7,1,centroid,10.0,695,695,2,2
1N88,I8V,7,1,allatom,6.0,587,583,6,2
1N88,I8V,7,1,allatom,7.0,766,767,7,8
1N88,I8V,7,1,allatom,8.0,987,986,7,6
1N88,I8V,7,1,allatom,9.0,1205,1201,9,5
1N88,I8V,7,1,allatom,10.0,1422,1423,4,5
1N88,L13A,12,1,ca,6.0,245,245,0,0
1N88,L13A,12,1,ca,7.0,377,377,0,0
1N88,L13A,12,1,ca,8.0,458,458,0,0
1N88,L13A,12,1,ca,9.0,582,582,0,0
1N88,L13A,12,1,ca,10.0,793,793,0,0
1N88,L13A,12,1,cb,6.0,219,219,0,0
1N88,L13A,12,1,cb,7.0,324,324,0,0
1N88,L13A,12,1,cb,8.0,450,450,0,0
1N88,L13A,12,1,cb,9.0,571,571,0,0
1N88,L13A,12,1,cb,10.0,747,747,0,0
1N88,L13A,12,1,centroid,6.0,155,152,8,5
1N88,L13A,12,1,centroid,7.0,258,255,8,5
1N88,L13A,12,1,centroid,8.0,386,381,10,5
1N88,L13A,12,1,centroid,9.0,547,527,23,3
1N88,L13A,12,1,centroid,10.0,695,680,20,5
1N88,L13A,12,1,allatom,6.0,587,580,9,2
1N88,L13A,12,1,allatom,7.0,766,754,16,4
1N88,L13A,12,1,allatom,8.0,987,978,12,3
1N88,L13A,12,1,allatom,9.0,1205,1194,14,3
1N88,L13A,12,1,allatom,10.0,1422,1413,11,2
1N88,L57A,56,1,ca,6.0,245,245,0,0
1N88,L57A,56,1,ca,7.0,377,377,0,0
1N88,L57A,56,1,ca,8.0,458,458,0,0
1N88,L57A,56,1,ca,9.0,582,582,0,0
1N88,L57A,56,1,ca,10.0,793,793,0,0
1N88,L57A,56,1,cb,6.0,219,219,0,0
1N88,L57A,56,1,cb,7.0,324,324,0,0
1N88,L57A,56,1,cb,8.0,450,450,0,0
1N88,L57A,56,1,cb,9.0,571,571,0,0
1N88,L57A,56,1,cb,10.0,747,747,0,0
1N88,L57A,56,1,centroid,6.0,155,153,3,1
1N88,L57A,56,1,centroid,7.0,258,257,2,1
1N88,L57A,56,1,centroid,8.0,386,385,2,1
1N88,L57A,56,1,centroid,9.0,547,547,1,1
1N88,L57A,56,1,centroid,10.0,695,691,5,1
1N88,L57A,56,1,allatom,6.0,587,586,1,0
1N88,L57A,56,1,allatom,7.0,766,761,5,0
1N88,L57A,56,1,allatom,8.0,987,986,1,0
1N88,L57A,56,1,allatom,9.0,1205,1203,2,0
1N88,L57A,56,1,allatom,10.0,1422,1421,1,0
1N88,V12A,11,1,ca,6.0,245,245,0,0
1N88,V12A,11,1,ca,7.0,377,377,0,0
1N88,V12A,11,1,ca,8.0,458,458,0,0
1N88,V12A,11,1,ca,9.0,582,582,0,0
1N88,V12A,11,1,ca,10.0,793,793,0,0
1N88,V12A,11,1,cb,6.0,219,219,0,0
1N88,V12A,11,1,cb,7.0,324,324,0,0
1N88,V12A,11,1,cb,8.0,450,450,0,0
1N88,V12A,11,1,cb,9.0,571,571,0,0
1N88,V12A,11,1,cb,10.0,747,747,0,0
1N88,V12A,11,1,centroid,6.0,155,152,3,0
1N88,V12A,11,1,centroid,7.0,258,256,4,2
1N88,V12A,11,1,centroid,8.0,386,384,2,0
1N88,V12A,11,1,centroid,9.0,547,543,5,1
1N88,V12A,11,1,centroid,10.0,695,694,3,2
1N88,V12A,11,1,allatom,6.0,587,586,3,2
1N88,V12A,11,1,allatom,7.0,766,761,5,0
1N88,V12A,11,1,allatom,8.0,987,983,5,1
1N88,V12A,11,1,allatom,9.0,1205,1202,4,1
1N88,V12A,11,1,allatom,10.0,1422,1417,6,1
1N88,V30A,29,1,ca,6.0,245,245,0,0
1N88,V30A,29,1,ca,7.0,377,377,0,0
1N88,V30A,29,1,ca,8.0,458,458,0,0
1N88,V30A,29,1,ca,9.0,582,582,0,0
1N88,V30A,29,1,ca,10.0,793,793,0,0
1N88,V30A,29,1,cb,6.0,219,219,0,0
1N88,V30A,29,1,cb,7.0,324,324,0,0
1N88,V30A,29,1,cb,8.0,450,450,0,0
1N88,V30A,29,1,cb,9.0,571,571,0,0
1N88,V30A,29,1,cb,10.0,747,747,0,0
1N88,V30A,29,1,centroid,6.0,155,153,4,2
1N88,V30A,29,1,centroid,7.0,258,257,2,1
1N88,V30A,29,1,centroid,8.0,386,385,2,1
1N88,V30A,29,1,centroid,9.0,547,546,3,2
1N88,V30A,29,1,centroid,10.0,695,691,5,1
1N88,V30A,29,1,allatom,6.0,587,584,3,0
1N88,V30A,29,1,allatom,7.0,766,761,5,0
1N88,V30A,29,1,allatom,8.0,987,981,6,0
1N88,V30A,29,1,allatom,9.0,1205,1200,5,0
1N88,V30A,29,1,allatom,10.0,1422,1416,6,0
1N88,V43A,42,1,ca,6.0,245,245,0,0
1N88,V43A,42,1,ca,7.0,377,377,0,0
1N88,V43A,42,1,ca,8.0,458,458,0,0
1N88,V43A,42,1,ca,9.0,582,582,0,0
1N88,V43A,42,1,ca,10.0,793,793,0,0
1N88,V43A,42,1,cb,6.0,219,219,0,0
1N88,V43A,42,1,cb,7.0,324,324,0,0
1N88,V43A,42,1,cb,8.0,450,450,0,0
1N88,V43A,42,1,cb,9.0,571,571,0,0
1N88,V43A,42,1,cb,10.0,747,747,0,0
1N88,V43A,42,1,centroid,6.0,155,155,0,0
1N88,V43A,42,1,centroid,7.0,258,260,1,3
1N88,V43A,42,1,centroid,8.0,386,384,2,0
1N88,V43A,42,1,centroid,9.0,547,545,2,0
1N88,V43A,42,1,centroid,10.0,695,698,1,4
1N88,V43A,42,1,allatom,6.0,587,584,3,0
1N88,V43A,42,1,allatom,7.0,766,769,1,4
1N88,V43A,42,1,allatom,8.0,987,977,10,0
1N88,V43A,42,1,allatom,9.0,1205,1201,8,4
1N88,V43A,42,1,allatom,10.0,1422,1420,3,1
1N88,V49A,48,1,ca,6.0,245,245,0,0
1N88,V49A,48,1,ca,7.0,377,377,0,0
1N88,V49A,48,1,ca,8.0,458,458,0,0
1N88,V49A,48,1,ca,9.0,582,582,0,0
1N88,V49A,48,1,ca,10.0,793,793,0,0
1N88,V49A,48,1,cb,6.0,219,219,0,0
1N88,V49A,48,1,cb,7.0,324,324,0,0
1N88,V49A,48,1,cb,8.0,450,450,0,0
1N88,V49A,48,1,cb,9.0,571,571,0,0
1N88,V49A,48,1,cb,10.0,747,747,0,0
1N88,V49A,48,1,centroid,6.0,155,154,1,0
1N88,V49A,48,1,centroid,7.0,258,258,1,1
1N88,V49A,48,1,centroid,8.0,386,385,3,2
1N88,V49A,48,1,centroid,9.0,547,545,3,1
1N88,V49A,48,1,centroid,10.0,695,694,2,1
1N88,V49A,48,1,allatom,6.0,587,583,5,1
1N88,V49A,48,1,allatom,7.0,766,762,7,3
1N88,V49A,48,1,allatom,8.0,987,987,2,2
1N88,V49A,48,1,allatom,9.0,1205,1200,7,2
1N88,V49A,48,1,allatom,10.0,1422,1416,7,1
1N88,V51A,50,1,ca,6.0,245,245,0,0
1N88,V51A,50,1,ca,7.0,377,377,0,0
1N88,V51A,50,1,ca,8.0,458,458,0,0
1N88,V51A,50,1,ca,9.0,582,582,0,0
1N88,V51A,50,1,ca,10.0,793,793,0,0
1N88,V51A,50,1,cb,6.0,219,219,0,0
1N88,V51A,50,1,cb,7.0,324,324,0,0
1N88,V51A,50,1,cb,8.0,450,450,0,0
1N88,V51A,50,1,cb,9.0,571,571,0,0
1N88,V51A,50,1,cb,10.0,747,747,0,0
1N88,V51A,50,1,centroid,6.0,155,154,2,1
1N88,V51A,50,1,centroid,7.0,258,258,1,1
1N88,V51A,50,1,centroid,8.0,386,386,3,3
1N88,V51A,50,1,centroid,9.0,547,543,5,1
1N88,V51A,50,1,centroid,10.0,695,691,5,1
1N88,V51A,50,1,allatom,6.0,587,585,4,2
1N88,V51A,50,1,allatom,7.0,766,758,10,2
1N88,V51A,50,1,allatom,8.0,987,979,10,2
1N88,V51A,50,1,allatom,9.0,1205,1201,6,2
1N88,V51A,50,1,allatom,10.0,1422,1417,7,2
1N88,V54A,53,1,ca,6.0,245,245,0,0
1N88,V54A,53,1,ca,7.0,377,377,0,0
1N88,V54A,53,1,ca,8.0,458,458,0,0
1N88,V54A,53,1,ca,9.0,582,582,0,0
1N88,V54A,53,1,ca,10.0,793,793,0,0
1N88,V54A,53,1,cb,6.0,219,219,0,0
1N88,V54A,53,1,cb,7.0,324,324,0,0
1N88,V54A,53,1,cb,8.0,450,450,0,0
1N88,V54A,53,1,cb,9.0,571,571,0,0
1N88,V54A,53,1,cb,10.0,747,747,0,0
1N88,V54A,53,1,centroid,6.0,155,152,3,0
1N88,V54A,53,1,centroid,7.0,258,258,0,0
1N88,V54A,53,1,centroid,8.0,386,386,2,2
1N88,V54A,53,1,centroid,9.0,547,547,1,1
1N88,V54A,53,1,centroid,10.0,695,693,3,1
1N88,V54A,53,1,allatom,6.0,587,585,4,2
1N88,V54A,53,1,allatom,7.0,766,761,6,1
1N88,V54A,53,1,allatom,8.0,987,985,2,0
1N88,V54A,53,1,allatom,9.0,1205,1199,8,2
1N88,V54A,53,1,allatom,10.0,1422,1420,2,0
1N88,V81A,80,1,ca,6.0,245,245,0,0
1N88,V81A,80,1,ca,7.0,377,377,0,0
1N88,V81A,80,1,ca,8.0,458,458,0,0
1N88,V81A,80,1,ca,9.0,582,582,0,0
1N88,V81A,80,1,ca,10.0,793,793,0,0
1N88,V81A,80,1,cb,6.0,219,219,0,0
1N88,V81A,80,1,cb,7.0,324,324,0,0
1N88,V81A,80,1,cb,8.0,450,450,0,0
1N88,V81A,80,1,cb,9.0,571,571,0,0
1N88,V81A,80,1,cb,10.0,747,747,0,0
1N88,V81A,80,1,centroid,6.0,155,155,1,1
1N88,V81A,80,1,centroid,7.0,258,260,0,2
1N88,V81A,80,1,centroid,8.0,386,387,0,1
1N88,V81A,80,1,centroid,9.0,547,546,1,0
1N88,V81A,80,1,centroid,10.0,695,694,1,0
1N88,V81A,80,1,allatom,6.0,587,584,3,0
1N88,V81A,80,1,allatom,7.0,766,766,2,2
1N88,V81A,80,1,allatom,8.0,987,982,8,3
1N88,V81A,80,1,allatom,9.0,1205,1199,6,0
1N88,V81A,80,1,allatom,10.0,1422,1414,10,2
1N88,V83A,82,1,ca,6.0,245,245,0,0
1N88,V83A,82,1,ca,7.0,377,377,0,0
1N88,V83A,82,1,ca,8.0,458,458,0,0
1N88,V83A,82,1,ca,9.0,582,582,0,0
1N88,V83A,82,1,ca,10.0,793,793,0,0
1N88,V83A,82,1,cb,6.0,219,219,0,0
1N88,V83A,82,1,cb,7.0,324,324,0,0
1N88,V83A,82,1,cb,8.0,450,450,0,0
1N88,V83A,82,1,cb,9.0,571,571,0,0
1N88,V83A,82,1,cb,10.0,747,747,0,0
1N88,V83A,82,1,centroid,6.0,155,156,2,3
1N88,V83A,82,1,centroid,7.0,258,258,2,2
1N88,V83A,82,1,centroid,8.0,386,387,3,4
1N88,V83A,82,1,centroid,9.0,547,544,6,3
1N88,V83A,82,1,centroid,10.0,695,691,6,2
1N88,V83A,82,1,allatom,6.0,587,583,6,2
1N88,V83A,82,1,allatom,7.0,766,764,7,5
1N88,V83A,82,1,allatom,8.0,987,985,5,3
1N88,V83A,82,1,allatom,9.0,1205,1202,6,3
1N88,V83A,82,1,allatom,10.0,1422,1414,9,1
1N88,Y18A,17,1,ca,6.0,245,245,0,0
1N88,Y18A,17,1,ca,7.0,377,377,0,0
1N88,Y18A,17,1,ca,8.0,458,458,0,0
1N88,Y18A,17,1,ca,9.0,582,582,0,0
1N88,Y18A,17,1,ca,10.0,793,793,0,0
1N88,Y18A,17,1,cb,6.0,219,219,0,0
1N88,Y18A,17,1,cb,7.0,324,324,0,0
1N88,Y18A,17,1,cb,8.0,450,450,0,0
1N88,Y18A,17,1,cb,9.0,571,571,0,0
1N88,Y18A,17,1,cb,10.0,747,747,0,0
1N88,Y18A,17,1,centroid,6.0,155,152,6,3
1N88,Y18A,17,1,centroid,7.0,258,260,4,6
1N88,Y18A,17,1,centroid,8.0,386,384,7,5
1N88,Y18A,17,1,centroid,9.0,547,534,15,2
1N88,Y18A,17,1,centroid,10.0,695,686,14,5
1N88,Y18A,17,1,allatom,6.0,587,580,8,1
1N88,Y18A,17,1,allatom,7.0,766,756,12,2
1N88,Y18A,17,1,allatom,8.0,987,982,9,4
1N88,Y18A,17,1,allatom,9.0,1205,1194,12,1
1N88,Y18A,17,1,allatom,10.0,1422,1415,8,1
1N88,Y26A,25,1,ca,6.0,245,245,0,0
1N88,Y26A,25,1,ca,7.0,377,377,0,0
1N88,Y26A,25,1,ca,8.0,458,458,0,0
1N88,Y26A,25,1,ca,9.0,582,582,0,0
1N88,Y26A,25,1,ca,10.0,793,793,0,0
1N88,Y26A,25,1,cb,6.0,219,219,0,0
1N88,Y26A,25,1,cb,7.0,324,324,0,0
1N88,Y26A,25,1,cb,8.0,450,450,0,0
1N88,Y26A,25,1,cb,9.0,571,571,0,0
1N88,Y26A,25,1,cb,10.0,747,747,0,0
1N88,Y26A,25,1,centroid,6.0,155,155,4,4
1N88,Y26A,25,1,centroid,7.0,258,260,2,4
1N88,Y26A,25,1,centroid,8.0,386,392,4,10
1N88,Y26A,25,1,centroid,9.0,547,554,4,11
1N88,Y26A,25,1,centroid,10.0,695,700,6,11
1N88,Y26A,25,1,allatom,6.0,587,579,11,3
1N88,Y26A,25,1,allatom,7.0,766,758,13,5
1N88,Y26A,25,1,allatom,8.0,987,984,9,6
1N88,Y26A,25,1,allatom,9.0,1205,1200,11,6
1N88,Y26A,25,1,allatom,10.0,1422,1414,9,1
1O6X,A31G,30,1,ca,6.0,189,189,0,0
1O6X,A31G,30,1,ca,7.0,288,288,0,0
1O6X,A31G,30,1,ca,8.0,339,339,0,0
1O6X,A31G,30,1,ca,9.0,429,429,0,0
1O6X,A31G,30,1,ca,10.0,569,569,0,0
1O6X,A31G,30,1,cb,6.0,160,158,2,0
1O6X,A31G,30,1,cb,7.0,246,247,0,1
1O6X,A31G,30,1,cb,8.0,344,345,0,1
1O6X,A31G,30,1,cb,9.0,410,414,0,4
1O6X,A31G,30,1,cb,10.0,556,555,1,0
1O6X,A31G,30,1,centroid,6.0,96,97,1,2
1O6X,A31G,30,1,centroid,7.0,196,197,0,1
1O6X,A31G,30,1,centroid,8.0,291,291,0,0
1O6X,A31G,30,1,centroid,9.0,389,392,0,3
1O6X,A31G,30,1,centroid,10.0,500,501,1,2
1O6X,A31G,30,1,allatom,6.0,430,430,0,0
1O6X,A31G,30,1,allatom,7.0,574,573,1,0
1O6X,A31G,30,1,allatom,8.0,724,724,0,0
1O6X,A31G,30,1,allatom,9.0,895,895,0,0
1O6X,A31G,30,1,allatom,10.0,1053,1053,0,0
1O6X,A50G,49,1,ca,6.0,189,189,0,0
1O6X,A50G,49,1,ca,7.0,288,288,0,0
1O6X,A50G,49,1,ca,8.0,339,339,0,0
1O6X,A50G,49,1,ca,9.0,429,429,0,0
1O6X,A50G,49,1,ca,10.0,569,569,0,0
1O6X,A50G,49,1,cb,6.0,160,160,1,1
1O6X,A50G,49,1,cb,7.0,246,246,2,2
1O6X,A50G,49,1,cb,8.0,344,343,2,1
1O6X,A50G,49,1,cb,9.0,410,410,0,0
1O6X,A50G,49,1,cb,10.0,556,554,4,2
1O6X,A50G,49,1,centroid,6.0,96,95,5,4
1O6X,A50G,49,1,centroid,7.0,196,197,7,8
1O6X,A50G,49,1,centroid,8.0,291,290,5,4
1O6X,A50G,49,1,centroid,9.0,389,386,7,4
1O6X,A50G,49,1,centroid,10.0,500,492,10,2
1O6X,A50G,49,1,allatom,6.0,430,430,3,3
1O6X,A50G,49,1,allatom,7.0,574,567,9,2
1O6X,A50G,49,1,allatom,8.0,724,728,1,5
1O6X,A50G,49,1,allatom,9.0,895,891,9,5
1O6X,A50G,49,1,allatom,10.0,1053,1043,13,3
1O6X,D38A,37,1,ca,6.0,189,189,0,0
1O6X,D38A,37,1,ca,7.0,288,288,0,0
1O6X,D38A,37,1,ca,8.0,339,339,0,0
1O6X,D38A,37,1,ca,9.0,429,429,0,0
1O6X,D38A,37,1,ca,10.0,569,569,0,0
1O6X,D38A,37,1,cb,6.0,160,160,0,0
1O6X,D38A,37,1,cb,7.0,246,246,0,0
1O6X,D38A,37,1,cb,8.0,344,344,0,0
1O6X,D38A,37,1,cb,9.0,410,410,0,0
1O6X,D38A,37,1,cb,10.0,556,556,0,0
1O6X,D38A,37,1,centroid,6.0,96,98,1,3
1O6X,D38A,37,1,centroid,7.0,196,196,2,2
1O6X,D38A,37,1,centroid,8.0,291,292,0,1
1O6X,D38A,37,1,centroid,9.0,389,388,1,0
1O6X,D38A,37,1,centroid,10.0,500,501,0,1
1O6X,D38A,37,1,allatom,6.0,430,429,1,0
1O6X,D38A,37,1,allatom,7.0,574,574,0,0
1O6X,D38A,37,1,allatom,8.0,724,724,0,0
1O6X,D38A,37,1,allatom,9.0,895,893,2,0
1O6X,D38A,37,1,allatom,10.0,1053,1050,3,0
1O6X,E14A,13,1,ca,6.0,189,189,0,0
1O6X,E14A,13,1,ca,7.0,288,288,0,0
1O6X,E14A,13,1,ca,8.0,339,339,0,0
1O6X,E14A,13,1,ca,9.0,429,429,0,0
1O6X,E14A,13,1,ca,10.0,569,569,0,0
1O6X,E14A,13,1,cb,6.0,160,160,0,0
1O6X,E14A,13,1,cb,7.0,246,246,0,0
1O6X,E14A,13,1,cb,8.0,344,344,0,0
1O6X,E14A,13,1,cb,9.0,410,410,0,0
1O6X,E14A,13,1,cb,10.0,556,556,0,0
1O6X,E14A,13,1,centroid,6.0,96,98,3,5
1O6X,E14A,13,1,centroid,7.0,196,198,2,4
1O6X,E14A,13,1,centroid,8.0,291,292,2,3
1O6X,E14A,13,1,centroid,9.0,389,392,1,4
1O6X,E14A,13,1,centroid,10.0,500,504,5,9
1O6X,E14A,13,1,allatom,6.0,430,430,1,1
1O6X,E14A,13,1,allatom,7.0,574,578,0,4
1O6X,E14A,13,1,allatom,8.0,724,727,2,5
1O6X,E14A,13,1,allatom,9.0,895,893,2,0
1O6X,E14A,13,1,allatom,10.0,1053,1056,0,3
1O6X,E20G,19,1,ca,6.0,189,189,0,0
1O6X,E20G,19,1,ca,7.0,288,288,0,0
1O6X,E20G,19,1,ca,8.0,339,339,0,0
1O6X,E20G,19,1,ca,9.0,429,429,0,0
1O6X,E20G,19,1,ca,10.0,569,569,0,0
1O6X,E20G,19,1,cb,6.0,160,161,0,1
1O6X,E20G,19,1,cb,7.0,246,248,0,2
1O6X,E20G,19,1,cb,8.0,344,346,0,2
1O6X,E20G,19,1,cb,9.0,410,413,0,3
1O6X,E20G,19,1,cb,10.0,556,558,0,2
1O6X,E20G,19,1,centroid,6.0,96,97,1,2
1O6X,E20G,19,1,centroid,7.0,196,199,0,3
1O6X,E20G,19,1,centroid,8.0,291,294,0,3
1O6X,E20G,19,1,centroid,9.0,389,388,3,2
1O6X,E20G,19,1,centroid,10.0,500,500,2,2
1O6X,E20G,19,1,allatom,6.0,430,430,0,0
1O6X,E20G,19,1,allatom,7.0,574,571,3,0
1O6X,E20G,19,1,allatom,8.0,724,724,0,0
1O6X,E20G,19,1,allatom,9.0,895,894,1,0
1O6X,E20G,19,1,allatom,10.0,1053,1052,1,0
1O6X,F39L,38,1,ca,6.0,189,189,0,0
1O6X,F39L,38,1,ca,7.0,288,288,0,0
1O6X,F39L,38,1,ca,8.0,339,339,0,0
1O6X,F39L,38,1,ca,9.0,429,429,0,0
1O6X,F39L,38,1,ca,10.0,569,569,0,0
1O6X,F39L,38,1,cb,6.0,160,160,0,0
1O6X,F39L,38,1,cb,7.0,246,246,0,0
1O6X,F39L,38,1,cb,8.0,344,344,0,0
1O6X,F39L,38,1,cb,9.0,410,410,0,0
1O6X,F39L,38,1,cb,10.0,556,556,0,0
1O6X,F39L,38,1,centroid,6.0,96,97,3,4
1O6X,F39L,38,1,centroid,7.0,196,197,3,4
1O6X,F39L,38,1,centroid,8.0,291,288,6,3
1O6X,F39L,38,1,centroid,9.0,389,388,3,2
1O6X,F39L,38,1,centroid,10.0,500,499,5,4
1O6X,F39L,38,1,allatom,6.0,430,430,5,5
1O6X,F39L,38,1,allatom,7.0,574,568,7,1
1O6X,F39L,38,1,allatom,8.0,724,721,7,4
1O6X,F39L,38,1,allatom,9.0,895,891,9,5
1O6X,F39L,38,1,allatom,10.0,1053,1042,13,2
1O6X,F65A,64,1,ca,6.0,189,189,0,0
1O6X,F65A,64,1,ca,7.0,288,288,0,0
1O6X,F65A,64,1,ca,8.0,339,339,0,0
1O6X,F65A,64,1,ca,9.0,429,429,0,0
1O6X,F65A,64,1,ca,10.0,569,569,0,0
1O6X,F65A,64,1,cb,6.0,160,160,0,0
1O6X,F65A,64,1,cb,7.0,246,246,0,0
1O6X,F65A,64,1,cb,8.0,344,344,0,0
1O6X,F65A,64,1,cb,9.0,410,410,0,0
1O6X,F65A,64,1,cb,10.0,556,556,0,0
1O6X,F65A,64,1,centroid,6.0,96,99,1,4
1O6X,F65A,64,1,centroid,7.0,196,197,2,3
1O6X,F65A,64,1,centroid,8.0,291,292,1,2
1O6X,F65A,64,1,centroid,9.0,389,390,1,2
1O6X,F65A,64,1,centroid,10.0,500,504,2,6
1O6X,F65A,64,1,allatom,6.0,430,427,3,0
1O6X,F65A,64,1,allatom,7.0,574,569,6,1
1O6X,F65A,64,1,allatom,8.0,724,715,9,0
1O6X,F65A,64,1,allatom,9.0,895,882,14,1
1O6X,F65A,64,1,allatom,10.0,1053,1046,7,0
1O6X,H51A,50,1,ca,6.0,189,189,0,0
1O6X,H51A,50,1,ca,7.0,288,288,0,0
1O6X,H51A,50,1,ca,8.0,339,339,0,0
1O6X,H51A,50,1,ca,9.0,429,429,0,0
1O6X,H51A,50,1,ca,10.0,569,569,0,0
1O6X,H51A,50,1,cb,6.0,160,160,0,0
1O6X,H51A,50,1,cb,7.0,246,246,0,0
1O6X,H51A,50,1,cb,8.0,344,344,0,0
1O6X,H51A,50,1,cb,9.0,410,410,0,0
1O6X,H51A,50,1,cb,10.0,556,556,0,0
1O6X,H51A,50,1,centroid,6.0,96,100,4,8
1O6X,H51A,50,1,centroid,7.0,196,195,8,7
1O6X,H51A,50,1,centroid,8.0,291,292,8,9
1O6X,H51A,50,1,centroid,9.0,389,391,6,8
1O6X,H51A,50,1,centroid,10.0,500,504,11,15
1O6X,H51A,50,1,allatom,6.0,430,428,4,2
1O6X,H51A,50,1,allatom,7.0,574,575,3,4
1O6X,H51A,50,1,allatom,8.0,724,730,1,7
1O6X,H51A,50,1,allatom,9.0,895,892,6,3
1O6X,H51A,50,1,allatom,10.0,1053,1056,3,6
1O6X,I15V,14,1,ca,6.0,189,189,0,0
1O6X,I15V,14,1,ca,7.0,288,288,0,0
1O6X,I15V,14,1,ca,8.0,339,339,0,0
1O6X,I15V,14,1,ca,9.0,429,429,0,0
1O6X,I15V,14,1,ca,10.0,569,569,0,0
1O6X,I15V,14,1,cb,6.0,160,160,0,0
1O6X,I15V,14,1,cb,7.0,246,245,1,0
1O6X,I15V,14,1,cb,8.0,344,344,0,0
1O6X,I15V,14,1,cb,9.0,410,410,0,0
1O6X,I15V,14,1,cb,10.0,556,555,1,0
1O6X,I15V,14,1,centroid,6.0,96,95,2,1
1O6X,I15V,14,1,centroid,7.0,196,200,3,7
1O6X,I15V,14,1,centroid,8.0,291,289,3,1
1O6X,I15V,14,1,centroid,9.0,389,388,2,1
1O6X,I15V,14,1,centroid,10.0,500,498,4,2
1O6X,I15V,14,1,allatom,6.0,430,431,1,2
1O6X,I15V,14,1,allatom,7.0,574,562,13,1
1O6X,I15V,14,1,allatom,8.0,724,724,5,5
1O6X,I15V,14,1,allatom,9.0,895,891,8,4
1O6X,I15V,14,1,allatom,10.0,1053,1053,2,2
1O6X,I23V,22,1,ca,6.0,189,189,0,0
1O6X,I23V,22,1,ca,7.0,288,288,0,0
1O6X,I23V,22,1,ca,8.0,339,339,0,0
1O6X,I23V,22,1,ca,9.0,429,429,0,0
1O6X,I23V,22,1,ca,10.0,569,569,0,0
1O6X,I23V,22,1,cb,6.0,160,160,0,0
1O6X,I23V,22,1,cb,7.0,246,245,1,0
1O6X,I23V,22,1,cb,8.0,344,344,0,0
1O6X,I23V,22,1,cb,9.0,410,410,0,0
1O6X,I23V,22,1,cb,10.0,556,556,0,0
1O6X,I23V,22,1,centroid,6.0,96,97,0,1
1O6X,I23V,22,1,centroid,7.0,196,197,0,1
1O6X,I23V,22,1,centroid,8.0,291,291,1,1
1O6X,I23V,22,1,centroid,9.0,389,390,0,1
1O6X,I23V,22,1,centroid,10.0,500,500,0,0
1O6X,I23V,22,1,allatom,6.0,430,429,1,0
1O6X,I23V,22,1,allatom,7.0,574,573,2,1
1O6X,I23V,22,1,allatom,8.0,724,726,0,2
1O6X,I23V,22,1,allatom,9.0,895,895,0,0
1O6X,I23V,22,1,allatom,10.0,1053,1055,0,2
1O6X,I71V,70,1,ca,6.0,189,189,0,0
1O6X,I71V,70,1,ca,7.0,288,288,0,0
1O6X,I71V,70,1,ca,8.0,339,339,0,0
1O6X,I71V,70,1,ca,9.0,429,429,0,0
1O6X,I71V,70,1,ca,10.0,569,569,0,0
1O6X,I71V,70,1,cb,6.0,160,160,0,0
1O6X,I71V,70,1,cb,7.0,246,246,0,0
1O6X,I71V,70,1,cb,8.0,344,344,0,0
1O6X,I71V,70,1,cb,9.0,410,410,0,0
1O6X,I71V,70,1,cb,10.0,556,556,0,0
1O6X,I71V,70,1,centroid,6.0,96,95,3,2
1O6X,I71V,70,1,centroid,7.0,196,196,1,1
1O6X,I71V,70,1,centroid,8.0,291,284,7,0
1O6X,I71V,70,1,centroid,9.0,389,386,5,2
1O6X,I71V,70,1,centroid,10.0,500,495,7,2
1O6X,I71V,70,1,allatom,6.0,430,423,9,2
1O6X,I71V,70,1,allatom,7.0,574,567,10,3
1O6X,I71V,70,1,allatom,8.0,724,718,8,2
1O6X,I71V,70,1,allatom,9.0,895,887,10,2
1O6X,I71V,70,1,allatom,10.0,1053,1045,10,2
1O6X,I75A,74,1,ca,6.0,189,189,0,0
1O6X,I75A,74,1,ca,7.0,288,288,0,0
1O6X,I75A,74,1,ca,8.0,339,339,0,0
1O6X,I75A,74,1,ca,9.0,429,429,0,0
1O6X,I75A,74,1,ca,10.0,569,569,0,0
1O6X,I75A,74,1,cb,6.0,160,160,0,0
1O6X,I75A,74,1,cb,7.0,246,246,0,0
1O6X,I75A,74,1,cb,8.0,344,344,0,0
1O6X,I75A,74,1,cb,9.0,410,410,0,0
1O6X,I75A,74,1,cb,10.0,556,556,0,0
1O6X,I75A,74,1,centroid,6.0,96,98,3,5
1O6X,I75A,74,1,centroid,7.0,196,191,11,6
1O6X,I75A,74,1,centroid,8.0,291,292,4,5
1O6X,I75A,74,1,centroid,9.0,389,391,4,6
1O6X,I75A,74,1,centroid,10.0,500,499,8,7
1O6X,I75A,74,1,allatom,6.0,430,426,5,1
1O6X,I75A,74,1,allatom,7.0,574,567,11,4
1O6X,I75A,74,1,allatom,8.0,724,724,6,6
1O6X,I75A,74,1,allatom,9.0,895,892,8,5
1O6X,I75A,74,1,allatom,10.0,1053,1053,3,3
1O6X,K41A,40,1,ca,6.0,189,189,0,0
1O6X,K41A,40,1,ca,7.0,288,288,0,0
1O6X,K41A,40,1,ca,8.0,339,339,0,0
1O6X,K41A,40,1,ca,9.0,429,429,0,0
1O6X,K41A,40,1,ca,10.0,569,569,0,0
1O6X,K41A,40,1,cb,6.0,160,160,0,0
1O6X,K41A,40,1,cb,7.0,246,246,0,0
1O6X,K41A,40,1,cb,8.0,344,344,0,0
1O6X,K41A,40,1,cb,9.0,410,410,0,0
1O6X,K41A,40,1,cb,10.0,556,556,0,0
1O6X,K41A,40,1,centroid,6.0,96,98,2,4
1O6X,K41A,40,1,centroid,7.0,196,199,1,4
1O6X,K41A,40,1,centroid,8.0,291,291,2,2
1O6X,K41A,40,1,centroid,9.0,389,387,4,2
1O6X,K41A,40,1,centroid,10.0,500,499,6,5
1O6X,K41A,40,1,allatom,6.0,430,428,2,0
1O6X,K41A,40,1,allatom,7.0,574,572,3,1
1O6X,K41A,40,1,allatom,8.0,724,724,2,2
1O6X,K41A,40,1,allatom,9.0,895,892,3,0
1O6X,K41A,40,1,allatom,10.0,1053,1052,1,0
1O6X,L26V,25,1,ca,6.0,189,189,0,0
1O6X,L26V,25,1,ca,7.0,288,288,0,0
1O6X,L26V,25,1,ca,8.0,339,339,0,0
1O6X,L26V,25,1,ca,9.0,429,429,0,0
1O6X,L26V,25,1,ca,10.0,569,569,0,0
1O6X,L26V,25,1,cb,6.0,160,160,0,0
1O6X,L26V,25,1,cb,7.0,246,246,0,0
1O6X,L26V,25,1,cb,8.0,344,344,0,0
1O6X,L26V,25,1,cb,9.0,410,410,0,0
1O6X,L26V,25,1,cb,10.0,556,556,0,0
1O6X,L26V,25,1,centroid,6.0,96,96,2,2
1O6X,L26V,25,1,centroid,7.0,196,198,2,4
1O6X,L26V,25,1,centroid,8.0,291,287,5,1
1O6X,L26V,25,1,centroid,9.0,389,388,3,2
1O6X,L26V,25,1,centroid,10.0,500,505,2,7
1O6X,L26V,25,1,allatom,6.0,430,430,2,2
1O6X,L26V,25,1,allatom,7.0,574,572,5,3
1O6X,L26V,25,1,allatom,8.0,724,720,7,3
1O6X,L26V,25,1,allatom,9.0,895,896,7,8
1O6X,L26V,25,1,allatom,10.0,1053,1054,4,5
1O6X,N58A,57,1,ca,6.0,189,189,0,0
1O6X,N58A,57,1,ca,7.0,288,288,0,0
1O6X,N58A,57,1,ca,8.0,339,339,0,0
1O6X,N58A,57,1,ca,9.0,429,429,0,0
1O6X,N58A,57,1,ca,10.0,569,569,0,0
1O6X,N58A,57,1,cb,6.0,160,160,0,0
1O6X,N58A,57,1,cb,7.0,246,246,0,0
1O6X,N58A,57,1,cb,8.0,344,344,0,0
1O6X,N58A,57,1,cb,9.0,410,410,0,0
1O6X,N58A,57,1,cb,10.0,556,556,0,0
1O6X,N58A,57,1,centroid,6.0,96,98,0,2
1O6X,N58A,57,1,centroid,7.0,196,196,3,3
1O6X,N58A,57,1,centroid,8.0,291,292,0,1
1O6X,N58A,57,1,centroid,9.0,389,389,1,1
1O6X,N58A,57,1,centroid,10.0,500,497,6,3
1O6X,N58A,57,1,allatom,6.0,430,428,2,0
1O6X,N58A,57,1,allatom,7.0,574,576,0,2
1O6X,N58A,57,1,allatom,8.0,724,719,5,0
1O6X,N58A,57,1,allatom,9.0,895,893,5,3
1O6X,N58A,57,1,allatom,10.0,1053,1049,6,2
1O6X,Q60G,59,1,ca,6.0,189,189,0,0
1O6X,Q60G,59,1,ca,7.0,288,288,0,0
1O6X,Q60G,59,1,ca,8.0,339,339,0,0
1O6X,Q60G,59,1,ca,9.0,429,429,0,0
1O6X,Q60G,59,1,ca,10.0,569,569,0,0
1O6X,Q60G,59,1,cb,6.0,160,162,0,2
1O6X,Q60G,59,1,cb,7.0,246,247,0,1
1O6X,Q60G,59,1,cb,8.0,344,343,1,0
1O6X,Q60G,59,1,cb,9.0,410,412,0,2
1O6X,Q60G,59,1,cb,10.0,556,559,0,3
1O6X,Q60G,59,1,centroid,6.0,96,100,0,4
1O6X,Q60G,59,1,centroid,7.0,196,197,1,2
1O6X,Q60G,59,1,centroid,8.0,291,293,1,3
1O6X,Q60G,59,1,centroid,9.0,389,393,0,4
1O6X,Q60G,59,1,centroid,10.0,500,505,0,5
1O6X,Q60G,59,1,allatom,6.0,430,430,0,0
1O6X,Q60G,59,1,allatom,7.0,574,573,1,0
1O6X,Q60G,59,1,allatom,8.0,724,723,1,0
1O6X,Q60G,59,1,allatom,9.0,895,893,2,0
1O6X,Q60G,59,1,allatom,10.0,1053,1053,0,0
1O6X,V12A,11,1,ca,6.0,189,189,0,0
1O6X,V12A,11,1,ca,7.0,288,288,0,0
1O6X,V12A,11,1,ca,8.0,339,339,0,0
1O6X,V12A,11,1,ca,9.0,429,429,0,0
1O6X,V12A,11,1,ca,10.0,569,569,0,0
1O6X,V12A,11,1,cb,6.0,160,160,0,0
1O6X,V12A,11,1,cb,7.0,246,246,0,0
1O6X,V12A,11,1,cb,8.0,344,344,0,0
1O6X,V12A,11,1,cb,9.0,410,410,0,0
1O6X,V12A,11,1,cb,10.0,556,556,0,0
1O6X,V12A,11,1,centroid,6.0,96,94,6,4
1O6X,V12A,11,1,centroid,7.0,196,192,9,5
1O6X,V12A,11,1,centroid,8.0,291,283,10,2
1O6X,V12A,11,1,centroid,9.0,389,387,6,4
1O6X,V12A,11,1,centroid,10.0,500,498,8,6
1O6X,V12A,11,1,allatom,6.0,430,426,4,0
1O6X,V12A,11,1,allatom,7.0,574,575,3,4
1O6X,V12A,11,1,allatom,8.0,724,723,4,3
1O6X,V12A,11,1,allatom,9.0,895,890,5,0
1O6X,V12A,11,1,allatom,10.0,1053,1050,4,1
1O6X,V52A,51,1,ca,6.0,189,189,0,0
1O6X,V52A,51,1,ca,7.0,288,288,0,0
1O6X,V52A,51,1,ca,8.0,339,339,0,0
1O6X,V52A,51,1,ca,9.0,429,429,0,0
1O6X,V52A,51,1,ca,10.0,569,569,0,0
1O6X,V52A,51,1,cb,6.0,160,160,0,0
1O6X,V52A,51,1,cb,7.0,246,246,0,0
1O6X,V52A,51,1,cb,8.0,344,344,0,0
1O6X,V52A,51,1,cb,9.0,410,410,0,0
1O6X,V52A,51,1,cb,10.0,556,556,0,0
1O6X,V52A,51,1,centroid,6.0,96,95,2,1
1O6X,V52A,51,1,centroid,7.0,196,199,2,5
1O6X,V52A,51,1,centroid,8.0,291,288,5,2
1O6X,V52A,51,1,centroid,9.0,389,388,1,0
1O6X,V52A,51,1,centroid,10.0,500,500,4,4
1O6X,V52A,51,1,allatom,6.0,430,429,3,2
1O6X,V52A,51,1,allatom,7.0,574,570,6,2
1O6X,V52A,51,1,allatom,8.0,724,723,6,5
1O6X,V52A,51,1,allatom,9.0,895,893,7,5
1O6X,V52A,51,1,allatom,10.0,1053,1053,5,5
1O6X,V64G,63,1,ca,6.0,189,189,0,0
1O6X,V64G,63,1,ca,7.0,288,288,0,0
1O6X,V64G,63,1,ca,8.0,339,339,0,0
1O6X,V64G,63,1,ca,9.0,429,429,0,0
1O6X,V64G,63,1,ca,10.0,569,569,0,0
1O6X,V64G,63,1,cb,6.0,160,159,1,0
1O6X,V64G,63,1,cb,7.0,246,248,0,2
1O6X,V64G,63,1,cb,8.0,344,344,0,0
1O6X,V64G,63,1,cb,9.0,410,411,0,1
1O6X,V64G,63,1,cb,10.0,556,559,0,3
1O6X,V64G,63,1,centroid,6.0,96,97,0,1
1O6X,V64G,63,1,centroid,7.0,196,199,0,3
1O6X,V64G,63,1,centroid,8.0,291,296,0,5
1O6X,V64G,63,1,centroid,9.0,389,391,0,2
1O6X,V64G,63,1,centroid,10.0,500,504,0,4
1O6X,V64G,63,1,allatom,6.0,430,430,0,0
1O6X,V64G,63,1,allatom,7.0,574,574,0,0
1O6X,V64G,63,1,allatom,8.0,724,724,0,0
1O6X,V64G,63,1,allatom,9.0,895,895,0,0
1O6X,V64G,63,1,allatom,10.0,1053,1053,0,0
1O6X,Y73L,72,1,ca,6.0,189,189,0,0
1O6X,Y73L,72,1,ca,7.0,288,288,0,0
1O6X,Y73L,72,1,ca,8.0,339,339,0,0
1O6X,Y73L,72,1,ca,9.0,429,429,0,0
1O6X,Y73L,72,1,ca,10.0,569,569,0,0
1O6X,Y73L,72,1,cb,6.0,160,160,0,0
1O6X,Y73L,72,1,cb,7.0,246,246,0,0
1O6X,Y73L,72,1,cb,8.0,344,344,0,0
1O6X,Y73L,72,1,cb,9.0,410,410,0,0
1O6X,Y73L,72,1,cb,10.0,556,556,0,0
1O6X,Y73L,72,1,centroid,6.0,96,98,2,4
1O6X,Y73L,72,1,centroid,7.0,196,198,2,4
1O6X,Y73L,72,1,centroid,8.0,291,289,4,2
1O6X,Y73L,72,1,centroid,9.0,389,388,4,3
1O6X,Y73L,72,1,centroid,10.0,500,502,4,6
1O6X,Y73L,72,1,allatom,6.0,430,429,3,2
1O6X,Y73L,72,1,allatom,7.0,574,565,10,1
1O6X,Y73L,72,1,allatom,8.0,724,727,3,6
1O6X,Y73L,72,1,allatom,9.0,895,895,5,5
1O6X,Y73L,72,1,allatom,10.0,1053,1055,2,4
1R6R,I88N,67,1,ca,6.0,220,220,0,0
1R6R,I88N,67,1,ca,7.0,280,280,0,0
1R6R,I88N,67,1,ca,8.0,314,314,0,0
1R6R,I88N,67,1,ca,9.0,404,404,0,0
1R6R,I88N,67,1,ca,10.0,496,496,0,0
1R6R,I88N,67,1,cb,6.0,155,155,0,0
1R6R,I88N,67,1,cb,7.0,249,249,0,0
1R6R,I88N,67,1,cb,8.0,323,323,0,0
1R6R,I88N,67,1,cb,9.0,393,393,0,0
1R6R,I88N,67,1,cb,10.0,495,495,0,0
1R6R,I88N,67,1,centroid,6.0,91,91,0,0
1R6R,I88N,67,1,centroid,7.0,181,180,1,0
1R6R,I88N,67,1,centroid,8.0,261,262,0,1
1R6R,I88N,67,1,centroid,9.0,373,374,1,2
1R6R,I88N,67,1,centroid,10.0,474,475,0,1
1R6R,I88N,67,1,allatom,6.0,419,419,0,0
1R6R,I88N,67,1,allatom,7.0,545,546,0,1
1R6R,I88N,67,1,allatom,8.0,650,650,0,0
1R6R,I88N,67,1,allatom,9.0,767,768,0,1
1R6R,I88N,67,1,allatom,10.0,895,896,0,1
1R6R,L50S,29,1,ca,6.0,220,220,0,0
1R6R,L50S,29,1,ca,7.0,280,280,0,0
1R6R,L50S,29,1,ca,8.0,314,314,0,0
1R6R,L50S,29,1,ca,9.0,404,404,0,0
1R6R,L50S,29,1,ca,10.0,496,496,0,0
1R6R,L50S,29,1,cb,6.0,155,155,0,0
1R6R,L50S,29,1,cb,7.0,249,249,0,0
1R6R,L50S,29,1,cb,8.0,323,323,0,0
1R6R,L50S,29,1,cb,9.0,393,393,0,0
1R6R,L50S,29,1,cb,10.0,495,495,0,0
1R6R,L50S,29,1,centroid,6.0,91,89,6,4
1R6R,L50S,29,1,centroid,7.0,181,176,9,4
1R6R,L50S,29,1,centroid,8.0,261,257,7,3
1R6R,L50S,29,1,centroid,9.0,373,369,9,5
1R6R,L50S,29,1,centroid,10.0,474,467,12,5
1R6R,L50S,29,1,allatom,6.0,419,415,8,4
1R6R,L50S,29,1,allatom,7.0,545,543,8,6
1R6R,L50S,29,1,allatom,8.0,650,645,11,6
1R6R,L50S,29,1,allatom,9.0,767,757,12,2
1R6R,L50S,29,1,allatom,10.0,895,884,15,4
1R6R,L54S,33,1,ca,6.0,220,220,0,0
1R6R,L54S,33,1,ca,7.0,280,280,0,0
1R6R,L54S,33,1,ca,8.0,314,314,0,0
1R6R,L54S,33,1,ca,9.0,404,404,0,0
1R6R,L54S,33,1,ca,10.0,496,496,0,0
1R6R,L54S,33,1,cb,6.0,155,155,0,0
1R6R,L54S,33,1,cb,7.0,249,249,0,0
1R6R,L54S,33,1,cb,8.0,323,323,0,0
1R6R,L54S,33,1,cb,9.0,393,393,0,0
1R6R,L54S,33,1,cb,10.0,495,495,0,0
1R6R,L54S,33,1,centroid,6.0,91,92,1,2
1R6R,L54S,33,1,centroid,7.0,181,183,2,4
1R6R,L54S,33,1,centroid,8.0,261,269,0,8
1R6R,L54S,33,1,centroid,9.0,373,376,0,3
1R6R,L54S,33,1,centroid,10.0,474,476,1,3
1R6R,L54S,33,1,allatom,6.0,419,421,0,2
1R6R,L54S,33,1,allatom,7.0,545,547,1,3
1R6R,L54S,33,1,allatom,8.0,650,652,0,2
1R6R,L54S,33,1,allatom,9.0,767,768,1,2
1R6R,L54S,33,1,allatom,10.0,895,898,0,3
1R6R,L81N,60,1,ca,6.0,220,220,0,0
1R6R,L81N,60,1,ca,7.0,280,280,0,0
1R6R,L81N,60,1,ca,8.0,314,314,0,0
1R6R,L81N,60,1,ca,9.0,404,404,0,0
1R6R,L81N,60,1,ca,10.0,496,496,0,0
1R6R,L81N,60,1,cb,6.0,155,155,0,0
1R6R,L81N,60,1,cb,7.0,249,249,0,0
1R6R,L81N,60,1,cb,8.0,323,323,0,0
1R6R,L81N,60,1,cb,9.0,393,393,0,0
1R6R,L81N,60,1,cb,10.0,495,495,0,0
1R6R,L81N,60,1,centroid,6.0,91,94,0,3
1R6R,L81N,60,1,centroid,7.0,181,181,0,0
1R6R,L81N,60,1,centroid,8.0,261,261,0,0
1R6R,L81N,60,1,centroid,9.0,373,373,0,0
1R6R,L81N,60,1,centroid,10.0,474,474,1,1
1R6R,L81N,60,1,allatom,6.0,419,418,1,0
1R6R,L81N,60,1,allatom,7.0,545,547,1,3
1R6R,L81N,60,1,allatom,8.0,650,651,0,1
1R6R,L81N,60,1,allatom,9.0,767,767,0,0
1R6R,L81N,60,1,allatom,10.0,895,895,0,0
2BJD,V84D,72,0,ca,6.0,233,233,0,0
2BJD,V84D,72,0,ca,7.0,368,368,0,0
2BJD,V84D,72,0,ca,8.0,452,452,0,0
2BJD,V84D,72,0,ca,9.0,582,582,0,0
2BJD,V84D,72,0,ca,10.0,771,771,0,0
2BJD,V84D,72,0,cb,6.0,219,219,0,0
2BJD,V84D,72,0,cb,7.0,320,320,0,0
2BJD,V84D,72,0,cb,8.0,457,457,0,0
2BJD,V84D,72,0,cb,9.0,572,572,0,0
2BJD,V84D,72,0,cb,10.0,751,751,0,0
2BJD,V84D,72,0,centroid,6.0,159,155,4,0
2BJD,V84D,72,0,centroid,7.0,251,250,2,1
2BJD,V84D,72,0,centroid,8.0,374,373,1,0
2BJD,V84D,72,0,centroid,9.0,517,513,4,0
2BJD,V84D,72,0,centroid,10.0,683,679,6,2
2BJD,V84D,72,0,allatom,6.0,561,561,1,1
2BJD,V84D,72,0,allatom,7.0,734,735,4,5
2BJD,V84D,72,0,allatom,8.0,1025,1023,5,3
2BJD,V84D,72,0,allatom,9.0,1194,1195,2,3
2BJD,V84D,72,0,allatom,10.0,1441,1436,5,0
2BJD,V84P,72,0,ca,6.0,233,233,0,0
2BJD,V84P,72,0,ca,7.0,368,368,0,0
2BJD,V84P,72,0,ca,8.0,452,452,0,0
2BJD,V84P,72,0,ca,9.0,582,582,0,0
2BJD,V84P,72,0,ca,10.0,771,771,0,0
2BJD,V84P,72,0,cb,6.0,219,218,1,0
2BJD,V84P,72,0,cb,7.0,320,320,0,0
2BJD,V84P,72,0,cb,8.0,457,457,0,0
2BJD,V84P,72,0,cb,9.0,572,571,1,0
2BJD,V84P,72,0,cb,10.0,751,750,1,0
2BJD,V84P,72,0,centroid,6.0,159,157,5,3
2BJD,V84P,72,0,centroid,7.0,251,252,2,3
2BJD,V84P,72,0,centroid,8.0,374,374,0,0
2BJD,V84P,72,0,centroid,9.0,517,516,4,3
2BJD,V84P,72,0,centroid,10.0,683,681,4,2
2BJD,V84P,72,0,allatom,6.0,561,560,2,1
2BJD,V84P,72,0,allatom,7.0,734,734,3,3
2BJD,V84P,72,0,allatom,8.0,1025,1022,5,2
2BJD,V84P,72,0,allatom,9.0,1194,1197,0,3
2BJD,V84P,72,0,allatom,10.0,1441,1437,8,4
2BJD,Y86E,74,0,ca,6.0,233,233,0,0
2BJD,Y86E,74,0,ca,7.0,368,368,0,0
2BJD,Y86E,74,0,ca,8.0,452,452,0,0
2BJD,Y86E,74,0,ca,9.0,582,582,0,0
2BJD,Y86E,74,0,ca,10.0,771,771,0,0
2BJD,Y86E,74,0,cb,6.0,219,219,0,0
2BJD,Y86E,74,0,cb,7.0,320,320,0,0
2BJD,Y86E,74,0,cb,8.0,457,457,0,0
2BJD,Y86E,74,0,cb,9.0,572,572,0,0
2BJD,Y86E,74,0,cb,10.0,751,751,0,0
2BJD,Y86E,74,0,centroid,6.0,159,160,1,2
2BJD,Y86E,74,0,centroid,7.0,251,251,2,2
2BJD,Y86E,74,0,centroid,8.0,374,374,0,0
2BJD,Y86E,74,0,centroid,9.0,517,516,1,0
2BJD,Y86E,74,0,centroid,10.0,683,688,0,5
2BJD,Y86E,74,0,allatom,6.0,561,562,0,1
2BJD,Y86E,74,0,allatom,7.0,734,737,1,4
2BJD,Y86E,74,0,allatom,8.0,1025,1027,0,2
2BJD,Y86E,74,0,allatom,9.0,1194,1196,2,4
2BJD,Y86E,74,0,allatom,10.0,1441,1440,1,0
2C9Q,Y79F,78,0,ca,6.0,252,252,0,0
2C9Q,Y79F,78,0,ca,7.0,387,387,0,0
2C9Q,Y79F,78,0,ca,8.0,490,490,0,0
2C9Q,Y79F,78,0,ca,9.0,639,639,0,0
2C9Q,Y79F,78,0,ca,10.0,849,849,0,0
2C9Q,Y79F,78,0,cb,6.0,218,218,0,0
2C9Q,Y79F,78,0,cb,7.0,330,330,0,0
2C9Q,Y79F,78,0,cb,8.0,482,482,0,0
2C9Q,Y79F,78,0,cb,9.0,604,604,0,0
2C9Q,Y79F,78,0,cb,10.0,787,787,0,0
2C9Q,Y79F,78,0,centroid,6.0,177,177,1,1
2C9Q,Y79F,78,0,centroid,7.0,284,284,0,0
2C9Q,Y79F,78,0,centroid,8.0,418,418,1,1
2C9Q,Y79F,78,0,centroid,9.0,576,576,1,1
2C9Q,Y79F,78,0,centroid,10.0,764,765,1,2
2C9Q,Y79F,78,0,allatom,6.0,585,585,1,1
2C9Q,Y79F,78,0,allatom,7.0,775,776,0,1
2C9Q,Y79F,78,0,allatom,8.0,1073,1072,2,1
2C9Q,Y79F,78,0,allatom,9.0,1285,1287,0,2
2C9Q,Y79F,78,0,allatom,10.0,1545,1545,0,0
2C9Q,Y79W,78,0,ca,6.0,252,252,0,0
2C9Q,Y79W,78,0,ca,7.0,387,387,0,0
2C9Q,Y79W,78,0,ca,8.0,490,490,0,0
2C9Q,Y79W,78,0,ca,9.0,639,639,0,0
2C9Q,Y79W,78,0,ca,10.0,849,849,0,0
2C9Q,Y79W,78,0,cb,6.0,218,218,0,0
2C9Q,Y79W,78,0,cb,7.0,330,330,0,0
2C9Q,Y79W,78,0,cb,8.0,482,482,0,0
2C9Q,Y79W,78,0,cb,9.0,604,604,0,0
2C9Q,Y79W,78,0,cb,10.0,787,787,0,0
2C9Q,Y79W,78,0,centroid,6.0,177,176,2,1
2C9Q,Y79W,78,0,centroid,7.0,284,283,1,0
2C9Q,Y79W,78,0,centroid,8.0,418,419,1,2
2C9Q,Y79W,78,0,centroid,9.0,576,576,1,1
2C9Q,Y79W,78,0,centroid,10.0,764,765,1,2
2C9Q,Y79W,78,0,allatom,6.0,585,586,0,1
2C9Q,Y79W,78,0,allatom,7.0,775,780,0,5
2C9Q,Y79W,78,0,allatom,8.0,1073,1075,1,3
2C9Q,Y79W,78,0,allatom,9.0,1285,1287,1,3
2C9Q,Y79W,78,0,allatom,10.0,1545,1547,0,2
2CLR,H13F,13,0,ca,6.0,221,221,0,0
2CLR,H13F,13,0,ca,7.0,370,370,0,0
2CLR,H13F,13,0,ca,8.0,451,451,0,0
2CLR,H13F,13,0,ca,9.0,586,586,0,0
2CLR,H13F,13,0,ca,10.0,786,786,0,0
2CLR,H13F,13,0,cb,6.0,208,208,0,0
2CLR,H13F,13,0,cb,7.0,310,310,0,0
2CLR,H13F,13,0,cb,8.0,455,455,0,0
2CLR,H13F,13,0,cb,9.0,574,574,0,0
2CLR,H13F,13,0,cb,10.0,721,721,0,0
2CLR,H13F,13,0,centroid,6.0,149,149,0,0
2CLR,H13F,13,0,centroid,7.0,240,240,0,0
2CLR,H13F,13,0,centroid,8.0,352,352,0,0
2CLR,H13F,13,0,centroid,9.0,501,501,0,0
2CLR,H13F,13,0,centroid,10.0,655,654,1,0
2CLR,H13F,13,0,allatom,6.0,570,572,0,2
2CLR,H13F,13,0,allatom,7.0,748,748,0,0
2CLR,H13F,13,0,allatom,8.0,1028,1029,0,1
2CLR,H13F,13,0,allatom,9.0,1236,1241,0,5
2CLR,H13F,13,0,allatom,10.0,1457,1459,0,2
2CLR,H31F,31,0,ca,6.0,221,221,0,0
2CLR,H31F,31,0,ca,7.0,370,370,0,0
2CLR,H31F,31,0,ca,8.0,451,451,0,0
2CLR,H31F,31,0,ca,9.0,586,586,0,0
2CLR,H31F,31,0,ca,10.0,786,786,0,0
2CLR,H31F,31,0,cb,6.0,208,208,0,0
2CLR,H31F,31,0,cb,7.0,310,310,0,0
2CLR,H31F,31,0,cb,8.0,455,455,0,0
2CLR,H31F,31,0,cb,9.0,574,574,0,0
2CLR,H31F,31,0,cb,10.0,721,721,0,0
2CLR,H31F,31,0,centroid,6.0,149,149,0,0
2CLR,H31F,31,0,centroid,7.0,240,240,0,0
2CLR,H31F,31,0,centroid,8.0,352,351,1,0
2CLR,H31F,31,0,centroid,9.0,501,501,0,0
2CLR,H31F,31,0,centroid,10.0,655,655,0,0
2CLR,H31F,31,0,allatom,6.0,570,572,1,3
2CLR,H31F,31,0,allatom,7.0,748,748,0,0
2CLR,H31F,31,0,allatom,8.0,1028,1029,0,1
2CLR,H31F,31,0,allatom,9.0,1236,1240,0,4
2CLR,H31F,31,0,allatom,10.0,1457,1459,0,2
2CLR,H51F,51,0,ca,6.0,221,221,0,0
2CLR,H51F,51,0,ca,7.0,370,370,0,0
2CLR,H51F,51,0,ca,8.0,451,451,0,0
2CLR,H51F,51,0,ca,9.0,586,586,0,0
2CLR,H51F,51,0,ca,10.0,786,786,0,0
2CLR,H51F,51,0,cb,6.0,208,208,0,0
2CLR,H51F,51,0,cb,7.0,310,310,0,0
2CLR,H51F,51,0,cb,8.0,455,455,0,0
2CLR,H51F,51,0,cb,9.0,574,574,0,0
2CLR,H51F,51,0,cb,10.0,721,721,0,0
2CLR,H51F,51,0,centroid,6.0,149,149,0,0
2CLR,H51F,51,0,centroid,7.0,240,240,0,0
2CLR,H51F,51,0,centroid,8.0,352,351,1,0
2CLR,H51F,51,0,centroid,9.0,501,501,0,0
2CLR,H51F,51,0,centroid,10.0,655,656,0,1
2CLR,H51F,51,0,allatom,6.0,570,572,0,2
2CLR,H51F,51,0,allatom,7.0,748,750,0,2
2CLR,H51F,51,0,allatom,8.0,1028,1029,0,1
2CLR,H51F,51,0,allatom,9.0,1236,1239,1,4
2CLR,H51F,51,0,allatom,10.0,1457,1461,0,4
2CLR,H84A,84,0,ca,6.0,221,221,0,0
2CLR,H84A,84,0,ca,7.0,370,370,0,0
2CLR,H84A,84,0,ca,8.0,451,451,0,0
2CLR,H84A,84,0,ca,9.0,586,586,0,0
2CLR,H84A,84,0,ca,10.0,786,786,0,0
2CLR,H84A,84,0,cb,6.0,208,208,0,0
2CLR,H84A,84,0,cb,7.0,310,310,0,0
2CLR,H84A,84,0,cb,8.0,455,455,0,0
2CLR,H84A,84,0,cb,9.0,574,574,0,0
2CLR,H84A,84,0,cb,10.0,721,721,0,0
2CLR,H84A,84,0,centroid,6.0,149,148,3,2
2CLR,H84A,84,0,centroid,7.0,240,239,3,2
2CLR,H84A,84,0,centroid,8.0,352,352,2,2
2CLR,H84A,84,0,centroid,9.0,501,501,3,3
2CLR,H84A,84,0,centroid,10.0,655,655,5,5
2CLR,H84A,84,0,allatom,6.0,570,568,5,3
2CLR,H84A,84,0,allatom,7.0,748,743,5,0
2CLR,H84A,84,0,allatom,8.0,1028,1025,5,2
2CLR,H84A,84,0,allatom,9.0,1236,1233,7,4
2CLR,H84A,84,0,allatom,10.0,1457,1452,9,4
2DVV,Q443H,99,0,ca,6.0,304,304,0,0
2DVV,Q443H,99,0,ca,7.0,413,413,0,0
2DVV,Q443H,99,0,ca,8.0,494,494,0,0
2DVV,Q443H,99,0,ca,9.0,649,649,0,0
2DVV,Q443H,99,0,ca,10.0,840,840,0,0
2DVV,Q443H,99,0,cb,6.0,239,239,0,0
2DVV,Q443H,99,0,cb,7.0,356,356,0,0
2DVV,Q443H,99,0,cb,8.0,508,508,0,0
2DVV,Q443H,99,0,cb,9.0,629,629,0,0
2DVV,Q443H,99,0,cb,10.0,820,820,0,0
2DVV,Q443H,99,0,centroid,6.0,182,182,4,4
2DVV,Q443H,99,0,centroid,7.0,297,291,7,1
2DVV,Q443H,99,0,centroid,8.0,419,411,8,0
2DVV,Q443H,99,0,centroid,9.0,563,557,7,1
2DVV,Q443H,99,0,centroid,10.0,780,780,5,5
2DVV,Q443H,99,0,allatom,6.0,689,686,4,1
2DVV,Q443H,99,0,allatom,7.0,911,914,3,6
2DVV,Q443H,99,0,allatom,8.0,1163,1164,3,4
2DVV,Q443H,99,0,allatom,9.0,1413,1413,5,5
2DVV,Q443H,99,0,allatom,10.0,1657,1663,3,9
2DVV,R419W,75,0,ca,6.0,304,304,0,0
2DVV,R419W,75,0,ca,7.0,413,413,0,0
2DVV,R419W,75,0,ca,8.0,494,494,0,0
2DVV,R419W,75,0,ca,9.0,649,649,0,0
2DVV,R419W,75,0,ca,10.0,840,840,0,0
2DVV,R419W,75,0,cb,6.0,239,239,0,0
2DVV,R419W,75,0,cb,7.0,356,356,0,0
2DVV,R419W,75,0,cb,8.0,508,508,0,0
2DVV,R419W,75,0,cb,9.0,629,629,0,0
2DVV,R419W,75,0,cb,10.0,820,820,0,0
2DVV,R419W,75,0,centroid,6.0,182,181,6,5
2DVV,R419W,75,0,centroid,7.0,297,288,11,2
2DVV,R419W,75,0,centroid,8.0,419,410,12,3
2DVV,R419W,75,0,centroid,9.0,563,560,8,5
2DVV,R419W,75,0,centroid,10.0,780,782,7,9
2DVV,R419W,75,0,allatom,6.0,689,688,2,1
2DVV,R419W,75,0,allatom,7.0,911,913,5,7
2DVV,R419W,75,0,allatom,8.0,1163,1165,4,6
2DVV,R419W,75,0,allatom,9.0,1413,1414,6,7
2DVV,R419W,75,0,allatom,10.0,1657,1656,9,8
2HBB,A22G,21,0,ca,6.0,136,136,0,0
2HBB,A22G,21,0,ca,7.0,192,192,0,0
2HBB,A22G,21,0,ca,8.0,223,223,0,0
2HBB,A22G,21,0,ca,9.0,278,278,0,0
2HBB,A22G,21,0,ca,10.0,357,357,0,0
2HBB,A22G,21,0,cb,6.0,105,105,0,0
2HBB,A22G,21,0,cb,7.0,162,163,0,1
2HBB,A22G,21,0,cb,8.0,219,221,0,2
2HBB,A22G,21,0,cb,9.0,267,268,0,1
2HBB,A22G,21,0,cb,10.0,345,345,1,1
2HBB,A22G,21,0,centroid,6.0,83,84,0,1
2HBB,A22G,21,0,centroid,7.0,133,136,0,3
2HBB,A22G,21,0,centroid,8.0,175,176,1,2
2HBB,A22G,21,0,centroid,9.0,240,243,0,3
2HBB,A22G,21,0,centroid,10.0,331,330,1,0
2HBB,A22G,21,0,allatom,6.0,281,280,1,0
2HBB,A22G,21,0,allatom,7.0,353,353,0,0
2HBB,A22G,21,0,allatom,8.0,462,461,2,1
2HBB,A22G,21,0,allatom,9.0,545,545,1,1
2HBB,A22G,21,0,allatom,10.0,617,617,0,0
2HBB,A26G,25,0,ca,6.0,136,136,0,0
2HBB,A26G,25,0,ca,7.0,192,192,0,0
2HBB,A26G,25,0,ca,8.0,223,223,0,0
2HBB,A26G,25,0,ca,9.0,278,278,0,0
2HBB,A26G,25,0,ca,10.0,357,357,0,0
2HBB,A26G,25,0,cb,6.0,105,103,3,1
2HBB,A26G,25,0,cb,7.0,162,164,0,2
2HBB,A26G,25,0,cb,8.0,219,219,1,1
2HBB,A26G,25,0,cb,9.0,267,269,0,2
2HBB,A26G,25,0,cb,10.0,345,344,3,2
2HBB,A26G,25,0,centroid,6.0,83,85,1,3
2HBB,A26G,25,0,centroid,7.0,133,132,1,0
2HBB,A26G,25,0,centroid,8.0,175,177,1,3
2HBB,A26G,25,0,centroid,9.0,240,241,2,3
2HBB,A26G,25,0,centroid,10.0,331,331,4,4
2HBB,A26G,25,0,allatom,6.0,281,282,0,1
2HBB,A26G,25,0,allatom,7.0,353,353,3,3
2HBB,A26G,25,0,allatom,8.0,462,458,4,0
2HBB,A26G,25,0,allatom,9.0,545,545,2,2
2HBB,A26G,25,0,allatom,10.0,617,617,1,1
2HBB,A36G,35,0,ca,6.0,136,136,0,0
2HBB,A36G,35,0,ca,7.0,192,192,0,0
2HBB,A36G,35,0,ca,8.0,223,223,0,0
2HBB,A36G,35,0,ca,9.0,278,278,0,0
2HBB,A36G,35,0,ca,10.0,357,357,0,0
2HBB,A36G,35,0,cb,6.0,105,106,0,1
2HBB,A36G,35,0,cb,7.0,162,161,1,0
2HBB,A36G,35,0,cb,8.0,219,216,3,0
2HBB,A36G,35,0,cb,9.0,267,263,4,0
2HBB,A36G,35,0,cb,10.0,345,343,5,3
2HBB,A36G,35,0,centroid,6.0,83,84,1,2
2HBB,A36G,35,0,centroid,7.0,133,132,1,0
2HBB,A36G,35,0,centroid,8.0,175,175,1,1
2HBB,A36G,35,0,centroid,9.0,240,238,3,1
2HBB,A36G,35,0,centroid,10.0,331,329,3,1
2HBB,A36G,35,0,allatom,6.0,281,281,0,0
2HBB,A36G,35,0,allatom,7.0,353,351,2,0
2HBB,A36G,35,0,allatom,8.0,462,459,3,0
2HBB,A36G,35,0,allatom,9.0,545,542,3,0
2HBB,A36G,35,0,allatom,10.0,617,615,2,0
2HBB,A39G,38,0,ca,6.0,136,136,0,0
2HBB,A39G,38,0,ca,7.0,192,192,0,0
2HBB,A39G,38,0,ca,8.0,223,223,0,0
2HBB,A39G,38,0,ca,9.0,278,278,0,0
2HBB,A39G,38,0,ca,10.0,357,357,0,0
2HBB,A39G,38,0,cb,6.0,105,106,1,2
2HBB,A39G,38,0,cb,7.0,162,163,0,1
2HBB,A39G,38,0,cb,8.0,219,219,1,1
2HBB,A39G,38,0,cb,9.0,267,267,2,2
2HBB,A39G,38,0,cb,10.0,345,344,2,1
2HBB,A39G,38,0,centroid,6.0,83,85,1,3
2HBB,A39G,38,0,centroid,7.0,133,133,2,2
2HBB,A39G,38,0,centroid,8.0,175,178,0,3
2HBB,A39G,38,0,centroid,9.0,240,246,0,6
2HBB,A39G,38,0,centroid,10.0,331,329,3,1
2HBB,A39G,38,0,allatom,6.0,281,282,0,1
2HBB,A39G,38,0,allatom,7.0,353,351,3,1
2HBB,A39G,38,0,allatom,8.0,462,460,3,1
2HBB,A39G,38,0,allatom,9.0,545,547,1,3
2HBB,A39G,38,0,allatom,10.0,617,617,2,2
2HBB,A42G,41,0,ca,6.0,136,136,0,0
2HBB,A42G,41,0,ca,7.0,192,192,0,0
2HBB,A42G,41,0,ca,8.0,223,223,0,0
2HBB,A42G,41,0,ca,9.0,278,278,0,0
2HBB,A42G,41,0,ca,10.0,357,357,0,0
2HBB,A42G,41,0,cb,6.0,105,106,0,1
2HBB,A42G,41,0,cb,7.0,162,163,0,1
2HBB,A42G,41,0,cb,8.0,219,219,0,0
2HBB,A42G,41,0,cb,9.0,267,267,1,1
2HBB,A42G,41,0,cb,10.0,345,348,0,3
2HBB,A42G,41,0,centroid,6.0,83,84,0,1
2HBB,A42G,41,0,centroid,7.0,133,134,0,1
2HBB,A42G,41,0,centroid,8.0,175,176,0,1
2HBB,A42G,41,0,centroid,9.0,240,240,0,0
2HBB,A42G,41,0,centroid,10.0,331,333,0,2
2HBB,A42G,41,0,allatom,6.0,281,281,0,0
2HBB,A42G,41,0,allatom,7.0,353,353,0,0
2HBB,A42G,41,0,allatom,8.0,462,462,0,0
2HBB,A42G,41,0,allatom,9.0,545,545,0,0
2HBB,A42G,41,0,allatom,10.0,617,617,0,0
2HBB,A46G,45,0,ca,6.0,136,136,0,0
2HBB,A46G,45,0,ca,7.0,192,192,0,0
2HBB,A46G,45,0,ca,8.0,223,223,0,0
2HBB,A46G,45,0,ca,9.0,278,278,0,0
2HBB,A46G,45,0,ca,10.0,357,357,0,0
2HBB,A46G,45,0,cb,6.0,105,105,1,1
2HBB,A46G,45,0,cb,7.0,162,163,1,2
2HBB,A46G,45,0,cb,8.0,219,219,0,0
2HBB,A46G,45,0,cb,9.0,267,267,1,1
2HBB,A46G,45,0,cb,10.0,345,345,0,0
2HBB,A46G,45,0,centroid,6.0,83,80,3,0
2HBB,A46G,45,0,centroid,7.0,133,131,3,1
2HBB,A46G,45,0,centroid,8.0,175,176,0,1
2HBB,A46G,45,0,centroid,9.0,240,241,0,1
2HBB,A46G,45,0,centroid,10.0,331,328,3,0
2HBB,A46G,45,0,allatom,6.0,281,281,0,0
2HBB,A46G,45,0,allatom,7.0,353,352,1,0
2HBB,A46G,45,0,allatom,8.0,462,459,3,0
2HBB,A46G,45,0,allatom,9.0,545,544,1,0
2HBB,A46G,45,0,allatom,10.0,617,616,1,0
2HBB,A49G,48,0,ca,6.0,136,136,0,0
2HBB,A49G,48,0,ca,7.0,192,192,0,0
2HBB,A49G,48,0,ca,8.0,223,223,0,0
2HBB,A49G,48,0,ca,9.0,278,278,0,0
2HBB,A49G,48,0,ca,10.0,357,357,0,0
2HBB,A49G,48,0,cb,6.0,105,105,1,1
2HBB,A49G,48,0,cb,7.0,162,163,1,2
2HBB,A49G,48,0,cb,8.0,219,219,0,0
2HBB,A49G,48,0,cb,9.0,267,267,0,0
2HBB,A49G,48,0,cb,10.0,345,345,0,0
2HBB,A49G,48,0,centroid,6.0,83,82,1,0
2HBB,A49G,48,0,centroid,7.0,133,135,0,2
2HBB,A49G,48,0,centroid,8.0,175,177,0,2
2HBB,A49G,48,0,centroid,9.0,240,239,1,0
2HBB,A49G,48,0,centroid,10.0,331,331,0,0
2HBB,A49G,48,0,allatom,6.0,281,281,0,0
2HBB,A49G,48,0,allatom,7.0,353,353,0,0
2HBB,A49G,48,0,allatom,8.0,462,462,0,0
2HBB,A49G,48,0,allatom,9.0,545,545,0,0
2HBB,A49G,48,0,allatom,10.0,617,617,0,0
2HBB,D23A,22,0,ca,6.0,136,136,0,0
2HBB,D23A,22,0,ca,7.0,192,192,0,0
2HBB,D23A,22,0,ca,8.0,223,223,0,0
2HBB,D23A,22,0,ca,9.0,278,278,0,0
2HBB,D23A,22,0,ca,10.0,357,357,0,0
2HBB,D23A,22,0,cb,6.0,105,105,0,0
2HBB,D23A,22,0,cb,7.0,162,162,0,0
2HBB,D23A,22,0,cb,8.0,219,219,0,0
2HBB,D23A,22,0,cb,9.0,267,267,0,0
2HBB,D23A,22,0,cb,10.0,345,345,0,0
2HBB,D23A,22,0,centroid,6.0,83,87,1,5
2HBB,D23A,22,0,centroid,7.0,133,133,0,0
2HBB,D23A,22,0,centroid,8.0,175,175,2,2
2HBB,D23A,22,0,centroid,9.0,240,244,0,4
2HBB,D23A,22,0,centroid,10.0,331,333,0,2
2HBB,D23A,22,0,allatom,6.0,281,279,2,0
2HBB,D23A,22,0,allatom,7.0,353,352,1,0
2HBB,D23A,22,0,allatom,8.0,462,462,1,1
2HBB,D23A,22,0,allatom,9.0,545,544,2,1
2HBB,D23A,22,0,allatom,10.0,617,618,0,1
2HBB,D23N,22,0,ca,6.0,136,136,0,0
2HBB,D23N,22,0,ca,7.0,192,192,0,0
2HBB,D23N,22,0,ca,8.0,223,223,0,0
2HBB,D23N,22,0,ca,9.0,278,278,0,0
2HBB,D23N,22,0,ca,10.0,357,357,0,0
2HBB,D23N,22,0,cb,6.0,105,105,0,0
2HBB,D23N,22,0,cb,7.0,162,162,0,0
2HBB,D23N,22,0,cb,8.0,219,219,0,0
2HBB,D23N,22,0,cb,9.0,267,267,0,0
2HBB,D23N,22,0,cb,10.0,345,345,0,0
2HBB,D23N,22,0,centroid,6.0,83,86,1,4
2HBB,D23N,22,0,centroid,7.0,133,133,0,0
2HBB,D23N,22,0,centroid,8.0,175,175,1,1
2HBB,D23N,22,0,centroid,9.0,240,244,0,4
2HBB,D23N,22,0,centroid,10.0,331,331,0,0
2HBB,D23N,22,0,allatom,6.0,281,279,2,0
2HBB,D23N,22,0,allatom,7.0,353,353,0,0
2HBB,D23N,22,0,allatom,8.0,462,463,1,2
2HBB,D23N,22,0,allatom,9.0,545,545,1,1
2HBB,D23N,22,0,allatom,10.0,617,619,0,2
2HBB,D8A,7,0,ca,6.0,136,136,0,0
2HBB,D8A,7,0,ca,7.0,192,192,0,0
2HBB,D8A,7,0,ca,8.0,223,223,0,0
2HBB,D8A,7,0,ca,9.0,278,278,0,0
2HBB,D8A,7,0,ca,10.0,357,357,0,0
2HBB,D8A,7,0,cb,6.0,105,105,0,0
2HBB,D8A,7,0,cb,7.0,162,162,0,0
2HBB,D8A,7,0,cb,8.0,219,219,0,0
2HBB,D8A,7,0,cb,9.0,267,267,0,0
2HBB,D8A,7,0,cb,10.0,345,345,0,0
2HBB,D8A,7,0,centroid,6.0,83,82,1,0
2HBB,D8A,7,0,centroid,7.0,133,134,1,2
2HBB,D8A,7,0,centroid,8.0,175,178,0,3
2HBB,D8A,7,0,centroid,9.0,240,241,2,3
2HBB,D8A,7,0,centroid,10.0,331,332,1,2
2HBB,D8A,7,0,allatom,6.0,281,281,0,0
2HBB,D8A,7,0,allatom,7.0,353,355,0,2
2HBB,D8A,7,0,allatom,8.0,462,462,0,0
2HBB,D8A,7,0,allatom,9.0,545,546,0,1
2HBB,D8A,7,0,allatom,10.0,617,617,0,0
2HBB,D8N,7,0,ca,6.0,136,136,0,0
2HBB,D8N,7,0,ca,7.0,192,192,0,0
2HBB,D8N,7,0,ca,8.0,223,223,0,0
2HBB,D8N,7,0,ca,9.0,278,278,0,0
2HBB,D8N,7,0,ca,10.0,357,357,0,0
2HBB,D8N,7,0,cb,6.0,105,105,0,0
2HBB,D8N,7,0,cb,7.0,162,162,0,0
2HBB,D8N,7,0,cb,8.0,219,219,0,0
2HBB,D8N,7,0,cb,9.0,267,267,0,0
2HBB,D8N,7,0,cb,10.0,345,345,0,0
2HBB,D8N,7,0,centroid,6.0,83,83,0,0
2HBB,D8N,7,0,centroid,7.0,133,133,1,1
2HBB,D8N,7,0,centroid,8.0,175,176,1,2
2HBB,D8N,7,0,centroid,9.0,240,240,1,1
2HBB,D8N,7,0,centroid,10.0,331,330,1,0
2HBB,D8N,7,0,allatom,6.0,281,281,0,0
2HBB,D8N,7,0,allatom,7.0,353,353,1,1
2HBB,D8N,7,0,allatom,8.0,462,462,0,0
2HBB,D8N,7,0,allatom,9.0,545,544,1,0
2HBB,D8N,7,0,allatom,10.0,617,617,0,0
2HBB,E17A,16,0,ca,6.0,136,136,0,0
2HBB,E17A,16,0,ca,7.0,192,192,0,0
2HBB,E17A,16,0,ca,8.0,223,223,0,0
2HBB,E17A,16,0,ca,9.0,278,278,0,0
2HBB,E17A,16,0,ca,10.0,357,357,0,0
2HBB,E17A,16,0,cb,6.0,105,105,0,0
2HBB,E17A,16,0,cb,7.0,162,162,0,0
2HBB,E17A,16,0,cb,8.0,219,219,0,0
2HBB,E17A,16,0,cb,9.0,267,267,0,0
2HBB,E17A,16,0,cb,10.0,345,345,0,0
2HBB,E17A,16,0,centroid,6.0,83,83,2,2
2HBB,E17A,16,0,centroid,7.0,133,135,0,2
2HBB,E17A,16,0,centroid,8.0,175,179,0,4
2HBB,E17A,16,0,centroid,9.0,240,240,2,2
2HBB,E17A,16,0,centroid,10.0,331,332,3,4
2HBB,E17A,16,0,allatom,6.0,281,280,1,0
2HBB,E17A,16,0,allatom,7.0,353,352,1,0
2HBB,E17A,16,0,allatom,8.0,462,461,1,0
2HBB,E17A,16,0,allatom,9.0,545,543,2,0
2HBB,E17A,16,0,allatom,10.0,617,615,2,0
2HBB,E17Q,16,0,ca,6.0,136,136,0,0
2HBB,E17Q,16,0,ca,7.0,192,192,0,0
2HBB,E17Q,16,0,ca,8.0,223,223,0,0
2HBB,E17Q,16,0,ca,9.0,278,278,0,0
2HBB,E17Q,16,0,ca,10.0,357,357,0,0
2HBB,E17Q,16,0,cb,6.0,105,105,0,0
2HBB,E17Q,16,0,cb,7.0,162,162,0,0
2HBB,E17Q,16,0,cb,8.0,219,219,0,0
2HBB,E17Q,16,0,cb,9.0,267,267,0,0
2HBB,E17Q,16,0,cb,10.0,345,345,0,0
2HBB,E17Q,16,0,centroid,6.0,83,83,0,0
2HBB,E17Q,16,0,centroid,7.0,133,133,0,0
2HBB,E17Q,16,0,centroid,8.0,175,175,0,0
2HBB,E17Q,16,0,centroid,9.0,240,240,0,0
2HBB,E17Q,16,0,centroid,10.0,331,331,0,0
2HBB,E17Q,16,0,allatom,6.0,281,281,0,0
2HBB,E17Q,16,0,allatom,7.0,353,354,0,1
2HBB,E17Q,16,0,allatom,8.0,462,462,0,0
2HBB,E17Q,16,0,allatom,9.0,545,545,0,0
2HBB,E17Q,16,0,allatom,10.0,617,617,0,0
2HBB,E38A,37,0,ca,6.0,136,136,0,0
2HBB,E38A,37,0,ca,7.0,192,192,0,0
2HBB,E38A,37,0,ca,8.0,223,223,0,0
2HBB,E38A,37,0,ca,9.0,278,278,0,0
2HBB,E38A,37,0,ca,10.0,357,357,0,0
2HBB,E38A,37,0,cb,6.0,105,105,0,0
2HBB,E38A,37,0,cb,7.0,162,162,0,0
2HBB,E38A,37,0,cb,8.0,219,219,0,0
2HBB,E38A,37,0,cb,9.0,267,267,0,0
2HBB,E38A,37,0,cb,10.0,345,345,0,0
2HBB,E38A,37,0,centroid,6.0,83,86,1,4
2HBB,E38A,37,0,centroid,7.0,133,135,0,2
2HBB,E38A,37,0,centroid,8.0,175,178,1,4
2HBB,E38A,37,0,centroid,9.0,240,248,0,8
2HBB,E38A,37,0,centroid,10.0,331,329,4,2
2HBB,E38A,37,0,allatom,6.0,281,281,2,2
2HBB,E38A,37,0,allatom,7.0,353,354,1,2
2HBB,E38A,37,0,allatom,8.0,462,462,2,2
2HBB,E38A,37,0,allatom,9.0,545,545,1,1
2HBB,E38A,37,0,allatom,10.0,617,614,4,1
2HBB,E38Q,37,0,ca,6.0,136,136,0,0
2HBB,E38Q,37,0,ca,7.0,192,192,0,0
2HBB,E38Q,37,0,ca,8.0,223,223,0,0
2HBB,E38Q,37,0,ca,9.0,278,278,0,0
2HBB,E38Q,37,0,ca,10.0,357,357,0,0
2HBB,E38Q,37,0,cb,6.0,105,105,0,0
2HBB,E38Q,37,0,cb,7.0,162,162,0,0
2HBB,E38Q,37,0,cb,8.0,219,219,0,0
2HBB,E38Q,37,0,cb,9.0,267,267,0,0
2HBB,E38Q,37,0,cb,10.0,345,345,0,0
2HBB,E38Q,37,0,centroid,6.0,83,83,0,0
2HBB,E38Q,37,0,centroid,7.0,133,132,1,0
2HBB,E38Q,37,0,centroid,8.0,175,176,0,1
2HBB,E38Q,37,0,centroid,9.0,240,240,0,0
2HBB,E38Q,37,0,centroid,10.0,331,331,0,0
2HBB,E38Q,37,0,allatom,6.0,281,281,0,0
2HBB,E38Q,37,0,allatom,7.0,353,354,0,1
2HBB,E38Q,37,0,allatom,8.0,462,463,0,1
2HBB,E38Q,37,0,allatom,9.0,545,545,0,0
2HBB,E38Q,37,0,allatom,10.0,617,617,0,0
2HBB,E48Q,47,0,ca,6.0,136,136,0,0
2HBB,E48Q,47,0,ca,7.0,192,192,0,0
2HBB,E48Q,47,0,ca,8.0,223,223,0,0
2HBB,E48Q,47,0,ca,9.0,278,278,0,0
2HBB,E48Q,47,0,ca,10.0,357,357,0,0
2HBB,E48Q,47,0,cb,6.0,105,105,0,0
2HBB,E48Q,47,0,cb,7.0,162,162,0,0
2HBB,E48Q,47,0,cb,8.0,219,219,0,0
2HBB,E48Q,47,0,cb,9.0,267,267,0,0
2HBB,E48Q,47,0,cb,10.0,345,345,0,0
2HBB,E48Q,47,0,centroid,6.0,83,83,0,0
2HBB,E48Q,47,0,centroid,7.0,133,131,3,1
2HBB,E48Q,47,0,centroid,8.0,175,174,1,0
2HBB,E48Q,47,0,centroid,9.0,240,236,4,0
2HBB,E48Q,47,0,centroid,10.0,331,330,2,1
2HBB,E48Q,47,0,allatom,6.0,281,281,1,1
2HBB,E48Q,47,0,allatom,7.0,353,351,3,1
2HBB,E48Q,47,0,allatom,8.0,462,460,3,1
2HBB,E48Q,47,0,allatom,9.0,545,542,3,0
2HBB,E48Q,47,0,allatom,10.0,617,615,3,1
2HBB,F31A,30,0,ca,6.0,136,136,0,0
2HBB,F31A,30,0,ca,7.0,192,192,0,0
2HBB,F31A,30,0,ca,8.0,223,223,0,0
2HBB,F31A,30,0,ca,9.0,278,278,0,0
2HBB,F31A,30,0,ca,10.0,357,357,0,0
2HBB,F31A,30,0,cb,6.0,105,105,0,0
2HBB,F31A,30,0,cb,7.0,162,162,0,0
2HBB,F31A,30,0,cb,8.0,219,219,0,0
2HBB,F31A,30,0,cb,9.0,267,267,0,0
2HBB,F31A,30,0,cb,10.0,345,345,0,0
2HBB,F31A,30,0,centroid,6.0,83,80,5,2
2HBB,F31A,30,0,centroid,7.0,133,132,3,2
2HBB,F31A,30,0,centroid,8.0,175,174,4,3
2HBB,F31A,30,0,centroid,9.0,240,246,2,8
2HBB,F31A,30,0,centroid,10.0,331,322,13,4
2HBB,F31A,30,0,allatom,6.0,281,275,6,0
2HBB,F31A,30,0,allatom,7.0,353,347,7,1
2HBB,F31A,30,0,allatom,8.0,462,457,7,2
2HBB,F31A,30,0,allatom,9.0,545,543,5,3
2HBB,F31A,30,0,allatom,10.0,617,613,4,0
2HBB,F5L,4,0,ca,6.0,136,136,0,0
2HBB,F5L,4,0,ca,7.0,192,192,0,0
2HBB,F5L,4,0,ca,8.0,223,223,0,0
2HBB,F5L,4,0,ca,9.0,278,278,0,0
2HBB,F5L,4,0,ca,10.0,357,357,0,0
2HBB,F5L,4,0,cb,6.0,105,105,0,0
2HBB,F5L,4,0,cb,7.0,162,162,0,0
2HBB,F5L,4,0,cb,8.0,219,219,0,0
2HBB,F5L,4,0,cb,9.0,267,267,0,0
2HBB,F5L,4,0,cb,10.0,345,345,0,0
2HBB,F5L,4,0,centroid,6.0,83,81,2,0
2HBB,F5L,4,0,centroid,7.0,133,134,1,2
2HBB,F5L,4,0,centroid,8.0,175,178,1,4
2HBB,F5L,4,0,centroid,9.0,240,240,2,2
2HBB,F5L,4,0,centroid,10.0,331,330,3,2
2HBB,F5L,4,0,allatom,6.0,281,279,2,0
2HBB,F5L,4,0,allatom,7.0,353,350,3,0
2HBB,F5L,4,0,allatom,8.0,462,460,3,1
2HBB,F5L,4,0,allatom,9.0,545,544,2,1
2HBB,F5L,4,0,allatom,10.0,617,618,0,1
2HBB,G24A,23,0,ca,6.0,136,136,0,0
2HBB,G24A,23,0,ca,7.0,192,192,0,0
2HBB,G24A,23,0,ca,8.0,223,223,0,0
2HBB,G24A,23,0,ca,9.0,278,278,0,0
2HBB,G24A,23,0,ca,10.0,357,357,0,0
2HBB,G24A,23,0,cb,6.0,105,104,1,0
2HBB,G24A,23,0,cb,7.0,162,161,1,0
2HBB,G24A,23,0,cb,8.0,219,218,1,0
2HBB,G24A,23,0,cb,9.0,267,265,2,0
2HBB,G24A,23,0,cb,10.0,345,343,2,0
2HBB,G24A,23,0,centroid,6.0,83,80,3,0
2HBB,G24A,23,0,centroid,7.0,133,132,1,0
2HBB,G24A,23,0,centroid,8.0,175,173,2,0
2HBB,G24A,23,0,centroid,9.0,240,238,2,0
2HBB,G24A,23,0,centroid,10.0,331,329,2,0
2HBB,G24A,23,0,allatom,6.0,281,281,0,0
2HBB,G24A,23,0,allatom,7.0,353,353,0,0
2HBB,G24A,23,0,allatom,8.0,462,462,0,0
2HBB,G24A,23,0,allatom,9.0,545,545,0,0
2HBB,G24A,23,0,allatom,10.0,617,617,0,0
2HBB,G34A,33,0,ca,6.0,136,136,0,0
2HBB,G34A,33,0,ca,7.0,192,192,0,0
2HBB,G34A,33,0,ca,8.0,223,223,0,0
2HBB,G34A,33,0,ca,9.0,278,278,0,0
2HBB,G34A,33,0,ca,10.0,357,357,0,0
2HBB,G34A,33,0,cb,6.0,105,105,0,0
2HBB,G34A,33,0,cb,7.0,162,159,3,0
2HBB,G34A,33,0,cb,8.0,219,216,3,0
2HBB,G34A,33,0,cb,9.0,267,267,0,0
2HBB,G34A,33,0,cb,10.0,345,344,1,0
2HBB,G34A,33,0,centroid,6.0,83,83,0,0
2HBB,G34A,33,0,centroid,7.0,133,132,1,0
2HBB,G34A,33,0,centroid,8.0,175,171,4,0
2HBB,G34A,33,0,centroid,9.0,240,237,3,0
2HBB,G34A,33,0,centroid,10.0,331,329,2,0
2HBB,G34A,33,0,allatom,6.0,281,281,0,0
2HBB,G34A,33,0,allatom,7.0,353,353,0,0
2HBB,G34A,33,0,allatom,8.0,462,462,0,0
2HBB,G34A,33,0,allatom,9.0,545,545,0,0
2HBB,G34A,33,0,allatom,10.0,617,617,0,0
2HBB,I18A,17,0,ca,6.0,136,136,0,0
2HBB,I18A,17,0,ca,7.0,192,192,0,0
2HBB,I18A,17,0,ca,8.0,223,223,0,0
2HBB,I18A,17,0,ca,9.0,278,278,0,0
2HBB,I18A,17,0,ca,10.0,357,357,0,0
2HBB,I18A,17,0,cb,6.0,105,105,0,0
2HBB,I18A,17,0,cb,7.0,162,162,0,0
2HBB,I18A,17,0,cb,8.0,219,219,0,0
2HBB,I18A,17,0,cb,9.0,267,267,0,0
2HBB,I18A,17,0,cb,10.0,345,345,0,0
2HBB,I18A,17,0,centroid,6.0,83,83,1,1
2HBB,I18A,17,0,centroid,7.0,133,132,2,1
2HBB,I18A,17,0,centroid,8.0,175,181,0,6
2HBB,I18A,17,0,centroid,9.0,240,240,2,2
2HBB,I18A,17,0,centroid,10.0,331,330,4,3
2HBB,I18A,17,0,allatom,6.0,281,281,1,1
2HBB,I18A,17,0,allatom,7.0,353,349,4,0
2HBB,I18A,17,0,allatom,8.0,462,452,10,0
2HBB,I18A,17,0,allatom,9.0,545,543,3,1
2HBB,I18A,17,0,allatom,10.0,617,613,5,1
2HBB,I18V,17,0,ca,6.0,136,136,0,0
2HBB,I18V,17,0,ca,7.0,192,192,0,0
2HBB,I18V,17,0,ca,8.0,223,223,0,0
2HBB,I18V,17,0,ca,9.0,278,278,0,0
2HBB,I18V,17,0,ca,10.0,357,357,0,0
2HBB,I18V,17,0,cb,6.0,105,105,0,0
2HBB,I18V,17,0,cb,7.0,162,162,0,0
2HBB,I18V,17,0,cb,8.0,219,219,0,0
2HBB,I18V,17,0,cb,9.0,267,267,0,0
2HBB,I18V,17,0,cb,10.0,345,345,0,0
2HBB,I18V,17,0,centroid,6.0,83,83,1,1
2HBB,I18V,17,0,centroid,7.0,133,132,2,1
2HBB,I18V,17,0,centroid,8.0,175,178,0,3
2HBB,I18V,17,0,centroid,9.0,240,239,1,0
2HBB,I18V,17,0,centroid,10.0,331,330,2,1
2HBB,I18V,17,0,allatom,6.0,281,281,1,1
2HBB,I18V,17,0,allatom,7.0,353,349,4,0
2HBB,I18V,17,0,allatom,8.0,462,460,3,1
2HBB,I18V,17,0,allatom,9.0,545,543,2,0
2HBB,I18V,17,0,allatom,10.0,617,617,1,1
2HBB,I37A,36,0,ca,6.0,136,136,0,0
2HBB,I37A,36,0,ca,7.0,192,192,0,0
2HBB,I37A,36,0,ca,8.0,223,223,0,0
2HBB,I37A,36,0,ca,9.0,278,278,0,0
2HBB,I37A,36,0,ca,10.0,357,357,0,0
2HBB,I37A,36,0,cb,6.0,105,105,0,0
2HBB,I37A,36,0,cb,7.0,162,162,0,0
2HBB,I37A,36,0,cb,8.0,219,219,0,0
2HBB,I37A,36,0,cb,9.0,267,267,0,0
2HBB,I37A,36,0,cb,10.0,345,345,0,0
2HBB,I37A,36,0,centroid,6.0,83,83,1,1
2HBB,I37A,36,0,centroid,7.0,133,136,1,4
2HBB,I37A,36,0,centroid,8.0,175,175,1,1
2HBB,I37A,36,0,centroid,9.0,240,240,1,1
2HBB,I37A,36,0,centroid,10.0,331,330,2,1
2HBB,I37A,36,0,allatom,6.0,281,279,2,0
2HBB,I37A,36,0,allatom,7.0,353,352,3,2
2HBB,I37A,36,0,allatom,8.0,462,457,5,0
2HBB,I37A,36,0,allatom,9.0,545,542,4,1
2HBB,I37A,36,0,allatom,10.0,617,614,3,0
2HBB,I37V,36,0,ca,6.0,136,136,0,0
2HBB,I37V,36,0,ca,7.0,192,192,0,0
2HBB,I37V,36,0,ca,8.0,223,223,0,0
2HBB,I37V,36,0,ca,9.0,278,278,0,0
2HBB,I37V,36,0,ca,10.0,357,357,0,0
2HBB,I37V,36,0,cb,6.0,105,105,0,0
2HBB,I37V,36,0,cb,7.0,162,162,0,0
2HBB,I37V,36,0,cb,8.0,219,219,0,0
2HBB,I37V,36,0,cb,9.0,267,267,0,0
2HBB,I37V,36,0,cb,10.0,345,345,0,0
2HBB,I37V,36,0,centroid,6.0,83,83,1,1
2HBB,I37V,36,0,centroid,7.0,133,134,0,1
2HBB,I37V,36,0,centroid,8.0,175,175,0,0
2HBB,I37V,36,0,centroid,9.0,240,240,0,0
2HBB,I37V,36,0,centroid,10.0,331,331,1,1
2HBB,I37V,36,0,allatom,6.0,281,280,1,0
2HBB,I37V,36,0,allatom,7.0,353,352,1,0
2HBB,I37V,36,0,allatom,8.0,462,457,5,0
2HBB,I37V,36,0,allatom,9.0,545,543,2,0
2HBB,I37V,36,0,allatom,10.0,617,616,1,0
2HBB,I4V,3,0,ca,6.0,136,136,0,0
2HBB,I4V,3,0,ca,7.0,192,192,0,0
2HBB,I4V,3,0,ca,8.0,223,223,0,0
2HBB,I4V,3,0,ca,9.0,278,278,0,0
2HBB,I4V,3,0,ca,10.0,357,357,0,0
2HBB,I4V,3,0,cb,6.0,105,105,0,0
2HBB,I4V,3,0,cb,7.0,162,162,0,0
2HBB,I4V,3,0,cb,8.0,219,219,0,0
2HBB,I4V,3,0,cb,9.0,267,267,0,0
2HBB,I4V,3,0,cb,10.0,345,345,0,0
2HBB,I4V,3,0,centroid,6.0,83,83,0,0
2HBB,I4V,3,0,centroid,7.0,133,132,1,0
2HBB,I4V,3,0,centroid,8.0,175,176,0,1
2HBB,I4V,3,0,centroid,9.0,240,238,2,0
2HBB,I4V,3,0,centroid,10.0,331,332,2,3
2HBB,I4V,3,0,allatom,6.0,281,280,1,0
2HBB,I4V,3,0,allatom,7.0,353,351,2,0
2HBB,I4V,3,0,allatom,8.0,462,458,4,0
2HBB,I4V,3,0,allatom,9.0,545,544,1,0
2HBB,I4V,3,0,allatom,10.0,617,615,2,0
2HBB,K10E,9,0,ca,6.0,136,136,0,0
2HBB,K10E,9,0,ca,7.0,192,192,0,0
2HBB,K10E,9,0,ca,8.0,223,223,0,0
2HBB,K10E,9,0,ca,9.0,278,278,0,0
2HBB,K10E,9,0,ca,10.0,357,357,0,0
2HBB,K10E,9,0,cb,6.0,105,105,0,0
2HBB,K10E,9,0,cb,7.0,162,162,0,0
2HBB,K10E,9,0,cb,8.0,219,219,0,0
2HBB,K10E,9,0,cb,9.0,267,267,0,0
2HBB,K10E,9,0,cb,10.0,345,345,0,0
2HBB,K10E,9,0,centroid,6.0,83,82,1,0
2HBB,K10E,9,0,centroid,7.0,133,133,0,0
2HBB,K10E,9,0,centroid,8.0,175,177,0,2
2HBB,K10E,9,0,centroid,9.0,240,240,0,0
2HBB,K10E,9,0,centroid,10.0,331,331,0,0
2HBB,K10E,9,0,allatom,6.0,281,281,0,0
2HBB,K10E,9,0,allatom,7.0,353,353,0,0
2HBB,K10E,9,0,allatom,8.0,462,462,0,0
2HBB,K10E,9,0,allatom,9.0,545,545,0,0
2HBB,K10E,9,0,allatom,10.0,617,617,0,0
2HBB,K10M,9,0,ca,6.0,136,136,0,0
2HBB,K10M,9,0,ca,7.0,192,192,0,0
2HBB,K10M,9,0,ca,8.0,223,223,0,0
2HBB,K10M,9,0,ca,9.0,278,278,0,0
2HBB,K10M,9,0,ca,10.0,357,357,0,0
2HBB,K10M,9,0,cb,6.0,105,105,0,0
2HBB,K10M,9,0,cb,7.0,162,162,0,0
2HBB,K10M,9,0,cb,8.0,219,219,0,0
2HBB,K10M,9,0,cb,9.0,267,267,0,0
2HBB,K10M,9,0,cb,10.0,345,345,0,0
2HBB,K10M,9,0,centroid,6.0,83,84,0,1
2HBB,K10M,9,0,centroid,7.0,133,135,0,2
2HBB,K10M,9,0,centroid,8.0,175,179,0,4
2HBB,K10M,9,0,centroid,9.0,240,242,0,2
2HBB,K10M,9,0,centroid,10.0,331,332,0,1
2HBB,K10M,9,0,allatom,6.0,281,282,0,1
2HBB,K10M,9,0,allatom,7.0,353,353,0,0
2HBB,K10M,9,0,allatom,8.0,462,463,0,1
2HBB,K10M,9,0,allatom,9.0,545,546,0,1
2HBB,K10M,9,0,allatom,10.0,617,617,0,0
2HBB,K12A,11,0,ca,6.0,136,136,0,0
2HBB,K12A,11,0,ca,7.0,192,192,0,0
2HBB,K12A,11,0,ca,8.0,223,223,0,0
2HBB,K12A,11,0,ca,9.0,278,278,0,0
2HBB,K12A,11,0,ca,10.0,357,357,0,0
2HBB,K12A,11,0,cb,6.0,105,105,0,0
2HBB,K12A,11,0,cb,7.0,162,162,0,0
2HBB,K12A,11,0,cb,8.0,219,219,0,0
2HBB,K12A,11,0,cb,9.0,267,267,0,0
2HBB,K12A,11,0,cb,10.0,345,345,0,0
2HBB,K12A,11,0,centroid,6.0,83,87,0,4
2HBB,K12A,11,0,centroid,7.0,133,136,0,3
2HBB,K12A,11,0,centroid,8.0,175,175,1,1
2HBB,K12A,11,0,centroid,9.0,240,240,2,2
2HBB,K12A,11,0,centroid,10.0,331,337,0,6
2HBB,K12A,11,0,allatom,6.0,281,281,1,1
2HBB,K12A,11,0,allatom,7.0,353,352,1,0
2HBB,K12A,11,0,allatom,8.0,462,461,1,0
2HBB,K12A,11,0,allatom,9.0,545,544,1,0
2HBB,K12A,11,0,allatom,10.0,617,615,2,0
2HBB,K12G,11,0,ca,6.0,136,136,0,0
2HBB,K12G,11,0,ca,7.0,192,192,0,0
2HBB,K12G,11,0,ca,8.0,223,223,0,0
2HBB,K12G,11,0,ca,9.0,278,278,0,0
2HBB,K12G,11,0,ca,10.0,357,357,0,0
2HBB,K12G,11,0,cb,6.0,105,105,0,0
2HBB,K12G,11,0,cb,7.0,162,162,1,1
2HBB,K12G,11,0,cb,8.0,219,216,3,0
2HBB,K12G,11,0,cb,9.0,267,264,4,1
2HBB,K12G,11,0,cb,10.0,345,341,4,0
2HBB,K12G,11,0,centroid,6.0,83,85,1,3
2HBB,K12G,11,0,centroid,7.0,133,134,1,2
2HBB,K12G,11,0,centroid,8.0,175,175,1,1
2HBB,K12G,11,0,centroid,9.0,240,240,3,3
2HBB,K12G,11,0,centroid,10.0,331,334,2,5
2HBB,K12G,11,0,allatom,6.0,281,280,2,1
2HBB,K12G,11,0,allatom,7.0,353,350,3,0
2HBB,K12G,11,0,allatom,8.0,462,460,2,0
2HBB,K12G,11,0,allatom,9.0,545,541,4,0
2HBB,K12G,11,0,allatom,10.0,617,614,3,0
2HBB,K12M,11,0,ca,6.0,136,136,0,0
2HBB,K12M,11,0,ca,7.0,192,192,0,0
2HBB,K12M,11,0,ca,8.0,223,223,0,0
2HBB,K12M,11,0,ca,9.0,278,278,0,0
2HBB,K12M,11,0,ca,10.0,357,357,0,0
2HBB,K12M,11,0,cb,6.0,105,105,0,0
2HBB,K12M,11,0,cb,7.0,162,162,0,0
2HBB,K12M,11,0,cb,8.0,219,219,0,0
2HBB,K12M,11,0,cb,9.0,267,267,0,0
2HBB,K12M,11,0,cb,10.0,345,345,0,0
2HBB,K12M,11,0,centroid,6.0,83,87,0,4
2HBB,K12M,11,0,centroid,7.0,133,135,0,2
2HBB,K12M,11,0,centroid,8.0,175,176,0,1
2HBB,K12M,11,0,centroid,9.0,240,239,1,0
2HBB,K12M,11,0,centroid,10.0,331,334,0,3
2HBB,K12M,11,0,allatom,6.0,281,283,0,2
2HBB,K12M,11,0,allatom,7.0,353,354,0,1
2HBB,K12M,11,0,allatom,8.0,462,463,0,1
2HBB,K12M,11,0,allatom,9.0,545,547,0,2
2HBB,K12M,11,0,allatom,10.0,617,618,0,1
2HBB,K14A,13,0,ca,6.0,136,136,0,0
2HBB,K14A,13,0,ca,7.0,192,192,0,0
2HBB,K14A,13,0,ca,8.0,223,223,0,0
2HBB,K14A,13,0,ca,9.0,278,278,0,0
2HBB,K14A,13,0,ca,10.0,357,357,0,0
2HBB,K14A,13,0,cb,6.0,105,105,0,0
2HBB,K14A,13,0,cb,7.0,162,162,0,0
2HBB,K14A,13,0,cb,8.0,219,219,0,0
2HBB,K14A,13,0,cb,9.0,267,267,0,0
2HBB,K14A,13,0,cb,10.0,345,345,0,0
2HBB,K14A,13,0,centroid,6.0,83,84,0,1
2HBB,K14A,13,0,centroid,7.0,133,135,0,2
2HBB,K14A,13,0,centroid,8.0,175,179,0,4
2HBB,K14A,13,0,centroid,9.0,240,241,1,2
2HBB,K14A,13,0,centroid,10.0,331,331,1,1
2HBB,K14A,13,0,allatom,6.0,281,281,0,0
2HBB,K14A,13,0,allatom,7.0,353,353,0,0
2HBB,K14A,13,0,allatom,8.0,462,462,0,0
2HBB,K14A,13,0,allatom,9.0,545,546,0,1
2HBB,K14A,13,0,allatom,10.0,617,617,0,0
2HBB,K14G,13,0,ca,6.0,136,136,0,0
2HBB,K14G,13,0,ca,7.0,192,192,0,0
2HBB,K14G,13,0,ca,8.0,223,223,0,0
2HBB,K14G,13,0,ca,9.0,278,278,0,0
2HBB,K14G,13,0,ca,10.0,357,357,0,0
2HBB,K14G,13,0,cb,6.0,105,106,0,1
2HBB,K14G,13,0,cb,7.0,162,163,0,1
2HBB,K14G,13,0,cb,8.0,219,221,0,2
2HBB,K14G,13,0,cb,9.0,267,270,0,3
2HBB,K14G,13,0,cb,10.0,345,348,0,3
2HBB,K14G,13,0,centroid,6.0,83,82,2,1
2HBB,K14G,13,0,centroid,7.0,133,135,1,3
2HBB,K14G,13,0,centroid,8.0,175,182,0,7
2HBB,K14G,13,0,centroid,9.0,240,242,1,3
2HBB,K14G,13,0,centroid,10.0,331,333,3,5
2HBB,K14G,13,0,allatom,6.0,281,280,1,0
2HBB,K14G,13,0,allatom,7.0,353,352,1,0
2HBB,K14G,13,0,allatom,8.0,462,461,1,0
2HBB,K14G,13,0,allatom,9.0,545,543,2,0
2HBB,K14G,13,0,allatom,10.0,617,615,2,0
2HBB,K14M,13,0,ca,6.0,136,136,0,0
2HBB,K14M,13,0,ca,7.0,192,192,0,0
2HBB,K14M,13,0,ca,8.0,223,223,0,0
2HBB,K14M,13,0,ca,9.0,278,278,0,0
2HBB,K14M,13,0,ca,10.0,357,357,0,0
2HBB,K14M,13,0,cb,6.0,105,105,0,0
2HBB,K14M,13,0,cb,7.0,162,162,0,0
2HBB,K14M,13,0,cb,8.0,219,219,0,0
2HBB,K14M,13,0,cb,9.0,267,267,0,0
2HBB,K14M,13,0,cb,10.0,345,345,0,0
2HBB,K14M,13,0,centroid,6.0,83,84,0,1
2HBB,K14M,13,0,centroid,7.0,133,133,0,0
2HBB,K14M,13,0,centroid,8.0,175,179,0,4
2HBB,K14M,13,0,centroid,9.0,240,242,0,2
2HBB,K14M,13,0,centroid,10.0,331,332,0,1
2HBB,K14M,13,0,allatom,6.0,281,283,0,2
2HBB,K14M,13,0,allatom,7.0,353,354,0,1
2HBB,K14M,13,0,allatom,8.0,462,462,0,0
2HBB,K14M,13,0,allatom,9.0,545,546,0,1
2HBB,K14M,13,0,allatom,10.0,617,617,0,0
2HBB,K15G,14,0,ca,6.0,136,136,0,0
2HBB,K15G,14,0,ca,7.0,192,192,0,0
2HBB,K15G,14,0,ca,8.0,223,223,0,0
2HBB,K15G,14,0,ca,9.0,278,278,0,0
2HBB,K15G,14,0,ca,10.0,357,357,0,0
2HBB,K15G,14,0,cb,6.0,105,106,0,1
2HBB,K15G,14,0,cb,7.0,162,164,0,2
2HBB,K15G,14,0,cb,8.0,219,220,0,1
2HBB,K15G,14,0,cb,9.0,267,270,0,3
2HBB,K15G,14,0,cb,10.0,345,346,0,1
2HBB,K15G,14,0,centroid,6.0,83,84,0,1
2HBB,K15G,14,0,centroid,7.0,133,136,1,4
2HBB,K15G,14,0,centroid,8.0,175,179,0,4
2HBB,K15G,14,0,centroid,9.0,240,245,1,6
2HBB,K15G,14,0,centroid,10.0,331,336,1,6
2HBB,K15G,14,0,allatom,6.0,281,281,0,0
2HBB,K15G,14,0,allatom,7.0,353,353,0,0
2HBB,K15G,14,0,allatom,8.0,462,460,2,0
2HBB,K15G,14,0,allatom,9.0,545,545,0,0
2HBB,K15G,14,0,allatom,10.0,617,616,1,0
2HBB,K15M,14,0,ca,6.0,136,136,0,0
2HBB,K15M,14,0,ca,7.0,192,192,0,0
2HBB,K15M,14,0,ca,8.0,223,223,0,0
2HBB,K15M,14,0,ca,9.0,278,278,0,0
2HBB,K15M,14,0,ca,10.0,357,357,0,0
2HBB,K15M,14,0,cb,6.0,105,105,0,0
2HBB,K15M,14,0,cb,7.0,162,162,0,0
2HBB,K15M,14,0,cb,8.0,219,219,0,0
2HBB,K15M,14,0,cb,9.0,267,267,0,0
2HBB,K15M,14,0,cb,10.0,345,345,0,0
2HBB,K15M,14,0,centroid,6.0,83,83,0,0
2HBB,K15M,14,0,centroid,7.0,133,133,1,1
2HBB,K15M,14,0,centroid,8.0,175,175,0,0
2HBB,K15M,14,0,centroid,9.0,240,243,0,3
2HBB,K15M,14,0,centroid,10.0,331,334,0,3
2HBB,K15M,14,0,allatom,6.0,281,281,0,0
2HBB,K15M,14,0,allatom,7.0,353,355,0,2
2HBB,K15M,14,0,allatom,8.0,462,462,0,0
2HBB,K15M,14,0,allatom,9.0,545,546,0,1
2HBB,K15M,14,0,allatom,10.0,617,618,0,1
2HBB,K7M,6,0,ca,6.0,136,136,0,0
2HBB,K7M,6,0,ca,7.0,192,192,0,0
2HBB,K7M,6,0,ca,8.0,223,223,0,0
2HBB,K7M,6,0,ca,9.0,278,278,0,0
2HBB,K7M,6,0,ca,10.0,357,357,0,0
2HBB,K7M,6,0,cb,6.0,105,105,0,0
2HBB,K7M,6,0,cb,7.0,162,162,0,0
2HBB,K7M,6,0,cb,8.0,219,219,0,0
2HBB,K7M,6,0,cb,9.0,267,267,0,0
2HBB,K7M,6,0,cb,10.0,345,345,0,0
2HBB,K7M,6,0,centroid,6.0,83,83,0,0
2HBB,K7M,6,0,centroid,7.0,133,133,0,0
2HBB,K7M,6,0,centroid,8.0,175,175,1,1
2HBB,K7M,6,0,centroid,9.0,240,241,0,1
2HBB,K7M,6,0,centroid,10.0,331,332,0,1
2HBB,K7M,6,0,allatom,6.0,281,281,0,0
2HBB,K7M,6,0,allatom,7.0,353,353,0,0
2HBB,K7M,6,0,allatom,8.0,462,462,0,0
2HBB,K7M,6,0,allatom,9.0,545,547,0,2
2HBB,K7M,6,0,allatom,10.0,617,619,0,2
2HBB,L30A,29,0,ca,6.0,136,136,0,0
2HBB,L30A,29,0,ca,7.0,192,192,0,0
2HBB,L30A,29,0,ca,8.0,223,223,0,0
2HBB,L30A,29,0,ca,9.0,278,278,0,0
2HBB,L30A,29,0,ca,10.0,357,357,0,0
2HBB,L30A,29,0,cb,6.0,105,105,0,0
2HBB,L30A,29,0,cb,7.0,162,162,0,0
2HBB,L30A,29,0,cb,8.0,219,219,0,0
2HBB,L30A,29,0,cb,9.0,267,267,0,0
2HBB,L30A,29,0,cb,10.0,345,345,0,0
2HBB,L30A,29,0,centroid,6.0,83,81,3,1
2HBB,L30A,29,0,centroid,7.0,133,134,0,1
2HBB,L30A,29,0,centroid,8.0,175,175,1,1
2HBB,L30A,29,0,centroid,9.0,240,242,1,3
2HBB,L30A,29,0,centroid,10.0,331,333,1,3
2HBB,L30A,29,0,allatom,6.0,281,277,4,0
2HBB,L30A,29,0,allatom,7.0,353,349,4,0
2HBB,L30A,29,0,allatom,8.0,462,455,8,1
2HBB,L30A,29,0,allatom,9.0,545,535,10,0
2HBB,L30A,29,0,allatom,10.0,617,610,7,0
2HBB,L35A,34,0,ca,6.0,136,136,0,0
2HBB,L35A,34,0,ca,7.0,192,192,0,0
2HBB,L35A,34,0,ca,8.0,223,223,0,0
2HBB,L35A,34,0,ca,9.0,278,278,0,0
2HBB,L35A,34,0,ca,10.0,357,357,0,0
2HBB,L35A,34,0,cb,6.0,105,105,0,0
2HBB,L35A,34,0,cb,7.0,162,162,0,0
2HBB,L35A,34,0,cb,8.0,219,219,0,0
2HBB,L35A,34,0,cb,9.0,267,267,0,0
2HBB,L35A,34,0,cb,10.0,345,345,0,0
2HBB,L35A,34,0,centroid,6.0,83,83,2,2
2HBB,L35A,34,0,centroid,7.0,133,134,3,4
2HBB,L35A,34,0,centroid,8.0,175,174,2,1
2HBB,L35A,34,0,centroid,9.0,240,243,2,5
2HBB,L35A,34,0,centroid,10.0,331,340,0,9
2HBB,L35A,34,0,allatom,6.0,281,279,2,0
2HBB,L35A,34,0,allatom,7.0,353,353,1,1
2HBB,L35A,34,0,allatom,8.0,462,462,1,1
2HBB,L35A,34,0,allatom,9.0,545,544,1,0
2HBB,L35A,34,0,allatom,10.0,617,617,0,0
2HBB,L44A,43,0,ca,6.0,136,136,0,0
2HBB,L44A,43,0,ca,7.0,192,192,0,0
2HBB,L44A,43,0,ca,8.0,223,223,0,0
2HBB,L44A,43,0,ca,9.0,278,278,0,0
2HBB,L44A,43,0,ca,10.0,357,357,0,0
2HBB,L44A,43,0,cb,6.0,105,105,0,0
2HBB,L44A,43,0,cb,7.0,162,162,0,0
2HBB,L44A,43,0,cb,8.0,219,219,0,0
2HBB,L44A,43,0,cb,9.0,267,267,0,0
2HBB,L44A,43,0,cb,10.0,345,345,0,0
2HBB,L44A,43,0,centroid,6.0,83,81,3,1
2HBB,L44A,43,0,centroid,7.0,133,133,1,1
2HBB,L44A,43,0,centroid,8.0,175,178,0,3
2HBB,L44A,43,0,centroid,9.0,240,240,1,1
2HBB,L44A,43,0,centroid,10.0,331,332,0,1
2HBB,L44A,43,0,allatom,6.0,281,281,0,0
2HBB,L44A,43,0,allatom,7.0,353,351,2,0
2HBB,L44A,43,0,allatom,8.0,462,457,5,0
2HBB,L44A,43,0,allatom,9.0,545,540,6,1
2HBB,L44A,43,0,allatom,10.0,617,612,5,0
2HBB,L47A,46,0,ca,6.0,136,136,0,0
2HBB,L47A,46,0,ca,7.0,192,192,0,0
2HBB,L47A,46,0,ca,8.0,223,223,0,0
2HBB,L47A,46,0,ca,9.0,278,278,0,0
2HBB,L47A,46,0,ca,10.0,357,357,0,0
2HBB,L47A,46,0,cb,6.0,105,105,0,0
2HBB,L47A,46,0,cb,7.0,162,162,0,0
2HBB,L47A,46,0,cb,8.0,219,219,0,0
2HBB,L47A,46,0,cb,9.0,267,267,0,0
2HBB,L47A,46,0,cb,10.0,345,345,0,0
2HBB,L47A,46,0,centroid,6.0,83,82,2,1
2HBB,L47A,46,0,centroid,7.0,133,135,0,2
2HBB,L47A,46,0,centroid,8.0,175,175,1,1
2HBB,L47A,46,0,centroid,9.0,240,239,2,1
2HBB,L47A,46,0,centroid,10.0,331,331,3,3
2HBB,L47A,46,0,allatom,6.0,281,280,2,1
2HBB,L47A,46,0,allatom,7.0,353,351,5,3
2HBB,L47A,46,0,allatom,8.0,462,456,7,1
2HBB,L47A,46,0,allatom,9.0,545,539,7,1
2HBB,L47A,46,0,allatom,10.0,617,616,4,3
2HBB,L6A,5,0,ca,6.0,136,136,0,0
2HBB,L6A,5,0,ca,7.0,192,192,0,0
2HBB,L6A,5,0,ca,8.0,223,223,0,0
2HBB,L6A,5,0,ca,9.0,278,278,0,0
2HBB,L6A,5,0,ca,10.0,357,357,0,0
2HBB,L6A,5,0,cb,6.0,105,105,0,0
2HBB,L6A,5,0,cb,7.0,162,162,0,0
2HBB,L6A,5,0,cb,8.0,219,219,0,0
2HBB,L6A,5,0,cb,9.0,267,267,0,0
2HBB,L6A,5,0,cb,10.0,345,345,0,0
2HBB,L6A,5,0,centroid,6.0,83,80,4,1
2HBB,L6A,5,0,centroid,7.0,133,132,4,3
2HBB,L6A,5,0,centroid,8.0,175,178,0,3
2HBB,L6A,5,0,centroid,9.0,240,240,0,0
2HBB,L6A,5,0,centroid,10.0,331,327,7,3
2HBB,L6A,5,0,allatom,6.0,281,279,2,0
2HBB,L6A,5,0,allatom,7.0,353,353,1,1
2HBB,L6A,5,0,allatom,8.0,462,454,9,1
2HBB,L6A,5,0,allatom,9.0,545,538,7,0
2HBB,L6A,5,0,allatom,10.0,617,610,7,0
2HBB,M1A,0,0,ca,6.0,136,136,0,0
2HBB,M1A,0,0,ca,7.0,192,192,0,0
2HBB,M1A,0,0,ca,8.0,223,223,0,0
2HBB,M1A,0,0,ca,9.0,278,278,0,0
2HBB,M1A,0,0,ca,10.0,357,357,0,0
2HBB,M1A,0,0,cb,6.0,105,105,0,0
2HBB,M1A,0,0,cb,7.0,162,162,0,0
2HBB,M1A,0,0,cb,8.0,219,219,0,0
2HBB,M1A,0,0,cb,9.0,267,267,0,0
2HBB,M1A,0,0,cb,10.0,345,345,0,0
2HBB,M1A,0,0,centroid,6.0,83,81,3,1
2HBB,M1A,0,0,centroid,7.0,133,132,2,1
2HBB,M1A,0,0,centroid,8.0,175,176,1,2
2HBB,M1A,0,0,centroid,9.0,240,241,0,1
2HBB,M1A,0,0,centroid,10.0,331,329,3,1
2HBB,M1A,0,0,allatom,6.0,281,278,3,0
2HBB,M1A,0,0,allatom,7.0,353,350,3,0
2HBB,M1A,0,0,allatom,8.0,462,459,3,0
2HBB,M1A,0,0,allatom,9.0,545,544,1,0
2HBB,M1A,0,0,allatom,10.0,617,614,3,0
2HBB,T40S,39,0,ca,6.0,136,136,0,0
2HBB,T40S,39,0,ca,7.0,192,192,0,0
2HBB,T40S,39,0,ca,8.0,223,223,0,0
2HBB,T40S,39,0,ca,9.0,278,278,0,0
2HBB,T40S,39,0,ca,10.0,357,357,0,0
2HBB,T40S,39,0,cb,6.0,105,105,0,0
2HBB,T40S,39,0,cb,7.0,162,162,0,0
2HBB,T40S,39,0,cb,8.0,219,219,0,0
2HBB,T40S,39,0,cb,9.0,267,267,0,0
2HBB,T40S,39,0,cb,10.0,345,345,0,0
2HBB,T40S,39,0,centroid,6.0,83,83,0,0
2HBB,T40S,39,0,centroid,7.0,133,134,0,1
2HBB,T40S,39,0,centroid,8.0,175,175,0,0
2HBB,T40S,39,0,centroid,9.0,240,242,0,2
2HBB,T40S,39,0,centroid,10.0,331,329,2,0
2HBB,T40S,39,0,allatom,6.0,281,281,0,0
2HBB,T40S,39,0,allatom,7.0,353,353,0,0
2HBB,T40S,39,0,allatom,8.0,462,461,1,0
2HBB,T40S,39,0,allatom,9.0,545,545,0,0
2HBB,T40S,39,0,allatom,10.0,617,617,0,0
2HBB,V21A,20,0,ca,6.0,136,136,0,0
2HBB,V21A,20,0,ca,7.0,192,192,0,0
2HBB,V21A,20,0,ca,8.0,223,223,0,0
2HBB,V21A,20,0,ca,9.0,278,278,0,0
2HBB,V21A,20,0,ca,10.0,357,357,0,0
2HBB,V21A,20,0,cb,6.0,105,105,0,0
2HBB,V21A,20,0,cb,7.0,162,162,0,0
2HBB,V21A,20,0,cb,8.0,219,219,0,0
2HBB,V21A,20,0,cb,9.0,267,267,0,0
2HBB,V21A,20,0,cb,10.0,345,345,0,0
2HBB,V21A,20,0,centroid,6.0,83,82,1,0
2HBB,V21A,20,0,centroid,7.0,133,134,0,1
2HBB,V21A,20,0,centroid,8.0,175,177,0,2
2HBB,V21A,20,0,centroid,9.0,240,238,2,0
2HBB,V21A,20,0,centroid,10.0,331,330,1,0
2HBB,V21A,20,0,allatom,6.0,281,280,1,0
2HBB,V21A,20,0,allatom,7.0,353,348,5,0
2HBB,V21A,20,0,allatom,8.0,462,457,6,1
2HBB,V21A,20,0,allatom,9.0,545,536,10,1
2HBB,V21A,20,0,allatom,10.0,617,615,2,0
2HBB,V3A,2,0,ca,6.0,136,136,0,0
2HBB,V3A,2,0,ca,7.0,192,192,0,0
2HBB,V3A,2,0,ca,8.0,223,223,0,0
2HBB,V3A,2,0,ca,9.0,278,278,0,0
2HBB,V3A,2,0,ca,10.0,357,357,0,0
2HBB,V3A,2,0,cb,6.0,105,105,0,0
2HBB,V3A,2,0,cb,7.0,162,162,0,0
2HBB,V3A,2,0,cb,8.0,219,219,0,0
2HBB,V3A,2,0,cb,9.0,267,267,0,0
2HBB,V3A,2,0,cb,10.0,345,345,0,0
2HBB,V3A,2,0,centroid,6.0,83,83,2,2
2HBB,V3A,2,0,centroid,7.0,133,132,1,0
2HBB,V3A,2,0,centroid,8.0,175,175,2,2
2HBB,V3A,2,0,centroid,9.0,240,242,1,3
2HBB,V3A,2,0,centroid,10.0,331,329,4,2
2HBB,V3A,2,0,allatom,6.0,281,279,2,0
2HBB,V3A,2,0,allatom,7.0,353,352,2,1
2HBB,V3A,2,0,allatom,8.0,462,458,6,2
2HBB,V3A,2,0,allatom,9.0,545,544,2,1
2HBB,V3A,2,0,allatom,10.0,617,614,4,1
2HBB,V9A,8,0,ca,6.0,136,136,0,0
2HBB,V9A,8,0,ca,7.0,192,192,0,0
2HBB,V9A,8,0,ca,8.0,223,223,0,0
2HBB,V9A,8,0,ca,9.0,278,278,0,0
2HBB,V9A,8,0,ca,10.0,357,357,0,0
2HBB,V9A,8,0,cb,6.0,105,105,0,0
2HBB,V9A,8,0,cb,7.0,162,162,0,0
2HBB,V9A,8,0,cb,8.0,219,219,0,0
2HBB,V9A,8,0,cb,9.0,267,267,0,0
2HBB,V9A,8,0,cb,10.0,345,345,0,0
2HBB,V9A,8,0,centroid,6.0,83,83,0,0
2HBB,V9A,8,0,centroid,7.0,133,135,0,2
2HBB,V9A,8,0,centroid,8.0,175,176,0,1
2HBB,V9A,8,0,centroid,9.0,240,240,0,0
2HBB,V9A,8,0,centroid,10.0,331,330,2,1
2HBB,V9A,8,0,allatom,6.0,281,280,1,0
2HBB,V9A,8,0,allatom,7.0,353,351,2,0
2HBB,V9A,8,0,allatom,8.0,462,461,2,1
2HBB,V9A,8,0,allatom,9.0,545,541,5,1
2HBB,V9A,8,0,allatom,10.0,617,615,2,0
2JUC,C57D,52,1,ca,6.0,154,154,0,0
2JUC,C57D,52,1,ca,7.0,193,193,0,0
2JUC,C57D,52,1,ca,8.0,235,235,0,0
2JUC,C57D,52,1,ca,9.0,323,323,0,0
2JUC,C57D,52,1,ca,10.0,415,415,0,0
2JUC,C57D,52,1,cb,6.0,113,113,0,0
2JUC,C57D,52,1,cb,7.0,178,178,0,0
2JUC,C57D,52,1,cb,8.0,245,245,0,0
2JUC,C57D,52,1,cb,9.0,317,317,0,0
2JUC,C57D,52,1,cb,10.0,406,406,0,0
2JUC,C57D,52,1,centroid,6.0,79,77,2,0
2JUC,C57D,52,1,centroid,7.0,138,133,5,0
2JUC,C57D,52,1,centroid,8.0,194,194,2,2
2JUC,C57D,52,1,centroid,9.0,267,262,6,1
2JUC,C57D,52,1,centroid,10.0,351,350,4,3
2JUC,C57D,52,1,allatom,6.0,341,341,1,1
2JUC,C57D,52,1,allatom,7.0,435,432,4,1
2JUC,C57D,52,1,allatom,8.0,525,523,3,1
2JUC,C57D,52,1,allatom,9.0,646,646,2,2
2JUC,C57D,52,1,allatom,10.0,752,751,1,0
2JUC,C57S,52,1,ca,6.0,154,154,0,0
2JUC,C57S,52,1,ca,7.0,193,193,0,0
2JUC,C57S,52,1,ca,8.0,235,235,0,0
2JUC,C57S,52,1,ca,9.0,323,323,0,0
2JUC,C57S,52,1,ca,10.0,415,415,0,0
2JUC,C57S,52,1,cb,6.0,113,113,0,0
2JUC,C57S,52,1,cb,7.0,178,178,0,0
2JUC,C57S,52,1,cb,8.0,245,245,0,0
2JUC,C57S,52,1,cb,9.0,317,317,0,0
2JUC,C57S,52,1,cb,10.0,406,406,0,0
2JUC,C57S,52,1,centroid,6.0,79,80,0,1
2JUC,C57S,52,1,centroid,7.0,138,139,0,1
2JUC,C57S,52,1,centroid,8.0,194,196,0,2
2JUC,C57S,52,1,centroid,9.0,267,268,0,1
2JUC,C57S,52,1,centroid,10.0,351,350,1,0
2JUC,C57S,52,1,allatom,6.0,341,341,0,0
2JUC,C57S,52,1,allatom,7.0,435,435,0,0
2JUC,C57S,52,1,allatom,8.0,525,525,0,0
2JUC,C57S,52,1,allatom,9.0,646,646,0,0
2JUC,C57S,52,1,allatom,10.0,752,753,0,1
2JUC,R18A,13,1,ca,6.0,154,154,0,0
2JUC,R18A,13,1,ca,7.0,193,193,0,0
2JUC,R18A,13,1,ca,8.0,235,235,0,0
2JUC,R18A,13,1,ca,9.0,323,323,0,0
2JUC,R18A,13,1,ca,10.0,415,415,0,0
2JUC,R18A,13,1,cb,6.0,113,113,0,0
2JUC,R18A,13,1,cb,7.0,178,178,0,0
2JUC,R18A,13,1,cb,8.0,245,245,0,0
2JUC,R18A,13,1,cb,9.0,317,317,0,0
2JUC,R18A,13,1,cb,10.0,406,406,0,0
2JUC,R18A,13,1,centroid,6.0,79,81,1,3
2JUC,R18A,13,1,centroid,7.0,138,141,2,5
2JUC,R18A,13,1,centroid,8.0,194,195,2,3
2JUC,R18A,13,1,centroid,9.0,267,270,2,5
2JUC,R18A,13,1,centroid,10.0,351,356,2,7
2JUC,R18A,13,1,allatom,6.0,341,338,3,0
2JUC,R18A,13,1,allatom,7.0,435,435,3,3
2JUC,R18A,13,1,allatom,8.0,525,524,4,3
2JUC,R18A,13,1,allatom,9.0,646,645,3,2
2JUC,R18A,13,1,allatom,10.0,752,750,3,1
2KJ3,D288A,71,1,ca,6.0,155,155,0,0
2KJ3,D288A,71,1,ca,7.0,255,255,0,0
2KJ3,D288A,71,1,ca,8.0,316,316,0,0
2KJ3,D288A,71,1,ca,9.0,394,394,0,0
2KJ3,D288A,71,1,ca,10.0,479,479,0,0
2KJ3,D288A,71,1,cb,6.0,147,147,0,0
2KJ3,D288A,71,1,cb,7.0,220,220,0,0
2KJ3,D288A,71,1,cb,8.0,303,303,0,0
2KJ3,D288A,71,1,cb,9.0,386,386,0,0
2KJ3,D288A,71,1,cb,10.0,454,454,0,0
2KJ3,D288A,71,1,centroid,6.0,115,114,2,1
2KJ3,D288A,71,1,centroid,7.0,175,175,2,2
2KJ3,D288A,71,1,centroid,8.0,254,257,1,4
2KJ3,D288A,71,1,centroid,9.0,341,343,1,3
2KJ3,D288A,71,1,centroid,10.0,420,422,1,3
2KJ3,D288A,71,1,allatom,6.0,375,375,1,1
2KJ3,D288A,71,1,allatom,7.0,470,470,1,1
2KJ3,D288A,71,1,allatom,8.0,596,595,1,0
2KJ3,D288A,71,1,allatom,9.0,700,699,2,1
2KJ3,D288A,71,1,allatom,10.0,821,822,0,1
2KJ3,E272A,55,1,ca,6.0,155,155,0,0
2KJ3,E272A,55,1,ca,7.0,255,255,0,0
2KJ3,E272A,55,1,ca,8.0,316,316,0,0
2KJ3,E272A,55,1,ca,9.0,394,394,0,0
2KJ3,E272A,55,1,ca,10.0,479,479,0,0
2KJ3,E272A,55,1,cb,6.0,147,147,0,0
2KJ3,E272A,55,1,cb,7.0,220,220,0,0
2KJ3,E272A,55,1,cb,8.0,303,303,0,0
2KJ3,E272A,55,1,cb,9.0,386,386,0,0
2KJ3,E272A,55,1,cb,10.0,454,454,0,0
2KJ3,E272A,55,1,centroid,6.0,115,114,2,1
2KJ3,E272A,55,1,centroid,7.0,175,178,0,3
2KJ3,E272A,55,1,centroid,8.0,254,255,1,2
2KJ3,E272A,55,1,centroid,9.0,341,340,1,0
2KJ3,E272A,55,1,centroid,10.0,420,422,1,3
2KJ3,E272A,55,1,allatom,6.0,375,375,0,0
2KJ3,E272A,55,1,allatom,7.0,470,470,0,0
2KJ3,E272A,55,1,allatom,8.0,596,596,0,0
2KJ3,E272A,55,1,allatom,9.0,700,700,0,0
2KJ3,E272A,55,1,allatom,10.0,821,821,0,0
2KJ3,G278A,61,1,ca,6.0,155,155,0,0
2KJ3,G278A,61,1,ca,7.0,255,255,0,0
2KJ3,G278A,61,1,ca,8.0,316,316,0,0
2KJ3,G278A,61,1,ca,9.0,394,394,0,0
2KJ3,G278A,61,1,ca,10.0,479,479,0,0
2KJ3,G278A,61,1,cb,6.0,147,148,0,1
2KJ3,G278A,61,1,cb,7.0,220,222,1,3
2KJ3,G278A,61,1,cb,8.0,303,302,1,0
2KJ3,G278A,61,1,cb,9.0,386,386,0,0
2KJ3,G278A,61,1,cb,10.0,454,453,2,1
2KJ3,G278A,61,1,centroid,6.0,115,113,3,1
2KJ3,G278A,61,1,centroid,7.0,175,174,2,1
2KJ3,G278A,61,1,centroid,8.0,254,254,1,1
2KJ3,G278A,61,1,centroid,9.0,341,339,2,0
2KJ3,G278A,61,1,centroid,10.0,420,418,5,3
2KJ3,G278A,61,1,allatom,6.0,375,375,1,1
2KJ3,G278A,61,1,allatom,7.0,470,471,1,2
2KJ3,G278A,61,1,allatom,8.0,596,597,1,2
2KJ3,G278A,61,1,allatom,9.0,700,698,3,1
2KJ3,G278A,61,1,allatom,10.0,821,816,7,2
2KJ3,K229A,12,1,ca,6.0,155,155,0,0
2KJ3,K229A,12,1,ca,7.0,255,255,0,0
2KJ3,K229A,12,1,ca,8.0,316,316,0,0
2KJ3,K229A,12,1,ca,9.0,394,394,0,0
2KJ3,K229A,12,1,ca,10.0,479,479,0,0
2KJ3,K229A,12,1,cb,6.0,147,147,0,0
2KJ3,K229A,12,1,cb,7.0,220,220,0,0
2KJ3,K229A,12,1,cb,8.0,303,303,0,0
2KJ3,K229A,12,1,cb,9.0,386,386,0,0
2KJ3,K229A,12,1,cb,10.0,454,454,0,0
2KJ3,K229A,12,1,centroid,6.0,115,116,0,1
2KJ3,K229A,12,1,centroid,7.0,175,178,0,3
2KJ3,K229A,12,1,centroid,8.0,254,258,0,4
2KJ3,K229A,12,1,centroid,9.0,341,346,0,5
2KJ3,K229A,12,1,centroid,10.0,420,425,0,5
2KJ3,K229A,12,1,allatom,6.0,375,375,0,0
2KJ3,K229A,12,1,allatom,7.0,470,470,0,0
2KJ3,K229A,12,1,allatom,8.0,596,596,0,0
2KJ3,K229A,12,1,allatom,9.0,700,701,0,1
2KJ3,K229A,12,1,allatom,10.0,821,821,0,0
2KJ3,L241A,24,1,ca,6.0,155,155,0,0
2KJ3,L241A,24,1,ca,7.0,255,255,0,0
2KJ3,L241A,24,1,ca,8.0,316,316,0,0
2KJ3,L241A,24,1,ca,9.0,394,394,0,0
2KJ3,L241A,24,1,ca,10.0,479,479,0,0
2KJ3,L241A,24,1,cb,6.0,147,147,0,0
2KJ3,L241A,24,1,cb,7.0,220,220,0,0
2KJ3,L241A,24,1,cb,8.0,303,303,0,0
2KJ3,L241A,24,1,cb,9.0,386,386,0,0
2KJ3,L241A,24,1,cb,10.0,454,454,0,0
2KJ3,L241A,24,1,centroid,6.0,115,115,1,1
2KJ3,L241A,24,1,centroid,7.0,175,175,1,1
2KJ3,L241A,24,1,centroid,8.0,254,253,1,0
2KJ3,L241A,24,1,centroid,9.0,341,342,0,1
2KJ3,L241A,24,1,centroid,10.0,420,421,2,3
2KJ3,L241A,24,1,allatom,6.0,375,373,2,0
2KJ3,L241A,24,1,allatom,7.0,470,469,1,0
2KJ3,L241A,24,1,allatom,8.0,596,592,4,0
2KJ3,L241A,24,1,allatom,9.0,700,696,4,0
2KJ3,L241A,24,1,allatom,10.0,821,816,5,0
2KJ3,S273A,56,1,ca,6.0,155,155,0,0
2KJ3,S273A,56,1,ca,7.0,255,255,0,0
2KJ3,S273A,56,1,ca,8.0,316,316,0,0
2KJ3,S273A,56,1,ca,9.0,394,394,0,0
2KJ3,S273A,56,1,ca,10.0,479,479,0,0
2KJ3,S273A,56,1,cb,6.0,147,147,0,0
2KJ3,S273A,56,1,cb,7.0,220,220,0,0
2KJ3,S273A,56,1,cb,8.0,303,303,0,0
2KJ3,S273A,56,1,cb,9.0,386,386,0,0
2KJ3,S273A,56,1,cb,10.0,454,454,0,0
2KJ3,S273A,56,1,centroid,6.0,115,115,0,0
2KJ3,S273A,56,1,centroid,7.0,175,175,0,0
2KJ3,S273A,56,1,centroid,8.0,254,253,1,0
2KJ3,S273A,56,1,centroid,9.0,341,343,0,2
2KJ3,S273A,56,1,centroid,10.0,420,421,0,1
2KJ3,S273A,56,1,allatom,6.0,375,375,0,0
2KJ3,S273A,56,1,allatom,7.0,470,470,0,0
2KJ3,S273A,56,1,allatom,8.0,596,596,0,0
2KJ3,S273A,56,1,allatom,9.0,700,700,0,0
2KJ3,S273A,56,1,allatom,10.0,821,821,0,0
2KJ3,V239A,22,1,ca,6.0,155,155,0,0
2KJ3,V239A,22,1,ca,7.0,255,255,0,0
2KJ3,V239A,22,1,ca,8.0,316,316,0,0
2KJ3,V239A,22,1,ca,9.0,394,394,0,0
2KJ3,V239A,22,1,ca,10.0,479,479,0,0
2KJ3,V239A,22,1,cb,6.0,147,147,0,0
2KJ3,V239A,22,1,cb,7.0,220,220,0,0
2KJ3,V239A,22,1,cb,8.0,303,303,0,0
2KJ3,V239A,22,1,cb,9.0,386,386,0,0
2KJ3,V239A,22,1,cb,10.0,454,454,0,0
2KJ3,V239A,22,1,centroid,6.0,115,116,0,1
2KJ3,V239A,22,1,centroid,7.0,175,176,1,2
2KJ3,V239A,22,1,centroid,8.0,254,254,0,0
2KJ3,V239A,22,1,centroid,9.0,341,343,0,2
2KJ3,V239A,22,1,centroid,10.0,420,421,0,1
2KJ3,V239A,22,1,allatom,6.0,375,375,0,0
2KJ3,V239A,22,1,allatom,7.0,470,469,1,0
2KJ3,V239A,22,1,allatom,8.0,596,595,2,1
2KJ3,V239A,22,1,allatom,9.0,700,697,3,0
2KJ3,V239A,22,1,allatom,10.0,821,819,2,0
2KJ3,V264A,47,1,ca,6.0,155,155,0,0
2KJ3,V264A,47,1,ca,7.0,255,255,0,0
2KJ3,V264A,47,1,ca,8.0,316,316,0,0
2KJ3,V264A,47,1,ca,9.0,394,394,0,0
2KJ3,V264A,47,1,ca,10.0,479,479,0,0
2KJ3,V264A,47,1,cb,6.0,147,147,0,0
2KJ3,V264A,47,1,cb,7.0,220,220,0,0
2KJ3,V264A,47,1,cb,8.0,303,303,0,0
2KJ3,V264A,47,1,cb,9.0,386,386,0,0
2KJ3,V264A,47,1,cb,10.0,454,454,0,0
2KJ3,V264A,47,1,centroid,6.0,115,116,0,1
2KJ3,V264A,47,1,centroid,7.0,175,175,0,0
2KJ3,V264A,47,1,centroid,8.0,254,253,1,0
2KJ3,V264A,47,1,centroid,9.0,341,341,0,0
2KJ3,V264A,47,1,centroid,10.0,420,419,1,0
2KJ3,V264A,47,1,allatom,6.0,375,375,0,0
2KJ3,V264A,47,1,allatom,7.0,470,469,1,0
2KJ3,V264A,47,1,allatom,8.0,596,591,5,0
2KJ3,V264A,47,1,allatom,9.0,700,700,0,0
2KJ3,V264A,47,1,allatom,10.0,821,817,4,0
2KJ3,V267A,50,1,ca,6.0,155,155,0,0
2KJ3,V267A,50,1,ca,7.0,255,255,0,0
2KJ3,V267A,50,1,ca,8.0,316,316,0,0
2KJ3,V267A,50,1,ca,9.0,394,394,0,0
2KJ3,V267A,50,1,ca,10.0,479,479,0,0
2KJ3,V267A,50,1,cb,6.0,147,147,0,0
2KJ3,V267A,50,1,cb,7.0,220,220,0,0
2KJ3,V267A,50,1,cb,8.0,303,303,0,0
2KJ3,V267A,50,1,cb,9.0,386,386,0,0
2KJ3,V267A,50,1,cb,10.0,454,454,0,0
2KJ3,V267A,50,1,centroid,6.0,115,116,0,1
2KJ3,V267A,50,1,centroid,7.0,175,174,1,0
2KJ3,V267A,50,1,centroid,8.0,254,252,2,0
2KJ3,V267A,50,1,centroid,9.0,341,341,0,0
2KJ3,V267A,50,1,centroid,10.0,420,421,0,1
2KJ3,V267A,50,1,allatom,6.0,375,374,1,0
2KJ3,V267A,50,1,allatom,7.0,470,468,2,0
2KJ3,V267A,50,1,allatom,8.0,596,593,3,0
2KJ3,V267A,50,1,allatom,9.0,700,694,6,0
2KJ3,V267A,50,1,allatom,10.0,821,821,0,0
2MPC,A89T,85,1,ca,6.0,260,260,0,0
2MPC,A89T,85,1,ca,7.0,352,352,0,0
2MPC,A89T,85,1,ca,8.0,409,409,0,0
2MPC,A89T,85,1,ca,9.0,559,559,0,0
2MPC,A89T,85,1,ca,10.0,747,747,0,0
2MPC,A89T,85,1,cb,6.0,205,205,0,0
2MPC,A89T,85,1,cb,7.0,306,306,0,0
2MPC,A89T,85,1,cb,8.0,428,428,0,0
2MPC,A89T,85,1,cb,9.0,540,541,0,1
2MPC,A89T,85,1,cb,10.0,742,741,1,0
2MPC,A89T,85,1,centroid,6.0,130,129,2,1
2MPC,A89T,85,1,centroid,7.0,236,236,1,1
2MPC,A89T,85,1,centroid,8.0,333,335,1,3
2MPC,A89T,85,1,centroid,9.0,455,454,1,0
2MPC,A89T,85,1,centroid,10.0,615,617,0,2
2MPC,A89T,85,1,allatom,6.0,564,565,0,1
2MPC,A89T,85,1,allatom,7.0,751,751,1,1
2MPC,A89T,85,1,allatom,8.0,960,963,0,3
2MPC,A89T,85,1,allatom,9.0,1185,1188,0,3
2MPC,A89T,85,1,allatom,10.0,1410,1411,3,4
2MPC,R42A,38,1,ca,6.0,260,260,0,0
2MPC,R42A,38,1,ca,7.0,352,352,0,0
2MPC,R42A,38,1,ca,8.0,409,409,0,0
2MPC,R42A,38,1,ca,9.0,559,559,0,0
2MPC,R42A,38,1,ca,10.0,747,747,0,0
2MPC,R42A,38,1,cb,6.0,205,205,0,0
2MPC,R42A,38,1,cb,7.0,306,306,0,0
2MPC,R42A,38,1,cb,8.0,428,428,0,0
2MPC,R42A,38,1,cb,9.0,540,540,0,0
2MPC,R42A,38,1,cb,10.0,742,742,0,0
2MPC,R42A,38,1,centroid,6.0,130,131,1,2
2MPC,R42A,38,1,centroid,7.0,236,240,1,5
2MPC,R42A,38,1,centroid,8.0,333,339,1,7
2MPC,R42A,38,1,centroid,9.0,455,465,0,10
2MPC,R42A,38,1,centroid,10.0,615,619,1,5
2MPC,R42A,38,1,allatom,6.0,564,567,2,5
2MPC,R42A,38,1,allatom,7.0,751,749,4,2
2MPC,R42A,38,1,allatom,8.0,960,960,4,4
2MPC,R42A,38,1,allatom,9.0,1185,1184,4,3
2MPC,R42A,38,1,allatom,10.0,1410,1412,2,4
2MPC,R42W,38,1,ca,6.0,260,260,0,0
2MPC,R42W,38,1,ca,7.0,352,352,0,0
2MPC,R42W,38,1,ca,8.0,409,409,0,0
2MPC,R42W,38,1,ca,9.0,559,559,0,0
2MPC,R42W,38,1,ca,10.0,747,747,0,0
2MPC,R42W,38,1,cb,6.0,205,205,0,0
2MPC,R42W,38,1,cb,7.0,306,306,0,0
2MPC,R42W,38,1,cb,8.0,428,428,0,0
2MPC,R42W,38,1,cb,9.0,540,540,0,0
2MPC,R42W,38,1,cb,10.0,742,742,0,0
2MPC,R42W,38,1,centroid,6.0,130,133,2,5
2MPC,R42W,38,1,centroid,7.0,236,239,3,6
2MPC,R42W,38,1,centroid,8.0,333,338,3,8
2MPC,R42W,38,1,centroid,9.0,455,462,3,10
2MPC,R42W,38,1,centroid,10.0,615,617,5,7
2MPC,R42W,38,1,allatom,6.0,564,566,3,5
2MPC,R42W,38,1,allatom,7.0,751,749,5,3
2MPC,R42W,38,1,allatom,8.0,960,962,3,5
2MPC,R42W,38,1,allatom,9.0,1185,1184,4,3
2MPC,R42W,38,1,allatom,10.0,1410,1412,2,4
2N7Z,P88A,87,1,ca,6.0,275,275,0,0
2N7Z,P88A,87,1,ca,7.0,370,370,0,0
2N7Z,P88A,87,1,ca,8.0,429,429,0,0
2N7Z,P88A,87,1,ca,9.0,581,581,0,0
2N7Z,P88A,87,1,ca,10.0,761,761,0,0
2N7Z,P88A,87,1,cb,6.0,219,219,0,0
2N7Z,P88A,87,1,cb,7.0,324,324,0,0
2N7Z,P88A,87,1,cb,8.0,456,456,0,0
2N7Z,P88A,87,1,cb,9.0,575,575,0,0
2N7Z,P88A,87,1,cb,10.0,759,759,0,0
2N7Z,P88A,87,1,centroid,6.0,145,149,1,5
2N7Z,P88A,87,1,centroid,7.0,254,252,2,0
2N7Z,P88A,87,1,centroid,8.0,375,375,1,1
2N7Z,P88A,87,1,centroid,9.0,518,517,3,2
2N7Z,P88A,87,1,centroid,10.0,684,687,3,6
2N7Z,P88A,87,1,allatom,6.0,607,609,1,3
2N7Z,P88A,87,1,allatom,7.0,788,785,3,0
2N7Z,P88A,87,1,allatom,8.0,1019,1019,3,3
2N7Z,P88A,87,1,allatom,9.0,1264,1261,4,1
2N7Z,P88A,87,1,allatom,10.0,1518,1518,1,1
2OUO,A420D,71,0,ca,6.0,300,300,0,0
2OUO,A420D,71,0,ca,7.0,405,405,0,0
2OUO,A420D,71,0,ca,8.0,485,485,0,0
2OUO,A420D,71,0,ca,9.0,641,641,0,0
2OUO,A420D,71,0,ca,10.0,829,829,0,0
2OUO,A420D,71,0,cb,6.0,224,224,0,0
2OUO,A420D,71,0,cb,7.0,350,350,0,0
2OUO,A420D,71,0,cb,8.0,497,497,0,0
2OUO,A420D,71,0,cb,9.0,605,605,0,0
2OUO,A420D,71,0,cb,10.0,795,795,0,0
2OUO,A420D,71,0,centroid,6.0,174,170,7,3
2OUO,A420D,71,0,centroid,7.0,295,291,8,4
2OUO,A420D,71,0,centroid,8.0,417,408,12,3
2OUO,A420D,71,0,centroid,9.0,559,554,13,8
2OUO,A420D,71,0,centroid,10.0,747,743,16,12
2OUO,A420D,71,0,allatom,6.0,675,680,0,5
2OUO,A420D,71,0,allatom,7.0,900,905,3,8
2OUO,A420D,71,0,allatom,8.0,1137,1148,0,11
2OUO,A420D,71,0,allatom,9.0,1390,1405,1,16
2OUO,A420D,71,0,allatom,10.0,1647,1657,0,10
2PTL,A22G,21,1,ca,6.0,182,182,0,0
2PTL,A22G,21,1,ca,7.0,265,265,0,0
2PTL,A22G,21,1,ca,8.0,334,334,0,0
2PTL,A22G,21,1,ca,9.0,417,417,0,0
2PTL,A22G,21,1,ca,10.0,521,521,0,0
2PTL,A22G,21,1,cb,6.0,140,139,1,0
2PTL,A22G,21,1,cb,7.0,224,227,1,4
2PTL,A22G,21,1,cb,8.0,319,318,2,1
2PTL,A22G,21,1,cb,9.0,403,402,2,1
2PTL,A22G,21,1,cb,10.0,507,508,1,2
2PTL,A22G,21,1,centroid,6.0,99,100,1,2
2PTL,A22G,21,1,centroid,7.0,180,180,2,2
2PTL,A22G,21,1,centroid,8.0,267,269,0,2
2PTL,A22G,21,1,centroid,9.0,364,361,3,0
2PTL,A22G,21,1,centroid,10.0,471,471,3,3
2PTL,A22G,21,1,allatom,6.0,418,416,2,0
2PTL,A22G,21,1,allatom,7.0,522,517,5,0
2PTL,A22G,21,1,allatom,8.0,661,657,4,0
2PTL,A22G,21,1,allatom,9.0,780,775,5,0
2PTL,A22G,21,1,allatom,10.0,914,913,1,0
2PTL,A27P,26,1,ca,6.0,182,182,0,0
2PTL,A27P,26,1,ca,7.0,265,265,0,0
2PTL,A27P,26,1,ca,8.0,334,334,0,0
2PTL,A27P,26,1,ca,9.0,417,417,0,0
2PTL,A27P,26,1,ca,10.0,521,521,0,0
2PTL,A27P,26,1,cb,6.0,140,140,0,0
2PTL,A27P,26,1,cb,7.0,224,224,0,0
2PTL,A27P,26,1,cb,8.0,319,319,0,0
2PTL,A27P,26,1,cb,9.0,403,404,0,1
2PTL,A27P,26,1,cb,10.0,507,508,0,1
2PTL,A27P,26,1,centroid,6.0,99,100,0,1
2PTL,A27P,26,1,centroid,7.0,180,181,1,2
2PTL,A27P,26,1,centroid,8.0,267,267,2,2
2PTL,A27P,26,1,centroid,9.0,364,367,0,3
2PTL,A27P,26,1,centroid,10.0,471,469,2,0
2PTL,A27P,26,1,allatom,6.0,418,419,1,2
2PTL,A27P,26,1,allatom,7.0,522,523,1,2
2PTL,A27P,26,1,allatom,8.0,661,663,0,2
2PTL,A27P,26,1,allatom,9.0,780,783,0,3
2PTL,A27P,26,1,allatom,10.0,914,915,1,2
2PTL,A27V,26,1,ca,6.0,182,182,0,0
2PTL,A27V,26,1,ca,7.0,265,265,0,0
2PTL,A27V,26,1,ca,8.0,334,334,0,0
2PTL,A27V,26,1,ca,9.0,417,417,0,0
2PTL,A27V,26,1,ca,10.0,521,521,0,0
2PTL,A27V,26,1,cb,6.0,140,140,0,0
2PTL,A27V,26,1,cb,7.0,224,224,0,0
2PTL,A27V,26,1,cb,8.0,319,319,0,0
2PTL,A27V,26,1,cb,9.0,403,403,0,0
2PTL,A27V,26,1,cb,10.0,507,507,0,0
2PTL,A27V,26,1,centroid,6.0,99,99,1,1
2PTL,A27V,26,1,centroid,7.0,180,180,1,1
2PTL,A27V,26,1,centroid,8.0,267,264,3,0
2PTL,A27V,26,1,centroid,9.0,364,363,2,1
2PTL,A27V,26,1,centroid,10.0,471,468,3,0
2PTL,A27V,26,1,allatom,6.0,418,417,1,0
2PTL,A27V,26,1,allatom,7.0,522,522,0,0
2PTL,A27V,26,1,allatom,8.0,661,660,1,0
2PTL,A27V,26,1,allatom,9.0,780,777,3,0
2PTL,A27V,26,1,allatom,10.0,914,914,1,1
2PTL,A34G,33,1,ca,6.0,182,182,0,0
2PTL,A34G,33,1,ca,7.0,265,265,0,0
2PTL,A34G,33,1,ca,8.0,334,334,0,0
2PTL,A34G,33,1,ca,9.0,417,417,0,0
2PTL,A34G,33,1,ca,10.0,521,521,0,0
2PTL,A34G,33,1,cb,6.0,140,139,1,0
2PTL,A34G,33,1,cb,7.0,224,223,1,0
2PTL,A34G,33,1,cb,8.0,319,318,1,0
2PTL,A34G,33,1,cb,9.0,403,401,2,0
2PTL,A34G,33,1,cb,10.0,507,504,3,0
2PTL,A34G,33,1,centroid,6.0,99,98,1,0
2PTL,A34G,33,1,centroid,7.0,180,180,1,1
2PTL,A34G,33,1,centroid,8.0,267,264,3,0
2PTL,A34G,33,1,centroid,9.0,364,362,2,0
2PTL,A34G,33,1,centroid,10.0,471,470,2,1
2PTL,A34G,33,1,allatom,6.0,418,419,0,1
2PTL,A34G,33,1,allatom,7.0,522,520,2,0
2PTL,A34G,33,1,allatom,8.0,661,658,3,0
2PTL,A34G,33,1,allatom,9.0,780,778,2,0
2PTL,A34G,33,1,allatom,10.0,914,911,4,1
2PTL,A34V,33,1,ca,6.0,182,182,0,0
2PTL,A34V,33,1,ca,7.0,265,265,0,0
2PTL,A34V,33,1,ca,8.0,334,334,0,0
2PTL,A34V,33,1,ca,9.0,417,417,0,0
2PTL,A34V,33,1,ca,10.0,521,521,0,0
2PTL,A34V,33,1,cb,6.0,140,140,0,0
2PTL,A34V,33,1,cb,7.0,224,225,0,1
2PTL,A34V,33,1,cb,8.0,319,319,0,0
2PTL,A34V,33,1,cb,9.0,403,403,0,0
2PTL,A34V,33,1,cb,10.0,507,507,0,0
2PTL,A34V,33,1,centroid,6.0,99,93,6,0
2PTL,A34V,33,1,centroid,7.0,180,177,3,0
2PTL,A34V,33,1,centroid,8.0,267,266,2,1
2PTL,A34V,33,1,centroid,9.0,364,361,6,3
2PTL,A34V,33,1,centroid,10.0,471,462,10,1
2PTL,A34V,33,1,allatom,6.0,418,416,4,2
2PTL,A34V,33,1,allatom,7.0,522,518,7,3
2PTL,A34V,33,1,allatom,8.0,661,652,10,1
2PTL,A34V,33,1,allatom,9.0,780,781,4,5
2PTL,A34V,33,1,allatom,10.0,914,914,4,4
2PTL,A43G,42,1,ca,6.0,182,182,0,0
2PTL,A43G,42,1,ca,7.0,265,265,0,0
2PTL,A43G,42,1,ca,8.0,334,334,0,0
2PTL,A43G,42,1,ca,9.0,417,417,0,0
2PTL,A43G,42,1,ca,10.0,521,521,0,0
2PTL,A43G,42,1,cb,6.0,140,141,0,1
2PTL,A43G,42,1,cb,7.0,224,223,2,1
2PTL,A43G,42,1,cb,8.0,319,317,2,0
2PTL,A43G,42,1,cb,9.0,403,401,4,2
2PTL,A43G,42,1,cb,10.0,507,508,0,1
2PTL,A43G,42,1,centroid,6.0,99,94,6,1
2PTL,A43G,42,1,centroid,7.0,180,175,7,2
2PTL,A43G,42,1,centroid,8.0,267,264,4,1
2PTL,A43G,42,1,centroid,9.0,364,357,8,1
2PTL,A43G,42,1,centroid,10.0,471,459,14,2
2PTL,A43G,42,1,allatom,6.0,418,413,6,1
2PTL,A43G,42,1,allatom,7.0,522,513,9,0
2PTL,A43G,42,1,allatom,8.0,661,653,9,1
2PTL,A43G,42,1,allatom,9.0,780,778,4,2
2PTL,A43G,42,1,allatom,10.0,914,910,6,2
2PTL,A47G,46,1,ca,6.0,182,182,0,0
2PTL,A47G,46,1,ca,7.0,265,265,0,0
2PTL,A47G,46,1,ca,8.0,334,334,0,0
2PTL,A47G,46,1,ca,9.0,417,417,0,0
2PTL,A47G,46,1,ca,10.0,521,521,0,0
2PTL,A47G,46,1,cb,6.0,140,138,3,1
2PTL,A47G,46,1,cb,7.0,224,223,2,1
2PTL,A47G,46,1,cb,8.0,319,318,1,0
2PTL,A47G,46,1,cb,9.0,403,401,3,1
2PTL,A47G,46,1,cb,10.0,507,504,4,1
2PTL,A47G,46,1,centroid,6.0,99,94,8,3
2PTL,A47G,46,1,centroid,7.0,180,179,3,2
2PTL,A47G,46,1,centroid,8.0,267,266,2,1
2PTL,A47G,46,1,centroid,9.0,364,360,6,2
2PTL,A47G,46,1,centroid,10.0,471,458,15,2
2PTL,A47G,46,1,allatom,6.0,418,412,6,0
2PTL,A47G,46,1,allatom,7.0,522,514,8,0
2PTL,A47G,46,1,allatom,8.0,661,649,12,0
2PTL,A47G,46,1,allatom,9.0,780,775,5,0
2PTL,A47G,46,1,allatom,10.0,914,907,7,0
2PTL,A49G,48,1,ca,6.0,182,182,0,0
2PTL,A49G,48,1,ca,7.0,265,265,0,0
2PTL,A49G,48,1,ca,8.0,334,334,0,0
2PTL,A49G,48,1,ca,9.0,417,417,0,0
2PTL,A49G,48,1,ca,10.0,521,521,0,0
2PTL,A49G,48,1,cb,6.0,140,139,1,0
2PTL,A49G,48,1,cb,7.0,224,226,0,2
2PTL,A49G,48,1,cb,8.0,319,319,0,0
2PTL,A49G,48,1,cb,9.0,403,406,0,3
2PTL,A49G,48,1,cb,10.0,507,510,0,3
2PTL,A49G,48,1,centroid,6.0,99,99,0,0
2PTL,A49G,48,1,centroid,7.0,180,182,1,3
2PTL,A49G,48,1,centroid,8.0,267,267,0,0
2PTL,A49G,48,1,centroid,9.0,364,366,1,3
2PTL,A49G,48,1,centroid,10.0,471,473,0,2
2PTL,A49G,48,1,allatom,6.0,418,417,1,0
2PTL,A49G,48,1,allatom,7.0,522,522,0,0
2PTL,A49G,48,1,allatom,8.0,661,659,2,0
2PTL,A49G,48,1,allatom,9.0,780,780,0,0
2PTL,A49G,48,1,allatom,10.0,914,913,1,0
2PTL,A51G,50,1,ca,6.0,182,182,0,0
2PTL,A51G,50,1,ca,7.0,265,265,0,0
2PTL,A51G,50,1,ca,8.0,334,334,0,0
2PTL,A51G,50,1,ca,9.0,417,417,0,0
2PTL,A51G,50,1,ca,10.0,521,521,0,0
2PTL,A51G,50,1,cb,6.0,140,140,1,1
2PTL,A51G,50,1,cb,7.0,224,226,1,3
2PTL,A51G,50,1,cb,8.0,319,318,1,0
2PTL,A51G,50,1,cb,9.0,403,398,5,0
2PTL,A51G,50,1,cb,10.0,507,503,4,0
2PTL,A51G,50,1,centroid,6.0,99,102,0,3
2PTL,A51G,50,1,centroid,7.0,180,181,2,3
2PTL,A51G,50,1,centroid,8.0,267,265,2,0
2PTL,A51G,50,1,centroid,9.0,364,361,4,1
2PTL,A51G,50,1,centroid,10.0,471,469,2,0
2PTL,A51G,50,1,allatom,6.0,418,415,5,2
2PTL,A51G,50,1,allatom,7.0,522,518,5,1
2PTL,A51G,50,1,allatom,8.0,661,657,6,2
2PTL,A51G,50,1,allatom,9.0,780,776,4,0
2PTL,A51G,50,1,allatom,10.0,914,915,1,2
2PTL,A66G,65,1,ca,6.0,182,182,0,0
2PTL,A66G,65,1,ca,7.0,265,265,0,0
2PTL,A66G,65,1,ca,8.0,334,334,0,0
2PTL,A66G,65,1,ca,9.0,417,417,0,0
2PTL,A66G,65,1,ca,10.0,521,521,0,0
2PTL,A66G,65,1,cb,6.0,140,141,0,1
2PTL,A66G,65,1,cb,7.0,224,225,0,1
2PTL,A66G,65,1,cb,8.0,319,321,0,2
2PTL,A66G,65,1,cb,9.0,403,403,0,0
2PTL,A66G,65,1,cb,10.0,507,507,0,0
2PTL,A66G,65,1,centroid,6.0,99,101,0,2
2PTL,A66G,65,1,centroid,7.0,180,180,0,0
2PTL,A66G,65,1,centroid,8.0,267,265,2,0
2PTL,A66G,65,1,centroid,9.0,364,365,0,1
2PTL,A66G,65,1,centroid,10.0,471,474,0,3
2PTL,A66G,65,1,allatom,6.0,418,419,0,1
2PTL,A66G,65,1,allatom,7.0,522,522,0,0
2PTL,A66G,65,1,allatom,8.0,661,661,0,0
2PTL,A66G,65,1,allatom,9.0,780,780,0,0
2PTL,A66G,65,1,allatom,10.0,914,915,0,1
2PTL,D52A,51,1,ca,6.0,182,182,0,0
2PTL,D52A,51,1,ca,7.0,265,265,0,0
2PTL,D52A,51,1,ca,8.0,334,334,0,0
2PTL,D52A,51,1,ca,9.0,417,417,0,0
2PTL,D52A,51,1,ca,10.0,521,521,0,0
2PTL,D52A,51,1,cb,6.0,140,140,0,0
2PTL,D52A,51,1,cb,7.0,224,224,0,0
2PTL,D52A,51,1,cb,8.0,319,319,0,0
2PTL,D52A,51,1,cb,9.0,403,403,0,0
2PTL,D52A,51,1,cb,10.0,507,507,0,0
2PTL,D52A,51,1,centroid,6.0,99,101,1,3
2PTL,D52A,51,1,centroid,7.0,180,181,3,4
2PTL,D52A,51,1,centroid,8.0,267,267,4,4
2PTL,D52A,51,1,centroid,9.0,364,368,3,7
2PTL,D52A,51,1,centroid,10.0,471,475,1,5
2PTL,D52A,51,1,allatom,6.0,418,414,5,1
2PTL,D52A,51,1,allatom,7.0,522,521,3,2
2PTL,D52A,51,1,allatom,8.0,661,664,1,4
2PTL,D52A,51,1,allatom,9.0,780,780,0,0
2PTL,D52A,51,1,allatom,10.0,914,917,0,3
2PTL,D52G,51,1,ca,6.0,182,182,0,0
2PTL,D52G,51,1,ca,7.0,265,265,0,0
2PTL,D52G,51,1,ca,8.0,334,334,0,0
2PTL,D52G,51,1,ca,9.0,417,417,0,0
2PTL,D52G,51,1,ca,10.0,521,521,0,0
2PTL,D52G,51,1,cb,6.0,140,141,0,1
2PTL,D52G,51,1,cb,7.0,224,225,0,1
2PTL,D52G,51,1,cb,8.0,319,319,0,0
2PTL,D52G,51,1,cb,9.0,403,405,0,2
2PTL,D52G,51,1,cb,10.0,507,509,1,3
2PTL,D52G,51,1,centroid,6.0,99,101,1,3
2PTL,D52G,51,1,centroid,7.0,180,180,3,3
2PTL,D52G,51,1,centroid,8.0,267,271,3,7
2PTL,D52G,51,1,centroid,9.0,364,370,3,9
2PTL,D52G,51,1,centroid,10.0,471,476,1,6
2PTL,D52G,51,1,allatom,6.0,418,414,5,1
2PTL,D52G,51,1,allatom,7.0,522,521,3,2
2PTL,D52G,51,1,allatom,8.0,661,664,1,4
2PTL,D52G,51,1,allatom,9.0,780,780,0,0
2PTL,D52G,51,1,allatom,10.0,914,917,0,3
2PTL,D64A,63,1,ca,6.0,182,182,0,0
2PTL,D64A,63,1,ca,7.0,265,265,0,0
2PTL,D64A,63,1,ca,8.0,334,334,0,0
2PTL,D64A,63,1,ca,9.0,417,417,0,0
2PTL,D64A,63,1,ca,10.0,521,521,0,0
2PTL,D64A,63,1,cb,6.0,140,140,0,0
2PTL,D64A,63,1,cb,7.0,224,224,0,0
2PTL,D64A,63,1,cb,8.0,319,319,0,0
2PTL,D64A,63,1,cb,9.0,403,403,0,0
2PTL,D64A,63,1,cb,10.0,507,507,0,0
2PTL,D64A,63,1,centroid,6.0,99,102,1,4
2PTL,D64A,63,1,centroid,7.0,180,181,1,2
2PTL,D64A,63,1,centroid,8.0,267,269,1,3
2PTL,D64A,63,1,centroid,9.0,364,367,1,4
2PTL,D64A,63,1,centroid,10.0,471,470,2,1
2PTL,D64A,63,1,allatom,6.0,418,419,0,1
2PTL,D64A,63,1,allatom,7.0,522,520,2,0
2PTL,D64A,63,1,allatom,8.0,661,659,3,1
2PTL,D64A,63,1,allatom,9.0,780,778,2,0
2PTL,D64A,63,1,allatom,10.0,914,914,0,0
2PTL,E35A,34,1,ca,6.0,182,182,0,0
2PTL,E35A,34,1,ca,7.0,265,265,0,0
2PTL,E35A,34,1,ca,8.0,334,334,0,0
2PTL,E35A,34,1,ca,9.0,417,417,0,0
2PTL,E35A,34,1,ca,10.0,521,521,0,0
2PTL,E35A,34,1,cb,6.0,140,140,0,0
2PTL,E35A,34,1,cb,7.0,224,224,0,0
2PTL,E35A,34,1,cb,8.0,319,319,0,0
2PTL,E35A,34,1,cb,9.0,403,403,0,0
2PTL,E35A,34,1,cb,10.0,507,507,0,0
2PTL,E35A,34,1,centroid,6.0,99,99,1,1
2PTL,E35A,34,1,centroid,7.0,180,183,0,3
2PTL,E35A,34,1,centroid,8.0,267,269,1,3
2PTL,E35A,34,1,centroid,9.0,364,367,0,3
2PTL,E35A,34,1,centroid,10.0,471,476,0,5
2PTL,E35A,34,1,allatom,6.0,418,419,0,1
2PTL,E35A,34,1,allatom,7.0,522,522,0,0
2PTL,E35A,34,1,allatom,8.0,661,661,1,1
2PTL,E35A,34,1,allatom,9.0,780,780,0,0
2PTL,E35A,34,1,allatom,10.0,914,915,0,1
2PTL,E46G,45,1,ca,6.0,182,182,0,0
2PTL,E46G,45,1,ca,7.0,265,265,0,0
2PTL,E46G,45,1,ca,8.0,334,334,0,0
2PTL,E46G,45,1,ca,9.0,417,417,0,0
2PTL,E46G,45,1,ca,10.0,521,521,0,0
2PTL,E46G,45,1,cb,6.0,140,140,1,1
2PTL,E46G,45,1,cb,7.0,224,226,0,2
2PTL,E46G,45,1,cb,8.0,319,319,0,0
2PTL,E46G,45,1,cb,9.0,403,404,0,1
2PTL,E46G,45,1,cb,10.0,507,507,2,2
2PTL,E46G,45,1,centroid,6.0,99,95,7,3
2PTL,E46G,45,1,centroid,7.0,180,176,5,1
2PTL,E46G,45,1,centroid,8.0,267,265,4,2
2PTL,E46G,45,1,centroid,9.0,364,362,5,3
2PTL,E46G,45,1,centroid,10.0,471,462,15,6
2PTL,E46G,45,1,allatom,6.0,418,413,5,0
2PTL,E46G,45,1,allatom,7.0,522,512,10,0
2PTL,E46G,45,1,allatom,8.0,661,649,12,0
2PTL,E46G,45,1,allatom,9.0,780,773,7,0
2PTL,E46G,45,1,allatom,10.0,914,909,6,1
2PTL,E46I,45,1,ca,6.0,182,182,0,0
2PTL,E46I,45,1,ca,7.0,265,265,0,0
2PTL,E46I,45,1,ca,8.0,334,334,0,0
2PTL,E46I,45,1,ca,9.0,417,417,0,0
2PTL,E46I,45,1,ca,10.0,521,521,0,0
2PTL,E46I,45,1,cb,6.0,140,140,0,0
2PTL,E46I,45,1,cb,7.0,224,224,0,0
2PTL,E46I,45,1,cb,8.0,319,319,0,0
2PTL,E46I,45,1,cb,9.0,403,403,0,0
2PTL,E46I,45,1,cb,10.0,507,507,0,0
2PTL,E46I,45,1,centroid,6.0,99,98,1,0
2PTL,E46I,45,1,centroid,7.0,180,180,1,1
2PTL,E46I,45,1,centroid,8.0,267,265,2,0
2PTL,E46I,45,1,centroid,9.0,364,364,2,2
2PTL,E46I,45,1,centroid,10.0,471,469,4,2
2PTL,E46I,45,1,allatom,6.0,418,417,1,0
2PTL,E46I,45,1,allatom,7.0,522,522,1,1
2PTL,E46I,45,1,allatom,8.0,661,661,0,0
2PTL,E46I,45,1,allatom,9.0,780,781,0,1
2PTL,E46I,45,1,allatom,10.0,914,915,0,1
2PTL,E60A,59,1,ca,6.0,182,182,0,0
2PTL,E60A,59,1,ca,7.0,265,265,0,0
2PTL,E60A,59,1,ca,8.0,334,334,0,0
2PTL,E60A,59,1,ca,9.0,417,417,0,0
2PTL,E60A,59,1,ca,10.0,521,521,0,0
2PTL,E60A,59,1,cb,6.0,140,140,0,0
2PTL,E60A,59,1,cb,7.0,224,224,0,0
2PTL,E60A,59,1,cb,8.0,319,319,0,0
2PTL,E60A,59,1,cb,9.0,403,403,0,0
2PTL,E60A,59,1,cb,10.0,507,507,0,0
2PTL,E60A,59,1,centroid,6.0,99,100,1,2
2PTL,E60A,59,1,centroid,7.0,180,180,2,2
2PTL,E60A,59,1,centroid,8.0,267,271,1,5
2PTL,E60A,59,1,centroid,9.0,364,367,1,4
2PTL,E60A,59,1,centroid,10.0,471,475,0,4
2PTL,E60A,59,1,allatom,6.0,418,417,1,0
2PTL,E60A,59,1,allatom,7.0,522,520,2,0
2PTL,E60A,59,1,allatom,8.0,661,661,0,0
2PTL,E60A,59,1,allatom,9.0,780,780,0,0
2PTL,E60A,59,1,allatom,10.0,914,915,0,1
2PTL,F26A,25,1,ca,6.0,182,182,0,0
2PTL,F26A,25,1,ca,7.0,265,265,0,0
2PTL,F26A,25,1,ca,8.0,334,334,0,0
2PTL,F26A,25,1,ca,9.0,417,417,0,0
2PTL,F26A,25,1,ca,10.0,521,521,0,0
2PTL,F26A,25,1,cb,6.0,140,140,0,0
2PTL,F26A,25,1,cb,7.0,224,224,0,0
2PTL,F26A,25,1,cb,8.0,319,319,0,0
2PTL,F26A,25,1,cb,9.0,403,403,0,0
2PTL,F26A,25,1,cb,10.0,507,507,0,0
2PTL,F26A,25,1,centroid,6.0,99,97,5,3
2PTL,F26A,25,1,centroid,7.0,180,176,8,4
2PTL,F26A,25,1,centroid,8.0,267,266,4,3
2PTL,F26A,25,1,centroid,9.0,364,361,5,2
2PTL,F26A,25,1,centroid,10.0,471,462,9,0
2PTL,F26A,25,1,allatom,6.0,418,416,2,0
2PTL,F26A,25,1,allatom,7.0,522,519,7,4
2PTL,F26A,25,1,allatom,8.0,661,649,14,2
2PTL,F26A,25,1,allatom,9.0,780,773,8,1
2PTL,F26A,25,1,allatom,10.0,914,909,7,2
2PTL,F26L,25,1,ca,6.0,182,182,0,0
2PTL,F26L,25,1,ca,7.0,265,265,0,0
2PTL,F26L,25,1,ca,8.0,334,334,0,0
2PTL,F26L,25,1,ca,9.0,417,417,0,0
2PTL,F26L,25,1,ca,10.0,521,521,0,0
2PTL,F26L,25,1,cb,6.0,140,140,0,0
2PTL,F26L,25,1,cb,7.0,224,224,0,0
2PTL,F26L,25,1,cb,8.0,319,319,0,0
2PTL,F26L,25,1,cb,9.0,403,403,0,0
2PTL,F26L,25,1,cb,10.0,507,507,0,0
2PTL,F26L,25,1,centroid,6.0,99,96,4,1
2PTL,F26L,25,1,centroid,7.0,180,176,6,2
2PTL,F26L,25,1,centroid,8.0,267,268,1,2
2PTL,F26L,25,1,centroid,9.0,364,360,5,1
2PTL,F26L,25,1,centroid,10.0,471,465,6,0
2PTL,F26L,25,1,allatom,6.0,418,417,1,0
2PTL,F26L,25,1,allatom,7.0,522,520,5,3
2PTL,F26L,25,1,allatom,8.0,661,652,10,1
2PTL,F26L,25,1,allatom,9.0,780,778,3,1
2PTL,F26L,25,1,allatom,10.0,914,912,3,1
2PTL,F36A,35,1,ca,6.0,182,182,0,0
2PTL,F36A,35,1,ca,7.0,265,265,0,0
2PTL,F36A,35,1,ca,8.0,334,334,0,0
2PTL,F36A,35,1,ca,9.0,417,417,0,0
2PTL,F36A,35,1,ca,10.0,521,521,0,0
2PTL,F36A,35,1,cb,6.0,140,140,0,0
2PTL,F36A,35,1,cb,7.0,224,224,0,0
2PTL,F36A,35,1,cb,8.0,319,319,0,0
2PTL,F36A,35,1,cb,9.0,403,403,0,0
2PTL,F36A,35,1,cb,10.0,507,507,0,0
2PTL,F36A,35,1,centroid,6.0,99,93,7,1
2PTL,F36A,35,1,centroid,7.0,180,178,3,1
2PTL,F36A,35,1,centroid,8.0,267,269,0,2
2PTL,F36A,35,1,centroid,9.0,364,359,8,3
2PTL,F36A,35,1,centroid,10.0,471,464,9,2
2PTL,F36A,35,1,allatom,6.0,418,413,5,0
2PTL,F36A,35,1,allatom,7.0,522,511,11,0
2PTL,F36A,35,1,allatom,8.0,661,649,12,0
2PTL,F36A,35,1,allatom,9.0,780,773,8,1
2PTL,F36A,35,1,allatom,10.0,914,906,8,0
2PTL,F36L,35,1,ca,6.0,182,182,0,0
2PTL,F36L,35,1,ca,7.0,265,265,0,0
2PTL,F36L,35,1,ca,8.0,334,334,0,0
2PTL,F36L,35,1,ca,9.0,417,417,0,0
2PTL,F36L,35,1,ca,10.0,521,521,0,0
2PTL,F36L,35,1,cb,6.0,140,140,0,0
2PTL,F36L,35,1,cb,7.0,224,224,0,0
2PTL,F36L,35,1,cb,8.0,319,319,0,0
2PTL,F36L,35,1,cb,9.0,403,403,0,0
2PTL,F36L,35,1,cb,10.0,507,507,0,0
2PTL,F36L,35,1,centroid,6.0,99,95,4,0
2PTL,F36L,35,1,centroid,7.0,180,179,1,0
2PTL,F36L,35,1,centroid,8.0,267,268,0,1
2PTL,F36L,35,1,centroid,9.0,364,359,6,1
2PTL,F36L,35,1,centroid,10.0,471,465,6,0
2PTL,F36L,35,1,allatom,6.0,418,415,3,0
2PTL,F36L,35,1,allatom,7.0,522,515,7,0
2PTL,F36L,35,1,allatom,8.0,661,656,5,0
2PTL,F36L,35,1,allatom,9.0,780,777,4,1
2PTL,F36L,35,1,allatom,10.0,914,910,4,0
2PTL,F40G,39,1,ca,6.0,182,182,0,0
2PTL,F40G,39,1,ca,7.0,265,265,0,0
2PTL,F40G,39,1,ca,8.0,334,334,0,0
2PTL,F40G,39,1,ca,9.0,417,417,0,0
2PTL,F40G,39,1,ca,10.0,521,521,0,0
2PTL,F40G,39,1,cb,6.0,140,142,0,2
2PTL,F40G,39,1,cb,7.0,224,227,0,3
2PTL,F40G,39,1,cb,8.0,319,319,0,0
2PTL,F40G,39,1,cb,9.0,403,405,0,2
2PTL,F40G,39,1,cb,10.0,507,509,1,3
2PTL,F40G,39,1,centroid,6.0,99,101,4,6
2PTL,F40G,39,1,centroid,7.0,180,182,4,6
2PTL,F40G,39,1,centroid,8.0,267,262,9,4
2PTL,F40G,39,1,centroid,9.0,364,362,6,4
2PTL,F40G,39,1,centroid,10.0,471,465,12,6
2PTL,F40G,39,1,allatom,6.0,418,411,7,0
2PTL,F40G,39,1,allatom,7.0,522,515,7,0
2PTL,F40G,39,1,allatom,8.0,661,657,5,1
2PTL,F40G,39,1,allatom,9.0,780,776,4,0
2PTL,F40G,39,1,allatom,10.0,914,908,7,1
2PTL,F40L,39,1,ca,6.0,182,182,0,0
2PTL,F40L,39,1,ca,7.0,265,265,0,0
2PTL,F40L,39,1,ca,8.0,334,334,0,0
2PTL,F40L,39,1,ca,9.0,417,417,0,0
2PTL,F40L,39,1,ca,10.0,521,521,0,0
2PTL,F40L,39,1,cb,6.0,140,140,0,0
2PTL,F40L,39,1,cb,7.0,224,224,0,0
2PTL,F40L,39,1,cb,8.0,319,319,0,0
2PTL,F40L,39,1,cb,9.0,403,403,0,0
2PTL,F40L,39,1,cb,10.0,507,507,0,0
2PTL,F40L,39,1,centroid,6.0,99,97,4,2
2PTL,F40L,39,1,centroid,7.0,180,178,5,3
2PTL,F40L,39,1,centroid,8.0,267,263,5,1
2PTL,F40L,39,1,centroid,9.0,364,359,7,2
2PTL,F40L,39,1,centroid,10.0,471,465,10,4
2PTL,F40L,39,1,allatom,6.0,418,411,7,0
2PTL,F40L,39,1,allatom,7.0,522,513,9,0
2PTL,F40L,39,1,allatom,8.0,661,655,6,0
2PTL,F40L,39,1,allatom,9.0,780,774,6,0
2PTL,F40L,39,1,allatom,10.0,914,910,4,0
2PTL,F76L,75,1,ca,6.0,182,182,0,0
2PTL,F76L,75,1,ca,7.0,265,265,0,0
2PTL,F76L,75,1,ca,8.0,334,334,0,0
2PTL,F76L,75,1,ca,9.0,417,417,0,0
2PTL,F76L,75,1,ca,10.0,521,521,0,0
2PTL,F76L,75,1,cb,6.0,140,140,0,0
2PTL,F76L,75,1,cb,7.0,224,224,0,0
2PTL,F76L,75,1,cb,8.0,319,319,0,0
2PTL,F76L,75,1,cb,9.0,403,403,0,0
2PTL,F76L,75,1,cb,10.0,507,507,0,0
2PTL,F76L,75,1,centroid,6.0,99,96,4,1
2PTL,F76L,75,1,centroid,7.0,180,180,4,4
2PTL,F76L,75,1,centroid,8.0,267,268,1,2
2PTL,F76L,75,1,centroid,9.0,364,366,2,4
2PTL,F76L,75,1,centroid,10.0,471,466,6,1
2PTL,F76L,75,1,allatom,6.0,418,414,6,2
2PTL,F76L,75,1,allatom,7.0,522,521,3,2
2PTL,F76L,75,1,allatom,8.0,661,656,8,3
2PTL,F76L,75,1,allatom,9.0,780,774,6,0
2PTL,F76L,75,1,allatom,10.0,914,913,4,3
2PTL,F76V,75,1,ca,6.0,182,182,0,0
2PTL,F76V,75,1,ca,7.0,265,265,0,0
2PTL,F76V,75,1,ca,8.0,334,334,0,0
2PTL,F76V,75,1,ca,9.0,417,417,0,0
2PTL,F76V,75,1,ca,10.0,521,521,0,0
2PTL,F76V,75,1,cb,6.0,140,140,0,0
2PTL,F76V,75,1,cb,7.0,224,224,1,1
2PTL,F76V,75,1,cb,8.0,319,319,0,0
2PTL,F76V,75,1,cb,9.0,403,403,0,0
2PTL,F76V,75,1,cb,10.0,507,507,0,0
2PTL,F76V,75,1,centroid,6.0,99,95,6,2
2PTL,F76V,75,1,centroid,7.0,180,177,9,6
2PTL,F76V,75,1,centroid,8.0,267,268,2,3
2PTL,F76V,75,1,centroid,9.0,364,366,3,5
2PTL,F76V,75,1,centroid,10.0,471,464,8,1
2PTL,F76V,75,1,allatom,6.0,418,413,9,4
2PTL,F76V,75,1,allatom,7.0,522,520,5,3
2PTL,F76V,75,1,allatom,8.0,661,652,12,3
2PTL,F76V,75,1,allatom,9.0,780,773,8,1
2PTL,F76V,75,1,allatom,10.0,914,909,8,3
2PTL,G29A,28,1,ca,6.0,182,182,0,0
2PTL,G29A,28,1,ca,7.0,265,265,0,0
2PTL,G29A,28,1,ca,8.0,334,334,0,0
2PTL,G29A,28,1,ca,9.0,417,417,0,0
2PTL,G29A,28,1,ca,10.0,521,521,0,0
2PTL,G29A,28,1,cb,6.0,140,139,1,0
2PTL,G29A,28,1,cb,7.0,224,221,3,0
2PTL,G29A,28,1,cb,8.0,319,319,0,0
2PTL,G29A,28,1,cb,9.0,403,402,1,0
2PTL,G29A,28,1,cb,10.0,507,506,1,0
2PTL,G29A,28,1,centroid,6.0,99,99,0,0
2PTL,G29A,28,1,centroid,7.0,180,178,2,0
2PTL,G29A,28,1,centroid,8.0,267,266,1,0
2PTL,G29A,28,1,centroid,9.0,364,362,2,0
2PTL,G29A,28,1,centroid,10.0,471,470,1,0
2PTL,G29A,28,1,allatom,6.0,418,418,0,0
2PTL,G29A,28,1,allatom,7.0,522,522,0,0
2PTL,G29A,28,1,allatom,8.0,661,661,0,0
2PTL,G29A,28,1,allatom,9.0,780,780,0,0
2PTL,G29A,28,1,allatom,10.0,914,914,0,0
2PTL,G29V,28,1,ca,6.0,182,182,0,0
2PTL,G29V,28,1,ca,7.0,265,265,0,0
2PTL,G29V,28,1,ca,8.0,334,334,0,0
2PTL,G29V,28,1,ca,9.0,417,417,0,0
2PTL,G29V,28,1,ca,10.0,521,521,0,0
2PTL,G29V,28,1,cb,6.0,140,139,1,0
2PTL,G29V,28,1,cb,7.0,224,221,3,0
2PTL,G29V,28,1,cb,8.0,319,319,0,0
2PTL,G29V,28,1,cb,9.0,403,402,1,0
2PTL,G29V,28,1,cb,10.0,507,506,1,0
2PTL,G29V,28,1,centroid,6.0,99,99,0,0
2PTL,G29V,28,1,centroid,7.0,180,178,2,0
2PTL,G29V,28,1,centroid,8.0,267,265,2,0
2PTL,G29V,28,1,centroid,9.0,364,362,2,0
2PTL,G29V,28,1,centroid,10.0,471,470,1,0
2PTL,G29V,28,1,allatom,6.0,418,418,0,0
2PTL,G29V,28,1,allatom,7.0,522,522,0,0
2PTL,G29V,28,1,allatom,8.0,661,661,0,0
2PTL,G29V,28,1,allatom,9.0,780,780,0,0
2PTL,G29V,28,1,allatom,10.0,914,914,0,0
2PTL,G38A,37,1,ca,6.0,182,182,0,0
2PTL,G38A,37,1,ca,7.0,265,265,0,0
2PTL,G38A,37,1,ca,8.0,334,334,0,0
2PTL,G38A,37,1,ca,9.0,417,417,0,0
2PTL,G38A,37,1,ca,10.0,521,521,0,0
2PTL,G38A,37,1,cb,6.0,140,139,2,1
2PTL,G38A,37,1,cb,7.0,224,225,1,2
2PTL,G38A,37,1,cb,8.0,319,317,2,0
2PTL,G38A,37,1,cb,9.0,403,404,0,1
2PTL,G38A,37,1,cb,10.0,507,507,0,0
2PTL,G38A,37,1,centroid,6.0,99,100,1,2
2PTL,G38A,37,1,centroid,7.0,180,178,3,1
2PTL,G38A,37,1,centroid,8.0,267,266,3,2
2PTL,G38A,37,1,centroid,9.0,364,365,2,3
2PTL,G38A,37,1,centroid,10.0,471,469,2,0
2PTL,G38A,37,1,allatom,6.0,418,417,1,0
2PTL,G38A,37,1,allatom,7.0,522,522,1,1
2PTL,G38A,37,1,allatom,8.0,661,661,0,0
2PTL,G38A,37,1,allatom,9.0,780,781,0,1
2PTL,G38A,37,1,allatom,10.0,914,913,2,1
2PTL,G59A,58,1,ca,6.0,182,182,0,0
2PTL,G59A,58,1,ca,7.0,265,265,0,0
2PTL,G59A,58,1,ca,8.0,334,334,0,0
2PTL,G59A,58,1,ca,9.0,417,417,0,0
2PTL,G59A,58,1,ca,10.0,521,521,0,0
2PTL,G59A,58,1,cb,6.0,140,140,0,0
2PTL,G59A,58,1,cb,7.0,224,223,1,0
2PTL,G59A,58,1,cb,8.0,319,318,1,0
2PTL,G59A,58,1,cb,9.0,403,403,1,1
2PTL,G59A,58,1,cb,10.0,507,507,0,0
2PTL,G59A,58,1,centroid,6.0,99,97,2,0
2PTL,G59A,58,1,centroid,7.0,180,178,2,0
2PTL,G59A,58,1,centroid,8.0,267,265,2,0
2PTL,G59A,58,1,centroid,9.0,364,364,1,1
2PTL,G59A,58,1,centroid,10.0,471,470,1,0
2PTL,G59A,58,1,allatom,6.0,418,418,0,0
2PTL,G59A,58,1,allatom,7.0,522,522,0,0
2PTL,G59A,58,1,allatom,8.0,661,661,0,0
2PTL,G59A,58,1,allatom,9.0,780,781,0,1
2PTL,G59A,58,1,allatom,10.0,914,914,0,0
2PTL,G69A,68,1,ca,6.0,182,182,0,0
2PTL,G69A,68,1,ca,7.0,265,265,0,0
2PTL,G69A,68,1,ca,8.0,334,334,0,0
2PTL,G69A,68,1,ca,9.0,417,417,0,0
2PTL,G69A,68,1,ca,10.0,521,521,0,0
2PTL,G69A,68,1,cb,6.0,140,139,1,0
2PTL,G69A,68,1,cb,7.0,224,221,3,0
2PTL,G69A,68,1,cb,8.0,319,317,2,0
2PTL,G69A,68,1,cb,9.0,403,402,1,0
2PTL,G69A,68,1,cb,10.0,507,506,2,1
2PTL,G69A,68,1,centroid,6.0,99,98,2,1
2PTL,G69A,68,1,centroid,7.0,180,175,5,0
2PTL,G69A,68,1,centroid,8.0,267,262,5,0
2PTL,G69A,68,1,centroid,9.0,364,362,2,0
2PTL,G69A,68,1,centroid,10.0,471,467,4,0
2PTL,G69A,68,1,allatom,6.0,418,417,1,0
2PTL,G69A,68,1,allatom,7.0,522,521,1,0
2PTL,G69A,68,1,allatom,8.0,661,659,2,0
2PTL,G69A,68,1,allatom,9.0,780,776,4,0
2PTL,G69A,68,1,allatom,10.0,914,913,1,0
2PTL,I20A,19,1,ca,6.0,182,182,0,0
2PTL,I20A,19,1,ca,7.0,265,265,0,0
2PTL,I20A,19,1,ca,8.0,334,334,0,0
2PTL,I20A,19,1,ca,9.0,417,417,0,0
2PTL,I20A,19,1,ca,10.0,521,521,0,0
2PTL,I20A,19,1,cb,6.0,140,140,0,0
2PTL,I20A,19,1,cb,7.0,224,224,0,0
2PTL,I20A,19,1,cb,8.0,319,319,0,0
2PTL,I20A,19,1,cb,9.0,403,403,0,0
2PTL,I20A,19,1,cb,10.0,507,507,0,0
2PTL,I20A,19,1,centroid,6.0,99,92,7,0
2PTL,I20A,19,1,centroid,7.0,180,178,4,2
2PTL,I20A,19,1,centroid,8.0,267,267,2,2
2PTL,I20A,19,1,centroid,9.0,364,362,6,4
2PTL,I20A,19,1,centroid,10.0,471,461,10,0
2PTL,I20A,19,1,allatom,6.0,418,409,9,0
2PTL,I20A,19,1,allatom,7.0,522,512,10,0
2PTL,I20A,19,1,allatom,8.0,661,650,11,0
2PTL,I20A,19,1,allatom,9.0,780,773,7,0
2PTL,I20A,19,1,allatom,10.0,914,907,7,0
2PTL,I20V,19,1,ca,6.0,182,182,0,0
2PTL,I20V,19,1,ca,7.0,265,265,0,0
2PTL,I20V,19,1,ca,8.0,334,334,0,0
2PTL,I20V,19,1,ca,9.0,417,417,0,0
2PTL,I20V,19,1,ca,10.0,521,521,0,0
2PTL,I20V,19,1,cb,6.0,140,140,0,0
2PTL,I20V,19,1,cb,7.0,224,224,0,0
2PTL,I20V,19,1,cb,8.0,319,320,0,1
2PTL,I20V,19,1,cb,9.0,403,403,0,0
2PTL,I20V,19,1,cb,10.0,507,506,1,0
2PTL,I20V,19,1,centroid,6.0,99,93,6,0
2PTL,I20V,19,1,centroid,7.0,180,177,4,1
2PTL,I20V,19,1,centroid,8.0,267,267,2,2
2PTL,I20V,19,1,centroid,9.0,364,362,5,3
2PTL,I20V,19,1,centroid,10.0,471,460,11,0
2PTL,I20V,19,1,allatom,6.0,418,411,7,0
2PTL,I20V,19,1,allatom,7.0,522,514,8,0
2PTL,I20V,19,1,allatom,8.0,661,652,9,0
2PTL,I20V,19,1,allatom,9.0,780,776,5,1
2PTL,I20V,19,1,allatom,10.0,914,910,4,0
2PTL,I25A,24,1,ca,6.0,182,182,0,0
2PTL,I25A,24,1,ca,7.0,265,265,0,0
2PTL,I25A,24,1,ca,8.0,334,334,0,0
2PTL,I25A,24,1,ca,9.0,417,417,0,0
2PTL,I25A,24,1,ca,10.0,521,521,0,0
2PTL,I25A,24,1,cb,6.0,140,140,0,0
2PTL,I25A,24,1,cb,7.0,224,224,0,0
2PTL,I25A,24,1,cb,8.0,319,319,0,0
2PTL,I25A,24,1,cb,9.0,403,403,0,0
2PTL,I25A,24,1,cb,10.0,507,507,0,0
2PTL,I25A,24,1,centroid,6.0,99,99,2,2
2PTL,I25A,24,1,centroid,7.0,180,181,3,4
2PTL,I25A,24,1,centroid,8.0,267,267,3,3
2PTL,I25A,24,1,centroid,9.0,364,365,3,4
2PTL,I25A,24,1,centroid,10.0,471,471,3,3
2PTL,I25A,24,1,allatom,6.0,418,418,2,2
2PTL,I25A,24,1,allatom,7.0,522,521,2,1
2PTL,I25A,24,1,allatom,8.0,661,658,4,1
2PTL,I25A,24,1,allatom,9.0,780,776,5,1
2PTL,I25A,24,1,allatom,10.0,914,911,3,0
2PTL,I25V,24,1,ca,6.0,182,182,0,0
2PTL,I25V,24,1,ca,7.0,265,265,0,0
2PTL,I25V,24,1,ca,8.0,334,334,0,0
2PTL,I25V,24,1,ca,9.0,417,417,0,0
2PTL,I25V,24,1,ca,10.0,521,521,0,0
2PTL,I25V,24,1,cb,6.0,140,140,0,0
2PTL,I25V,24,1,cb,7.0,224,224,0,0
2PTL,I25V,24,1,cb,8.0,319,319,0,0
2PTL,I25V,24,1,cb,9.0,403,403,0,0
2PTL,I25V,24,1,cb,10.0,507,507,0,0
2PTL,I25V,24,1,centroid,6.0,99,99,2,2
2PTL,I25V,24,1,centroid,7.0,180,181,2,3
2PTL,I25V,24,1,centroid,8.0,267,265,3,1
2PTL,I25V,24,1,centroid,9.0,364,364,3,3
2PTL,I25V,24,1,centroid,10.0,471,468,3,0
2PTL,I25V,24,1,allatom,6.0,418,418,1,1
2PTL,I25V,24,1,allatom,7.0,522,520,2,0
2PTL,I25V,24,1,allatom,8.0,661,658,4,1
2PTL,I25V,24,1,allatom,9.0,780,775,5,0
2PTL,I25V,24,1,allatom,10.0,914,912,2,0
2PTL,I74A,73,1,ca,6.0,182,182,0,0
2PTL,I74A,73,1,ca,7.0,265,265,0,0
2PTL,I74A,73,1,ca,8.0,334,334,0,0
2PTL,I74A,73,1,ca,9.0,417,417,0,0
2PTL,I74A,73,1,ca,10.0,521,521,0,0
2PTL,I74A,73,1,cb,6.0,140,140,0,0
2PTL,I74A,73,1,cb,7.0,224,224,0,0
2PTL,I74A,73,1,cb,8.0,319,319,0,0
2PTL,I74A,73,1,cb,9.0,403,403,0,0
2PTL,I74A,73,1,cb,10.0,507,507,0,0
2PTL,I74A,73,1,centroid,6.0,99,99,1,1
2PTL,I74A,73,1,centroid,7.0,180,181,2,3
2PTL,I74A,73,1,centroid,8.0,267,268,2,3
2PTL,I74A,73,1,centroid,9.0,364,364,2,2
2PTL,I74A,73,1,centroid,10.0,471,468,4,1
2PTL,I74A,73,1,allatom,6.0,418,413,6,1
2PTL,I74A,73,1,allatom,7.0,522,514,9,1
2PTL,I74A,73,1,allatom,8.0,661,654,9,2
2PTL,I74A,73,1,allatom,9.0,780,771,9,0
2PTL,I74A,73,1,allatom,10.0,914,908,8,2
2PTL,I74V,73,1,ca,6.0,182,182,0,0
2PTL,I74V,73,1,ca,7.0,265,265,0,0
2PTL,I74V,73,1,ca,8.0,334,334,0,0
2PTL,I74V,73,1,ca,9.0,417,417,0,0
2PTL,I74V,73,1,ca,10.0,521,521,0,0
2PTL,I74V,73,1,cb,6.0,140,141,0,1
2PTL,I74V,73,1,cb,7.0,224,224,0,0
2PTL,I74V,73,1,cb,8.0,319,319,0,0
2PTL,I74V,73,1,cb,9.0,403,403,0,0
2PTL,I74V,73,1,cb,10.0,507,507,0,0
2PTL,I74V,73,1,centroid,6.0,99,99,1,1
2PTL,I74V,73,1,centroid,7.0,180,182,1,3
2PTL,I74V,73,1,centroid,8.0,267,267,1,1
2PTL,I74V,73,1,centroid,9.0,364,363,4,3
2PTL,I74V,73,1,centroid,10.0,471,470,3,2
2PTL,I74V,73,1,allatom,6.0,418,415,4,1
2PTL,I74V,73,1,allatom,7.0,522,519,6,3
2PTL,I74V,73,1,allatom,8.0,661,661,3,3
2PTL,I74V,73,1,allatom,9.0,780,775,5,0
2PTL,I74V,73,1,allatom,10.0,914,915,1,2
2PTL,K21A,20,1,ca,6.0,182,182,0,0
2PTL,K21A,20,1,ca,7.0,265,265,0,0
2PTL,K21A,20,1,ca,8.0,334,334,0,0
2PTL,K21A,20,1,ca,9.0,417,417,0,0
2PTL,K21A,20,1,ca,10.0,521,521,0,0
2PTL,K21A,20,1,cb,6.0,140,140,0,0
2PTL,K21A,20,1,cb,7.0,224,224,0,0
2PTL,K21A,20,1,cb,8.0,319,319,0,0
2PTL,K21A,20,1,cb,9.0,403,403,0,0
2PTL,K21A,20,1,cb,10.0,507,507,0,0
2PTL,K21A,20,1,centroid,6.0,99,99,2,2
2PTL,K21A,20,1,centroid,7.0,180,183,0,3
2PTL,K21A,20,1,centroid,8.0,267,269,2,4
2PTL,K21A,20,1,centroid,9.0,364,367,0,3
2PTL,K21A,20,1,centroid,10.0,471,476,0,5
2PTL,K21A,20,1,allatom,6.0,418,419,0,1
2PTL,K21A,20,1,allatom,7.0,522,522,0,0
2PTL,K21A,20,1,allatom,8.0,661,662,0,1
2PTL,K21A,20,1,allatom,9.0,780,780,0,0
2PTL,K21A,20,1,allatom,10.0,914,914,1,1
2PTL,K37A,36,1,ca,6.0,182,182,0,0
2PTL,K37A,36,1,ca,7.0,265,265,0,0
2PTL,K37A,36,1,ca,8.0,334,334,0,0
2PTL,K37A,36,1,ca,9.0,417,417,0,0
2PTL,K37A,36,1,ca,10.0,521,521,0,0
2PTL,K37A,36,1,cb,6.0,140,140,0,0
2PTL,K37A,36,1,cb,7.0,224,224,0,0
2PTL,K37A,36,1,cb,8.0,319,319,0,0
2PTL,K37A,36,1,cb,9.0,403,403,0,0
2PTL,K37A,36,1,cb,10.0,507,507,0,0
2PTL,K37A,36,1,centroid,6.0,99,99,1,1
2PTL,K37A,36,1,centroid,7.0,180,179,2,1
2PTL,K37A,36,1,centroid,8.0,267,268,4,5
2PTL,K37A,36,1,centroid,9.0,364,367,1,4
2PTL,K37A,36,1,centroid,10.0,471,472,2,3
2PTL,K37A,36,1,allatom,6.0,418,417,2,1
2PTL,K37A,36,1,allatom,7.0,522,520,2,0
2PTL,K37A,36,1,allatom,8.0,661,662,0,1
2PTL,K37A,36,1,allatom,9.0,780,778,3,1
2PTL,K37A,36,1,allatom,10.0,914,912,3,1
2PTL,K42G,41,1,ca,6.0,182,182,0,0
2PTL,K42G,41,1,ca,7.0,265,265,0,0
2PTL,K42G,41,1,ca,8.0,334,334,0,0
2PTL,K42G,41,1,ca,9.0,417,417,0,0
2PTL,K42G,41,1,ca,10.0,521,521,0,0
2PTL,K42G,41,1,cb,6.0,140,142,0,2
2PTL,K42G,41,1,cb,7.0,224,226,0,2
2PTL,K42G,41,1,cb,8.0,319,319,1,1
2PTL,K42G,41,1,cb,9.0,403,405,0,2
2PTL,K42G,41,1,cb,10.0,507,506,1,0
2PTL,K42G,41,1,centroid,6.0,99,101,0,2
2PTL,K42G,41,1,centroid,7.0,180,181,1,2
2PTL,K42G,41,1,centroid,8.0,267,269,1,3
2PTL,K42G,41,1,centroid,9.0,364,369,0,5
2PTL,K42G,41,1,centroid,10.0,471,477,0,6
2PTL,K42G,41,1,allatom,6.0,418,418,0,0
2PTL,K42G,41,1,allatom,7.0,522,522,1,1
2PTL,K42G,41,1,allatom,8.0,661,661,0,0
2PTL,K42G,41,1,allatom,9.0,780,780,1,1
2PTL,K42G,41,1,allatom,10.0,914,915,0,1
2PTL,K55A,54,1,ca,6.0,182,182,0,0
2PTL,K55A,54,1,ca,7.0,265,265,0,0
2PTL,K55A,54,1,ca,8.0,334,334,0,0
2PTL,K55A,54,1,ca,9.0,417,417,0,0
2PTL,K55A,54,1,ca,10.0,521,521,0,0
2PTL,K55A,54,1,cb,6.0,140,140,0,0
2PTL,K55A,54,1,cb,7.0,224,224,0,0
2PTL,K55A,54,1,cb,8.0,319,319,0,0
2PTL,K55A,54,1,cb,9.0,403,403,0,0
2PTL,K55A,54,1,cb,10.0,507,507,0,0
2PTL,K55A,54,1,centroid,6.0,99,98,2,1
2PTL,K55A,54,1,centroid,7.0,180,179,3,2
2PTL,K55A,54,1,centroid,8.0,267,271,2,6
2PTL,K55A,54,1,centroid,9.0,364,364,4,4
2PTL,K55A,54,1,centroid,10.0,471,473,1,3
2PTL,K55A,54,1,allatom,6.0,418,413,6,1
2PTL,K55A,54,1,allatom,7.0,522,520,3,1
2PTL,K55A,54,1,allatom,8.0,661,662,1,2
2PTL,K55A,54,1,allatom,9.0,780,780,0,0
2PTL,K55A,54,1,allatom,10.0,914,916,0,2
2PTL,K56A,55,1,ca,6.0,182,182,0,0
2PTL,K56A,55,1,ca,7.0,265,265,0,0
2PTL,K56A,55,1,ca,8.0,334,334,0,0
2PTL,K56A,55,1,ca,9.0,417,417,0,0
2PTL,K56A,55,1,ca,10.0,521,521,0,0
2PTL,K56A,55,1,cb,6.0,140,140,0,0
2PTL,K56A,55,1,cb,7.0,224,224,0,0
2PTL,K56A,55,1,cb,8.0,319,319,0,0
2PTL,K56A,55,1,cb,9.0,403,403,0,0
2PTL,K56A,55,1,cb,10.0,507,507,0,0
2PTL,K56A,55,1,centroid,6.0,99,99,2,2
2PTL,K56A,55,1,centroid,7.0,180,180,4,4
2PTL,K56A,55,1,centroid,8.0,267,271,1,5
2PTL,K56A,55,1,centroid,9.0,364,365,3,4
2PTL,K56A,55,1,centroid,10.0,471,473,3,5
2PTL,K56A,55,1,allatom,6.0,418,418,0,0
2PTL,K56A,55,1,allatom,7.0,522,521,2,1
2PTL,K56A,55,1,allatom,8.0,661,659,3,1
2PTL,K56A,55,1,allatom,9.0,780,783,1,4
2PTL,K56A,55,1,allatom,10.0,914,913,2,1
2PTL,K68A,67,1,ca,6.0,182,182,0,0
2PTL,K68A,67,1,ca,7.0,265,265,0,0
2PTL,K68A,67,1,ca,8.0,334,334,0,0
2PTL,K68A,67,1,ca,9.0,417,417,0,0
2PTL,K68A,67,1,ca,10.0,521,521,0,0
2PTL,K68A,67,1,cb,6.0,140,140,0,0
2PTL,K68A,67,1,cb,7.0,224,224,0,0
2PTL,K68A,67,1,cb,8.0,319,319,0,0
2PTL,K68A,67,1,cb,9.0,403,403,0,0
2PTL,K68A,67,1,cb,10.0,507,507,0,0
2PTL,K68A,67,1,centroid,6.0,99,99,0,0
2PTL,K68A,67,1,centroid,7.0,180,178,2,0
2PTL,K68A,67,1,centroid,8.0,267,266,1,0
2PTL,K68A,67,1,centroid,9.0,364,366,1,3
2PTL,K68A,67,1,centroid,10.0,471,471,1,1
2PTL,K68A,67,1,allatom,6.0,418,417,1,0
2PTL,K68A,67,1,allatom,7.0,522,521,1,0
2PTL,K68A,67,1,allatom,8.0,661,659,2,0
2PTL,K68A,67,1,allatom,9.0,780,777,3,0
2PTL,K68A,67,1,allatom,10.0,914,912,2,0
2PTL,K75A,74,1,ca,6.0,182,182,0,0
2PTL,K75A,74,1,ca,7.0,265,265,0,0
2PTL,K75A,74,1,ca,8.0,334,334,0,0
2PTL,K75A,74,1,ca,9.0,417,417,0,0
2PTL,K75A,74,1,ca,10.0,521,521,0,0
2PTL,K75A,74,1,cb,6.0,140,140,0,0
2PTL,K75A,74,1,cb,7.0,224,224,0,0
2PTL,K75A,74,1,cb,8.0,319,319,0,0
2PTL,K75A,74,1,cb,9.0,403,403,0,0
2PTL,K75A,74,1,cb,10.0,507,507,0,0
2PTL,K75A,74,1,centroid,6.0,99,99,1,1
2PTL,K75A,74,1,centroid,7.0,180,182,1,3
2PTL,K75A,74,1,centroid,8.0,267,268,1,2
2PTL,K75A,74,1,centroid,9.0,364,365,2,3
2PTL,K75A,74,1,centroid,10.0,471,474,0,3
2PTL,K75A,74,1,allatom,6.0,418,417,1,0
2PTL,K75A,74,1,allatom,7.0,522,522,0,0
2PTL,K75A,74,1,allatom,8.0,661,659,2,0
2PTL,K75A,74,1,allatom,9.0,780,777,3,0
2PTL,K75A,74,1,allatom,10.0,914,913,1,0
2PTL,L24A,23,1,ca,6.0,182,182,0,0
2PTL,L24A,23,1,ca,7.0,265,265,0,0
2PTL,L24A,23,1,ca,8.0,334,334,0,0
2PTL,L24A,23,1,ca,9.0,417,417,0,0
2PTL,L24A,23,1,ca,10.0,521,521,0,0
2PTL,L24A,23,1,cb,6.0,140,140,0,0
2PTL,L24A,23,1,cb,7.0,224,224,0,0
2PTL,L24A,23,1,cb,8.0,319,319,0,0
2PTL,L24A,23,1,cb,9.0,403,403,0,0
2PTL,L24A,23,1,cb,10.0,507,507,0,0
2PTL,L24A,23,1,centroid,6.0,99,98,4,3
2PTL,L24A,23,1,centroid,7.0,180,179,3,2
2PTL,L24A,23,1,centroid,8.0,267,267,1,1
2PTL,L24A,23,1,centroid,9.0,364,366,2,4
2PTL,L24A,23,1,centroid,10.0,471,472,3,4
2PTL,L24A,23,1,allatom,6.0,418,418,1,1
2PTL,L24A,23,1,allatom,7.0,522,517,6,1
2PTL,L24A,23,1,allatom,8.0,661,653,9,1
2PTL,L24A,23,1,allatom,9.0,780,774,7,1
2PTL,L24A,23,1,allatom,10.0,914,912,3,1
2PTL,L54A,53,1,ca,6.0,182,182,0,0
2PTL,L54A,53,1,ca,7.0,265,265,0,0
2PTL,L54A,53,1,ca,8.0,334,334,0,0
2PTL,L54A,53,1,ca,9.0,417,417,0,0
2PTL,L54A,53,1,ca,10.0,521,521,0,0
2PTL,L54A,53,1,cb,6.0,140,140,0,0
2PTL,L54A,53,1,cb,7.0,224,224,0,0
2PTL,L54A,53,1,cb,8.0,319,319,0,0
2PTL,L54A,53,1,cb,9.0,403,403,0,0
2PTL,L54A,53,1,cb,10.0,507,507,0,0
2PTL,L54A,53,1,centroid,6.0,99,100,1,2
2PTL,L54A,53,1,centroid,7.0,180,178,2,0
2PTL,L54A,53,1,centroid,8.0,267,268,2,3
2PTL,L54A,53,1,centroid,9.0,364,364,2,2
2PTL,L54A,53,1,centroid,10.0,471,471,2,2
2PTL,L54A,53,1,allatom,6.0,418,418,1,1
2PTL,L54A,53,1,allatom,7.0,522,522,3,3
2PTL,L54A,53,1,allatom,8.0,661,655,6,0
2PTL,L54A,53,1,allatom,9.0,780,776,5,1
2PTL,L54A,53,1,allatom,10.0,914,909,5,0
2PTL,L72A,71,1,ca,6.0,182,182,0,0
2PTL,L72A,71,1,ca,7.0,265,265,0,0
2PTL,L72A,71,1,ca,8.0,334,334,0,0
2PTL,L72A,71,1,ca,9.0,417,417,0,0
2PTL,L72A,71,1,ca,10.0,521,521,0,0
2PTL,L72A,71,1,cb,6.0,140,140,0,0
2PTL,L72A,71,1,cb,7.0,224,224,0,0
2PTL,L72A,71,1,cb,8.0,319,319,0,0
2PTL,L72A,71,1,cb,9.0,403,403,0,0
2PTL,L72A,71,1,cb,10.0,507,507,0,0
2PTL,L72A,71,1,centroid,6.0,99,100,1,2
2PTL,L72A,71,1,centroid,7.0,180,182,1,3
2PTL,L72A,71,1,centroid,8.0,267,268,1,2
2PTL,L72A,71,1,centroid,9.0,364,361,3,0
2PTL,L72A,71,1,centroid,10.0,471,471,2,2
2PTL,L72A,71,1,allatom,6.0,418,414,5,1
2PTL,L72A,71,1,allatom,7.0,522,518,4,0
2PTL,L72A,71,1,allatom,8.0,661,652,10,1
2PTL,L72A,71,1,allatom,9.0,780,774,7,1
2PTL,L72A,71,1,allatom,10.0,914,909,6,1
2PTL,N23A,22,1,ca,6.0,182,182,0,0
2PTL,N23A,22,1,ca,7.0,265,265,0,0
2PTL,N23A,22,1,ca,8.0,334,334,0,0
2PTL,N23A,22,1,ca,9.0,417,417,0,0
2PTL,N23A,22,1,ca,10.0,521,521,0,0
2PTL,N23A,22,1,cb,6.0,140,140,0,0
2PTL,N23A,22,1,cb,7.0,224,224,0,0
2PTL,N23A,22,1,cb,8.0,319,319,0,0
2PTL,N23A,22,1,cb,9.0,403,403,0,0
2PTL,N23A,22,1,cb,10.0,507,507,0,0
2PTL,N23A,22,1,centroid,6.0,99,99,4,4
2PTL,N23A,22,1,centroid,7.0,180,181,1,2
2PTL,N23A,22,1,centroid,8.0,267,267,1,1
2PTL,N23A,22,1,centroid,9.0,364,370,2,8
2PTL,N23A,22,1,centroid,10.0,471,473,2,4
2PTL,N23A,22,1,allatom,6.0,418,420,0,2
2PTL,N23A,22,1,allatom,7.0,522,522,2,2
2PTL,N23A,22,1,allatom,8.0,661,660,2,1
2PTL,N23A,22,1,allatom,9.0,780,778,2,0
2PTL,N23A,22,1,allatom,10.0,914,914,1,1
2PTL,N28A,27,1,ca,6.0,182,182,0,0
2PTL,N28A,27,1,ca,7.0,265,265,0,0
2PTL,N28A,27,1,ca,8.0,334,334,0,0
2PTL,N28A,27,1,ca,9.0,417,417,0,0
2PTL,N28A,27,1,ca,10.0,521,521,0,0
2PTL,N28A,27,1,cb,6.0,140,140,0,0
2PTL,N28A,27,1,cb,7.0,224,224,0,0
2PTL,N28A,27,1,cb,8.0,319,319,0,0
2PTL,N28A,27,1,cb,9.0,403,403,0,0
2PTL,N28A,27,1,cb,10.0,507,507,0,0
2PTL,N28A,27,1,centroid,6.0,99,98,1,0
2PTL,N28A,27,1,centroid,7.0,180,179,1,0
2PTL,N28A,27,1,centroid,8.0,267,267,1,1
2PTL,N28A,27,1,centroid,9.0,364,363,1,0
2PTL,N28A,27,1,centroid,10.0,471,467,4,0
2PTL,N28A,27,1,allatom,6.0,418,417,2,1
2PTL,N28A,27,1,allatom,7.0,522,522,1,1
2PTL,N28A,27,1,allatom,8.0,661,659,2,0
2PTL,N28A,27,1,allatom,9.0,780,778,2,0
2PTL,N28A,27,1,allatom,10.0,914,911,3,0
2PTL,N58A,57,1,ca,6.0,182,182,0,0
2PTL,N58A,57,1,ca,7.0,265,265,0,0
2PTL,N58A,57,1,ca,8.0,334,334,0,0
2PTL,N58A,57,1,ca,9.0,417,417,0,0
2PTL,N58A,57,1,ca,10.0,521,521,0,0
2PTL,N58A,57,1,cb,6.0,140,140,0,0
2PTL,N58A,57,1,cb,7.0,224,224,0,0
2PTL,N58A,57,1,cb,8.0,319,319,0,0
2PTL,N58A,57,1,cb,9.0,403,403,0,0
2PTL,N58A,57,1,cb,10.0,507,507,0,0
2PTL,N58A,57,1,centroid,6.0,99,100,0,1
2PTL,N58A,57,1,centroid,7.0,180,178,4,2
2PTL,N58A,57,1,centroid,8.0,267,267,2,2
2PTL,N58A,57,1,centroid,9.0,364,364,1,1
2PTL,N58A,57,1,centroid,10.0,471,474,1,4
2PTL,N58A,57,1,allatom,6.0,418,419,0,1
2PTL,N58A,57,1,allatom,7.0,522,521,2,1
2PTL,N58A,57,1,allatom,8.0,661,660,3,2
2PTL,N58A,57,1,allatom,9.0,780,780,3,3
2PTL,N58A,57,1,allatom,10.0,914,913,3,2
2PTL,N73A,72,1,ca,6.0,182,182,0,0
2PTL,N73A,72,1,ca,7.0,265,265,0,0
2PTL,N73A,72,1,ca,8.0,334,334,0,0
2PTL,N73A,72,1,ca,9.0,417,417,0,0
2PTL,N73A,72,1,ca,10.0,521,521,0,0
2PTL,N73A,72,1,cb,6.0,140,140,0,0
2PTL,N73A,72,1,cb,7.0,224,224,0,0
2PTL,N73A,72,1,cb,8.0,319,319,0,0
2PTL,N73A,72,1,cb,9.0,403,403,0,0
2PTL,N73A,72,1,cb,10.0,507,507,0,0
2PTL,N73A,72,1,centroid,6.0,99,97,3,1
2PTL,N73A,72,1,centroid,7.0,180,181,0,1
2PTL,N73A,72,1,centroid,8.0,267,269,1,3
2PTL,N73A,72,1,centroid,9.0,364,368,1,5
2PTL,N73A,72,1,centroid,10.0,471,473,1,3
2PTL,N73A,72,1,allatom,6.0,418,420,0,2
2PTL,N73A,72,1,allatom,7.0,522,522,2,2
2PTL,N73A,72,1,allatom,8.0,661,657,4,0
2PTL,N73A,72,1,allatom,9.0,780,777,3,0
2PTL,N73A,72,1,allatom,10.0,914,916,0,2
2PTL,S30A,29,1,ca,6.0,182,182,0,0
2PTL,S30A,29,1,ca,7.0,265,265,0,0
2PTL,S30A,29,1,ca,8.0,334,334,0,0
2PTL,S30A,29,1,ca,9.0,417,417,0,0
2PTL,S30A,29,1,ca,10.0,521,521,0,0
2PTL,S30A,29,1,cb,6.0,140,140,0,0
2PTL,S30A,29,1,cb,7.0,224,224,0,0
2PTL,S30A,29,1,cb,8.0,319,319,0,0
2PTL,S30A,29,1,cb,9.0,403,403,0,0
2PTL,S30A,29,1,cb,10.0,507,507,0,0
2PTL,S30A,29,1,centroid,6.0,99,100,0,1
2PTL,S30A,29,1,centroid,7.0,180,180,0,0
2PTL,S30A,29,1,centroid,8.0,267,267,0,0
2PTL,S30A,29,1,centroid,9.0,364,364,0,0
2PTL,S30A,29,1,centroid,10.0,471,473,0,2
2PTL,S30A,29,1,allatom,6.0,418,418,0,0
2PTL,S30A,29,1,allatom,7.0,522,522,0,0
2PTL,S30A,29,1,allatom,8.0,661,661,0,0
2PTL,S30A,29,1,allatom,9.0,780,780,0,0
2PTL,S30A,29,1,allatom,10.0,914,914,0,0
2PTL,S45A,44,1,ca,6.0,182,182,0,0
2PTL,S45A,44,1,ca,7.0,265,265,0,0
2PTL,S45A,44,1,ca,8.0,334,334,0,0
2PTL,S45A,44,1,ca,9.0,417,417,0,0
2PTL,S45A,44,1,ca,10.0,521,521,0,0
2PTL,S45A,44,1,cb,6.0,140,140,0,0
2PTL,S45A,44,1,cb,7.0,224,224,0,0
2PTL,S45A,44,1,cb,8.0,319,319,0,0
2PTL,S45A,44,1,cb,9.0,403,403,0,0
2PTL,S45A,44,1,cb,10.0,507,507,0,0
2PTL,S45A,44,1,centroid,6.0,99,97,2,0
2PTL,S45A,44,1,centroid,7.0,180,180,2,2
2PTL,S45A,44,1,centroid,8.0,267,266,1,0
2PTL,S45A,44,1,centroid,9.0,364,363,1,0
2PTL,S45A,44,1,centroid,10.0,471,470,2,1
2PTL,S45A,44,1,allatom,6.0,418,418,0,0
2PTL,S45A,44,1,allatom,7.0,522,522,0,0
2PTL,S45A,44,1,allatom,8.0,661,661,0,0
2PTL,S45A,44,1,allatom,9.0,780,780,0,0
2PTL,S45A,44,1,allatom,10.0,914,915,0,1
2PTL,S45G,44,1,ca,6.0,182,182,0,0
2PTL,S45G,44,1,ca,7.0,265,265,0,0
2PTL,S45G,44,1,ca,8.0,334,334,0,0
2PTL,S45G,44,1,ca,9.0,417,417,0,0
2PTL,S45G,44,1,ca,10.0,521,521,0,0
2PTL,S45G,44,1,cb,6.0,140,141,0,1
2PTL,S45G,44,1,cb,7.0,224,224,1,1
2PTL,S45G,44,1,cb,8.0,319,319,0,0
2PTL,S45G,44,1,cb,9.0,403,406,0,3
2PTL,S45G,44,1,cb,10.0,507,511,0,4
2PTL,S45G,44,1,centroid,6.0,99,98,3,2
2PTL,S45G,44,1,centroid,7.0,180,182,3,5
2PTL,S45G,44,1,centroid,8.0,267,265,4,2
2PTL,S45G,44,1,centroid,9.0,364,367,3,6
2PTL,S45G,44,1,centroid,10.0,471,472,4,5
2PTL,S45G,44,1,allatom,6.0,418,417,1,0
2PTL,S45G,44,1,allatom,7.0,522,522,0,0
2PTL,S45G,44,1,allatom,8.0,661,660,1,0
2PTL,S45G,44,1,allatom,9.0,780,780,0,0
2PTL,S45G,44,1,allatom,10.0,914,913,2,1
2PTL,T19A,18,1,ca,6.0,182,182,0,0
2PTL,T19A,18,1,ca,7.0,265,265,0,0
2PTL,T19A,18,1,ca,8.0,334,334,0,0
2PTL,T19A,18,1,ca,9.0,417,417,0,0
2PTL,T19A,18,1,ca,10.0,521,521,0,0
2PTL,T19A,18,1,cb,6.0,140,140,0,0
2PTL,T19A,18,1,cb,7.0,224,224,0,0
2PTL,T19A,18,1,cb,8.0,319,319,0,0
2PTL,T19A,18,1,cb,9.0,403,403,0,0
2PTL,T19A,18,1,cb,10.0,507,507,0,0
2PTL,T19A,18,1,centroid,6.0,99,98,1,0
2PTL,T19A,18,1,centroid,7.0,180,182,0,2
2PTL,T19A,18,1,centroid,8.0,267,267,1,1
2PTL,T19A,18,1,centroid,9.0,364,363,2,1
2PTL,T19A,18,1,centroid,10.0,471,474,1,4
2PTL,T19A,18,1,allatom,6.0,418,419,0,1
2PTL,T19A,18,1,allatom,7.0,522,522,0,0
2PTL,T19A,18,1,allatom,8.0,661,662,0,1
2PTL,T19A,18,1,allatom,9.0,780,779,2,1
2PTL,T19A,18,1,allatom,10.0,914,914,0,0
2PTL,T31A,30,1,ca,6.0,182,182,0,0
2PTL,T31A,30,1,ca,7.0,265,265,0,0
2PTL,T31A,30,1,ca,8.0,334,334,0,0
2PTL,T31A,30,1,ca,9.0,417,417,0,0
2PTL,T31A,30,1,ca,10.0,521,521,0,0
2PTL,T31A,30,1,cb,6.0,140,140,0,0
2PTL,T31A,30,1,cb,7.0,224,224,0,0
2PTL,T31A,30,1,cb,8.0,319,319,0,0
2PTL,T31A,30,1,cb,9.0,403,403,0,0
2PTL,T31A,30,1,cb,10.0,507,507,0,0
2PTL,T31A,30,1,centroid,6.0,99,98,1,0
2PTL,T31A,30,1,centroid,7.0,180,181,0,1
2PTL,T31A,30,1,centroid,8.0,267,268,0,1
2PTL,T31A,30,1,centroid,9.0,364,365,1,2
2PTL,T31A,30,1,centroid,10.0,471,472,0,1
2PTL,T31A,30,1,allatom,6.0,418,418,0,0
2PTL,T31A,30,1,allatom,7.0,522,522,0,0
2PTL,T31A,30,1,allatom,8.0,661,661,0,0
2PTL,T31A,30,1,allatom,9.0,780,780,0,0
2PTL,T31A,30,1,allatom,10.0,914,914,0,0
2PTL,T33A,32,1,ca,6.0,182,182,0,0
2PTL,T33A,32,1,ca,7.0,265,265,0,0
2PTL,T33A,32,1,ca,8.0,334,334,0,0
2PTL,T33A,32,1,ca,9.0,417,417,0,0
2PTL,T33A,32,1,ca,10.0,521,521,0,0
2PTL,T33A,32,1,cb,6.0,140,140,0,0
2PTL,T33A,32,1,cb,7.0,224,224,0,0
2PTL,T33A,32,1,cb,8.0,319,319,0,0
2PTL,T33A,32,1,cb,9.0,403,403,0,0
2PTL,T33A,32,1,cb,10.0,507,507,0,0
2PTL,T33A,32,1,centroid,6.0,99,97,4,2
2PTL,T33A,32,1,centroid,7.0,180,182,2,4
2PTL,T33A,32,1,centroid,8.0,267,271,1,5
2PTL,T33A,32,1,centroid,9.0,364,365,2,3
2PTL,T33A,32,1,centroid,10.0,471,476,1,6
2PTL,T33A,32,1,allatom,6.0,418,420,0,2
2PTL,T33A,32,1,allatom,7.0,522,524,0,2
2PTL,T33A,32,1,allatom,8.0,661,661,1,1
2PTL,T33A,32,1,allatom,9.0,780,780,1,1
2PTL,T33A,32,1,allatom,10.0,914,917,0,3
2PTL,T39A,38,1,ca,6.0,182,182,0,0
2PTL,T39A,38,1,ca,7.0,265,265,0,0
2PTL,T39A,38,1,ca,8.0,334,334,0,0
2PTL,T39A,38,1,ca,9.0,417,417,0,0
2PTL,T39A,38,1,ca,10.0,521,521,0,0
2PTL,T39A,38,1,cb,6.0,140,140,0,0
2PTL,T39A,38,1,cb,7.0,224,224,0,0
2PTL,T39A,38,1,cb,8.0,319,319,0,0
2PTL,T39A,38,1,cb,9.0,403,403,0,0
2PTL,T39A,38,1,cb,10.0,507,507,0,0
2PTL,T39A,38,1,centroid,6.0,99,99,0,0
2PTL,T39A,38,1,centroid,7.0,180,179,2,1
2PTL,T39A,38,1,centroid,8.0,267,267,0,0
2PTL,T39A,38,1,centroid,9.0,364,365,1,2
2PTL,T39A,38,1,centroid,10.0,471,473,1,3
2PTL,T39A,38,1,allatom,6.0,418,417,1,0
2PTL,T39A,38,1,allatom,7.0,522,522,0,0
2PTL,T39A,38,1,allatom,8.0,661,661,0,0
2PTL,T39A,38,1,allatom,9.0,780,778,2,0
2PTL,T39A,38,1,allatom,10.0,914,914,0,0
2PTL,T44A,43,1,ca,6.0,182,182,0,0
2PTL,T44A,43,1,ca,7.0,265,265,0,0
2PTL,T44A,43,1,ca,8.0,334,334,0,0
2PTL,T44A,43,1,ca,9.0,417,417,0,0
2PTL,T44A,43,1,ca,10.0,521,521,0,0
2PTL,T44A,43,1,cb,6.0,140,140,0,0
2PTL,T44A,43,1,cb,7.0,224,224,0,0
2PTL,T44A,43,1,cb,8.0,319,319,0,0
2PTL,T44A,43,1,cb,9.0,403,403,0,0
2PTL,T44A,43,1,cb,10.0,507,507,0,0
2PTL,T44A,43,1,centroid,6.0,99,105,1,7
2PTL,T44A,43,1,centroid,7.0,180,180,5,5
2PTL,T44A,43,1,centroid,8.0,267,270,3,6
2PTL,T44A,43,1,centroid,9.0,364,364,4,4
2PTL,T44A,43,1,centroid,10.0,471,473,4,6
2PTL,T44A,43,1,allatom,6.0,418,417,5,4
2PTL,T44A,43,1,allatom,7.0,522,525,4,7
2PTL,T44A,43,1,allatom,8.0,661,665,6,10
2PTL,T44A,43,1,allatom,9.0,780,783,3,6
2PTL,T44A,43,1,allatom,10.0,914,913,5,4
2PTL,T53G,52,1,ca,6.0,182,182,0,0
2PTL,T53G,52,1,ca,7.0,265,265,0,0
2PTL,T53G,52,1,ca,8.0,334,334,0,0
2PTL,T53G,52,1,ca,9.0,417,417,0,0
2PTL,T53G,52,1,ca,10.0,521,521,0,0
2PTL,T53G,52,1,cb,6.0,140,141,0,1
2PTL,T53G,52,1,cb,7.0,224,224,1,1
2PTL,T53G,52,1,cb,8.0,319,319,0,0
2PTL,T53G,52,1,cb,9.0,403,404,0,1
2PTL,T53G,52,1,cb,10.0,507,507,0,0
2PTL,T53G,52,1,centroid,6.0,99,100,0,1
2PTL,T53G,52,1,centroid,7.0,180,180,1,1
2PTL,T53G,52,1,centroid,8.0,267,267,1,1
2PTL,T53G,52,1,centroid,9.0,364,367,0,3
2PTL,T53G,52,1,centroid,10.0,471,472,0,1
2PTL,T53G,52,1,allatom,6.0,418,418,0,0
2PTL,T53G,52,1,allatom,7.0,522,522,0,0
2PTL,T53G,52,1,allatom,8.0,661,661,0,0
2PTL,T53G,52,1,allatom,9.0,780,779,1,0
2PTL,T53G,52,1,allatom,10.0,914,910,4,0
2PTL,T62A,61,1,ca,6.0,182,182,0,0
2PTL,T62A,61,1,ca,7.0,265,265,0,0
2PTL,T62A,61,1,ca,8.0,334,334,0,0
2PTL,T62A,61,1,ca,9.0,417,417,0,0
2PTL,T62A,61,1,ca,10.0,521,521,0,0
2PTL,T62A,61,1,cb,6.0,140,140,0,0
2PTL,T62A,61,1,cb,7.0,224,224,0,0
2PTL,T62A,61,1,cb,8.0,319,319,0,0
2PTL,T62A,61,1,cb,9.0,403,403,0,0
2PTL,T62A,61,1,cb,10.0,507,507,0,0
2PTL,T62A,61,1,centroid,6.0,99,99,0,0
2PTL,T62A,61,1,centroid,7.0,180,179,1,0
2PTL,T62A,61,1,centroid,8.0,267,268,0,1
2PTL,T62A,61,1,centroid,9.0,364,364,0,0
2PTL,T62A,61,1,centroid,10.0,471,471,1,1
2PTL,T62A,61,1,allatom,6.0,418,418,0,0
2PTL,T62A,61,1,allatom,7.0,522,522,0,0
2PTL,T62A,61,1,allatom,8.0,661,659,2,0
2PTL,T62A,61,1,allatom,9.0,780,779,1,0
2PTL,T62A,61,1,allatom,10.0,914,910,4,0
2PTL,T71A,70,1,ca,6.0,182,182,0,0
2PTL,T71A,70,1,ca,7.0,265,265,0,0
2PTL,T71A,70,1,ca,8.0,334,334,0,0
2PTL,T71A,70,1,ca,9.0,417,417,0,0
2PTL,T71A,70,1,ca,10.0,521,521,0,0
2PTL,T71A,70,1,cb,6.0,140,140,0,0
2PTL,T71A,70,1,cb,7.0,224,224,0,0
2PTL,T71A,70,1,cb,8.0,319,319,0,0
2PTL,T71A,70,1,cb,9.0,403,403,0,0
2PTL,T71A,70,1,cb,10.0,507,507,0,0
2PTL,T71A,70,1,centroid,6.0,99,97,3,1
2PTL,T71A,70,1,centroid,7.0,180,179,4,3
2PTL,T71A,70,1,centroid,8.0,267,266,4,3
2PTL,T71A,70,1,centroid,9.0,364,366,1,3
2PTL,T71A,70,1,centroid,10.0,471,472,1,2
2PTL,T71A,70,1,allatom,6.0,418,419,0,1
2PTL,T71A,70,1,allatom,7.0,522,524,0,2
2PTL,T71A,70,1,allatom,8.0,661,660,1,0
2PTL,T71A,70,1,allatom,9.0,780,779,2,1
2PTL,T71A,70,1,allatom,10.0,914,913,2,1
2PTL,V18A,17,1,ca,6.0,182,182,0,0
2PTL,V18A,17,1,ca,7.0,265,265,0,0
2PTL,V18A,17,1,ca,8.0,334,334,0,0
2PTL,V18A,17,1,ca,9.0,417,417,0,0
2PTL,V18A,17,1,ca,10.0,521,521,0,0
2PTL,V18A,17,1,cb,6.0,140,140,0,0
2PTL,V18A,17,1,cb,7.0,224,224,0,0
2PTL,V18A,17,1,cb,8.0,319,319,0,0
2PTL,V18A,17,1,cb,9.0,403,403,0,0
2PTL,V18A,17,1,cb,10.0,507,507,0,0
2PTL,V18A,17,1,centroid,6.0,99,100,0,1
2PTL,V18A,17,1,centroid,7.0,180,181,0,1
2PTL,V18A,17,1,centroid,8.0,267,269,0,2
2PTL,V18A,17,1,centroid,9.0,364,365,0,1
2PTL,V18A,17,1,centroid,10.0,471,471,0,0
2PTL,V18A,17,1,allatom,6.0,418,417,1,0
2PTL,V18A,17,1,allatom,7.0,522,522,0,0
2PTL,V18A,17,1,allatom,8.0,661,659,2,0
2PTL,V18A,17,1,allatom,9.0,780,780,0,0
2PTL,V18A,17,1,allatom,10.0,914,914,0,0
2PTL,V63A,62,1,ca,6.0,182,182,0,0
2PTL,V63A,62,1,ca,7.0,265,265,0,0
2PTL,V63A,62,1,ca,8.0,334,334,0,0
2PTL,V63A,62,1,ca,9.0,417,417,0,0
2PTL,V63A,62,1,ca,10.0,521,521,0,0
2PTL,V63A,62,1,cb,6.0,140,140,0,0
2PTL,V63A,62,1,cb,7.0,224,224,0,0
2PTL,V63A,62,1,cb,8.0,319,319,0,0
2PTL,V63A,62,1,cb,9.0,403,403,0,0
2PTL,V63A,62,1,cb,10.0,507,507,0,0
2PTL,V63A,62,1,centroid,6.0,99,104,1,6
2PTL,V63A,62,1,centroid,7.0,180,182,3,5
2PTL,V63A,62,1,centroid,8.0,267,267,2,2
2PTL,V63A,62,1,centroid,9.0,364,363,2,1
2PTL,V63A,62,1,centroid,10.0,471,474,2,5
2PTL,V63A,62,1,allatom,6.0,418,419,1,2
2PTL,V63A,62,1,allatom,7.0,522,525,2,5
2PTL,V63A,62,1,allatom,8.0,661,660,8,7
2PTL,V63A,62,1,allatom,9.0,780,780,4,4
2PTL,V63A,62,1,allatom,10.0,914,907,8,1
2PTL,V65A,64,1,ca,6.0,182,182,0,0
2PTL,V65A,64,1,ca,7.0,265,265,0,0
2PTL,V65A,64,1,ca,8.0,334,334,0,0
2PTL,V65A,64,1,ca,9.0,417,417,0,0
2PTL,V65A,64,1,ca,10.0,521,521,0,0
2PTL,V65A,64,1,cb,6.0,140,140,0,0
2PTL,V65A,64,1,cb,7.0,224,224,0,0
2PTL,V65A,64,1,cb,8.0,319,319,0,0
2PTL,V65A,64,1,cb,9.0,403,403,0,0
2PTL,V65A,64,1,cb,10.0,507,507,0,0
2PTL,V65A,64,1,centroid,6.0,99,101,0,2
2PTL,V65A,64,1,centroid,7.0,180,180,0,0
2PTL,V65A,64,1,centroid,8.0,267,268,0,1
2PTL,V65A,64,1,centroid,9.0,364,364,0,0
2PTL,V65A,64,1,centroid,10.0,471,471,0,0
2PTL,V65A,64,1,allatom,6.0,418,418,0,0
2PTL,V65A,64,1,allatom,7.0,522,522,0,0
2PTL,V65A,64,1,allatom,8.0,661,660,1,0
2PTL,V65A,64,1,allatom,9.0,780,779,1,0
2PTL,V65A,64,1,allatom,10.0,914,913,1,0
2PTL,Y48A,47,1,ca,6.0,182,182,0,0
2PTL,Y48A,47,1,ca,7.0,265,265,0,0
2PTL,Y48A,47,1,ca,8.0,334,334,0,0
2PTL,Y48A,47,1,ca,9.0,417,417,0,0
2PTL,Y48A,47,1,ca,10.0,521,521,0,0
2PTL,Y48A,47,1,cb,6.0,140,140,0,0
2PTL,Y48A,47,1,cb,7.0,224,224,0,0
2PTL,Y48A,47,1,cb,8.0,319,319,0,0
2PTL,Y48A,47,1,cb,9.0,403,403,0,0
2PTL,Y48A,47,1,cb,10.0,507,507,0,0
2PTL,Y48A,47,1,centroid,6.0,99,103,2,6
2PTL,Y48A,47,1,centroid,7.0,180,184,2,6
2PTL,Y48A,47,1,centroid,8.0,267,270,1,4
2PTL,Y48A,47,1,centroid,9.0,364,362,3,1
2PTL,Y48A,47,1,centroid,10.0,471,473,3,5
2PTL,Y48A,47,1,allatom,6.0,418,415,4,1
2PTL,Y48A,47,1,allatom,7.0,522,519,4,1
2PTL,Y48A,47,1,allatom,8.0,661,657,6,2
2PTL,Y48A,47,1,allatom,9.0,780,776,5,1
2PTL,Y48A,47,1,allatom,10.0,914,912,4,2
2PTL,Y50A,49,1,ca,6.0,182,182,0,0
2PTL,Y50A,49,1,ca,7.0,265,265,0,0
2PTL,Y50A,49,1,ca,8.0,334,334,0,0
2PTL,Y50A,49,1,ca,9.0,417,417,0,0
2PTL,Y50A,49,1,ca,10.0,521,521,0,0
2PTL,Y50A,49,1,cb,6.0,140,140,0,0
2PTL,Y50A,49,1,cb,7.0,224,224,0,0
2PTL,Y50A,49,1,cb,8.0,319,319,0,0
2PTL,Y50A,49,1,cb,9.0,403,403,0,0
2PTL,Y50A,49,1,cb,10.0,507,507,0,0
2PTL,Y50A,49,1,centroid,6.0,99,99,5,5
2PTL,Y50A,49,1,centroid,7.0,180,184,0,4
2PTL,Y50A,49,1,centroid,8.0,267,267,1,1
2PTL,Y50A,49,1,centroid,9.0,364,359,9,4
2PTL,Y50A,49,1,centroid,10.0,471,468,12,9
2PTL,Y50A,49,1,allatom,6.0,418,412,6,0
2PTL,Y50A,49,1,allatom,7.0,522,517,7,2
2PTL,Y50A,49,1,allatom,8.0,661,657,4,0
2PTL,Y50A,49,1,allatom,9.0,780,776,4,0
2PTL,Y50A,49,1,allatom,10.0,914,910,6,2
2PTL,Y70A,69,1,ca,6.0,182,182,0,0
2PTL,Y70A,69,1,ca,7.0,265,265,0,0
2PTL,Y70A,69,1,ca,8.0,334,334,0,0
2PTL,Y70A,69,1,ca,9.0,417,417,0,0
2PTL,Y70A,69,1,ca,10.0,521,521,0,0
2PTL,Y70A,69,1,cb,6.0,140,140,0,0
2PTL,Y70A,69,1,cb,7.0,224,224,0,0
2PTL,Y70A,69,1,cb,8.0,319,319,0,0
2PTL,Y70A,69,1,cb,9.0,403,403,0,0
2PTL,Y70A,69,1,cb,10.0,507,507,0,0
2PTL,Y70A,69,1,centroid,6.0,99,95,9,5
2PTL,Y70A,69,1,centroid,7.0,180,177,8,5
2PTL,Y70A,69,1,centroid,8.0,267,264,6,3
2PTL,Y70A,69,1,centroid,9.0,364,361,10,7
2PTL,Y70A,69,1,centroid,10.0,471,460,14,3
2PTL,Y70A,69,1,allatom,6.0,418,405,14,1
2PTL,Y70A,69,1,allatom,7.0,522,506,17,1
2PTL,Y70A,69,1,allatom,8.0,661,645,17,1
2PTL,Y70A,69,1,allatom,9.0,780,770,10,0
2PTL,Y70A,69,1,allatom,10.0,914,906,8,0
2PTL,Y70L,69,1,ca,6.0,182,182,0,0
2PTL,Y70L,69,1,ca,7.0,265,265,0,0
2PTL,Y70L,69,1,ca,8.0,334,334,0,0
2PTL,Y70L,69,1,ca,9.0,417,417,0,0
2PTL,Y70L,69,1,ca,10.0,521,521,0,0
2PTL,Y70L,69,1,cb,6.0,140,140,0,0
2PTL,Y70L,69,1,cb,7.0,224,224,0,0
2PTL,Y70L,69,1,cb,8.0,319,319,0,0
2PTL,Y70L,69,1,cb,9.0,403,403,0,0
2PTL,Y70L,69,1,cb,10.0,507,507,0,0
2PTL,Y70L,69,1,centroid,6.0,99,99,3,3
2PTL,Y70L,69,1,centroid,7.0,180,180,3,3
2PTL,Y70L,69,1,centroid,8.0,267,268,1,2
2PTL,Y70L,69,1,centroid,9.0,364,363,4,3
2PTL,Y70L,69,1,centroid,10.0,471,472,4,5
2PTL,Y70L,69,1,allatom,6.0,418,415,6,3
2PTL,Y70L,69,1,allatom,7.0,522,519,4,1
2PTL,Y70L,69,1,allatom,8.0,661,660,2,1
2PTL,Y70L,69,1,allatom,9.0,780,780,1,1
2PTL,Y70L,69,1,allatom,10.0,914,913,3,2
2RPN,E7L,6,1,ca,6.0,165,165,0,0
2RPN,E7L,6,1,ca,7.0,234,234,0,0
2RPN,E7L,6,1,ca,8.0,290,290,0,0
2RPN,E7L,6,1,ca,9.0,375,375,0,0
2RPN,E7L,6,1,ca,10.0,493,493,0,0
2RPN,E7L,6,1,cb,6.0,127,127,0,0
2RPN,E7L,6,1,cb,7.0,208,208,0,0
2RPN,E7L,6,1,cb,8.0,278,278,0,0
2RPN,E7L,6,1,cb,9.0,361,361,0,0
2RPN,E7L,6,1,cb,10.0,453,453,0,0
2RPN,E7L,6,1,centroid,6.0,98,100,0,2
2RPN,E7L,6,1,centroid,7.0,155,157,0,2
2RPN,E7L,6,1,centroid,8.0,243,243,0,0
2RPN,E7L,6,1,centroid,9.0,333,333,2,2
2RPN,E7L,6,1,centroid,10.0,427,427,2,2
2RPN,E7L,6,1,allatom,6.0,369,368,1,0
2RPN,E7L,6,1,allatom,7.0,482,482,1,1
2RPN,E7L,6,1,allatom,8.0,625,624,1,0
2RPN,E7L,6,1,allatom,9.0,743,743,1,1
2RPN,E7L,6,1,allatom,10.0,853,854,1,2
2RPN,V21K,20,1,ca,6.0,165,165,0,0
2RPN,V21K,20,1,ca,7.0,234,234,0,0
2RPN,V21K,20,1,ca,8.0,290,290,0,0
2RPN,V21K,20,1,ca,9.0,375,375,0,0
2RPN,V21K,20,1,ca,10.0,493,493,0,0
2RPN,V21K,20,1,cb,6.0,127,127,0,0
2RPN,V21K,20,1,cb,7.0,208,208,0,0
2RPN,V21K,20,1,cb,8.0,278,278,0,0
2RPN,V21K,20,1,cb,9.0,361,361,0,0
2RPN,V21K,20,1,cb,10.0,453,453,0,0
2RPN,V21K,20,1,centroid,6.0,98,97,2,1
2RPN,V21K,20,1,centroid,7.0,155,153,3,1
2RPN,V21K,20,1,centroid,8.0,243,237,9,3
2RPN,V21K,20,1,centroid,9.0,333,326,11,4
2RPN,V21K,20,1,centroid,10.0,427,419,9,1
2RPN,V21K,20,1,allatom,6.0,369,367,2,0
2RPN,V21K,20,1,allatom,7.0,482,478,5,1
2RPN,V21K,20,1,allatom,8.0,625,622,3,0
2RPN,V21K,20,1,allatom,9.0,743,739,4,0
2RPN,V21K,20,1,allatom,10.0,853,850,4,1
2WQG,D15A,14,1,ca,6.0,138,138,0,0
2WQG,D15A,14,1,ca,7.0,173,173,0,0
2WQG,D15A,14,1,ca,8.0,205,205,0,0
2WQG,D15A,14,1,ca,9.0,266,266,0,0
2WQG,D15A,14,1,ca,10.0,348,348,0,0
2WQG,D15A,14,1,cb,6.0,106,106,0,0
2WQG,D15A,14,1,cb,7.0,145,145,0,0
2WQG,D15A,14,1,cb,8.0,202,202,0,0
2WQG,D15A,14,1,cb,9.0,254,254,0,0
2WQG,D15A,14,1,cb,10.0,327,327,0,0
2WQG,D15A,14,1,centroid,6.0,66,66,1,1
2WQG,D15A,14,1,centroid,7.0,121,124,0,3
2WQG,D15A,14,1,centroid,8.0,167,169,0,2
2WQG,D15A,14,1,centroid,9.0,223,225,0,2
2WQG,D15A,14,1,centroid,10.0,289,294,0,5
2WQG,D15A,14,1,allatom,6.0,268,268,0,0
2WQG,D15A,14,1,allatom,7.0,353,353,0,0
2WQG,D15A,14,1,allatom,8.0,434,434,0,0
2WQG,D15A,14,1,allatom,9.0,505,505,0,0
2WQG,D15A,14,1,allatom,10.0,577,577,0,0
2WQG,D38A,37,1,ca,6.0,138,138,0,0
2WQG,D38A,37,1,ca,7.0,173,173,0,0
2WQG,D38A,37,1,ca,8.0,205,205,0,0
2WQG,D38A,37,1,ca,9.0,266,266,0,0
2WQG,D38A,37,1,ca,10.0,348,348,0,0
2WQG,D38A,37,1,cb,6.0,106,106,0,0
2WQG,D38A,37,1,cb,7.0,145,145,0,0
2WQG,D38A,37,1,cb,8.0,202,202,0,0
2WQG,D38A,37,1,cb,9.0,254,254,0,0
2WQG,D38A,37,1,cb,10.0,327,327,0,0
2WQG,D38A,37,1,centroid,6.0,66,66,2,2
2WQG,D38A,37,1,centroid,7.0,121,118,4,1
2WQG,D38A,37,1,centroid,8.0,167,170,2,5
2WQG,D38A,37,1,centroid,9.0,223,224,2,3
2WQG,D38A,37,1,centroid,10.0,289,286,6,3
2WQG,D38A,37,1,allatom,6.0,268,267,1,0
2WQG,D38A,37,1,allatom,7.0,353,351,5,3
2WQG,D38A,37,1,allatom,8.0,434,429,7,2
2WQG,D38A,37,1,allatom,9.0,505,500,7,2
2WQG,D38A,37,1,allatom,10.0,577,571,6,0
2WQG,D39A,38,1,ca,6.0,138,138,0,0
2WQG,D39A,38,1,ca,7.0,173,173,0,0
2WQG,D39A,38,1,ca,8.0,205,205,0,0
2WQG,D39A,38,1,ca,9.0,266,266,0,0
2WQG,D39A,38,1,ca,10.0,348,348,0,0
2WQG,D39A,38,1,cb,6.0,106,106,0,0
2WQG,D39A,38,1,cb,7.0,145,145,0,0
2WQG,D39A,38,1,cb,8.0,202,202,0,0
2WQG,D39A,38,1,cb,9.0,254,254,0,0
2WQG,D39A,38,1,cb,10.0,327,327,0,0
2WQG,D39A,38,1,centroid,6.0,66,65,1,0
2WQG,D39A,38,1,centroid,7.0,121,122,2,3
2WQG,D39A,38,1,centroid,8.0,167,166,2,1
2WQG,D39A,38,1,centroid,9.0,223,224,1,2
2WQG,D39A,38,1,centroid,10.0,289,290,0,1
2WQG,D39A,38,1,allatom,6.0,268,269,1,2
2WQG,D39A,38,1,allatom,7.0,353,351,2,0
2WQG,D39A,38,1,allatom,8.0,434,431,3,0
2WQG,D39A,38,1,allatom,9.0,505,504,1,0
2WQG,D39A,38,1,allatom,10.0,577,573,4,0
2WQG,D39N,38,1,ca,6.0,138,138,0,0
2WQG,D39N,38,1,ca,7.0,173,173,0,0
2WQG,D39N,38,1,ca,8.0,205,205,0,0
2WQG,D39N,38,1,ca,9.0,266,266,0,0
2WQG,D39N,38,1,ca,10.0,348,348,0,0
2WQG,D39N,38,1,cb,6.0,106,106,0,0
2WQG,D39N,38,1,cb,7.0,145,145,0,0
2WQG,D39N,38,1,cb,8.0,202,202,0,0
2WQG,D39N,38,1,cb,9.0,254,254,0,0
2WQG,D39N,38,1,cb,10.0,327,327,0,0
2WQG,D39N,38,1,centroid,6.0,66,64,2,0
2WQG,D39N,38,1,centroid,7.0,121,120,1,0
2WQG,D39N,38,1,centroid,8.0,167,166,2,1
2WQG,D39N,38,1,centroid,9.0,223,223,2,2
2WQG,D39N,38,1,centroid,10.0,289,289,1,1
2WQG,D39N,38,1,allatom,6.0,268,269,0,1
2WQG,D39N,38,1,allatom,7.0,353,353,2,2
2WQG,D39N,38,1,allatom,8.0,434,432,4,2
2WQG,D39N,38,1,allatom,9.0,505,507,1,3
2WQG,D39N,38,1,allatom,10.0,577,573,4,0
2WQG,E40Q,39,1,ca,6.0,138,138,0,0
2WQG,E40Q,39,1,ca,7.0,173,173,0,0
2WQG,E40Q,39,1,ca,8.0,205,205,0,0
2WQG,E40Q,39,1,ca,9.0,266,266,0,0
2WQG,E40Q,39,1,ca,10.0,348,348,0,0
2WQG,E40Q,39,1,cb,6.0,106,106,0,0
2WQG,E40Q,39,1,cb,7.0,145,145,0,0
2WQG,E40Q,39,1,cb,8.0,202,202,0,0
2WQG,E40Q,39,1,cb,9.0,254,254,0,0
2WQG,E40Q,39,1,cb,10.0,327,327,0,0
2WQG,E40Q,39,1,centroid,6.0,66,66,0,0
2WQG,E40Q,39,1,centroid,7.0,121,121,0,0
2WQG,E40Q,39,1,centroid,8.0,167,167,0,0
2WQG,E40Q,39,1,centroid,9.0,223,223,0,0
2WQG,E40Q,39,1,centroid,10.0,289,289,0,0
2WQG,E40Q,39,1,allatom,6.0,268,268,0,0
2WQG,E40Q,39,1,allatom,7.0,353,352,1,0
2WQG,E40Q,39,1,allatom,8.0,434,434,0,0
2WQG,E40Q,39,1,allatom,9.0,505,505,0,0
2WQG,E40Q,39,1,allatom,10.0,577,577,0,0
2WQG,E41G,40,1,ca,6.0,138,138,0,0
2WQG,E41G,40,1,ca,7.0,173,173,0,0
2WQG,E41G,40,1,ca,8.0,205,205,0,0
2WQG,E41G,40,1,ca,9.0,266,266,0,0
2WQG,E41G,40,1,ca,10.0,348,348,0,0
2WQG,E41G,40,1,cb,6.0,106,103,3,0
2WQG,E41G,40,1,cb,7.0,145,146,0,1
2WQG,E41G,40,1,cb,8.0,202,202,0,0
2WQG,E41G,40,1,cb,9.0,254,255,0,1
2WQG,E41G,40,1,cb,10.0,327,325,3,1
2WQG,E41G,40,1,centroid,6.0,66,67,0,1
2WQG,E41G,40,1,centroid,7.0,121,121,1,1
2WQG,E41G,40,1,centroid,8.0,167,170,0,3
2WQG,E41G,40,1,centroid,9.0,223,224,2,3
2WQG,E41G,40,1,centroid,10.0,289,289,3,3
2WQG,E41G,40,1,allatom,6.0,268,268,0,0
2WQG,E41G,40,1,allatom,7.0,353,350,3,0
2WQG,E41G,40,1,allatom,8.0,434,431,3,0
2WQG,E41G,40,1,allatom,9.0,505,503,2,0
2WQG,E41G,40,1,allatom,10.0,577,576,1,0
2WQG,I36A,35,1,ca,6.0,138,138,0,0
2WQG,I36A,35,1,ca,7.0,173,173,0,0
2WQG,I36A,35,1,ca,8.0,205,205,0,0
2WQG,I36A,35,1,ca,9.0,266,266,0,0
2WQG,I36A,35,1,ca,10.0,348,348,0,0
2WQG,I36A,35,1,cb,6.0,106,106,0,0
2WQG,I36A,35,1,cb,7.0,145,145,0,0
2WQG,I36A,35,1,cb,8.0,202,202,0,0
2WQG,I36A,35,1,cb,9.0,254,254,0,0
2WQG,I36A,35,1,cb,10.0,327,327,0,0
2WQG,I36A,35,1,centroid,6.0,66,66,1,1
2WQG,I36A,35,1,centroid,7.0,121,123,1,3
2WQG,I36A,35,1,centroid,8.0,167,167,1,1
2WQG,I36A,35,1,centroid,9.0,223,222,3,2
2WQG,I36A,35,1,centroid,10.0,289,289,2,2
2WQG,I36A,35,1,allatom,6.0,268,267,1,0
2WQG,I36A,35,1,allatom,7.0,353,350,4,1
2WQG,I36A,35,1,allatom,8.0,434,433,1,0
2WQG,I36A,35,1,allatom,9.0,505,504,1,0
2WQG,I36A,35,1,allatom,10.0,577,575,2,0
2WQG,I36V,35,1,ca,6.0,138,138,0,0
2WQG,I36V,35,1,ca,7.0,173,173,0,0
2WQG,I36V,35,1,ca,8.0,205,205,0,0
2WQG,I36V,35,1,ca,9.0,266,266,0,0
2WQG,I36V,35,1,ca,10.0,348,348,0,0
2WQG,I36V,35,1,cb,6.0,106,106,0,0
2WQG,I36V,35,1,cb,7.0,145,145,0,0
2WQG,I36V,35,1,cb,8.0,202,202,0,0
2WQG,I36V,35,1,cb,9.0,254,254,0,0
2WQG,I36V,35,1,cb,10.0,327,327,0,0
2WQG,I36V,35,1,centroid,6.0,66,66,1,1
2WQG,I36V,35,1,centroid,7.0,121,124,0,3
2WQG,I36V,35,1,centroid,8.0,167,166,1,0
2WQG,I36V,35,1,centroid,9.0,223,224,1,2
2WQG,I36V,35,1,centroid,10.0,289,287,2,0
2WQG,I36V,35,1,allatom,6.0,268,268,0,0
2WQG,I36V,35,1,allatom,7.0,353,354,0,1
2WQG,I36V,35,1,allatom,8.0,434,434,0,0
2WQG,I36V,35,1,allatom,9.0,505,504,1,0
2WQG,I36V,35,1,allatom,10.0,577,576,1,0
2WQG,K14A,13,1,ca,6.0,138,138,0,0
2WQG,K14A,13,1,ca,7.0,173,173,0,0
2WQG,K14A,13,1,ca,8.0,205,205,0,0
2WQG,K14A,13,1,ca,9.0,266,266,0,0
2WQG,K14A,13,1,ca,10.0,348,348,0,0
2WQG,K14A,13,1,cb,6.0,106,106,0,0
2WQG,K14A,13,1,cb,7.0,145,145,0,0
2WQG,K14A,13,1,cb,8.0,202,202,0,0
2WQG,K14A,13,1,cb,9.0,254,254,0,0
2WQG,K14A,13,1,cb,10.0,327,327,0,0
2WQG,K14A,13,1,centroid,6.0,66,67,0,1
2WQG,K14A,13,1,centroid,7.0,121,124,1,4
2WQG,K14A,13,1,centroid,8.0,167,170,0,3
2WQG,K14A,13,1,centroid,9.0,223,231,0,8
2WQG,K14A,13,1,centroid,10.0,289,295,0,6
2WQG,K14A,13,1,allatom,6.0,268,268,0,0
2WQG,K14A,13,1,allatom,7.0,353,352,1,0
2WQG,K14A,13,1,allatom,8.0,434,435,0,1
2WQG,K14A,13,1,allatom,9.0,505,504,1,0
2WQG,K14A,13,1,allatom,10.0,577,578,0,1
2WQG,K14G,13,1,ca,6.0,138,138,0,0
2WQG,K14G,13,1,ca,7.0,173,173,0,0
2WQG,K14G,13,1,ca,8.0,205,205,0,0
2WQG,K14G,13,1,ca,9.0,266,266,0,0
2WQG,K14G,13,1,ca,10.0,348,348,0,0
2WQG,K14G,13,1,cb,6.0,106,107,0,1
2WQG,K14G,13,1,cb,7.0,145,147,0,2
2WQG,K14G,13,1,cb,8.0,202,201,1,0
2WQG,K14G,13,1,cb,9.0,254,258,1,5
2WQG,K14G,13,1,cb,10.0,327,329,0,2
2WQG,K14G,13,1,centroid,6.0,66,68,1,3
2WQG,K14G,13,1,centroid,7.0,121,123,3,5
2WQG,K14G,13,1,centroid,8.0,167,171,0,4
2WQG,K14G,13,1,centroid,9.0,223,229,2,8
2WQG,K14G,13,1,centroid,10.0,289,299,1,11
2WQG,K14G,13,1,allatom,6.0,268,268,0,0
2WQG,K14G,13,1,allatom,7.0,353,351,2,0
2WQG,K14G,13,1,allatom,8.0,434,434,1,1
2WQG,K14G,13,1,allatom,9.0,505,504,1,0
2WQG,K14G,13,1,allatom,10.0,577,578,0,1
2WQG,K19A,18,1,ca,6.0,138,138,0,0
2WQG,K19A,18,1,ca,7.0,173,173,0,0
2WQG,K19A,18,1,ca,8.0,205,205,0,0
2WQG,K19A,18,1,ca,9.0,266,266,0,0
2WQG,K19A,18,1,ca,10.0,348,348,0,0
2WQG,K19A,18,1,cb,6.0,106,106,0,0
2WQG,K19A,18,1,cb,7.0,145,145,0,0
2WQG,K19A,18,1,cb,8.0,202,202,0,0
2WQG,K19A,18,1,cb,9.0,254,254,0,0
2WQG,K19A,18,1,cb,10.0,327,327,0,0
2WQG,K19A,18,1,centroid,6.0,66,69,0,3
2WQG,K19A,18,1,centroid,7.0,121,122,0,1
2WQG,K19A,18,1,centroid,8.0,167,169,0,2
2WQG,K19A,18,1,centroid,9.0,223,226,1,4
2WQG,K19A,18,1,centroid,10.0,289,294,0,5
2WQG,K19A,18,1,allatom,6.0,268,268,0,0
2WQG,K19A,18,1,allatom,7.0,353,353,0,0
2WQG,K19A,18,1,allatom,8.0,434,434,0,0
2WQG,K19A,18,1,allatom,9.0,505,505,0,0
2WQG,K19A,18,1,allatom,10.0,577,577,0,0
2WQG,K28A,27,1,ca,6.0,138,138,0,0
2WQG,K28A,27,1,ca,7.0,173,173,0,0
2WQG,K28A,27,1,ca,8.0,205,205,0,0
2WQG,K28A,27,1,ca,9.0,266,266,0,0
2WQG,K28A,27,1,ca,10.0,348,348,0,0
2WQG,K28A,27,1,cb,6.0,106,106,0,0
2WQG,K28A,27,1,cb,7.0,145,145,0,0
2WQG,K28A,27,1,cb,8.0,202,202,0,0
2WQG,K28A,27,1,cb,9.0,254,254,0,0
2WQG,K28A,27,1,cb,10.0,327,327,0,0
2WQG,K28A,27,1,centroid,6.0,66,69,0,3
2WQG,K28A,27,1,centroid,7.0,121,123,1,3
2WQG,K28A,27,1,centroid,8.0,167,164,3,0
2WQG,K28A,27,1,centroid,9.0,223,223,3,3
2WQG,K28A,27,1,centroid,10.0,289,291,3,5
2WQG,K28A,27,1,allatom,6.0,268,264,4,0
2WQG,K28A,27,1,allatom,7.0,353,351,2,0
2WQG,K28A,27,1,allatom,8.0,434,432,2,0
2WQG,K28A,27,1,allatom,9.0,505,504,1,0
2WQG,K28A,27,1,allatom,10.0,577,577,0,0
2WQG,L13A,12,1,ca,6.0,138,138,0,0
2WQG,L13A,12,1,ca,7.0,173,173,0,0
2WQG,L13A,12,1,ca,8.0,205,205,0,0
2WQG,L13A,12,1,ca,9.0,266,266,0,0
2WQG,L13A,12,1,ca,10.0,348,348,0,0
2WQG,L13A,12,1,cb,6.0,106,106,0,0
2WQG,L13A,12,1,cb,7.0,145,145,0,0
2WQG,L13A,12,1,cb,8.0,202,202,0,0
2WQG,L13A,12,1,cb,9.0,254,254,0,0
2WQG,L13A,12,1,cb,10.0,327,327,0,0
2WQG,L13A,12,1,centroid,6.0,66,66,2,2
2WQG,L13A,12,1,centroid,7.0,121,121,1,1
2WQG,L13A,12,1,centroid,8.0,167,169,1,3
2WQG,L13A,12,1,centroid,9.0,223,224,1,2
2WQG,L13A,12,1,centroid,10.0,289,286,4,1
2WQG,L13A,12,1,allatom,6.0,268,263,6,1
2WQG,L13A,12,1,allatom,7.0,353,346,7,0
2WQG,L13A,12,1,allatom,8.0,434,430,4,0
2WQG,L13A,12,1,allatom,9.0,505,504,2,1
2WQG,L13A,12,1,allatom,10.0,577,575,2,0
2WQG,L16A,15,1,ca,6.0,138,138,0,0
2WQG,L16A,15,1,ca,7.0,173,173,0,0
2WQG,L16A,15,1,ca,8.0,205,205,0,0
2WQG,L16A,15,1,ca,9.0,266,266,0,0
2WQG,L16A,15,1,ca,10.0,348,348,0,0
2WQG,L16A,15,1,cb,6.0,106,106,0,0
2WQG,L16A,15,1,cb,7.0,145,145,0,0
2WQG,L16A,15,1,cb,8.0,202,202,0,0
2WQG,L16A,15,1,cb,9.0,254,254,0,0
2WQG,L16A,15,1,cb,10.0,327,327,0,0
2WQG,L16A,15,1,centroid,6.0,66,64,4,2
2WQG,L16A,15,1,centroid,7.0,121,117,4,0
2WQG,L16A,15,1,centroid,8.0,167,166,2,1
2WQG,L16A,15,1,centroid,9.0,223,220,4,1
2WQG,L16A,15,1,centroid,10.0,289,287,4,2
2WQG,L16A,15,1,allatom,6.0,268,267,2,1
2WQG,L16A,15,1,allatom,7.0,353,351,5,3
2WQG,L16A,15,1,allatom,8.0,434,426,10,2
2WQG,L16A,15,1,allatom,9.0,505,500,7,2
2WQG,L16A,15,1,allatom,10.0,577,567,11,1
2WQG,L8A,7,1,ca,6.0,138,138,0,0
2WQG,L8A,7,1,ca,7.0,173,173,0,0
2WQG,L8A,7,1,ca,8.0,205,205,0,0
2WQG,L8A,7,1,ca,9.0,266,266,0,0
2WQG,L8A,7,1,ca,10.0,348,348,0,0
2WQG,L8A,7,1,cb,6.0,106,106,0,0
2WQG,L8A,7,1,cb,7.0,145,145,0,0
2WQG,L8A,7,1,cb,8.0,202,202,0,0
2WQG,L8A,7,1,cb,9.0,254,254,0,0
2WQG,L8A,7,1,cb,10.0,327,327,0,0
2WQG,L8A,7,1,centroid,6.0,66,65,4,3
2WQG,L8A,7,1,centroid,7.0,121,120,2,1
2WQG,L8A,7,1,centroid,8.0,167,168,1,2
2WQG,L8A,7,1,centroid,9.0,223,223,2,2
2WQG,L8A,7,1,centroid,10.0,289,285,5,1
2WQG,L8A,7,1,allatom,6.0,268,267,1,0
2WQG,L8A,7,1,allatom,7.0,353,349,4,0
2WQG,L8A,7,1,allatom,8.0,434,429,5,0
2WQG,L8A,7,1,allatom,9.0,505,499,6,0
2WQG,L8A,7,1,allatom,10.0,577,568,9,0
2WQG,Q12A,11,1,ca,6.0,138,138,0,0
2WQG,Q12A,11,1,ca,7.0,173,173,0,0
2WQG,Q12A,11,1,ca,8.0,205,205,0,0
2WQG,Q12A,11,1,ca,9.0,266,266,0,0
2WQG,Q12A,11,1,ca,10.0,348,348,0,0
2WQG,Q12A,11,1,cb,6.0,106,106,0,0
2WQG,Q12A,11,1,cb,7.0,145,145,0,0
2WQG,Q12A,11,1,cb,8.0,202,202,0,0
2WQG,Q12A,11,1,cb,9.0,254,254,0,0
2WQG,Q12A,11,1,cb,10.0,327,327,0,0
2WQG,Q12A,11,1,centroid,6.0,66,68,0,2
2WQG,Q12A,11,1,centroid,7.0,121,124,1,4
2WQG,Q12A,11,1,centroid,8.0,167,167,1,1
2WQG,Q12A,11,1,centroid,9.0,223,226,1,4
2WQG,Q12A,11,1,centroid,10.0,289,294,0,5
2WQG,Q12A,11,1,allatom,6.0,268,269,0,1
2WQG,Q12A,11,1,allatom,7.0,353,352,1,0
2WQG,Q12A,11,1,allatom,8.0,434,433,1,0
2WQG,Q12A,11,1,allatom,9.0,505,504,2,1
2WQG,Q12A,11,1,allatom,10.0,577,577,0,0
2WQG,Q12G,11,1,ca,6.0,138,138,0,0
2WQG,Q12G,11,1,ca,7.0,173,173,0,0
2WQG,Q12G,11,1,ca,8.0,205,205,0,0
2WQG,Q12G,11,1,ca,9.0,266,266,0,0
2WQG,Q12G,11,1,ca,10.0,348,348,0,0
2WQG,Q12G,11,1,cb,6.0,106,107,0,1
2WQG,Q12G,11,1,cb,7.0,145,147,0,2
2WQG,Q12G,11,1,cb,8.0,202,202,1,1
2WQG,Q12G,11,1,cb,9.0,254,256,0,2
2WQG,Q12G,11,1,cb,10.0,327,330,0,3
2WQG,Q12G,11,1,centroid,6.0,66,70,0,4
2WQG,Q12G,11,1,centroid,7.0,121,124,1,4
2WQG,Q12G,11,1,centroid,8.0,167,168,1,2
2WQG,Q12G,11,1,centroid,9.0,223,229,1,7
2WQG,Q12G,11,1,centroid,10.0,289,296,0,7
2WQG,Q12G,11,1,allatom,6.0,268,269,0,1
2WQG,Q12G,11,1,allatom,7.0,353,352,1,0
2WQG,Q12G,11,1,allatom,8.0,434,433,1,0
2WQG,Q12G,11,1,allatom,9.0,505,503,3,1
2WQG,Q12G,11,1,allatom,10.0,577,577,0,0
2WQG,Q33A,32,1,ca,6.0,138,138,0,0
2WQG,Q33A,32,1,ca,7.0,173,173,0,0
2WQG,Q33A,32,1,ca,8.0,205,205,0,0
2WQG,Q33A,32,1,ca,9.0,266,266,0,0
2WQG,Q33A,32,1,ca,10.0,348,348,0,0
2WQG,Q33A,32,1,cb,6.0,106,106,0,0
2WQG,Q33A,32,1,cb,7.0,145,145,0,0
2WQG,Q33A,32,1,cb,8.0,202,202,0,0
2WQG,Q33A,32,1,cb,9.0,254,254,0,0
2WQG,Q33A,32,1,cb,10.0,327,327,0,0
2WQG,Q33A,32,1,centroid,6.0,66,67,1,2
2WQG,Q33A,32,1,centroid,7.0,121,124,1,4
2WQG,Q33A,32,1,centroid,8.0,167,170,1,4
2WQG,Q33A,32,1,centroid,9.0,223,224,2,3
2WQG,Q33A,32,1,centroid,10.0,289,296,1,8
2WQG,Q33A,32,1,allatom,6.0,268,268,0,0
2WQG,Q33A,32,1,allatom,7.0,353,355,0,2
2WQG,Q33A,32,1,allatom,8.0,434,435,0,1
2WQG,Q33A,32,1,allatom,9.0,505,505,0,0
2WQG,Q33A,32,1,allatom,10.0,577,577,1,1
2WQG,R34A,33,1,ca,6.0,138,138,0,0
2WQG,R34A,33,1,ca,7.0,173,173,0,0
2WQG,R34A,33,1,ca,8.0,205,205,0,0
2WQG,R34A,33,1,ca,9.0,266,266,0,0
2WQG,R34A,33,1,ca,10.0,348,348,0,0
2WQG,R34A,33,1,cb,6.0,106,106,0,0
2WQG,R34A,33,1,cb,7.0,145,145,0,0
2WQG,R34A,33,1,cb,8.0,202,202,0,0
2WQG,R34A,33,1,cb,9.0,254,254,0,0
2WQG,R34A,33,1,cb,10.0,327,327,0,0
2WQG,R34A,33,1,centroid,6.0,66,66,2,2
2WQG,R34A,33,1,centroid,7.0,121,115,8,2
2WQG,R34A,33,1,centroid,8.0,167,165,6,4
2WQG,R34A,33,1,centroid,9.0,223,222,9,8
2WQG,R34A,33,1,centroid,10.0,289,291,5,7
2WQG,R34A,33,1,allatom,6.0,268,263,6,1
2WQG,R34A,33,1,allatom,7.0,353,346,9,2
2WQG,R34A,33,1,allatom,8.0,434,429,6,1
2WQG,R34A,33,1,allatom,9.0,505,501,5,1
2WQG,R34A,33,1,allatom,10.0,577,576,4,3
2WQG,S23A,22,1,ca,6.0,138,138,0,0
2WQG,S23A,22,1,ca,7.0,173,173,0,0
2WQG,S23A,22,1,ca,8.0,205,205,0,0
2WQG,S23A,22,1,ca,9.0,266,266,0,0
2WQG,S23A,22,1,ca,10.0,348,348,0,0
2WQG,S23A,22,1,cb,6.0,106,106,0,0
2WQG,S23A,22,1,cb,7.0,145,145,0,0
2WQG,S23A,22,1,cb,8.0,202,202,0,0
2WQG,S23A,22,1,cb,9.0,254,254,0,0
2WQG,S23A,22,1,cb,10.0,327,327,0,0
2WQG,S23A,22,1,centroid,6.0,66,66,0,0
2WQG,S23A,22,1,centroid,7.0,121,121,0,0
2WQG,S23A,22,1,centroid,8.0,167,168,0,1
2WQG,S23A,22,1,centroid,9.0,223,223,0,0
2WQG,S23A,22,1,centroid,10.0,289,290,0,1
2WQG,S23A,22,1,allatom,6.0,268,268,0,0
2WQG,S23A,22,1,allatom,7.0,353,353,0,0
2WQG,S23A,22,1,allatom,8.0,434,434,0,0
2WQG,S23A,22,1,allatom,9.0,505,505,0,0
2WQG,S23A,22,1,allatom,10.0,577,577,0,0
2WQG,S6A,5,1,ca,6.0,138,138,0,0
2WQG,S6A,5,1,ca,7.0,173,173,0,0
2WQG,S6A,5,1,ca,8.0,205,205,0,0
2WQG,S6A,5,1,ca,9.0,266,266,0,0
2WQG,S6A,5,1,ca,10.0,348,348,0,0
2WQG,S6A,5,1,cb,6.0,106,106,0,0
2WQG,S6A,5,1,cb,7.0,145,145,0,0
2WQG,S6A,5,1,cb,8.0,202,202,0,0
2WQG,S6A,5,1,cb,9.0,254,254,0,0
2WQG,S6A,5,1,cb,10.0,327,327,0,0
2WQG,S6A,5,1,centroid,6.0,66,66,0,0
2WQG,S6A,5,1,centroid,7.0,121,121,0,0
2WQG,S6A,5,1,centroid,8.0,167,170,0,3
2WQG,S6A,5,1,centroid,9.0,223,224,0,1
2WQG,S6A,5,1,centroid,10.0,289,290,0,1
2WQG,S6A,5,1,allatom,6.0,268,268,0,0
2WQG,S6A,5,1,allatom,7.0,353,353,0,0
2WQG,S6A,5,1,allatom,8.0,434,434,0,0
2WQG,S6A,5,1,allatom,9.0,505,505,0,0
2WQG,S6A,5,1,allatom,10.0,577,577,0,0
2WQG,S6G,5,1,ca,6.0,138,138,0,0
2WQG,S6G,5,1,ca,7.0,173,173,0,0
2WQG,S6G,5,1,ca,8.0,205,205,0,0
2WQG,S6G,5,1,ca,9.0,266,266,0,0
2WQG,S6G,5,1,ca,10.0,348,348,0,0
2WQG,S6G,5,1,cb,6.0,106,107,0,1
2WQG,S6G,5,1,cb,7.0,145,147,0,2
2WQG,S6G,5,1,cb,8.0,202,203,0,1
2WQG,S6G,5,1,cb,9.0,254,256,1,3
2WQG,S6G,5,1,cb,10.0,327,329,0,2
2WQG,S6G,5,1,centroid,6.0,66,67,0,1
2WQG,S6G,5,1,centroid,7.0,121,124,0,3
2WQG,S6G,5,1,centroid,8.0,167,170,0,3
2WQG,S6G,5,1,centroid,9.0,223,224,0,1
2WQG,S6G,5,1,centroid,10.0,289,292,0,3
2WQG,S6G,5,1,allatom,6.0,268,268,0,0
2WQG,S6G,5,1,allatom,7.0,353,353,0,0
2WQG,S6G,5,1,allatom,8.0,434,434,0,0
2WQG,S6G,5,1,allatom,9.0,505,505,0,0
2WQG,S6G,5,1,allatom,10.0,577,577,0,0
2WQG,T9S,8,1,ca,6.0,138,138,0,0
2WQG,T9S,8,1,ca,7.0,173,173,0,0
2WQG,T9S,8,1,ca,8.0,205,205,0,0
2WQG,T9S,8,1,ca,9.0,266,266,0,0
2WQG,T9S,8,1,ca,10.0,348,348,0,0
2WQG,T9S,8,1,cb,6.0,106,106,0,0
2WQG,T9S,8,1,cb,7.0,145,145,0,0
2WQG,T9S,8,1,cb,8.0,202,202,0,0
2WQG,T9S,8,1,cb,9.0,254,254,0,0
2WQG,T9S,8,1,cb,10.0,327,327,0,0
2WQG,T9S,8,1,centroid,6.0,66,66,1,1
2WQG,T9S,8,1,centroid,7.0,121,123,1,3
2WQG,T9S,8,1,centroid,8.0,167,166,1,0
2WQG,T9S,8,1,centroid,9.0,223,222,1,0
2WQG,T9S,8,1,centroid,10.0,289,286,4,1
2WQG,T9S,8,1,allatom,6.0,268,266,2,0
2WQG,T9S,8,1,allatom,7.0,353,353,0,0
2WQG,T9S,8,1,allatom,8.0,434,432,2,0
2WQG,T9S,8,1,allatom,9.0,505,505,0,0
2WQG,T9S,8,1,allatom,10.0,577,577,0,0
2WQG,V10A,9,1,ca,6.0,138,138,0,0
2WQG,V10A,9,1,ca,7.0,173,173,0,0
2WQG,V10A,9,1,ca,8.0,205,205,0,0
2WQG,V10A,9,1,ca,9.0,266,266,0,0
2WQG,V10A,9,1,ca,10.0,348,348,0,0
2WQG,V10A,9,1,cb,6.0,106,106,0,0
2WQG,V10A,9,1,cb,7.0,145,145,0,0
2WQG,V10A,9,1,cb,8.0,202,202,0,0
2WQG,V10A,9,1,cb,9.0,254,254,0,0
2WQG,V10A,9,1,cb,10.0,327,327,0,0
2WQG,V10A,9,1,centroid,6.0,66,67,1,2
2WQG,V10A,9,1,centroid,7.0,121,122,0,1
2WQG,V10A,9,1,centroid,8.0,167,168,0,1
2WQG,V10A,9,1,centroid,9.0,223,223,3,3
2WQG,V10A,9,1,centroid,10.0,289,289,1,1
2WQG,V10A,9,1,allatom,6.0,268,267,1,0
2WQG,V10A,9,1,allatom,7.0,353,352,1,0
2WQG,V10A,9,1,allatom,8.0,434,434,0,0
2WQG,V10A,9,1,allatom,9.0,505,504,1,0
2WQG,V10A,9,1,allatom,10.0,577,577,0,0
2WQG,V10G,9,1,ca,6.0,138,138,0,0
2WQG,V10G,9,1,ca,7.0,173,173,0,0
2WQG,V10G,9,1,ca,8.0,205,205,0,0
2WQG,V10G,9,1,ca,9.0,266,266,0,0
2WQG,V10G,9,1,ca,10.0,348,348,0,0
2WQG,V10G,9,1,cb,6.0,106,107,0,1
2WQG,V10G,9,1,cb,7.0,145,148,0,3
2WQG,V10G,9,1,cb,8.0,202,203,0,1
2WQG,V10G,9,1,cb,9.0,254,256,0,2
2WQG,V10G,9,1,cb,10.0,327,329,0,2
2WQG,V10G,9,1,centroid,6.0,66,68,2,4
2WQG,V10G,9,1,centroid,7.0,121,122,1,2
2WQG,V10G,9,1,centroid,8.0,167,165,4,2
2WQG,V10G,9,1,centroid,9.0,223,225,3,5
2WQG,V10G,9,1,centroid,10.0,289,295,3,9
2WQG,V10G,9,1,allatom,6.0,268,265,3,0
2WQG,V10G,9,1,allatom,7.0,353,351,3,1
2WQG,V10G,9,1,allatom,8.0,434,433,1,0
2WQG,V10G,9,1,allatom,9.0,505,504,1,0
2WQG,V10G,9,1,allatom,10.0,577,577,0,0
2WQG,V11A,10,1,ca,6.0,138,138,0,0
2WQG,V11A,10,1,ca,7.0,173,173,0,0
2WQG,V11A,10,1,ca,8.0,205,205,0,0
2WQG,V11A,10,1,ca,9.0,266,266,0,0
2WQG,V11A,10,1,ca,10.0,348,348,0,0
2WQG,V11A,10,1,cb,6.0,106,106,0,0
2WQG,V11A,10,1,cb,7.0,145,145,0,0
2WQG,V11A,10,1,cb,8.0,202,202,0,0
2WQG,V11A,10,1,cb,9.0,254,254,0,0
2WQG,V11A,10,1,cb,10.0,327,327,0,0
2WQG,V11A,10,1,centroid,6.0,66,66,0,0
2WQG,V11A,10,1,centroid,7.0,121,122,0,1
2WQG,V11A,10,1,centroid,8.0,167,167,0,0
2WQG,V11A,10,1,centroid,9.0,223,223,0,0
2WQG,V11A,10,1,centroid,10.0,289,290,0,1
2WQG,V11A,10,1,allatom,6.0,268,268,0,0
2WQG,V11A,10,1,allatom,7.0,353,353,0,0
2WQG,V11A,10,1,allatom,8.0,434,434,0,0
2WQG,V11A,10,1,allatom,9.0,505,505,0,0
2WQG,V11A,10,1,allatom,10.0,577,577,0,0
2WQG,V11G,10,1,ca,6.0,138,138,0,0
2WQG,V11G,10,1,ca,7.0,173,173,0,0
2WQG,V11G,10,1,ca,8.0,205,205,0,0
2WQG,V11G,10,1,ca,9.0,266,266,0,0
2WQG,V11G,10,1,ca,10.0,348,348,0,0
2WQG,V11G,10,1,cb,6.0,106,108,0,2
2WQG,V11G,10,1,cb,7.0,145,146,0,1
2WQG,V11G,10,1,cb,8.0,202,202,0,0
2WQG,V11G,10,1,cb,9.0,254,258,0,4
2WQG,V11G,10,1,cb,10.0,327,329,0,2
2WQG,V11G,10,1,centroid,6.0,66,67,1,2
2WQG,V11G,10,1,centroid,7.0,121,123,0,2
2WQG,V11G,10,1,centroid,8.0,167,170,0,3
2WQG,V11G,10,1,centroid,9.0,223,228,0,5
2WQG,V11G,10,1,centroid,10.0,289,291,1,3
2WQG,V11G,10,1,allatom,6.0,268,268,0,0
2WQG,V11G,10,1,allatom,7.0,353,353,0,0
2WQG,V11G,10,1,allatom,8.0,434,434,0,0
2WQG,V11G,10,1,allatom,9.0,505,505,0,0
2WQG,V11G,10,1,allatom,10.0,577,577,0,0
2WQG,V24A,23,1,ca,6.0,138,138,0,0
2WQG,V24A,23,1,ca,7.0,173,173,0,0
2WQG,V24A,23,1,ca,8.0,205,205,0,0
2WQG,V24A,23,1,ca,9.0,266,266,0,0
2WQG,V24A,23,1,ca,10.0,348,348,0,0
2WQG,V24A,23,1,cb,6.0,106,106,0,0
2WQG,V24A,23,1,cb,7.0,145,145,0,0
2WQG,V24A,23,1,cb,8.0,202,202,0,0
2WQG,V24A,23,1,cb,9.0,254,254,0,0
2WQG,V24A,23,1,cb,10.0,327,327,0,0
2WQG,V24A,23,1,centroid,6.0,66,67,0,1
2WQG,V24A,23,1,centroid,7.0,121,123,1,3
2WQG,V24A,23,1,centroid,8.0,167,168,0,1
2WQG,V24A,23,1,centroid,9.0,223,222,4,3
2WQG,V24A,23,1,centroid,10.0,289,289,3,3
2WQG,V24A,23,1,allatom,6.0,268,267,1,0
2WQG,V24A,23,1,allatom,7.0,353,350,3,0
2WQG,V24A,23,1,allatom,8.0,434,433,2,1
2WQG,V24A,23,1,allatom,9.0,505,505,0,0
2WQG,V24A,23,1,allatom,10.0,577,578,0,1
2WQG,Y5F,4,1,ca,6.0,138,138,0,0
2WQG,Y5F,4,1,ca,7.0,173,173,0,0
2WQG,Y5F,4,1,ca,8.0,205,205,0,0
2WQG,Y5F,4,1,ca,9.0,266,266,0,0
2WQG,Y5F,4,1,ca,10.0,348,348,0,0
2WQG,Y5F,4,1,cb,6.0,106,106,0,0
2WQG,Y5F,4,1,cb,7.0,145,145,0,0
2WQG,Y5F,4,1,cb,8.0,202,202,0,0
2WQG,Y5F,4,1,cb,9.0,254,254,0,0
2WQG,Y5F,4,1,cb,10.0,327,327,0,0
2WQG,Y5F,4,1,centroid,6.0,66,66,1,1
2WQG,Y5F,4,1,centroid,7.0,121,119,2,0
2WQG,Y5F,4,1,centroid,8.0,167,168,1,2
2WQG,Y5F,4,1,centroid,9.0,223,219,6,2
2WQG,Y5F,4,1,centroid,10.0,289,283,6,0
2WQG,Y5F,4,1,allatom,6.0,268,268,1,1
2WQG,Y5F,4,1,allatom,7.0,353,351,4,2
2WQG,Y5F,4,1,allatom,8.0,434,428,8,2
2WQG,Y5F,4,1,allatom,9.0,505,504,2,1
2WQG,Y5F,4,1,allatom,10.0,577,571,7,1
2ZTA,E11Q,10,0,ca,6.0,90,90,0,0
2ZTA,E11Q,10,0,ca,7.0,114,114,0,0
2ZTA,E11Q,10,0,ca,8.0,114,114,0,0
2ZTA,E11Q,10,0,ca,9.0,139,139,0,0
2ZTA,E11Q,10,0,ca,10.0,160,160,0,0
2ZTA,E11Q,10,0,cb,6.0,57,57,0,0
2ZTA,E11Q,10,0,cb,7.0,85,85,0,0
2ZTA,E11Q,10,0,cb,8.0,114,114,0,0
2ZTA,E11Q,10,0,cb,9.0,114,114,0,0
2ZTA,E11Q,10,0,cb,10.0,134,134,0,0
2ZTA,E11Q,10,0,centroid,6.0,21,20,2,1
2ZTA,E11Q,10,0,centroid,7.0,41,42,1,2
2ZTA,E11Q,10,0,centroid,8.0,69,68,1,0
2ZTA,E11Q,10,0,centroid,9.0,93,92,1,0
2ZTA,E11Q,10,0,centroid,10.0,110,110,2,2
2ZTA,E11Q,10,0,allatom,6.0,141,140,1,0
2ZTA,E11Q,10,0,allatom,7.0,161,160,1,0
2ZTA,E11Q,10,0,allatom,8.0,189,189,0,0
2ZTA,E11Q,10,0,allatom,9.0,200,200,0,0
2ZTA,E11Q,10,0,allatom,10.0,212,212,0,0
2ZTA,E20Q,19,0,ca,6.0,90,90,0,0
2ZTA,E20Q,19,0,ca,7.0,114,114,0,0
2ZTA,E20Q,19,0,ca,8.0,114,114,0,0
2ZTA,E20Q,19,0,ca,9.0,139,139,0,0
2ZTA,E20Q,19,0,ca,10.0,160,160,0,0
2ZTA,E20Q,19,0,cb,6.0,57,57,0,0
2ZTA,E20Q,19,0,cb,7.0,85,85,0,0
2ZTA,E20Q,19,0,cb,8.0,114,114,0,0
2ZTA,E20Q,19,0,cb,9.0,114,114,0,0
2ZTA,E20Q,19,0,cb,10.0,134,134,0,0
2ZTA,E20Q,19,0,centroid,6.0,21,22,1,2
2ZTA,E20Q,19,0,centroid,7.0,41,42,2,3
2ZTA,E20Q,19,0,centroid,8.0,69,68,2,1
2ZTA,E20Q,19,0,centroid,9.0,93,93,1,1
2ZTA,E20Q,19,0,centroid,10.0,110,110,2,2
2ZTA,E20Q,19,0,allatom,6.0,141,141,0,0
2ZTA,E20Q,19,0,allatom,7.0,161,162,1,2
2ZTA,E20Q,19,0,allatom,8.0,189,188,1,0
2ZTA,E20Q,19,0,allatom,9.0,200,200,0,0
2ZTA,E20Q,19,0,allatom,10.0,212,212,0,0
2ZTA,E22Q,21,0,ca,6.0,90,90,0,0
2ZTA,E22Q,21,0,ca,7.0,114,114,0,0
2ZTA,E22Q,21,0,ca,8.0,114,114,0,0
2ZTA,E22Q,21,0,ca,9.0,139,139,0,0
2ZTA,E22Q,21,0,ca,10.0,160,160,0,0
2ZTA,E22Q,21,0,cb,6.0,57,57,0,0
2ZTA,E22Q,21,0,cb,7.0,85,85,0,0
2ZTA,E22Q,21,0,cb,8.0,114,114,0,0
2ZTA,E22Q,21,0,cb,9.0,114,114,0,0
2ZTA,E22Q,21,0,cb,10.0,134,134,0,0
2ZTA,E22Q,21,0,centroid,6.0,21,20,5,4
2ZTA,E22Q,21,0,centroid,7.0,41,41,4,4
2ZTA,E22Q,21,0,centroid,8.0,69,70,4,5
2ZTA,E22Q,21,0,centroid,9.0,93,92,4,3
2ZTA,E22Q,21,0,centroid,10.0,110,111,0,1
2ZTA,E22Q,21,0,allatom,6.0,141,141,0,0
2ZTA,E22Q,21,0,allatom,7.0,161,163,1,3
2ZTA,E22Q,21,0,allatom,8.0,189,190,0,1
2ZTA,E22Q,21,0,allatom,9.0,200,202,0,2
2ZTA,E22Q,21,0,allatom,10.0,212,213,0,1
2ZTA,K15A,14,0,ca,6.0,90,90,0,0
2ZTA,K15A,14,0,ca,7.0,114,114,0,0
2ZTA,K15A,14,0,ca,8.0,114,114,0,0
2ZTA,K15A,14,0,ca,9.0,139,139,0,0
2ZTA,K15A,14,0,ca,10.0,160,160,0,0
2ZTA,K15A,14,0,cb,6.0,57,57,0,0
2ZTA,K15A,14,0,cb,7.0,85,85,0,0
2ZTA,K15A,14,0,cb,8.0,114,114,0,0
2ZTA,K15A,14,0,cb,9.0,114,114,0,0
2ZTA,K15A,14,0,cb,10.0,134,134,0,0
2ZTA,K15A,14,0,centroid,6.0,21,20,4,3
2ZTA,K15A,14,0,centroid,7.0,41,43,2,4
2ZTA,K15A,14,0,centroid,8.0,69,72,0,3
2ZTA,K15A,14,0,centroid,9.0,93,93,1,1
2ZTA,K15A,14,0,centroid,10.0,110,112,0,2
2ZTA,K15A,14,0,allatom,6.0,141,140,1,0
2ZTA,K15A,14,0,allatom,7.0,161,160,1,0
2ZTA,K15A,14,0,allatom,8.0,189,189,0,0
2ZTA,K15A,14,0,allatom,9.0,200,200,0,0
2ZTA,K15A,14,0,allatom,10.0,212,212,0,0
2ZTA,K27A,26,0,ca,6.0,90,90,0,0
2ZTA,K27A,26,0,ca,7.0,114,114,0,0
2ZTA,K27A,26,0,ca,8.0,114,114,0,0
2ZTA,K27A,26,0,ca,9.0,139,139,0,0
2ZTA,K27A,26,0,ca,10.0,160,160,0,0
2ZTA,K27A,26,0,cb,6.0,57,57,0,0
2ZTA,K27A,26,0,cb,7.0,85,85,0,0
2ZTA,K27A,26,0,cb,8.0,114,114,0,0
2ZTA,K27A,26,0,cb,9.0,114,114,0,0
2ZTA,K27A,26,0,cb,10.0,134,134,0,0
2ZTA,K27A,26,0,centroid,6.0,21,23,0,2
2ZTA,K27A,26,0,centroid,7.0,41,42,0,1
2ZTA,K27A,26,0,centroid,8.0,69,72,0,3
2ZTA,K27A,26,0,centroid,9.0,93,97,0,4
2ZTA,K27A,26,0,centroid,10.0,110,112,0,2
2ZTA,K27A,26,0,allatom,6.0,141,141,0,0
2ZTA,K27A,26,0,allatom,7.0,161,161,0,0
2ZTA,K27A,26,0,allatom,8.0,189,189,0,0
2ZTA,K27A,26,0,allatom,9.0,200,200,0,0
2ZTA,K27A,26,0,allatom,10.0,212,212,0,0
2ZTA,K28A,27,0,ca,6.0,90,90,0,0
2ZTA,K28A,27,0,ca,7.0,114,114,0,0
2ZTA,K28A,27,0,ca,8.0,114,114,0,0
2ZTA,K28A,27,0,ca,9.0,139,139,0,0
2ZTA,K28A,27,0,ca,10.0,160,160,0,0
2ZTA,K28A,27,0,cb,6.0,57,57,0,0
2ZTA,K28A,27,0,cb,7.0,85,85,0,0
2ZTA,K28A,27,0,cb,8.0,114,114,0,0
2ZTA,K28A,27,0,cb,9.0,114,114,0,0
2ZTA,K28A,27,0,cb,10.0,134,134,0,0
2ZTA,K28A,27,0,centroid,6.0,21,21,0,0
2ZTA,K28A,27,0,centroid,7.0,41,43,0,2
2ZTA,K28A,27,0,centroid,8.0,69,72,0,3
2ZTA,K28A,27,0,centroid,9.0,93,96,0,3
2ZTA,K28A,27,0,centroid,10.0,110,111,0,1
2ZTA,K28A,27,0,allatom,6.0,141,141,0,0
2ZTA,K28A,27,0,allatom,7.0,161,161,0,0
2ZTA,K28A,27,0,allatom,8.0,189,189,0,0
2ZTA,K28A,27,0,allatom,9.0,200,200,0,0
2ZTA,K28A,27,0,allatom,10.0,212,212,0,0
2ZTA,K8A,7,0,ca,6.0,90,90,0,0
2ZTA,K8A,7,0,ca,7.0,114,114,0,0
2ZTA,K8A,7,0,ca,8.0,114,114,0,0
2ZTA,K8A,7,0,ca,9.0,139,139,0,0
2ZTA,K8A,7,0,ca,10.0,160,160,0,0
2ZTA,K8A,7,0,cb,6.0,57,57,0,0
2ZTA,K8A,7,0,cb,7.0,85,85,0,0
2ZTA,K8A,7,0,cb,8.0,114,114,0,0
2ZTA,K8A,7,0,cb,9.0,114,114,0,0
2ZTA,K8A,7,0,cb,10.0,134,134,0,0
2ZTA,K8A,7,0,centroid,6.0,21,21,2,2
2ZTA,K8A,7,0,centroid,7.0,41,45,0,4
2ZTA,K8A,7,0,centroid,8.0,69,70,0,1
2ZTA,K8A,7,0,centroid,9.0,93,94,1,2
2ZTA,K8A,7,0,centroid,10.0,110,111,0,1
2ZTA,K8A,7,0,allatom,6.0,141,140,1,0
2ZTA,K8A,7,0,allatom,7.0,161,160,1,0
2ZTA,K8A,7,0,allatom,8.0,189,189,0,0
2ZTA,K8A,7,0,allatom,9.0,200,200,0,0
2ZTA,K8A,7,0,allatom,10.0,212,212,0,0
2ZTA,R25A,24,0,ca,6.0,90,90,0,0
2ZTA,R25A,24,0,ca,7.0,114,114,0,0
2ZTA,R25A,24,0,ca,8.0,114,114,0,0
2ZTA,R25A,24,0,ca,9.0,139,139,0,0
2ZTA,R25A,24,0,ca,10.0,160,160,0,0
2ZTA,R25A,24,0,cb,6.0,57,57,0,0
2ZTA,R25A,24,0,cb,7.0,85,85,0,0
2ZTA,R25A,24,0,cb,8.0,114,114,0,0
2ZTA,R25A,24,0,cb,9.0,114,114,0,0
2ZTA,R25A,24,0,cb,10.0,134,134,0,0
2ZTA,R25A,24,0,centroid,6.0,21,22,2,3
2ZTA,R25A,24,0,centroid,7.0,41,43,0,2
2ZTA,R25A,24,0,centroid,8.0,69,72,1,4
2ZTA,R25A,24,0,centroid,9.0,93,96,0,3
2ZTA,R25A,24,0,centroid,10.0,110,110,1,1
2ZTA,R25A,24,0,allatom,6.0,141,141,0,0
2ZTA,R25A,24,0,allatom,7.0,161,161,0,0
2ZTA,R25A,24,0,allatom,8.0,189,189,0,0
2ZTA,R25A,24,0,allatom,9.0,200,200,0,0
2ZTA,R25A,24,0,allatom,10.0,212,212,0,0
3BN0,I20V,18,0,ca,6.0,251,251,0,0
3BN0,I20V,18,0,ca,7.0,364,364,0,0
3BN0,I20V,18,0,ca,8.0,432,432,0,0
3BN0,I20V,18,0,ca,9.0,539,539,0,0
3BN0,I20V,18,0,ca,10.0,725,725,0,0
3BN0,I20V,18,0,cb,6.0,200,200,0,0
3BN0,I20V,18,0,cb,7.0,311,311,0,0
3BN0,I20V,18,0,cb,8.0,436,436,0,0
3BN0,I20V,18,0,cb,9.0,535,535,0,0
3BN0,I20V,18,0,cb,10.0,716,716,0,0
3BN0,I20V,18,0,centroid,6.0,148,147,2,1
3BN0,I20V,18,0,centroid,7.0,235,234,3,2
3BN0,I20V,18,0,centroid,8.0,327,325,3,1
3BN0,I20V,18,0,centroid,9.0,475,472,5,2
3BN0,I20V,18,0,centroid,10.0,632,629,5,2
3BN0,I20V,18,0,allatom,6.0,548,547,2,1
3BN0,I20V,18,0,allatom,7.0,681,684,1,4
3BN0,I20V,18,0,allatom,8.0,965,963,3,1
3BN0,I20V,18,0,allatom,9.0,1167,1168,3,4
3BN0,I20V,18,0,allatom,10.0,1379,1381,2,4
3C2I,F155S,64,0,ca,6.0,168,168,0,0
3C2I,F155S,64,0,ca,7.0,240,240,0,0
3C2I,F155S,64,0,ca,8.0,280,280,0,0
3C2I,F155S,64,0,ca,9.0,362,362,0,0
3C2I,F155S,64,0,ca,10.0,487,487,0,0
3C2I,F155S,64,0,cb,6.0,139,139,0,0
3C2I,F155S,64,0,cb,7.0,202,202,0,0
3C2I,F155S,64,0,cb,8.0,279,279,0,0
3C2I,F155S,64,0,cb,9.0,340,340,0,0
3C2I,F155S,64,0,cb,10.0,441,441,0,0
3C2I,F155S,64,0,centroid,6.0,99,97,5,3
3C2I,F155S,64,0,centroid,7.0,155,157,3,5
3C2I,F155S,64,0,centroid,8.0,226,228,2,4
3C2I,F155S,64,0,centroid,9.0,307,310,2,5
3C2I,F155S,64,0,centroid,10.0,425,432,1,8
3C2I,F155S,64,0,allatom,6.0,372,371,3,2
3C2I,F155S,64,0,allatom,7.0,481,480,2,1
3C2I,F155S,64,0,allatom,8.0,630,627,6,3
3C2I,F155S,64,0,allatom,9.0,753,753,8,8
3C2I,F155S,64,0,allatom,10.0,885,880,11,6
3C2I,T158A,67,0,ca,6.0,168,168,0,0
3C2I,T158A,67,0,ca,7.0,240,240,0,0
3C2I,T158A,67,0,ca,8.0,280,280,0,0
3C2I,T158A,67,0,ca,9.0,362,362,0,0
3C2I,T158A,67,0,ca,10.0,487,487,0,0
3C2I,T158A,67,0,cb,6.0,139,139,0,0
3C2I,T158A,67,0,cb,7.0,202,202,0,0
3C2I,T158A,67,0,cb,8.0,279,279,0,0
3C2I,T158A,67,0,cb,9.0,340,340,0,0
3C2I,T158A,67,0,cb,10.0,441,441,0,0
3C2I,T158A,67,0,centroid,6.0,99,99,1,1
3C2I,T158A,67,0,centroid,7.0,155,156,0,1
3C2I,T158A,67,0,centroid,8.0,226,226,0,0
3C2I,T158A,67,0,centroid,9.0,307,307,0,0
3C2I,T158A,67,0,centroid,10.0,425,425,0,0
3C2I,T158A,67,0,allatom,6.0,372,372,0,0
3C2I,T158A,67,0,allatom,7.0,481,481,0,0
3C2I,T158A,67,0,allatom,8.0,630,630,0,0
3C2I,T158A,67,0,allatom,9.0,753,754,0,1
3C2I,T158A,67,0,allatom,10.0,885,884,1,0
3C2I,T158M,67,0,ca,6.0,168,168,0,0
3C2I,T158M,67,0,ca,7.0,240,240,0,0
3C2I,T158M,67,0,ca,8.0,280,280,0,0
3C2I,T158M,67,0,ca,9.0,362,362,0,0
3C2I,T158M,67,0,ca,10.0,487,487,0,0
3C2I,T158M,67,0,cb,6.0,139,139,0,0
3C2I,T158M,67,0,cb,7.0,202,202,0,0
3C2I,T158M,67,0,cb,8.0,279,279,0,0
3C2I,T158M,67,0,cb,9.0,340,340,0,0
3C2I,T158M,67,0,cb,10.0,441,441,0,0
3C2I,T158M,67,0,centroid,6.0,99,97,2,0
3C2I,T158M,67,0,centroid,7.0,155,153,2,0
3C2I,T158M,67,0,centroid,8.0,226,226,1,1
3C2I,T158M,67,0,centroid,9.0,307,306,1,0
3C2I,T158M,67,0,centroid,10.0,425,421,4,0
3C2I,T158M,67,0,allatom,6.0,372,372,0,0
3C2I,T158M,67,0,allatom,7.0,481,481,0,0
3C2I,T158M,67,0,allatom,8.0,630,632,0,2
3C2I,T158M,67,0,allatom,9.0,753,754,0,1
3C2I,T158M,67,0,allatom,10.0,885,885,1,1
3DV0,A131G,4,0,ca,6.0,108,106,27,25
3DV0,A131G,4,0,ca,7.0,151,147,34,30
3DV0,A131G,4,0,ca,8.0,174,167,46,39
3DV0,A131G,4,0,ca,9.0,233,224,64,55
3DV0,A131G,4,0,ca,10.0,295,282,88,75
3DV0,A131G,4,0,cb,6.0,95,87,44,36
3DV0,A131G,4,0,cb,7.0,138,130,62,54
3DV0,A131G,4,0,cb,8.0,180,171,66,57
3DV0,A131G,4,0,cb,9.0,225,205,87,67
3DV0,A131G,4,0,cb,10.0,303,275,118,90
3DV0,A131G,4,0,centroid,6.0,67,58,57,48
3DV0,A131G,4,0,centroid,7.0,115,101,78,64
3DV0,A131G,4,0,centroid,8.0,159,142,93,76
3DV0,A131G,4,0,centroid,9.0,211,183,112,84
3DV0,A131G,4,0,centroid,10.0,266,237,124,95
3DV0,A131G,4,0,allatom,6.0,217,212,68,63
3DV0,A131G,4,0,allatom,7.0,282,273,90,81
3DV0,A131G,4,0,allatom,8.0,354,348,103,97
3DV0,A131G,4,0,allatom,9.0,428,413,117,102
3DV0,A131G,4,0,allatom,10.0,496,473,118,95
3DV0,A139G,12,0,ca,6.0,108,106,27,25
3DV0,A139G,12,0,ca,7.0,151,147,34,30
3DV0,A139G,12,0,ca,8.0,174,167,46,39
3DV0,A139G,12,0,ca,9.0,233,224,64,55
3DV0,A139G,12,0,ca,10.0,295,282,88,75
3DV0,A139G,12,0,cb,6.0,95,89,44,38
3DV0,A139G,12,0,cb,7.0,138,132,62,56
3DV0,A139G,12,0,cb,8.0,180,169,66,55
3DV0,A139G,12,0,cb,9.0,225,208,87,70
3DV0,A139G,12,0,cb,10.0,303,277,117,91
3DV0,A139G,12,0,centroid,6.0,67,58,57,48
3DV0,A139G,12,0,centroid,7.0,115,103,78,66
3DV0,A139G,12,0,centroid,8.0,159,142,94,77
3DV0,A139G,12,0,centroid,9.0,211,186,111,86
3DV0,A139G,12,0,centroid,10.0,266,240,122,96
3DV0,A139G,12,0,allatom,6.0,217,214,67,64
3DV0,A139G,12,0,allatom,7.0,282,276,88,82
3DV0,A139G,12,0,allatom,8.0,354,347,104,97
3DV0,A139G,12,0,allatom,9.0,428,418,116,106
3DV0,A139G,12,0,allatom,10.0,496,480,115,99
3DV0,A165G,38,0,ca,6.0,108,106,27,25
3DV0,A165G,38,0,ca,7.0,151,147,34,30
3DV0,A165G,38,0,ca,8.0,174,167,46,39
3DV0,A165G,38,0,ca,9.0,233,224,64,55
3DV0,A165G,38,0,ca,10.0,295,282,88,75
3DV0,A165G,38,0,cb,6.0,95,88,45,38
3DV0,A165G,38,0,cb,7.0,138,132,63,57
3DV0,A165G,38,0,cb,8.0,180,172,66,58
3DV0,A165G,38,0,cb,9.0,225,206,87,68
3DV0,A165G,38,0,cb,10.0,303,277,117,91
3DV0,A165G,38,0,centroid,6.0,67,58,58,49
3DV0,A165G,38,0,centroid,7.0,115,102,80,67
3DV0,A165G,38,0,centroid,8.0,159,144,93,78
3DV0,A165G,38,0,centroid,9.0,211,188,111,88
3DV0,A165G,38,0,centroid,10.0,266,237,125,96
3DV0,A165G,38,0,allatom,6.0,217,214,67,64
3DV0,A165G,38,0,allatom,7.0,282,277,89,84
3DV0,A165G,38,0,allatom,8.0,354,348,103,97
3DV0,A165G,38,0,allatom,9.0,428,415,117,104
3DV0,A165G,38,0,allatom,10.0,496,478,117,99
3DV0,A168G,41,0,ca,6.0,108,106,27,25
3DV0,A168G,41,0,ca,7.0,151,147,34,30
3DV0,A168G,41,0,ca,8.0,174,167,46,39
3DV0,A168G,41,0,ca,9.0,233,224,64,55
3DV0,A168G,41,0,ca,10.0,295,282,88,75
3DV0,A168G,41,0,cb,6.0,95,86,44,35
3DV0,A168G,41,0,cb,7.0,138,132,62,56
3DV0,A168G,41,0,cb,8.0,180,172,66,58
3DV0,A168G,41,0,cb,9.0,225,208,87,70
3DV0,A168G,41,0,cb,10.0,303,278,117,92
3DV0,A168G,41,0,centroid,6.0,67,56,58,47
3DV0,A168G,41,0,centroid,7.0,115,102,79,66
3DV0,A168G,41,0,centroid,8.0,159,143,93,77
3DV0,A168G,41,0,centroid,9.0,211,189,110,88
3DV0,A168G,41,0,centroid,10.0,266,240,123,97
3DV0,A168G,41,0,allatom,6.0,217,214,67,64
3DV0,A168G,41,0,allatom,7.0,282,277,89,84
3DV0,A168G,41,0,allatom,8.0,354,349,103,98
3DV0,A168G,41,0,allatom,9.0,428,416,117,105
3DV0,A168G,41,0,allatom,10.0,496,478,117,99
3DV0,D145A,18,0,ca,6.0,108,106,27,25
3DV0,D145A,18,0,ca,7.0,151,147,34,30
3DV0,D145A,18,0,ca,8.0,174,167,46,39
3DV0,D145A,18,0,ca,9.0,233,224,64,55
3DV0,D145A,18,0,ca,10.0,295,282,88,75
3DV0,D145A,18,0,cb,6.0,95,87,44,36
3DV0,D145A,18,0,cb,7.0,138,131,62,55
3DV0,D145A,18,0,cb,8.0,180,172,66,58
3DV0,D145A,18,0,cb,9.0,225,208,87,70
3DV0,D145A,18,0,cb,10.0,303,278,117,92
3DV0,D145A,18,0,centroid,6.0,67,57,58,48
3DV0,D145A,18,0,centroid,7.0,115,104,76,65
3DV0,D145A,18,0,centroid,8.0,159,146,91,78
3DV0,D145A,18,0,centroid,9.0,211,188,111,88
3DV0,D145A,18,0,centroid,10.0,266,241,123,98
3DV0,D145A,18,0,allatom,6.0,217,214,67,64
3DV0,D145A,18,0,allatom,7.0,282,276,89,83
3DV0,D145A,18,0,allatom,8.0,354,349,103,98
3DV0,D145A,18,0,allatom,9.0,428,416,117,105
3DV0,D145A,18,0,allatom,10.0,496,479,117,100
3DV0,D145N,18,0,ca,6.0,108,106,27,25
3DV0,D145N,18,0,ca,7.0,151,147,34,30
3DV0,D145N,18,0,ca,8.0,174,167,46,39
3DV0,D145N,18,0,ca,9.0,233,224,64,55
3DV0,D145N,18,0,ca,10.0,295,282,88,75
3DV0,D145N,18,0,cb,6.0,95,87,44,36
3DV0,D145N,18,0,cb,7.0,138,131,62,55
3DV0,D145N,18,0,cb,8.0,180,172,66,58
3DV0,D145N,18,0,cb,9.0,225,208,87,70
3DV0,D145N,18,0,cb,10.0,303,278,117,92
3DV0,D145N,18,0,centroid,6.0,67,56,58,47
3DV0,D145N,18,0,centroid,7.0,115,101,78,64
3DV0,D145N,18,0,centroid,8.0,159,143,93,77
3DV0,D145N,18,0,centroid,9.0,211,189,110,88
3DV0,D145N,18,0,centroid,10.0,266,242,122,98
3DV0,D145N,18,0,allatom,6.0,217,214,67,64
3DV0,D145N,18,0,allatom,7.0,282,278,88,84
3DV0,D145N,18,0,allatom,8.0,354,350,102,98
3DV0,D145N,18,0,allatom,9.0,428,416,117,105
3DV0,D145N,18,0,allatom,10.0,496,478,117,99
3DV0,D162N,35,0,ca,6.0,108,106,27,25
3DV0,D162N,35,0,ca,7.0,151,147,34,30
3DV0,D162N,35,0,ca,8.0,174,167,46,39
3DV0,D162N,35,0,ca,9.0,233,224,64,55
3DV0,D162N,35,0,ca,10.0,295,282,88,75
3DV0,D162N,35,0,cb,6.0,95,87,44,36
3DV0,D162N,35,0,cb,7.0,138,131,62,55
3DV0,D162N,35,0,cb,8.0,180,172,66,58
3DV0,D162N,35,0,cb,9.0,225,208,87,70
3DV0,D162N,35,0,cb,10.0,303,278,117,92
3DV0,D162N,35,0,centroid,6.0,67,55,59,47
3DV0,D162N,35,0,centroid,7.0,115,102,79,66
3DV0,D162N,35,0,centroid,8.0,159,142,93,76
3DV0,D162N,35,0,centroid,9.0,211,187,112,88
3DV0,D162N,35,0,centroid,10.0,266,236,126,96
3DV0,D162N,35,0,allatom,6.0,217,213,67,63
3DV0,D162N,35,0,allatom,7.0,282,277,89,84
3DV0,D162N,35,0,allatom,8.0,354,348,103,97
3DV0,D162N,35,0,allatom,9.0,428,416,117,105
3DV0,D162N,35,0,allatom,10.0,496,477,118,99
3DV0,D164A,37,0,ca,6.0,108,106,27,25
3DV0,D164A,37,0,ca,7.0,151,147,34,30
3DV0,D164A,37,0,ca,8.0,174,167,46,39
3DV0,D164A,37,0,ca,9.0,233,224,64,55
3DV0,D164A,37,0,ca,10.0,295,282,88,75
3DV0,D164A,37,0,cb,6.0,95,87,44,36
3DV0,D164A,37,0,cb,7.0,138,131,62,55
3DV0,D164A,37,0,cb,8.0,180,172,66,58
3DV0,D164A,37,0,cb,9.0,225,208,87,70
3DV0,D164A,37,0,cb,10.0,303,278,117,92
3DV0,D164A,37,0,centroid,6.0,67,56,59,48
3DV0,D164A,37,0,centroid,7.0,115,103,78,66
3DV0,D164A,37,0,centroid,8.0,159,143,94,78
3DV0,D164A,37,0,centroid,9.0,211,190,109,88
3DV0,D164A,37,0,centroid,10.0,266,243,123,100
3DV0,D164A,37,0,allatom,6.0,217,213,67,63
3DV0,D164A,37,0,allatom,7.0,282,277,90,85
3DV0,D164A,37,0,allatom,8.0,354,350,103,99
3DV0,D164A,37,0,allatom,9.0,428,416,117,105
3DV0,D164A,37,0,allatom,10.0,496,477,118,99
3DV0,D164G,37,0,ca,6.0,108,106,27,25
3DV0,D164G,37,0,ca,7.0,151,147,34,30
3DV0,D164G,37,0,ca,8.0,174,167,46,39
3DV0,D164G,37,0,ca,9.0,233,224,64,55
3DV0,D164G,37,0,ca,10.0,295,282,88,75
3DV0,D164G,37,0,cb,6.0,95,89,44,38
3DV0,D164G,37,0,cb,7.0,138,132,62,56
3DV0,D164G,37,0,cb,8.0,180,174,66,60
3DV0,D164G,37,0,cb,9.0,225,211,87,73
3DV0,D164G,37,0,cb,10.0,303,279,116,92
3DV0,D164G,37,0,centroid,6.0,67,59,59,51
3DV0,D164G,37,0,centroid,7.0,115,103,78,66
3DV0,D164G,37,0,centroid,8.0,159,146,94,81
3DV0,D164G,37,0,centroid,9.0,211,193,108,90
3DV0,D164G,37,0,centroid,10.0,266,244,122,100
3DV0,D164G,37,0,allatom,6.0,217,213,67,63
3DV0,D164G,37,0,allatom,7.0,282,277,90,85
3DV0,D164G,37,0,allatom,8.0,354,350,103,99
3DV0,D164G,37,0,allatom,9.0,428,416,117,105
3DV0,D164G,37,0,allatom,10.0,496,477,118,99
3DV0,D164N,37,0,ca,6.0,108,106,27,25
3DV0,D164N,37,0,ca,7.0,151,147,34,30
3DV0,D164N,37,0,ca,8.0,174,167,46,39
3DV0,D164N,37,0,ca,9.0,233,224,64,55
3DV0,D164N,37,0,ca,10.0,295,282,88,75
3DV0,D164N,37,0,cb,6.0,95,87,44,36
3DV0,D164N,37,0,cb,7.0,138,131,62,55
3DV0,D164N,37,0,cb,8.0,180,172,66,58
3DV0,D164N,37,0,cb,9.0,225,208,87,70
3DV0,D164N,37,0,cb,10.0,303,278,117,92
3DV0,D164N,37,0,centroid,6.0,67,56,59,48
3DV0,D164N,37,0,centroid,7.0,115,103,79,67
3DV0,D164N,37,0,centroid,8.0,159,143,94,78
3DV0,D164N,37,0,centroid,9.0,211,189,110,88
3DV0,D164N,37,0,centroid,10.0,266,242,122,98
3DV0,D164N,37,0,allatom,6.0,217,214,67,64
3DV0,D164N,37,0,allatom,7.0,282,277,89,84
3DV0,D164N,37,0,allatom,8.0,354,349,103,98
3DV0,D164N,37,0,allatom,9.0,428,417,116,105
3DV0,D164N,37,0,allatom,10.0,496,479,116,99
3DV0,E141A,14,0,ca,6.0,108,106,27,25
3DV0,E141A,14,0,ca,7.0,151,147,34,30
3DV0,E141A,14,0,ca,8.0,174,167,46,39
3DV0,E141A,14,0,ca,9.0,233,224,64,55
3DV0,E141A,14,0,ca,10.0,295,282,88,75
3DV0,E141A,14,0,cb,6.0,95,87,44,36
3DV0,E141A,14,0,cb,7.0,138,131,62,55
3DV0,E141A,14,0,cb,8.0,180,172,66,58
3DV0,E141A,14,0,cb,9.0,225,208,87,70
3DV0,E141A,14,0,cb,10.0,303,278,117,92
3DV0,E141A,14,0,centroid,6.0,67,55,58,46
3DV0,E141A,14,0,centroid,7.0,115,104,79,68
3DV0,E141A,14,0,centroid,8.0,159,146,92,79
3DV0,E141A,14,0,centroid,9.0,211,190,110,89
3DV0,E141A,14,0,centroid,10.0,266,241,123,98
3DV0,E141A,14,0,allatom,6.0,217,213,67,63
3DV0,E141A,14,0,allatom,7.0,282,276,89,83
3DV0,E141A,14,0,allatom,8.0,354,347,104,97
3DV0,E141A,14,0,allatom,9.0,428,414,117,103
3DV0,E141A,14,0,allatom,10.0,496,478,118,100
3DV0,E141Q,14,0,ca,6.0,108,106,27,25
3DV0,E141Q,14,0,ca,7.0,151,147,34,30
3DV0,E141Q,14,0,ca,8.0,174,167,46,39
3DV0,E141Q,14,0,ca,9.0,233,224,64,55
3DV0,E141Q,14,0,ca,10.0,295,282,88,75
3DV0,E141Q,14,0,cb,6.0,95,87,44,36
3DV0,E141Q,14,0,cb,7.0,138,131,62,55
3DV0,E141Q,14,0,cb,8.0,180,172,66,58
3DV0,E141Q,14,0,cb,9.0,225,208,87,70
3DV0,E141Q,14,0,cb,10.0,303,278,117,92
3DV0,E141Q,14,0,centroid,6.0,67,55,58,46
3DV0,E141Q,14,0,centroid,7.0,115,102,80,67
3DV0,E141Q,14,0,centroid,8.0,159,141,94,76
3DV0,E141Q,14,0,centroid,9.0,211,188,112,89
3DV0,E141Q,14,0,centroid,10.0,266,236,126,96
3DV0,E141Q,14,0,allatom,6.0,217,214,67,64
3DV0,E141Q,14,0,allatom,7.0,282,277,89,84
3DV0,E141Q,14,0,allatom,8.0,354,349,103,98
3DV0,E141Q,14,0,allatom,9.0,428,416,117,105
3DV0,E141Q,14,0,allatom,10.0,496,479,117,100
3DV0,I130A,3,0,ca,6.0,108,106,27,25
3DV0,I130A,3,0,ca,7.0,151,147,34,30
3DV0,I130A,3,0,ca,8.0,174,167,46,39
3DV0,I130A,3,0,ca,9.0,233,224,64,55
3DV0,I130A,3,0,ca,10.0,295,282,88,75
3DV0,I130A,3,0,cb,6.0,95,87,44,36
3DV0,I130A,3,0,cb,7.0,138,131,62,55
3DV0,I130A,3,0,cb,8.0,180,172,66,58
3DV0,I130A,3,0,cb,9.0,225,208,87,70
3DV0,I130A,3,0,cb,10.0,303,278,117,92
3DV0,I130A,3,0,centroid,6.0,67,57,58,48
3DV0,I130A,3,0,centroid,7.0,115,102,79,66
3DV0,I130A,3,0,centroid,8.0,159,142,93,76
3DV0,I130A,3,0,centroid,9.0,211,187,110,86
3DV0,I130A,3,0,centroid,10.0,266,239,124,97
3DV0,I130A,3,0,allatom,6.0,217,212,67,62
3DV0,I130A,3,0,allatom,7.0,282,276,89,83
3DV0,I130A,3,0,allatom,8.0,354,349,103,98
3DV0,I130A,3,0,allatom,9.0,428,416,117,105
3DV0,I130A,3,0,allatom,10.0,496,478,117,99
3DV0,I130G,3,0,ca,6.0,108,106,27,25
3DV0,I130G,3,0,ca,7.0,151,147,34,30
3DV0,I130G,3,0,ca,8.0,174,167,46,39
3DV0,I130G,3,0,ca,9.0,233,224,64,55
3DV0,I130G,3,0,ca,10.0,295,282,88,75
3DV0,I130G,3,0,cb,6.0,95,87,44,36
3DV0,I130G,3,0,cb,7.0,138,130,62,54
3DV0,I130G,3,0,cb,8.0,180,172,65,57
3DV0,I130G,3,0,cb,9.0,225,212,87,74
3DV0,I130G,3,0,cb,10.0,303,277,117,91
3DV0,I130G,3,0,centroid,6.0,67,58,58,49
3DV0,I130G,3,0,centroid,7.0,115,103,79,67
3DV0,I130G,3,0,centroid,8.0,159,142,93,76
3DV0,I130G,3,0,centroid,9.0,211,189,109,87
3DV0,I130G,3,0,centroid,10.0,266,240,124,98
3DV0,I130G,3,0,allatom,6.0,217,212,67,62
3DV0,I130G,3,0,allatom,7.0,282,276,89,83
3DV0,I130G,3,0,allatom,8.0,354,349,103,98
3DV0,I130G,3,0,allatom,9.0,428,416,117,105
3DV0,I130G,3,0,allatom,10.0,496,478,117,99
3DV0,I130V,3,0,ca,6.0,108,106,27,25
3DV0,I130V,3,0,ca,7.0,151,147,34,30
3DV0,I130V,3,0,ca,8.0,174,167,46,39
3DV0,I130V,3,0,ca,9.0,233,224,64,55
3DV0,I130V,3,0,ca,10.0,295,282,88,75
3DV0,I130V,3,0,cb,6.0,95,87,44,36
3DV0,I130V,3,0,cb,7.0,138,132,62,56
3DV0,I130V,3,0,cb,8.0,180,172,66,58
3DV0,I130V,3,0,cb,9.0,225,208,87,70
3DV0,I130V,3,0,cb,10.0,303,278,117,92
3DV0,I130V,3,0,centroid,6.0,67,57,57,47
3DV0,I130V,3,0,centroid,7.0,115,100,79,64
3DV0,I130V,3,0,centroid,8.0,159,143,93,77
3DV0,I130V,3,0,centroid,9.0,211,184,112,85
3DV0,I130V,3,0,centroid,10.0,266,237,125,96
3DV0,I130V,3,0,allatom,6.0,217,214,67,64
3DV0,I130V,3,0,allatom,7.0,282,275,89,82
3DV0,I130V,3,0,allatom,8.0,354,349,103,98
3DV0,I130V,3,0,allatom,9.0,428,414,117,103
3DV0,I130V,3,0,allatom,10.0,496,477,117,98
3DV0,I146A,19,0,ca,6.0,108,106,27,25
3DV0,I146A,19,0,ca,7.0,151,147,34,30
3DV0,I146A,19,0,ca,8.0,174,167,46,39
3DV0,I146A,19,0,ca,9.0,233,224,64,55
3DV0,I146A,19,0,ca,10.0,295,282,88,75
3DV0,I146A,19,0,cb,6.0,95,87,44,36
3DV0,I146A,19,0,cb,7.0,138,131,62,55
3DV0,I146A,19,0,cb,8.0,180,172,66,58
3DV0,I146A,19,0,cb,9.0,225,208,87,70
3DV0,I146A,19,0,cb,10.0,303,278,117,92
3DV0,I146A,19,0,centroid,6.0,67,55,59,47
3DV0,I146A,19,0,centroid,7.0,115,103,78,66
3DV0,I146A,19,0,centroid,8.0,159,144,92,77
3DV0,I146A,19,0,centroid,9.0,211,187,112,88
3DV0,I146A,19,0,centroid,10.0,266,240,122,96
3DV0,I146A,19,0,allatom,6.0,217,212,67,62
3DV0,I146A,19,0,allatom,7.0,282,275,89,82
3DV0,I146A,19,0,allatom,8.0,354,344,104,94
3DV0,I146A,19,0,allatom,9.0,428,414,117,103
3DV0,I146A,19,0,allatom,10.0,496,477,117,98
3DV0,I146V,19,0,ca,6.0,108,106,27,25
3DV0,I146V,19,0,ca,7.0,151,147,34,30
3DV0,I146V,19,0,ca,8.0,174,167,46,39
3DV0,I146V,19,0,ca,9.0,233,224,64,55
3DV0,I146V,19,0,ca,10.0,295,282,88,75
3DV0,I146V,19,0,cb,6.0,95,87,44,36
3DV0,I146V,19,0,cb,7.0,138,131,62,55
3DV0,I146V,19,0,cb,8.0,180,172,66,58
3DV0,I146V,19,0,cb,9.0,225,208,87,70
3DV0,I146V,19,0,cb,10.0,303,278,117,92
3DV0,I146V,19,0,centroid,6.0,67,55,59,47
3DV0,I146V,19,0,centroid,7.0,115,101,78,64
3DV0,I146V,19,0,centroid,8.0,159,143,93,77
3DV0,I146V,19,0,centroid,9.0,211,188,111,88
3DV0,I146V,19,0,centroid,10.0,266,240,122,96
3DV0,I146V,19,0,allatom,6.0,217,214,67,64
3DV0,I146V,19,0,allatom,7.0,282,276,88,82
3DV0,I146V,19,0,allatom,8.0,354,346,103,95
3DV0,I146V,19,0,allatom,9.0,428,416,117,105
3DV0,I146V,19,0,allatom,10.0,496,477,117,98
3DV0,I163V,36,0,ca,6.0,108,106,27,25
3DV0,I163V,36,0,ca,7.0,151,147,34,30
3DV0,I163V,36,0,ca,8.0,174,167,46,39
3DV0,I163V,36,0,ca,9.0,233,224,64,55
3DV0,I163V,36,0,ca,10.0,295,282,88,75
3DV0,I163V,36,0,cb,6.0,95,87,44,36
3DV0,I163V,36,0,cb,7.0,138,131,62,55
3DV0,I163V,36,0,cb,8.0,180,172,66,58
3DV0,I163V,36,0,cb,9.0,225,208,87,70
3DV0,I163V,36,0,cb,10.0,303,279,116,92
3DV0,I163V,36,0,centroid,6.0,67,55,58,46
3DV0,I163V,36,0,centroid,7.0,115,101,80,66
3DV0,I163V,36,0,centroid,8.0,159,144,93,78
3DV0,I163V,36,0,centroid,9.0,211,187,111,87
3DV0,I163V,36,0,centroid,10.0,266,240,123,97
3DV0,I163V,36,0,allatom,6.0,217,213,67,63
3DV0,I163V,36,0,allatom,7.0,282,274,89,81
3DV0,I163V,36,0,allatom,8.0,354,345,103,94
3DV0,I163V,36,0,allatom,9.0,428,416,116,104
3DV0,I163V,36,0,allatom,10.0,496,478,117,99
3DV0,L159A,32,0,ca,6.0,108,106,27,25
3DV0,L159A,32,0,ca,7.0,151,147,34,30
3DV0,L159A,32,0,ca,8.0,174,167,46,39
3DV0,L159A,32,0,ca,9.0,233,224,64,55
3DV0,L159A,32,0,ca,10.0,295,282,88,75
3DV0,L159A,32,0,cb,6.0,95,87,44,36
3DV0,L159A,32,0,cb,7.0,138,131,62,55
3DV0,L159A,32,0,cb,8.0,180,172,66,58
3DV0,L159A,32,0,cb,9.0,225,208,87,70
3DV0,L159A,32,0,cb,10.0,303,278,117,92
3DV0,L159A,32,0,centroid,6.0,67,55,59,47
3DV0,L159A,32,0,centroid,7.0,115,103,79,67
3DV0,L159A,32,0,centroid,8.0,159,144,91,76
3DV0,L159A,32,0,centroid,9.0,211,189,111,89
3DV0,L159A,32,0,centroid,10.0,266,240,125,99
3DV0,L159A,32,0,allatom,6.0,217,212,68,63
3DV0,L159A,32,0,allatom,7.0,282,275,91,84
3DV0,L159A,32,0,allatom,8.0,354,349,103,98
3DV0,L159A,32,0,allatom,9.0,428,415,118,105
3DV0,L159A,32,0,allatom,10.0,496,478,117,99
3DV0,L159G,32,0,ca,6.0,108,106,27,25
3DV0,L159G,32,0,ca,7.0,151,147,34,30
3DV0,L159G,32,0,ca,8.0,174,167,46,39
3DV0,L159G,32,0,ca,9.0,233,224,64,55
3DV0,L159G,32,0,ca,10.0,295,282,88,75
3DV0,L159G,32,0,cb,6.0,95,88,45,38
3DV0,L159G,32,0,cb,7.0,138,133,61,56
3DV0,L159G,32,0,cb,8.0,180,173,65,58
3DV0,L159G,32,0,cb,9.0,225,210,86,71
3DV0,L159G,32,0,cb,10.0,303,283,116,96
3DV0,L159G,32,0,centroid,6.0,67,58,59,50
3DV0,L159G,32,0,centroid,7.0,115,105,78,68
3DV0,L159G,32,0,centroid,8.0,159,144,92,77
3DV0,L159G,32,0,centroid,9.0,211,194,108,91
3DV0,L159G,32,0,centroid,10.0,266,247,122,103
3DV0,L159G,32,0,allatom,6.0,217,212,68,63
3DV0,L159G,32,0,allatom,7.0,282,275,91,84
3DV0,L159G,32,0,allatom,8.0,354,351,102,99
3DV0,L159G,32,0,allatom,9.0,428,415,118,105
3DV0,L159G,32,0,allatom,10.0,496,480,115,99
3DV0,L159V,32,0,ca,6.0,108,106,27,25
3DV0,L159V,32,0,ca,7.0,151,147,34,30
3DV0,L159V,32,0,ca,8.0,174,167,46,39
3DV0,L159V,32,0,ca,9.0,233,224,64,55
3DV0,L159V,32,0,ca,10.0,295,282,88,75
3DV0,L159V,32,0,cb,6.0,95,86,44,35
3DV0,L159V,32,0,cb,7.0,138,131,62,55
3DV0,L159V,32,0,cb,8.0,180,172,66,58
3DV0,L159V,32,0,cb,9.0,225,208,87,70
3DV0,L159V,32,0,cb,10.0,303,278,117,92
3DV0,L159V,32,0,centroid,6.0,67,55,58,46
3DV0,L159V,32,0,centroid,7.0,115,103,79,67
3DV0,L159V,32,0,centroid,8.0,159,144,92,77
3DV0,L159V,32,0,centroid,9.0,211,189,110,88
3DV0,L159V,32,0,centroid,10.0,266,241,124,99
3DV0,L159V,32,0,allatom,6.0,217,214,67,64
3DV0,L159V,32,0,allatom,7.0,282,276,90,84
3DV0,L159V,32,0,allatom,8.0,354,349,103,98
3DV0,L159V,32,0,allatom,9.0,428,416,117,105
3DV0,L159V,32,0,allatom,10.0,496,478,117,99
3DV0,L167A,40,0,ca,6.0,108,106,27,25
3DV0,L167A,40,0,ca,7.0,151,147,34,30
3DV0,L167A,40,0,ca,8.0,174,167,46,39
3DV0,L167A,40,0,ca,9.0,233,224,64,55
3DV0,L167A,40,0,ca,10.0,295,282,88,75
3DV0,L167A,40,0,cb,6.0,95,87,44,36
3DV0,L167A,40,0,cb,7.0,138,131,62,55
3DV0,L167A,40,0,cb,8.0,180,172,66,58
3DV0,L167A,40,0,cb,9.0,225,208,87,70
3DV0,L167A,40,0,cb,10.0,303,278,117,92
3DV0,L167A,40,0,centroid,6.0,67,56,58,47
3DV0,L167A,40,0,centroid,7.0,115,102,81,68
3DV0,L167A,40,0,centroid,8.0,159,143,93,77
3DV0,L167A,40,0,centroid,9.0,211,186,111,86
3DV0,L167A,40,0,centroid,10.0,266,241,124,99
3DV0,L167A,40,0,allatom,6.0,217,213,67,63
3DV0,L167A,40,0,allatom,7.0,282,274,89,81
3DV0,L167A,40,0,allatom,8.0,354,347,104,97
3DV0,L167A,40,0,allatom,9.0,428,416,118,106
3DV0,L167A,40,0,allatom,10.0,496,476,119,99
3DV0,L167V,40,0,ca,6.0,108,106,27,25
3DV0,L167V,40,0,ca,7.0,151,147,34,30
3DV0,L167V,40,0,ca,8.0,174,167,46,39
3DV0,L167V,40,0,ca,9.0,233,224,64,55
3DV0,L167V,40,0,ca,10.0,295,282,88,75
3DV0,L167V,40,0,cb,6.0,95,87,44,36
3DV0,L167V,40,0,cb,7.0,138,131,62,55
3DV0,L167V,40,0,cb,8.0,180,172,66,58
3DV0,L167V,40,0,cb,9.0,225,208,87,70
3DV0,L167V,40,0,cb,10.0,303,278,117,92
3DV0,L167V,40,0,centroid,6.0,67,56,58,47
3DV0,L167V,40,0,centroid,7.0,115,101,81,67
3DV0,L167V,40,0,centroid,8.0,159,143,93,77
3DV0,L167V,40,0,centroid,9.0,211,188,111,88
3DV0,L167V,40,0,centroid,10.0,266,241,124,99
3DV0,L167V,40,0,allatom,6.0,217,213,67,63
3DV0,L167V,40,0,allatom,7.0,282,275,89,82
3DV0,L167V,40,0,allatom,8.0,354,349,103,98
3DV0,L167V,40,0,allatom,9.0,428,419,117,108
3DV0,L167V,40,0,allatom,10.0,496,479,117,100
3DV0,V135A,8,0,ca,6.0,108,106,27,25
3DV0,V135A,8,0,ca,7.0,151,147,34,30
3DV0,V135A,8,0,ca,8.0,174,167,46,39
3DV0,V135A,8,0,ca,9.0,233,224,64,55
3DV0,V135A,8,0,ca,10.0,295,282,88,75
3DV0,V135A,8,0,cb,6.0,95,87,44,36
3DV0,V135A,8,0,cb,7.0,138,131,62,55
3DV0,V135A,8,0,cb,8.0,180,172,66,58
3DV0,V135A,8,0,cb,9.0,225,208,87,70
3DV0,V135A,8,0,cb,10.0,303,278,117,92
3DV0,V135A,8,0,centroid,6.0,67,54,58,45
3DV0,V135A,8,0,centroid,7.0,115,101,79,65
3DV0,V135A,8,0,centroid,8.0,159,142,94,77
3DV0,V135A,8,0,centroid,9.0,211,188,111,88
3DV0,V135A,8,0,centroid,10.0,266,239,123,96
3DV0,V135A,8,0,allatom,6.0,217,214,67,64
3DV0,V135A,8,0,allatom,7.0,282,273,91,82
3DV0,V135A,8,0,allatom,8.0,354,347,103,96
3DV0,V135A,8,0,allatom,9.0,428,416,116,104
3DV0,V135A,8,0,allatom,10.0,496,474,117,95
3DV0,V144A,17,0,ca,6.0,108,106,27,25
3DV0,V144A,17,0,ca,7.0,151,147,34,30
3DV0,V144A,17,0,ca,8.0,174,167,46,39
3DV0,V144A,17,0,ca,9.0,233,224,64,55
3DV0,V144A,17,0,ca,10.0,295,282,88,75
3DV0,V144A,17,0,cb,6.0,95,87,44,36
3DV0,V144A,17,0,cb,7.0,138,131,62,55
3DV0,V144A,17,0,cb,8.0,180,172,66,58
3DV0,V144A,17,0,cb,9.0,225,208,87,70
3DV0,V144A,17,0,cb,10.0,303,278,117,92
3DV0,V144A,17,0,centroid,6.0,67,55,58,46
3DV0,V144A,17,0,centroid,7.0,115,103,80,68
3DV0,V144A,17,0,centroid,8.0,159,144,93,78
3DV0,V144A,17,0,centroid,9.0,211,189,111,89
3DV0,V144A,17,0,centroid,10.0,266,242,122,98
3DV0,V144A,17,0,allatom,6.0,217,214,67,64
3DV0,V144A,17,0,allatom,7.0,282,275,89,82
3DV0,V144A,17,0,allatom,8.0,354,349,103,98
3DV0,V144A,17,0,allatom,9.0,428,415,118,105
3DV0,V144A,17,0,allatom,10.0,496,478,117,99
3DV0,V149A,22,0,ca,6.0,108,106,27,25
3DV0,V149A,22,0,ca,7.0,151,147,34,30
3DV0,V149A,22,0,ca,8.0,174,167,46,39
3DV0,V149A,22,0,ca,9.0,233,224,64,55
3DV0,V149A,22,0,ca,10.0,295,282,88,75
3DV0,V149A,22,0,cb,6.0,95,87,44,36
3DV0,V149A,22,0,cb,7.0,138,131,62,55
3DV0,V149A,22,0,cb,8.0,180,172,66,58
3DV0,V149A,22,0,cb,9.0,225,208,87,70
3DV0,V149A,22,0,cb,10.0,303,278,117,92
3DV0,V149A,22,0,centroid,6.0,67,55,58,46
3DV0,V149A,22,0,centroid,7.0,115,102,79,66
3DV0,V149A,22,0,centroid,8.0,159,142,93,76
3DV0,V149A,22,0,centroid,9.0,211,186,112,87
3DV0,V149A,22,0,centroid,10.0,266,240,122,96
3DV0,V149A,22,0,allatom,6.0,217,213,67,63
3DV0,V149A,22,0,allatom,7.0,282,271,90,79
3DV0,V149A,22,0,allatom,8.0,354,348,103,97
3DV0,V149A,22,0,allatom,9.0,428,414,117,103
3DV0,V149A,22,0,allatom,10.0,496,475,118,97
3DV0,V149G,22,0,ca,6.0,108,106,27,25
3DV0,V149G,22,0,ca,7.0,151,147,34,30
3DV0,V149G,22,0,ca,8.0,174,167,46,39
3DV0,V149G,22,0,ca,9.0,233,224,64,55
3DV0,V149G,22,0,ca,10.0,295,282,88,75
3DV0,V149G,22,0,cb,6.0,95,84,45,34
3DV0,V149G,22,0,cb,7.0,138,129,62,53
3DV0,V149G,22,0,cb,8.0,180,171,66,57
3DV0,V149G,22,0,cb,9.0,225,206,87,68
3DV0,V149G,22,0,cb,10.0,303,272,120,89
3DV0,V149G,22,0,centroid,6.0,67,53,59,45
3DV0,V149G,22,0,centroid,7.0,115,101,78,64
3DV0,V149G,22,0,centroid,8.0,159,142,92,75
3DV0,V149G,22,0,centroid,9.0,211,184,112,85
3DV0,V149G,22,0,centroid,10.0,266,241,122,97
3DV0,V149G,22,0,allatom,6.0,217,212,67,62
3DV0,V149G,22,0,allatom,7.0,282,269,90,77
3DV0,V149G,22,0,allatom,8.0,354,341,105,92
3DV0,V149G,22,0,allatom,9.0,428,413,117,102
3DV0,V149G,22,0,allatom,10.0,496,474,120,98
3DV0,V158A,31,0,ca,6.0,108,106,27,25
3DV0,V158A,31,0,ca,7.0,151,147,34,30
3DV0,V158A,31,0,ca,8.0,174,167,46,39
3DV0,V158A,31,0,ca,9.0,233,224,64,55
3DV0,V158A,31,0,ca,10.0,295,282,88,75
3DV0,V158A,31,0,cb,6.0,95,87,44,36
3DV0,V158A,31,0,cb,7.0,138,131,62,55
3DV0,V158A,31,0,cb,8.0,180,172,66,58
3DV0,V158A,31,0,cb,9.0,225,208,87,70
3DV0,V158A,31,0,cb,10.0,303,278,117,92
3DV0,V158A,31,0,centroid,6.0,67,56,58,47
3DV0,V158A,31,0,centroid,7.0,115,103,79,67
3DV0,V158A,31,0,centroid,8.0,159,144,92,77
3DV0,V158A,31,0,centroid,9.0,211,187,111,87
3DV0,V158A,31,0,centroid,10.0,266,240,121,95
3DV0,V158A,31,0,allatom,6.0,217,214,67,64
3DV0,V158A,31,0,allatom,7.0,282,274,89,81
3DV0,V158A,31,0,allatom,8.0,354,343,103,92
3DV0,V158A,31,0,allatom,9.0,428,417,116,105
3DV0,V158A,31,0,allatom,10.0,496,475,118,97
3DV0,Y138F,11,0,ca,6.0,108,106,27,25
3DV0,Y138F,11,0,ca,7.0,151,147,34,30
3DV0,Y138F,11,0,ca,8.0,174,167,46,39
3DV0,Y138F,11,0,ca,9.0,233,224,64,55
3DV0,Y138F,11,0,ca,10.0,295,282,88,75
3DV0,Y138F,11,0,cb,6.0,95,87,44,36
3DV0,Y138F,11,0,cb,7.0,138,131,62,55
3DV0,Y138F,11,0,cb,8.0,180,172,66,58
3DV0,Y138F,11,0,cb,9.0,225,208,87,70
3DV0,Y138F,11,0,cb,10.0,303,278,117,92
3DV0,Y138F,11,0,centroid,6.0,67,57,58,48
3DV0,Y138F,11,0,centroid,7.0,115,100,79,64
3DV0,Y138F,11,0,centroid,8.0,159,142,93,76
3DV0,Y138F,11,0,centroid,9.0,211,187,112,88
3DV0,Y138F,11,0,centroid,10.0,266,239,126,99
3DV0,Y138F,11,0,allatom,6.0,217,214,67,64
3DV0,Y138F,11,0,allatom,7.0,282,278,89,85
3DV0,Y138F,11,0,allatom,8.0,354,349,103,98
3DV0,Y138F,11,0,allatom,9.0,428,417,116,105
3DV0,Y138F,11,0,allatom,10.0,496,476,120,100
3FIS,P61A,35,0,ca,6.0,206,206,0,0
3FIS,P61A,35,0,ca,7.0,262,262,0,0
3FIS,P61A,35,0,ca,8.0,281,281,0,0
3FIS,P61A,35,0,ca,9.0,365,365,0,0
3FIS,P61A,35,0,ca,10.0,445,445,0,0
3FIS,P61A,35,0,cb,6.0,144,144,0,0
3FIS,P61A,35,0,cb,7.0,215,215,0,0
3FIS,P61A,35,0,cb,8.0,295,295,0,0
3FIS,P61A,35,0,cb,9.0,340,340,0,0
3FIS,P61A,35,0,cb,10.0,431,431,0,0
3FIS,P61A,35,0,centroid,6.0,91,91,0,0
3FIS,P61A,35,0,centroid,7.0,163,164,0,1
3FIS,P61A,35,0,centroid,8.0,230,229,1,0
3FIS,P61A,35,0,centroid,9.0,306,302,4,0
3FIS,P61A,35,0,centroid,10.0,393,393,0,0
3FIS,P61A,35,0,allatom,6.0,378,378,0,0
3FIS,P61A,35,0,allatom,7.0,467,466,1,0
3FIS,P61A,35,0,allatom,8.0,579,578,1,0
3FIS,P61A,35,0,allatom,9.0,691,690,1,0
3FIS,P61A,35,0,allatom,10.0,787,786,1,0
3G1G,D155Y,4,0,ca,6.0,202,202,0,0
3G1G,D155Y,4,0,ca,7.0,276,276,0,0
3G1G,D155Y,4,0,ca,8.0,323,323,0,0
3G1G,D155Y,4,0,ca,9.0,432,432,0,0
3G1G,D155Y,4,0,ca,10.0,564,564,0,0
3G1G,D155Y,4,0,cb,6.0,169,169,0,0
3G1G,D155Y,4,0,cb,7.0,237,237,0,0
3G1G,D155Y,4,0,cb,8.0,333,333,0,0
3G1G,D155Y,4,0,cb,9.0,424,424,0,0
3G1G,D155Y,4,0,cb,10.0,553,553,0,0
3G1G,D155Y,4,0,centroid,6.0,133,133,1,1
3G1G,D155Y,4,0,centroid,7.0,200,201,1,2
3G1G,D155Y,4,0,centroid,8.0,293,292,3,2
3G1G,D155Y,4,0,centroid,9.0,405,409,1,5
3G1G,D155Y,4,0,centroid,10.0,530,533,0,3
3G1G,D155Y,4,0,allatom,6.0,444,445,0,1
3G1G,D155Y,4,0,allatom,7.0,580,582,0,2
3G1G,D155Y,4,0,allatom,8.0,762,762,0,0
3G1G,D155Y,4,0,allatom,9.0,921,922,0,1
3G1G,D155Y,4,0,allatom,10.0,1074,1076,0,2
3G1G,F167Y,16,0,ca,6.0,202,202,0,0
3G1G,F167Y,16,0,ca,7.0,276,276,0,0
3G1G,F167Y,16,0,ca,8.0,323,323,0,0
3G1G,F167Y,16,0,ca,9.0,432,432,0,0
3G1G,F167Y,16,0,ca,10.0,564,564,0,0
3G1G,F167Y,16,0,cb,6.0,169,169,0,0
3G1G,F167Y,16,0,cb,7.0,237,237,0,0
3G1G,F167Y,16,0,cb,8.0,333,333,0,0
3G1G,F167Y,16,0,cb,9.0,424,424,0,0
3G1G,F167Y,16,0,cb,10.0,553,553,0,0
3G1G,F167Y,16,0,centroid,6.0,133,131,3,1
3G1G,F167Y,16,0,centroid,7.0,200,201,0,1
3G1G,F167Y,16,0,centroid,8.0,293,291,3,1
3G1G,F167Y,16,0,centroid,9.0,405,403,3,1
3G1G,F167Y,16,0,centroid,10.0,530,526,4,0
3G1G,F167Y,16,0,allatom,6.0,444,446,0,2
3G1G,F167Y,16,0,allatom,7.0,580,583,1,4
3G1G,F167Y,16,0,allatom,8.0,762,763,1,2
3G1G,F167Y,16,0,allatom,9.0,921,918,3,0
3G1G,F167Y,16,0,allatom,10.0,1074,1074,0,0
3G1G,I190V,39,0,ca,6.0,202,202,0,0
3G1G,I190V,39,0,ca,7.0,276,276,0,0
3G1G,I190V,39,0,ca,8.0,323,323,0,0
3G1G,I190V,39,0,ca,9.0,432,432,0,0
3G1G,I190V,39,0,ca,10.0,564,564,0,0
3G1G,I190V,39,0,cb,6.0,169,168,1,0
3G1G,I190V,39,0,cb,7.0,237,237,0,0
3G1G,I190V,39,0,cb,8.0,333,333,0,0
3G1G,I190V,39,0,cb,9.0,424,424,0,0
3G1G,I190V,39,0,cb,10.0,553,553,0,0
3G1G,I190V,39,0,centroid,6.0,133,134,0,1
3G1G,I190V,39,0,centroid,7.0,200,200,1,1
3G1G,I190V,39,0,centroid,8.0,293,290,3,0
3G1G,I190V,39,0,centroid,9.0,405,404,3,2
3G1G,I190V,39,0,centroid,10.0,530,531,0,1
3G1G,I190V,39,0,allatom,6.0,444,445,0,1
3G1G,I190V,39,0,allatom,7.0,580,580,1,1
3G1G,I190V,39,0,allatom,8.0,762,760,2,0
3G1G,I190V,39,0,allatom,9.0,921,920,1,0
3G1G,I190V,39,0,allatom,10.0,1074,1073,1,0
3G1G,R185W,34,0,ca,6.0,202,202,0,0
3G1G,R185W,34,0,ca,7.0,276,276,0,0
3G1G,R185W,34,0,ca,8.0,323,323,0,0
3G1G,R185W,34,0,ca,9.0,432,432,0,0
3G1G,R185W,34,0,ca,10.0,564,564,0,0
3G1G,R185W,34,0,cb,6.0,169,169,0,0
3G1G,R185W,34,0,cb,7.0,237,237,0,0
3G1G,R185W,34,0,cb,8.0,333,333,0,0
3G1G,R185W,34,0,cb,9.0,424,424,0,0
3G1G,R185W,34,0,cb,10.0,553,553,0,0
3G1G,R185W,34,0,centroid,6.0,133,136,0,3
3G1G,R185W,34,0,centroid,7.0,200,204,0,4
3G1G,R185W,34,0,centroid,8.0,293,291,3,1
3G1G,R185W,34,0,centroid,9.0,405,407,2,4
3G1G,R185W,34,0,centroid,10.0,530,534,0,4
3G1G,R185W,34,0,allatom,6.0,444,446,0,2
3G1G,R185W,34,0,allatom,7.0,580,583,0,3
3G1G,R185W,34,0,allatom,8.0,762,762,0,0
3G1G,R185W,34,0,allatom,9.0,921,922,0,1
3G1G,R185W,34,0,allatom,10.0,1074,1074,1,1
3K82,E334L,28,0,ca,6.0,247,247,0,0
3K82,E334L,28,0,ca,7.0,378,378,0,0
3K82,E334L,28,0,ca,8.0,461,461,0,0
3K82,E334L,28,0,ca,9.0,597,597,0,0
3K82,E334L,28,0,ca,10.0,792,792,0,0
3K82,E334L,28,0,cb,6.0,221,221,0,0
3K82,E334L,28,0,cb,7.0,334,334,0,0
3K82,E334L,28,0,cb,8.0,456,456,0,0
3K82,E334L,28,0,cb,9.0,589,589,0,0
3K82,E334L,28,0,cb,10.0,772,772,0,0
3K82,E334L,28,0,centroid,6.0,185,185,1,1
3K82,E334L,28,0,centroid,7.0,284,284,1,1
3K82,E334L,28,0,centroid,8.0,392,396,0,4
3K82,E334L,28,0,centroid,9.0,536,535,2,1
3K82,E334L,28,0,centroid,10.0,752,752,3,3
3K82,E334L,28,0,allatom,6.0,580,581,1,2
3K82,E334L,28,0,allatom,7.0,766,765,2,1
3K82,E334L,28,0,allatom,8.0,1037,1030,9,2
3K82,E334L,28,0,allatom,9.0,1250,1250,2,2
3K82,E334L,28,0,allatom,10.0,1473,1470,3,0
3K82,E334Q,28,0,ca,6.0,247,247,0,0
3K82,E334Q,28,0,ca,7.0,378,378,0,0
3K82,E334Q,28,0,ca,8.0,461,461,0,0
3K82,E334Q,28,0,ca,9.0,597,597,0,0
3K82,E334Q,28,0,ca,10.0,792,792,0,0
3K82,E334Q,28,0,cb,6.0,221,221,0,0
3K82,E334Q,28,0,cb,7.0,334,334,0,0
3K82,E334Q,28,0,cb,8.0,456,456,0,0
3K82,E334Q,28,0,cb,9.0,589,589,0,0
3K82,E334Q,28,0,cb,10.0,772,772,0,0
3K82,E334Q,28,0,centroid,6.0,185,184,1,0
3K82,E334Q,28,0,centroid,7.0,284,285,0,1
3K82,E334Q,28,0,centroid,8.0,392,392,0,0
3K82,E334Q,28,0,centroid,9.0,536,536,1,1
3K82,E334Q,28,0,centroid,10.0,752,754,0,2
3K82,E334Q,28,0,allatom,6.0,580,579,1,0
3K82,E334Q,28,0,allatom,7.0,766,767,0,1
3K82,E334Q,28,0,allatom,8.0,1037,1037,1,1
3K82,E334Q,28,0,allatom,9.0,1250,1251,0,1
3K82,E334Q,28,0,allatom,10.0,1473,1473,1,1
3K82,E401R,95,0,ca,6.0,247,247,0,0
3K82,E401R,95,0,ca,7.0,378,378,0,0
3K82,E401R,95,0,ca,8.0,461,461,0,0
3K82,E401R,95,0,ca,9.0,597,597,0,0
3K82,E401R,95,0,ca,10.0,792,792,0,0
3K82,E401R,95,0,cb,6.0,221,221,0,0
3K82,E401R,95,0,cb,7.0,334,334,0,0
3K82,E401R,95,0,cb,8.0,456,456,0,0
3K82,E401R,95,0,cb,9.0,589,589,0,0
3K82,E401R,95,0,cb,10.0,772,772,0,0
3K82,E401R,95,0,centroid,6.0,185,185,1,1
3K82,E401R,95,0,centroid,7.0,284,283,2,1
3K82,E401R,95,0,centroid,8.0,392,392,2,2
3K82,E401R,95,0,centroid,9.0,536,530,6,0
3K82,E401R,95,0,centroid,10.0,752,753,3,4
3K82,E401R,95,0,allatom,6.0,580,581,0,1
3K82,E401R,95,0,allatom,7.0,766,770,0,4
3K82,E401R,95,0,allatom,8.0,1037,1038,0,1
3K82,E401R,95,0,allatom,9.0,1250,1251,0,1
3K82,E401R,95,0,allatom,10.0,1473,1473,1,1
3MON,R39G,38,0,ca,6.0,108,108,0,0
3MON,R39G,38,0,ca,7.0,156,156,0,0
3MON,R39G,38,0,ca,8.0,184,184,0,0
3MON,R39G,38,0,ca,9.0,231,231,0,0
3MON,R39G,38,0,ca,10.0,280,280,0,0
3MON,R39G,38,0,cb,6.0,91,92,0,1
3MON,R39G,38,0,cb,7.0,131,132,0,1
3MON,R39G,38,0,cb,8.0,171,171,0,0
3MON,R39G,38,0,cb,9.0,208,210,0,2
3MON,R39G,38,0,cb,10.0,253,254,0,1
3MON,R39G,38,0,centroid,6.0,52,53,1,2
3MON,R39G,38,0,centroid,7.0,91,94,1,4
3MON,R39G,38,0,centroid,8.0,137,139,1,3
3MON,R39G,38,0,centroid,9.0,180,180,1,1
3MON,R39G,38,0,centroid,10.0,228,230,1,3
3MON,R39G,38,0,allatom,6.0,221,219,2,0
3MON,R39G,38,0,allatom,7.0,264,261,3,0
3MON,R39G,38,0,allatom,8.0,340,339,1,0
3MON,R39G,38,0,allatom,9.0,383,382,1,0
3MON,R39G,38,0,allatom,10.0,426,425,1,0
3MON,W3C,2,0,ca,6.0,108,108,0,0
3MON,W3C,2,0,ca,7.0,156,156,0,0
3MON,W3C,2,0,ca,8.0,184,184,0,0
3MON,W3C,2,0,ca,9.0,231,231,0,0
3MON,W3C,2,0,ca,10.0,280,280,0,0
3MON,W3C,2,0,cb,6.0,91,91,0,0
3MON,W3C,2,0,cb,7.0,131,131,0,0
3MON,W3C,2,0,cb,8.0,171,171,0,0
3MON,W3C,2,0,cb,9.0,208,208,0,0
3MON,W3C,2,0,cb,10.0,253,253,0,0
3MON,W3C,2,0,centroid,6.0,52,52,0,0
3MON,W3C,2,0,centroid,7.0,91,92,0,1
3MON,W3C,2,0,centroid,8.0,137,139,0,2
3MON,W3C,2,0,centroid,9.0,180,181,0,1
3MON,W3C,2,0,centroid,10.0,228,227,1,0
3MON,W3C,2,0,allatom,6.0,221,221,0,0
3MON,W3C,2,0,allatom,7.0,264,264,0,0
3MON,W3C,2,0,allatom,8.0,340,339,1,0
3MON,W3C,2,0,allatom,9.0,383,383,0,0
3MON,W3C,2,0,allatom,10.0,426,425,1,0
3O39,L32P,3,0,ca,6.0,260,260,0,0
3O39,L32P,3,0,ca,7.0,343,343,0,0
3O39,L32P,3,0,ca,8.0,370,370,0,0
3O39,L32P,3,0,ca,9.0,478,478,0,0
3O39,L32P,3,0,ca,10.0,593,593,0,0
3O39,L32P,3,0,cb,6.0,181,181,0,0
3O39,L32P,3,0,cb,7.0,287,287,0,0
3O39,L32P,3,0,cb,8.0,376,376,0,0
3O39,L32P,3,0,cb,9.0,442,441,1,0
3O39,L32P,3,0,cb,10.0,566,566,0,0
3O39,L32P,3,0,centroid,6.0,103,95,17,9
3O39,L32P,3,0,centroid,7.0,209,191,24,6
3O39,L32P,3,0,centroid,8.0,296,276,25,5
3O39,L32P,3,0,centroid,9.0,389,380,23,14
3O39,L32P,3,0,centroid,10.0,512,497,27,12
3O39,L32P,3,0,allatom,6.0,501,504,3,6
3O39,L32P,3,0,allatom,7.0,623,632,2,11
3O39,L32P,3,0,allatom,8.0,765,774,2,11
3O39,L32P,3,0,allatom,9.0,914,920,5,11
3O39,L32P,3,0,allatom,10.0,1043,1051,1,9
3S92,H395R,88,0,ca,6.0,303,303,0,0
3S92,H395R,88,0,ca,7.0,401,401,0,0
3S92,H395R,88,0,ca,8.0,478,478,0,0
3S92,H395R,88,0,ca,9.0,639,639,0,0
3S92,H395R,88,0,ca,10.0,824,824,0,0
3S92,H395R,88,0,cb,6.0,231,231,0,0
3S92,H395R,88,0,cb,7.0,347,347,0,0
3S92,H395R,88,0,cb,8.0,498,498,0,0
3S92,H395R,88,0,cb,9.0,619,620,0,1
3S92,H395R,88,0,cb,10.0,808,808,0,0
3S92,H395R,88,0,centroid,6.0,177,176,4,3
3S92,H395R,88,0,centroid,7.0,295,289,7,1
3S92,H395R,88,0,centroid,8.0,413,413,4,4
3S92,H395R,88,0,centroid,9.0,555,557,6,8
3S92,H395R,88,0,centroid,10.0,758,760,6,8
3S92,H395R,88,0,allatom,6.0,675,677,1,3
3S92,H395R,88,0,allatom,7.0,901,905,1,5
3S92,H395R,88,0,allatom,8.0,1142,1144,0,2
3S92,H395R,88,0,allatom,9.0,1393,1401,0,8
3S92,H395R,88,0,allatom,10.0,1642,1649,0,7
4N6V,H75W,67,0,ca,6.0,223,223,0,0
4N6V,H75W,67,0,ca,7.0,346,346,0,0
4N6V,H75W,67,0,ca,8.0,409,409,0,0
4N6V,H75W,67,0,ca,9.0,530,530,0,0
4N6V,H75W,67,0,ca,10.0,707,707,0,0
4N6V,H75W,67,0,cb,6.0,196,196,0,0
4N6V,H75W,67,0,cb,7.0,279,279,0,0
4N6V,H75W,67,0,cb,8.0,403,403,0,0
4N6V,H75W,67,0,cb,9.0,513,513,0,0
4N6V,H75W,67,0,cb,10.0,672,672,0,0
4N6V,H75W,67,0,centroid,6.0,141,143,1,3
4N6V,H75W,67,0,centroid,7.0,230,231,1,2
4N6V,H75W,67,0,centroid,8.0,338,338,1,1
4N6V,H75W,67,0,centroid,9.0,475,477,1,3
4N6V,H75W,67,0,centroid,10.0,616,619,0,3
4N6V,H75W,67,0,allatom,6.0,529,528,1,0
4N6V,H75W,67,0,allatom,7.0,691,692,1,2
4N6V,H75W,67,0,allatom,8.0,941,943,0,2
4N6V,H75W,67,0,allatom,9.0,1109,1111,1,3
4N6V,H75W,67,0,allatom,10.0,1347,1350,0,3
4N6V,P36G,28,0,ca,6.0,223,223,0,0
4N6V,P36G,28,0,ca,7.0,346,346,0,0
4N6V,P36G,28,0,ca,8.0,409,409,0,0
4N6V,P36G,28,0,ca,9.0,530,530,0,0
4N6V,P36G,28,0,ca,10.0,707,707,0,0
4N6V,P36G,28,0,cb,6.0,196,196,0,0
4N6V,P36G,28,0,cb,7.0,279,281,0,2
4N6V,P36G,28,0,cb,8.0,403,403,1,1
4N6V,P36G,28,0,cb,9.0,513,512,1,0
4N6V,P36G,28,0,cb,10.0,672,673,0,1
4N6V,P36G,28,0,centroid,6.0,141,141,0,0
4N6V,P36G,28,0,centroid,7.0,230,228,2,0
4N6V,P36G,28,0,centroid,8.0,338,338,2,2
4N6V,P36G,28,0,centroid,9.0,475,473,3,1
4N6V,P36G,28,0,centroid,10.0,616,617,2,3
4N6V,P36G,28,0,allatom,6.0,529,527,2,0
4N6V,P36G,28,0,allatom,7.0,691,689,2,0
4N6V,P36G,28,0,allatom,8.0,941,940,1,0
4N6V,P36G,28,0,allatom,9.0,1109,1108,1,0
4N6V,P36G,28,0,allatom,10.0,1347,1344,3,0
4N6V,P79S,71,0,ca,6.0,223,223,0,0
4N6V,P79S,71,0,ca,7.0,346,346,0,0
4N6V,P79S,71,0,ca,8.0,409,409,0,0
4N6V,P79S,71,0,ca,9.0,530,530,0,0
4N6V,P79S,71,0,ca,10.0,707,707,0,0
4N6V,P79S,71,0,cb,6.0,196,196,0,0
4N6V,P79S,71,0,cb,7.0,279,279,0,0
4N6V,P79S,71,0,cb,8.0,403,403,0,0
4N6V,P79S,71,0,cb,9.0,513,513,0,0
4N6V,P79S,71,0,cb,10.0,672,672,0,0
4N6V,P79S,71,0,centroid,6.0,141,142,1,2
4N6V,P79S,71,0,centroid,7.0,230,230,2,2
4N6V,P79S,71,0,centroid,8.0,338,339,2,3
4N6V,P79S,71,0,centroid,9.0,475,473,3,1
4N6V,P79S,71,0,centroid,10.0,616,620,0,4
4N6V,P79S,71,0,allatom,6.0,529,530,1,2
4N6V,P79S,71,0,allatom,7.0,691,691,0,0
4N6V,P79S,71,0,allatom,8.0,941,941,0,0
4N6V,P79S,71,0,allatom,9.0,1109,1111,0,2
4N6V,P79S,71,0,allatom,10.0,1347,1349,0,2
4YEE,V134T,59,0,ca,6.0,191,191,0,0
4YEE,V134T,59,0,ca,7.0,302,302,0,0
4YEE,V134T,59,0,ca,8.0,359,359,0,0
4YEE,V134T,59,0,ca,9.0,452,452,0,0
4YEE,V134T,59,0,ca,10.0,614,614,0,0
4YEE,V134T,59,0,cb,6.0,175,175,0,0
4YEE,V134T,59,0,cb,7.0,251,251,0,0
4YEE,V134T,59,0,cb,8.0,351,351,0,0
4YEE,V134T,59,0,cb,9.0,448,448,0,0
4YEE,V134T,59,0,cb,10.0,589,589,0,0
4YEE,V134T,59,0,centroid,6.0,119,119,1,1
4YEE,V134T,59,0,centroid,7.0,212,213,3,4
4YEE,V134T,59,0,centroid,8.0,299,298,4,3
4YEE,V134T,59,0,centroid,9.0,417,417,5,5
4YEE,V134T,59,0,centroid,10.0,557,557,3,3
4YEE,V134T,59,0,allatom,6.0,456,459,0,3
4YEE,V134T,59,0,allatom,7.0,578,580,0,2
4YEE,V134T,59,0,allatom,8.0,786,788,0,2
4YEE,V134T,59,0,allatom,9.0,936,941,0,5
4YEE,V134T,59,0,allatom,10.0,1105,1106,0,1
4YEF,T134V,57,0,ca,6.0,180,180,0,0
4YEF,T134V,57,0,ca,7.0,288,288,0,0
4YEF,T134V,57,0,ca,8.0,339,339,0,0
4YEF,T134V,57,0,ca,9.0,434,434,0,0
4YEF,T134V,57,0,ca,10.0,580,580,0,0
4YEF,T134V,57,0,cb,6.0,167,167,0,0
4YEF,T134V,57,0,cb,7.0,237,236,1,0
4YEF,T134V,57,0,cb,8.0,336,336,0,0
4YEF,T134V,57,0,cb,9.0,429,429,0,0
4YEF,T134V,57,0,cb,10.0,554,554,0,0
4YEF,T134V,57,0,centroid,6.0,115,114,2,1
4YEF,T134V,57,0,centroid,7.0,194,194,1,1
4YEF,T134V,57,0,centroid,8.0,283,283,2,2
4YEF,T134V,57,0,centroid,9.0,396,396,2,2
4YEF,T134V,57,0,centroid,10.0,522,525,0,3
4YEF,T134V,57,0,allatom,6.0,431,430,1,0
4YEF,T134V,57,0,allatom,7.0,554,552,3,1
4YEF,T134V,57,0,allatom,8.0,759,760,1,2
4YEF,T134V,57,0,allatom,9.0,893,895,0,2
4YEF,T134V,57,0,allatom,10.0,1075,1076,0,1
5JXB,D329G,24,0,ca,6.0,305,305,0,0
5JXB,D329G,24,0,ca,7.0,445,445,0,0
5JXB,D329G,24,0,ca,8.0,532,532,0,0
5JXB,D329G,24,0,ca,9.0,696,696,0,0
5JXB,D329G,24,0,ca,10.0,929,929,0,0
5JXB,D329G,24,0,cb,6.0,253,254,0,1
5JXB,D329G,24,0,cb,7.0,389,389,0,0
5JXB,D329G,24,0,cb,8.0,537,538,0,1
5JXB,D329G,24,0,cb,9.0,684,687,0,3
5JXB,D329G,24,0,cb,10.0,908,909,0,1
5JXB,D329G,24,0,centroid,6.0,201,197,7,3
5JXB,D329G,24,0,centroid,7.0,352,341,12,1
5JXB,D329G,24,0,centroid,8.0,479,472,9,2
5JXB,D329G,24,0,centroid,9.0,661,653,14,6
5JXB,D329G,24,0,centroid,10.0,893,883,16,6
5JXB,D329G,24,0,allatom,6.0,693,695,0,2
5JXB,D329G,24,0,allatom,7.0,918,922,0,4
5JXB,D329G,24,0,allatom,8.0,1189,1197,0,8
5JXB,D329G,24,0,allatom,9.0,1460,1473,0,13
5JXB,D329G,24,0,allatom,10.0,1776,1787,0,11
5JXB,D329P,24,0,ca,6.0,305,305,0,0
5JXB,D329P,24,0,ca,7.0,445,445,0,0
5JXB,D329P,24,0,ca,8.0,532,532,0,0
5JXB,D329P,24,0,ca,9.0,696,696,0,0
5JXB,D329P,24,0,ca,10.0,929,929,0,0
5JXB,D329P,24,0,cb,6.0,253,253,0,0
5JXB,D329P,24,0,cb,7.0,389,389,0,0
5JXB,D329P,24,0,cb,8.0,537,537,0,0
5JXB,D329P,24,0,cb,9.0,684,684,0,0
5JXB,D329P,24,0,cb,10.0,908,908,0,0
5JXB,D329P,24,0,centroid,6.0,201,198,6,3
5JXB,D329P,24,0,centroid,7.0,352,342,12,2
5JXB,D329P,24,0,centroid,8.0,479,473,9,3
5JXB,D329P,24,0,centroid,9.0,661,654,13,6
5JXB,D329P,24,0,centroid,10.0,893,883,15,5
5JXB,D329P,24,0,allatom,6.0,693,697,0,4
5JXB,D329P,24,0,allatom,7.0,918,922,0,4
5JXB,D329P,24,0,allatom,8.0,1189,1196,0,7
5JXB,D329P,24,0,allatom,9.0,1460,1471,0,11
5JXB,D329P,24,0,allatom,10.0,1776,1785,0,9
1A0F,S11A,10,0,ca,6.0,312,312,0,0
1A0F,S11A,10,0,ca,7.0,446,446,0,0
1A0F,S11A,10,0,ca,8.0,523,523,0,0
1A0F,S11A,10,0,ca,9.0,677,677,0,0
1A0F,S11A,10,0,ca,10.0,864,864,0,0
1A0F,S11A,10,0,cb,6.0,245,245,0,0
1A0F,S11A,10,0,cb,7.0,377,377,0,0
1A0F,S11A,10,0,cb,8.0,521,521,0,0
1A0F,S11A,10,0,cb,9.0,652,652,0,0
1A0F,S11A,10,0,cb,10.0,833,833,0,0
1A0F,S11A,10,0,centroid,6.0,191,192,0,1
1A0F,S11A,10,0,centroid,7.0,306,304,2,0
1A0F,S11A,10,0,centroid,8.0,423,422,2,1
1A0F,S11A,10,0,centroid,9.0,602,603,0,1
1A0F,S11A,10,0,centroid,10.0,792,794,0,2
1A0F,S11A,10,0,allatom,6.0,664,663,1,0
1A0F,S11A,10,0,allatom,7.0,848,848,0,0
1A0F,S11A,10,0,allatom,8.0,1152,1152,0,0
1A0F,S11A,10,0,allatom,9.0,1367,1366,1,0
1A0F,S11A,10,0,allatom,10.0,1632,1632,0,0
1A7V,A104H,103,0,ca,6.0,340,340,0,0
1A7V,A104H,103,0,ca,7.0,455,455,0,0
1A7V,A104H,103,0,ca,8.0,523,523,0,0
1A7V,A104H,103,0,ca,9.0,707,707,0,0
1A7V,A104H,103,0,ca,10.0,917,917,0,0
1A7V,A104H,103,0,cb,6.0,258,258,0,0
1A7V,A104H,103,0,cb,7.0,390,390,0,0
1A7V,A104H,103,0,cb,8.0,553,553,0,0
1A7V,A104H,103,0,cb,9.0,671,671,0,0
1A7V,A104H,103,0,cb,10.0,911,911,0,0
1A7V,A104H,103,0,centroid,6.0,212,211,2,1
1A7V,A104H,103,0,centroid,7.0,344,343,1,0
1A7V,A104H,103,0,centroid,8.0,495,494,1,0
1A7V,A104H,103,0,centroid,9.0,673,667,6,0
1A7V,A104H,103,0,centroid,10.0,912,907,5,0
1A7V,A104H,103,0,allatom,6.0,718,718,0,0
1A7V,A104H,103,0,allatom,7.0,955,955,0,0
1A7V,A104H,103,0,allatom,8.0,1246,1246,0,0
1A7V,A104H,103,0,allatom,9.0,1514,1514,0,0
1A7V,A104H,103,0,allatom,10.0,1801,1801,0,0
1A7V,A66H,65,0,ca,6.0,340,340,0,0
1A7V,A66H,65,0,ca,7.0,455,455,0,0
1A7V,A66H,65,0,ca,8.0,523,523,0,0
1A7V,A66H,65,0,ca,9.0,707,707,0,0
1A7V,A66H,65,0,ca,10.0,917,917,0,0
1A7V,A66H,65,0,cb,6.0,258,258,0,0
1A7V,A66H,65,0,cb,7.0,390,390,0,0
1A7V,A66H,65,0,cb,8.0,553,553,0,0
1A7V,A66H,65,0,cb,9.0,671,671,0,0
1A7V,A66H,65,0,cb,10.0,911,911,0,0
1A7V,A66H,65,0,centroid,6.0,212,211,1,0
1A7V,A66H,65,0,centroid,7.0,344,346,0,2
1A7V,A66H,65,0,centroid,8.0,495,498,1,4
1A7V,A66H,65,0,centroid,9.0,673,677,0,4
1A7V,A66H,65,0,centroid,10.0,912,912,2,2
1A7V,A66H,65,0,allatom,6.0,718,718,1,1
1A7V,A66H,65,0,allatom,7.0,955,959,0,4
1A7V,A66H,65,0,allatom,8.0,1246,1251,0,5
1A7V,A66H,65,0,allatom,9.0,1514,1517,1,4
1A7V,A66H,65,0,allatom,10.0,1801,1808,1,8
1A7V,A91H,90,0,ca,6.0,340,340,0,0
1A7V,A91H,90,0,ca,7.0,455,455,0,0
1A7V,A91H,90,0,ca,8.0,523,523,0,0
1A7V,A91H,90,0,ca,9.0,707,707,0,0
1A7V,A91H,90,0,ca,10.0,917,917,0,0
1A7V,A91H,90,0,cb,6.0,258,258,0,0
1A7V,A91H,90,0,cb,7.0,390,390,0,0
1A7V,A91H,90,0,cb,8.0,553,553,0,0
1A7V,A91H,90,0,cb,9.0,671,671,0,0
1A7V,A91H,90,0,cb,10.0,911,911,0,0
1A7V,A91H,90,0,centroid,6.0,212,209,4,1
1A7V,A91H,90,0,centroid,7.0,344,341,3,0
1A7V,A91H,90,0,centroid,8.0,495,492,3,0
1A7V,A91H,90,0,centroid,9.0,673,668,5,0
1A7V,A91H,90,0,centroid,10.0,912,907,5,0
1A7V,A91H,90,0,allatom,6.0,718,718,0,0
1A7V,A91H,90,0,allatom,7.0,955,956,0,1
1A7V,A91H,90,0,allatom,8.0,1246,1247,0,1
1A7V,A91H,90,0,allatom,9.0,1514,1514,0,0
1A7V,A91H,90,0,allatom,10.0,1801,1801,0,0
1A7V,D3H,2,0,ca,6.0,340,340,0,0
1A7V,D3H,2,0,ca,7.0,455,455,0,0
1A7V,D3H,2,0,ca,8.0,523,523,0,0
1A7V,D3H,2,0,ca,9.0,707,707,0,0
1A7V,D3H,2,0,ca,10.0,917,917,0,0
1A7V,D3H,2,0,cb,6.0,258,258,0,0
1A7V,D3H,2,0,cb,7.0,390,390,0,0
1A7V,D3H,2,0,cb,8.0,553,553,0,0
1A7V,D3H,2,0,cb,9.0,671,671,0,0
1A7V,D3H,2,0,cb,10.0,911,911,0,0
1A7V,D3H,2,0,centroid,6.0,212,213,0,1
1A7V,D3H,2,0,centroid,7.0,344,344,1,1
1A7V,D3H,2,0,centroid,8.0,495,495,0,0
1A7V,D3H,2,0,centroid,9.0,673,674,0,1
1A7V,D3H,2,0,centroid,10.0,912,913,0,1
1A7V,D3H,2,0,allatom,6.0,718,718,0,0
1A7V,D3H,2,0,allatom,7.0,955,956,0,1
1A7V,D3H,2,0,allatom,8.0,1246,1246,0,0
1A7V,D3H,2,0,allatom,9.0,1514,1515,0,1
1A7V,D3H,2,0,allatom,10.0,1801,1801,0,0
1A7V,D58H,57,0,ca,6.0,340,340,0,0
1A7V,D58H,57,0,ca,7.0,455,455,0,0
1A7V,D58H,57,0,ca,8.0,523,523,0,0
1A7V,D58H,57,0,ca,9.0,707,707,0,0
1A7V,D58H,57,0,ca,10.0,917,917,0,0
1A7V,D58H,57,0,cb,6.0,258,258,0,0
1A7V,D58H,57,0,cb,7.0,390,390,0,0
1A7V,D58H,57,0,cb,8.0,553,553,0,0
1A7V,D58H,57,0,cb,9.0,671,671,0,0
1A7V,D58H,57,0,cb,10.0,911,911,0,0
1A7V,D58H,57,0,centroid,6.0,212,209,3,0
1A7V,D58H,57,0,centroid,7.0,344,343,1,0
1A7V,D58H,57,0,centroid,8.0,495,494,1,0
1A7V,D58H,57,0,centroid,9.0,673,671,2,0
1A7V,D58H,57,0,centroid,10.0,912,910,2,0
1A7V,D58H,57,0,allatom,6.0,718,717,1,0
1A7V,D58H,57,0,allatom,7.0,955,954,1,0
1A7V,D58H,57,0,allatom,8.0,1246,1245,1,0
1A7V,D58H,57,0,allatom,9.0,1514,1513,1,0
1A7V,D58H,57,0,allatom,10.0,1801,1801,0,0
1A7V,E73H,72,0,ca,6.0,340,340,0,0
1A7V,E73H,72,0,ca,7.0,455,455,0,0
1A7V,E73H,72,0,ca,8.0,523,523,0,0
1A7V,E73H,72,0,ca,9.0,707,707,0,0
1A7V,E73H,72,0,ca,10.0,917,917,0,0
1A7V,E73H,72,0,cb,6.0,258,258,0,0
1A7V,E73H,72,0,cb,7.0,390,390,0,0
1A7V,E73H,72,0,cb,8.0,553,553,0,0
1A7V,E73H,72,0,cb,9.0,671,671,0,0
1A7V,E73H,72,0,cb,10.0,911,911,0,0
1A7V,E73H,72,0,centroid,6.0,212,211,1,0
1A7V,E73H,72,0,centroid,7.0,344,344,0,0
1A7V,E73H,72,0,centroid,8.0,495,495,1,1
1A7V,E73H,72,0,centroid,9.0,673,674,0,1
1A7V,E73H,72,0,centroid,10.0,912,913,0,1
1A7V,E73H,72,0,allatom,6.0,718,719,0,1
1A7V,E73H,72,0,allatom,7.0,955,956,0,1
1A7V,E73H,72,0,allatom,8.0,1246,1246,0,0
1A7V,E73H,72,0,allatom,9.0,1514,1514,0,0
1A7V,E73H,72,0,allatom,10.0,1801,1801,0,0
1A7V,K13H,12,0,ca,6.0,340,340,0,0
1A7V,K13H,12,0,ca,7.0,455,455,0,0
1A7V,K13H,12,0,ca,8.0,523,523,0,0
1A7V,K13H,12,0,ca,9.0,707,707,0,0
1A7V,K13H,12,0,ca,10.0,917,917,0,0
1A7V,K13H,12,0,cb,6.0,258,258,0,0
1A7V,K13H,12,0,cb,7.0,390,390,0,0
1A7V,K13H,12,0,cb,8.0,553,553,0,0
1A7V,K13H,12,0,cb,9.0,671,671,0,0
1A7V,K13H,12,0,cb,10.0,911,911,0,0
1A7V,K13H,12,0,centroid,6.0,212,211,4,3
1A7V,K13H,12,0,centroid,7.0,344,345,3,4
1A7V,K13H,12,0,centroid,8.0,495,496,2,3
1A7V,K13H,12,0,centroid,9.0,673,671,5,3
1A7V,K13H,12,0,centroid,10.0,912,917,3,8
1A7V,K13H,12,0,allatom,6.0,718,717,2,1
1A7V,K13H,12,0,allatom,7.0,955,953,2,0
1A7V,K13H,12,0,allatom,8.0,1246,1246,1,1
1A7V,K13H,12,0,allatom,9.0,1514,1514,2,2
1A7V,K13H,12,0,allatom,10.0,1801,1803,1,3
1A7V,K20H,19,0,ca,6.0,340,340,0,0
1A7V,K20H,19,0,ca,7.0,455,455,0,0
1A7V,K20H,19,0,ca,8.0,523,523,0,0
1A7V,K20H,19,0,ca,9.0,707,707,0,0
1A7V,K20H,19,0,ca,10.0,917,917,0,0
1A7V,K20H,19,0,cb,6.0,258,258,0,0
1A7V,K20H,19,0,cb,7.0,390,390,0,0
1A7V,K20H,19,0,cb,8.0,553,553,0,0
1A7V,K20H,19,0,cb,9.0,671,671,0,0
1A7V,K20H,19,0,cb,10.0,911,911,0,0
1A7V,K20H,19,0,centroid,6.0,212,213,1,2
1A7V,K20H,19,0,centroid,7.0,344,344,3,3
1A7V,K20H,19,0,centroid,8.0,495,496,1,2
1A7V,K20H,19,0,centroid,9.0,673,674,2,3
1A7V,K20H,19,0,centroid,10.0,912,917,1,6
1A7V,K20H,19,0,allatom,6.0,718,718,0,0
1A7V,K20H,19,0,allatom,7.0,955,955,1,1
1A7V,K20H,19,0,allatom,8.0,1246,1247,1,2
1A7V,K20H,19,0,allatom,9.0,1514,1514,1,1
1A7V,K20H,19,0,allatom,10.0,1801,1802,0,1
1A7V,K31H,30,0,ca,6.0,340,340,0,0
1A7V,K31H,30,0,ca,7.0,455,455,0,0
1A7V,K31H,30,0,ca,8.0,523,523,0,0
1A7V,K31H,30,0,ca,9.0,707,707,0,0
1A7V,K31H,30,0,ca,10.0,917,917,0,0
1A7V,K31H,30,0,cb,6.0,258,258,0,0
1A7V,K31H,30,0,cb,7.0,390,390,0,0
1A7V,K31H,30,0,cb,8.0,553,553,0,0
1A7V,K31H,30,0,cb,9.0,671,671,0,0
1A7V,K31H,30,0,cb,10.0,911,911,0,0
1A7V,K31H,30,0,centroid,6.0,212,212,0,0
1A7V,K31H,30,0,centroid,7.0,344,344,0,0
1A7V,K31H,30,0,centroid,8.0,495,497,0,2
1A7V,K31H,30,0,centroid,9.0,673,672,1,0
1A7V,K31H,30,0,centroid,10.0,912,912,0,0
1A7V,K31H,30,0,allatom,6.0,718,718,0,0
1A7V,K31H,30,0,allatom,7.0,955,955,0,0
1A7V,K31H,30,0,allatom,8.0,1246,1246,0,0
1A7V,K31H,30,0,allatom,9.0,1514,1514,0,0
1A7V,K31H,30,0,allatom,10.0,1801,1802,0,1
1A7V,K39H,38,0,ca,6.0,340,340,0,0
1A7V,K39H,38,0,ca,7.0,455,455,0,0
1A7V,K39H,38,0,ca,8.0,523,523,0,0
1A7V,K39H,38,0,ca,9.0,707,707,0,0
1A7V,K39H,38,0,ca,10.0,917,917,0,0
1A7V,K39H,38,0,cb,6.0,258,258,0,0
1A7V,K39H,38,0,cb,7.0,390,390,0,0
1A7V,K39H,38,0,cb,8.0,553,553,0,0
1A7V,K39H,38,0,cb,9.0,671,671,0,0
1A7V,K39H,38,0,cb,10.0,911,911,0,0
1A7V,K39H,38,0,centroid,6.0,212,213,0,1
1A7V,K39H,38,0,centroid,7.0,344,344,2,2
1A7V,K39H,38,0,centroid,8.0,495,495,0,0
1A7V,K39H,38,0,centroid,9.0,673,673,2,2
1A7V,K39H,38,0,centroid,10.0,912,912,1,1
1A7V,K39H,38,0,allatom,6.0,718,718,0,0
1A7V,K39H,38,0,allatom,7.0,955,955,0,0
1A7V,K39H,38,0,allatom,8.0,1246,1246,0,0
1A7V,K39H,38,0,allatom,9.0,1514,1514,0,0
1A7V,K39H,38,0,allatom,10.0,1801,1801,0,0
1A7V,K49H,48,0,ca,6.0,340,340,0,0
1A7V,K49H,48,0,ca,7.0,455,455,0,0
1A7V,K49H,48,0,ca,8.0,523,523,0,0
1A7V,K49H,48,0,ca,9.0,707,707,0,0
1A7V,K49H,48,0,ca,10.0,917,917,0,0
1A7V,K49H,48,0,cb,6.0,258,258,0,0
1A7V,K49H,48,0,cb,7.0,390,390,0,0
1A7V,K49H,48,0,cb,8.0,553,553,0,0
1A7V,K49H,48,0,cb,9.0,671,671,0,0
1A7V,K49H,48,0,cb,10.0,911,911,0,0
1A7V,K49H,48,0,centroid,6.0,212,210,2,0
1A7V,K49H,48,0,centroid,7.0,344,343,2,1
1A7V,K49H,48,0,centroid,8.0,495,495,2,2
1A7V,K49H,48,0,centroid,9.0,673,672,1,0
1A7V,K49H,48,0,centroid,10.0,912,909,4,1
1A7V,K49H,48,0,allatom,6.0,718,718,1,1
1A7V,K49H,48,0,allatom,7.0,955,952,3,0
1A7V,K49H,48,0,allatom,8.0,1246,1244,3,1
1A7V,K49H,48,0,allatom,9.0,1514,1511,4,1
1A7V,K49H,48,0,allatom,10.0,1801,1799,2,0
1A7V,K84H,83,0,ca,6.0,340,340,0,0
1A7V,K84H,83,0,ca,7.0,455,455,0,0
1A7V,K84H,83,0,ca,8.0,523,523,0,0
1A7V,K84H,83,0,ca,9.0,707,707,0,0
1A7V,K84H,83,0,ca,10.0,917,917,0,0
1A7V,K84H,83,0,cb,6.0,258,258,0,0
1A7V,K84H,83,0,cb,7.0,390,390,0,0
1A7V,K84H,83,0,cb,8.0,553,553,0,0
1A7V,K84H,83,0,cb,9.0,671,671,0,0
1A7V,K84H,83,0,cb,10.0,911,911,0,0
1A7V,K84H,83,0,centroid,6.0,212,213,1,2
1A7V,K84H,83,0,centroid,7.0,344,344,3,3
1A7V,K84H,83,0,centroid,8.0,495,495,2,2
1A7V,K84H,83,0,centroid,9.0,673,676,0,3
1A7V,K84H,83,0,centroid,10.0,912,914,2,4
1A7V,K84H,83,0,allatom,6.0,718,719,1,2
1A7V,K84H,83,0,allatom,7.0,955,953,3,1
1A7V,K84H,83,0,allatom,8.0,1246,1245,1,0
1A7V,K84H,83,0,allatom,9.0,1514,1515,0,1
1A7V,K84H,83,0,allatom,10.0,1801,1801,1,1
1A7V,K97H,96,0,ca,6.0,340,340,0,0
1A7V,K97H,96,0,ca,7.0,455,455,0,0
1A7V,K97H,96,0,ca,8.0,523,523,0,0
1A7V,K97H,96,0,ca,9.0,707,707,0,0
1A7V,K97H,96,0,ca,10.0,917,917,0,0
1A7V,K97H,96,0,cb,6.0,258,258,0,0
1A7V,K97H,96,0,cb,7.0,390,390,0,0
1A7V,K97H,96,0,cb,8.0,553,553,0,0
1A7V,K97H,96,0,cb,9.0,671,671,0,0
1A7V,K97H,96,0,cb,10.0,911,911,0,0
1A7V,K97H,96,0,centroid,6.0,212,212,3,3
1A7V,K97H,96,0,centroid,7.0,344,342,3,1
1A7V,K97H,96,0,centroid,8.0,495,490,5,0
1A7V,K97H,96,0,centroid,9.0,673,670,6,3
1A7V,K97H,96,0,centroid,10.0,912,907,6,1
1A7V,K97H,96,0,allatom,6.0,718,716,2,0
1A7V,K97H,96,0,allatom,7.0,955,954,1,0
1A7V,K97H,96,0,allatom,8.0,1246,1242,4,0
1A7V,K97H,96,0,allatom,9.0,1514,1512,2,0
1A7V,K97H,96,0,allatom,10.0,1801,1802,0,1
1BNL,D76A,75,0,ca,6.0,268,268,0,0
1BNL,D76A,75,0,ca,7.0,396,396,0,0
1BNL,D76A,75,0,ca,8.0,490,490,0,0
1BNL,D76A,75,0,ca,9.0,639,639,0,0
1BNL,D76A,75,0,ca,10.0,850,850,0,0
1BNL,D76A,75,0,cb,6.0,237,237,0,0
1BNL,D76A,75,0,cb,7.0,345,345,0,0
1BNL,D76A,75,0,cb,8.0,476,476,0,0
1BNL,D76A,75,0,cb,9.0,622,622,0,0
1BNL,D76A,75,0,cb,10.0,822,822,0,0
1BNL,D76A,75,0,centroid,6.0,166,164,2,0
1BNL,D76A,75,0,centroid,7.0,283,286,0,3
1BNL,D76A,75,0,centroid,8.0,422,422,1,1
1BNL,D76A,75,0,centroid,9.0,576,574,2,0
1BNL,D76A,75,0,centroid,10.0,777,778,2,3
1BNL,D76A,75,0,allatom,6.0,630,630,0,0
1BNL,D76A,75,0,allatom,7.0,874,873,1,0
1BNL,D76A,75,0,allatom,8.0,1128,1126,2,0
1BNL,D76A,75,0,allatom,9.0,1349,1347,2,0
1BNL,D76A,75,0,allatom,10.0,1633,1632,2,1
1DIV,D23A,22,1,ca,6.0,322,322,0,0
1DIV,D23A,22,1,ca,7.0,433,433,0,0
1DIV,D23A,22,1,ca,8.0,499,499,0,0
1DIV,D23A,22,1,ca,9.0,630,630,0,0
1DIV,D23A,22,1,ca,10.0,801,801,0,0
1DIV,D23A,22,1,cb,6.0,249,249,0,0
1DIV,D23A,22,1,cb,7.0,364,364,0,0
1DIV,D23A,22,1,cb,8.0,485,485,0,0
1DIV,D23A,22,1,cb,9.0,588,588,0,0
1DIV,D23A,22,1,cb,10.0,741,741,0,0
1DIV,D23A,22,1,centroid,6.0,176,178,0,2
1DIV,D23A,22,1,centroid,7.0,278,279,0,1
1DIV,D23A,22,1,centroid,8.0,392,392,1,1
1DIV,D23A,22,1,centroid,9.0,530,531,0,1
1DIV,D23A,22,1,centroid,10.0,692,695,0,3
1DIV,D23A,22,1,allatom,6.0,617,616,1,0
1DIV,D23A,22,1,allatom,7.0,784,784,0,0
1DIV,D23A,22,1,allatom,8.0,984,984,0,0
1DIV,D23A,22,1,allatom,9.0,1154,1154,0,0
1DIV,D23A,22,1,allatom,10.0,1338,1338,0,0
1DIV,D23N,22,1,ca,6.0,322,322,0,0
1DIV,D23N,22,1,ca,7.0,433,433,0,0
1DIV,D23N,22,1,ca,8.0,499,499,0,0
1DIV,D23N,22,1,ca,9.0,630,630,0,0
1DIV,D23N,22,1,ca,10.0,801,801,0,0
1DIV,D23N,22,1,cb,6.0,249,249,0,0
1DIV,D23N,22,1,cb,7.0,364,364,0,0
1DIV,D23N,22,1,cb,8.0,485,485,0,0
1DIV,D23N,22,1,cb,9.0,588,588,0,0
1DIV,D23N,22,1,cb,10.0,741,741,0,0
1DIV,D23N,22,1,centroid,6.0,176,178,2,4
1DIV,D23N,22,1,centroid,7.0,278,278,2,2
1DIV,D23N,22,1,centroid,8.0,392,392,1,1
1DIV,D23N,22,1,centroid,9.0,530,534,1,5
1DIV,D23N,22,1,centroid,10.0,692,696,2,6
1DIV,D23N,22,1,allatom,6.0,617,616,1,0
1DIV,D23N,22,1,allatom,7.0,784,784,0,0
1DIV,D23N,22,1,allatom,8.0,984,986,0,2
1DIV,D23N,22,1,allatom,9.0,1154,1156,0,2
1DIV,D23N,22,1,allatom,10.0,1338,1343,0,5
1DIV,D8N,7,1,ca,6.0,322,322,0,0
1DIV,D8N,7,1,ca,7.0,433,433,0,0
1DIV,D8N,7,1,ca,8.0,499,499,0,0
1DIV,D8N,7,1,ca,9.0,630,630,0,0
1DIV,D8N,7,1,ca,10.0,801,801,0,0
1DIV,D8N,7,1,cb,6.0,249,249,0,0
1DIV,D8N,7,1,cb,7.0,364,364,0,0
1DIV,D8N,7,1,cb,8.0,485,485,0,0
1DIV,D8N,7,1,cb,9.0,588,588,0,0
1DIV,D8N,7,1,cb,10.0,741,741,0,0
1DIV,D8N,7,1,centroid,6.0,176,176,0,0
1DIV,D8N,7,1,centroid,7.0,278,278,1,1
1DIV,D8N,7,1,centroid,8.0,392,393,1,2
1DIV,D8N,7,1,centroid,9.0,530,529,1,0
1DIV,D8N,7,1,centroid,10.0,692,693,0,1
1DIV,D8N,7,1,allatom,6.0,617,617,0,0
1DIV,D8N,7,1,allatom,7.0,784,785,0,1
1DIV,D8N,7,1,allatom,8.0,984,983,1,0
1DIV,D8N,7,1,allatom,9.0,1154,1155,0,1
1DIV,D8N,7,1,allatom,10.0,1338,1338,0,0
1DIV,E100A,99,1,ca,6.0,322,322,0,0
1DIV,E100A,99,1,ca,7.0,433,433,0,0
1DIV,E100A,99,1,ca,8.0,499,499,0,0
1DIV,E100A,99,1,ca,9.0,630,630,0,0
1DIV,E100A,99,1,ca,10.0,801,801,0,0
1DIV,E100A,99,1,cb,6.0,249,249,0,0
1DIV,E100A,99,1,cb,7.0,364,364,0,0
1DIV,E100A,99,1,cb,8.0,485,485,0,0
1DIV,E100A,99,1,cb,9.0,588,588,0,0
1DIV,E100A,99,1,cb,10.0,741,741,0,0
1DIV,E100A,99,1,centroid,6.0,176,176,4,4
1DIV,E100A,99,1,centroid,7.0,278,280,2,4
1DIV,E100A,99,1,centroid,8.0,392,390,2,0
1DIV,E100A,99,1,centroid,9.0,530,531,2,3
1DIV,E100A,99,1,centroid,10.0,692,690,6,4
1DIV,E100A,99,1,allatom,6.0,617,617,0,0
1DIV,E100A,99,1,allatom,7.0,784,785,0,1
1DIV,E100A,99,1,allatom,8.0,984,983,1,0
1DIV,E100A,99,1,allatom,9.0,1154,1153,1,0
1DIV,E100A,99,1,allatom,10.0,1338,1337,2,1
1DIV,E100G,99,1,ca,6.0,322,322,0,0
1DIV,E100G,99,1,ca,7.0,433,433,0,0
1DIV,E100G,99,1,ca,8.0,499,499,0,0
1DIV,E100G,99,1,ca,9.0,630,630,0,0
1DIV,E100G,99,1,ca,10.0,801,801,0,0
1DIV,E100G,99,1,cb,6.0,249,249,1,1
1DIV,E100G,99,1,cb,7.0,364,365,0,1
1DIV,E100G,99,1,cb,8.0,485,485,0,0
1DIV,E100G,99,1,cb,9.0,588,591,1,4
1DIV,E100G,99,1,cb,10.0,741,744,0,3
1DIV,E100G,99,1,centroid,6.0,176,176,5,5
1DIV,E100G,99,1,centroid,7.0,278,280,3,5
1DIV,E100G,99,1,centroid,8.0,392,393,2,3
1DIV,E100G,99,1,centroid,9.0,530,533,3,6
1DIV,E100G,99,1,centroid,10.0,692,696,7,11
1DIV,E100G,99,1,allatom,6.0,617,618,0,1
1DIV,E100G,99,1,allatom,7.0,784,784,1,1
1DIV,E100G,99,1,allatom,8.0,984,983,2,1
1DIV,E100G,99,1,allatom,9.0,1154,1153,2,1
1DIV,E100G,99,1,allatom,10.0,1338,1336,3,1
1DIV,E17Q,16,1,ca,6.0,322,322,0,0
1DIV,E17Q,16,1,ca,7.0,433,433,0,0
1DIV,E17Q,16,1,ca,8.0,499,499,0,0
1DIV,E17Q,16,1,ca,9.0,630,630,0,0
1DIV,E17Q,16,1,ca,10.0,801,801,0,0
1DIV,E17Q,16,1,cb,6.0,249,249,0,0
1DIV,E17Q,16,1,cb,7.0,364,364,0,0
1DIV,E17Q,16,1,cb,8.0,485,485,0,0
1DIV,E17Q,16,1,cb,9.0,588,588,0,0
1DIV,E17Q,16,1,cb,10.0,741,741,0,0
1DIV,E17Q,16,1,centroid,6.0,176,176,0,0
1DIV,E17Q,16,1,centroid,7.0,278,278,0,0
1DIV,E17Q,16,1,centroid,8.0,392,392,0,0
1DIV,E17Q,16,1,centroid,9.0,530,530,0,0
1DIV,E17Q,16,1,centroid,10.0,692,692,0,0
1DIV,E17Q,16,1,allatom,6.0,617,617,0,0
1DIV,E17Q,16,1,allatom,7.0,784,785,0,1
1DIV,E17Q,16,1,allatom,8.0,984,984,0,0
1DIV,E17Q,16,1,allatom,9.0,1154,1154,0,0
1DIV,E17Q,16,1,allatom,10.0,1338,1338,0,0
1DIV,E38Q,37,1,ca,6.0,322,322,0,0
1DIV,E38Q,37,1,ca,7.0,433,433,0,0
1DIV,E38Q,37,1,ca,8.0,499,499,0,0
1DIV,E38Q,37,1,ca,9.0,630,630,0,0
1DIV,E38Q,37,1,ca,10.0,801,801,0,0
1DIV,E38Q,37,1,cb,6.0,249,249,0,0
1DIV,E38Q,37,1,cb,7.0,364,364,0,0
1DIV,E38Q,37,1,cb,8.0,485,485,0,0
1DIV,E38Q,37,1,cb,9.0,588,588,0,0
1DIV,E38Q,37,1,cb,10.0,741,741,0,0
1DIV,E38Q,37,1,centroid,6.0,176,176,2,2
1DIV,E38Q,37,1,centroid,7.0,278,280,1,3
1DIV,E38Q,37,1,centroid,8.0,392,391,1,0
1DIV,E38Q,37,1,centroid,9.0,530,529,2,1
1DIV,E38Q,37,1,centroid,10.0,692,695,3,6
1DIV,E38Q,37,1,allatom,6.0,617,615,2,0
1DIV,E38Q,37,1,allatom,7.0,784,782,2,0
1DIV,E38Q,37,1,allatom,8.0,984,983,2,1
1DIV,E38Q,37,1,allatom,9.0,1154,1154,2,2
1DIV,E38Q,37,1,allatom,10.0,1338,1338,1,1
1DIV,E48Q,47,1,ca,6.0,322,322,0,0
1DIV,E48Q,47,1,ca,7.0,433,433,0,0
1DIV,E48Q,47,1,ca,8.0,499,499,0,0
1DIV,E48Q,47,1,ca,9.0,630,630,0,0
1DIV,E48Q,47,1,ca,10.0,801,801,0,0
1DIV,E48Q,47,1,cb,6.0,249,249,0,0
1DIV,E48Q,47,1,cb,7.0,364,364,0,0
1DIV,E48Q,47,1,cb,8.0,485,485,0,0
1DIV,E48Q,47,1,cb,9.0,588,588,0,0
1DIV,E48Q,47,1,cb,10.0,741,741,0,0
1DIV,E48Q,47,1,centroid,6.0,176,174,2,0
1DIV,E48Q,47,1,centroid,7.0,278,277,4,3
1DIV,E48Q,47,1,centroid,8.0,392,389,4,1
1DIV,E48Q,47,1,centroid,9.0,530,530,2,2
1DIV,E48Q,47,1,centroid,10.0,692,689,6,3
1DIV,E48Q,47,1,allatom,6.0,617,617,0,0
1DIV,E48Q,47,1,allatom,7.0,784,783,2,1
1DIV,E48Q,47,1,allatom,8.0,984,982,2,0
1DIV,E48Q,47,1,allatom,9.0,1154,1153,1,0
1DIV,E48Q,47,1,allatom,10.0,1338,1338,0,0
1DIV,E54Q,53,1,ca,6.0,322,322,0,0
1DIV,E54Q,53,1,ca,7.0,433,433,0,0
1DIV,E54Q,53,1,ca,8.0,499,499,0,0
1DIV,E54Q,53,1,ca,9.0,630,630,0,0
1DIV,E54Q,53,1,ca,10.0,801,801,0,0
1DIV,E54Q,53,1,cb,6.0,249,249,0,0
1DIV,E54Q,53,1,cb,7.0,364,364,0,0
1DIV,E54Q,53,1,cb,8.0,485,485,0,0
1DIV,E54Q,53,1,cb,9.0,588,588,0,0
1DIV,E54Q,53,1,cb,10.0,741,741,0,0
1DIV,E54Q,53,1,centroid,6.0,176,174,5,3
1DIV,E54Q,53,1,centroid,7.0,278,275,6,3
1DIV,E54Q,53,1,centroid,8.0,392,387,7,2
1DIV,E54Q,53,1,centroid,9.0,530,529,4,3
1DIV,E54Q,53,1,centroid,10.0,692,689,7,4
1DIV,E54Q,53,1,allatom,6.0,617,615,3,1
1DIV,E54Q,53,1,allatom,7.0,784,782,3,1
1DIV,E54Q,53,1,allatom,8.0,984,982,3,1
1DIV,E54Q,53,1,allatom,9.0,1154,1150,5,1
1DIV,E54Q,53,1,allatom,10.0,1338,1333,5,0
1DIV,H106Q,105,1,ca,6.0,322,322,0,0
1DIV,H106Q,105,1,ca,7.0,433,433,0,0
1DIV,H106Q,105,1,ca,8.0,499,499,0,0
1DIV,H106Q,105,1,ca,9.0,630,630,0,0
1DIV,H106Q,105,1,ca,10.0,801,801,0,0
1DIV,H106Q,105,1,cb,6.0,249,249,0,0
1DIV,H106Q,105,1,cb,7.0,364,364,0,0
1DIV,H106Q,105,1,cb,8.0,485,485,0,0
1DIV,H106Q,105,1,cb,9.0,588,588,0,0
1DIV,H106Q,105,1,cb,10.0,741,741,0,0
1DIV,H106Q,105,1,centroid,6.0,176,173,3,0
1DIV,H106Q,105,1,centroid,7.0,278,276,2,0
1DIV,H106Q,105,1,centroid,8.0,392,390,3,1
1DIV,H106Q,105,1,centroid,9.0,530,526,4,0
1DIV,H106Q,105,1,centroid,10.0,692,690,2,0
1DIV,H106Q,105,1,allatom,6.0,617,616,1,0
1DIV,H106Q,105,1,allatom,7.0,784,781,4,1
1DIV,H106Q,105,1,allatom,8.0,984,981,4,1
1DIV,H106Q,105,1,allatom,9.0,1154,1150,4,0
1DIV,H106Q,105,1,allatom,10.0,1338,1335,3,0
1DIV,I115A,114,1,ca,6.0,322,322,0,0
1DIV,I115A,114,1,ca,7.0,433,433,0,0
1DIV,I115A,114,1,ca,8.0,499,499,0,0
1DIV,I115A,114,1,ca,9.0,630,630,0,0
1DIV,I115A,114,1,ca,10.0,801,801,0,0
1DIV,I115A,114,1,cb,6.0,249,249,0,0
1DIV,I115A,114,1,cb,7.0,364,364,0,0
1DIV,I115A,114,1,cb,8.0,485,485,0,0
1DIV,I115A,114,1,cb,9.0,588,588,0,0
1DIV,I115A,114,1,cb,10.0,741,741,0,0
1DIV,I115A,114,1,centroid,6.0,176,175,1,0
1DIV,I115A,114,1,centroid,7.0,278,278,0,0
1DIV,I115A,114,1,centroid,8.0,392,392,1,1
1DIV,I115A,114,1,centroid,9.0,530,529,1,0
1DIV,I115A,114,1,centroid,10.0,692,692,0,0
1DIV,I115A,114,1,allatom,6.0,617,615,2,0
1DIV,I115A,114,1,allatom,7.0,784,781,3,0
1DIV,I115A,114,1,allatom,8.0,984,980,4,0
1DIV,I115A,114,1,allatom,9.0,1154,1147,7,0
1DIV,I115A,114,1,allatom,10.0,1338,1334,4,0
1DIV,I4A,3,1,ca,6.0,322,322,0,0
1DIV,I4A,3,1,ca,7.0,433,433,0,0
1DIV,I4A,3,1,ca,8.0,499,499,0,0
1DIV,I4A,3,1,ca,9.0,630,630,0,0
1DIV,I4A,3,1,ca,10.0,801,801,0,0
1DIV,I4A,3,1,cb,6.0,249,249,0,0
1DIV,I4A,3,1,cb,7.0,364,364,0,0
1DIV,I4A,3,1,cb,8.0,485,485,0,0
1DIV,I4A,3,1,cb,9.0,588,588,0,0
1DIV,I4A,3,1,cb,10.0,741,741,0,0
1DIV,I4A,3,1,centroid,6.0,176,177,6,7
1DIV,I4A,3,1,centroid,7.0,278,279,6,7
1DIV,I4A,3,1,centroid,8.0,392,390,5,3
1DIV,I4A,3,1,centroid,9.0,530,526,8,4
1DIV,I4A,3,1,centroid,10.0,692,691,7,6
1DIV,I4A,3,1,allatom,6.0,617,618,3,4
1DIV,I4A,3,1,allatom,7.0,784,787,5,8
1DIV,I4A,3,1,allatom,8.0,984,979,11,6
1DIV,I4A,3,1,allatom,9.0,1154,1151,7,4
1DIV,I4A,3,1,allatom,10.0,1338,1340,3,5
1DIV,I4V,3,1,ca,6.0,322,322,0,0
1DIV,I4V,3,1,ca,7.0,433,433,0,0
1DIV,I4V,3,1,ca,8.0,499,499,0,0
1DIV,I4V,3,1,ca,9.0,630,630,0,0
1DIV,I4V,3,1,ca,10.0,801,801,0,0
1DIV,I4V,3,1,cb,6.0,249,250,0,1
1DIV,I4V,3,1,cb,7.0,364,364,0,0
1DIV,I4V,3,1,cb,8.0,485,485,0,0
1DIV,I4V,3,1,cb,9.0,588,588,0,0
1DIV,I4V,3,1,cb,10.0,741,741,0,0
1DIV,I4V,3,1,centroid,6.0,176,176,5,5
1DIV,I4V,3,1,centroid,7.0,278,277,5,4
1DIV,I4V,3,1,centroid,8.0,392,394,1,3
1DIV,I4V,3,1,centroid,9.0,530,527,5,2
1DIV,I4V,3,1,centroid,10.0,692,682,11,1
1DIV,I4V,3,1,allatom,6.0,617,615,4,2
1DIV,I4V,3,1,allatom,7.0,784,781,5,2
1DIV,I4V,3,1,allatom,8.0,984,985,3,4
1DIV,I4V,3,1,allatom,9.0,1154,1149,7,2
1DIV,I4V,3,1,allatom,10.0,1338,1339,3,4
1DIV,I79A,78,1,ca,6.0,322,322,0,0
1DIV,I79A,78,1,ca,7.0,433,433,0,0
1DIV,I79A,78,1,ca,8.0,499,499,0,0
1DIV,I79A,78,1,ca,9.0,630,630,0,0
1DIV,I79A,78,1,ca,10.0,801,801,0,0
1DIV,I79A,78,1,cb,6.0,249,249,0,0
1DIV,I79A,78,1,cb,7.0,364,364,0,0
1DIV,I79A,78,1,cb,8.0,485,485,0,0
1DIV,I79A,78,1,cb,9.0,588,588,0,0
1DIV,I79A,78,1,cb,10.0,741,741,0,0
1DIV,I79A,78,1,centroid,6.0,176,174,3,1
1DIV,I79A,78,1,centroid,7.0,278,277,1,0
1DIV,I79A,78,1,centroid,8.0,392,392,0,0
1DIV,I79A,78,1,centroid,9.0,530,529,2,1
1DIV,I79A,78,1,centroid,10.0,692,688,5,1
1DIV,I79A,78,1,allatom,6.0,617,616,1,0
1DIV,I79A,78,1,allatom,7.0,784,782,4,2
1DIV,I79A,78,1,allatom,8.0,984,978,7,1
1DIV,I79A,78,1,allatom,9.0,1154,1150,4,0
1DIV,I79A,78,1,allatom,10.0,1338,1329,9,0
1DIV,I93A,92,1,ca,6.0,322,322,0,0
1DIV,I93A,92,1,ca,7.0,433,433,0,0
1DIV,I93A,92,1,ca,8.0,499,499,0,0
1DIV,I93A,92,1,ca,9.0,630,630,0,0
1DIV,I93A,92,1,ca,10.0,801,801,0,0
1DIV,I93A,92,1,cb,6.0,249,249,0,0
1DIV,I93A,92,1,cb,7.0,364,364,0,0
1DIV,I93A,92,1,cb,8.0,485,485,0,0
1DIV,I93A,92,1,cb,9.0,588,588,0,0
1DIV,I93A,92,1,cb,10.0,741,741,0,0
1DIV,I93A,92,1,centroid,6.0,176,176,1,1
1DIV,I93A,92,1,centroid,7.0,278,279,0,1
1DIV,I93A,92,1,centroid,8.0,392,393,0,1
1DIV,I93A,92,1,centroid,9.0,530,529,2,1
1DIV,I93A,92,1,centroid,10.0,692,692,0,0
1DIV,I93A,92,1,allatom,6.0,617,615,2,0
1DIV,I93A,92,1,allatom,7.0,784,782,2,0
1DIV,I93A,92,1,allatom,8.0,984,979,6,1
1DIV,I93A,92,1,allatom,9.0,1154,1152,2,0
1DIV,I93A,92,1,allatom,10.0,1338,1334,4,0
1DIV,I98A,97,1,ca,6.0,322,322,0,0
1DIV,I98A,97,1,ca,7.0,433,433,0,0
1DIV,I98A,97,1,ca,8.0,499,499,0,0
1DIV,I98A,97,1,ca,9.0,630,630,0,0
1DIV,I98A,97,1,ca,10.0,801,801,0,0
1DIV,I98A,97,1,cb,6.0,249,249,0,0
1DIV,I98A,97,1,cb,7.0,364,364,0,0
1DIV,I98A,97,1,cb,8.0,485,485,0,0
1DIV,I98A,97,1,cb,9.0,588,588,0,0
1DIV,I98A,97,1,cb,10.0,741,741,0,0
1DIV,I98A,97,1,centroid,6.0,176,177,0,1
1DIV,I98A,97,1,centroid,7.0,278,279,0,1
1DIV,I98A,97,1,centroid,8.0,392,393,0,1
1DIV,I98A,97,1,centroid,9.0,530,531,0,1
1DIV,I98A,97,1,centroid,10.0,692,692,1,1
1DIV,I98A,97,1,allatom,6.0,617,616,1,0
1DIV,I98A,97,1,allatom,7.0,784,784,0,0
1DIV,I98A,97,1,allatom,8.0,984,982,2,0
1DIV,I98A,97,1,allatom,9.0,1154,1150,4,0
1DIV,I98A,97,1,allatom,10.0,1338,1335,3,0
1DIV,K10M,9,1,ca,6.0,322,322,0,0
1DIV,K10M,9,1,ca,7.0,433,433,0,0
1DIV,K10M,9,1,ca,8.0,499,499,0,0
1DIV,K10M,9,1,ca,9.0,630,630,0,0
1DIV,K10M,9,1,ca,10.0,801,801,0,0
1DIV,K10M,9,1,cb,6.0,249,249,0,0
1DIV,K10M,9,1,cb,7.0,364,364,0,0
1DIV,K10M,9,1,cb,8.0,485,485,0,0
1DIV,K10M,9,1,cb,9.0,588,588,0,0
1DIV,K10M,9,1,cb,10.0,741,741,0,0
1DIV,K10M,9,1,centroid,6.0,176,174,5,3
1DIV,K10M,9,1,centroid,7.0,278,282,1,5
1DIV,K10M,9,1,centroid,8.0,392,394,0,2
1DIV,K10M,9,1,centroid,9.0,530,529,3,2
1DIV,K10M,9,1,centroid,10.0,692,689,5,2
1DIV,K10M,9,1,allatom,6.0,617,617,2,2
1DIV,K10M,9,1,allatom,7.0,784,782,4,2
1DIV,K10M,9,1,allatom,8.0,984,982,3,1
1DIV,K10M,9,1,allatom,9.0,1154,1151,5,2
1DIV,K10M,9,1,allatom,10.0,1338,1336,3,1
1DIV,K14M,13,1,ca,6.0,322,322,0,0
1DIV,K14M,13,1,ca,7.0,433,433,0,0
1DIV,K14M,13,1,ca,8.0,499,499,0,0
1DIV,K14M,13,1,ca,9.0,630,630,0,0
1DIV,K14M,13,1,ca,10.0,801,801,0,0
1DIV,K14M,13,1,cb,6.0,249,249,0,0
1DIV,K14M,13,1,cb,7.0,364,364,0,0
1DIV,K14M,13,1,cb,8.0,485,485,0,0
1DIV,K14M,13,1,cb,9.0,588,588,0,0
1DIV,K14M,13,1,cb,10.0,741,741,0,0
1DIV,K14M,13,1,centroid,6.0,176,174,4,2
1DIV,K14M,13,1,centroid,7.0,278,277,5,4
1DIV,K14M,13,1,centroid,8.0,392,391,3,2
1DIV,K14M,13,1,centroid,9.0,530,527,4,1
1DIV,K14M,13,1,centroid,10.0,692,695,3,6
1DIV,K14M,13,1,allatom,6.0,617,616,1,0
1DIV,K14M,13,1,allatom,7.0,784,785,2,3
1DIV,K14M,13,1,allatom,8.0,984,982,4,2
1DIV,K14M,13,1,allatom,9.0,1154,1153,5,4
1DIV,K14M,13,1,allatom,10.0,1338,1335,5,2
1DIV,K15M,14,1,ca,6.0,322,322,0,0
1DIV,K15M,14,1,ca,7.0,433,433,0,0
1DIV,K15M,14,1,ca,8.0,499,499,0,0
1DIV,K15M,14,1,ca,9.0,630,630,0,0
1DIV,K15M,14,1,ca,10.0,801,801,0,0
1DIV,K15M,14,1,cb,6.0,249,249,0,0
1DIV,K15M,14,1,cb,7.0,364,364,0,0
1DIV,K15M,14,1,cb,8.0,485,485,0,0
1DIV,K15M,14,1,cb,9.0,588,588,0,0
1DIV,K15M,14,1,cb,10.0,741,741,0,0
1DIV,K15M,14,1,centroid,6.0,176,174,3,1
1DIV,K15M,14,1,centroid,7.0,278,281,0,3
1DIV,K15M,14,1,centroid,8.0,392,393,0,1
1DIV,K15M,14,1,centroid,9.0,530,530,2,2
1DIV,K15M,14,1,centroid,10.0,692,689,5,2
1DIV,K15M,14,1,allatom,6.0,617,618,2,3
1DIV,K15M,14,1,allatom,7.0,784,783,3,2
1DIV,K15M,14,1,allatom,8.0,984,983,2,1
1DIV,K15M,14,1,allatom,9.0,1154,1152,3,1
1DIV,K15M,14,1,allatom,10.0,1338,1337,1,0
1DIV,K7M,6,1,ca,6.0,322,322,0,0
1DIV,K7M,6,1,ca,7.0,433,433,0,0
1DIV,K7M,6,1,ca,8.0,499,499,0,0
1DIV,K7M,6,1,ca,9.0,630,630,0,0
1DIV,K7M,6,1,ca,10.0,801,801,0,0
1DIV,K7M,6,1,cb,6.0,249,249,0,0
1DIV,K7M,6,1,cb,7.0,364,364,0,0
1DIV,K7M,6,1,cb,8.0,485,485,0,0
1DIV,K7M,6,1,cb,9.0,588,588,0,0
1DIV,K7M,6,1,cb,10.0,741,741,0,0
1DIV,K7M,6,1,centroid,6.0,176,177,0,1
1DIV,K7M,6,1,centroid,7.0,278,278,0,0
1DIV,K7M,6,1,centroid,8.0,392,392,0,0
1DIV,K7M,6,1,centroid,9.0,530,530,1,1
1DIV,K7M,6,1,centroid,10.0,692,695,0,3
1DIV,K7M,6,1,allatom,6.0,617,617,0,0
1DIV,K7M,6,1,allatom,7.0,784,784,0,0
1DIV,K7M,6,1,allatom,8.0,984,984,0,0
1DIV,K7M,6,1,allatom,9.0,1154,1156,0,2
1DIV,K7M,6,1,allatom,10.0,1338,1338,0,0
1DIV,K96A,95,1,ca,6.0,322,322,0,0
1DIV,K96A,95,1,ca,7.0,433,433,0,0
1DIV,K96A,95,1,ca,8.0,499,499,0,0
1DIV,K96A,95,1,ca,9.0,630,630,0,0
1DIV,K96A,95,1,ca,10.0,801,801,0,0
1DIV,K96A,95,1,cb,6.0,249,249,0,0
1DIV,K96A,95,1,cb,7.0,364,364,0,0
1DIV,K96A,95,1,cb,8.0,485,485,0,0
1DIV,K96A,95,1,cb,9.0,588,588,0,0
1DIV,K96A,95,1,cb,10.0,741,741,0,0
1DIV,K96A,95,1,centroid,6.0,176,175,3,2
1DIV,K96A,95,1,centroid,7.0,278,280,0,2
1DIV,K96A,95,1,centroid,8.0,392,393,0,1
1DIV,K96A,95,1,centroid,9.0,530,529,2,1
1DIV,K96A,95,1,centroid,10.0,692,689,4,1
1DIV,K96A,95,1,allatom,6.0,617,617,0,0
1DIV,K96A,95,1,allatom,7.0,784,784,0,0
1DIV,K96A,95,1,allatom,8.0,984,983,1,0
1DIV,K96A,95,1,allatom,9.0,1154,1153,1,0
1DIV,K96A,95,1,allatom,10.0,1338,1336,2,0
1DIV,K96G,95,1,ca,6.0,322,322,0,0
1DIV,K96G,95,1,ca,7.0,433,433,0,0
1DIV,K96G,95,1,ca,8.0,499,499,0,0
1DIV,K96G,95,1,ca,9.0,630,630,0,0
1DIV,K96G,95,1,ca,10.0,801,801,0,0
1DIV,K96G,95,1,cb,6.0,249,251,0,2
1DIV,K96G,95,1,cb,7.0,364,365,0,1
1DIV,K96G,95,1,cb,8.0,485,486,0,1
1DIV,K96G,95,1,cb,9.0,588,590,0,2
1DIV,K96G,95,1,cb,10.0,741,747,0,6
1DIV,K96G,95,1,centroid,6.0,176,175,3,2
1DIV,K96G,95,1,centroid,7.0,278,281,0,3
1DIV,K96G,95,1,centroid,8.0,392,395,0,3
1DIV,K96G,95,1,centroid,9.0,530,531,3,4
1DIV,K96G,95,1,centroid,10.0,692,692,3,3
1DIV,K96G,95,1,allatom,6.0,617,617,0,0
1DIV,K96G,95,1,allatom,7.0,784,783,1,0
1DIV,K96G,95,1,allatom,8.0,984,983,2,1
1DIV,K96G,95,1,allatom,9.0,1154,1152,2,0
1DIV,K96G,95,1,allatom,10.0,1338,1335,3,0
1DIV,L102A,101,1,ca,6.0,322,322,0,0
1DIV,L102A,101,1,ca,7.0,433,433,0,0
1DIV,L102A,101,1,ca,8.0,499,499,0,0
1DIV,L102A,101,1,ca,9.0,630,630,0,0
1DIV,L102A,101,1,ca,10.0,801,801,0,0
1DIV,L102A,101,1,cb,6.0,249,249,0,0
1DIV,L102A,101,1,cb,7.0,364,364,0,0
1DIV,L102A,101,1,cb,8.0,485,485,0,0
1DIV,L102A,101,1,cb,9.0,588,588,0,0
1DIV,L102A,101,1,cb,10.0,741,741,0,0
1DIV,L102A,101,1,centroid,6.0,176,176,2,2
1DIV,L102A,101,1,centroid,7.0,278,279,2,3
1DIV,L102A,101,1,centroid,8.0,392,394,1,3
1DIV,L102A,101,1,centroid,9.0,530,532,0,2
1DIV,L102A,101,1,centroid,10.0,692,691,2,1
1DIV,L102A,101,1,allatom,6.0,617,615,2,0
1DIV,L102A,101,1,allatom,7.0,784,784,1,1
1DIV,L102A,101,1,allatom,8.0,984,981,3,0
1DIV,L102A,101,1,allatom,9.0,1154,1149,6,1
1DIV,L102A,101,1,allatom,10.0,1338,1335,3,0
1DIV,L108A,107,1,ca,6.0,322,322,0,0
1DIV,L108A,107,1,ca,7.0,433,433,0,0
1DIV,L108A,107,1,ca,8.0,499,499,0,0
1DIV,L108A,107,1,ca,9.0,630,630,0,0
1DIV,L108A,107,1,ca,10.0,801,801,0,0
1DIV,L108A,107,1,cb,6.0,249,249,0,0
1DIV,L108A,107,1,cb,7.0,364,364,0,0
1DIV,L108A,107,1,cb,8.0,485,485,0,0
1DIV,L108A,107,1,cb,9.0,588,588,0,0
1DIV,L108A,107,1,cb,10.0,741,741,0,0
1DIV,L108A,107,1,centroid,6.0,176,173,4,1
1DIV,L108A,107,1,centroid,7.0,278,276,2,0
1DIV,L108A,107,1,centroid,8.0,392,394,3,5
1DIV,L108A,107,1,centroid,9.0,530,526,4,0
1DIV,L108A,107,1,centroid,10.0,692,692,3,3
1DIV,L108A,107,1,allatom,6.0,617,617,1,1
1DIV,L108A,107,1,allatom,7.0,784,783,3,2
1DIV,L108A,107,1,allatom,8.0,984,978,6,0
1DIV,L108A,107,1,allatom,9.0,1154,1148,7,1
1DIV,L108A,107,1,allatom,10.0,1338,1331,7,0
1DIV,L110A,109,1,ca,6.0,322,322,0,0
1DIV,L110A,109,1,ca,7.0,433,433,0,0
1DIV,L110A,109,1,ca,8.0,499,499,0,0
1DIV,L110A,109,1,ca,9.0,630,630,0,0
1DIV,L110A,109,1,ca,10.0,801,801,0,0
1DIV,L110A,109,1,cb,6.0,249,249,0,0
1DIV,L110A,109,1,cb,7.0,364,364,0,0
1DIV,L110A,109,1,cb,8.0,485,485,0,0
1DIV,L110A,109,1,cb,9.0,588,588,0,0
1DIV,L110A,109,1,cb,10.0,741,741,0,0
1DIV,L110A,109,1,centroid,6.0,176,174,3,1
1DIV,L110A,109,1,centroid,7.0,278,278,1,1
1DIV,L110A,109,1,centroid,8.0,392,392,1,1
1DIV,L110A,109,1,centroid,9.0,530,532,0,2
1DIV,L110A,109,1,centroid,10.0,692,690,4,2
1DIV,L110A,109,1,allatom,6.0,617,615,2,0
1DIV,L110A,109,1,allatom,7.0,784,783,1,0
1DIV,L110A,109,1,allatom,8.0,984,982,2,0
1DIV,L110A,109,1,allatom,9.0,1154,1148,7,1
1DIV,L110A,109,1,allatom,10.0,1338,1329,10,1
1DIV,L117A,116,1,ca,6.0,322,322,0,0
1DIV,L117A,116,1,ca,7.0,433,433,0,0
1DIV,L117A,116,1,ca,8.0,499,499,0,0
1DIV,L117A,116,1,ca,9.0,630,630,0,0
1DIV,L117A,116,1,ca,10.0,801,801,0,0
1DIV,L117A,116,1,cb,6.0,249,249,0,0
1DIV,L117A,116,1,cb,7.0,364,364,0,0
1DIV,L117A,116,1,cb,8.0,485,485,0,0
1DIV,L117A,116,1,cb,9.0,588,588,0,0
1DIV,L117A,116,1,cb,10.0,741,741,0,0
1DIV,L117A,116,1,centroid,6.0,176,178,0,2
1DIV,L117A,116,1,centroid,7.0,278,278,0,0
1DIV,L117A,116,1,centroid,8.0,392,392,0,0
1DIV,L117A,116,1,centroid,9.0,530,530,1,1
1DIV,L117A,116,1,centroid,10.0,692,693,1,2
1DIV,L117A,116,1,allatom,6.0,617,616,1,0
1DIV,L117A,116,1,allatom,7.0,784,784,0,0
1DIV,L117A,116,1,allatom,8.0,984,983,1,0
1DIV,L117A,116,1,allatom,9.0,1154,1150,4,0
1DIV,L117A,116,1,allatom,10.0,1338,1336,2,0
1DIV,L30A,29,1,ca,6.0,322,322,0,0
1DIV,L30A,29,1,ca,7.0,433,433,0,0
1DIV,L30A,29,1,ca,8.0,499,499,0,0
1DIV,L30A,29,1,ca,9.0,630,630,0,0
1DIV,L30A,29,1,ca,10.0,801,801,0,0
1DIV,L30A,29,1,cb,6.0,249,249,0,0
1DIV,L30A,29,1,cb,7.0,364,364,0,0
1DIV,L30A,29,1,cb,8.0,485,485,0,0
1DIV,L30A,29,1,cb,9.0,588,588,0,0
1DIV,L30A,29,1,cb,10.0,741,741,0,0
1DIV,L30A,29,1,centroid,6.0,176,177,0,1
1DIV,L30A,29,1,centroid,7.0,278,280,0,2
1DIV,L30A,29,1,centroid,8.0,392,393,0,1
1DIV,L30A,29,1,centroid,9.0,530,532,3,5
1DIV,L30A,29,1,centroid,10.0,692,696,1,5
1DIV,L30A,29,1,allatom,6.0,617,616,1,0
1DIV,L30A,29,1,allatom,7.0,784,783,3,2
1DIV,L30A,29,1,allatom,8.0,984,983,4,3
1DIV,L30A,29,1,allatom,9.0,1154,1149,5,0
1DIV,L30A,29,1,allatom,10.0,1338,1335,3,0
1DIV,L30V,29,1,ca,6.0,322,322,0,0
1DIV,L30V,29,1,ca,7.0,433,433,0,0
1DIV,L30V,29,1,ca,8.0,499,499,0,0
1DIV,L30V,29,1,ca,9.0,630,630,0,0
1DIV,L30V,29,1,ca,10.0,801,801,0,0
1DIV,L30V,29,1,cb,6.0,249,249,0,0
1DIV,L30V,29,1,cb,7.0,364,364,0,0
1DIV,L30V,29,1,cb,8.0,485,485,0,0
1DIV,L30V,29,1,cb,9.0,588,588,0,0
1DIV,L30V,29,1,cb,10.0,741,741,0,0
1DIV,L30V,29,1,centroid,6.0,176,177,0,1
1DIV,L30V,29,1,centroid,7.0,278,280,0,2
1DIV,L30V,29,1,centroid,8.0,392,394,0,2
1DIV,L30V,29,1,centroid,9.0,530,532,2,4
1DIV,L30V,29,1,centroid,10.0,692,695,1,4
1DIV,L30V,29,1,allatom,6.0,617,617,2,2
1DIV,L30V,29,1,allatom,7.0,784,783,4,3
1DIV,L30V,29,1,allatom,8.0,984,987,3,6
1DIV,L30V,29,1,allatom,9.0,1154,1152,2,0
1DIV,L30V,29,1,allatom,10.0,1338,1337,2,1
1DIV,L6A,5,1,ca,6.0,322,322,0,0
1DIV,L6A,5,1,ca,7.0,433,433,0,0
1DIV,L6A,5,1,ca,8.0,499,499,0,0
1DIV,L6A,5,1,ca,9.0,630,630,0,0
1DIV,L6A,5,1,ca,10.0,801,801,0,0
1DIV,L6A,5,1,cb,6.0,249,249,0,0
1DIV,L6A,5,1,cb,7.0,364,364,0,0
1DIV,L6A,5,1,cb,8.0,485,485,0,0
1DIV,L6A,5,1,cb,9.0,588,588,0,0
1DIV,L6A,5,1,cb,10.0,741,741,0,0
1DIV,L6A,5,1,centroid,6.0,176,177,2,3
1DIV,L6A,5,1,centroid,7.0,278,279,1,2
1DIV,L6A,5,1,centroid,8.0,392,396,1,5
1DIV,L6A,5,1,centroid,9.0,530,529,4,3
1DIV,L6A,5,1,centroid,10.0,692,693,4,5
1DIV,L6A,5,1,allatom,6.0,617,616,1,0
1DIV,L6A,5,1,allatom,7.0,784,784,2,2
1DIV,L6A,5,1,allatom,8.0,984,983,4,3
1DIV,L6A,5,1,allatom,9.0,1154,1153,3,2
1DIV,L6A,5,1,allatom,10.0,1338,1337,4,3
1DIV,L6I,5,1,ca,6.0,322,322,0,0
1DIV,L6I,5,1,ca,7.0,433,433,0,0
1DIV,L6I,5,1,ca,8.0,499,499,0,0
1DIV,L6I,5,1,ca,9.0,630,630,0,0
1DIV,L6I,5,1,ca,10.0,801,801,0,0
1DIV,L6I,5,1,cb,6.0,249,249,0,0
1DIV,L6I,5,1,cb,7.0,364,364,0,0
1DIV,L6I,5,1,cb,8.0,485,485,0,0
1DIV,L6I,5,1,cb,9.0,588,588,0,0
1DIV,L6I,5,1,cb,10.0,741,741,0,0
1DIV,L6I,5,1,centroid,6.0,176,175,3,2
1DIV,L6I,5,1,centroid,7.0,278,278,0,0
1DIV,L6I,5,1,centroid,8.0,392,395,0,3
1DIV,L6I,5,1,centroid,9.0,530,529,2,1
1DIV,L6I,5,1,centroid,10.0,692,691,5,4
1DIV,L6I,5,1,allatom,6.0,617,617,0,0
1DIV,L6I,5,1,allatom,7.0,784,785,0,1
1DIV,L6I,5,1,allatom,8.0,984,983,1,0
1DIV,L6I,5,1,allatom,9.0,1154,1156,0,2
1DIV,L6I,5,1,allatom,10.0,1338,1338,0,0
1DIV,L6V,5,1,ca,6.0,322,322,0,0
1DIV,L6V,5,1,ca,7.0,433,433,0,0
1DIV,L6V,5,1,ca,8.0,499,499,0,0
1DIV,L6V,5,1,ca,9.0,630,630,0,0
1DIV,L6V,5,1,ca,10.0,801,801,0,0
1DIV,L6V,5,1,cb,6.0,249,249,0,0
1DIV,L6V,5,1,cb,7.0,364,364,0,0
1DIV,L6V,5,1,cb,8.0,485,485,0,0
1DIV,L6V,5,1,cb,9.0,588,588,0,0
1DIV,L6V,5,1,cb,10.0,741,741,0,0
1DIV,L6V,5,1,centroid,6.0,176,176,3,3
1DIV,L6V,5,1,centroid,7.0,278,279,1,2
1DIV,L6V,5,1,centroid,8.0,392,393,2,3
1DIV,L6V,5,1,centroid,9.0,530,528,4,2
1DIV,L6V,5,1,centroid,10.0,692,695,3,6
1DIV,L6V,5,1,allatom,6.0,617,616,1,0
1DIV,L6V,5,1,allatom,7.0,784,784,2,2
1DIV,L6V,5,1,allatom,8.0,984,983,2,1
1DIV,L6V,5,1,allatom,9.0,1154,1156,2,4
1DIV,L6V,5,1,allatom,10.0,1338,1338,3,3
1DIV,L72A,71,1,ca,6.0,322,322,0,0
1DIV,L72A,71,1,ca,7.0,433,433,0,0
1DIV,L72A,71,1,ca,8.0,499,499,0,0
1DIV,L72A,71,1,ca,9.0,630,630,0,0
1DIV,L72A,71,1,ca,10.0,801,801,0,0
1DIV,L72A,71,1,cb,6.0,249,249,0,0
1DIV,L72A,71,1,cb,7.0,364,364,0,0
1DIV,L72A,71,1,cb,8.0,485,485,0,0
1DIV,L72A,71,1,cb,9.0,588,588,0,0
1DIV,L72A,71,1,cb,10.0,741,741,0,0
1DIV,L72A,71,1,centroid,6.0,176,174,3,1
1DIV,L72A,71,1,centroid,7.0,278,277,2,1
1DIV,L72A,71,1,centroid,8.0,392,392,0,0
1DIV,L72A,71,1,centroid,9.0,530,530,0,0
1DIV,L72A,71,1,centroid,10.0,692,692,2,2
1DIV,L72A,71,1,allatom,6.0,617,616,2,1
1DIV,L72A,71,1,allatom,7.0,784,781,4,1
1DIV,L72A,71,1,allatom,8.0,984,981,3,0
1DIV,L72A,71,1,allatom,9.0,1154,1146,8,0
1DIV,L72A,71,1,allatom,10.0,1338,1330,8,0
1DIV,M1A,0,1,ca,6.0,322,322,0,0
1DIV,M1A,0,1,ca,7.0,433,433,0,0
1DIV,M1A,0,1,ca,8.0,499,499,0,0
1DIV,M1A,0,1,ca,9.0,630,630,0,0
1DIV,M1A,0,1,ca,10.0,801,801,0,0
1DIV,M1A,0,1,cb,6.0,249,249,0,0
1DIV,M1A,0,1,cb,7.0,364,364,0,0
1DIV,M1A,0,1,cb,8.0,485,485,0,0
1DIV,M1A,0,1,cb,9.0,588,588,0,0
1DIV,M1A,0,1,cb,10.0,741,741,0,0
1DIV,M1A,0,1,centroid,6.0,176,175,5,4
1DIV,M1A,0,1,centroid,7.0,278,275,7,4
1DIV,M1A,0,1,centroid,8.0,392,389,5,2
1DIV,M1A,0,1,centroid,9.0,530,528,7,5
1DIV,M1A,0,1,centroid,10.0,692,684,11,3
1DIV,M1A,0,1,allatom,6.0,617,608,9,0
1DIV,M1A,0,1,allatom,7.0,784,775,9,0
1DIV,M1A,0,1,allatom,8.0,984,977,9,2
1DIV,M1A,0,1,allatom,9.0,1154,1150,5,1
1DIV,M1A,0,1,allatom,10.0,1338,1338,3,3
1DIV,M1G,0,1,ca,6.0,322,322,0,0
1DIV,M1G,0,1,ca,7.0,433,433,0,0
1DIV,M1G,0,1,ca,8.0,499,499,0,0
1DIV,M1G,0,1,ca,9.0,630,630,0,0
1DIV,M1G,0,1,ca,10.0,801,801,0,0
1DIV,M1G,0,1,cb,6.0,249,249,1,1
1DIV,M1G,0,1,cb,7.0,364,363,1,0
1DIV,M1G,0,1,cb,8.0,485,483,2,0
1DIV,M1G,0,1,cb,9.0,588,586,2,0
1DIV,M1G,0,1,cb,10.0,741,739,2,0
1DIV,M1G,0,1,centroid,6.0,176,174,6,4
1DIV,M1G,0,1,centroid,7.0,278,274,8,4
1DIV,M1G,0,1,centroid,8.0,392,387,7,2
1DIV,M1G,0,1,centroid,9.0,530,527,8,5
1DIV,M1G,0,1,centroid,10.0,692,683,12,3
1DIV,M1G,0,1,allatom,6.0,617,606,11,0
1DIV,M1G,0,1,allatom,7.0,784,773,11,0
1DIV,M1G,0,1,allatom,8.0,984,976,10,2
1DIV,M1G,0,1,allatom,9.0,1154,1150,5,1
1DIV,M1G,0,1,allatom,10.0,1338,1336,5,3
1DIV,V21A,20,1,ca,6.0,322,322,0,0
1DIV,V21A,20,1,ca,7.0,433,433,0,0
1DIV,V21A,20,1,ca,8.0,499,499,0,0
1DIV,V21A,20,1,ca,9.0,630,630,0,0
1DIV,V21A,20,1,ca,10.0,801,801,0,0
1DIV,V21A,20,1,cb,6.0,249,249,0,0
1DIV,V21A,20,1,cb,7.0,364,364,0,0
1DIV,V21A,20,1,cb,8.0,485,485,0,0
1DIV,V21A,20,1,cb,9.0,588,588,0,0
1DIV,V21A,20,1,cb,10.0,741,741,0,0
1DIV,V21A,20,1,centroid,6.0,176,174,4,2
1DIV,V21A,20,1,centroid,7.0,278,278,1,1
1DIV,V21A,20,1,centroid,8.0,392,393,1,2
1DIV,V21A,20,1,centroid,9.0,530,529,3,2
1DIV,V21A,20,1,centroid,10.0,692,683,11,2
1DIV,V21A,20,1,allatom,6.0,617,615,4,2
1DIV,V21A,20,1,allatom,7.0,784,779,8,3
1DIV,V21A,20,1,allatom,8.0,984,983,6,5
1DIV,V21A,20,1,allatom,9.0,1154,1146,9,1
1DIV,V21A,20,1,allatom,10.0,1338,1336,4,2
1DIV,V21I,20,1,ca,6.0,322,322,0,0
1DIV,V21I,20,1,ca,7.0,433,433,0,0
1DIV,V21I,20,1,ca,8.0,499,499,0,0
1DIV,V21I,20,1,ca,9.0,630,630,0,0
1DIV,V21I,20,1,ca,10.0,801,801,0,0
1DIV,V21I,20,1,cb,6.0,249,249,0,0
1DIV,V21I,20,1,cb,7.0,364,364,0,0
1DIV,V21I,20,1,cb,8.0,485,485,0,0
1DIV,V21I,20,1,cb,9.0,588,588,0,0
1DIV,V21I,20,1,cb,10.0,741,741,0,0
1DIV,V21I,20,1,centroid,6.0,176,175,3,2
1DIV,V21I,20,1,centroid,7.0,278,275,3,0
1DIV,V21I,20,1,centroid,8.0,392,392,1,1
1DIV,V21I,20,1,centroid,9.0,530,525,5,0
1DIV,V21I,20,1,centroid,10.0,692,685,9,2
1DIV,V21I,20,1,allatom,6.0,617,615,2,0
1DIV,V21I,20,1,allatom,7.0,784,782,2,0
1DIV,V21I,20,1,allatom,8.0,984,982,4,2
1DIV,V21I,20,1,allatom,9.0,1154,1153,4,3
1DIV,V21I,20,1,allatom,10.0,1338,1337,1,0
1DIV,V21L,20,1,ca,6.0,322,322,0,0
1DIV,V21L,20,1,ca,7.0,433,433,0,0
1DIV,V21L,20,1,ca,8.0,499,499,0,0
1DIV,V21L,20,1,ca,9.0,630,630,0,0
1DIV,V21L,20,1,ca,10.0,801,801,0,0
1DIV,V21L,20,1,cb,6.0,249,249,0,0
1DIV,V21L,20,1,cb,7.0,364,364,0,0
1DIV,V21L,20,1,cb,8.0,485,485,0,0
1DIV,V21L,20,1,cb,9.0,588,588,0,0
1DIV,V21L,20,1,cb,10.0,741,741,0,0
1DIV,V21L,20,1,centroid,6.0,176,176,3,3
1DIV,V21L,20,1,centroid,7.0,278,279,2,3
1DIV,V21L,20,1,centroid,8.0,392,391,2,1
1DIV,V21L,20,1,centroid,9.0,530,525,6,1
1DIV,V21L,20,1,centroid,10.0,692,688,8,4
1DIV,V21L,20,1,allatom,6.0,617,615,3,1
1DIV,V21L,20,1,allatom,7.0,784,785,2,3
1DIV,V21L,20,1,allatom,8.0,984,983,4,3
1DIV,V21L,20,1,allatom,9.0,1154,1155,2,3
1DIV,V21L,20,1,allatom,10.0,1338,1338,1,1
1DIV,V3A,2,1,ca,6.0,322,322,0,0
1DIV,V3A,2,1,ca,7.0,433,433,0,0
1DIV,V3A,2,1,ca,8.0,499,499,0,0
1DIV,V3A,2,1,ca,9.0,630,630,0,0
1DIV,V3A,2,1,ca,10.0,801,801,0,0
1DIV,V3A,2,1,cb,6.0,249,249,0,0
1DIV,V3A,2,1,cb,7.0,364,364,0,0
1DIV,V3A,2,1,cb,8.0,485,485,0,0
1DIV,V3A,2,1,cb,9.0,588,588,0,0
1DIV,V3A,2,1,cb,10.0,741,741,0,0
1DIV,V3A,2,1,centroid,6.0,176,176,2,2
1DIV,V3A,2,1,centroid,7.0,278,279,0,1
1DIV,V3A,2,1,centroid,8.0,392,393,0,1
1DIV,V3A,2,1,centroid,9.0,530,529,1,0
1DIV,V3A,2,1,centroid,10.0,692,693,2,3
1DIV,V3A,2,1,allatom,6.0,617,617,1,1
1DIV,V3A,2,1,allatom,7.0,784,779,5,0
1DIV,V3A,2,1,allatom,8.0,984,984,1,1
1DIV,V3A,2,1,allatom,9.0,1154,1151,3,0
1DIV,V3A,2,1,allatom,10.0,1338,1336,3,1
1DIV,V3I,2,1,ca,6.0,322,322,0,0
1DIV,V3I,2,1,ca,7.0,433,433,0,0
1DIV,V3I,2,1,ca,8.0,499,499,0,0
1DIV,V3I,2,1,ca,9.0,630,630,0,0
1DIV,V3I,2,1,ca,10.0,801,801,0,0
1DIV,V3I,2,1,cb,6.0,249,250,0,1
1DIV,V3I,2,1,cb,7.0,364,364,0,0
1DIV,V3I,2,1,cb,8.0,485,485,0,0
1DIV,V3I,2,1,cb,9.0,588,588,0,0
1DIV,V3I,2,1,cb,10.0,741,741,0,0
1DIV,V3I,2,1,centroid,6.0,176,175,2,1
1DIV,V3I,2,1,centroid,7.0,278,281,1,4
1DIV,V3I,2,1,centroid,8.0,392,391,2,1
1DIV,V3I,2,1,centroid,9.0,530,531,0,1
1DIV,V3I,2,1,centroid,10.0,692,692,3,3
1DIV,V3I,2,1,allatom,6.0,617,618,1,2
1DIV,V3I,2,1,allatom,7.0,784,783,3,2
1DIV,V3I,2,1,allatom,8.0,984,987,2,5
1DIV,V3I,2,1,allatom,9.0,1154,1154,2,2
1DIV,V3I,2,1,allatom,10.0,1338,1339,1,2
1DIV,V3L,2,1,ca,6.0,322,322,0,0
1DIV,V3L,2,1,ca,7.0,433,433,0,0
1DIV,V3L,2,1,ca,8.0,499,499,0,0
1DIV,V3L,2,1,ca,9.0,630,630,0,0
1DIV,V3L,2,1,ca,10.0,801,801,0,0
1DIV,V3L,2,1,cb,6.0,249,249,0,0
1DIV,V3L,2,1,cb,7.0,364,364,0,0
1DIV,V3L,2,1,cb,8.0,485,485,0,0
1DIV,V3L,2,1,cb,9.0,588,588,0,0
1DIV,V3L,2,1,cb,10.0,741,741,0,0
1DIV,V3L,2,1,centroid,6.0,176,176,1,1
1DIV,V3L,2,1,centroid,7.0,278,281,1,4
1DIV,V3L,2,1,centroid,8.0,392,391,3,2
1DIV,V3L,2,1,centroid,9.0,530,531,0,1
1DIV,V3L,2,1,centroid,10.0,692,693,1,2
1DIV,V3L,2,1,allatom,6.0,617,619,1,3
1DIV,V3L,2,1,allatom,7.0,784,784,1,1
1DIV,V3L,2,1,allatom,8.0,984,991,1,8
1DIV,V3L,2,1,allatom,9.0,1154,1159,0,5
1DIV,V3L,2,1,allatom,10.0,1338,1339,1,2
1DXX,K18N,9,0,ca,6.0,331,331,0,0
1DXX,K18N,9,0,ca,7.0,445,445,0,0
1DXX,K18N,9,0,ca,8.0,530,530,0,0
1DXX,K18N,9,0,ca,9.0,707,707,0,0
1DXX,K18N,9,0,ca,10.0,930,930,0,0
1DXX,K18N,9,0,cb,6.0,252,252,0,0
1DXX,K18N,9,0,cb,7.0,395,395,0,0
1DXX,K18N,9,0,cb,8.0,549,549,0,0
1DXX,K18N,9,0,cb,9.0,693,693,0,0
1DXX,K18N,9,0,cb,10.0,896,896,0,0
1DXX,K18N,9,0,centroid,6.0,191,186,6,1
1DXX,K18N,9,0,centroid,7.0,328,325,5,2
1DXX,K18N,9,0,centroid,8.0,459,456,4,1
1DXX,K18N,9,0,centroid,9.0,620,625,4,9
1DXX,K18N,9,0,centroid,10.0,860,856,8,4
1DXX,K18N,9,0,allatom,6.0,736,735,1,0
1DXX,K18N,9,0,allatom,7.0,973,974,1,2
1DXX,K18N,9,0,allatom,8.0,1266,1269,0,3
1DXX,K18N,9,0,allatom,9.0,1558,1559,0,1
1DXX,K18N,9,0,allatom,10.0,1810,1811,1,2
1FH5,S18N,14,0,ca,6.0,282,282,0,0
1FH5,S18N,14,0,ca,7.0,438,438,0,0
1FH5,S18N,14,0,ca,8.0,531,531,0,0
1FH5,S18N,14,0,ca,9.0,684,684,0,0
1FH5,S18N,14,0,ca,10.0,943,943,0,0
1FH5,S18N,14,0,cb,6.0,229,229,0,0
1FH5,S18N,14,0,cb,7.0,376,376,0,0
1FH5,S18N,14,0,cb,8.0,532,532,0,0
1FH5,S18N,14,0,cb,9.0,668,668,0,0
1FH5,S18N,14,0,cb,10.0,862,862,0,0
1FH5,S18N,14,0,centroid,6.0,189,190,1,2
1FH5,S18N,14,0,centroid,7.0,310,308,2,0
1FH5,S18N,14,0,centroid,8.0,456,456,0,0
1FH5,S18N,14,0,centroid,9.0,644,642,3,1
1FH5,S18N,14,0,centroid,10.0,841,840,3,2
1FH5,S18N,14,0,allatom,6.0,702,702,0,0
1FH5,S18N,14,0,allatom,7.0,893,892,1,0
1FH5,S18N,14,0,allatom,8.0,1225,1224,1,0
1FH5,S18N,14,0,allatom,9.0,1472,1471,1,0
1FH5,S18N,14,0,allatom,10.0,1784,1783,1,0
1FT8,L212V,91,0,ca,6.0,299,299,0,0
1FT8,L212V,91,0,ca,7.0,417,417,0,0
1FT8,L212V,91,0,ca,8.0,493,493,0,0
1FT8,L212V,91,0,ca,9.0,625,625,0,0
1FT8,L212V,91,0,ca,10.0,823,823,0,0
1FT8,L212V,91,0,cb,6.0,237,237,0,0
1FT8,L212V,91,0,cb,7.0,344,344,0,0
1FT8,L212V,91,0,cb,8.0,491,491,0,0
1FT8,L212V,91,0,cb,9.0,596,597,0,1
1FT8,L212V,91,0,cb,10.0,787,788,0,1
1FT8,L212V,91,0,centroid,6.0,169,170,0,1
1FT8,L212V,91,0,centroid,7.0,272,271,1,0
1FT8,L212V,91,0,centroid,8.0,415,414,1,0
1FT8,L212V,91,0,centroid,9.0,571,571,1,1
1FT8,L212V,91,0,centroid,10.0,729,730,0,1
1FT8,L212V,91,0,allatom,6.0,646,644,2,0
1FT8,L212V,91,0,allatom,7.0,825,826,0,1
1FT8,L212V,91,0,allatom,8.0,1090,1088,2,0
1FT8,L212V,91,0,allatom,9.0,1313,1311,2,0
1FT8,L212V,91,0,allatom,10.0,1562,1560,2,0
1FT8,L238I,117,0,ca,6.0,299,299,0,0
1FT8,L238I,117,0,ca,7.0,417,417,0,0
1FT8,L238I,117,0,ca,8.0,493,493,0,0
1FT8,L238I,117,0,ca,9.0,625,625,0,0
1FT8,L238I,117,0,ca,10.0,823,823,0,0
1FT8,L238I,117,0,cb,6.0,237,237,0,0
1FT8,L238I,117,0,cb,7.0,344,344,0,0
1FT8,L238I,117,0,cb,8.0,491,491,0,0
1FT8,L238I,117,0,cb,9.0,596,596,0,0
1FT8,L238I,117,0,cb,10.0,787,787,0,0
1FT8,L238I,117,0,centroid,6.0,169,170,2,3
1FT8,L238I,117,0,centroid,7.0,272,272,2,2
1FT8,L238I,117,0,centroid,8.0,415,415,5,5
1FT8,L238I,117,0,centroid,9.0,571,573,1,3
1FT8,L238I,117,0,centroid,10.0,729,736,0,7
1FT8,L238I,117,0,allatom,6.0,646,647,2,3
1FT8,L238I,117,0,allatom,7.0,825,829,0,4
1FT8,L238I,117,0,allatom,8.0,1090,1087,6,3
1FT8,L238I,117,0,allatom,9.0,1313,1318,1,6
1FT8,L238I,117,0,allatom,10.0,1562,1563,2,3
1FT8,M216L,95,0,ca,6.0,299,299,0,0
1FT8,M216L,95,0,ca,7.0,417,417,0,0
1FT8,M216L,95,0,ca,8.0,493,493,0,0
1FT8,M216L,95,0,ca,9.0,625,625,0,0
1FT8,M216L,95,0,ca,10.0,823,823,0,0
1FT8,M216L,95,0,cb,6.0,237,237,0,0
1FT8,M216L,95,0,cb,7.0,344,344,0,0
1FT8,M216L,95,0,cb,8.0,491,491,0,0
1FT8,M216L,95,0,cb,9.0,596,596,0,0
1FT8,M216L,95,0,cb,10.0,787,787,0,0
1FT8,M216L,95,0,centroid,6.0,169,169,0,0
1FT8,M216L,95,0,centroid,7.0,272,275,0,3
1FT8,M216L,95,0,centroid,8.0,415,416,0,1
1FT8,M216L,95,0,centroid,9.0,571,569,2,0
1FT8,M216L,95,0,centroid,10.0,729,730,0,1
1FT8,M216L,95,0,allatom,6.0,646,645,1,0
1FT8,M216L,95,0,allatom,7.0,825,824,1,0
1FT8,M216L,95,0,allatom,8.0,1090,1089,1,0
1FT8,M216L,95,0,allatom,9.0,1313,1311,3,1
1FT8,M216L,95,0,allatom,10.0,1562,1560,2,0
1G3P,N138G,112,0,ca,6.0,269,269,0,0
1G3P,N138G,112,0,ca,7.0,400,400,0,0
1G3P,N138G,112,0,ca,8.0,470,470,0,0
1G3P,N138G,112,0,ca,9.0,607,607,0,0
1G3P,N138G,112,0,ca,10.0,802,802,0,0
1G3P,N138G,112,0,cb,6.0,222,222,1,1
1G3P,N138G,112,0,cb,7.0,336,337,0,1
1G3P,N138G,112,0,cb,8.0,458,460,0,2
1G3P,N138G,112,0,cb,9.0,585,583,2,0
1G3P,N138G,112,0,cb,10.0,773,771,3,1
1G3P,N138G,112,0,centroid,6.0,170,172,1,3
1G3P,N138G,112,0,centroid,7.0,274,275,2,3
1G3P,N138G,112,0,centroid,8.0,407,404,7,4
1G3P,N138G,112,0,centroid,9.0,551,553,4,6
1G3P,N138G,112,0,centroid,10.0,717,718,5,6
1G3P,N138G,112,0,allatom,6.0,605,605,3,3
1G3P,N138G,112,0,allatom,7.0,790,790,4,4
1G3P,N138G,112,0,allatom,8.0,1031,1033,2,4
1G3P,N138G,112,0,allatom,9.0,1217,1217,3,3
1G3P,N138G,112,0,allatom,10.0,1458,1460,4,6
1GWY,A8D,7,0,ca,6.0,300,300,0,0
1GWY,A8D,7,0,ca,7.0,465,465,0,0
1GWY,A8D,7,0,ca,8.0,578,578,0,0
1GWY,A8D,7,0,ca,9.0,766,766,0,0
1GWY,A8D,7,0,ca,10.0,1007,1007,0,0
1GWY,A8D,7,0,cb,6.0,272,272,0,0
1GWY,A8D,7,0,cb,7.0,403,403,0,0
1GWY,A8D,7,0,cb,8.0,580,580,0,0
1GWY,A8D,7,0,cb,9.0,740,740,0,0
1GWY,A8D,7,0,cb,10.0,953,953,0,0
1GWY,A8D,7,0,centroid,6.0,211,207,4,0
1GWY,A8D,7,0,centroid,7.0,363,360,4,1
1GWY,A8D,7,0,centroid,8.0,504,501,3,0
1GWY,A8D,7,0,centroid,9.0,683,680,3,0
1GWY,A8D,7,0,centroid,10.0,917,912,5,0
1GWY,A8D,7,0,allatom,6.0,723,720,3,0
1GWY,A8D,7,0,allatom,7.0,933,929,4,0
1GWY,A8D,7,0,allatom,8.0,1274,1271,3,0
1GWY,A8D,7,0,allatom,9.0,1531,1528,3,0
1GWY,A8D,7,0,allatom,10.0,1830,1830,0,0
1ITM,C24T,24,1,ca,6.0,346,346,0,0
1ITM,C24T,24,1,ca,7.0,472,472,0,0
1ITM,C24T,24,1,ca,8.0,559,559,0,0
1ITM,C24T,24,1,ca,9.0,745,745,0,0
1ITM,C24T,24,1,ca,10.0,979,979,0,0
1ITM,C24T,24,1,cb,6.0,283,282,1,0
1ITM,C24T,24,1,cb,7.0,423,423,0,0
1ITM,C24T,24,1,cb,8.0,579,579,0,0
1ITM,C24T,24,1,cb,9.0,734,734,0,0
1ITM,C24T,24,1,cb,10.0,973,973,0,0
1ITM,C24T,24,1,centroid,6.0,196,194,3,1
1ITM,C24T,24,1,centroid,7.0,327,326,2,1
1ITM,C24T,24,1,centroid,8.0,461,463,2,4
1ITM,C24T,24,1,centroid,9.0,640,637,4,1
1ITM,C24T,24,1,centroid,10.0,875,871,4,0
1ITM,C24T,24,1,allatom,6.0,760,758,3,1
1ITM,C24T,24,1,allatom,7.0,993,992,1,0
1ITM,C24T,24,1,allatom,8.0,1308,1304,5,1
1ITM,C24T,24,1,allatom,9.0,1570,1568,3,1
1ITM,C24T,24,1,allatom,10.0,1867,1867,2,2
1ITM,C3T,3,1,ca,6.0,346,346,0,0
1ITM,C3T,3,1,ca,7.0,472,472,0,0
1ITM,C3T,3,1,ca,8.0,559,559,0,0
1ITM,C3T,3,1,ca,9.0,745,745,0,0
1ITM,C3T,3,1,ca,10.0,979,979,0,0
1ITM,C3T,3,1,cb,6.0,283,283,0,0
1ITM,C3T,3,1,cb,7.0,423,423,0,0
1ITM,C3T,3,1,cb,8.0,579,579,0,0
1ITM,C3T,3,1,cb,9.0,734,734,0,0
1ITM,C3T,3,1,cb,10.0,973,973,0,0
1ITM,C3T,3,1,centroid,6.0,196,197,0,1
1ITM,C3T,3,1,centroid,7.0,327,327,1,1
1ITM,C3T,3,1,centroid,8.0,461,459,2,0
1ITM,C3T,3,1,centroid,9.0,640,639,1,0
1ITM,C3T,3,1,centroid,10.0,875,874,1,0
1ITM,C3T,3,1,allatom,6.0,760,759,1,0
1ITM,C3T,3,1,allatom,7.0,993,990,3,0
1ITM,C3T,3,1,allatom,8.0,1308,1309,0,1
1ITM,C3T,3,1,allatom,9.0,1570,1568,2,0
1ITM,C3T,3,1,allatom,10.0,1867,1866,2,1
1ITM,W91S,91,1,ca,6.0,346,346,0,0
1ITM,W91S,91,1,ca,7.0,472,472,0,0
1ITM,W91S,91,1,ca,8.0,559,559,0,0
1ITM,W91S,91,1,ca,9.0,745,745,0,0
1ITM,W91S,91,1,ca,10.0,979,979,0,0
1ITM,W91S,91,1,cb,6.0,283,283,0,0
1ITM,W91S,91,1,cb,7.0,423,423,0,0
1ITM,W91S,91,1,cb,8.0,579,579,0,0
1ITM,W91S,91,1,cb,9.0,734,734,0,0
1ITM,W91S,91,1,cb,10.0,973,973,0,0
1ITM,W91S,91,1,centroid,6.0,196,200,1,5
1ITM,W91S,91,1,centroid,7.0,327,327,3,3
1ITM,W91S,91,1,centroid,8.0,461,462,3,4
1ITM,W91S,91,1,centroid,9.0,640,648,1,9
1ITM,W91S,91,1,centroid,10.0,875,884,0,9
1ITM,W91S,91,1,allatom,6.0,760,759,1,0
1ITM,W91S,91,1,allatom,7.0,993,993,1,1
1ITM,W91S,91,1,allatom,8.0,1308,1309,1,2
1ITM,W91S,91,1,allatom,9.0,1570,1571,1,2
1ITM,W91S,91,1,allatom,10.0,1867,1870,0,3
1JLV,E64D,63,0,ca,6.0,333,333,0,0
1JLV,E64D,63,0,ca,7.0,462,462,0,0
1JLV,E64D,63,0,ca,8.0,532,532,0,0
1JLV,E64D,63,0,ca,9.0,677,677,0,0
1JLV,E64D,63,0,ca,10.0,888,888,0,0
1JLV,E64D,63,0,cb,6.0,253,253,0,0
1JLV,E64D,63,0,cb,7.0,385,385,0,0
1JLV,E64D,63,0,cb,8.0,536,536,0,0
1JLV,E64D,63,0,cb,9.0,663,663,0,0
1JLV,E64D,63,0,cb,10.0,859,859,0,0
1JLV,E64D,63,0,centroid,6.0,182,182,1,1
1JLV,E64D,63,0,centroid,7.0,304,303,2,1
1JLV,E64D,63,0,centroid,8.0,427,429,0,2
1JLV,E64D,63,0,centroid,9.0,601,603,1,3
1JLV,E64D,63,0,centroid,10.0,785,784,1,0
1JLV,E64D,63,0,allatom,6.0,692,693,0,1
1JLV,E64D,63,0,allatom,7.0,892,893,0,1
1JLV,E64D,63,0,allatom,8.0,1173,1172,1,0
1JLV,E64D,63,0,allatom,9.0,1382,1377,5,0
1JLV,E64D,63,0,allatom,10.0,1646,1647,0,1
1JLV,E64N,63,0,ca,6.0,333,333,0,0
1JLV,E64N,63,0,ca,7.0,462,462,0,0
1JLV,E64N,63,0,ca,8.0,532,532,0,0
1JLV,E64N,63,0,ca,9.0,677,677,0,0
1JLV,E64N,63,0,ca,10.0,888,888,0,0
1JLV,E64N,63,0,cb,6.0,253,253,0,0
1JLV,E64N,63,0,cb,7.0,385,385,0,0
1JLV,E64N,63,0,cb,8.0,536,536,0,0
1JLV,E64N,63,0,cb,9.0,663,663,0,0
1JLV,E64N,63,0,cb,10.0,859,859,0,0
1JLV,E64N,63,0,centroid,6.0,182,183,2,3
1JLV,E64N,63,0,centroid,7.0,304,305,3,4
1JLV,E64N,63,0,centroid,8.0,427,428,2,3
1JLV,E64N,63,0,centroid,9.0,601,604,3,6
1JLV,E64N,63,0,centroid,10.0,785,788,2,5
1JLV,E64N,63,0,allatom,6.0,692,691,2,1
1JLV,E64N,63,0,allatom,7.0,892,891,4,3
1JLV,E64N,63,0,allatom,8.0,1173,1174,1,2
1JLV,E64N,63,0,allatom,9.0,1382,1380,7,5
1JLV,E64N,63,0,allatom,10.0,1646,1646,3,3
1JLV,E64Q,63,0,ca,6.0,333,333,0,0
1JLV,E64Q,63,0,ca,7.0,462,462,0,0
1JLV,E64Q,63,0,ca,8.0,532,532,0,0
1JLV,E64Q,63,0,ca,9.0,677,677,0,0
1JLV,E64Q,63,0,ca,10.0,888,888,0,0
1JLV,E64Q,63,0,cb,6.0,253,253,0,0
1JLV,E64Q,63,0,cb,7.0,385,385,0,0
1JLV,E64Q,63,0,cb,8.0,536,536,0,0
1JLV,E64Q,63,0,cb,9.0,663,663,0,0
1JLV,E64Q,63,0,cb,10.0,859,859,0,0
1JLV,E64Q,63,0,centroid,6.0,182,184,1,3
1JLV,E64Q,63,0,centroid,7.0,304,303,2,1
1JLV,E64Q,63,0,centroid,8.0,427,428,1,2
1JLV,E64Q,63,0,centroid,9.0,601,603,1,3
1JLV,E64Q,63,0,centroid,10.0,785,783,2,0
1JLV,E64Q,63,0,allatom,6.0,692,693,0,1
1JLV,E64Q,63,0,allatom,7.0,892,893,0,1
1JLV,E64Q,63,0,allatom,8.0,1173,1172,1,0
1JLV,E64Q,63,0,allatom,9.0,1382,1378,5,1
1JLV,E64Q,63,0,allatom,10.0,1646,1645,3,2
1LVM,E106G,113,0,ca,6.0,257,257,0,0
1LVM,E106G,113,0,ca,7.0,390,390,0,0
1LVM,E106G,113,0,ca,8.0,472,472,0,0
1LVM,E106G,113,0,ca,9.0,588,588,0,0
1LVM,E106G,113,0,ca,10.0,790,790,0,0
1LVM,E106G,113,0,cb,6.0,227,227,0,0
1LVM,E106G,113,0,cb,7.0,332,333,0,1
1LVM,E106G,113,0,cb,8.0,464,465,0,1
1LVM,E106G,113,0,cb,9.0,598,599,0,1
1LVM,E106G,113,0,cb,10.0,745,746,0,1
1LVM,E106G,113,0,centroid,6.0,164,166,0,2
1LVM,E106G,113,0,centroid,7.0,268,269,0,1
1LVM,E106G,113,0,centroid,8.0,381,381,1,1
1LVM,E106G,113,0,centroid,9.0,537,540,1,4
1LVM,E106G,113,0,centroid,10.0,729,731,1,3
1LVM,E106G,113,0,allatom,6.0,602,602,0,0
1LVM,E106G,113,0,allatom,7.0,775,775,0,0
1LVM,E106G,113,0,allatom,8.0,1044,1044,0,0
1LVM,E106G,113,0,allatom,9.0,1275,1275,0,0
1LVM,E106G,113,0,allatom,10.0,1512,1512,0,0
1LVM,K45F,52,0,ca,6.0,257,257,0,0
1LVM,K45F,52,0,ca,7.0,390,390,0,0
1LVM,K45F,52,0,ca,8.0,472,472,0,0
1LVM,K45F,52,0,ca,9.0,588,588,0,0
1LVM,K45F,52,0,ca,10.0,790,790,0,0
1LVM,K45F,52,0,cb,6.0,227,227,0,0
1LVM,K45F,52,0,cb,7.0,332,332,0,0
1LVM,K45F,52,0,cb,8.0,464,464,0,0
1LVM,K45F,52,0,cb,9.0,598,598,0,0
1LVM,K45F,52,0,cb,10.0,745,745,0,0
1LVM,K45F,52,0,centroid,6.0,164,165,0,1
1LVM,K45F,52,0,centroid,7.0,268,266,2,0
1LVM,K45F,52,0,centroid,8.0,381,380,3,2
1LVM,K45F,52,0,centroid,9.0,537,535,3,1
1LVM,K45F,52,0,centroid,10.0,729,729,2,2
1LVM,K45F,52,0,allatom,6.0,602,603,1,2
1LVM,K45F,52,0,allatom,7.0,775,776,0,1
1LVM,K45F,52,0,allatom,8.0,1044,1044,0,0
1LVM,K45F,52,0,allatom,9.0,1275,1276,0,1
1LVM,K45F,52,0,allatom,10.0,1512,1514,0,2
1LVM,L56V,63,0,ca,6.0,257,257,0,0
1LVM,L56V,63,0,ca,7.0,390,390,0,0
1LVM,L56V,63,0,ca,8.0,472,472,0,0
1LVM,L56V,63,0,ca,9.0,588,588,0,0
1LVM,L56V,63,0,ca,10.0,790,790,0,0
1LVM,L56V,63,0,cb,6.0,227,226,1,0
1LVM,L56V,63,0,cb,7.0,332,332,0,0
1LVM,L56V,63,0,cb,8.0,464,464,0,0
1LVM,L56V,63,0,cb,9.0,598,598,0,0
1LVM,L56V,63,0,cb,10.0,745,745,0,0
1LVM,L56V,63,0,centroid,6.0,164,164,1,1
1LVM,L56V,63,0,centroid,7.0,268,270,0,2
1LVM,L56V,63,0,centroid,8.0,381,381,1,1
1LVM,L56V,63,0,centroid,9.0,537,538,1,2
1LVM,L56V,63,0,centroid,10.0,729,728,2,1
1LVM,L56V,63,0,allatom,6.0,602,602,0,0
1LVM,L56V,63,0,allatom,7.0,775,775,0,0
1LVM,L56V,63,0,allatom,8.0,1044,1044,0,0
1LVM,L56V,63,0,allatom,9.0,1275,1275,0,0
1LVM,L56V,63,0,allatom,10.0,1512,1512,0,0
1LVM,Q58F,65,0,ca,6.0,257,257,0,0
1LVM,Q58F,65,0,ca,7.0,390,390,0,0
1LVM,Q58F,65,0,ca,8.0,472,472,0,0
1LVM,Q58F,65,0,ca,9.0,588,588,0,0
1LVM,Q58F,65,0,ca,10.0,790,790,0,0
1LVM,Q58F,65,0,cb,6.0,227,227,0,0
1LVM,Q58F,65,0,cb,7.0,332,332,0,0
1LVM,Q58F,65,0,cb,8.0,464,464,0,0
1LVM,Q58F,65,0,cb,9.0,598,598,0,0
1LVM,Q58F,65,0,cb,10.0,745,745,0,0
1LVM,Q58F,65,0,centroid,6.0,164,165,1,2
1LVM,Q58F,65,0,centroid,7.0,268,268,1,1
1LVM,Q58F,65,0,centroid,8.0,381,382,1,2
1LVM,Q58F,65,0,centroid,9.0,537,537,1,1
1LVM,Q58F,65,0,centroid,10.0,729,728,2,1
1LVM,Q58F,65,0,allatom,6.0,602,602,0,0
1LVM,Q58F,65,0,allatom,7.0,775,777,0,2
1LVM,Q58F,65,0,allatom,8.0,1044,1044,0,0
1LVM,Q58F,65,0,allatom,9.0,1275,1275,0,0
1LVM,Q58F,65,0,allatom,10.0,1512,1512,0,0
1N18,E100G,99,0,ca,6.0,305,305,0,0
1N18,E100G,99,0,ca,7.0,461,461,0,0
1N18,E100G,99,0,ca,8.0,582,582,0,0
1N18,E100G,99,0,ca,9.0,758,758,0,0
1N18,E100G,99,0,ca,10.0,998,998,0,0
1N18,E100G,99,0,cb,6.0,274,275,0,1
1N18,E100G,99,0,cb,7.0,407,409,0,2
1N18,E100G,99,0,cb,8.0,547,548,0,1
1N18,E100G,99,0,cb,9.0,717,721,0,4
1N18,E100G,99,0,cb,10.0,949,954,0,5
1N18,E100G,99,0,centroid,6.0,202,203,2,3
1N18,E100G,99,0,centroid,7.0,343,348,1,6
1N18,E100G,99,0,centroid,8.0,484,489,2,7
1N18,E100G,99,0,centroid,9.0,672,675,3,6
1N18,E100G,99,0,centroid,10.0,882,887,4,9
1N18,E100G,99,0,allatom,6.0,698,699,0,1
1N18,E100G,99,0,allatom,7.0,926,927,0,1
1N18,E100G,99,0,allatom,8.0,1258,1257,1,0
1N18,E100G,99,0,allatom,9.0,1528,1527,1,0
1N18,E100G,99,0,allatom,10.0,1846,1844,2,0
1N18,G85R,84,0,ca,6.0,305,305,0,0
1N18,G85R,84,0,ca,7.0,461,461,0,0
1N18,G85R,84,0,ca,8.0,582,582,0,0
1N18,G85R,84,0,ca,9.0,758,758,0,0
1N18,G85R,84,0,ca,10.0,998,998,0,0
1N18,G85R,84,0,cb,6.0,274,271,3,0
1N18,G85R,84,0,cb,7.0,407,405,2,0
1N18,G85R,84,0,cb,8.0,547,548,1,2
1N18,G85R,84,0,cb,9.0,717,717,0,0
1N18,G85R,84,0,cb,10.0,949,947,2,0
1N18,G85R,84,0,centroid,6.0,202,199,3,0
1N18,G85R,84,0,centroid,7.0,343,337,7,1
1N18,G85R,84,0,centroid,8.0,484,476,11,3
1N18,G85R,84,0,centroid,9.0,672,663,11,2
1N18,G85R,84,0,centroid,10.0,882,874,8,0
1N18,G85R,84,0,allatom,6.0,698,698,2,2
1N18,G85R,84,0,allatom,7.0,926,925,2,1
1N18,G85R,84,0,allatom,8.0,1258,1258,1,1
1N18,G85R,84,0,allatom,9.0,1528,1527,2,1
1N18,G85R,84,0,allatom,10.0,1846,1844,3,1
1N18,H46R,45,0,ca,6.0,305,305,0,0
1N18,H46R,45,0,ca,7.0,461,461,0,0
1N18,H46R,45,0,ca,8.0,582,582,0,0
1N18,H46R,45,0,ca,9.0,758,758,0,0
1N18,H46R,45,0,ca,10.0,998,998,0,0
1N18,H46R,45,0,cb,6.0,274,274,0,0
1N18,H46R,45,0,cb,7.0,407,407,0,0
1N18,H46R,45,0,cb,8.0,547,547,0,0
1N18,H46R,45,0,cb,9.0,717,717,0,0
1N18,H46R,45,0,cb,10.0,949,949,0,0
1N18,H46R,45,0,centroid,6.0,202,201,2,1
1N18,H46R,45,0,centroid,7.0,343,342,1,0
1N18,H46R,45,0,centroid,8.0,484,481,3,0
1N18,H46R,45,0,centroid,9.0,672,669,3,0
1N18,H46R,45,0,centroid,10.0,882,881,1,0
1N18,H46R,45,0,allatom,6.0,698,698,0,0
1N18,H46R,45,0,allatom,7.0,926,924,3,1
1N18,H46R,45,0,allatom,8.0,1258,1256,3,1
1N18,H46R,45,0,allatom,9.0,1528,1527,1,0
1N18,H46R,45,0,allatom,10.0,1846,1845,1,0
1O1U,E110A,109,1,ca,6.0,289,289,0,0
1O1U,E110A,109,1,ca,7.0,448,448,0,0
1O1U,E110A,109,1,ca,8.0,555,555,0,0
1O1U,E110A,109,1,ca,9.0,699,699,0,0
1O1U,E110A,109,1,ca,10.0,919,919,0,0
1O1U,E110A,109,1,cb,6.0,232,232,0,0
1O1U,E110A,109,1,cb,7.0,377,377,0,0
1O1U,E110A,109,1,cb,8.0,543,543,0,0
1O1U,E110A,109,1,cb,9.0,672,672,0,0
1O1U,E110A,109,1,cb,10.0,886,886,0,0
1O1U,E110A,109,1,centroid,6.0,180,181,1,2
1O1U,E110A,109,1,centroid,7.0,316,315,4,3
1O1U,E110A,109,1,centroid,8.0,462,460,4,2
1O1U,E110A,109,1,centroid,9.0,641,643,5,7
1O1U,E110A,109,1,centroid,10.0,849,845,5,1
1O1U,E110A,109,1,allatom,6.0,705,702,5,2
1O1U,E110A,109,1,allatom,7.0,901,899,8,6
1O1U,E110A,109,1,allatom,8.0,1206,1195,12,1
1O1U,E110A,109,1,allatom,9.0,1490,1482,12,4
1O1U,E110A,109,1,allatom,10.0,1795,1788,12,5
1O1U,N61A,60,1,ca,6.0,289,289,0,0
1O1U,N61A,60,1,ca,7.0,448,448,0,0
1O1U,N61A,60,1,ca,8.0,555,555,0,0
1O1U,N61A,60,1,ca,9.0,699,699,0,0
1O1U,N61A,60,1,ca,10.0,919,919,0,0
1O1U,N61A,60,1,cb,6.0,232,232,0,0
1O1U,N61A,60,1,cb,7.0,377,377,0,0
1O1U,N61A,60,1,cb,8.0,543,543,0,0
1O1U,N61A,60,1,cb,9.0,672,672,0,0
1O1U,N61A,60,1,cb,10.0,886,886,0,0
1O1U,N61A,60,1,centroid,6.0,180,181,1,2
1O1U,N61A,60,1,centroid,7.0,316,315,2,1
1O1U,N61A,60,1,centroid,8.0,462,461,2,1
1O1U,N61A,60,1,centroid,9.0,641,643,4,6
1O1U,N61A,60,1,centroid,10.0,849,851,3,5
1O1U,N61A,60,1,allatom,6.0,705,704,3,2
1O1U,N61A,60,1,allatom,7.0,901,900,5,4
1O1U,N61A,60,1,allatom,8.0,1206,1204,5,3
1O1U,N61A,60,1,allatom,9.0,1490,1483,7,0
1O1U,N61A,60,1,allatom,10.0,1795,1790,6,1
1O1U,Q51A,50,1,ca,6.0,289,289,0,0
1O1U,Q51A,50,1,ca,7.0,448,448,0,0
1O1U,Q51A,50,1,ca,8.0,555,555,0,0
1O1U,Q51A,50,1,ca,9.0,699,699,0,0
1O1U,Q51A,50,1,ca,10.0,919,919,0,0
1O1U,Q51A,50,1,cb,6.0,232,232,0,0
1O1U,Q51A,50,1,cb,7.0,377,377,0,0
1O1U,Q51A,50,1,cb,8.0,543,543,0,0
1O1U,Q51A,50,1,cb,9.0,672,672,0,0
1O1U,Q51A,50,1,cb,10.0,886,886,0,0
1O1U,Q51A,50,1,centroid,6.0,180,180,1,1
1O1U,Q51A,50,1,centroid,7.0,316,320,1,5
1O1U,Q51A,50,1,centroid,8.0,462,463,2,3
1O1U,Q51A,50,1,centroid,9.0,641,638,6,3
1O1U,Q51A,50,1,centroid,10.0,849,846,5,2
1O1U,Q51A,50,1,allatom,6.0,705,703,2,0
1O1U,Q51A,50,1,allatom,7.0,901,896,7,2
1O1U,Q51A,50,1,allatom,8.0,1206,1202,8,4
1O1U,Q51A,50,1,allatom,9.0,1490,1481,11,2
1O1U,Q51A,50,1,allatom,10.0,1795,1781,16,2
1O1U,Q99A,98,1,ca,6.0,289,289,0,0
1O1U,Q99A,98,1,ca,7.0,448,448,0,0
1O1U,Q99A,98,1,ca,8.0,555,555,0,0
1O1U,Q99A,98,1,ca,9.0,699,699,0,0
1O1U,Q99A,98,1,ca,10.0,919,919,0,0
1O1U,Q99A,98,1,cb,6.0,232,232,0,0
1O1U,Q99A,98,1,cb,7.0,377,377,0,0
1O1U,Q99A,98,1,cb,8.0,543,543,0,0
1O1U,Q99A,98,1,cb,9.0,672,672,0,0
1O1U,Q99A,98,1,cb,10.0,886,886,0,0
1O1U,Q99A,98,1,centroid,6.0,180,179,4,3
1O1U,Q99A,98,1,centroid,7.0,316,316,2,2
1O1U,Q99A,98,1,centroid,8.0,462,462,2,2
1O1U,Q99A,98,1,centroid,9.0,641,640,7,6
1O1U,Q99A,98,1,centroid,10.0,849,847,8,6
1O1U,Q99A,98,1,allatom,6.0,705,700,5,0
1O1U,Q99A,98,1,allatom,7.0,901,899,6,4
1O1U,Q99A,98,1,allatom,8.0,1206,1196,12,2
1O1U,Q99A,98,1,allatom,9.0,1490,1483,12,5
1O1U,Q99A,98,1,allatom,10.0,1795,1793,7,5
1O1U,T38A,37,1,ca,6.0,289,289,0,0
1O1U,T38A,37,1,ca,7.0,448,448,0,0
1O1U,T38A,37,1,ca,8.0,555,555,0,0
1O1U,T38A,37,1,ca,9.0,699,699,0,0
1O1U,T38A,37,1,ca,10.0,919,919,0,0
1O1U,T38A,37,1,cb,6.0,232,232,0,0
1O1U,T38A,37,1,cb,7.0,377,377,0,0
1O1U,T38A,37,1,cb,8.0,543,543,0,0
1O1U,T38A,37,1,cb,9.0,672,672,0,0
1O1U,T38A,37,1,cb,10.0,886,886,0,0
1O1U,T38A,37,1,centroid,6.0,180,181,1,2
1O1U,T38A,37,1,centroid,7.0,316,315,1,0
1O1U,T38A,37,1,centroid,8.0,462,463,0,1
1O1U,T38A,37,1,centroid,9.0,641,642,0,1
1O1U,T38A,37,1,centroid,10.0,849,847,2,0
1O1U,T38A,37,1,allatom,6.0,705,705,0,0
1O1U,T38A,37,1,allatom,7.0,901,901,0,0
1O1U,T38A,37,1,allatom,8.0,1206,1205,1,0
1O1U,T38A,37,1,allatom,9.0,1490,1484,6,0
1O1U,T38A,37,1,allatom,10.0,1795,1790,5,0
1O1U,W49Y,48,1,ca,6.0,289,289,0,0
1O1U,W49Y,48,1,ca,7.0,448,448,0,0
1O1U,W49Y,48,1,ca,8.0,555,555,0,0
1O1U,W49Y,48,1,ca,9.0,699,699,0,0
1O1U,W49Y,48,1,ca,10.0,919,919,0,0
1O1U,W49Y,48,1,cb,6.0,232,232,0,0
1O1U,W49Y,48,1,cb,7.0,377,377,0,0
1O1U,W49Y,48,1,cb,8.0,543,543,0,0
1O1U,W49Y,48,1,cb,9.0,672,672,0,0
1O1U,W49Y,48,1,cb,10.0,886,886,0,0
1O1U,W49Y,48,1,centroid,6.0,180,180,1,1
1O1U,W49Y,48,1,centroid,7.0,316,313,3,0
1O1U,W49Y,48,1,centroid,8.0,462,462,2,2
1O1U,W49Y,48,1,centroid,9.0,641,641,1,1
1O1U,W49Y,48,1,centroid,10.0,849,850,1,2
1O1U,W49Y,48,1,allatom,6.0,705,707,0,2
1O1U,W49Y,48,1,allatom,7.0,901,902,1,2
1O1U,W49Y,48,1,allatom,8.0,1206,1207,2,3
1O1U,W49Y,48,1,allatom,9.0,1490,1482,8,0
1O1U,W49Y,48,1,allatom,10.0,1795,1791,6,2
1OSI,I11V,10,1,ca,6.0,325,325,0,0
1OSI,I11V,10,1,ca,7.0,454,454,0,0
1OSI,I11V,10,1,ca,8.0,535,535,0,0
1OSI,I11V,10,1,ca,9.0,692,692,0,0
1OSI,I11V,10,1,ca,10.0,888,888,0,0
1OSI,I11V,10,1,cb,6.0,270,270,0,0
1OSI,I11V,10,1,cb,7.0,391,391,0,0
1OSI,I11V,10,1,cb,8.0,535,535,0,0
1OSI,I11V,10,1,cb,9.0,676,676,0,0
1OSI,I11V,10,1,cb,10.0,865,865,0,0
1OSI,I11V,10,1,centroid,6.0,213,213,0,0
1OSI,I11V,10,1,centroid,7.0,336,336,0,0
1OSI,I11V,10,1,centroid,8.0,469,469,0,0
1OSI,I11V,10,1,centroid,9.0,625,625,0,0
1OSI,I11V,10,1,centroid,10.0,829,829,0,0
1OSI,I11V,10,1,allatom,6.0,660,660,0,0
1OSI,I11V,10,1,allatom,7.0,872,872,0,0
1OSI,I11V,10,1,allatom,8.0,1120,1120,0,0
1OSI,I11V,10,1,allatom,9.0,1339,1339,0,0
1OSI,I11V,10,1,allatom,10.0,1590,1590,0,0
1OSI,S92F,91,1,ca,6.0,325,325,0,0
1OSI,S92F,91,1,ca,7.0,454,454,0,0
1OSI,S92F,91,1,ca,8.0,535,535,0,0
1OSI,S92F,91,1,ca,9.0,692,692,0,0
1OSI,S92F,91,1,ca,10.0,888,888,0,0
1OSI,S92F,91,1,cb,6.0,270,270,0,0
1OSI,S92F,91,1,cb,7.0,391,391,0,0
1OSI,S92F,91,1,cb,8.0,535,535,0,0
1OSI,S92F,91,1,cb,9.0,676,676,0,0
1OSI,S92F,91,1,cb,10.0,865,865,0,0
1OSI,S92F,91,1,centroid,6.0,213,213,3,3
1OSI,S92F,91,1,centroid,7.0,336,333,6,3
1OSI,S92F,91,1,centroid,8.0,469,468,3,2
1OSI,S92F,91,1,centroid,9.0,625,623,5,3
1OSI,S92F,91,1,centroid,10.0,829,824,8,3
1OSI,S92F,91,1,allatom,6.0,660,662,1,3
1OSI,S92F,91,1,allatom,7.0,872,872,3,3
1OSI,S92F,91,1,allatom,8.0,1120,1122,1,3
1OSI,S92F,91,1,allatom,9.0,1339,1340,1,2
1OSI,S92F,91,1,allatom,10.0,1590,1589,5,4
1OSI,V15I,14,1,ca,6.0,325,325,0,0
1OSI,V15I,14,1,ca,7.0,454,454,0,0
1OSI,V15I,14,1,ca,8.0,535,535,0,0
1OSI,V15I,14,1,ca,9.0,692,692,0,0
1OSI,V15I,14,1,ca,10.0,888,888,0,0
1OSI,V15I,14,1,cb,6.0,270,270,0,0
1OSI,V15I,14,1,cb,7.0,391,391,0,0
1OSI,V15I,14,1,cb,8.0,535,535,0,0
1OSI,V15I,14,1,cb,9.0,676,676,0,0
1OSI,V15I,14,1,cb,10.0,865,865,0,0
1OSI,V15I,14,1,centroid,6.0,213,213,1,1
1OSI,V15I,14,1,centroid,7.0,336,336,1,1
1OSI,V15I,14,1,centroid,8.0,469,469,0,0
1OSI,V15I,14,1,centroid,9.0,625,626,0,1
1OSI,V15I,14,1,centroid,10.0,829,830,0,1
1OSI,V15I,14,1,allatom,6.0,660,661,0,1
1OSI,V15I,14,1,allatom,7.0,872,872,0,0
1OSI,V15I,14,1,allatom,8.0,1120,1120,0,0
1OSI,V15I,14,1,allatom,9.0,1339,1340,0,1
1OSI,V15I,14,1,allatom,10.0,1590,1590,0,0
1PFL,A20T,19,1,ca,6.0,336,336,0,0
1PFL,A20T,19,1,ca,7.0,486,486,0,0
1PFL,A20T,19,1,ca,8.0,604,604,0,0
1PFL,A20T,19,1,ca,9.0,796,796,0,0
1PFL,A20T,19,1,ca,10.0,1042,1042,0,0
1PFL,A20T,19,1,cb,6.0,279,279,0,0
1PFL,A20T,19,1,cb,7.0,430,430,0,0
1PFL,A20T,19,1,cb,8.0,591,591,0,0
1PFL,A20T,19,1,cb,9.0,774,773,1,0
1PFL,A20T,19,1,cb,10.0,1021,1021,0,0
1PFL,A20T,19,1,centroid,6.0,222,222,0,0
1PFL,A20T,19,1,centroid,7.0,364,364,0,0
1PFL,A20T,19,1,centroid,8.0,523,522,1,0
1PFL,A20T,19,1,centroid,9.0,725,724,2,1
1PFL,A20T,19,1,centroid,10.0,980,980,0,0
1PFL,A20T,19,1,allatom,6.0,747,749,1,3
1PFL,A20T,19,1,allatom,7.0,1018,1021,0,3
1PFL,A20T,19,1,allatom,8.0,1323,1325,0,2
1PFL,A20T,19,1,allatom,9.0,1629,1634,0,5
1PFL,A20T,19,1,allatom,10.0,1934,1938,0,4
1PFL,G117V,116,1,ca,6.0,336,336,0,0
1PFL,G117V,116,1,ca,7.0,486,486,0,0
1PFL,G117V,116,1,ca,8.0,604,604,0,0
1PFL,G117V,116,1,ca,9.0,796,796,0,0
1PFL,G117V,116,1,ca,10.0,1042,1042,0,0
1PFL,G117V,116,1,cb,6.0,279,278,1,0
1PFL,G117V,116,1,cb,7.0,430,428,2,0
1PFL,G117V,116,1,cb,8.0,591,589,2,0
1PFL,G117V,116,1,cb,9.0,774,773,1,0
1PFL,G117V,116,1,cb,10.0,1021,1018,3,0
1PFL,G117V,116,1,centroid,6.0,222,221,2,1
1PFL,G117V,116,1,centroid,7.0,364,362,2,0
1PFL,G117V,116,1,centroid,8.0,523,519,4,0
1PFL,G117V,116,1,centroid,9.0,725,724,2,1
1PFL,G117V,116,1,centroid,10.0,980,974,6,0
1PFL,G117V,116,1,allatom,6.0,747,747,0,0
1PFL,G117V,116,1,allatom,7.0,1018,1018,0,0
1PFL,G117V,116,1,allatom,8.0,1323,1322,1,0
1PFL,G117V,116,1,allatom,9.0,1629,1629,0,0
1PFL,G117V,116,1,allatom,10.0,1934,1934,0,0
1PFL,M113T,112,1,ca,6.0,336,336,0,0
1PFL,M113T,112,1,ca,7.0,486,486,0,0
1PFL,M113T,112,1,ca,8.0,604,604,0,0
1PFL,M113T,112,1,ca,9.0,796,796,0,0
1PFL,M113T,112,1,ca,10.0,1042,1042,0,0
1PFL,M113T,112,1,cb,6.0,279,278,1,0
1PFL,M113T,112,1,cb,7.0,430,430,0,0
1PFL,M113T,112,1,cb,8.0,591,591,0,0
1PFL,M113T,112,1,cb,9.0,774,774,0,0
1PFL,M113T,112,1,cb,10.0,1021,1021,0,0
1PFL,M113T,112,1,centroid,6.0,222,219,5,2
1PFL,M113T,112,1,centroid,7.0,364,362,4,2
1PFL,M113T,112,1,centroid,8.0,523,525,8,10
1PFL,M113T,112,1,centroid,9.0,725,722,8,5
1PFL,M113T,112,1,centroid,10.0,980,981,8,9
1PFL,M113T,112,1,allatom,6.0,747,739,9,1
1PFL,M113T,112,1,allatom,7.0,1018,1018,8,8
1PFL,M113T,112,1,allatom,8.0,1323,1325,4,6
1PFL,M113T,112,1,allatom,9.0,1629,1625,8,4
1PFL,M113T,112,1,allatom,10.0,1934,1930,8,4
1PFL,T108M,107,1,ca,6.0,336,336,0,0
1PFL,T108M,107,1,ca,7.0,486,486,0,0
1PFL,T108M,107,1,ca,8.0,604,604,0,0
1PFL,T108M,107,1,ca,9.0,796,796,0,0
1PFL,T108M,107,1,ca,10.0,1042,1042,0,0
1PFL,T108M,107,1,cb,6.0,279,279,0,0
1PFL,T108M,107,1,cb,7.0,430,430,0,0
1PFL,T108M,107,1,cb,8.0,591,591,0,0
1PFL,T108M,107,1,cb,9.0,774,774,0,0
1PFL,T108M,107,1,cb,10.0,1021,1021,0,0
1PFL,T108M,107,1,centroid,6.0,222,221,3,2
1PFL,T108M,107,1,centroid,7.0,364,361,5,2
1PFL,T108M,107,1,centroid,8.0,523,518,6,1
1PFL,T108M,107,1,centroid,9.0,725,722,6,3
1PFL,T108M,107,1,centroid,10.0,980,974,7,1
1PFL,T108M,107,1,allatom,6.0,747,747,0,0
1PFL,T108M,107,1,allatom,7.0,1018,1014,4,0
1PFL,T108M,107,1,allatom,8.0,1323,1321,4,2
1PFL,T108M,107,1,allatom,9.0,1629,1629,2,2
1PFL,T108M,107,1,allatom,10.0,1934,1937,2,5
1PRG,Q286P,79,0,ca,6.0,313,313,0,0
1PRG,Q286P,79,0,ca,7.0,419,419,0,0
1PRG,Q286P,79,0,ca,8.0,471,471,0,0
1PRG,Q286P,79,0,ca,9.0,603,603,0,0
1PRG,Q286P,79,0,ca,10.0,748,748,0,0
1PRG,Q286P,79,0,cb,6.0,227,227,0,0
1PRG,Q286P,79,0,cb,7.0,337,337,0,0
1PRG,Q286P,79,0,cb,8.0,461,461,0,0
1PRG,Q286P,79,0,cb,9.0,543,543,0,0
1PRG,Q286P,79,0,cb,10.0,691,692,0,1
1PRG,Q286P,79,0,centroid,6.0,151,153,1,3
1PRG,Q286P,79,0,centroid,7.0,262,264,0,2
1PRG,Q286P,79,0,centroid,8.0,363,364,1,2
1PRG,Q286P,79,0,centroid,9.0,498,499,0,1
1PRG,Q286P,79,0,centroid,10.0,638,640,0,2
1PRG,Q286P,79,0,allatom,6.0,623,623,0,0
1PRG,Q286P,79,0,allatom,7.0,779,780,0,1
1PRG,Q286P,79,0,allatom,8.0,959,961,0,2
1PRG,Q286P,79,0,allatom,9.0,1128,1129,0,1
1PRG,Q286P,79,0,allatom,10.0,1291,1291,1,1
1PRG,R288H,81,0,ca,6.0,313,313,0,0
1PRG,R288H,81,0,ca,7.0,419,419,0,0
1PRG,R288H,81,0,ca,8.0,471,471,0,0
1PRG,R288H,81,0,ca,9.0,603,603,0,0
1PRG,R288H,81,0,ca,10.0,748,748,0,0
1PRG,R288H,81,0,cb,6.0,227,227,0,0
1PRG,R288H,81,0,cb,7.0,337,337,0,0
1PRG,R288H,81,0,cb,8.0,461,461,0,0
1PRG,R288H,81,0,cb,9.0,543,543,0,0
1PRG,R288H,81,0,cb,10.0,691,691,0,0
1PRG,R288H,81,0,centroid,6.0,151,151,4,4
1PRG,R288H,81,0,centroid,7.0,262,262,3,3
1PRG,R288H,81,0,centroid,8.0,363,366,1,4
1PRG,R288H,81,0,centroid,9.0,498,501,1,4
1PRG,R288H,81,0,centroid,10.0,638,636,4,2
1PRG,R288H,81,0,allatom,6.0,623,624,0,1
1PRG,R288H,81,0,allatom,7.0,779,779,2,2
1PRG,R288H,81,0,allatom,8.0,959,961,2,4
1PRG,R288H,81,0,allatom,9.0,1128,1130,2,4
1PRG,R288H,81,0,allatom,10.0,1291,1292,2,3
1PRG,V290M,83,0,ca,6.0,313,313,0,0
1PRG,V290M,83,0,ca,7.0,419,419,0,0
1PRG,V290M,83,0,ca,8.0,471,471,0,0
1PRG,V290M,83,0,ca,9.0,603,603,0,0
1PRG,V290M,83,0,ca,10.0,748,748,0,0
1PRG,V290M,83,0,cb,6.0,227,227,0,0
1PRG,V290M,83,0,cb,7.0,337,337,0,0
1PRG,V290M,83,0,cb,8.0,461,461,0,0
1PRG,V290M,83,0,cb,9.0,543,543,0,0
1PRG,V290M,83,0,cb,10.0,691,691,0,0
1PRG,V290M,83,0,centroid,6.0,151,153,1,3
1PRG,V290M,83,0,centroid,7.0,262,261,3,2
1PRG,V290M,83,0,centroid,8.0,363,363,3,3
1PRG,V290M,83,0,centroid,9.0,498,500,1,3
1PRG,V290M,83,0,centroid,10.0,638,635,5,2
1PRG,V290M,83,0,allatom,6.0,623,624,0,1
1PRG,V290M,83,0,allatom,7.0,779,783,0,4
1PRG,V290M,83,0,allatom,8.0,959,962,0,3
1PRG,V290M,83,0,allatom,9.0,1128,1130,1,3
1PRG,V290M,83,0,allatom,10.0,1291,1292,1,2
1SPD,C111S,110,0,ca,6.0,276,276,0,0
1SPD,C111S,110,0,ca,7.0,460,460,0,0
1SPD,C111S,110,0,ca,8.0,583,583,0,0
1SPD,C111S,110,0,ca,9.0,753,753,0,0
1SPD,C111S,110,0,ca,10.0,990,990,0,0
1SPD,C111S,110,0,cb,6.0,250,250,0,0
1SPD,C111S,110,0,cb,7.0,385,385,0,0
1SPD,C111S,110,0,cb,8.0,551,551,0,0
1SPD,C111S,110,0,cb,9.0,708,708,0,0
1SPD,C111S,110,0,cb,10.0,923,923,0,0
1SPD,C111S,110,0,centroid,6.0,188,188,1,1
1SPD,C111S,110,0,centroid,7.0,323,321,2,0
1SPD,C111S,110,0,centroid,8.0,463,463,1,1
1SPD,C111S,110,0,centroid,9.0,657,657,0,0
1SPD,C111S,110,0,centroid,10.0,874,875,0,1
1SPD,C111S,110,0,allatom,6.0,697,697,0,0
1SPD,C111S,110,0,allatom,7.0,944,944,0,0
1SPD,C111S,110,0,allatom,8.0,1243,1243,0,0
1SPD,C111S,110,0,allatom,9.0,1521,1519,2,0
1SPD,C111S,110,0,allatom,10.0,1835,1833,2,0
1SPD,C6A,5,0,ca,6.0,276,276,0,0
1SPD,C6A,5,0,ca,7.0,460,460,0,0
1SPD,C6A,5,0,ca,8.0,583,583,0,0
1SPD,C6A,5,0,ca,9.0,753,753,0,0
1SPD,C6A,5,0,ca,10.0,990,990,0,0
1SPD,C6A,5,0,cb,6.0,250,250,0,0
1SPD,C6A,5,0,cb,7.0,385,385,0,0
1SPD,C6A,5,0,cb,8.0,551,551,0,0
1SPD,C6A,5,0,cb,9.0,708,708,0,0
1SPD,C6A,5,0,cb,10.0,923,923,0,0
1SPD,C6A,5,0,centroid,6.0,188,190,0,2
1SPD,C6A,5,0,centroid,7.0,323,324,0,1
1SPD,C6A,5,0,centroid,8.0,463,462,1,0
1SPD,C6A,5,0,centroid,9.0,657,655,4,2
1SPD,C6A,5,0,centroid,10.0,874,872,3,1
1SPD,C6A,5,0,allatom,6.0,697,695,2,0
1SPD,C6A,5,0,allatom,7.0,944,942,2,0
1SPD,C6A,5,0,allatom,8.0,1243,1239,4,0
1SPD,C6A,5,0,allatom,9.0,1521,1518,3,0
1SPD,C6A,5,0,allatom,10.0,1835,1833,2,0
1XWS,E124Q,91,0,ca,6.0,296,296,0,0
1XWS,E124Q,91,0,ca,7.0,429,429,0,0
1XWS,E124Q,91,0,ca,8.0,502,502,0,0
1XWS,E124Q,91,0,ca,9.0,619,619,0,0
1XWS,E124Q,91,0,ca,10.0,799,799,0,0
1XWS,E124Q,91,0,cb,6.0,235,235,0,0
1XWS,E124Q,91,0,cb,7.0,348,348,0,0
1XWS,E124Q,91,0,cb,8.0,487,487,0,0
1XWS,E124Q,91,0,cb,9.0,605,605,0,0
1XWS,E124Q,91,0,cb,10.0,770,770,0,0
1XWS,E124Q,91,0,centroid,6.0,158,159,1,2
1XWS,E124Q,91,0,centroid,7.0,284,282,2,0
1XWS,E124Q,91,0,centroid,8.0,408,409,0,1
1XWS,E124Q,91,0,centroid,9.0,550,551,0,1
1XWS,E124Q,91,0,centroid,10.0,737,739,0,2
1XWS,E124Q,91,0,allatom,6.0,639,640,0,1
1XWS,E124Q,91,0,allatom,7.0,777,780,0,3
1XWS,E124Q,91,0,allatom,8.0,1060,1063,1,4
1XWS,E124Q,91,0,allatom,9.0,1268,1268,0,0
1XWS,E124Q,91,0,allatom,10.0,1503,1507,0,4
1XWS,E135K,102,0,ca,6.0,296,296,0,0
1XWS,E135K,102,0,ca,7.0,429,429,0,0
1XWS,E135K,102,0,ca,8.0,502,502,0,0
1XWS,E135K,102,0,ca,9.0,619,619,0,0
1XWS,E135K,102,0,ca,10.0,799,799,0,0
1XWS,E135K,102,0,cb,6.0,235,235,0,0
1XWS,E135K,102,0,cb,7.0,348,348,0,0
1XWS,E135K,102,0,cb,8.0,487,487,0,0
1XWS,E135K,102,0,cb,9.0,605,605,0,0
1XWS,E135K,102,0,cb,10.0,770,770,0,0
1XWS,E135K,102,0,centroid,6.0,158,156,3,1
1XWS,E135K,102,0,centroid,7.0,284,282,4,2
1XWS,E135K,102,0,centroid,8.0,408,408,0,0
1XWS,E135K,102,0,centroid,9.0,550,550,3,3
1XWS,E135K,102,0,centroid,10.0,737,729,9,1
1XWS,E135K,102,0,allatom,6.0,639,636,3,0
1XWS,E135K,102,0,allatom,7.0,777,775,2,0
1XWS,E135K,102,0,allatom,8.0,1060,1058,2,0
1XWS,E135K,102,0,allatom,9.0,1268,1266,3,1
1XWS,E135K,102,0,allatom,10.0,1503,1499,4,0
1XWS,E142D,109,0,ca,6.0,296,296,0,0
1XWS,E142D,109,0,ca,7.0,429,429,0,0
1XWS,E142D,109,0,ca,8.0,502,502,0,0
1XWS,E142D,109,0,ca,9.0,619,619,0,0
1XWS,E142D,109,0,ca,10.0,799,799,0,0
1XWS,E142D,109,0,cb,6.0,235,235,0,0
1XWS,E142D,109,0,cb,7.0,348,348,0,0
1XWS,E142D,109,0,cb,8.0,487,487,0,0
1XWS,E142D,109,0,cb,9.0,605,605,0,0
1XWS,E142D,109,0,cb,10.0,770,770,0,0
1XWS,E142D,109,0,centroid,6.0,158,159,0,1
1XWS,E142D,109,0,centroid,7.0,284,286,1,3
1XWS,E142D,109,0,centroid,8.0,408,408,0,0
1XWS,E142D,109,0,centroid,9.0,550,552,0,2
1XWS,E142D,109,0,centroid,10.0,737,737,1,1
1XWS,E142D,109,0,allatom,6.0,639,639,0,0
1XWS,E142D,109,0,allatom,7.0,777,777,0,0
1XWS,E142D,109,0,allatom,8.0,1060,1060,0,0
1XWS,E142D,109,0,allatom,9.0,1268,1268,0,0
1XWS,E142D,109,0,allatom,10.0,1503,1503,0,0
1XWS,Y53H,20,0,ca,6.0,296,296,0,0
1XWS,Y53H,20,0,ca,7.0,429,429,0,0
1XWS,Y53H,20,0,ca,8.0,502,502,0,0
1XWS,Y53H,20,0,ca,9.0,619,619,0,0
1XWS,Y53H,20,0,ca,10.0,799,799,0,0
1XWS,Y53H,20,0,cb,6.0,235,235,0,0
1XWS,Y53H,20,0,cb,7.0,348,348,0,0
1XWS,Y53H,20,0,cb,8.0,487,487,0,0
1XWS,Y53H,20,0,cb,9.0,605,605,0,0
1XWS,Y53H,20,0,cb,10.0,770,770,0,0
1XWS,Y53H,20,0,centroid,6.0,158,158,1,1
1XWS,Y53H,20,0,centroid,7.0,284,286,0,2
1XWS,Y53H,20,0,centroid,8.0,408,415,0,7
1XWS,Y53H,20,0,centroid,9.0,550,550,1,1
1XWS,Y53H,20,0,centroid,10.0,737,734,3,0
1XWS,Y53H,20,0,allatom,6.0,639,639,0,0
1XWS,Y53H,20,0,allatom,7.0,777,778,0,1
1XWS,Y53H,20,0,allatom,8.0,1060,1057,3,0
1XWS,Y53H,20,0,allatom,9.0,1268,1267,2,1
1XWS,Y53H,20,0,allatom,10.0,1503,1498,5,0
1XXN,N32D,31,0,ca,6.0,237,237,0,0
1XXN,N32D,31,0,ca,7.0,367,367,0,0
1XXN,N32D,31,0,ca,8.0,441,441,0,0
1XXN,N32D,31,0,ca,9.0,558,558,0,0
1XXN,N32D,31,0,ca,10.0,761,761,0,0
1XXN,N32D,31,0,cb,6.0,219,219,0,0
1XXN,N32D,31,0,cb,7.0,322,322,0,0
1XXN,N32D,31,0,cb,8.0,439,439,0,0
1XXN,N32D,31,0,cb,9.0,572,572,0,0
1XXN,N32D,31,0,cb,10.0,724,724,0,0
1XXN,N32D,31,0,centroid,6.0,158,157,1,0
1XXN,N32D,31,0,centroid,7.0,276,275,1,0
1XXN,N32D,31,0,centroid,8.0,402,401,2,1
1XXN,N32D,31,0,centroid,9.0,539,538,1,0
1XXN,N32D,31,0,centroid,10.0,734,734,0,0
1XXN,N32D,31,0,allatom,6.0,548,548,0,0
1XXN,N32D,31,0,allatom,7.0,744,744,0,0
1XXN,N32D,31,0,allatom,8.0,1005,1005,0,0
1XXN,N32D,31,0,allatom,9.0,1199,1199,0,0
1XXN,N32D,31,0,allatom,10.0,1427,1427,0,0
1XXN,N54E,53,0,ca,6.0,237,237,0,0
1XXN,N54E,53,0,ca,7.0,367,367,0,0
1XXN,N54E,53,0,ca,8.0,441,441,0,0
1XXN,N54E,53,0,ca,9.0,558,558,0,0
1XXN,N54E,53,0,ca,10.0,761,761,0,0
1XXN,N54E,53,0,cb,6.0,219,219,0,0
1XXN,N54E,53,0,cb,7.0,322,322,0,0
1XXN,N54E,53,0,cb,8.0,439,439,0,0
1XXN,N54E,53,0,cb,9.0,572,572,0,0
1XXN,N54E,53,0,cb,10.0,724,724,0,0
1XXN,N54E,53,0,centroid,6.0,158,158,0,0
1XXN,N54E,53,0,centroid,7.0,276,276,0,0
1XXN,N54E,53,0,centroid,8.0,402,401,1,0
1XXN,N54E,53,0,centroid,9.0,539,540,0,1
1XXN,N54E,53,0,centroid,10.0,734,733,1,0
1XXN,N54E,53,0,allatom,6.0,548,548,0,0
1XXN,N54E,53,0,allatom,7.0,744,744,0,0
1XXN,N54E,53,0,allatom,8.0,1005,1005,0,0
1XXN,N54E,53,0,allatom,9.0,1199,1199,0,0
1XXN,N54E,53,0,allatom,10.0,1427,1427,0,0
1XXN,S22E,21,0,ca,6.0,237,237,0,0
1XXN,S22E,21,0,ca,7.0,367,367,0,0
1XXN,S22E,21,0,ca,8.0,441,441,0,0
1XXN,S22E,21,0,ca,9.0,558,558,0,0
1XXN,S22E,21,0,ca,10.0,761,761,0,0
1XXN,S22E,21,0,cb,6.0,219,219,0,0
1XXN,S22E,21,0,cb,7.0,322,322,0,0
1XXN,S22E,21,0,cb,8.0,439,439,0,0
1XXN,S22E,21,0,cb,9.0,572,572,0,0
1XXN,S22E,21,0,cb,10.0,724,724,0,0
1XXN,S22E,21,0,centroid,6.0,158,158,1,1
1XXN,S22E,21,0,centroid,7.0,276,276,0,0
1XXN,S22E,21,0,centroid,8.0,402,401,1,0
1XXN,S22E,21,0,centroid,9.0,539,539,1,1
1XXN,S22E,21,0,centroid,10.0,734,736,0,2
1XXN,S22E,21,0,allatom,6.0,548,548,0,0
1XXN,S22E,21,0,allatom,7.0,744,744,0,0
1XXN,S22E,21,0,allatom,8.0,1005,1005,0,0
1XXN,S22E,21,0,allatom,9.0,1199,1199,0,0
1XXN,S22E,21,0,allatom,10.0,1427,1427,0,0
1XXN,S27E,26,0,ca,6.0,237,237,0,0
1XXN,S27E,26,0,ca,7.0,367,367,0,0
1XXN,S27E,26,0,ca,8.0,441,441,0,0
1XXN,S27E,26,0,ca,9.0,558,558,0,0
1XXN,S27E,26,0,ca,10.0,761,761,0,0
1XXN,S27E,26,0,cb,6.0,219,219,0,0
1XXN,S27E,26,0,cb,7.0,322,322,0,0
1XXN,S27E,26,0,cb,8.0,439,439,0,0
1XXN,S27E,26,0,cb,9.0,572,572,0,0
1XXN,S27E,26,0,cb,10.0,724,724,0,0
1XXN,S27E,26,0,centroid,6.0,158,158,1,1
1XXN,S27E,26,0,centroid,7.0,276,273,3,0
1XXN,S27E,26,0,centroid,8.0,402,401,3,2
1XXN,S27E,26,0,centroid,9.0,539,538,1,0
1XXN,S27E,26,0,centroid,10.0,734,731,3,0
1XXN,S27E,26,0,allatom,6.0,548,549,0,1
1XXN,S27E,26,0,allatom,7.0,744,743,1,0
1XXN,S27E,26,0,allatom,8.0,1005,1005,0,0
1XXN,S27E,26,0,allatom,9.0,1199,1199,0,0
1XXN,S27E,26,0,allatom,10.0,1427,1427,0,0
1XZO,F42W,39,0,ca,6.0,293,293,0,0
1XZO,F42W,39,0,ca,7.0,422,422,0,0
1XZO,F42W,39,0,ca,8.0,500,500,0,0
1XZO,F42W,39,0,ca,9.0,654,654,0,0
1XZO,F42W,39,0,ca,10.0,855,855,0,0
1XZO,F42W,39,0,cb,6.0,239,240,0,1
1XZO,F42W,39,0,cb,7.0,349,349,0,0
1XZO,F42W,39,0,cb,8.0,507,507,0,0
1XZO,F42W,39,0,cb,9.0,645,646,0,1
1XZO,F42W,39,0,cb,10.0,851,851,0,0
1XZO,F42W,39,0,centroid,6.0,171,172,5,6
1XZO,F42W,39,0,centroid,7.0,295,292,9,6
1XZO,F42W,39,0,centroid,8.0,434,432,5,3
1XZO,F42W,39,0,centroid,9.0,610,611,4,5
1XZO,F42W,39,0,centroid,10.0,803,804,6,7
1XZO,F42W,39,0,allatom,6.0,668,667,3,2
1XZO,F42W,39,0,allatom,7.0,902,902,4,4
1XZO,F42W,39,0,allatom,8.0,1187,1194,6,13
1XZO,F42W,39,0,allatom,9.0,1442,1446,4,8
1XZO,F42W,39,0,allatom,10.0,1703,1709,6,12
1XZO,W101F,98,0,ca,6.0,293,293,0,0
1XZO,W101F,98,0,ca,7.0,422,422,0,0
1XZO,W101F,98,0,ca,8.0,500,500,0,0
1XZO,W101F,98,0,ca,9.0,654,654,0,0
1XZO,W101F,98,0,ca,10.0,855,855,0,0
1XZO,W101F,98,0,cb,6.0,239,240,0,1
1XZO,W101F,98,0,cb,7.0,349,349,0,0
1XZO,W101F,98,0,cb,8.0,507,507,0,0
1XZO,W101F,98,0,cb,9.0,645,646,0,1
1XZO,W101F,98,0,cb,10.0,851,851,0,0
1XZO,W101F,98,0,centroid,6.0,171,170,8,7
1XZO,W101F,98,0,centroid,7.0,295,294,11,10
1XZO,W101F,98,0,centroid,8.0,434,439,4,9
1XZO,W101F,98,0,centroid,9.0,610,611,6,7
1XZO,W101F,98,0,centroid,10.0,803,807,11,15
1XZO,W101F,98,0,allatom,6.0,668,663,6,1
1XZO,W101F,98,0,allatom,7.0,902,898,12,8
1XZO,W101F,98,0,allatom,8.0,1187,1185,14,12
1XZO,W101F,98,0,allatom,9.0,1442,1445,8,11
1XZO,W101F,98,0,allatom,10.0,1703,1709,10,16
1XZO,W36A,33,0,ca,6.0,293,293,0,0
1XZO,W36A,33,0,ca,7.0,422,422,0,0
1XZO,W36A,33,0,ca,8.0,500,500,0,0
1XZO,W36A,33,0,ca,9.0,654,654,0,0
1XZO,W36A,33,0,ca,10.0,855,855,0,0
1XZO,W36A,33,0,cb,6.0,239,240,0,1
1XZO,W36A,33,0,cb,7.0,349,349,0,0
1XZO,W36A,33,0,cb,8.0,507,507,0,0
1XZO,W36A,33,0,cb,9.0,645,646,0,1
1XZO,W36A,33,0,cb,10.0,851,851,0,0
1XZO,W36A,33,0,centroid,6.0,171,175,6,10
1XZO,W36A,33,0,centroid,7.0,295,300,6,11
1XZO,W36A,33,0,centroid,8.0,434,433,8,7
1XZO,W36A,33,0,centroid,9.0,610,608,8,6
1XZO,W36A,33,0,centroid,10.0,803,806,12,15
1XZO,W36A,33,0,allatom,6.0,668,660,9,1
1XZO,W36A,33,0,allatom,7.0,902,894,14,6
1XZO,W36A,33,0,allatom,8.0,1187,1179,20,12
1XZO,W36A,33,0,allatom,9.0,1442,1436,14,8
1XZO,W36A,33,0,allatom,10.0,1703,1701,15,13
1XZO,W36F,33,0,ca,6.0,293,293,0,0
1XZO,W36F,33,0,ca,7.0,422,422,0,0
1XZO,W36F,33,0,ca,8.0,500,500,0,0
1XZO,W36F,33,0,ca,9.0,654,654,0,0
1XZO,W36F,33,0,ca,10.0,855,855,0,0
1XZO,W36F,33,0,cb,6.0,239,240,0,1
1XZO,W36F,33,0,cb,7.0,349,349,0,0
1XZO,W36F,33,0,cb,8.0,507,507,0,0
1XZO,W36F,33,0,cb,9.0,645,646,0,1
1XZO,W36F,33,0,cb,10.0,851,851,0,0
1XZO,W36F,33,0,centroid,6.0,171,172,5,6
1XZO,W36F,33,0,centroid,7.0,295,295,7,7
1XZO,W36F,33,0,centroid,8.0,434,433,4,3
1XZO,W36F,33,0,centroid,9.0,610,612,3,5
1XZO,W36F,33,0,centroid,10.0,803,805,6,8
1XZO,W36F,33,0,allatom,6.0,668,665,4,1
1XZO,W36F,33,0,allatom,7.0,902,898,8,4
1XZO,W36F,33,0,allatom,8.0,1187,1190,9,12
1XZO,W36F,33,0,allatom,9.0,1442,1445,6,9
1XZO,W36F,33,0,allatom,10.0,1703,1708,7,12
2ARF,H1069Q,37,1,ca,6.0,259,259,0,0
2ARF,H1069Q,37,1,ca,7.0,369,369,0,0
2ARF,H1069Q,37,1,ca,8.0,435,435,0,0
2ARF,H1069Q,37,1,ca,9.0,546,546,0,0
2ARF,H1069Q,37,1,ca,10.0,714,714,0,0
2ARF,H1069Q,37,1,cb,6.0,207,207,0,0
2ARF,H1069Q,37,1,cb,7.0,314,314,0,0
2ARF,H1069Q,37,1,cb,8.0,426,426,0,0
2ARF,H1069Q,37,1,cb,9.0,537,537,0,0
2ARF,H1069Q,37,1,cb,10.0,677,677,0,0
2ARF,H1069Q,37,1,centroid,6.0,141,140,1,0
2ARF,H1069Q,37,1,centroid,7.0,251,248,3,0
2ARF,H1069Q,37,1,centroid,8.0,363,365,1,3
2ARF,H1069Q,37,1,centroid,9.0,487,488,1,2
2ARF,H1069Q,37,1,centroid,10.0,627,627,2,2
2ARF,H1069Q,37,1,allatom,6.0,520,518,2,0
2ARF,H1069Q,37,1,allatom,7.0,668,668,1,1
2ARF,H1069Q,37,1,allatom,8.0,853,852,1,0
2ARF,H1069Q,37,1,allatom,9.0,1020,1018,2,0
2ARF,H1069Q,37,1,allatom,10.0,1214,1214,2,2
2H3F,E12A,10,1,ca,6.0,344,344,0,0
2H3F,E12A,10,1,ca,7.0,452,452,0,0
2H3F,E12A,10,1,ca,8.0,527,527,0,0
2H3F,E12A,10,1,ca,9.0,685,685,0,0
2H3F,E12A,10,1,ca,10.0,919,919,0,0
2H3F,E12A,10,1,cb,6.0,254,254,0,0
2H3F,E12A,10,1,cb,7.0,392,392,0,0
2H3F,E12A,10,1,cb,8.0,543,543,0,0
2H3F,E12A,10,1,cb,9.0,677,677,0,0
2H3F,E12A,10,1,cb,10.0,880,880,0,0
2H3F,E12A,10,1,centroid,6.0,157,157,1,1
2H3F,E12A,10,1,centroid,7.0,305,308,0,3
2H3F,E12A,10,1,centroid,8.0,430,432,0,2
2H3F,E12A,10,1,centroid,9.0,590,592,0,2
2H3F,E12A,10,1,centroid,10.0,792,790,3,1
2H3F,E12A,10,1,allatom,6.0,707,704,3,0
2H3F,E12A,10,1,allatom,7.0,935,930,5,0
2H3F,E12A,10,1,allatom,8.0,1207,1198,9,0
2H3F,E12A,10,1,allatom,9.0,1487,1484,3,0
2H3F,E12A,10,1,allatom,10.0,1756,1751,5,0
2JIE,H104R,100,0,ca,6.0,302,302,0,0
2JIE,H104R,100,0,ca,7.0,443,443,0,0
2JIE,H104R,100,0,ca,8.0,534,534,0,0
2JIE,H104R,100,0,ca,9.0,682,682,0,0
2JIE,H104R,100,0,ca,10.0,879,879,0,0
2JIE,H104R,100,0,cb,6.0,232,232,0,0
2JIE,H104R,100,0,cb,7.0,373,373,0,0
2JIE,H104R,100,0,cb,8.0,526,526,0,0
2JIE,H104R,100,0,cb,9.0,657,657,0,0
2JIE,H104R,100,0,cb,10.0,861,861,0,0
2JIE,H104R,100,0,centroid,6.0,171,171,0,0
2JIE,H104R,100,0,centroid,7.0,297,294,3,0
2JIE,H104R,100,0,centroid,8.0,432,432,1,1
2JIE,H104R,100,0,centroid,9.0,587,585,5,3
2JIE,H104R,100,0,centroid,10.0,766,765,4,3
2JIE,H104R,100,0,allatom,6.0,680,681,0,1
2JIE,H104R,100,0,allatom,7.0,878,880,2,4
2JIE,H104R,100,0,allatom,8.0,1144,1145,0,1
2JIE,H104R,100,0,allatom,9.0,1364,1364,1,1
2JIE,H104R,100,0,allatom,10.0,1639,1641,1,3
2JIE,Q22S,18,0,ca,6.0,302,302,0,0
2JIE,Q22S,18,0,ca,7.0,443,443,0,0
2JIE,Q22S,18,0,ca,8.0,534,534,0,0
2JIE,Q22S,18,0,ca,9.0,682,682,0,0
2JIE,Q22S,18,0,ca,10.0,879,879,0,0
2JIE,Q22S,18,0,cb,6.0,232,232,0,0
2JIE,Q22S,18,0,cb,7.0,373,373,0,0
2JIE,Q22S,18,0,cb,8.0,526,526,0,0
2JIE,Q22S,18,0,cb,9.0,657,657,0,0
2JIE,Q22S,18,0,cb,10.0,861,861,0,0
2JIE,Q22S,18,0,centroid,6.0,171,172,0,1
2JIE,Q22S,18,0,centroid,7.0,297,300,0,3
2JIE,Q22S,18,0,centroid,8.0,432,435,1,4
2JIE,Q22S,18,0,centroid,9.0,587,585,3,1
2JIE,Q22S,18,0,centroid,10.0,766,770,1,5
2JIE,Q22S,18,0,allatom,6.0,680,678,2,0
2JIE,Q22S,18,0,allatom,7.0,878,880,1,3
2JIE,Q22S,18,0,allatom,8.0,1144,1142,2,0
2JIE,Q22S,18,0,allatom,9.0,1364,1366,1,3
2JIE,Q22S,18,0,allatom,10.0,1639,1637,2,0
2JIE,S17A,13,0,ca,6.0,302,302,0,0
2JIE,S17A,13,0,ca,7.0,443,443,0,0
2JIE,S17A,13,0,ca,8.0,534,534,0,0
2JIE,S17A,13,0,ca,9.0,682,682,0,0
2JIE,S17A,13,0,ca,10.0,879,879,0,0
2JIE,S17A,13,0,cb,6.0,232,232,0,0
2JIE,S17A,13,0,cb,7.0,373,373,0,0
2JIE,S17A,13,0,cb,8.0,526,526,0,0
2JIE,S17A,13,0,cb,9.0,657,657,0,0
2JIE,S17A,13,0,cb,10.0,861,861,0,0
2JIE,S17A,13,0,centroid,6.0,171,172,0,1
2JIE,S17A,13,0,centroid,7.0,297,296,2,1
2JIE,S17A,13,0,centroid,8.0,432,435,0,3
2JIE,S17A,13,0,centroid,9.0,587,588,0,1
2JIE,S17A,13,0,centroid,10.0,766,768,0,2
2JIE,S17A,13,0,allatom,6.0,680,680,0,0
2JIE,S17A,13,0,allatom,7.0,878,879,1,2
2JIE,S17A,13,0,allatom,8.0,1144,1144,0,0
2JIE,S17A,13,0,allatom,9.0,1364,1365,0,1
2JIE,S17A,13,0,allatom,10.0,1639,1639,1,1
2JIE,S19A,15,0,ca,6.0,302,302,0,0
2JIE,S19A,15,0,ca,7.0,443,443,0,0
2JIE,S19A,15,0,ca,8.0,534,534,0,0
2JIE,S19A,15,0,ca,9.0,682,682,0,0
2JIE,S19A,15,0,ca,10.0,879,879,0,0
2JIE,S19A,15,0,cb,6.0,232,232,0,0
2JIE,S19A,15,0,cb,7.0,373,373,0,0
2JIE,S19A,15,0,cb,8.0,526,526,0,0
2JIE,S19A,15,0,cb,9.0,657,657,0,0
2JIE,S19A,15,0,cb,10.0,861,861,0,0
2JIE,S19A,15,0,centroid,6.0,171,172,0,1
2JIE,S19A,15,0,centroid,7.0,297,297,0,0
2JIE,S19A,15,0,centroid,8.0,432,434,0,2
2JIE,S19A,15,0,centroid,9.0,587,586,1,0
2JIE,S19A,15,0,centroid,10.0,766,767,1,2
2JIE,S19A,15,0,allatom,6.0,680,680,0,0
2JIE,S19A,15,0,allatom,7.0,878,877,1,0
2JIE,S19A,15,0,allatom,8.0,1144,1143,1,0
2JIE,S19A,15,0,allatom,9.0,1364,1363,1,0
2JIE,S19A,15,0,allatom,10.0,1639,1638,1,0
2JIE,T18A,14,0,ca,6.0,302,302,0,0
2JIE,T18A,14,0,ca,7.0,443,443,0,0
2JIE,T18A,14,0,ca,8.0,534,534,0,0
2JIE,T18A,14,0,ca,9.0,682,682,0,0
2JIE,T18A,14,0,ca,10.0,879,879,0,0
2JIE,T18A,14,0,cb,6.0,232,232,0,0
2JIE,T18A,14,0,cb,7.0,373,373,0,0
2JIE,T18A,14,0,cb,8.0,526,526,0,0
2JIE,T18A,14,0,cb,9.0,657,657,0,0
2JIE,T18A,14,0,cb,10.0,861,861,0,0
2JIE,T18A,14,0,centroid,6.0,171,172,0,1
2JIE,T18A,14,0,centroid,7.0,297,298,0,1
2JIE,T18A,14,0,centroid,8.0,432,432,1,1
2JIE,T18A,14,0,centroid,9.0,587,587,0,0
2JIE,T18A,14,0,centroid,10.0,766,766,0,0
2JIE,T18A,14,0,allatom,6.0,680,680,0,0
2JIE,T18A,14,0,allatom,7.0,878,877,1,0
2JIE,T18A,14,0,allatom,8.0,1144,1141,3,0
2JIE,T18A,14,0,allatom,9.0,1364,1359,5,0
2JIE,T18A,14,0,allatom,10.0,1639,1635,5,1
2JIE,W123F,119,0,ca,6.0,302,302,0,0
2JIE,W123F,119,0,ca,7.0,443,443,0,0
2JIE,W123F,119,0,ca,8.0,534,534,0,0
2JIE,W123F,119,0,ca,9.0,682,682,0,0
2JIE,W123F,119,0,ca,10.0,879,879,0,0
2JIE,W123F,119,0,cb,6.0,232,232,0,0
2JIE,W123F,119,0,cb,7.0,373,373,0,0
2JIE,W123F,119,0,cb,8.0,526,526,0,0
2JIE,W123F,119,0,cb,9.0,657,657,0,0
2JIE,W123F,119,0,cb,10.0,861,861,0,0
2JIE,W123F,119,0,centroid,6.0,171,172,0,1
2JIE,W123F,119,0,centroid,7.0,297,297,1,1
2JIE,W123F,119,0,centroid,8.0,432,431,1,0
2JIE,W123F,119,0,centroid,9.0,587,587,0,0
2JIE,W123F,119,0,centroid,10.0,766,766,0,0
2JIE,W123F,119,0,allatom,6.0,680,679,1,0
2JIE,W123F,119,0,allatom,7.0,878,878,0,0
2JIE,W123F,119,0,allatom,8.0,1144,1143,1,0
2JIE,W123F,119,0,allatom,9.0,1364,1364,0,0
2JIE,W123F,119,0,allatom,10.0,1639,1639,0,0
2JIE,W123H,119,0,ca,6.0,302,302,0,0
2JIE,W123H,119,0,ca,7.0,443,443,0,0
2JIE,W123H,119,0,ca,8.0,534,534,0,0
2JIE,W123H,119,0,ca,9.0,682,682,0,0
2JIE,W123H,119,0,ca,10.0,879,879,0,0
2JIE,W123H,119,0,cb,6.0,232,232,0,0
2JIE,W123H,119,0,cb,7.0,373,373,0,0
2JIE,W123H,119,0,cb,8.0,526,526,0,0
2JIE,W123H,119,0,cb,9.0,657,657,0,0
2JIE,W123H,119,0,cb,10.0,861,861,0,0
2JIE,W123H,119,0,centroid,6.0,171,172,0,1
2JIE,W123H,119,0,centroid,7.0,297,297,1,1
2JIE,W123H,119,0,centroid,8.0,432,431,1,0
2JIE,W123H,119,0,centroid,9.0,587,589,0,2
2JIE,W123H,119,0,centroid,10.0,766,766,0,0
2JIE,W123H,119,0,allatom,6.0,680,679,1,0
2JIE,W123H,119,0,allatom,7.0,878,878,0,0
2JIE,W123H,119,0,allatom,8.0,1144,1143,1,0
2JIE,W123H,119,0,allatom,9.0,1364,1364,0,0
2JIE,W123H,119,0,allatom,10.0,1639,1639,0,0
2JIE,Y21A,17,0,ca,6.0,302,302,0,0
2JIE,Y21A,17,0,ca,7.0,443,443,0,0
2JIE,Y21A,17,0,ca,8.0,534,534,0,0
2JIE,Y21A,17,0,ca,9.0,682,682,0,0
2JIE,Y21A,17,0,ca,10.0,879,879,0,0
2JIE,Y21A,17,0,cb,6.0,232,232,0,0
2JIE,Y21A,17,0,cb,7.0,373,373,0,0
2JIE,Y21A,17,0,cb,8.0,526,526,0,0
2JIE,Y21A,17,0,cb,9.0,657,657,0,0
2JIE,Y21A,17,0,cb,10.0,861,861,0,0
2JIE,Y21A,17,0,centroid,6.0,171,170,3,2
2JIE,Y21A,17,0,centroid,7.0,297,299,3,5
2JIE,Y21A,17,0,centroid,8.0,432,433,5,6
2JIE,Y21A,17,0,centroid,9.0,587,586,5,4
2JIE,Y21A,17,0,centroid,10.0,766,766,5,5
2JIE,Y21A,17,0,allatom,6.0,680,675,5,0
2JIE,Y21A,17,0,allatom,7.0,878,872,6,0
2JIE,Y21A,17,0,allatom,8.0,1144,1135,10,1
2JIE,Y21A,17,0,allatom,9.0,1364,1358,10,4
2JIE,Y21A,17,0,allatom,10.0,1639,1630,10,1
2KS4,D9A,8,1,ca,6.0,277,277,0,0
2KS4,D9A,8,1,ca,7.0,457,457,0,0
2KS4,D9A,8,1,ca,8.0,576,576,0,0
2KS4,D9A,8,1,ca,9.0,742,742,0,0
2KS4,D9A,8,1,ca,10.0,971,971,0,0
2KS4,D9A,8,1,cb,6.0,243,243,0,0
2KS4,D9A,8,1,cb,7.0,400,400,0,0
2KS4,D9A,8,1,cb,8.0,576,576,0,0
2KS4,D9A,8,1,cb,9.0,716,716,0,0
2KS4,D9A,8,1,cb,10.0,928,928,0,0
2KS4,D9A,8,1,centroid,6.0,181,182,0,1
2KS4,D9A,8,1,centroid,7.0,337,338,1,2
2KS4,D9A,8,1,centroid,8.0,507,506,1,0
2KS4,D9A,8,1,centroid,9.0,673,673,1,1
2KS4,D9A,8,1,centroid,10.0,862,864,0,2
2KS4,D9A,8,1,allatom,6.0,707,707,0,0
2KS4,D9A,8,1,allatom,7.0,897,895,2,0
2KS4,D9A,8,1,allatom,8.0,1223,1222,1,0
2KS4,D9A,8,1,allatom,9.0,1491,1491,0,0
2KS4,D9A,8,1,allatom,10.0,1782,1782,0,0
2KS4,E2A,1,1,ca,6.0,277,277,0,0
2KS4,E2A,1,1,ca,7.0,457,457,0,0
2KS4,E2A,1,1,ca,8.0,576,576,0,0
2KS4,E2A,1,1,ca,9.0,742,742,0,0
2KS4,E2A,1,1,ca,10.0,971,971,0,0
2KS4,E2A,1,1,cb,6.0,243,243,0,0
2KS4,E2A,1,1,cb,7.0,400,400,0,0
2KS4,E2A,1,1,cb,8.0,576,576,0,0
2KS4,E2A,1,1,cb,9.0,716,716,0,0
2KS4,E2A,1,1,cb,10.0,928,928,0,0
2KS4,E2A,1,1,centroid,6.0,181,183,0,2
2KS4,E2A,1,1,centroid,7.0,337,338,1,2
2KS4,E2A,1,1,centroid,8.0,507,508,0,1
2KS4,E2A,1,1,centroid,9.0,673,677,0,4
2KS4,E2A,1,1,centroid,10.0,862,865,0,3
2KS4,E2A,1,1,allatom,6.0,707,707,0,0
2KS4,E2A,1,1,allatom,7.0,897,897,0,0
2KS4,E2A,1,1,allatom,8.0,1223,1223,0,0
2KS4,E2A,1,1,allatom,9.0,1491,1491,0,0
2KS4,E2A,1,1,allatom,10.0,1782,1780,2,0
2LTB,L558P,58,1,ca,6.0,318,318,0,0
2LTB,L558P,58,1,ca,7.0,449,449,0,0
2LTB,L558P,58,1,ca,8.0,525,525,0,0
2LTB,L558P,58,1,ca,9.0,671,671,0,0
2LTB,L558P,58,1,ca,10.0,904,904,0,0
2LTB,L558P,58,1,cb,6.0,249,249,0,0
2LTB,L558P,58,1,cb,7.0,375,375,0,0
2LTB,L558P,58,1,cb,8.0,527,527,0,0
2LTB,L558P,58,1,cb,9.0,664,662,2,0
2LTB,L558P,58,1,cb,10.0,863,863,0,0
2LTB,L558P,58,1,centroid,6.0,192,191,3,2
2LTB,L558P,58,1,centroid,7.0,299,301,4,6
2LTB,L558P,58,1,centroid,8.0,444,444,5,5
2LTB,L558P,58,1,centroid,9.0,609,611,6,8
2LTB,L558P,58,1,centroid,10.0,813,811,7,5
2LTB,L558P,58,1,allatom,6.0,668,666,2,0
2LTB,L558P,58,1,allatom,7.0,876,877,2,3
2LTB,L558P,58,1,allatom,8.0,1166,1161,8,3
2LTB,L558P,58,1,allatom,9.0,1416,1416,2,2
2LTB,L558P,58,1,allatom,10.0,1685,1684,4,3
2LTB,L569R,69,1,ca,6.0,318,318,0,0
2LTB,L569R,69,1,ca,7.0,449,449,0,0
2LTB,L569R,69,1,ca,8.0,525,525,0,0
2LTB,L569R,69,1,ca,9.0,671,671,0,0
2LTB,L569R,69,1,ca,10.0,904,904,0,0
2LTB,L569R,69,1,cb,6.0,249,249,0,0
2LTB,L569R,69,1,cb,7.0,375,375,0,0
2LTB,L569R,69,1,cb,8.0,527,527,0,0
2LTB,L569R,69,1,cb,9.0,664,664,0,0
2LTB,L569R,69,1,cb,10.0,863,863,0,0
2LTB,L569R,69,1,centroid,6.0,192,193,3,4
2LTB,L569R,69,1,centroid,7.0,299,299,0,0
2LTB,L569R,69,1,centroid,8.0,444,443,3,2
2LTB,L569R,69,1,centroid,9.0,609,609,2,2
2LTB,L569R,69,1,centroid,10.0,813,810,4,1
2LTB,L569R,69,1,allatom,6.0,668,670,2,4
2LTB,L569R,69,1,allatom,7.0,876,875,3,2
2LTB,L569R,69,1,allatom,8.0,1166,1167,1,2
2LTB,L569R,69,1,allatom,9.0,1416,1417,0,1
2LTB,L569R,69,1,allatom,10.0,1685,1691,1,7
2LTB,M619K,119,1,ca,6.0,318,318,0,0
2LTB,M619K,119,1,ca,7.0,449,449,0,0
2LTB,M619K,119,1,ca,8.0,525,525,0,0
2LTB,M619K,119,1,ca,9.0,671,671,0,0
2LTB,M619K,119,1,ca,10.0,904,904,0,0
2LTB,M619K,119,1,cb,6.0,249,249,0,0
2LTB,M619K,119,1,cb,7.0,375,375,0,0
2LTB,M619K,119,1,cb,8.0,527,527,0,0
2LTB,M619K,119,1,cb,9.0,664,664,0,0
2LTB,M619K,119,1,cb,10.0,863,863,0,0
2LTB,M619K,119,1,centroid,6.0,192,192,0,0
2LTB,M619K,119,1,centroid,7.0,299,298,1,0
2LTB,M619K,119,1,centroid,8.0,444,444,0,0
2LTB,M619K,119,1,centroid,9.0,609,608,1,0
2LTB,M619K,119,1,centroid,10.0,813,812,2,1
2LTB,M619K,119,1,allatom,6.0,668,667,2,1
2LTB,M619K,119,1,allatom,7.0,876,875,1,0
2LTB,M619K,119,1,allatom,8.0,1166,1162,4,0
2LTB,M619K,119,1,allatom,9.0,1416,1414,2,0
2LTB,M619K,119,1,allatom,10.0,1685,1683,2,0
2LTB,R533Q,33,1,ca,6.0,318,318,0,0
2LTB,R533Q,33,1,ca,7.0,449,449,0,0
2LTB,R533Q,33,1,ca,8.0,525,525,0,0
2LTB,R533Q,33,1,ca,9.0,671,671,0,0
2LTB,R533Q,33,1,ca,10.0,904,904,0,0
2LTB,R533Q,33,1,cb,6.0,249,249,0,0
2LTB,R533Q,33,1,cb,7.0,375,375,0,0
2LTB,R533Q,33,1,cb,8.0,527,527,0,0
2LTB,R533Q,33,1,cb,9.0,664,664,0,0
2LTB,R533Q,33,1,cb,10.0,863,863,0,0
2LTB,R533Q,33,1,centroid,6.0,192,191,1,0
2LTB,R533Q,33,1,centroid,7.0,299,302,0,3
2LTB,R533Q,33,1,centroid,8.0,444,446,1,3
2LTB,R533Q,33,1,centroid,9.0,609,610,1,2
2LTB,R533Q,33,1,centroid,10.0,813,812,2,1
2LTB,R533Q,33,1,allatom,6.0,668,668,0,0
2LTB,R533Q,33,1,allatom,7.0,876,876,0,0
2LTB,R533Q,33,1,allatom,8.0,1166,1169,1,4
2LTB,R533Q,33,1,allatom,9.0,1416,1420,0,4
2LTB,R533Q,33,1,allatom,10.0,1685,1687,0,2
2LTB,R555Q,55,1,ca,6.0,318,318,0,0
2LTB,R555Q,55,1,ca,7.0,449,449,0,0
2LTB,R555Q,55,1,ca,8.0,525,525,0,0
2LTB,R555Q,55,1,ca,9.0,671,671,0,0
2LTB,R555Q,55,1,ca,10.0,904,904,0,0
2LTB,R555Q,55,1,cb,6.0,249,249,0,0
2LTB,R555Q,55,1,cb,7.0,375,375,0,0
2LTB,R555Q,55,1,cb,8.0,527,527,0,0
2LTB,R555Q,55,1,cb,9.0,664,664,0,0
2LTB,R555Q,55,1,cb,10.0,863,863,0,0
2LTB,R555Q,55,1,centroid,6.0,192,192,1,1
2LTB,R555Q,55,1,centroid,7.0,299,300,0,1
2LTB,R555Q,55,1,centroid,8.0,444,444,0,0
2LTB,R555Q,55,1,centroid,9.0,609,611,1,3
2LTB,R555Q,55,1,centroid,10.0,813,815,1,3
2LTB,R555Q,55,1,allatom,6.0,668,669,0,1
2LTB,R555Q,55,1,allatom,7.0,876,876,0,0
2LTB,R555Q,55,1,allatom,8.0,1166,1163,3,0
2LTB,R555Q,55,1,allatom,9.0,1416,1416,0,0
2LTB,R555Q,55,1,allatom,10.0,1685,1686,0,1
2LTB,R555W,55,1,ca,6.0,318,318,0,0
2LTB,R555W,55,1,ca,7.0,449,449,0,0
2LTB,R555W,55,1,ca,8.0,525,525,0,0
2LTB,R555W,55,1,ca,9.0,671,671,0,0
2LTB,R555W,55,1,ca,10.0,904,904,0,0
2LTB,R555W,55,1,cb,6.0,249,249,0,0
2LTB,R555W,55,1,cb,7.0,375,375,0,0
2LTB,R555W,55,1,cb,8.0,527,527,0,0
2LTB,R555W,55,1,cb,9.0,664,664,0,0
2LTB,R555W,55,1,cb,10.0,863,863,0,0
2LTB,R555W,55,1,centroid,6.0,192,192,2,2
2LTB,R555W,55,1,centroid,7.0,299,297,3,1
2LTB,R555W,55,1,centroid,8.0,444,442,3,1
2LTB,R555W,55,1,centroid,9.0,609,610,3,4
2LTB,R555W,55,1,centroid,10.0,813,817,3,7
2LTB,R555W,55,1,allatom,6.0,668,667,2,1
2LTB,R555W,55,1,allatom,7.0,876,876,1,1
2LTB,R555W,55,1,allatom,8.0,1166,1162,6,2
2LTB,R555W,55,1,allatom,9.0,1416,1417,1,2
2LTB,R555W,55,1,allatom,10.0,1685,1689,2,6
2M5S,D302A,80,1,ca,6.0,290,290,0,0
2M5S,D302A,80,1,ca,7.0,439,439,0,0
2M5S,D302A,80,1,ca,8.0,550,550,0,0
2M5S,D302A,80,1,ca,9.0,716,716,0,0
2M5S,D302A,80,1,ca,10.0,996,996,0,0
2M5S,D302A,80,1,cb,6.0,255,255,0,0
2M5S,D302A,80,1,cb,7.0,391,391,0,0
2M5S,D302A,80,1,cb,8.0,541,541,0,0
2M5S,D302A,80,1,cb,9.0,706,706,0,0
2M5S,D302A,80,1,cb,10.0,925,925,0,0
2M5S,D302A,80,1,centroid,6.0,196,195,1,0
2M5S,D302A,80,1,centroid,7.0,338,338,0,0
2M5S,D302A,80,1,centroid,8.0,473,475,0,2
2M5S,D302A,80,1,centroid,9.0,666,667,1,2
2M5S,D302A,80,1,centroid,10.0,864,863,2,1
2M5S,D302A,80,1,allatom,6.0,693,693,0,0
2M5S,D302A,80,1,allatom,7.0,918,917,1,0
2M5S,D302A,80,1,allatom,8.0,1214,1213,1,0
2M5S,D302A,80,1,allatom,9.0,1494,1495,0,1
2M5S,D302A,80,1,allatom,10.0,1787,1787,0,0
2M5S,H305A,83,1,ca,6.0,290,290,0,0
2M5S,H305A,83,1,ca,7.0,439,439,0,0
2M5S,H305A,83,1,ca,8.0,550,550,0,0
2M5S,H305A,83,1,ca,9.0,716,716,0,0
2M5S,H305A,83,1,ca,10.0,996,996,0,0
2M5S,H305A,83,1,cb,6.0,255,255,0,0
2M5S,H305A,83,1,cb,7.0,391,391,0,0
2M5S,H305A,83,1,cb,8.0,541,541,0,0
2M5S,H305A,83,1,cb,9.0,706,706,0,0
2M5S,H305A,83,1,cb,10.0,925,925,0,0
2M5S,H305A,83,1,centroid,6.0,196,196,3,3
2M5S,H305A,83,1,centroid,7.0,338,339,2,3
2M5S,H305A,83,1,centroid,8.0,473,475,1,3
2M5S,H305A,83,1,centroid,9.0,666,667,3,4
2M5S,H305A,83,1,centroid,10.0,864,860,7,3
2M5S,H305A,83,1,allatom,6.0,693,691,2,0
2M5S,H305A,83,1,allatom,7.0,918,914,4,0
2M5S,H305A,83,1,allatom,8.0,1214,1213,4,3
2M5S,H305A,83,1,allatom,9.0,1494,1492,3,1
2M5S,H305A,83,1,allatom,10.0,1787,1783,5,1
2NTE,R658C,90,0,ca,6.0,297,297,0,0
2NTE,R658C,90,0,ca,7.0,435,435,0,0
2NTE,R658C,90,0,ca,8.0,536,536,0,0
2NTE,R658C,90,0,ca,9.0,711,711,0,0
2NTE,R658C,90,0,ca,10.0,936,936,0,0
2NTE,R658C,90,0,cb,6.0,249,249,0,0
2NTE,R658C,90,0,cb,7.0,389,389,0,0
2NTE,R658C,90,0,cb,8.0,537,537,0,0
2NTE,R658C,90,0,cb,9.0,668,668,0,0
2NTE,R658C,90,0,cb,10.0,885,885,0,0
2NTE,R658C,90,0,centroid,6.0,188,188,4,4
2NTE,R658C,90,0,centroid,7.0,305,311,3,9
2NTE,R658C,90,0,centroid,8.0,435,441,3,9
2NTE,R658C,90,0,centroid,9.0,602,605,2,5
2NTE,R658C,90,0,centroid,10.0,810,817,5,12
2NTE,R658C,90,0,allatom,6.0,690,689,2,1
2NTE,R658C,90,0,allatom,7.0,933,934,3,4
2NTE,R658C,90,0,allatom,8.0,1220,1217,4,1
2NTE,R658C,90,0,allatom,9.0,1453,1453,3,3
2NTE,R658C,90,0,allatom,10.0,1762,1762,2,2
2PR5,A33Y,12,0,ca,6.0,322,321,1,0
2PR5,A33Y,12,0,ca,7.0,472,472,0,0
2PR5,A33Y,12,0,ca,8.0,553,553,0,0
2PR5,A33Y,12,0,ca,9.0,700,700,0,0
2PR5,A33Y,12,0,ca,10.0,921,921,0,0
2PR5,A33Y,12,0,cb,6.0,259,259,0,0
2PR5,A33Y,12,0,cb,7.0,383,383,0,0
2PR5,A33Y,12,0,cb,8.0,543,543,0,0
2PR5,A33Y,12,0,cb,9.0,673,673,0,0
2PR5,A33Y,12,0,cb,10.0,877,877,0,0
2PR5,A33Y,12,0,centroid,6.0,179,179,2,2
2PR5,A33Y,12,0,centroid,7.0,312,312,2,2
2PR5,A33Y,12,0,centroid,8.0,450,451,1,2
2PR5,A33Y,12,0,centroid,9.0,617,620,2,5
2PR5,A33Y,12,0,centroid,10.0,833,837,3,7
2PR5,A33Y,12,0,allatom,6.0,702,707,0,5
2PR5,A33Y,12,0,allatom,7.0,900,904,0,4
2PR5,A33Y,12,0,allatom,8.0,1217,1225,0,8
2PR5,A33Y,12,0,allatom,9.0,1463,1470,0,7
2PR5,A33Y,12,0,allatom,10.0,1747,1757,0,10
2PR5,A81M,60,0,ca,6.0,322,321,1,0
2PR5,A81M,60,0,ca,7.0,472,472,0,0
2PR5,A81M,60,0,ca,8.0,553,553,0,0
2PR5,A81M,60,0,ca,9.0,700,700,0,0
2PR5,A81M,60,0,ca,10.0,921,921,0,0
2PR5,A81M,60,0,cb,6.0,259,259,0,0
2PR5,A81M,60,0,cb,7.0,383,383,0,0
2PR5,A81M,60,0,cb,8.0,543,543,0,0
2PR5,A81M,60,0,cb,9.0,673,673,0,0
2PR5,A81M,60,0,cb,10.0,877,877,0,0
2PR5,A81M,60,0,centroid,6.0,179,177,3,1
2PR5,A81M,60,0,centroid,7.0,312,308,5,1
2PR5,A81M,60,0,centroid,8.0,450,451,1,2
2PR5,A81M,60,0,centroid,9.0,617,619,2,4
2PR5,A81M,60,0,centroid,10.0,833,833,4,4
2PR5,A81M,60,0,allatom,6.0,702,704,0,2
2PR5,A81M,60,0,allatom,7.0,900,901,0,1
2PR5,A81M,60,0,allatom,8.0,1217,1220,0,3
2PR5,A81M,60,0,allatom,9.0,1463,1464,0,1
2PR5,A81M,60,0,allatom,10.0,1747,1749,0,2
2PR5,D109E,88,0,ca,6.0,322,321,1,0
2PR5,D109E,88,0,ca,7.0,472,472,0,0
2PR5,D109E,88,0,ca,8.0,553,553,0,0
2PR5,D109E,88,0,ca,9.0,700,700,0,0
2PR5,D109E,88,0,ca,10.0,921,921,0,0
2PR5,D109E,88,0,cb,6.0,259,259,0,0
2PR5,D109E,88,0,cb,7.0,383,383,0,0
2PR5,D109E,88,0,cb,8.0,543,543,0,0
2PR5,D109E,88,0,cb,9.0,673,673,0,0
2PR5,D109E,88,0,cb,10.0,877,877,0,0
2PR5,D109E,88,0,centroid,6.0,179,177,2,0
2PR5,D109E,88,0,centroid,7.0,312,313,0,1
2PR5,D109E,88,0,centroid,8.0,450,452,3,5
2PR5,D109E,88,0,centroid,9.0,617,619,3,5
2PR5,D109E,88,0,centroid,10.0,833,834,2,3
2PR5,D109E,88,0,allatom,6.0,702,705,1,4
2PR5,D109E,88,0,allatom,7.0,900,899,1,0
2PR5,D109E,88,0,allatom,8.0,1217,1220,0,3
2PR5,D109E,88,0,allatom,9.0,1463,1465,0,2
2PR5,D109E,88,0,allatom,10.0,1747,1749,0,2
2PR5,H22K,1,0,ca,6.0,322,321,1,0
2PR5,H22K,1,0,ca,7.0,472,472,0,0
2PR5,H22K,1,0,ca,8.0,553,553,0,0
2PR5,H22K,1,0,ca,9.0,700,700,0,0
2PR5,H22K,1,0,ca,10.0,921,921,0,0
2PR5,H22K,1,0,cb,6.0,259,259,0,0
2PR5,H22K,1,0,cb,7.0,383,383,0,0
2PR5,H22K,1,0,cb,8.0,543,543,0,0
2PR5,H22K,1,0,cb,9.0,673,673,0,0
2PR5,H22K,1,0,cb,10.0,877,877,0,0
2PR5,H22K,1,0,centroid,6.0,179,178,1,0
2PR5,H22K,1,0,centroid,7.0,312,312,0,0
2PR5,H22K,1,0,centroid,8.0,450,451,1,2
2PR5,H22K,1,0,centroid,9.0,617,620,0,3
2PR5,H22K,1,0,centroid,10.0,833,835,2,4
2PR5,H22K,1,0,allatom,6.0,702,703,0,1
2PR5,H22K,1,0,allatom,7.0,900,900,0,0
2PR5,H22K,1,0,allatom,8.0,1217,1219,0,2
2PR5,H22K,1,0,allatom,9.0,1463,1463,0,0
2PR5,H22K,1,0,allatom,10.0,1747,1748,0,1
2PR5,H22W,1,0,ca,6.0,322,321,1,0
2PR5,H22W,1,0,ca,7.0,472,472,0,0
2PR5,H22W,1,0,ca,8.0,553,553,0,0
2PR5,H22W,1,0,ca,9.0,700,700,0,0
2PR5,H22W,1,0,ca,10.0,921,921,0,0
2PR5,H22W,1,0,cb,6.0,259,259,0,0
2PR5,H22W,1,0,cb,7.0,383,383,0,0
2PR5,H22W,1,0,cb,8.0,543,543,0,0
2PR5,H22W,1,0,cb,9.0,673,673,0,0
2PR5,H22W,1,0,cb,10.0,877,877,0,0
2PR5,H22W,1,0,centroid,6.0,179,178,1,0
2PR5,H22W,1,0,centroid,7.0,312,312,0,0
2PR5,H22W,1,0,centroid,8.0,450,450,2,2
2PR5,H22W,1,0,centroid,9.0,617,619,0,2
2PR5,H22W,1,0,centroid,10.0,833,834,2,3
2PR5,H22W,1,0,allatom,6.0,702,703,0,1
2PR5,H22W,1,0,allatom,7.0,900,900,0,0
2PR5,H22W,1,0,allatom,8.0,1217,1219,0,2
2PR5,H22W,1,0,allatom,9.0,1463,1463,0,0
2PR5,H22W,1,0,allatom,10.0,1747,1748,0,1
2PR5,M111F,90,0,ca,6.0,322,321,1,0
2PR5,M111F,90,0,ca,7.0,472,472,0,0
2PR5,M111F,90,0,ca,8.0,553,553,0,0
2PR5,M111F,90,0,ca,9.0,700,700,0,0
2PR5,M111F,90,0,ca,10.0,921,921,0,0
2PR5,M111F,90,0,cb,6.0,259,259,0,0
2PR5,M111F,90,0,cb,7.0,383,383,0,0
2PR5,M111F,90,0,cb,8.0,543,543,0,0
2PR5,M111F,90,0,cb,9.0,673,673,0,0
2PR5,M111F,90,0,cb,10.0,877,877,0,0
2PR5,M111F,90,0,centroid,6.0,179,181,1,3
2PR5,M111F,90,0,centroid,7.0,312,312,1,1
2PR5,M111F,90,0,centroid,8.0,450,454,1,5
2PR5,M111F,90,0,centroid,9.0,617,622,1,6
2PR5,M111F,90,0,centroid,10.0,833,840,2,9
2PR5,M111F,90,0,allatom,6.0,702,702,1,1
2PR5,M111F,90,0,allatom,7.0,900,904,2,6
2PR5,M111F,90,0,allatom,8.0,1217,1219,3,5
2PR5,M111F,90,0,allatom,9.0,1463,1462,2,1
2PR5,M111F,90,0,allatom,10.0,1747,1749,1,3
2PR5,N107F,86,0,ca,6.0,322,321,1,0
2PR5,N107F,86,0,ca,7.0,472,472,0,0
2PR5,N107F,86,0,ca,8.0,553,553,0,0
2PR5,N107F,86,0,ca,9.0,700,700,0,0
2PR5,N107F,86,0,ca,10.0,921,921,0,0
2PR5,N107F,86,0,cb,6.0,259,259,0,0
2PR5,N107F,86,0,cb,7.0,383,383,0,0
2PR5,N107F,86,0,cb,8.0,543,543,0,0
2PR5,N107F,86,0,cb,9.0,673,673,0,0
2PR5,N107F,86,0,cb,10.0,877,877,0,0
2PR5,N107F,86,0,centroid,6.0,179,177,2,0
2PR5,N107F,86,0,centroid,7.0,312,311,2,1
2PR5,N107F,86,0,centroid,8.0,450,451,1,2
2PR5,N107F,86,0,centroid,9.0,617,620,0,3
2PR5,N107F,86,0,centroid,10.0,833,833,3,3
2PR5,N107F,86,0,allatom,6.0,702,703,0,1
2PR5,N107F,86,0,allatom,7.0,900,900,0,0
2PR5,N107F,86,0,allatom,8.0,1217,1221,0,4
2PR5,N107F,86,0,allatom,9.0,1463,1463,0,0
2PR5,N107F,86,0,allatom,10.0,1747,1749,0,2
2PR5,N107Y,86,0,ca,6.0,322,321,1,0
2PR5,N107Y,86,0,ca,7.0,472,472,0,0
2PR5,N107Y,86,0,ca,8.0,553,553,0,0
2PR5,N107Y,86,0,ca,9.0,700,700,0,0
2PR5,N107Y,86,0,ca,10.0,921,921,0,0
2PR5,N107Y,86,0,cb,6.0,259,259,0,0
2PR5,N107Y,86,0,cb,7.0,383,383,0,0
2PR5,N107Y,86,0,cb,8.0,543,543,0,0
2PR5,N107Y,86,0,cb,9.0,673,673,0,0
2PR5,N107Y,86,0,cb,10.0,877,877,0,0
2PR5,N107Y,86,0,centroid,6.0,179,177,2,0
2PR5,N107Y,86,0,centroid,7.0,312,311,2,1
2PR5,N107Y,86,0,centroid,8.0,450,451,1,2
2PR5,N107Y,86,0,centroid,9.0,617,620,0,3
2PR5,N107Y,86,0,centroid,10.0,833,832,4,3
2PR5,N107Y,86,0,allatom,6.0,702,703,0,1
2PR5,N107Y,86,0,allatom,7.0,900,901,0,1
2PR5,N107Y,86,0,allatom,8.0,1217,1221,0,4
2PR5,N107Y,86,0,allatom,9.0,1463,1463,0,0
2PR5,N107Y,86,0,allatom,10.0,1747,1749,0,2
2PR5,N124F,103,0,ca,6.0,322,321,1,0
2PR5,N124F,103,0,ca,7.0,472,472,0,0
2PR5,N124F,103,0,ca,8.0,553,553,0,0
2PR5,N124F,103,0,ca,9.0,700,700,0,0
2PR5,N124F,103,0,ca,10.0,921,921,0,0
2PR5,N124F,103,0,cb,6.0,259,259,0,0
2PR5,N124F,103,0,cb,7.0,383,383,0,0
2PR5,N124F,103,0,cb,8.0,543,543,0,0
2PR5,N124F,103,0,cb,9.0,673,673,0,0
2PR5,N124F,103,0,cb,10.0,877,877,0,0
2PR5,N124F,103,0,centroid,6.0,179,175,5,1
2PR5,N124F,103,0,centroid,7.0,312,310,3,1
2PR5,N124F,103,0,centroid,8.0,450,445,9,4
2PR5,N124F,103,0,centroid,9.0,617,611,11,5
2PR5,N124F,103,0,centroid,10.0,833,829,8,4
2PR5,N124F,103,0,allatom,6.0,702,701,3,2
2PR5,N124F,103,0,allatom,7.0,900,898,5,3
2PR5,N124F,103,0,allatom,8.0,1217,1216,5,4
2PR5,N124F,103,0,allatom,9.0,1463,1461,2,0
2PR5,N124F,103,0,allatom,10.0,1747,1741,7,1
2PR5,N124Y,103,0,ca,6.0,322,321,1,0
2PR5,N124Y,103,0,ca,7.0,472,472,0,0
2PR5,N124Y,103,0,ca,8.0,553,553,0,0
2PR5,N124Y,103,0,ca,9.0,700,700,0,0
2PR5,N124Y,103,0,ca,10.0,921,921,0,0
2PR5,N124Y,103,0,cb,6.0,259,259,0,0
2PR5,N124Y,103,0,cb,7.0,383,383,0,0
2PR5,N124Y,103,0,cb,8.0,543,543,0,0
2PR5,N124Y,103,0,cb,9.0,673,673,0,0
2PR5,N124Y,103,0,cb,10.0,877,877,0,0
2PR5,N124Y,103,0,centroid,6.0,179,176,5,2
2PR5,N124Y,103,0,centroid,7.0,312,311,3,2
2PR5,N124Y,103,0,centroid,8.0,450,445,11,6
2PR5,N124Y,103,0,centroid,9.0,617,611,12,6
2PR5,N124Y,103,0,centroid,10.0,833,830,8,5
2PR5,N124Y,103,0,allatom,6.0,702,703,3,4
2PR5,N124Y,103,0,allatom,7.0,900,898,6,4
2PR5,N124Y,103,0,allatom,8.0,1217,1220,4,7
2PR5,N124Y,103,0,allatom,9.0,1463,1462,2,1
2PR5,N124Y,103,0,allatom,10.0,1747,1742,7,2
2PR5,T30M,9,0,ca,6.0,322,321,1,0
2PR5,T30M,9,0,ca,7.0,472,472,0,0
2PR5,T30M,9,0,ca,8.0,553,553,0,0
2PR5,T30M,9,0,ca,9.0,700,700,0,0
2PR5,T30M,9,0,ca,10.0,921,921,0,0
2PR5,T30M,9,0,cb,6.0,259,259,0,0
2PR5,T30M,9,0,cb,7.0,383,383,0,0
2PR5,T30M,9,0,cb,8.0,543,543,0,0
2PR5,T30M,9,0,cb,9.0,673,673,0,0
2PR5,T30M,9,0,cb,10.0,877,877,0,0
2PR5,T30M,9,0,centroid,6.0,179,180,2,3
2PR5,T30M,9,0,centroid,7.0,312,313,3,4
2PR5,T30M,9,0,centroid,8.0,450,452,3,5
2PR5,T30M,9,0,centroid,9.0,617,620,1,4
2PR5,T30M,9,0,centroid,10.0,833,836,4,7
2PR5,T30M,9,0,allatom,6.0,702,706,0,4
2PR5,T30M,9,0,allatom,7.0,900,903,1,4
2PR5,T30M,9,0,allatom,8.0,1217,1222,3,8
2PR5,T30M,9,0,allatom,9.0,1463,1466,2,5
2PR5,T30M,9,0,allatom,10.0,1747,1752,0,5
2PR5,T50M,29,0,ca,6.0,322,321,1,0
2PR5,T50M,29,0,ca,7.0,472,472,0,0
2PR5,T50M,29,0,ca,8.0,553,553,0,0
2PR5,T50M,29,0,ca,9.0,700,700,0,0
2PR5,T50M,29,0,ca,10.0,921,921,0,0
2PR5,T50M,29,0,cb,6.0,259,259,0,0
2PR5,T50M,29,0,cb,7.0,383,383,0,0
2PR5,T50M,29,0,cb,8.0,543,543,0,0
2PR5,T50M,29,0,cb,9.0,673,673,0,0
2PR5,T50M,29,0,cb,10.0,877,877,0,0
2PR5,T50M,29,0,centroid,6.0,179,177,4,2
2PR5,T50M,29,0,centroid,7.0,312,314,2,4
2PR5,T50M,29,0,centroid,8.0,450,452,2,4
2PR5,T50M,29,0,centroid,9.0,617,620,5,8
2PR5,T50M,29,0,centroid,10.0,833,834,6,7
2PR5,T50M,29,0,allatom,6.0,702,705,3,6
2PR5,T50M,29,0,allatom,7.0,900,901,3,4
2PR5,T50M,29,0,allatom,8.0,1217,1227,2,12
2PR5,T50M,29,0,allatom,9.0,1463,1472,2,11
2PR5,T50M,29,0,allatom,10.0,1747,1754,2,9
2PR5,T54Y,33,0,ca,6.0,322,321,1,0
2PR5,T54Y,33,0,ca,7.0,472,472,0,0
2PR5,T54Y,33,0,ca,8.0,553,553,0,0
2PR5,T54Y,33,0,ca,9.0,700,700,0,0
2PR5,T54Y,33,0,ca,10.0,921,921,0,0
2PR5,T54Y,33,0,cb,6.0,259,259,0,0
2PR5,T54Y,33,0,cb,7.0,383,383,0,0
2PR5,T54Y,33,0,cb,8.0,543,543,0,0
2PR5,T54Y,33,0,cb,9.0,673,673,0,0
2PR5,T54Y,33,0,cb,10.0,877,877,0,0
2PR5,T54Y,33,0,centroid,6.0,179,176,5,2
2PR5,T54Y,33,0,centroid,7.0,312,310,3,1
2PR5,T54Y,33,0,centroid,8.0,450,450,2,2
2PR5,T54Y,33,0,centroid,9.0,617,619,1,3
2PR5,T54Y,33,0,centroid,10.0,833,833,4,4
2PR5,T54Y,33,0,allatom,6.0,702,701,2,1
2PR5,T54Y,33,0,allatom,7.0,900,900,0,0
2PR5,T54Y,33,0,allatom,8.0,1217,1220,0,3
2PR5,T54Y,33,0,allatom,9.0,1463,1463,2,2
2PR5,T54Y,33,0,allatom,10.0,1747,1747,1,1
2PR5,V120I,99,0,ca,6.0,322,321,1,0
2PR5,V120I,99,0,ca,7.0,472,472,0,0
2PR5,V120I,99,0,ca,8.0,553,553,0,0
2PR5,V120I,99,0,ca,9.0,700,700,0,0
2PR5,V120I,99,0,ca,10.0,921,921,0,0
2PR5,V120I,99,0,cb,6.0,259,259,0,0
2PR5,V120I,99,0,cb,7.0,383,384,0,1
2PR5,V120I,99,0,cb,8.0,543,543,0,0
2PR5,V120I,99,0,cb,9.0,673,673,0,0
2PR5,V120I,99,0,cb,10.0,877,877,0,0
2PR5,V120I,99,0,centroid,6.0,179,179,1,1
2PR5,V120I,99,0,centroid,7.0,312,312,0,0
2PR5,V120I,99,0,centroid,8.0,450,453,0,3
2PR5,V120I,99,0,centroid,9.0,617,620,0,3
2PR5,V120I,99,0,centroid,10.0,833,836,0,3
2PR5,V120I,99,0,allatom,6.0,702,703,0,1
2PR5,V120I,99,0,allatom,7.0,900,899,1,0
2PR5,V120I,99,0,allatom,8.0,1217,1219,0,2
2PR5,V120I,99,0,allatom,9.0,1463,1464,0,1
2PR5,V120I,99,0,allatom,10.0,1747,1748,0,1
2PR5,V25I,4,0,ca,6.0,322,321,1,0
2PR5,V25I,4,0,ca,7.0,472,472,0,0
2PR5,V25I,4,0,ca,8.0,553,553,0,0
2PR5,V25I,4,0,ca,9.0,700,700,0,0
2PR5,V25I,4,0,ca,10.0,921,921,0,0
2PR5,V25I,4,0,cb,6.0,259,259,0,0
2PR5,V25I,4,0,cb,7.0,383,383,0,0
2PR5,V25I,4,0,cb,8.0,543,543,0,0
2PR5,V25I,4,0,cb,9.0,673,673,0,0
2PR5,V25I,4,0,cb,10.0,877,877,0,0
2PR5,V25I,4,0,centroid,6.0,179,177,2,0
2PR5,V25I,4,0,centroid,7.0,312,313,0,1
2PR5,V25I,4,0,centroid,8.0,450,452,0,2
2PR5,V25I,4,0,centroid,9.0,617,619,0,2
2PR5,V25I,4,0,centroid,10.0,833,834,2,3
2PR5,V25I,4,0,allatom,6.0,702,703,0,1
2PR5,V25I,4,0,allatom,7.0,900,901,0,1
2PR5,V25I,4,0,allatom,8.0,1217,1219,0,2
2PR5,V25I,4,0,allatom,9.0,1463,1465,0,2
2PR5,V25I,4,0,allatom,10.0,1747,1748,0,1
2PR5,V88L,67,0,ca,6.0,322,321,1,0
2PR5,V88L,67,0,ca,7.0,472,472,0,0
2PR5,V88L,67,0,ca,8.0,553,553,0,0
2PR5,V88L,67,0,ca,9.0,700,700,0,0
2PR5,V88L,67,0,ca,10.0,921,921,0,0
2PR5,V88L,67,0,cb,6.0,259,259,0,0
2PR5,V88L,67,0,cb,7.0,383,383,0,0
2PR5,V88L,67,0,cb,8.0,543,543,0,0
2PR5,V88L,67,0,cb,9.0,673,673,0,0
2PR5,V88L,67,0,cb,10.0,877,877,0,0
2PR5,V88L,67,0,centroid,6.0,179,178,1,0
2PR5,V88L,67,0,centroid,7.0,312,311,2,1
2PR5,V88L,67,0,centroid,8.0,450,452,0,2
2PR5,V88L,67,0,centroid,9.0,617,621,0,4
2PR5,V88L,67,0,centroid,10.0,833,836,0,3
2PR5,V88L,67,0,allatom,6.0,702,705,0,3
2PR5,V88L,67,0,allatom,7.0,900,901,0,1
2PR5,V88L,67,0,allatom,8.0,1217,1221,0,4
2PR5,V88L,67,0,allatom,9.0,1463,1465,0,2
2PR5,V88L,67,0,allatom,10.0,1747,1750,0,3
2PR5,V90I,69,0,ca,6.0,322,321,1,0
2PR5,V90I,69,0,ca,7.0,472,472,0,0
2PR5,V90I,69,0,ca,8.0,553,553,0,0
2PR5,V90I,69,0,ca,9.0,700,700,0,0
2PR5,V90I,69,0,ca,10.0,921,921,0,0
2PR5,V90I,69,0,cb,6.0,259,259,0,0
2PR5,V90I,69,0,cb,7.0,383,383,0,0
2PR5,V90I,69,0,cb,8.0,543,543,0,0
2PR5,V90I,69,0,cb,9.0,673,673,0,0
2PR5,V90I,69,0,cb,10.0,877,877,0,0
2PR5,V90I,69,0,centroid,6.0,179,177,2,0
2PR5,V90I,69,0,centroid,7.0,312,312,0,0
2PR5,V90I,69,0,centroid,8.0,450,454,0,4
2PR5,V90I,69,0,centroid,9.0,617,620,0,3
2PR5,V90I,69,0,centroid,10.0,833,834,2,3
2PR5,V90I,69,0,allatom,6.0,702,704,0,2
2PR5,V90I,69,0,allatom,7.0,900,901,0,1
2PR5,V90I,69,0,allatom,8.0,1217,1218,1,2
2PR5,V90I,69,0,allatom,9.0,1463,1465,1,3
2PR5,V90I,69,0,allatom,10.0,1747,1750,0,3
2VY0,E53A,19,0,ca,6.0,244,244,0,0
2VY0,E53A,19,0,ca,7.0,376,376,0,0
2VY0,E53A,19,0,ca,8.0,471,471,0,0
2VY0,E53A,19,0,ca,9.0,581,581,0,0
2VY0,E53A,19,0,ca,10.0,790,790,0,0
2VY0,E53A,19,0,cb,6.0,216,216,0,0
2VY0,E53A,19,0,cb,7.0,332,332,0,0
2VY0,E53A,19,0,cb,8.0,454,454,0,0
2VY0,E53A,19,0,cb,9.0,576,576,0,0
2VY0,E53A,19,0,cb,10.0,760,760,0,0
2VY0,E53A,19,0,centroid,6.0,164,165,1,2
2VY0,E53A,19,0,centroid,7.0,261,265,0,4
2VY0,E53A,19,0,centroid,8.0,383,386,1,4
2VY0,E53A,19,0,centroid,9.0,533,529,5,1
2VY0,E53A,19,0,centroid,10.0,705,706,6,7
2VY0,E53A,19,0,allatom,6.0,580,580,3,3
2VY0,E53A,19,0,allatom,7.0,772,771,3,2
2VY0,E53A,19,0,allatom,8.0,1044,1044,4,4
2VY0,E53A,19,0,allatom,9.0,1241,1238,6,3
2VY0,E53A,19,0,allatom,10.0,1466,1468,4,6
3BCI,E96Q,82,0,ca,6.0,319,319,0,0
3BCI,E96Q,82,0,ca,7.0,446,446,0,0
3BCI,E96Q,82,0,ca,8.0,544,544,0,0
3BCI,E96Q,82,0,ca,9.0,713,713,0,0
3BCI,E96Q,82,0,ca,10.0,930,930,0,0
3BCI,E96Q,82,0,cb,6.0,248,248,0,0
3BCI,E96Q,82,0,cb,7.0,388,388,0,0
3BCI,E96Q,82,0,cb,8.0,545,545,0,0
3BCI,E96Q,82,0,cb,9.0,703,703,0,0
3BCI,E96Q,82,0,cb,10.0,927,927,0,0
3BCI,E96Q,82,0,centroid,6.0,190,190,1,1
3BCI,E96Q,82,0,centroid,7.0,323,323,0,0
3BCI,E96Q,82,0,centroid,8.0,448,448,0,0
3BCI,E96Q,82,0,centroid,9.0,640,637,3,0
3BCI,E96Q,82,0,centroid,10.0,847,847,1,1
3BCI,E96Q,82,0,allatom,6.0,734,734,0,0
3BCI,E96Q,82,0,allatom,7.0,990,989,1,0
3BCI,E96Q,82,0,allatom,8.0,1285,1285,0,0
3BCI,E96Q,82,0,allatom,9.0,1539,1539,0,0
3BCI,E96Q,82,0,allatom,10.0,1842,1842,0,0
3D3B,D118A,117,0,ca,6.0,346,346,0,0
3D3B,D118A,117,0,ca,7.0,467,467,0,0
3D3B,D118A,117,0,ca,8.0,529,529,0,0
3D3B,D118A,117,0,ca,9.0,717,718,0,1
3D3B,D118A,117,0,ca,10.0,951,950,1,0
3D3B,D118A,117,0,cb,6.0,267,268,1,2
3D3B,D118A,117,0,cb,7.0,409,409,0,0
3D3B,D118A,117,0,cb,8.0,569,569,1,1
3D3B,D118A,117,0,cb,9.0,695,694,1,0
3D3B,D118A,117,0,cb,10.0,963,963,1,1
3D3B,D118A,117,0,centroid,6.0,194,193,4,3
3D3B,D118A,117,0,centroid,7.0,347,349,1,3
3D3B,D118A,117,0,centroid,8.0,476,473,4,1
3D3B,D118A,117,0,centroid,9.0,643,643,3,3
3D3B,D118A,117,0,centroid,10.0,865,864,7,6
3D3B,D118A,117,0,allatom,6.0,728,730,1,3
3D3B,D118A,117,0,allatom,7.0,975,974,4,3
3D3B,D118A,117,0,allatom,8.0,1287,1284,5,2
3D3B,D118A,117,0,allatom,9.0,1567,1565,5,3
3D3B,D118A,117,0,allatom,10.0,1849,1847,6,4
3D3B,D118E,117,0,ca,6.0,346,346,0,0
3D3B,D118E,117,0,ca,7.0,467,467,0,0
3D3B,D118E,117,0,ca,8.0,529,529,0,0
3D3B,D118E,117,0,ca,9.0,717,718,0,1
3D3B,D118E,117,0,ca,10.0,951,950,1,0
3D3B,D118E,117,0,cb,6.0,267,268,1,2
3D3B,D118E,117,0,cb,7.0,409,409,0,0
3D3B,D118E,117,0,cb,8.0,569,569,1,1
3D3B,D118E,117,0,cb,9.0,695,694,1,0
3D3B,D118E,117,0,cb,10.0,963,963,1,1
3D3B,D118E,117,0,centroid,6.0,194,193,4,3
3D3B,D118E,117,0,centroid,7.0,347,346,2,1
3D3B,D118E,117,0,centroid,8.0,476,472,5,1
3D3B,D118E,117,0,centroid,9.0,643,643,3,3
3D3B,D118E,117,0,centroid,10.0,865,861,7,3
3D3B,D118E,117,0,allatom,6.0,728,730,1,3
3D3B,D118E,117,0,allatom,7.0,975,974,4,3
3D3B,D118E,117,0,allatom,8.0,1287,1284,5,2
3D3B,D118E,117,0,allatom,9.0,1567,1565,5,3
3D3B,D118E,117,0,allatom,10.0,1849,1847,6,4
3D3B,D118K,117,0,ca,6.0,346,346,0,0
3D3B,D118K,117,0,ca,7.0,467,467,0,0
3D3B,D118K,117,0,ca,8.0,529,529,0,0
3D3B,D118K,117,0,ca,9.0,717,718,0,1
3D3B,D118K,117,0,ca,10.0,951,950,1,0
3D3B,D118K,117,0,cb,6.0,267,268,1,2
3D3B,D118K,117,0,cb,7.0,409,409,0,0
3D3B,D118K,117,0,cb,8.0,569,569,1,1
3D3B,D118K,117,0,cb,9.0,695,694,1,0
3D3B,D118K,117,0,cb,10.0,963,963,1,1
3D3B,D118K,117,0,centroid,6.0,194,194,3,3
3D3B,D118K,117,0,centroid,7.0,347,346,2,1
3D3B,D118K,117,0,centroid,8.0,476,472,5,1
3D3B,D118K,117,0,centroid,9.0,643,643,3,3
3D3B,D118K,117,0,centroid,10.0,865,861,7,3
3D3B,D118K,117,0,allatom,6.0,728,730,1,3
3D3B,D118K,117,0,allatom,7.0,975,974,4,3
3D3B,D118K,117,0,allatom,8.0,1287,1284,5,2
3D3B,D118K,117,0,allatom,9.0,1567,1565,5,3
3D3B,D118K,117,0,allatom,10.0,1849,1847,6,4
3D3B,D118N,117,0,ca,6.0,346,346,0,0
3D3B,D118N,117,0,ca,7.0,467,467,0,0
3D3B,D118N,117,0,ca,8.0,529,529,0,0
3D3B,D118N,117,0,ca,9.0,717,718,0,1
3D3B,D118N,117,0,ca,10.0,951,950,1,0
3D3B,D118N,117,0,cb,6.0,267,268,1,2
3D3B,D118N,117,0,cb,7.0,409,409,0,0
3D3B,D118N,117,0,cb,8.0,569,569,1,1
3D3B,D118N,117,0,cb,9.0,695,694,1,0
3D3B,D118N,117,0,cb,10.0,963,963,1,1
3D3B,D118N,117,0,centroid,6.0,194,193,4,3
3D3B,D118N,117,0,centroid,7.0,347,347,1,1
3D3B,D118N,117,0,centroid,8.0,476,473,4,1
3D3B,D118N,117,0,centroid,9.0,643,643,3,3
3D3B,D118N,117,0,centroid,10.0,865,861,7,3
3D3B,D118N,117,0,allatom,6.0,728,730,1,3
3D3B,D118N,117,0,allatom,7.0,975,974,4,3
3D3B,D118N,117,0,allatom,8.0,1287,1284,5,2
3D3B,D118N,117,0,allatom,9.0,1567,1565,5,3
3D3B,D118N,117,0,allatom,10.0,1849,1847,6,4
3D3B,D118R,117,0,ca,6.0,346,346,0,0
3D3B,D118R,117,0,ca,7.0,467,467,0,0
3D3B,D118R,117,0,ca,8.0,529,529,0,0
3D3B,D118R,117,0,ca,9.0,717,718,0,1
3D3B,D118R,117,0,ca,10.0,951,950,1,0
3D3B,D118R,117,0,cb,6.0,267,268,1,2
3D3B,D118R,117,0,cb,7.0,409,409,0,0
3D3B,D118R,117,0,cb,8.0,569,569,1,1
3D3B,D118R,117,0,cb,9.0,695,694,1,0
3D3B,D118R,117,0,cb,10.0,963,963,1,1
3D3B,D118R,117,0,centroid,6.0,194,194,3,3
3D3B,D118R,117,0,centroid,7.0,347,346,2,1
3D3B,D118R,117,0,centroid,8.0,476,470,7,1
3D3B,D118R,117,0,centroid,9.0,643,643,3,3
3D3B,D118R,117,0,centroid,10.0,865,860,8,3
3D3B,D118R,117,0,allatom,6.0,728,729,2,3
3D3B,D118R,117,0,allatom,7.0,975,974,4,3
3D3B,D118R,117,0,allatom,8.0,1287,1283,6,2
3D3B,D118R,117,0,allatom,9.0,1567,1564,6,3
3D3B,D118R,117,0,allatom,10.0,1849,1847,6,4
3ECU,H46R,45,0,ca,6.0,306,306,0,0
3ECU,H46R,45,0,ca,7.0,460,460,0,0
3ECU,H46R,45,0,ca,8.0,579,579,0,0
3ECU,H46R,45,0,ca,9.0,767,767,0,0
3ECU,H46R,45,0,ca,10.0,1004,1004,0,0
3ECU,H46R,45,0,cb,6.0,266,266,0,0
3ECU,H46R,45,0,cb,7.0,408,408,0,0
3ECU,H46R,45,0,cb,8.0,556,556,0,0
3ECU,H46R,45,0,cb,9.0,721,721,0,0
3ECU,H46R,45,0,cb,10.0,951,951,0,0
3ECU,H46R,45,0,centroid,6.0,203,203,1,1
3ECU,H46R,45,0,centroid,7.0,345,345,2,2
3ECU,H46R,45,0,centroid,8.0,488,487,2,1
3ECU,H46R,45,0,centroid,9.0,675,671,4,0
3ECU,H46R,45,0,centroid,10.0,908,908,2,2
3ECU,H46R,45,0,allatom,6.0,706,707,0,1
3ECU,H46R,45,0,allatom,7.0,943,943,3,3
3ECU,H46R,45,0,allatom,8.0,1260,1257,5,2
3ECU,H46R,45,0,allatom,9.0,1545,1544,2,1
3ECU,H46R,45,0,allatom,10.0,1855,1855,1,1
3S4M,D122Y,33,0,ca,6.0,319,319,0,0
3S4M,D122Y,33,0,ca,7.0,453,453,0,0
3S4M,D122Y,33,0,ca,8.0,546,546,0,0
3S4M,D122Y,33,0,ca,9.0,719,719,0,0
3S4M,D122Y,33,0,ca,10.0,959,959,0,0
3S4M,D122Y,33,0,cb,6.0,257,257,0,0
3S4M,D122Y,33,0,cb,7.0,385,385,0,0
3S4M,D122Y,33,0,cb,8.0,558,558,0,0
3S4M,D122Y,33,0,cb,9.0,702,702,0,0
3S4M,D122Y,33,0,cb,10.0,934,934,0,0
3S4M,D122Y,33,0,centroid,6.0,196,194,4,2
3S4M,D122Y,33,0,centroid,7.0,334,332,4,2
3S4M,D122Y,33,0,centroid,8.0,470,471,1,2
3S4M,D122Y,33,0,centroid,9.0,654,656,2,4
3S4M,D122Y,33,0,centroid,10.0,873,872,5,4
3S4M,D122Y,33,0,allatom,6.0,714,714,0,0
3S4M,D122Y,33,0,allatom,7.0,969,969,1,1
3S4M,D122Y,33,0,allatom,8.0,1296,1294,2,0
3S4M,D122Y,33,0,allatom,9.0,1559,1558,1,0
3S4M,D122Y,33,0,allatom,10.0,1903,1903,0,0
3S4M,G130V,41,0,ca,6.0,319,319,0,0
3S4M,G130V,41,0,ca,7.0,453,453,0,0
3S4M,G130V,41,0,ca,8.0,546,546,0,0
3S4M,G130V,41,0,ca,9.0,719,719,0,0
3S4M,G130V,41,0,ca,10.0,959,959,0,0
3S4M,G130V,41,0,cb,6.0,257,255,2,0
3S4M,G130V,41,0,cb,7.0,385,386,1,2
3S4M,G130V,41,0,cb,8.0,558,557,2,1
3S4M,G130V,41,0,cb,9.0,702,703,2,3
3S4M,G130V,41,0,cb,10.0,934,933,1,0
3S4M,G130V,41,0,centroid,6.0,196,195,6,5
3S4M,G130V,41,0,centroid,7.0,334,333,5,4
3S4M,G130V,41,0,centroid,8.0,470,469,4,3
3S4M,G130V,41,0,centroid,9.0,654,652,4,2
3S4M,G130V,41,0,centroid,10.0,873,871,7,5
3S4M,G130V,41,0,allatom,6.0,714,715,1,2
3S4M,G130V,41,0,allatom,7.0,969,971,4,6
3S4M,G130V,41,0,allatom,8.0,1296,1300,2,6
3S4M,G130V,41,0,allatom,9.0,1559,1565,0,6
3S4M,G130V,41,0,allatom,10.0,1903,1907,2,6
3S4M,I154F,65,0,ca,6.0,319,319,0,0
3S4M,I154F,65,0,ca,7.0,453,453,0,0
3S4M,I154F,65,0,ca,8.0,546,546,0,0
3S4M,I154F,65,0,ca,9.0,719,719,0,0
3S4M,I154F,65,0,ca,10.0,959,959,0,0
3S4M,I154F,65,0,cb,6.0,257,257,0,0
3S4M,I154F,65,0,cb,7.0,385,385,0,0
3S4M,I154F,65,0,cb,8.0,558,558,0,0
3S4M,I154F,65,0,cb,9.0,702,702,0,0
3S4M,I154F,65,0,cb,10.0,934,934,0,0
3S4M,I154F,65,0,centroid,6.0,196,198,3,5
3S4M,I154F,65,0,centroid,7.0,334,335,2,3
3S4M,I154F,65,0,centroid,8.0,470,470,3,3
3S4M,I154F,65,0,centroid,9.0,654,655,3,4
3S4M,I154F,65,0,centroid,10.0,873,875,4,6
3S4M,I154F,65,0,allatom,6.0,714,716,1,3
3S4M,I154F,65,0,allatom,7.0,969,973,1,5
3S4M,I154F,65,0,allatom,8.0,1296,1305,1,10
3S4M,I154F,65,0,allatom,9.0,1559,1564,1,6
3S4M,I154F,65,0,allatom,10.0,1903,1906,1,4
3S4M,W155R,66,0,ca,6.0,319,319,0,0
3S4M,W155R,66,0,ca,7.0,453,453,0,0
3S4M,W155R,66,0,ca,8.0,546,546,0,0
3S4M,W155R,66,0,ca,9.0,719,719,0,0
3S4M,W155R,66,0,ca,10.0,959,959,0,0
3S4M,W155R,66,0,cb,6.0,257,257,0,0
3S4M,W155R,66,0,cb,7.0,385,385,0,0
3S4M,W155R,66,0,cb,8.0,558,558,0,0
3S4M,W155R,66,0,cb,9.0,702,702,0,0
3S4M,W155R,66,0,cb,10.0,934,934,0,0
3S4M,W155R,66,0,centroid,6.0,196,195,3,2
3S4M,W155R,66,0,centroid,7.0,334,332,4,2
3S4M,W155R,66,0,centroid,8.0,470,471,3,4
3S4M,W155R,66,0,centroid,9.0,654,656,4,6
3S4M,W155R,66,0,centroid,10.0,873,874,5,6
3S4M,W155R,66,0,allatom,6.0,714,714,1,1
3S4M,W155R,66,0,allatom,7.0,969,968,2,1
3S4M,W155R,66,0,allatom,8.0,1296,1294,3,1
3S4M,W155R,66,0,allatom,9.0,1559,1561,1,3
3S4M,W155R,66,0,allatom,10.0,1903,1905,1,3
4BJX,A89V,47,0,ca,6.0,313,313,0,0
4BJX,A89V,47,0,ca,7.0,438,438,0,0
4BJX,A89V,47,0,ca,8.0,536,536,0,0
4BJX,A89V,47,0,ca,9.0,701,701,0,0
4BJX,A89V,47,0,ca,10.0,924,924,0,0
4BJX,A89V,47,0,cb,6.0,253,252,1,0
4BJX,A89V,47,0,cb,7.0,381,381,0,0
4BJX,A89V,47,0,cb,8.0,529,529,0,0
4BJX,A89V,47,0,cb,9.0,682,682,0,0
4BJX,A89V,47,0,cb,10.0,905,905,0,0
4BJX,A89V,47,0,centroid,6.0,190,190,1,1
4BJX,A89V,47,0,centroid,7.0,319,319,1,1
4BJX,A89V,47,0,centroid,8.0,443,444,1,2
4BJX,A89V,47,0,centroid,9.0,611,613,1,3
4BJX,A89V,47,0,centroid,10.0,829,828,3,2
4BJX,A89V,47,0,allatom,6.0,734,732,4,2
4BJX,A89V,47,0,allatom,7.0,983,982,4,3
4BJX,A89V,47,0,allatom,8.0,1262,1265,1,4
4BJX,A89V,47,0,allatom,9.0,1530,1533,0,3
4BJX,A89V,47,0,allatom,10.0,1800,1801,3,4
4BUQ,Y48A,47,0,ca,6.0,284,284,0,0
4BUQ,Y48A,47,0,ca,7.0,422,422,0,0
4BUQ,Y48A,47,0,ca,8.0,528,528,0,0
4BUQ,Y48A,47,0,ca,9.0,683,683,0,0
4BUQ,Y48A,47,0,ca,10.0,915,915,0,0
4BUQ,Y48A,47,0,cb,6.0,242,242,0,0
4BUQ,Y48A,47,0,cb,7.0,372,372,0,0
4BUQ,Y48A,47,0,cb,8.0,518,518,0,0
4BUQ,Y48A,47,0,cb,9.0,641,641,0,0
4BUQ,Y48A,47,0,cb,10.0,841,841,0,0
4BUQ,Y48A,47,0,centroid,6.0,190,192,0,2
4BUQ,Y48A,47,0,centroid,7.0,318,322,0,4
4BUQ,Y48A,47,0,centroid,8.0,442,447,0,5
4BUQ,Y48A,47,0,centroid,9.0,612,614,0,2
4BUQ,Y48A,47,0,centroid,10.0,782,787,0,5
4BUQ,Y48A,47,0,allatom,6.0,631,631,0,0
4BUQ,Y48A,47,0,allatom,7.0,833,834,0,1
4BUQ,Y48A,47,0,allatom,8.0,1114,1114,0,0
4BUQ,Y48A,47,0,allatom,9.0,1343,1343,0,0
4BUQ,Y48A,47,0,allatom,10.0,1606,1606,0,0
4WAA,K65A,56,0,ca,6.0,279,279,0,0
4WAA,K65A,56,0,ca,7.0,411,411,0,0
4WAA,K65A,56,0,ca,8.0,471,471,0,0
4WAA,K65A,56,0,ca,9.0,609,609,0,0
4WAA,K65A,56,0,ca,10.0,817,817,0,0
4WAA,K65A,56,0,cb,6.0,235,235,0,0
4WAA,K65A,56,0,cb,7.0,337,337,0,0
4WAA,K65A,56,0,cb,8.0,483,483,0,0
4WAA,K65A,56,0,cb,9.0,607,607,0,0
4WAA,K65A,56,0,cb,10.0,791,791,0,0
4WAA,K65A,56,0,centroid,6.0,158,160,1,3
4WAA,K65A,56,0,centroid,7.0,269,275,1,7
4WAA,K65A,56,0,centroid,8.0,382,385,1,4
4WAA,K65A,56,0,centroid,9.0,559,561,2,4
4WAA,K65A,56,0,centroid,10.0,739,743,0,4
4WAA,K65A,56,0,allatom,6.0,637,637,2,2
4WAA,K65A,56,0,allatom,7.0,846,844,2,0
4WAA,K65A,56,0,allatom,8.0,1112,1115,0,3
4WAA,K65A,56,0,allatom,9.0,1353,1358,2,7
4WAA,K65A,56,0,allatom,10.0,1630,1633,1,4
4WAA,K67A,58,0,ca,6.0,279,279,0,0
4WAA,K67A,58,0,ca,7.0,411,411,0,0
4WAA,K67A,58,0,ca,8.0,471,471,0,0
4WAA,K67A,58,0,ca,9.0,609,609,0,0
4WAA,K67A,58,0,ca,10.0,817,817,0,0
4WAA,K67A,58,0,cb,6.0,235,235,0,0
4WAA,K67A,58,0,cb,7.0,337,337,0,0
4WAA,K67A,58,0,cb,8.0,483,483,0,0
4WAA,K67A,58,0,cb,9.0,607,607,0,0
4WAA,K67A,58,0,cb,10.0,791,791,0,0
4WAA,K67A,58,0,centroid,6.0,158,158,2,2
4WAA,K67A,58,0,centroid,7.0,269,269,1,1
4WAA,K67A,58,0,centroid,8.0,382,383,2,3
4WAA,K67A,58,0,centroid,9.0,559,559,3,3
4WAA,K67A,58,0,centroid,10.0,739,741,2,4
4WAA,K67A,58,0,allatom,6.0,637,633,4,0
4WAA,K67A,58,0,allatom,7.0,846,842,4,0
4WAA,K67A,58,0,allatom,8.0,1112,1111,3,2
4WAA,K67A,58,0,allatom,9.0,1353,1347,7,1
4WAA,K67A,58,0,allatom,10.0,1630,1624,7,1
4WAA,R27A,18,0,ca,6.0,279,279,0,0
4WAA,R27A,18,0,ca,7.0,411,411,0,0
4WAA,R27A,18,0,ca,8.0,471,471,0,0
4WAA,R27A,18,0,ca,9.0,609,609,0,0
4WAA,R27A,18,0,ca,10.0,817,817,0,0
4WAA,R27A,18,0,cb,6.0,235,235,0,0
4WAA,R27A,18,0,cb,7.0,337,337,0,0
4WAA,R27A,18,0,cb,8.0,483,483,0,0
4WAA,R27A,18,0,cb,9.0,607,607,0,0
4WAA,R27A,18,0,cb,10.0,791,791,0,0
4WAA,R27A,18,0,centroid,6.0,158,160,3,5
4WAA,R27A,18,0,centroid,7.0,269,272,2,5
4WAA,R27A,18,0,centroid,8.0,382,382,1,1
4WAA,R27A,18,0,centroid,9.0,559,558,4,3
4WAA,R27A,18,0,centroid,10.0,739,746,2,9
4WAA,R27A,18,0,allatom,6.0,637,636,3,2
4WAA,R27A,18,0,allatom,7.0,846,844,4,2
4WAA,R27A,18,0,allatom,8.0,1112,1106,7,1
4WAA,R27A,18,0,allatom,9.0,1353,1350,5,2
4WAA,R27A,18,0,allatom,10.0,1630,1630,4,4
5VP3,R39K,38,1,ca,6.0,327,327,0,0
5VP3,R39K,38,1,ca,7.0,449,449,0,0
5VP3,R39K,38,1,ca,8.0,522,522,0,0
5VP3,R39K,38,1,ca,9.0,676,676,0,0
5VP3,R39K,38,1,ca,10.0,888,888,0,0
5VP3,R39K,38,1,cb,6.0,255,254,1,0
5VP3,R39K,38,1,cb,7.0,381,381,0,0
5VP3,R39K,38,1,cb,8.0,517,517,0,0
5VP3,R39K,38,1,cb,9.0,634,634,0,0
5VP3,R39K,38,1,cb,10.0,850,850,0,0
5VP3,R39K,38,1,centroid,6.0,174,176,2,4
5VP3,R39K,38,1,centroid,7.0,272,274,1,3
5VP3,R39K,38,1,centroid,8.0,410,413,2,5
5VP3,R39K,38,1,centroid,9.0,563,566,1,4
5VP3,R39K,38,1,centroid,10.0,770,772,4,6
5VP3,R39K,38,1,allatom,6.0,703,705,2,4
5VP3,R39K,38,1,allatom,7.0,947,950,3,6
5VP3,R39K,38,1,allatom,8.0,1213,1214,4,5
5VP3,R39K,38,1,allatom,9.0,1438,1437,2,1
5VP3,R39K,38,1,allatom,10.0,1689,1690,3,4
1BA3,H461D,456,0,ca,6.0,1101,1101,0,0
1BA3,H461D,456,0,ca,7.0,1632,1632,0,0
1BA3,H461D,456,0,ca,8.0,1988,1988,0,0
1BA3,H461D,456,0,ca,9.0,2648,2648,0,0
1BA3,H461D,456,0,ca,10.0,3583,3583,0,0
1BA3,H461D,456,0,cb,6.0,952,952,0,0
1BA3,H461D,456,0,cb,7.0,1425,1425,0,0
1BA3,H461D,456,0,cb,8.0,2007,2007,0,0
1BA3,H461D,456,0,cb,9.0,2609,2609,0,0
1BA3,H461D,456,0,cb,10.0,3488,3488,0,0
1BA3,H461D,456,0,centroid,6.0,780,769,21,10
1BA3,H461D,456,0,centroid,7.0,1243,1225,24,6
1BA3,H461D,456,0,centroid,8.0,1753,1733,28,8
1BA3,H461D,456,0,centroid,9.0,2505,2481,34,10
1BA3,H461D,456,0,centroid,10.0,3354,3335,38,19
1BA3,H461D,456,0,allatom,6.0,2596,2606,1,11
1BA3,H461D,456,0,allatom,7.0,3496,3508,2,14
1BA3,H461D,456,0,allatom,8.0,4682,4697,2,17
1BA3,H461D,456,0,allatom,9.0,5807,5827,3,23
1BA3,H461D,456,0,allatom,10.0,7037,7069,4,36
1BA3,H489D,484,0,ca,6.0,1101,1101,0,0
1BA3,H489D,484,0,ca,7.0,1632,1632,0,0
1BA3,H489D,484,0,ca,8.0,1988,1988,0,0
1BA3,H489D,484,0,ca,9.0,2648,2648,0,0
1BA3,H489D,484,0,ca,10.0,3583,3583,0,0
1BA3,H489D,484,0,cb,6.0,952,952,0,0
1BA3,H489D,484,0,cb,7.0,1425,1425,0,0
1BA3,H489D,484,0,cb,8.0,2007,2007,0,0
1BA3,H489D,484,0,cb,9.0,2609,2609,0,0
1BA3,H489D,484,0,cb,10.0,3488,3488,0,0
1BA3,H489D,484,0,centroid,6.0,780,767,21,8
1BA3,H489D,484,0,centroid,7.0,1243,1227,23,7
1BA3,H489D,484,0,centroid,8.0,1753,1736,26,9
1BA3,H489D,484,0,centroid,9.0,2505,2479,34,8
1BA3,H489D,484,0,centroid,10.0,3354,3333,40,19
1BA3,H489D,484,0,allatom,6.0,2596,2604,1,9
1BA3,H489D,484,0,allatom,7.0,3496,3511,1,16
1BA3,H489D,484,0,allatom,8.0,4682,4696,2,16
1BA3,H489D,484,0,allatom,9.0,5807,5827,2,22
1BA3,H489D,484,0,allatom,10.0,7037,7069,1,33
1BA3,H489K,484,0,ca,6.0,1101,1101,0,0
1BA3,H489K,484,0,ca,7.0,1632,1632,0,0
1BA3,H489K,484,0,ca,8.0,1988,1988,0,0
1BA3,H489K,484,0,ca,9.0,2648,2648,0,0
1BA3,H489K,484,0,ca,10.0,3583,3583,0,0
1BA3,H489K,484,0,cb,6.0,952,952,0,0
1BA3,H489K,484,0,cb,7.0,1425,1425,0,0
1BA3,H489K,484,0,cb,8.0,2007,2007,0,0
1BA3,H489K,484,0,cb,9.0,2609,2609,0,0
1BA3,H489K,484,0,cb,10.0,3488,3488,0,0
1BA3,H489K,484,0,centroid,6.0,780,767,21,8
1BA3,H489K,484,0,centroid,7.0,1243,1227,23,7
1BA3,H489K,484,0,centroid,8.0,1753,1738,24,9
1BA3,H489K,484,0,centroid,9.0,2505,2480,34,9
1BA3,H489K,484,0,centroid,10.0,3354,3337,37,20
1BA3,H489K,484,0,allatom,6.0,2596,2606,0,10
1BA3,H489K,484,0,allatom,7.0,3496,3510,0,14
1BA3,H489K,484,0,allatom,8.0,4682,4699,0,17
1BA3,H489K,484,0,allatom,9.0,5807,5832,0,25
1BA3,H489K,484,0,allatom,10.0,7037,7071,0,34
1BA3,H489M,484,0,ca,6.0,1101,1101,0,0
1BA3,H489M,484,0,ca,7.0,1632,1632,0,0
1BA3,H489M,484,0,ca,8.0,1988,1988,0,0
1BA3,H489M,484,0,ca,9.0,2648,2648,0,0
1BA3,H489M,484,0,ca,10.0,3583,3583,0,0
1BA3,H489M,484,0,cb,6.0,952,952,0,0
1BA3,H489M,484,0,cb,7.0,1425,1425,0,0
1BA3,H489M,484,0,cb,8.0,2007,2007,0,0
1BA3,H489M,484,0,cb,9.0,2609,2609,0,0
1BA3,H489M,484,0,cb,10.0,3488,3488,0,0
1BA3,H489M,484,0,centroid,6.0,780,768,20,8
1BA3,H489M,484,0,centroid,7.0,1243,1227,23,7
1BA3,H489M,484,0,centroid,8.0,1753,1739,24,10
1BA3,H489M,484,0,centroid,9.0,2505,2483,33,11
1BA3,H489M,484,0,centroid,10.0,3354,3337,37,20
1BA3,H489M,484,0,allatom,6.0,2596,2606,0,10
1BA3,H489M,484,0,allatom,7.0,3496,3510,0,14
1BA3,H489M,484,0,allatom,8.0,4682,4701,0,19
1BA3,H489M,484,0,allatom,9.0,5807,5833,0,26
1BA3,H489M,484,0,allatom,10.0,7037,7071,0,34
1DIV,V129A,8,1,ca,6.0,322,74,248,0
1DIV,V129A,8,1,ca,7.0,433,100,333,0
1DIV,V129A,8,1,ca,8.0,499,113,386,0
1DIV,V129A,8,1,ca,9.0,630,135,495,0
1DIV,V129A,8,1,ca,10.0,801,166,635,0
1DIV,V129A,8,1,cb,6.0,249,54,195,0
1DIV,V129A,8,1,cb,7.0,364,80,284,0
1DIV,V129A,8,1,cb,8.0,485,105,380,0
1DIV,V129A,8,1,cb,9.0,588,128,460,0
1DIV,V129A,8,1,cb,10.0,741,159,582,0
1DIV,V129A,8,1,centroid,6.0,176,37,139,0
1DIV,V129A,8,1,centroid,7.0,278,62,216,0
1DIV,V129A,8,1,centroid,8.0,392,80,312,0
1DIV,V129A,8,1,centroid,9.0,530,111,419,0
1DIV,V129A,8,1,centroid,10.0,692,135,557,0
1DIV,V129A,8,1,allatom,6.0,617,126,491,0
1DIV,V129A,8,1,allatom,7.0,784,156,628,0
1DIV,V129A,8,1,allatom,8.0,984,183,801,0
1DIV,V129A,8,1,allatom,9.0,1154,208,946,0
1DIV,V129A,8,1,allatom,10.0,1338,230,1108,0
1F8I,F345A,344,0,ca,6.0,852,852,0,0
1F8I,F345A,344,0,ca,7.0,1198,1198,0,0
1F8I,F345A,344,0,ca,8.0,1436,1436,0,0
1F8I,F345A,344,0,ca,9.0,1898,1898,0,0
1F8I,F345A,344,0,ca,10.0,2533,2533,0,0
1F8I,F345A,344,0,cb,6.0,693,693,0,0
1F8I,F345A,344,0,cb,7.0,1059,1059,0,0
1F8I,F345A,344,0,cb,8.0,1488,1488,0,0
1F8I,F345A,344,0,cb,9.0,1840,1840,0,0
1F8I,F345A,344,0,cb,10.0,2463,2463,0,0
1F8I,F345A,344,0,centroid,6.0,532,528,4,0
1F8I,F345A,344,0,centroid,7.0,880,879,3,2
1F8I,F345A,344,0,centroid,8.0,1261,1260,2,1
1F8I,F345A,344,0,centroid,9.0,1739,1736,5,2
1F8I,F345A,344,0,centroid,10.0,2330,2326,4,0
1F8I,F345A,344,0,allatom,6.0,1883,1880,3,0
1F8I,F345A,344,0,allatom,7.0,2555,2548,7,0
1F8I,F345A,344,0,allatom,8.0,3324,3316,8,0
1F8I,F345A,344,0,allatom,9.0,4009,4001,8,0
1F8I,F345A,344,0,allatom,10.0,4793,4782,11,0
1FT8,L349I,108,0,ca,6.0,299,304,0,5
1FT8,L349I,108,0,ca,7.0,417,422,0,5
1FT8,L349I,108,0,ca,8.0,493,501,0,8
1FT8,L349I,108,0,ca,9.0,625,633,0,8
1FT8,L349I,108,0,ca,10.0,823,832,0,9
1FT8,L349I,108,0,cb,6.0,237,239,0,2
1FT8,L349I,108,0,cb,7.0,344,348,0,4
1FT8,L349I,108,0,cb,8.0,491,497,0,6
1FT8,L349I,108,0,cb,9.0,596,604,0,8
1FT8,L349I,108,0,cb,10.0,787,798,0,11
1FT8,L349I,108,0,centroid,6.0,169,170,0,1
1FT8,L349I,108,0,centroid,7.0,272,275,0,3
1FT8,L349I,108,0,centroid,8.0,415,421,0,6
1FT8,L349I,108,0,centroid,9.0,571,579,0,8
1FT8,L349I,108,0,centroid,10.0,729,740,0,11
1FT8,L349I,108,0,allatom,6.0,646,655,0,9
1FT8,L349I,108,0,allatom,7.0,825,835,0,10
1FT8,L349I,108,0,allatom,8.0,1090,1102,0,12
1FT8,L349I,108,0,allatom,9.0,1313,1333,0,20
1FT8,L349I,108,0,allatom,10.0,1562,1588,0,26
1LVM,S135G,22,0,ca,6.0,257,244,13,0
1LVM,S135G,22,0,ca,7.0,390,368,22,0
1LVM,S135G,22,0,ca,8.0,472,445,27,0
1LVM,S135G,22,0,ca,9.0,588,559,29,0
1LVM,S135G,22,0,ca,10.0,790,751,39,0
1LVM,S135G,22,0,cb,6.0,227,212,15,0
1LVM,S135G,22,0,cb,7.0,332,314,18,0
1LVM,S135G,22,0,cb,8.0,464,437,27,0
1LVM,S135G,22,0,cb,9.0,598,564,34,0
1LVM,S135G,22,0,cb,10.0,745,702,43,0
1LVM,S135G,22,0,centroid,6.0,164,155,10,1
1LVM,S135G,22,0,centroid,7.0,268,251,17,0
1LVM,S135G,22,0,centroid,8.0,381,360,21,0
1LVM,S135G,22,0,centroid,9.0,537,509,28,0
1LVM,S135G,22,0,centroid,10.0,729,688,41,0
1LVM,S135G,22,0,allatom,6.0,602,567,35,0
1LVM,S135G,22,0,allatom,7.0,775,727,48,0
1LVM,S135G,22,0,allatom,8.0,1044,979,65,0
1LVM,S135G,22,0,allatom,9.0,1275,1195,80,0
1LVM,S135G,22,0,allatom,10.0,1512,1411,101,0
1NM1,D187N,175,0,ca,6.0,672,672,0,0
1NM1,D187N,175,0,ca,7.0,975,975,0,0
1NM1,D187N,175,0,ca,8.0,1190,1190,0,0
1NM1,D187N,175,0,ca,9.0,1573,1573,0,0
1NM1,D187N,175,0,ca,10.0,2109,2109,0,0
1NM1,D187N,175,0,cb,6.0,589,589,0,0
1NM1,D187N,175,0,cb,7.0,873,873,0,0
1NM1,D187N,175,0,cb,8.0,1217,1217,0,0
1NM1,D187N,175,0,cb,9.0,1540,1540,0,0
1NM1,D187N,175,0,cb,10.0,2066,2066,0,0
1NM1,D187N,175,0,centroid,6.0,466,469,6,9
1NM1,D187N,175,0,centroid,7.0,755,750,11,6
1NM1,D187N,175,0,centroid,8.0,1031,1026,10,5
1NM1,D187N,175,0,centroid,9.0,1436,1433,12,9
1NM1,D187N,175,0,centroid,10.0,1932,1925,16,9
1NM1,D187N,175,0,allatom,6.0,1565,1562,5,2
1NM1,D187N,175,0,allatom,7.0,2120,2115,8,3
1NM1,D187N,175,0,allatom,8.0,2829,2828,7,6
1NM1,D187N,175,0,allatom,9.0,3452,3452,8,8
1NM1,D187N,175,0,allatom,10.0,4132,4130,9,7
1NM1,D187Y,175,0,ca,6.0,672,672,0,0
1NM1,D187Y,175,0,ca,7.0,975,975,0,0
1NM1,D187Y,175,0,ca,8.0,1190,1190,0,0
1NM1,D187Y,175,0,ca,9.0,1573,1573,0,0
1NM1,D187Y,175,0,ca,10.0,2109,2109,0,0
1NM1,D187Y,175,0,cb,6.0,589,589,0,0
1NM1,D187Y,175,0,cb,7.0,873,873,0,0
1NM1,D187Y,175,0,cb,8.0,1217,1217,0,0
1NM1,D187Y,175,0,cb,9.0,1540,1540,0,0
1NM1,D187Y,175,0,cb,10.0,2066,2066,0,0
1NM1,D187Y,175,0,centroid,6.0,466,464,8,6
1NM1,D187Y,175,0,centroid,7.0,755,750,11,6
1NM1,D187Y,175,0,centroid,8.0,1031,1027,9,5
1NM1,D187Y,175,0,centroid,9.0,1436,1428,14,6
1NM1,D187Y,175,0,centroid,10.0,1932,1924,13,5
1NM1,D187Y,175,0,allatom,6.0,1565,1567,1,3
1NM1,D187Y,175,0,allatom,7.0,2120,2122,3,5
1NM1,D187Y,175,0,allatom,8.0,2829,2836,0,7
1NM1,D187Y,175,0,allatom,9.0,3452,3457,3,8
1NM1,D187Y,175,0,allatom,10.0,4132,4140,4,12
1PRE,C159S,157,0,ca,6.0,805,805,0,0
1PRE,C159S,157,0,ca,7.0,1258,1258,0,0
1PRE,C159S,157,0,ca,8.0,1554,1554,0,0
1PRE,C159S,157,0,ca,9.0,1993,1993,0,0
1PRE,C159S,157,0,ca,10.0,2650,2650,0,0
1PRE,C159S,157,0,cb,6.0,688,688,0,0
1PRE,C159S,157,0,cb,7.0,1087,1087,0,0
1PRE,C159S,157,0,cb,8.0,1538,1538,0,0
1PRE,C159S,157,0,cb,9.0,1946,1946,0,0
1PRE,C159S,157,0,cb,10.0,2513,2513,0,0
1PRE,C159S,157,0,centroid,6.0,525,526,0,1
1PRE,C159S,157,0,centroid,7.0,896,897,0,1
1PRE,C159S,157,0,centroid,8.0,1316,1316,1,1
1PRE,C159S,157,0,centroid,9.0,1794,1795,0,1
1PRE,C159S,157,0,centroid,10.0,2405,2407,1,3
1PRE,C159S,157,0,allatom,6.0,1964,1963,2,1
1PRE,C159S,157,0,allatom,7.0,2523,2524,3,4
1PRE,C159S,157,0,allatom,8.0,3459,3463,0,4
1PRE,C159S,157,0,allatom,9.0,4184,4187,0,3
1PRE,C159S,157,0,allatom,10.0,5045,5046,2,3
1R2Y,R244E,242,0,ca,6.0,427,427,0,0
1R2Y,R244E,242,0,ca,7.0,598,598,0,0
1R2Y,R244E,242,0,ca,8.0,736,736,0,0
1R2Y,R244E,242,0,ca,9.0,1000,1000,0,0
1R2Y,R244E,242,0,ca,10.0,1286,1286,0,0
1R2Y,R244E,242,0,cb,6.0,360,360,0,0
1R2Y,R244E,242,0,cb,7.0,536,536,0,0
1R2Y,R244E,242,0,cb,8.0,734,734,0,0
1R2Y,R244E,242,0,cb,9.0,951,951,0,0
1R2Y,R244E,242,0,cb,10.0,1267,1267,0,0
1R2Y,R244E,242,0,centroid,6.0,298,293,14,9
1R2Y,R244E,242,0,centroid,7.0,469,449,22,2
1R2Y,R244E,242,0,centroid,8.0,664,645,24,5
1R2Y,R244E,242,0,centroid,9.0,909,890,26,7
1R2Y,R244E,242,0,centroid,10.0,1214,1186,33,5
1R2Y,R244E,242,0,allatom,6.0,953,953,2,2
1R2Y,R244E,242,0,allatom,7.0,1290,1293,3,6
1R2Y,R244E,242,0,allatom,8.0,1683,1688,4,9
1R2Y,R244E,242,0,allatom,9.0,2028,2034,5,11
1R2Y,R244E,242,0,allatom,10.0,2441,2445,6,10
1XXN,N181R,60,0,ca,6.0,237,118,119,0
1XXN,N181R,60,0,ca,7.0,367,195,172,0
1XXN,N181R,60,0,ca,8.0,441,232,209,0
1XXN,N181R,60,0,ca,9.0,558,295,263,0
1XXN,N181R,60,0,ca,10.0,761,404,357,0
1XXN,N181R,60,0,cb,6.0,219,115,104,0
1XXN,N181R,60,0,cb,7.0,322,171,151,0
1XXN,N181R,60,0,cb,8.0,439,225,214,0
1XXN,N181R,60,0,cb,9.0,572,293,279,0
1XXN,N181R,60,0,cb,10.0,724,384,340,0
1XXN,N181R,60,0,centroid,6.0,158,85,75,2
1XXN,N181R,60,0,centroid,7.0,276,148,129,1
1XXN,N181R,60,0,centroid,8.0,402,209,193,0
1XXN,N181R,60,0,centroid,9.0,539,274,266,1
1XXN,N181R,60,0,centroid,10.0,734,377,359,2
1XXN,N181R,60,0,allatom,6.0,548,282,266,0
1XXN,N181R,60,0,allatom,7.0,744,383,361,0
1XXN,N181R,60,0,allatom,8.0,1005,500,505,0
1XXN,N181R,60,0,allatom,9.0,1199,585,615,1
1XXN,N181R,60,0,allatom,10.0,1427,685,742,0
3D2A,M134E,131,0,ca,6.0,145,145,0,0
3D2A,M134E,131,0,ca,7.0,212,212,0,0
3D2A,M134E,131,0,ca,8.0,259,259,0,0
3D2A,M134E,131,0,ca,9.0,338,338,0,0
3D2A,M134E,131,0,ca,10.0,422,422,0,0
3D2A,M134E,131,0,cb,6.0,131,131,0,0
3D2A,M134E,131,0,cb,7.0,196,196,0,0
3D2A,M134E,131,0,cb,8.0,261,261,0,0
3D2A,M134E,131,0,cb,9.0,311,311,0,0
3D2A,M134E,131,0,cb,10.0,403,403,0,0
3D2A,M134E,131,0,centroid,6.0,94,95,0,1
3D2A,M134E,131,0,centroid,7.0,167,166,2,1
3D2A,M134E,131,0,centroid,8.0,211,209,2,0
3D2A,M134E,131,0,centroid,9.0,286,283,4,1
3D2A,M134E,131,0,centroid,10.0,357,353,4,0
3D2A,M134E,131,0,allatom,6.0,320,319,1,0
3D2A,M134E,131,0,allatom,7.0,404,404,0,0
3D2A,M134E,131,0,allatom,8.0,528,528,0,0
3D2A,M134E,131,0,allatom,9.0,626,626,0,0
3D2A,M134E,131,0,allatom,10.0,707,705,2,0
3D2A,M137P,134,0,ca,6.0,145,145,0,0
3D2A,M137P,134,0,ca,7.0,212,212,0,0
3D2A,M137P,134,0,ca,8.0,259,259,0,0
3D2A,M137P,134,0,ca,9.0,338,338,0,0
3D2A,M137P,134,0,ca,10.0,422,422,0,0
3D2A,M137P,134,0,cb,6.0,131,131,0,0
3D2A,M137P,134,0,cb,7.0,196,196,0,0
3D2A,M137P,134,0,cb,8.0,261,261,0,0
3D2A,M137P,134,0,cb,9.0,311,311,0,0
3D2A,M137P,134,0,cb,10.0,403,403,0,0
3D2A,M137P,134,0,centroid,6.0,94,96,0,2
3D2A,M137P,134,0,centroid,7.0,167,166,1,0
3D2A,M137P,134,0,centroid,8.0,211,211,1,1
3D2A,M137P,134,0,centroid,9.0,286,286,0,0
3D2A,M137P,134,0,centroid,10.0,357,357,0,0
3D2A,M137P,134,0,allatom,6.0,320,320,0,0
3D2A,M137P,134,0,allatom,7.0,404,404,0,0
3D2A,M137P,134,0,allatom,8.0,528,527,1,0
3D2A,M137P,134,0,allatom,9.0,626,626,0,0
3D2A,M137P,134,0,allatom,10.0,707,707,0,0
3D2A,S163P,160,0,ca,6.0,145,145,0,0
3D2A,S163P,160,0,ca,7.0,212,212,0,0
3D2A,S163P,160,0,ca,8.0,259,259,0,0
3D2A,S163P,160,0,ca,9.0,338,338,0,0
3D2A,S163P,160,0,ca,10.0,422,422,0,0
3D2A,S163P,160,0,cb,6.0,131,131,0,0
3D2A,S163P,160,0,cb,7.0,196,196,0,0
3D2A,S163P,160,0,cb,8.0,261,261,0,0
3D2A,S163P,160,0,cb,9.0,311,311,0,0
3D2A,S163P,160,0,cb,10.0,403,403,0,0
3D2A,S163P,160,0,centroid,6.0,94,95,0,1
3D2A,S163P,160,0,centroid,7.0,167,166,1,0
3D2A,S163P,160,0,centroid,8.0,211,210,1,0
3D2A,S163P,160,0,centroid,9.0,286,286,0,0
3D2A,S163P,160,0,centroid,10.0,357,357,2,2
3D2A,S163P,160,0,allatom,6.0,320,320,0,0
3D2A,S163P,160,0,allatom,7.0,404,404,0,0
3D2A,S163P,160,0,allatom,8.0,528,528,0,0
3D2A,S163P,160,0,allatom,9.0,626,627,0,1
3D2A,S163P,160,0,allatom,10.0,707,708,0,1
5OAQ,Y429H,198,0,ca,6.0,171,171,0,0
5OAQ,Y429H,198,0,ca,7.0,246,246,0,0
5OAQ,Y429H,198,0,ca,8.0,284,284,0,0
5OAQ,Y429H,198,0,ca,9.0,337,337,0,0
5OAQ,Y429H,198,0,ca,10.0,410,410,0,0
5OAQ,Y429H,198,0,cb,6.0,137,137,0,0
5OAQ,Y429H,198,0,cb,7.0,195,195,0,0
5OAQ,Y429H,198,0,cb,8.0,261,261,0,0
5OAQ,Y429H,198,0,cb,9.0,313,313,0,0
5OAQ,Y429H,198,0,cb,10.0,373,373,0,0
5OAQ,Y429H,198,0,centroid,6.0,86,85,1,0
5OAQ,Y429H,198,0,centroid,7.0,146,146,0,0
5OAQ,Y429H,198,0,centroid,8.0,191,191,0,0
5OAQ,Y429H,198,0,centroid,9.0,262,263,0,1
5OAQ,Y429H,198,0,centroid,10.0,337,337,1,1
5OAQ,Y429H,198,0,allatom,6.0,331,331,0,0
5OAQ,Y429H,198,0,allatom,7.0,400,399,1,0
5OAQ,Y429H,198,0,allatom,8.0,518,519,0,1
5OAQ,Y429H,198,0,allatom,9.0,585,585,0,0
5OAQ,Y429H,198,0,allatom,10.0,675,672,3,0
