pdb_id,mut_info,ddg,gly_switch,atom_def,threshold,wt_edges,mt_edges,n_broken,n_formed,n_edit
1AMQ,C191Y,2.3,0,ca,6.0,1119,1119,0,0,0
1AMQ,C191Y,2.3,0,ca,7.0,1608,1608,0,0,0
1AMQ,C191Y,2.3,0,ca,8.0,1983,1983,0,0,0
1AMQ,C191Y,2.3,0,ca,9.0,2705,2705,0,0,0
1AMQ,C191Y,2.3,0,ca,10.0,3626,3626,0,0,0
1AMQ,C191Y,2.3,0,cb,6.0,955,955,0,0,0
1AMQ,C191Y,2.3,0,cb,7.0,1443,1443,0,0,0
1AMQ,C191Y,2.3,0,cb,8.0,2056,2056,0,0,0
1AMQ,C191Y,2.3,0,cb,9.0,2688,2688,0,0,0
1AMQ,C191Y,2.3,0,cb,10.0,3606,3606,0,0,0
1AMQ,C191Y,2.3,0,centroid,6.0,766,762,6,2,8
1AMQ,C191Y,2.3,0,centroid,7.0,1278,1276,7,5,12
1AMQ,C191Y,2.3,0,centroid,8.0,1804,1807,5,8,13
1AMQ,C191Y,2.3,0,centroid,9.0,2512,2512,8,8,16
1AMQ,C191Y,2.3,0,centroid,10.0,3503,3493,15,5,20
1AMQ,C191Y,2.3,0,allatom,6.0,2700,2702,8,10,18
1AMQ,C191Y,2.3,0,allatom,7.0,3609,3614,5,10,15
1AMQ,C191Y,2.3,0,allatom,8.0,4882,4879,9,6,15
1AMQ,C191Y,2.3,0,allatom,9.0,6093,6103,4,14,18
1AMQ,C191Y,2.3,0,allatom,10.0,7474,7474,11,11,22
1AMQ,C191F,1.6,0,ca,6.0,1119,1119,0,0,0
1AMQ,C191F,1.6,0,ca,7.0,1608,1608,0,0,0
1AMQ,C191F,1.6,0,ca,8.0,1983,1983,0,0,0
1AMQ,C191F,1.6,0,ca,9.0,2705,2705,0,0,0
1AMQ,C191F,1.6,0,ca,10.0,3626,3626,0,0,0
1AMQ,C191F,1.6,0,cb,6.0,955,955,0,0,0
1AMQ,C191F,1.6,0,cb,7.0,1443,1443,0,0,0
1AMQ,C191F,1.6,0,cb,8.0,2056,2056,0,0,0
1AMQ,C191F,1.6,0,cb,9.0,2688,2688,0,0,0
1AMQ,C191F,1.6,0,cb,10.0,3606,3606,0,0,0
1AMQ,C191F,1.6,0,centroid,6.0,766,763,5,2,7
1AMQ,C191F,1.6,0,centroid,7.0,1278,1272,7,1,8
1AMQ,C191F,1.6,0,centroid,8.0,1804,1807,5,8,13
1AMQ,C191F,1.6,0,centroid,9.0,2512,2513,8,9,17
1AMQ,C191F,1.6,0,centroid,10.0,3503,3490,16,3,19
1AMQ,C191F,1.6,0,allatom,6.0,2700,2699,8,7,15
1AMQ,C191F,1.6,0,allatom,7.0,3609,3608,6,5,11
1AMQ,C191F,1.6,0,allatom,8.0,4882,4877,13,8,21
1AMQ,C191F,1.6,0,allatom,9.0,6093,6097,7,11,18
1AMQ,C191F,1.6,0,allatom,10.0,7474,7470,12,8,20
1AMQ,C191W,3.9,0,ca,6.0,1119,1119,0,0,0
1AMQ,C191W,3.9,0,ca,7.0,1608,1608,0,0,0
1AMQ,C191W,3.9,0,ca,8.0,1983,1983,0,0,0
1AMQ,C191W,3.9,0,ca,9.0,2705,2705,0,0,0
1AMQ,C191W,3.9,0,ca,10.0,3626,3626,0,0,0
1AMQ,C191W,3.9,0,cb,6.0,955,955,0,0,0
1AMQ,C191W,3.9,0,cb,7.0,1443,1443,0,0,0
1AMQ,C191W,3.9,0,cb,8.0,2056,2056,0,0,0
1AMQ,C191W,3.9,0,cb,9.0,2688,2688,0,0,0
1AMQ,C191W,3.9,0,cb,10.0,3606,3606,0,0,0
1AMQ,C191W,3.9,0,centroid,6.0,766,761,7,2,9
1AMQ,C191W,3.9,0,centroid,7.0,1278,1274,8,4,12
1AMQ,C191W,3.9,0,centroid,8.0,1804,1804,7,7,14
1AMQ,C191W,3.9,0,centroid,9.0,2512,2509,12,9,21
1AMQ,C191W,3.9,0,centroid,10.0,3503,3487,20,4,24
1AMQ,C191W,3.9,0,allatom,6.0,2700,2699,9,8,17
1AMQ,C191W,3.9,0,allatom,7.0,3609,3608,10,9,19
1AMQ,C191W,3.9,0,allatom,8.0,4882,4873,16,7,23
1AMQ,C191W,3.9,0,allatom,9.0,6093,6098,8,13,21
1AMQ,C191W,3.9,0,allatom,10.0,7474,7472,13,11,24
1AMQ,C191S,1.9,0,ca,6.0,1119,1119,0,0,0
1AMQ,C191S,1.9,0,ca,7.0,1608,1608,0,0,0
1AMQ,C191S,1.9,0,ca,8.0,1983,1983,0,0,0
1AMQ,C191S,1.9,0,ca,9.0,2705,2705,0,0,0
1AMQ,C191S,1.9,0,ca,10.0,3626,3626,0,0,0
1AMQ,C191S,1.9,0,cb,6.0,955,955,0,0,0
1AMQ,C191S,1.9,0,cb,7.0,1443,1443,0,0,0
1AMQ,C191S,1.9,0,cb,8.0,2056,2056,0,0,0
1AMQ,C191S,1.9,0,cb,9.0,2688,2688,0,0,0
1AMQ,C191S,1.9,0,cb,10.0,3606,3606,0,0,0
1AMQ,C191S,1.9,0,centroid,6.0,766,766,1,1,2
1AMQ,C191S,1.9,0,centroid,7.0,1278,1276,3,1,4
1AMQ,C191S,1.9,0,centroid,8.0,1804,1808,2,6,8
1AMQ,C191S,1.9,0,centroid,9.0,2512,2513,4,5,9
1AMQ,C191S,1.9,0,centroid,10.0,3503,3500,5,2,7
1AMQ,C191S,1.9,0,allatom,6.0,2700,2699,5,4,9
1AMQ,C191S,1.9,0,allatom,7.0,3609,3613,0,4,4
1AMQ,C191S,1.9,0,allatom,8.0,4882,4879,5,2,7
1AMQ,C191S,1.9,0,allatom,9.0,6093,6095,4,6,10
1AMQ,C191S,1.9,0,allatom,10.0,7474,7469,9,4,13
1BNI,F7L,4.1,0,ca,6.0,274,274,0,0,0
1BNI,F7L,4.1,0,ca,7.0,404,404,0,0,0
1BNI,F7L,4.1,0,ca,8.0,491,491,0,0,0
1BNI,F7L,4.1,0,ca,9.0,656,656,0,0,0
1BNI,F7L,4.1,0,ca,10.0,867,867,0,0,0
1BNI,F7L,4.1,0,cb,6.0,233,233,0,0,0
1BNI,F7L,4.1,0,cb,7.0,353,353,0,0,0
1BNI,F7L,4.1,0,cb,8.0,491,491,0,0,0
1BNI,F7L,4.1,0,cb,9.0,632,632,0,0,0
1BNI,F7L,4.1,0,cb,10.0,828,828,0,0,0
1BNI,F7L,4.1,0,centroid,6.0,194,190,5,1,6
1BNI,F7L,4.1,0,centroid,7.0,314,311,7,4,11
1BNI,F7L,4.1,0,centroid,8.0,440,437,7,4,11
1BNI,F7L,4.1,0,centroid,9.0,599,597,8,6,14
1BNI,F7L,4.1,0,centroid,10.0,802,793,10,1,11
1BNI,F7L,4.1,0,allatom,6.0,649,649,2,2,4
1BNI,F7L,4.1,0,allatom,7.0,868,867,4,3,7
1BNI,F7L,4.1,0,allatom,8.0,1154,1152,5,3,8
1BNI,F7L,4.1,0,allatom,9.0,1405,1405,3,3,6
1BNI,F7L,4.1,0,allatom,10.0,1655,1653,3,1,4
1BNI,L14A,4.5,0,ca,6.0,274,274,0,0,0
1BNI,L14A,4.5,0,ca,7.0,404,404,0,0,0
1BNI,L14A,4.5,0,ca,8.0,491,491,0,0,0
1BNI,L14A,4.5,0,ca,9.0,656,656,0,0,0
1BNI,L14A,4.5,0,ca,10.0,867,867,0,0,0
1BNI,L14A,4.5,0,cb,6.0,233,233,0,0,0
1BNI,L14A,4.5,0,cb,7.0,353,353,0,0,0
1BNI,L14A,4.5,0,cb,8.0,491,491,0,0,0
1BNI,L14A,4.5,0,cb,9.0,632,632,0,0,0
1BNI,L14A,4.5,0,cb,10.0,828,828,0,0,0
1BNI,L14A,4.5,0,centroid,6.0,194,192,5,3,8
1BNI,L14A,4.5,0,centroid,7.0,314,310,7,3,10
1BNI,L14A,4.5,0,centroid,8.0,440,439,8,7,15
1BNI,L14A,4.5,0,centroid,9.0,599,602,6,9,15
1BNI,L14A,4.5,0,centroid,10.0,802,797,7,2,9
1BNI,L14A,4.5,0,allatom,6.0,649,651,2,4,6
1BNI,L14A,4.5,0,allatom,7.0,868,868,5,5,10
1BNI,L14A,4.5,0,allatom,8.0,1154,1152,8,6,14
1BNI,L14A,4.5,0,allatom,9.0,1405,1406,7,8,15
1BNI,L14A,4.5,0,allatom,10.0,1655,1652,8,5,13
1BNI,T26A,1.7,0,ca,6.0,274,274,0,0,0
1BNI,T26A,1.7,0,ca,7.0,404,404,0,0,0
1BNI,T26A,1.7,0,ca,8.0,491,491,0,0,0
1BNI,T26A,1.7,0,ca,9.0,656,656,0,0,0
1BNI,T26A,1.7,0,ca,10.0,867,867,0,0,0
1BNI,T26A,1.7,0,cb,6.0,233,233,0,0,0
1BNI,T26A,1.7,0,cb,7.0,353,353,0,0,0
1BNI,T26A,1.7,0,cb,8.0,491,491,0,0,0
1BNI,T26A,1.7,0,cb,9.0,632,632,0,0,0
1BNI,T26A,1.7,0,cb,10.0,828,828,0,0,0
1BNI,T26A,1.7,0,centroid,6.0,194,192,2,0,2
1BNI,T26A,1.7,0,centroid,7.0,314,311,6,3,9
1BNI,T26A,1.7,0,centroid,8.0,440,436,7,3,10
1BNI,T26A,1.7,0,centroid,9.0,599,601,6,8,14
1BNI,T26A,1.7,0,centroid,10.0,802,798,6,2,8
1BNI,T26A,1.7,0,allatom,6.0,649,651,0,2,2
1BNI,T26A,1.7,0,allatom,7.0,868,871,2,5,7
1BNI,T26A,1.7,0,allatom,8.0,1154,1155,3,4,7
1BNI,T26A,1.7,0,allatom,9.0,1405,1408,0,3,3
1BNI,T26A,1.7,0,allatom,10.0,1655,1657,0,2,2
1BNI,I51V,1.1,0,ca,6.0,274,274,0,0,0
1BNI,I51V,1.1,0,ca,7.0,404,404,0,0,0
1BNI,I51V,1.1,0,ca,8.0,491,491,0,0,0
1BNI,I51V,1.1,0,ca,9.0,656,656,0,0,0
1BNI,I51V,1.1,0,ca,10.0,867,867,0,0,0
1BNI,I51V,1.1,0,cb,6.0,233,233,0,0,0
1BNI,I51V,1.1,0,cb,7.0,353,353,0,0,0
1BNI,I51V,1.1,0,cb,8.0,491,491,0,0,0
1BNI,I51V,1.1,0,cb,9.0,632,632,0,0,0
1BNI,I51V,1.1,0,cb,10.0,828,828,0,0,0
1BNI,I51V,1.1,0,centroid,6.0,194,191,3,0,3
1BNI,I51V,1.1,0,centroid,7.0,314,309,6,1,7
1BNI,I51V,1.1,0,centroid,8.0,440,441,6,7,13
1BNI,I51V,1.1,0,centroid,9.0,599,595,8,4,12
1BNI,I51V,1.1,0,centroid,10.0,802,797,6,1,7
1BNI,I51V,1.1,0,allatom,6.0,649,651,0,2,2
1BNI,I51V,1.1,0,allatom,7.0,868,869,2,3,5
1BNI,I51V,1.1,0,allatom,8.0,1154,1157,0,3,3
1BNI,I51V,1.1,0,allatom,9.0,1405,1403,5,3,8
1BNI,I51V,1.1,0,allatom,10.0,1655,1654,2,1,3
1BNI,I76A,1.7,0,ca,6.0,274,274,0,0,0
1BNI,I76A,1.7,0,ca,7.0,404,404,0,0,0
1BNI,I76A,1.7,0,ca,8.0,491,491,0,0,0
1BNI,I76A,1.7,0,ca,9.0,656,656,0,0,0
1BNI,I76A,1.7,0,ca,10.0,867,867,0,0,0
1BNI,I76A,1.7,0,cb,6.0,233,233,0,0,0
1BNI,I76A,1.7,0,cb,7.0,353,353,0,0,0
1BNI,I76A,1.7,0,cb,8.0,491,491,0,0,0
1BNI,I76A,1.7,0,cb,9.0,632,632,0,0,0
1BNI,I76A,1.7,0,cb,10.0,828,828,0,0,0
1BNI,I76A,1.7,0,centroid,6.0,194,190,4,0,4
1BNI,I76A,1.7,0,centroid,7.0,314,310,7,3,10
1BNI,I76A,1.7,0,centroid,8.0,440,436,7,3,10
1BNI,I76A,1.7,0,centroid,9.0,599,595,8,4,12
1BNI,I76A,1.7,0,centroid,10.0,802,796,9,3,12
1BNI,I76A,1.7,0,allatom,6.0,649,649,2,2,4
1BNI,I76A,1.7,0,allatom,7.0,868,864,7,3,10
1BNI,I76A,1.7,0,allatom,8.0,1154,1149,8,3,11
1BNI,I76A,1.7,0,allatom,9.0,1405,1403,5,3,8
1BNI,I76A,1.7,0,allatom,10.0,1655,1651,6,2,8
1BNI,I76V,1.0,0,ca,6.0,274,274,0,0,0
1BNI,I76V,1.0,0,ca,7.0,404,404,0,0,0
1BNI,I76V,1.0,0,ca,8.0,491,491,0,0,0
1BNI,I76V,1.0,0,ca,9.0,656,656,0,0,0
1BNI,I76V,1.0,0,ca,10.0,867,867,0,0,0
1BNI,I76V,1.0,0,cb,6.0,233,233,0,0,0
1BNI,I76V,1.0,0,cb,7.0,353,353,0,0,0
1BNI,I76V,1.0,0,cb,8.0,491,491,0,0,0
1BNI,I76V,1.0,0,cb,9.0,632,632,0,0,0
1BNI,I76V,1.0,0,cb,10.0,828,828,0,0,0
1BNI,I76V,1.0,0,centroid,6.0,194,191,3,0,3
1BNI,I76V,1.0,0,centroid,7.0,314,310,6,2,8
1BNI,I76V,1.0,0,centroid,8.0,440,436,7,3,10
1BNI,I76V,1.0,0,centroid,9.0,599,598,5,4,9
1BNI,I76V,1.0,0,centroid,10.0,802,796,8,2,10
1BNI,I76V,1.0,0,allatom,6.0,649,651,1,3,4
1BNI,I76V,1.0,0,allatom,7.0,868,867,4,3,7
1BNI,I76V,1.0,0,allatom,8.0,1154,1153,4,3,7
1BNI,I76V,1.0,0,allatom,9.0,1405,1406,2,3,5
1BNI,I76V,1.0,0,allatom,10.0,1655,1653,3,1,4
1BNI,Y78F,1.1,0,ca,6.0,274,274,0,0,0
1BNI,Y78F,1.1,0,ca,7.0,404,404,0,0,0
1BNI,Y78F,1.1,0,ca,8.0,491,491,0,0,0
1BNI,Y78F,1.1,0,ca,9.0,656,656,0,0,0
1BNI,Y78F,1.1,0,ca,10.0,867,867,0,0,0
1BNI,Y78F,1.1,0,cb,6.0,233,233,0,0,0
1BNI,Y78F,1.1,0,cb,7.0,353,353,0,0,0
1BNI,Y78F,1.1,0,cb,8.0,491,491,0,0,0
1BNI,Y78F,1.1,0,cb,9.0,632,632,0,0,0
1BNI,Y78F,1.1,0,cb,10.0,828,828,0,0,0
1BNI,Y78F,1.1,0,centroid,6.0,194,191,3,0,3
1BNI,Y78F,1.1,0,centroid,7.0,314,310,6,2,8
1BNI,Y78F,1.1,0,centroid,8.0,440,436,7,3,10
1BNI,Y78F,1.1,0,centroid,9.0,599,598,5,4,9
1BNI,Y78F,1.1,0,centroid,10.0,802,795,8,1,9
1BNI,Y78F,1.1,0,allatom,6.0,649,649,2,2,4
1BNI,Y78F,1.1,0,allatom,7.0,868,870,1,3,4
1BNI,Y78F,1.1,0,allatom,8.0,1154,1158,1,5,6
1BNI,Y78F,1.1,0,allatom,9.0,1405,1404,4,3,7
1BNI,Y78F,1.1,0,allatom,10.0,1655,1656,0,1,1
1BNI,I88A,4.0,0,ca,6.0,274,274,0,0,0
1BNI,I88A,4.0,0,ca,7.0,404,404,0,0,0
1BNI,I88A,4.0,0,ca,8.0,491,491,0,0,0
1BNI,I88A,4.0,0,ca,9.0,656,656,0,0,0
1BNI,I88A,4.0,0,ca,10.0,867,867,0,0,0
1BNI,I88A,4.0,0,cb,6.0,233,233,0,0,0
1BNI,I88A,4.0,0,cb,7.0,353,353,0,0,0
1BNI,I88A,4.0,0,cb,8.0,491,491,0,0,0
1BNI,I88A,4.0,0,cb,9.0,632,632,0,0,0
1BNI,I88A,4.0,0,cb,10.0,828,828,0,0,0
1BNI,I88A,4.0,0,centroid,6.0,194,189,5,0,5
1BNI,I88A,4.0,0,centroid,7.0,314,310,6,2,8
1BNI,I88A,4.0,0,centroid,8.0,440,437,7,4,11
1BNI,I88A,4.0,0,centroid,9.0,599,602,7,10,17
1BNI,I88A,4.0,0,centroid,10.0,802,796,8,2,10
1BNI,I88A,4.0,0,allatom,6.0,649,647,5,3,8
1BNI,I88A,4.0,0,allatom,7.0,868,867,4,3,7
1BNI,I88A,4.0,0,allatom,8.0,1154,1154,4,4,8
1BNI,I88A,4.0,0,allatom,9.0,1405,1404,5,4,9
1BNI,I88A,4.0,0,allatom,10.0,1655,1651,6,2,8
1BNI,I88V,1.6,0,ca,6.0,274,274,0,0,0
1BNI,I88V,1.6,0,ca,7.0,404,404,0,0,0
1BNI,I88V,1.6,0,ca,8.0,491,491,0,0,0
1BNI,I88V,1.6,0,ca,9.0,656,656,0,0,0
1BNI,I88V,1.6,0,ca,10.0,867,867,0,0,0
1BNI,I88V,1.6,0,cb,6.0,233,233,0,0,0
1BNI,I88V,1.6,0,cb,7.0,353,353,0,0,0
1BNI,I88V,1.6,0,cb,8.0,491,491,0,0,0
1BNI,I88V,1.6,0,cb,9.0,632,633,0,1,1
1BNI,I88V,1.6,0,cb,10.0,828,826,2,0,2
1BNI,I88V,1.6,0,centroid,6.0,194,190,4,0,4
1BNI,I88V,1.6,0,centroid,7.0,314,310,6,2,8
1BNI,I88V,1.6,0,centroid,8.0,440,437,6,3,9
1BNI,I88V,1.6,0,centroid,9.0,599,599,7,7,14
1BNI,I88V,1.6,0,centroid,10.0,802,796,9,3,12
1BNI,I88V,1.6,0,allatom,6.0,649,649,2,2,4
1BNI,I88V,1.6,0,allatom,7.0,868,868,4,4,8
1BNI,I88V,1.6,0,allatom,8.0,1154,1155,2,3,5
1BNI,I88V,1.6,0,allatom,9.0,1405,1407,2,4,6
1BNI,I88V,1.6,0,allatom,10.0,1655,1656,0,1,1
1BNI,L89V,0.5,0,ca,6.0,274,274,0,0,0
1BNI,L89V,0.5,0,ca,7.0,404,404,0,0,0
1BNI,L89V,0.5,0,ca,8.0,491,491,0,0,0
1BNI,L89V,0.5,0,ca,9.0,656,656,0,0,0
1BNI,L89V,0.5,0,ca,10.0,867,867,0,0,0
1BNI,L89V,0.5,0,cb,6.0,233,233,0,0,0
1BNI,L89V,0.5,0,cb,7.0,353,354,0,1,1
1BNI,L89V,0.5,0,cb,8.0,491,490,1,0,1
1BNI,L89V,0.5,0,cb,9.0,632,632,0,0,0
1BNI,L89V,0.5,0,cb,10.0,828,828,0,0,0
1BNI,L89V,0.5,0,centroid,6.0,194,190,5,1,6
1BNI,L89V,0.5,0,centroid,7.0,314,305,12,3,15
1BNI,L89V,0.5,0,centroid,8.0,440,436,8,4,12
1BNI,L89V,0.5,0,centroid,9.0,599,600,6,7,13
1BNI,L89V,0.5,0,centroid,10.0,802,802,7,7,14
1BNI,L89V,0.5,0,allatom,6.0,649,652,0,3,3
1BNI,L89V,0.5,0,allatom,7.0,868,868,6,6,12
1BNI,L89V,0.5,0,allatom,8.0,1154,1155,3,4,7
1BNI,L89V,0.5,0,allatom,9.0,1405,1408,3,6,9
1BNI,L89V,0.5,0,allatom,10.0,1655,1657,2,4,6
1BNI,S91A,2.4,0,ca,6.0,274,274,0,0,0
1BNI,S91A,2.4,0,ca,7.0,404,404,0,0,0
1BNI,S91A,2.4,0,ca,8.0,491,491,0,0,0
1BNI,S91A,2.4,0,ca,9.0,656,656,0,0,0
1BNI,S91A,2.4,0,ca,10.0,867,867,0,0,0
1BNI,S91A,2.4,0,cb,6.0,233,233,0,0,0
1BNI,S91A,2.4,0,cb,7.0,353,353,0,0,0
1BNI,S91A,2.4,0,cb,8.0,491,491,0,0,0
1BNI,S91A,2.4,0,cb,9.0,632,632,0,0,0
1BNI,S91A,2.4,0,cb,10.0,828,828,0,0,0
1BNI,S91A,2.4,0,centroid,6.0,194,192,2,0,2
1BNI,S91A,2.4,0,centroid,7.0,314,308,7,1,8
1BNI,S91A,2.4,0,centroid,8.0,440,438,6,4,10
1BNI,S91A,2.4,0,centroid,9.0,599,599,5,5,10
1BNI,S91A,2.4,0,centroid,10.0,802,795,8,1,9
1BNI,S91A,2.4,0,allatom,6.0,649,651,0,2,2
1BNI,S91A,2.4,0,allatom,7.0,868,871,0,3,3
1BNI,S91A,2.4,0,allatom,8.0,1154,1155,2,3,5
1BNI,S91A,2.4,0,allatom,9.0,1405,1408,0,3,3
1BNI,S91A,2.4,0,allatom,10.0,1655,1656,0,1,1
1BNI,I96A,3.2,0,ca,6.0,274,274,0,0,0
1BNI,I96A,3.2,0,ca,7.0,404,404,0,0,0
1BNI,I96A,3.2,0,ca,8.0,491,491,0,0,0
1BNI,I96A,3.2,0,ca,9.0,656,656,0,0,0
1BNI,I96A,3.2,0,ca,10.0,867,867,0,0,0
1BNI,I96A,3.2,0,cb,6.0,233,233,0,0,0
1BNI,I96A,3.2,0,cb,7.0,353,353,0,0,0
1BNI,I96A,3.2,0,cb,8.0,491,491,0,0,0
1BNI,I96A,3.2,0,cb,9.0,632,632,0,0,0
1BNI,I96A,3.2,0,cb,10.0,828,828,0,0,0
1BNI,I96A,3.2,0,centroid,6.0,194,189,6,1,7
1BNI,I96A,3.2,0,centroid,7.0,314,308,9,3,12
1BNI,I96A,3.2,0,centroid,8.0,440,438,8,6,14
1BNI,I96A,3.2,0,centroid,9.0,599,597,9,7,16
1BNI,I96A,3.2,0,centroid,10.0,802,795,10,3,13
1BNI,I96A,3.2,0,allatom,6.0,649,646,6,3,9
1BNI,I96A,3.2,0,allatom,7.0,868,864,8,4,12
1BNI,I96A,3.2,0,allatom,8.0,1154,1154,7,7,14
1BNI,I96A,3.2,0,allatom,9.0,1405,1400,11,6,17
1BNI,I96A,3.2,0,allatom,10.0,1655,1651,9,5,14
1BNI,I96V,3.1,0,ca,6.0,274,274,0,0,0
1BNI,I96V,3.1,0,ca,7.0,404,404,0,0,0
1BNI,I96V,3.1,0,ca,8.0,491,491,0,0,0
1BNI,I96V,3.1,0,ca,9.0,656,656,0,0,0
1BNI,I96V,3.1,0,ca,10.0,867,867,0,0,0
1BNI,I96V,3.1,0,cb,6.0,233,233,0,0,0
1BNI,I96V,3.1,0,cb,7.0,353,353,0,0,0
1BNI,I96V,3.1,0,cb,8.0,491,491,0,0,0
1BNI,I96V,3.1,0,cb,9.0,632,632,0,0,0
1BNI,I96V,3.1,0,cb,10.0,828,828,0,0,0
1BNI,I96V,3.1,0,centroid,6.0,194,190,5,1,6
1BNI,I96V,3.1,0,centroid,7.0,314,307,8,1,9
1BNI,I96V,3.1,0,centroid,8.0,440,439,7,6,13
1BNI,I96V,3.1,0,centroid,9.0,599,596,9,6,15
1BNI,I96V,3.1,0,centroid,10.0,802,795,9,2,11
1BNI,I96V,3.1,0,allatom,6.0,649,647,5,3,8
1BNI,I96V,3.1,0,allatom,7.0,868,867,5,4,9
1BNI,I96V,3.1,0,allatom,8.0,1154,1155,6,7,13
1BNI,I96V,3.1,0,allatom,9.0,1405,1408,4,7,11
1BNI,I96V,3.1,0,allatom,10.0,1655,1657,4,6,10
1CEY,D12A,-2.5,0,ca,6.0,338,338,0,0,0
1CEY,D12A,-2.5,0,ca,7.0,490,490,0,0,0
1CEY,D12A,-2.5,0,ca,8.0,588,588,0,0,0
1CEY,D12A,-2.5,0,ca,9.0,758,758,0,0,0
1CEY,D12A,-2.5,0,ca,10.0,1011,1011,0,0,0
1CEY,D12A,-2.5,0,cb,6.0,270,270,0,0,0
1CEY,D12A,-2.5,0,cb,7.0,429,429,0,0,0
1CEY,D12A,-2.5,0,cb,8.0,610,610,0,0,0
1CEY,D12A,-2.5,0,cb,9.0,775,775,0,0,0
1CEY,D12A,-2.5,0,cb,10.0,1006,1006,0,0,0
1CEY,D12A,-2.5,0,centroid,6.0,183,182,6,5,11
1CEY,D12A,-2.5,0,centroid,7.0,344,341,8,5,13
1CEY,D12A,-2.5,0,centroid,8.0,534,531,8,5,13
1CEY,D12A,-2.5,0,centroid,9.0,712,709,7,4,11
1CEY,D12A,-2.5,0,centroid,10.0,937,934,7,4,11
1CEY,D12A,-2.5,0,allatom,6.0,759,756,5,2,7
1CEY,D12A,-2.5,0,allatom,7.0,1001,998,5,2,7
1CEY,D12A,-2.5,0,allatom,8.0,1308,1301,11,4,15
1CEY,D12A,-2.5,0,allatom,9.0,1639,1628,17,6,23
1CEY,D12A,-2.5,0,allatom,10.0,1993,1987,11,5,16
1CEY,D13A,-2.7,0,ca,6.0,338,338,0,0,0
1CEY,D13A,-2.7,0,ca,7.0,490,490,0,0,0
1CEY,D13A,-2.7,0,ca,8.0,588,588,0,0,0
1CEY,D13A,-2.7,0,ca,9.0,758,758,0,0,0
1CEY,D13A,-2.7,0,ca,10.0,1011,1011,0,0,0
1CEY,D13A,-2.7,0,cb,6.0,270,270,0,0,0
1CEY,D13A,-2.7,0,cb,7.0,429,429,0,0,0
1CEY,D13A,-2.7,0,cb,8.0,610,610,0,0,0
1CEY,D13A,-2.7,0,cb,9.0,775,775,0,0,0
1CEY,D13A,-2.7,0,cb,10.0,1006,1006,0,0,0
1CEY,D13A,-2.7,0,centroid,6.0,183,180,4,1,5
1CEY,D13A,-2.7,0,centroid,7.0,344,344,2,2,4
1CEY,D13A,-2.7,0,centroid,8.0,534,535,0,1,1
1CEY,D13A,-2.7,0,centroid,9.0,712,709,4,1,5
1CEY,D13A,-2.7,0,centroid,10.0,937,937,2,2,4
1CEY,D13A,-2.7,0,allatom,6.0,759,757,2,0,2
1CEY,D13A,-2.7,0,allatom,7.0,1001,1000,1,0,1
1CEY,D13A,-2.7,0,allatom,8.0,1308,1306,2,0,2
1CEY,D13A,-2.7,0,allatom,9.0,1639,1635,4,0,4
1CEY,D13A,-2.7,0,allatom,10.0,1993,1989,4,0,4
1CEY,D57A,-3.3,0,ca,6.0,338,338,0,0,0
1CEY,D57A,-3.3,0,ca,7.0,490,490,0,0,0
1CEY,D57A,-3.3,0,ca,8.0,588,588,0,0,0
1CEY,D57A,-3.3,0,ca,9.0,758,758,0,0,0
1CEY,D57A,-3.3,0,ca,10.0,1011,1011,0,0,0
1CEY,D57A,-3.3,0,cb,6.0,270,270,0,0,0
1CEY,D57A,-3.3,0,cb,7.0,429,429,0,0,0
1CEY,D57A,-3.3,0,cb,8.0,610,610,0,0,0
1CEY,D57A,-3.3,0,cb,9.0,775,775,0,0,0
1CEY,D57A,-3.3,0,cb,10.0,1006,1006,0,0,0
1CEY,D57A,-3.3,0,centroid,6.0,183,188,5,10,15
1CEY,D57A,-3.3,0,centroid,7.0,344,339,11,6,17
1CEY,D57A,-3.3,0,centroid,8.0,534,533,7,6,13
1CEY,D57A,-3.3,0,centroid,9.0,712,715,6,9,15
1CEY,D57A,-3.3,0,centroid,10.0,937,932,12,7,19
1CEY,D57A,-3.3,0,allatom,6.0,759,756,4,1,5
1CEY,D57A,-3.3,0,allatom,7.0,1001,1001,8,8,16
1CEY,D57A,-3.3,0,allatom,8.0,1308,1306,8,6,14
1CEY,D57A,-3.3,0,allatom,9.0,1639,1641,7,9,16
1CEY,D57A,-3.3,0,allatom,10.0,1993,1994,8,9,17
1EY0,T22C,0.9,0,ca,6.0,377,377,0,0,0
1EY0,T22C,0.9,0,ca,7.0,550,550,0,0,0
1EY0,T22C,0.9,0,ca,8.0,674,674,0,0,0
1EY0,T22C,0.9,0,ca,9.0,899,899,0,0,0
1EY0,T22C,0.9,0,ca,10.0,1201,1201,0,0,0
1EY0,T22C,0.9,0,cb,6.0,325,325,0,0,0
1EY0,T22C,0.9,0,cb,7.0,487,487,0,0,0
1EY0,T22C,0.9,0,cb,8.0,681,681,0,0,0
1EY0,T22C,0.9,0,cb,9.0,856,855,1,0,1
1EY0,T22C,0.9,0,cb,10.0,1169,1169,0,0,0
1EY0,T22C,0.9,0,centroid,6.0,239,239,2,2,4
1EY0,T22C,0.9,0,centroid,7.0,395,395,2,2,4
1EY0,T22C,0.9,0,centroid,8.0,542,545,2,5,7
1EY0,T22C,0.9,0,centroid,9.0,751,751,5,5,10
1EY0,T22C,0.9,0,centroid,10.0,1044,1045,4,5,9
1EY0,T22C,0.9,0,allatom,6.0,864,867,2,5,7
1EY0,T22C,0.9,0,allatom,7.0,1139,1145,3,9,12
1EY0,T22C,0.9,0,allatom,8.0,1536,1544,0,8,8
1EY0,T22C,0.9,0,allatom,9.0,1881,1884,1,4,5
1EY0,T22C,0.9,0,allatom,10.0,2242,2244,4,6,10
1EY0,T22V,0.9,0,ca,6.0,377,377,0,0,0
1EY0,T22V,0.9,0,ca,7.0,550,550,0,0,0
1EY0,T22V,0.9,0,ca,8.0,674,674,0,0,0
1EY0,T22V,0.9,0,ca,9.0,899,899,0,0,0
1EY0,T22V,0.9,0,ca,10.0,1201,1201,0,0,0
1EY0,T22V,0.9,0,cb,6.0,325,325,0,0,0
1EY0,T22V,0.9,0,cb,7.0,487,487,0,0,0
1EY0,T22V,0.9,0,cb,8.0,681,681,0,0,0
1EY0,T22V,0.9,0,cb,9.0,856,855,1,0,1
1EY0,T22V,0.9,0,cb,10.0,1169,1169,0,0,0
1EY0,T22V,0.9,0,centroid,6.0,239,240,1,2,3
1EY0,T22V,0.9,0,centroid,7.0,395,395,2,2,4
1EY0,T22V,0.9,0,centroid,8.0,542,546,1,5,6
1EY0,T22V,0.9,0,centroid,9.0,751,751,4,4,8
1EY0,T22V,0.9,0,centroid,10.0,1044,1043,4,3,7
1EY0,T22V,0.9,0,allatom,6.0,864,866,2,4,6
1EY0,T22V,0.9,0,allatom,7.0,1139,1144,2,7,9
1EY0,T22V,0.9,0,allatom,8.0,1536,1543,0,7,7
1EY0,T22V,0.9,0,allatom,9.0,1881,1882,1,2,3
1EY0,T22V,0.9,0,allatom,10.0,2242,2244,3,5,8
1EY0,V23L,0.1,0,ca,6.0,377,377,0,0,0
1EY0,V23L,0.1,0,ca,7.0,550,550,0,0,0
1EY0,V23L,0.1,0,ca,8.0,674,674,0,0,0
1EY0,V23L,0.1,0,ca,9.0,899,899,0,0,0
1EY0,V23L,0.1,0,ca,10.0,1201,1201,0,0,0
1EY0,V23L,0.1,0,cb,6.0,325,325,0,0,0
1EY0,V23L,0.1,0,cb,7.0,487,487,0,0,0
1EY0,V23L,0.1,0,cb,8.0,681,681,0,0,0
1EY0,V23L,0.1,0,cb,9.0,856,855,1,0,1
1EY0,V23L,0.1,0,cb,10.0,1169,1169,0,0,0
1EY0,V23L,0.1,0,centroid,6.0,239,240,2,3,5
1EY0,V23L,0.1,0,centroid,7.0,395,397,2,4,6
1EY0,V23L,0.1,0,centroid,8.0,542,542,3,3,6
1EY0,V23L,0.1,0,centroid,9.0,751,754,4,7,11
1EY0,V23L,0.1,0,centroid,10.0,1044,1042,7,5,12
1EY0,V23L,0.1,0,allatom,6.0,864,868,2,6,8
1EY0,V23L,0.1,0,allatom,7.0,1139,1141,3,5,8
1EY0,V23L,0.1,0,allatom,8.0,1536,1547,1,12,13
1EY0,V23L,0.1,0,allatom,9.0,1881,1881,5,5,10
1EY0,V23L,0.1,0,allatom,10.0,2242,2248,3,9,12
1EY0,L25I,1.7,0,ca,6.0,377,377,0,0,0
1EY0,L25I,1.7,0,ca,7.0,550,550,0,0,0
1EY0,L25I,1.7,0,ca,8.0,674,674,0,0,0
1EY0,L25I,1.7,0,ca,9.0,899,899,0,0,0
1EY0,L25I,1.7,0,ca,10.0,1201,1201,0,0,0
1EY0,L25I,1.7,0,cb,6.0,325,325,0,0,0
1EY0,L25I,1.7,0,cb,7.0,487,487,0,0,0
1EY0,L25I,1.7,0,cb,8.0,681,681,0,0,0
1EY0,L25I,1.7,0,cb,9.0,856,855,1,0,1
1EY0,L25I,1.7,0,cb,10.0,1169,1169,0,0,0
1EY0,L25I,1.7,0,centroid,6.0,239,239,3,3,6
1EY0,L25I,1.7,0,centroid,7.0,395,397,1,3,4
1EY0,L25I,1.7,0,centroid,8.0,542,545,3,6,9
1EY0,L25I,1.7,0,centroid,9.0,751,752,4,5,9
1EY0,L25I,1.7,0,centroid,10.0,1044,1036,11,3,14
1EY0,L25I,1.7,0,allatom,6.0,864,865,4,5,9
1EY0,L25I,1.7,0,allatom,7.0,1139,1138,6,5,11
1EY0,L25I,1.7,0,allatom,8.0,1536,1540,2,6,8
1EY0,L25I,1.7,0,allatom,9.0,1881,1877,8,4,12
1EY0,L25I,1.7,0,allatom,10.0,2242,2238,7,3,10
1EY0,T33V,-0.4,0,ca,6.0,377,377,0,0,0
1EY0,T33V,-0.4,0,ca,7.0,550,550,0,0,0
1EY0,T33V,-0.4,0,ca,8.0,674,674,0,0,0
1EY0,T33V,-0.4,0,ca,9.0,899,899,0,0,0
1EY0,T33V,-0.4,0,ca,10.0,1201,1201,0,0,0
1EY0,T33V,-0.4,0,cb,6.0,325,325,0,0,0
1EY0,T33V,-0.4,0,cb,7.0,487,487,0,0,0
1EY0,T33V,-0.4,0,cb,8.0,681,681,0,0,0
1EY0,T33V,-0.4,0,cb,9.0,856,855,1,0,1
1EY0,T33V,-0.4,0,cb,10.0,1169,1168,1,0,1
1EY0,T33V,-0.4,0,centroid,6.0,239,240,2,3,5
1EY0,T33V,-0.4,0,centroid,7.0,395,395,2,2,4
1EY0,T33V,-0.4,0,centroid,8.0,542,544,1,3,4
1EY0,T33V,-0.4,0,centroid,9.0,751,752,4,5,9
1EY0,T33V,-0.4,0,centroid,10.0,1044,1043,4,3,7
1EY0,T33V,-0.4,0,allatom,6.0,864,866,2,4,6
1EY0,T33V,-0.4,0,allatom,7.0,1139,1141,3,5,8
1EY0,T33V,-0.4,0,allatom,8.0,1536,1544,0,8,8
1EY0,T33V,-0.4,0,allatom,9.0,1881,1881,2,2,4
1EY0,T33V,-0.4,0,allatom,10.0,2242,2243,3,4,7
1EY0,T41C,-0.6,0,ca,6.0,377,377,0,0,0
1EY0,T41C,-0.6,0,ca,7.0,550,550,0,0,0
1EY0,T41C,-0.6,0,ca,8.0,674,674,0,0,0
1EY0,T41C,-0.6,0,ca,9.0,899,899,0,0,0
1EY0,T41C,-0.6,0,ca,10.0,1201,1201,0,0,0
1EY0,T41C,-0.6,0,cb,6.0,325,325,0,0,0
1EY0,T41C,-0.6,0,cb,7.0,487,487,0,0,0
1EY0,T41C,-0.6,0,cb,8.0,681,681,0,0,0
1EY0,T41C,-0.6,0,cb,9.0,856,855,1,0,1
1EY0,T41C,-0.6,0,cb,10.0,1169,1169,0,0,0
1EY0,T41C,-0.6,0,centroid,6.0,239,240,1,2,3
1EY0,T41C,-0.6,0,centroid,7.0,395,396,3,4,7
1EY0,T41C,-0.6,0,centroid,8.0,542,543,2,3,5
1EY0,T41C,-0.6,0,centroid,9.0,751,751,5,5,10
1EY0,T41C,-0.6,0,centroid,10.0,1044,1044,4,4,8
1EY0,T41C,-0.6,0,allatom,6.0,864,864,4,4,8
1EY0,T41C,-0.6,0,allatom,7.0,1139,1141,3,5,8
1EY0,T41C,-0.6,0,allatom,8.0,1536,1543,0,7,7
1EY0,T41C,-0.6,0,allatom,9.0,1881,1882,1,2,3
1EY0,T41C,-0.6,0,allatom,10.0,2242,2243,3,4,7
1EY0,T41I,-0.7,0,ca,6.0,377,377,0,0,0
1EY0,T41I,-0.7,0,ca,7.0,550,550,0,0,0
1EY0,T41I,-0.7,0,ca,8.0,674,674,0,0,0
1EY0,T41I,-0.7,0,ca,9.0,899,899,0,0,0
1EY0,T41I,-0.7,0,ca,10.0,1201,1201,0,0,0
1EY0,T41I,-0.7,0,cb,6.0,325,325,0,0,0
1EY0,T41I,-0.7,0,cb,7.0,487,487,0,0,0
1EY0,T41I,-0.7,0,cb,8.0,681,681,0,0,0
1EY0,T41I,-0.7,0,cb,9.0,856,855,1,0,1
1EY0,T41I,-0.7,0,cb,10.0,1169,1169,0,0,0
1EY0,T41I,-0.7,0,centroid,6.0,239,240,1,2,3
1EY0,T41I,-0.7,0,centroid,7.0,395,396,2,3,5
1EY0,T41I,-0.7,0,centroid,8.0,542,544,1,3,4
1EY0,T41I,-0.7,0,centroid,9.0,751,751,3,3,6
1EY0,T41I,-0.7,0,centroid,10.0,1044,1041,6,3,9
1EY0,T41I,-0.7,0,allatom,6.0,864,866,3,5,8
1EY0,T41I,-0.7,0,allatom,7.0,1139,1142,2,5,7
1EY0,T41I,-0.7,0,allatom,8.0,1536,1545,0,9,9
1EY0,T41I,-0.7,0,allatom,9.0,1881,1887,0,6,6
1EY0,T41I,-0.7,0,allatom,10.0,2242,2244,2,4,6
1EY0,T41S,1.1,0,ca,6.0,377,377,0,0,0
1EY0,T41S,1.1,0,ca,7.0,550,550,0,0,0
1EY0,T41S,1.1,0,ca,8.0,674,674,0,0,0
1EY0,T41S,1.1,0,ca,9.0,899,899,0,0,0
1EY0,T41S,1.1,0,ca,10.0,1201,1201,0,0,0
1EY0,T41S,1.1,0,cb,6.0,325,325,0,0,0
1EY0,T41S,1.1,0,cb,7.0,487,487,0,0,0
1EY0,T41S,1.1,0,cb,8.0,681,681,0,0,0
1EY0,T41S,1.1,0,cb,9.0,856,855,1,0,1
1EY0,T41S,1.1,0,cb,10.0,1169,1169,0,0,0
1EY0,T41S,1.1,0,centroid,6.0,239,240,2,3,5
1EY0,T41S,1.1,0,centroid,7.0,395,395,3,3,6
1EY0,T41S,1.1,0,centroid,8.0,542,543,2,3,5
1EY0,T41S,1.1,0,centroid,9.0,751,751,5,5,10
1EY0,T41S,1.1,0,centroid,10.0,1044,1043,4,3,7
1EY0,T41S,1.1,0,allatom,6.0,864,864,5,5,10
1EY0,T41S,1.1,0,allatom,7.0,1139,1140,3,4,7
1EY0,T41S,1.1,0,allatom,8.0,1536,1543,0,7,7
1EY0,T41S,1.1,0,allatom,9.0,1881,1882,2,3,5
1EY0,T41S,1.1,0,allatom,10.0,2242,2243,4,5,9
1EY0,T41V,-0.8,0,ca,6.0,377,377,0,0,0
1EY0,T41V,-0.8,0,ca,7.0,550,550,0,0,0
1EY0,T41V,-0.8,0,ca,8.0,674,674,0,0,0
1EY0,T41V,-0.8,0,ca,9.0,899,899,0,0,0
1EY0,T41V,-0.8,0,ca,10.0,1201,1201,0,0,0
1EY0,T41V,-0.8,0,cb,6.0,325,325,0,0,0
1EY0,T41V,-0.8,0,cb,7.0,487,487,0,0,0
1EY0,T41V,-0.8,0,cb,8.0,681,681,0,0,0
1EY0,T41V,-0.8,0,cb,9.0,856,855,1,0,1
1EY0,T41V,-0.8,0,cb,10.0,1169,1169,0,0,0
1EY0,T41V,-0.8,0,centroid,6.0,239,240,1,2,3
1EY0,T41V,-0.8,0,centroid,7.0,395,396,1,2,3
1EY0,T41V,-0.8,0,centroid,8.0,542,544,1,3,4
1EY0,T41V,-0.8,0,centroid,9.0,751,751,3,3,6
1EY0,T41V,-0.8,0,centroid,10.0,1044,1043,4,3,7
1EY0,T41V,-0.8,0,allatom,6.0,864,866,2,4,6
1EY0,T41V,-0.8,0,allatom,7.0,1139,1141,2,4,6
1EY0,T41V,-0.8,0,allatom,8.0,1536,1541,0,5,5
1EY0,T41V,-0.8,0,allatom,9.0,1881,1885,0,4,4
1EY0,T41V,-0.8,0,allatom,10.0,2242,2244,2,4,6
1EY0,T44V,-0.1,0,ca,6.0,377,377,0,0,0
1EY0,T44V,-0.1,0,ca,7.0,550,550,0,0,0
1EY0,T44V,-0.1,0,ca,8.0,674,674,0,0,0
1EY0,T44V,-0.1,0,ca,9.0,899,899,0,0,0
1EY0,T44V,-0.1,0,ca,10.0,1201,1201,0,0,0
1EY0,T44V,-0.1,0,cb,6.0,325,325,0,0,0
1EY0,T44V,-0.1,0,cb,7.0,487,487,0,0,0
1EY0,T44V,-0.1,0,cb,8.0,681,681,0,0,0
1EY0,T44V,-0.1,0,cb,9.0,856,856,1,1,2
1EY0,T44V,-0.1,0,cb,10.0,1169,1169,0,0,0
1EY0,T44V,-0.1,0,centroid,6.0,239,239,2,2,4
1EY0,T44V,-0.1,0,centroid,7.0,395,396,1,2,3
1EY0,T44V,-0.1,0,centroid,8.0,542,543,2,3,5
1EY0,T44V,-0.1,0,centroid,9.0,751,751,4,4,8
1EY0,T44V,-0.1,0,centroid,10.0,1044,1043,5,4,9
1EY0,T44V,-0.1,0,allatom,6.0,864,865,3,4,7
1EY0,T44V,-0.1,0,allatom,7.0,1139,1141,3,5,8
1EY0,T44V,-0.1,0,allatom,8.0,1536,1540,1,5,6
1EY0,T44V,-0.1,0,allatom,9.0,1881,1882,2,3,5
1EY0,T44V,-0.1,0,allatom,10.0,2242,2242,3,3,6
1EY0,S59A,-0.5,0,ca,6.0,377,377,0,0,0
1EY0,S59A,-0.5,0,ca,7.0,550,550,0,0,0
1EY0,S59A,-0.5,0,ca,8.0,674,674,0,0,0
1EY0,S59A,-0.5,0,ca,9.0,899,899,0,0,0
1EY0,S59A,-0.5,0,ca,10.0,1201,1201,0,0,0
1EY0,S59A,-0.5,0,cb,6.0,325,325,0,0,0
1EY0,S59A,-0.5,0,cb,7.0,487,487,0,0,0
1EY0,S59A,-0.5,0,cb,8.0,681,681,0,0,0
1EY0,S59A,-0.5,0,cb,9.0,856,855,1,0,1
1EY0,S59A,-0.5,0,cb,10.0,1169,1169,0,0,0
1EY0,S59A,-0.5,0,centroid,6.0,239,241,1,3,4
1EY0,S59A,-0.5,0,centroid,7.0,395,394,3,2,5
1EY0,S59A,-0.5,0,centroid,8.0,542,544,1,3,4
1EY0,S59A,-0.5,0,centroid,9.0,751,754,4,7,11
1EY0,S59A,-0.5,0,centroid,10.0,1044,1044,4,4,8
1EY0,S59A,-0.5,0,allatom,6.0,864,866,2,4,6
1EY0,S59A,-0.5,0,allatom,7.0,1139,1141,2,4,6
1EY0,S59A,-0.5,0,allatom,8.0,1536,1541,0,5,5
1EY0,S59A,-0.5,0,allatom,9.0,1881,1882,1,2,3
1EY0,S59A,-0.5,0,allatom,10.0,2242,2243,2,3,5
1EY0,T62S,2.1,0,ca,6.0,377,377,0,0,0
1EY0,T62S,2.1,0,ca,7.0,550,550,0,0,0
1EY0,T62S,2.1,0,ca,8.0,674,674,0,0,0
1EY0,T62S,2.1,0,ca,9.0,899,899,0,0,0
1EY0,T62S,2.1,0,ca,10.0,1201,1201,0,0,0
1EY0,T62S,2.1,0,cb,6.0,325,325,0,0,0
1EY0,T62S,2.1,0,cb,7.0,487,487,0,0,0
1EY0,T62S,2.1,0,cb,8.0,681,681,0,0,0
1EY0,T62S,2.1,0,cb,9.0,856,855,1,0,1
1EY0,T62S,2.1,0,cb,10.0,1169,1169,0,0,0
1EY0,T62S,2.1,0,centroid,6.0,239,238,3,2,5
1EY0,T62S,2.1,0,centroid,7.0,395,397,2,4,6
1EY0,T62S,2.1,0,centroid,8.0,542,544,2,4,6
1EY0,T62S,2.1,0,centroid,9.0,751,753,4,6,10
1EY0,T62S,2.1,0,centroid,10.0,1044,1037,10,3,13
1EY0,T62S,2.1,0,allatom,6.0,864,865,4,5,9
1EY0,T62S,2.1,0,allatom,7.0,1139,1139,6,6,12
1EY0,T62S,2.1,0,allatom,8.0,1536,1539,3,6,9
1EY0,T62S,2.1,0,allatom,9.0,1881,1878,7,4,11
1EY0,T62S,2.1,0,allatom,10.0,2242,2241,4,3,7
1EY0,T62V,0.2,0,ca,6.0,377,377,0,0,0
1EY0,T62V,0.2,0,ca,7.0,550,550,0,0,0
1EY0,T62V,0.2,0,ca,8.0,674,674,0,0,0
1EY0,T62V,0.2,0,ca,9.0,899,899,0,0,0
1EY0,T62V,0.2,0,ca,10.0,1201,1201,0,0,0
1EY0,T62V,0.2,0,cb,6.0,325,325,0,0,0
1EY0,T62V,0.2,0,cb,7.0,487,487,0,0,0
1EY0,T62V,0.2,0,cb,8.0,681,681,0,0,0
1EY0,T62V,0.2,0,cb,9.0,856,855,1,0,1
1EY0,T62V,0.2,0,cb,10.0,1169,1168,1,0,1
1EY0,T62V,0.2,0,centroid,6.0,239,243,2,6,8
1EY0,T62V,0.2,0,centroid,7.0,395,395,3,3,6
1EY0,T62V,0.2,0,centroid,8.0,542,546,3,7,10
1EY0,T62V,0.2,0,centroid,9.0,751,751,8,8,16
1EY0,T62V,0.2,0,centroid,10.0,1044,1046,6,8,14
1EY0,T62V,0.2,0,allatom,6.0,864,866,3,5,8
1EY0,T62V,0.2,0,allatom,7.0,1139,1146,2,9,11
1EY0,T62V,0.2,0,allatom,8.0,1536,1543,3,10,13
1EY0,T62V,0.2,0,allatom,9.0,1881,1882,4,5,9
1EY0,T62V,0.2,0,allatom,10.0,2242,2246,3,7,10
1EY0,V66I,1.0,0,ca,6.0,377,377,0,0,0
1EY0,V66I,1.0,0,ca,7.0,550,550,0,0,0
1EY0,V66I,1.0,0,ca,8.0,674,674,0,0,0
1EY0,V66I,1.0,0,ca,9.0,899,899,0,0,0
1EY0,V66I,1.0,0,ca,10.0,1201,1201,0,0,0
1EY0,V66I,1.0,0,cb,6.0,325,325,0,0,0
1EY0,V66I,1.0,0,cb,7.0,487,487,0,0,0
1EY0,V66I,1.0,0,cb,8.0,681,681,0,0,0
1EY0,V66I,1.0,0,cb,9.0,856,855,1,0,1
1EY0,V66I,1.0,0,cb,10.0,1169,1169,0,0,0
1EY0,V66I,1.0,0,centroid,6.0,239,238,3,2,5
1EY0,V66I,1.0,0,centroid,7.0,395,396,1,2,3
1EY0,V66I,1.0,0,centroid,8.0,542,544,1,3,4
1EY0,V66I,1.0,0,centroid,9.0,751,751,3,3,6
1EY0,V66I,1.0,0,centroid,10.0,1044,1042,5,3,8
1EY0,V66I,1.0,0,allatom,6.0,864,870,2,8,10
1EY0,V66I,1.0,0,allatom,7.0,1139,1146,2,9,11
1EY0,V66I,1.0,0,allatom,8.0,1536,1541,1,6,7
1EY0,V66I,1.0,0,allatom,9.0,1881,1885,0,4,4
1EY0,V66I,1.0,0,allatom,10.0,2242,2243,2,3,5
1EY0,V66L,0.3,0,ca,6.0,377,377,0,0,0
1EY0,V66L,0.3,0,ca,7.0,550,550,0,0,0
1EY0,V66L,0.3,0,ca,8.0,674,674,0,0,0
1EY0,V66L,0.3,0,ca,9.0,899,899,0,0,0
1EY0,V66L,0.3,0,ca,10.0,1201,1201,0,0,0
1EY0,V66L,0.3,0,cb,6.0,325,325,0,0,0
1EY0,V66L,0.3,0,cb,7.0,487,487,0,0,0
1EY0,V66L,0.3,0,cb,8.0,681,681,0,0,0
1EY0,V66L,0.3,0,cb,9.0,856,855,1,0,1
1EY0,V66L,0.3,0,cb,10.0,1169,1169,0,0,0
1EY0,V66L,0.3,0,centroid,6.0,239,240,3,4,7
1EY0,V66L,0.3,0,centroid,7.0,395,397,3,5,8
1EY0,V66L,0.3,0,centroid,8.0,542,542,3,3,6
1EY0,V66L,0.3,0,centroid,9.0,751,748,6,3,9
1EY0,V66L,0.3,0,centroid,10.0,1044,1042,9,7,16
1EY0,V66L,0.3,0,allatom,6.0,864,868,2,6,8
1EY0,V66L,0.3,0,allatom,7.0,1139,1146,3,10,13
1EY0,V66L,0.3,0,allatom,8.0,1536,1545,0,9,9
1EY0,V66L,0.3,0,allatom,9.0,1881,1886,2,7,9
1EY0,V66L,0.3,0,allatom,10.0,2242,2247,3,8,11
1EY0,V66K,7.5,0,ca,6.0,377,377,0,0,0
1EY0,V66K,7.5,0,ca,7.0,550,550,0,0,0
1EY0,V66K,7.5,0,ca,8.0,674,674,0,0,0
1EY0,V66K,7.5,0,ca,9.0,899,899,0,0,0
1EY0,V66K,7.5,0,ca,10.0,1201,1201,0,0,0
1EY0,V66K,7.5,0,cb,6.0,325,325,0,0,0
1EY0,V66K,7.5,0,cb,7.0,487,487,0,0,0
1EY0,V66K,7.5,0,cb,8.0,681,681,0,0,0
1EY0,V66K,7.5,0,cb,9.0,856,855,1,0,1
1EY0,V66K,7.5,0,cb,10.0,1169,1169,0,0,0
1EY0,V66K,7.5,0,centroid,6.0,239,240,3,4,7
1EY0,V66K,7.5,0,centroid,7.0,395,397,3,5,8
1EY0,V66K,7.5,0,centroid,8.0,542,543,3,4,7
1EY0,V66K,7.5,0,centroid,9.0,751,749,6,4,10
1EY0,V66K,7.5,0,centroid,10.0,1044,1042,9,7,16
1EY0,V66K,7.5,0,allatom,6.0,864,868,2,6,8
1EY0,V66K,7.5,0,allatom,7.0,1139,1147,3,11,14
1EY0,V66K,7.5,0,allatom,8.0,1536,1547,1,12,13
1EY0,V66K,7.5,0,allatom,9.0,1881,1888,2,9,11
1EY0,V66K,7.5,0,allatom,10.0,2242,2251,3,12,15
1EY0,I72L,0.2,0,ca,6.0,377,377,0,0,0
1EY0,I72L,0.2,0,ca,7.0,550,550,0,0,0
1EY0,I72L,0.2,0,ca,8.0,674,674,0,0,0
1EY0,I72L,0.2,0,ca,9.0,899,899,0,0,0
1EY0,I72L,0.2,0,ca,10.0,1201,1201,0,0,0
1EY0,I72L,0.2,0,cb,6.0,325,325,0,0,0
1EY0,I72L,0.2,0,cb,7.0,487,487,0,0,0
1EY0,I72L,0.2,0,cb,8.0,681,681,0,0,0
1EY0,I72L,0.2,0,cb,9.0,856,855,1,0,1
1EY0,I72L,0.2,0,cb,10.0,1169,1169,0,0,0
1EY0,I72L,0.2,0,centroid,6.0,239,239,3,3,6
1EY0,I72L,0.2,0,centroid,7.0,395,396,2,3,5
1EY0,I72L,0.2,0,centroid,8.0,542,545,1,4,5
1EY0,I72L,0.2,0,centroid,9.0,751,751,4,4,8
1EY0,I72L,0.2,0,centroid,10.0,1044,1044,4,4,8
1EY0,I72L,0.2,0,allatom,6.0,864,866,3,5,8
1EY0,I72L,0.2,0,allatom,7.0,1139,1143,2,6,8
1EY0,I72L,0.2,0,allatom,8.0,1536,1542,2,8,10
1EY0,I72L,0.2,0,allatom,9.0,1881,1883,1,3,4
1EY0,I72L,0.2,0,allatom,10.0,2242,2245,2,5,7
1EY0,I72V,1.2,0,ca,6.0,377,377,0,0,0
1EY0,I72V,1.2,0,ca,7.0,550,550,0,0,0
1EY0,I72V,1.2,0,ca,8.0,674,674,0,0,0
1EY0,I72V,1.2,0,ca,9.0,899,899,0,0,0
1EY0,I72V,1.2,0,ca,10.0,1201,1201,0,0,0
1EY0,I72V,1.2,0,cb,6.0,325,325,0,0,0
1EY0,I72V,1.2,0,cb,7.0,487,487,0,0,0
1EY0,I72V,1.2,0,cb,8.0,681,681,0,0,0
1EY0,I72V,1.2,0,cb,9.0,856,855,1,0,1
1EY0,I72V,1.2,0,cb,10.0,1169,1169,0,0,0
1EY0,I72V,1.2,0,centroid,6.0,239,239,2,2,4
1EY0,I72V,1.2,0,centroid,7.0,395,395,2,2,4
1EY0,I72V,1.2,0,centroid,8.0,542,544,1,3,4
1EY0,I72V,1.2,0,centroid,9.0,751,752,3,4,7
1EY0,I72V,1.2,0,centroid,10.0,1044,1042,5,3,8
1EY0,I72V,1.2,0,allatom,6.0,864,865,3,4,7
1EY0,I72V,1.2,0,allatom,7.0,1139,1140,3,4,7
1EY0,I72V,1.2,0,allatom,8.0,1536,1540,1,5,6
1EY0,I72V,1.2,0,allatom,9.0,1881,1881,2,2,4
1EY0,I72V,1.2,0,allatom,10.0,2242,2243,2,3,5
1EY0,T82S,0.7,0,ca,6.0,377,377,0,0,0
1EY0,T82S,0.7,0,ca,7.0,550,550,0,0,0
1EY0,T82S,0.7,0,ca,8.0,674,674,0,0,0
1EY0,T82S,0.7,0,ca,9.0,899,899,0,0,0
1EY0,T82S,0.7,0,ca,10.0,1201,1201,0,0,0
1EY0,T82S,0.7,0,cb,6.0,325,325,0,0,0
1EY0,T82S,0.7,0,cb,7.0,487,487,0,0,0
1EY0,T82S,0.7,0,cb,8.0,681,681,0,0,0
1EY0,T82S,0.7,0,cb,9.0,856,855,1,0,1
1EY0,T82S,0.7,0,cb,10.0,1169,1169,0,0,0
1EY0,T82S,0.7,0,centroid,6.0,239,241,1,3,4
1EY0,T82S,0.7,0,centroid,7.0,395,397,1,3,4
1EY0,T82S,0.7,0,centroid,8.0,542,545,2,5,7
1EY0,T82S,0.7,0,centroid,9.0,751,752,4,5,9
1EY0,T82S,0.7,0,centroid,10.0,1044,1047,8,11,19
1EY0,T82S,0.7,0,allatom,6.0,864,866,2,4,6
1EY0,T82S,0.7,0,allatom,7.0,1139,1142,2,5,7
1EY0,T82S,0.7,0,allatom,8.0,1536,1539,2,5,7
1EY0,T82S,0.7,0,allatom,9.0,1881,1880,2,1,3
1EY0,T82S,0.7,0,allatom,10.0,2242,2244,2,4,6
1EY0,I92V,0.4,0,ca,6.0,377,377,0,0,0
1EY0,I92V,0.4,0,ca,7.0,550,550,0,0,0
1EY0,I92V,0.4,0,ca,8.0,674,674,0,0,0
1EY0,I92V,0.4,0,ca,9.0,899,899,0,0,0
1EY0,I92V,0.4,0,ca,10.0,1201,1201,0,0,0
1EY0,I92V,0.4,0,cb,6.0,325,325,0,0,0
1EY0,I92V,0.4,0,cb,7.0,487,487,0,0,0
1EY0,I92V,0.4,0,cb,8.0,681,681,0,0,0
1EY0,I92V,0.4,0,cb,9.0,856,855,1,0,1
1EY0,I92V,0.4,0,cb,10.0,1169,1169,0,0,0
1EY0,I92V,0.4,0,centroid,6.0,239,239,2,2,4
1EY0,I92V,0.4,0,centroid,7.0,395,397,1,3,4
1EY0,I92V,0.4,0,centroid,8.0,542,545,1,4,5
1EY0,I92V,0.4,0,centroid,9.0,751,752,3,4,7
1EY0,I92V,0.4,0,centroid,10.0,1044,1043,4,3,7
1EY0,I92V,0.4,0,allatom,6.0,864,866,2,4,6
1EY0,I92V,0.4,0,allatom,7.0,1139,1139,4,4,8
1EY0,I92V,0.4,0,allatom,8.0,1536,1540,1,5,6
1EY0,I92V,0.4,0,allatom,9.0,1881,1880,3,2,5
1EY0,I92V,0.4,0,allatom,10.0,2242,2240,6,4,10
1EY0,K116G,-1.0,1,ca,6.0,377,377,0,0,0
1EY0,K116G,-1.0,1,ca,7.0,550,550,0,0,0
1EY0,K116G,-1.0,1,ca,8.0,674,674,0,0,0
1EY0,K116G,-1.0,1,ca,9.0,899,899,0,0,0
1EY0,K116G,-1.0,1,ca,10.0,1201,1201,0,0,0
1EY0,K116G,-1.0,1,cb,6.0,325,326,0,1,1
1EY0,K116G,-1.0,1,cb,7.0,487,487,0,0,0
1EY0,K116G,-1.0,1,cb,8.0,681,682,0,1,1
1EY0,K116G,-1.0,1,cb,9.0,856,857,0,1,1
1EY0,K116G,-1.0,1,cb,10.0,1169,1170,0,1,1
1EY0,K116G,-1.0,1,centroid,6.0,239,241,1,3,4
1EY0,K116G,-1.0,1,centroid,7.0,395,397,1,3,4
1EY0,K116G,-1.0,1,centroid,8.0,542,546,2,6,8
1EY0,K116G,-1.0,1,centroid,9.0,751,756,3,8,11
1EY0,K116G,-1.0,1,centroid,10.0,1044,1047,4,7,11
1EY0,K116G,-1.0,1,allatom,6.0,864,865,3,4,7
1EY0,K116G,-1.0,1,allatom,7.0,1139,1139,4,4,8
1EY0,K116G,-1.0,1,allatom,8.0,1536,1541,0,5,5
1EY0,K116G,-1.0,1,allatom,9.0,1881,1882,1,2,3
1EY0,K116G,-1.0,1,allatom,10.0,2242,2242,3,3,6
1EY0,P117A,-0.8,0,ca,6.0,377,377,0,0,0
1EY0,P117A,-0.8,0,ca,7.0,550,550,0,0,0
1EY0,P117A,-0.8,0,ca,8.0,674,674,0,0,0
1EY0,P117A,-0.8,0,ca,9.0,899,899,0,0,0
1EY0,P117A,-0.8,0,ca,10.0,1201,1201,0,0,0
1EY0,P117A,-0.8,0,cb,6.0,325,325,0,0,0
1EY0,P117A,-0.8,0,cb,7.0,487,487,0,0,0
1EY0,P117A,-0.8,0,cb,8.0,681,681,0,0,0
1EY0,P117A,-0.8,0,cb,9.0,856,855,1,0,1
1EY0,P117A,-0.8,0,cb,10.0,1169,1169,0,0,0
1EY0,P117A,-0.8,0,centroid,6.0,239,242,0,3,3
1EY0,P117A,-0.8,0,centroid,7.0,395,392,3,0,3
1EY0,P117A,-0.8,0,centroid,8.0,542,544,1,3,4
1EY0,P117A,-0.8,0,centroid,9.0,751,750,3,2,5
1EY0,P117A,-0.8,0,centroid,10.0,1044,1044,3,3,6
1EY0,P117A,-0.8,0,allatom,6.0,864,867,1,4,5
1EY0,P117A,-0.8,0,allatom,7.0,1139,1140,1,2,3
1EY0,P117A,-0.8,0,allatom,8.0,1536,1539,0,3,3
1EY0,P117A,-0.8,0,allatom,9.0,1881,1882,1,2,3
1EY0,P117A,-0.8,0,allatom,10.0,2242,2241,2,1,3
1EY0,P117G,-0.9,1,ca,6.0,377,377,0,0,0
1EY0,P117G,-0.9,1,ca,7.0,550,550,0,0,0
1EY0,P117G,-0.9,1,ca,8.0,674,674,0,0,0
1EY0,P117G,-0.9,1,ca,9.0,899,899,0,0,0
1EY0,P117G,-0.9,1,ca,10.0,1201,1201,0,0,0
1EY0,P117G,-0.9,1,cb,6.0,325,326,0,1,1
1EY0,P117G,-0.9,1,cb,7.0,487,489,0,2,2
1EY0,P117G,-0.9,1,cb,8.0,681,682,0,1,1
1EY0,P117G,-0.9,1,cb,9.0,856,856,1,1,2
1EY0,P117G,-0.9,1,cb,10.0,1169,1170,0,1,1
1EY0,P117G,-0.9,1,centroid,6.0,239,242,1,4,5
1EY0,P117G,-0.9,1,centroid,7.0,395,395,2,2,4
1EY0,P117G,-0.9,1,centroid,8.0,542,544,1,3,4
1EY0,P117G,-0.9,1,centroid,9.0,751,752,3,4,7
1EY0,P117G,-0.9,1,centroid,10.0,1044,1046,6,8,14
1EY0,P117G,-0.9,1,allatom,6.0,864,866,3,5,8
1EY0,P117G,-0.9,1,allatom,7.0,1139,1140,3,4,7
1EY0,P117G,-0.9,1,allatom,8.0,1536,1541,0,5,5
1EY0,P117G,-0.9,1,allatom,9.0,1881,1881,2,2,4
1EY0,P117G,-0.9,1,allatom,10.0,2242,2242,3,3,6
1EY0,P117T,-1.1,0,ca,6.0,377,377,0,0,0
1EY0,P117T,-1.1,0,ca,7.0,550,550,0,0,0
1EY0,P117T,-1.1,0,ca,8.0,674,674,0,0,0
1EY0,P117T,-1.1,0,ca,9.0,899,899,0,0,0
1EY0,P117T,-1.1,0,ca,10.0,1201,1201,0,0,0
1EY0,P117T,-1.1,0,cb,6.0,325,325,0,0,0
1EY0,P117T,-1.1,0,cb,7.0,487,487,0,0,0
1EY0,P117T,-1.1,0,cb,8.0,681,681,0,0,0
1EY0,P117T,-1.1,0,cb,9.0,856,854,2,0,2
1EY0,P117T,-1.1,0,cb,10.0,1169,1169,0,0,0
1EY0,P117T,-1.1,0,centroid,6.0,239,239,1,1,2
1EY0,P117T,-1.1,0,centroid,7.0,395,391,4,0,4
1EY0,P117T,-1.1,0,centroid,8.0,542,543,1,2,3
1EY0,P117T,-1.1,0,centroid,9.0,751,750,3,2,5
1EY0,P117T,-1.1,0,centroid,10.0,1044,1041,7,4,11
1EY0,P117T,-1.1,0,allatom,6.0,864,867,1,4,5
1EY0,P117T,-1.1,0,allatom,7.0,1139,1139,2,2,4
1EY0,P117T,-1.1,0,allatom,8.0,1536,1539,0,3,3
1EY0,P117T,-1.1,0,allatom,9.0,1881,1882,2,3,5
1EY0,P117T,-1.1,0,allatom,10.0,2242,2240,3,1,4
1EY0,T120C,1.7,0,ca,6.0,377,377,0,0,0
1EY0,T120C,1.7,0,ca,7.0,550,550,0,0,0
1EY0,T120C,1.7,0,ca,8.0,674,674,0,0,0
1EY0,T120C,1.7,0,ca,9.0,899,899,0,0,0
1EY0,T120C,1.7,0,ca,10.0,1201,1201,0,0,0
1EY0,T120C,1.7,0,cb,6.0,325,325,0,0,0
1EY0,T120C,1.7,0,cb,7.0,487,487,0,0,0
1EY0,T120C,1.7,0,cb,8.0,681,681,0,0,0
1EY0,T120C,1.7,0,cb,9.0,856,855,1,0,1
1EY0,T120C,1.7,0,cb,10.0,1169,1169,0,0,0
1EY0,T120C,1.7,0,centroid,6.0,239,239,0,0,0
1EY0,T120C,1.7,0,centroid,7.0,395,392,3,0,3
1EY0,T120C,1.7,0,centroid,8.0,542,543,1,2,3
1EY0,T120C,1.7,0,centroid,9.0,751,748,5,2,7
1EY0,T120C,1.7,0,centroid,10.0,1044,1044,3,3,6
1EY0,T120C,1.7,0,allatom,6.0,864,867,1,4,5
1EY0,T120C,1.7,0,allatom,7.0,1139,1139,2,2,4
1EY0,T120C,1.7,0,allatom,8.0,1536,1539,0,3,3
1EY0,T120C,1.7,0,allatom,9.0,1881,1883,0,2,2
1EY0,T120C,1.7,0,allatom,10.0,2242,2240,3,1,4
1EY0,T120S,0.6,0,ca,6.0,377,377,0,0,0
1EY0,T120S,0.6,0,ca,7.0,550,550,0,0,0
1EY0,T120S,0.6,0,ca,8.0,674,674,0,0,0
1EY0,T120S,0.6,0,ca,9.0,899,899,0,0,0
1EY0,T120S,0.6,0,ca,10.0,1201,1201,0,0,0
1EY0,T120S,0.6,0,cb,6.0,325,325,0,0,0
1EY0,T120S,0.6,0,cb,7.0,487,487,0,0,0
1EY0,T120S,0.6,0,cb,8.0,681,681,0,0,0
1EY0,T120S,0.6,0,cb,9.0,856,855,1,0,1
1EY0,T120S,0.6,0,cb,10.0,1169,1169,0,0,0
1EY0,T120S,0.6,0,centroid,6.0,239,240,0,1,1
1EY0,T120S,0.6,0,centroid,7.0,395,393,2,0,2
1EY0,T120S,0.6,0,centroid,8.0,542,545,1,4,5
1EY0,T120S,0.6,0,centroid,9.0,751,752,3,4,7
1EY0,T120S,0.6,0,centroid,10.0,1044,1044,3,3,6
1EY0,T120S,0.6,0,allatom,6.0,864,867,1,4,5
1EY0,T120S,0.6,0,allatom,7.0,1139,1139,2,2,4
1EY0,T120S,0.6,0,allatom,8.0,1536,1538,1,3,4
1EY0,T120S,0.6,0,allatom,9.0,1881,1881,2,2,4
1EY0,T120S,0.6,0,allatom,10.0,2242,2239,4,1,5
1EY0,T120V,1.8,0,ca,6.0,377,377,0,0,0
1EY0,T120V,1.8,0,ca,7.0,550,550,0,0,0
1EY0,T120V,1.8,0,ca,8.0,674,674,0,0,0
1EY0,T120V,1.8,0,ca,9.0,899,899,0,0,0
1EY0,T120V,1.8,0,ca,10.0,1201,1201,0,0,0
1EY0,T120V,1.8,0,cb,6.0,325,325,0,0,0
1EY0,T120V,1.8,0,cb,7.0,487,487,0,0,0
1EY0,T120V,1.8,0,cb,8.0,681,680,1,0,1
1EY0,T120V,1.8,0,cb,9.0,856,855,1,0,1
1EY0,T120V,1.8,0,cb,10.0,1169,1169,0,0,0
1EY0,T120V,1.8,0,centroid,6.0,239,240,0,1,1
1EY0,T120V,1.8,0,centroid,7.0,395,393,2,0,2
1EY0,T120V,1.8,0,centroid,8.0,542,544,1,3,4
1EY0,T120V,1.8,0,centroid,9.0,751,749,4,2,6
1EY0,T120V,1.8,0,centroid,10.0,1044,1046,3,5,8
1EY0,T120V,1.8,0,allatom,6.0,864,868,2,6,8
1EY0,T120V,1.8,0,allatom,7.0,1139,1139,2,2,4
1EY0,T120V,1.8,0,allatom,8.0,1536,1541,1,6,7
1EY0,T120V,1.8,0,allatom,9.0,1881,1880,3,2,5
1EY0,T120V,1.8,0,allatom,10.0,2242,2243,3,4,7
1EY0,S128A,-0.7,0,ca,6.0,377,377,0,0,0
1EY0,S128A,-0.7,0,ca,7.0,550,550,0,0,0
1EY0,S128A,-0.7,0,ca,8.0,674,674,0,0,0
1EY0,S128A,-0.7,0,ca,9.0,899,899,0,0,0
1EY0,S128A,-0.7,0,ca,10.0,1201,1201,0,0,0
1EY0,S128A,-0.7,0,cb,6.0,325,325,0,0,0
1EY0,S128A,-0.7,0,cb,7.0,487,487,0,0,0
1EY0,S128A,-0.7,0,cb,8.0,681,681,0,0,0
1EY0,S128A,-0.7,0,cb,9.0,856,855,1,0,1
1EY0,S128A,-0.7,0,cb,10.0,1169,1169,0,0,0
1EY0,S128A,-0.7,0,centroid,6.0,239,241,5,7,12
1EY0,S128A,-0.7,0,centroid,7.0,395,394,6,5,11
1EY0,S128A,-0.7,0,centroid,8.0,542,543,5,6,11
1EY0,S128A,-0.7,0,centroid,9.0,751,754,6,9,15
1EY0,S128A,-0.7,0,centroid,10.0,1044,1045,8,9,17
1EY0,S128A,-0.7,0,allatom,6.0,864,867,2,5,7
1EY0,S128A,-0.7,0,allatom,7.0,1139,1142,4,7,11
1EY0,S128A,-0.7,0,allatom,8.0,1536,1543,3,10,13
1EY0,S128A,-0.7,0,allatom,9.0,1881,1886,1,6,7
1EY0,S128A,-0.7,0,allatom,10.0,2242,2244,3,5,8
1IHB,F71N,-0.7,0,ca,6.0,458,458,0,0,0
1IHB,F71N,-0.7,0,ca,7.0,633,633,0,0,0
1IHB,F71N,-0.7,0,ca,8.0,793,793,0,0,0
1IHB,F71N,-0.7,0,ca,9.0,1098,1098,0,0,0
1IHB,F71N,-0.7,0,ca,10.0,1454,1454,0,0,0
1IHB,F71N,-0.7,0,cb,6.0,384,384,0,0,0
1IHB,F71N,-0.7,0,cb,7.0,588,588,0,0,0
1IHB,F71N,-0.7,0,cb,8.0,823,823,0,0,0
1IHB,F71N,-0.7,0,cb,9.0,1071,1071,0,0,0
1IHB,F71N,-0.7,0,cb,10.0,1450,1450,0,0,0
1IHB,F71N,-0.7,0,centroid,6.0,303,304,0,1,1
1IHB,F71N,-0.7,0,centroid,7.0,487,488,0,1,1
1IHB,F71N,-0.7,0,centroid,8.0,690,691,0,1,1
1IHB,F71N,-0.7,0,centroid,9.0,981,980,3,2,5
1IHB,F71N,-0.7,0,centroid,10.0,1316,1322,0,6,6
1IHB,F71N,-0.7,0,allatom,6.0,1014,1012,2,0,2
1IHB,F71N,-0.7,0,allatom,7.0,1421,1422,2,3,5
1IHB,F71N,-0.7,0,allatom,8.0,1855,1854,2,1,3
1IHB,F71N,-0.7,0,allatom,9.0,2273,2273,4,4,8
1IHB,F71N,-0.7,0,allatom,10.0,2732,2729,4,1,5
1IHB,F82Q,0.4,0,ca,6.0,458,458,0,0,0
1IHB,F82Q,0.4,0,ca,7.0,633,633,0,0,0
1IHB,F82Q,0.4,0,ca,8.0,793,793,0,0,0
1IHB,F82Q,0.4,0,ca,9.0,1098,1098,0,0,0
1IHB,F82Q,0.4,0,ca,10.0,1454,1454,0,0,0
1IHB,F82Q,0.4,0,cb,6.0,384,384,0,0,0
1IHB,F82Q,0.4,0,cb,7.0,588,588,0,0,0
1IHB,F82Q,0.4,0,cb,8.0,823,823,0,0,0
1IHB,F82Q,0.4,0,cb,9.0,1071,1071,0,0,0
1IHB,F82Q,0.4,0,cb,10.0,1450,1450,0,0,0
1IHB,F82Q,0.4,0,centroid,6.0,303,303,0,0,0
1IHB,F82Q,0.4,0,centroid,7.0,487,487,0,0,0
1IHB,F82Q,0.4,0,centroid,8.0,690,692,0,2,2
1IHB,F82Q,0.4,0,centroid,9.0,981,982,1,2,3
1IHB,F82Q,0.4,0,centroid,10.0,1316,1315,1,0,1
1IHB,F82Q,0.4,0,allatom,6.0,1014,1014,0,0,0
1IHB,F82Q,0.4,0,allatom,7.0,1421,1420,1,0,1
1IHB,F82Q,0.4,0,allatom,8.0,1855,1855,0,0,0
1IHB,F82Q,0.4,0,allatom,9.0,2273,2273,0,0,0
1IHB,F82Q,0.4,0,allatom,10.0,2732,2732,0,0,0
1IHB,F92N,1.1,0,ca,6.0,458,458,0,0,0
1IHB,F92N,1.1,0,ca,7.0,633,633,0,0,0
1IHB,F92N,1.1,0,ca,8.0,793,793,0,0,0
1IHB,F92N,1.1,0,ca,9.0,1098,1098,0,0,0
1IHB,F92N,1.1,0,ca,10.0,1454,1454,0,0,0
1IHB,F92N,1.1,0,cb,6.0,384,384,0,0,0
1IHB,F92N,1.1,0,cb,7.0,588,588,0,0,0
1IHB,F92N,1.1,0,cb,8.0,823,823,0,0,0
1IHB,F92N,1.1,0,cb,9.0,1071,1071,0,0,0
1IHB,F92N,1.1,0,cb,10.0,1450,1450,0,0,0
1IHB,F92N,1.1,0,centroid,6.0,303,303,1,1,2
1IHB,F92N,1.1,0,centroid,7.0,487,488,0,1,1
1IHB,F92N,1.1,0,centroid,8.0,690,694,1,5,6
1IHB,F92N,1.1,0,centroid,9.0,981,982,0,1,1
1IHB,F92N,1.1,0,centroid,10.0,1316,1318,0,2,2
1IHB,F92N,1.1,0,allatom,6.0,1014,1015,0,1,1
1IHB,F92N,1.1,0,allatom,7.0,1421,1420,2,1,3
1IHB,F92N,1.1,0,allatom,8.0,1855,1856,0,1,1
1IHB,F92N,1.1,0,allatom,9.0,2273,2274,0,1,1
1IHB,F92N,1.1,0,allatom,10.0,2732,2732,0,0,0
1IOB,T9G,2.6,1,ca,6.0,386,386,0,0,0
1IOB,T9G,2.6,1,ca,7.0,595,595,0,0,0
1IOB,T9G,2.6,1,ca,8.0,733,733,0,0,0
1IOB,T9G,2.6,1,ca,9.0,951,951,0,0,0
1IOB,T9G,2.6,1,ca,10.0,1341,1341,0,0,0
1IOB,T9G,2.6,1,cb,6.0,339,339,1,1,2
1IOB,T9G,2.6,1,cb,7.0,504,504,1,1,2
1IOB,T9G,2.6,1,cb,8.0,702,702,1,1,2
1IOB,T9G,2.6,1,cb,9.0,911,914,0,3,3
1IOB,T9G,2.6,1,cb,10.0,1235,1235,1,1,2
1IOB,T9G,2.6,1,centroid,6.0,260,260,3,3,6
1IOB,T9G,2.6,1,centroid,7.0,413,413,4,4,8
1IOB,T9G,2.6,1,centroid,8.0,603,602,5,4,9
1IOB,T9G,2.6,1,centroid,9.0,835,834,6,5,11
1IOB,T9G,2.6,1,centroid,10.0,1143,1143,6,6,12
1IOB,T9G,2.6,1,allatom,6.0,921,920,2,1,3
1IOB,T9G,2.6,1,allatom,7.0,1216,1214,4,2,6
1IOB,T9G,2.6,1,allatom,8.0,1724,1715,9,0,9
1IOB,T9G,2.6,1,allatom,9.0,2101,2090,13,2,15
1IOB,T9G,2.6,1,allatom,10.0,2535,2529,7,1,8
1L63,M6A,1.9,0,ca,6.0,471,471,0,0,0
1L63,M6A,1.9,0,ca,7.0,627,627,0,0,0
1L63,M6A,1.9,0,ca,8.0,748,748,0,0,0
1L63,M6A,1.9,0,ca,9.0,1017,1017,0,0,0
1L63,M6A,1.9,0,ca,10.0,1343,1343,0,0,0
1L63,M6A,1.9,0,cb,6.0,376,376,0,0,0
1L63,M6A,1.9,0,cb,7.0,562,562,0,0,0
1L63,M6A,1.9,0,cb,8.0,783,783,0,0,0
1L63,M6A,1.9,0,cb,9.0,982,982,0,0,0
1L63,M6A,1.9,0,cb,10.0,1319,1319,0,0,0
1L63,M6A,1.9,0,centroid,6.0,295,293,3,1,4
1L63,M6A,1.9,0,centroid,7.0,482,481,4,3,7
1L63,M6A,1.9,0,centroid,8.0,668,668,3,3,6
1L63,M6A,1.9,0,centroid,9.0,930,926,5,1,6
1L63,M6A,1.9,0,centroid,10.0,1264,1268,0,4,4
1L63,M6A,1.9,0,allatom,6.0,1025,1021,5,1,6
1L63,M6A,1.9,0,allatom,7.0,1377,1370,8,1,9
1L63,M6A,1.9,0,allatom,8.0,1842,1832,11,1,12
1L63,M6A,1.9,0,allatom,9.0,2245,2234,12,1,13
1L63,M6A,1.9,0,allatom,10.0,2670,2656,14,0,14
1L63,M6L,2.8,0,ca,6.0,471,471,0,0,0
1L63,M6L,2.8,0,ca,7.0,627,627,0,0,0
1L63,M6L,2.8,0,ca,8.0,748,748,0,0,0
1L63,M6L,2.8,0,ca,9.0,1017,1017,0,0,0
1L63,M6L,2.8,0,ca,10.0,1343,1343,0,0,0
1L63,M6L,2.8,0,cb,6.0,376,376,0,0,0
1L63,M6L,2.8,0,cb,7.0,562,562,0,0,0
1L63,M6L,2.8,0,cb,8.0,783,783,0,0,0
1L63,M6L,2.8,0,cb,9.0,982,982,0,0,0
1L63,M6L,2.8,0,cb,10.0,1319,1319,0,0,0
1L63,M6L,2.8,0,centroid,6.0,295,293,2,0,2
1L63,M6L,2.8,0,centroid,7.0,482,480,3,1,4
1L63,M6L,2.8,0,centroid,8.0,668,668,0,0,0
1L63,M6L,2.8,0,centroid,9.0,930,927,3,0,3
1L63,M6L,2.8,0,centroid,10.0,1264,1265,2,3,5
1L63,M6L,2.8,0,allatom,6.0,1025,1023,3,1,4
1L63,M6L,2.8,0,allatom,7.0,1377,1377,4,4,8
1L63,M6L,2.8,0,allatom,8.0,1842,1840,6,4,10
1L63,M6L,2.8,0,allatom,9.0,2245,2244,5,4,9
1L63,M6L,2.8,0,allatom,10.0,2670,2668,3,1,4
1L63,E11H,-0.1,0,ca,6.0,471,471,0,0,0
1L63,E11H,-0.1,0,ca,7.0,627,627,0,0,0
1L63,E11H,-0.1,0,ca,8.0,748,748,0,0,0
1L63,E11H,-0.1,0,ca,9.0,1017,1017,0,0,0
1L63,E11H,-0.1,0,ca,10.0,1343,1343,0,0,0
1L63,E11H,-0.1,0,cb,6.0,376,376,0,0,0
1L63,E11H,-0.1,0,cb,7.0,562,562,0,0,0
1L63,E11H,-0.1,0,cb,8.0,783,783,0,0,0
1L63,E11H,-0.1,0,cb,9.0,982,982,0,0,0
1L63,E11H,-0.1,0,cb,10.0,1319,1319,0,0,0
1L63,E11H,-0.1,0,centroid,6.0,295,294,3,2,5
1L63,E11H,-0.1,0,centroid,7.0,482,483,0,1,1
1L63,E11H,-0.1,0,centroid,8.0,668,667,2,1,3
1L63,E11H,-0.1,0,centroid,9.0,930,926,4,0,4
1L63,E11H,-0.1,0,centroid,10.0,1264,1267,1,4,5
1L63,E11H,-0.1,0,allatom,6.0,1025,1025,1,1,2
1L63,E11H,-0.1,0,allatom,7.0,1377,1377,4,4,8
1L63,E11H,-0.1,0,allatom,8.0,1842,1843,3,4,7
1L63,E11H,-0.1,0,allatom,9.0,2245,2242,4,1,5
1L63,E11H,-0.1,0,allatom,10.0,2670,2668,5,3,8
1L63,E11N,0.1,0,ca,6.0,471,471,0,0,0
1L63,E11N,0.1,0,ca,7.0,627,627,0,0,0
1L63,E11N,0.1,0,ca,8.0,748,748,0,0,0
1L63,E11N,0.1,0,ca,9.0,1017,1017,0,0,0
1L63,E11N,0.1,0,ca,10.0,1343,1343,0,0,0
1L63,E11N,0.1,0,cb,6.0,376,376,0,0,0
1L63,E11N,0.1,0,cb,7.0,562,562,0,0,0
1L63,E11N,0.1,0,cb,8.0,783,783,0,0,0
1L63,E11N,0.1,0,cb,9.0,982,982,0,0,0
1L63,E11N,0.1,0,cb,10.0,1319,1319,0,0,0
1L63,E11N,0.1,0,centroid,6.0,295,296,1,2,3
1L63,E11N,0.1,0,centroid,7.0,482,481,1,0,1
1L63,E11N,0.1,0,centroid,8.0,668,667,2,1,3
1L63,E11N,0.1,0,centroid,9.0,930,927,4,1,5
1L63,E11N,0.1,0,centroid,10.0,1264,1268,2,6,8
1L63,E11N,0.1,0,allatom,6.0,1025,1022,4,1,5
1L63,E11N,0.1,0,allatom,7.0,1377,1379,4,6,10
1L63,E11N,0.1,0,allatom,8.0,1842,1840,5,3,8
1L63,E11N,0.1,0,allatom,9.0,2245,2242,4,1,5
1L63,E11N,0.1,0,allatom,10.0,2670,2667,6,3,9
1L63,I17A,2.7,0,ca,6.0,471,471,0,0,0
1L63,I17A,2.7,0,ca,7.0,627,627,0,0,0
1L63,I17A,2.7,0,ca,8.0,748,748,0,0,0
1L63,I17A,2.7,0,ca,9.0,1017,1017,0,0,0
1L63,I17A,2.7,0,ca,10.0,1343,1343,0,0,0
1L63,I17A,2.7,0,cb,6.0,376,376,0,0,0
1L63,I17A,2.7,0,cb,7.0,562,562,0,0,0
1L63,I17A,2.7,0,cb,8.0,783,783,0,0,0
1L63,I17A,2.7,0,cb,9.0,982,982,0,0,0
1L63,I17A,2.7,0,cb,10.0,1319,1319,0,0,0
1L63,I17A,2.7,0,centroid,6.0,295,289,6,0,6
1L63,I17A,2.7,0,centroid,7.0,482,482,3,3,6
1L63,I17A,2.7,0,centroid,8.0,668,670,3,5,8
1L63,I17A,2.7,0,centroid,9.0,930,928,5,3,8
1L63,I17A,2.7,0,centroid,10.0,1264,1253,13,2,15
1L63,I17A,2.7,0,allatom,6.0,1025,1021,4,0,4
1L63,I17A,2.7,0,allatom,7.0,1377,1369,9,1,10
1L63,I17A,2.7,0,allatom,8.0,1842,1832,10,0,10
1L63,I17A,2.7,0,allatom,9.0,2245,2238,8,1,9
1L63,I17A,2.7,0,allatom,10.0,2670,2664,6,0,6
1L63,D20A,0.3,0,ca,6.0,471,471,0,0,0
1L63,D20A,0.3,0,ca,7.0,627,627,0,0,0
1L63,D20A,0.3,0,ca,8.0,748,748,0,0,0
1L63,D20A,0.3,0,ca,9.0,1017,1017,0,0,0
1L63,D20A,0.3,0,ca,10.0,1343,1343,0,0,0
1L63,D20A,0.3,0,cb,6.0,376,376,0,0,0
1L63,D20A,0.3,0,cb,7.0,562,562,0,0,0
1L63,D20A,0.3,0,cb,8.0,783,783,0,0,0
1L63,D20A,0.3,0,cb,9.0,982,982,0,0,0
1L63,D20A,0.3,0,cb,10.0,1319,1319,0,0,0
1L63,D20A,0.3,0,centroid,6.0,295,294,2,1,3
1L63,D20A,0.3,0,centroid,7.0,482,482,1,1,2
1L63,D20A,0.3,0,centroid,8.0,668,666,3,1,4
1L63,D20A,0.3,0,centroid,9.0,930,929,2,1,3
1L63,D20A,0.3,0,centroid,10.0,1264,1266,0,2,2
1L63,D20A,0.3,0,allatom,6.0,1025,1022,3,0,3
1L63,D20A,0.3,0,allatom,7.0,1377,1372,6,1,7
1L63,D20A,0.3,0,allatom,8.0,1842,1842,2,2,4
1L63,D20A,0.3,0,allatom,9.0,2245,2242,3,0,3
1L63,D20A,0.3,0,allatom,10.0,2670,2666,5,1,6
1L63,D20N,-1.3,0,ca,6.0,471,471,0,0,0
1L63,D20N,-1.3,0,ca,7.0,627,627,0,0,0
1L63,D20N,-1.3,0,ca,8.0,748,748,0,0,0
1L63,D20N,-1.3,0,ca,9.0,1017,1017,0,0,0
1L63,D20N,-1.3,0,ca,10.0,1343,1343,0,0,0
1L63,D20N,-1.3,0,cb,6.0,376,376,0,0,0
1L63,D20N,-1.3,0,cb,7.0,562,562,0,0,0
1L63,D20N,-1.3,0,cb,8.0,783,783,0,0,0
1L63,D20N,-1.3,0,cb,9.0,982,982,0,0,0
1L63,D20N,-1.3,0,cb,10.0,1319,1319,0,0,0
1L63,D20N,-1.3,0,centroid,6.0,295,295,1,1,2
1L63,D20N,-1.3,0,centroid,7.0,482,482,0,0,0
1L63,D20N,-1.3,0,centroid,8.0,668,667,2,1,3
1L63,D20N,-1.3,0,centroid,9.0,930,933,0,3,3
1L63,D20N,-1.3,0,centroid,10.0,1264,1266,0,2,2
1L63,D20N,-1.3,0,allatom,6.0,1025,1024,1,0,1
1L63,D20N,-1.3,0,allatom,7.0,1377,1378,1,2,3
1L63,D20N,-1.3,0,allatom,8.0,1842,1844,0,2,2
1L63,D20N,-1.3,0,allatom,9.0,2245,2244,1,0,1
1L63,D20N,-1.3,0,allatom,10.0,2670,2671,0,1,1
1L63,D20S,-0.7,0,ca,6.0,471,471,0,0,0
1L63,D20S,-0.7,0,ca,7.0,627,627,0,0,0
1L63,D20S,-0.7,0,ca,8.0,748,748,0,0,0
1L63,D20S,-0.7,0,ca,9.0,1017,1017,0,0,0
1L63,D20S,-0.7,0,ca,10.0,1343,1343,0,0,0
1L63,D20S,-0.7,0,cb,6.0,376,376,0,0,0
1L63,D20S,-0.7,0,cb,7.0,562,562,0,0,0
1L63,D20S,-0.7,0,cb,8.0,783,783,0,0,0
1L63,D20S,-0.7,0,cb,9.0,982,982,0,0,0
1L63,D20S,-0.7,0,cb,10.0,1319,1319,0,0,0
1L63,D20S,-0.7,0,centroid,6.0,295,294,3,2,5
1L63,D20S,-0.7,0,centroid,7.0,482,482,2,2,4
1L63,D20S,-0.7,0,centroid,8.0,668,667,3,2,5
1L63,D20S,-0.7,0,centroid,9.0,930,930,2,2,4
1L63,D20S,-0.7,0,centroid,10.0,1264,1269,0,5,5
1L63,D20S,-0.7,0,allatom,6.0,1025,1025,2,2,4
1L63,D20S,-0.7,0,allatom,7.0,1377,1376,3,2,5
1L63,D20S,-0.7,0,allatom,8.0,1842,1844,2,4,6
1L63,D20S,-0.7,0,allatom,9.0,2245,2246,2,3,5
1L63,D20S,-0.7,0,allatom,10.0,2670,2669,6,5,11
1L63,I27A,3.1,0,ca,6.0,471,471,0,0,0
1L63,I27A,3.1,0,ca,7.0,627,627,0,0,0
1L63,I27A,3.1,0,ca,8.0,748,748,0,0,0
1L63,I27A,3.1,0,ca,9.0,1017,1017,0,0,0
1L63,I27A,3.1,0,ca,10.0,1343,1343,0,0,0
1L63,I27A,3.1,0,cb,6.0,376,376,0,0,0
1L63,I27A,3.1,0,cb,7.0,562,562,0,0,0
1L63,I27A,3.1,0,cb,8.0,783,783,0,0,0
1L63,I27A,3.1,0,cb,9.0,982,982,0,0,0
1L63,I27A,3.1,0,cb,10.0,1319,1319,0,0,0
1L63,I27A,3.1,0,centroid,6.0,295,296,0,1,1
1L63,I27A,3.1,0,centroid,7.0,482,482,1,1,2
1L63,I27A,3.1,0,centroid,8.0,668,665,4,1,5
1L63,I27A,3.1,0,centroid,9.0,930,930,0,0,0
1L63,I27A,3.1,0,centroid,10.0,1264,1265,1,2,3
1L63,I27A,3.1,0,allatom,6.0,1025,1024,1,0,1
1L63,I27A,3.1,0,allatom,7.0,1377,1374,3,0,3
1L63,I27A,3.1,0,allatom,8.0,1842,1836,6,0,6
1L63,I27A,3.1,0,allatom,9.0,2245,2241,4,0,4
1L63,I27A,3.1,0,allatom,10.0,2670,2668,2,0,2
1L63,I27M,3.1,0,ca,6.0,471,471,0,0,0
1L63,I27M,3.1,0,ca,7.0,627,627,0,0,0
1L63,I27M,3.1,0,ca,8.0,748,748,0,0,0
1L63,I27M,3.1,0,ca,9.0,1017,1017,0,0,0
1L63,I27M,3.1,0,ca,10.0,1343,1343,0,0,0
1L63,I27M,3.1,0,cb,6.0,376,376,0,0,0
1L63,I27M,3.1,0,cb,7.0,562,562,0,0,0
1L63,I27M,3.1,0,cb,8.0,783,783,0,0,0
1L63,I27M,3.1,0,cb,9.0,982,982,0,0,0
1L63,I27M,3.1,0,cb,10.0,1319,1319,0,0,0
1L63,I27M,3.1,0,centroid,6.0,295,297,1,3,4
1L63,I27M,3.1,0,centroid,7.0,482,482,3,3,6
1L63,I27M,3.1,0,centroid,8.0,668,667,3,2,5
1L63,I27M,3.1,0,centroid,9.0,930,929,3,2,5
1L63,I27M,3.1,0,centroid,10.0,1264,1266,2,4,6
1L63,I27M,3.1,0,allatom,6.0,1025,1029,1,5,6
1L63,I27M,3.1,0,allatom,7.0,1377,1380,1,4,5
1L63,I27M,3.1,0,allatom,8.0,1842,1841,4,3,7
1L63,I27M,3.1,0,allatom,9.0,2245,2245,3,3,6
1L63,I27M,3.1,0,allatom,10.0,2670,2674,1,5,6
1L63,I29A,2.6,0,ca,6.0,471,471,0,0,0
1L63,I29A,2.6,0,ca,7.0,627,627,0,0,0
1L63,I29A,2.6,0,ca,8.0,748,748,0,0,0
1L63,I29A,2.6,0,ca,9.0,1017,1017,0,0,0
1L63,I29A,2.6,0,ca,10.0,1343,1343,0,0,0
1L63,I29A,2.6,0,cb,6.0,376,376,0,0,0
1L63,I29A,2.6,0,cb,7.0,562,562,0,0,0
1L63,I29A,2.6,0,cb,8.0,783,783,0,0,0
1L63,I29A,2.6,0,cb,9.0,982,982,0,0,0
1L63,I29A,2.6,0,cb,10.0,1319,1319,0,0,0
1L63,I29A,2.6,0,centroid,6.0,295,291,5,1,6
1L63,I29A,2.6,0,centroid,7.0,482,481,4,3,7
1L63,I29A,2.6,0,centroid,8.0,668,670,3,5,8
1L63,I29A,2.6,0,centroid,9.0,930,935,2,7,9
1L63,I29A,2.6,0,centroid,10.0,1264,1263,8,7,15
1L63,I29A,2.6,0,allatom,6.0,1025,1023,3,1,4
1L63,I29A,2.6,0,allatom,7.0,1377,1372,8,3,11
1L63,I29A,2.6,0,allatom,8.0,1842,1840,5,3,8
1L63,I29A,2.6,0,allatom,9.0,2245,2238,7,0,7
1L63,I29A,2.6,0,allatom,10.0,2670,2671,1,2,3
1L63,S38N,0.0,0,ca,6.0,471,471,0,0,0
1L63,S38N,0.0,0,ca,7.0,627,627,0,0,0
1L63,S38N,0.0,0,ca,8.0,748,748,0,0,0
1L63,S38N,0.0,0,ca,9.0,1017,1017,0,0,0
1L63,S38N,0.0,0,ca,10.0,1343,1343,0,0,0
1L63,S38N,0.0,0,cb,6.0,376,376,0,0,0
1L63,S38N,0.0,0,cb,7.0,562,562,0,0,0
1L63,S38N,0.0,0,cb,8.0,783,783,0,0,0
1L63,S38N,0.0,0,cb,9.0,982,982,0,0,0
1L63,S38N,0.0,0,cb,10.0,1319,1319,0,0,0
1L63,S38N,0.0,0,centroid,6.0,295,295,1,1,2
1L63,S38N,0.0,0,centroid,7.0,482,480,2,0,2
1L63,S38N,0.0,0,centroid,8.0,668,666,3,1,4
1L63,S38N,0.0,0,centroid,9.0,930,929,3,2,5
1L63,S38N,0.0,0,centroid,10.0,1264,1262,2,0,2
1L63,S38N,0.0,0,allatom,6.0,1025,1024,1,0,1
1L63,S38N,0.0,0,allatom,7.0,1377,1376,1,0,1
1L63,S38N,0.0,0,allatom,8.0,1842,1841,1,0,1
1L63,S38N,0.0,0,allatom,9.0,2245,2245,0,0,0
1L63,S38N,0.0,0,allatom,10.0,2670,2670,0,0,0
1L63,A41S,0.6,0,ca,6.0,471,471,0,0,0
1L63,A41S,0.6,0,ca,7.0,627,627,0,0,0
1L63,A41S,0.6,0,ca,8.0,748,748,0,0,0
1L63,A41S,0.6,0,ca,9.0,1017,1017,0,0,0
1L63,A41S,0.6,0,ca,10.0,1343,1343,0,0,0
1L63,A41S,0.6,0,cb,6.0,376,376,0,0,0
1L63,A41S,0.6,0,cb,7.0,562,562,0,0,0
1L63,A41S,0.6,0,cb,8.0,783,783,0,0,0
1L63,A41S,0.6,0,cb,9.0,982,982,0,0,0
1L63,A41S,0.6,0,cb,10.0,1319,1319,0,0,0
1L63,A41S,0.6,0,centroid,6.0,295,294,1,0,1
1L63,A41S,0.6,0,centroid,7.0,482,481,1,0,1
1L63,A41S,0.6,0,centroid,8.0,668,668,0,0,0
1L63,A41S,0.6,0,centroid,9.0,930,931,0,1,1
1L63,A41S,0.6,0,centroid,10.0,1264,1265,0,1,1
1L63,A41S,0.6,0,allatom,6.0,1025,1027,0,2,2
1L63,A41S,0.6,0,allatom,7.0,1377,1378,0,1,1
1L63,A41S,0.6,0,allatom,8.0,1842,1842,0,0,0
1L63,A41S,0.6,0,allatom,9.0,2245,2245,0,0,0
1L63,A41S,0.6,0,allatom,10.0,2670,2671,0,1,1
1L63,A42V,2.7,0,ca,6.0,471,471,0,0,0
1L63,A42V,2.7,0,ca,7.0,627,627,0,0,0
1L63,A42V,2.7,0,ca,8.0,748,748,0,0,0
1L63,A42V,2.7,0,ca,9.0,1017,1017,0,0,0
1L63,A42V,2.7,0,ca,10.0,1343,1343,0,0,0
1L63,A42V,2.7,0,cb,6.0,376,376,0,0,0
1L63,A42V,2.7,0,cb,7.0,562,562,0,0,0
1L63,A42V,2.7,0,cb,8.0,783,783,0,0,0
1L63,A42V,2.7,0,cb,9.0,982,982,0,0,0
1L63,A42V,2.7,0,cb,10.0,1319,1319,0,0,0
1L63,A42V,2.7,0,centroid,6.0,295,294,2,1,3
1L63,A42V,2.7,0,centroid,7.0,482,485,0,3,3
1L63,A42V,2.7,0,centroid,8.0,668,668,1,1,2
1L63,A42V,2.7,0,centroid,9.0,930,930,1,1,2
1L63,A42V,2.7,0,centroid,10.0,1264,1263,2,1,3
1L63,A42V,2.7,0,allatom,6.0,1025,1026,0,1,1
1L63,A42V,2.7,0,allatom,7.0,1377,1379,1,3,4
1L63,A42V,2.7,0,allatom,8.0,1842,1845,0,3,3
1L63,A42V,2.7,0,allatom,9.0,2245,2246,1,2,3
1L63,A42V,2.7,0,allatom,10.0,2670,2673,0,3,3
1L63,A42S,2.3,0,ca,6.0,471,471,0,0,0
1L63,A42S,2.3,0,ca,7.0,627,627,0,0,0
1L63,A42S,2.3,0,ca,8.0,748,748,0,0,0
1L63,A42S,2.3,0,ca,9.0,1017,1017,0,0,0
1L63,A42S,2.3,0,ca,10.0,1343,1343,0,0,0
1L63,A42S,2.3,0,cb,6.0,376,376,0,0,0
1L63,A42S,2.3,0,cb,7.0,562,562,0,0,0
1L63,A42S,2.3,0,cb,8.0,783,783,0,0,0
1L63,A42S,2.3,0,cb,9.0,982,982,0,0,0
1L63,A42S,2.3,0,cb,10.0,1319,1319,0,0,0
1L63,A42S,2.3,0,centroid,6.0,295,295,1,1,2
1L63,A42S,2.3,0,centroid,7.0,482,483,0,1,1
1L63,A42S,2.3,0,centroid,8.0,668,667,2,1,3
1L63,A42S,2.3,0,centroid,9.0,930,930,2,2,4
1L63,A42S,2.3,0,centroid,10.0,1264,1262,4,2,6
1L63,A42S,2.3,0,allatom,6.0,1025,1024,1,0,1
1L63,A42S,2.3,0,allatom,7.0,1377,1375,2,0,2
1L63,A42S,2.3,0,allatom,8.0,1842,1843,0,1,1
1L63,A42S,2.3,0,allatom,9.0,2245,2246,0,1,1
1L63,A42S,2.3,0,allatom,10.0,2670,2670,0,0,0
1L63,K43A,1.0,0,ca,6.0,471,471,0,0,0
1L63,K43A,1.0,0,ca,7.0,627,627,0,0,0
1L63,K43A,1.0,0,ca,8.0,748,748,0,0,0
1L63,K43A,1.0,0,ca,9.0,1017,1017,0,0,0
1L63,K43A,1.0,0,ca,10.0,1343,1343,0,0,0
1L63,K43A,1.0,0,cb,6.0,376,376,0,0,0
1L63,K43A,1.0,0,cb,7.0,562,562,0,0,0
1L63,K43A,1.0,0,cb,8.0,783,783,0,0,0
1L63,K43A,1.0,0,cb,9.0,982,982,0,0,0
1L63,K43A,1.0,0,cb,10.0,1319,1319,0,0,0
1L63,K43A,1.0,0,centroid,6.0,295,295,3,3,6
1L63,K43A,1.0,0,centroid,7.0,482,484,1,3,4
1L63,K43A,1.0,0,centroid,8.0,668,670,1,3,4
1L63,K43A,1.0,0,centroid,9.0,930,933,1,4,5
1L63,K43A,1.0,0,centroid,10.0,1264,1264,3,3,6
1L63,K43A,1.0,0,allatom,6.0,1025,1023,2,0,2
1L63,K43A,1.0,0,allatom,7.0,1377,1376,2,1,3
1L63,K43A,1.0,0,allatom,8.0,1842,1841,1,0,1
1L63,K43A,1.0,0,allatom,9.0,2245,2246,0,1,1
1L63,K43A,1.0,0,allatom,10.0,2670,2670,0,0,0
1L63,S44A,-0.3,0,ca,6.0,471,471,0,0,0
1L63,S44A,-0.3,0,ca,7.0,627,627,0,0,0
1L63,S44A,-0.3,0,ca,8.0,748,748,0,0,0
1L63,S44A,-0.3,0,ca,9.0,1017,1017,0,0,0
1L63,S44A,-0.3,0,ca,10.0,1343,1343,0,0,0
1L63,S44A,-0.3,0,cb,6.0,376,376,0,0,0
1L63,S44A,-0.3,0,cb,7.0,562,562,0,0,0
1L63,S44A,-0.3,0,cb,8.0,783,783,0,0,0
1L63,S44A,-0.3,0,cb,9.0,982,982,0,0,0
1L63,S44A,-0.3,0,cb,10.0,1319,1319,0,0,0
1L63,S44A,-0.3,0,centroid,6.0,295,295,0,0,0
1L63,S44A,-0.3,0,centroid,7.0,482,482,0,0,0
1L63,S44A,-0.3,0,centroid,8.0,668,669,0,1,1
1L63,S44A,-0.3,0,centroid,9.0,930,930,0,0,0
1L63,S44A,-0.3,0,centroid,10.0,1264,1266,0,2,2
1L63,S44A,-0.3,0,allatom,6.0,1025,1025,0,0,0
1L63,S44A,-0.3,0,allatom,7.0,1377,1377,0,0,0
1L63,S44A,-0.3,0,allatom,8.0,1842,1842,0,0,0
1L63,S44A,-0.3,0,allatom,9.0,2245,2245,0,0,0
1L63,S44A,-0.3,0,allatom,10.0,2670,2670,0,0,0
1L63,S44I,-0.3,0,ca,6.0,471,471,0,0,0
1L63,S44I,-0.3,0,ca,7.0,627,627,0,0,0
1L63,S44I,-0.3,0,ca,8.0,748,748,0,0,0
1L63,S44I,-0.3,0,ca,9.0,1017,1017,0,0,0
1L63,S44I,-0.3,0,ca,10.0,1343,1343,0,0,0
1L63,S44I,-0.3,0,cb,6.0,376,376,0,0,0
1L63,S44I,-0.3,0,cb,7.0,562,562,0,0,0
1L63,S44I,-0.3,0,cb,8.0,783,783,0,0,0
1L63,S44I,-0.3,0,cb,9.0,982,982,0,0,0
1L63,S44I,-0.3,0,cb,10.0,1319,1319,0,0,0
1L63,S44I,-0.3,0,centroid,6.0,295,295,1,1,2
1L63,S44I,-0.3,0,centroid,7.0,482,483,1,2,3
1L63,S44I,-0.3,0,centroid,8.0,668,669,1,2,3
1L63,S44I,-0.3,0,centroid,9.0,930,928,2,0,2
1L63,S44I,-0.3,0,centroid,10.0,1264,1264,3,3,6
1L63,S44I,-0.3,0,allatom,6.0,1025,1024,1,0,1
1L63,S44I,-0.3,0,allatom,7.0,1377,1377,1,1,2
1L63,S44I,-0.3,0,allatom,8.0,1842,1842,0,0,0
1L63,S44I,-0.3,0,allatom,9.0,2245,2247,1,3,4
1L63,S44I,-0.3,0,allatom,10.0,2670,2669,1,0,1
1L63,S44L,-0.4,0,ca,6.0,471,471,0,0,0
1L63,S44L,-0.4,0,ca,7.0,627,627,0,0,0
1L63,S44L,-0.4,0,ca,8.0,748,748,0,0,0
1L63,S44L,-0.4,0,ca,9.0,1017,1017,0,0,0
1L63,S44L,-0.4,0,ca,10.0,1343,1343,0,0,0
1L63,S44L,-0.4,0,cb,6.0,376,376,0,0,0
1L63,S44L,-0.4,0,cb,7.0,562,562,0,0,0
1L63,S44L,-0.4,0,cb,8.0,783,783,0,0,0
1L63,S44L,-0.4,0,cb,9.0,982,982,0,0,0
1L63,S44L,-0.4,0,cb,10.0,1319,1319,0,0,0
1L63,S44L,-0.4,0,centroid,6.0,295,295,1,1,2
1L63,S44L,-0.4,0,centroid,7.0,482,481,2,1,3
1L63,S44L,-0.4,0,centroid,8.0,668,668,2,2,4
1L63,S44L,-0.4,0,centroid,9.0,930,928,2,0,2
1L63,S44L,-0.4,0,centroid,10.0,1264,1263,2,1,3
1L63,S44L,-0.4,0,allatom,6.0,1025,1025,0,0,0
1L63,S44L,-0.4,0,allatom,7.0,1377,1376,1,0,1
1L63,S44L,-0.4,0,allatom,8.0,1842,1842,0,0,0
1L63,S44L,-0.4,0,allatom,9.0,2245,2246,1,2,3
1L63,S44L,-0.4,0,allatom,10.0,2670,2668,2,0,2
1L63,S44K,-0.2,0,ca,6.0,471,471,0,0,0
1L63,S44K,-0.2,0,ca,7.0,627,627,0,0,0
1L63,S44K,-0.2,0,ca,8.0,748,748,0,0,0
1L63,S44K,-0.2,0,ca,9.0,1017,1017,0,0,0
1L63,S44K,-0.2,0,ca,10.0,1343,1343,0,0,0
1L63,S44K,-0.2,0,cb,6.0,376,376,0,0,0
1L63,S44K,-0.2,0,cb,7.0,562,562,0,0,0
1L63,S44K,-0.2,0,cb,8.0,783,783,0,0,0
1L63,S44K,-0.2,0,cb,9.0,982,982,0,0,0
1L63,S44K,-0.2,0,cb,10.0,1319,1319,0,0,0
1L63,S44K,-0.2,0,centroid,6.0,295,294,2,1,3
1L63,S44K,-0.2,0,centroid,7.0,482,481,2,1,3
1L63,S44K,-0.2,0,centroid,8.0,668,667,2,1,3
1L63,S44K,-0.2,0,centroid,9.0,930,928,2,0,2
1L63,S44K,-0.2,0,centroid,10.0,1264,1260,4,0,4
1L63,S44K,-0.2,0,allatom,6.0,1025,1025,0,0,0
1L63,S44K,-0.2,0,allatom,7.0,1377,1377,0,0,0
1L63,S44K,-0.2,0,allatom,8.0,1842,1841,1,0,1
1L63,S44K,-0.2,0,allatom,9.0,2245,2246,0,1,1
1L63,S44K,-0.2,0,allatom,10.0,2670,2670,0,0,0
1L63,S44E,0.0,0,ca,6.0,471,471,0,0,0
1L63,S44E,0.0,0,ca,7.0,627,627,0,0,0
1L63,S44E,0.0,0,ca,8.0,748,748,0,0,0
1L63,S44E,0.0,0,ca,9.0,1017,1017,0,0,0
1L63,S44E,0.0,0,ca,10.0,1343,1343,0,0,0
1L63,S44E,0.0,0,cb,6.0,376,376,0,0,0
1L63,S44E,0.0,0,cb,7.0,562,562,0,0,0
1L63,S44E,0.0,0,cb,8.0,783,783,0,0,0
1L63,S44E,0.0,0,cb,9.0,982,982,0,0,0
1L63,S44E,0.0,0,cb,10.0,1319,1319,0,0,0
1L63,S44E,0.0,0,centroid,6.0,295,294,2,1,3
1L63,S44E,0.0,0,centroid,7.0,482,480,3,1,4
1L63,S44E,0.0,0,centroid,8.0,668,667,2,1,3
1L63,S44E,0.0,0,centroid,9.0,930,928,2,0,2
1L63,S44E,0.0,0,centroid,10.0,1264,1261,3,0,3
1L63,S44E,0.0,0,allatom,6.0,1025,1025,0,0,0
1L63,S44E,0.0,0,allatom,7.0,1377,1377,0,0,0
1L63,S44E,0.0,0,allatom,8.0,1842,1841,1,0,1
1L63,S44E,0.0,0,allatom,9.0,2245,2246,0,1,1
1L63,S44E,0.0,0,allatom,10.0,2670,2670,0,0,0
1L63,S44G,0.5,1,ca,6.0,471,471,0,0,0
1L63,S44G,0.5,1,ca,7.0,627,627,0,0,0
1L63,S44G,0.5,1,ca,8.0,748,748,0,0,0
1L63,S44G,0.5,1,ca,9.0,1017,1017,0,0,0
1L63,S44G,0.5,1,ca,10.0,1343,1343,0,0,0
1L63,S44G,0.5,1,cb,6.0,376,377,1,2,3
1L63,S44G,0.5,1,cb,7.0,562,564,0,2,2
1L63,S44G,0.5,1,cb,8.0,783,783,0,0,0
1L63,S44G,0.5,1,cb,9.0,982,984,1,3,4
1L63,S44G,0.5,1,cb,10.0,1319,1322,1,4,5
1L63,S44G,0.5,1,centroid,6.0,295,295,1,1,2
1L63,S44G,0.5,1,centroid,7.0,482,484,0,2,2
1L63,S44G,0.5,1,centroid,8.0,668,670,0,2,2
1L63,S44G,0.5,1,centroid,9.0,930,934,1,5,6
1L63,S44G,0.5,1,centroid,10.0,1264,1267,1,4,5
1L63,S44G,0.5,1,allatom,6.0,1025,1025,0,0,0
1L63,S44G,0.5,1,allatom,7.0,1377,1377,0,0,0
1L63,S44G,0.5,1,allatom,8.0,1842,1842,0,0,0
1L63,S44G,0.5,1,allatom,9.0,2245,2245,0,0,0
1L63,S44G,0.5,1,allatom,10.0,2670,2670,0,0,0
1L63,S44R,-0.2,0,ca,6.0,471,471,0,0,0
1L63,S44R,-0.2,0,ca,7.0,627,627,0,0,0
1L63,S44R,-0.2,0,ca,8.0,748,748,0,0,0
1L63,S44R,-0.2,0,ca,9.0,1017,1017,0,0,0
1L63,S44R,-0.2,0,ca,10.0,1343,1343,0,0,0
1L63,S44R,-0.2,0,cb,6.0,376,376,0,0,0
1L63,S44R,-0.2,0,cb,7.0,562,562,0,0,0
1L63,S44R,-0.2,0,cb,8.0,783,783,0,0,0
1L63,S44R,-0.2,0,cb,9.0,982,982,0,0,0
1L63,S44R,-0.2,0,cb,10.0,1319,1319,0,0,0
1L63,S44R,-0.2,0,centroid,6.0,295,294,2,1,3
1L63,S44R,-0.2,0,centroid,7.0,482,479,3,0,3
1L63,S44R,-0.2,0,centroid,8.0,668,666,4,2,6
1L63,S44R,-0.2,0,centroid,9.0,930,927,4,1,5
1L63,S44R,-0.2,0,centroid,10.0,1264,1263,4,3,7
1L63,S44R,-0.2,0,allatom,6.0,1025,1026,0,1,1
1L63,S44R,-0.2,0,allatom,7.0,1377,1379,0,2,2
1L63,S44R,-0.2,0,allatom,8.0,1842,1843,0,1,1
1L63,S44R,-0.2,0,allatom,9.0,2245,2245,0,0,0
1L63,S44R,-0.2,0,allatom,10.0,2670,2670,0,0,0
1L63,S44N,0.1,0,ca,6.0,471,471,0,0,0
1L63,S44N,0.1,0,ca,7.0,627,627,0,0,0
1L63,S44N,0.1,0,ca,8.0,748,748,0,0,0
1L63,S44N,0.1,0,ca,9.0,1017,1017,0,0,0
1L63,S44N,0.1,0,ca,10.0,1343,1343,0,0,0
1L63,S44N,0.1,0,cb,6.0,376,376,0,0,0
1L63,S44N,0.1,0,cb,7.0,562,562,0,0,0
1L63,S44N,0.1,0,cb,8.0,783,783,0,0,0
1L63,S44N,0.1,0,cb,9.0,982,982,0,0,0
1L63,S44N,0.1,0,cb,10.0,1319,1319,0,0,0
1L63,S44N,0.1,0,centroid,6.0,295,293,2,0,2
1L63,S44N,0.1,0,centroid,7.0,482,481,2,1,3
1L63,S44N,0.1,0,centroid,8.0,668,668,1,1,2
1L63,S44N,0.1,0,centroid,9.0,930,929,2,1,3
1L63,S44N,0.1,0,centroid,10.0,1264,1261,3,0,3
1L63,S44N,0.1,0,allatom,6.0,1025,1025,0,0,0
1L63,S44N,0.1,0,allatom,7.0,1377,1377,0,0,0
1L63,S44N,0.1,0,allatom,8.0,1842,1842,0,0,0
1L63,S44N,0.1,0,allatom,9.0,2245,2245,0,0,0
1L63,S44N,0.1,0,allatom,10.0,2670,2670,0,0,0
1L63,S44F,-0.1,0,ca,6.0,471,471,0,0,0
1L63,S44F,-0.1,0,ca,7.0,627,627,0,0,0
1L63,S44F,-0.1,0,ca,8.0,748,748,0,0,0
1L63,S44F,-0.1,0,ca,9.0,1017,1017,0,0,0
1L63,S44F,-0.1,0,ca,10.0,1343,1343,0,0,0
1L63,S44F,-0.1,0,cb,6.0,376,376,0,0,0
1L63,S44F,-0.1,0,cb,7.0,562,562,0,0,0
1L63,S44F,-0.1,0,cb,8.0,783,783,0,0,0
1L63,S44F,-0.1,0,cb,9.0,982,982,0,0,0
1L63,S44F,-0.1,0,cb,10.0,1319,1319,0,0,0
1L63,S44F,-0.1,0,centroid,6.0,295,295,1,1,2
1L63,S44F,-0.1,0,centroid,7.0,482,480,2,0,2
1L63,S44F,-0.1,0,centroid,8.0,668,666,2,0,2
1L63,S44F,-0.1,0,centroid,9.0,930,926,4,0,4
1L63,S44F,-0.1,0,centroid,10.0,1264,1262,2,0,2
1L63,S44F,-0.1,0,allatom,6.0,1025,1025,0,0,0
1L63,S44F,-0.1,0,allatom,7.0,1377,1377,0,0,0
1L63,S44F,-0.1,0,allatom,8.0,1842,1842,0,0,0
1L63,S44F,-0.1,0,allatom,9.0,2245,2246,0,1,1
1L63,S44F,-0.1,0,allatom,10.0,2670,2670,0,0,0
1L63,S44P,3.0,0,ca,6.0,471,471,0,0,0
1L63,S44P,3.0,0,ca,7.0,627,627,0,0,0
1L63,S44P,3.0,0,ca,8.0,748,748,0,0,0
1L63,S44P,3.0,0,ca,9.0,1017,1017,0,0,0
1L63,S44P,3.0,0,ca,10.0,1343,1343,0,0,0
1L63,S44P,3.0,0,cb,6.0,376,375,1,0,1
1L63,S44P,3.0,0,cb,7.0,562,563,0,1,1
1L63,S44P,3.0,0,cb,8.0,783,783,0,0,0
1L63,S44P,3.0,0,cb,9.0,982,982,0,0,0
1L63,S44P,3.0,0,cb,10.0,1319,1319,0,0,0
1L63,S44P,3.0,0,centroid,6.0,295,294,2,1,3
1L63,S44P,3.0,0,centroid,7.0,482,485,1,4,5
1L63,S44P,3.0,0,centroid,8.0,668,668,2,2,4
1L63,S44P,3.0,0,centroid,9.0,930,931,1,2,3
1L63,S44P,3.0,0,centroid,10.0,1264,1266,2,4,6
1L63,S44P,3.0,0,allatom,6.0,1025,1025,1,1,2
1L63,S44P,3.0,0,allatom,7.0,1377,1377,0,0,0
1L63,S44P,3.0,0,allatom,8.0,1842,1841,1,0,1
1L63,S44P,3.0,0,allatom,9.0,2245,2247,0,2,2
1L63,S44P,3.0,0,allatom,10.0,2670,2671,0,1,1
1L63,S44T,0.0,0,ca,6.0,471,471,0,0,0
1L63,S44T,0.0,0,ca,7.0,627,627,0,0,0
1L63,S44T,0.0,0,ca,8.0,748,748,0,0,0
1L63,S44T,0.0,0,ca,9.0,1017,1017,0,0,0
1L63,S44T,0.0,0,ca,10.0,1343,1343,0,0,0
1L63,S44T,0.0,0,cb,6.0,376,376,0,0,0
1L63,S44T,0.0,0,cb,7.0,562,562,0,0,0
1L63,S44T,0.0,0,cb,8.0,783,783,0,0,0
1L63,S44T,0.0,0,cb,9.0,982,982,0,0,0
1L63,S44T,0.0,0,cb,10.0,1319,1319,0,0,0
1L63,S44T,0.0,0,centroid,6.0,295,294,1,0,1
1L63,S44T,0.0,0,centroid,7.0,482,482,0,0,0
1L63,S44T,0.0,0,centroid,8.0,668,669,0,1,1
1L63,S44T,0.0,0,centroid,9.0,930,930,0,0,0
1L63,S44T,0.0,0,centroid,10.0,1264,1263,1,0,1
1L63,S44T,0.0,0,allatom,6.0,1025,1025,0,0,0
1L63,S44T,0.0,0,allatom,7.0,1377,1377,0,0,0
1L63,S44T,0.0,0,allatom,8.0,1842,1842,0,0,0
1L63,S44T,0.0,0,allatom,9.0,2245,2245,0,0,0
1L63,S44T,0.0,0,allatom,10.0,2670,2670,0,0,0
1L63,S44V,-0.1,0,ca,6.0,471,471,0,0,0
1L63,S44V,-0.1,0,ca,7.0,627,627,0,0,0
1L63,S44V,-0.1,0,ca,8.0,748,748,0,0,0
1L63,S44V,-0.1,0,ca,9.0,1017,1017,0,0,0
1L63,S44V,-0.1,0,ca,10.0,1343,1343,0,0,0
1L63,S44V,-0.1,0,cb,6.0,376,376,0,0,0
1L63,S44V,-0.1,0,cb,7.0,562,562,0,0,0
1L63,S44V,-0.1,0,cb,8.0,783,783,0,0,0
1L63,S44V,-0.1,0,cb,9.0,982,982,0,0,0
1L63,S44V,-0.1,0,cb,10.0,1319,1319,0,0,0
1L63,S44V,-0.1,0,centroid,6.0,295,296,0,1,1
1L63,S44V,-0.1,0,centroid,7.0,482,481,1,0,1
1L63,S44V,-0.1,0,centroid,8.0,668,669,0,1,1
1L63,S44V,-0.1,0,centroid,9.0,930,930,0,0,0
1L63,S44V,-0.1,0,centroid,10.0,1264,1263,2,1,3
1L63,S44V,-0.1,0,allatom,6.0,1025,1025,0,0,0
1L63,S44V,-0.1,0,allatom,7.0,1377,1377,1,1,2
1L63,S44V,-0.1,0,allatom,8.0,1842,1843,0,1,1
1L63,S44V,-0.1,0,allatom,9.0,2245,2245,1,1,2
1L63,S44V,-0.1,0,allatom,10.0,2670,2669,1,0,1
1L63,L46A,1.9,0,ca,6.0,471,471,0,0,0
1L63,L46A,1.9,0,ca,7.0,627,627,0,0,0
1L63,L46A,1.9,0,ca,8.0,748,748,0,0,0
1L63,L46A,1.9,0,ca,9.0,1017,1017,0,0,0
1L63,L46A,1.9,0,ca,10.0,1343,1343,0,0,0
1L63,L46A,1.9,0,cb,6.0,376,376,0,0,0
1L63,L46A,1.9,0,cb,7.0,562,562,0,0,0
1L63,L46A,1.9,0,cb,8.0,783,783,0,0,0
1L63,L46A,1.9,0,cb,9.0,982,982,0,0,0
1L63,L46A,1.9,0,cb,10.0,1319,1319,0,0,0
1L63,L46A,1.9,0,centroid,6.0,295,294,2,1,3
1L63,L46A,1.9,0,centroid,7.0,482,483,1,2,3
1L63,L46A,1.9,0,centroid,8.0,668,669,1,2,3
1L63,L46A,1.9,0,centroid,9.0,930,926,5,1,6
1L63,L46A,1.9,0,centroid,10.0,1264,1265,2,3,5
1L63,L46A,1.9,0,allatom,6.0,1025,1022,3,0,3
1L63,L46A,1.9,0,allatom,7.0,1377,1373,4,0,4
1L63,L46A,1.9,0,allatom,8.0,1842,1839,3,0,3
1L63,L46A,1.9,0,allatom,9.0,2245,2240,5,0,5
1L63,L46A,1.9,0,allatom,10.0,2670,2667,3,0,3
1L63,D47A,1.0,0,ca,6.0,471,471,0,0,0
1L63,D47A,1.0,0,ca,7.0,627,627,0,0,0
1L63,D47A,1.0,0,ca,8.0,748,748,0,0,0
1L63,D47A,1.0,0,ca,9.0,1017,1017,0,0,0
1L63,D47A,1.0,0,ca,10.0,1343,1343,0,0,0
1L63,D47A,1.0,0,cb,6.0,376,376,0,0,0
1L63,D47A,1.0,0,cb,7.0,562,562,0,0,0
1L63,D47A,1.0,0,cb,8.0,783,783,0,0,0
1L63,D47A,1.0,0,cb,9.0,982,982,0,0,0
1L63,D47A,1.0,0,cb,10.0,1319,1319,0,0,0
1L63,D47A,1.0,0,centroid,6.0,295,294,1,0,1
1L63,D47A,1.0,0,centroid,7.0,482,483,0,1,1
1L63,D47A,1.0,0,centroid,8.0,668,667,4,3,7
1L63,D47A,1.0,0,centroid,9.0,930,930,3,3,6
1L63,D47A,1.0,0,centroid,10.0,1264,1260,4,0,4
1L63,D47A,1.0,0,allatom,6.0,1025,1022,3,0,3
1L63,D47A,1.0,0,allatom,7.0,1377,1375,2,0,2
1L63,D47A,1.0,0,allatom,8.0,1842,1841,1,0,1
1L63,D47A,1.0,0,allatom,9.0,2245,2245,0,0,0
1L63,D47A,1.0,0,allatom,10.0,2670,2670,1,1,2
1L63,A49S,0.5,0,ca,6.0,471,471,0,0,0
1L63,A49S,0.5,0,ca,7.0,627,627,0,0,0
1L63,A49S,0.5,0,ca,8.0,748,748,0,0,0
1L63,A49S,0.5,0,ca,9.0,1017,1017,0,0,0
1L63,A49S,0.5,0,ca,10.0,1343,1343,0,0,0
1L63,A49S,0.5,0,cb,6.0,376,376,0,0,0
1L63,A49S,0.5,0,cb,7.0,562,562,0,0,0
1L63,A49S,0.5,0,cb,8.0,783,783,0,0,0
1L63,A49S,0.5,0,cb,9.0,982,982,0,0,0
1L63,A49S,0.5,0,cb,10.0,1319,1319,0,0,0
1L63,A49S,0.5,0,centroid,6.0,295,296,0,1,1
1L63,A49S,0.5,0,centroid,7.0,482,481,1,0,1
1L63,A49S,0.5,0,centroid,8.0,668,671,1,4,5
1L63,A49S,0.5,0,centroid,9.0,930,930,1,1,2
1L63,A49S,0.5,0,centroid,10.0,1264,1265,0,1,1
1L63,A49S,0.5,0,allatom,6.0,1025,1025,0,0,0
1L63,A49S,0.5,0,allatom,7.0,1377,1381,0,4,4
1L63,A49S,0.5,0,allatom,8.0,1842,1842,0,0,0
1L63,A49S,0.5,0,allatom,9.0,2245,2246,0,1,1
1L63,A49S,0.5,0,allatom,10.0,2670,2676,0,6,6
1L63,I50A,2.0,0,ca,6.0,471,471,0,0,0
1L63,I50A,2.0,0,ca,7.0,627,627,0,0,0
1L63,I50A,2.0,0,ca,8.0,748,748,0,0,0
1L63,I50A,2.0,0,ca,9.0,1017,1017,0,0,0
1L63,I50A,2.0,0,ca,10.0,1343,1343,0,0,0
1L63,I50A,2.0,0,cb,6.0,376,376,0,0,0
1L63,I50A,2.0,0,cb,7.0,562,562,0,0,0
1L63,I50A,2.0,0,cb,8.0,783,783,0,0,0
1L63,I50A,2.0,0,cb,9.0,982,982,0,0,0
1L63,I50A,2.0,0,cb,10.0,1319,1319,0,0,0
1L63,I50A,2.0,0,centroid,6.0,295,293,2,0,2
1L63,I50A,2.0,0,centroid,7.0,482,483,0,1,1
1L63,I50A,2.0,0,centroid,8.0,668,667,1,0,1
1L63,I50A,2.0,0,centroid,9.0,930,929,1,0,1
1L63,I50A,2.0,0,centroid,10.0,1264,1265,1,2,3
1L63,I50A,2.0,0,allatom,6.0,1025,1024,1,0,1
1L63,I50A,2.0,0,allatom,7.0,1377,1372,5,0,5
1L63,I50A,2.0,0,allatom,8.0,1842,1839,3,0,3
1L63,I50A,2.0,0,allatom,9.0,2245,2239,6,0,6
1L63,I50A,2.0,0,allatom,10.0,2670,2661,9,0,9
1L63,I50M,0.4,0,ca,6.0,471,471,0,0,0
1L63,I50M,0.4,0,ca,7.0,627,627,0,0,0
1L63,I50M,0.4,0,ca,8.0,748,748,0,0,0
1L63,I50M,0.4,0,ca,9.0,1017,1017,0,0,0
1L63,I50M,0.4,0,ca,10.0,1343,1343,0,0,0
1L63,I50M,0.4,0,cb,6.0,376,376,0,0,0
1L63,I50M,0.4,0,cb,7.0,562,562,0,0,0
1L63,I50M,0.4,0,cb,8.0,783,783,0,0,0
1L63,I50M,0.4,0,cb,9.0,982,982,0,0,0
1L63,I50M,0.4,0,cb,10.0,1319,1319,0,0,0
1L63,I50M,0.4,0,centroid,6.0,295,292,3,0,3
1L63,I50M,0.4,0,centroid,7.0,482,483,1,2,3
1L63,I50M,0.4,0,centroid,8.0,668,671,0,3,3
1L63,I50M,0.4,0,centroid,9.0,930,936,0,6,6
1L63,I50M,0.4,0,centroid,10.0,1264,1264,2,2,4
1L63,I50M,0.4,0,allatom,6.0,1025,1026,0,1,1
1L63,I50M,0.4,0,allatom,7.0,1377,1379,0,2,2
1L63,I50M,0.4,0,allatom,8.0,1842,1843,0,1,1
1L63,I50M,0.4,0,allatom,9.0,2245,2248,0,3,3
1L63,I50M,0.4,0,allatom,10.0,2670,2673,0,3,3
1L63,I58A,3.2,0,ca,6.0,471,471,0,0,0
1L63,I58A,3.2,0,ca,7.0,627,627,0,0,0
1L63,I58A,3.2,0,ca,8.0,748,748,0,0,0
1L63,I58A,3.2,0,ca,9.0,1017,1017,0,0,0
1L63,I58A,3.2,0,ca,10.0,1343,1343,0,0,0
1L63,I58A,3.2,0,cb,6.0,376,376,0,0,0
1L63,I58A,3.2,0,cb,7.0,562,562,0,0,0
1L63,I58A,3.2,0,cb,8.0,783,783,0,0,0
1L63,I58A,3.2,0,cb,9.0,982,982,0,0,0
1L63,I58A,3.2,0,cb,10.0,1319,1319,0,0,0
1L63,I58A,3.2,0,centroid,6.0,295,298,0,3,3
1L63,I58A,3.2,0,centroid,7.0,482,482,1,1,2
1L63,I58A,3.2,0,centroid,8.0,668,667,1,0,1
1L63,I58A,3.2,0,centroid,9.0,930,926,5,1,6
1L63,I58A,3.2,0,centroid,10.0,1264,1265,1,2,3
1L63,I58A,3.2,0,allatom,6.0,1025,1022,3,0,3
1L63,I58A,3.2,0,allatom,7.0,1377,1374,3,0,3
1L63,I58A,3.2,0,allatom,8.0,1842,1833,9,0,9
1L63,I58A,3.2,0,allatom,9.0,2245,2238,9,2,11
1L63,I58A,3.2,0,allatom,10.0,2670,2664,6,0,6
1L63,I58T,3.4,0,ca,6.0,471,471,0,0,0
1L63,I58T,3.4,0,ca,7.0,627,627,0,0,0
1L63,I58T,3.4,0,ca,8.0,748,748,0,0,0
1L63,I58T,3.4,0,ca,9.0,1017,1017,0,0,0
1L63,I58T,3.4,0,ca,10.0,1343,1343,0,0,0
1L63,I58T,3.4,0,cb,6.0,376,376,0,0,0
1L63,I58T,3.4,0,cb,7.0,562,562,0,0,0
1L63,I58T,3.4,0,cb,8.0,783,783,0,0,0
1L63,I58T,3.4,0,cb,9.0,982,982,0,0,0
1L63,I58T,3.4,0,cb,10.0,1319,1319,0,0,0
1L63,I58T,3.4,0,centroid,6.0,295,297,0,2,2
1L63,I58T,3.4,0,centroid,7.0,482,483,0,1,1
1L63,I58T,3.4,0,centroid,8.0,668,668,0,0,0
1L63,I58T,3.4,0,centroid,9.0,930,927,3,0,3
1L63,I58T,3.4,0,centroid,10.0,1264,1265,0,1,1
1L63,I58T,3.4,0,allatom,6.0,1025,1025,0,0,0
1L63,I58T,3.4,0,allatom,7.0,1377,1376,1,0,1
1L63,I58T,3.4,0,allatom,8.0,1842,1836,6,0,6
1L63,I58T,3.4,0,allatom,9.0,2245,2243,4,2,6
1L63,I58T,3.4,0,allatom,10.0,2670,2668,2,0,2
1L63,T59A,1.5,0,ca,6.0,471,471,0,0,0
1L63,T59A,1.5,0,ca,7.0,627,627,0,0,0
1L63,T59A,1.5,0,ca,8.0,748,748,0,0,0
1L63,T59A,1.5,0,ca,9.0,1017,1017,0,0,0
1L63,T59A,1.5,0,ca,10.0,1343,1343,0,0,0
1L63,T59A,1.5,0,cb,6.0,376,376,0,0,0
1L63,T59A,1.5,0,cb,7.0,562,562,0,0,0
1L63,T59A,1.5,0,cb,8.0,783,783,0,0,0
1L63,T59A,1.5,0,cb,9.0,982,982,0,0,0
1L63,T59A,1.5,0,cb,10.0,1319,1319,0,0,0
1L63,T59A,1.5,0,centroid,6.0,295,295,0,0,0
1L63,T59A,1.5,0,centroid,7.0,482,483,0,1,1
1L63,T59A,1.5,0,centroid,8.0,668,669,0,1,1
1L63,T59A,1.5,0,centroid,9.0,930,930,0,0,0
1L63,T59A,1.5,0,centroid,10.0,1264,1265,0,1,1
1L63,T59A,1.5,0,allatom,6.0,1025,1025,0,0,0
1L63,T59A,1.5,0,allatom,7.0,1377,1377,0,0,0
1L63,T59A,1.5,0,allatom,8.0,1842,1842,0,0,0
1L63,T59A,1.5,0,allatom,9.0,2245,2244,1,0,1
1L63,T59A,1.5,0,allatom,10.0,2670,2670,0,0,0
1L63,T59D,1.2,0,ca,6.0,471,471,0,0,0
1L63,T59D,1.2,0,ca,7.0,627,627,0,0,0
1L63,T59D,1.2,0,ca,8.0,748,748,0,0,0
1L63,T59D,1.2,0,ca,9.0,1017,1017,0,0,0
1L63,T59D,1.2,0,ca,10.0,1343,1343,0,0,0
1L63,T59D,1.2,0,cb,6.0,376,376,0,0,0
1L63,T59D,1.2,0,cb,7.0,562,562,0,0,0
1L63,T59D,1.2,0,cb,8.0,783,783,0,0,0
1L63,T59D,1.2,0,cb,9.0,982,982,0,0,0
1L63,T59D,1.2,0,cb,10.0,1319,1319,0,0,0
1L63,T59D,1.2,0,centroid,6.0,295,295,1,1,2
1L63,T59D,1.2,0,centroid,7.0,482,485,4,7,11
1L63,T59D,1.2,0,centroid,8.0,668,668,3,3,6
1L63,T59D,1.2,0,centroid,9.0,930,928,4,2,6
1L63,T59D,1.2,0,centroid,10.0,1264,1267,2,5,7
1L63,T59D,1.2,0,allatom,6.0,1025,1025,1,1,2
1L63,T59D,1.2,0,allatom,7.0,1377,1377,0,0,0
1L63,T59D,1.2,0,allatom,8.0,1842,1842,0,0,0
1L63,T59D,1.2,0,allatom,9.0,2245,2244,2,1,3
1L63,T59D,1.2,0,allatom,10.0,2670,2676,0,6,6
1L63,T59G,1.6,1,ca,6.0,471,471,0,0,0
1L63,T59G,1.6,1,ca,7.0,627,627,0,0,0
1L63,T59G,1.6,1,ca,8.0,748,748,0,0,0
1L63,T59G,1.6,1,ca,9.0,1017,1017,0,0,0
1L63,T59G,1.6,1,ca,10.0,1343,1343,0,0,0
1L63,T59G,1.6,1,cb,6.0,376,378,0,2,2
1L63,T59G,1.6,1,cb,7.0,562,562,0,0,0
1L63,T59G,1.6,1,cb,8.0,783,784,0,1,1
1L63,T59G,1.6,1,cb,9.0,982,984,0,2,2
1L63,T59G,1.6,1,cb,10.0,1319,1322,0,3,3
1L63,T59G,1.6,1,centroid,6.0,295,297,1,3,4
1L63,T59G,1.6,1,centroid,7.0,482,483,0,1,1
1L63,T59G,1.6,1,centroid,8.0,668,669,1,2,3
1L63,T59G,1.6,1,centroid,9.0,930,933,0,3,3
1L63,T59G,1.6,1,centroid,10.0,1264,1267,0,3,3
1L63,T59G,1.6,1,allatom,6.0,1025,1025,0,0,0
1L63,T59G,1.6,1,allatom,7.0,1377,1377,0,0,0
1L63,T59G,1.6,1,allatom,8.0,1842,1842,0,0,0
1L63,T59G,1.6,1,allatom,9.0,2245,2245,0,0,0
1L63,T59G,1.6,1,allatom,10.0,2670,2670,0,0,0
1L63,T59N,1.1,0,ca,6.0,471,471,0,0,0
1L63,T59N,1.1,0,ca,7.0,627,627,0,0,0
1L63,T59N,1.1,0,ca,8.0,748,748,0,0,0
1L63,T59N,1.1,0,ca,9.0,1017,1017,0,0,0
1L63,T59N,1.1,0,ca,10.0,1343,1343,0,0,0
1L63,T59N,1.1,0,cb,6.0,376,376,0,0,0
1L63,T59N,1.1,0,cb,7.0,562,562,0,0,0
1L63,T59N,1.1,0,cb,8.0,783,783,0,0,0
1L63,T59N,1.1,0,cb,9.0,982,982,0,0,0
1L63,T59N,1.1,0,cb,10.0,1319,1319,0,0,0
1L63,T59N,1.1,0,centroid,6.0,295,295,1,1,2
1L63,T59N,1.1,0,centroid,7.0,482,481,2,1,3
1L63,T59N,1.1,0,centroid,8.0,668,667,2,1,3
1L63,T59N,1.1,0,centroid,9.0,930,927,4,1,5
1L63,T59N,1.1,0,centroid,10.0,1264,1265,1,2,3
1L63,T59N,1.1,0,allatom,6.0,1025,1024,1,0,1
1L63,T59N,1.1,0,allatom,7.0,1377,1377,0,0,0
1L63,T59N,1.1,0,allatom,8.0,1842,1842,0,0,0
1L63,T59N,1.1,0,allatom,9.0,2245,2243,2,0,2
1L63,T59N,1.1,0,allatom,10.0,2670,2670,0,0,0
1L63,T59S,0.2,0,ca,6.0,471,471,0,0,0
1L63,T59S,0.2,0,ca,7.0,627,627,0,0,0
1L63,T59S,0.2,0,ca,8.0,748,748,0,0,0
1L63,T59S,0.2,0,ca,9.0,1017,1017,0,0,0
1L63,T59S,0.2,0,ca,10.0,1343,1343,0,0,0
1L63,T59S,0.2,0,cb,6.0,376,376,0,0,0
1L63,T59S,0.2,0,cb,7.0,562,562,0,0,0
1L63,T59S,0.2,0,cb,8.0,783,783,0,0,0
1L63,T59S,0.2,0,cb,9.0,982,982,0,0,0
1L63,T59S,0.2,0,cb,10.0,1319,1319,0,0,0
1L63,T59S,0.2,0,centroid,6.0,295,295,0,0,0
1L63,T59S,0.2,0,centroid,7.0,482,483,0,1,1
1L63,T59S,0.2,0,centroid,8.0,668,669,0,1,1
1L63,T59S,0.2,0,centroid,9.0,930,931,0,1,1
1L63,T59S,0.2,0,centroid,10.0,1264,1265,0,1,1
1L63,T59S,0.2,0,allatom,6.0,1025,1025,0,0,0
1L63,T59S,0.2,0,allatom,7.0,1377,1377,0,0,0
1L63,T59S,0.2,0,allatom,8.0,1842,1842,0,0,0
1L63,T59S,0.2,0,allatom,9.0,2245,2245,0,0,0
1L63,T59S,0.2,0,allatom,10.0,2670,2670,0,0,0
1L63,T59V,1.5,0,ca,6.0,471,471,0,0,0
1L63,T59V,1.5,0,ca,7.0,627,627,0,0,0
1L63,T59V,1.5,0,ca,8.0,748,748,0,0,0
1L63,T59V,1.5,0,ca,9.0,1017,1017,0,0,0
1L63,T59V,1.5,0,ca,10.0,1343,1343,0,0,0
1L63,T59V,1.5,0,cb,6.0,376,376,0,0,0
1L63,T59V,1.5,0,cb,7.0,562,561,1,0,1
1L63,T59V,1.5,0,cb,8.0,783,783,0,0,0
1L63,T59V,1.5,0,cb,9.0,982,981,1,0,1
1L63,T59V,1.5,0,cb,10.0,1319,1319,0,0,0
1L63,T59V,1.5,0,centroid,6.0,295,295,0,0,0
1L63,T59V,1.5,0,centroid,7.0,482,482,0,0,0
1L63,T59V,1.5,0,centroid,8.0,668,668,0,0,0
1L63,T59V,1.5,0,centroid,9.0,930,930,0,0,0
1L63,T59V,1.5,0,centroid,10.0,1264,1264,0,0,0
1L63,T59V,1.5,0,allatom,6.0,1025,1025,0,0,0
1L63,T59V,1.5,0,allatom,7.0,1377,1377,0,0,0
1L63,T59V,1.5,0,allatom,8.0,1842,1842,0,0,0
1L63,T59V,1.5,0,allatom,9.0,2245,2245,0,0,0
1L63,T59V,1.5,0,allatom,10.0,2670,2670,0,0,0
1L63,L66M,1.0,0,ca,6.0,471,471,0,0,0
1L63,L66M,1.0,0,ca,7.0,627,627,0,0,0
1L63,L66M,1.0,0,ca,8.0,748,748,0,0,0
1L63,L66M,1.0,0,ca,9.0,1017,1017,0,0,0
1L63,L66M,1.0,0,ca,10.0,1343,1343,0,0,0
1L63,L66M,1.0,0,cb,6.0,376,376,0,0,0
1L63,L66M,1.0,0,cb,7.0,562,562,0,0,0
1L63,L66M,1.0,0,cb,8.0,783,783,0,0,0
1L63,L66M,1.0,0,cb,9.0,982,982,0,0,0
1L63,L66M,1.0,0,cb,10.0,1319,1319,0,0,0
1L63,L66M,1.0,0,centroid,6.0,295,297,4,6,10
1L63,L66M,1.0,0,centroid,7.0,482,481,5,4,9
1L63,L66M,1.0,0,centroid,8.0,668,666,4,2,6
1L63,L66M,1.0,0,centroid,9.0,930,927,5,2,7
1L63,L66M,1.0,0,centroid,10.0,1264,1269,2,7,9
1L63,L66M,1.0,0,allatom,6.0,1025,1022,3,0,3
1L63,L66M,1.0,0,allatom,7.0,1377,1377,2,2,4
1L63,L66M,1.0,0,allatom,8.0,1842,1842,4,4,8
1L63,L66M,1.0,0,allatom,9.0,2245,2245,4,4,8
1L63,L66M,1.0,0,allatom,10.0,2670,2667,7,4,11
1L63,F67A,1.9,0,ca,6.0,471,471,0,0,0
1L63,F67A,1.9,0,ca,7.0,627,627,0,0,0
1L63,F67A,1.9,0,ca,8.0,748,748,0,0,0
1L63,F67A,1.9,0,ca,9.0,1017,1017,0,0,0
1L63,F67A,1.9,0,ca,10.0,1343,1343,0,0,0
1L63,F67A,1.9,0,cb,6.0,376,376,0,0,0
1L63,F67A,1.9,0,cb,7.0,562,562,0,0,0
1L63,F67A,1.9,0,cb,8.0,783,783,0,0,0
1L63,F67A,1.9,0,cb,9.0,982,982,0,0,0
1L63,F67A,1.9,0,cb,10.0,1319,1319,0,0,0
1L63,F67A,1.9,0,centroid,6.0,295,288,9,2,11
1L63,F67A,1.9,0,centroid,7.0,482,484,5,7,12
1L63,F67A,1.9,0,centroid,8.0,668,670,3,5,8
1L63,F67A,1.9,0,centroid,9.0,930,938,2,10,12
1L63,F67A,1.9,0,centroid,10.0,1264,1262,9,7,16
1L63,F67A,1.9,0,allatom,6.0,1025,1023,5,3,8
1L63,F67A,1.9,0,allatom,7.0,1377,1371,8,2,10
1L63,F67A,1.9,0,allatom,8.0,1842,1832,12,2,14
1L63,F67A,1.9,0,allatom,9.0,2245,2240,8,3,11
1L63,F67A,1.9,0,allatom,10.0,2670,2665,9,4,13
1L63,D72P,2.7,0,ca,6.0,471,471,0,0,0
1L63,D72P,2.7,0,ca,7.0,627,627,0,0,0
1L63,D72P,2.7,0,ca,8.0,748,748,0,0,0
1L63,D72P,2.7,0,ca,9.0,1017,1017,0,0,0
1L63,D72P,2.7,0,ca,10.0,1343,1343,0,0,0
1L63,D72P,2.7,0,cb,6.0,376,376,0,0,0
1L63,D72P,2.7,0,cb,7.0,562,563,0,1,1
1L63,D72P,2.7,0,cb,8.0,783,783,0,0,0
1L63,D72P,2.7,0,cb,9.0,982,982,0,0,0
1L63,D72P,2.7,0,cb,10.0,1319,1319,0,0,0
1L63,D72P,2.7,0,centroid,6.0,295,296,3,4,7
1L63,D72P,2.7,0,centroid,7.0,482,482,4,4,8
1L63,D72P,2.7,0,centroid,8.0,668,672,2,6,8
1L63,D72P,2.7,0,centroid,9.0,930,933,0,3,3
1L63,D72P,2.7,0,centroid,10.0,1264,1268,2,6,8
1L63,D72P,2.7,0,allatom,6.0,1025,1023,2,0,2
1L63,D72P,2.7,0,allatom,7.0,1377,1379,0,2,2
1L63,D72P,2.7,0,allatom,8.0,1842,1842,1,1,2
1L63,D72P,2.7,0,allatom,9.0,2245,2248,1,4,5
1L63,D72P,2.7,0,allatom,10.0,2670,2671,3,4,7
1L63,A73S,0.4,0,ca,6.0,471,471,0,0,0
1L63,A73S,0.4,0,ca,7.0,627,627,0,0,0
1L63,A73S,0.4,0,ca,8.0,748,748,0,0,0
1L63,A73S,0.4,0,ca,9.0,1017,1017,0,0,0
1L63,A73S,0.4,0,ca,10.0,1343,1343,0,0,0
1L63,A73S,0.4,0,cb,6.0,376,376,0,0,0
1L63,A73S,0.4,0,cb,7.0,562,562,0,0,0
1L63,A73S,0.4,0,cb,8.0,783,783,0,0,0
1L63,A73S,0.4,0,cb,9.0,982,982,0,0,0
1L63,A73S,0.4,0,cb,10.0,1319,1319,0,0,0
1L63,A73S,0.4,0,centroid,6.0,295,294,1,0,1
1L63,A73S,0.4,0,centroid,7.0,482,482,0,0,0
1L63,A73S,0.4,0,centroid,8.0,668,669,0,1,1
1L63,A73S,0.4,0,centroid,9.0,930,930,1,1,2
1L63,A73S,0.4,0,centroid,10.0,1264,1266,0,2,2
1L63,A73S,0.4,0,allatom,6.0,1025,1025,0,0,0
1L63,A73S,0.4,0,allatom,7.0,1377,1379,0,2,2
1L63,A73S,0.4,0,allatom,8.0,1842,1843,0,1,1
1L63,A73S,0.4,0,allatom,9.0,2245,2245,0,0,0
1L63,A73S,0.4,0,allatom,10.0,2670,2672,0,2,2
1L63,V75T,1.3,0,ca,6.0,471,471,0,0,0
1L63,V75T,1.3,0,ca,7.0,627,627,0,0,0
1L63,V75T,1.3,0,ca,8.0,748,748,0,0,0
1L63,V75T,1.3,0,ca,9.0,1017,1017,0,0,0
1L63,V75T,1.3,0,ca,10.0,1343,1343,0,0,0
1L63,V75T,1.3,0,cb,6.0,376,376,0,0,0
1L63,V75T,1.3,0,cb,7.0,562,562,0,0,0
1L63,V75T,1.3,0,cb,8.0,783,783,0,0,0
1L63,V75T,1.3,0,cb,9.0,982,982,0,0,0
1L63,V75T,1.3,0,cb,10.0,1319,1319,0,0,0
1L63,V75T,1.3,0,centroid,6.0,295,294,2,1,3
1L63,V75T,1.3,0,centroid,7.0,482,481,1,0,1
1L63,V75T,1.3,0,centroid,8.0,668,669,0,1,1
1L63,V75T,1.3,0,centroid,9.0,930,930,0,0,0
1L63,V75T,1.3,0,centroid,10.0,1264,1262,3,1,4
1L63,V75T,1.3,0,allatom,6.0,1025,1025,0,0,0
1L63,V75T,1.3,0,allatom,7.0,1377,1377,0,0,0
1L63,V75T,1.3,0,allatom,8.0,1842,1842,0,0,0
1L63,V75T,1.3,0,allatom,9.0,2245,2245,0,0,0
1L63,V75T,1.3,0,allatom,10.0,2670,2669,1,0,1
1L63,I78A,1.2,0,ca,6.0,471,471,0,0,0
1L63,I78A,1.2,0,ca,7.0,627,627,0,0,0
1L63,I78A,1.2,0,ca,8.0,748,748,0,0,0
1L63,I78A,1.2,0,ca,9.0,1017,1017,0,0,0
1L63,I78A,1.2,0,ca,10.0,1343,1343,0,0,0
1L63,I78A,1.2,0,cb,6.0,376,376,0,0,0
1L63,I78A,1.2,0,cb,7.0,562,562,0,0,0
1L63,I78A,1.2,0,cb,8.0,783,783,0,0,0
1L63,I78A,1.2,0,cb,9.0,982,982,0,0,0
1L63,I78A,1.2,0,cb,10.0,1319,1319,0,0,0
1L63,I78A,1.2,0,centroid,6.0,295,293,2,0,2
1L63,I78A,1.2,0,centroid,7.0,482,484,0,2,2
1L63,I78A,1.2,0,centroid,8.0,668,668,1,1,2
1L63,I78A,1.2,0,centroid,9.0,930,931,0,1,1
1L63,I78A,1.2,0,centroid,10.0,1264,1262,4,2,6
1L63,I78A,1.2,0,allatom,6.0,1025,1024,1,0,1
1L63,I78A,1.2,0,allatom,7.0,1377,1371,6,0,6
1L63,I78A,1.2,0,allatom,8.0,1842,1834,9,1,10
1L63,I78A,1.2,0,allatom,9.0,2245,2236,9,0,9
1L63,I78A,1.2,0,allatom,10.0,2670,2665,6,1,7
1L63,I78M,1.5,0,ca,6.0,471,471,0,0,0
1L63,I78M,1.5,0,ca,7.0,627,627,0,0,0
1L63,I78M,1.5,0,ca,8.0,748,748,0,0,0
1L63,I78M,1.5,0,ca,9.0,1017,1017,0,0,0
1L63,I78M,1.5,0,ca,10.0,1343,1343,0,0,0
1L63,I78M,1.5,0,cb,6.0,376,376,0,0,0
1L63,I78M,1.5,0,cb,7.0,562,562,0,0,0
1L63,I78M,1.5,0,cb,8.0,783,783,0,0,0
1L63,I78M,1.5,0,cb,9.0,982,982,0,0,0
1L63,I78M,1.5,0,cb,10.0,1319,1319,0,0,0
1L63,I78M,1.5,0,centroid,6.0,295,294,1,0,1
1L63,I78M,1.5,0,centroid,7.0,482,482,0,0,0
1L63,I78M,1.5,0,centroid,8.0,668,668,0,0,0
1L63,I78M,1.5,0,centroid,9.0,930,930,0,0,0
1L63,I78M,1.5,0,centroid,10.0,1264,1264,0,0,0
1L63,I78M,1.5,0,allatom,6.0,1025,1025,0,0,0
1L63,I78M,1.5,0,allatom,7.0,1377,1377,2,2,4
1L63,I78M,1.5,0,allatom,8.0,1842,1845,1,4,5
1L63,I78M,1.5,0,allatom,9.0,2245,2245,1,1,2
1L63,I78M,1.5,0,allatom,10.0,2670,2671,0,1,1
1L63,I78V,0.8,0,ca,6.0,471,471,0,0,0
1L63,I78V,0.8,0,ca,7.0,627,627,0,0,0
1L63,I78V,0.8,0,ca,8.0,748,748,0,0,0
1L63,I78V,0.8,0,ca,9.0,1017,1017,0,0,0
1L63,I78V,0.8,0,ca,10.0,1343,1343,0,0,0
1L63,I78V,0.8,0,cb,6.0,376,376,0,0,0
1L63,I78V,0.8,0,cb,7.0,562,562,0,0,0
1L63,I78V,0.8,0,cb,8.0,783,783,0,0,0
1L63,I78V,0.8,0,cb,9.0,982,982,0,0,0
1L63,I78V,0.8,0,cb,10.0,1319,1319,0,0,0
1L63,I78V,0.8,0,centroid,6.0,295,295,2,2,4
1L63,I78V,0.8,0,centroid,7.0,482,485,0,3,3
1L63,I78V,0.8,0,centroid,8.0,668,668,1,1,2
1L63,I78V,0.8,0,centroid,9.0,930,931,1,2,3
1L63,I78V,0.8,0,centroid,10.0,1264,1263,1,0,1
1L63,I78V,0.8,0,allatom,6.0,1025,1024,1,0,1
1L63,I78V,0.8,0,allatom,7.0,1377,1375,3,1,4
1L63,I78V,0.8,0,allatom,8.0,1842,1842,3,3,6
1L63,I78V,0.8,0,allatom,9.0,2245,2241,4,0,4
1L63,I78V,0.8,0,allatom,10.0,2670,2671,2,3,5
1L63,A82S,0.3,0,ca,6.0,471,471,0,0,0
1L63,A82S,0.3,0,ca,7.0,627,627,0,0,0
1L63,A82S,0.3,0,ca,8.0,748,748,0,0,0
1L63,A82S,0.3,0,ca,9.0,1017,1017,0,0,0
1L63,A82S,0.3,0,ca,10.0,1343,1343,0,0,0
1L63,A82S,0.3,0,cb,6.0,376,376,0,0,0
1L63,A82S,0.3,0,cb,7.0,562,562,0,0,0
1L63,A82S,0.3,0,cb,8.0,783,783,0,0,0
1L63,A82S,0.3,0,cb,9.0,982,982,0,0,0
1L63,A82S,0.3,0,cb,10.0,1319,1319,0,0,0
1L63,A82S,0.3,0,centroid,6.0,295,294,1,0,1
1L63,A82S,0.3,0,centroid,7.0,482,482,0,0,0
1L63,A82S,0.3,0,centroid,8.0,668,668,0,0,0
1L63,A82S,0.3,0,centroid,9.0,930,929,1,0,1
1L63,A82S,0.3,0,centroid,10.0,1264,1263,1,0,1
1L63,A82S,0.3,0,allatom,6.0,1025,1025,0,0,0
1L63,A82S,0.3,0,allatom,7.0,1377,1377,0,0,0
1L63,A82S,0.3,0,allatom,8.0,1842,1842,0,0,0
1L63,A82S,0.3,0,allatom,9.0,2245,2245,0,0,0
1L63,A82S,0.3,0,allatom,10.0,2670,2670,0,0,0
1L63,L84A,2.6,0,ca,6.0,471,471,0,0,0
1L63,L84A,2.6,0,ca,7.0,627,627,0,0,0
1L63,L84A,2.6,0,ca,8.0,748,748,0,0,0
1L63,L84A,2.6,0,ca,9.0,1017,1017,0,0,0
1L63,L84A,2.6,0,ca,10.0,1343,1343,0,0,0
1L63,L84A,2.6,0,cb,6.0,376,376,0,0,0
1L63,L84A,2.6,0,cb,7.0,562,562,0,0,0
1L63,L84A,2.6,0,cb,8.0,783,783,0,0,0
1L63,L84A,2.6,0,cb,9.0,982,982,0,0,0
1L63,L84A,2.6,0,cb,10.0,1319,1319,0,0,0
1L63,L84A,2.6,0,centroid,6.0,295,292,5,2,7
1L63,L84A,2.6,0,centroid,7.0,482,479,4,1,5
1L63,L84A,2.6,0,centroid,8.0,668,670,2,4,6
1L63,L84A,2.6,0,centroid,9.0,930,930,3,3,6
1L63,L84A,2.6,0,centroid,10.0,1264,1261,5,2,7
1L63,L84A,2.6,0,allatom,6.0,1025,1019,6,0,6
1L63,L84A,2.6,0,allatom,7.0,1377,1370,7,0,7
1L63,L84A,2.6,0,allatom,8.0,1842,1832,10,0,10
1L63,L84A,2.6,0,allatom,9.0,2245,2237,9,1,10
1L63,L84A,2.6,0,allatom,10.0,2670,2665,6,1,7
1L63,L84M,1.9,0,ca,6.0,471,471,0,0,0
1L63,L84M,1.9,0,ca,7.0,627,627,0,0,0
1L63,L84M,1.9,0,ca,8.0,748,748,0,0,0
1L63,L84M,1.9,0,ca,9.0,1017,1017,0,0,0
1L63,L84M,1.9,0,ca,10.0,1343,1343,0,0,0
1L63,L84M,1.9,0,cb,6.0,376,376,0,0,0
1L63,L84M,1.9,0,cb,7.0,562,562,0,0,0
1L63,L84M,1.9,0,cb,8.0,783,783,0,0,0
1L63,L84M,1.9,0,cb,9.0,982,982,0,0,0
1L63,L84M,1.9,0,cb,10.0,1319,1319,0,0,0
1L63,L84M,1.9,0,centroid,6.0,295,295,4,4,8
1L63,L84M,1.9,0,centroid,7.0,482,481,3,2,5
1L63,L84M,1.9,0,centroid,8.0,668,666,3,1,4
1L63,L84M,1.9,0,centroid,9.0,930,932,1,3,4
1L63,L84M,1.9,0,centroid,10.0,1264,1265,3,4,7
1L63,L84M,1.9,0,allatom,6.0,1025,1024,4,3,7
1L63,L84M,1.9,0,allatom,7.0,1377,1376,5,4,9
1L63,L84M,1.9,0,allatom,8.0,1842,1844,4,6,10
1L63,L84M,1.9,0,allatom,9.0,2245,2246,4,5,9
1L63,L84M,1.9,0,allatom,10.0,2670,2672,1,3,4
1L63,V87A,1.7,0,ca,6.0,471,471,0,0,0
1L63,V87A,1.7,0,ca,7.0,627,627,0,0,0
1L63,V87A,1.7,0,ca,8.0,748,748,0,0,0
1L63,V87A,1.7,0,ca,9.0,1017,1017,0,0,0
1L63,V87A,1.7,0,ca,10.0,1343,1343,0,0,0
1L63,V87A,1.7,0,cb,6.0,376,376,0,0,0
1L63,V87A,1.7,0,cb,7.0,562,562,0,0,0
1L63,V87A,1.7,0,cb,8.0,783,783,0,0,0
1L63,V87A,1.7,0,cb,9.0,982,982,0,0,0
1L63,V87A,1.7,0,cb,10.0,1319,1319,0,0,0
1L63,V87A,1.7,0,centroid,6.0,295,294,1,0,1
1L63,V87A,1.7,0,centroid,7.0,482,482,0,0,0
1L63,V87A,1.7,0,centroid,8.0,668,671,0,3,3
1L63,V87A,1.7,0,centroid,9.0,930,930,0,0,0
1L63,V87A,1.7,0,centroid,10.0,1264,1262,2,0,2
1L63,V87A,1.7,0,allatom,6.0,1025,1024,1,0,1
1L63,V87A,1.7,0,allatom,7.0,1377,1375,2,0,2
1L63,V87A,1.7,0,allatom,8.0,1842,1839,3,0,3
1L63,V87A,1.7,0,allatom,9.0,2245,2242,3,0,3
1L63,V87A,1.7,0,allatom,10.0,2670,2666,4,0,4
1L63,V87M,2.3,0,ca,6.0,471,471,0,0,0
1L63,V87M,2.3,0,ca,7.0,627,627,0,0,0
1L63,V87M,2.3,0,ca,8.0,748,748,0,0,0
1L63,V87M,2.3,0,ca,9.0,1017,1017,0,0,0
1L63,V87M,2.3,0,ca,10.0,1343,1343,0,0,0
1L63,V87M,2.3,0,cb,6.0,376,376,0,0,0
1L63,V87M,2.3,0,cb,7.0,562,562,0,0,0
1L63,V87M,2.3,0,cb,8.0,783,783,0,0,0
1L63,V87M,2.3,0,cb,9.0,982,982,0,0,0
1L63,V87M,2.3,0,cb,10.0,1319,1319,0,0,0
1L63,V87M,2.3,0,centroid,6.0,295,287,8,0,8
1L63,V87M,2.3,0,centroid,7.0,482,481,4,3,7
1L63,V87M,2.3,0,centroid,8.0,668,669,2,3,5
1L63,V87M,2.3,0,centroid,9.0,930,926,7,3,10
1L63,V87M,2.3,0,centroid,10.0,1264,1259,11,6,17
1L63,V87M,2.3,0,allatom,6.0,1025,1025,1,1,2
1L63,V87M,2.3,0,allatom,7.0,1377,1377,4,4,8
1L63,V87M,2.3,0,allatom,8.0,1842,1841,3,2,5
1L63,V87M,2.3,0,allatom,9.0,2245,2242,3,0,3
1L63,V87M,2.3,0,allatom,10.0,2670,2670,2,2,4
1L63,V87I,0.3,0,ca,6.0,471,471,0,0,0
1L63,V87I,0.3,0,ca,7.0,627,627,0,0,0
1L63,V87I,0.3,0,ca,8.0,748,748,0,0,0
1L63,V87I,0.3,0,ca,9.0,1017,1017,0,0,0
1L63,V87I,0.3,0,ca,10.0,1343,1343,0,0,0
1L63,V87I,0.3,0,cb,6.0,376,376,0,0,0
1L63,V87I,0.3,0,cb,7.0,562,562,0,0,0
1L63,V87I,0.3,0,cb,8.0,783,783,0,0,0
1L63,V87I,0.3,0,cb,9.0,982,982,0,0,0
1L63,V87I,0.3,0,cb,10.0,1319,1318,1,0,1
1L63,V87I,0.3,0,centroid,6.0,295,293,2,0,2
1L63,V87I,0.3,0,centroid,7.0,482,482,0,0,0
1L63,V87I,0.3,0,centroid,8.0,668,668,0,0,0
1L63,V87I,0.3,0,centroid,9.0,930,929,1,0,1
1L63,V87I,0.3,0,centroid,10.0,1264,1262,2,0,2
1L63,V87I,0.3,0,allatom,6.0,1025,1025,0,0,0
1L63,V87I,0.3,0,allatom,7.0,1377,1380,0,3,3
1L63,V87I,0.3,0,allatom,8.0,1842,1843,0,1,1
1L63,V87I,0.3,0,allatom,9.0,2245,2243,2,0,2
1L63,V87I,0.3,0,allatom,10.0,2670,2670,1,1,2
1L63,V87T,1.6,0,ca,6.0,471,471,0,0,0
1L63,V87T,1.6,0,ca,7.0,627,627,0,0,0
1L63,V87T,1.6,0,ca,8.0,748,748,0,0,0
1L63,V87T,1.6,0,ca,9.0,1017,1017,0,0,0
1L63,V87T,1.6,0,ca,10.0,1343,1343,0,0,0
1L63,V87T,1.6,0,cb,6.0,376,376,0,0,0
1L63,V87T,1.6,0,cb,7.0,562,562,0,0,0
1L63,V87T,1.6,0,cb,8.0,783,783,0,0,0
1L63,V87T,1.6,0,cb,9.0,982,982,0,0,0
1L63,V87T,1.6,0,cb,10.0,1319,1318,1,0,1
1L63,V87T,1.6,0,centroid,6.0,295,294,1,0,1
1L63,V87T,1.6,0,centroid,7.0,482,482,0,0,0
1L63,V87T,1.6,0,centroid,8.0,668,668,0,0,0
1L63,V87T,1.6,0,centroid,9.0,930,931,0,1,1
1L63,V87T,1.6,0,centroid,10.0,1264,1264,0,0,0
1L63,V87T,1.6,0,allatom,6.0,1025,1025,0,0,0
1L63,V87T,1.6,0,allatom,7.0,1377,1377,0,0,0
1L63,V87T,1.6,0,allatom,8.0,1842,1842,0,0,0
1L63,V87T,1.6,0,allatom,9.0,2245,2244,1,0,1
1L63,V87T,1.6,0,allatom,10.0,2670,2669,1,0,1
1L63,L91A,3.9,0,ca,6.0,471,471,0,0,0
1L63,L91A,3.9,0,ca,7.0,627,627,0,0,0
1L63,L91A,3.9,0,ca,8.0,748,748,0,0,0
1L63,L91A,3.9,0,ca,9.0,1017,1017,0,0,0
1L63,L91A,3.9,0,ca,10.0,1343,1343,0,0,0
1L63,L91A,3.9,0,cb,6.0,376,376,0,0,0
1L63,L91A,3.9,0,cb,7.0,562,562,0,0,0
1L63,L91A,3.9,0,cb,8.0,783,783,0,0,0
1L63,L91A,3.9,0,cb,9.0,982,982,0,0,0
1L63,L91A,3.9,0,cb,10.0,1319,1319,0,0,0
1L63,L91A,3.9,0,centroid,6.0,295,292,5,2,7
1L63,L91A,3.9,0,centroid,7.0,482,482,2,2,4
1L63,L91A,3.9,0,centroid,8.0,668,667,2,1,3
1L63,L91A,3.9,0,centroid,9.0,930,932,2,4,6
1L63,L91A,3.9,0,centroid,10.0,1264,1261,4,1,5
1L63,L91A,3.9,0,allatom,6.0,1025,1022,5,2,7
1L63,L91A,3.9,0,allatom,7.0,1377,1376,3,2,5
1L63,L91A,3.9,0,allatom,8.0,1842,1836,6,0,6
1L63,L91A,3.9,0,allatom,9.0,2245,2234,11,0,11
1L63,L91A,3.9,0,allatom,10.0,2670,2656,14,0,14
1L63,L91M,0.8,0,ca,6.0,471,471,0,0,0
1L63,L91M,0.8,0,ca,7.0,627,627,0,0,0
1L63,L91M,0.8,0,ca,8.0,748,748,0,0,0
1L63,L91M,0.8,0,ca,9.0,1017,1017,0,0,0
1L63,L91M,0.8,0,ca,10.0,1343,1343,0,0,0
1L63,L91M,0.8,0,cb,6.0,376,376,0,0,0
1L63,L91M,0.8,0,cb,7.0,562,562,0,0,0
1L63,L91M,0.8,0,cb,8.0,783,783,0,0,0
1L63,L91M,0.8,0,cb,9.0,982,982,0,0,0
1L63,L91M,0.8,0,cb,10.0,1319,1319,0,0,0
1L63,L91M,0.8,0,centroid,6.0,295,297,1,3,4
1L63,L91M,0.8,0,centroid,7.0,482,483,0,1,1
1L63,L91M,0.8,0,centroid,8.0,668,667,1,0,1
1L63,L91M,0.8,0,centroid,9.0,930,929,3,2,5
1L63,L91M,0.8,0,centroid,10.0,1264,1264,1,1,2
1L63,L91M,0.8,0,allatom,6.0,1025,1025,0,0,0
1L63,L91M,0.8,0,allatom,7.0,1377,1378,2,3,5
1L63,L91M,0.8,0,allatom,8.0,1842,1846,2,6,8
1L63,L91M,0.8,0,allatom,9.0,2245,2246,2,3,5
1L63,L91M,0.8,0,allatom,10.0,2670,2672,4,6,10
1L63,D92N,1.4,0,ca,6.0,471,471,0,0,0
1L63,D92N,1.4,0,ca,7.0,627,627,0,0,0
1L63,D92N,1.4,0,ca,8.0,748,748,0,0,0
1L63,D92N,1.4,0,ca,9.0,1017,1017,0,0,0
1L63,D92N,1.4,0,ca,10.0,1343,1343,0,0,0
1L63,D92N,1.4,0,cb,6.0,376,376,0,0,0
1L63,D92N,1.4,0,cb,7.0,562,562,0,0,0
1L63,D92N,1.4,0,cb,8.0,783,783,0,0,0
1L63,D92N,1.4,0,cb,9.0,982,982,0,0,0
1L63,D92N,1.4,0,cb,10.0,1319,1319,0,0,0
1L63,D92N,1.4,0,centroid,6.0,295,295,0,0,0
1L63,D92N,1.4,0,centroid,7.0,482,482,0,0,0
1L63,D92N,1.4,0,centroid,8.0,668,668,0,0,0
1L63,D92N,1.4,0,centroid,9.0,930,928,2,0,2
1L63,D92N,1.4,0,centroid,10.0,1264,1263,1,0,1
1L63,D92N,1.4,0,allatom,6.0,1025,1025,0,0,0
1L63,D92N,1.4,0,allatom,7.0,1377,1376,1,0,1
1L63,D92N,1.4,0,allatom,8.0,1842,1844,1,3,4
1L63,D92N,1.4,0,allatom,9.0,2245,2244,1,0,1
1L63,D92N,1.4,0,allatom,10.0,2670,2667,3,0,3
1L63,A93S,0.2,0,ca,6.0,471,471,0,0,0
1L63,A93S,0.2,0,ca,7.0,627,627,0,0,0
1L63,A93S,0.2,0,ca,8.0,748,748,0,0,0
1L63,A93S,0.2,0,ca,9.0,1017,1017,0,0,0
1L63,A93S,0.2,0,ca,10.0,1343,1343,0,0,0
1L63,A93S,0.2,0,cb,6.0,376,376,0,0,0
1L63,A93S,0.2,0,cb,7.0,562,562,0,0,0
1L63,A93S,0.2,0,cb,8.0,783,783,0,0,0
1L63,A93S,0.2,0,cb,9.0,982,982,0,0,0
1L63,A93S,0.2,0,cb,10.0,1319,1319,0,0,0
1L63,A93S,0.2,0,centroid,6.0,295,294,1,0,1
1L63,A93S,0.2,0,centroid,7.0,482,482,0,0,0
1L63,A93S,0.2,0,centroid,8.0,668,668,0,0,0
1L63,A93S,0.2,0,centroid,9.0,930,929,1,0,1
1L63,A93S,0.2,0,centroid,10.0,1264,1263,1,0,1
1L63,A93S,0.2,0,allatom,6.0,1025,1025,0,0,0
1L63,A93S,0.2,0,allatom,7.0,1377,1377,0,0,0
1L63,A93S,0.2,0,allatom,8.0,1842,1842,0,0,0
1L63,A93S,0.2,0,allatom,9.0,2245,2245,0,0,0
1L63,A93S,0.2,0,allatom,10.0,2670,2670,0,0,0
1L63,A98C,1.0,0,ca,6.0,471,471,0,0,0
1L63,A98C,1.0,0,ca,7.0,627,627,0,0,0
1L63,A98C,1.0,0,ca,8.0,748,748,0,0,0
1L63,A98C,1.0,0,ca,9.0,1017,1017,0,0,0
1L63,A98C,1.0,0,ca,10.0,1343,1343,0,0,0
1L63,A98C,1.0,0,cb,6.0,376,376,0,0,0
1L63,A98C,1.0,0,cb,7.0,562,562,0,0,0
1L63,A98C,1.0,0,cb,8.0,783,783,0,0,0
1L63,A98C,1.0,0,cb,9.0,982,982,0,0,0
1L63,A98C,1.0,0,cb,10.0,1319,1319,0,0,0
1L63,A98C,1.0,0,centroid,6.0,295,294,1,0,1
1L63,A98C,1.0,0,centroid,7.0,482,481,2,1,3
1L63,A98C,1.0,0,centroid,8.0,668,667,2,1,3
1L63,A98C,1.0,0,centroid,9.0,930,929,3,2,5
1L63,A98C,1.0,0,centroid,10.0,1264,1264,1,1,2
1L63,A98C,1.0,0,allatom,6.0,1025,1030,0,5,5
1L63,A98C,1.0,0,allatom,7.0,1377,1382,0,5,5
1L63,A98C,1.0,0,allatom,8.0,1842,1847,0,5,5
1L63,A98C,1.0,0,allatom,9.0,2245,2248,0,3,3
1L63,A98C,1.0,0,allatom,10.0,2670,2672,0,2,2
1L63,A98L,4.3,0,ca,6.0,471,471,0,0,0
1L63,A98L,4.3,0,ca,7.0,627,627,0,0,0
1L63,A98L,4.3,0,ca,8.0,748,748,0,0,0
1L63,A98L,4.3,0,ca,9.0,1017,1017,0,0,0
1L63,A98L,4.3,0,ca,10.0,1343,1343,0,0,0
1L63,A98L,4.3,0,cb,6.0,376,376,0,0,0
1L63,A98L,4.3,0,cb,7.0,562,562,0,0,0
1L63,A98L,4.3,0,cb,8.0,783,783,0,0,0
1L63,A98L,4.3,0,cb,9.0,982,982,0,0,0
1L63,A98L,4.3,0,cb,10.0,1319,1319,0,0,0
1L63,A98L,4.3,0,centroid,6.0,295,293,3,1,4
1L63,A98L,4.3,0,centroid,7.0,482,481,2,1,3
1L63,A98L,4.3,0,centroid,8.0,668,667,3,2,5
1L63,A98L,4.3,0,centroid,9.0,930,931,2,3,5
1L63,A98L,4.3,0,centroid,10.0,1264,1268,1,5,6
1L63,A98L,4.3,0,allatom,6.0,1025,1031,0,6,6
1L63,A98L,4.3,0,allatom,7.0,1377,1388,0,11,11
1L63,A98L,4.3,0,allatom,8.0,1842,1847,1,6,7
1L63,A98L,4.3,0,allatom,9.0,2245,2249,1,5,6
1L63,A98L,4.3,0,allatom,10.0,2670,2671,1,2,3
1L63,A98S,2.5,0,ca,6.0,471,471,0,0,0
1L63,A98S,2.5,0,ca,7.0,627,627,0,0,0
1L63,A98S,2.5,0,ca,8.0,748,748,0,0,0
1L63,A98S,2.5,0,ca,9.0,1017,1017,0,0,0
1L63,A98S,2.5,0,ca,10.0,1343,1343,0,0,0
1L63,A98S,2.5,0,cb,6.0,376,376,0,0,0
1L63,A98S,2.5,0,cb,7.0,562,562,0,0,0
1L63,A98S,2.5,0,cb,8.0,783,783,0,0,0
1L63,A98S,2.5,0,cb,9.0,982,982,0,0,0
1L63,A98S,2.5,0,cb,10.0,1319,1319,0,0,0
1L63,A98S,2.5,0,centroid,6.0,295,295,0,0,0
1L63,A98S,2.5,0,centroid,7.0,482,481,1,0,1
1L63,A98S,2.5,0,centroid,8.0,668,667,1,0,1
1L63,A98S,2.5,0,centroid,9.0,930,929,2,1,3
1L63,A98S,2.5,0,centroid,10.0,1264,1264,1,1,2
1L63,A98S,2.5,0,allatom,6.0,1025,1027,0,2,2
1L63,A98S,2.5,0,allatom,7.0,1377,1380,0,3,3
1L63,A98S,2.5,0,allatom,8.0,1842,1844,0,2,2
1L63,A98S,2.5,0,allatom,9.0,2245,2247,0,2,2
1L63,A98S,2.5,0,allatom,10.0,2670,2671,0,1,1
1L63,A98V,3.2,0,ca,6.0,471,471,0,0,0
1L63,A98V,3.2,0,ca,7.0,627,627,0,0,0
1L63,A98V,3.2,0,ca,8.0,748,748,0,0,0
1L63,A98V,3.2,0,ca,9.0,1017,1017,0,0,0
1L63,A98V,3.2,0,ca,10.0,1343,1343,0,0,0
1L63,A98V,3.2,0,cb,6.0,376,376,0,0,0
1L63,A98V,3.2,0,cb,7.0,562,562,0,0,0
1L63,A98V,3.2,0,cb,8.0,783,784,0,1,1
1L63,A98V,3.2,0,cb,9.0,982,981,1,0,1
1L63,A98V,3.2,0,cb,10.0,1319,1321,0,2,2
1L63,A98V,3.2,0,centroid,6.0,295,293,3,1,4
1L63,A98V,3.2,0,centroid,7.0,482,481,1,0,1
1L63,A98V,3.2,0,centroid,8.0,668,669,0,1,1
1L63,A98V,3.2,0,centroid,9.0,930,930,3,3,6
1L63,A98V,3.2,0,centroid,10.0,1264,1263,4,3,7
1L63,A98V,3.2,0,allatom,6.0,1025,1028,2,5,7
1L63,A98V,3.2,0,allatom,7.0,1377,1386,3,12,15
1L63,A98V,3.2,0,allatom,8.0,1842,1848,2,8,10
1L63,A98V,3.2,0,allatom,9.0,2245,2246,3,4,7
1L63,A98V,3.2,0,allatom,10.0,2670,2673,2,5,7
1L63,L99A,4.5,0,ca,6.0,471,471,0,0,0
1L63,L99A,4.5,0,ca,7.0,627,627,0,0,0
1L63,L99A,4.5,0,ca,8.0,748,748,0,0,0
1L63,L99A,4.5,0,ca,9.0,1017,1017,0,0,0
1L63,L99A,4.5,0,ca,10.0,1343,1343,0,0,0
1L63,L99A,4.5,0,cb,6.0,376,376,0,0,0
1L63,L99A,4.5,0,cb,7.0,562,562,0,0,0
1L63,L99A,4.5,0,cb,8.0,783,783,0,0,0
1L63,L99A,4.5,0,cb,9.0,982,982,0,0,0
1L63,L99A,4.5,0,cb,10.0,1319,1319,0,0,0
1L63,L99A,4.5,0,centroid,6.0,295,297,3,5,8
1L63,L99A,4.5,0,centroid,7.0,482,481,2,1,3
1L63,L99A,4.5,0,centroid,8.0,668,668,1,1,2
1L63,L99A,4.5,0,centroid,9.0,930,932,1,3,4
1L63,L99A,4.5,0,centroid,10.0,1264,1263,4,3,7
1L63,L99A,4.5,0,allatom,6.0,1025,1023,3,1,4
1L63,L99A,4.5,0,allatom,7.0,1377,1375,3,1,4
1L63,L99A,4.5,0,allatom,8.0,1842,1834,9,1,10
1L63,L99A,4.5,0,allatom,9.0,2245,2235,10,0,10
1L63,L99A,4.5,0,allatom,10.0,2670,2667,4,1,5
1L63,L99F,0.3,0,ca,6.0,471,471,0,0,0
1L63,L99F,0.3,0,ca,7.0,627,627,0,0,0
1L63,L99F,0.3,0,ca,8.0,748,748,0,0,0
1L63,L99F,0.3,0,ca,9.0,1017,1017,0,0,0
1L63,L99F,0.3,0,ca,10.0,1343,1343,0,0,0
1L63,L99F,0.3,0,cb,6.0,376,376,0,0,0
1L63,L99F,0.3,0,cb,7.0,562,562,0,0,0
1L63,L99F,0.3,0,cb,8.0,783,783,0,0,0
1L63,L99F,0.3,0,cb,9.0,982,982,0,0,0
1L63,L99F,0.3,0,cb,10.0,1319,1319,0,0,0
1L63,L99F,0.3,0,centroid,6.0,295,298,2,5,7
1L63,L99F,0.3,0,centroid,7.0,482,483,2,3,5
1L63,L99F,0.3,0,centroid,8.0,668,668,3,3,6
1L63,L99F,0.3,0,centroid,9.0,930,930,5,5,10
1L63,L99F,0.3,0,centroid,10.0,1264,1262,7,5,12
1L63,L99F,0.3,0,allatom,6.0,1025,1027,1,3,4
1L63,L99F,0.3,0,allatom,7.0,1377,1378,5,6,11
1L63,L99F,0.3,0,allatom,8.0,1842,1843,8,9,17
1L63,L99F,0.3,0,allatom,9.0,2245,2252,2,9,11
1L63,L99F,0.3,0,allatom,10.0,2670,2676,5,11,16
1L63,L99I,1.5,0,ca,6.0,471,471,0,0,0
1L63,L99I,1.5,0,ca,7.0,627,627,0,0,0
1L63,L99I,1.5,0,ca,8.0,748,748,0,0,0
1L63,L99I,1.5,0,ca,9.0,1017,1017,0,0,0
1L63,L99I,1.5,0,ca,10.0,1343,1343,0,0,0
1L63,L99I,1.5,0,cb,6.0,376,376,0,0,0
1L63,L99I,1.5,0,cb,7.0,562,562,0,0,0
1L63,L99I,1.5,0,cb,8.0,783,783,0,0,0
1L63,L99I,1.5,0,cb,9.0,982,982,0,0,0
1L63,L99I,1.5,0,cb,10.0,1319,1318,1,0,1
1L63,L99I,1.5,0,centroid,6.0,295,292,4,1,5
1L63,L99I,1.5,0,centroid,7.0,482,481,1,0,1
1L63,L99I,1.5,0,centroid,8.0,668,669,0,1,1
1L63,L99I,1.5,0,centroid,9.0,930,933,0,3,3
1L63,L99I,1.5,0,centroid,10.0,1264,1260,7,3,10
1L63,L99I,1.5,0,allatom,6.0,1025,1026,1,2,3
1L63,L99I,1.5,0,allatom,7.0,1377,1379,1,3,4
1L63,L99I,1.5,0,allatom,8.0,1842,1838,4,0,4
1L63,L99I,1.5,0,allatom,9.0,2245,2241,4,0,4
1L63,L99I,1.5,0,allatom,10.0,2670,2669,2,1,3
1L63,L99M,0.6,0,ca,6.0,471,471,0,0,0
1L63,L99M,0.6,0,ca,7.0,627,627,0,0,0
1L63,L99M,0.6,0,ca,8.0,748,748,0,0,0
1L63,L99M,0.6,0,ca,9.0,1017,1017,0,0,0
1L63,L99M,0.6,0,ca,10.0,1343,1343,0,0,0
1L63,L99M,0.6,0,cb,6.0,376,376,0,0,0
1L63,L99M,0.6,0,cb,7.0,562,562,0,0,0
1L63,L99M,0.6,0,cb,8.0,783,783,0,0,0
1L63,L99M,0.6,0,cb,9.0,982,982,0,0,0
1L63,L99M,0.6,0,cb,10.0,1319,1319,0,0,0
1L63,L99M,0.6,0,centroid,6.0,295,297,1,3,4
1L63,L99M,0.6,0,centroid,7.0,482,483,1,2,3
1L63,L99M,0.6,0,centroid,8.0,668,667,1,0,1
1L63,L99M,0.6,0,centroid,9.0,930,929,3,2,5
1L63,L99M,0.6,0,centroid,10.0,1264,1262,4,2,6
1L63,L99M,0.6,0,allatom,6.0,1025,1026,0,1,1
1L63,L99M,0.6,0,allatom,7.0,1377,1376,3,2,5
1L63,L99M,0.6,0,allatom,8.0,1842,1844,2,4,6
1L63,L99M,0.6,0,allatom,9.0,2245,2247,2,4,6
1L63,L99M,0.6,0,allatom,10.0,2670,2675,0,5,5
1L63,L99V,2.0,0,ca,6.0,471,471,0,0,0
1L63,L99V,2.0,0,ca,7.0,627,627,0,0,0
1L63,L99V,2.0,0,ca,8.0,748,748,0,0,0
1L63,L99V,2.0,0,ca,9.0,1017,1017,0,0,0
1L63,L99V,2.0,0,ca,10.0,1343,1343,0,0,0
1L63,L99V,2.0,0,cb,6.0,376,376,0,0,0
1L63,L99V,2.0,0,cb,7.0,562,562,0,0,0
1L63,L99V,2.0,0,cb,8.0,783,783,0,0,0
1L63,L99V,2.0,0,cb,9.0,982,982,0,0,0
1L63,L99V,2.0,0,cb,10.0,1319,1318,1,0,1
1L63,L99V,2.0,0,centroid,6.0,295,297,3,5,8
1L63,L99V,2.0,0,centroid,7.0,482,483,2,3,5
1L63,L99V,2.0,0,centroid,8.0,668,667,1,0,1
1L63,L99V,2.0,0,centroid,9.0,930,932,1,3,4
1L63,L99V,2.0,0,centroid,10.0,1264,1262,4,2,6
1L63,L99V,2.0,0,allatom,6.0,1025,1027,0,2,2
1L63,L99V,2.0,0,allatom,7.0,1377,1375,4,2,6
1L63,L99V,2.0,0,allatom,8.0,1842,1835,8,1,9
1L63,L99V,2.0,0,allatom,9.0,2245,2240,6,1,7
1L63,L99V,2.0,0,allatom,10.0,2670,2669,3,2,5
1L63,I100A,3.4,0,ca,6.0,471,471,0,0,0
1L63,I100A,3.4,0,ca,7.0,627,627,0,0,0
1L63,I100A,3.4,0,ca,8.0,748,748,0,0,0
1L63,I100A,3.4,0,ca,9.0,1017,1017,0,0,0
1L63,I100A,3.4,0,ca,10.0,1343,1343,0,0,0
1L63,I100A,3.4,0,cb,6.0,376,376,0,0,0
1L63,I100A,3.4,0,cb,7.0,562,562,0,0,0
1L63,I100A,3.4,0,cb,8.0,783,783,0,0,0
1L63,I100A,3.4,0,cb,9.0,982,982,0,0,0
1L63,I100A,3.4,0,cb,10.0,1319,1319,0,0,0
1L63,I100A,3.4,0,centroid,6.0,295,294,2,1,3
1L63,I100A,3.4,0,centroid,7.0,482,485,0,3,3
1L63,I100A,3.4,0,centroid,8.0,668,670,1,3,4
1L63,I100A,3.4,0,centroid,9.0,930,933,1,4,5
1L63,I100A,3.4,0,centroid,10.0,1264,1267,2,5,7
1L63,I100A,3.4,0,allatom,6.0,1025,1027,0,2,2
1L63,I100A,3.4,0,allatom,7.0,1377,1378,3,4,7
1L63,I100A,3.4,0,allatom,8.0,1842,1841,5,4,9
1L63,I100A,3.4,0,allatom,9.0,2245,2241,4,0,4
1L63,I100A,3.4,0,allatom,10.0,2670,2669,3,2,5
1L63,I100M,1.6,0,ca,6.0,471,471,0,0,0
1L63,I100M,1.6,0,ca,7.0,627,627,0,0,0
1L63,I100M,1.6,0,ca,8.0,748,748,0,0,0
1L63,I100M,1.6,0,ca,9.0,1017,1017,0,0,0
1L63,I100M,1.6,0,ca,10.0,1343,1343,0,0,0
1L63,I100M,1.6,0,cb,6.0,376,376,0,0,0
1L63,I100M,1.6,0,cb,7.0,562,562,0,0,0
1L63,I100M,1.6,0,cb,8.0,783,783,0,0,0
1L63,I100M,1.6,0,cb,9.0,982,982,0,0,0
1L63,I100M,1.6,0,cb,10.0,1319,1319,0,0,0
1L63,I100M,1.6,0,centroid,6.0,295,294,2,1,3
1L63,I100M,1.6,0,centroid,7.0,482,480,2,0,2
1L63,I100M,1.6,0,centroid,8.0,668,669,0,1,1
1L63,I100M,1.6,0,centroid,9.0,930,930,1,1,2
1L63,I100M,1.6,0,centroid,10.0,1264,1264,2,2,4
1L63,I100M,1.6,0,allatom,6.0,1025,1026,0,1,1
1L63,I100M,1.6,0,allatom,7.0,1377,1377,2,2,4
1L63,I100M,1.6,0,allatom,8.0,1842,1844,1,3,4
1L63,I100M,1.6,0,allatom,9.0,2245,2244,1,0,1
1L63,I100M,1.6,0,allatom,10.0,2670,2669,2,1,3
1L63,I100V,0.4,0,ca,6.0,471,471,0,0,0
1L63,I100V,0.4,0,ca,7.0,627,627,0,0,0
1L63,I100V,0.4,0,ca,8.0,748,748,0,0,0
1L63,I100V,0.4,0,ca,9.0,1017,1017,0,0,0
1L63,I100V,0.4,0,ca,10.0,1343,1343,0,0,0
1L63,I100V,0.4,0,cb,6.0,376,376,0,0,0
1L63,I100V,0.4,0,cb,7.0,562,563,0,1,1
1L63,I100V,0.4,0,cb,8.0,783,783,0,0,0
1L63,I100V,0.4,0,cb,9.0,982,982,0,0,0
1L63,I100V,0.4,0,cb,10.0,1319,1319,0,0,0
1L63,I100V,0.4,0,centroid,6.0,295,296,0,1,1
1L63,I100V,0.4,0,centroid,7.0,482,484,0,2,2
1L63,I100V,0.4,0,centroid,8.0,668,669,1,2,3
1L63,I100V,0.4,0,centroid,9.0,930,929,2,1,3
1L63,I100V,0.4,0,centroid,10.0,1264,1267,0,3,3
1L63,I100V,0.4,0,allatom,6.0,1025,1025,0,0,0
1L63,I100V,0.4,0,allatom,7.0,1377,1378,1,2,3
1L63,I100V,0.4,0,allatom,8.0,1842,1844,0,2,2
1L63,I100V,0.4,0,allatom,9.0,2245,2246,0,1,1
1L63,I100V,0.4,0,allatom,10.0,2670,2672,1,3,4
1L63,N101A,1.5,0,ca,6.0,471,471,0,0,0
1L63,N101A,1.5,0,ca,7.0,627,627,0,0,0
1L63,N101A,1.5,0,ca,8.0,748,748,0,0,0
1L63,N101A,1.5,0,ca,9.0,1017,1017,0,0,0
1L63,N101A,1.5,0,ca,10.0,1343,1343,0,0,0
1L63,N101A,1.5,0,cb,6.0,376,376,0,0,0
1L63,N101A,1.5,0,cb,7.0,562,562,0,0,0
1L63,N101A,1.5,0,cb,8.0,783,783,0,0,0
1L63,N101A,1.5,0,cb,9.0,982,982,0,0,0
1L63,N101A,1.5,0,cb,10.0,1319,1319,0,0,0
1L63,N101A,1.5,0,centroid,6.0,295,292,4,1,5
1L63,N101A,1.5,0,centroid,7.0,482,481,4,3,7
1L63,N101A,1.5,0,centroid,8.0,668,669,1,2,3
1L63,N101A,1.5,0,centroid,9.0,930,931,4,5,9
1L63,N101A,1.5,0,centroid,10.0,1264,1261,5,2,7
1L63,N101A,1.5,0,allatom,6.0,1025,1022,5,2,7
1L63,N101A,1.5,0,allatom,7.0,1377,1377,4,4,8
1L63,N101A,1.5,0,allatom,8.0,1842,1835,11,4,15
1L63,N101A,1.5,0,allatom,9.0,2245,2237,10,2,12
1L63,N101A,1.5,0,allatom,10.0,2670,2660,13,3,16
1L63,M102L,1.0,0,ca,6.0,471,471,0,0,0
1L63,M102L,1.0,0,ca,7.0,627,627,0,0,0
1L63,M102L,1.0,0,ca,8.0,748,748,0,0,0
1L63,M102L,1.0,0,ca,9.0,1017,1017,0,0,0
1L63,M102L,1.0,0,ca,10.0,1343,1343,0,0,0
1L63,M102L,1.0,0,cb,6.0,376,376,0,0,0
1L63,M102L,1.0,0,cb,7.0,562,562,0,0,0
1L63,M102L,1.0,0,cb,8.0,783,783,0,0,0
1L63,M102L,1.0,0,cb,9.0,982,982,0,0,0
1L63,M102L,1.0,0,cb,10.0,1319,1319,0,0,0
1L63,M102L,1.0,0,centroid,6.0,295,296,1,2,3
1L63,M102L,1.0,0,centroid,7.0,482,484,0,2,2
1L63,M102L,1.0,0,centroid,8.0,668,668,1,1,2
1L63,M102L,1.0,0,centroid,9.0,930,928,3,1,4
1L63,M102L,1.0,0,centroid,10.0,1264,1267,3,6,9
1L63,M102L,1.0,0,allatom,6.0,1025,1023,2,0,2
1L63,M102L,1.0,0,allatom,7.0,1377,1374,6,3,9
1L63,M102L,1.0,0,allatom,8.0,1842,1843,4,5,9
1L63,M102L,1.0,0,allatom,9.0,2245,2242,9,6,15
1L63,M102L,1.0,0,allatom,10.0,2670,2667,7,4,11
1L63,V103A,2.2,0,ca,6.0,471,471,0,0,0
1L63,V103A,2.2,0,ca,7.0,627,627,0,0,0
1L63,V103A,2.2,0,ca,8.0,748,748,0,0,0
1L63,V103A,2.2,0,ca,9.0,1017,1017,0,0,0
1L63,V103A,2.2,0,ca,10.0,1343,1343,0,0,0
1L63,V103A,2.2,0,cb,6.0,376,376,0,0,0
1L63,V103A,2.2,0,cb,7.0,562,562,0,0,0
1L63,V103A,2.2,0,cb,8.0,783,783,0,0,0
1L63,V103A,2.2,0,cb,9.0,982,982,0,0,0
1L63,V103A,2.2,0,cb,10.0,1319,1319,0,0,0
1L63,V103A,2.2,0,centroid,6.0,295,294,3,2,5
1L63,V103A,2.2,0,centroid,7.0,482,479,4,1,5
1L63,V103A,2.2,0,centroid,8.0,668,669,1,2,3
1L63,V103A,2.2,0,centroid,9.0,930,931,0,1,1
1L63,V103A,2.2,0,centroid,10.0,1264,1262,3,1,4
1L63,V103A,2.2,0,allatom,6.0,1025,1020,5,0,5
1L63,V103A,2.2,0,allatom,7.0,1377,1371,6,0,6
1L63,V103A,2.2,0,allatom,8.0,1842,1834,8,0,8
1L63,V103A,2.2,0,allatom,9.0,2245,2241,5,1,6
1L63,V103A,2.2,0,allatom,10.0,2670,2667,4,1,5
1L63,V103I,0.5,0,ca,6.0,471,471,0,0,0
1L63,V103I,0.5,0,ca,7.0,627,627,0,0,0
1L63,V103I,0.5,0,ca,8.0,748,748,0,0,0
1L63,V103I,0.5,0,ca,9.0,1017,1017,0,0,0
1L63,V103I,0.5,0,ca,10.0,1343,1343,0,0,0
1L63,V103I,0.5,0,cb,6.0,376,376,0,0,0
1L63,V103I,0.5,0,cb,7.0,562,562,0,0,0
1L63,V103I,0.5,0,cb,8.0,783,783,0,0,0
1L63,V103I,0.5,0,cb,9.0,982,983,0,1,1
1L63,V103I,0.5,0,cb,10.0,1319,1320,0,1,1
1L63,V103I,0.5,0,centroid,6.0,295,296,2,3,5
1L63,V103I,0.5,0,centroid,7.0,482,480,3,1,4
1L63,V103I,0.5,0,centroid,8.0,668,669,1,2,3
1L63,V103I,0.5,0,centroid,9.0,930,931,0,1,1
1L63,V103I,0.5,0,centroid,10.0,1264,1261,3,0,3
1L63,V103I,0.5,0,allatom,6.0,1025,1024,2,1,3
1L63,V103I,0.5,0,allatom,7.0,1377,1375,3,1,4
1L63,V103I,0.5,0,allatom,8.0,1842,1840,3,1,4
1L63,V103I,0.5,0,allatom,9.0,2245,2247,1,3,4
1L63,V103I,0.5,0,allatom,10.0,2670,2672,0,2,2
1L63,V103M,1.2,0,ca,6.0,471,471,0,0,0
1L63,V103M,1.2,0,ca,7.0,627,627,0,0,0
1L63,V103M,1.2,0,ca,8.0,748,748,0,0,0
1L63,V103M,1.2,0,ca,9.0,1017,1017,0,0,0
1L63,V103M,1.2,0,ca,10.0,1343,1343,0,0,0
1L63,V103M,1.2,0,cb,6.0,376,376,0,0,0
1L63,V103M,1.2,0,cb,7.0,562,562,0,0,0
1L63,V103M,1.2,0,cb,8.0,783,783,0,0,0
1L63,V103M,1.2,0,cb,9.0,982,982,0,0,0
1L63,V103M,1.2,0,cb,10.0,1319,1319,0,0,0
1L63,V103M,1.2,0,centroid,6.0,295,295,4,4,8
1L63,V103M,1.2,0,centroid,7.0,482,477,5,0,5
1L63,V103M,1.2,0,centroid,8.0,668,668,3,3,6
1L63,V103M,1.2,0,centroid,9.0,930,931,1,2,3
1L63,V103M,1.2,0,centroid,10.0,1264,1261,5,2,7
1L63,V103M,1.2,0,allatom,6.0,1025,1024,2,1,3
1L63,V103M,1.2,0,allatom,7.0,1377,1377,4,4,8
1L63,V103M,1.2,0,allatom,8.0,1842,1839,5,2,7
1L63,V103M,1.2,0,allatom,9.0,2245,2244,4,3,7
1L63,V103M,1.2,0,allatom,10.0,2670,2669,3,2,5
1L63,F104M,0.4,0,ca,6.0,471,471,0,0,0
1L63,F104M,0.4,0,ca,7.0,627,627,0,0,0
1L63,F104M,0.4,0,ca,8.0,748,748,0,0,0
1L63,F104M,0.4,0,ca,9.0,1017,1017,0,0,0
1L63,F104M,0.4,0,ca,10.0,1343,1343,0,0,0
1L63,F104M,0.4,0,cb,6.0,376,376,0,0,0
1L63,F104M,0.4,0,cb,7.0,562,562,0,0,0
1L63,F104M,0.4,0,cb,8.0,783,783,0,0,0
1L63,F104M,0.4,0,cb,9.0,982,982,0,0,0
1L63,F104M,0.4,0,cb,10.0,1319,1319,0,0,0
1L63,F104M,0.4,0,centroid,6.0,295,293,3,1,4
1L63,F104M,0.4,0,centroid,7.0,482,481,3,2,5
1L63,F104M,0.4,0,centroid,8.0,668,671,2,5,7
1L63,F104M,0.4,0,centroid,9.0,930,929,3,2,5
1L63,F104M,0.4,0,centroid,10.0,1264,1266,1,3,4
1L63,F104M,0.4,0,allatom,6.0,1025,1025,2,2,4
1L63,F104M,0.4,0,allatom,7.0,1377,1378,2,3,5
1L63,F104M,0.4,0,allatom,8.0,1842,1839,5,2,7
1L63,F104M,0.4,0,allatom,9.0,2245,2240,6,1,7
1L63,F104M,0.4,0,allatom,10.0,2670,2670,2,2,4
1L63,Q105M,1.2,0,ca,6.0,471,471,0,0,0
1L63,Q105M,1.2,0,ca,7.0,627,627,0,0,0
1L63,Q105M,1.2,0,ca,8.0,748,748,0,0,0
1L63,Q105M,1.2,0,ca,9.0,1017,1017,0,0,0
1L63,Q105M,1.2,0,ca,10.0,1343,1343,0,0,0
1L63,Q105M,1.2,0,cb,6.0,376,376,0,0,0
1L63,Q105M,1.2,0,cb,7.0,562,562,0,0,0
1L63,Q105M,1.2,0,cb,8.0,783,783,0,0,0
1L63,Q105M,1.2,0,cb,9.0,982,982,0,0,0
1L63,Q105M,1.2,0,cb,10.0,1319,1319,0,0,0
1L63,Q105M,1.2,0,centroid,6.0,295,291,4,0,4
1L63,Q105M,1.2,0,centroid,7.0,482,479,3,0,3
1L63,Q105M,1.2,0,centroid,8.0,668,665,5,2,7
1L63,Q105M,1.2,0,centroid,9.0,930,929,4,3,7
1L63,Q105M,1.2,0,centroid,10.0,1264,1266,1,3,4
1L63,Q105M,1.2,0,allatom,6.0,1025,1023,2,0,2
1L63,Q105M,1.2,0,allatom,7.0,1377,1375,4,2,6
1L63,Q105M,1.2,0,allatom,8.0,1842,1841,3,2,5
1L63,Q105M,1.2,0,allatom,9.0,2245,2241,5,1,6
1L63,Q105M,1.2,0,allatom,10.0,2670,2660,11,1,12
1L63,M106I,-0.2,0,ca,6.0,471,471,0,0,0
1L63,M106I,-0.2,0,ca,7.0,627,627,0,0,0
1L63,M106I,-0.2,0,ca,8.0,748,748,0,0,0
1L63,M106I,-0.2,0,ca,9.0,1017,1017,0,0,0
1L63,M106I,-0.2,0,ca,10.0,1343,1343,0,0,0
1L63,M106I,-0.2,0,cb,6.0,376,378,0,2,2
1L63,M106I,-0.2,0,cb,7.0,562,563,0,1,1
1L63,M106I,-0.2,0,cb,8.0,783,784,0,1,1
1L63,M106I,-0.2,0,cb,9.0,982,982,0,0,0
1L63,M106I,-0.2,0,cb,10.0,1319,1320,0,1,1
1L63,M106I,-0.2,0,centroid,6.0,295,295,1,1,2
1L63,M106I,-0.2,0,centroid,7.0,482,482,0,0,0
1L63,M106I,-0.2,0,centroid,8.0,668,667,1,0,1
1L63,M106I,-0.2,0,centroid,9.0,930,928,2,0,2
1L63,M106I,-0.2,0,centroid,10.0,1264,1263,3,2,5
1L63,M106I,-0.2,0,allatom,6.0,1025,1024,1,0,1
1L63,M106I,-0.2,0,allatom,7.0,1377,1377,2,2,4
1L63,M106I,-0.2,0,allatom,8.0,1842,1838,4,0,4
1L63,M106I,-0.2,0,allatom,9.0,2245,2241,4,0,4
1L63,M106I,-0.2,0,allatom,10.0,2670,2667,4,1,5
1L63,M106L,-0.5,0,ca,6.0,471,471,0,0,0
1L63,M106L,-0.5,0,ca,7.0,627,627,0,0,0
1L63,M106L,-0.5,0,ca,8.0,748,748,0,0,0
1L63,M106L,-0.5,0,ca,9.0,1017,1017,0,0,0
1L63,M106L,-0.5,0,ca,10.0,1343,1343,0,0,0
1L63,M106L,-0.5,0,cb,6.0,376,376,0,0,0
1L63,M106L,-0.5,0,cb,7.0,562,562,0,0,0
1L63,M106L,-0.5,0,cb,8.0,783,783,0,0,0
1L63,M106L,-0.5,0,cb,9.0,982,982,0,0,0
1L63,M106L,-0.5,0,cb,10.0,1319,1319,0,0,0
1L63,M106L,-0.5,0,centroid,6.0,295,296,0,1,1
1L63,M106L,-0.5,0,centroid,7.0,482,482,0,0,0
1L63,M106L,-0.5,0,centroid,8.0,668,667,1,0,1
1L63,M106L,-0.5,0,centroid,9.0,930,928,2,0,2
1L63,M106L,-0.5,0,centroid,10.0,1264,1263,2,1,3
1L63,M106L,-0.5,0,allatom,6.0,1025,1024,1,0,1
1L63,M106L,-0.5,0,allatom,7.0,1377,1379,0,2,2
1L63,M106L,-0.5,0,allatom,8.0,1842,1837,5,0,5
1L63,M106L,-0.5,0,allatom,9.0,2245,2242,3,0,3
1L63,M106L,-0.5,0,allatom,10.0,2670,2667,4,1,5
1L63,M106K,3.4,0,ca,6.0,471,471,0,0,0
1L63,M106K,3.4,0,ca,7.0,627,627,0,0,0
1L63,M106K,3.4,0,ca,8.0,748,748,0,0,0
1L63,M106K,3.4,0,ca,9.0,1017,1017,0,0,0
1L63,M106K,3.4,0,ca,10.0,1343,1343,0,0,0
1L63,M106K,3.4,0,cb,6.0,376,376,0,0,0
1L63,M106K,3.4,0,cb,7.0,562,562,0,0,0
1L63,M106K,3.4,0,cb,8.0,783,783,0,0,0
1L63,M106K,3.4,0,cb,9.0,982,982,0,0,0
1L63,M106K,3.4,0,cb,10.0,1319,1319,0,0,0
1L63,M106K,3.4,0,centroid,6.0,295,292,3,0,3
1L63,M106K,3.4,0,centroid,7.0,482,479,3,0,3
1L63,M106K,3.4,0,centroid,8.0,668,668,2,2,4
1L63,M106K,3.4,0,centroid,9.0,930,928,4,2,6
1L63,M106K,3.4,0,centroid,10.0,1264,1263,5,4,9
1L63,M106K,3.4,0,allatom,6.0,1025,1025,1,1,2
1L63,M106K,3.4,0,allatom,7.0,1377,1380,2,5,7
1L63,M106K,3.4,0,allatom,8.0,1842,1838,6,2,8
1L63,M106K,3.4,0,allatom,9.0,2245,2242,7,4,11
1L63,M106K,3.4,0,allatom,10.0,2670,2665,6,1,7
1L63,T109D,-0.6,0,ca,6.0,471,471,0,0,0
1L63,T109D,-0.6,0,ca,7.0,627,627,0,0,0
1L63,T109D,-0.6,0,ca,8.0,748,748,0,0,0
1L63,T109D,-0.6,0,ca,9.0,1017,1017,0,0,0
1L63,T109D,-0.6,0,ca,10.0,1343,1343,0,0,0
1L63,T109D,-0.6,0,cb,6.0,376,376,0,0,0
1L63,T109D,-0.6,0,cb,7.0,562,562,0,0,0
1L63,T109D,-0.6,0,cb,8.0,783,783,0,0,0
1L63,T109D,-0.6,0,cb,9.0,982,982,0,0,0
1L63,T109D,-0.6,0,cb,10.0,1319,1319,0,0,0
1L63,T109D,-0.6,0,centroid,6.0,295,296,3,4,7
1L63,T109D,-0.6,0,centroid,7.0,482,479,3,0,3
1L63,T109D,-0.6,0,centroid,8.0,668,668,2,2,4
1L63,T109D,-0.6,0,centroid,9.0,930,933,0,3,3
1L63,T109D,-0.6,0,centroid,10.0,1264,1261,3,0,3
1L63,T109D,-0.6,0,allatom,6.0,1025,1025,2,2,4
1L63,T109D,-0.6,0,allatom,7.0,1377,1375,2,0,2
1L63,T109D,-0.6,0,allatom,8.0,1842,1841,2,1,3
1L63,T109D,-0.6,0,allatom,9.0,2245,2248,1,4,5
1L63,T109D,-0.6,0,allatom,10.0,2670,2671,0,1,1
1L63,T109N,-0.1,0,ca,6.0,471,471,0,0,0
1L63,T109N,-0.1,0,ca,7.0,627,627,0,0,0
1L63,T109N,-0.1,0,ca,8.0,748,748,0,0,0
1L63,T109N,-0.1,0,ca,9.0,1017,1017,0,0,0
1L63,T109N,-0.1,0,ca,10.0,1343,1343,0,0,0
1L63,T109N,-0.1,0,cb,6.0,376,376,0,0,0
1L63,T109N,-0.1,0,cb,7.0,562,562,0,0,0
1L63,T109N,-0.1,0,cb,8.0,783,783,0,0,0
1L63,T109N,-0.1,0,cb,9.0,982,982,0,0,0
1L63,T109N,-0.1,0,cb,10.0,1319,1319,0,0,0
1L63,T109N,-0.1,0,centroid,6.0,295,295,1,1,2
1L63,T109N,-0.1,0,centroid,7.0,482,482,0,0,0
1L63,T109N,-0.1,0,centroid,8.0,668,666,2,0,2
1L63,T109N,-0.1,0,centroid,9.0,930,932,0,2,2
1L63,T109N,-0.1,0,centroid,10.0,1264,1263,1,0,1
1L63,T109N,-0.1,0,allatom,6.0,1025,1025,0,0,0
1L63,T109N,-0.1,0,allatom,7.0,1377,1377,0,0,0
1L63,T109N,-0.1,0,allatom,8.0,1842,1843,0,1,1
1L63,T109N,-0.1,0,allatom,9.0,2245,2247,0,2,2
1L63,T109N,-0.1,0,allatom,10.0,2670,2670,0,0,0
1L63,V111A,1.3,0,ca,6.0,471,471,0,0,0
1L63,V111A,1.3,0,ca,7.0,627,627,0,0,0
1L63,V111A,1.3,0,ca,8.0,748,748,0,0,0
1L63,V111A,1.3,0,ca,9.0,1017,1017,0,0,0
1L63,V111A,1.3,0,ca,10.0,1343,1343,0,0,0
1L63,V111A,1.3,0,cb,6.0,376,376,0,0,0
1L63,V111A,1.3,0,cb,7.0,562,562,0,0,0
1L63,V111A,1.3,0,cb,8.0,783,783,0,0,0
1L63,V111A,1.3,0,cb,9.0,982,982,0,0,0
1L63,V111A,1.3,0,cb,10.0,1319,1319,0,0,0
1L63,V111A,1.3,0,centroid,6.0,295,295,1,1,2
1L63,V111A,1.3,0,centroid,7.0,482,482,0,0,0
1L63,V111A,1.3,0,centroid,8.0,668,668,1,1,2
1L63,V111A,1.3,0,centroid,9.0,930,929,1,0,1
1L63,V111A,1.3,0,centroid,10.0,1264,1262,4,2,6
1L63,V111A,1.3,0,allatom,6.0,1025,1024,1,0,1
1L63,V111A,1.3,0,allatom,7.0,1377,1371,7,1,8
1L63,V111A,1.3,0,allatom,8.0,1842,1837,5,0,5
1L63,V111A,1.3,0,allatom,9.0,2245,2242,3,0,3
1L63,V111A,1.3,0,allatom,10.0,2670,2665,6,1,7
1L63,V111I,0.9,0,ca,6.0,471,471,0,0,0
1L63,V111I,0.9,0,ca,7.0,627,627,0,0,0
1L63,V111I,0.9,0,ca,8.0,748,748,0,0,0
1L63,V111I,0.9,0,ca,9.0,1017,1017,0,0,0
1L63,V111I,0.9,0,ca,10.0,1343,1343,0,0,0
1L63,V111I,0.9,0,cb,6.0,376,376,0,0,0
1L63,V111I,0.9,0,cb,7.0,562,562,0,0,0
1L63,V111I,0.9,0,cb,8.0,783,783,0,0,0
1L63,V111I,0.9,0,cb,9.0,982,981,1,0,1
1L63,V111I,0.9,0,cb,10.0,1319,1320,0,1,1
1L63,V111I,0.9,0,centroid,6.0,295,295,1,1,2
1L63,V111I,0.9,0,centroid,7.0,482,482,1,1,2
1L63,V111I,0.9,0,centroid,8.0,668,667,1,0,1
1L63,V111I,0.9,0,centroid,9.0,930,931,1,2,3
1L63,V111I,0.9,0,centroid,10.0,1264,1266,2,4,6
1L63,V111I,0.9,0,allatom,6.0,1025,1026,1,2,3
1L63,V111I,0.9,0,allatom,7.0,1377,1379,3,5,8
1L63,V111I,0.9,0,allatom,8.0,1842,1844,3,5,8
1L63,V111I,0.9,0,allatom,9.0,2245,2245,5,5,10
1L63,V111I,0.9,0,allatom,10.0,2670,2671,2,3,5
1L63,V111M,0.7,0,ca,6.0,471,471,0,0,0
1L63,V111M,0.7,0,ca,7.0,627,627,0,0,0
1L63,V111M,0.7,0,ca,8.0,748,748,0,0,0
1L63,V111M,0.7,0,ca,9.0,1017,1017,0,0,0
1L63,V111M,0.7,0,ca,10.0,1343,1343,0,0,0
1L63,V111M,0.7,0,cb,6.0,376,376,0,0,0
1L63,V111M,0.7,0,cb,7.0,562,562,0,0,0
1L63,V111M,0.7,0,cb,8.0,783,783,0,0,0
1L63,V111M,0.7,0,cb,9.0,982,982,0,0,0
1L63,V111M,0.7,0,cb,10.0,1319,1319,0,0,0
1L63,V111M,0.7,0,centroid,6.0,295,294,4,3,7
1L63,V111M,0.7,0,centroid,7.0,482,481,1,0,1
1L63,V111M,0.7,0,centroid,8.0,668,669,2,3,5
1L63,V111M,0.7,0,centroid,9.0,930,931,3,4,7
1L63,V111M,0.7,0,centroid,10.0,1264,1266,3,5,8
1L63,V111M,0.7,0,allatom,6.0,1025,1029,1,5,6
1L63,V111M,0.7,0,allatom,7.0,1377,1378,7,8,15
1L63,V111M,0.7,0,allatom,8.0,1842,1844,1,3,4
1L63,V111M,0.7,0,allatom,9.0,2245,2247,3,5,8
1L63,V111M,0.7,0,allatom,10.0,2670,2675,1,6,7
1L63,S117F,-1.1,0,ca,6.0,471,471,0,0,0
1L63,S117F,-1.1,0,ca,7.0,627,627,0,0,0
1L63,S117F,-1.1,0,ca,8.0,748,748,0,0,0
1L63,S117F,-1.1,0,ca,9.0,1017,1017,0,0,0
1L63,S117F,-1.1,0,ca,10.0,1343,1343,0,0,0
1L63,S117F,-1.1,0,cb,6.0,376,376,0,0,0
1L63,S117F,-1.1,0,cb,7.0,562,562,0,0,0
1L63,S117F,-1.1,0,cb,8.0,783,783,0,0,0
1L63,S117F,-1.1,0,cb,9.0,982,982,0,0,0
1L63,S117F,-1.1,0,cb,10.0,1319,1319,0,0,0
1L63,S117F,-1.1,0,centroid,6.0,295,297,4,6,10
1L63,S117F,-1.1,0,centroid,7.0,482,483,6,7,13
1L63,S117F,-1.1,0,centroid,8.0,668,671,6,9,15
1L63,S117F,-1.1,0,centroid,9.0,930,925,10,5,15
1L63,S117F,-1.1,0,centroid,10.0,1264,1260,14,10,24
1L63,S117F,-1.1,0,allatom,6.0,1025,1030,2,7,9
1L63,S117F,-1.1,0,allatom,7.0,1377,1380,13,16,29
1L63,S117F,-1.1,0,allatom,8.0,1842,1844,8,10,18
1L63,S117F,-1.1,0,allatom,9.0,2245,2253,7,15,22
1L63,S117F,-1.1,0,allatom,10.0,2670,2683,5,18,23
1L63,L118A,3.2,0,ca,6.0,471,471,0,0,0
1L63,L118A,3.2,0,ca,7.0,627,627,0,0,0
1L63,L118A,3.2,0,ca,8.0,748,748,0,0,0
1L63,L118A,3.2,0,ca,9.0,1017,1017,0,0,0
1L63,L118A,3.2,0,ca,10.0,1343,1343,0,0,0
1L63,L118A,3.2,0,cb,6.0,376,376,0,0,0
1L63,L118A,3.2,0,cb,7.0,562,562,0,0,0
1L63,L118A,3.2,0,cb,8.0,783,783,0,0,0
1L63,L118A,3.2,0,cb,9.0,982,982,0,0,0
1L63,L118A,3.2,0,cb,10.0,1319,1319,0,0,0
1L63,L118A,3.2,0,centroid,6.0,295,296,2,3,5
1L63,L118A,3.2,0,centroid,7.0,482,479,5,2,7
1L63,L118A,3.2,0,centroid,8.0,668,669,1,2,3
1L63,L118A,3.2,0,centroid,9.0,930,931,2,3,5
1L63,L118A,3.2,0,centroid,10.0,1264,1263,5,4,9
1L63,L118A,3.2,0,allatom,6.0,1025,1023,4,2,6
1L63,L118A,3.2,0,allatom,7.0,1377,1375,5,3,8
1L63,L118A,3.2,0,allatom,8.0,1842,1834,10,2,12
1L63,L118A,3.2,0,allatom,9.0,2245,2240,6,1,7
1L63,L118A,3.2,0,allatom,10.0,2670,2663,8,1,9
1L63,L118M,0.7,0,ca,6.0,471,471,0,0,0
1L63,L118M,0.7,0,ca,7.0,627,627,0,0,0
1L63,L118M,0.7,0,ca,8.0,748,748,0,0,0
1L63,L118M,0.7,0,ca,9.0,1017,1017,0,0,0
1L63,L118M,0.7,0,ca,10.0,1343,1343,0,0,0
1L63,L118M,0.7,0,cb,6.0,376,376,0,0,0
1L63,L118M,0.7,0,cb,7.0,562,562,0,0,0
1L63,L118M,0.7,0,cb,8.0,783,783,0,0,0
1L63,L118M,0.7,0,cb,9.0,982,982,0,0,0
1L63,L118M,0.7,0,cb,10.0,1319,1319,0,0,0
1L63,L118M,0.7,0,centroid,6.0,295,298,2,5,7
1L63,L118M,0.7,0,centroid,7.0,482,481,3,2,5
1L63,L118M,0.7,0,centroid,8.0,668,669,1,2,3
1L63,L118M,0.7,0,centroid,9.0,930,931,3,4,7
1L63,L118M,0.7,0,centroid,10.0,1264,1266,1,3,4
1L63,L118M,0.7,0,allatom,6.0,1025,1028,2,5,7
1L63,L118M,0.7,0,allatom,7.0,1377,1379,3,5,8
1L63,L118M,0.7,0,allatom,8.0,1842,1840,5,3,8
1L63,L118M,0.7,0,allatom,9.0,2245,2250,2,7,9
1L63,L118M,0.7,0,allatom,10.0,2670,2676,0,6,6
1L63,M120L,-0.5,0,ca,6.0,471,471,0,0,0
1L63,M120L,-0.5,0,ca,7.0,627,627,0,0,0
1L63,M120L,-0.5,0,ca,8.0,748,748,0,0,0
1L63,M120L,-0.5,0,ca,9.0,1017,1017,0,0,0
1L63,M120L,-0.5,0,ca,10.0,1343,1343,0,0,0
1L63,M120L,-0.5,0,cb,6.0,376,376,0,0,0
1L63,M120L,-0.5,0,cb,7.0,562,562,0,0,0
1L63,M120L,-0.5,0,cb,8.0,783,783,0,0,0
1L63,M120L,-0.5,0,cb,9.0,982,982,0,0,0
1L63,M120L,-0.5,0,cb,10.0,1319,1319,0,0,0
1L63,M120L,-0.5,0,centroid,6.0,295,296,3,4,7
1L63,M120L,-0.5,0,centroid,7.0,482,483,2,3,5
1L63,M120L,-0.5,0,centroid,8.0,668,667,2,1,3
1L63,M120L,-0.5,0,centroid,9.0,930,927,6,3,9
1L63,M120L,-0.5,0,centroid,10.0,1264,1260,5,1,6
1L63,M120L,-0.5,0,allatom,6.0,1025,1026,1,2,3
1L63,M120L,-0.5,0,allatom,7.0,1377,1376,3,2,5
1L63,M120L,-0.5,0,allatom,8.0,1842,1841,2,1,3
1L63,M120L,-0.5,0,allatom,9.0,2245,2245,1,1,2
1L63,M120L,-0.5,0,allatom,10.0,2670,2670,1,1,2
1L63,M120K,1.6,0,ca,6.0,471,471,0,0,0
1L63,M120K,1.6,0,ca,7.0,627,627,0,0,0
1L63,M120K,1.6,0,ca,8.0,748,748,0,0,0
1L63,M120K,1.6,0,ca,9.0,1017,1017,0,0,0
1L63,M120K,1.6,0,ca,10.0,1343,1343,0,0,0
1L63,M120K,1.6,0,cb,6.0,376,376,0,0,0
1L63,M120K,1.6,0,cb,7.0,562,562,0,0,0
1L63,M120K,1.6,0,cb,8.0,783,783,0,0,0
1L63,M120K,1.6,0,cb,9.0,982,982,0,0,0
1L63,M120K,1.6,0,cb,10.0,1319,1319,0,0,0
1L63,M120K,1.6,0,centroid,6.0,295,295,1,1,2
1L63,M120K,1.6,0,centroid,7.0,482,483,2,3,5
1L63,M120K,1.6,0,centroid,8.0,668,668,1,1,2
1L63,M120K,1.6,0,centroid,9.0,930,928,4,2,6
1L63,M120K,1.6,0,centroid,10.0,1264,1258,6,0,6
1L63,M120K,1.6,0,allatom,6.0,1025,1026,1,2,3
1L63,M120K,1.6,0,allatom,7.0,1377,1376,3,2,5
1L63,M120K,1.6,0,allatom,8.0,1842,1840,2,0,2
1L63,M120K,1.6,0,allatom,9.0,2245,2244,1,0,1
1L63,M120K,1.6,0,allatom,10.0,2670,2670,1,1,2
1L63,M120Y,0.1,0,ca,6.0,471,471,0,0,0
1L63,M120Y,0.1,0,ca,7.0,627,627,0,0,0
1L63,M120Y,0.1,0,ca,8.0,748,748,0,0,0
1L63,M120Y,0.1,0,ca,9.0,1017,1017,0,0,0
1L63,M120Y,0.1,0,ca,10.0,1343,1343,0,0,0
1L63,M120Y,0.1,0,cb,6.0,376,376,0,0,0
1L63,M120Y,0.1,0,cb,7.0,562,562,0,0,0
1L63,M120Y,0.1,0,cb,8.0,783,783,0,0,0
1L63,M120Y,0.1,0,cb,9.0,982,982,0,0,0
1L63,M120Y,0.1,0,cb,10.0,1319,1319,0,0,0
1L63,M120Y,0.1,0,centroid,6.0,295,290,6,1,7
1L63,M120Y,0.1,0,centroid,7.0,482,480,5,3,8
1L63,M120Y,0.1,0,centroid,8.0,668,667,4,3,7
1L63,M120Y,0.1,0,centroid,9.0,930,926,6,2,8
1L63,M120Y,0.1,0,centroid,10.0,1264,1257,9,2,11
1L63,M120Y,0.1,0,allatom,6.0,1025,1025,1,1,2
1L63,M120Y,0.1,0,allatom,7.0,1377,1375,3,1,4
1L63,M120Y,0.1,0,allatom,8.0,1842,1840,2,0,2
1L63,M120Y,0.1,0,allatom,9.0,2245,2245,0,0,0
1L63,M120Y,0.1,0,allatom,10.0,2670,2670,1,1,2
1L63,L121M,0.8,0,ca,6.0,471,471,0,0,0
1L63,L121M,0.8,0,ca,7.0,627,627,0,0,0
1L63,L121M,0.8,0,ca,8.0,748,748,0,0,0
1L63,L121M,0.8,0,ca,9.0,1017,1017,0,0,0
1L63,L121M,0.8,0,ca,10.0,1343,1343,0,0,0
1L63,L121M,0.8,0,cb,6.0,376,376,0,0,0
1L63,L121M,0.8,0,cb,7.0,562,562,0,0,0
1L63,L121M,0.8,0,cb,8.0,783,783,0,0,0
1L63,L121M,0.8,0,cb,9.0,982,982,0,0,0
1L63,L121M,0.8,0,cb,10.0,1319,1319,0,0,0
1L63,L121M,0.8,0,centroid,6.0,295,298,1,4,5
1L63,L121M,0.8,0,centroid,7.0,482,482,1,1,2
1L63,L121M,0.8,0,centroid,8.0,668,667,2,1,3
1L63,L121M,0.8,0,centroid,9.0,930,931,1,2,3
1L63,L121M,0.8,0,centroid,10.0,1264,1265,1,2,3
1L63,L121M,0.8,0,allatom,6.0,1025,1025,2,2,4
1L63,L121M,0.8,0,allatom,7.0,1377,1378,2,3,5
1L63,L121M,0.8,0,allatom,8.0,1842,1841,3,2,5
1L63,L121M,0.8,0,allatom,9.0,2245,2242,5,2,7
1L63,L121M,0.8,0,allatom,10.0,2670,2675,2,7,9
1L63,A129F,1.2,0,ca,6.0,471,471,0,0,0
1L63,A129F,1.2,0,ca,7.0,627,627,0,0,0
1L63,A129F,1.2,0,ca,8.0,748,748,0,0,0
1L63,A129F,1.2,0,ca,9.0,1017,1017,0,0,0
1L63,A129F,1.2,0,ca,10.0,1343,1343,0,0,0
1L63,A129F,1.2,0,cb,6.0,376,376,0,0,0
1L63,A129F,1.2,0,cb,7.0,562,562,0,0,0
1L63,A129F,1.2,0,cb,8.0,783,783,0,0,0
1L63,A129F,1.2,0,cb,9.0,982,982,0,0,0
1L63,A129F,1.2,0,cb,10.0,1319,1319,0,0,0
1L63,A129F,1.2,0,centroid,6.0,295,294,5,4,9
1L63,A129F,1.2,0,centroid,7.0,482,481,6,5,11
1L63,A129F,1.2,0,centroid,8.0,668,669,4,5,9
1L63,A129F,1.2,0,centroid,9.0,930,928,9,7,16
1L63,A129F,1.2,0,centroid,10.0,1264,1263,9,8,17
1L63,A129F,1.2,0,allatom,6.0,1025,1032,0,7,7
1L63,A129F,1.2,0,allatom,7.0,1377,1382,5,10,15
1L63,A129F,1.2,0,allatom,8.0,1842,1853,4,15,19
1L63,A129F,1.2,0,allatom,9.0,2245,2249,6,10,16
1L63,A129F,1.2,0,allatom,10.0,2670,2678,5,13,18
1L63,A129W,2.2,0,ca,6.0,471,471,0,0,0
1L63,A129W,2.2,0,ca,7.0,627,627,0,0,0
1L63,A129W,2.2,0,ca,8.0,748,748,0,0,0
1L63,A129W,2.2,0,ca,9.0,1017,1017,0,0,0
1L63,A129W,2.2,0,ca,10.0,1343,1343,0,0,0
1L63,A129W,2.2,0,cb,6.0,376,376,0,0,0
1L63,A129W,2.2,0,cb,7.0,562,562,0,0,0
1L63,A129W,2.2,0,cb,8.0,783,783,0,0,0
1L63,A129W,2.2,0,cb,9.0,982,982,0,0,0
1L63,A129W,2.2,0,cb,10.0,1319,1319,0,0,0
1L63,A129W,2.2,0,centroid,6.0,295,296,3,4,7
1L63,A129W,2.2,0,centroid,7.0,482,474,9,1,10
1L63,A129W,2.2,0,centroid,8.0,668,667,7,6,13
1L63,A129W,2.2,0,centroid,9.0,930,928,9,7,16
1L63,A129W,2.2,0,centroid,10.0,1264,1268,7,11,18
1L63,A129W,2.2,0,allatom,6.0,1025,1036,1,12,13
1L63,A129W,2.2,0,allatom,7.0,1377,1385,7,15,22
1L63,A129W,2.2,0,allatom,8.0,1842,1855,4,17,21
1L63,A129W,2.2,0,allatom,9.0,2245,2250,8,13,21
1L63,A129W,2.2,0,allatom,10.0,2670,2680,7,17,24
1L63,A130S,-1.0,0,ca,6.0,471,471,0,0,0
1L63,A130S,-1.0,0,ca,7.0,627,627,0,0,0
1L63,A130S,-1.0,0,ca,8.0,748,748,0,0,0
1L63,A130S,-1.0,0,ca,9.0,1017,1017,0,0,0
1L63,A130S,-1.0,0,ca,10.0,1343,1343,0,0,0
1L63,A130S,-1.0,0,cb,6.0,376,376,0,0,0
1L63,A130S,-1.0,0,cb,7.0,562,562,0,0,0
1L63,A130S,-1.0,0,cb,8.0,783,783,0,0,0
1L63,A130S,-1.0,0,cb,9.0,982,982,0,0,0
1L63,A130S,-1.0,0,cb,10.0,1319,1319,0,0,0
1L63,A130S,-1.0,0,centroid,6.0,295,296,0,1,1
1L63,A130S,-1.0,0,centroid,7.0,482,482,0,0,0
1L63,A130S,-1.0,0,centroid,8.0,668,666,2,0,2
1L63,A130S,-1.0,0,centroid,9.0,930,929,1,0,1
1L63,A130S,-1.0,0,centroid,10.0,1264,1263,1,0,1
1L63,A130S,-1.0,0,allatom,6.0,1025,1025,0,0,0
1L63,A130S,-1.0,0,allatom,7.0,1377,1377,0,0,0
1L63,A130S,-1.0,0,allatom,8.0,1842,1842,0,0,0
1L63,A130S,-1.0,0,allatom,9.0,2245,2245,0,0,0
1L63,A130S,-1.0,0,allatom,10.0,2670,2670,0,0,0
1L63,L133F,0.3,0,ca,6.0,471,471,0,0,0
1L63,L133F,0.3,0,ca,7.0,627,627,0,0,0
1L63,L133F,0.3,0,ca,8.0,748,748,0,0,0
1L63,L133F,0.3,0,ca,9.0,1017,1017,0,0,0
1L63,L133F,0.3,0,ca,10.0,1343,1343,0,0,0
1L63,L133F,0.3,0,cb,6.0,376,376,0,0,0
1L63,L133F,0.3,0,cb,7.0,562,562,0,0,0
1L63,L133F,0.3,0,cb,8.0,783,783,0,0,0
1L63,L133F,0.3,0,cb,9.0,982,982,0,0,0
1L63,L133F,0.3,0,cb,10.0,1319,1319,0,0,0
1L63,L133F,0.3,0,centroid,6.0,295,298,0,3,3
1L63,L133F,0.3,0,centroid,7.0,482,479,3,0,3
1L63,L133F,0.3,0,centroid,8.0,668,668,1,1,2
1L63,L133F,0.3,0,centroid,9.0,930,929,4,3,7
1L63,L133F,0.3,0,centroid,10.0,1264,1264,1,1,2
1L63,L133F,0.3,0,allatom,6.0,1025,1028,1,4,5
1L63,L133F,0.3,0,allatom,7.0,1377,1378,2,3,5
1L63,L133F,0.3,0,allatom,8.0,1842,1848,1,7,8
1L63,L133F,0.3,0,allatom,9.0,2245,2251,1,7,8
1L63,L133F,0.3,0,allatom,10.0,2670,2672,1,3,4
1L63,L133M,0.4,0,ca,6.0,471,471,0,0,0
1L63,L133M,0.4,0,ca,7.0,627,627,0,0,0
1L63,L133M,0.4,0,ca,8.0,748,748,0,0,0
1L63,L133M,0.4,0,ca,9.0,1017,1017,0,0,0
1L63,L133M,0.4,0,ca,10.0,1343,1343,0,0,0
1L63,L133M,0.4,0,cb,6.0,376,376,0,0,0
1L63,L133M,0.4,0,cb,7.0,562,562,0,0,0
1L63,L133M,0.4,0,cb,8.0,783,783,0,0,0
1L63,L133M,0.4,0,cb,9.0,982,982,0,0,0
1L63,L133M,0.4,0,cb,10.0,1319,1319,0,0,0
1L63,L133M,0.4,0,centroid,6.0,295,297,0,2,2
1L63,L133M,0.4,0,centroid,7.0,482,477,5,0,5
1L63,L133M,0.4,0,centroid,8.0,668,668,3,3,6
1L63,L133M,0.4,0,centroid,9.0,930,929,2,1,3
1L63,L133M,0.4,0,centroid,10.0,1264,1266,1,3,4
1L63,L133M,0.4,0,allatom,6.0,1025,1026,1,2,3
1L63,L133M,0.4,0,allatom,7.0,1377,1379,3,5,8
1L63,L133M,0.4,0,allatom,8.0,1842,1842,2,2,4
1L63,L133M,0.4,0,allatom,9.0,2245,2242,7,4,11
1L63,L133M,0.4,0,allatom,10.0,2670,2671,5,6,11
1L63,A134S,0.1,0,ca,6.0,471,471,0,0,0
1L63,A134S,0.1,0,ca,7.0,627,627,0,0,0
1L63,A134S,0.1,0,ca,8.0,748,748,0,0,0
1L63,A134S,0.1,0,ca,9.0,1017,1017,0,0,0
1L63,A134S,0.1,0,ca,10.0,1343,1343,0,0,0
1L63,A134S,0.1,0,cb,6.0,376,376,0,0,0
1L63,A134S,0.1,0,cb,7.0,562,562,0,0,0
1L63,A134S,0.1,0,cb,8.0,783,783,0,0,0
1L63,A134S,0.1,0,cb,9.0,982,982,0,0,0
1L63,A134S,0.1,0,cb,10.0,1319,1319,0,0,0
1L63,A134S,0.1,0,centroid,6.0,295,297,0,2,2
1L63,A134S,0.1,0,centroid,7.0,482,481,1,0,1
1L63,A134S,0.1,0,centroid,8.0,668,667,2,1,3
1L63,A134S,0.1,0,centroid,9.0,930,929,1,0,1
1L63,A134S,0.1,0,centroid,10.0,1264,1263,1,0,1
1L63,A134S,0.1,0,allatom,6.0,1025,1025,0,0,0
1L63,A134S,0.1,0,allatom,7.0,1377,1377,0,0,0
1L63,A134S,0.1,0,allatom,8.0,1842,1843,0,1,1
1L63,A134S,0.1,0,allatom,9.0,2245,2245,0,0,0
1L63,A134S,0.1,0,allatom,10.0,2670,2670,0,0,0
1L63,N144E,-0.5,0,ca,6.0,471,471,0,0,0
1L63,N144E,-0.5,0,ca,7.0,627,627,0,0,0
1L63,N144E,-0.5,0,ca,8.0,748,748,0,0,0
1L63,N144E,-0.5,0,ca,9.0,1017,1017,0,0,0
1L63,N144E,-0.5,0,ca,10.0,1343,1343,0,0,0
1L63,N144E,-0.5,0,cb,6.0,376,376,0,0,0
1L63,N144E,-0.5,0,cb,7.0,562,562,0,0,0
1L63,N144E,-0.5,0,cb,8.0,783,783,0,0,0
1L63,N144E,-0.5,0,cb,9.0,982,982,0,0,0
1L63,N144E,-0.5,0,cb,10.0,1319,1319,0,0,0
1L63,N144E,-0.5,0,centroid,6.0,295,293,2,0,2
1L63,N144E,-0.5,0,centroid,7.0,482,483,1,2,3
1L63,N144E,-0.5,0,centroid,8.0,668,668,1,1,2
1L63,N144E,-0.5,0,centroid,9.0,930,930,1,1,2
1L63,N144E,-0.5,0,centroid,10.0,1264,1266,1,3,4
1L63,N144E,-0.5,0,allatom,6.0,1025,1025,1,1,2
1L63,N144E,-0.5,0,allatom,7.0,1377,1376,1,0,1
1L63,N144E,-0.5,0,allatom,8.0,1842,1847,0,5,5
1L63,N144E,-0.5,0,allatom,9.0,2245,2244,2,1,3
1L63,N144E,-0.5,0,allatom,10.0,2670,2670,1,1,2
1L63,V149A,3.2,0,ca,6.0,471,471,0,0,0
1L63,V149A,3.2,0,ca,7.0,627,627,0,0,0
1L63,V149A,3.2,0,ca,8.0,748,748,0,0,0
1L63,V149A,3.2,0,ca,9.0,1017,1017,0,0,0
1L63,V149A,3.2,0,ca,10.0,1343,1343,0,0,0
1L63,V149A,3.2,0,cb,6.0,376,376,0,0,0
1L63,V149A,3.2,0,cb,7.0,562,562,0,0,0
1L63,V149A,3.2,0,cb,8.0,783,783,0,0,0
1L63,V149A,3.2,0,cb,9.0,982,982,0,0,0
1L63,V149A,3.2,0,cb,10.0,1319,1319,0,0,0
1L63,V149A,3.2,0,centroid,6.0,295,297,0,2,2
1L63,V149A,3.2,0,centroid,7.0,482,481,1,0,1
1L63,V149A,3.2,0,centroid,8.0,668,669,1,2,3
1L63,V149A,3.2,0,centroid,9.0,930,929,1,0,1
1L63,V149A,3.2,0,centroid,10.0,1264,1266,1,3,4
1L63,V149A,3.2,0,allatom,6.0,1025,1024,1,0,1
1L63,V149A,3.2,0,allatom,7.0,1377,1376,1,0,1
1L63,V149A,3.2,0,allatom,8.0,1842,1839,3,0,3
1L63,V149A,3.2,0,allatom,9.0,2245,2241,4,0,4
1L63,V149A,3.2,0,allatom,10.0,2670,2668,2,0,2
1L63,V149C,2.0,0,ca,6.0,471,471,0,0,0
1L63,V149C,2.0,0,ca,7.0,627,627,0,0,0
1L63,V149C,2.0,0,ca,8.0,748,748,0,0,0
1L63,V149C,2.0,0,ca,9.0,1017,1017,0,0,0
1L63,V149C,2.0,0,ca,10.0,1343,1343,0,0,0
1L63,V149C,2.0,0,cb,6.0,376,376,0,0,0
1L63,V149C,2.0,0,cb,7.0,562,562,0,0,0
1L63,V149C,2.0,0,cb,8.0,783,783,0,0,0
1L63,V149C,2.0,0,cb,9.0,982,982,0,0,0
1L63,V149C,2.0,0,cb,10.0,1319,1319,0,0,0
1L63,V149C,2.0,0,centroid,6.0,295,296,0,1,1
1L63,V149C,2.0,0,centroid,7.0,482,480,2,0,2
1L63,V149C,2.0,0,centroid,8.0,668,666,2,0,2
1L63,V149C,2.0,0,centroid,9.0,930,931,1,2,3
1L63,V149C,2.0,0,centroid,10.0,1264,1266,0,2,2
1L63,V149C,2.0,0,allatom,6.0,1025,1025,0,0,0
1L63,V149C,2.0,0,allatom,7.0,1377,1379,0,2,2
1L63,V149C,2.0,0,allatom,8.0,1842,1841,1,0,1
1L63,V149C,2.0,0,allatom,9.0,2245,2245,1,1,2
1L63,V149C,2.0,0,allatom,10.0,2670,2669,1,0,1
1L63,V149G,4.9,1,ca,6.0,471,471,0,0,0
1L63,V149G,4.9,1,ca,7.0,627,627,0,0,0
1L63,V149G,4.9,1,ca,8.0,748,748,0,0,0
1L63,V149G,4.9,1,ca,9.0,1017,1017,0,0,0
1L63,V149G,4.9,1,ca,10.0,1343,1343,0,0,0
1L63,V149G,4.9,1,cb,6.0,376,375,2,1,3
1L63,V149G,4.9,1,cb,7.0,562,563,2,3,5
1L63,V149G,4.9,1,cb,8.0,783,781,2,0,2
1L63,V149G,4.9,1,cb,9.0,982,983,1,2,3
1L63,V149G,4.9,1,cb,10.0,1319,1318,3,2,5
1L63,V149G,4.9,1,centroid,6.0,295,295,1,1,2
1L63,V149G,4.9,1,centroid,7.0,482,482,4,4,8
1L63,V149G,4.9,1,centroid,8.0,668,668,2,2,4
1L63,V149G,4.9,1,centroid,9.0,930,927,3,0,3
1L63,V149G,4.9,1,centroid,10.0,1264,1262,5,3,8
1L63,V149G,4.9,1,allatom,6.0,1025,1022,3,0,3
1L63,V149G,4.9,1,allatom,7.0,1377,1376,2,1,3
1L63,V149G,4.9,1,allatom,8.0,1842,1837,5,0,5
1L63,V149G,4.9,1,allatom,9.0,2245,2238,8,1,9
1L63,V149G,4.9,1,allatom,10.0,2670,2664,6,0,6
1L63,V149I,0.1,0,ca,6.0,471,471,0,0,0
1L63,V149I,0.1,0,ca,7.0,627,627,0,0,0
1L63,V149I,0.1,0,ca,8.0,748,748,0,0,0
1L63,V149I,0.1,0,ca,9.0,1017,1017,0,0,0
1L63,V149I,0.1,0,ca,10.0,1343,1343,0,0,0
1L63,V149I,0.1,0,cb,6.0,376,376,0,0,0
1L63,V149I,0.1,0,cb,7.0,562,562,0,0,0
1L63,V149I,0.1,0,cb,8.0,783,783,0,0,0
1L63,V149I,0.1,0,cb,9.0,982,982,1,1,2
1L63,V149I,0.1,0,cb,10.0,1319,1319,0,0,0
1L63,V149I,0.1,0,centroid,6.0,295,295,2,2,4
1L63,V149I,0.1,0,centroid,7.0,482,480,2,0,2
1L63,V149I,0.1,0,centroid,8.0,668,667,2,1,3
1L63,V149I,0.1,0,centroid,9.0,930,925,7,2,9
1L63,V149I,0.1,0,centroid,10.0,1264,1266,1,3,4
1L63,V149I,0.1,0,allatom,6.0,1025,1023,4,2,6
1L63,V149I,0.1,0,allatom,7.0,1377,1377,5,5,10
1L63,V149I,0.1,0,allatom,8.0,1842,1839,6,3,9
1L63,V149I,0.1,0,allatom,9.0,2245,2244,6,5,11
1L63,V149I,0.1,0,allatom,10.0,2670,2663,10,3,13
1L63,V149M,2.8,0,ca,6.0,471,471,0,0,0
1L63,V149M,2.8,0,ca,7.0,627,627,0,0,0
1L63,V149M,2.8,0,ca,8.0,748,748,0,0,0
1L63,V149M,2.8,0,ca,9.0,1017,1017,0,0,0
1L63,V149M,2.8,0,ca,10.0,1343,1343,0,0,0
1L63,V149M,2.8,0,cb,6.0,376,376,0,0,0
1L63,V149M,2.8,0,cb,7.0,562,562,0,0,0
1L63,V149M,2.8,0,cb,8.0,783,783,0,0,0
1L63,V149M,2.8,0,cb,9.0,982,982,0,0,0
1L63,V149M,2.8,0,cb,10.0,1319,1319,0,0,0
1L63,V149M,2.8,0,centroid,6.0,295,296,1,2,3
1L63,V149M,2.8,0,centroid,7.0,482,482,1,1,2
1L63,V149M,2.8,0,centroid,8.0,668,667,1,0,1
1L63,V149M,2.8,0,centroid,9.0,930,931,2,3,5
1L63,V149M,2.8,0,centroid,10.0,1264,1265,1,2,3
1L63,V149M,2.8,0,allatom,6.0,1025,1028,0,3,3
1L63,V149M,2.8,0,allatom,7.0,1377,1383,1,7,8
1L63,V149M,2.8,0,allatom,8.0,1842,1844,3,5,8
1L63,V149M,2.8,0,allatom,9.0,2245,2247,2,4,6
1L63,V149M,2.8,0,allatom,10.0,2670,2672,0,2,2
1L63,V149T,2.8,0,ca,6.0,471,471,0,0,0
1L63,V149T,2.8,0,ca,7.0,627,627,0,0,0
1L63,V149T,2.8,0,ca,8.0,748,748,0,0,0
1L63,V149T,2.8,0,ca,9.0,1017,1017,0,0,0
1L63,V149T,2.8,0,ca,10.0,1343,1343,0,0,0
1L63,V149T,2.8,0,cb,6.0,376,376,0,0,0
1L63,V149T,2.8,0,cb,7.0,562,562,0,0,0
1L63,V149T,2.8,0,cb,8.0,783,783,0,0,0
1L63,V149T,2.8,0,cb,9.0,982,982,1,1,2
1L63,V149T,2.8,0,cb,10.0,1319,1319,0,0,0
1L63,V149T,2.8,0,centroid,6.0,295,296,0,1,1
1L63,V149T,2.8,0,centroid,7.0,482,482,0,0,0
1L63,V149T,2.8,0,centroid,8.0,668,668,0,0,0
1L63,V149T,2.8,0,centroid,9.0,930,930,0,0,0
1L63,V149T,2.8,0,centroid,10.0,1264,1264,0,0,0
1L63,V149T,2.8,0,allatom,6.0,1025,1026,0,1,1
1L63,V149T,2.8,0,allatom,7.0,1377,1377,0,0,0
1L63,V149T,2.8,0,allatom,8.0,1842,1842,0,0,0
1L63,V149T,2.8,0,allatom,9.0,2245,2244,1,0,1
1L63,V149T,2.8,0,allatom,10.0,2670,2670,0,0,0
1L63,V149S,4.4,0,ca,6.0,471,471,0,0,0
1L63,V149S,4.4,0,ca,7.0,627,627,0,0,0
1L63,V149S,4.4,0,ca,8.0,748,748,0,0,0
1L63,V149S,4.4,0,ca,9.0,1017,1017,0,0,0
1L63,V149S,4.4,0,ca,10.0,1343,1343,0,0,0
1L63,V149S,4.4,0,cb,6.0,376,376,0,0,0
1L63,V149S,4.4,0,cb,7.0,562,562,0,0,0
1L63,V149S,4.4,0,cb,8.0,783,783,0,0,0
1L63,V149S,4.4,0,cb,9.0,982,982,0,0,0
1L63,V149S,4.4,0,cb,10.0,1319,1319,0,0,0
1L63,V149S,4.4,0,centroid,6.0,295,297,1,3,4
1L63,V149S,4.4,0,centroid,7.0,482,480,2,0,2
1L63,V149S,4.4,0,centroid,8.0,668,668,0,0,0
1L63,V149S,4.4,0,centroid,9.0,930,929,1,0,1
1L63,V149S,4.4,0,centroid,10.0,1264,1266,3,5,8
1L63,V149S,4.4,0,allatom,6.0,1025,1024,1,0,1
1L63,V149S,4.4,0,allatom,7.0,1377,1378,1,2,3
1L63,V149S,4.4,0,allatom,8.0,1842,1840,3,1,4
1L63,V149S,4.4,0,allatom,9.0,2245,2244,4,3,7
1L63,V149S,4.4,0,allatom,10.0,2670,2668,2,0,2
1L63,T152A,1.5,0,ca,6.0,471,471,0,0,0
1L63,T152A,1.5,0,ca,7.0,627,627,0,0,0
1L63,T152A,1.5,0,ca,8.0,748,748,0,0,0
1L63,T152A,1.5,0,ca,9.0,1017,1017,0,0,0
1L63,T152A,1.5,0,ca,10.0,1343,1343,0,0,0
1L63,T152A,1.5,0,cb,6.0,376,376,0,0,0
1L63,T152A,1.5,0,cb,7.0,562,562,0,0,0
1L63,T152A,1.5,0,cb,8.0,783,783,0,0,0
1L63,T152A,1.5,0,cb,9.0,982,982,0,0,0
1L63,T152A,1.5,0,cb,10.0,1319,1319,0,0,0
1L63,T152A,1.5,0,centroid,6.0,295,291,5,1,6
1L63,T152A,1.5,0,centroid,7.0,482,481,1,0,1
1L63,T152A,1.5,0,centroid,8.0,668,669,0,1,1
1L63,T152A,1.5,0,centroid,9.0,930,929,2,1,3
1L63,T152A,1.5,0,centroid,10.0,1264,1266,0,2,2
1L63,T152A,1.5,0,allatom,6.0,1025,1025,1,1,2
1L63,T152A,1.5,0,allatom,7.0,1377,1375,3,1,4
1L63,T152A,1.5,0,allatom,8.0,1842,1841,3,2,5
1L63,T152A,1.5,0,allatom,9.0,2245,2243,2,0,2
1L63,T152A,1.5,0,allatom,10.0,2670,2668,2,0,2
1L63,T152C,0.5,0,ca,6.0,471,471,0,0,0
1L63,T152C,0.5,0,ca,7.0,627,627,0,0,0
1L63,T152C,0.5,0,ca,8.0,748,748,0,0,0
1L63,T152C,0.5,0,ca,9.0,1017,1017,0,0,0
1L63,T152C,0.5,0,ca,10.0,1343,1343,0,0,0
1L63,T152C,0.5,0,cb,6.0,376,376,0,0,0
1L63,T152C,0.5,0,cb,7.0,562,562,0,0,0
1L63,T152C,0.5,0,cb,8.0,783,783,0,0,0
1L63,T152C,0.5,0,cb,9.0,982,982,0,0,0
1L63,T152C,0.5,0,cb,10.0,1319,1319,0,0,0
1L63,T152C,0.5,0,centroid,6.0,295,292,3,0,3
1L63,T152C,0.5,0,centroid,7.0,482,482,1,1,2
1L63,T152C,0.5,0,centroid,8.0,668,668,2,2,4
1L63,T152C,0.5,0,centroid,9.0,930,930,0,0,0
1L63,T152C,0.5,0,centroid,10.0,1264,1265,0,1,1
1L63,T152C,0.5,0,allatom,6.0,1025,1026,1,2,3
1L63,T152C,0.5,0,allatom,7.0,1377,1374,5,2,7
1L63,T152C,0.5,0,allatom,8.0,1842,1842,2,2,4
1L63,T152C,0.5,0,allatom,9.0,2245,2245,1,1,2
1L63,T152C,0.5,0,allatom,10.0,2670,2671,0,1,1
1L63,T152I,0.4,0,ca,6.0,471,471,0,0,0
1L63,T152I,0.4,0,ca,7.0,627,627,0,0,0
1L63,T152I,0.4,0,ca,8.0,748,748,0,0,0
1L63,T152I,0.4,0,ca,9.0,1017,1017,0,0,0
1L63,T152I,0.4,0,ca,10.0,1343,1343,0,0,0
1L63,T152I,0.4,0,cb,6.0,376,376,0,0,0
1L63,T152I,0.4,0,cb,7.0,562,562,0,0,0
1L63,T152I,0.4,0,cb,8.0,783,783,0,0,0
1L63,T152I,0.4,0,cb,9.0,982,982,0,0,0
1L63,T152I,0.4,0,cb,10.0,1319,1319,0,0,0
1L63,T152I,0.4,0,centroid,6.0,295,292,3,0,3
1L63,T152I,0.4,0,centroid,7.0,482,482,1,1,2
1L63,T152I,0.4,0,centroid,8.0,668,668,2,2,4
1L63,T152I,0.4,0,centroid,9.0,930,930,0,0,0
1L63,T152I,0.4,0,centroid,10.0,1264,1265,0,1,1
1L63,T152I,0.4,0,allatom,6.0,1025,1027,0,2,2
1L63,T152I,0.4,0,allatom,7.0,1377,1375,4,2,6
1L63,T152I,0.4,0,allatom,8.0,1842,1845,0,3,3
1L63,T152I,0.4,0,allatom,9.0,2245,2245,1,1,2
1L63,T152I,0.4,0,allatom,10.0,2670,2671,0,1,1
1L63,T152S,2.0,0,ca,6.0,471,471,0,0,0
1L63,T152S,2.0,0,ca,7.0,627,627,0,0,0
1L63,T152S,2.0,0,ca,8.0,748,748,0,0,0
1L63,T152S,2.0,0,ca,9.0,1017,1017,0,0,0
1L63,T152S,2.0,0,ca,10.0,1343,1343,0,0,0
1L63,T152S,2.0,0,cb,6.0,376,376,0,0,0
1L63,T152S,2.0,0,cb,7.0,562,562,0,0,0
1L63,T152S,2.0,0,cb,8.0,783,783,0,0,0
1L63,T152S,2.0,0,cb,9.0,982,982,0,0,0
1L63,T152S,2.0,0,cb,10.0,1319,1319,0,0,0
1L63,T152S,2.0,0,centroid,6.0,295,292,3,0,3
1L63,T152S,2.0,0,centroid,7.0,482,482,0,0,0
1L63,T152S,2.0,0,centroid,8.0,668,667,1,0,1
1L63,T152S,2.0,0,centroid,9.0,930,930,0,0,0
1L63,T152S,2.0,0,centroid,10.0,1264,1265,0,1,1
1L63,T152S,2.0,0,allatom,6.0,1025,1026,1,2,3
1L63,T152S,2.0,0,allatom,7.0,1377,1377,1,1,2
1L63,T152S,2.0,0,allatom,8.0,1842,1841,2,1,3
1L63,T152S,2.0,0,allatom,9.0,2245,2244,1,0,1
1L63,T152S,2.0,0,allatom,10.0,2670,2670,0,0,0
1L63,T152V,-0.2,0,ca,6.0,471,471,0,0,0
1L63,T152V,-0.2,0,ca,7.0,627,627,0,0,0
1L63,T152V,-0.2,0,ca,8.0,748,748,0,0,0
1L63,T152V,-0.2,0,ca,9.0,1017,1017,0,0,0
1L63,T152V,-0.2,0,ca,10.0,1343,1343,0,0,0
1L63,T152V,-0.2,0,cb,6.0,376,376,0,0,0
1L63,T152V,-0.2,0,cb,7.0,562,562,0,0,0
1L63,T152V,-0.2,0,cb,8.0,783,783,0,0,0
1L63,T152V,-0.2,0,cb,9.0,982,982,0,0,0
1L63,T152V,-0.2,0,cb,10.0,1319,1319,0,0,0
1L63,T152V,-0.2,0,centroid,6.0,295,294,1,0,1
1L63,T152V,-0.2,0,centroid,7.0,482,482,0,0,0
1L63,T152V,-0.2,0,centroid,8.0,668,668,0,0,0
1L63,T152V,-0.2,0,centroid,9.0,930,929,1,0,1
1L63,T152V,-0.2,0,centroid,10.0,1264,1264,0,0,0
1L63,T152V,-0.2,0,allatom,6.0,1025,1026,0,1,1
1L63,T152V,-0.2,0,allatom,7.0,1377,1379,0,2,2
1L63,T152V,-0.2,0,allatom,8.0,1842,1843,0,1,1
1L63,T152V,-0.2,0,allatom,9.0,2245,2246,0,1,1
1L63,T152V,-0.2,0,allatom,10.0,2670,2670,0,0,0
1L63,F153A,3.8,0,ca,6.0,471,471,0,0,0
1L63,F153A,3.8,0,ca,7.0,627,627,0,0,0
1L63,F153A,3.8,0,ca,8.0,748,748,0,0,0
1L63,F153A,3.8,0,ca,9.0,1017,1017,0,0,0
1L63,F153A,3.8,0,ca,10.0,1343,1343,0,0,0
1L63,F153A,3.8,0,cb,6.0,376,376,0,0,0
1L63,F153A,3.8,0,cb,7.0,562,562,0,0,0
1L63,F153A,3.8,0,cb,8.0,783,783,0,0,0
1L63,F153A,3.8,0,cb,9.0,982,982,0,0,0
1L63,F153A,3.8,0,cb,10.0,1319,1319,0,0,0
1L63,F153A,3.8,0,centroid,6.0,295,297,0,2,2
1L63,F153A,3.8,0,centroid,7.0,482,482,3,3,6
1L63,F153A,3.8,0,centroid,8.0,668,671,2,5,7
1L63,F153A,3.8,0,centroid,9.0,930,930,3,3,6
1L63,F153A,3.8,0,centroid,10.0,1264,1259,7,2,9
1L63,F153A,3.8,0,allatom,6.0,1025,1020,5,0,5
1L63,F153A,3.8,0,allatom,7.0,1377,1367,10,0,10
1L63,F153A,3.8,0,allatom,8.0,1842,1834,8,0,8
1L63,F153A,3.8,0,allatom,9.0,2245,2229,16,0,16
1L63,F153A,3.8,0,allatom,10.0,2670,2659,11,0,11
1L63,F153I,0.2,0,ca,6.0,471,471,0,0,0
1L63,F153I,0.2,0,ca,7.0,627,627,0,0,0
1L63,F153I,0.2,0,ca,8.0,748,748,0,0,0
1L63,F153I,0.2,0,ca,9.0,1017,1017,0,0,0
1L63,F153I,0.2,0,ca,10.0,1343,1343,0,0,0
1L63,F153I,0.2,0,cb,6.0,376,376,0,0,0
1L63,F153I,0.2,0,cb,7.0,562,562,0,0,0
1L63,F153I,0.2,0,cb,8.0,783,783,0,0,0
1L63,F153I,0.2,0,cb,9.0,982,982,0,0,0
1L63,F153I,0.2,0,cb,10.0,1319,1320,0,1,1
1L63,F153I,0.2,0,centroid,6.0,295,296,0,1,1
1L63,F153I,0.2,0,centroid,7.0,482,481,3,2,5
1L63,F153I,0.2,0,centroid,8.0,668,669,1,2,3
1L63,F153I,0.2,0,centroid,9.0,930,929,4,3,7
1L63,F153I,0.2,0,centroid,10.0,1264,1262,3,1,4
1L63,F153I,0.2,0,allatom,6.0,1025,1024,2,1,3
1L63,F153I,0.2,0,allatom,7.0,1377,1373,6,2,8
1L63,F153I,0.2,0,allatom,8.0,1842,1838,6,2,8
1L63,F153I,0.2,0,allatom,9.0,2245,2240,6,1,7
1L63,F153I,0.2,0,allatom,10.0,2670,2665,6,1,7
1L63,F153L,-0.3,0,ca,6.0,471,471,0,0,0
1L63,F153L,-0.3,0,ca,7.0,627,627,0,0,0
1L63,F153L,-0.3,0,ca,8.0,748,748,0,0,0
1L63,F153L,-0.3,0,ca,9.0,1017,1017,0,0,0
1L63,F153L,-0.3,0,ca,10.0,1343,1343,0,0,0
1L63,F153L,-0.3,0,cb,6.0,376,376,0,0,0
1L63,F153L,-0.3,0,cb,7.0,562,562,0,0,0
1L63,F153L,-0.3,0,cb,8.0,783,783,0,0,0
1L63,F153L,-0.3,0,cb,9.0,982,982,0,0,0
1L63,F153L,-0.3,0,cb,10.0,1319,1319,0,0,0
1L63,F153L,-0.3,0,centroid,6.0,295,296,0,1,1
1L63,F153L,-0.3,0,centroid,7.0,482,477,7,2,9
1L63,F153L,-0.3,0,centroid,8.0,668,669,2,3,5
1L63,F153L,-0.3,0,centroid,9.0,930,926,5,1,6
1L63,F153L,-0.3,0,centroid,10.0,1264,1265,2,3,5
1L63,F153L,-0.3,0,allatom,6.0,1025,1024,2,1,3
1L63,F153L,-0.3,0,allatom,7.0,1377,1372,7,2,9
1L63,F153L,-0.3,0,allatom,8.0,1842,1839,5,2,7
1L63,F153L,-0.3,0,allatom,9.0,2245,2235,11,1,12
1L63,F153L,-0.3,0,allatom,10.0,2670,2663,8,1,9
1L63,F153M,0.6,0,ca,6.0,471,471,0,0,0
1L63,F153M,0.6,0,ca,7.0,627,627,0,0,0
1L63,F153M,0.6,0,ca,8.0,748,748,0,0,0
1L63,F153M,0.6,0,ca,9.0,1017,1017,0,0,0
1L63,F153M,0.6,0,ca,10.0,1343,1343,0,0,0
1L63,F153M,0.6,0,cb,6.0,376,376,0,0,0
1L63,F153M,0.6,0,cb,7.0,562,562,0,0,0
1L63,F153M,0.6,0,cb,8.0,783,783,0,0,0
1L63,F153M,0.6,0,cb,9.0,982,982,0,0,0
1L63,F153M,0.6,0,cb,10.0,1319,1319,0,0,0
1L63,F153M,0.6,0,centroid,6.0,295,295,0,0,0
1L63,F153M,0.6,0,centroid,7.0,482,482,0,0,0
1L63,F153M,0.6,0,centroid,8.0,668,670,0,2,2
1L63,F153M,0.6,0,centroid,9.0,930,929,1,0,1
1L63,F153M,0.6,0,centroid,10.0,1264,1264,1,1,2
1L63,F153M,0.6,0,allatom,6.0,1025,1024,1,0,1
1L63,F153M,0.6,0,allatom,7.0,1377,1375,2,0,2
1L63,F153M,0.6,0,allatom,8.0,1842,1841,1,0,1
1L63,F153M,0.6,0,allatom,9.0,2245,2240,5,0,5
1L63,F153M,0.6,0,allatom,10.0,2670,2668,2,0,2
1L63,F153V,1.8,0,ca,6.0,471,471,0,0,0
1L63,F153V,1.8,0,ca,7.0,627,627,0,0,0
1L63,F153V,1.8,0,ca,8.0,748,748,0,0,0
1L63,F153V,1.8,0,ca,9.0,1017,1017,0,0,0
1L63,F153V,1.8,0,ca,10.0,1343,1343,0,0,0
1L63,F153V,1.8,0,cb,6.0,376,376,0,0,0
1L63,F153V,1.8,0,cb,7.0,562,562,0,0,0
1L63,F153V,1.8,0,cb,8.0,783,783,0,0,0
1L63,F153V,1.8,0,cb,9.0,982,982,0,0,0
1L63,F153V,1.8,0,cb,10.0,1319,1320,0,1,1
1L63,F153V,1.8,0,centroid,6.0,295,297,1,3,4
1L63,F153V,1.8,0,centroid,7.0,482,480,5,3,8
1L63,F153V,1.8,0,centroid,8.0,668,667,3,2,5
1L63,F153V,1.8,0,centroid,9.0,930,928,6,4,10
1L63,F153V,1.8,0,centroid,10.0,1264,1257,9,2,11
1L63,F153V,1.8,0,allatom,6.0,1025,1022,4,1,5
1L63,F153V,1.8,0,allatom,7.0,1377,1369,9,1,10
1L63,F153V,1.8,0,allatom,8.0,1842,1838,7,3,10
1L63,F153V,1.8,0,allatom,9.0,2245,2233,14,2,16
1L63,F153V,1.8,0,allatom,10.0,2670,2660,10,0,10
1LZ1,V2A,1.5,0,ca,6.0,362,362,0,0,0
1LZ1,V2A,1.5,0,ca,7.0,508,508,0,0,0
1LZ1,V2A,1.5,0,ca,8.0,626,626,0,0,0
1LZ1,V2A,1.5,0,ca,9.0,854,854,0,0,0
1LZ1,V2A,1.5,0,ca,10.0,1116,1116,0,0,0
1LZ1,V2A,1.5,0,cb,6.0,312,312,0,0,0
1LZ1,V2A,1.5,0,cb,7.0,466,466,0,0,0
1LZ1,V2A,1.5,0,cb,8.0,649,649,0,0,0
1LZ1,V2A,1.5,0,cb,9.0,834,834,0,0,0
1LZ1,V2A,1.5,0,cb,10.0,1122,1122,0,0,0
1LZ1,V2A,1.5,0,centroid,6.0,242,242,0,0,0
1LZ1,V2A,1.5,0,centroid,7.0,397,397,1,1,2
1LZ1,V2A,1.5,0,centroid,8.0,561,562,0,1,1
1LZ1,V2A,1.5,0,centroid,9.0,759,760,1,2,3
1LZ1,V2A,1.5,0,centroid,10.0,1053,1054,0,1,1
1LZ1,V2A,1.5,0,allatom,6.0,842,843,0,1,1
1LZ1,V2A,1.5,0,allatom,7.0,1149,1148,2,1,3
1LZ1,V2A,1.5,0,allatom,8.0,1508,1508,1,1,2
1LZ1,V2A,1.5,0,allatom,9.0,1808,1809,0,1,1
1LZ1,V2A,1.5,0,allatom,10.0,2152,2152,1,1,2
1LZ1,V2G,1.3,1,ca,6.0,362,362,0,0,0
1LZ1,V2G,1.3,1,ca,7.0,508,508,0,0,0
1LZ1,V2G,1.3,1,ca,8.0,626,626,0,0,0
1LZ1,V2G,1.3,1,ca,9.0,854,854,0,0,0
1LZ1,V2G,1.3,1,ca,10.0,1116,1116,0,0,0
1LZ1,V2G,1.3,1,cb,6.0,312,312,0,0,0
1LZ1,V2G,1.3,1,cb,7.0,466,467,0,1,1
1LZ1,V2G,1.3,1,cb,8.0,649,650,0,1,1
1LZ1,V2G,1.3,1,cb,9.0,834,838,0,4,4
1LZ1,V2G,1.3,1,cb,10.0,1122,1122,0,0,0
1LZ1,V2G,1.3,1,centroid,6.0,242,244,2,4,6
1LZ1,V2G,1.3,1,centroid,7.0,397,397,4,4,8
1LZ1,V2G,1.3,1,centroid,8.0,561,563,2,4,6
1LZ1,V2G,1.3,1,centroid,9.0,759,762,6,9,15
1LZ1,V2G,1.3,1,centroid,10.0,1053,1054,4,5,9
1LZ1,V2G,1.3,1,allatom,6.0,842,843,1,2,3
1LZ1,V2G,1.3,1,allatom,7.0,1149,1149,2,2,4
1LZ1,V2G,1.3,1,allatom,8.0,1508,1511,1,4,5
1LZ1,V2G,1.3,1,allatom,9.0,1808,1810,0,2,2
1LZ1,V2G,1.3,1,allatom,10.0,2152,2152,1,1,2
1LZ1,V2S,1.4,0,ca,6.0,362,362,0,0,0
1LZ1,V2S,1.4,0,ca,7.0,508,508,0,0,0
1LZ1,V2S,1.4,0,ca,8.0,626,626,0,0,0
1LZ1,V2S,1.4,0,ca,9.0,854,854,0,0,0
1LZ1,V2S,1.4,0,ca,10.0,1116,1116,0,0,0
1LZ1,V2S,1.4,0,cb,6.0,312,312,0,0,0
1LZ1,V2S,1.4,0,cb,7.0,466,466,0,0,0
1LZ1,V2S,1.4,0,cb,8.0,649,649,0,0,0
1LZ1,V2S,1.4,0,cb,9.0,834,834,0,0,0
1LZ1,V2S,1.4,0,cb,10.0,1122,1122,0,0,0
1LZ1,V2S,1.4,0,centroid,6.0,242,242,0,0,0
1LZ1,V2S,1.4,0,centroid,7.0,397,397,1,1,2
1LZ1,V2S,1.4,0,centroid,8.0,561,562,0,1,1
1LZ1,V2S,1.4,0,centroid,9.0,759,758,3,2,5
1LZ1,V2S,1.4,0,centroid,10.0,1053,1053,1,1,2
1LZ1,V2S,1.4,0,allatom,6.0,842,843,0,1,1
1LZ1,V2S,1.4,0,allatom,7.0,1149,1148,2,1,3
1LZ1,V2S,1.4,0,allatom,8.0,1508,1508,1,1,2
1LZ1,V2S,1.4,0,allatom,9.0,1808,1809,0,1,1
1LZ1,V2S,1.4,0,allatom,10.0,2152,2152,1,1,2
1LZ1,V2Y,0.4,0,ca,6.0,362,362,0,0,0
1LZ1,V2Y,0.4,0,ca,7.0,508,508,0,0,0
1LZ1,V2Y,0.4,0,ca,8.0,626,626,0,0,0
1LZ1,V2Y,0.4,0,ca,9.0,854,854,0,0,0
1LZ1,V2Y,0.4,0,ca,10.0,1116,1116,0,0,0
1LZ1,V2Y,0.4,0,cb,6.0,312,312,0,0,0
1LZ1,V2Y,0.4,0,cb,7.0,466,466,0,0,0
1LZ1,V2Y,0.4,0,cb,8.0,649,649,0,0,0
1LZ1,V2Y,0.4,0,cb,9.0,834,834,0,0,0
1LZ1,V2Y,0.4,0,cb,10.0,1122,1122,0,0,0
1LZ1,V2Y,0.4,0,centroid,6.0,242,241,1,0,1
1LZ1,V2Y,0.4,0,centroid,7.0,397,398,1,2,3
1LZ1,V2Y,0.4,0,centroid,8.0,561,561,2,2,4
1LZ1,V2Y,0.4,0,centroid,9.0,759,757,4,2,6
1LZ1,V2Y,0.4,0,centroid,10.0,1053,1052,3,2,5
1LZ1,V2Y,0.4,0,allatom,6.0,842,844,0,2,2
1LZ1,V2Y,0.4,0,allatom,7.0,1149,1150,1,2,3
1LZ1,V2Y,0.4,0,allatom,8.0,1508,1509,1,2,3
1LZ1,V2Y,0.4,0,allatom,9.0,1808,1812,0,4,4
1LZ1,V2Y,0.4,0,allatom,10.0,2152,2155,0,3,3
1LZ1,V2D,1.4,0,ca,6.0,362,362,0,0,0
1LZ1,V2D,1.4,0,ca,7.0,508,508,0,0,0
1LZ1,V2D,1.4,0,ca,8.0,626,626,0,0,0
1LZ1,V2D,1.4,0,ca,9.0,854,854,0,0,0
1LZ1,V2D,1.4,0,ca,10.0,1116,1116,0,0,0
1LZ1,V2D,1.4,0,cb,6.0,312,312,0,0,0
1LZ1,V2D,1.4,0,cb,7.0,466,466,0,0,0
1LZ1,V2D,1.4,0,cb,8.0,649,649,0,0,0
1LZ1,V2D,1.4,0,cb,9.0,834,834,0,0,0
1LZ1,V2D,1.4,0,cb,10.0,1122,1122,0,0,0
1LZ1,V2D,1.4,0,centroid,6.0,242,241,1,0,1
1LZ1,V2D,1.4,0,centroid,7.0,397,397,1,1,2
1LZ1,V2D,1.4,0,centroid,8.0,561,558,4,1,5
1LZ1,V2D,1.4,0,centroid,9.0,759,756,5,2,7
1LZ1,V2D,1.4,0,centroid,10.0,1053,1051,3,1,4
1LZ1,V2D,1.4,0,allatom,6.0,842,841,2,1,3
1LZ1,V2D,1.4,0,allatom,7.0,1149,1147,3,1,4
1LZ1,V2D,1.4,0,allatom,8.0,1508,1507,2,1,3
1LZ1,V2D,1.4,0,allatom,9.0,1808,1810,0,2,2
1LZ1,V2D,1.4,0,allatom,10.0,2152,2147,6,1,7
1LZ1,V2N,1.3,0,ca,6.0,362,362,0,0,0
1LZ1,V2N,1.3,0,ca,7.0,508,508,0,0,0
1LZ1,V2N,1.3,0,ca,8.0,626,626,0,0,0
1LZ1,V2N,1.3,0,ca,9.0,854,854,0,0,0
1LZ1,V2N,1.3,0,ca,10.0,1116,1116,0,0,0
1LZ1,V2N,1.3,0,cb,6.0,312,312,0,0,0
1LZ1,V2N,1.3,0,cb,7.0,466,466,0,0,0
1LZ1,V2N,1.3,0,cb,8.0,649,649,0,0,0
1LZ1,V2N,1.3,0,cb,9.0,834,834,0,0,0
1LZ1,V2N,1.3,0,cb,10.0,1122,1122,0,0,0
1LZ1,V2N,1.3,0,centroid,6.0,242,243,0,1,1
1LZ1,V2N,1.3,0,centroid,7.0,397,397,0,0,0
1LZ1,V2N,1.3,0,centroid,8.0,561,564,0,3,3
1LZ1,V2N,1.3,0,centroid,9.0,759,760,1,2,3
1LZ1,V2N,1.3,0,centroid,10.0,1053,1052,1,0,1
1LZ1,V2N,1.3,0,allatom,6.0,842,843,0,1,1
1LZ1,V2N,1.3,0,allatom,7.0,1149,1150,0,1,1
1LZ1,V2N,1.3,0,allatom,8.0,1508,1507,1,0,1
1LZ1,V2N,1.3,0,allatom,9.0,1808,1810,0,2,2
1LZ1,V2N,1.3,0,allatom,10.0,2152,2154,0,2,2
1LZ1,V2R,0.4,0,ca,6.0,362,362,0,0,0
1LZ1,V2R,0.4,0,ca,7.0,508,508,0,0,0
1LZ1,V2R,0.4,0,ca,8.0,626,626,0,0,0
1LZ1,V2R,0.4,0,ca,9.0,854,854,0,0,0
1LZ1,V2R,0.4,0,ca,10.0,1116,1116,0,0,0
1LZ1,V2R,0.4,0,cb,6.0,312,312,0,0,0
1LZ1,V2R,0.4,0,cb,7.0,466,466,0,0,0
1LZ1,V2R,0.4,0,cb,8.0,649,649,0,0,0
1LZ1,V2R,0.4,0,cb,9.0,834,834,0,0,0
1LZ1,V2R,0.4,0,cb,10.0,1122,1122,0,0,0
1LZ1,V2R,0.4,0,centroid,6.0,242,241,1,0,1
1LZ1,V2R,0.4,0,centroid,7.0,397,398,1,2,3
1LZ1,V2R,0.4,0,centroid,8.0,561,560,3,2,5
1LZ1,V2R,0.4,0,centroid,9.0,759,756,3,0,3
1LZ1,V2R,0.4,0,centroid,10.0,1053,1049,5,1,6
1LZ1,V2R,0.4,0,allatom,6.0,842,843,0,1,1
1LZ1,V2R,0.4,0,allatom,7.0,1149,1150,0,1,1
1LZ1,V2R,0.4,0,allatom,8.0,1508,1509,1,2,3
1LZ1,V2R,0.4,0,allatom,9.0,1808,1811,0,3,3
1LZ1,V2R,0.4,0,allatom,10.0,2152,2153,0,1,1
1LZ1,V2L,-0.3,0,ca,6.0,362,362,0,0,0
1LZ1,V2L,-0.3,0,ca,7.0,508,508,0,0,0
1LZ1,V2L,-0.3,0,ca,8.0,626,626,0,0,0
1LZ1,V2L,-0.3,0,ca,9.0,854,854,0,0,0
1LZ1,V2L,-0.3,0,ca,10.0,1116,1116,0,0,0
1LZ1,V2L,-0.3,0,cb,6.0,312,312,0,0,0
1LZ1,V2L,-0.3,0,cb,7.0,466,466,0,0,0
1LZ1,V2L,-0.3,0,cb,8.0,649,649,0,0,0
1LZ1,V2L,-0.3,0,cb,9.0,834,834,0,0,0
1LZ1,V2L,-0.3,0,cb,10.0,1122,1122,0,0,0
1LZ1,V2L,-0.3,0,centroid,6.0,242,242,0,0,0
1LZ1,V2L,-0.3,0,centroid,7.0,397,396,1,0,1
1LZ1,V2L,-0.3,0,centroid,8.0,561,561,1,1,2
1LZ1,V2L,-0.3,0,centroid,9.0,759,759,2,2,4
1LZ1,V2L,-0.3,0,centroid,10.0,1053,1052,2,1,3
1LZ1,V2L,-0.3,0,allatom,6.0,842,843,0,1,1
1LZ1,V2L,-0.3,0,allatom,7.0,1149,1150,1,2,3
1LZ1,V2L,-0.3,0,allatom,8.0,1508,1509,0,1,1
1LZ1,V2L,-0.3,0,allatom,9.0,1808,1809,0,1,1
1LZ1,V2L,-0.3,0,allatom,10.0,2152,2154,1,3,4
1LZ1,V2M,0.2,0,ca,6.0,362,362,0,0,0
1LZ1,V2M,0.2,0,ca,7.0,508,508,0,0,0
1LZ1,V2M,0.2,0,ca,8.0,626,626,0,0,0
1LZ1,V2M,0.2,0,ca,9.0,854,854,0,0,0
1LZ1,V2M,0.2,0,ca,10.0,1116,1116,0,0,0
1LZ1,V2M,0.2,0,cb,6.0,312,312,0,0,0
1LZ1,V2M,0.2,0,cb,7.0,466,466,0,0,0
1LZ1,V2M,0.2,0,cb,8.0,649,649,0,0,0
1LZ1,V2M,0.2,0,cb,9.0,834,834,0,0,0
1LZ1,V2M,0.2,0,cb,10.0,1122,1122,0,0,0
1LZ1,V2M,0.2,0,centroid,6.0,242,242,0,0,0
1LZ1,V2M,0.2,0,centroid,7.0,397,396,1,0,1
1LZ1,V2M,0.2,0,centroid,8.0,561,561,1,1,2
1LZ1,V2M,0.2,0,centroid,9.0,759,758,3,2,5
1LZ1,V2M,0.2,0,centroid,10.0,1053,1052,2,1,3
1LZ1,V2M,0.2,0,allatom,6.0,842,844,0,2,2
1LZ1,V2M,0.2,0,allatom,7.0,1149,1149,1,1,2
1LZ1,V2M,0.2,0,allatom,8.0,1508,1509,0,1,1
1LZ1,V2M,0.2,0,allatom,9.0,1808,1809,0,1,1
1LZ1,V2M,0.2,0,allatom,10.0,2152,2153,0,1,1
1LZ1,V2F,0.8,0,ca,6.0,362,362,0,0,0
1LZ1,V2F,0.8,0,ca,7.0,508,508,0,0,0
1LZ1,V2F,0.8,0,ca,8.0,626,626,0,0,0
1LZ1,V2F,0.8,0,ca,9.0,854,854,0,0,0
1LZ1,V2F,0.8,0,ca,10.0,1116,1116,0,0,0
1LZ1,V2F,0.8,0,cb,6.0,312,312,0,0,0
1LZ1,V2F,0.8,0,cb,7.0,466,466,0,0,0
1LZ1,V2F,0.8,0,cb,8.0,649,649,0,0,0
1LZ1,V2F,0.8,0,cb,9.0,834,834,0,0,0
1LZ1,V2F,0.8,0,cb,10.0,1122,1122,0,0,0
1LZ1,V2F,0.8,0,centroid,6.0,242,241,1,0,1
1LZ1,V2F,0.8,0,centroid,7.0,397,399,0,2,2
1LZ1,V2F,0.8,0,centroid,8.0,561,561,2,2,4
1LZ1,V2F,0.8,0,centroid,9.0,759,758,2,1,3
1LZ1,V2F,0.8,0,centroid,10.0,1053,1051,3,1,4
1LZ1,V2F,0.8,0,allatom,6.0,842,843,0,1,1
1LZ1,V2F,0.8,0,allatom,7.0,1149,1150,0,1,1
1LZ1,V2F,0.8,0,allatom,8.0,1508,1508,1,1,2
1LZ1,V2F,0.8,0,allatom,9.0,1808,1811,0,3,3
1LZ1,V2F,0.8,0,allatom,10.0,2152,2153,0,1,1
1LZ1,Y20F,0.5,0,ca,6.0,362,362,0,0,0
1LZ1,Y20F,0.5,0,ca,7.0,508,508,0,0,0
1LZ1,Y20F,0.5,0,ca,8.0,626,626,0,0,0
1LZ1,Y20F,0.5,0,ca,9.0,854,854,0,0,0
1LZ1,Y20F,0.5,0,ca,10.0,1116,1116,0,0,0
1LZ1,Y20F,0.5,0,cb,6.0,312,312,0,0,0
1LZ1,Y20F,0.5,0,cb,7.0,466,466,0,0,0
1LZ1,Y20F,0.5,0,cb,8.0,649,649,0,0,0
1LZ1,Y20F,0.5,0,cb,9.0,834,834,0,0,0
1LZ1,Y20F,0.5,0,cb,10.0,1122,1122,0,0,0
1LZ1,Y20F,0.5,0,centroid,6.0,242,242,0,0,0
1LZ1,Y20F,0.5,0,centroid,7.0,397,398,0,1,1
1LZ1,Y20F,0.5,0,centroid,8.0,561,562,0,1,1
1LZ1,Y20F,0.5,0,centroid,9.0,759,760,0,1,1
1LZ1,Y20F,0.5,0,centroid,10.0,1053,1052,2,1,3
1LZ1,Y20F,0.5,0,allatom,6.0,842,842,0,0,0
1LZ1,Y20F,0.5,0,allatom,7.0,1149,1149,1,1,2
1LZ1,Y20F,0.5,0,allatom,8.0,1508,1508,0,0,0
1LZ1,Y20F,0.5,0,allatom,9.0,1808,1808,2,2,4
1LZ1,Y20F,0.5,0,allatom,10.0,2152,2152,2,2,4
1LZ1,I23A,2.5,0,ca,6.0,362,362,0,0,0
1LZ1,I23A,2.5,0,ca,7.0,508,508,0,0,0
1LZ1,I23A,2.5,0,ca,8.0,626,626,0,0,0
1LZ1,I23A,2.5,0,ca,9.0,854,854,0,0,0
1LZ1,I23A,2.5,0,ca,10.0,1116,1116,0,0,0
1LZ1,I23A,2.5,0,cb,6.0,312,312,0,0,0
1LZ1,I23A,2.5,0,cb,7.0,466,466,0,0,0
1LZ1,I23A,2.5,0,cb,8.0,649,649,0,0,0
1LZ1,I23A,2.5,0,cb,9.0,834,834,0,0,0
1LZ1,I23A,2.5,0,cb,10.0,1122,1122,0,0,0
1LZ1,I23A,2.5,0,centroid,6.0,242,246,1,5,6
1LZ1,I23A,2.5,0,centroid,7.0,397,396,2,1,3
1LZ1,I23A,2.5,0,centroid,8.0,561,561,1,1,2
1LZ1,I23A,2.5,0,centroid,9.0,759,760,2,3,5
1LZ1,I23A,2.5,0,centroid,10.0,1053,1052,1,0,1
1LZ1,I23A,2.5,0,allatom,6.0,842,840,3,1,4
1LZ1,I23A,2.5,0,allatom,7.0,1149,1146,6,3,9
1LZ1,I23A,2.5,0,allatom,8.0,1508,1499,9,0,9
1LZ1,I23A,2.5,0,allatom,9.0,1808,1801,8,1,9
1LZ1,I23A,2.5,0,allatom,10.0,2152,2148,7,3,10
1LZ1,I23V,0.4,0,ca,6.0,362,362,0,0,0
1LZ1,I23V,0.4,0,ca,7.0,508,508,0,0,0
1LZ1,I23V,0.4,0,ca,8.0,626,626,0,0,0
1LZ1,I23V,0.4,0,ca,9.0,854,854,0,0,0
1LZ1,I23V,0.4,0,ca,10.0,1116,1116,0,0,0
1LZ1,I23V,0.4,0,cb,6.0,312,312,0,0,0
1LZ1,I23V,0.4,0,cb,7.0,466,466,0,0,0
1LZ1,I23V,0.4,0,cb,8.0,649,649,0,0,0
1LZ1,I23V,0.4,0,cb,9.0,834,834,0,0,0
1LZ1,I23V,0.4,0,cb,10.0,1122,1122,0,0,0
1LZ1,I23V,0.4,0,centroid,6.0,242,244,0,2,2
1LZ1,I23V,0.4,0,centroid,7.0,397,396,2,1,3
1LZ1,I23V,0.4,0,centroid,8.0,561,561,1,1,2
1LZ1,I23V,0.4,0,centroid,9.0,759,761,0,2,2
1LZ1,I23V,0.4,0,centroid,10.0,1053,1052,1,0,1
1LZ1,I23V,0.4,0,allatom,6.0,842,843,1,2,3
1LZ1,I23V,0.4,0,allatom,7.0,1149,1149,3,3,6
1LZ1,I23V,0.4,0,allatom,8.0,1508,1503,5,0,5
1LZ1,I23V,0.4,0,allatom,9.0,1808,1808,2,2,4
1LZ1,I23V,0.4,0,allatom,10.0,2152,2154,1,3,4
1LZ1,Y38F,0.2,0,ca,6.0,362,362,0,0,0
1LZ1,Y38F,0.2,0,ca,7.0,508,508,0,0,0
1LZ1,Y38F,0.2,0,ca,8.0,626,626,0,0,0
1LZ1,Y38F,0.2,0,ca,9.0,854,854,0,0,0
1LZ1,Y38F,0.2,0,ca,10.0,1116,1116,0,0,0
1LZ1,Y38F,0.2,0,cb,6.0,312,312,0,0,0
1LZ1,Y38F,0.2,0,cb,7.0,466,466,0,0,0
1LZ1,Y38F,0.2,0,cb,8.0,649,649,0,0,0
1LZ1,Y38F,0.2,0,cb,9.0,834,834,0,0,0
1LZ1,Y38F,0.2,0,cb,10.0,1122,1122,0,0,0
1LZ1,Y38F,0.2,0,centroid,6.0,242,242,0,0,0
1LZ1,Y38F,0.2,0,centroid,7.0,397,399,0,2,2
1LZ1,Y38F,0.2,0,centroid,8.0,561,561,1,1,2
1LZ1,Y38F,0.2,0,centroid,9.0,759,759,1,1,2
1LZ1,Y38F,0.2,0,centroid,10.0,1053,1054,0,1,1
1LZ1,Y38F,0.2,0,allatom,6.0,842,844,0,2,2
1LZ1,Y38F,0.2,0,allatom,7.0,1149,1150,1,2,3
1LZ1,Y38F,0.2,0,allatom,8.0,1508,1506,2,0,2
1LZ1,Y38F,0.2,0,allatom,9.0,1808,1807,1,0,1
1LZ1,Y38F,0.2,0,allatom,10.0,2152,2151,2,1,3
1LZ1,Y45F,-0.1,0,ca,6.0,362,362,0,0,0
1LZ1,Y45F,-0.1,0,ca,7.0,508,508,0,0,0
1LZ1,Y45F,-0.1,0,ca,8.0,626,626,0,0,0
1LZ1,Y45F,-0.1,0,ca,9.0,854,854,0,0,0
1LZ1,Y45F,-0.1,0,ca,10.0,1116,1116,0,0,0
1LZ1,Y45F,-0.1,0,cb,6.0,312,312,0,0,0
1LZ1,Y45F,-0.1,0,cb,7.0,466,466,0,0,0
1LZ1,Y45F,-0.1,0,cb,8.0,649,649,0,0,0
1LZ1,Y45F,-0.1,0,cb,9.0,834,834,0,0,0
1LZ1,Y45F,-0.1,0,cb,10.0,1122,1122,0,0,0
1LZ1,Y45F,-0.1,0,centroid,6.0,242,241,2,1,3
1LZ1,Y45F,-0.1,0,centroid,7.0,397,394,4,1,5
1LZ1,Y45F,-0.1,0,centroid,8.0,561,557,8,4,12
1LZ1,Y45F,-0.1,0,centroid,9.0,759,754,10,5,15
1LZ1,Y45F,-0.1,0,centroid,10.0,1053,1042,11,0,11
1LZ1,Y45F,-0.1,0,allatom,6.0,842,838,6,2,8
1LZ1,Y45F,-0.1,0,allatom,7.0,1149,1147,3,1,4
1LZ1,Y45F,-0.1,0,allatom,8.0,1508,1506,2,0,2
1LZ1,Y45F,-0.1,0,allatom,9.0,1808,1805,5,2,7
1LZ1,Y45F,-0.1,0,allatom,10.0,2152,2148,6,2,8
1LZ1,A47P,-0.1,0,ca,6.0,362,362,0,0,0
1LZ1,A47P,-0.1,0,ca,7.0,508,508,0,0,0
1LZ1,A47P,-0.1,0,ca,8.0,626,626,0,0,0
1LZ1,A47P,-0.1,0,ca,9.0,854,854,0,0,0
1LZ1,A47P,-0.1,0,ca,10.0,1116,1116,0,0,0
1LZ1,A47P,-0.1,0,cb,6.0,312,313,0,1,1
1LZ1,A47P,-0.1,0,cb,7.0,466,466,0,0,0
1LZ1,A47P,-0.1,0,cb,8.0,649,649,0,0,0
1LZ1,A47P,-0.1,0,cb,9.0,834,834,0,0,0
1LZ1,A47P,-0.1,0,cb,10.0,1122,1122,0,0,0
1LZ1,A47P,-0.1,0,centroid,6.0,242,243,0,1,1
1LZ1,A47P,-0.1,0,centroid,7.0,397,398,0,1,1
1LZ1,A47P,-0.1,0,centroid,8.0,561,561,1,1,2
1LZ1,A47P,-0.1,0,centroid,9.0,759,760,1,2,3
1LZ1,A47P,-0.1,0,centroid,10.0,1053,1053,2,2,4
1LZ1,A47P,-0.1,0,allatom,6.0,842,842,0,0,0
1LZ1,A47P,-0.1,0,allatom,7.0,1149,1147,2,0,2
1LZ1,A47P,-0.1,0,allatom,8.0,1508,1508,0,0,0
1LZ1,A47P,-0.1,0,allatom,9.0,1808,1808,0,0,0
1LZ1,A47P,-0.1,0,allatom,10.0,2152,2153,0,1,1
1LZ1,Y54F,1.0,0,ca,6.0,362,362,0,0,0
1LZ1,Y54F,1.0,0,ca,7.0,508,508,0,0,0
1LZ1,Y54F,1.0,0,ca,8.0,626,626,0,0,0
1LZ1,Y54F,1.0,0,ca,9.0,854,854,0,0,0
1LZ1,Y54F,1.0,0,ca,10.0,1116,1116,0,0,0
1LZ1,Y54F,1.0,0,cb,6.0,312,312,0,0,0
1LZ1,Y54F,1.0,0,cb,7.0,466,466,0,0,0
1LZ1,Y54F,1.0,0,cb,8.0,649,649,0,0,0
1LZ1,Y54F,1.0,0,cb,9.0,834,834,0,0,0
1LZ1,Y54F,1.0,0,cb,10.0,1122,1122,0,0,0
1LZ1,Y54F,1.0,0,centroid,6.0,242,242,0,0,0
1LZ1,Y54F,1.0,0,centroid,7.0,397,398,0,1,1
1LZ1,Y54F,1.0,0,centroid,8.0,561,562,0,1,1
1LZ1,Y54F,1.0,0,centroid,9.0,759,758,2,1,3
1LZ1,Y54F,1.0,0,centroid,10.0,1053,1049,4,0,4
1LZ1,Y54F,1.0,0,allatom,6.0,842,842,1,1,2
1LZ1,Y54F,1.0,0,allatom,7.0,1149,1149,1,1,2
1LZ1,Y54F,1.0,0,allatom,8.0,1508,1507,1,0,1
1LZ1,Y54F,1.0,0,allatom,9.0,1808,1808,0,0,0
1LZ1,Y54F,1.0,0,allatom,10.0,2152,2152,0,0,0
1LZ1,I56A,3.7,0,ca,6.0,362,362,0,0,0
1LZ1,I56A,3.7,0,ca,7.0,508,508,0,0,0
1LZ1,I56A,3.7,0,ca,8.0,626,626,0,0,0
1LZ1,I56A,3.7,0,ca,9.0,854,854,0,0,0
1LZ1,I56A,3.7,0,ca,10.0,1116,1116,0,0,0
1LZ1,I56A,3.7,0,cb,6.0,312,312,0,0,0
1LZ1,I56A,3.7,0,cb,7.0,466,466,0,0,0
1LZ1,I56A,3.7,0,cb,8.0,649,649,0,0,0
1LZ1,I56A,3.7,0,cb,9.0,834,834,0,0,0
1LZ1,I56A,3.7,0,cb,10.0,1122,1122,0,0,0
1LZ1,I56A,3.7,0,centroid,6.0,242,241,1,0,1
1LZ1,I56A,3.7,0,centroid,7.0,397,398,0,1,1
1LZ1,I56A,3.7,0,centroid,8.0,561,560,2,1,3
1LZ1,I56A,3.7,0,centroid,9.0,759,760,3,4,7
1LZ1,I56A,3.7,0,centroid,10.0,1053,1052,3,2,5
1LZ1,I56A,3.7,0,allatom,6.0,842,841,3,2,5
1LZ1,I56A,3.7,0,allatom,7.0,1149,1147,5,3,8
1LZ1,I56A,3.7,0,allatom,8.0,1508,1505,5,2,7
1LZ1,I56A,3.7,0,allatom,9.0,1808,1801,11,4,15
1LZ1,I56A,3.7,0,allatom,10.0,2152,2146,9,3,12
1LZ1,I56T,4.3,0,ca,6.0,362,362,0,0,0
1LZ1,I56T,4.3,0,ca,7.0,508,508,0,0,0
1LZ1,I56T,4.3,0,ca,8.0,626,626,0,0,0
1LZ1,I56T,4.3,0,ca,9.0,854,854,0,0,0
1LZ1,I56T,4.3,0,ca,10.0,1116,1116,0,0,0
1LZ1,I56T,4.3,0,cb,6.0,312,312,0,0,0
1LZ1,I56T,4.3,0,cb,7.0,466,466,0,0,0
1LZ1,I56T,4.3,0,cb,8.0,649,649,0,0,0
1LZ1,I56T,4.3,0,cb,9.0,834,834,0,0,0
1LZ1,I56T,4.3,0,cb,10.0,1122,1122,1,1,2
1LZ1,I56T,4.3,0,centroid,6.0,242,241,1,0,1
1LZ1,I56T,4.3,0,centroid,7.0,397,398,0,1,1
1LZ1,I56T,4.3,0,centroid,8.0,561,559,2,0,2
1LZ1,I56T,4.3,0,centroid,9.0,759,759,3,3,6
1LZ1,I56T,4.3,0,centroid,10.0,1053,1054,1,2,3
1LZ1,I56T,4.3,0,allatom,6.0,842,845,0,3,3
1LZ1,I56T,4.3,0,allatom,7.0,1149,1148,5,4,9
1LZ1,I56T,4.3,0,allatom,8.0,1508,1507,3,2,5
1LZ1,I56T,4.3,0,allatom,9.0,1808,1802,10,4,14
1LZ1,I56T,4.3,0,allatom,10.0,2152,2150,5,3,8
1LZ1,I56V,1.2,0,ca,6.0,362,362,0,0,0
1LZ1,I56V,1.2,0,ca,7.0,508,508,0,0,0
1LZ1,I56V,1.2,0,ca,8.0,626,626,0,0,0
1LZ1,I56V,1.2,0,ca,9.0,854,854,0,0,0
1LZ1,I56V,1.2,0,ca,10.0,1116,1116,0,0,0
1LZ1,I56V,1.2,0,cb,6.0,312,312,0,0,0
1LZ1,I56V,1.2,0,cb,7.0,466,466,0,0,0
1LZ1,I56V,1.2,0,cb,8.0,649,649,0,0,0
1LZ1,I56V,1.2,0,cb,9.0,834,834,0,0,0
1LZ1,I56V,1.2,0,cb,10.0,1122,1122,1,1,2
1LZ1,I56V,1.2,0,centroid,6.0,242,241,1,0,1
1LZ1,I56V,1.2,0,centroid,7.0,397,397,0,0,0
1LZ1,I56V,1.2,0,centroid,8.0,561,562,0,1,1
1LZ1,I56V,1.2,0,centroid,9.0,759,762,2,5,7
1LZ1,I56V,1.2,0,centroid,10.0,1053,1054,0,1,1
1LZ1,I56V,1.2,0,allatom,6.0,842,842,1,1,2
1LZ1,I56V,1.2,0,allatom,7.0,1149,1148,2,1,3
1LZ1,I56V,1.2,0,allatom,8.0,1508,1507,2,1,3
1LZ1,I56V,1.2,0,allatom,9.0,1808,1804,5,1,6
1LZ1,I56V,1.2,0,allatom,10.0,2152,2152,1,1,2
1LZ1,I59A,1.7,0,ca,6.0,362,362,0,0,0
1LZ1,I59A,1.7,0,ca,7.0,508,508,0,0,0
1LZ1,I59A,1.7,0,ca,8.0,626,626,0,0,0
1LZ1,I59A,1.7,0,ca,9.0,854,854,0,0,0
1LZ1,I59A,1.7,0,ca,10.0,1116,1116,0,0,0
1LZ1,I59A,1.7,0,cb,6.0,312,312,0,0,0
1LZ1,I59A,1.7,0,cb,7.0,466,466,0,0,0
1LZ1,I59A,1.7,0,cb,8.0,649,649,0,0,0
1LZ1,I59A,1.7,0,cb,9.0,834,834,0,0,0
1LZ1,I59A,1.7,0,cb,10.0,1122,1122,0,0,0
1LZ1,I59A,1.7,0,centroid,6.0,242,241,2,1,3
1LZ1,I59A,1.7,0,centroid,7.0,397,397,1,1,2
1LZ1,I59A,1.7,0,centroid,8.0,561,563,0,2,2
1LZ1,I59A,1.7,0,centroid,9.0,759,760,0,1,1
1LZ1,I59A,1.7,0,centroid,10.0,1053,1051,2,0,2
1LZ1,I59A,1.7,0,allatom,6.0,842,838,4,0,4
1LZ1,I59A,1.7,0,allatom,7.0,1149,1144,5,0,5
1LZ1,I59A,1.7,0,allatom,8.0,1508,1500,8,0,8
1LZ1,I59A,1.7,0,allatom,9.0,1808,1799,9,0,9
1LZ1,I59A,1.7,0,allatom,10.0,2152,2148,4,0,4
1LZ1,I59G,3.8,1,ca,6.0,362,362,0,0,0
1LZ1,I59G,3.8,1,ca,7.0,508,508,0,0,0
1LZ1,I59G,3.8,1,ca,8.0,626,626,0,0,0
1LZ1,I59G,3.8,1,ca,9.0,854,854,0,0,0
1LZ1,I59G,3.8,1,ca,10.0,1116,1116,0,0,0
1LZ1,I59G,3.8,1,cb,6.0,312,312,2,2,4
1LZ1,I59G,3.8,1,cb,7.0,466,462,4,0,4
1LZ1,I59G,3.8,1,cb,8.0,649,646,3,0,3
1LZ1,I59G,3.8,1,cb,9.0,834,834,2,2,4
1LZ1,I59G,3.8,1,cb,10.0,1122,1125,3,6,9
1LZ1,I59G,3.8,1,centroid,6.0,242,240,4,2,6
1LZ1,I59G,3.8,1,centroid,7.0,397,396,5,4,9
1LZ1,I59G,3.8,1,centroid,8.0,561,563,2,4,6
1LZ1,I59G,3.8,1,centroid,9.0,759,759,1,1,2
1LZ1,I59G,3.8,1,centroid,10.0,1053,1055,4,6,10
1LZ1,I59G,3.8,1,allatom,6.0,842,836,6,0,6
1LZ1,I59G,3.8,1,allatom,7.0,1149,1141,8,0,8
1LZ1,I59G,3.8,1,allatom,8.0,1508,1499,9,0,9
1LZ1,I59G,3.8,1,allatom,9.0,1808,1794,14,0,14
1LZ1,I59G,3.8,1,allatom,10.0,2152,2141,11,0,11
1LZ1,I59V,1.1,0,ca,6.0,362,362,0,0,0
1LZ1,I59V,1.1,0,ca,7.0,508,508,0,0,0
1LZ1,I59V,1.1,0,ca,8.0,626,626,0,0,0
1LZ1,I59V,1.1,0,ca,9.0,854,854,0,0,0
1LZ1,I59V,1.1,0,ca,10.0,1116,1116,0,0,0
1LZ1,I59V,1.1,0,cb,6.0,312,313,0,1,1
1LZ1,I59V,1.1,0,cb,7.0,466,465,1,0,1
1LZ1,I59V,1.1,0,cb,8.0,649,649,0,0,0
1LZ1,I59V,1.1,0,cb,9.0,834,833,1,0,1
1LZ1,I59V,1.1,0,cb,10.0,1122,1122,0,0,0
1LZ1,I59V,1.1,0,centroid,6.0,242,242,1,1,2
1LZ1,I59V,1.1,0,centroid,7.0,397,396,1,0,1
1LZ1,I59V,1.1,0,centroid,8.0,561,562,0,1,1
1LZ1,I59V,1.1,0,centroid,9.0,759,760,0,1,1
1LZ1,I59V,1.1,0,centroid,10.0,1053,1051,2,0,2
1LZ1,I59V,1.1,0,allatom,6.0,842,841,1,0,1
1LZ1,I59V,1.1,0,allatom,7.0,1149,1145,4,0,4
1LZ1,I59V,1.1,0,allatom,8.0,1508,1504,4,0,4
1LZ1,I59V,1.1,0,allatom,9.0,1808,1805,3,0,3
1LZ1,I59V,1.1,0,allatom,10.0,2152,2151,1,0,1
1LZ1,Y63F,0.2,0,ca,6.0,362,362,0,0,0
1LZ1,Y63F,0.2,0,ca,7.0,508,508,0,0,0
1LZ1,Y63F,0.2,0,ca,8.0,626,626,0,0,0
1LZ1,Y63F,0.2,0,ca,9.0,854,854,0,0,0
1LZ1,Y63F,0.2,0,ca,10.0,1116,1116,0,0,0
1LZ1,Y63F,0.2,0,cb,6.0,312,312,0,0,0
1LZ1,Y63F,0.2,0,cb,7.0,466,466,0,0,0
1LZ1,Y63F,0.2,0,cb,8.0,649,649,0,0,0
1LZ1,Y63F,0.2,0,cb,9.0,834,834,0,0,0
1LZ1,Y63F,0.2,0,cb,10.0,1122,1122,0,0,0
1LZ1,Y63F,0.2,0,centroid,6.0,242,240,6,4,10
1LZ1,Y63F,0.2,0,centroid,7.0,397,391,10,4,14
1LZ1,Y63F,0.2,0,centroid,8.0,561,562,3,4,7
1LZ1,Y63F,0.2,0,centroid,9.0,759,757,7,5,12
1LZ1,Y63F,0.2,0,centroid,10.0,1053,1052,9,8,17
1LZ1,Y63F,0.2,0,allatom,6.0,842,843,2,3,5
1LZ1,Y63F,0.2,0,allatom,7.0,1149,1147,5,3,8
1LZ1,Y63F,0.2,0,allatom,8.0,1508,1503,5,0,5
1LZ1,Y63F,0.2,0,allatom,9.0,1808,1804,5,1,6
1LZ1,Y63F,0.2,0,allatom,10.0,2152,2153,2,3,5
1LZ1,P71G,1.6,1,ca,6.0,362,362,0,0,0
1LZ1,P71G,1.6,1,ca,7.0,508,508,0,0,0
1LZ1,P71G,1.6,1,ca,8.0,626,626,0,0,0
1LZ1,P71G,1.6,1,ca,9.0,854,854,0,0,0
1LZ1,P71G,1.6,1,ca,10.0,1116,1116,0,0,0
1LZ1,P71G,1.6,1,cb,6.0,312,312,1,1,2
1LZ1,P71G,1.6,1,cb,7.0,466,467,0,1,1
1LZ1,P71G,1.6,1,cb,8.0,649,651,0,2,2
1LZ1,P71G,1.6,1,cb,9.0,834,836,0,2,2
1LZ1,P71G,1.6,1,cb,10.0,1122,1123,0,1,1
1LZ1,P71G,1.6,1,centroid,6.0,242,242,1,1,2
1LZ1,P71G,1.6,1,centroid,7.0,397,396,2,1,3
1LZ1,P71G,1.6,1,centroid,8.0,561,559,2,0,2
1LZ1,P71G,1.6,1,centroid,9.0,759,759,2,2,4
1LZ1,P71G,1.6,1,centroid,10.0,1053,1052,2,1,3
1LZ1,P71G,1.6,1,allatom,6.0,842,841,1,0,1
1LZ1,P71G,1.6,1,allatom,7.0,1149,1147,2,0,2
1LZ1,P71G,1.6,1,allatom,8.0,1508,1505,3,0,3
1LZ1,P71G,1.6,1,allatom,9.0,1808,1805,3,0,3
1LZ1,P71G,1.6,1,allatom,10.0,2152,2151,1,0,1
1LZ1,V74A,0.4,0,ca,6.0,362,362,0,0,0
1LZ1,V74A,0.4,0,ca,7.0,508,508,0,0,0
1LZ1,V74A,0.4,0,ca,8.0,626,626,0,0,0
1LZ1,V74A,0.4,0,ca,9.0,854,854,0,0,0
1LZ1,V74A,0.4,0,ca,10.0,1116,1116,0,0,0
1LZ1,V74A,0.4,0,cb,6.0,312,312,0,0,0
1LZ1,V74A,0.4,0,cb,7.0,466,466,0,0,0
1LZ1,V74A,0.4,0,cb,8.0,649,649,0,0,0
1LZ1,V74A,0.4,0,cb,9.0,834,834,0,0,0
1LZ1,V74A,0.4,0,cb,10.0,1122,1122,0,0,0
1LZ1,V74A,0.4,0,centroid,6.0,242,243,0,1,1
1LZ1,V74A,0.4,0,centroid,7.0,397,399,0,2,2
1LZ1,V74A,0.4,0,centroid,8.0,561,561,0,0,0
1LZ1,V74A,0.4,0,centroid,9.0,759,760,0,1,1
1LZ1,V74A,0.4,0,centroid,10.0,1053,1058,0,5,5
1LZ1,V74A,0.4,0,allatom,6.0,842,842,0,0,0
1LZ1,V74A,0.4,0,allatom,7.0,1149,1148,1,0,1
1LZ1,V74A,0.4,0,allatom,8.0,1508,1507,1,0,1
1LZ1,V74A,0.4,0,allatom,9.0,1808,1807,1,0,1
1LZ1,V74A,0.4,0,allatom,10.0,2152,2153,0,1,1
1LZ1,V74G,0.1,1,ca,6.0,362,362,0,0,0
1LZ1,V74G,0.1,1,ca,7.0,508,508,0,0,0
1LZ1,V74G,0.1,1,ca,8.0,626,626,0,0,0
1LZ1,V74G,0.1,1,ca,9.0,854,854,0,0,0
1LZ1,V74G,0.1,1,ca,10.0,1116,1116,0,0,0
1LZ1,V74G,0.1,1,cb,6.0,312,311,1,0,1
1LZ1,V74G,0.1,1,cb,7.0,466,466,0,0,0
1LZ1,V74G,0.1,1,cb,8.0,649,650,0,1,1
1LZ1,V74G,0.1,1,cb,9.0,834,836,0,2,2
1LZ1,V74G,0.1,1,cb,10.0,1122,1122,1,1,2
1LZ1,V74G,0.1,1,centroid,6.0,242,242,1,1,2
1LZ1,V74G,0.1,1,centroid,7.0,397,398,1,2,3
1LZ1,V74G,0.1,1,centroid,8.0,561,561,1,1,2
1LZ1,V74G,0.1,1,centroid,9.0,759,762,0,3,3
1LZ1,V74G,0.1,1,centroid,10.0,1053,1056,1,4,5
1LZ1,V74G,0.1,1,allatom,6.0,842,842,0,0,0
1LZ1,V74G,0.1,1,allatom,7.0,1149,1148,1,0,1
1LZ1,V74G,0.1,1,allatom,8.0,1508,1507,1,0,1
1LZ1,V74G,0.1,1,allatom,9.0,1808,1807,1,0,1
1LZ1,V74G,0.1,1,allatom,10.0,2152,2152,1,1,2
1LZ1,V74I,1.9,0,ca,6.0,362,362,0,0,0
1LZ1,V74I,1.9,0,ca,7.0,508,508,0,0,0
1LZ1,V74I,1.9,0,ca,8.0,626,626,0,0,0
1LZ1,V74I,1.9,0,ca,9.0,854,854,0,0,0
1LZ1,V74I,1.9,0,ca,10.0,1116,1116,0,0,0
1LZ1,V74I,1.9,0,cb,6.0,312,312,0,0,0
1LZ1,V74I,1.9,0,cb,7.0,466,466,0,0,0
1LZ1,V74I,1.9,0,cb,8.0,649,649,0,0,0
1LZ1,V74I,1.9,0,cb,9.0,834,834,0,0,0
1LZ1,V74I,1.9,0,cb,10.0,1122,1122,0,0,0
1LZ1,V74I,1.9,0,centroid,6.0,242,242,2,2,4
1LZ1,V74I,1.9,0,centroid,7.0,397,396,2,1,3
1LZ1,V74I,1.9,0,centroid,8.0,561,562,1,2,3
1LZ1,V74I,1.9,0,centroid,9.0,759,755,5,1,6
1LZ1,V74I,1.9,0,centroid,10.0,1053,1052,3,2,5
1LZ1,V74I,1.9,0,allatom,6.0,842,841,1,0,1
1LZ1,V74I,1.9,0,allatom,7.0,1149,1146,4,1,5
1LZ1,V74I,1.9,0,allatom,8.0,1508,1505,3,0,3
1LZ1,V74I,1.9,0,allatom,9.0,1808,1806,2,0,2
1LZ1,V74I,1.9,0,allatom,10.0,2152,2152,1,1,2
1LZ1,V74L,0.4,0,ca,6.0,362,362,0,0,0
1LZ1,V74L,0.4,0,ca,7.0,508,508,0,0,0
1LZ1,V74L,0.4,0,ca,8.0,626,626,0,0,0
1LZ1,V74L,0.4,0,ca,9.0,854,854,0,0,0
1LZ1,V74L,0.4,0,ca,10.0,1116,1116,0,0,0
1LZ1,V74L,0.4,0,cb,6.0,312,312,0,0,0
1LZ1,V74L,0.4,0,cb,7.0,466,466,0,0,0
1LZ1,V74L,0.4,0,cb,8.0,649,649,0,0,0
1LZ1,V74L,0.4,0,cb,9.0,834,834,0,0,0
1LZ1,V74L,0.4,0,cb,10.0,1122,1122,0,0,0
1LZ1,V74L,0.4,0,centroid,6.0,242,241,2,1,3
1LZ1,V74L,0.4,0,centroid,7.0,397,396,2,1,3
1LZ1,V74L,0.4,0,centroid,8.0,561,561,2,2,4
1LZ1,V74L,0.4,0,centroid,9.0,759,755,5,1,6
1LZ1,V74L,0.4,0,centroid,10.0,1053,1049,5,1,6
1LZ1,V74L,0.4,0,allatom,6.0,842,841,1,0,1
1LZ1,V74L,0.4,0,allatom,7.0,1149,1146,4,1,5
1LZ1,V74L,0.4,0,allatom,8.0,1508,1505,3,0,3
1LZ1,V74L,0.4,0,allatom,9.0,1808,1806,2,0,2
1LZ1,V74L,0.4,0,allatom,10.0,2152,2151,1,0,1
1LZ1,V74M,0.4,0,ca,6.0,362,362,0,0,0
1LZ1,V74M,0.4,0,ca,7.0,508,508,0,0,0
1LZ1,V74M,0.4,0,ca,8.0,626,626,0,0,0
1LZ1,V74M,0.4,0,ca,9.0,854,854,0,0,0
1LZ1,V74M,0.4,0,ca,10.0,1116,1116,0,0,0
1LZ1,V74M,0.4,0,cb,6.0,312,312,0,0,0
1LZ1,V74M,0.4,0,cb,7.0,466,466,0,0,0
1LZ1,V74M,0.4,0,cb,8.0,649,649,0,0,0
1LZ1,V74M,0.4,0,cb,9.0,834,834,0,0,0
1LZ1,V74M,0.4,0,cb,10.0,1122,1122,0,0,0
1LZ1,V74M,0.4,0,centroid,6.0,242,242,0,0,0
1LZ1,V74M,0.4,0,centroid,7.0,397,397,1,1,2
1LZ1,V74M,0.4,0,centroid,8.0,561,560,1,0,1
1LZ1,V74M,0.4,0,centroid,9.0,759,761,1,3,4
1LZ1,V74M,0.4,0,centroid,10.0,1053,1053,2,2,4
1LZ1,V74M,0.4,0,allatom,6.0,842,842,1,1,2
1LZ1,V74M,0.4,0,allatom,7.0,1149,1150,0,1,1
1LZ1,V74M,0.4,0,allatom,8.0,1508,1509,0,1,1
1LZ1,V74M,0.4,0,allatom,9.0,1808,1808,1,1,2
1LZ1,V74M,0.4,0,allatom,10.0,2152,2155,0,3,3
1LZ1,V74F,0.0,0,ca,6.0,362,362,0,0,0
1LZ1,V74F,0.0,0,ca,7.0,508,508,0,0,0
1LZ1,V74F,0.0,0,ca,8.0,626,626,0,0,0
1LZ1,V74F,0.0,0,ca,9.0,854,854,0,0,0
1LZ1,V74F,0.0,0,ca,10.0,1116,1116,0,0,0
1LZ1,V74F,0.0,0,cb,6.0,312,312,0,0,0
1LZ1,V74F,0.0,0,cb,7.0,466,466,0,0,0
1LZ1,V74F,0.0,0,cb,8.0,649,649,0,0,0
1LZ1,V74F,0.0,0,cb,9.0,834,834,0,0,0
1LZ1,V74F,0.0,0,cb,10.0,1122,1122,0,0,0
1LZ1,V74F,0.0,0,centroid,6.0,242,241,3,2,5
1LZ1,V74F,0.0,0,centroid,7.0,397,396,2,1,3
1LZ1,V74F,0.0,0,centroid,8.0,561,560,3,2,5
1LZ1,V74F,0.0,0,centroid,9.0,759,754,6,1,7
1LZ1,V74F,0.0,0,centroid,10.0,1053,1049,5,1,6
1LZ1,V74F,0.0,0,allatom,6.0,842,841,1,0,1
1LZ1,V74F,0.0,0,allatom,7.0,1149,1146,4,1,5
1LZ1,V74F,0.0,0,allatom,8.0,1508,1504,4,0,4
1LZ1,V74F,0.0,0,allatom,9.0,1808,1805,3,0,3
1LZ1,V74F,0.0,0,allatom,10.0,2152,2152,1,1,2
1LZ1,V74Y,0.3,0,ca,6.0,362,362,0,0,0
1LZ1,V74Y,0.3,0,ca,7.0,508,508,0,0,0
1LZ1,V74Y,0.3,0,ca,8.0,626,626,0,0,0
1LZ1,V74Y,0.3,0,ca,9.0,854,854,0,0,0
1LZ1,V74Y,0.3,0,ca,10.0,1116,1116,0,0,0
1LZ1,V74Y,0.3,0,cb,6.0,312,312,0,0,0
1LZ1,V74Y,0.3,0,cb,7.0,466,466,0,0,0
1LZ1,V74Y,0.3,0,cb,8.0,649,649,0,0,0
1LZ1,V74Y,0.3,0,cb,9.0,834,834,0,0,0
1LZ1,V74Y,0.3,0,cb,10.0,1122,1122,0,0,0
1LZ1,V74Y,0.3,0,centroid,6.0,242,241,3,2,5
1LZ1,V74Y,0.3,0,centroid,7.0,397,395,3,1,4
1LZ1,V74Y,0.3,0,centroid,8.0,561,560,3,2,5
1LZ1,V74Y,0.3,0,centroid,9.0,759,754,6,1,7
1LZ1,V74Y,0.3,0,centroid,10.0,1053,1047,6,0,6
1LZ1,V74Y,0.3,0,allatom,6.0,842,841,1,0,1
1LZ1,V74Y,0.3,0,allatom,7.0,1149,1146,4,1,5
1LZ1,V74Y,0.3,0,allatom,8.0,1508,1504,4,0,4
1LZ1,V74Y,0.3,0,allatom,9.0,1808,1805,3,0,3
1LZ1,V74Y,0.3,0,allatom,10.0,2152,2152,1,1,2
1LZ1,V74D,0.4,0,ca,6.0,362,362,0,0,0
1LZ1,V74D,0.4,0,ca,7.0,508,508,0,0,0
1LZ1,V74D,0.4,0,ca,8.0,626,626,0,0,0
1LZ1,V74D,0.4,0,ca,9.0,854,854,0,0,0
1LZ1,V74D,0.4,0,ca,10.0,1116,1116,0,0,0
1LZ1,V74D,0.4,0,cb,6.0,312,312,0,0,0
1LZ1,V74D,0.4,0,cb,7.0,466,466,0,0,0
1LZ1,V74D,0.4,0,cb,8.0,649,649,0,0,0
1LZ1,V74D,0.4,0,cb,9.0,834,834,0,0,0
1LZ1,V74D,0.4,0,cb,10.0,1122,1122,0,0,0
1LZ1,V74D,0.4,0,centroid,6.0,242,242,0,0,0
1LZ1,V74D,0.4,0,centroid,7.0,397,396,1,0,1
1LZ1,V74D,0.4,0,centroid,8.0,561,560,1,0,1
1LZ1,V74D,0.4,0,centroid,9.0,759,758,1,0,1
1LZ1,V74D,0.4,0,centroid,10.0,1053,1049,4,0,4
1LZ1,V74D,0.4,0,allatom,6.0,842,841,1,0,1
1LZ1,V74D,0.4,0,allatom,7.0,1149,1147,2,0,2
1LZ1,V74D,0.4,0,allatom,8.0,1508,1507,1,0,1
1LZ1,V74D,0.4,0,allatom,9.0,1808,1807,1,0,1
1LZ1,V74D,0.4,0,allatom,10.0,2152,2152,0,0,0
1LZ1,V74N,0.3,0,ca,6.0,362,362,0,0,0
1LZ1,V74N,0.3,0,ca,7.0,508,508,0,0,0
1LZ1,V74N,0.3,0,ca,8.0,626,626,0,0,0
1LZ1,V74N,0.3,0,ca,9.0,854,854,0,0,0
1LZ1,V74N,0.3,0,ca,10.0,1116,1116,0,0,0
1LZ1,V74N,0.3,0,cb,6.0,312,312,0,0,0
1LZ1,V74N,0.3,0,cb,7.0,466,466,0,0,0
1LZ1,V74N,0.3,0,cb,8.0,649,649,0,0,0
1LZ1,V74N,0.3,0,cb,9.0,834,834,0,0,0
1LZ1,V74N,0.3,0,cb,10.0,1122,1122,0,0,0
1LZ1,V74N,0.3,0,centroid,6.0,242,242,0,0,0
1LZ1,V74N,0.3,0,centroid,7.0,397,396,1,0,1
1LZ1,V74N,0.3,0,centroid,8.0,561,561,0,0,0
1LZ1,V74N,0.3,0,centroid,9.0,759,759,1,1,2
1LZ1,V74N,0.3,0,centroid,10.0,1053,1054,2,3,5
1LZ1,V74N,0.3,0,allatom,6.0,842,842,0,0,0
1LZ1,V74N,0.3,0,allatom,7.0,1149,1149,0,0,0
1LZ1,V74N,0.3,0,allatom,8.0,1508,1509,0,1,1
1LZ1,V74N,0.3,0,allatom,9.0,1808,1808,0,0,0
1LZ1,V74N,0.3,0,allatom,10.0,2152,2153,0,1,1
1LZ1,V74R,0.1,0,ca,6.0,362,362,0,0,0
1LZ1,V74R,0.1,0,ca,7.0,508,508,0,0,0
1LZ1,V74R,0.1,0,ca,8.0,626,626,0,0,0
1LZ1,V74R,0.1,0,ca,9.0,854,854,0,0,0
1LZ1,V74R,0.1,0,ca,10.0,1116,1116,0,0,0
1LZ1,V74R,0.1,0,cb,6.0,312,312,0,0,0
1LZ1,V74R,0.1,0,cb,7.0,466,466,0,0,0
1LZ1,V74R,0.1,0,cb,8.0,649,649,0,0,0
1LZ1,V74R,0.1,0,cb,9.0,834,834,0,0,0
1LZ1,V74R,0.1,0,cb,10.0,1122,1122,0,0,0
1LZ1,V74R,0.1,0,centroid,6.0,242,242,1,1,2
1LZ1,V74R,0.1,0,centroid,7.0,397,395,3,1,4
1LZ1,V74R,0.1,0,centroid,8.0,561,560,2,1,3
1LZ1,V74R,0.1,0,centroid,9.0,759,760,2,3,5
1LZ1,V74R,0.1,0,centroid,10.0,1053,1054,3,4,7
1LZ1,V74R,0.1,0,allatom,6.0,842,844,0,2,2
1LZ1,V74R,0.1,0,allatom,7.0,1149,1150,1,2,3
1LZ1,V74R,0.1,0,allatom,8.0,1508,1509,0,1,1
1LZ1,V74R,0.1,0,allatom,9.0,1808,1809,0,1,1
1LZ1,V74R,0.1,0,allatom,10.0,2152,2156,0,4,4
1LZ1,V74S,0.4,0,ca,6.0,362,362,0,0,0
1LZ1,V74S,0.4,0,ca,7.0,508,508,0,0,0
1LZ1,V74S,0.4,0,ca,8.0,626,626,0,0,0
1LZ1,V74S,0.4,0,ca,9.0,854,854,0,0,0
1LZ1,V74S,0.4,0,ca,10.0,1116,1116,0,0,0
1LZ1,V74S,0.4,0,cb,6.0,312,312,0,0,0
1LZ1,V74S,0.4,0,cb,7.0,466,466,0,0,0
1LZ1,V74S,0.4,0,cb,8.0,649,649,0,0,0
1LZ1,V74S,0.4,0,cb,9.0,834,834,0,0,0
1LZ1,V74S,0.4,0,cb,10.0,1122,1122,0,0,0
1LZ1,V74S,0.4,0,centroid,6.0,242,242,0,0,0
1LZ1,V74S,0.4,0,centroid,7.0,397,397,0,0,0
1LZ1,V74S,0.4,0,centroid,8.0,561,561,0,0,0
1LZ1,V74S,0.4,0,centroid,9.0,759,760,0,1,1
1LZ1,V74S,0.4,0,centroid,10.0,1053,1055,0,2,2
1LZ1,V74S,0.4,0,allatom,6.0,842,842,0,0,0
1LZ1,V74S,0.4,0,allatom,7.0,1149,1148,1,0,1
1LZ1,V74S,0.4,0,allatom,8.0,1508,1508,0,0,0
1LZ1,V74S,0.4,0,allatom,9.0,1808,1807,1,0,1
1LZ1,V74S,0.4,0,allatom,10.0,2152,2153,0,1,1
1LZ1,C77A,4.6,0,ca,6.0,362,362,0,0,0
1LZ1,C77A,4.6,0,ca,7.0,508,508,0,0,0
1LZ1,C77A,4.6,0,ca,8.0,626,626,0,0,0
1LZ1,C77A,4.6,0,ca,9.0,854,854,0,0,0
1LZ1,C77A,4.6,0,ca,10.0,1116,1116,0,0,0
1LZ1,C77A,4.6,0,cb,6.0,312,312,0,0,0
1LZ1,C77A,4.6,0,cb,7.0,466,466,0,0,0
1LZ1,C77A,4.6,0,cb,8.0,649,649,0,0,0
1LZ1,C77A,4.6,0,cb,9.0,834,834,0,0,0
1LZ1,C77A,4.6,0,cb,10.0,1122,1122,0,0,0
1LZ1,C77A,4.6,0,centroid,6.0,242,240,3,1,4
1LZ1,C77A,4.6,0,centroid,7.0,397,394,4,1,5
1LZ1,C77A,4.6,0,centroid,8.0,561,562,0,1,1
1LZ1,C77A,4.6,0,centroid,9.0,759,760,2,3,5
1LZ1,C77A,4.6,0,centroid,10.0,1053,1056,1,4,5
1LZ1,C77A,4.6,0,allatom,6.0,842,840,3,1,4
1LZ1,C77A,4.6,0,allatom,7.0,1149,1146,4,1,5
1LZ1,C77A,4.6,0,allatom,8.0,1508,1505,4,1,5
1LZ1,C77A,4.6,0,allatom,9.0,1808,1806,2,0,2
1LZ1,C77A,4.6,0,allatom,10.0,2152,2149,4,1,5
1LZ1,I89A,2.7,0,ca,6.0,362,362,0,0,0
1LZ1,I89A,2.7,0,ca,7.0,508,508,0,0,0
1LZ1,I89A,2.7,0,ca,8.0,626,626,0,0,0
1LZ1,I89A,2.7,0,ca,9.0,854,854,0,0,0
1LZ1,I89A,2.7,0,ca,10.0,1116,1116,0,0,0
1LZ1,I89A,2.7,0,cb,6.0,312,312,0,0,0
1LZ1,I89A,2.7,0,cb,7.0,466,466,0,0,0
1LZ1,I89A,2.7,0,cb,8.0,649,649,0,0,0
1LZ1,I89A,2.7,0,cb,9.0,834,834,0,0,0
1LZ1,I89A,2.7,0,cb,10.0,1122,1122,0,0,0
1LZ1,I89A,2.7,0,centroid,6.0,242,240,2,0,2
1LZ1,I89A,2.7,0,centroid,7.0,397,395,2,0,2
1LZ1,I89A,2.7,0,centroid,8.0,561,561,0,0,0
1LZ1,I89A,2.7,0,centroid,9.0,759,761,2,4,6
1LZ1,I89A,2.7,0,centroid,10.0,1053,1051,3,1,4
1LZ1,I89A,2.7,0,allatom,6.0,842,841,1,0,1
1LZ1,I89A,2.7,0,allatom,7.0,1149,1148,1,0,1
1LZ1,I89A,2.7,0,allatom,8.0,1508,1500,9,1,10
1LZ1,I89A,2.7,0,allatom,9.0,1808,1798,10,0,10
1LZ1,I89A,2.7,0,allatom,10.0,2152,2140,12,0,12
1LZ1,I89V,0.5,0,ca,6.0,362,362,0,0,0
1LZ1,I89V,0.5,0,ca,7.0,508,508,0,0,0
1LZ1,I89V,0.5,0,ca,8.0,626,626,0,0,0
1LZ1,I89V,0.5,0,ca,9.0,854,854,0,0,0
1LZ1,I89V,0.5,0,ca,10.0,1116,1116,0,0,0
1LZ1,I89V,0.5,0,cb,6.0,312,312,0,0,0
1LZ1,I89V,0.5,0,cb,7.0,466,466,0,0,0
1LZ1,I89V,0.5,0,cb,8.0,649,649,0,0,0
1LZ1,I89V,0.5,0,cb,9.0,834,834,0,0,0
1LZ1,I89V,0.5,0,cb,10.0,1122,1123,0,1,1
1LZ1,I89V,0.5,0,centroid,6.0,242,241,1,0,1
1LZ1,I89V,0.5,0,centroid,7.0,397,397,0,0,0
1LZ1,I89V,0.5,0,centroid,8.0,561,561,0,0,0
1LZ1,I89V,0.5,0,centroid,9.0,759,760,1,2,3
1LZ1,I89V,0.5,0,centroid,10.0,1053,1052,1,0,1
1LZ1,I89V,0.5,0,allatom,6.0,842,842,0,0,0
1LZ1,I89V,0.5,0,allatom,7.0,1149,1149,0,0,0
1LZ1,I89V,0.5,0,allatom,8.0,1508,1503,6,1,7
1LZ1,I89V,0.5,0,allatom,9.0,1808,1807,1,0,1
1LZ1,I89V,0.5,0,allatom,10.0,2152,2145,7,0,7
1LZ1,D91P,0.4,0,ca,6.0,362,362,0,0,0
1LZ1,D91P,0.4,0,ca,7.0,508,508,0,0,0
1LZ1,D91P,0.4,0,ca,8.0,626,626,0,0,0
1LZ1,D91P,0.4,0,ca,9.0,854,854,0,0,0
1LZ1,D91P,0.4,0,ca,10.0,1116,1116,0,0,0
1LZ1,D91P,0.4,0,cb,6.0,312,312,0,0,0
1LZ1,D91P,0.4,0,cb,7.0,466,466,0,0,0
1LZ1,D91P,0.4,0,cb,8.0,649,649,0,0,0
1LZ1,D91P,0.4,0,cb,9.0,834,834,0,0,0
1LZ1,D91P,0.4,0,cb,10.0,1122,1122,0,0,0
1LZ1,D91P,0.4,0,centroid,6.0,242,242,2,2,4
1LZ1,D91P,0.4,0,centroid,7.0,397,398,0,1,1
1LZ1,D91P,0.4,0,centroid,8.0,561,563,0,2,2
1LZ1,D91P,0.4,0,centroid,9.0,759,761,0,2,2
1LZ1,D91P,0.4,0,centroid,10.0,1053,1054,0,1,1
1LZ1,D91P,0.4,0,allatom,6.0,842,843,0,1,1
1LZ1,D91P,0.4,0,allatom,7.0,1149,1151,0,2,2
1LZ1,D91P,0.4,0,allatom,8.0,1508,1508,1,1,2
1LZ1,D91P,0.4,0,allatom,9.0,1808,1808,0,0,0
1LZ1,D91P,0.4,0,allatom,10.0,2152,2152,0,0,0
1LZ1,V93A,0.7,0,ca,6.0,362,362,0,0,0
1LZ1,V93A,0.7,0,ca,7.0,508,508,0,0,0
1LZ1,V93A,0.7,0,ca,8.0,626,626,0,0,0
1LZ1,V93A,0.7,0,ca,9.0,854,854,0,0,0
1LZ1,V93A,0.7,0,ca,10.0,1116,1116,0,0,0
1LZ1,V93A,0.7,0,cb,6.0,312,312,0,0,0
1LZ1,V93A,0.7,0,cb,7.0,466,466,0,0,0
1LZ1,V93A,0.7,0,cb,8.0,649,649,0,0,0
1LZ1,V93A,0.7,0,cb,9.0,834,834,0,0,0
1LZ1,V93A,0.7,0,cb,10.0,1122,1122,0,0,0
1LZ1,V93A,0.7,0,centroid,6.0,242,243,0,1,1
1LZ1,V93A,0.7,0,centroid,7.0,397,397,0,0,0
1LZ1,V93A,0.7,0,centroid,8.0,561,560,1,0,1
1LZ1,V93A,0.7,0,centroid,9.0,759,760,1,2,3
1LZ1,V93A,0.7,0,centroid,10.0,1053,1052,3,2,5
1LZ1,V93A,0.7,0,allatom,6.0,842,841,1,0,1
1LZ1,V93A,0.7,0,allatom,7.0,1149,1148,3,2,5
1LZ1,V93A,0.7,0,allatom,8.0,1508,1506,3,1,4
1LZ1,V93A,0.7,0,allatom,9.0,1808,1805,3,0,3
1LZ1,V93A,0.7,0,allatom,10.0,2152,2149,3,0,3
1LZ1,V99A,1.0,0,ca,6.0,362,362,0,0,0
1LZ1,V99A,1.0,0,ca,7.0,508,508,0,0,0
1LZ1,V99A,1.0,0,ca,8.0,626,626,0,0,0
1LZ1,V99A,1.0,0,ca,9.0,854,854,0,0,0
1LZ1,V99A,1.0,0,ca,10.0,1116,1116,0,0,0
1LZ1,V99A,1.0,0,cb,6.0,312,312,0,0,0
1LZ1,V99A,1.0,0,cb,7.0,466,466,0,0,0
1LZ1,V99A,1.0,0,cb,8.0,649,649,0,0,0
1LZ1,V99A,1.0,0,cb,9.0,834,834,0,0,0
1LZ1,V99A,1.0,0,cb,10.0,1122,1122,0,0,0
1LZ1,V99A,1.0,0,centroid,6.0,242,241,1,0,1
1LZ1,V99A,1.0,0,centroid,7.0,397,396,1,0,1
1LZ1,V99A,1.0,0,centroid,8.0,561,561,0,0,0
1LZ1,V99A,1.0,0,centroid,9.0,759,759,0,0,0
1LZ1,V99A,1.0,0,centroid,10.0,1053,1055,1,3,4
1LZ1,V99A,1.0,0,allatom,6.0,842,841,1,0,1
1LZ1,V99A,1.0,0,allatom,7.0,1149,1147,2,0,2
1LZ1,V99A,1.0,0,allatom,8.0,1508,1504,4,0,4
1LZ1,V99A,1.0,0,allatom,9.0,1808,1805,3,0,3
1LZ1,V99A,1.0,0,allatom,10.0,2152,2146,6,0,6
1LZ1,V100A,0.3,0,ca,6.0,362,362,0,0,0
1LZ1,V100A,0.3,0,ca,7.0,508,508,0,0,0
1LZ1,V100A,0.3,0,ca,8.0,626,626,0,0,0
1LZ1,V100A,0.3,0,ca,9.0,854,854,0,0,0
1LZ1,V100A,0.3,0,ca,10.0,1116,1116,0,0,0
1LZ1,V100A,0.3,0,cb,6.0,312,312,0,0,0
1LZ1,V100A,0.3,0,cb,7.0,466,466,0,0,0
1LZ1,V100A,0.3,0,cb,8.0,649,649,0,0,0
1LZ1,V100A,0.3,0,cb,9.0,834,834,0,0,0
1LZ1,V100A,0.3,0,cb,10.0,1122,1122,0,0,0
1LZ1,V100A,0.3,0,centroid,6.0,242,244,1,3,4
1LZ1,V100A,0.3,0,centroid,7.0,397,399,0,2,2
1LZ1,V100A,0.3,0,centroid,8.0,561,563,1,3,4
1LZ1,V100A,0.3,0,centroid,9.0,759,756,3,0,3
1LZ1,V100A,0.3,0,centroid,10.0,1053,1049,6,2,8
1LZ1,V100A,0.3,0,allatom,6.0,842,841,1,0,1
1LZ1,V100A,0.3,0,allatom,7.0,1149,1145,5,1,6
1LZ1,V100A,0.3,0,allatom,8.0,1508,1504,4,0,4
1LZ1,V100A,0.3,0,allatom,9.0,1808,1802,8,2,10
1LZ1,V100A,0.3,0,allatom,10.0,2152,2148,5,1,6
1LZ1,P103G,0.1,1,ca,6.0,362,362,0,0,0
1LZ1,P103G,0.1,1,ca,7.0,508,508,0,0,0
1LZ1,P103G,0.1,1,ca,8.0,626,626,0,0,0
1LZ1,P103G,0.1,1,ca,9.0,854,854,0,0,0
1LZ1,P103G,0.1,1,ca,10.0,1116,1116,0,0,0
1LZ1,P103G,0.1,1,cb,6.0,312,313,0,1,1
1LZ1,P103G,0.1,1,cb,7.0,466,466,0,0,0
1LZ1,P103G,0.1,1,cb,8.0,649,650,0,1,1
1LZ1,P103G,0.1,1,cb,9.0,834,837,0,3,3
1LZ1,P103G,0.1,1,cb,10.0,1122,1123,0,1,1
1LZ1,P103G,0.1,1,centroid,6.0,242,243,1,2,3
1LZ1,P103G,0.1,1,centroid,7.0,397,397,4,4,8
1LZ1,P103G,0.1,1,centroid,8.0,561,559,3,1,4
1LZ1,P103G,0.1,1,centroid,9.0,759,760,2,3,5
1LZ1,P103G,0.1,1,centroid,10.0,1053,1055,1,3,4
1LZ1,P103G,0.1,1,allatom,6.0,842,841,1,0,1
1LZ1,P103G,0.1,1,allatom,7.0,1149,1148,1,0,1
1LZ1,P103G,0.1,1,allatom,8.0,1508,1507,2,1,3
1LZ1,P103G,0.1,1,allatom,9.0,1808,1807,1,0,1
1LZ1,P103G,0.1,1,allatom,10.0,2152,2149,4,1,5
1LZ1,I106A,0.9,0,ca,6.0,362,362,0,0,0
1LZ1,I106A,0.9,0,ca,7.0,508,508,0,0,0
1LZ1,I106A,0.9,0,ca,8.0,626,626,0,0,0
1LZ1,I106A,0.9,0,ca,9.0,854,854,0,0,0
1LZ1,I106A,0.9,0,ca,10.0,1116,1116,0,0,0
1LZ1,I106A,0.9,0,cb,6.0,312,312,0,0,0
1LZ1,I106A,0.9,0,cb,7.0,466,466,0,0,0
1LZ1,I106A,0.9,0,cb,8.0,649,649,0,0,0
1LZ1,I106A,0.9,0,cb,9.0,834,834,0,0,0
1LZ1,I106A,0.9,0,cb,10.0,1122,1122,0,0,0
1LZ1,I106A,0.9,0,centroid,6.0,242,238,6,2,8
1LZ1,I106A,0.9,0,centroid,7.0,397,398,1,2,3
1LZ1,I106A,0.9,0,centroid,8.0,561,560,1,0,1
1LZ1,I106A,0.9,0,centroid,9.0,759,760,2,3,5
1LZ1,I106A,0.9,0,centroid,10.0,1053,1048,6,1,7
1LZ1,I106A,0.9,0,allatom,6.0,842,841,2,1,3
1LZ1,I106A,0.9,0,allatom,7.0,1149,1144,6,1,7
1LZ1,I106A,0.9,0,allatom,8.0,1508,1492,16,0,16
1LZ1,I106A,0.9,0,allatom,9.0,1808,1799,9,0,9
1LZ1,I106A,0.9,0,allatom,10.0,2152,2144,9,1,10
1LZ1,I106V,0.7,0,ca,6.0,362,362,0,0,0
1LZ1,I106V,0.7,0,ca,7.0,508,508,0,0,0
1LZ1,I106V,0.7,0,ca,8.0,626,626,0,0,0
1LZ1,I106V,0.7,0,ca,9.0,854,854,0,0,0
1LZ1,I106V,0.7,0,ca,10.0,1116,1116,0,0,0
1LZ1,I106V,0.7,0,cb,6.0,312,312,0,0,0
1LZ1,I106V,0.7,0,cb,7.0,466,466,0,0,0
1LZ1,I106V,0.7,0,cb,8.0,649,650,0,1,1
1LZ1,I106V,0.7,0,cb,9.0,834,834,1,1,2
1LZ1,I106V,0.7,0,cb,10.0,1122,1123,0,1,1
1LZ1,I106V,0.7,0,centroid,6.0,242,241,3,2,5
1LZ1,I106V,0.7,0,centroid,7.0,397,398,0,1,1
1LZ1,I106V,0.7,0,centroid,8.0,561,561,0,0,0
1LZ1,I106V,0.7,0,centroid,9.0,759,759,2,2,4
1LZ1,I106V,0.7,0,centroid,10.0,1053,1051,2,0,2
1LZ1,I106V,0.7,0,allatom,6.0,842,841,1,0,1
1LZ1,I106V,0.7,0,allatom,7.0,1149,1145,4,0,4
1LZ1,I106V,0.7,0,allatom,8.0,1508,1502,6,0,6
1LZ1,I106V,0.7,0,allatom,9.0,1808,1807,1,0,1
1LZ1,I106V,0.7,0,allatom,10.0,2152,2150,3,1,4
1LZ1,V110A,-0.5,0,ca,6.0,362,362,0,0,0
1LZ1,V110A,-0.5,0,ca,7.0,508,508,0,0,0
1LZ1,V110A,-0.5,0,ca,8.0,626,626,0,0,0
1LZ1,V110A,-0.5,0,ca,9.0,854,854,0,0,0
1LZ1,V110A,-0.5,0,ca,10.0,1116,1116,0,0,0
1LZ1,V110A,-0.5,0,cb,6.0,312,312,0,0,0
1LZ1,V110A,-0.5,0,cb,7.0,466,466,0,0,0
1LZ1,V110A,-0.5,0,cb,8.0,649,649,0,0,0
1LZ1,V110A,-0.5,0,cb,9.0,834,834,0,0,0
1LZ1,V110A,-0.5,0,cb,10.0,1122,1122,0,0,0
1LZ1,V110A,-0.5,0,centroid,6.0,242,243,0,1,1
1LZ1,V110A,-0.5,0,centroid,7.0,397,396,1,0,1
1LZ1,V110A,-0.5,0,centroid,8.0,561,561,0,0,0
1LZ1,V110A,-0.5,0,centroid,9.0,759,759,1,1,2
1LZ1,V110A,-0.5,0,centroid,10.0,1053,1055,0,2,2
1LZ1,V110A,-0.5,0,allatom,6.0,842,842,0,0,0
1LZ1,V110A,-0.5,0,allatom,7.0,1149,1149,0,0,0
1LZ1,V110A,-0.5,0,allatom,8.0,1508,1508,0,0,0
1LZ1,V110A,-0.5,0,allatom,9.0,1808,1808,0,0,0
1LZ1,V110A,-0.5,0,allatom,10.0,2152,2152,0,0,0
1LZ1,V110D,-0.2,0,ca,6.0,362,362,0,0,0
1LZ1,V110D,-0.2,0,ca,7.0,508,508,0,0,0
1LZ1,V110D,-0.2,0,ca,8.0,626,626,0,0,0
1LZ1,V110D,-0.2,0,ca,9.0,854,854,0,0,0
1LZ1,V110D,-0.2,0,ca,10.0,1116,1116,0,0,0
1LZ1,V110D,-0.2,0,cb,6.0,312,312,0,0,0
1LZ1,V110D,-0.2,0,cb,7.0,466,466,0,0,0
1LZ1,V110D,-0.2,0,cb,8.0,649,649,0,0,0
1LZ1,V110D,-0.2,0,cb,9.0,834,834,0,0,0
1LZ1,V110D,-0.2,0,cb,10.0,1122,1122,0,0,0
1LZ1,V110D,-0.2,0,centroid,6.0,242,242,1,1,2
1LZ1,V110D,-0.2,0,centroid,7.0,397,396,1,0,1
1LZ1,V110D,-0.2,0,centroid,8.0,561,562,0,1,1
1LZ1,V110D,-0.2,0,centroid,9.0,759,759,2,2,4
1LZ1,V110D,-0.2,0,centroid,10.0,1053,1055,3,5,8
1LZ1,V110D,-0.2,0,allatom,6.0,842,842,0,0,0
1LZ1,V110D,-0.2,0,allatom,7.0,1149,1150,0,1,1
1LZ1,V110D,-0.2,0,allatom,8.0,1508,1510,0,2,2
1LZ1,V110D,-0.2,0,allatom,9.0,1808,1810,0,2,2
1LZ1,V110D,-0.2,0,allatom,10.0,2152,2151,2,1,3
1LZ1,V110G,2.2,1,ca,6.0,362,362,0,0,0
1LZ1,V110G,2.2,1,ca,7.0,508,508,0,0,0
1LZ1,V110G,2.2,1,ca,8.0,626,626,0,0,0
1LZ1,V110G,2.2,1,ca,9.0,854,854,0,0,0
1LZ1,V110G,2.2,1,ca,10.0,1116,1116,0,0,0
1LZ1,V110G,2.2,1,cb,6.0,312,314,0,2,2
1LZ1,V110G,2.2,1,cb,7.0,466,467,0,1,1
1LZ1,V110G,2.2,1,cb,8.0,649,651,0,2,2
1LZ1,V110G,2.2,1,cb,9.0,834,836,0,2,2
1LZ1,V110G,2.2,1,cb,10.0,1122,1128,0,6,6
1LZ1,V110G,2.2,1,centroid,6.0,242,243,0,1,1
1LZ1,V110G,2.2,1,centroid,7.0,397,396,1,0,1
1LZ1,V110G,2.2,1,centroid,8.0,561,565,0,4,4
1LZ1,V110G,2.2,1,centroid,9.0,759,762,1,4,5
1LZ1,V110G,2.2,1,centroid,10.0,1053,1058,1,6,7
1LZ1,V110G,2.2,1,allatom,6.0,842,842,0,0,0
1LZ1,V110G,2.2,1,allatom,7.0,1149,1149,0,0,0
1LZ1,V110G,2.2,1,allatom,8.0,1508,1509,0,1,1
1LZ1,V110G,2.2,1,allatom,9.0,1808,1808,0,0,0
1LZ1,V110G,2.2,1,allatom,10.0,2152,2151,1,0,1
1LZ1,V110I,0.8,0,ca,6.0,362,362,0,0,0
1LZ1,V110I,0.8,0,ca,7.0,508,508,0,0,0
1LZ1,V110I,0.8,0,ca,8.0,626,626,0,0,0
1LZ1,V110I,0.8,0,ca,9.0,854,854,0,0,0
1LZ1,V110I,0.8,0,ca,10.0,1116,1116,0,0,0
1LZ1,V110I,0.8,0,cb,6.0,312,312,0,0,0
1LZ1,V110I,0.8,0,cb,7.0,466,466,0,0,0
1LZ1,V110I,0.8,0,cb,8.0,649,649,0,0,0
1LZ1,V110I,0.8,0,cb,9.0,834,834,0,0,0
1LZ1,V110I,0.8,0,cb,10.0,1122,1122,0,0,0
1LZ1,V110I,0.8,0,centroid,6.0,242,242,0,0,0
1LZ1,V110I,0.8,0,centroid,7.0,397,396,1,0,1
1LZ1,V110I,0.8,0,centroid,8.0,561,561,0,0,0
1LZ1,V110I,0.8,0,centroid,9.0,759,757,2,0,2
1LZ1,V110I,0.8,0,centroid,10.0,1053,1052,2,1,3
1LZ1,V110I,0.8,0,allatom,6.0,842,842,0,0,0
1LZ1,V110I,0.8,0,allatom,7.0,1149,1149,0,0,0
1LZ1,V110I,0.8,0,allatom,8.0,1508,1509,0,1,1
1LZ1,V110I,0.8,0,allatom,9.0,1808,1809,0,1,1
1LZ1,V110I,0.8,0,allatom,10.0,2152,2152,1,1,2
1LZ1,V110L,-0.1,0,ca,6.0,362,362,0,0,0
1LZ1,V110L,-0.1,0,ca,7.0,508,508,0,0,0
1LZ1,V110L,-0.1,0,ca,8.0,626,626,0,0,0
1LZ1,V110L,-0.1,0,ca,9.0,854,854,0,0,0
1LZ1,V110L,-0.1,0,ca,10.0,1116,1116,0,0,0
1LZ1,V110L,-0.1,0,cb,6.0,312,312,0,0,0
1LZ1,V110L,-0.1,0,cb,7.0,466,466,0,0,0
1LZ1,V110L,-0.1,0,cb,8.0,649,649,0,0,0
1LZ1,V110L,-0.1,0,cb,9.0,834,834,0,0,0
1LZ1,V110L,-0.1,0,cb,10.0,1122,1122,0,0,0
1LZ1,V110L,-0.1,0,centroid,6.0,242,243,0,1,1
1LZ1,V110L,-0.1,0,centroid,7.0,397,396,1,0,1
1LZ1,V110L,-0.1,0,centroid,8.0,561,562,0,1,1
1LZ1,V110L,-0.1,0,centroid,9.0,759,758,1,0,1
1LZ1,V110L,-0.1,0,centroid,10.0,1053,1052,3,2,5
1LZ1,V110L,-0.1,0,allatom,6.0,842,842,0,0,0
1LZ1,V110L,-0.1,0,allatom,7.0,1149,1149,0,0,0
1LZ1,V110L,-0.1,0,allatom,8.0,1508,1509,0,1,1
1LZ1,V110L,-0.1,0,allatom,9.0,1808,1810,0,2,2
1LZ1,V110L,-0.1,0,allatom,10.0,2152,2152,1,1,2
1LZ1,V110M,-0.4,0,ca,6.0,362,362,0,0,0
1LZ1,V110M,-0.4,0,ca,7.0,508,508,0,0,0
1LZ1,V110M,-0.4,0,ca,8.0,626,626,0,0,0
1LZ1,V110M,-0.4,0,ca,9.0,854,854,0,0,0
1LZ1,V110M,-0.4,0,ca,10.0,1116,1116,0,0,0
1LZ1,V110M,-0.4,0,cb,6.0,312,312,0,0,0
1LZ1,V110M,-0.4,0,cb,7.0,466,466,0,0,0
1LZ1,V110M,-0.4,0,cb,8.0,649,649,0,0,0
1LZ1,V110M,-0.4,0,cb,9.0,834,834,0,0,0
1LZ1,V110M,-0.4,0,cb,10.0,1122,1122,0,0,0
1LZ1,V110M,-0.4,0,centroid,6.0,242,242,1,1,2
1LZ1,V110M,-0.4,0,centroid,7.0,397,396,1,0,1
1LZ1,V110M,-0.4,0,centroid,8.0,561,562,0,1,1
1LZ1,V110M,-0.4,0,centroid,9.0,759,758,2,1,3
1LZ1,V110M,-0.4,0,centroid,10.0,1053,1053,2,2,4
1LZ1,V110M,-0.4,0,allatom,6.0,842,842,0,0,0
1LZ1,V110M,-0.4,0,allatom,7.0,1149,1149,0,0,0
1LZ1,V110M,-0.4,0,allatom,8.0,1508,1508,0,0,0
1LZ1,V110M,-0.4,0,allatom,9.0,1808,1809,0,1,1
1LZ1,V110M,-0.4,0,allatom,10.0,2152,2153,0,1,1
1LZ1,V110N,-0.1,0,ca,6.0,362,362,0,0,0
1LZ1,V110N,-0.1,0,ca,7.0,508,508,0,0,0
1LZ1,V110N,-0.1,0,ca,8.0,626,626,0,0,0
1LZ1,V110N,-0.1,0,ca,9.0,854,854,0,0,0
1LZ1,V110N,-0.1,0,ca,10.0,1116,1116,0,0,0
1LZ1,V110N,-0.1,0,cb,6.0,312,312,0,0,0
1LZ1,V110N,-0.1,0,cb,7.0,466,466,0,0,0
1LZ1,V110N,-0.1,0,cb,8.0,649,649,0,0,0
1LZ1,V110N,-0.1,0,cb,9.0,834,834,0,0,0
1LZ1,V110N,-0.1,0,cb,10.0,1122,1122,0,0,0
1LZ1,V110N,-0.1,0,centroid,6.0,242,241,2,1,3
1LZ1,V110N,-0.1,0,centroid,7.0,397,396,1,0,1
1LZ1,V110N,-0.1,0,centroid,8.0,561,562,0,1,1
1LZ1,V110N,-0.1,0,centroid,9.0,759,759,1,1,2
1LZ1,V110N,-0.1,0,centroid,10.0,1053,1055,2,4,6
1LZ1,V110N,-0.1,0,allatom,6.0,842,842,0,0,0
1LZ1,V110N,-0.1,0,allatom,7.0,1149,1149,0,0,0
1LZ1,V110N,-0.1,0,allatom,8.0,1508,1509,0,1,1
1LZ1,V110N,-0.1,0,allatom,9.0,1808,1810,0,2,2
1LZ1,V110N,-0.1,0,allatom,10.0,2152,2154,0,2,2
1LZ1,V110R,-0.9,0,ca,6.0,362,362,0,0,0
1LZ1,V110R,-0.9,0,ca,7.0,508,508,0,0,0
1LZ1,V110R,-0.9,0,ca,8.0,626,626,0,0,0
1LZ1,V110R,-0.9,0,ca,9.0,854,854,0,0,0
1LZ1,V110R,-0.9,0,ca,10.0,1116,1116,0,0,0
1LZ1,V110R,-0.9,0,cb,6.0,312,312,0,0,0
1LZ1,V110R,-0.9,0,cb,7.0,466,466,0,0,0
1LZ1,V110R,-0.9,0,cb,8.0,649,649,0,0,0
1LZ1,V110R,-0.9,0,cb,9.0,834,834,0,0,0
1LZ1,V110R,-0.9,0,cb,10.0,1122,1122,0,0,0
1LZ1,V110R,-0.9,0,centroid,6.0,242,239,3,0,3
1LZ1,V110R,-0.9,0,centroid,7.0,397,394,3,0,3
1LZ1,V110R,-0.9,0,centroid,8.0,561,563,0,2,2
1LZ1,V110R,-0.9,0,centroid,9.0,759,759,3,3,6
1LZ1,V110R,-0.9,0,centroid,10.0,1053,1056,2,5,7
1LZ1,V110R,-0.9,0,allatom,6.0,842,844,0,2,2
1LZ1,V110R,-0.9,0,allatom,7.0,1149,1154,0,5,5
1LZ1,V110R,-0.9,0,allatom,8.0,1508,1513,0,5,5
1LZ1,V110R,-0.9,0,allatom,9.0,1808,1816,0,8,8
1LZ1,V110R,-0.9,0,allatom,10.0,2152,2161,1,10,11
1LZ1,V110F,1.9,0,ca,6.0,362,362,0,0,0
1LZ1,V110F,1.9,0,ca,7.0,508,508,0,0,0
1LZ1,V110F,1.9,0,ca,8.0,626,626,0,0,0
1LZ1,V110F,1.9,0,ca,9.0,854,854,0,0,0
1LZ1,V110F,1.9,0,ca,10.0,1116,1116,0,0,0
1LZ1,V110F,1.9,0,cb,6.0,312,312,0,0,0
1LZ1,V110F,1.9,0,cb,7.0,466,466,0,0,0
1LZ1,V110F,1.9,0,cb,8.0,649,649,0,0,0
1LZ1,V110F,1.9,0,cb,9.0,834,834,0,0,0
1LZ1,V110F,1.9,0,cb,10.0,1122,1122,0,0,0
1LZ1,V110F,1.9,0,centroid,6.0,242,241,2,1,3
1LZ1,V110F,1.9,0,centroid,7.0,397,395,2,0,2
1LZ1,V110F,1.9,0,centroid,8.0,561,562,0,1,1
1LZ1,V110F,1.9,0,centroid,9.0,759,759,3,3,6
1LZ1,V110F,1.9,0,centroid,10.0,1053,1055,2,4,6
1LZ1,V110F,1.9,0,allatom,6.0,842,842,0,0,0
1LZ1,V110F,1.9,0,allatom,7.0,1149,1151,0,2,2
1LZ1,V110F,1.9,0,allatom,8.0,1508,1511,0,3,3
1LZ1,V110F,1.9,0,allatom,9.0,1808,1811,0,3,3
1LZ1,V110F,1.9,0,allatom,10.0,2152,2154,1,3,4
1LZ1,V110P,-0.5,0,ca,6.0,362,362,0,0,0
1LZ1,V110P,-0.5,0,ca,7.0,508,508,0,0,0
1LZ1,V110P,-0.5,0,ca,8.0,626,626,0,0,0
1LZ1,V110P,-0.5,0,ca,9.0,854,854,0,0,0
1LZ1,V110P,-0.5,0,ca,10.0,1116,1116,0,0,0
1LZ1,V110P,-0.5,0,cb,6.0,312,312,0,0,0
1LZ1,V110P,-0.5,0,cb,7.0,466,466,0,0,0
1LZ1,V110P,-0.5,0,cb,8.0,649,649,0,0,0
1LZ1,V110P,-0.5,0,cb,9.0,834,834,0,0,0
1LZ1,V110P,-0.5,0,cb,10.0,1122,1121,1,0,1
1LZ1,V110P,-0.5,0,centroid,6.0,242,242,1,1,2
1LZ1,V110P,-0.5,0,centroid,7.0,397,396,1,0,1
1LZ1,V110P,-0.5,0,centroid,8.0,561,564,0,3,3
1LZ1,V110P,-0.5,0,centroid,9.0,759,760,1,2,3
1LZ1,V110P,-0.5,0,centroid,10.0,1053,1055,0,2,2
1LZ1,V110P,-0.5,0,allatom,6.0,842,842,0,0,0
1LZ1,V110P,-0.5,0,allatom,7.0,1149,1149,0,0,0
1LZ1,V110P,-0.5,0,allatom,8.0,1508,1509,0,1,1
1LZ1,V110P,-0.5,0,allatom,9.0,1808,1810,0,2,2
1LZ1,V110P,-0.5,0,allatom,10.0,2152,2156,0,4,4
1LZ1,V110Y,0.1,0,ca,6.0,362,362,0,0,0
1LZ1,V110Y,0.1,0,ca,7.0,508,508,0,0,0
1LZ1,V110Y,0.1,0,ca,8.0,626,626,0,0,0
1LZ1,V110Y,0.1,0,ca,9.0,854,854,0,0,0
1LZ1,V110Y,0.1,0,ca,10.0,1116,1116,0,0,0
1LZ1,V110Y,0.1,0,cb,6.0,312,312,0,0,0
1LZ1,V110Y,0.1,0,cb,7.0,466,466,0,0,0
1LZ1,V110Y,0.1,0,cb,8.0,649,649,0,0,0
1LZ1,V110Y,0.1,0,cb,9.0,834,834,0,0,0
1LZ1,V110Y,0.1,0,cb,10.0,1122,1122,0,0,0
1LZ1,V110Y,0.1,0,centroid,6.0,242,241,2,1,3
1LZ1,V110Y,0.1,0,centroid,7.0,397,395,2,0,2
1LZ1,V110Y,0.1,0,centroid,8.0,561,562,0,1,1
1LZ1,V110Y,0.1,0,centroid,9.0,759,758,4,3,7
1LZ1,V110Y,0.1,0,centroid,10.0,1053,1055,3,5,8
1LZ1,V110Y,0.1,0,allatom,6.0,842,842,0,0,0
1LZ1,V110Y,0.1,0,allatom,7.0,1149,1151,0,2,2
1LZ1,V110Y,0.1,0,allatom,8.0,1508,1511,0,3,3
1LZ1,V110Y,0.1,0,allatom,9.0,1808,1812,0,4,4
1LZ1,V110Y,0.1,0,allatom,10.0,2152,2157,0,5,5
1LZ1,V121A,1.4,0,ca,6.0,362,362,0,0,0
1LZ1,V121A,1.4,0,ca,7.0,508,508,0,0,0
1LZ1,V121A,1.4,0,ca,8.0,626,626,0,0,0
1LZ1,V121A,1.4,0,ca,9.0,854,854,0,0,0
1LZ1,V121A,1.4,0,ca,10.0,1116,1116,0,0,0
1LZ1,V121A,1.4,0,cb,6.0,312,312,0,0,0
1LZ1,V121A,1.4,0,cb,7.0,466,466,0,0,0
1LZ1,V121A,1.4,0,cb,8.0,649,649,0,0,0
1LZ1,V121A,1.4,0,cb,9.0,834,834,0,0,0
1LZ1,V121A,1.4,0,cb,10.0,1122,1122,0,0,0
1LZ1,V121A,1.4,0,centroid,6.0,242,243,0,1,1
1LZ1,V121A,1.4,0,centroid,7.0,397,395,2,0,2
1LZ1,V121A,1.4,0,centroid,8.0,561,562,1,2,3
1LZ1,V121A,1.4,0,centroid,9.0,759,759,1,1,2
1LZ1,V121A,1.4,0,centroid,10.0,1053,1053,2,2,4
1LZ1,V121A,1.4,0,allatom,6.0,842,838,4,0,4
1LZ1,V121A,1.4,0,allatom,7.0,1149,1147,2,0,2
1LZ1,V121A,1.4,0,allatom,8.0,1508,1507,1,0,1
1LZ1,V121A,1.4,0,allatom,9.0,1808,1806,2,0,2
1LZ1,V121A,1.4,0,allatom,10.0,2152,2149,4,1,5
1LZ1,Y124F,0.4,0,ca,6.0,362,362,0,0,0
1LZ1,Y124F,0.4,0,ca,7.0,508,508,0,0,0
1LZ1,Y124F,0.4,0,ca,8.0,626,626,0,0,0
1LZ1,Y124F,0.4,0,ca,9.0,854,854,0,0,0
1LZ1,Y124F,0.4,0,ca,10.0,1116,1116,0,0,0
1LZ1,Y124F,0.4,0,cb,6.0,312,312,0,0,0
1LZ1,Y124F,0.4,0,cb,7.0,466,466,0,0,0
1LZ1,Y124F,0.4,0,cb,8.0,649,649,0,0,0
1LZ1,Y124F,0.4,0,cb,9.0,834,834,0,0,0
1LZ1,Y124F,0.4,0,cb,10.0,1122,1122,0,0,0
1LZ1,Y124F,0.4,0,centroid,6.0,242,243,0,1,1
1LZ1,Y124F,0.4,0,centroid,7.0,397,395,2,0,2
1LZ1,Y124F,0.4,0,centroid,8.0,561,560,1,0,1
1LZ1,Y124F,0.4,0,centroid,9.0,759,758,1,0,1
1LZ1,Y124F,0.4,0,centroid,10.0,1053,1053,1,1,2
1LZ1,Y124F,0.4,0,allatom,6.0,842,842,0,0,0
1LZ1,Y124F,0.4,0,allatom,7.0,1149,1148,2,1,3
1LZ1,Y124F,0.4,0,allatom,8.0,1508,1508,0,0,0
1LZ1,Y124F,0.4,0,allatom,9.0,1808,1808,2,2,4
1LZ1,Y124F,0.4,0,allatom,10.0,2152,2151,1,0,1
1LZ1,V125A,1.3,0,ca,6.0,362,362,0,0,0
1LZ1,V125A,1.3,0,ca,7.0,508,508,0,0,0
1LZ1,V125A,1.3,0,ca,8.0,626,626,0,0,0
1LZ1,V125A,1.3,0,ca,9.0,854,854,0,0,0
1LZ1,V125A,1.3,0,ca,10.0,1116,1116,0,0,0
1LZ1,V125A,1.3,0,cb,6.0,312,312,0,0,0
1LZ1,V125A,1.3,0,cb,7.0,466,466,0,0,0
1LZ1,V125A,1.3,0,cb,8.0,649,649,0,0,0
1LZ1,V125A,1.3,0,cb,9.0,834,834,0,0,0
1LZ1,V125A,1.3,0,cb,10.0,1122,1122,0,0,0
1LZ1,V125A,1.3,0,centroid,6.0,242,242,0,0,0
1LZ1,V125A,1.3,0,centroid,7.0,397,398,0,1,1
1LZ1,V125A,1.3,0,centroid,8.0,561,560,2,1,3
1LZ1,V125A,1.3,0,centroid,9.0,759,759,0,0,0
1LZ1,V125A,1.3,0,centroid,10.0,1053,1051,2,0,2
1LZ1,V125A,1.3,0,allatom,6.0,842,842,0,0,0
1LZ1,V125A,1.3,0,allatom,7.0,1149,1147,2,0,2
1LZ1,V125A,1.3,0,allatom,8.0,1508,1505,3,0,3
1LZ1,V125A,1.3,0,allatom,9.0,1808,1807,1,0,1
1LZ1,V125A,1.3,0,allatom,10.0,2152,2147,5,0,5
1LZ1,V130A,0.8,0,ca,6.0,362,362,0,0,0
1LZ1,V130A,0.8,0,ca,7.0,508,508,0,0,0
1LZ1,V130A,0.8,0,ca,8.0,626,626,0,0,0
1LZ1,V130A,0.8,0,ca,9.0,854,854,0,0,0
1LZ1,V130A,0.8,0,ca,10.0,1116,1116,0,0,0
1LZ1,V130A,0.8,0,cb,6.0,312,312,0,0,0
1LZ1,V130A,0.8,0,cb,7.0,466,466,0,0,0
1LZ1,V130A,0.8,0,cb,8.0,649,649,0,0,0
1LZ1,V130A,0.8,0,cb,9.0,834,834,0,0,0
1LZ1,V130A,0.8,0,cb,10.0,1122,1122,0,0,0
1LZ1,V130A,0.8,0,centroid,6.0,242,242,1,1,2
1LZ1,V130A,0.8,0,centroid,7.0,397,398,0,1,1
1LZ1,V130A,0.8,0,centroid,8.0,561,558,3,0,3
1LZ1,V130A,0.8,0,centroid,9.0,759,760,2,3,5
1LZ1,V130A,0.8,0,centroid,10.0,1053,1049,4,0,4
1LZ1,V130A,0.8,0,allatom,6.0,842,840,2,0,2
1LZ1,V130A,0.8,0,allatom,7.0,1149,1144,6,1,7
1LZ1,V130A,0.8,0,allatom,8.0,1508,1503,6,1,7
1LZ1,V130A,0.8,0,allatom,9.0,1808,1807,1,0,1
1LZ1,V130A,0.8,0,allatom,10.0,2152,2147,5,0,5
1OH0,Y32F,-0.2,0,ca,6.0,351,351,0,0,0
1OH0,Y32F,-0.2,0,ca,7.0,514,514,0,0,0
1OH0,Y32F,-0.2,0,ca,8.0,615,615,0,0,0
1OH0,Y32F,-0.2,0,ca,9.0,808,808,0,0,0
1OH0,Y32F,-0.2,0,ca,10.0,1052,1052,0,0,0
1OH0,Y32F,-0.2,0,cb,6.0,286,286,0,0,0
1OH0,Y32F,-0.2,0,cb,7.0,432,432,0,0,0
1OH0,Y32F,-0.2,0,cb,8.0,595,595,0,0,0
1OH0,Y32F,-0.2,0,cb,9.0,748,748,0,0,0
1OH0,Y32F,-0.2,0,cb,10.0,997,997,0,0,0
1OH0,Y32F,-0.2,0,centroid,6.0,211,210,1,0,1
1OH0,Y32F,-0.2,0,centroid,7.0,345,344,1,0,1
1OH0,Y32F,-0.2,0,centroid,8.0,489,489,0,0,0
1OH0,Y32F,-0.2,0,centroid,9.0,666,665,1,0,1
1OH0,Y32F,-0.2,0,centroid,10.0,923,924,0,1,1
1OH0,Y32F,-0.2,0,allatom,6.0,776,775,1,0,1
1OH0,Y32F,-0.2,0,allatom,7.0,995,993,3,1,4
1OH0,Y32F,-0.2,0,allatom,8.0,1336,1334,2,0,2
1OH0,Y32F,-0.2,0,allatom,9.0,1609,1609,1,1,2
1OH0,Y32F,-0.2,0,allatom,10.0,1949,1949,1,1,2
1OH0,Y57F,1.2,0,ca,6.0,351,351,0,0,0
1OH0,Y57F,1.2,0,ca,7.0,514,514,0,0,0
1OH0,Y57F,1.2,0,ca,8.0,615,615,0,0,0
1OH0,Y57F,1.2,0,ca,9.0,808,808,0,0,0
1OH0,Y57F,1.2,0,ca,10.0,1052,1052,0,0,0
1OH0,Y57F,1.2,0,cb,6.0,286,286,0,0,0
1OH0,Y57F,1.2,0,cb,7.0,432,432,0,0,0
1OH0,Y57F,1.2,0,cb,8.0,595,595,0,0,0
1OH0,Y57F,1.2,0,cb,9.0,748,748,0,0,0
1OH0,Y57F,1.2,0,cb,10.0,997,997,0,0,0
1OH0,Y57F,1.2,0,centroid,6.0,211,212,0,1,1
1OH0,Y57F,1.2,0,centroid,7.0,345,345,2,2,4
1OH0,Y57F,1.2,0,centroid,8.0,489,490,0,1,1
1OH0,Y57F,1.2,0,centroid,9.0,666,667,1,2,3
1OH0,Y57F,1.2,0,centroid,10.0,923,922,2,1,3
1OH0,Y57F,1.2,0,allatom,6.0,776,773,3,0,3
1OH0,Y57F,1.2,0,allatom,7.0,995,993,3,1,4
1OH0,Y57F,1.2,0,allatom,8.0,1336,1332,6,2,8
1OH0,Y57F,1.2,0,allatom,9.0,1609,1605,4,0,4
1OH0,Y57F,1.2,0,allatom,10.0,1949,1944,7,2,9
1RN1,Q25K,-1.4,0,ca,6.0,250,250,0,0,0
1RN1,Q25K,-1.4,0,ca,7.0,371,371,0,0,0
1RN1,Q25K,-1.4,0,ca,8.0,472,472,0,0,0
1RN1,Q25K,-1.4,0,ca,9.0,631,631,0,0,0
1RN1,Q25K,-1.4,0,ca,10.0,865,865,0,0,0
1RN1,Q25K,-1.4,0,cb,6.0,221,221,0,0,0
1RN1,Q25K,-1.4,0,cb,7.0,338,338,0,0,0
1RN1,Q25K,-1.4,0,cb,8.0,478,478,0,0,0
1RN1,Q25K,-1.4,0,cb,9.0,635,635,0,0,0
1RN1,Q25K,-1.4,0,cb,10.0,840,840,0,0,0
1RN1,Q25K,-1.4,0,centroid,6.0,182,181,4,3,7
1RN1,Q25K,-1.4,0,centroid,7.0,296,293,6,3,9
1RN1,Q25K,-1.4,0,centroid,8.0,430,428,4,2,6
1RN1,Q25K,-1.4,0,centroid,9.0,592,589,3,0,3
1RN1,Q25K,-1.4,0,centroid,10.0,792,788,8,4,12
1RN1,Q25K,-1.4,0,allatom,6.0,611,611,0,0,0
1RN1,Q25K,-1.4,0,allatom,7.0,830,834,0,4,4
1RN1,Q25K,-1.4,0,allatom,8.0,1118,1120,1,3,4
1RN1,Q25K,-1.4,0,allatom,9.0,1348,1350,0,2,2
1RN1,Q25K,-1.4,0,allatom,10.0,1606,1606,1,1,2
1VQB,I47L,0.4,0,ca,6.0,194,194,0,0,0
1VQB,I47L,0.4,0,ca,7.0,303,303,0,0,0
1VQB,I47L,0.4,0,ca,8.0,361,361,0,0,0
1VQB,I47L,0.4,0,ca,9.0,445,445,0,0,0
1VQB,I47L,0.4,0,ca,10.0,571,571,0,0,0
1VQB,I47L,0.4,0,cb,6.0,163,163,0,0,0
1VQB,I47L,0.4,0,cb,7.0,241,241,0,0,0
1VQB,I47L,0.4,0,cb,8.0,337,337,0,0,0
1VQB,I47L,0.4,0,cb,9.0,428,428,0,0,0
1VQB,I47L,0.4,0,cb,10.0,520,520,0,0,0
1VQB,I47L,0.4,0,centroid,6.0,120,119,3,2,5
1VQB,I47L,0.4,0,centroid,7.0,188,188,2,2,4
1VQB,I47L,0.4,0,centroid,8.0,276,277,3,4,7
1VQB,I47L,0.4,0,centroid,9.0,379,376,6,3,9
1VQB,I47L,0.4,0,centroid,10.0,491,491,3,3,6
1VQB,I47L,0.4,0,allatom,6.0,431,433,0,2,2
1VQB,I47L,0.4,0,allatom,7.0,540,541,4,5,9
1VQB,I47L,0.4,0,allatom,8.0,709,714,0,5,5
1VQB,I47L,0.4,0,allatom,9.0,865,867,1,3,4
1VQB,I47L,0.4,0,allatom,10.0,1000,1002,3,5,8
1VQB,I47M,1.7,0,ca,6.0,194,194,0,0,0
1VQB,I47M,1.7,0,ca,7.0,303,303,0,0,0
1VQB,I47M,1.7,0,ca,8.0,361,361,0,0,0
1VQB,I47M,1.7,0,ca,9.0,445,445,0,0,0
1VQB,I47M,1.7,0,ca,10.0,571,571,0,0,0
1VQB,I47M,1.7,0,cb,6.0,163,163,0,0,0
1VQB,I47M,1.7,0,cb,7.0,241,241,0,0,0
1VQB,I47M,1.7,0,cb,8.0,337,337,0,0,0
1VQB,I47M,1.7,0,cb,9.0,428,428,0,0,0
1VQB,I47M,1.7,0,cb,10.0,520,520,0,0,0
1VQB,I47M,1.7,0,centroid,6.0,120,117,3,0,3
1VQB,I47M,1.7,0,centroid,7.0,188,188,2,2,4
1VQB,I47M,1.7,0,centroid,8.0,276,276,1,1,2
1VQB,I47M,1.7,0,centroid,9.0,379,376,6,3,9
1VQB,I47M,1.7,0,centroid,10.0,491,488,3,0,3
1VQB,I47M,1.7,0,allatom,6.0,431,432,0,1,1
1VQB,I47M,1.7,0,allatom,7.0,540,542,4,6,10
1VQB,I47M,1.7,0,allatom,8.0,709,717,0,8,8
1VQB,I47M,1.7,0,allatom,9.0,865,868,1,4,5
1VQB,I47M,1.7,0,allatom,10.0,1000,1003,2,5,7
1VQB,I47V,2.0,0,ca,6.0,194,194,0,0,0
1VQB,I47V,2.0,0,ca,7.0,303,303,0,0,0
1VQB,I47V,2.0,0,ca,8.0,361,361,0,0,0
1VQB,I47V,2.0,0,ca,9.0,445,445,0,0,0
1VQB,I47V,2.0,0,ca,10.0,571,571,0,0,0
1VQB,I47V,2.0,0,cb,6.0,163,163,0,0,0
1VQB,I47V,2.0,0,cb,7.0,241,241,0,0,0
1VQB,I47V,2.0,0,cb,8.0,337,337,0,0,0
1VQB,I47V,2.0,0,cb,9.0,428,428,0,0,0
1VQB,I47V,2.0,0,cb,10.0,520,520,0,0,0
1VQB,I47V,2.0,0,centroid,6.0,120,115,5,0,5
1VQB,I47V,2.0,0,centroid,7.0,188,187,2,1,3
1VQB,I47V,2.0,0,centroid,8.0,276,275,2,1,3
1VQB,I47V,2.0,0,centroid,9.0,379,375,4,0,4
1VQB,I47V,2.0,0,centroid,10.0,491,490,1,0,1
1VQB,I47V,2.0,0,allatom,6.0,431,432,1,2,3
1VQB,I47V,2.0,0,allatom,7.0,540,540,2,2,4
1VQB,I47V,2.0,0,allatom,8.0,709,711,1,3,4
1VQB,I47V,2.0,0,allatom,9.0,865,861,4,0,4
1VQB,I47V,2.0,0,allatom,10.0,1000,994,7,1,8
1VQB,V35I,0.6,0,ca,6.0,194,194,0,0,0
1VQB,V35I,0.6,0,ca,7.0,303,303,0,0,0
1VQB,V35I,0.6,0,ca,8.0,361,361,0,0,0
1VQB,V35I,0.6,0,ca,9.0,445,445,0,0,0
1VQB,V35I,0.6,0,ca,10.0,571,571,0,0,0
1VQB,V35I,0.6,0,cb,6.0,163,163,0,0,0
1VQB,V35I,0.6,0,cb,7.0,241,241,0,0,0
1VQB,V35I,0.6,0,cb,8.0,337,337,0,0,0
1VQB,V35I,0.6,0,cb,9.0,428,428,0,0,0
1VQB,V35I,0.6,0,cb,10.0,520,520,0,0,0
1VQB,V35I,0.6,0,centroid,6.0,120,119,1,0,1
1VQB,V35I,0.6,0,centroid,7.0,188,188,1,1,2
1VQB,V35I,0.6,0,centroid,8.0,276,274,2,0,2
1VQB,V35I,0.6,0,centroid,9.0,379,376,3,0,3
1VQB,V35I,0.6,0,centroid,10.0,491,489,3,1,4
1VQB,V35I,0.6,0,allatom,6.0,431,432,0,1,1
1VQB,V35I,0.6,0,allatom,7.0,540,541,0,1,1
1VQB,V35I,0.6,0,allatom,8.0,709,712,0,3,3
1VQB,V35I,0.6,0,allatom,9.0,865,866,0,1,1
1VQB,V35I,0.6,0,allatom,10.0,1000,1003,0,3,3
1VQB,Y41F,3.2,0,ca,6.0,194,194,0,0,0
1VQB,Y41F,3.2,0,ca,7.0,303,303,0,0,0
1VQB,Y41F,3.2,0,ca,8.0,361,361,0,0,0
1VQB,Y41F,3.2,0,ca,9.0,445,445,0,0,0
1VQB,Y41F,3.2,0,ca,10.0,571,571,0,0,0
1VQB,Y41F,3.2,0,cb,6.0,163,163,0,0,0
1VQB,Y41F,3.2,0,cb,7.0,241,241,0,0,0
1VQB,Y41F,3.2,0,cb,8.0,337,337,0,0,0
1VQB,Y41F,3.2,0,cb,9.0,428,428,0,0,0
1VQB,Y41F,3.2,0,cb,10.0,520,520,0,0,0
1VQB,Y41F,3.2,0,centroid,6.0,120,119,1,0,1
1VQB,Y41F,3.2,0,centroid,7.0,188,189,1,2,3
1VQB,Y41F,3.2,0,centroid,8.0,276,277,1,2,3
1VQB,Y41F,3.2,0,centroid,9.0,379,380,2,3,5
1VQB,Y41F,3.2,0,centroid,10.0,491,493,1,3,4
1VQB,Y41F,3.2,0,allatom,6.0,431,432,0,1,1
1VQB,Y41F,3.2,0,allatom,7.0,540,540,0,0,0
1VQB,Y41F,3.2,0,allatom,8.0,709,709,0,0,0
1VQB,Y41F,3.2,0,allatom,9.0,865,865,0,0,0
1VQB,Y41F,3.2,0,allatom,10.0,1000,1000,0,0,0
2LZM,I3L,-0.7,0,ca,6.0,474,474,0,0,0
2LZM,I3L,-0.7,0,ca,7.0,631,631,0,0,0
2LZM,I3L,-0.7,0,ca,8.0,753,753,0,0,0
2LZM,I3L,-0.7,0,ca,9.0,1018,1018,0,0,0
2LZM,I3L,-0.7,0,ca,10.0,1347,1347,0,0,0
2LZM,I3L,-0.7,0,cb,6.0,372,372,0,0,0
2LZM,I3L,-0.7,0,cb,7.0,565,565,0,0,0
2LZM,I3L,-0.7,0,cb,8.0,784,784,0,0,0
2LZM,I3L,-0.7,0,cb,9.0,995,995,0,0,0
2LZM,I3L,-0.7,0,cb,10.0,1321,1321,0,0,0
2LZM,I3L,-0.7,0,centroid,6.0,293,292,2,1,3
2LZM,I3L,-0.7,0,centroid,7.0,486,487,1,2,3
2LZM,I3L,-0.7,0,centroid,8.0,675,676,1,2,3
2LZM,I3L,-0.7,0,centroid,9.0,927,930,1,4,5
2LZM,I3L,-0.7,0,centroid,10.0,1265,1267,0,2,2
2LZM,I3L,-0.7,0,allatom,6.0,1035,1037,1,3,4
2LZM,I3L,-0.7,0,allatom,7.0,1383,1390,1,8,9
2LZM,I3L,-0.7,0,allatom,8.0,1845,1842,5,2,7
2LZM,I3L,-0.7,0,allatom,9.0,2267,2270,1,4,5
2LZM,I3L,-0.7,0,allatom,10.0,2681,2683,1,3,4
2LZM,I3C,0.0,0,ca,6.0,474,474,0,0,0
2LZM,I3C,0.0,0,ca,7.0,631,631,0,0,0
2LZM,I3C,0.0,0,ca,8.0,753,753,0,0,0
2LZM,I3C,0.0,0,ca,9.0,1018,1018,0,0,0
2LZM,I3C,0.0,0,ca,10.0,1347,1347,0,0,0
2LZM,I3C,0.0,0,cb,6.0,372,372,0,0,0
2LZM,I3C,0.0,0,cb,7.0,565,565,0,0,0
2LZM,I3C,0.0,0,cb,8.0,784,784,0,0,0
2LZM,I3C,0.0,0,cb,9.0,995,995,0,0,0
2LZM,I3C,0.0,0,cb,10.0,1321,1321,0,0,0
2LZM,I3C,0.0,0,centroid,6.0,293,292,1,0,1
2LZM,I3C,0.0,0,centroid,7.0,486,486,0,0,0
2LZM,I3C,0.0,0,centroid,8.0,675,677,0,2,2
2LZM,I3C,0.0,0,centroid,9.0,927,929,0,2,2
2LZM,I3C,0.0,0,centroid,10.0,1265,1265,2,2,4
2LZM,I3C,0.0,0,allatom,6.0,1035,1033,2,0,2
2LZM,I3C,0.0,0,allatom,7.0,1383,1381,3,1,4
2LZM,I3C,0.0,0,allatom,8.0,1845,1844,2,1,3
2LZM,I3C,0.0,0,allatom,9.0,2267,2263,4,0,4
2LZM,I3C,0.0,0,allatom,10.0,2681,2682,0,1,1
2LZM,I3P,3.0,0,ca,6.0,474,474,0,0,0
2LZM,I3P,3.0,0,ca,7.0,631,631,0,0,0
2LZM,I3P,3.0,0,ca,8.0,753,753,0,0,0
2LZM,I3P,3.0,0,ca,9.0,1018,1018,0,0,0
2LZM,I3P,3.0,0,ca,10.0,1347,1347,0,0,0
2LZM,I3P,3.0,0,cb,6.0,372,372,0,0,0
2LZM,I3P,3.0,0,cb,7.0,565,565,0,0,0
2LZM,I3P,3.0,0,cb,8.0,784,784,0,0,0
2LZM,I3P,3.0,0,cb,9.0,995,995,0,0,0
2LZM,I3P,3.0,0,cb,10.0,1321,1321,0,0,0
2LZM,I3P,3.0,0,centroid,6.0,293,290,4,1,5
2LZM,I3P,3.0,0,centroid,7.0,486,485,1,0,1
2LZM,I3P,3.0,0,centroid,8.0,675,674,2,1,3
2LZM,I3P,3.0,0,centroid,9.0,927,929,3,5,8
2LZM,I3P,3.0,0,centroid,10.0,1265,1265,3,3,6
2LZM,I3P,3.0,0,allatom,6.0,1035,1032,3,0,3
2LZM,I3P,3.0,0,allatom,7.0,1383,1381,3,1,4
2LZM,I3P,3.0,0,allatom,8.0,1845,1840,5,0,5
2LZM,I3P,3.0,0,allatom,9.0,2267,2261,6,0,6
2LZM,I3P,3.0,0,allatom,10.0,2681,2680,2,1,3
2LZM,I3Y,2.3,0,ca,6.0,474,474,0,0,0
2LZM,I3Y,2.3,0,ca,7.0,631,631,0,0,0
2LZM,I3Y,2.3,0,ca,8.0,753,753,0,0,0
2LZM,I3Y,2.3,0,ca,9.0,1018,1018,0,0,0
2LZM,I3Y,2.3,0,ca,10.0,1347,1347,0,0,0
2LZM,I3Y,2.3,0,cb,6.0,372,372,0,0,0
2LZM,I3Y,2.3,0,cb,7.0,565,565,0,0,0
2LZM,I3Y,2.3,0,cb,8.0,784,784,0,0,0
2LZM,I3Y,2.3,0,cb,9.0,995,995,0,0,0
2LZM,I3Y,2.3,0,cb,10.0,1321,1321,0,0,0
2LZM,I3Y,2.3,0,centroid,6.0,293,290,4,1,5
2LZM,I3Y,2.3,0,centroid,7.0,486,484,2,0,2
2LZM,I3Y,2.3,0,centroid,8.0,675,672,3,0,3
2LZM,I3Y,2.3,0,centroid,9.0,927,923,5,1,6
2LZM,I3Y,2.3,0,centroid,10.0,1265,1264,4,3,7
2LZM,I3Y,2.3,0,allatom,6.0,1035,1032,3,0,3
2LZM,I3Y,2.3,0,allatom,7.0,1383,1381,4,2,6
2LZM,I3Y,2.3,0,allatom,8.0,1845,1839,7,1,8
2LZM,I3Y,2.3,0,allatom,9.0,2267,2260,8,1,9
2LZM,I3Y,2.3,0,allatom,10.0,2681,2680,2,1,3
2LZM,I3V,0.4,0,ca,6.0,474,474,0,0,0
2LZM,I3V,0.4,0,ca,7.0,631,631,0,0,0
2LZM,I3V,0.4,0,ca,8.0,753,753,0,0,0
2LZM,I3V,0.4,0,ca,9.0,1018,1018,0,0,0
2LZM,I3V,0.4,0,ca,10.0,1347,1347,0,0,0
2LZM,I3V,0.4,0,cb,6.0,372,372,0,0,0
2LZM,I3V,0.4,0,cb,7.0,565,565,0,0,0
2LZM,I3V,0.4,0,cb,8.0,784,784,0,0,0
2LZM,I3V,0.4,0,cb,9.0,995,995,0,0,0
2LZM,I3V,0.4,0,cb,10.0,1321,1320,1,0,1
2LZM,I3V,0.4,0,centroid,6.0,293,293,1,1,2
2LZM,I3V,0.4,0,centroid,7.0,486,486,0,0,0
2LZM,I3V,0.4,0,centroid,8.0,675,675,1,1,2
2LZM,I3V,0.4,0,centroid,9.0,927,929,0,2,2
2LZM,I3V,0.4,0,centroid,10.0,1265,1265,2,2,4
2LZM,I3V,0.4,0,allatom,6.0,1035,1033,2,0,2
2LZM,I3V,0.4,0,allatom,7.0,1383,1380,4,1,5
2LZM,I3V,0.4,0,allatom,8.0,1845,1841,4,0,4
2LZM,I3V,0.4,0,allatom,9.0,2267,2263,4,0,4
2LZM,I3V,0.4,0,allatom,10.0,2681,2682,0,1,1
2LZM,M6I,1.4,0,ca,6.0,474,474,0,0,0
2LZM,M6I,1.4,0,ca,7.0,631,631,0,0,0
2LZM,M6I,1.4,0,ca,8.0,753,753,0,0,0
2LZM,M6I,1.4,0,ca,9.0,1018,1018,0,0,0
2LZM,M6I,1.4,0,ca,10.0,1347,1347,0,0,0
2LZM,M6I,1.4,0,cb,6.0,372,372,0,0,0
2LZM,M6I,1.4,0,cb,7.0,565,565,0,0,0
2LZM,M6I,1.4,0,cb,8.0,784,784,0,0,0
2LZM,M6I,1.4,0,cb,9.0,995,995,0,0,0
2LZM,M6I,1.4,0,cb,10.0,1321,1321,0,0,0
2LZM,M6I,1.4,0,centroid,6.0,293,295,0,2,2
2LZM,M6I,1.4,0,centroid,7.0,486,486,2,2,4
2LZM,M6I,1.4,0,centroid,8.0,675,676,1,2,3
2LZM,M6I,1.4,0,centroid,9.0,927,930,0,3,3
2LZM,M6I,1.4,0,centroid,10.0,1265,1271,0,6,6
2LZM,M6I,1.4,0,allatom,6.0,1035,1034,2,1,3
2LZM,M6I,1.4,0,allatom,7.0,1383,1380,4,1,5
2LZM,M6I,1.4,0,allatom,8.0,1845,1846,4,5,9
2LZM,M6I,1.4,0,allatom,9.0,2267,2262,7,2,9
2LZM,M6I,1.4,0,allatom,10.0,2681,2676,7,2,9
2LZM,K16E,-0.5,0,ca,6.0,474,474,0,0,0
2LZM,K16E,-0.5,0,ca,7.0,631,631,0,0,0
2LZM,K16E,-0.5,0,ca,8.0,753,753,0,0,0
2LZM,K16E,-0.5,0,ca,9.0,1018,1018,0,0,0
2LZM,K16E,-0.5,0,ca,10.0,1347,1347,0,0,0
2LZM,K16E,-0.5,0,cb,6.0,372,372,0,0,0
2LZM,K16E,-0.5,0,cb,7.0,565,565,0,0,0
2LZM,K16E,-0.5,0,cb,8.0,784,784,0,0,0
2LZM,K16E,-0.5,0,cb,9.0,995,995,0,0,0
2LZM,K16E,-0.5,0,cb,10.0,1321,1321,0,0,0
2LZM,K16E,-0.5,0,centroid,6.0,293,291,2,0,2
2LZM,K16E,-0.5,0,centroid,7.0,486,485,3,2,5
2LZM,K16E,-0.5,0,centroid,8.0,675,675,3,3,6
2LZM,K16E,-0.5,0,centroid,9.0,927,926,4,3,7
2LZM,K16E,-0.5,0,centroid,10.0,1265,1263,6,4,10
2LZM,K16E,-0.5,0,allatom,6.0,1035,1033,2,0,2
2LZM,K16E,-0.5,0,allatom,7.0,1383,1380,4,1,5
2LZM,K16E,-0.5,0,allatom,8.0,1845,1842,3,0,3
2LZM,K16E,-0.5,0,allatom,9.0,2267,2267,0,0,0
2LZM,K16E,-0.5,0,allatom,10.0,2681,2681,0,0,0
2LZM,S38D,-0.6,0,ca,6.0,474,474,0,0,0
2LZM,S38D,-0.6,0,ca,7.0,631,631,0,0,0
2LZM,S38D,-0.6,0,ca,8.0,753,753,0,0,0
2LZM,S38D,-0.6,0,ca,9.0,1018,1018,0,0,0
2LZM,S38D,-0.6,0,ca,10.0,1347,1347,0,0,0
2LZM,S38D,-0.6,0,cb,6.0,372,372,0,0,0
2LZM,S38D,-0.6,0,cb,7.0,565,565,0,0,0
2LZM,S38D,-0.6,0,cb,8.0,784,784,0,0,0
2LZM,S38D,-0.6,0,cb,9.0,995,995,0,0,0
2LZM,S38D,-0.6,0,cb,10.0,1321,1321,0,0,0
2LZM,S38D,-0.6,0,centroid,6.0,293,291,2,0,2
2LZM,S38D,-0.6,0,centroid,7.0,486,486,2,2,4
2LZM,S38D,-0.6,0,centroid,8.0,675,674,1,0,1
2LZM,S38D,-0.6,0,centroid,9.0,927,927,1,1,2
2LZM,S38D,-0.6,0,centroid,10.0,1265,1265,0,0,0
2LZM,S38D,-0.6,0,allatom,6.0,1035,1035,0,0,0
2LZM,S38D,-0.6,0,allatom,7.0,1383,1382,1,0,1
2LZM,S38D,-0.6,0,allatom,8.0,1845,1845,0,0,0
2LZM,S38D,-0.6,0,allatom,9.0,2267,2267,0,0,0
2LZM,S38D,-0.6,0,allatom,10.0,2681,2681,0,0,0
2LZM,N55G,0.6,1,ca,6.0,474,474,0,0,0
2LZM,N55G,0.6,1,ca,7.0,631,631,0,0,0
2LZM,N55G,0.6,1,ca,8.0,753,753,0,0,0
2LZM,N55G,0.6,1,ca,9.0,1018,1018,0,0,0
2LZM,N55G,0.6,1,ca,10.0,1347,1347,0,0,0
2LZM,N55G,0.6,1,cb,6.0,372,373,0,1,1
2LZM,N55G,0.6,1,cb,7.0,565,566,0,1,1
2LZM,N55G,0.6,1,cb,8.0,784,786,0,2,2
2LZM,N55G,0.6,1,cb,9.0,995,996,0,1,1
2LZM,N55G,0.6,1,cb,10.0,1321,1323,0,2,2
2LZM,N55G,0.6,1,centroid,6.0,293,295,1,3,4
2LZM,N55G,0.6,1,centroid,7.0,486,489,0,3,3
2LZM,N55G,0.6,1,centroid,8.0,675,677,0,2,2
2LZM,N55G,0.6,1,centroid,9.0,927,929,2,4,6
2LZM,N55G,0.6,1,centroid,10.0,1265,1265,2,2,4
2LZM,N55G,0.6,1,allatom,6.0,1035,1034,1,0,1
2LZM,N55G,0.6,1,allatom,7.0,1383,1381,2,0,2
2LZM,N55G,0.6,1,allatom,8.0,1845,1845,0,0,0
2LZM,N55G,0.6,1,allatom,9.0,2267,2266,1,0,1
2LZM,N55G,0.6,1,allatom,10.0,2681,2681,0,0,0
2LZM,K60P,0.0,0,ca,6.0,474,474,0,0,0
2LZM,K60P,0.0,0,ca,7.0,631,631,0,0,0
2LZM,K60P,0.0,0,ca,8.0,753,753,0,0,0
2LZM,K60P,0.0,0,ca,9.0,1018,1018,0,0,0
2LZM,K60P,0.0,0,ca,10.0,1347,1347,0,0,0
2LZM,K60P,0.0,0,cb,6.0,372,372,0,0,0
2LZM,K60P,0.0,0,cb,7.0,565,565,0,0,0
2LZM,K60P,0.0,0,cb,8.0,784,784,0,0,0
2LZM,K60P,0.0,0,cb,9.0,995,995,0,0,0
2LZM,K60P,0.0,0,cb,10.0,1321,1321,0,0,0
2LZM,K60P,0.0,0,centroid,6.0,293,295,2,4,6
2LZM,K60P,0.0,0,centroid,7.0,486,487,0,1,1
2LZM,K60P,0.0,0,centroid,8.0,675,677,1,3,4
2LZM,K60P,0.0,0,centroid,9.0,927,927,2,2,4
2LZM,K60P,0.0,0,centroid,10.0,1265,1266,2,3,5
2LZM,K60P,0.0,0,allatom,6.0,1035,1034,1,0,1
2LZM,K60P,0.0,0,allatom,7.0,1383,1382,1,0,1
2LZM,K60P,0.0,0,allatom,8.0,1845,1844,1,0,1
2LZM,K60P,0.0,0,allatom,9.0,2267,2267,0,0,0
2LZM,K60P,0.0,0,allatom,10.0,2681,2681,0,0,0
2LZM,G77A,-0.4,1,ca,6.0,474,474,0,0,0
2LZM,G77A,-0.4,1,ca,7.0,631,631,0,0,0
2LZM,G77A,-0.4,1,ca,8.0,753,753,0,0,0
2LZM,G77A,-0.4,1,ca,9.0,1018,1018,0,0,0
2LZM,G77A,-0.4,1,ca,10.0,1347,1347,0,0,0
2LZM,G77A,-0.4,1,cb,6.0,372,373,0,1,1
2LZM,G77A,-0.4,1,cb,7.0,565,564,2,1,3
2LZM,G77A,-0.4,1,cb,8.0,784,785,0,1,1
2LZM,G77A,-0.4,1,cb,9.0,995,994,1,0,1
2LZM,G77A,-0.4,1,cb,10.0,1321,1324,1,4,5
2LZM,G77A,-0.4,1,centroid,6.0,293,295,2,4,6
2LZM,G77A,-0.4,1,centroid,7.0,486,480,7,1,8
2LZM,G77A,-0.4,1,centroid,8.0,675,674,6,5,11
2LZM,G77A,-0.4,1,centroid,9.0,927,927,2,2,4
2LZM,G77A,-0.4,1,centroid,10.0,1265,1264,6,5,11
2LZM,G77A,-0.4,1,allatom,6.0,1035,1032,4,1,5
2LZM,G77A,-0.4,1,allatom,7.0,1383,1379,5,1,6
2LZM,G77A,-0.4,1,allatom,8.0,1845,1843,3,1,4
2LZM,G77A,-0.4,1,allatom,9.0,2267,2267,2,2,4
2LZM,G77A,-0.4,1,allatom,10.0,2681,2680,4,3,7
2LZM,A82P,-0.8,0,ca,6.0,474,474,0,0,0
2LZM,A82P,-0.8,0,ca,7.0,631,631,0,0,0
2LZM,A82P,-0.8,0,ca,8.0,753,753,0,0,0
2LZM,A82P,-0.8,0,ca,9.0,1018,1018,0,0,0
2LZM,A82P,-0.8,0,ca,10.0,1347,1347,0,0,0
2LZM,A82P,-0.8,0,cb,6.0,372,372,0,0,0
2LZM,A82P,-0.8,0,cb,7.0,565,565,0,0,0
2LZM,A82P,-0.8,0,cb,8.0,784,784,0,0,0
2LZM,A82P,-0.8,0,cb,9.0,995,995,0,0,0
2LZM,A82P,-0.8,0,cb,10.0,1321,1321,0,0,0
2LZM,A82P,-0.8,0,centroid,6.0,293,291,2,0,2
2LZM,A82P,-0.8,0,centroid,7.0,486,489,1,4,5
2LZM,A82P,-0.8,0,centroid,8.0,675,677,0,2,2
2LZM,A82P,-0.8,0,centroid,9.0,927,929,0,2,2
2LZM,A82P,-0.8,0,centroid,10.0,1265,1269,0,4,4
2LZM,A82P,-0.8,0,allatom,6.0,1035,1038,0,3,3
2LZM,A82P,-0.8,0,allatom,7.0,1383,1386,0,3,3
2LZM,A82P,-0.8,0,allatom,8.0,1845,1845,2,2,4
2LZM,A82P,-0.8,0,allatom,9.0,2267,2269,0,2,2
2LZM,A82P,-0.8,0,allatom,10.0,2681,2681,0,0,0
2LZM,K85A,0.6,0,ca,6.0,474,474,0,0,0
2LZM,K85A,0.6,0,ca,7.0,631,631,0,0,0
2LZM,K85A,0.6,0,ca,8.0,753,753,0,0,0
2LZM,K85A,0.6,0,ca,9.0,1018,1018,0,0,0
2LZM,K85A,0.6,0,ca,10.0,1347,1347,0,0,0
2LZM,K85A,0.6,0,cb,6.0,372,372,0,0,0
2LZM,K85A,0.6,0,cb,7.0,565,565,0,0,0
2LZM,K85A,0.6,0,cb,8.0,784,784,0,0,0
2LZM,K85A,0.6,0,cb,9.0,995,995,0,0,0
2LZM,K85A,0.6,0,cb,10.0,1321,1321,0,0,0
2LZM,K85A,0.6,0,centroid,6.0,293,292,1,0,1
2LZM,K85A,0.6,0,centroid,7.0,486,488,2,4,6
2LZM,K85A,0.6,0,centroid,8.0,675,680,0,5,5
2LZM,K85A,0.6,0,centroid,9.0,927,929,1,3,4
2LZM,K85A,0.6,0,centroid,10.0,1265,1273,0,8,8
2LZM,K85A,0.6,0,allatom,6.0,1035,1035,0,0,0
2LZM,K85A,0.6,0,allatom,7.0,1383,1383,0,0,0
2LZM,K85A,0.6,0,allatom,8.0,1845,1845,0,0,0
2LZM,K85A,0.6,0,allatom,9.0,2267,2265,2,0,2
2LZM,K85A,0.6,0,allatom,10.0,2681,2682,0,1,1
2LZM,D89A,0.5,0,ca,6.0,474,474,0,0,0
2LZM,D89A,0.5,0,ca,7.0,631,631,0,0,0
2LZM,D89A,0.5,0,ca,8.0,753,753,0,0,0
2LZM,D89A,0.5,0,ca,9.0,1018,1018,0,0,0
2LZM,D89A,0.5,0,ca,10.0,1347,1347,0,0,0
2LZM,D89A,0.5,0,cb,6.0,372,372,0,0,0
2LZM,D89A,0.5,0,cb,7.0,565,565,0,0,0
2LZM,D89A,0.5,0,cb,8.0,784,784,0,0,0
2LZM,D89A,0.5,0,cb,9.0,995,995,0,0,0
2LZM,D89A,0.5,0,cb,10.0,1321,1321,0,0,0
2LZM,D89A,0.5,0,centroid,6.0,293,294,0,1,1
2LZM,D89A,0.5,0,centroid,7.0,486,487,1,2,3
2LZM,D89A,0.5,0,centroid,8.0,675,675,1,1,2
2LZM,D89A,0.5,0,centroid,9.0,927,928,0,1,1
2LZM,D89A,0.5,0,centroid,10.0,1265,1266,0,1,1
2LZM,D89A,0.5,0,allatom,6.0,1035,1034,1,0,1
2LZM,D89A,0.5,0,allatom,7.0,1383,1383,0,0,0
2LZM,D89A,0.5,0,allatom,8.0,1845,1845,0,0,0
2LZM,D89A,0.5,0,allatom,9.0,2267,2264,3,0,3
2LZM,D89A,0.5,0,allatom,10.0,2681,2680,1,0,1
2LZM,R96A,2.0,0,ca,6.0,474,474,0,0,0
2LZM,R96A,2.0,0,ca,7.0,631,631,0,0,0
2LZM,R96A,2.0,0,ca,8.0,753,753,0,0,0
2LZM,R96A,2.0,0,ca,9.0,1018,1018,0,0,0
2LZM,R96A,2.0,0,ca,10.0,1347,1347,0,0,0
2LZM,R96A,2.0,0,cb,6.0,372,372,0,0,0
2LZM,R96A,2.0,0,cb,7.0,565,565,0,0,0
2LZM,R96A,2.0,0,cb,8.0,784,784,0,0,0
2LZM,R96A,2.0,0,cb,9.0,995,995,0,0,0
2LZM,R96A,2.0,0,cb,10.0,1321,1321,0,0,0
2LZM,R96A,2.0,0,centroid,6.0,293,294,2,3,5
2LZM,R96A,2.0,0,centroid,7.0,486,486,3,3,6
2LZM,R96A,2.0,0,centroid,8.0,675,677,3,5,8
2LZM,R96A,2.0,0,centroid,9.0,927,929,6,8,14
2LZM,R96A,2.0,0,centroid,10.0,1265,1272,0,7,7
2LZM,R96A,2.0,0,allatom,6.0,1035,1035,2,2,4
2LZM,R96A,2.0,0,allatom,7.0,1383,1381,3,1,4
2LZM,R96A,2.0,0,allatom,8.0,1845,1842,4,1,5
2LZM,R96A,2.0,0,allatom,9.0,2267,2260,7,0,7
2LZM,R96A,2.0,0,allatom,10.0,2681,2681,2,2,4
2LZM,R96D,3.5,0,ca,6.0,474,474,0,0,0
2LZM,R96D,3.5,0,ca,7.0,631,631,0,0,0
2LZM,R96D,3.5,0,ca,8.0,753,753,0,0,0
2LZM,R96D,3.5,0,ca,9.0,1018,1018,0,0,0
2LZM,R96D,3.5,0,ca,10.0,1347,1347,0,0,0
2LZM,R96D,3.5,0,cb,6.0,372,372,0,0,0
2LZM,R96D,3.5,0,cb,7.0,565,565,0,0,0
2LZM,R96D,3.5,0,cb,8.0,784,784,0,0,0
2LZM,R96D,3.5,0,cb,9.0,995,995,0,0,0
2LZM,R96D,3.5,0,cb,10.0,1321,1321,0,0,0
2LZM,R96D,3.5,0,centroid,6.0,293,293,1,1,2
2LZM,R96D,3.5,0,centroid,7.0,486,487,2,3,5
2LZM,R96D,3.5,0,centroid,8.0,675,677,2,4,6
2LZM,R96D,3.5,0,centroid,9.0,927,929,3,5,8
2LZM,R96D,3.5,0,centroid,10.0,1265,1268,0,3,3
2LZM,R96D,3.5,0,allatom,6.0,1035,1036,1,2,3
2LZM,R96D,3.5,0,allatom,7.0,1383,1383,1,1,2
2LZM,R96D,3.5,0,allatom,8.0,1845,1844,2,1,3
2LZM,R96D,3.5,0,allatom,9.0,2267,2264,3,0,3
2LZM,R96D,3.5,0,allatom,10.0,2681,2680,2,1,3
2LZM,R96M,2.7,0,ca,6.0,474,474,0,0,0
2LZM,R96M,2.7,0,ca,7.0,631,631,0,0,0
2LZM,R96M,2.7,0,ca,8.0,753,753,0,0,0
2LZM,R96M,2.7,0,ca,9.0,1018,1018,0,0,0
2LZM,R96M,2.7,0,ca,10.0,1347,1347,0,0,0
2LZM,R96M,2.7,0,cb,6.0,372,372,0,0,0
2LZM,R96M,2.7,0,cb,7.0,565,565,0,0,0
2LZM,R96M,2.7,0,cb,8.0,784,784,0,0,0
2LZM,R96M,2.7,0,cb,9.0,995,995,0,0,0
2LZM,R96M,2.7,0,cb,10.0,1321,1321,0,0,0
2LZM,R96M,2.7,0,centroid,6.0,293,293,2,2,4
2LZM,R96M,2.7,0,centroid,7.0,486,484,3,1,4
2LZM,R96M,2.7,0,centroid,8.0,675,675,3,3,6
2LZM,R96M,2.7,0,centroid,9.0,927,927,5,5,10
2LZM,R96M,2.7,0,centroid,10.0,1265,1267,1,3,4
2LZM,R96M,2.7,0,allatom,6.0,1035,1036,1,2,3
2LZM,R96M,2.7,0,allatom,7.0,1383,1384,0,1,1
2LZM,R96M,2.7,0,allatom,8.0,1845,1845,2,2,4
2LZM,R96M,2.7,0,allatom,9.0,2267,2264,3,0,3
2LZM,R96M,2.7,0,allatom,10.0,2681,2681,1,1,2
2LZM,R96E,2.5,0,ca,6.0,474,474,0,0,0
2LZM,R96E,2.5,0,ca,7.0,631,631,0,0,0
2LZM,R96E,2.5,0,ca,8.0,753,753,0,0,0
2LZM,R96E,2.5,0,ca,9.0,1018,1018,0,0,0
2LZM,R96E,2.5,0,ca,10.0,1347,1347,0,0,0
2LZM,R96E,2.5,0,cb,6.0,372,372,0,0,0
2LZM,R96E,2.5,0,cb,7.0,565,565,0,0,0
2LZM,R96E,2.5,0,cb,8.0,784,784,0,0,0
2LZM,R96E,2.5,0,cb,9.0,995,995,0,0,0
2LZM,R96E,2.5,0,cb,10.0,1321,1321,0,0,0
2LZM,R96E,2.5,0,centroid,6.0,293,294,2,3,5
2LZM,R96E,2.5,0,centroid,7.0,486,486,1,1,2
2LZM,R96E,2.5,0,centroid,8.0,675,674,3,2,5
2LZM,R96E,2.5,0,centroid,9.0,927,929,2,4,6
2LZM,R96E,2.5,0,centroid,10.0,1265,1267,1,3,4
2LZM,R96E,2.5,0,allatom,6.0,1035,1037,1,3,4
2LZM,R96E,2.5,0,allatom,7.0,1383,1383,1,1,2
2LZM,R96E,2.5,0,allatom,8.0,1845,1841,5,1,6
2LZM,R96E,2.5,0,allatom,9.0,2267,2266,1,0,1
2LZM,R96E,2.5,0,allatom,10.0,2681,2681,2,2,4
2LZM,R96G,2.6,1,ca,6.0,474,474,0,0,0
2LZM,R96G,2.6,1,ca,7.0,631,631,0,0,0
2LZM,R96G,2.6,1,ca,8.0,753,753,0,0,0
2LZM,R96G,2.6,1,ca,9.0,1018,1018,0,0,0
2LZM,R96G,2.6,1,ca,10.0,1347,1347,0,0,0
2LZM,R96G,2.6,1,cb,6.0,372,373,1,2,3
2LZM,R96G,2.6,1,cb,7.0,565,565,1,1,2
2LZM,R96G,2.6,1,cb,8.0,784,784,0,0,0
2LZM,R96G,2.6,1,cb,9.0,995,998,0,3,3
2LZM,R96G,2.6,1,cb,10.0,1321,1324,0,3,3
2LZM,R96G,2.6,1,centroid,6.0,293,293,2,2,4
2LZM,R96G,2.6,1,centroid,7.0,486,491,0,5,5
2LZM,R96G,2.6,1,centroid,8.0,675,680,2,7,9
2LZM,R96G,2.6,1,centroid,9.0,927,927,7,7,14
2LZM,R96G,2.6,1,centroid,10.0,1265,1268,5,8,13
2LZM,R96G,2.6,1,allatom,6.0,1035,1033,2,0,2
2LZM,R96G,2.6,1,allatom,7.0,1383,1380,3,0,3
2LZM,R96G,2.6,1,allatom,8.0,1845,1838,8,1,9
2LZM,R96G,2.6,1,allatom,9.0,2267,2261,6,0,6
2LZM,R96G,2.6,1,allatom,10.0,2681,2677,4,0,4
2LZM,R96Q,0.3,0,ca,6.0,474,474,0,0,0
2LZM,R96Q,0.3,0,ca,7.0,631,631,0,0,0
2LZM,R96Q,0.3,0,ca,8.0,753,753,0,0,0
2LZM,R96Q,0.3,0,ca,9.0,1018,1018,0,0,0
2LZM,R96Q,0.3,0,ca,10.0,1347,1347,0,0,0
2LZM,R96Q,0.3,0,cb,6.0,372,372,0,0,0
2LZM,R96Q,0.3,0,cb,7.0,565,565,0,0,0
2LZM,R96Q,0.3,0,cb,8.0,784,784,0,0,0
2LZM,R96Q,0.3,0,cb,9.0,995,995,0,0,0
2LZM,R96Q,0.3,0,cb,10.0,1321,1321,0,0,0
2LZM,R96Q,0.3,0,centroid,6.0,293,292,1,0,1
2LZM,R96Q,0.3,0,centroid,7.0,486,484,3,1,4
2LZM,R96Q,0.3,0,centroid,8.0,675,676,2,3,5
2LZM,R96Q,0.3,0,centroid,9.0,927,927,3,3,6
2LZM,R96Q,0.3,0,centroid,10.0,1265,1266,1,2,3
2LZM,R96Q,0.3,0,allatom,6.0,1035,1035,0,0,0
2LZM,R96Q,0.3,0,allatom,7.0,1383,1384,0,1,1
2LZM,R96Q,0.3,0,allatom,8.0,1845,1844,1,0,1
2LZM,R96Q,0.3,0,allatom,9.0,2267,2264,3,0,3
2LZM,R96Q,0.3,0,allatom,10.0,2681,2680,1,0,1
2LZM,R96H,3.1,0,ca,6.0,474,474,0,0,0
2LZM,R96H,3.1,0,ca,7.0,631,631,0,0,0
2LZM,R96H,3.1,0,ca,8.0,753,753,0,0,0
2LZM,R96H,3.1,0,ca,9.0,1018,1018,0,0,0
2LZM,R96H,3.1,0,ca,10.0,1347,1347,0,0,0
2LZM,R96H,3.1,0,cb,6.0,372,372,0,0,0
2LZM,R96H,3.1,0,cb,7.0,565,565,0,0,0
2LZM,R96H,3.1,0,cb,8.0,784,784,0,0,0
2LZM,R96H,3.1,0,cb,9.0,995,995,0,0,0
2LZM,R96H,3.1,0,cb,10.0,1321,1321,0,0,0
2LZM,R96H,3.1,0,centroid,6.0,293,294,2,3,5
2LZM,R96H,3.1,0,centroid,7.0,486,487,1,2,3
2LZM,R96H,3.1,0,centroid,8.0,675,677,1,3,4
2LZM,R96H,3.1,0,centroid,9.0,927,932,2,7,9
2LZM,R96H,3.1,0,centroid,10.0,1265,1268,0,3,3
2LZM,R96H,3.1,0,allatom,6.0,1035,1037,1,3,4
2LZM,R96H,3.1,0,allatom,7.0,1383,1386,0,3,3
2LZM,R96H,3.1,0,allatom,8.0,1845,1847,2,4,6
2LZM,R96H,3.1,0,allatom,9.0,2267,2265,2,0,2
2LZM,R96H,3.1,0,allatom,10.0,2681,2682,2,3,5
2LZM,R96N,3.0,0,ca,6.0,474,474,0,0,0
2LZM,R96N,3.0,0,ca,7.0,631,631,0,0,0
2LZM,R96N,3.0,0,ca,8.0,753,753,0,0,0
2LZM,R96N,3.0,0,ca,9.0,1018,1018,0,0,0
2LZM,R96N,3.0,0,ca,10.0,1347,1347,0,0,0
2LZM,R96N,3.0,0,cb,6.0,372,372,0,0,0
2LZM,R96N,3.0,0,cb,7.0,565,565,0,0,0
2LZM,R96N,3.0,0,cb,8.0,784,784,0,0,0
2LZM,R96N,3.0,0,cb,9.0,995,995,0,0,0
2LZM,R96N,3.0,0,cb,10.0,1321,1321,0,0,0
2LZM,R96N,3.0,0,centroid,6.0,293,293,2,2,4
2LZM,R96N,3.0,0,centroid,7.0,486,485,3,2,5
2LZM,R96N,3.0,0,centroid,8.0,675,675,3,3,6
2LZM,R96N,3.0,0,centroid,9.0,927,928,4,5,9
2LZM,R96N,3.0,0,centroid,10.0,1265,1269,0,4,4
2LZM,R96N,3.0,0,allatom,6.0,1035,1038,0,3,3
2LZM,R96N,3.0,0,allatom,7.0,1383,1384,0,1,1
2LZM,R96N,3.0,0,allatom,8.0,1845,1846,1,2,3
2LZM,R96N,3.0,0,allatom,9.0,2267,2264,3,0,3
2LZM,R96N,3.0,0,allatom,10.0,2681,2683,1,3,4
2LZM,R96K,0.0,0,ca,6.0,474,474,0,0,0
2LZM,R96K,0.0,0,ca,7.0,631,631,0,0,0
2LZM,R96K,0.0,0,ca,8.0,753,753,0,0,0
2LZM,R96K,0.0,0,ca,9.0,1018,1018,0,0,0
2LZM,R96K,0.0,0,ca,10.0,1347,1347,0,0,0
2LZM,R96K,0.0,0,cb,6.0,372,372,0,0,0
2LZM,R96K,0.0,0,cb,7.0,565,565,0,0,0
2LZM,R96K,0.0,0,cb,8.0,784,784,0,0,0
2LZM,R96K,0.0,0,cb,9.0,995,995,0,0,0
2LZM,R96K,0.0,0,cb,10.0,1321,1321,0,0,0
2LZM,R96K,0.0,0,centroid,6.0,293,294,1,2,3
2LZM,R96K,0.0,0,centroid,7.0,486,484,3,1,4
2LZM,R96K,0.0,0,centroid,8.0,675,675,2,2,4
2LZM,R96K,0.0,0,centroid,9.0,927,928,3,4,7
2LZM,R96K,0.0,0,centroid,10.0,1265,1267,1,3,4
2LZM,R96K,0.0,0,allatom,6.0,1035,1036,1,2,3
2LZM,R96K,0.0,0,allatom,7.0,1383,1384,0,1,1
2LZM,R96K,0.0,0,allatom,8.0,1845,1845,2,2,4
2LZM,R96K,0.0,0,allatom,9.0,2267,2264,3,0,3
2LZM,R96K,0.0,0,allatom,10.0,2681,2682,0,1,1
2LZM,R96S,2.6,0,ca,6.0,474,474,0,0,0
2LZM,R96S,2.6,0,ca,7.0,631,631,0,0,0
2LZM,R96S,2.6,0,ca,8.0,753,753,0,0,0
2LZM,R96S,2.6,0,ca,9.0,1018,1018,0,0,0
2LZM,R96S,2.6,0,ca,10.0,1347,1347,0,0,0
2LZM,R96S,2.6,0,cb,6.0,372,372,0,0,0
2LZM,R96S,2.6,0,cb,7.0,565,565,0,0,0
2LZM,R96S,2.6,0,cb,8.0,784,784,0,0,0
2LZM,R96S,2.6,0,cb,9.0,995,995,0,0,0
2LZM,R96S,2.6,0,cb,10.0,1321,1321,0,0,0
2LZM,R96S,2.6,0,centroid,6.0,293,293,2,2,4
2LZM,R96S,2.6,0,centroid,7.0,486,489,1,4,5
2LZM,R96S,2.6,0,centroid,8.0,675,678,3,6,9
2LZM,R96S,2.6,0,centroid,9.0,927,931,3,7,10
2LZM,R96S,2.6,0,centroid,10.0,1265,1269,0,4,4
2LZM,R96S,2.6,0,allatom,6.0,1035,1036,1,2,3
2LZM,R96S,2.6,0,allatom,7.0,1383,1384,0,1,1
2LZM,R96S,2.6,0,allatom,8.0,1845,1842,4,1,5
2LZM,R96S,2.6,0,allatom,9.0,2267,2266,1,0,1
2LZM,R96S,2.6,0,allatom,10.0,2681,2682,1,2,3
2LZM,R96Y,4.7,0,ca,6.0,474,474,0,0,0
2LZM,R96Y,4.7,0,ca,7.0,631,631,0,0,0
2LZM,R96Y,4.7,0,ca,8.0,753,753,0,0,0
2LZM,R96Y,4.7,0,ca,9.0,1018,1018,0,0,0
2LZM,R96Y,4.7,0,ca,10.0,1347,1347,0,0,0
2LZM,R96Y,4.7,0,cb,6.0,372,372,0,0,0
2LZM,R96Y,4.7,0,cb,7.0,565,565,0,0,0
2LZM,R96Y,4.7,0,cb,8.0,784,784,0,0,0
2LZM,R96Y,4.7,0,cb,9.0,995,995,0,0,0
2LZM,R96Y,4.7,0,cb,10.0,1321,1321,0,0,0
2LZM,R96Y,4.7,0,centroid,6.0,293,293,3,3,6
2LZM,R96Y,4.7,0,centroid,7.0,486,487,1,2,3
2LZM,R96Y,4.7,0,centroid,8.0,675,675,1,1,2
2LZM,R96Y,4.7,0,centroid,9.0,927,931,2,6,8
2LZM,R96Y,4.7,0,centroid,10.0,1265,1267,0,2,2
2LZM,R96Y,4.7,0,allatom,6.0,1035,1037,1,3,4
2LZM,R96Y,4.7,0,allatom,7.0,1383,1387,0,4,4
2LZM,R96Y,4.7,0,allatom,8.0,1845,1847,2,4,6
2LZM,R96Y,4.7,0,allatom,9.0,2267,2266,2,1,3
2LZM,R96Y,4.7,0,allatom,10.0,2681,2682,2,3,5
2LZM,R96V,2.4,0,ca,6.0,474,474,0,0,0
2LZM,R96V,2.4,0,ca,7.0,631,631,0,0,0
2LZM,R96V,2.4,0,ca,8.0,753,753,0,0,0
2LZM,R96V,2.4,0,ca,9.0,1018,1018,0,0,0
2LZM,R96V,2.4,0,ca,10.0,1347,1347,0,0,0
2LZM,R96V,2.4,0,cb,6.0,372,372,0,0,0
2LZM,R96V,2.4,0,cb,7.0,565,565,0,0,0
2LZM,R96V,2.4,0,cb,8.0,784,784,0,0,0
2LZM,R96V,2.4,0,cb,9.0,995,995,0,0,0
2LZM,R96V,2.4,0,cb,10.0,1321,1321,0,0,0
2LZM,R96V,2.4,0,centroid,6.0,293,293,1,1,2
2LZM,R96V,2.4,0,centroid,7.0,486,486,2,2,4
2LZM,R96V,2.4,0,centroid,8.0,675,679,2,6,8
2LZM,R96V,2.4,0,centroid,9.0,927,926,6,5,11
2LZM,R96V,2.4,0,centroid,10.0,1265,1268,0,3,3
2LZM,R96V,2.4,0,allatom,6.0,1035,1034,1,0,1
2LZM,R96V,2.4,0,allatom,7.0,1383,1384,0,1,1
2LZM,R96V,2.4,0,allatom,8.0,1845,1843,2,0,2
2LZM,R96V,2.4,0,allatom,9.0,2267,2264,3,0,3
2LZM,R96V,2.4,0,allatom,10.0,2681,2681,1,1,2
2LZM,R96W,4.5,0,ca,6.0,474,474,0,0,0
2LZM,R96W,4.5,0,ca,7.0,631,631,0,0,0
2LZM,R96W,4.5,0,ca,8.0,753,753,0,0,0
2LZM,R96W,4.5,0,ca,9.0,1018,1018,0,0,0
2LZM,R96W,4.5,0,ca,10.0,1347,1347,0,0,0
2LZM,R96W,4.5,0,cb,6.0,372,372,0,0,0
2LZM,R96W,4.5,0,cb,7.0,565,565,0,0,0
2LZM,R96W,4.5,0,cb,8.0,784,784,0,0,0
2LZM,R96W,4.5,0,cb,9.0,995,995,0,0,0
2LZM,R96W,4.5,0,cb,10.0,1321,1321,0,0,0
2LZM,R96W,4.5,0,centroid,6.0,293,293,1,1,2
2LZM,R96W,4.5,0,centroid,7.0,486,487,1,2,3
2LZM,R96W,4.5,0,centroid,8.0,675,675,0,0,0
2LZM,R96W,4.5,0,centroid,9.0,927,928,2,3,5
2LZM,R96W,4.5,0,centroid,10.0,1265,1266,0,1,1
2LZM,R96W,4.5,0,allatom,6.0,1035,1035,1,1,2
2LZM,R96W,4.5,0,allatom,7.0,1383,1385,0,2,2
2LZM,R96W,4.5,0,allatom,8.0,1845,1847,1,3,4
2LZM,R96W,4.5,0,allatom,9.0,2267,2266,1,0,1
2LZM,R96W,4.5,0,allatom,10.0,2681,2679,3,1,4
2LZM,A98V,4.9,0,ca,6.0,474,474,0,0,0
2LZM,A98V,4.9,0,ca,7.0,631,631,0,0,0
2LZM,A98V,4.9,0,ca,8.0,753,753,0,0,0
2LZM,A98V,4.9,0,ca,9.0,1018,1018,0,0,0
2LZM,A98V,4.9,0,ca,10.0,1347,1347,0,0,0
2LZM,A98V,4.9,0,cb,6.0,372,372,0,0,0
2LZM,A98V,4.9,0,cb,7.0,565,565,0,0,0
2LZM,A98V,4.9,0,cb,8.0,784,784,0,0,0
2LZM,A98V,4.9,0,cb,9.0,995,996,0,1,1
2LZM,A98V,4.9,0,cb,10.0,1321,1321,0,0,0
2LZM,A98V,4.9,0,centroid,6.0,293,294,0,1,1
2LZM,A98V,4.9,0,centroid,7.0,486,485,2,1,3
2LZM,A98V,4.9,0,centroid,8.0,675,675,1,1,2
2LZM,A98V,4.9,0,centroid,9.0,927,929,0,2,2
2LZM,A98V,4.9,0,centroid,10.0,1265,1264,1,0,1
2LZM,A98V,4.9,0,allatom,6.0,1035,1039,0,4,4
2LZM,A98V,4.9,0,allatom,7.0,1383,1385,2,4,6
2LZM,A98V,4.9,0,allatom,8.0,1845,1850,0,5,5
2LZM,A98V,4.9,0,allatom,9.0,2267,2269,1,3,4
2LZM,A98V,4.9,0,allatom,10.0,2681,2683,0,2,2
2LZM,Q105A,0.6,0,ca,6.0,474,474,0,0,0
2LZM,Q105A,0.6,0,ca,7.0,631,631,0,0,0
2LZM,Q105A,0.6,0,ca,8.0,753,753,0,0,0
2LZM,Q105A,0.6,0,ca,9.0,1018,1018,0,0,0
2LZM,Q105A,0.6,0,ca,10.0,1347,1347,0,0,0
2LZM,Q105A,0.6,0,cb,6.0,372,372,0,0,0
2LZM,Q105A,0.6,0,cb,7.0,565,565,0,0,0
2LZM,Q105A,0.6,0,cb,8.0,784,784,0,0,0
2LZM,Q105A,0.6,0,cb,9.0,995,995,0,0,0
2LZM,Q105A,0.6,0,cb,10.0,1321,1321,0,0,0
2LZM,Q105A,0.6,0,centroid,6.0,293,291,2,0,2
2LZM,Q105A,0.6,0,centroid,7.0,486,488,1,3,4
2LZM,Q105A,0.6,0,centroid,8.0,675,675,4,4,8
2LZM,Q105A,0.6,0,centroid,9.0,927,928,5,6,11
2LZM,Q105A,0.6,0,centroid,10.0,1265,1263,3,1,4
2LZM,Q105A,0.6,0,allatom,6.0,1035,1033,2,0,2
2LZM,Q105A,0.6,0,allatom,7.0,1383,1378,8,3,11
2LZM,Q105A,0.6,0,allatom,8.0,1845,1839,9,3,12
2LZM,Q105A,0.6,0,allatom,9.0,2267,2259,12,4,16
2LZM,Q105A,0.6,0,allatom,10.0,2681,2670,13,2,15
2LZM,Q105E,1.1,0,ca,6.0,474,474,0,0,0
2LZM,Q105E,1.1,0,ca,7.0,631,631,0,0,0
2LZM,Q105E,1.1,0,ca,8.0,753,753,0,0,0
2LZM,Q105E,1.1,0,ca,9.0,1018,1018,0,0,0
2LZM,Q105E,1.1,0,ca,10.0,1347,1347,0,0,0
2LZM,Q105E,1.1,0,cb,6.0,372,372,0,0,0
2LZM,Q105E,1.1,0,cb,7.0,565,565,0,0,0
2LZM,Q105E,1.1,0,cb,8.0,784,784,0,0,0
2LZM,Q105E,1.1,0,cb,9.0,995,995,0,0,0
2LZM,Q105E,1.1,0,cb,10.0,1321,1321,0,0,0
2LZM,Q105E,1.1,0,centroid,6.0,293,291,3,1,4
2LZM,Q105E,1.1,0,centroid,7.0,486,485,2,1,3
2LZM,Q105E,1.1,0,centroid,8.0,675,673,3,1,4
2LZM,Q105E,1.1,0,centroid,9.0,927,920,11,4,15
2LZM,Q105E,1.1,0,centroid,10.0,1265,1268,1,4,5
2LZM,Q105E,1.1,0,allatom,6.0,1035,1029,7,1,8
2LZM,Q105E,1.1,0,allatom,7.0,1383,1381,6,4,10
2LZM,Q105E,1.1,0,allatom,8.0,1845,1843,8,6,14
2LZM,Q105E,1.1,0,allatom,9.0,2267,2261,10,4,14
2LZM,Q105E,1.1,0,allatom,10.0,2681,2669,16,4,20
2LZM,Q105G,1.5,1,ca,6.0,474,474,0,0,0
2LZM,Q105G,1.5,1,ca,7.0,631,631,0,0,0
2LZM,Q105G,1.5,1,ca,8.0,753,753,0,0,0
2LZM,Q105G,1.5,1,ca,9.0,1018,1018,0,0,0
2LZM,Q105G,1.5,1,ca,10.0,1347,1347,0,0,0
2LZM,Q105G,1.5,1,cb,6.0,372,371,1,0,1
2LZM,Q105G,1.5,1,cb,7.0,565,566,1,2,3
2LZM,Q105G,1.5,1,cb,8.0,784,780,4,0,4
2LZM,Q105G,1.5,1,cb,9.0,995,994,3,2,5
2LZM,Q105G,1.5,1,cb,10.0,1321,1320,2,1,3
2LZM,Q105G,1.5,1,centroid,6.0,293,291,3,1,4
2LZM,Q105G,1.5,1,centroid,7.0,486,487,2,3,5
2LZM,Q105G,1.5,1,centroid,8.0,675,671,8,4,12
2LZM,Q105G,1.5,1,centroid,9.0,927,926,8,7,15
2LZM,Q105G,1.5,1,centroid,10.0,1265,1264,6,5,11
2LZM,Q105G,1.5,1,allatom,6.0,1035,1030,5,0,5
2LZM,Q105G,1.5,1,allatom,7.0,1383,1378,8,3,11
2LZM,Q105G,1.5,1,allatom,8.0,1845,1836,14,5,19
2LZM,Q105G,1.5,1,allatom,9.0,2267,2258,14,5,19
2LZM,Q105G,1.5,1,allatom,10.0,2681,2669,16,4,20
2LZM,G113A,-0.3,1,ca,6.0,474,474,0,0,0
2LZM,G113A,-0.3,1,ca,7.0,631,631,0,0,0
2LZM,G113A,-0.3,1,ca,8.0,753,753,0,0,0
2LZM,G113A,-0.3,1,ca,9.0,1018,1018,0,0,0
2LZM,G113A,-0.3,1,ca,10.0,1347,1347,0,0,0
2LZM,G113A,-0.3,1,cb,6.0,372,371,1,0,1
2LZM,G113A,-0.3,1,cb,7.0,565,566,0,1,1
2LZM,G113A,-0.3,1,cb,8.0,784,782,2,0,2
2LZM,G113A,-0.3,1,cb,9.0,995,995,1,1,2
2LZM,G113A,-0.3,1,cb,10.0,1321,1321,2,2,4
2LZM,G113A,-0.3,1,centroid,6.0,293,293,1,1,2
2LZM,G113A,-0.3,1,centroid,7.0,486,486,1,1,2
2LZM,G113A,-0.3,1,centroid,8.0,675,672,3,0,3
2LZM,G113A,-0.3,1,centroid,9.0,927,925,2,0,2
2LZM,G113A,-0.3,1,centroid,10.0,1265,1264,3,2,5
2LZM,G113A,-0.3,1,allatom,6.0,1035,1035,0,0,0
2LZM,G113A,-0.3,1,allatom,7.0,1383,1384,0,1,1
2LZM,G113A,-0.3,1,allatom,8.0,1845,1843,2,0,2
2LZM,G113A,-0.3,1,allatom,9.0,2267,2265,2,0,2
2LZM,G113A,-0.3,1,allatom,10.0,2681,2681,1,1,2
2LZM,T115E,-0.3,0,ca,6.0,474,474,0,0,0
2LZM,T115E,-0.3,0,ca,7.0,631,631,0,0,0
2LZM,T115E,-0.3,0,ca,8.0,753,753,0,0,0
2LZM,T115E,-0.3,0,ca,9.0,1018,1018,0,0,0
2LZM,T115E,-0.3,0,ca,10.0,1347,1347,0,0,0
2LZM,T115E,-0.3,0,cb,6.0,372,372,0,0,0
2LZM,T115E,-0.3,0,cb,7.0,565,565,0,0,0
2LZM,T115E,-0.3,0,cb,8.0,784,784,0,0,0
2LZM,T115E,-0.3,0,cb,9.0,995,995,0,0,0
2LZM,T115E,-0.3,0,cb,10.0,1321,1321,0,0,0
2LZM,T115E,-0.3,0,centroid,6.0,293,292,1,0,1
2LZM,T115E,-0.3,0,centroid,7.0,486,487,1,2,3
2LZM,T115E,-0.3,0,centroid,8.0,675,674,1,0,1
2LZM,T115E,-0.3,0,centroid,9.0,927,925,2,0,2
2LZM,T115E,-0.3,0,centroid,10.0,1265,1263,2,0,2
2LZM,T115E,-0.3,0,allatom,6.0,1035,1036,0,1,1
2LZM,T115E,-0.3,0,allatom,7.0,1383,1383,0,0,0
2LZM,T115E,-0.3,0,allatom,8.0,1845,1845,0,0,0
2LZM,T115E,-0.3,0,allatom,9.0,2267,2267,0,0,0
2LZM,T115E,-0.3,0,allatom,10.0,2681,2682,0,1,1
2LZM,N116D,-0.6,0,ca,6.0,474,474,0,0,0
2LZM,N116D,-0.6,0,ca,7.0,631,631,0,0,0
2LZM,N116D,-0.6,0,ca,8.0,753,753,0,0,0
2LZM,N116D,-0.6,0,ca,9.0,1018,1018,0,0,0
2LZM,N116D,-0.6,0,ca,10.0,1347,1347,0,0,0
2LZM,N116D,-0.6,0,cb,6.0,372,372,0,0,0
2LZM,N116D,-0.6,0,cb,7.0,565,565,0,0,0
2LZM,N116D,-0.6,0,cb,8.0,784,784,0,0,0
2LZM,N116D,-0.6,0,cb,9.0,995,995,0,0,0
2LZM,N116D,-0.6,0,cb,10.0,1321,1321,0,0,0
2LZM,N116D,-0.6,0,centroid,6.0,293,291,2,0,2
2LZM,N116D,-0.6,0,centroid,7.0,486,485,3,2,5
2LZM,N116D,-0.6,0,centroid,8.0,675,675,0,0,0
2LZM,N116D,-0.6,0,centroid,9.0,927,924,4,1,5
2LZM,N116D,-0.6,0,centroid,10.0,1265,1263,4,2,6
2LZM,N116D,-0.6,0,allatom,6.0,1035,1035,0,0,0
2LZM,N116D,-0.6,0,allatom,7.0,1383,1381,2,0,2
2LZM,N116D,-0.6,0,allatom,8.0,1845,1845,0,0,0
2LZM,N116D,-0.6,0,allatom,9.0,2267,2267,0,0,0
2LZM,N116D,-0.6,0,allatom,10.0,2681,2681,0,0,0
2LZM,R119E,0.0,0,ca,6.0,474,474,0,0,0
2LZM,R119E,0.0,0,ca,7.0,631,631,0,0,0
2LZM,R119E,0.0,0,ca,8.0,753,753,0,0,0
2LZM,R119E,0.0,0,ca,9.0,1018,1018,0,0,0
2LZM,R119E,0.0,0,ca,10.0,1347,1347,0,0,0
2LZM,R119E,0.0,0,cb,6.0,372,372,0,0,0
2LZM,R119E,0.0,0,cb,7.0,565,565,0,0,0
2LZM,R119E,0.0,0,cb,8.0,784,784,0,0,0
2LZM,R119E,0.0,0,cb,9.0,995,995,0,0,0
2LZM,R119E,0.0,0,cb,10.0,1321,1321,0,0,0
2LZM,R119E,0.0,0,centroid,6.0,293,291,2,0,2
2LZM,R119E,0.0,0,centroid,7.0,486,487,0,1,1
2LZM,R119E,0.0,0,centroid,8.0,675,676,0,1,1
2LZM,R119E,0.0,0,centroid,9.0,927,926,1,0,1
2LZM,R119E,0.0,0,centroid,10.0,1265,1266,0,1,1
2LZM,R119E,0.0,0,allatom,6.0,1035,1035,0,0,0
2LZM,R119E,0.0,0,allatom,7.0,1383,1382,1,0,1
2LZM,R119E,0.0,0,allatom,8.0,1845,1845,0,0,0
2LZM,R119E,0.0,0,allatom,9.0,2267,2267,0,0,0
2LZM,R119E,0.0,0,allatom,10.0,2681,2681,0,0,0
2LZM,Q123E,-0.4,0,ca,6.0,474,474,0,0,0
2LZM,Q123E,-0.4,0,ca,7.0,631,631,0,0,0
2LZM,Q123E,-0.4,0,ca,8.0,753,753,0,0,0
2LZM,Q123E,-0.4,0,ca,9.0,1018,1018,0,0,0
2LZM,Q123E,-0.4,0,ca,10.0,1347,1347,0,0,0
2LZM,Q123E,-0.4,0,cb,6.0,372,372,0,0,0
2LZM,Q123E,-0.4,0,cb,7.0,565,565,0,0,0
2LZM,Q123E,-0.4,0,cb,8.0,784,784,0,0,0
2LZM,Q123E,-0.4,0,cb,9.0,995,995,0,0,0
2LZM,Q123E,-0.4,0,cb,10.0,1321,1321,0,0,0
2LZM,Q123E,-0.4,0,centroid,6.0,293,292,1,0,1
2LZM,Q123E,-0.4,0,centroid,7.0,486,486,1,1,2
2LZM,Q123E,-0.4,0,centroid,8.0,675,676,0,1,1
2LZM,Q123E,-0.4,0,centroid,9.0,927,925,2,0,2
2LZM,Q123E,-0.4,0,centroid,10.0,1265,1264,1,0,1
2LZM,Q123E,-0.4,0,allatom,6.0,1035,1035,1,1,2
2LZM,Q123E,-0.4,0,allatom,7.0,1383,1382,1,0,1
2LZM,Q123E,-0.4,0,allatom,8.0,1845,1844,1,0,1
2LZM,Q123E,-0.4,0,allatom,9.0,2267,2267,0,0,0
2LZM,Q123E,-0.4,0,allatom,10.0,2681,2681,0,0,0
2LZM,K124G,0.1,1,ca,6.0,474,474,0,0,0
2LZM,K124G,0.1,1,ca,7.0,631,631,0,0,0
2LZM,K124G,0.1,1,ca,8.0,753,753,0,0,0
2LZM,K124G,0.1,1,ca,9.0,1018,1018,0,0,0
2LZM,K124G,0.1,1,ca,10.0,1347,1347,0,0,0
2LZM,K124G,0.1,1,cb,6.0,372,374,0,2,2
2LZM,K124G,0.1,1,cb,7.0,565,568,0,3,3
2LZM,K124G,0.1,1,cb,8.0,784,786,0,2,2
2LZM,K124G,0.1,1,cb,9.0,995,996,0,1,1
2LZM,K124G,0.1,1,cb,10.0,1321,1323,1,3,4
2LZM,K124G,0.1,1,centroid,6.0,293,292,1,0,1
2LZM,K124G,0.1,1,centroid,7.0,486,487,1,2,3
2LZM,K124G,0.1,1,centroid,8.0,675,677,2,4,6
2LZM,K124G,0.1,1,centroid,9.0,927,930,1,4,5
2LZM,K124G,0.1,1,centroid,10.0,1265,1268,0,3,3
2LZM,K124G,0.1,1,allatom,6.0,1035,1032,3,0,3
2LZM,K124G,0.1,1,allatom,7.0,1383,1380,3,0,3
2LZM,K124G,0.1,1,allatom,8.0,1845,1841,4,0,4
2LZM,K124G,0.1,1,allatom,9.0,2267,2262,5,0,5
2LZM,K124G,0.1,1,allatom,10.0,2681,2676,5,0,5
2LZM,V131A,-0.3,0,ca,6.0,474,474,0,0,0
2LZM,V131A,-0.3,0,ca,7.0,631,631,0,0,0
2LZM,V131A,-0.3,0,ca,8.0,753,753,0,0,0
2LZM,V131A,-0.3,0,ca,9.0,1018,1018,0,0,0
2LZM,V131A,-0.3,0,ca,10.0,1347,1347,0,0,0
2LZM,V131A,-0.3,0,cb,6.0,372,372,0,0,0
2LZM,V131A,-0.3,0,cb,7.0,565,565,0,0,0
2LZM,V131A,-0.3,0,cb,8.0,784,784,0,0,0
2LZM,V131A,-0.3,0,cb,9.0,995,995,0,0,0
2LZM,V131A,-0.3,0,cb,10.0,1321,1321,0,0,0
2LZM,V131A,-0.3,0,centroid,6.0,293,295,0,2,2
2LZM,V131A,-0.3,0,centroid,7.0,486,487,0,1,1
2LZM,V131A,-0.3,0,centroid,8.0,675,675,0,0,0
2LZM,V131A,-0.3,0,centroid,9.0,927,930,0,3,3
2LZM,V131A,-0.3,0,centroid,10.0,1265,1266,1,2,3
2LZM,V131A,-0.3,0,allatom,6.0,1035,1035,0,0,0
2LZM,V131A,-0.3,0,allatom,7.0,1383,1382,1,0,1
2LZM,V131A,-0.3,0,allatom,8.0,1845,1845,0,0,0
2LZM,V131A,-0.3,0,allatom,9.0,2267,2267,0,0,0
2LZM,V131A,-0.3,0,allatom,10.0,2681,2681,0,0,0
2LZM,V131D,-0.1,0,ca,6.0,474,474,0,0,0
2LZM,V131D,-0.1,0,ca,7.0,631,631,0,0,0
2LZM,V131D,-0.1,0,ca,8.0,753,753,0,0,0
2LZM,V131D,-0.1,0,ca,9.0,1018,1018,0,0,0
2LZM,V131D,-0.1,0,ca,10.0,1347,1347,0,0,0
2LZM,V131D,-0.1,0,cb,6.0,372,372,0,0,0
2LZM,V131D,-0.1,0,cb,7.0,565,565,0,0,0
2LZM,V131D,-0.1,0,cb,8.0,784,784,0,0,0
2LZM,V131D,-0.1,0,cb,9.0,995,995,0,0,0
2LZM,V131D,-0.1,0,cb,10.0,1321,1321,0,0,0
2LZM,V131D,-0.1,0,centroid,6.0,293,292,2,1,3
2LZM,V131D,-0.1,0,centroid,7.0,486,486,0,0,0
2LZM,V131D,-0.1,0,centroid,8.0,675,672,3,0,3
2LZM,V131D,-0.1,0,centroid,9.0,927,924,4,1,5
2LZM,V131D,-0.1,0,centroid,10.0,1265,1266,1,2,3
2LZM,V131D,-0.1,0,allatom,6.0,1035,1035,0,0,0
2LZM,V131D,-0.1,0,allatom,7.0,1383,1382,1,0,1
2LZM,V131D,-0.1,0,allatom,8.0,1845,1845,0,0,0
2LZM,V131D,-0.1,0,allatom,9.0,2267,2267,0,0,0
2LZM,V131D,-0.1,0,allatom,10.0,2681,2681,0,0,0
2LZM,V131G,0.7,1,ca,6.0,474,474,0,0,0
2LZM,V131G,0.7,1,ca,7.0,631,631,0,0,0
2LZM,V131G,0.7,1,ca,8.0,753,753,0,0,0
2LZM,V131G,0.7,1,ca,9.0,1018,1018,0,0,0
2LZM,V131G,0.7,1,ca,10.0,1347,1347,0,0,0
2LZM,V131G,0.7,1,cb,6.0,372,371,1,0,1
2LZM,V131G,0.7,1,cb,7.0,565,567,1,3,4
2LZM,V131G,0.7,1,cb,8.0,784,785,0,1,1
2LZM,V131G,0.7,1,cb,9.0,995,998,0,3,3
2LZM,V131G,0.7,1,cb,10.0,1321,1323,1,3,4
2LZM,V131G,0.7,1,centroid,6.0,293,295,0,2,2
2LZM,V131G,0.7,1,centroid,7.0,486,489,0,3,3
2LZM,V131G,0.7,1,centroid,8.0,675,675,2,2,4
2LZM,V131G,0.7,1,centroid,9.0,927,932,0,5,5
2LZM,V131G,0.7,1,centroid,10.0,1265,1267,1,3,4
2LZM,V131G,0.7,1,allatom,6.0,1035,1035,0,0,0
2LZM,V131G,0.7,1,allatom,7.0,1383,1382,1,0,1
2LZM,V131G,0.7,1,allatom,8.0,1845,1845,0,0,0
2LZM,V131G,0.7,1,allatom,9.0,2267,2267,0,0,0
2LZM,V131G,0.7,1,allatom,10.0,2681,2681,0,0,0
2LZM,V131I,-0.2,0,ca,6.0,474,474,0,0,0
2LZM,V131I,-0.2,0,ca,7.0,631,631,0,0,0
2LZM,V131I,-0.2,0,ca,8.0,753,753,0,0,0
2LZM,V131I,-0.2,0,ca,9.0,1018,1018,0,0,0
2LZM,V131I,-0.2,0,ca,10.0,1347,1347,0,0,0
2LZM,V131I,-0.2,0,cb,6.0,372,372,0,0,0
2LZM,V131I,-0.2,0,cb,7.0,565,565,0,0,0
2LZM,V131I,-0.2,0,cb,8.0,784,784,0,0,0
2LZM,V131I,-0.2,0,cb,9.0,995,995,0,0,0
2LZM,V131I,-0.2,0,cb,10.0,1321,1320,1,0,1
2LZM,V131I,-0.2,0,centroid,6.0,293,293,0,0,0
2LZM,V131I,-0.2,0,centroid,7.0,486,487,0,1,1
2LZM,V131I,-0.2,0,centroid,8.0,675,675,0,0,0
2LZM,V131I,-0.2,0,centroid,9.0,927,926,1,0,1
2LZM,V131I,-0.2,0,centroid,10.0,1265,1264,1,0,1
2LZM,V131I,-0.2,0,allatom,6.0,1035,1035,0,0,0
2LZM,V131I,-0.2,0,allatom,7.0,1383,1383,0,0,0
2LZM,V131I,-0.2,0,allatom,8.0,1845,1845,0,0,0
2LZM,V131I,-0.2,0,allatom,9.0,2267,2267,0,0,0
2LZM,V131I,-0.2,0,allatom,10.0,2681,2681,0,0,0
2LZM,V131L,-0.1,0,ca,6.0,474,474,0,0,0
2LZM,V131L,-0.1,0,ca,7.0,631,631,0,0,0
2LZM,V131L,-0.1,0,ca,8.0,753,753,0,0,0
2LZM,V131L,-0.1,0,ca,9.0,1018,1018,0,0,0
2LZM,V131L,-0.1,0,ca,10.0,1347,1347,0,0,0
2LZM,V131L,-0.1,0,cb,6.0,372,372,0,0,0
2LZM,V131L,-0.1,0,cb,7.0,565,565,0,0,0
2LZM,V131L,-0.1,0,cb,8.0,784,784,0,0,0
2LZM,V131L,-0.1,0,cb,9.0,995,995,0,0,0
2LZM,V131L,-0.1,0,cb,10.0,1321,1321,0,0,0
2LZM,V131L,-0.1,0,centroid,6.0,293,293,0,0,0
2LZM,V131L,-0.1,0,centroid,7.0,486,488,0,2,2
2LZM,V131L,-0.1,0,centroid,8.0,675,674,1,0,1
2LZM,V131L,-0.1,0,centroid,9.0,927,928,2,3,5
2LZM,V131L,-0.1,0,centroid,10.0,1265,1264,3,2,5
2LZM,V131L,-0.1,0,allatom,6.0,1035,1034,1,0,1
2LZM,V131L,-0.1,0,allatom,7.0,1383,1382,1,0,1
2LZM,V131L,-0.1,0,allatom,8.0,1845,1845,0,0,0
2LZM,V131L,-0.1,0,allatom,9.0,2267,2267,0,0,0
2LZM,V131L,-0.1,0,allatom,10.0,2681,2681,0,0,0
2LZM,V131S,0.1,0,ca,6.0,474,474,0,0,0
2LZM,V131S,0.1,0,ca,7.0,631,631,0,0,0
2LZM,V131S,0.1,0,ca,8.0,753,753,0,0,0
2LZM,V131S,0.1,0,ca,9.0,1018,1018,0,0,0
2LZM,V131S,0.1,0,ca,10.0,1347,1347,0,0,0
2LZM,V131S,0.1,0,cb,6.0,372,372,0,0,0
2LZM,V131S,0.1,0,cb,7.0,565,565,0,0,0
2LZM,V131S,0.1,0,cb,8.0,784,784,0,0,0
2LZM,V131S,0.1,0,cb,9.0,995,995,0,0,0
2LZM,V131S,0.1,0,cb,10.0,1321,1321,0,0,0
2LZM,V131S,0.1,0,centroid,6.0,293,294,0,1,1
2LZM,V131S,0.1,0,centroid,7.0,486,488,0,2,2
2LZM,V131S,0.1,0,centroid,8.0,675,676,0,1,1
2LZM,V131S,0.1,0,centroid,9.0,927,931,0,4,4
2LZM,V131S,0.1,0,centroid,10.0,1265,1265,2,2,4
2LZM,V131S,0.1,0,allatom,6.0,1035,1036,0,1,1
2LZM,V131S,0.1,0,allatom,7.0,1383,1382,1,0,1
2LZM,V131S,0.1,0,allatom,8.0,1845,1845,0,0,0
2LZM,V131S,0.1,0,allatom,9.0,2267,2267,0,0,0
2LZM,V131S,0.1,0,allatom,10.0,2681,2681,0,0,0
2LZM,V131M,-0.1,0,ca,6.0,474,474,0,0,0
2LZM,V131M,-0.1,0,ca,7.0,631,631,0,0,0
2LZM,V131M,-0.1,0,ca,8.0,753,753,0,0,0
2LZM,V131M,-0.1,0,ca,9.0,1018,1018,0,0,0
2LZM,V131M,-0.1,0,ca,10.0,1347,1347,0,0,0
2LZM,V131M,-0.1,0,cb,6.0,372,372,0,0,0
2LZM,V131M,-0.1,0,cb,7.0,565,565,0,0,0
2LZM,V131M,-0.1,0,cb,8.0,784,784,0,0,0
2LZM,V131M,-0.1,0,cb,9.0,995,995,0,0,0
2LZM,V131M,-0.1,0,cb,10.0,1321,1321,0,0,0
2LZM,V131M,-0.1,0,centroid,6.0,293,292,3,2,5
2LZM,V131M,-0.1,0,centroid,7.0,486,487,0,1,1
2LZM,V131M,-0.1,0,centroid,8.0,675,676,1,2,3
2LZM,V131M,-0.1,0,centroid,9.0,927,924,5,2,7
2LZM,V131M,-0.1,0,centroid,10.0,1265,1264,3,2,5
2LZM,V131M,-0.1,0,allatom,6.0,1035,1035,1,1,2
2LZM,V131M,-0.1,0,allatom,7.0,1383,1382,1,0,1
2LZM,V131M,-0.1,0,allatom,8.0,1845,1845,0,0,0
2LZM,V131M,-0.1,0,allatom,9.0,2267,2268,0,1,1
2LZM,V131M,-0.1,0,allatom,10.0,2681,2682,0,1,1
2LZM,V131E,-0.2,0,ca,6.0,474,474,0,0,0
2LZM,V131E,-0.2,0,ca,7.0,631,631,0,0,0
2LZM,V131E,-0.2,0,ca,8.0,753,753,0,0,0
2LZM,V131E,-0.2,0,ca,9.0,1018,1018,0,0,0
2LZM,V131E,-0.2,0,ca,10.0,1347,1347,0,0,0
2LZM,V131E,-0.2,0,cb,6.0,372,372,0,0,0
2LZM,V131E,-0.2,0,cb,7.0,565,565,0,0,0
2LZM,V131E,-0.2,0,cb,8.0,784,784,0,0,0
2LZM,V131E,-0.2,0,cb,9.0,995,995,0,0,0
2LZM,V131E,-0.2,0,cb,10.0,1321,1321,0,0,0
2LZM,V131E,-0.2,0,centroid,6.0,293,293,1,1,2
2LZM,V131E,-0.2,0,centroid,7.0,486,486,0,0,0
2LZM,V131E,-0.2,0,centroid,8.0,675,672,3,0,3
2LZM,V131E,-0.2,0,centroid,9.0,927,926,2,1,3
2LZM,V131E,-0.2,0,centroid,10.0,1265,1264,3,2,5
2LZM,V131E,-0.2,0,allatom,6.0,1035,1035,0,0,0
2LZM,V131E,-0.2,0,allatom,7.0,1383,1382,1,0,1
2LZM,V131E,-0.2,0,allatom,8.0,1845,1845,0,0,0
2LZM,V131E,-0.2,0,allatom,9.0,2267,2267,0,0,0
2LZM,V131E,-0.2,0,allatom,10.0,2681,2682,0,1,1
2LZM,L133A,4.2,0,ca,6.0,474,474,0,0,0
2LZM,L133A,4.2,0,ca,7.0,631,631,0,0,0
2LZM,L133A,4.2,0,ca,8.0,753,753,0,0,0
2LZM,L133A,4.2,0,ca,9.0,1018,1018,0,0,0
2LZM,L133A,4.2,0,ca,10.0,1347,1347,0,0,0
2LZM,L133A,4.2,0,cb,6.0,372,372,0,0,0
2LZM,L133A,4.2,0,cb,7.0,565,565,0,0,0
2LZM,L133A,4.2,0,cb,8.0,784,784,0,0,0
2LZM,L133A,4.2,0,cb,9.0,995,995,0,0,0
2LZM,L133A,4.2,0,cb,10.0,1321,1321,0,0,0
2LZM,L133A,4.2,0,centroid,6.0,293,294,2,3,5
2LZM,L133A,4.2,0,centroid,7.0,486,484,2,0,2
2LZM,L133A,4.2,0,centroid,8.0,675,675,2,2,4
2LZM,L133A,4.2,0,centroid,9.0,927,927,2,2,4
2LZM,L133A,4.2,0,centroid,10.0,1265,1263,3,1,4
2LZM,L133A,4.2,0,allatom,6.0,1035,1032,3,0,3
2LZM,L133A,4.2,0,allatom,7.0,1383,1379,5,1,6
2LZM,L133A,4.2,0,allatom,8.0,1845,1836,9,0,9
2LZM,L133A,4.2,0,allatom,9.0,2267,2256,11,0,11
2LZM,L133A,4.2,0,allatom,10.0,2681,2673,9,1,10
2LZM,K135E,1.0,0,ca,6.0,474,474,0,0,0
2LZM,K135E,1.0,0,ca,7.0,631,631,0,0,0
2LZM,K135E,1.0,0,ca,8.0,753,753,0,0,0
2LZM,K135E,1.0,0,ca,9.0,1018,1018,0,0,0
2LZM,K135E,1.0,0,ca,10.0,1347,1347,0,0,0
2LZM,K135E,1.0,0,cb,6.0,372,372,0,0,0
2LZM,K135E,1.0,0,cb,7.0,565,565,0,0,0
2LZM,K135E,1.0,0,cb,8.0,784,784,0,0,0
2LZM,K135E,1.0,0,cb,9.0,995,995,0,0,0
2LZM,K135E,1.0,0,cb,10.0,1321,1321,0,0,0
2LZM,K135E,1.0,0,centroid,6.0,293,292,1,0,1
2LZM,K135E,1.0,0,centroid,7.0,486,486,0,0,0
2LZM,K135E,1.0,0,centroid,8.0,675,675,0,0,0
2LZM,K135E,1.0,0,centroid,9.0,927,929,1,3,4
2LZM,K135E,1.0,0,centroid,10.0,1265,1266,0,1,1
2LZM,K135E,1.0,0,allatom,6.0,1035,1036,0,1,1
2LZM,K135E,1.0,0,allatom,7.0,1383,1383,1,1,2
2LZM,K135E,1.0,0,allatom,8.0,1845,1847,0,2,2
2LZM,K135E,1.0,0,allatom,9.0,2267,2266,1,0,1
2LZM,K135E,1.0,0,allatom,10.0,2681,2682,0,1,1
2LZM,N144D,-0.4,0,ca,6.0,474,474,0,0,0
2LZM,N144D,-0.4,0,ca,7.0,631,631,0,0,0
2LZM,N144D,-0.4,0,ca,8.0,753,753,0,0,0
2LZM,N144D,-0.4,0,ca,9.0,1018,1018,0,0,0
2LZM,N144D,-0.4,0,ca,10.0,1347,1347,0,0,0
2LZM,N144D,-0.4,0,cb,6.0,372,372,0,0,0
2LZM,N144D,-0.4,0,cb,7.0,565,565,0,0,0
2LZM,N144D,-0.4,0,cb,8.0,784,784,0,0,0
2LZM,N144D,-0.4,0,cb,9.0,995,995,0,0,0
2LZM,N144D,-0.4,0,cb,10.0,1321,1321,0,0,0
2LZM,N144D,-0.4,0,centroid,6.0,293,291,3,1,4
2LZM,N144D,-0.4,0,centroid,7.0,486,485,2,1,3
2LZM,N144D,-0.4,0,centroid,8.0,675,677,0,2,2
2LZM,N144D,-0.4,0,centroid,9.0,927,929,1,3,4
2LZM,N144D,-0.4,0,centroid,10.0,1265,1268,0,3,3
2LZM,N144D,-0.4,0,allatom,6.0,1035,1036,0,1,1
2LZM,N144D,-0.4,0,allatom,7.0,1383,1383,0,0,0
2LZM,N144D,-0.4,0,allatom,8.0,1845,1843,3,1,4
2LZM,N144D,-0.4,0,allatom,9.0,2267,2267,2,2,4
2LZM,N144D,-0.4,0,allatom,10.0,2681,2681,3,3,6
2LZM,K147E,0.7,0,ca,6.0,474,474,0,0,0
2LZM,K147E,0.7,0,ca,7.0,631,631,0,0,0
2LZM,K147E,0.7,0,ca,8.0,753,753,0,0,0
2LZM,K147E,0.7,0,ca,9.0,1018,1018,0,0,0
2LZM,K147E,0.7,0,ca,10.0,1347,1347,0,0,0
2LZM,K147E,0.7,0,cb,6.0,372,372,0,0,0
2LZM,K147E,0.7,0,cb,7.0,565,565,0,0,0
2LZM,K147E,0.7,0,cb,8.0,784,784,0,0,0
2LZM,K147E,0.7,0,cb,9.0,995,995,0,0,0
2LZM,K147E,0.7,0,cb,10.0,1321,1321,0,0,0
2LZM,K147E,0.7,0,centroid,6.0,293,291,3,1,4
2LZM,K147E,0.7,0,centroid,7.0,486,484,5,3,8
2LZM,K147E,0.7,0,centroid,8.0,675,675,1,1,2
2LZM,K147E,0.7,0,centroid,9.0,927,926,4,3,7
2LZM,K147E,0.7,0,centroid,10.0,1265,1265,4,4,8
2LZM,K147E,0.7,0,allatom,6.0,1035,1034,1,0,1
2LZM,K147E,0.7,0,allatom,7.0,1383,1384,0,1,1
2LZM,K147E,0.7,0,allatom,8.0,1845,1845,1,1,2
2LZM,K147E,0.7,0,allatom,9.0,2267,2265,3,1,4
2LZM,K147E,0.7,0,allatom,10.0,2681,2682,0,1,1
2LZM,V149C,2.2,0,ca,6.0,474,474,0,0,0
2LZM,V149C,2.2,0,ca,7.0,631,631,0,0,0
2LZM,V149C,2.2,0,ca,8.0,753,753,0,0,0
2LZM,V149C,2.2,0,ca,9.0,1018,1018,0,0,0
2LZM,V149C,2.2,0,ca,10.0,1347,1347,0,0,0
2LZM,V149C,2.2,0,cb,6.0,372,372,0,0,0
2LZM,V149C,2.2,0,cb,7.0,565,565,0,0,0
2LZM,V149C,2.2,0,cb,8.0,784,784,0,0,0
2LZM,V149C,2.2,0,cb,9.0,995,995,0,0,0
2LZM,V149C,2.2,0,cb,10.0,1321,1321,0,0,0
2LZM,V149C,2.2,0,centroid,6.0,293,294,0,1,1
2LZM,V149C,2.2,0,centroid,7.0,486,485,2,1,3
2LZM,V149C,2.2,0,centroid,8.0,675,673,2,0,2
2LZM,V149C,2.2,0,centroid,9.0,927,929,0,2,2
2LZM,V149C,2.2,0,centroid,10.0,1265,1266,1,2,3
2LZM,V149C,2.2,0,allatom,6.0,1035,1035,0,0,0
2LZM,V149C,2.2,0,allatom,7.0,1383,1384,1,2,3
2LZM,V149C,2.2,0,allatom,8.0,1845,1844,2,1,3
2LZM,V149C,2.2,0,allatom,9.0,2267,2268,1,2,3
2LZM,V149C,2.2,0,allatom,10.0,2681,2681,1,1,2
2LZM,T152S,2.6,0,ca,6.0,474,474,0,0,0
2LZM,T152S,2.6,0,ca,7.0,631,631,0,0,0
2LZM,T152S,2.6,0,ca,8.0,753,753,0,0,0
2LZM,T152S,2.6,0,ca,9.0,1018,1018,0,0,0
2LZM,T152S,2.6,0,ca,10.0,1347,1347,0,0,0
2LZM,T152S,2.6,0,cb,6.0,372,372,0,0,0
2LZM,T152S,2.6,0,cb,7.0,565,565,0,0,0
2LZM,T152S,2.6,0,cb,8.0,784,784,0,0,0
2LZM,T152S,2.6,0,cb,9.0,995,995,0,0,0
2LZM,T152S,2.6,0,cb,10.0,1321,1321,0,0,0
2LZM,T152S,2.6,0,centroid,6.0,293,292,2,1,3
2LZM,T152S,2.6,0,centroid,7.0,486,485,1,0,1
2LZM,T152S,2.6,0,centroid,8.0,675,675,1,1,2
2LZM,T152S,2.6,0,centroid,9.0,927,926,2,1,3
2LZM,T152S,2.6,0,centroid,10.0,1265,1269,1,5,6
2LZM,T152S,2.6,0,allatom,6.0,1035,1035,0,0,0
2LZM,T152S,2.6,0,allatom,7.0,1383,1382,2,1,3
2LZM,T152S,2.6,0,allatom,8.0,1845,1847,2,4,6
2LZM,T152S,2.6,0,allatom,9.0,2267,2266,3,2,5
2LZM,T152S,2.6,0,allatom,10.0,2681,2676,5,0,5
2LZM,R154E,1.1,0,ca,6.0,474,474,0,0,0
2LZM,R154E,1.1,0,ca,7.0,631,631,0,0,0
2LZM,R154E,1.1,0,ca,8.0,753,753,0,0,0
2LZM,R154E,1.1,0,ca,9.0,1018,1018,0,0,0
2LZM,R154E,1.1,0,ca,10.0,1347,1347,0,0,0
2LZM,R154E,1.1,0,cb,6.0,372,372,0,0,0
2LZM,R154E,1.1,0,cb,7.0,565,565,0,0,0
2LZM,R154E,1.1,0,cb,8.0,784,784,0,0,0
2LZM,R154E,1.1,0,cb,9.0,995,995,0,0,0
2LZM,R154E,1.1,0,cb,10.0,1321,1321,0,0,0
2LZM,R154E,1.1,0,centroid,6.0,293,293,1,1,2
2LZM,R154E,1.1,0,centroid,7.0,486,486,1,1,2
2LZM,R154E,1.1,0,centroid,8.0,675,675,0,0,0
2LZM,R154E,1.1,0,centroid,9.0,927,925,3,1,4
2LZM,R154E,1.1,0,centroid,10.0,1265,1262,3,0,3
2LZM,R154E,1.1,0,allatom,6.0,1035,1032,3,0,3
2LZM,R154E,1.1,0,allatom,7.0,1383,1381,2,0,2
2LZM,R154E,1.1,0,allatom,8.0,1845,1844,1,0,1
2LZM,R154E,1.1,0,allatom,9.0,2267,2262,5,0,5
2LZM,R154E,1.1,0,allatom,10.0,2681,2678,3,0,3
2LZM,G156D,2.3,1,ca,6.0,474,474,0,0,0
2LZM,G156D,2.3,1,ca,7.0,631,631,0,0,0
2LZM,G156D,2.3,1,ca,8.0,753,753,0,0,0
2LZM,G156D,2.3,1,ca,9.0,1018,1018,0,0,0
2LZM,G156D,2.3,1,ca,10.0,1347,1347,0,0,0
2LZM,G156D,2.3,1,cb,6.0,372,373,0,1,1
2LZM,G156D,2.3,1,cb,7.0,565,564,1,0,1
2LZM,G156D,2.3,1,cb,8.0,784,784,0,0,0
2LZM,G156D,2.3,1,cb,9.0,995,992,4,1,5
2LZM,G156D,2.3,1,cb,10.0,1321,1319,3,1,4
2LZM,G156D,2.3,1,centroid,6.0,293,293,2,2,4
2LZM,G156D,2.3,1,centroid,7.0,486,485,1,0,1
2LZM,G156D,2.3,1,centroid,8.0,675,674,1,0,1
2LZM,G156D,2.3,1,centroid,9.0,927,923,6,2,8
2LZM,G156D,2.3,1,centroid,10.0,1265,1262,5,2,7
2LZM,G156D,2.3,1,allatom,6.0,1035,1036,1,2,3
2LZM,G156D,2.3,1,allatom,7.0,1383,1382,1,0,1
2LZM,G156D,2.3,1,allatom,8.0,1845,1848,0,3,3
2LZM,G156D,2.3,1,allatom,9.0,2267,2270,0,3,3
2LZM,G156D,2.3,1,allatom,10.0,2681,2682,1,2,3
2LZM,T157A,0.5,0,ca,6.0,474,474,0,0,0
2LZM,T157A,0.5,0,ca,7.0,631,631,0,0,0
2LZM,T157A,0.5,0,ca,8.0,753,753,0,0,0
2LZM,T157A,0.5,0,ca,9.0,1018,1018,0,0,0
2LZM,T157A,0.5,0,ca,10.0,1347,1347,0,0,0
2LZM,T157A,0.5,0,cb,6.0,372,372,0,0,0
2LZM,T157A,0.5,0,cb,7.0,565,565,0,0,0
2LZM,T157A,0.5,0,cb,8.0,784,784,0,0,0
2LZM,T157A,0.5,0,cb,9.0,995,995,0,0,0
2LZM,T157A,0.5,0,cb,10.0,1321,1321,0,0,0
2LZM,T157A,0.5,0,centroid,6.0,293,295,0,2,2
2LZM,T157A,0.5,0,centroid,7.0,486,487,0,1,1
2LZM,T157A,0.5,0,centroid,8.0,675,675,3,3,6
2LZM,T157A,0.5,0,centroid,9.0,927,928,1,2,3
2LZM,T157A,0.5,0,centroid,10.0,1265,1266,1,2,3
2LZM,T157A,0.5,0,allatom,6.0,1035,1036,0,1,1
2LZM,T157A,0.5,0,allatom,7.0,1383,1384,0,1,1
2LZM,T157A,0.5,0,allatom,8.0,1845,1849,0,4,4
2LZM,T157A,0.5,0,allatom,9.0,2267,2268,2,3,5
2LZM,T157A,0.5,0,allatom,10.0,2681,2680,2,1,3
2LZM,T157C,1.3,0,ca,6.0,474,474,0,0,0
2LZM,T157C,1.3,0,ca,7.0,631,631,0,0,0
2LZM,T157C,1.3,0,ca,8.0,753,753,0,0,0
2LZM,T157C,1.3,0,ca,9.0,1018,1018,0,0,0
2LZM,T157C,1.3,0,ca,10.0,1347,1347,0,0,0
2LZM,T157C,1.3,0,cb,6.0,372,372,0,0,0
2LZM,T157C,1.3,0,cb,7.0,565,565,0,0,0
2LZM,T157C,1.3,0,cb,8.0,784,784,0,0,0
2LZM,T157C,1.3,0,cb,9.0,995,995,0,0,0
2LZM,T157C,1.3,0,cb,10.0,1321,1321,0,0,0
2LZM,T157C,1.3,0,centroid,6.0,293,293,0,0,0
2LZM,T157C,1.3,0,centroid,7.0,486,486,0,0,0
2LZM,T157C,1.3,0,centroid,8.0,675,674,1,0,1
2LZM,T157C,1.3,0,centroid,9.0,927,927,0,0,0
2LZM,T157C,1.3,0,centroid,10.0,1265,1265,0,0,0
2LZM,T157C,1.3,0,allatom,6.0,1035,1035,0,0,0
2LZM,T157C,1.3,0,allatom,7.0,1383,1383,0,0,0
2LZM,T157C,1.3,0,allatom,8.0,1845,1845,0,0,0
2LZM,T157C,1.3,0,allatom,9.0,2267,2267,0,0,0
2LZM,T157C,1.3,0,allatom,10.0,2681,2681,0,0,0
2LZM,T157D,1.1,0,ca,6.0,474,474,0,0,0
2LZM,T157D,1.1,0,ca,7.0,631,631,0,0,0
2LZM,T157D,1.1,0,ca,8.0,753,753,0,0,0
2LZM,T157D,1.1,0,ca,9.0,1018,1018,0,0,0
2LZM,T157D,1.1,0,ca,10.0,1347,1347,0,0,0
2LZM,T157D,1.1,0,cb,6.0,372,372,0,0,0
2LZM,T157D,1.1,0,cb,7.0,565,565,0,0,0
2LZM,T157D,1.1,0,cb,8.0,784,784,0,0,0
2LZM,T157D,1.1,0,cb,9.0,995,995,0,0,0
2LZM,T157D,1.1,0,cb,10.0,1321,1321,0,0,0
2LZM,T157D,1.1,0,centroid,6.0,293,295,0,2,2
2LZM,T157D,1.1,0,centroid,7.0,486,488,0,2,2
2LZM,T157D,1.1,0,centroid,8.0,675,675,4,4,8
2LZM,T157D,1.1,0,centroid,9.0,927,925,4,2,6
2LZM,T157D,1.1,0,centroid,10.0,1265,1265,2,2,4
2LZM,T157D,1.1,0,allatom,6.0,1035,1037,0,2,2
2LZM,T157D,1.1,0,allatom,7.0,1383,1384,0,1,1
2LZM,T157D,1.1,0,allatom,8.0,1845,1849,0,4,4
2LZM,T157D,1.1,0,allatom,9.0,2267,2268,2,3,5
2LZM,T157D,1.1,0,allatom,10.0,2681,2680,2,1,3
2LZM,T157E,0.8,0,ca,6.0,474,474,0,0,0
2LZM,T157E,0.8,0,ca,7.0,631,631,0,0,0
2LZM,T157E,0.8,0,ca,8.0,753,753,0,0,0
2LZM,T157E,0.8,0,ca,9.0,1018,1018,0,0,0
2LZM,T157E,0.8,0,ca,10.0,1347,1347,0,0,0
2LZM,T157E,0.8,0,cb,6.0,372,372,0,0,0
2LZM,T157E,0.8,0,cb,7.0,565,565,0,0,0
2LZM,T157E,0.8,0,cb,8.0,784,784,0,0,0
2LZM,T157E,0.8,0,cb,9.0,995,995,0,0,0
2LZM,T157E,0.8,0,cb,10.0,1321,1321,0,0,0
2LZM,T157E,0.8,0,centroid,6.0,293,293,2,2,4
2LZM,T157E,0.8,0,centroid,7.0,486,487,0,1,1
2LZM,T157E,0.8,0,centroid,8.0,675,674,4,3,7
2LZM,T157E,0.8,0,centroid,9.0,927,924,5,2,7
2LZM,T157E,0.8,0,centroid,10.0,1265,1265,2,2,4
2LZM,T157E,0.8,0,allatom,6.0,1035,1037,0,2,2
2LZM,T157E,0.8,0,allatom,7.0,1383,1384,0,1,1
2LZM,T157E,0.8,0,allatom,8.0,1845,1849,0,4,4
2LZM,T157E,0.8,0,allatom,9.0,2267,2268,2,3,5
2LZM,T157E,0.8,0,allatom,10.0,2681,2679,3,1,4
2LZM,T157F,2.4,0,ca,6.0,474,474,0,0,0
2LZM,T157F,2.4,0,ca,7.0,631,631,0,0,0
2LZM,T157F,2.4,0,ca,8.0,753,753,0,0,0
2LZM,T157F,2.4,0,ca,9.0,1018,1018,0,0,0
2LZM,T157F,2.4,0,ca,10.0,1347,1347,0,0,0
2LZM,T157F,2.4,0,cb,6.0,372,372,0,0,0
2LZM,T157F,2.4,0,cb,7.0,565,565,0,0,0
2LZM,T157F,2.4,0,cb,8.0,784,784,0,0,0
2LZM,T157F,2.4,0,cb,9.0,995,995,0,0,0
2LZM,T157F,2.4,0,cb,10.0,1321,1321,0,0,0
2LZM,T157F,2.4,0,centroid,6.0,293,293,0,0,0
2LZM,T157F,2.4,0,centroid,7.0,486,485,1,0,1
2LZM,T157F,2.4,0,centroid,8.0,675,672,3,0,3
2LZM,T157F,2.4,0,centroid,9.0,927,923,4,0,4
2LZM,T157F,2.4,0,centroid,10.0,1265,1264,1,0,1
2LZM,T157F,2.4,0,allatom,6.0,1035,1035,0,0,0
2LZM,T157F,2.4,0,allatom,7.0,1383,1383,0,0,0
2LZM,T157F,2.4,0,allatom,8.0,1845,1845,0,0,0
2LZM,T157F,2.4,0,allatom,9.0,2267,2267,0,0,0
2LZM,T157F,2.4,0,allatom,10.0,2681,2681,0,0,0
2LZM,T157G,1.1,1,ca,6.0,474,474,0,0,0
2LZM,T157G,1.1,1,ca,7.0,631,631,0,0,0
2LZM,T157G,1.1,1,ca,8.0,753,753,0,0,0
2LZM,T157G,1.1,1,ca,9.0,1018,1018,0,0,0
2LZM,T157G,1.1,1,ca,10.0,1347,1347,0,0,0
2LZM,T157G,1.1,1,cb,6.0,372,373,0,1,1
2LZM,T157G,1.1,1,cb,7.0,565,566,0,1,1
2LZM,T157G,1.1,1,cb,8.0,784,784,0,0,0
2LZM,T157G,1.1,1,cb,9.0,995,997,1,3,4
2LZM,T157G,1.1,1,cb,10.0,1321,1325,0,4,4
2LZM,T157G,1.1,1,centroid,6.0,293,298,0,5,5
2LZM,T157G,1.1,1,centroid,7.0,486,489,0,3,3
2LZM,T157G,1.1,1,centroid,8.0,675,675,3,3,6
2LZM,T157G,1.1,1,centroid,9.0,927,929,1,3,4
2LZM,T157G,1.1,1,centroid,10.0,1265,1270,1,6,7
2LZM,T157G,1.1,1,allatom,6.0,1035,1036,0,1,1
2LZM,T157G,1.1,1,allatom,7.0,1383,1383,1,1,2
2LZM,T157G,1.1,1,allatom,8.0,1845,1851,0,6,6
2LZM,T157G,1.1,1,allatom,9.0,2267,2267,2,2,4
2LZM,T157G,1.1,1,allatom,10.0,2681,2680,2,1,3
2LZM,T157H,2.1,0,ca,6.0,474,474,0,0,0
2LZM,T157H,2.1,0,ca,7.0,631,631,0,0,0
2LZM,T157H,2.1,0,ca,8.0,753,753,0,0,0
2LZM,T157H,2.1,0,ca,9.0,1018,1018,0,0,0
2LZM,T157H,2.1,0,ca,10.0,1347,1347,0,0,0
2LZM,T157H,2.1,0,cb,6.0,372,372,0,0,0
2LZM,T157H,2.1,0,cb,7.0,565,565,0,0,0
2LZM,T157H,2.1,0,cb,8.0,784,784,0,0,0
2LZM,T157H,2.1,0,cb,9.0,995,995,0,0,0
2LZM,T157H,2.1,0,cb,10.0,1321,1321,0,0,0
2LZM,T157H,2.1,0,centroid,6.0,293,295,0,2,2
2LZM,T157H,2.1,0,centroid,7.0,486,486,1,1,2
2LZM,T157H,2.1,0,centroid,8.0,675,672,5,2,7
2LZM,T157H,2.1,0,centroid,9.0,927,926,3,2,5
2LZM,T157H,2.1,0,centroid,10.0,1265,1265,2,2,4
2LZM,T157H,2.1,0,allatom,6.0,1035,1036,0,1,1
2LZM,T157H,2.1,0,allatom,7.0,1383,1384,0,1,1
2LZM,T157H,2.1,0,allatom,8.0,1845,1849,0,4,4
2LZM,T157H,2.1,0,allatom,9.0,2267,2268,2,3,5
2LZM,T157H,2.1,0,allatom,10.0,2681,2680,2,1,3
2LZM,T157I,1.5,0,ca,6.0,474,474,0,0,0
2LZM,T157I,1.5,0,ca,7.0,631,631,0,0,0
2LZM,T157I,1.5,0,ca,8.0,753,753,0,0,0
2LZM,T157I,1.5,0,ca,9.0,1018,1018,0,0,0
2LZM,T157I,1.5,0,ca,10.0,1347,1347,0,0,0
2LZM,T157I,1.5,0,cb,6.0,372,372,0,0,0
2LZM,T157I,1.5,0,cb,7.0,565,565,0,0,0
2LZM,T157I,1.5,0,cb,8.0,784,784,0,0,0
2LZM,T157I,1.5,0,cb,9.0,995,995,0,0,0
2LZM,T157I,1.5,0,cb,10.0,1321,1321,0,0,0
2LZM,T157I,1.5,0,centroid,6.0,293,292,1,0,1
2LZM,T157I,1.5,0,centroid,7.0,486,487,0,1,1
2LZM,T157I,1.5,0,centroid,8.0,675,672,3,0,3
2LZM,T157I,1.5,0,centroid,9.0,927,923,4,0,4
2LZM,T157I,1.5,0,centroid,10.0,1265,1262,3,0,3
2LZM,T157I,1.5,0,allatom,6.0,1035,1035,0,0,0
2LZM,T157I,1.5,0,allatom,7.0,1383,1383,0,0,0
2LZM,T157I,1.5,0,allatom,8.0,1845,1845,0,0,0
2LZM,T157I,1.5,0,allatom,9.0,2267,2267,0,0,0
2LZM,T157I,1.5,0,allatom,10.0,2681,2681,0,0,0
2LZM,T157L,1.7,0,ca,6.0,474,474,0,0,0
2LZM,T157L,1.7,0,ca,7.0,631,631,0,0,0
2LZM,T157L,1.7,0,ca,8.0,753,753,0,0,0
2LZM,T157L,1.7,0,ca,9.0,1018,1018,0,0,0
2LZM,T157L,1.7,0,ca,10.0,1347,1347,0,0,0
2LZM,T157L,1.7,0,cb,6.0,372,372,0,0,0
2LZM,T157L,1.7,0,cb,7.0,565,565,0,0,0
2LZM,T157L,1.7,0,cb,8.0,784,784,0,0,0
2LZM,T157L,1.7,0,cb,9.0,995,995,0,0,0
2LZM,T157L,1.7,0,cb,10.0,1321,1321,0,0,0
2LZM,T157L,1.7,0,centroid,6.0,293,295,0,2,2
2LZM,T157L,1.7,0,centroid,7.0,486,486,1,1,2
2LZM,T157L,1.7,0,centroid,8.0,675,673,5,3,8
2LZM,T157L,1.7,0,centroid,9.0,927,927,2,2,4
2LZM,T157L,1.7,0,centroid,10.0,1265,1267,0,2,2
2LZM,T157L,1.7,0,allatom,6.0,1035,1036,0,1,1
2LZM,T157L,1.7,0,allatom,7.0,1383,1384,0,1,1
2LZM,T157L,1.7,0,allatom,8.0,1845,1849,0,4,4
2LZM,T157L,1.7,0,allatom,9.0,2267,2268,2,3,5
2LZM,T157L,1.7,0,allatom,10.0,2681,2680,2,1,3
2LZM,T157N,1.2,0,ca,6.0,474,474,0,0,0
2LZM,T157N,1.2,0,ca,7.0,631,631,0,0,0
2LZM,T157N,1.2,0,ca,8.0,753,753,0,0,0
2LZM,T157N,1.2,0,ca,9.0,1018,1018,0,0,0
2LZM,T157N,1.2,0,ca,10.0,1347,1347,0,0,0
2LZM,T157N,1.2,0,cb,6.0,372,372,0,0,0
2LZM,T157N,1.2,0,cb,7.0,565,565,0,0,0
2LZM,T157N,1.2,0,cb,8.0,784,784,0,0,0
2LZM,T157N,1.2,0,cb,9.0,995,995,0,0,0
2LZM,T157N,1.2,0,cb,10.0,1321,1321,0,0,0
2LZM,T157N,1.2,0,centroid,6.0,293,292,2,1,3
2LZM,T157N,1.2,0,centroid,7.0,486,486,0,0,0
2LZM,T157N,1.2,0,centroid,8.0,675,672,4,1,5
2LZM,T157N,1.2,0,centroid,9.0,927,921,6,0,6
2LZM,T157N,1.2,0,centroid,10.0,1265,1264,2,1,3
2LZM,T157N,1.2,0,allatom,6.0,1035,1036,0,1,1
2LZM,T157N,1.2,0,allatom,7.0,1383,1383,0,0,0
2LZM,T157N,1.2,0,allatom,8.0,1845,1845,0,0,0
2LZM,T157N,1.2,0,allatom,9.0,2267,2265,2,0,2
2LZM,T157N,1.2,0,allatom,10.0,2681,2678,3,0,3
2LZM,T157R,-0.3,0,ca,6.0,474,474,0,0,0
2LZM,T157R,-0.3,0,ca,7.0,631,631,0,0,0
2LZM,T157R,-0.3,0,ca,8.0,753,753,0,0,0
2LZM,T157R,-0.3,0,ca,9.0,1018,1018,0,0,0
2LZM,T157R,-0.3,0,ca,10.0,1347,1347,0,0,0
2LZM,T157R,-0.3,0,cb,6.0,372,372,0,0,0
2LZM,T157R,-0.3,0,cb,7.0,565,565,0,0,0
2LZM,T157R,-0.3,0,cb,8.0,784,784,0,0,0
2LZM,T157R,-0.3,0,cb,9.0,995,995,0,0,0
2LZM,T157R,-0.3,0,cb,10.0,1321,1321,0,0,0
2LZM,T157R,-0.3,0,centroid,6.0,293,292,3,2,5
2LZM,T157R,-0.3,0,centroid,7.0,486,486,0,0,0
2LZM,T157R,-0.3,0,centroid,8.0,675,673,2,0,2
2LZM,T157R,-0.3,0,centroid,9.0,927,923,5,1,6
2LZM,T157R,-0.3,0,centroid,10.0,1265,1263,3,1,4
2LZM,T157R,-0.3,0,allatom,6.0,1035,1035,0,0,0
2LZM,T157R,-0.3,0,allatom,7.0,1383,1382,1,0,1
2LZM,T157R,-0.3,0,allatom,8.0,1845,1848,0,3,3
2LZM,T157R,-0.3,0,allatom,9.0,2267,2268,0,1,1
2LZM,T157R,-0.3,0,allatom,10.0,2681,2680,1,0,1
2LZM,T157S,0.7,0,ca,6.0,474,474,0,0,0
2LZM,T157S,0.7,0,ca,7.0,631,631,0,0,0
2LZM,T157S,0.7,0,ca,8.0,753,753,0,0,0
2LZM,T157S,0.7,0,ca,9.0,1018,1018,0,0,0
2LZM,T157S,0.7,0,ca,10.0,1347,1347,0,0,0
2LZM,T157S,0.7,0,cb,6.0,372,372,0,0,0
2LZM,T157S,0.7,0,cb,7.0,565,565,0,0,0
2LZM,T157S,0.7,0,cb,8.0,784,784,0,0,0
2LZM,T157S,0.7,0,cb,9.0,995,995,0,0,0
2LZM,T157S,0.7,0,cb,10.0,1321,1321,0,0,0
2LZM,T157S,0.7,0,centroid,6.0,293,292,1,0,1
2LZM,T157S,0.7,0,centroid,7.0,486,487,0,1,1
2LZM,T157S,0.7,0,centroid,8.0,675,677,0,2,2
2LZM,T157S,0.7,0,centroid,9.0,927,925,2,0,2
2LZM,T157S,0.7,0,centroid,10.0,1265,1266,0,1,1
2LZM,T157S,0.7,0,allatom,6.0,1035,1035,0,0,0
2LZM,T157S,0.7,0,allatom,7.0,1383,1383,0,0,0
2LZM,T157S,0.7,0,allatom,8.0,1845,1845,0,0,0
2LZM,T157S,0.7,0,allatom,9.0,2267,2267,0,0,0
2LZM,T157S,0.7,0,allatom,10.0,2681,2681,0,0,0
2LZM,T157V,1.2,0,ca,6.0,474,474,0,0,0
2LZM,T157V,1.2,0,ca,7.0,631,631,0,0,0
2LZM,T157V,1.2,0,ca,8.0,753,753,0,0,0
2LZM,T157V,1.2,0,ca,9.0,1018,1018,0,0,0
2LZM,T157V,1.2,0,ca,10.0,1347,1347,0,0,0
2LZM,T157V,1.2,0,cb,6.0,372,372,0,0,0
2LZM,T157V,1.2,0,cb,7.0,565,565,0,0,0
2LZM,T157V,1.2,0,cb,8.0,784,784,0,0,0
2LZM,T157V,1.2,0,cb,9.0,995,995,0,0,0
2LZM,T157V,1.2,0,cb,10.0,1321,1321,0,0,0
2LZM,T157V,1.2,0,centroid,6.0,293,292,1,0,1
2LZM,T157V,1.2,0,centroid,7.0,486,487,0,1,1
2LZM,T157V,1.2,0,centroid,8.0,675,674,1,0,1
2LZM,T157V,1.2,0,centroid,9.0,927,924,3,0,3
2LZM,T157V,1.2,0,centroid,10.0,1265,1263,2,0,2
2LZM,T157V,1.2,0,allatom,6.0,1035,1035,0,0,0
2LZM,T157V,1.2,0,allatom,7.0,1383,1383,0,0,0
2LZM,T157V,1.2,0,allatom,8.0,1845,1845,0,0,0
2LZM,T157V,1.2,0,allatom,9.0,2267,2267,0,0,0
2LZM,T157V,1.2,0,allatom,10.0,2681,2681,0,0,0
2RN2,D10N,-0.9,0,ca,6.0,436,436,0,0,0
2RN2,D10N,-0.9,0,ca,7.0,632,632,0,0,0
2RN2,D10N,-0.9,0,ca,8.0,779,779,0,0,0
2RN2,D10N,-0.9,0,ca,9.0,1026,1026,0,0,0
2RN2,D10N,-0.9,0,ca,10.0,1360,1360,0,0,0
2RN2,D10N,-0.9,0,cb,6.0,356,356,0,0,0
2RN2,D10N,-0.9,0,cb,7.0,543,543,0,0,0
2RN2,D10N,-0.9,0,cb,8.0,782,782,0,0,0
2RN2,D10N,-0.9,0,cb,9.0,1001,1001,0,0,0
2RN2,D10N,-0.9,0,cb,10.0,1323,1323,0,0,0
2RN2,D10N,-0.9,0,centroid,6.0,284,284,1,1,2
2RN2,D10N,-0.9,0,centroid,7.0,464,464,5,5,10
2RN2,D10N,-0.9,0,centroid,8.0,652,654,2,4,6
2RN2,D10N,-0.9,0,centroid,9.0,908,909,5,6,11
2RN2,D10N,-0.9,0,centroid,10.0,1214,1217,3,6,9
2RN2,D10N,-0.9,0,allatom,6.0,998,995,5,2,7
2RN2,D10N,-0.9,0,allatom,7.0,1316,1315,3,2,5
2RN2,D10N,-0.9,0,allatom,8.0,1793,1797,1,5,6
2RN2,D10N,-0.9,0,allatom,9.0,2171,2174,2,5,7
2RN2,D10N,-0.9,0,allatom,10.0,2616,2617,4,5,9
2RN2,E48Q,-0.2,0,ca,6.0,436,436,0,0,0
2RN2,E48Q,-0.2,0,ca,7.0,632,632,0,0,0
2RN2,E48Q,-0.2,0,ca,8.0,779,779,0,0,0
2RN2,E48Q,-0.2,0,ca,9.0,1026,1026,0,0,0
2RN2,E48Q,-0.2,0,ca,10.0,1360,1360,0,0,0
2RN2,E48Q,-0.2,0,cb,6.0,356,356,0,0,0
2RN2,E48Q,-0.2,0,cb,7.0,543,543,0,0,0
2RN2,E48Q,-0.2,0,cb,8.0,782,782,0,0,0
2RN2,E48Q,-0.2,0,cb,9.0,1001,1001,0,0,0
2RN2,E48Q,-0.2,0,cb,10.0,1323,1323,0,0,0
2RN2,E48Q,-0.2,0,centroid,6.0,284,284,1,1,2
2RN2,E48Q,-0.2,0,centroid,7.0,464,467,0,3,3
2RN2,E48Q,-0.2,0,centroid,8.0,652,654,2,4,6
2RN2,E48Q,-0.2,0,centroid,9.0,908,907,7,6,13
2RN2,E48Q,-0.2,0,centroid,10.0,1214,1211,5,2,7
2RN2,E48Q,-0.2,0,allatom,6.0,998,999,3,4,7
2RN2,E48Q,-0.2,0,allatom,7.0,1316,1312,6,2,8
2RN2,E48Q,-0.2,0,allatom,8.0,1793,1791,6,4,10
2RN2,E48Q,-0.2,0,allatom,9.0,2171,2172,3,4,7
2RN2,E48Q,-0.2,0,allatom,10.0,2616,2613,5,2,7
2RN2,A52F,0.5,0,ca,6.0,436,436,0,0,0
2RN2,A52F,0.5,0,ca,7.0,632,632,0,0,0
2RN2,A52F,0.5,0,ca,8.0,779,779,0,0,0
2RN2,A52F,0.5,0,ca,9.0,1026,1026,0,0,0
2RN2,A52F,0.5,0,ca,10.0,1360,1360,0,0,0
2RN2,A52F,0.5,0,cb,6.0,356,356,0,0,0
2RN2,A52F,0.5,0,cb,7.0,543,543,0,0,0
2RN2,A52F,0.5,0,cb,8.0,782,782,0,0,0
2RN2,A52F,0.5,0,cb,9.0,1001,1001,0,0,0
2RN2,A52F,0.5,0,cb,10.0,1323,1323,0,0,0
2RN2,A52F,0.5,0,centroid,6.0,284,285,4,5,9
2RN2,A52F,0.5,0,centroid,7.0,464,467,6,9,15
2RN2,A52F,0.5,0,centroid,8.0,652,652,6,6,12
2RN2,A52F,0.5,0,centroid,9.0,908,911,8,11,19
2RN2,A52F,0.5,0,centroid,10.0,1214,1215,10,11,21
2RN2,A52F,0.5,0,allatom,6.0,998,1006,2,10,12
2RN2,A52F,0.5,0,allatom,7.0,1316,1324,4,12,16
2RN2,A52F,0.5,0,allatom,8.0,1793,1800,8,15,23
2RN2,A52F,0.5,0,allatom,9.0,2171,2183,7,19,26
2RN2,A52F,0.5,0,allatom,10.0,2616,2620,5,9,14
2RN2,A52I,-1.9,0,ca,6.0,436,436,0,0,0
2RN2,A52I,-1.9,0,ca,7.0,632,632,0,0,0
2RN2,A52I,-1.9,0,ca,8.0,779,779,0,0,0
2RN2,A52I,-1.9,0,ca,9.0,1026,1026,0,0,0
2RN2,A52I,-1.9,0,ca,10.0,1360,1360,0,0,0
2RN2,A52I,-1.9,0,cb,6.0,356,356,0,0,0
2RN2,A52I,-1.9,0,cb,7.0,543,543,0,0,0
2RN2,A52I,-1.9,0,cb,8.0,782,783,0,1,1
2RN2,A52I,-1.9,0,cb,9.0,1001,1001,0,0,0
2RN2,A52I,-1.9,0,cb,10.0,1323,1324,0,1,1
2RN2,A52I,-1.9,0,centroid,6.0,284,282,2,0,2
2RN2,A52I,-1.9,0,centroid,7.0,464,465,0,1,1
2RN2,A52I,-1.9,0,centroid,8.0,652,654,0,2,2
2RN2,A52I,-1.9,0,centroid,9.0,908,908,2,2,4
2RN2,A52I,-1.9,0,centroid,10.0,1214,1212,3,1,4
2RN2,A52I,-1.9,0,allatom,6.0,998,1002,0,4,4
2RN2,A52I,-1.9,0,allatom,7.0,1316,1321,0,5,5
2RN2,A52I,-1.9,0,allatom,8.0,1793,1800,0,7,7
2RN2,A52I,-1.9,0,allatom,9.0,2171,2176,0,5,5
2RN2,A52I,-1.9,0,allatom,10.0,2616,2624,0,8,8
2RN2,A52L,-1.3,0,ca,6.0,436,436,0,0,0
2RN2,A52L,-1.3,0,ca,7.0,632,632,0,0,0
2RN2,A52L,-1.3,0,ca,8.0,779,779,0,0,0
2RN2,A52L,-1.3,0,ca,9.0,1026,1026,0,0,0
2RN2,A52L,-1.3,0,ca,10.0,1360,1360,0,0,0
2RN2,A52L,-1.3,0,cb,6.0,356,356,0,0,0
2RN2,A52L,-1.3,0,cb,7.0,543,543,0,0,0
2RN2,A52L,-1.3,0,cb,8.0,782,782,0,0,0
2RN2,A52L,-1.3,0,cb,9.0,1001,1001,0,0,0
2RN2,A52L,-1.3,0,cb,10.0,1323,1323,0,0,0
2RN2,A52L,-1.3,0,centroid,6.0,284,283,2,1,3
2RN2,A52L,-1.3,0,centroid,7.0,464,464,2,2,4
2RN2,A52L,-1.3,0,centroid,8.0,652,653,1,2,3
2RN2,A52L,-1.3,0,centroid,9.0,908,906,3,1,4
2RN2,A52L,-1.3,0,centroid,10.0,1214,1214,3,3,6
2RN2,A52L,-1.3,0,allatom,6.0,998,1003,0,5,5
2RN2,A52L,-1.3,0,allatom,7.0,1316,1321,0,5,5
2RN2,A52L,-1.3,0,allatom,8.0,1793,1798,1,6,7
2RN2,A52L,-1.3,0,allatom,9.0,2171,2178,2,9,11
2RN2,A52L,-1.3,0,allatom,10.0,2616,2622,1,7,8
2RN2,A52V,-1.7,0,ca,6.0,436,436,0,0,0
2RN2,A52V,-1.7,0,ca,7.0,632,632,0,0,0
2RN2,A52V,-1.7,0,ca,8.0,779,779,0,0,0
2RN2,A52V,-1.7,0,ca,9.0,1026,1026,0,0,0
2RN2,A52V,-1.7,0,ca,10.0,1360,1360,0,0,0
2RN2,A52V,-1.7,0,cb,6.0,356,356,0,0,0
2RN2,A52V,-1.7,0,cb,7.0,543,543,0,0,0
2RN2,A52V,-1.7,0,cb,8.0,782,783,0,1,1
2RN2,A52V,-1.7,0,cb,9.0,1001,1001,0,0,0
2RN2,A52V,-1.7,0,cb,10.0,1323,1324,0,1,1
2RN2,A52V,-1.7,0,centroid,6.0,284,283,1,0,1
2RN2,A52V,-1.7,0,centroid,7.0,464,465,0,1,1
2RN2,A52V,-1.7,0,centroid,8.0,652,653,0,1,1
2RN2,A52V,-1.7,0,centroid,9.0,908,908,1,1,2
2RN2,A52V,-1.7,0,centroid,10.0,1214,1213,1,0,1
2RN2,A52V,-1.7,0,allatom,6.0,998,1000,0,2,2
2RN2,A52V,-1.7,0,allatom,7.0,1316,1319,0,3,3
2RN2,A52V,-1.7,0,allatom,8.0,1793,1797,0,4,4
2RN2,A52V,-1.7,0,allatom,9.0,2171,2174,0,3,3
2RN2,A52V,-1.7,0,allatom,10.0,2616,2622,0,6,6
2RN2,H62A,-0.4,0,ca,6.0,436,436,0,0,0
2RN2,H62A,-0.4,0,ca,7.0,632,632,0,0,0
2RN2,H62A,-0.4,0,ca,8.0,779,779,0,0,0
2RN2,H62A,-0.4,0,ca,9.0,1026,1026,0,0,0
2RN2,H62A,-0.4,0,ca,10.0,1360,1360,0,0,0
2RN2,H62A,-0.4,0,cb,6.0,356,356,0,0,0
2RN2,H62A,-0.4,0,cb,7.0,543,543,0,0,0
2RN2,H62A,-0.4,0,cb,8.0,782,782,0,0,0
2RN2,H62A,-0.4,0,cb,9.0,1001,1001,0,0,0
2RN2,H62A,-0.4,0,cb,10.0,1323,1323,0,0,0
2RN2,H62A,-0.4,0,centroid,6.0,284,285,1,2,3
2RN2,H62A,-0.4,0,centroid,7.0,464,467,1,4,5
2RN2,H62A,-0.4,0,centroid,8.0,652,653,0,1,1
2RN2,H62A,-0.4,0,centroid,9.0,908,910,0,2,2
2RN2,H62A,-0.4,0,centroid,10.0,1214,1217,1,4,5
2RN2,H62A,-0.4,0,allatom,6.0,998,997,1,0,1
2RN2,H62A,-0.4,0,allatom,7.0,1316,1315,1,0,1
2RN2,H62A,-0.4,0,allatom,8.0,1793,1793,2,2,4
2RN2,H62A,-0.4,0,allatom,9.0,2171,2171,1,1,2
2RN2,H62A,-0.4,0,allatom,10.0,2616,2616,1,1,2
2RN2,H62P,-1.1,0,ca,6.0,436,436,0,0,0
2RN2,H62P,-1.1,0,ca,7.0,632,632,0,0,0
2RN2,H62P,-1.1,0,ca,8.0,779,779,0,0,0
2RN2,H62P,-1.1,0,ca,9.0,1026,1026,0,0,0
2RN2,H62P,-1.1,0,ca,10.0,1360,1360,0,0,0
2RN2,H62P,-1.1,0,cb,6.0,356,355,1,0,1
2RN2,H62P,-1.1,0,cb,7.0,543,543,0,0,0
2RN2,H62P,-1.1,0,cb,8.0,782,782,0,0,0
2RN2,H62P,-1.1,0,cb,9.0,1001,1000,1,0,1
2RN2,H62P,-1.1,0,cb,10.0,1323,1323,0,0,0
2RN2,H62P,-1.1,0,centroid,6.0,284,283,1,0,1
2RN2,H62P,-1.1,0,centroid,7.0,464,467,1,4,5
2RN2,H62P,-1.1,0,centroid,8.0,652,651,1,0,1
2RN2,H62P,-1.1,0,centroid,9.0,908,908,1,1,2
2RN2,H62P,-1.1,0,centroid,10.0,1214,1216,1,3,4
2RN2,H62P,-1.1,0,allatom,6.0,998,997,1,0,1
2RN2,H62P,-1.1,0,allatom,7.0,1316,1314,2,0,2
2RN2,H62P,-1.1,0,allatom,8.0,1793,1793,2,2,4
2RN2,H62P,-1.1,0,allatom,9.0,2171,2170,2,1,3
2RN2,H62P,-1.1,0,allatom,10.0,2616,2614,3,1,4
2RN2,D70N,-0.9,0,ca,6.0,436,436,0,0,0
2RN2,D70N,-0.9,0,ca,7.0,632,632,0,0,0
2RN2,D70N,-0.9,0,ca,8.0,779,779,0,0,0
2RN2,D70N,-0.9,0,ca,9.0,1026,1026,0,0,0
2RN2,D70N,-0.9,0,ca,10.0,1360,1360,0,0,0
2RN2,D70N,-0.9,0,cb,6.0,356,356,0,0,0
2RN2,D70N,-0.9,0,cb,7.0,543,543,0,0,0
2RN2,D70N,-0.9,0,cb,8.0,782,782,0,0,0
2RN2,D70N,-0.9,0,cb,9.0,1001,1001,0,0,0
2RN2,D70N,-0.9,0,cb,10.0,1323,1323,0,0,0
2RN2,D70N,-0.9,0,centroid,6.0,284,284,0,0,0
2RN2,D70N,-0.9,0,centroid,7.0,464,467,0,3,3
2RN2,D70N,-0.9,0,centroid,8.0,652,651,1,0,1
2RN2,D70N,-0.9,0,centroid,9.0,908,908,1,1,2
2RN2,D70N,-0.9,0,centroid,10.0,1214,1215,1,2,3
2RN2,D70N,-0.9,0,allatom,6.0,998,995,4,1,5
2RN2,D70N,-0.9,0,allatom,7.0,1316,1317,2,3,5
2RN2,D70N,-0.9,0,allatom,8.0,1793,1796,0,3,3
2RN2,D70N,-0.9,0,allatom,9.0,2171,2176,1,6,7
2RN2,D70N,-0.9,0,allatom,10.0,2616,2616,2,2,4
2RN2,V74L,-1.0,0,ca,6.0,436,436,0,0,0
2RN2,V74L,-1.0,0,ca,7.0,632,632,0,0,0
2RN2,V74L,-1.0,0,ca,8.0,779,779,0,0,0
2RN2,V74L,-1.0,0,ca,9.0,1026,1026,0,0,0
2RN2,V74L,-1.0,0,ca,10.0,1360,1360,0,0,0
2RN2,V74L,-1.0,0,cb,6.0,356,356,0,0,0
2RN2,V74L,-1.0,0,cb,7.0,543,543,0,0,0
2RN2,V74L,-1.0,0,cb,8.0,782,782,0,0,0
2RN2,V74L,-1.0,0,cb,9.0,1001,1001,0,0,0
2RN2,V74L,-1.0,0,cb,10.0,1323,1323,0,0,0
2RN2,V74L,-1.0,0,centroid,6.0,284,287,0,3,3
2RN2,V74L,-1.0,0,centroid,7.0,464,465,2,3,5
2RN2,V74L,-1.0,0,centroid,8.0,652,651,1,0,1
2RN2,V74L,-1.0,0,centroid,9.0,908,909,1,2,3
2RN2,V74L,-1.0,0,centroid,10.0,1214,1211,6,3,9
2RN2,V74L,-1.0,0,allatom,6.0,998,1000,1,3,4
2RN2,V74L,-1.0,0,allatom,7.0,1316,1316,2,2,4
2RN2,V74L,-1.0,0,allatom,8.0,1793,1794,3,4,7
2RN2,V74L,-1.0,0,allatom,9.0,2171,2175,1,5,6
2RN2,V74L,-1.0,0,allatom,10.0,2616,2623,1,8,9
2RN2,V74I,-0.6,0,ca,6.0,436,436,0,0,0
2RN2,V74I,-0.6,0,ca,7.0,632,632,0,0,0
2RN2,V74I,-0.6,0,ca,8.0,779,779,0,0,0
2RN2,V74I,-0.6,0,ca,9.0,1026,1026,0,0,0
2RN2,V74I,-0.6,0,ca,10.0,1360,1360,0,0,0
2RN2,V74I,-0.6,0,cb,6.0,356,356,0,0,0
2RN2,V74I,-0.6,0,cb,7.0,543,543,0,0,0
2RN2,V74I,-0.6,0,cb,8.0,782,782,0,0,0
2RN2,V74I,-0.6,0,cb,9.0,1001,1001,0,0,0
2RN2,V74I,-0.6,0,cb,10.0,1323,1323,0,0,0
2RN2,V74I,-0.6,0,centroid,6.0,284,285,1,2,3
2RN2,V74I,-0.6,0,centroid,7.0,464,465,1,2,3
2RN2,V74I,-0.6,0,centroid,8.0,652,652,1,1,2
2RN2,V74I,-0.6,0,centroid,9.0,908,909,2,3,5
2RN2,V74I,-0.6,0,centroid,10.0,1214,1215,0,1,1
2RN2,V74I,-0.6,0,allatom,6.0,998,1001,0,3,3
2RN2,V74I,-0.6,0,allatom,7.0,1316,1319,1,4,5
2RN2,V74I,-0.6,0,allatom,8.0,1793,1796,0,3,3
2RN2,V74I,-0.6,0,allatom,9.0,2171,2173,1,3,4
2RN2,V74I,-0.6,0,allatom,10.0,2616,2619,2,5,7
2RN2,G77A,0.9,1,ca,6.0,436,436,0,0,0
2RN2,G77A,0.9,1,ca,7.0,632,632,0,0,0
2RN2,G77A,0.9,1,ca,8.0,779,779,0,0,0
2RN2,G77A,0.9,1,ca,9.0,1026,1026,0,0,0
2RN2,G77A,0.9,1,ca,10.0,1360,1360,0,0,0
2RN2,G77A,0.9,1,cb,6.0,356,356,1,1,2
2RN2,G77A,0.9,1,cb,7.0,543,542,2,1,3
2RN2,G77A,0.9,1,cb,8.0,782,783,0,1,1
2RN2,G77A,0.9,1,cb,9.0,1001,1005,0,4,4
2RN2,G77A,0.9,1,cb,10.0,1323,1329,1,7,8
2RN2,G77A,0.9,1,centroid,6.0,284,285,1,2,3
2RN2,G77A,0.9,1,centroid,7.0,464,464,2,2,4
2RN2,G77A,0.9,1,centroid,8.0,652,654,2,4,6
2RN2,G77A,0.9,1,centroid,9.0,908,909,4,5,9
2RN2,G77A,0.9,1,centroid,10.0,1214,1214,7,7,14
2RN2,G77A,0.9,1,allatom,6.0,998,997,3,2,5
2RN2,G77A,0.9,1,allatom,7.0,1316,1315,4,3,7
2RN2,G77A,0.9,1,allatom,8.0,1793,1790,4,1,5
2RN2,G77A,0.9,1,allatom,9.0,2171,2175,2,6,8
2RN2,G77A,0.9,1,allatom,10.0,2616,2618,3,5,8
2RN2,K95A,-0.1,0,ca,6.0,436,436,0,0,0
2RN2,K95A,-0.1,0,ca,7.0,632,632,0,0,0
2RN2,K95A,-0.1,0,ca,8.0,779,779,0,0,0
2RN2,K95A,-0.1,0,ca,9.0,1026,1026,0,0,0
2RN2,K95A,-0.1,0,ca,10.0,1360,1360,0,0,0
2RN2,K95A,-0.1,0,cb,6.0,356,356,0,0,0
2RN2,K95A,-0.1,0,cb,7.0,543,543,0,0,0
2RN2,K95A,-0.1,0,cb,8.0,782,782,0,0,0
2RN2,K95A,-0.1,0,cb,9.0,1001,1001,0,0,0
2RN2,K95A,-0.1,0,cb,10.0,1323,1323,0,0,0
2RN2,K95A,-0.1,0,centroid,6.0,284,284,1,1,2
2RN2,K95A,-0.1,0,centroid,7.0,464,468,0,4,4
2RN2,K95A,-0.1,0,centroid,8.0,652,654,1,3,4
2RN2,K95A,-0.1,0,centroid,9.0,908,910,1,3,4
2RN2,K95A,-0.1,0,centroid,10.0,1214,1214,0,0,0
2RN2,K95A,-0.1,0,allatom,6.0,998,997,1,0,1
2RN2,K95A,-0.1,0,allatom,7.0,1316,1315,1,0,1
2RN2,K95A,-0.1,0,allatom,8.0,1793,1791,2,0,2
2RN2,K95A,-0.1,0,allatom,9.0,2171,2170,1,0,1
2RN2,K95A,-0.1,0,allatom,10.0,2616,2613,3,0,3
2RN2,K95G,-1.9,1,ca,6.0,436,436,0,0,0
2RN2,K95G,-1.9,1,ca,7.0,632,632,0,0,0
2RN2,K95G,-1.9,1,ca,8.0,779,779,0,0,0
2RN2,K95G,-1.9,1,ca,9.0,1026,1026,0,0,0
2RN2,K95G,-1.9,1,ca,10.0,1360,1360,0,0,0
2RN2,K95G,-1.9,1,cb,6.0,356,357,0,1,1
2RN2,K95G,-1.9,1,cb,7.0,543,545,0,2,2
2RN2,K95G,-1.9,1,cb,8.0,782,783,0,1,1
2RN2,K95G,-1.9,1,cb,9.0,1001,1001,0,0,0
2RN2,K95G,-1.9,1,cb,10.0,1323,1325,0,2,2
2RN2,K95G,-1.9,1,centroid,6.0,284,286,1,3,4
2RN2,K95G,-1.9,1,centroid,7.0,464,469,0,5,5
2RN2,K95G,-1.9,1,centroid,8.0,652,656,0,4,4
2RN2,K95G,-1.9,1,centroid,9.0,908,911,1,4,5
2RN2,K95G,-1.9,1,centroid,10.0,1214,1216,0,2,2
2RN2,K95G,-1.9,1,allatom,6.0,998,997,1,0,1
2RN2,K95G,-1.9,1,allatom,7.0,1316,1315,1,0,1
2RN2,K95G,-1.9,1,allatom,8.0,1793,1791,2,0,2
2RN2,K95G,-1.9,1,allatom,9.0,2171,2170,1,0,1
2RN2,K95G,-1.9,1,allatom,10.0,2616,2613,3,0,3
2RN2,K95N,-0.9,0,ca,6.0,436,436,0,0,0
2RN2,K95N,-0.9,0,ca,7.0,632,632,0,0,0
2RN2,K95N,-0.9,0,ca,8.0,779,779,0,0,0
2RN2,K95N,-0.9,0,ca,9.0,1026,1026,0,0,0
2RN2,K95N,-0.9,0,ca,10.0,1360,1360,0,0,0
2RN2,K95N,-0.9,0,cb,6.0,356,356,0,0,0
2RN2,K95N,-0.9,0,cb,7.0,543,543,0,0,0
2RN2,K95N,-0.9,0,cb,8.0,782,782,0,0,0
2RN2,K95N,-0.9,0,cb,9.0,1001,1001,0,0,0
2RN2,K95N,-0.9,0,cb,10.0,1323,1323,0,0,0
2RN2,K95N,-0.9,0,centroid,6.0,284,284,0,0,0
2RN2,K95N,-0.9,0,centroid,7.0,464,464,0,0,0
2RN2,K95N,-0.9,0,centroid,8.0,652,650,2,0,2
2RN2,K95N,-0.9,0,centroid,9.0,908,909,1,2,3
2RN2,K95N,-0.9,0,centroid,10.0,1214,1214,0,0,0
2RN2,K95N,-0.9,0,allatom,6.0,998,997,1,0,1
2RN2,K95N,-0.9,0,allatom,7.0,1316,1316,0,0,0
2RN2,K95N,-0.9,0,allatom,8.0,1793,1792,1,0,1
2RN2,K95N,-0.9,0,allatom,9.0,2171,2170,1,0,1
2RN2,K95N,-0.9,0,allatom,10.0,2616,2614,2,0,2
2RN2,D134A,-2.1,0,ca,6.0,436,436,0,0,0
2RN2,D134A,-2.1,0,ca,7.0,632,632,0,0,0
2RN2,D134A,-2.1,0,ca,8.0,779,779,0,0,0
2RN2,D134A,-2.1,0,ca,9.0,1026,1026,0,0,0
2RN2,D134A,-2.1,0,ca,10.0,1360,1360,0,0,0
2RN2,D134A,-2.1,0,cb,6.0,356,356,0,0,0
2RN2,D134A,-2.1,0,cb,7.0,543,543,0,0,0
2RN2,D134A,-2.1,0,cb,8.0,782,782,0,0,0
2RN2,D134A,-2.1,0,cb,9.0,1001,1001,0,0,0
2RN2,D134A,-2.1,0,cb,10.0,1323,1323,0,0,0
2RN2,D134A,-2.1,0,centroid,6.0,284,284,1,1,2
2RN2,D134A,-2.1,0,centroid,7.0,464,468,3,7,10
2RN2,D134A,-2.1,0,centroid,8.0,652,653,2,3,5
2RN2,D134A,-2.1,0,centroid,9.0,908,913,1,6,7
2RN2,D134A,-2.1,0,centroid,10.0,1214,1220,1,7,8
2RN2,D134A,-2.1,0,allatom,6.0,998,994,5,1,6
2RN2,D134A,-2.1,0,allatom,7.0,1316,1315,3,2,5
2RN2,D134A,-2.1,0,allatom,8.0,1793,1796,0,3,3
2RN2,D134A,-2.1,0,allatom,9.0,2171,2171,3,3,6
2RN2,D134A,-2.1,0,allatom,10.0,2616,2617,2,3,5
2RN2,D134H,-2.3,0,ca,6.0,436,436,0,0,0
2RN2,D134H,-2.3,0,ca,7.0,632,632,0,0,0
2RN2,D134H,-2.3,0,ca,8.0,779,779,0,0,0
2RN2,D134H,-2.3,0,ca,9.0,1026,1026,0,0,0
2RN2,D134H,-2.3,0,ca,10.0,1360,1360,0,0,0
2RN2,D134H,-2.3,0,cb,6.0,356,356,0,0,0
2RN2,D134H,-2.3,0,cb,7.0,543,543,0,0,0
2RN2,D134H,-2.3,0,cb,8.0,782,782,0,0,0
2RN2,D134H,-2.3,0,cb,9.0,1001,1001,0,0,0
2RN2,D134H,-2.3,0,cb,10.0,1323,1323,0,0,0
2RN2,D134H,-2.3,0,centroid,6.0,284,284,0,0,0
2RN2,D134H,-2.3,0,centroid,7.0,464,465,1,2,3
2RN2,D134H,-2.3,0,centroid,8.0,652,650,5,3,8
2RN2,D134H,-2.3,0,centroid,9.0,908,908,2,2,4
2RN2,D134H,-2.3,0,centroid,10.0,1214,1217,2,5,7
2RN2,D134H,-2.3,0,allatom,6.0,998,999,1,2,3
2RN2,D134H,-2.3,0,allatom,7.0,1316,1316,1,1,2
2RN2,D134H,-2.3,0,allatom,8.0,1793,1795,0,2,2
2RN2,D134H,-2.3,0,allatom,9.0,2171,2173,1,3,4
2RN2,D134H,-2.3,0,allatom,10.0,2616,2618,1,3,4
2RN2,D134N,-1.0,0,ca,6.0,436,436,0,0,0
2RN2,D134N,-1.0,0,ca,7.0,632,632,0,0,0
2RN2,D134N,-1.0,0,ca,8.0,779,779,0,0,0
2RN2,D134N,-1.0,0,ca,9.0,1026,1026,0,0,0
2RN2,D134N,-1.0,0,ca,10.0,1360,1360,0,0,0
2RN2,D134N,-1.0,0,cb,6.0,356,356,0,0,0
2RN2,D134N,-1.0,0,cb,7.0,543,543,0,0,0
2RN2,D134N,-1.0,0,cb,8.0,782,782,0,0,0
2RN2,D134N,-1.0,0,cb,9.0,1001,1001,0,0,0
2RN2,D134N,-1.0,0,cb,10.0,1323,1323,0,0,0
2RN2,D134N,-1.0,0,centroid,6.0,284,286,0,2,2
2RN2,D134N,-1.0,0,centroid,7.0,464,465,0,1,1
2RN2,D134N,-1.0,0,centroid,8.0,652,653,1,2,3
2RN2,D134N,-1.0,0,centroid,9.0,908,909,1,2,3
2RN2,D134N,-1.0,0,centroid,10.0,1214,1214,1,1,2
2RN2,D134N,-1.0,0,allatom,6.0,998,998,0,0,0
2RN2,D134N,-1.0,0,allatom,7.0,1316,1317,0,1,1
2RN2,D134N,-1.0,0,allatom,8.0,1793,1794,1,2,3
2RN2,D134N,-1.0,0,allatom,9.0,2171,2174,0,3,3
2RN2,D134N,-1.0,0,allatom,10.0,2616,2615,2,1,3
4LYZ,M12F,-0.5,0,ca,6.0,362,362,0,0,0
4LYZ,M12F,-0.5,0,ca,7.0,504,504,0,0,0
4LYZ,M12F,-0.5,0,ca,8.0,642,642,0,0,0
4LYZ,M12F,-0.5,0,ca,9.0,861,861,0,0,0
4LYZ,M12F,-0.5,0,ca,10.0,1126,1126,0,0,0
4LYZ,M12F,-0.5,0,cb,6.0,306,306,0,0,0
4LYZ,M12F,-0.5,0,cb,7.0,463,463,0,0,0
4LYZ,M12F,-0.5,0,cb,8.0,648,648,0,0,0
4LYZ,M12F,-0.5,0,cb,9.0,842,842,0,0,0
4LYZ,M12F,-0.5,0,cb,10.0,1153,1153,0,0,0
4LYZ,M12F,-0.5,0,centroid,6.0,248,250,1,3,4
4LYZ,M12F,-0.5,0,centroid,7.0,394,393,2,1,3
4LYZ,M12F,-0.5,0,centroid,8.0,583,584,1,2,3
4LYZ,M12F,-0.5,0,centroid,9.0,782,784,3,5,8
4LYZ,M12F,-0.5,0,centroid,10.0,1067,1066,5,4,9
4LYZ,M12F,-0.5,0,allatom,6.0,852,852,2,2,4
4LYZ,M12F,-0.5,0,allatom,7.0,1143,1142,5,4,9
4LYZ,M12F,-0.5,0,allatom,8.0,1493,1497,3,7,10
4LYZ,M12F,-0.5,0,allatom,9.0,1811,1819,3,11,14
4LYZ,M12F,-0.5,0,allatom,10.0,2148,2155,4,11,15
4LYZ,M12L,0.4,0,ca,6.0,362,362,0,0,0
4LYZ,M12L,0.4,0,ca,7.0,504,504,0,0,0
4LYZ,M12L,0.4,0,ca,8.0,642,642,0,0,0
4LYZ,M12L,0.4,0,ca,9.0,861,861,0,0,0
4LYZ,M12L,0.4,0,ca,10.0,1126,1126,0,0,0
4LYZ,M12L,0.4,0,cb,6.0,306,306,0,0,0
4LYZ,M12L,0.4,0,cb,7.0,463,463,0,0,0
4LYZ,M12L,0.4,0,cb,8.0,648,648,0,0,0
4LYZ,M12L,0.4,0,cb,9.0,842,842,0,0,0
4LYZ,M12L,0.4,0,cb,10.0,1153,1153,0,0,0
4LYZ,M12L,0.4,0,centroid,6.0,248,249,1,2,3
4LYZ,M12L,0.4,0,centroid,7.0,394,393,1,0,1
4LYZ,M12L,0.4,0,centroid,8.0,583,584,1,2,3
4LYZ,M12L,0.4,0,centroid,9.0,782,784,1,3,4
4LYZ,M12L,0.4,0,centroid,10.0,1067,1068,1,2,3
4LYZ,M12L,0.4,0,allatom,6.0,852,852,1,1,2
4LYZ,M12L,0.4,0,allatom,7.0,1143,1143,2,2,4
4LYZ,M12L,0.4,0,allatom,8.0,1493,1492,5,4,9
4LYZ,M12L,0.4,0,allatom,9.0,1811,1810,3,2,5
4LYZ,M12L,0.4,0,allatom,10.0,2148,2147,3,2,5
4LYZ,T40S,0.3,0,ca,6.0,362,362,0,0,0
4LYZ,T40S,0.3,0,ca,7.0,504,504,0,0,0
4LYZ,T40S,0.3,0,ca,8.0,642,642,0,0,0
4LYZ,T40S,0.3,0,ca,9.0,861,861,0,0,0
4LYZ,T40S,0.3,0,ca,10.0,1126,1126,0,0,0
4LYZ,T40S,0.3,0,cb,6.0,306,306,0,0,0
4LYZ,T40S,0.3,0,cb,7.0,463,463,0,0,0
4LYZ,T40S,0.3,0,cb,8.0,648,648,0,0,0
4LYZ,T40S,0.3,0,cb,9.0,842,842,0,0,0
4LYZ,T40S,0.3,0,cb,10.0,1153,1153,0,0,0
4LYZ,T40S,0.3,0,centroid,6.0,248,249,1,2,3
4LYZ,T40S,0.3,0,centroid,7.0,394,394,3,3,6
4LYZ,T40S,0.3,0,centroid,8.0,583,581,3,1,4
4LYZ,T40S,0.3,0,centroid,9.0,782,782,3,3,6
4LYZ,T40S,0.3,0,centroid,10.0,1067,1065,6,4,10
4LYZ,T40S,0.3,0,allatom,6.0,852,854,0,2,2
4LYZ,T40S,0.3,0,allatom,7.0,1143,1146,1,4,5
4LYZ,T40S,0.3,0,allatom,8.0,1493,1493,4,4,8
4LYZ,T40S,0.3,0,allatom,9.0,1811,1808,5,2,7
4LYZ,T40S,0.3,0,allatom,10.0,2148,2144,8,4,12
4LYZ,G49A,0.7,1,ca,6.0,362,362,0,0,0
4LYZ,G49A,0.7,1,ca,7.0,504,504,0,0,0
4LYZ,G49A,0.7,1,ca,8.0,642,642,0,0,0
4LYZ,G49A,0.7,1,ca,9.0,861,861,0,0,0
4LYZ,G49A,0.7,1,ca,10.0,1126,1126,0,0,0
4LYZ,G49A,0.7,1,cb,6.0,306,307,0,1,1
4LYZ,G49A,0.7,1,cb,7.0,463,463,2,2,4
4LYZ,G49A,0.7,1,cb,8.0,648,646,3,1,4
4LYZ,G49A,0.7,1,cb,9.0,842,843,0,1,1
4LYZ,G49A,0.7,1,cb,10.0,1153,1154,0,1,1
4LYZ,G49A,0.7,1,centroid,6.0,248,246,3,1,4
4LYZ,G49A,0.7,1,centroid,7.0,394,390,4,0,4
4LYZ,G49A,0.7,1,centroid,8.0,583,580,6,3,9
4LYZ,G49A,0.7,1,centroid,9.0,782,777,7,2,9
4LYZ,G49A,0.7,1,centroid,10.0,1067,1061,7,1,8
4LYZ,G49A,0.7,1,allatom,6.0,852,852,0,0,0
4LYZ,G49A,0.7,1,allatom,7.0,1143,1144,1,2,3
4LYZ,G49A,0.7,1,allatom,8.0,1493,1491,3,1,4
4LYZ,G49A,0.7,1,allatom,9.0,1811,1810,2,1,3
4LYZ,G49A,0.7,1,allatom,10.0,2148,2146,2,0,2
4LYZ,I55V,0.9,0,ca,6.0,362,362,0,0,0
4LYZ,I55V,0.9,0,ca,7.0,504,504,0,0,0
4LYZ,I55V,0.9,0,ca,8.0,642,642,0,0,0
4LYZ,I55V,0.9,0,ca,9.0,861,861,0,0,0
4LYZ,I55V,0.9,0,ca,10.0,1126,1126,0,0,0
4LYZ,I55V,0.9,0,cb,6.0,306,306,0,0,0
4LYZ,I55V,0.9,0,cb,7.0,463,463,0,0,0
4LYZ,I55V,0.9,0,cb,8.0,648,648,0,0,0
4LYZ,I55V,0.9,0,cb,9.0,842,845,0,3,3
4LYZ,I55V,0.9,0,cb,10.0,1153,1154,0,1,1
4LYZ,I55V,0.9,0,centroid,6.0,248,249,0,1,1
4LYZ,I55V,0.9,0,centroid,7.0,394,394,0,0,0
4LYZ,I55V,0.9,0,centroid,8.0,583,582,2,1,3
4LYZ,I55V,0.9,0,centroid,9.0,782,785,1,4,5
4LYZ,I55V,0.9,0,centroid,10.0,1067,1068,2,3,5
4LYZ,I55V,0.9,0,allatom,6.0,852,849,3,0,3
4LYZ,I55V,0.9,0,allatom,7.0,1143,1143,1,1,2
4LYZ,I55V,0.9,0,allatom,8.0,1493,1491,3,1,4
4LYZ,I55V,0.9,0,allatom,9.0,1811,1810,2,1,3
4LYZ,I55V,0.9,0,allatom,10.0,2148,2147,1,0,1
4LYZ,I58M,1.2,0,ca,6.0,362,362,0,0,0
4LYZ,I58M,1.2,0,ca,7.0,504,504,0,0,0
4LYZ,I58M,1.2,0,ca,8.0,642,642,0,0,0
4LYZ,I58M,1.2,0,ca,9.0,861,861,0,0,0
4LYZ,I58M,1.2,0,ca,10.0,1126,1126,0,0,0
4LYZ,I58M,1.2,0,cb,6.0,306,306,0,0,0
4LYZ,I58M,1.2,0,cb,7.0,463,463,0,0,0
4LYZ,I58M,1.2,0,cb,8.0,648,648,0,0,0
4LYZ,I58M,1.2,0,cb,9.0,842,842,0,0,0
4LYZ,I58M,1.2,0,cb,10.0,1153,1153,0,0,0
4LYZ,I58M,1.2,0,centroid,6.0,248,248,3,3,6
4LYZ,I58M,1.2,0,centroid,7.0,394,395,0,1,1
4LYZ,I58M,1.2,0,centroid,8.0,583,579,5,1,6
4LYZ,I58M,1.2,0,centroid,9.0,782,784,1,3,4
4LYZ,I58M,1.2,0,centroid,10.0,1067,1071,2,6,8
4LYZ,I58M,1.2,0,allatom,6.0,852,850,3,1,4
4LYZ,I58M,1.2,0,allatom,7.0,1143,1144,2,3,5
4LYZ,I58M,1.2,0,allatom,8.0,1493,1494,2,3,5
4LYZ,I58M,1.2,0,allatom,9.0,1811,1814,2,5,7
4LYZ,I58M,1.2,0,allatom,10.0,2148,2151,2,5,7
4LYZ,G67A,0.5,1,ca,6.0,362,362,0,0,0
4LYZ,G67A,0.5,1,ca,7.0,504,504,0,0,0
4LYZ,G67A,0.5,1,ca,8.0,642,642,0,0,0
4LYZ,G67A,0.5,1,ca,9.0,861,861,0,0,0
4LYZ,G67A,0.5,1,ca,10.0,1126,1126,0,0,0
4LYZ,G67A,0.5,1,cb,6.0,306,305,1,0,1
4LYZ,G67A,0.5,1,cb,7.0,463,462,1,0,1
4LYZ,G67A,0.5,1,cb,8.0,648,647,2,1,3
4LYZ,G67A,0.5,1,cb,9.0,842,840,2,0,2
4LYZ,G67A,0.5,1,cb,10.0,1153,1149,4,0,4
4LYZ,G67A,0.5,1,centroid,6.0,248,248,0,0,0
4LYZ,G67A,0.5,1,centroid,7.0,394,392,2,0,2
4LYZ,G67A,0.5,1,centroid,8.0,583,580,3,0,3
4LYZ,G67A,0.5,1,centroid,9.0,782,781,2,1,3
4LYZ,G67A,0.5,1,centroid,10.0,1067,1064,3,0,3
4LYZ,G67A,0.5,1,allatom,6.0,852,852,0,0,0
4LYZ,G67A,0.5,1,allatom,7.0,1143,1143,0,0,0
4LYZ,G67A,0.5,1,allatom,8.0,1493,1493,0,0,0
4LYZ,G67A,0.5,1,allatom,9.0,1811,1811,0,0,0
4LYZ,G67A,0.5,1,allatom,10.0,2148,2148,0,0,0
4LYZ,G71A,2.1,1,ca,6.0,362,362,0,0,0
4LYZ,G71A,2.1,1,ca,7.0,504,504,0,0,0
4LYZ,G71A,2.1,1,ca,8.0,642,642,0,0,0
4LYZ,G71A,2.1,1,ca,9.0,861,861,0,0,0
4LYZ,G71A,2.1,1,ca,10.0,1126,1126,0,0,0
4LYZ,G71A,2.1,1,cb,6.0,306,306,0,0,0
4LYZ,G71A,2.1,1,cb,7.0,463,463,0,0,0
4LYZ,G71A,2.1,1,cb,8.0,648,651,0,3,3
4LYZ,G71A,2.1,1,cb,9.0,842,842,0,0,0
4LYZ,G71A,2.1,1,cb,10.0,1153,1153,0,0,0
4LYZ,G71A,2.1,1,centroid,6.0,248,252,2,6,8
4LYZ,G71A,2.1,1,centroid,7.0,394,397,3,6,9
4LYZ,G71A,2.1,1,centroid,8.0,583,587,3,7,10
4LYZ,G71A,2.1,1,centroid,9.0,782,776,7,1,8
4LYZ,G71A,2.1,1,centroid,10.0,1067,1061,9,3,12
4LYZ,G71A,2.1,1,allatom,6.0,852,853,3,4,7
4LYZ,G71A,2.1,1,allatom,7.0,1143,1147,2,6,8
4LYZ,G71A,2.1,1,allatom,8.0,1493,1496,4,7,11
4LYZ,G71A,2.1,1,allatom,9.0,1811,1813,1,3,4
4LYZ,G71A,2.1,1,allatom,10.0,2148,2152,0,4,4
4LYZ,I78M,0.9,0,ca,6.0,362,362,0,0,0
4LYZ,I78M,0.9,0,ca,7.0,504,504,0,0,0
4LYZ,I78M,0.9,0,ca,8.0,642,642,0,0,0
4LYZ,I78M,0.9,0,ca,9.0,861,861,0,0,0
4LYZ,I78M,0.9,0,ca,10.0,1126,1126,0,0,0
4LYZ,I78M,0.9,0,cb,6.0,306,306,0,0,0
4LYZ,I78M,0.9,0,cb,7.0,463,463,0,0,0
4LYZ,I78M,0.9,0,cb,8.0,648,648,0,0,0
4LYZ,I78M,0.9,0,cb,9.0,842,842,0,0,0
4LYZ,I78M,0.9,0,cb,10.0,1153,1153,0,0,0
4LYZ,I78M,0.9,0,centroid,6.0,248,251,1,4,5
4LYZ,I78M,0.9,0,centroid,7.0,394,391,4,1,5
4LYZ,I78M,0.9,0,centroid,8.0,583,580,6,3,9
4LYZ,I78M,0.9,0,centroid,9.0,782,780,3,1,4
4LYZ,I78M,0.9,0,centroid,10.0,1067,1065,6,4,10
4LYZ,I78M,0.9,0,allatom,6.0,852,855,1,4,5
4LYZ,I78M,0.9,0,allatom,7.0,1143,1145,2,4,6
4LYZ,I78M,0.9,0,allatom,8.0,1493,1495,1,3,4
4LYZ,I78M,0.9,0,allatom,9.0,1811,1815,2,6,8
4LYZ,I78M,0.9,0,allatom,10.0,2148,2146,4,2,6
4LYZ,S91A,0.2,0,ca,6.0,362,362,0,0,0
4LYZ,S91A,0.2,0,ca,7.0,504,504,0,0,0
4LYZ,S91A,0.2,0,ca,8.0,642,642,0,0,0
4LYZ,S91A,0.2,0,ca,9.0,861,861,0,0,0
4LYZ,S91A,0.2,0,ca,10.0,1126,1126,0,0,0
4LYZ,S91A,0.2,0,cb,6.0,306,306,0,0,0
4LYZ,S91A,0.2,0,cb,7.0,463,463,0,0,0
4LYZ,S91A,0.2,0,cb,8.0,648,648,0,0,0
4LYZ,S91A,0.2,0,cb,9.0,842,842,0,0,0
4LYZ,S91A,0.2,0,cb,10.0,1153,1153,0,0,0
4LYZ,S91A,0.2,0,centroid,6.0,248,249,1,2,3
4LYZ,S91A,0.2,0,centroid,7.0,394,394,0,0,0
4LYZ,S91A,0.2,0,centroid,8.0,583,582,2,1,3
4LYZ,S91A,0.2,0,centroid,9.0,782,782,3,3,6
4LYZ,S91A,0.2,0,centroid,10.0,1067,1070,1,4,5
4LYZ,S91A,0.2,0,allatom,6.0,852,848,4,0,4
4LYZ,S91A,0.2,0,allatom,7.0,1143,1141,2,0,2
4LYZ,S91A,0.2,0,allatom,8.0,1493,1492,1,0,1
4LYZ,S91A,0.2,0,allatom,9.0,1811,1808,3,0,3
4LYZ,S91A,0.2,0,allatom,10.0,2148,2146,2,0,2
4LYZ,S91T,-1.0,0,ca,6.0,362,362,0,0,0
4LYZ,S91T,-1.0,0,ca,7.0,504,504,0,0,0
4LYZ,S91T,-1.0,0,ca,8.0,642,642,0,0,0
4LYZ,S91T,-1.0,0,ca,9.0,861,861,0,0,0
4LYZ,S91T,-1.0,0,ca,10.0,1126,1126,0,0,0
4LYZ,S91T,-1.0,0,cb,6.0,306,306,0,0,0
4LYZ,S91T,-1.0,0,cb,7.0,463,463,0,0,0
4LYZ,S91T,-1.0,0,cb,8.0,648,648,0,0,0
4LYZ,S91T,-1.0,0,cb,9.0,842,842,0,0,0
4LYZ,S91T,-1.0,0,cb,10.0,1153,1153,0,0,0
4LYZ,S91T,-1.0,0,centroid,6.0,248,250,0,2,2
4LYZ,S91T,-1.0,0,centroid,7.0,394,394,0,0,0
4LYZ,S91T,-1.0,0,centroid,8.0,583,579,4,0,4
4LYZ,S91T,-1.0,0,centroid,9.0,782,784,2,4,6
4LYZ,S91T,-1.0,0,centroid,10.0,1067,1069,2,4,6
4LYZ,S91T,-1.0,0,allatom,6.0,852,853,0,1,1
4LYZ,S91T,-1.0,0,allatom,7.0,1143,1144,0,1,1
4LYZ,S91T,-1.0,0,allatom,8.0,1493,1495,0,2,2
4LYZ,S91T,-1.0,0,allatom,9.0,1811,1813,0,2,2
4LYZ,S91T,-1.0,0,allatom,10.0,2148,2150,0,2,2
4LYZ,I98M,0.9,0,ca,6.0,362,362,0,0,0
4LYZ,I98M,0.9,0,ca,7.0,504,504,0,0,0
4LYZ,I98M,0.9,0,ca,8.0,642,642,0,0,0
4LYZ,I98M,0.9,0,ca,9.0,861,861,0,0,0
4LYZ,I98M,0.9,0,ca,10.0,1126,1126,0,0,0
4LYZ,I98M,0.9,0,cb,6.0,306,306,0,0,0
4LYZ,I98M,0.9,0,cb,7.0,463,463,0,0,0
4LYZ,I98M,0.9,0,cb,8.0,648,648,0,0,0
4LYZ,I98M,0.9,0,cb,9.0,842,842,0,0,0
4LYZ,I98M,0.9,0,cb,10.0,1153,1153,0,0,0
4LYZ,I98M,0.9,0,centroid,6.0,248,244,5,1,6
4LYZ,I98M,0.9,0,centroid,7.0,394,393,2,1,3
4LYZ,I98M,0.9,0,centroid,8.0,583,583,1,1,2
4LYZ,I98M,0.9,0,centroid,9.0,782,782,3,3,6
4LYZ,I98M,0.9,0,centroid,10.0,1067,1069,3,5,8
4LYZ,I98M,0.9,0,allatom,6.0,852,853,2,3,5
4LYZ,I98M,0.9,0,allatom,7.0,1143,1146,0,3,3
4LYZ,I98M,0.9,0,allatom,8.0,1493,1491,5,3,8
4LYZ,I98M,0.9,0,allatom,9.0,1811,1817,0,6,6
4LYZ,I98M,0.9,0,allatom,10.0,2148,2157,2,11,13
4LYZ,G102A,1.2,1,ca,6.0,362,362,0,0,0
4LYZ,G102A,1.2,1,ca,7.0,504,504,0,0,0
4LYZ,G102A,1.2,1,ca,8.0,642,642,0,0,0
4LYZ,G102A,1.2,1,ca,9.0,861,861,0,0,0
4LYZ,G102A,1.2,1,ca,10.0,1126,1126,0,0,0
4LYZ,G102A,1.2,1,cb,6.0,306,305,1,0,1
4LYZ,G102A,1.2,1,cb,7.0,463,461,2,0,2
4LYZ,G102A,1.2,1,cb,8.0,648,647,1,0,1
4LYZ,G102A,1.2,1,cb,9.0,842,839,3,0,3
4LYZ,G102A,1.2,1,cb,10.0,1153,1152,1,0,1
4LYZ,G102A,1.2,1,centroid,6.0,248,247,1,0,1
4LYZ,G102A,1.2,1,centroid,7.0,394,393,1,0,1
4LYZ,G102A,1.2,1,centroid,8.0,583,580,3,0,3
4LYZ,G102A,1.2,1,centroid,9.0,782,781,1,0,1
4LYZ,G102A,1.2,1,centroid,10.0,1067,1065,2,0,2
4LYZ,G102A,1.2,1,allatom,6.0,852,852,0,0,0
4LYZ,G102A,1.2,1,allatom,7.0,1143,1143,0,0,0
4LYZ,G102A,1.2,1,allatom,8.0,1493,1493,0,0,0
4LYZ,G102A,1.2,1,allatom,9.0,1811,1811,0,0,0
4LYZ,G102A,1.2,1,allatom,10.0,2148,2148,0,0,0
4LYZ,G117A,0.8,1,ca,6.0,362,362,0,0,0
4LYZ,G117A,0.8,1,ca,7.0,504,504,0,0,0
4LYZ,G117A,0.8,1,ca,8.0,642,642,0,0,0
4LYZ,G117A,0.8,1,ca,9.0,861,861,0,0,0
4LYZ,G117A,0.8,1,ca,10.0,1126,1126,0,0,0
4LYZ,G117A,0.8,1,cb,6.0,306,306,0,0,0
4LYZ,G117A,0.8,1,cb,7.0,463,462,1,0,1
4LYZ,G117A,0.8,1,cb,8.0,648,646,2,0,2
4LYZ,G117A,0.8,1,cb,9.0,842,841,1,0,1
4LYZ,G117A,0.8,1,cb,10.0,1153,1151,2,0,2
4LYZ,G117A,0.8,1,centroid,6.0,248,248,1,1,2
4LYZ,G117A,0.8,1,centroid,7.0,394,393,1,0,1
4LYZ,G117A,0.8,1,centroid,8.0,583,581,3,1,4
4LYZ,G117A,0.8,1,centroid,9.0,782,777,5,0,5
4LYZ,G117A,0.8,1,centroid,10.0,1067,1066,2,1,3
4LYZ,G117A,0.8,1,allatom,6.0,852,852,0,0,0
4LYZ,G117A,0.8,1,allatom,7.0,1143,1143,1,1,2
4LYZ,G117A,0.8,1,allatom,8.0,1493,1492,1,0,1
4LYZ,G117A,0.8,1,allatom,9.0,1811,1811,0,0,0
4LYZ,G117A,0.8,1,allatom,10.0,2148,2148,0,0,0
5PTI,F22A,1.2,0,ca,6.0,135,135,0,0,0
5PTI,F22A,1.2,0,ca,7.0,211,211,0,0,0
5PTI,F22A,1.2,0,ca,8.0,263,263,0,0,0
5PTI,F22A,1.2,0,ca,9.0,354,354,0,0,0
5PTI,F22A,1.2,0,ca,10.0,464,464,0,0,0
5PTI,F22A,1.2,0,cb,6.0,121,121,0,0,0
5PTI,F22A,1.2,0,cb,7.0,177,177,0,0,0
5PTI,F22A,1.2,0,cb,8.0,249,249,0,0,0
5PTI,F22A,1.2,0,cb,9.0,331,331,0,0,0
5PTI,F22A,1.2,0,cb,10.0,434,434,0,0,0
5PTI,F22A,1.2,0,centroid,6.0,103,95,22,14,36
5PTI,F22A,1.2,0,centroid,7.0,149,149,19,19,38
5PTI,F22A,1.2,0,centroid,8.0,218,217,23,22,45
5PTI,F22A,1.2,0,centroid,9.0,302,292,33,23,56
5PTI,F22A,1.2,0,centroid,10.0,396,384,32,20,52
5PTI,F22A,1.2,0,allatom,6.0,343,324,19,0,19
5PTI,F22A,1.2,0,allatom,7.0,452,429,23,0,23
5PTI,F22A,1.2,0,allatom,8.0,573,555,18,0,18
5PTI,F22A,1.2,0,allatom,9.0,666,648,20,2,22
5PTI,F22A,1.2,0,allatom,10.0,779,763,16,0,16
5PTI,Y23A,5.9,0,ca,6.0,135,135,0,0,0
5PTI,Y23A,5.9,0,ca,7.0,211,211,0,0,0
5PTI,Y23A,5.9,0,ca,8.0,263,263,0,0,0
5PTI,Y23A,5.9,0,ca,9.0,354,354,0,0,0
5PTI,Y23A,5.9,0,ca,10.0,464,464,0,0,0
5PTI,Y23A,5.9,0,cb,6.0,121,121,0,0,0
5PTI,Y23A,5.9,0,cb,7.0,177,177,0,0,0
5PTI,Y23A,5.9,0,cb,8.0,249,249,0,0,0
5PTI,Y23A,5.9,0,cb,9.0,331,331,0,0,0
5PTI,Y23A,5.9,0,cb,10.0,434,434,0,0,0
5PTI,Y23A,5.9,0,centroid,6.0,103,95,24,16,40
5PTI,Y23A,5.9,0,centroid,7.0,149,147,21,19,40
5PTI,Y23A,5.9,0,centroid,8.0,218,212,27,21,48
5PTI,Y23A,5.9,0,centroid,9.0,302,295,33,26,59
5PTI,Y23A,5.9,0,centroid,10.0,396,386,30,20,50
5PTI,Y23A,5.9,0,allatom,6.0,343,319,25,1,26
5PTI,Y23A,5.9,0,allatom,7.0,452,427,26,1,27
5PTI,Y23A,5.9,0,allatom,8.0,573,553,20,0,20
5PTI,Y23A,5.9,0,allatom,9.0,666,646,21,1,22
5PTI,Y23A,5.9,0,allatom,10.0,779,762,18,1,19
5PTI,Y35G,5.0,1,ca,6.0,135,135,0,0,0
5PTI,Y35G,5.0,1,ca,7.0,211,211,0,0,0
5PTI,Y35G,5.0,1,ca,8.0,263,263,0,0,0
5PTI,Y35G,5.0,1,ca,9.0,354,354,0,0,0
5PTI,Y35G,5.0,1,ca,10.0,464,464,0,0,0
5PTI,Y35G,5.0,1,cb,6.0,121,122,0,1,1
5PTI,Y35G,5.0,1,cb,7.0,177,177,2,2,4
5PTI,Y35G,5.0,1,cb,8.0,249,251,0,2,2
5PTI,Y35G,5.0,1,cb,9.0,331,330,1,0,1
5PTI,Y35G,5.0,1,cb,10.0,434,431,4,1,5
5PTI,Y35G,5.0,1,centroid,6.0,103,97,24,18,42
5PTI,Y35G,5.0,1,centroid,7.0,149,152,19,22,41
5PTI,Y35G,5.0,1,centroid,8.0,218,216,23,21,44
5PTI,Y35G,5.0,1,centroid,9.0,302,296,31,25,56
5PTI,Y35G,5.0,1,centroid,10.0,396,384,33,21,54
5PTI,Y35G,5.0,1,allatom,6.0,343,325,21,3,24
5PTI,Y35G,5.0,1,allatom,7.0,452,432,26,6,32
5PTI,Y35G,5.0,1,allatom,8.0,573,557,18,2,20
5PTI,Y35G,5.0,1,allatom,9.0,666,646,22,2,24
5PTI,Y35G,5.0,1,allatom,10.0,779,763,19,3,22
5PTI,N43G,5.7,1,ca,6.0,135,135,0,0,0
5PTI,N43G,5.7,1,ca,7.0,211,211,0,0,0
5PTI,N43G,5.7,1,ca,8.0,263,263,0,0,0
5PTI,N43G,5.7,1,ca,9.0,354,354,0,0,0
5PTI,N43G,5.7,1,ca,10.0,464,464,0,0,0
5PTI,N43G,5.7,1,cb,6.0,121,120,2,1,3
5PTI,N43G,5.7,1,cb,7.0,177,178,0,1,1
5PTI,N43G,5.7,1,cb,8.0,249,249,1,1,2
5PTI,N43G,5.7,1,cb,9.0,331,330,3,2,5
5PTI,N43G,5.7,1,cb,10.0,434,433,2,1,3
5PTI,N43G,5.7,1,centroid,6.0,103,95,23,15,38
5PTI,N43G,5.7,1,centroid,7.0,149,145,19,15,34
5PTI,N43G,5.7,1,centroid,8.0,218,213,25,20,45
5PTI,N43G,5.7,1,centroid,9.0,302,290,33,21,54
5PTI,N43G,5.7,1,centroid,10.0,396,382,34,20,54
5PTI,N43G,5.7,1,allatom,6.0,343,322,21,0,21
5PTI,N43G,5.7,1,allatom,7.0,452,426,26,0,26
5PTI,N43G,5.7,1,allatom,8.0,573,554,19,0,19
5PTI,N43G,5.7,1,allatom,9.0,666,641,25,0,25
5PTI,N43G,5.7,1,allatom,10.0,779,758,21,0,21
5PTI,F45A,6.9,0,ca,6.0,135,135,0,0,0
5PTI,F45A,6.9,0,ca,7.0,211,211,0,0,0
5PTI,F45A,6.9,0,ca,8.0,263,263,0,0,0
5PTI,F45A,6.9,0,ca,9.0,354,354,0,0,0
5PTI,F45A,6.9,0,ca,10.0,464,464,0,0,0
5PTI,F45A,6.9,0,cb,6.0,121,121,0,0,0
5PTI,F45A,6.9,0,cb,7.0,177,177,0,0,0
5PTI,F45A,6.9,0,cb,8.0,249,249,0,0,0
5PTI,F45A,6.9,0,cb,9.0,331,331,0,0,0
5PTI,F45A,6.9,0,cb,10.0,434,434,0,0,0
5PTI,F45A,6.9,0,centroid,6.0,103,92,24,13,37
5PTI,F45A,6.9,0,centroid,7.0,149,146,20,17,37
5PTI,F45A,6.9,0,centroid,8.0,218,217,22,21,43
5PTI,F45A,6.9,0,centroid,9.0,302,294,33,25,58
5PTI,F45A,6.9,0,centroid,10.0,396,380,34,18,52
5PTI,F45A,6.9,0,allatom,6.0,343,318,25,0,25
5PTI,F45A,6.9,0,allatom,7.0,452,427,25,0,25
5PTI,F45A,6.9,0,allatom,8.0,573,552,22,1,23
5PTI,F45A,6.9,0,allatom,9.0,666,642,25,1,26
5PTI,F45A,6.9,0,allatom,10.0,779,755,25,1,26
