benchmark,model,seed,protein_id,mutation_id,y_true,y_pred
s669,esm2_sup_esm2_650m,42,1BFM,M35W,0.7,1.3482699394226074
s669,esm2_sup_esm2_650m,42,1BFM,M35Y,0.4,0.7683209180831909
s669,esm2_sup_esm2_650m,42,1D5G,H71Y,0.04,0.1762768030166626
s669,esm2_sup_esm2_650m,42,1D5G,I20F,-0.91,1.1984089612960815
s669,esm2_sup_esm2_650m,42,1EKG,L198C,1.0,0.8685476779937744
s669,esm2_sup_esm2_650m,42,1EKG,L200C,2.0,0.47054237127304077
s669,esm2_sup_esm2_650m,42,1EKG,L203C,-1.0,-0.3110404908657074
s669,esm2_sup_esm2_650m,42,1EKG,S181F,2.6,-1.0118945837020874
s669,esm2_sup_esm2_650m,42,1FRD,H42R,-4.0,-0.1392756998538971
s669,esm2_sup_esm2_650m,42,1FXA,E94D,1.1,0.43755361437797546
s669,esm2_sup_esm2_650m,42,1FXA,E94K,0.4,0.9399496912956238
s669,esm2_sup_esm2_650m,42,1FXA,E94Q,-0.6,0.32433319091796875
s669,esm2_sup_esm2_650m,42,1FXA,E95K,-1.0,1.124748945236206
s669,esm2_sup_esm2_650m,42,1FXA,F65A,1.0,0.9094101190567017
s669,esm2_sup_esm2_650m,42,1FXA,F65I,0.9,-0.24660718441009521
s669,esm2_sup_esm2_650m,42,1FXA,F65W,0.6,1.2859385013580322
s669,esm2_sup_esm2_650m,42,1FXA,F65Y,0.5,0.8554519414901733
s669,esm2_sup_esm2_650m,42,1FXA,R42A,2.4,0.48360708355903625
s669,esm2_sup_esm2_650m,42,1FXA,R42H,1.4,0.2796555757522583
s669,esm2_sup_esm2_650m,42,1FXA,T48A,-0.1,0.9652124643325806
s669,esm2_sup_esm2_650m,42,1GLU,C500A,1.22,2.455165386199951
s669,esm2_sup_esm2_650m,42,1GUA,A118G,1.963,0.8831236362457275
s669,esm2_sup_esm2_650m,42,1GUA,A118L,1.951,0.11183001846075058
s669,esm2_sup_esm2_650m,42,1GUA,A85G,2.149,0.9628877639770508
s669,esm2_sup_esm2_650m,42,1GUA,A97G,0.863,1.6198234558105469
s669,esm2_sup_esm2_650m,42,1GUA,C81A,-0.283,-0.1257706582546234
s669,esm2_sup_esm2_650m,42,1GUA,C81I,0.912,-0.8288073539733887
s669,esm2_sup_esm2_650m,42,1GUA,C95A,0.08,0.5642163157463074
s669,esm2_sup_esm2_650m,42,1GUA,C96A,1.759,1.3906949758529663
s669,esm2_sup_esm2_650m,42,1GUA,C96L,0.043,0.4345114529132843
s669,esm2_sup_esm2_650m,42,1GUA,C96M,0.337,0.5093187093734741
s669,esm2_sup_esm2_650m,42,1GUA,D117A,0.706,0.8935147523880005
s669,esm2_sup_esm2_650m,42,1GUA,D129A,0.855,0.5626591444015503
s669,esm2_sup_esm2_650m,42,1GUA,D80A,0.493,0.33986029028892517
s669,esm2_sup_esm2_650m,42,1GUA,E104A,-0.021,0.38303300738334656
s669,esm2_sup_esm2_650m,42,1GUA,E124A,0.101,0.37096258997917175
s669,esm2_sup_esm2_650m,42,1GUA,E125A,0.591,0.4064115583896637
s669,esm2_sup_esm2_650m,42,1GUA,I58A,3.274,2.159883975982666
s669,esm2_sup_esm2_650m,42,1GUA,I58F,1.2990000000000002,0.4607243835926056
s669,esm2_sup_esm2_650m,42,1GUA,I58L,0.7709999999999999,0.837722897529602
s669,esm2_sup_esm2_650m,42,1GUA,K109A,0.327,0.647486686706543
s669,esm2_sup_esm2_650m,42,1GUA,L112A,2.593,0.9088168144226074
s669,esm2_sup_esm2_650m,42,1GUA,L121A,2.5340000000000003,0.8885105848312378
s669,esm2_sup_esm2_650m,42,1GUA,L126A,3.405,0.6361627578735352
s669,esm2_sup_esm2_650m,42,1GUA,L62A,3.46,0.8234390616416931
s669,esm2_sup_esm2_650m,42,1GUA,L78A,3.803,2.230846405029297
s669,esm2_sup_esm2_650m,42,1GUA,L82A,3.529,4.465579986572266
s669,esm2_sup_esm2_650m,42,1GUA,L82I,1.6,1.8387329578399658
s669,esm2_sup_esm2_650m,42,1GUA,L82V,1.7,2.5795629024505615
s669,esm2_sup_esm2_650m,42,1GUA,L86A,3.2260000000000004,3.403764247894287
s669,esm2_sup_esm2_650m,42,1GUA,L91A,1.575,0.6810246109962463
s669,esm2_sup_esm2_650m,42,1GUA,M76A,0.961,1.5661875009536743
s669,esm2_sup_esm2_650m,42,1GUA,N56M,-0.271,-0.5581507682800293
s669,esm2_sup_esm2_650m,42,1GUA,N64A,1.14,0.9336163401603699
s669,esm2_sup_esm2_650m,42,1GUA,P63A,1.7080000000000002,1.215414047241211
s669,esm2_sup_esm2_650m,42,1GUA,P93A,0.0819999999999999,-0.06809674948453903
s669,esm2_sup_esm2_650m,42,1GUA,Q66A,0.504,-0.4829157888889313
s669,esm2_sup_esm2_650m,42,1GUA,R100A,0.693,0.5779457688331604
s669,esm2_sup_esm2_650m,42,1GUA,R59A,-0.178,-0.9364273548126221
s669,esm2_sup_esm2_650m,42,1GUA,R89L,-1.078,-0.08752279728651047
s669,esm2_sup_esm2_650m,42,1GUA,S77A,1.5730000000000002,2.275475263595581
s669,esm2_sup_esm2_650m,42,1GUA,S77T,-0.581,1.0513781309127808
s669,esm2_sup_esm2_650m,42,1GUA,T68A,0.109,-0.6688156127929688
s669,esm2_sup_esm2_650m,42,1GUA,V128A,3.3680000000000003,0.9272855520248413
s669,esm2_sup_esm2_650m,42,1GUA,V60A,2.251,1.8934918642044067
s669,esm2_sup_esm2_650m,42,1GUA,V69A,1.116,0.3792271614074707
s669,esm2_sup_esm2_650m,42,1GUA,V70A,1.77,1.2878477573394775
s669,esm2_sup_esm2_650m,42,1GUA,V72A,1.052,1.2227410078048706
s669,esm2_sup_esm2_650m,42,1GUA,V72I,0.8640000000000001,0.8203161954879761
s669,esm2_sup_esm2_650m,42,1GUA,V98A,1.981,1.9666461944580078
s669,esm2_sup_esm2_650m,42,1H0X,P18A,1.936,0.0474269837141037
s669,esm2_sup_esm2_650m,42,1H0X,P62A,2.5810000000000004,0.2038833498954773
s669,esm2_sup_esm2_650m,42,1HCQ,C67A,2.09,1.2661644220352173
s669,esm2_sup_esm2_650m,42,1HCQ,C67S,1.99,1.9404476881027222
s669,esm2_sup_esm2_650m,42,1IOJ,G15A,-0.4,0.42109963297843933
s669,esm2_sup_esm2_650m,42,1IV7,A173C,-0.5,1.3745828866958618
s669,esm2_sup_esm2_650m,42,1IV7,F189C,2.5,1.8204345703125
s669,esm2_sup_esm2_650m,42,1IV7,L162C,1.9,2.220839500427246
s669,esm2_sup_esm2_650m,42,1IV9,S76Y,-4.299,1.2126429080963135
s669,esm2_sup_esm2_650m,42,1J8I,K25A,-0.1,-0.9764178991317749
s669,esm2_sup_esm2_650m,42,1J8I,K66A,-0.1,-0.232747882604599
s669,esm2_sup_esm2_650m,42,1J8I,R23A,-0.8,-0.14085036516189575
s669,esm2_sup_esm2_650m,42,1J8I,R35A,0.1,0.0020329132676124573
s669,esm2_sup_esm2_650m,42,1J8I,R43A,-0.7,-0.7720158100128174
s669,esm2_sup_esm2_650m,42,1J8I,R9A,0.1,0.15874768793582916
s669,esm2_sup_esm2_650m,42,1JL9,A25C,1.44,0.02425835281610489
s669,esm2_sup_esm2_650m,42,1L6H,F39A,1.6969999999999998,0.9968513250350952
s669,esm2_sup_esm2_650m,42,1L6H,Y45A,0.55,0.84120774269104
s669,esm2_sup_esm2_650m,42,1L6H,Y48A,1.482,0.6555076837539673
s669,esm2_sup_esm2_650m,42,1N88,F21A,1.39,0.5462803244590759
s669,esm2_sup_esm2_650m,42,1N88,I39A,1.39,0.9188165664672852
s669,esm2_sup_esm2_650m,42,1N88,I80A,2.79,1.5954856872558594
s669,esm2_sup_esm2_650m,42,1N88,I89A,2.35,0.8332892656326294
s669,esm2_sup_esm2_650m,42,1N88,I8V,1.52,1.3954445123672485
s669,esm2_sup_esm2_650m,42,1N88,L13A,1.52,1.60033118724823
s669,esm2_sup_esm2_650m,42,1N88,L57A,1.11,1.5367586612701416
s669,esm2_sup_esm2_650m,42,1N88,V12A,1.94,1.7871179580688477
s669,esm2_sup_esm2_650m,42,1N88,V30A,2.84,1.8475133180618286
s669,esm2_sup_esm2_650m,42,1N88,V43A,2.82,2.745692253112793
s669,esm2_sup_esm2_650m,42,1N88,V49A,2.83,0.6937018632888794
s669,esm2_sup_esm2_650m,42,1N88,V51A,3.24,3.5605711936950684
s669,esm2_sup_esm2_650m,42,1N88,V54A,3.73,1.842320203781128
s669,esm2_sup_esm2_650m,42,1N88,V81A,2.82,4.0129241943359375
s669,esm2_sup_esm2_650m,42,1N88,V83A,3.1,2.9569664001464844
s669,esm2_sup_esm2_650m,42,1N88,Y18A,-0.06,1.046781063079834
s669,esm2_sup_esm2_650m,42,1N88,Y26A,4.61,2.1195101737976074
s669,esm2_sup_esm2_650m,42,1O6X,A31G,1.2,1.3088308572769165
s669,esm2_sup_esm2_650m,42,1O6X,A50G,1.4,0.3515363931655884
s669,esm2_sup_esm2_650m,42,1O6X,D38A,-0.36,0.13218024373054504
s669,esm2_sup_esm2_650m,42,1O6X,E14A,0.3,-0.2671230733394623
s669,esm2_sup_esm2_650m,42,1O6X,E20G,1.42,1.7333978414535522
s669,esm2_sup_esm2_650m,42,1O6X,F39L,1.88,0.6196682453155518
s669,esm2_sup_esm2_650m,42,1O6X,F65A,0.98,0.04709703475236893
s669,esm2_sup_esm2_650m,42,1O6X,H51A,0.61,0.2498067319393158
s669,esm2_sup_esm2_650m,42,1O6X,I15V,0.43,-0.0497802272439003
s669,esm2_sup_esm2_650m,42,1O6X,I23V,-0.42,-0.10811061412096024
s669,esm2_sup_esm2_650m,42,1O6X,I71V,1.31,0.10926232486963272
s669,esm2_sup_esm2_650m,42,1O6X,K41A,1.98,0.6726560592651367
s669,esm2_sup_esm2_650m,42,1O6X,L26V,0.97,0.5801147818565369
s669,esm2_sup_esm2_650m,42,1O6X,N58A,0.08,-0.043310634791851044
s669,esm2_sup_esm2_650m,42,1O6X,Q60G,0.49,0.9797763824462891
s669,esm2_sup_esm2_650m,42,1O6X,V12A,1.1,1.7628222703933716
s669,esm2_sup_esm2_650m,42,1O6X,V52A,1.08,0.674012303352356
s669,esm2_sup_esm2_650m,42,1O6X,V64G,1.1,3.7050576210021973
s669,esm2_sup_esm2_650m,42,1R6R,I88N,0.13,1.3913178443908691
s669,esm2_sup_esm2_650m,42,1R6R,L50S,2.81,1.9799338579177856
s669,esm2_sup_esm2_650m,42,1R6R,L54S,0.24,1.4718462228775024
s669,esm2_sup_esm2_650m,42,1R6R,L81N,6.84,1.2357839345932007
s669,esm2_sup_esm2_650m,42,2BJD,V84D,4.493,4.649754047393799
s669,esm2_sup_esm2_650m,42,2BJD,V84P,4.517,5.144648551940918
s669,esm2_sup_esm2_650m,42,2BJD,Y86E,2.103,2.1278018951416016
s669,esm2_sup_esm2_650m,42,2C9Q,Y79F,0.012,1.0365513563156128
s669,esm2_sup_esm2_650m,42,2C9Q,Y79W,1.233,1.8766326904296875
s669,esm2_sup_esm2_650m,42,2CLR,H13F,-0.12,-0.36184465885162354
s669,esm2_sup_esm2_650m,42,2CLR,H31F,-2.605,0.9424524307250977
s669,esm2_sup_esm2_650m,42,2CLR,H51F,1.912,0.7655037641525269
s669,esm2_sup_esm2_650m,42,2CLR,H84A,2.629,1.055567979812622
s669,esm2_sup_esm2_650m,42,2DVV,Q443H,-0.89,0.31255435943603516
s669,esm2_sup_esm2_650m,42,2DVV,R419W,0.02,-0.744209885597229
s669,esm2_sup_esm2_650m,42,2HBB,A22G,0.32,0.4764914810657501
s669,esm2_sup_esm2_650m,42,2HBB,A26G,1.79,3.472670316696167
s669,esm2_sup_esm2_650m,42,2HBB,A36G,1.55,1.1899408102035522
s669,esm2_sup_esm2_650m,42,2HBB,A39G,1.59,2.346456527709961
s669,esm2_sup_esm2_650m,42,2HBB,A42G,0.33,0.4723052680492401
s669,esm2_sup_esm2_650m,42,2HBB,A46G,0.55,1.3723729848861694
s669,esm2_sup_esm2_650m,42,2HBB,D23A,0.03,0.48005732893943787
s669,esm2_sup_esm2_650m,42,2HBB,D23N,0.79,0.5854183435440063
s669,esm2_sup_esm2_650m,42,2HBB,D8A,1.3,1.5425891876220703
s669,esm2_sup_esm2_650m,42,2HBB,D8N,0.38,1.3572325706481934
s669,esm2_sup_esm2_650m,42,2HBB,E17A,1.69,0.95865797996521
s669,esm2_sup_esm2_650m,42,2HBB,E17Q,0.33,0.733969509601593
s669,esm2_sup_esm2_650m,42,2HBB,E38A,0.41,0.41280263662338257
s669,esm2_sup_esm2_650m,42,2HBB,E38Q,0.68,0.12731926143169403
s669,esm2_sup_esm2_650m,42,2HBB,E48Q,-0.07,-0.06376776844263077
s669,esm2_sup_esm2_650m,42,2HBB,F31A,2.84,0.5170519948005676
s669,esm2_sup_esm2_650m,42,2HBB,F5L,1.15,0.10410569608211517
s669,esm2_sup_esm2_650m,42,2HBB,G24A,-0.02,0.03922007977962494
s669,esm2_sup_esm2_650m,42,2HBB,G34A,1.02,1.5019352436065674
s669,esm2_sup_esm2_650m,42,2HBB,I18A,2.05,2.137221336364746
s669,esm2_sup_esm2_650m,42,2HBB,I18V,0.07,0.026579149067401886
s669,esm2_sup_esm2_650m,42,2HBB,I37A,1.28,0.996817409992218
s669,esm2_sup_esm2_650m,42,2HBB,I37V,-0.09,0.33793386816978455
s669,esm2_sup_esm2_650m,42,2HBB,I4V,0.59,-0.06703632324934006
s669,esm2_sup_esm2_650m,42,2HBB,K10E,-0.13,1.243953824043274
s669,esm2_sup_esm2_650m,42,2HBB,K10M,-0.47,0.6840936541557312
s669,esm2_sup_esm2_650m,42,2HBB,K12A,-0.61,0.8338401317596436
s669,esm2_sup_esm2_650m,42,2HBB,K12G,-0.03,0.7788105010986328
s669,esm2_sup_esm2_650m,42,2HBB,K12M,-1.8,-0.13403210043907166
s669,esm2_sup_esm2_650m,42,2HBB,K14A,0.73,1.3387174606323242
s669,esm2_sup_esm2_650m,42,2HBB,K14G,1.3,1.9968281984329224
s669,esm2_sup_esm2_650m,42,2HBB,K14M,0.34,0.5191420316696167
s669,esm2_sup_esm2_650m,42,2HBB,K15G,1.74,2.0055854320526123
s669,esm2_sup_esm2_650m,42,2HBB,K15M,0.44,1.3782343864440918
s669,esm2_sup_esm2_650m,42,2HBB,K7M,-0.21,-0.0315743014216423
s669,esm2_sup_esm2_650m,42,2HBB,L30A,2.76,1.4603831768035889
s669,esm2_sup_esm2_650m,42,2HBB,L35A,1.21,1.3845312595367432
s669,esm2_sup_esm2_650m,42,2HBB,L44A,1.73,2.2112369537353516
s669,esm2_sup_esm2_650m,42,2HBB,L47A,0.84,2.192542552947998
s669,esm2_sup_esm2_650m,42,2HBB,L6A,3.1,1.4419264793395996
s669,esm2_sup_esm2_650m,42,2HBB,M1A,1.46,-0.701842188835144
s669,esm2_sup_esm2_650m,42,2HBB,T40S,0.8,1.241428256034851
s669,esm2_sup_esm2_650m,42,2HBB,V21A,2.33,2.7647037506103516
s669,esm2_sup_esm2_650m,42,2HBB,V3A,2.55,3.8048951625823975
s669,esm2_sup_esm2_650m,42,2HBB,V9A,1.81,1.9170721769332886
s669,esm2_sup_esm2_650m,42,2JUC,C57D,2.54,0.4435478448867798
s669,esm2_sup_esm2_650m,42,2JUC,C57S,0.71,0.7908623218536377
s669,esm2_sup_esm2_650m,42,2JUC,R18A,1.75,0.8341069221496582
s669,esm2_sup_esm2_650m,42,2KJ3,D288A,-1.2,1.3621890544891357
s669,esm2_sup_esm2_650m,42,2KJ3,E272A,-1.9,0.36693647503852844
s669,esm2_sup_esm2_650m,42,2KJ3,G278A,0.8,0.932977557182312
s669,esm2_sup_esm2_650m,42,2KJ3,K229A,-1.5,1.453805923461914
s669,esm2_sup_esm2_650m,42,2KJ3,L241A,-1.0,0.6956650018692017
s669,esm2_sup_esm2_650m,42,2KJ3,S273A,-1.4,0.4108371138572693
s669,esm2_sup_esm2_650m,42,2KJ3,V239A,-1.0,0.6796368956565857
s669,esm2_sup_esm2_650m,42,2KJ3,V264A,-1.0,1.4288890361785889
s669,esm2_sup_esm2_650m,42,2KJ3,V267A,-0.2,0.8479241728782654
s669,esm2_sup_esm2_650m,42,2MPC,A89T,0.24,0.154878169298172
s669,esm2_sup_esm2_650m,42,2MPC,R42A,-0.62,0.02755892276763916
s669,esm2_sup_esm2_650m,42,2MPC,R42W,-2.08,-1.0811887979507446
s669,esm2_sup_esm2_650m,42,2N7Z,P88A,0.6,-0.41733184456825256
s669,esm2_sup_esm2_650m,42,2OUO,A420D,-0.44,0.025285281240940094
s669,esm2_sup_esm2_650m,42,2PTL,A22G,2.43,2.182158946990967
s669,esm2_sup_esm2_650m,42,2PTL,A27P,-0.1,0.5296856760978699
s669,esm2_sup_esm2_650m,42,2PTL,A27V,0.83,0.34057390689849854
s669,esm2_sup_esm2_650m,42,2PTL,A34G,2.17,0.617192268371582
s669,esm2_sup_esm2_650m,42,2PTL,A34V,-1.47,-0.5156018733978271
s669,esm2_sup_esm2_650m,42,2PTL,A43G,2.54,2.0129802227020264
s669,esm2_sup_esm2_650m,42,2PTL,A47G,3.1,3.0968375205993652
s669,esm2_sup_esm2_650m,42,2PTL,A49G,1.32,0.6938431262969971
s669,esm2_sup_esm2_650m,42,2PTL,A51G,3.12,2.2215964794158936
s669,esm2_sup_esm2_650m,42,2PTL,A66G,0.49,0.20688506960868835
s669,esm2_sup_esm2_650m,42,2PTL,D52A,1.21,-0.07179119437932968
s669,esm2_sup_esm2_650m,42,2PTL,D52G,2.14,0.6928311586380005
s669,esm2_sup_esm2_650m,42,2PTL,D64A,0.2,0.9302283525466919
s669,esm2_sup_esm2_650m,42,2PTL,E35A,0.59,0.30700913071632385
s669,esm2_sup_esm2_650m,42,2PTL,E46G,1.19,0.4092107117176056
s669,esm2_sup_esm2_650m,42,2PTL,E46I,1.08,-0.08722034841775894
s669,esm2_sup_esm2_650m,42,2PTL,E60A,0.23,0.11471445113420486
s669,esm2_sup_esm2_650m,42,2PTL,F26A,3.12,0.9090602397918701
s669,esm2_sup_esm2_650m,42,2PTL,F26L,0.68,-0.10329357534646988
s669,esm2_sup_esm2_650m,42,2PTL,F36A,4.15,1.4616824388504028
s669,esm2_sup_esm2_650m,42,2PTL,F36L,3.12,0.5900183320045471
s669,esm2_sup_esm2_650m,42,2PTL,F40G,3.08,0.3491632044315338
s669,esm2_sup_esm2_650m,42,2PTL,F40L,0.38,-0.33478403091430664
s669,esm2_sup_esm2_650m,42,2PTL,F76L,3.34,0.14412812888622284
s669,esm2_sup_esm2_650m,42,2PTL,F76V,3.73,0.2382085621356964
s669,esm2_sup_esm2_650m,42,2PTL,G29A,1.52,1.0260257720947266
s669,esm2_sup_esm2_650m,42,2PTL,G29V,2.53,0.9588267207145691
s669,esm2_sup_esm2_650m,42,2PTL,G38A,2.08,1.002878189086914
s669,esm2_sup_esm2_650m,42,2PTL,G59A,2.23,0.8358367681503296
s669,esm2_sup_esm2_650m,42,2PTL,G69A,2.04,0.8208044767379761
s669,esm2_sup_esm2_650m,42,2PTL,I20A,4.9,1.7937614917755127
s669,esm2_sup_esm2_650m,42,2PTL,I20V,0.56,1.674920916557312
s669,esm2_sup_esm2_650m,42,2PTL,I25A,1.37,1.1171876192092896
s669,esm2_sup_esm2_650m,42,2PTL,I25V,0.47,-0.42962726950645447
s669,esm2_sup_esm2_650m,42,2PTL,I74A,4.72,1.1967592239379883
s669,esm2_sup_esm2_650m,42,2PTL,I74V,1.69,1.5337388515472412
s669,esm2_sup_esm2_650m,42,2PTL,K21A,0.92,1.062779188156128
s669,esm2_sup_esm2_650m,42,2PTL,K37A,0.88,0.6684434413909912
s669,esm2_sup_esm2_650m,42,2PTL,K42G,-0.16,0.4314071536064148
s669,esm2_sup_esm2_650m,42,2PTL,K55A,-0.58,1.0531688928604126
s669,esm2_sup_esm2_650m,42,2PTL,K56A,-0.35,0.8687229156494141
s669,esm2_sup_esm2_650m,42,2PTL,K68A,0.09,0.3844868540763855
s669,esm2_sup_esm2_650m,42,2PTL,K75A,0.45,1.167241096496582
s669,esm2_sup_esm2_650m,42,2PTL,L24A,3.12,1.8129870891571045
s669,esm2_sup_esm2_650m,42,2PTL,L54A,2.44,1.4570088386535645
s669,esm2_sup_esm2_650m,42,2PTL,L72A,3.77,1.7555288076400757
s669,esm2_sup_esm2_650m,42,2PTL,N23A,1.87,0.7802366614341736
s669,esm2_sup_esm2_650m,42,2PTL,N28A,1.78,1.1658635139465332
s669,esm2_sup_esm2_650m,42,2PTL,N58A,0.34,1.1505491733551025
s669,esm2_sup_esm2_650m,42,2PTL,N73A,1.73,1.7705869674682617
s669,esm2_sup_esm2_650m,42,2PTL,S30A,0.3,0.24499672651290894
s669,esm2_sup_esm2_650m,42,2PTL,S45A,-0.41,0.21774792671203613
s669,esm2_sup_esm2_650m,42,2PTL,S45G,0.82,0.9825629591941833
s669,esm2_sup_esm2_650m,42,2PTL,T19A,1.63,0.5071666240692139
s669,esm2_sup_esm2_650m,42,2PTL,T31A,1.17,0.30991432070732117
s669,esm2_sup_esm2_650m,42,2PTL,T33A,1.11,0.8149106502532959
s669,esm2_sup_esm2_650m,42,2PTL,T39A,1.25,0.6853605508804321
s669,esm2_sup_esm2_650m,42,2PTL,T44A,1.09,0.44585439562797546
s669,esm2_sup_esm2_650m,42,2PTL,T53G,0.17,0.2088136374950409
s669,esm2_sup_esm2_650m,42,2PTL,T62A,0.97,0.9666738510131836
s669,esm2_sup_esm2_650m,42,2PTL,T71A,1.83,0.5690531730651855
s669,esm2_sup_esm2_650m,42,2PTL,V18A,1.22,0.4530746042728424
s669,esm2_sup_esm2_650m,42,2PTL,V63A,0.92,1.835289716720581
s669,esm2_sup_esm2_650m,42,2PTL,V65A,1.14,1.1462483406066895
s669,esm2_sup_esm2_650m,42,2PTL,Y48A,2.82,0.5763756632804871
s669,esm2_sup_esm2_650m,42,2PTL,Y50A,2.46,1.561414122581482
s669,esm2_sup_esm2_650m,42,2PTL,Y70A,1.66,1.1161527633666992
s669,esm2_sup_esm2_650m,42,2PTL,Y70L,-0.43,-0.10798066109418869
s669,esm2_sup_esm2_650m,42,2RPN,E7L,-1.05,-0.872697114944458
s669,esm2_sup_esm2_650m,42,2RPN,V21K,-0.39,0.2784601151943207
s669,esm2_sup_esm2_650m,42,2WQG,D15A,-0.3,1.1784416437149048
s669,esm2_sup_esm2_650m,42,2WQG,D38A,-0.1,1.7236669063568115
s669,esm2_sup_esm2_650m,42,2WQG,D39A,2.2,0.451328307390213
s669,esm2_sup_esm2_650m,42,2WQG,D39N,2.6,0.352950781583786
s669,esm2_sup_esm2_650m,42,2WQG,E40Q,0.1,-0.02721654623746872
s669,esm2_sup_esm2_650m,42,2WQG,E41G,0.4,0.0777750089764595
s669,esm2_sup_esm2_650m,42,2WQG,I36A,0.9,0.08148600161075592
s669,esm2_sup_esm2_650m,42,2WQG,I36V,0.3,0.37880897521972656
s669,esm2_sup_esm2_650m,42,2WQG,K14A,0.4,0.13496683537960052
s669,esm2_sup_esm2_650m,42,2WQG,K14G,1.9,0.8749581575393677
s669,esm2_sup_esm2_650m,42,2WQG,K19A,0.3,0.708414614200592
s669,esm2_sup_esm2_650m,42,2WQG,K28A,0.6,-0.16598981618881226
s669,esm2_sup_esm2_650m,42,2WQG,L13A,0.5,1.537480354309082
s669,esm2_sup_esm2_650m,42,2WQG,L16A,1.3,3.7852365970611572
s669,esm2_sup_esm2_650m,42,2WQG,L8A,2.0,0.7593868970870972
s669,esm2_sup_esm2_650m,42,2WQG,Q12A,0.6,3.7409098148345947
s669,esm2_sup_esm2_650m,42,2WQG,Q12G,2.0,3.2770180702209473
s669,esm2_sup_esm2_650m,42,2WQG,Q33A,-0.1,0.7707071304321289
s669,esm2_sup_esm2_650m,42,2WQG,R34A,0.8,2.0185630321502686
s669,esm2_sup_esm2_650m,42,2WQG,S23A,0.6,0.5537973046302795
s669,esm2_sup_esm2_650m,42,2WQG,S6A,-0.1,0.5734354257583618
s669,esm2_sup_esm2_650m,42,2WQG,S6G,0.2,0.4935239851474762
s669,esm2_sup_esm2_650m,42,2WQG,T9S,-0.1,0.8944315910339355
s669,esm2_sup_esm2_650m,42,2WQG,V10A,0.1,-0.21405094861984253
s669,esm2_sup_esm2_650m,42,2WQG,V10G,0.7,0.2878150939941406
s669,esm2_sup_esm2_650m,42,2WQG,V11A,-0.4,0.4961976110935211
s669,esm2_sup_esm2_650m,42,2WQG,V11G,-0.1,1.3503714799880981
s669,esm2_sup_esm2_650m,42,2WQG,V24A,0.5,0.6147131323814392
s669,esm2_sup_esm2_650m,42,2WQG,Y5F,2.4,-0.15237635374069214
s669,esm2_sup_esm2_650m,42,2ZTA,E11Q,0.74,-0.26334789395332336
s669,esm2_sup_esm2_650m,42,2ZTA,E20Q,-0.2,-0.11617562919855118
s669,esm2_sup_esm2_650m,42,2ZTA,E22Q,1.83,0.22888004779815674
s669,esm2_sup_esm2_650m,42,2ZTA,K15A,0.41,0.8091622591018677
s669,esm2_sup_esm2_650m,42,2ZTA,K27A,0.91,1.0060467720031738
s669,esm2_sup_esm2_650m,42,2ZTA,K28A,0.06,-0.12595969438552856
s669,esm2_sup_esm2_650m,42,2ZTA,K8A,0.39,0.5998531579971313
s669,esm2_sup_esm2_650m,42,2ZTA,R25A,1.66,0.4471917450428009
s669,esm2_sup_esm2_650m,42,3BN0,I20V,1.506,0.3368377387523651
s669,esm2_sup_esm2_650m,42,3C2I,F155S,-0.43,3.8329081535339355
s669,esm2_sup_esm2_650m,42,3C2I,T158A,-0.47,1.2538225650787354
s669,esm2_sup_esm2_650m,42,3C2I,T158M,-0.25,0.7615257501602173
s669,esm2_sup_esm2_650m,42,3FIS,P61A,0.5,0.19196918606758118
s669,esm2_sup_esm2_650m,42,3G1G,D155Y,-0.34,0.35474109649658203
s669,esm2_sup_esm2_650m,42,3G1G,F167Y,0.74,0.8425267338752747
s669,esm2_sup_esm2_650m,42,3G1G,I190V,0.17,0.28138214349746704
s669,esm2_sup_esm2_650m,42,3G1G,R185W,-1.32,0.8765062093734741
s669,esm2_sup_esm2_650m,42,3K82,E334L,3.35,0.6361677646636963
s669,esm2_sup_esm2_650m,42,3K82,E334Q,1.68,0.3824821412563324
s669,esm2_sup_esm2_650m,42,3K82,E401R,-5.49,0.04993698000907898
s669,esm2_sup_esm2_650m,42,3MON,R39G,-1.194,1.5751312971115112
s669,esm2_sup_esm2_650m,42,3MON,W3C,2.866,-0.13107216358184814
s669,esm2_sup_esm2_650m,42,3O39,L32P,3.25,2.0492911338806152
s669,esm2_sup_esm2_650m,42,3S92,H395R,-2.03,1.0765185356140137
s669,esm2_sup_esm2_650m,42,4N6V,H75W,-0.574,-1.6777198314666748
s669,esm2_sup_esm2_650m,42,4N6V,P36G,1.362,-0.02036689966917038
s669,esm2_sup_esm2_650m,42,4N6V,P79S,-1.745,0.21248356997966766
s669,esm2_sup_esm2_650m,42,4YEE,V134T,0.71,0.9503046274185181
s669,esm2_sup_esm2_650m,42,4YEF,T134V,0.93,0.15994679927825928
s669,esm2_sup_esm2_650m,42,5JXB,D329G,1.44,0.7158377766609192
s669,esm2_sup_esm2_650m,42,5JXB,D329P,1.44,0.7892378568649292
s669,esm2_sup_esm2_650m,42,1A0F,S11A,1.8,0.9262193441390991
s669,esm2_sup_esm2_650m,42,1A7V,A104H,2.69,0.7080211639404297
s669,esm2_sup_esm2_650m,42,1A7V,A66H,1.98,-0.60190349817276
s669,esm2_sup_esm2_650m,42,1A7V,A91H,1.7,0.1906718909740448
s669,esm2_sup_esm2_650m,42,1A7V,D3H,1.36,1.6708382368087769
s669,esm2_sup_esm2_650m,42,1A7V,D58H,2.05,0.17105107009410858
s669,esm2_sup_esm2_650m,42,1A7V,E73H,3.01,0.5218827128410339
s669,esm2_sup_esm2_650m,42,1A7V,K13H,0.6,1.1909568309783936
s669,esm2_sup_esm2_650m,42,1A7V,K20H,2.88,0.4529782235622406
s669,esm2_sup_esm2_650m,42,1A7V,K31H,1.36,0.2627185583114624
s669,esm2_sup_esm2_650m,42,1A7V,K39H,1.86,0.9053614139556885
s669,esm2_sup_esm2_650m,42,1A7V,K49H,2.02,-0.022020258009433746
s669,esm2_sup_esm2_650m,42,1A7V,K84H,2.88,0.6573746204376221
s669,esm2_sup_esm2_650m,42,1A7V,K97H,1.97,0.4472443759441376
s669,esm2_sup_esm2_650m,42,1BNL,D76A,0.821,1.0325299501419067
s669,esm2_sup_esm2_650m,42,1DIV,D23A,0.46,-0.10943629592657089
s669,esm2_sup_esm2_650m,42,1DIV,D23N,0.58,-0.14585813879966736
s669,esm2_sup_esm2_650m,42,1DIV,D8N,0.3,0.44791778922080994
s669,esm2_sup_esm2_650m,42,1DIV,E100A,0.98,0.020395375788211823
s669,esm2_sup_esm2_650m,42,1DIV,E100G,1.52,0.4974287748336792
s669,esm2_sup_esm2_650m,42,1DIV,E17Q,0.21,0.45105651021003723
s669,esm2_sup_esm2_650m,42,1DIV,E38Q,0.56,-0.03733014315366745
s669,esm2_sup_esm2_650m,42,1DIV,E48Q,-0.03,-0.01937098056077957
s669,esm2_sup_esm2_650m,42,1DIV,E54Q,-0.33,0.29077211022377014
s669,esm2_sup_esm2_650m,42,1DIV,H106Q,1.53,0.004651650786399841
s669,esm2_sup_esm2_650m,42,1DIV,I115A,3.52,3.338914394378662
s669,esm2_sup_esm2_650m,42,1DIV,I4A,2.22,2.246009588241577
s669,esm2_sup_esm2_650m,42,1DIV,I4V,0.59,0.34583696722984314
s669,esm2_sup_esm2_650m,42,1DIV,I79A,3.49,2.8618569374084473
s669,esm2_sup_esm2_650m,42,1DIV,I93A,3.19,3.408661365509033
s669,esm2_sup_esm2_650m,42,1DIV,I98A,4.28,2.1289165019989014
s669,esm2_sup_esm2_650m,42,1DIV,K10M,-0.05,-0.06145762652158737
s669,esm2_sup_esm2_650m,42,1DIV,K14M,-0.01,-0.23809248208999634
s669,esm2_sup_esm2_650m,42,1DIV,K15M,0.31,0.020432792603969574
s669,esm2_sup_esm2_650m,42,1DIV,K7M,-0.35,-0.07064975053071976
s669,esm2_sup_esm2_650m,42,1DIV,K96A,-0.61,-0.6492284536361694
s669,esm2_sup_esm2_650m,42,1DIV,K96G,0.2,-0.11923403292894363
s669,esm2_sup_esm2_650m,42,1DIV,L102A,2.37,2.1492552757263184
s669,esm2_sup_esm2_650m,42,1DIV,L108A,2.33,1.5731369256973267
s669,esm2_sup_esm2_650m,42,1DIV,L110A,3.21,3.0331411361694336
s669,esm2_sup_esm2_650m,42,1DIV,L117A,0.82,0.8877170085906982
s669,esm2_sup_esm2_650m,42,1DIV,L30A,2.76,1.9007551670074463
s669,esm2_sup_esm2_650m,42,1DIV,L30V,3.62,1.0797854661941528
s669,esm2_sup_esm2_650m,42,1DIV,L6A,3.1,1.433557391166687
s669,esm2_sup_esm2_650m,42,1DIV,L6I,0.13,0.29539844393730164
s669,esm2_sup_esm2_650m,42,1DIV,L6V,0.41,0.5771257877349854
s669,esm2_sup_esm2_650m,42,1DIV,L72A,3.77,3.427285671234131
s669,esm2_sup_esm2_650m,42,1DIV,M1A,1.46,-1.036763310432434
s669,esm2_sup_esm2_650m,42,1DIV,M1G,2.36,-0.7290297746658325
s669,esm2_sup_esm2_650m,42,1DIV,V21A,2.33,2.9155848026275635
s669,esm2_sup_esm2_650m,42,1DIV,V21I,0.4,2.1331748962402344
s669,esm2_sup_esm2_650m,42,1DIV,V21L,1.23,2.0317375659942627
s669,esm2_sup_esm2_650m,42,1DIV,V3A,2.55,2.4182658195495605
s669,esm2_sup_esm2_650m,42,1DIV,V3I,0.31,0.7761836051940918
s669,esm2_sup_esm2_650m,42,1DIV,V3L,2.21,0.6303478479385376
s669,esm2_sup_esm2_650m,42,1DXX,K18N,3.7,0.384916752576828
s669,esm2_sup_esm2_650m,42,1FH5,S18N,-0.6,1.8805029392242432
s669,esm2_sup_esm2_650m,42,1FT8,L212V,1.38,0.5706283450126648
s669,esm2_sup_esm2_650m,42,1FT8,L238I,0.35,0.9131848216056824
s669,esm2_sup_esm2_650m,42,1FT8,M216L,-0.27,1.007140874862671
s669,esm2_sup_esm2_650m,42,1GWY,A8D,1.6,0.47321513295173645
s669,esm2_sup_esm2_650m,42,1ITM,C24T,3.3,0.6606919169425964
s669,esm2_sup_esm2_650m,42,1ITM,C3T,5.0,-0.297749400138855
s669,esm2_sup_esm2_650m,42,1ITM,W91S,-1.4,-0.05093441158533096
s669,esm2_sup_esm2_650m,42,1JLV,E64D,1.162,0.10820143669843674
s669,esm2_sup_esm2_650m,42,1JLV,E64N,2.3040000000000003,0.6384576559066772
s669,esm2_sup_esm2_650m,42,1JLV,E64Q,2.302,0.12710927426815033
s669,esm2_sup_esm2_650m,42,1LVM,E106G,-1.4,0.5761831402778625
s669,esm2_sup_esm2_650m,42,1LVM,K45F,-0.43,-0.40569475293159485
s669,esm2_sup_esm2_650m,42,1LVM,L56V,-0.0,-0.003836788237094879
s669,esm2_sup_esm2_650m,42,1LVM,Q58F,-0.6,-1.7349432706832886
s669,esm2_sup_esm2_650m,42,1N18,E100G,2.5,2.3412084579467773
s669,esm2_sup_esm2_650m,42,1N18,G85R,1.4,2.5878825187683105
s669,esm2_sup_esm2_650m,42,1N18,H46R,-1.4,0.7807875871658325
s669,esm2_sup_esm2_650m,42,1O1U,E110A,3.3,0.5922057628631592
s669,esm2_sup_esm2_650m,42,1O1U,N61A,1.2,0.7719868421554565
s669,esm2_sup_esm2_650m,42,1O1U,Q51A,0.3,0.6581742167472839
s669,esm2_sup_esm2_650m,42,1O1U,Q99A,-0.3,0.9654110670089722
s669,esm2_sup_esm2_650m,42,1O1U,T38A,1.2,0.25971731543540955
s669,esm2_sup_esm2_650m,42,1O1U,W49Y,1.2,0.5669533014297485
s669,esm2_sup_esm2_650m,42,1OSI,I11V,0.05,0.9752578735351562
s669,esm2_sup_esm2_650m,42,1OSI,S92F,-0.39,0.10616403073072433
s669,esm2_sup_esm2_650m,42,1OSI,V15I,0.78,0.28063902258872986
s669,esm2_sup_esm2_650m,42,1PFL,A20T,1.53,1.6734435558319092
s669,esm2_sup_esm2_650m,42,1PFL,G117V,1.96,1.9834938049316406
s669,esm2_sup_esm2_650m,42,1PFL,M113T,3.53,2.013272523880005
s669,esm2_sup_esm2_650m,42,1PFL,T108M,-0.07,1.681516170501709
s669,esm2_sup_esm2_650m,42,1PRG,Q286P,0.3,0.8851195573806763
s669,esm2_sup_esm2_650m,42,1PRG,R288H,-0.06,-0.4894196689128876
s669,esm2_sup_esm2_650m,42,1PRG,V290M,-0.03,-0.2095808982849121
s669,esm2_sup_esm2_650m,42,1SPD,C111S,-0.8,0.7017929553985596
s669,esm2_sup_esm2_650m,42,1SPD,C6A,-0.1,1.2226910591125488
s669,esm2_sup_esm2_650m,42,1XWS,E124Q,2.9,-0.010696791112422943
s669,esm2_sup_esm2_650m,42,1XWS,E135K,4.59,0.5678348541259766
s669,esm2_sup_esm2_650m,42,1XWS,E142D,3.22,-0.006818629801273346
s669,esm2_sup_esm2_650m,42,1XWS,Y53H,3.3,0.38145437836647034
s669,esm2_sup_esm2_650m,42,1XXN,N32D,0.86,0.2609172761440277
s669,esm2_sup_esm2_650m,42,1XXN,N54E,0.645,-0.08920931071043015
s669,esm2_sup_esm2_650m,42,1XXN,S22E,-0.239,0.19831079244613647
s669,esm2_sup_esm2_650m,42,1XXN,S27E,0.645,1.234504222869873
s669,esm2_sup_esm2_650m,42,1XZO,F42W,-2.87,-0.9321033954620361
s669,esm2_sup_esm2_650m,42,1XZO,W101F,2.89,1.0282477140426636
s669,esm2_sup_esm2_650m,42,1XZO,W36A,8.93,0.9573745727539062
s669,esm2_sup_esm2_650m,42,1XZO,W36F,4.25,-0.3695225417613983
s669,esm2_sup_esm2_650m,42,2ARF,H1069Q,0.7170000000000001,0.32714420557022095
s669,esm2_sup_esm2_650m,42,2H3F,E12A,-1.07,1.508948802947998
s669,esm2_sup_esm2_650m,42,2JIE,H104R,-1.536,-0.18282589316368103
s669,esm2_sup_esm2_650m,42,2JIE,Q22S,0.209,0.7193180918693542
s669,esm2_sup_esm2_650m,42,2JIE,S17A,1.246,-0.49555251002311707
s669,esm2_sup_esm2_650m,42,2JIE,S19A,-0.951,0.658997654914856
s669,esm2_sup_esm2_650m,42,2JIE,T18A,0.994,0.6396927237510681
s669,esm2_sup_esm2_650m,42,2JIE,W123F,-2.19,-1.0649747848510742
s669,esm2_sup_esm2_650m,42,2JIE,W123H,-1.06,0.5259690284729004
s669,esm2_sup_esm2_650m,42,2JIE,Y21A,3.443,0.8021135330200195
s669,esm2_sup_esm2_650m,42,2KS4,D9A,-1.26,0.27351611852645874
s669,esm2_sup_esm2_650m,42,2KS4,E2A,0.23,0.5567501187324524
s669,esm2_sup_esm2_650m,42,2LTB,L558P,1.57,2.275940179824829
s669,esm2_sup_esm2_650m,42,2LTB,L569R,3.11,3.096816062927246
s669,esm2_sup_esm2_650m,42,2LTB,M619K,3.34,0.9406140446662903
s669,esm2_sup_esm2_650m,42,2LTB,R533Q,1.1,0.4566643536090851
s669,esm2_sup_esm2_650m,42,2LTB,R555Q,0.36,2.0066025257110596
s669,esm2_sup_esm2_650m,42,2LTB,R555W,-1.79,2.4553651809692383
s669,esm2_sup_esm2_650m,42,2M5S,D302A,4.0,1.4168297052383423
s669,esm2_sup_esm2_650m,42,2M5S,H305A,2.0,2.9293718338012695
s669,esm2_sup_esm2_650m,42,2NTE,R658C,2.3,0.6849917769432068
s669,esm2_sup_esm2_650m,42,2PR5,A33Y,-0.5,-0.1555957794189453
s669,esm2_sup_esm2_650m,42,2PR5,A81M,0.4,1.1707992553710938
s669,esm2_sup_esm2_650m,42,2PR5,D109E,-0.3,-1.6022653579711914
s669,esm2_sup_esm2_650m,42,2PR5,H22K,-0.3,-0.2845977246761322
s669,esm2_sup_esm2_650m,42,2PR5,H22W,-1.2,-0.22294098138809204
s669,esm2_sup_esm2_650m,42,2PR5,M111F,-2.9,-0.7767876386642456
s669,esm2_sup_esm2_650m,42,2PR5,N107F,-0.9,-0.6348830461502075
s669,esm2_sup_esm2_650m,42,2PR5,N107Y,-0.8,-0.21658024191856384
s669,esm2_sup_esm2_650m,42,2PR5,N124F,-1.1,-1.8271183967590332
s669,esm2_sup_esm2_650m,42,2PR5,N124Y,-2.6,-0.9292267560958862
s669,esm2_sup_esm2_650m,42,2PR5,T30M,-0.5,1.3430202007293701
s669,esm2_sup_esm2_650m,42,2PR5,T50M,0.5,0.7791977524757385
s669,esm2_sup_esm2_650m,42,2PR5,T54Y,-0.2,-0.015441380441188812
s669,esm2_sup_esm2_650m,42,2PR5,V120I,-1.4,0.3856002390384674
s669,esm2_sup_esm2_650m,42,2PR5,V25I,-0.4,-0.8571619391441345
s669,esm2_sup_esm2_650m,42,2PR5,V88L,0.2,0.702413022518158
s669,esm2_sup_esm2_650m,42,2PR5,V90I,0.7,0.3551830053329468
s669,esm2_sup_esm2_650m,42,2VY0,E53A,6.597,-0.03884509950876236
s669,esm2_sup_esm2_650m,42,3BCI,E96Q,-1.369,0.12656277418136597
s669,esm2_sup_esm2_650m,42,3D3B,D118A,0.65,-0.2955074608325958
s669,esm2_sup_esm2_650m,42,3D3B,D118E,0.6,-0.504241943359375
s669,esm2_sup_esm2_650m,42,3D3B,D118K,1.6,-0.2062317430973053
s669,esm2_sup_esm2_650m,42,3D3B,D118N,1.34,-0.7428913116455078
s669,esm2_sup_esm2_650m,42,3D3B,D118R,1.41,-0.5686496496200562
s669,esm2_sup_esm2_650m,42,3ECU,H46R,-0.8,0.7991244792938232
s669,esm2_sup_esm2_650m,42,3S4M,D122Y,1.3,0.5162571668624878
s669,esm2_sup_esm2_650m,42,3S4M,G130V,2.5,1.2491741180419922
s669,esm2_sup_esm2_650m,42,3S4M,I154F,-0.096,2.089188575744629
s669,esm2_sup_esm2_650m,42,3S4M,W155R,0.693,1.7834868431091309
s669,esm2_sup_esm2_650m,42,4BJX,A89V,-0.99,0.2673223316669464
s669,esm2_sup_esm2_650m,42,4BUQ,Y48A,1.435,1.2393782138824463
s669,esm2_sup_esm2_650m,42,4WAA,K65A,-0.1,0.03515572100877762
s669,esm2_sup_esm2_650m,42,4WAA,K67A,2.07,-0.634679913520813
s669,esm2_sup_esm2_650m,42,4WAA,R27A,0.44,1.656987190246582
s669,esm2_sup_esm2_650m,42,5VP3,R39K,-0.413,1.5698106288909912
s669,esm2_sup_esm2_650m,42,1BA3,H461D,1.745,1.9566376209259033
s669,esm2_sup_esm2_650m,42,1BA3,H489D,-0.287,2.587475299835205
s669,esm2_sup_esm2_650m,42,1BA3,H489K,0.287,2.9943294525146484
s669,esm2_sup_esm2_650m,42,1BA3,H489M,0.263,-0.03450203686952591
s669,esm2_sup_esm2_650m,42,1DIV,V129A,1.81,1.474709391593933
s669,esm2_sup_esm2_650m,42,1F8I,F345A,0.455,2.983961820602417
s669,esm2_sup_esm2_650m,42,1FT8,L349I,-0.05,0.7150403261184692
s669,esm2_sup_esm2_650m,42,1LVM,S135G,-0.0,0.02339506894350052
s669,esm2_sup_esm2_650m,42,1NM1,D187N,0.88,2.5080010890960693
s669,esm2_sup_esm2_650m,42,1NM1,D187Y,1.9,2.34977126121521
s669,esm2_sup_esm2_650m,42,1PRE,C159S,2.4,2.1297104358673096
s669,esm2_sup_esm2_650m,42,1R2Y,R244E,4.2,0.2881532907485962
s669,esm2_sup_esm2_650m,42,1XXN,N181R,-0.358,0.17571862041950226
s669,esm2_sup_esm2_650m,42,3D2A,M134E,-3.02,-1.3605005741119385
s669,esm2_sup_esm2_650m,42,3D2A,M137P,-3.34,-0.18856558203697205
s669,esm2_sup_esm2_650m,42,3D2A,S163P,-2.11,0.44226551055908203
s669,esm2_sup_esm2_650m,42,5OAQ,Y429H,2.99,1.4394159317016602
ssym,esm2_sup_esm2_650m,42,1AMQ,C191Y,2.3,2.1885886192321777
ssym,esm2_sup_esm2_650m,42,1AMQ,C191F,1.6,2.1201064586639404
ssym,esm2_sup_esm2_650m,42,1AMQ,C191W,3.9,2.1657204627990723
ssym,esm2_sup_esm2_650m,42,1AMQ,C191S,1.9,2.513090133666992
ssym,esm2_sup_esm2_650m,42,1BNI,F7L,4.1,0.4915929436683655
ssym,esm2_sup_esm2_650m,42,1BNI,L14A,4.5,1.7365427017211914
ssym,esm2_sup_esm2_650m,42,1BNI,T26A,1.7,1.0794411897659302
ssym,esm2_sup_esm2_650m,42,1BNI,I51V,1.1,0.26057761907577515
ssym,esm2_sup_esm2_650m,42,1BNI,I76A,1.7,0.5504015684127808
ssym,esm2_sup_esm2_650m,42,1BNI,I76V,1.0,-0.2942493259906769
ssym,esm2_sup_esm2_650m,42,1BNI,Y78F,1.1,0.323721706867218
ssym,esm2_sup_esm2_650m,42,1BNI,I88A,4.0,4.3473429679870605
ssym,esm2_sup_esm2_650m,42,1BNI,I88V,1.6,2.276740312576294
ssym,esm2_sup_esm2_650m,42,1BNI,L89V,0.5,0.41193312406539917
ssym,esm2_sup_esm2_650m,42,1BNI,S91A,2.4,0.9335857033729553
ssym,esm2_sup_esm2_650m,42,1BNI,I96A,3.2,1.314518690109253
ssym,esm2_sup_esm2_650m,42,1BNI,I96V,3.1,0.31294694542884827
ssym,esm2_sup_esm2_650m,42,1CEY,D12A,-2.5,0.6532692909240723
ssym,esm2_sup_esm2_650m,42,1CEY,D13A,-2.7,0.6074690222740173
ssym,esm2_sup_esm2_650m,42,1CEY,D57A,-3.3,0.33719173073768616
ssym,esm2_sup_esm2_650m,42,1EY0,T22C,0.9,-0.5430421829223633
ssym,esm2_sup_esm2_650m,42,1EY0,T22V,0.9,-0.6092219352722168
ssym,esm2_sup_esm2_650m,42,1EY0,V23L,0.1,0.8954743146896362
ssym,esm2_sup_esm2_650m,42,1EY0,L25I,1.7,1.7400104999542236
ssym,esm2_sup_esm2_650m,42,1EY0,T33V,-0.4,0.20142480731010437
ssym,esm2_sup_esm2_650m,42,1EY0,T41C,-0.6,-0.30721527338027954
ssym,esm2_sup_esm2_650m,42,1EY0,T41I,-0.7,-0.03107539564371109
ssym,esm2_sup_esm2_650m,42,1EY0,T41S,1.1,-0.14899209141731262
ssym,esm2_sup_esm2_650m,42,1EY0,T41V,-0.8,-0.3250724971294403
ssym,esm2_sup_esm2_650m,42,1EY0,T44V,-0.1,1.2743749618530273
ssym,esm2_sup_esm2_650m,42,1EY0,S59A,-0.5,1.3861075639724731
ssym,esm2_sup_esm2_650m,42,1EY0,T62S,2.1,0.725245475769043
ssym,esm2_sup_esm2_650m,42,1EY0,T62V,0.2,-0.056297190487384796
ssym,esm2_sup_esm2_650m,42,1EY0,V66I,1.0,-0.10467787832021713
ssym,esm2_sup_esm2_650m,42,1EY0,V66L,0.3,0.040172554552555084
ssym,esm2_sup_esm2_650m,42,1EY0,V66K,7.5,3.859679698944092
ssym,esm2_sup_esm2_650m,42,1EY0,I72L,0.2,1.2705967426300049
ssym,esm2_sup_esm2_650m,42,1EY0,I72V,1.2,1.5475990772247314
ssym,esm2_sup_esm2_650m,42,1EY0,T82S,0.7,0.10449069738388062
ssym,esm2_sup_esm2_650m,42,1EY0,I92V,0.4,0.23022478818893433
ssym,esm2_sup_esm2_650m,42,1EY0,K116G,-1.0,0.27255111932754517
ssym,esm2_sup_esm2_650m,42,1EY0,P117A,-0.8,1.13071608543396
ssym,esm2_sup_esm2_650m,42,1EY0,P117G,-0.9,0.9803748726844788
ssym,esm2_sup_esm2_650m,42,1EY0,P117T,-1.1,1.6632466316223145
ssym,esm2_sup_esm2_650m,42,1EY0,T120C,1.7,0.8272491693496704
ssym,esm2_sup_esm2_650m,42,1EY0,T120S,0.6,0.9778361916542053
ssym,esm2_sup_esm2_650m,42,1EY0,T120V,1.8,0.5652278661727905
ssym,esm2_sup_esm2_650m,42,1EY0,S128A,-0.7,0.8648793697357178
ssym,esm2_sup_esm2_650m,42,1IHB,F71N,-0.7,0.7521753907203674
ssym,esm2_sup_esm2_650m,42,1IHB,F82Q,0.4,0.7145540118217468
ssym,esm2_sup_esm2_650m,42,1IHB,F92N,1.1,0.35788020491600037
ssym,esm2_sup_esm2_650m,42,1IOB,T9G,2.6,2.275311231613159
ssym,esm2_sup_esm2_650m,42,1L63,M6A,1.9,2.4075658321380615
ssym,esm2_sup_esm2_650m,42,1L63,M6L,2.8,0.7137843370437622
ssym,esm2_sup_esm2_650m,42,1L63,E11H,-0.1,1.8704771995544434
ssym,esm2_sup_esm2_650m,42,1L63,E11N,0.1,1.7418365478515625
ssym,esm2_sup_esm2_650m,42,1L63,I17A,2.7,1.6776273250579834
ssym,esm2_sup_esm2_650m,42,1L63,D20A,0.3,1.0928093194961548
ssym,esm2_sup_esm2_650m,42,1L63,D20N,-1.3,1.0377142429351807
ssym,esm2_sup_esm2_650m,42,1L63,D20S,-0.7,0.9376752376556396
ssym,esm2_sup_esm2_650m,42,1L63,I27A,3.1,4.064121723175049
ssym,esm2_sup_esm2_650m,42,1L63,I27M,3.1,3.162850856781006
ssym,esm2_sup_esm2_650m,42,1L63,I29A,2.6,3.7998995780944824
ssym,esm2_sup_esm2_650m,42,1L63,S38N,0.0,1.201462745666504
ssym,esm2_sup_esm2_650m,42,1L63,A41S,0.6,-0.3118021786212921
ssym,esm2_sup_esm2_650m,42,1L63,A42V,2.7,0.6314487457275391
ssym,esm2_sup_esm2_650m,42,1L63,A42S,2.3,0.7082264423370361
ssym,esm2_sup_esm2_650m,42,1L63,K43A,1.0,0.7226845622062683
ssym,esm2_sup_esm2_650m,42,1L63,S44A,-0.3,0.13631533086299896
ssym,esm2_sup_esm2_650m,42,1L63,S44I,-0.3,0.1845112442970276
ssym,esm2_sup_esm2_650m,42,1L63,S44L,-0.4,-0.30816957354545593
ssym,esm2_sup_esm2_650m,42,1L63,S44K,-0.2,0.2230321168899536
ssym,esm2_sup_esm2_650m,42,1L63,S44E,0.0,0.001679353415966034
ssym,esm2_sup_esm2_650m,42,1L63,S44G,0.5,0.4750700891017914
ssym,esm2_sup_esm2_650m,42,1L63,S44R,-0.2,0.017363138496875763
ssym,esm2_sup_esm2_650m,42,1L63,S44N,0.1,0.2689790725708008
ssym,esm2_sup_esm2_650m,42,1L63,S44F,-0.1,-0.03423915058374405
ssym,esm2_sup_esm2_650m,42,1L63,S44P,3.0,0.6135043501853943
ssym,esm2_sup_esm2_650m,42,1L63,S44T,0.0,0.11709271371364594
ssym,esm2_sup_esm2_650m,42,1L63,S44V,-0.1,0.2279084324836731
ssym,esm2_sup_esm2_650m,42,1L63,L46A,1.9,2.612457752227783
ssym,esm2_sup_esm2_650m,42,1L63,D47A,1.0,0.4632948338985443
ssym,esm2_sup_esm2_650m,42,1L63,A49S,0.5,0.9568363428115845
ssym,esm2_sup_esm2_650m,42,1L63,I50A,2.0,1.0376455783843994
ssym,esm2_sup_esm2_650m,42,1L63,I50M,0.4,0.4928102195262909
ssym,esm2_sup_esm2_650m,42,1L63,I58A,3.2,1.9528528451919556
ssym,esm2_sup_esm2_650m,42,1L63,I58T,3.4,2.2619056701660156
ssym,esm2_sup_esm2_650m,42,1L63,T59A,1.5,1.4708229303359985
ssym,esm2_sup_esm2_650m,42,1L63,T59D,1.2,1.2504992485046387
ssym,esm2_sup_esm2_650m,42,1L63,T59G,1.6,1.4261510372161865
ssym,esm2_sup_esm2_650m,42,1L63,T59N,1.1,1.5988094806671143
ssym,esm2_sup_esm2_650m,42,1L63,T59S,0.2,0.8768941164016724
ssym,esm2_sup_esm2_650m,42,1L63,T59V,1.5,1.7002062797546387
ssym,esm2_sup_esm2_650m,42,1L63,L66M,1.0,2.9478507041931152
ssym,esm2_sup_esm2_650m,42,1L63,F67A,1.9,1.6153895854949951
ssym,esm2_sup_esm2_650m,42,1L63,D72P,2.7,-0.10822951048612595
ssym,esm2_sup_esm2_650m,42,1L63,A73S,0.4,0.34649384021759033
ssym,esm2_sup_esm2_650m,42,1L63,V75T,1.3,0.68465256690979
ssym,esm2_sup_esm2_650m,42,1L63,I78A,1.2,0.4324732720851898
ssym,esm2_sup_esm2_650m,42,1L63,I78M,1.5,-0.1489938199520111
ssym,esm2_sup_esm2_650m,42,1L63,I78V,0.8,-0.13065093755722046
ssym,esm2_sup_esm2_650m,42,1L63,A82S,0.3,0.12000804394483566
ssym,esm2_sup_esm2_650m,42,1L63,L84A,2.6,1.8687994480133057
ssym,esm2_sup_esm2_650m,42,1L63,L84M,1.9,0.06738274544477463
ssym,esm2_sup_esm2_650m,42,1L63,V87A,1.7,0.5474573969841003
ssym,esm2_sup_esm2_650m,42,1L63,V87M,2.3,0.38728246092796326
ssym,esm2_sup_esm2_650m,42,1L63,V87I,0.3,0.18733736872673035
ssym,esm2_sup_esm2_650m,42,1L63,V87T,1.6,1.1488529443740845
ssym,esm2_sup_esm2_650m,42,1L63,L91A,3.9,2.4929206371307373
ssym,esm2_sup_esm2_650m,42,1L63,L91M,0.8,0.7641928791999817
ssym,esm2_sup_esm2_650m,42,1L63,D92N,1.4,2.056312084197998
ssym,esm2_sup_esm2_650m,42,1L63,A93S,0.2,-0.5466688871383667
ssym,esm2_sup_esm2_650m,42,1L63,A98C,1.0,0.7668013572692871
ssym,esm2_sup_esm2_650m,42,1L63,A98L,4.3,-0.1812203824520111
ssym,esm2_sup_esm2_650m,42,1L63,A98S,2.5,0.7123244404792786
ssym,esm2_sup_esm2_650m,42,1L63,A98V,3.2,-0.2714099586009979
ssym,esm2_sup_esm2_650m,42,1L63,L99A,4.5,3.298210620880127
ssym,esm2_sup_esm2_650m,42,1L63,L99F,0.3,2.693600654602051
ssym,esm2_sup_esm2_650m,42,1L63,L99I,1.5,1.094266653060913
ssym,esm2_sup_esm2_650m,42,1L63,L99M,0.6,1.795426368713379
ssym,esm2_sup_esm2_650m,42,1L63,L99V,2.0,2.1469979286193848
ssym,esm2_sup_esm2_650m,42,1L63,I100A,3.4,1.1426892280578613
ssym,esm2_sup_esm2_650m,42,1L63,I100M,1.6,0.46752479672431946
ssym,esm2_sup_esm2_650m,42,1L63,I100V,0.4,0.38951563835144043
ssym,esm2_sup_esm2_650m,42,1L63,N101A,1.5,-0.878214955329895
ssym,esm2_sup_esm2_650m,42,1L63,M102L,1.0,1.4288135766983032
ssym,esm2_sup_esm2_650m,42,1L63,V103A,2.2,1.3029519319534302
ssym,esm2_sup_esm2_650m,42,1L63,V103I,0.5,0.9516436457633972
ssym,esm2_sup_esm2_650m,42,1L63,V103M,1.2,0.7673025131225586
ssym,esm2_sup_esm2_650m,42,1L63,F104M,0.4,1.6161410808563232
ssym,esm2_sup_esm2_650m,42,1L63,Q105M,1.2,0.29192185401916504
ssym,esm2_sup_esm2_650m,42,1L63,M106I,-0.2,1.028605341911316
ssym,esm2_sup_esm2_650m,42,1L63,M106L,-0.5,0.8321545124053955
ssym,esm2_sup_esm2_650m,42,1L63,M106K,3.4,2.354464292526245
ssym,esm2_sup_esm2_650m,42,1L63,T109D,-0.6,0.02897205948829651
ssym,esm2_sup_esm2_650m,42,1L63,T109N,-0.1,0.5611547231674194
ssym,esm2_sup_esm2_650m,42,1L63,V111A,1.3,0.30071812868118286
ssym,esm2_sup_esm2_650m,42,1L63,V111I,0.9,0.06261855363845825
ssym,esm2_sup_esm2_650m,42,1L63,V111M,0.7,-0.1436864137649536
ssym,esm2_sup_esm2_650m,42,1L63,S117F,-1.1,1.1702666282653809
ssym,esm2_sup_esm2_650m,42,1L63,L118A,3.2,2.2023110389709473
ssym,esm2_sup_esm2_650m,42,1L63,L118M,0.7,1.9156103134155273
ssym,esm2_sup_esm2_650m,42,1L63,M120L,-0.5,0.7932971715927124
ssym,esm2_sup_esm2_650m,42,1L63,M120K,1.6,1.968336582183838
ssym,esm2_sup_esm2_650m,42,1L63,M120Y,0.1,1.376577377319336
ssym,esm2_sup_esm2_650m,42,1L63,L121M,0.8,1.5350080728530884
ssym,esm2_sup_esm2_650m,42,1L63,A129F,1.2,1.8588191270828247
ssym,esm2_sup_esm2_650m,42,1L63,A129W,2.2,2.8955368995666504
ssym,esm2_sup_esm2_650m,42,1L63,A130S,-1.0,0.5011784434318542
ssym,esm2_sup_esm2_650m,42,1L63,L133F,0.3,0.788100004196167
ssym,esm2_sup_esm2_650m,42,1L63,L133M,0.4,0.38356372714042664
ssym,esm2_sup_esm2_650m,42,1L63,A134S,0.1,0.3849960267543793
ssym,esm2_sup_esm2_650m,42,1L63,N144E,-0.5,-1.9324092864990234
ssym,esm2_sup_esm2_650m,42,1L63,V149A,3.2,0.549782931804657
ssym,esm2_sup_esm2_650m,42,1L63,V149C,2.0,0.6528278589248657
ssym,esm2_sup_esm2_650m,42,1L63,V149G,4.9,1.2562611103057861
ssym,esm2_sup_esm2_650m,42,1L63,V149I,0.1,-0.12388578802347183
ssym,esm2_sup_esm2_650m,42,1L63,V149M,2.8,-0.6364678144454956
ssym,esm2_sup_esm2_650m,42,1L63,V149T,2.8,0.8602470755577087
ssym,esm2_sup_esm2_650m,42,1L63,V149S,4.4,0.607498288154602
ssym,esm2_sup_esm2_650m,42,1L63,T152A,1.5,0.9238842725753784
ssym,esm2_sup_esm2_650m,42,1L63,T152C,0.5,1.0342408418655396
ssym,esm2_sup_esm2_650m,42,1L63,T152I,0.4,0.48717573285102844
ssym,esm2_sup_esm2_650m,42,1L63,T152S,2.0,0.8557640314102173
ssym,esm2_sup_esm2_650m,42,1L63,T152V,-0.2,0.7882071733474731
ssym,esm2_sup_esm2_650m,42,1L63,F153A,3.8,3.2196168899536133
ssym,esm2_sup_esm2_650m,42,1L63,F153I,0.2,1.4178531169891357
ssym,esm2_sup_esm2_650m,42,1L63,F153L,-0.3,1.1307482719421387
ssym,esm2_sup_esm2_650m,42,1L63,F153M,0.6,1.3185821771621704
ssym,esm2_sup_esm2_650m,42,1L63,F153V,1.8,2.790635824203491
ssym,esm2_sup_esm2_650m,42,1LZ1,V2A,1.5,0.4822148084640503
ssym,esm2_sup_esm2_650m,42,1LZ1,V2G,1.3,2.0197927951812744
ssym,esm2_sup_esm2_650m,42,1LZ1,V2S,1.4,0.951723575592041
ssym,esm2_sup_esm2_650m,42,1LZ1,V2Y,0.4,0.25544095039367676
ssym,esm2_sup_esm2_650m,42,1LZ1,V2D,1.4,0.12681889533996582
ssym,esm2_sup_esm2_650m,42,1LZ1,V2N,1.3,0.3457452058792114
ssym,esm2_sup_esm2_650m,42,1LZ1,V2R,0.4,0.50333571434021
ssym,esm2_sup_esm2_650m,42,1LZ1,V2L,-0.3,-0.11571737378835678
ssym,esm2_sup_esm2_650m,42,1LZ1,V2M,0.2,0.17832043766975403
ssym,esm2_sup_esm2_650m,42,1LZ1,V2F,0.8,0.7671827077865601
ssym,esm2_sup_esm2_650m,42,1LZ1,Y20F,0.5,-0.2927686870098114
ssym,esm2_sup_esm2_650m,42,1LZ1,I23A,2.5,0.8092228174209595
ssym,esm2_sup_esm2_650m,42,1LZ1,I23V,0.4,0.15445666015148163
ssym,esm2_sup_esm2_650m,42,1LZ1,Y38F,0.2,0.5160693526268005
ssym,esm2_sup_esm2_650m,42,1LZ1,Y45F,-0.1,0.4450368285179138
ssym,esm2_sup_esm2_650m,42,1LZ1,A47P,-0.1,0.45928457379341125
ssym,esm2_sup_esm2_650m,42,1LZ1,Y54F,1.0,0.2529807686805725
ssym,esm2_sup_esm2_650m,42,1LZ1,I56A,3.7,1.9570432901382446
ssym,esm2_sup_esm2_650m,42,1LZ1,I56T,4.3,1.9339882135391235
ssym,esm2_sup_esm2_650m,42,1LZ1,I56V,1.2,0.8217729330062866
ssym,esm2_sup_esm2_650m,42,1LZ1,I59A,1.7,2.0866494178771973
ssym,esm2_sup_esm2_650m,42,1LZ1,I59G,3.8,3.2031166553497314
ssym,esm2_sup_esm2_650m,42,1LZ1,I59V,1.1,0.6097015142440796
ssym,esm2_sup_esm2_650m,42,1LZ1,Y63F,0.2,0.14783847332000732
ssym,esm2_sup_esm2_650m,42,1LZ1,P71G,1.6,1.0323190689086914
ssym,esm2_sup_esm2_650m,42,1LZ1,V74A,0.4,0.33172544836997986
ssym,esm2_sup_esm2_650m,42,1LZ1,V74G,0.1,0.9598559737205505
ssym,esm2_sup_esm2_650m,42,1LZ1,V74I,1.9,0.08193836361169815
ssym,esm2_sup_esm2_650m,42,1LZ1,V74L,0.4,-0.019508980214595795
ssym,esm2_sup_esm2_650m,42,1LZ1,V74M,0.4,0.15113535523414612
ssym,esm2_sup_esm2_650m,42,1LZ1,V74F,0.0,0.07236915826797485
ssym,esm2_sup_esm2_650m,42,1LZ1,V74Y,0.3,-0.01287677139043808
ssym,esm2_sup_esm2_650m,42,1LZ1,V74D,0.4,0.2899603545665741
ssym,esm2_sup_esm2_650m,42,1LZ1,V74N,0.3,0.42122921347618103
ssym,esm2_sup_esm2_650m,42,1LZ1,V74R,0.1,0.09934751689434052
ssym,esm2_sup_esm2_650m,42,1LZ1,V74S,0.4,0.08539309352636337
ssym,esm2_sup_esm2_650m,42,1LZ1,C77A,4.6,2.200150489807129
ssym,esm2_sup_esm2_650m,42,1LZ1,I89A,2.7,0.7246497273445129
ssym,esm2_sup_esm2_650m,42,1LZ1,I89V,0.5,0.041288234293460846
ssym,esm2_sup_esm2_650m,42,1LZ1,D91P,0.4,0.4158957302570343
ssym,esm2_sup_esm2_650m,42,1LZ1,V93A,0.7,0.5725729465484619
ssym,esm2_sup_esm2_650m,42,1LZ1,V99A,1.0,0.4300641119480133
ssym,esm2_sup_esm2_650m,42,1LZ1,V100A,0.3,-0.4344969093799591
ssym,esm2_sup_esm2_650m,42,1LZ1,P103G,0.1,0.5482705235481262
ssym,esm2_sup_esm2_650m,42,1LZ1,I106A,0.9,0.13588324189186096
ssym,esm2_sup_esm2_650m,42,1LZ1,I106V,0.7,0.046842850744724274
ssym,esm2_sup_esm2_650m,42,1LZ1,V110A,-0.5,0.6264231204986572
ssym,esm2_sup_esm2_650m,42,1LZ1,V110D,-0.2,-0.003031425178050995
ssym,esm2_sup_esm2_650m,42,1LZ1,V110G,2.2,1.2703624963760376
ssym,esm2_sup_esm2_650m,42,1LZ1,V110I,0.8,-0.12160637229681015
ssym,esm2_sup_esm2_650m,42,1LZ1,V110L,-0.1,-0.024114243686199188
ssym,esm2_sup_esm2_650m,42,1LZ1,V110M,-0.4,0.07060059905052185
ssym,esm2_sup_esm2_650m,42,1LZ1,V110N,-0.1,0.1378818303346634
ssym,esm2_sup_esm2_650m,42,1LZ1,V110R,-0.9,0.26216211915016174
ssym,esm2_sup_esm2_650m,42,1LZ1,V110F,1.9,-0.01898733526468277
ssym,esm2_sup_esm2_650m,42,1LZ1,V110P,-0.5,0.38090088963508606
ssym,esm2_sup_esm2_650m,42,1LZ1,V110Y,0.1,-0.13673850893974304
ssym,esm2_sup_esm2_650m,42,1LZ1,V121A,1.4,0.4101942181587219
ssym,esm2_sup_esm2_650m,42,1LZ1,Y124F,0.4,0.48783913254737854
ssym,esm2_sup_esm2_650m,42,1LZ1,V125A,1.3,0.620591402053833
ssym,esm2_sup_esm2_650m,42,1LZ1,V130A,0.8,0.08743524551391602
ssym,esm2_sup_esm2_650m,42,1OH0,Y32F,-0.2,-0.24485084414482117
ssym,esm2_sup_esm2_650m,42,1OH0,Y57F,1.2,-1.9056475162506104
ssym,esm2_sup_esm2_650m,42,1RN1,Q25K,-1.4,0.14370790123939514
ssym,esm2_sup_esm2_650m,42,1VQB,I47L,0.4,0.46023377776145935
ssym,esm2_sup_esm2_650m,42,1VQB,I47M,1.7,0.5740723609924316
ssym,esm2_sup_esm2_650m,42,1VQB,I47V,2.0,1.6204911470413208
ssym,esm2_sup_esm2_650m,42,1VQB,V35I,0.6,0.4201433062553406
ssym,esm2_sup_esm2_650m,42,1VQB,Y41F,3.2,-0.5838063955307007
ssym,esm2_sup_esm2_650m,42,2LZM,I3L,-0.7,0.5902870893478394
ssym,esm2_sup_esm2_650m,42,2LZM,I3C,0.0,1.5824519395828247
ssym,esm2_sup_esm2_650m,42,2LZM,I3P,3.0,2.467442035675049
ssym,esm2_sup_esm2_650m,42,2LZM,I3Y,2.3,2.1892716884613037
ssym,esm2_sup_esm2_650m,42,2LZM,I3V,0.4,1.6295709609985352
ssym,esm2_sup_esm2_650m,42,2LZM,M6I,1.4,1.4104565382003784
ssym,esm2_sup_esm2_650m,42,2LZM,K16E,-0.5,0.30898064374923706
ssym,esm2_sup_esm2_650m,42,2LZM,S38D,-0.6,-0.020609162747859955
ssym,esm2_sup_esm2_650m,42,2LZM,N55G,0.6,1.1611045598983765
ssym,esm2_sup_esm2_650m,42,2LZM,K60P,0.0,0.28379061818122864
ssym,esm2_sup_esm2_650m,42,2LZM,G77A,-0.4,0.019492745399475098
ssym,esm2_sup_esm2_650m,42,2LZM,A82P,-0.8,-0.157830148935318
ssym,esm2_sup_esm2_650m,42,2LZM,K85A,0.6,1.0520031452178955
ssym,esm2_sup_esm2_650m,42,2LZM,D89A,0.5,-0.0047945380210876465
ssym,esm2_sup_esm2_650m,42,2LZM,R96A,2.0,1.8507044315338135
ssym,esm2_sup_esm2_650m,42,2LZM,R96D,3.5,3.39703369140625
ssym,esm2_sup_esm2_650m,42,2LZM,R96M,2.7,0.9332690834999084
ssym,esm2_sup_esm2_650m,42,2LZM,R96E,2.5,2.581775665283203
ssym,esm2_sup_esm2_650m,42,2LZM,R96G,2.6,3.0992074012756348
ssym,esm2_sup_esm2_650m,42,2LZM,R96Q,0.3,1.9696381092071533
ssym,esm2_sup_esm2_650m,42,2LZM,R96H,3.1,3.2321903705596924
ssym,esm2_sup_esm2_650m,42,2LZM,R96N,3.0,3.247743606567383
ssym,esm2_sup_esm2_650m,42,2LZM,R96K,0.0,2.460158586502075
ssym,esm2_sup_esm2_650m,42,2LZM,R96S,2.6,2.1466474533081055
ssym,esm2_sup_esm2_650m,42,2LZM,R96Y,4.7,2.255128860473633
ssym,esm2_sup_esm2_650m,42,2LZM,R96V,2.4,2.0205821990966797
ssym,esm2_sup_esm2_650m,42,2LZM,R96W,4.5,2.449209213256836
ssym,esm2_sup_esm2_650m,42,2LZM,A98V,4.9,-0.1619550585746765
ssym,esm2_sup_esm2_650m,42,2LZM,Q105A,0.6,0.34528103470802307
ssym,esm2_sup_esm2_650m,42,2LZM,Q105E,1.1,0.1772506833076477
ssym,esm2_sup_esm2_650m,42,2LZM,Q105G,1.5,0.5374857187271118
ssym,esm2_sup_esm2_650m,42,2LZM,G113A,-0.3,-0.8460487723350525
ssym,esm2_sup_esm2_650m,42,2LZM,T115E,-0.3,0.2803305983543396
ssym,esm2_sup_esm2_650m,42,2LZM,N116D,-0.6,-1.163041114807129
ssym,esm2_sup_esm2_650m,42,2LZM,R119E,0.0,-1.1756654977798462
ssym,esm2_sup_esm2_650m,42,2LZM,Q123E,-0.4,0.2794366776943207
ssym,esm2_sup_esm2_650m,42,2LZM,K124G,0.1,1.1940945386886597
ssym,esm2_sup_esm2_650m,42,2LZM,V131A,-0.3,-0.019823633134365082
ssym,esm2_sup_esm2_650m,42,2LZM,V131D,-0.1,0.15251660346984863
ssym,esm2_sup_esm2_650m,42,2LZM,V131G,0.7,0.9448062181472778
ssym,esm2_sup_esm2_650m,42,2LZM,V131I,-0.2,-0.18868371844291687
ssym,esm2_sup_esm2_650m,42,2LZM,V131L,-0.1,-0.6713045835494995
ssym,esm2_sup_esm2_650m,42,2LZM,V131S,0.1,-0.023590482771396637
ssym,esm2_sup_esm2_650m,42,2LZM,V131M,-0.1,-0.6850273609161377
ssym,esm2_sup_esm2_650m,42,2LZM,V131E,-0.2,-0.12425380200147629
ssym,esm2_sup_esm2_650m,42,2LZM,L133A,4.2,1.0347150564193726
ssym,esm2_sup_esm2_650m,42,2LZM,K135E,1.0,-0.13465207815170288
ssym,esm2_sup_esm2_650m,42,2LZM,N144D,-0.4,-2.2958178520202637
ssym,esm2_sup_esm2_650m,42,2LZM,K147E,0.7,-1.174443244934082
ssym,esm2_sup_esm2_650m,42,2LZM,V149C,2.2,0.42900004982948303
ssym,esm2_sup_esm2_650m,42,2LZM,T152S,2.6,0.8887450695037842
ssym,esm2_sup_esm2_650m,42,2LZM,R154E,1.1,-0.3833313286304474
ssym,esm2_sup_esm2_650m,42,2LZM,G156D,2.3,0.48208242654800415
ssym,esm2_sup_esm2_650m,42,2LZM,T157A,0.5,0.8700019121170044
ssym,esm2_sup_esm2_650m,42,2LZM,T157C,1.3,0.6274027228355408
ssym,esm2_sup_esm2_650m,42,2LZM,T157D,1.1,1.2045776844024658
ssym,esm2_sup_esm2_650m,42,2LZM,T157E,0.8,1.4259662628173828
ssym,esm2_sup_esm2_650m,42,2LZM,T157F,2.4,0.7162379622459412
ssym,esm2_sup_esm2_650m,42,2LZM,T157G,1.1,1.5853302478790283
ssym,esm2_sup_esm2_650m,42,2LZM,T157H,2.1,1.2833099365234375
ssym,esm2_sup_esm2_650m,42,2LZM,T157I,1.5,0.7365916967391968
ssym,esm2_sup_esm2_650m,42,2LZM,T157L,1.7,0.3411175310611725
ssym,esm2_sup_esm2_650m,42,2LZM,T157N,1.2,1.6697255373001099
ssym,esm2_sup_esm2_650m,42,2LZM,T157R,-0.3,0.6757495999336243
ssym,esm2_sup_esm2_650m,42,2LZM,T157S,0.7,0.5561000108718872
ssym,esm2_sup_esm2_650m,42,2LZM,T157V,1.2,0.8768374919891357
ssym,esm2_sup_esm2_650m,42,2RN2,D10N,-0.9,0.3013664782047272
ssym,esm2_sup_esm2_650m,42,2RN2,E48Q,-0.2,-0.5845600962638855
ssym,esm2_sup_esm2_650m,42,2RN2,A52F,0.5,1.2315597534179688
ssym,esm2_sup_esm2_650m,42,2RN2,A52I,-1.9,-0.2561102509498596
ssym,esm2_sup_esm2_650m,42,2RN2,A52L,-1.3,0.5987447500228882
ssym,esm2_sup_esm2_650m,42,2RN2,A52V,-1.7,-0.5721964836120605
ssym,esm2_sup_esm2_650m,42,2RN2,H62A,-0.4,0.6640114784240723
ssym,esm2_sup_esm2_650m,42,2RN2,H62P,-1.1,0.37363436818122864
ssym,esm2_sup_esm2_650m,42,2RN2,D70N,-0.9,-1.5334419012069702
ssym,esm2_sup_esm2_650m,42,2RN2,V74L,-1.0,1.2368800640106201
ssym,esm2_sup_esm2_650m,42,2RN2,V74I,-0.6,1.3202590942382812
ssym,esm2_sup_esm2_650m,42,2RN2,G77A,0.9,-1.0546581745147705
ssym,esm2_sup_esm2_650m,42,2RN2,K95A,-0.1,1.809561014175415
ssym,esm2_sup_esm2_650m,42,2RN2,K95G,-1.9,0.7220778465270996
ssym,esm2_sup_esm2_650m,42,2RN2,K95N,-0.9,1.121328353881836
ssym,esm2_sup_esm2_650m,42,2RN2,D134A,-2.1,-1.3500378131866455
ssym,esm2_sup_esm2_650m,42,2RN2,D134H,-2.3,-0.4164227545261383
ssym,esm2_sup_esm2_650m,42,2RN2,D134N,-1.0,-0.8603188991546631
ssym,esm2_sup_esm2_650m,42,4LYZ,M12F,-0.5,0.2640799582004547
ssym,esm2_sup_esm2_650m,42,4LYZ,M12L,0.4,-0.3460741937160492
ssym,esm2_sup_esm2_650m,42,4LYZ,T40S,0.3,0.15571801364421844
ssym,esm2_sup_esm2_650m,42,4LYZ,G49A,0.7,1.5360257625579834
ssym,esm2_sup_esm2_650m,42,4LYZ,I55V,0.9,0.8741153478622437
ssym,esm2_sup_esm2_650m,42,4LYZ,I58M,1.2,1.2234995365142822
ssym,esm2_sup_esm2_650m,42,4LYZ,G67A,0.5,1.3307280540466309
ssym,esm2_sup_esm2_650m,42,4LYZ,G71A,2.1,0.3519424796104431
ssym,esm2_sup_esm2_650m,42,4LYZ,I78M,0.9,-0.29610303044319153
ssym,esm2_sup_esm2_650m,42,4LYZ,S91A,0.2,0.0361999049782753
ssym,esm2_sup_esm2_650m,42,4LYZ,S91T,-1.0,0.13535794615745544
ssym,esm2_sup_esm2_650m,42,4LYZ,I98M,0.9,0.9296404719352722
ssym,esm2_sup_esm2_650m,42,4LYZ,G102A,1.2,0.17033860087394714
ssym,esm2_sup_esm2_650m,42,4LYZ,G117A,0.8,0.6293920874595642
ssym,esm2_sup_esm2_650m,42,5PTI,F22A,1.2,1.9453861713409424
ssym,esm2_sup_esm2_650m,42,5PTI,Y23A,5.9,2.808001756668091
ssym,esm2_sup_esm2_650m,42,5PTI,Y35G,5.0,1.9673523902893066
ssym,esm2_sup_esm2_650m,42,5PTI,N43G,5.7,0.07971087098121643
ssym,esm2_sup_esm2_650m,42,5PTI,F45A,6.9,1.605546474456787
s669,esm2_sup_esm2_650m,123,1BFM,M35W,0.7,1.1412179470062256
s669,esm2_sup_esm2_650m,123,1BFM,M35Y,0.4,0.7030370831489563
s669,esm2_sup_esm2_650m,123,1D5G,H71Y,0.04,0.4833373427391052
s669,esm2_sup_esm2_650m,123,1D5G,I20F,-0.91,1.9267432689666748
s669,esm2_sup_esm2_650m,123,1EKG,L198C,1.0,0.8097654581069946
s669,esm2_sup_esm2_650m,123,1EKG,L200C,2.0,0.1042247787117958
s669,esm2_sup_esm2_650m,123,1EKG,L203C,-1.0,-0.4778044819831848
s669,esm2_sup_esm2_650m,123,1EKG,S181F,2.6,-0.5309727191925049
s669,esm2_sup_esm2_650m,123,1FRD,H42R,-4.0,-0.08075348287820816
s669,esm2_sup_esm2_650m,123,1FXA,E94D,1.1,0.12460628896951675
s669,esm2_sup_esm2_650m,123,1FXA,E94K,0.4,0.7410140037536621
s669,esm2_sup_esm2_650m,123,1FXA,E94Q,-0.6,0.18392106890678406
s669,esm2_sup_esm2_650m,123,1FXA,E95K,-1.0,0.25781509280204773
s669,esm2_sup_esm2_650m,123,1FXA,F65A,1.0,0.5172555446624756
s669,esm2_sup_esm2_650m,123,1FXA,F65I,0.9,-0.8466468453407288
s669,esm2_sup_esm2_650m,123,1FXA,F65W,0.6,0.3416823148727417
s669,esm2_sup_esm2_650m,123,1FXA,F65Y,0.5,0.034194909036159515
s669,esm2_sup_esm2_650m,123,1FXA,R42A,2.4,1.1796238422393799
s669,esm2_sup_esm2_650m,123,1FXA,R42H,1.4,0.7971068024635315
s669,esm2_sup_esm2_650m,123,1FXA,T48A,-0.1,0.5133879780769348
s669,esm2_sup_esm2_650m,123,1GLU,C500A,1.22,2.311314821243286
s669,esm2_sup_esm2_650m,123,1GUA,A118G,1.963,1.5569977760314941
s669,esm2_sup_esm2_650m,123,1GUA,A118L,1.951,-0.24240940809249878
s669,esm2_sup_esm2_650m,123,1GUA,A85G,2.149,1.2598648071289062
s669,esm2_sup_esm2_650m,123,1GUA,A97G,0.863,1.6329189538955688
s669,esm2_sup_esm2_650m,123,1GUA,C81A,-0.283,-0.10989347845315933
s669,esm2_sup_esm2_650m,123,1GUA,C81I,0.912,-0.66709303855896
s669,esm2_sup_esm2_650m,123,1GUA,C95A,0.08,0.22301417589187622
s669,esm2_sup_esm2_650m,123,1GUA,C96A,1.759,1.0182663202285767
s669,esm2_sup_esm2_650m,123,1GUA,C96L,0.043,0.2092747986316681
s669,esm2_sup_esm2_650m,123,1GUA,C96M,0.337,-0.25766587257385254
s669,esm2_sup_esm2_650m,123,1GUA,D117A,0.706,0.7081440091133118
s669,esm2_sup_esm2_650m,123,1GUA,D129A,0.855,0.3673798143863678
s669,esm2_sup_esm2_650m,123,1GUA,D80A,0.493,0.29562875628471375
s669,esm2_sup_esm2_650m,123,1GUA,E104A,-0.021,0.06097050756216049
s669,esm2_sup_esm2_650m,123,1GUA,E124A,0.101,0.5922365784645081
s669,esm2_sup_esm2_650m,123,1GUA,E125A,0.591,0.17854908108711243
s669,esm2_sup_esm2_650m,123,1GUA,I58A,3.274,2.5458786487579346
s669,esm2_sup_esm2_650m,123,1GUA,I58F,1.2990000000000002,0.9839428067207336
s669,esm2_sup_esm2_650m,123,1GUA,I58L,0.7709999999999999,1.159590244293213
s669,esm2_sup_esm2_650m,123,1GUA,K109A,0.327,0.3168887197971344
s669,esm2_sup_esm2_650m,123,1GUA,L112A,2.593,1.117848515510559
s669,esm2_sup_esm2_650m,123,1GUA,L121A,2.5340000000000003,0.649588406085968
s669,esm2_sup_esm2_650m,123,1GUA,L126A,3.405,0.2544894516468048
s669,esm2_sup_esm2_650m,123,1GUA,L62A,3.46,1.6414942741394043
s669,esm2_sup_esm2_650m,123,1GUA,L78A,3.803,1.6638915538787842
s669,esm2_sup_esm2_650m,123,1GUA,L82A,3.529,3.7422943115234375
s669,esm2_sup_esm2_650m,123,1GUA,L82I,1.6,1.9456684589385986
s669,esm2_sup_esm2_650m,123,1GUA,L82V,1.7,2.214653491973877
s669,esm2_sup_esm2_650m,123,1GUA,L86A,3.2260000000000004,2.98252272605896
s669,esm2_sup_esm2_650m,123,1GUA,L91A,1.575,0.5340114831924438
s669,esm2_sup_esm2_650m,123,1GUA,M76A,0.961,1.0777521133422852
s669,esm2_sup_esm2_650m,123,1GUA,N56M,-0.271,-0.7494956851005554
s669,esm2_sup_esm2_650m,123,1GUA,N64A,1.14,0.5802426338195801
s669,esm2_sup_esm2_650m,123,1GUA,P63A,1.7080000000000002,1.6235027313232422
s669,esm2_sup_esm2_650m,123,1GUA,P93A,0.0819999999999999,-0.24400043487548828
s669,esm2_sup_esm2_650m,123,1GUA,Q66A,0.504,-0.1756446361541748
s669,esm2_sup_esm2_650m,123,1GUA,R100A,0.693,0.6010658144950867
s669,esm2_sup_esm2_650m,123,1GUA,R59A,-0.178,-0.999944269657135
s669,esm2_sup_esm2_650m,123,1GUA,R89L,-1.078,-0.3136275112628937
s669,esm2_sup_esm2_650m,123,1GUA,S77A,1.5730000000000002,2.2968239784240723
s669,esm2_sup_esm2_650m,123,1GUA,S77T,-0.581,0.5211653709411621
s669,esm2_sup_esm2_650m,123,1GUA,T68A,0.109,-0.3516194820404053
s669,esm2_sup_esm2_650m,123,1GUA,V128A,3.3680000000000003,0.5927237868309021
s669,esm2_sup_esm2_650m,123,1GUA,V60A,2.251,2.075968027114868
s669,esm2_sup_esm2_650m,123,1GUA,V69A,1.116,0.9434625506401062
s669,esm2_sup_esm2_650m,123,1GUA,V70A,1.77,1.4724067449569702
s669,esm2_sup_esm2_650m,123,1GUA,V72A,1.052,0.9960951805114746
s669,esm2_sup_esm2_650m,123,1GUA,V72I,0.8640000000000001,0.936400830745697
s669,esm2_sup_esm2_650m,123,1GUA,V98A,1.981,1.715316653251648
s669,esm2_sup_esm2_650m,123,1H0X,P18A,1.936,0.18102067708969116
s669,esm2_sup_esm2_650m,123,1H0X,P62A,2.5810000000000004,0.354400098323822
s669,esm2_sup_esm2_650m,123,1HCQ,C67A,2.09,1.4489436149597168
s669,esm2_sup_esm2_650m,123,1HCQ,C67S,1.99,1.5393459796905518
s669,esm2_sup_esm2_650m,123,1IOJ,G15A,-0.4,0.2566029131412506
s669,esm2_sup_esm2_650m,123,1IV7,A173C,-0.5,1.5523988008499146
s669,esm2_sup_esm2_650m,123,1IV7,F189C,2.5,1.5996503829956055
s669,esm2_sup_esm2_650m,123,1IV7,L162C,1.9,2.1275479793548584
s669,esm2_sup_esm2_650m,123,1IV9,S76Y,-4.299,1.87973952293396
s669,esm2_sup_esm2_650m,123,1J8I,K25A,-0.1,-1.001261591911316
s669,esm2_sup_esm2_650m,123,1J8I,K66A,-0.1,-0.028980739414691925
s669,esm2_sup_esm2_650m,123,1J8I,R23A,-0.8,-0.9312024712562561
s669,esm2_sup_esm2_650m,123,1J8I,R35A,0.1,0.3072829246520996
s669,esm2_sup_esm2_650m,123,1J8I,R43A,-0.7,-0.6070674061775208
s669,esm2_sup_esm2_650m,123,1J8I,R9A,0.1,0.09212831407785416
s669,esm2_sup_esm2_650m,123,1JL9,A25C,1.44,0.18127700686454773
s669,esm2_sup_esm2_650m,123,1L6H,F39A,1.6969999999999998,0.6368266940116882
s669,esm2_sup_esm2_650m,123,1L6H,Y45A,0.55,0.7462906837463379
s669,esm2_sup_esm2_650m,123,1L6H,Y48A,1.482,0.3864493668079376
s669,esm2_sup_esm2_650m,123,1N88,F21A,1.39,-0.09456758946180344
s669,esm2_sup_esm2_650m,123,1N88,I39A,1.39,0.8208040595054626
s669,esm2_sup_esm2_650m,123,1N88,I80A,2.79,1.3160654306411743
s669,esm2_sup_esm2_650m,123,1N88,I89A,2.35,0.7218586802482605
s669,esm2_sup_esm2_650m,123,1N88,I8V,1.52,1.9037368297576904
s669,esm2_sup_esm2_650m,123,1N88,L13A,1.52,1.907547116279602
s669,esm2_sup_esm2_650m,123,1N88,L57A,1.11,1.950533390045166
s669,esm2_sup_esm2_650m,123,1N88,V12A,1.94,2.0086610317230225
s669,esm2_sup_esm2_650m,123,1N88,V30A,2.84,1.8262262344360352
s669,esm2_sup_esm2_650m,123,1N88,V43A,2.82,2.3484086990356445
s669,esm2_sup_esm2_650m,123,1N88,V49A,2.83,0.5596357583999634
s669,esm2_sup_esm2_650m,123,1N88,V51A,3.24,2.911862373352051
s669,esm2_sup_esm2_650m,123,1N88,V54A,3.73,2.031893253326416
s669,esm2_sup_esm2_650m,123,1N88,V81A,2.82,3.9256937503814697
s669,esm2_sup_esm2_650m,123,1N88,V83A,3.1,2.8325068950653076
s669,esm2_sup_esm2_650m,123,1N88,Y18A,-0.06,1.2516758441925049
s669,esm2_sup_esm2_650m,123,1N88,Y26A,4.61,2.192415952682495
s669,esm2_sup_esm2_650m,123,1O6X,A31G,1.2,1.2304738759994507
s669,esm2_sup_esm2_650m,123,1O6X,A50G,1.4,0.36982181668281555
s669,esm2_sup_esm2_650m,123,1O6X,D38A,-0.36,0.280554860830307
s669,esm2_sup_esm2_650m,123,1O6X,E14A,0.3,0.1288788914680481
s669,esm2_sup_esm2_650m,123,1O6X,E20G,1.42,1.7207345962524414
s669,esm2_sup_esm2_650m,123,1O6X,F39L,1.88,0.3588402569293976
s669,esm2_sup_esm2_650m,123,1O6X,F65A,0.98,0.02022058516740799
s669,esm2_sup_esm2_650m,123,1O6X,H51A,0.61,0.728018581867218
s669,esm2_sup_esm2_650m,123,1O6X,I15V,0.43,0.23153728246688843
s669,esm2_sup_esm2_650m,123,1O6X,I23V,-0.42,-0.5103723406791687
s669,esm2_sup_esm2_650m,123,1O6X,I71V,1.31,-0.12820866703987122
s669,esm2_sup_esm2_650m,123,1O6X,K41A,1.98,0.5671620965003967
s669,esm2_sup_esm2_650m,123,1O6X,L26V,0.97,0.2335512638092041
s669,esm2_sup_esm2_650m,123,1O6X,N58A,0.08,0.2250981330871582
s669,esm2_sup_esm2_650m,123,1O6X,Q60G,0.49,0.7384017109870911
s669,esm2_sup_esm2_650m,123,1O6X,V12A,1.1,2.1614420413970947
s669,esm2_sup_esm2_650m,123,1O6X,V52A,1.08,0.9351766705513
s669,esm2_sup_esm2_650m,123,1O6X,V64G,1.1,3.768477201461792
s669,esm2_sup_esm2_650m,123,1R6R,I88N,0.13,3.0138251781463623
s669,esm2_sup_esm2_650m,123,1R6R,L50S,2.81,3.2161335945129395
s669,esm2_sup_esm2_650m,123,1R6R,L54S,0.24,2.648857593536377
s669,esm2_sup_esm2_650m,123,1R6R,L81N,6.84,2.22257924079895
s669,esm2_sup_esm2_650m,123,2BJD,V84D,4.493,4.094030380249023
s669,esm2_sup_esm2_650m,123,2BJD,V84P,4.517,4.176665306091309
s669,esm2_sup_esm2_650m,123,2BJD,Y86E,2.103,1.4738364219665527
s669,esm2_sup_esm2_650m,123,2C9Q,Y79F,0.012,0.6703349947929382
s669,esm2_sup_esm2_650m,123,2C9Q,Y79W,1.233,1.760775089263916
s669,esm2_sup_esm2_650m,123,2CLR,H13F,-0.12,-0.18827903270721436
s669,esm2_sup_esm2_650m,123,2CLR,H31F,-2.605,0.5937601923942566
s669,esm2_sup_esm2_650m,123,2CLR,H51F,1.912,0.1275835633277893
s669,esm2_sup_esm2_650m,123,2CLR,H84A,2.629,1.5926940441131592
s669,esm2_sup_esm2_650m,123,2DVV,Q443H,-0.89,0.6522641181945801
s669,esm2_sup_esm2_650m,123,2DVV,R419W,0.02,-0.12224294990301132
s669,esm2_sup_esm2_650m,123,2HBB,A22G,0.32,0.6040990948677063
s669,esm2_sup_esm2_650m,123,2HBB,A26G,1.79,3.530939817428589
s669,esm2_sup_esm2_650m,123,2HBB,A36G,1.55,1.0170084238052368
s669,esm2_sup_esm2_650m,123,2HBB,A39G,1.59,2.3166000843048096
s669,esm2_sup_esm2_650m,123,2HBB,A42G,0.33,0.22636333107948303
s669,esm2_sup_esm2_650m,123,2HBB,A46G,0.55,0.9987419247627258
s669,esm2_sup_esm2_650m,123,2HBB,D23A,0.03,1.16261887550354
s669,esm2_sup_esm2_650m,123,2HBB,D23N,0.79,0.8080270290374756
s669,esm2_sup_esm2_650m,123,2HBB,D8A,1.3,1.4017376899719238
s669,esm2_sup_esm2_650m,123,2HBB,D8N,0.38,1.3162236213684082
s669,esm2_sup_esm2_650m,123,2HBB,E17A,1.69,0.9276608228683472
s669,esm2_sup_esm2_650m,123,2HBB,E17Q,0.33,0.9510494470596313
s669,esm2_sup_esm2_650m,123,2HBB,E38A,0.41,0.36099961400032043
s669,esm2_sup_esm2_650m,123,2HBB,E38Q,0.68,-0.10219516605138779
s669,esm2_sup_esm2_650m,123,2HBB,E48Q,-0.07,0.3726501762866974
s669,esm2_sup_esm2_650m,123,2HBB,F31A,2.84,0.6380965113639832
s669,esm2_sup_esm2_650m,123,2HBB,F5L,1.15,0.705670952796936
s669,esm2_sup_esm2_650m,123,2HBB,G24A,-0.02,0.6788005828857422
s669,esm2_sup_esm2_650m,123,2HBB,G34A,1.02,1.6913886070251465
s669,esm2_sup_esm2_650m,123,2HBB,I18A,2.05,2.2146761417388916
s669,esm2_sup_esm2_650m,123,2HBB,I18V,0.07,0.1731032133102417
s669,esm2_sup_esm2_650m,123,2HBB,I37A,1.28,0.7135075330734253
s669,esm2_sup_esm2_650m,123,2HBB,I37V,-0.09,0.10268584638834
s669,esm2_sup_esm2_650m,123,2HBB,I4V,0.59,-0.12048997730016708
s669,esm2_sup_esm2_650m,123,2HBB,K10E,-0.13,1.6919336318969727
s669,esm2_sup_esm2_650m,123,2HBB,K10M,-0.47,0.6920321583747864
s669,esm2_sup_esm2_650m,123,2HBB,K12A,-0.61,0.5501682758331299
s669,esm2_sup_esm2_650m,123,2HBB,K12G,-0.03,1.0130664110183716
s669,esm2_sup_esm2_650m,123,2HBB,K12M,-1.8,-0.19987237453460693
s669,esm2_sup_esm2_650m,123,2HBB,K14A,0.73,1.5805397033691406
s669,esm2_sup_esm2_650m,123,2HBB,K14G,1.3,2.3834688663482666
s669,esm2_sup_esm2_650m,123,2HBB,K14M,0.34,1.1351970434188843
s669,esm2_sup_esm2_650m,123,2HBB,K15G,1.74,1.8585968017578125
s669,esm2_sup_esm2_650m,123,2HBB,K15M,0.44,1.1988983154296875
s669,esm2_sup_esm2_650m,123,2HBB,K7M,-0.21,-0.24996501207351685
s669,esm2_sup_esm2_650m,123,2HBB,L30A,2.76,1.6625375747680664
s669,esm2_sup_esm2_650m,123,2HBB,L35A,1.21,1.5495717525482178
s669,esm2_sup_esm2_650m,123,2HBB,L44A,1.73,2.3637378215789795
s669,esm2_sup_esm2_650m,123,2HBB,L47A,0.84,2.24454402923584
s669,esm2_sup_esm2_650m,123,2HBB,L6A,3.1,0.9962319731712341
s669,esm2_sup_esm2_650m,123,2HBB,M1A,1.46,-0.9626927375793457
s669,esm2_sup_esm2_650m,123,2HBB,T40S,0.8,0.967444896697998
s669,esm2_sup_esm2_650m,123,2HBB,V21A,2.33,2.4543299674987793
s669,esm2_sup_esm2_650m,123,2HBB,V3A,2.55,3.3462610244750977
s669,esm2_sup_esm2_650m,123,2HBB,V9A,1.81,1.6432271003723145
s669,esm2_sup_esm2_650m,123,2JUC,C57D,2.54,0.48542845249176025
s669,esm2_sup_esm2_650m,123,2JUC,C57S,0.71,0.6749910712242126
s669,esm2_sup_esm2_650m,123,2JUC,R18A,1.75,0.7286854982376099
s669,esm2_sup_esm2_650m,123,2KJ3,D288A,-1.2,2.022911310195923
s669,esm2_sup_esm2_650m,123,2KJ3,E272A,-1.9,0.18243542313575745
s669,esm2_sup_esm2_650m,123,2KJ3,G278A,0.8,1.097800374031067
s669,esm2_sup_esm2_650m,123,2KJ3,K229A,-1.5,1.2635022401809692
s669,esm2_sup_esm2_650m,123,2KJ3,L241A,-1.0,1.0664762258529663
s669,esm2_sup_esm2_650m,123,2KJ3,S273A,-1.4,0.39394712448120117
s669,esm2_sup_esm2_650m,123,2KJ3,V239A,-1.0,0.9038289189338684
s669,esm2_sup_esm2_650m,123,2KJ3,V264A,-1.0,1.2584352493286133
s669,esm2_sup_esm2_650m,123,2KJ3,V267A,-0.2,0.8144538998603821
s669,esm2_sup_esm2_650m,123,2MPC,A89T,0.24,-0.27004534006118774
s669,esm2_sup_esm2_650m,123,2MPC,R42A,-0.62,-0.26402702927589417
s669,esm2_sup_esm2_650m,123,2MPC,R42W,-2.08,-1.4661719799041748
s669,esm2_sup_esm2_650m,123,2N7Z,P88A,0.6,-0.6264118552207947
s669,esm2_sup_esm2_650m,123,2OUO,A420D,-0.44,0.029595009982585907
s669,esm2_sup_esm2_650m,123,2PTL,A22G,2.43,1.8267931938171387
s669,esm2_sup_esm2_650m,123,2PTL,A27P,-0.1,0.6940399408340454
s669,esm2_sup_esm2_650m,123,2PTL,A27V,0.83,0.5683873295783997
s669,esm2_sup_esm2_650m,123,2PTL,A34G,2.17,0.06337086111307144
s669,esm2_sup_esm2_650m,123,2PTL,A34V,-1.47,-0.07578461617231369
s669,esm2_sup_esm2_650m,123,2PTL,A43G,2.54,2.3560030460357666
s669,esm2_sup_esm2_650m,123,2PTL,A47G,3.1,2.5402767658233643
s669,esm2_sup_esm2_650m,123,2PTL,A49G,1.32,0.49699658155441284
s669,esm2_sup_esm2_650m,123,2PTL,A51G,3.12,0.981601893901825
s669,esm2_sup_esm2_650m,123,2PTL,A66G,0.49,-0.009153403341770172
s669,esm2_sup_esm2_650m,123,2PTL,D52A,1.21,0.1261969804763794
s669,esm2_sup_esm2_650m,123,2PTL,D52G,2.14,-0.033339180052280426
s669,esm2_sup_esm2_650m,123,2PTL,D64A,0.2,1.2902730703353882
s669,esm2_sup_esm2_650m,123,2PTL,E35A,0.59,0.1735360026359558
s669,esm2_sup_esm2_650m,123,2PTL,E46G,1.19,0.15707826614379883
s669,esm2_sup_esm2_650m,123,2PTL,E46I,1.08,-0.32463598251342773
s669,esm2_sup_esm2_650m,123,2PTL,E60A,0.23,0.5080741047859192
s669,esm2_sup_esm2_650m,123,2PTL,F26A,3.12,1.3208417892456055
s669,esm2_sup_esm2_650m,123,2PTL,F26L,0.68,0.8606790900230408
s669,esm2_sup_esm2_650m,123,2PTL,F36A,4.15,1.5064146518707275
s669,esm2_sup_esm2_650m,123,2PTL,F36L,3.12,0.9311143755912781
s669,esm2_sup_esm2_650m,123,2PTL,F40G,3.08,-0.17780005931854248
s669,esm2_sup_esm2_650m,123,2PTL,F40L,0.38,-0.3540225625038147
s669,esm2_sup_esm2_650m,123,2PTL,F76L,3.34,0.2539973855018616
s669,esm2_sup_esm2_650m,123,2PTL,F76V,3.73,0.018220894038677216
s669,esm2_sup_esm2_650m,123,2PTL,G29A,1.52,1.0412909984588623
s669,esm2_sup_esm2_650m,123,2PTL,G29V,2.53,1.4998036623001099
s669,esm2_sup_esm2_650m,123,2PTL,G38A,2.08,1.9014289379119873
s669,esm2_sup_esm2_650m,123,2PTL,G59A,2.23,0.7675051689147949
s669,esm2_sup_esm2_650m,123,2PTL,G69A,2.04,0.6897338628768921
s669,esm2_sup_esm2_650m,123,2PTL,I20A,4.9,1.6244697570800781
s669,esm2_sup_esm2_650m,123,2PTL,I20V,0.56,1.6263197660446167
s669,esm2_sup_esm2_650m,123,2PTL,I25A,1.37,0.8076425790786743
s669,esm2_sup_esm2_650m,123,2PTL,I25V,0.47,-0.16717928647994995
s669,esm2_sup_esm2_650m,123,2PTL,I74A,4.72,1.1314136981964111
s669,esm2_sup_esm2_650m,123,2PTL,I74V,1.69,0.8872624039649963
s669,esm2_sup_esm2_650m,123,2PTL,K21A,0.92,0.9302536845207214
s669,esm2_sup_esm2_650m,123,2PTL,K37A,0.88,0.8300731182098389
s669,esm2_sup_esm2_650m,123,2PTL,K42G,-0.16,0.5164023041725159
s669,esm2_sup_esm2_650m,123,2PTL,K55A,-0.58,0.4448167085647583
s669,esm2_sup_esm2_650m,123,2PTL,K56A,-0.35,0.432526558637619
s669,esm2_sup_esm2_650m,123,2PTL,K68A,0.09,0.6512942314147949
s669,esm2_sup_esm2_650m,123,2PTL,K75A,0.45,0.9301816821098328
s669,esm2_sup_esm2_650m,123,2PTL,L24A,3.12,1.7936452627182007
s669,esm2_sup_esm2_650m,123,2PTL,L54A,2.44,1.5162460803985596
s669,esm2_sup_esm2_650m,123,2PTL,L72A,3.77,1.747940182685852
s669,esm2_sup_esm2_650m,123,2PTL,N23A,1.87,0.43323469161987305
s669,esm2_sup_esm2_650m,123,2PTL,N28A,1.78,1.6013753414154053
s669,esm2_sup_esm2_650m,123,2PTL,N58A,0.34,0.6403506398200989
s669,esm2_sup_esm2_650m,123,2PTL,N73A,1.73,1.414153814315796
s669,esm2_sup_esm2_650m,123,2PTL,S30A,0.3,0.4335891306400299
s669,esm2_sup_esm2_650m,123,2PTL,S45A,-0.41,0.3757992088794708
s669,esm2_sup_esm2_650m,123,2PTL,S45G,0.82,0.5416831374168396
s669,esm2_sup_esm2_650m,123,2PTL,T19A,1.63,0.6083269715309143
s669,esm2_sup_esm2_650m,123,2PTL,T31A,1.17,0.4240023195743561
s669,esm2_sup_esm2_650m,123,2PTL,T33A,1.11,0.5222848653793335
s669,esm2_sup_esm2_650m,123,2PTL,T39A,1.25,0.7348757982254028
s669,esm2_sup_esm2_650m,123,2PTL,T44A,1.09,0.4785257577896118
s669,esm2_sup_esm2_650m,123,2PTL,T53G,0.17,0.19468337297439575
s669,esm2_sup_esm2_650m,123,2PTL,T62A,0.97,1.319420337677002
s669,esm2_sup_esm2_650m,123,2PTL,T71A,1.83,0.5712563991546631
s669,esm2_sup_esm2_650m,123,2PTL,V18A,1.22,0.2814980745315552
s669,esm2_sup_esm2_650m,123,2PTL,V63A,0.92,2.067767858505249
s669,esm2_sup_esm2_650m,123,2PTL,V65A,1.14,0.7411003708839417
s669,esm2_sup_esm2_650m,123,2PTL,Y48A,2.82,0.5933220982551575
s669,esm2_sup_esm2_650m,123,2PTL,Y50A,2.46,1.3164794445037842
s669,esm2_sup_esm2_650m,123,2PTL,Y70A,1.66,0.9659561514854431
s669,esm2_sup_esm2_650m,123,2PTL,Y70L,-0.43,0.09412575513124466
s669,esm2_sup_esm2_650m,123,2RPN,E7L,-1.05,-1.2458829879760742
s669,esm2_sup_esm2_650m,123,2RPN,V21K,-0.39,-0.032362423837184906
s669,esm2_sup_esm2_650m,123,2WQG,D15A,-0.3,1.3172708749771118
s669,esm2_sup_esm2_650m,123,2WQG,D38A,-0.1,1.591198444366455
s669,esm2_sup_esm2_650m,123,2WQG,D39A,2.2,0.5730251669883728
s669,esm2_sup_esm2_650m,123,2WQG,D39N,2.6,0.5696049928665161
s669,esm2_sup_esm2_650m,123,2WQG,E40Q,0.1,0.24602606892585754
s669,esm2_sup_esm2_650m,123,2WQG,E41G,0.4,0.2611323893070221
s669,esm2_sup_esm2_650m,123,2WQG,I36A,0.9,-0.04565778374671936
s669,esm2_sup_esm2_650m,123,2WQG,I36V,0.3,0.20657092332839966
s669,esm2_sup_esm2_650m,123,2WQG,K14A,0.4,0.5220323204994202
s669,esm2_sup_esm2_650m,123,2WQG,K14G,1.9,1.088376522064209
s669,esm2_sup_esm2_650m,123,2WQG,K19A,0.3,0.6243941187858582
s669,esm2_sup_esm2_650m,123,2WQG,K28A,0.6,-0.6626299023628235
s669,esm2_sup_esm2_650m,123,2WQG,L13A,0.5,1.535585880279541
s669,esm2_sup_esm2_650m,123,2WQG,L16A,1.3,3.6151998043060303
s669,esm2_sup_esm2_650m,123,2WQG,L8A,2.0,0.7918232083320618
s669,esm2_sup_esm2_650m,123,2WQG,Q12A,0.6,4.202516555786133
s669,esm2_sup_esm2_650m,123,2WQG,Q12G,2.0,3.7625107765197754
s669,esm2_sup_esm2_650m,123,2WQG,Q33A,-0.1,0.8963809609413147
s669,esm2_sup_esm2_650m,123,2WQG,R34A,0.8,1.6747105121612549
s669,esm2_sup_esm2_650m,123,2WQG,S23A,0.6,0.582480251789093
s669,esm2_sup_esm2_650m,123,2WQG,S6A,-0.1,0.9160484671592712
s669,esm2_sup_esm2_650m,123,2WQG,S6G,0.2,0.7575943470001221
s669,esm2_sup_esm2_650m,123,2WQG,T9S,-0.1,0.7182014584541321
s669,esm2_sup_esm2_650m,123,2WQG,V10A,0.1,-0.11781924217939377
s669,esm2_sup_esm2_650m,123,2WQG,V10G,0.7,0.6013593077659607
s669,esm2_sup_esm2_650m,123,2WQG,V11A,-0.4,0.256646066904068
s669,esm2_sup_esm2_650m,123,2WQG,V11G,-0.1,1.1649055480957031
s669,esm2_sup_esm2_650m,123,2WQG,V24A,0.5,0.8111842274665833
s669,esm2_sup_esm2_650m,123,2WQG,Y5F,2.4,-0.017773732542991638
s669,esm2_sup_esm2_650m,123,2ZTA,E11Q,0.74,-0.06715413182973862
s669,esm2_sup_esm2_650m,123,2ZTA,E20Q,-0.2,0.2044079303741455
s669,esm2_sup_esm2_650m,123,2ZTA,E22Q,1.83,0.5112077593803406
s669,esm2_sup_esm2_650m,123,2ZTA,K15A,0.41,0.3684156835079193
s669,esm2_sup_esm2_650m,123,2ZTA,K27A,0.91,0.807776927947998
s669,esm2_sup_esm2_650m,123,2ZTA,K28A,0.06,0.010323479771614075
s669,esm2_sup_esm2_650m,123,2ZTA,K8A,0.39,0.6105741262435913
s669,esm2_sup_esm2_650m,123,2ZTA,R25A,1.66,0.5697924494743347
s669,esm2_sup_esm2_650m,123,3BN0,I20V,1.506,0.43351370096206665
s669,esm2_sup_esm2_650m,123,3C2I,F155S,-0.43,3.6207334995269775
s669,esm2_sup_esm2_650m,123,3C2I,T158A,-0.47,1.8219308853149414
s669,esm2_sup_esm2_650m,123,3C2I,T158M,-0.25,1.1908514499664307
s669,esm2_sup_esm2_650m,123,3FIS,P61A,0.5,-0.13041618466377258
s669,esm2_sup_esm2_650m,123,3G1G,D155Y,-0.34,0.11133042722940445
s669,esm2_sup_esm2_650m,123,3G1G,F167Y,0.74,1.877115249633789
s669,esm2_sup_esm2_650m,123,3G1G,I190V,0.17,0.12139424681663513
s669,esm2_sup_esm2_650m,123,3G1G,R185W,-1.32,0.9953156113624573
s669,esm2_sup_esm2_650m,123,3K82,E334L,3.35,-0.028740331530570984
s669,esm2_sup_esm2_650m,123,3K82,E334Q,1.68,0.40225791931152344
s669,esm2_sup_esm2_650m,123,3K82,E401R,-5.49,-0.20449525117874146
s669,esm2_sup_esm2_650m,123,3MON,R39G,-1.194,1.1246271133422852
s669,esm2_sup_esm2_650m,123,3MON,W3C,2.866,-0.38902199268341064
s669,esm2_sup_esm2_650m,123,3O39,L32P,3.25,2.2250258922576904
s669,esm2_sup_esm2_650m,123,3S92,H395R,-2.03,0.7162927985191345
s669,esm2_sup_esm2_650m,123,4N6V,H75W,-0.574,-1.6043959856033325
s669,esm2_sup_esm2_650m,123,4N6V,P36G,1.362,0.44916778802871704
s669,esm2_sup_esm2_650m,123,4N6V,P79S,-1.745,0.5023389458656311
s669,esm2_sup_esm2_650m,123,4YEE,V134T,0.71,1.2635490894317627
s669,esm2_sup_esm2_650m,123,4YEF,T134V,0.93,0.558091938495636
s669,esm2_sup_esm2_650m,123,5JXB,D329G,1.44,0.6074573397636414
s669,esm2_sup_esm2_650m,123,5JXB,D329P,1.44,0.5177286863327026
s669,esm2_sup_esm2_650m,123,1A0F,S11A,1.8,1.0801366567611694
s669,esm2_sup_esm2_650m,123,1A7V,A104H,2.69,0.37777748703956604
s669,esm2_sup_esm2_650m,123,1A7V,A66H,1.98,-0.41765597462654114
s669,esm2_sup_esm2_650m,123,1A7V,A91H,1.7,-0.034942202270030975
s669,esm2_sup_esm2_650m,123,1A7V,D3H,1.36,1.618377923965454
s669,esm2_sup_esm2_650m,123,1A7V,D58H,2.05,0.28629937767982483
s669,esm2_sup_esm2_650m,123,1A7V,E73H,3.01,0.5471781492233276
s669,esm2_sup_esm2_650m,123,1A7V,K13H,0.6,1.0907145738601685
s669,esm2_sup_esm2_650m,123,1A7V,K20H,2.88,0.37769463658332825
s669,esm2_sup_esm2_650m,123,1A7V,K31H,1.36,0.1389029324054718
s669,esm2_sup_esm2_650m,123,1A7V,K39H,1.86,0.9096110463142395
s669,esm2_sup_esm2_650m,123,1A7V,K49H,2.02,0.05032319575548172
s669,esm2_sup_esm2_650m,123,1A7V,K84H,2.88,0.42923295497894287
s669,esm2_sup_esm2_650m,123,1A7V,K97H,1.97,-0.03683836758136749
s669,esm2_sup_esm2_650m,123,1BNL,D76A,0.821,0.4458874464035034
s669,esm2_sup_esm2_650m,123,1DIV,D23A,0.46,0.0427301749587059
s669,esm2_sup_esm2_650m,123,1DIV,D23N,0.58,-0.04348330944776535
s669,esm2_sup_esm2_650m,123,1DIV,D8N,0.3,0.4725230932235718
s669,esm2_sup_esm2_650m,123,1DIV,E100A,0.98,0.44071754813194275
s669,esm2_sup_esm2_650m,123,1DIV,E100G,1.52,0.5886443257331848
s669,esm2_sup_esm2_650m,123,1DIV,E17Q,0.21,-0.0011791996657848358
s669,esm2_sup_esm2_650m,123,1DIV,E38Q,0.56,-0.21214038133621216
s669,esm2_sup_esm2_650m,123,1DIV,E48Q,-0.03,0.07108841091394424
s669,esm2_sup_esm2_650m,123,1DIV,E54Q,-0.33,0.5243924260139465
s669,esm2_sup_esm2_650m,123,1DIV,H106Q,1.53,-0.02787533402442932
s669,esm2_sup_esm2_650m,123,1DIV,I115A,3.52,3.0818023681640625
s669,esm2_sup_esm2_650m,123,1DIV,I4A,2.22,2.4741461277008057
s669,esm2_sup_esm2_650m,123,1DIV,I4V,0.59,0.7611344456672668
s669,esm2_sup_esm2_650m,123,1DIV,I79A,3.49,2.7766530513763428
s669,esm2_sup_esm2_650m,123,1DIV,I93A,3.19,3.6298320293426514
s669,esm2_sup_esm2_650m,123,1DIV,I98A,4.28,1.775086760520935
s669,esm2_sup_esm2_650m,123,1DIV,K10M,-0.05,0.2875235080718994
s669,esm2_sup_esm2_650m,123,1DIV,K14M,-0.01,-0.3254529535770416
s669,esm2_sup_esm2_650m,123,1DIV,K15M,0.31,0.1548951268196106
s669,esm2_sup_esm2_650m,123,1DIV,K7M,-0.35,-0.7214476466178894
s669,esm2_sup_esm2_650m,123,1DIV,K96A,-0.61,-0.4637015163898468
s669,esm2_sup_esm2_650m,123,1DIV,K96G,0.2,0.08843769878149033
s669,esm2_sup_esm2_650m,123,1DIV,L102A,2.37,2.0854990482330322
s669,esm2_sup_esm2_650m,123,1DIV,L108A,2.33,0.953628659248352
s669,esm2_sup_esm2_650m,123,1DIV,L110A,3.21,3.0682027339935303
s669,esm2_sup_esm2_650m,123,1DIV,L117A,0.82,1.1066884994506836
s669,esm2_sup_esm2_650m,123,1DIV,L30A,2.76,2.0158958435058594
s669,esm2_sup_esm2_650m,123,1DIV,L30V,3.62,1.1549293994903564
s669,esm2_sup_esm2_650m,123,1DIV,L6A,3.1,1.4855570793151855
s669,esm2_sup_esm2_650m,123,1DIV,L6I,0.13,-0.2627529203891754
s669,esm2_sup_esm2_650m,123,1DIV,L6V,0.41,0.5682864785194397
s669,esm2_sup_esm2_650m,123,1DIV,L72A,3.77,3.418346643447876
s669,esm2_sup_esm2_650m,123,1DIV,M1A,1.46,-0.9520564079284668
s669,esm2_sup_esm2_650m,123,1DIV,M1G,2.36,-0.5899330377578735
s669,esm2_sup_esm2_650m,123,1DIV,V21A,2.33,2.691680669784546
s669,esm2_sup_esm2_650m,123,1DIV,V21I,0.4,2.09702467918396
s669,esm2_sup_esm2_650m,123,1DIV,V21L,1.23,1.9623867273330688
s669,esm2_sup_esm2_650m,123,1DIV,V3A,2.55,2.209059715270996
s669,esm2_sup_esm2_650m,123,1DIV,V3I,0.31,0.9658716917037964
s669,esm2_sup_esm2_650m,123,1DIV,V3L,2.21,0.2015625238418579
s669,esm2_sup_esm2_650m,123,1DXX,K18N,3.7,0.28095799684524536
s669,esm2_sup_esm2_650m,123,1FH5,S18N,-0.6,2.1314146518707275
s669,esm2_sup_esm2_650m,123,1FT8,L212V,1.38,0.46106934547424316
s669,esm2_sup_esm2_650m,123,1FT8,L238I,0.35,0.6721108555793762
s669,esm2_sup_esm2_650m,123,1FT8,M216L,-0.27,1.6794347763061523
s669,esm2_sup_esm2_650m,123,1GWY,A8D,1.6,1.1113266944885254
s669,esm2_sup_esm2_650m,123,1ITM,C24T,3.3,0.8278114199638367
s669,esm2_sup_esm2_650m,123,1ITM,C3T,5.0,0.3005286157131195
s669,esm2_sup_esm2_650m,123,1ITM,W91S,-1.4,-0.28518056869506836
s669,esm2_sup_esm2_650m,123,1JLV,E64D,1.162,0.48645782470703125
s669,esm2_sup_esm2_650m,123,1JLV,E64N,2.3040000000000003,0.7318735122680664
s669,esm2_sup_esm2_650m,123,1JLV,E64Q,2.302,0.6285446882247925
s669,esm2_sup_esm2_650m,123,1LVM,E106G,-1.4,0.7488829493522644
s669,esm2_sup_esm2_650m,123,1LVM,K45F,-0.43,-1.468595027923584
s669,esm2_sup_esm2_650m,123,1LVM,L56V,-0.0,0.37211874127388
s669,esm2_sup_esm2_650m,123,1LVM,Q58F,-0.6,-1.5016363859176636
s669,esm2_sup_esm2_650m,123,1N18,E100G,2.5,2.454052448272705
s669,esm2_sup_esm2_650m,123,1N18,G85R,1.4,3.107614755630493
s669,esm2_sup_esm2_650m,123,1N18,H46R,-1.4,0.8763340711593628
s669,esm2_sup_esm2_650m,123,1O1U,E110A,3.3,0.7094241976737976
s669,esm2_sup_esm2_650m,123,1O1U,N61A,1.2,0.535180389881134
s669,esm2_sup_esm2_650m,123,1O1U,Q51A,0.3,0.2870582044124603
s669,esm2_sup_esm2_650m,123,1O1U,Q99A,-0.3,1.192065954208374
s669,esm2_sup_esm2_650m,123,1O1U,T38A,1.2,0.5314666628837585
s669,esm2_sup_esm2_650m,123,1O1U,W49Y,1.2,1.0790894031524658
s669,esm2_sup_esm2_650m,123,1OSI,I11V,0.05,1.7235932350158691
s669,esm2_sup_esm2_650m,123,1OSI,S92F,-0.39,0.061807624995708466
s669,esm2_sup_esm2_650m,123,1OSI,V15I,0.78,0.7857105135917664
s669,esm2_sup_esm2_650m,123,1PFL,A20T,1.53,1.2177724838256836
s669,esm2_sup_esm2_650m,123,1PFL,G117V,1.96,1.9677609205245972
s669,esm2_sup_esm2_650m,123,1PFL,M113T,3.53,1.791398048400879
s669,esm2_sup_esm2_650m,123,1PFL,T108M,-0.07,1.0899457931518555
s669,esm2_sup_esm2_650m,123,1PRG,Q286P,0.3,1.3954963684082031
s669,esm2_sup_esm2_650m,123,1PRG,R288H,-0.06,-0.7080187201499939
s669,esm2_sup_esm2_650m,123,1PRG,V290M,-0.03,-0.2997892200946808
s669,esm2_sup_esm2_650m,123,1SPD,C111S,-0.8,0.727252721786499
s669,esm2_sup_esm2_650m,123,1SPD,C6A,-0.1,1.9255197048187256
s669,esm2_sup_esm2_650m,123,1XWS,E124Q,2.9,-0.37135380506515503
s669,esm2_sup_esm2_650m,123,1XWS,E135K,4.59,0.14606428146362305
s669,esm2_sup_esm2_650m,123,1XWS,E142D,3.22,0.006741631776094437
s669,esm2_sup_esm2_650m,123,1XWS,Y53H,3.3,0.37879160046577454
s669,esm2_sup_esm2_650m,123,1XXN,N32D,0.86,0.046826474368572235
s669,esm2_sup_esm2_650m,123,1XXN,N54E,0.645,0.2747798562049866
s669,esm2_sup_esm2_650m,123,1XXN,S22E,-0.239,0.0898246243596077
s669,esm2_sup_esm2_650m,123,1XXN,S27E,0.645,1.583770513534546
s669,esm2_sup_esm2_650m,123,1XZO,F42W,-2.87,-1.4077142477035522
s669,esm2_sup_esm2_650m,123,1XZO,W101F,2.89,1.4231703281402588
s669,esm2_sup_esm2_650m,123,1XZO,W36A,8.93,1.834240198135376
s669,esm2_sup_esm2_650m,123,1XZO,W36F,4.25,0.2239629030227661
s669,esm2_sup_esm2_650m,123,2ARF,H1069Q,0.7170000000000001,1.2494897842407227
s669,esm2_sup_esm2_650m,123,2H3F,E12A,-1.07,1.9238317012786865
s669,esm2_sup_esm2_650m,123,2JIE,H104R,-1.536,-0.09768093377351761
s669,esm2_sup_esm2_650m,123,2JIE,Q22S,0.209,0.4097532033920288
s669,esm2_sup_esm2_650m,123,2JIE,S17A,1.246,-0.9561532139778137
s669,esm2_sup_esm2_650m,123,2JIE,S19A,-0.951,0.15146054327487946
s669,esm2_sup_esm2_650m,123,2JIE,T18A,0.994,0.3365385830402374
s669,esm2_sup_esm2_650m,123,2JIE,W123F,-2.19,0.13374799489974976
s669,esm2_sup_esm2_650m,123,2JIE,W123H,-1.06,1.498489260673523
s669,esm2_sup_esm2_650m,123,2JIE,Y21A,3.443,0.8547828197479248
s669,esm2_sup_esm2_650m,123,2KS4,D9A,-1.26,0.20912224054336548
s669,esm2_sup_esm2_650m,123,2KS4,E2A,0.23,0.3607236444950104
s669,esm2_sup_esm2_650m,123,2LTB,L558P,1.57,2.578909158706665
s669,esm2_sup_esm2_650m,123,2LTB,L569R,3.11,3.4430644512176514
s669,esm2_sup_esm2_650m,123,2LTB,M619K,3.34,0.7791268229484558
s669,esm2_sup_esm2_650m,123,2LTB,R533Q,1.1,0.23766210675239563
s669,esm2_sup_esm2_650m,123,2LTB,R555Q,0.36,1.8406598567962646
s669,esm2_sup_esm2_650m,123,2LTB,R555W,-1.79,2.4789984226226807
s669,esm2_sup_esm2_650m,123,2M5S,D302A,4.0,2.125842332839966
s669,esm2_sup_esm2_650m,123,2M5S,H305A,2.0,1.8485798835754395
s669,esm2_sup_esm2_650m,123,2NTE,R658C,2.3,0.8273664116859436
s669,esm2_sup_esm2_650m,123,2PR5,A33Y,-0.5,-0.17926275730133057
s669,esm2_sup_esm2_650m,123,2PR5,A81M,0.4,0.9453095197677612
s669,esm2_sup_esm2_650m,123,2PR5,D109E,-0.3,-1.4621164798736572
s669,esm2_sup_esm2_650m,123,2PR5,H22K,-0.3,-0.2994461953639984
s669,esm2_sup_esm2_650m,123,2PR5,H22W,-1.2,-0.2168598473072052
s669,esm2_sup_esm2_650m,123,2PR5,M111F,-2.9,-0.6904605031013489
s669,esm2_sup_esm2_650m,123,2PR5,N107F,-0.9,-0.6797308921813965
s669,esm2_sup_esm2_650m,123,2PR5,N107Y,-0.8,0.1270419955253601
s669,esm2_sup_esm2_650m,123,2PR5,N124F,-1.1,-1.6976057291030884
s669,esm2_sup_esm2_650m,123,2PR5,N124Y,-2.6,-0.9819466471672058
s669,esm2_sup_esm2_650m,123,2PR5,T30M,-0.5,0.9970057606697083
s669,esm2_sup_esm2_650m,123,2PR5,T50M,0.5,1.2078993320465088
s669,esm2_sup_esm2_650m,123,2PR5,T54Y,-0.2,-0.08380430191755295
s669,esm2_sup_esm2_650m,123,2PR5,V120I,-1.4,0.18550372123718262
s669,esm2_sup_esm2_650m,123,2PR5,V25I,-0.4,-0.6036295294761658
s669,esm2_sup_esm2_650m,123,2PR5,V88L,0.2,0.2555583417415619
s669,esm2_sup_esm2_650m,123,2PR5,V90I,0.7,0.9967698454856873
s669,esm2_sup_esm2_650m,123,2VY0,E53A,6.597,-0.3740265667438507
s669,esm2_sup_esm2_650m,123,3BCI,E96Q,-1.369,0.5599476099014282
s669,esm2_sup_esm2_650m,123,3D3B,D118A,0.65,-0.28769993782043457
s669,esm2_sup_esm2_650m,123,3D3B,D118E,0.6,-0.038254670798778534
s669,esm2_sup_esm2_650m,123,3D3B,D118K,1.6,-0.1986069679260254
s669,esm2_sup_esm2_650m,123,3D3B,D118N,1.34,-0.46023911237716675
s669,esm2_sup_esm2_650m,123,3D3B,D118R,1.41,-0.4884665608406067
s669,esm2_sup_esm2_650m,123,3ECU,H46R,-0.8,0.8594818711280823
s669,esm2_sup_esm2_650m,123,3S4M,D122Y,1.3,0.21289271116256714
s669,esm2_sup_esm2_650m,123,3S4M,G130V,2.5,0.8973789215087891
s669,esm2_sup_esm2_650m,123,3S4M,I154F,-0.096,2.437039852142334
s669,esm2_sup_esm2_650m,123,3S4M,W155R,0.693,2.60430645942688
s669,esm2_sup_esm2_650m,123,4BJX,A89V,-0.99,0.11017582565546036
s669,esm2_sup_esm2_650m,123,4BUQ,Y48A,1.435,0.8456667065620422
s669,esm2_sup_esm2_650m,123,4WAA,K65A,-0.1,-0.14787107706069946
s669,esm2_sup_esm2_650m,123,4WAA,K67A,2.07,-0.5524402856826782
s669,esm2_sup_esm2_650m,123,4WAA,R27A,0.44,0.6181600093841553
s669,esm2_sup_esm2_650m,123,5VP3,R39K,-0.413,0.8112977743148804
s669,esm2_sup_esm2_650m,123,1BA3,H461D,1.745,3.300018072128296
s669,esm2_sup_esm2_650m,123,1BA3,H489D,-0.287,2.3157079219818115
s669,esm2_sup_esm2_650m,123,1BA3,H489K,0.287,2.52051043510437
s669,esm2_sup_esm2_650m,123,1BA3,H489M,0.263,0.2948325276374817
s669,esm2_sup_esm2_650m,123,1DIV,V129A,1.81,0.6183709502220154
s669,esm2_sup_esm2_650m,123,1F8I,F345A,0.455,3.67108154296875
s669,esm2_sup_esm2_650m,123,1FT8,L349I,-0.05,1.1350959539413452
s669,esm2_sup_esm2_650m,123,1LVM,S135G,-0.0,-0.30078861117362976
s669,esm2_sup_esm2_650m,123,1NM1,D187N,0.88,3.345937490463257
s669,esm2_sup_esm2_650m,123,1NM1,D187Y,1.9,3.3641483783721924
s669,esm2_sup_esm2_650m,123,1PRE,C159S,2.4,2.4861247539520264
s669,esm2_sup_esm2_650m,123,1R2Y,R244E,4.2,0.11831050366163254
s669,esm2_sup_esm2_650m,123,1XXN,N181R,-0.358,-0.010631389915943146
s669,esm2_sup_esm2_650m,123,3D2A,M134E,-3.02,-1.181321144104004
s669,esm2_sup_esm2_650m,123,3D2A,M137P,-3.34,-0.08335330337285995
s669,esm2_sup_esm2_650m,123,3D2A,S163P,-2.11,0.5316658020019531
s669,esm2_sup_esm2_650m,123,5OAQ,Y429H,2.99,1.6401662826538086
ssym,esm2_sup_esm2_650m,123,1AMQ,C191Y,2.3,1.7714327573776245
ssym,esm2_sup_esm2_650m,123,1AMQ,C191F,1.6,1.0026410818099976
ssym,esm2_sup_esm2_650m,123,1AMQ,C191W,3.9,1.736375331878662
ssym,esm2_sup_esm2_650m,123,1AMQ,C191S,1.9,2.3975613117218018
ssym,esm2_sup_esm2_650m,123,1BNI,F7L,4.1,0.6038905382156372
ssym,esm2_sup_esm2_650m,123,1BNI,L14A,4.5,1.1199411153793335
ssym,esm2_sup_esm2_650m,123,1BNI,T26A,1.7,1.188073992729187
ssym,esm2_sup_esm2_650m,123,1BNI,I51V,1.1,0.5927025675773621
ssym,esm2_sup_esm2_650m,123,1BNI,I76A,1.7,0.2480682134628296
ssym,esm2_sup_esm2_650m,123,1BNI,I76V,1.0,-0.021182134747505188
ssym,esm2_sup_esm2_650m,123,1BNI,Y78F,1.1,0.5022872090339661
ssym,esm2_sup_esm2_650m,123,1BNI,I88A,4.0,4.401740074157715
ssym,esm2_sup_esm2_650m,123,1BNI,I88V,1.6,2.7160255908966064
ssym,esm2_sup_esm2_650m,123,1BNI,L89V,0.5,0.25451192259788513
ssym,esm2_sup_esm2_650m,123,1BNI,S91A,2.4,0.693953812122345
ssym,esm2_sup_esm2_650m,123,1BNI,I96A,3.2,1.0875730514526367
ssym,esm2_sup_esm2_650m,123,1BNI,I96V,3.1,0.3492841422557831
ssym,esm2_sup_esm2_650m,123,1CEY,D12A,-2.5,0.8576371073722839
ssym,esm2_sup_esm2_650m,123,1CEY,D13A,-2.7,0.9292413592338562
ssym,esm2_sup_esm2_650m,123,1CEY,D57A,-3.3,0.42484748363494873
ssym,esm2_sup_esm2_650m,123,1EY0,T22C,0.9,-0.31633704900741577
ssym,esm2_sup_esm2_650m,123,1EY0,T22V,0.9,-0.07316749542951584
ssym,esm2_sup_esm2_650m,123,1EY0,V23L,0.1,0.7470473051071167
ssym,esm2_sup_esm2_650m,123,1EY0,L25I,1.7,2.4442250728607178
ssym,esm2_sup_esm2_650m,123,1EY0,T33V,-0.4,0.2485266923904419
ssym,esm2_sup_esm2_650m,123,1EY0,T41C,-0.6,-0.15525606274604797
ssym,esm2_sup_esm2_650m,123,1EY0,T41I,-0.7,0.37395572662353516
ssym,esm2_sup_esm2_650m,123,1EY0,T41S,1.1,-0.02304060012102127
ssym,esm2_sup_esm2_650m,123,1EY0,T41V,-0.8,0.5074794292449951
ssym,esm2_sup_esm2_650m,123,1EY0,T44V,-0.1,1.2534756660461426
ssym,esm2_sup_esm2_650m,123,1EY0,S59A,-0.5,1.99261474609375
ssym,esm2_sup_esm2_650m,123,1EY0,T62S,2.1,1.1761730909347534
ssym,esm2_sup_esm2_650m,123,1EY0,T62V,0.2,0.07641681283712387
ssym,esm2_sup_esm2_650m,123,1EY0,V66I,1.0,0.44997555017471313
ssym,esm2_sup_esm2_650m,123,1EY0,V66L,0.3,-0.15418025851249695
ssym,esm2_sup_esm2_650m,123,1EY0,V66K,7.5,4.5310516357421875
ssym,esm2_sup_esm2_650m,123,1EY0,I72L,0.2,0.8859963417053223
ssym,esm2_sup_esm2_650m,123,1EY0,I72V,1.2,1.1365193128585815
ssym,esm2_sup_esm2_650m,123,1EY0,T82S,0.7,0.1893520951271057
ssym,esm2_sup_esm2_650m,123,1EY0,I92V,0.4,0.3493954539299011
ssym,esm2_sup_esm2_650m,123,1EY0,K116G,-1.0,0.46263834834098816
ssym,esm2_sup_esm2_650m,123,1EY0,P117A,-0.8,0.6286388635635376
ssym,esm2_sup_esm2_650m,123,1EY0,P117G,-0.9,0.9910184741020203
ssym,esm2_sup_esm2_650m,123,1EY0,P117T,-1.1,1.596519947052002
ssym,esm2_sup_esm2_650m,123,1EY0,T120C,1.7,0.8751862049102783
ssym,esm2_sup_esm2_650m,123,1EY0,T120S,0.6,0.9312974810600281
ssym,esm2_sup_esm2_650m,123,1EY0,T120V,1.8,0.2935482859611511
ssym,esm2_sup_esm2_650m,123,1EY0,S128A,-0.7,1.1182897090911865
ssym,esm2_sup_esm2_650m,123,1IHB,F71N,-0.7,0.5884572267532349
ssym,esm2_sup_esm2_650m,123,1IHB,F82Q,0.4,1.2206103801727295
ssym,esm2_sup_esm2_650m,123,1IHB,F92N,1.1,0.38590821623802185
ssym,esm2_sup_esm2_650m,123,1IOB,T9G,2.6,2.784738302230835
ssym,esm2_sup_esm2_650m,123,1L63,M6A,1.9,2.2761142253875732
ssym,esm2_sup_esm2_650m,123,1L63,M6L,2.8,0.8671372532844543
ssym,esm2_sup_esm2_650m,123,1L63,E11H,-0.1,2.0119736194610596
ssym,esm2_sup_esm2_650m,123,1L63,E11N,0.1,1.8873991966247559
ssym,esm2_sup_esm2_650m,123,1L63,I17A,2.7,1.796857237815857
ssym,esm2_sup_esm2_650m,123,1L63,D20A,0.3,1.4969274997711182
ssym,esm2_sup_esm2_650m,123,1L63,D20N,-1.3,1.570878028869629
ssym,esm2_sup_esm2_650m,123,1L63,D20S,-0.7,1.5690569877624512
ssym,esm2_sup_esm2_650m,123,1L63,I27A,3.1,3.3453938961029053
ssym,esm2_sup_esm2_650m,123,1L63,I27M,3.1,2.6895666122436523
ssym,esm2_sup_esm2_650m,123,1L63,I29A,2.6,2.98125958442688
ssym,esm2_sup_esm2_650m,123,1L63,S38N,0.0,1.3336122035980225
ssym,esm2_sup_esm2_650m,123,1L63,A41S,0.6,0.5220175981521606
ssym,esm2_sup_esm2_650m,123,1L63,A42V,2.7,0.8915412425994873
ssym,esm2_sup_esm2_650m,123,1L63,A42S,2.3,1.3122813701629639
ssym,esm2_sup_esm2_650m,123,1L63,K43A,1.0,0.884865403175354
ssym,esm2_sup_esm2_650m,123,1L63,S44A,-0.3,0.3479349911212921
ssym,esm2_sup_esm2_650m,123,1L63,S44I,-0.3,0.31986990571022034
ssym,esm2_sup_esm2_650m,123,1L63,S44L,-0.4,0.17712250351905823
ssym,esm2_sup_esm2_650m,123,1L63,S44K,-0.2,0.37531840801239014
ssym,esm2_sup_esm2_650m,123,1L63,S44E,0.0,-0.03626396507024765
ssym,esm2_sup_esm2_650m,123,1L63,S44G,0.5,0.9651134610176086
ssym,esm2_sup_esm2_650m,123,1L63,S44R,-0.2,0.13662061095237732
ssym,esm2_sup_esm2_650m,123,1L63,S44N,0.1,0.34956783056259155
ssym,esm2_sup_esm2_650m,123,1L63,S44F,-0.1,0.4359239935874939
ssym,esm2_sup_esm2_650m,123,1L63,S44P,3.0,0.9073585867881775
ssym,esm2_sup_esm2_650m,123,1L63,S44T,0.0,0.13034966588020325
ssym,esm2_sup_esm2_650m,123,1L63,S44V,-0.1,0.2968193292617798
ssym,esm2_sup_esm2_650m,123,1L63,L46A,1.9,2.6698920726776123
ssym,esm2_sup_esm2_650m,123,1L63,D47A,1.0,0.9999740123748779
ssym,esm2_sup_esm2_650m,123,1L63,A49S,0.5,1.633530855178833
ssym,esm2_sup_esm2_650m,123,1L63,I50A,2.0,0.7292497754096985
ssym,esm2_sup_esm2_650m,123,1L63,I50M,0.4,0.47196266055107117
ssym,esm2_sup_esm2_650m,123,1L63,I58A,3.2,1.3923152685165405
ssym,esm2_sup_esm2_650m,123,1L63,I58T,3.4,1.8744592666625977
ssym,esm2_sup_esm2_650m,123,1L63,T59A,1.5,0.9530452489852905
ssym,esm2_sup_esm2_650m,123,1L63,T59D,1.2,0.9375781416893005
ssym,esm2_sup_esm2_650m,123,1L63,T59G,1.6,1.1137721538543701
ssym,esm2_sup_esm2_650m,123,1L63,T59N,1.1,1.17679762840271
ssym,esm2_sup_esm2_650m,123,1L63,T59S,0.2,0.728358805179596
ssym,esm2_sup_esm2_650m,123,1L63,T59V,1.5,1.2451766729354858
ssym,esm2_sup_esm2_650m,123,1L63,L66M,1.0,3.0420308113098145
ssym,esm2_sup_esm2_650m,123,1L63,F67A,1.9,1.392572045326233
ssym,esm2_sup_esm2_650m,123,1L63,D72P,2.7,0.14764130115509033
ssym,esm2_sup_esm2_650m,123,1L63,A73S,0.4,0.2910130023956299
ssym,esm2_sup_esm2_650m,123,1L63,V75T,1.3,0.8368169665336609
ssym,esm2_sup_esm2_650m,123,1L63,I78A,1.2,0.2668507695198059
ssym,esm2_sup_esm2_650m,123,1L63,I78M,1.5,0.10035181790590286
ssym,esm2_sup_esm2_650m,123,1L63,I78V,0.8,0.8844966292381287
ssym,esm2_sup_esm2_650m,123,1L63,A82S,0.3,0.1312379539012909
ssym,esm2_sup_esm2_650m,123,1L63,L84A,2.6,1.970436692237854
ssym,esm2_sup_esm2_650m,123,1L63,L84M,1.9,0.9280299544334412
ssym,esm2_sup_esm2_650m,123,1L63,V87A,1.7,0.2520208954811096
ssym,esm2_sup_esm2_650m,123,1L63,V87M,2.3,0.3878089487552643
ssym,esm2_sup_esm2_650m,123,1L63,V87I,0.3,0.1717374324798584
ssym,esm2_sup_esm2_650m,123,1L63,V87T,1.6,1.6112620830535889
ssym,esm2_sup_esm2_650m,123,1L63,L91A,3.9,2.235154390335083
ssym,esm2_sup_esm2_650m,123,1L63,L91M,0.8,1.1638566255569458
ssym,esm2_sup_esm2_650m,123,1L63,D92N,1.4,1.8731393814086914
ssym,esm2_sup_esm2_650m,123,1L63,A93S,0.2,-0.9301066994667053
ssym,esm2_sup_esm2_650m,123,1L63,A98C,1.0,1.8882274627685547
ssym,esm2_sup_esm2_650m,123,1L63,A98L,4.3,0.42382127046585083
ssym,esm2_sup_esm2_650m,123,1L63,A98S,2.5,1.3650275468826294
ssym,esm2_sup_esm2_650m,123,1L63,A98V,3.2,0.5550615191459656
ssym,esm2_sup_esm2_650m,123,1L63,L99A,4.5,3.8554770946502686
ssym,esm2_sup_esm2_650m,123,1L63,L99F,0.3,3.113417863845825
ssym,esm2_sup_esm2_650m,123,1L63,L99I,1.5,2.0254902839660645
ssym,esm2_sup_esm2_650m,123,1L63,L99M,0.6,2.9135260581970215
ssym,esm2_sup_esm2_650m,123,1L63,L99V,2.0,2.9926772117614746
ssym,esm2_sup_esm2_650m,123,1L63,I100A,3.4,1.9862920045852661
ssym,esm2_sup_esm2_650m,123,1L63,I100M,1.6,1.6804310083389282
ssym,esm2_sup_esm2_650m,123,1L63,I100V,0.4,1.636029601097107
ssym,esm2_sup_esm2_650m,123,1L63,N101A,1.5,-0.4344440698623657
ssym,esm2_sup_esm2_650m,123,1L63,M102L,1.0,1.7028372287750244
ssym,esm2_sup_esm2_650m,123,1L63,V103A,2.2,2.0314998626708984
ssym,esm2_sup_esm2_650m,123,1L63,V103I,0.5,2.0687882900238037
ssym,esm2_sup_esm2_650m,123,1L63,V103M,1.2,1.7991199493408203
ssym,esm2_sup_esm2_650m,123,1L63,F104M,0.4,1.8722312450408936
ssym,esm2_sup_esm2_650m,123,1L63,Q105M,1.2,0.678856372833252
ssym,esm2_sup_esm2_650m,123,1L63,M106I,-0.2,1.5484609603881836
ssym,esm2_sup_esm2_650m,123,1L63,M106L,-0.5,1.466325283050537
ssym,esm2_sup_esm2_650m,123,1L63,M106K,3.4,3.120720624923706
ssym,esm2_sup_esm2_650m,123,1L63,T109D,-0.6,-0.049084700644016266
ssym,esm2_sup_esm2_650m,123,1L63,T109N,-0.1,0.4610389471054077
ssym,esm2_sup_esm2_650m,123,1L63,V111A,1.3,0.29614222049713135
ssym,esm2_sup_esm2_650m,123,1L63,V111I,0.9,0.3338550329208374
ssym,esm2_sup_esm2_650m,123,1L63,V111M,0.7,-0.026659972965717316
ssym,esm2_sup_esm2_650m,123,1L63,S117F,-1.1,1.092476725578308
ssym,esm2_sup_esm2_650m,123,1L63,L118A,3.2,1.7974425554275513
ssym,esm2_sup_esm2_650m,123,1L63,L118M,0.7,1.8205868005752563
ssym,esm2_sup_esm2_650m,123,1L63,M120L,-0.5,1.014752745628357
ssym,esm2_sup_esm2_650m,123,1L63,M120K,1.6,2.31139874458313
ssym,esm2_sup_esm2_650m,123,1L63,M120Y,0.1,1.889521598815918
ssym,esm2_sup_esm2_650m,123,1L63,L121M,0.8,1.651442289352417
ssym,esm2_sup_esm2_650m,123,1L63,A129F,1.2,1.582217812538147
ssym,esm2_sup_esm2_650m,123,1L63,A129W,2.2,2.2623870372772217
ssym,esm2_sup_esm2_650m,123,1L63,A130S,-1.0,0.6642405986785889
ssym,esm2_sup_esm2_650m,123,1L63,L133F,0.3,0.8035199046134949
ssym,esm2_sup_esm2_650m,123,1L63,L133M,0.4,0.718612015247345
ssym,esm2_sup_esm2_650m,123,1L63,A134S,0.1,0.35517406463623047
ssym,esm2_sup_esm2_650m,123,1L63,N144E,-0.5,-1.8854717016220093
ssym,esm2_sup_esm2_650m,123,1L63,V149A,3.2,0.4162141978740692
ssym,esm2_sup_esm2_650m,123,1L63,V149C,2.0,0.4124135971069336
ssym,esm2_sup_esm2_650m,123,1L63,V149G,4.9,1.2861969470977783
ssym,esm2_sup_esm2_650m,123,1L63,V149I,0.1,-0.3660488426685333
ssym,esm2_sup_esm2_650m,123,1L63,V149M,2.8,-1.0335532426834106
ssym,esm2_sup_esm2_650m,123,1L63,V149T,2.8,0.554373562335968
ssym,esm2_sup_esm2_650m,123,1L63,V149S,4.4,0.8176945447921753
ssym,esm2_sup_esm2_650m,123,1L63,T152A,1.5,0.5894039273262024
ssym,esm2_sup_esm2_650m,123,1L63,T152C,0.5,1.1903421878814697
ssym,esm2_sup_esm2_650m,123,1L63,T152I,0.4,0.7561638951301575
ssym,esm2_sup_esm2_650m,123,1L63,T152S,2.0,1.0212273597717285
ssym,esm2_sup_esm2_650m,123,1L63,T152V,-0.2,0.9529951214790344
ssym,esm2_sup_esm2_650m,123,1L63,F153A,3.8,2.8365228176116943
ssym,esm2_sup_esm2_650m,123,1L63,F153I,0.2,1.6779494285583496
ssym,esm2_sup_esm2_650m,123,1L63,F153L,-0.3,1.2258796691894531
ssym,esm2_sup_esm2_650m,123,1L63,F153M,0.6,1.7968064546585083
ssym,esm2_sup_esm2_650m,123,1L63,F153V,1.8,2.5729105472564697
ssym,esm2_sup_esm2_650m,123,1LZ1,V2A,1.5,0.4130026400089264
ssym,esm2_sup_esm2_650m,123,1LZ1,V2G,1.3,1.9623687267303467
ssym,esm2_sup_esm2_650m,123,1LZ1,V2S,1.4,1.1666241884231567
ssym,esm2_sup_esm2_650m,123,1LZ1,V2Y,0.4,1.2980945110321045
ssym,esm2_sup_esm2_650m,123,1LZ1,V2D,1.4,0.8234947323799133
ssym,esm2_sup_esm2_650m,123,1LZ1,V2N,1.3,1.0958507061004639
ssym,esm2_sup_esm2_650m,123,1LZ1,V2R,0.4,1.2822860479354858
ssym,esm2_sup_esm2_650m,123,1LZ1,V2L,-0.3,0.567314863204956
ssym,esm2_sup_esm2_650m,123,1LZ1,V2M,0.2,0.798284113407135
ssym,esm2_sup_esm2_650m,123,1LZ1,V2F,0.8,1.282177448272705
ssym,esm2_sup_esm2_650m,123,1LZ1,Y20F,0.5,-0.45194438099861145
ssym,esm2_sup_esm2_650m,123,1LZ1,I23A,2.5,0.8623216152191162
ssym,esm2_sup_esm2_650m,123,1LZ1,I23V,0.4,0.29072272777557373
ssym,esm2_sup_esm2_650m,123,1LZ1,Y38F,0.2,0.4556673467159271
ssym,esm2_sup_esm2_650m,123,1LZ1,Y45F,-0.1,0.28409484028816223
ssym,esm2_sup_esm2_650m,123,1LZ1,A47P,-0.1,0.6561022400856018
ssym,esm2_sup_esm2_650m,123,1LZ1,Y54F,1.0,0.014437131583690643
ssym,esm2_sup_esm2_650m,123,1LZ1,I56A,3.7,2.6419475078582764
ssym,esm2_sup_esm2_650m,123,1LZ1,I56T,4.3,2.726576089859009
ssym,esm2_sup_esm2_650m,123,1LZ1,I56V,1.2,1.834498405456543
ssym,esm2_sup_esm2_650m,123,1LZ1,I59A,1.7,2.648956060409546
ssym,esm2_sup_esm2_650m,123,1LZ1,I59G,3.8,3.967684030532837
ssym,esm2_sup_esm2_650m,123,1LZ1,I59V,1.1,1.2805089950561523
ssym,esm2_sup_esm2_650m,123,1LZ1,Y63F,0.2,0.061021022498607635
ssym,esm2_sup_esm2_650m,123,1LZ1,P71G,1.6,0.7507662177085876
ssym,esm2_sup_esm2_650m,123,1LZ1,V74A,0.4,0.637992799282074
ssym,esm2_sup_esm2_650m,123,1LZ1,V74G,0.1,1.2300373315811157
ssym,esm2_sup_esm2_650m,123,1LZ1,V74I,1.9,0.15556037425994873
ssym,esm2_sup_esm2_650m,123,1LZ1,V74L,0.4,0.2720429301261902
ssym,esm2_sup_esm2_650m,123,1LZ1,V74M,0.4,0.367189884185791
ssym,esm2_sup_esm2_650m,123,1LZ1,V74F,0.0,0.05034390091896057
ssym,esm2_sup_esm2_650m,123,1LZ1,V74Y,0.3,0.08739577978849411
ssym,esm2_sup_esm2_650m,123,1LZ1,V74D,0.4,0.3682326078414917
ssym,esm2_sup_esm2_650m,123,1LZ1,V74N,0.3,0.8007882237434387
ssym,esm2_sup_esm2_650m,123,1LZ1,V74R,0.1,0.5421549677848816
ssym,esm2_sup_esm2_650m,123,1LZ1,V74S,0.4,0.4923867881298065
ssym,esm2_sup_esm2_650m,123,1LZ1,C77A,4.6,2.7980716228485107
ssym,esm2_sup_esm2_650m,123,1LZ1,I89A,2.7,0.8154991269111633
ssym,esm2_sup_esm2_650m,123,1LZ1,I89V,0.5,0.4609035551548004
ssym,esm2_sup_esm2_650m,123,1LZ1,D91P,0.4,0.6049475073814392
ssym,esm2_sup_esm2_650m,123,1LZ1,V93A,0.7,0.899200975894928
ssym,esm2_sup_esm2_650m,123,1LZ1,V99A,1.0,0.7679822444915771
ssym,esm2_sup_esm2_650m,123,1LZ1,V100A,0.3,-0.3626767098903656
ssym,esm2_sup_esm2_650m,123,1LZ1,P103G,0.1,0.1302119493484497
ssym,esm2_sup_esm2_650m,123,1LZ1,I106A,0.9,0.6605533957481384
ssym,esm2_sup_esm2_650m,123,1LZ1,I106V,0.7,0.7617266178131104
ssym,esm2_sup_esm2_650m,123,1LZ1,V110A,-0.5,0.5990200638771057
ssym,esm2_sup_esm2_650m,123,1LZ1,V110D,-0.2,0.46274009346961975
ssym,esm2_sup_esm2_650m,123,1LZ1,V110G,2.2,1.648672342300415
ssym,esm2_sup_esm2_650m,123,1LZ1,V110I,0.8,0.10666956752538681
ssym,esm2_sup_esm2_650m,123,1LZ1,V110L,-0.1,0.41710788011550903
ssym,esm2_sup_esm2_650m,123,1LZ1,V110M,-0.4,0.307905912399292
ssym,esm2_sup_esm2_650m,123,1LZ1,V110N,-0.1,0.767057478427887
ssym,esm2_sup_esm2_650m,123,1LZ1,V110R,-0.9,0.7356498837471008
ssym,esm2_sup_esm2_650m,123,1LZ1,V110F,1.9,0.22626888751983643
ssym,esm2_sup_esm2_650m,123,1LZ1,V110P,-0.5,1.1485633850097656
ssym,esm2_sup_esm2_650m,123,1LZ1,V110Y,0.1,0.10700850188732147
ssym,esm2_sup_esm2_650m,123,1LZ1,V121A,1.4,0.46701568365097046
ssym,esm2_sup_esm2_650m,123,1LZ1,Y124F,0.4,0.30301207304000854
ssym,esm2_sup_esm2_650m,123,1LZ1,V125A,1.3,1.0170608758926392
ssym,esm2_sup_esm2_650m,123,1LZ1,V130A,0.8,0.30425968766212463
ssym,esm2_sup_esm2_650m,123,1OH0,Y32F,-0.2,-0.1353098750114441
ssym,esm2_sup_esm2_650m,123,1OH0,Y57F,1.2,-2.5685973167419434
ssym,esm2_sup_esm2_650m,123,1RN1,Q25K,-1.4,-0.2822571396827698
ssym,esm2_sup_esm2_650m,123,1VQB,I47L,0.4,-0.38946080207824707
ssym,esm2_sup_esm2_650m,123,1VQB,I47M,1.7,-0.5313565135002136
ssym,esm2_sup_esm2_650m,123,1VQB,I47V,2.0,1.5359530448913574
ssym,esm2_sup_esm2_650m,123,1VQB,V35I,0.6,-0.12773621082305908
ssym,esm2_sup_esm2_650m,123,1VQB,Y41F,3.2,-0.4628107249736786
ssym,esm2_sup_esm2_650m,123,2LZM,I3L,-0.7,0.9737322926521301
ssym,esm2_sup_esm2_650m,123,2LZM,I3C,0.0,2.0236475467681885
ssym,esm2_sup_esm2_650m,123,2LZM,I3P,3.0,3.0091702938079834
ssym,esm2_sup_esm2_650m,123,2LZM,I3Y,2.3,2.4985334873199463
ssym,esm2_sup_esm2_650m,123,2LZM,I3V,0.4,1.968221664428711
ssym,esm2_sup_esm2_650m,123,2LZM,M6I,1.4,1.4291980266571045
ssym,esm2_sup_esm2_650m,123,2LZM,K16E,-0.5,0.08754522353410721
ssym,esm2_sup_esm2_650m,123,2LZM,S38D,-0.6,0.6550505757331848
ssym,esm2_sup_esm2_650m,123,2LZM,N55G,0.6,0.717414140701294
ssym,esm2_sup_esm2_650m,123,2LZM,K60P,0.0,0.40437501668930054
ssym,esm2_sup_esm2_650m,123,2LZM,G77A,-0.4,-0.29659920930862427
ssym,esm2_sup_esm2_650m,123,2LZM,A82P,-0.8,-0.25414708256721497
ssym,esm2_sup_esm2_650m,123,2LZM,K85A,0.6,1.5467979907989502
ssym,esm2_sup_esm2_650m,123,2LZM,D89A,0.5,0.034823350608348846
ssym,esm2_sup_esm2_650m,123,2LZM,R96A,2.0,1.3593921661376953
ssym,esm2_sup_esm2_650m,123,2LZM,R96D,3.5,2.698995351791382
ssym,esm2_sup_esm2_650m,123,2LZM,R96M,2.7,0.98660808801651
ssym,esm2_sup_esm2_650m,123,2LZM,R96E,2.5,2.0657856464385986
ssym,esm2_sup_esm2_650m,123,2LZM,R96G,2.6,2.0353667736053467
ssym,esm2_sup_esm2_650m,123,2LZM,R96Q,0.3,1.7237868309020996
ssym,esm2_sup_esm2_650m,123,2LZM,R96H,3.1,2.9730796813964844
ssym,esm2_sup_esm2_650m,123,2LZM,R96N,3.0,2.333751916885376
ssym,esm2_sup_esm2_650m,123,2LZM,R96K,0.0,2.510859251022339
ssym,esm2_sup_esm2_650m,123,2LZM,R96S,2.6,1.6672742366790771
ssym,esm2_sup_esm2_650m,123,2LZM,R96Y,4.7,2.1233599185943604
ssym,esm2_sup_esm2_650m,123,2LZM,R96V,2.4,1.3232946395874023
ssym,esm2_sup_esm2_650m,123,2LZM,R96W,4.5,2.1396303176879883
ssym,esm2_sup_esm2_650m,123,2LZM,A98V,4.9,0.6989519000053406
ssym,esm2_sup_esm2_650m,123,2LZM,Q105A,0.6,0.55025315284729
ssym,esm2_sup_esm2_650m,123,2LZM,Q105E,1.1,0.8798160552978516
ssym,esm2_sup_esm2_650m,123,2LZM,Q105G,1.5,0.9801973104476929
ssym,esm2_sup_esm2_650m,123,2LZM,G113A,-0.3,-1.289171576499939
ssym,esm2_sup_esm2_650m,123,2LZM,T115E,-0.3,-0.2353404462337494
ssym,esm2_sup_esm2_650m,123,2LZM,N116D,-0.6,-0.7521381378173828
ssym,esm2_sup_esm2_650m,123,2LZM,R119E,0.0,-1.3391921520233154
ssym,esm2_sup_esm2_650m,123,2LZM,Q123E,-0.4,0.22072213888168335
ssym,esm2_sup_esm2_650m,123,2LZM,K124G,0.1,0.7096244096755981
ssym,esm2_sup_esm2_650m,123,2LZM,V131A,-0.3,0.04565328359603882
ssym,esm2_sup_esm2_650m,123,2LZM,V131D,-0.1,-0.12285540252923965
ssym,esm2_sup_esm2_650m,123,2LZM,V131G,0.7,0.5749104619026184
ssym,esm2_sup_esm2_650m,123,2LZM,V131I,-0.2,-0.29482004046440125
ssym,esm2_sup_esm2_650m,123,2LZM,V131L,-0.1,-0.8308268189430237
ssym,esm2_sup_esm2_650m,123,2LZM,V131S,0.1,-0.050539709627628326
ssym,esm2_sup_esm2_650m,123,2LZM,V131M,-0.1,-0.6292820572853088
ssym,esm2_sup_esm2_650m,123,2LZM,V131E,-0.2,-0.2836906313896179
ssym,esm2_sup_esm2_650m,123,2LZM,L133A,4.2,1.2140207290649414
ssym,esm2_sup_esm2_650m,123,2LZM,K135E,1.0,0.07293146103620529
ssym,esm2_sup_esm2_650m,123,2LZM,N144D,-0.4,-1.6644562482833862
ssym,esm2_sup_esm2_650m,123,2LZM,K147E,0.7,-1.2756314277648926
ssym,esm2_sup_esm2_650m,123,2LZM,V149C,2.2,0.03484279662370682
ssym,esm2_sup_esm2_650m,123,2LZM,T152S,2.6,1.0283581018447876
ssym,esm2_sup_esm2_650m,123,2LZM,R154E,1.1,-0.009886406362056732
ssym,esm2_sup_esm2_650m,123,2LZM,G156D,2.3,1.055208444595337
ssym,esm2_sup_esm2_650m,123,2LZM,T157A,0.5,0.7732648849487305
ssym,esm2_sup_esm2_650m,123,2LZM,T157C,1.3,0.7533738017082214
ssym,esm2_sup_esm2_650m,123,2LZM,T157D,1.1,1.0364636182785034
ssym,esm2_sup_esm2_650m,123,2LZM,T157E,0.8,1.1822267770767212
ssym,esm2_sup_esm2_650m,123,2LZM,T157F,2.4,0.8752198815345764
ssym,esm2_sup_esm2_650m,123,2LZM,T157G,1.1,1.3769961595535278
ssym,esm2_sup_esm2_650m,123,2LZM,T157H,2.1,1.8190845251083374
ssym,esm2_sup_esm2_650m,123,2LZM,T157I,1.5,0.7115516066551208
ssym,esm2_sup_esm2_650m,123,2LZM,T157L,1.7,0.3905065953731537
ssym,esm2_sup_esm2_650m,123,2LZM,T157N,1.2,1.4533830881118774
ssym,esm2_sup_esm2_650m,123,2LZM,T157R,-0.3,0.608226478099823
ssym,esm2_sup_esm2_650m,123,2LZM,T157S,0.7,0.8605631589889526
ssym,esm2_sup_esm2_650m,123,2LZM,T157V,1.2,0.7594559192657471
ssym,esm2_sup_esm2_650m,123,2RN2,D10N,-0.9,0.5282870531082153
ssym,esm2_sup_esm2_650m,123,2RN2,E48Q,-0.2,0.3348870575428009
ssym,esm2_sup_esm2_650m,123,2RN2,A52F,0.5,1.7203830480575562
ssym,esm2_sup_esm2_650m,123,2RN2,A52I,-1.9,-0.08845875412225723
ssym,esm2_sup_esm2_650m,123,2RN2,A52L,-1.3,0.45117974281311035
ssym,esm2_sup_esm2_650m,123,2RN2,A52V,-1.7,-0.28625407814979553
ssym,esm2_sup_esm2_650m,123,2RN2,H62A,-0.4,0.6507382392883301
ssym,esm2_sup_esm2_650m,123,2RN2,H62P,-1.1,-0.4405810236930847
ssym,esm2_sup_esm2_650m,123,2RN2,D70N,-0.9,-0.8320601582527161
ssym,esm2_sup_esm2_650m,123,2RN2,V74L,-1.0,1.6415913105010986
ssym,esm2_sup_esm2_650m,123,2RN2,V74I,-0.6,1.6456515789031982
ssym,esm2_sup_esm2_650m,123,2RN2,G77A,0.9,-0.9495349526405334
ssym,esm2_sup_esm2_650m,123,2RN2,K95A,-0.1,1.441728115081787
ssym,esm2_sup_esm2_650m,123,2RN2,K95G,-1.9,0.33422982692718506
ssym,esm2_sup_esm2_650m,123,2RN2,K95N,-0.9,0.9026234745979309
ssym,esm2_sup_esm2_650m,123,2RN2,D134A,-2.1,-0.8754006028175354
ssym,esm2_sup_esm2_650m,123,2RN2,D134H,-2.3,0.19742995500564575
ssym,esm2_sup_esm2_650m,123,2RN2,D134N,-1.0,0.008458651602268219
ssym,esm2_sup_esm2_650m,123,4LYZ,M12F,-0.5,0.12029067426919937
ssym,esm2_sup_esm2_650m,123,4LYZ,M12L,0.4,-0.4396294951438904
ssym,esm2_sup_esm2_650m,123,4LYZ,T40S,0.3,0.1883779764175415
ssym,esm2_sup_esm2_650m,123,4LYZ,G49A,0.7,1.891877293586731
ssym,esm2_sup_esm2_650m,123,4LYZ,I55V,0.9,1.7498184442520142
ssym,esm2_sup_esm2_650m,123,4LYZ,I58M,1.2,2.492810010910034
ssym,esm2_sup_esm2_650m,123,4LYZ,G67A,0.5,1.4037868976593018
ssym,esm2_sup_esm2_650m,123,4LYZ,G71A,2.1,0.732894241809845
ssym,esm2_sup_esm2_650m,123,4LYZ,I78M,0.9,-0.10443603247404099
ssym,esm2_sup_esm2_650m,123,4LYZ,S91A,0.2,-0.14122611284255981
ssym,esm2_sup_esm2_650m,123,4LYZ,S91T,-1.0,0.397340327501297
ssym,esm2_sup_esm2_650m,123,4LYZ,I98M,0.9,0.8335456848144531
ssym,esm2_sup_esm2_650m,123,4LYZ,G102A,1.2,-0.06643124669790268
ssym,esm2_sup_esm2_650m,123,4LYZ,G117A,0.8,1.047284722328186
ssym,esm2_sup_esm2_650m,123,5PTI,F22A,1.2,1.4922864437103271
ssym,esm2_sup_esm2_650m,123,5PTI,Y23A,5.9,2.271372079849243
ssym,esm2_sup_esm2_650m,123,5PTI,Y35G,5.0,1.7326565980911255
ssym,esm2_sup_esm2_650m,123,5PTI,N43G,5.7,0.19970637559890747
ssym,esm2_sup_esm2_650m,123,5PTI,F45A,6.9,1.5124030113220215
s669,esm2_sup_esm2_650m,2024,1BFM,M35W,0.7,1.0530015230178833
s669,esm2_sup_esm2_650m,2024,1BFM,M35Y,0.4,0.46433225274086
s669,esm2_sup_esm2_650m,2024,1D5G,H71Y,0.04,0.2442130446434021
s669,esm2_sup_esm2_650m,2024,1D5G,I20F,-0.91,1.7090051174163818
s669,esm2_sup_esm2_650m,2024,1EKG,L198C,1.0,0.7788029909133911
s669,esm2_sup_esm2_650m,2024,1EKG,L200C,2.0,0.554419994354248
s669,esm2_sup_esm2_650m,2024,1EKG,L203C,-1.0,-0.6729419231414795
s669,esm2_sup_esm2_650m,2024,1EKG,S181F,2.6,-0.9905906915664673
s669,esm2_sup_esm2_650m,2024,1FRD,H42R,-4.0,0.2983158230781555
s669,esm2_sup_esm2_650m,2024,1FXA,E94D,1.1,0.4010424315929413
s669,esm2_sup_esm2_650m,2024,1FXA,E94K,0.4,1.1630533933639526
s669,esm2_sup_esm2_650m,2024,1FXA,E94Q,-0.6,0.45256391167640686
s669,esm2_sup_esm2_650m,2024,1FXA,E95K,-1.0,1.0718966722488403
s669,esm2_sup_esm2_650m,2024,1FXA,F65A,1.0,0.8257013559341431
s669,esm2_sup_esm2_650m,2024,1FXA,F65I,0.9,0.04057960957288742
s669,esm2_sup_esm2_650m,2024,1FXA,F65W,0.6,0.7552105188369751
s669,esm2_sup_esm2_650m,2024,1FXA,F65Y,0.5,0.532455325126648
s669,esm2_sup_esm2_650m,2024,1FXA,R42A,2.4,0.7139112949371338
s669,esm2_sup_esm2_650m,2024,1FXA,R42H,1.4,0.8098275661468506
s669,esm2_sup_esm2_650m,2024,1FXA,T48A,-0.1,0.8560487031936646
s669,esm2_sup_esm2_650m,2024,1GLU,C500A,1.22,2.9227216243743896
s669,esm2_sup_esm2_650m,2024,1GUA,A118G,1.963,1.3507490158081055
s669,esm2_sup_esm2_650m,2024,1GUA,A118L,1.951,0.23184001445770264
s669,esm2_sup_esm2_650m,2024,1GUA,A85G,2.149,0.958206057548523
s669,esm2_sup_esm2_650m,2024,1GUA,A97G,0.863,1.4617972373962402
s669,esm2_sup_esm2_650m,2024,1GUA,C81A,-0.283,0.2809988856315613
s669,esm2_sup_esm2_650m,2024,1GUA,C81I,0.912,-0.6831377744674683
s669,esm2_sup_esm2_650m,2024,1GUA,C95A,0.08,0.7648494243621826
s669,esm2_sup_esm2_650m,2024,1GUA,C96A,1.759,1.3626378774642944
s669,esm2_sup_esm2_650m,2024,1GUA,C96L,0.043,-0.13004432618618011
s669,esm2_sup_esm2_650m,2024,1GUA,C96M,0.337,0.35432693362236023
s669,esm2_sup_esm2_650m,2024,1GUA,D117A,0.706,0.8486207723617554
s669,esm2_sup_esm2_650m,2024,1GUA,D129A,0.855,0.2760693430900574
s669,esm2_sup_esm2_650m,2024,1GUA,D80A,0.493,0.36748334765434265
s669,esm2_sup_esm2_650m,2024,1GUA,E104A,-0.021,0.20510068535804749
s669,esm2_sup_esm2_650m,2024,1GUA,E124A,0.101,0.8377834558486938
s669,esm2_sup_esm2_650m,2024,1GUA,E125A,0.591,0.384214848279953
s669,esm2_sup_esm2_650m,2024,1GUA,I58A,3.274,2.9163942337036133
s669,esm2_sup_esm2_650m,2024,1GUA,I58F,1.2990000000000002,1.5430375337600708
s669,esm2_sup_esm2_650m,2024,1GUA,I58L,0.7709999999999999,1.362366795539856
s669,esm2_sup_esm2_650m,2024,1GUA,K109A,0.327,0.6337974071502686
s669,esm2_sup_esm2_650m,2024,1GUA,L112A,2.593,1.5605696439743042
s669,esm2_sup_esm2_650m,2024,1GUA,L121A,2.5340000000000003,1.0293442010879517
s669,esm2_sup_esm2_650m,2024,1GUA,L126A,3.405,0.7104763984680176
s669,esm2_sup_esm2_650m,2024,1GUA,L62A,3.46,1.5786595344543457
s669,esm2_sup_esm2_650m,2024,1GUA,L78A,3.803,2.1523754596710205
s669,esm2_sup_esm2_650m,2024,1GUA,L82A,3.529,4.554272174835205
s669,esm2_sup_esm2_650m,2024,1GUA,L82I,1.6,2.327277660369873
s669,esm2_sup_esm2_650m,2024,1GUA,L82V,1.7,2.460700273513794
s669,esm2_sup_esm2_650m,2024,1GUA,L86A,3.2260000000000004,4.067815780639648
s669,esm2_sup_esm2_650m,2024,1GUA,L91A,1.575,0.6040987968444824
s669,esm2_sup_esm2_650m,2024,1GUA,M76A,0.961,1.602028250694275
s669,esm2_sup_esm2_650m,2024,1GUA,N56M,-0.271,-0.5677585601806641
s669,esm2_sup_esm2_650m,2024,1GUA,N64A,1.14,0.9485569000244141
s669,esm2_sup_esm2_650m,2024,1GUA,P63A,1.7080000000000002,0.8674823045730591
s669,esm2_sup_esm2_650m,2024,1GUA,P93A,0.0819999999999999,0.3382299542427063
s669,esm2_sup_esm2_650m,2024,1GUA,Q66A,0.504,0.4500211179256439
s669,esm2_sup_esm2_650m,2024,1GUA,R100A,0.693,0.7102106809616089
s669,esm2_sup_esm2_650m,2024,1GUA,R59A,-0.178,-0.6143929958343506
s669,esm2_sup_esm2_650m,2024,1GUA,R89L,-1.078,-0.2719613313674927
s669,esm2_sup_esm2_650m,2024,1GUA,S77A,1.5730000000000002,2.628948450088501
s669,esm2_sup_esm2_650m,2024,1GUA,S77T,-0.581,0.835625171661377
s669,esm2_sup_esm2_650m,2024,1GUA,T68A,0.109,0.7371222972869873
s669,esm2_sup_esm2_650m,2024,1GUA,V128A,3.3680000000000003,0.6570209264755249
s669,esm2_sup_esm2_650m,2024,1GUA,V60A,2.251,2.5988125801086426
s669,esm2_sup_esm2_650m,2024,1GUA,V69A,1.116,1.2265568971633911
s669,esm2_sup_esm2_650m,2024,1GUA,V70A,1.77,2.090444803237915
s669,esm2_sup_esm2_650m,2024,1GUA,V72A,1.052,1.351757526397705
s669,esm2_sup_esm2_650m,2024,1GUA,V72I,0.8640000000000001,0.7724040746688843
s669,esm2_sup_esm2_650m,2024,1GUA,V98A,1.981,1.6214988231658936
s669,esm2_sup_esm2_650m,2024,1H0X,P18A,1.936,0.12585115432739258
s669,esm2_sup_esm2_650m,2024,1H0X,P62A,2.5810000000000004,0.2489021122455597
s669,esm2_sup_esm2_650m,2024,1HCQ,C67A,2.09,2.177168607711792
s669,esm2_sup_esm2_650m,2024,1HCQ,C67S,1.99,2.173419237136841
s669,esm2_sup_esm2_650m,2024,1IOJ,G15A,-0.4,0.49553152918815613
s669,esm2_sup_esm2_650m,2024,1IV7,A173C,-0.5,1.2334187030792236
s669,esm2_sup_esm2_650m,2024,1IV7,F189C,2.5,1.2953689098358154
s669,esm2_sup_esm2_650m,2024,1IV7,L162C,1.9,2.260456085205078
s669,esm2_sup_esm2_650m,2024,1IV9,S76Y,-4.299,1.3157198429107666
s669,esm2_sup_esm2_650m,2024,1J8I,K25A,-0.1,-0.294323205947876
s669,esm2_sup_esm2_650m,2024,1J8I,K66A,-0.1,-0.14444592595100403
s669,esm2_sup_esm2_650m,2024,1J8I,R23A,-0.8,-0.05756958946585655
s669,esm2_sup_esm2_650m,2024,1J8I,R35A,0.1,0.7922401428222656
s669,esm2_sup_esm2_650m,2024,1J8I,R43A,-0.7,-0.10553188621997833
s669,esm2_sup_esm2_650m,2024,1J8I,R9A,0.1,0.325762003660202
s669,esm2_sup_esm2_650m,2024,1JL9,A25C,1.44,-0.07083448767662048
s669,esm2_sup_esm2_650m,2024,1L6H,F39A,1.6969999999999998,0.41501060128211975
s669,esm2_sup_esm2_650m,2024,1L6H,Y45A,0.55,0.4884221851825714
s669,esm2_sup_esm2_650m,2024,1L6H,Y48A,1.482,0.26914992928504944
s669,esm2_sup_esm2_650m,2024,1N88,F21A,1.39,0.12126694619655609
s669,esm2_sup_esm2_650m,2024,1N88,I39A,1.39,1.340893030166626
s669,esm2_sup_esm2_650m,2024,1N88,I80A,2.79,1.795601725578308
s669,esm2_sup_esm2_650m,2024,1N88,I89A,2.35,1.1667804718017578
s669,esm2_sup_esm2_650m,2024,1N88,I8V,1.52,1.5436564683914185
s669,esm2_sup_esm2_650m,2024,1N88,L13A,1.52,1.8180067539215088
s669,esm2_sup_esm2_650m,2024,1N88,L57A,1.11,1.5967859029769897
s669,esm2_sup_esm2_650m,2024,1N88,V12A,1.94,1.8516685962677002
s669,esm2_sup_esm2_650m,2024,1N88,V30A,2.84,2.178273916244507
s669,esm2_sup_esm2_650m,2024,1N88,V43A,2.82,2.911043882369995
s669,esm2_sup_esm2_650m,2024,1N88,V49A,2.83,1.4684332609176636
s669,esm2_sup_esm2_650m,2024,1N88,V51A,3.24,2.685560941696167
s669,esm2_sup_esm2_650m,2024,1N88,V54A,3.73,1.8264952898025513
s669,esm2_sup_esm2_650m,2024,1N88,V81A,2.82,3.512709856033325
s669,esm2_sup_esm2_650m,2024,1N88,V83A,3.1,2.9194743633270264
s669,esm2_sup_esm2_650m,2024,1N88,Y18A,-0.06,1.2420446872711182
s669,esm2_sup_esm2_650m,2024,1N88,Y26A,4.61,2.210592269897461
s669,esm2_sup_esm2_650m,2024,1O6X,A31G,1.2,0.32839199900627136
s669,esm2_sup_esm2_650m,2024,1O6X,A50G,1.4,-0.09571702033281326
s669,esm2_sup_esm2_650m,2024,1O6X,D38A,-0.36,-0.1332751214504242
s669,esm2_sup_esm2_650m,2024,1O6X,E14A,0.3,-0.42369601130485535
s669,esm2_sup_esm2_650m,2024,1O6X,E20G,1.42,1.6765861511230469
s669,esm2_sup_esm2_650m,2024,1O6X,F39L,1.88,0.4428924024105072
s669,esm2_sup_esm2_650m,2024,1O6X,F65A,0.98,0.4456840455532074
s669,esm2_sup_esm2_650m,2024,1O6X,H51A,0.61,0.43880942463874817
s669,esm2_sup_esm2_650m,2024,1O6X,I15V,0.43,0.3012011647224426
s669,esm2_sup_esm2_650m,2024,1O6X,I23V,-0.42,-0.6102522611618042
s669,esm2_sup_esm2_650m,2024,1O6X,I71V,1.31,-0.18629240989685059
s669,esm2_sup_esm2_650m,2024,1O6X,K41A,1.98,0.32136431336402893
s669,esm2_sup_esm2_650m,2024,1O6X,L26V,0.97,0.09728452563285828
s669,esm2_sup_esm2_650m,2024,1O6X,N58A,0.08,-0.20366571843624115
s669,esm2_sup_esm2_650m,2024,1O6X,Q60G,0.49,-0.09127016365528107
s669,esm2_sup_esm2_650m,2024,1O6X,V12A,1.1,2.035033941268921
s669,esm2_sup_esm2_650m,2024,1O6X,V52A,1.08,0.9412714242935181
s669,esm2_sup_esm2_650m,2024,1O6X,V64G,1.1,4.244114398956299
s669,esm2_sup_esm2_650m,2024,1R6R,I88N,0.13,2.3677518367767334
s669,esm2_sup_esm2_650m,2024,1R6R,L50S,2.81,2.345970392227173
s669,esm2_sup_esm2_650m,2024,1R6R,L54S,0.24,1.4957435131072998
s669,esm2_sup_esm2_650m,2024,1R6R,L81N,6.84,1.6566669940948486
s669,esm2_sup_esm2_650m,2024,2BJD,V84D,4.493,3.733091115951538
s669,esm2_sup_esm2_650m,2024,2BJD,V84P,4.517,3.910735845565796
s669,esm2_sup_esm2_650m,2024,2BJD,Y86E,2.103,1.8735783100128174
s669,esm2_sup_esm2_650m,2024,2C9Q,Y79F,0.012,0.45213863253593445
s669,esm2_sup_esm2_650m,2024,2C9Q,Y79W,1.233,1.0317306518554688
s669,esm2_sup_esm2_650m,2024,2CLR,H13F,-0.12,0.0169699564576149
s669,esm2_sup_esm2_650m,2024,2CLR,H31F,-2.605,0.5084562301635742
s669,esm2_sup_esm2_650m,2024,2CLR,H51F,1.912,-0.1402961015701294
s669,esm2_sup_esm2_650m,2024,2CLR,H84A,2.629,1.079866886138916
s669,esm2_sup_esm2_650m,2024,2DVV,Q443H,-0.89,0.49532100558280945
s669,esm2_sup_esm2_650m,2024,2DVV,R419W,0.02,-0.8168678283691406
s669,esm2_sup_esm2_650m,2024,2HBB,A22G,0.32,0.40383246541023254
s669,esm2_sup_esm2_650m,2024,2HBB,A26G,1.79,3.2733395099639893
s669,esm2_sup_esm2_650m,2024,2HBB,A36G,1.55,0.3778274357318878
s669,esm2_sup_esm2_650m,2024,2HBB,A39G,1.59,1.8132784366607666
s669,esm2_sup_esm2_650m,2024,2HBB,A42G,0.33,0.04271303117275238
s669,esm2_sup_esm2_650m,2024,2HBB,A46G,0.55,1.0580257177352905
s669,esm2_sup_esm2_650m,2024,2HBB,D23A,0.03,0.7760473489761353
s669,esm2_sup_esm2_650m,2024,2HBB,D23N,0.79,1.5417252779006958
s669,esm2_sup_esm2_650m,2024,2HBB,D8A,1.3,1.2214837074279785
s669,esm2_sup_esm2_650m,2024,2HBB,D8N,0.38,1.0550446510314941
s669,esm2_sup_esm2_650m,2024,2HBB,E17A,1.69,1.3281075954437256
s669,esm2_sup_esm2_650m,2024,2HBB,E17Q,0.33,0.5341259241104126
s669,esm2_sup_esm2_650m,2024,2HBB,E38A,0.41,0.4380747377872467
s669,esm2_sup_esm2_650m,2024,2HBB,E38Q,0.68,-0.05098039284348488
s669,esm2_sup_esm2_650m,2024,2HBB,E48Q,-0.07,-0.2877837121486664
s669,esm2_sup_esm2_650m,2024,2HBB,F31A,2.84,0.5566214323043823
s669,esm2_sup_esm2_650m,2024,2HBB,F5L,1.15,1.280690312385559
s669,esm2_sup_esm2_650m,2024,2HBB,G24A,-0.02,0.24166133999824524
s669,esm2_sup_esm2_650m,2024,2HBB,G34A,1.02,1.2319897413253784
s669,esm2_sup_esm2_650m,2024,2HBB,I18A,2.05,2.8880951404571533
s669,esm2_sup_esm2_650m,2024,2HBB,I18V,0.07,0.2047921121120453
s669,esm2_sup_esm2_650m,2024,2HBB,I37A,1.28,0.8092077970504761
s669,esm2_sup_esm2_650m,2024,2HBB,I37V,-0.09,0.005074024200439453
s669,esm2_sup_esm2_650m,2024,2HBB,I4V,0.59,-0.14758148789405823
s669,esm2_sup_esm2_650m,2024,2HBB,K10E,-0.13,1.326367735862732
s669,esm2_sup_esm2_650m,2024,2HBB,K10M,-0.47,0.6238546371459961
s669,esm2_sup_esm2_650m,2024,2HBB,K12A,-0.61,1.4661521911621094
s669,esm2_sup_esm2_650m,2024,2HBB,K12G,-0.03,1.807560920715332
s669,esm2_sup_esm2_650m,2024,2HBB,K12M,-1.8,0.19581443071365356
s669,esm2_sup_esm2_650m,2024,2HBB,K14A,0.73,1.3190441131591797
s669,esm2_sup_esm2_650m,2024,2HBB,K14G,1.3,2.4684484004974365
s669,esm2_sup_esm2_650m,2024,2HBB,K14M,0.34,0.779320478439331
s669,esm2_sup_esm2_650m,2024,2HBB,K15G,1.74,1.6785802841186523
s669,esm2_sup_esm2_650m,2024,2HBB,K15M,0.44,1.0301494598388672
s669,esm2_sup_esm2_650m,2024,2HBB,K7M,-0.21,-0.10815215110778809
s669,esm2_sup_esm2_650m,2024,2HBB,L30A,2.76,2.2103426456451416
s669,esm2_sup_esm2_650m,2024,2HBB,L35A,1.21,1.4890148639678955
s669,esm2_sup_esm2_650m,2024,2HBB,L44A,1.73,2.408435583114624
s669,esm2_sup_esm2_650m,2024,2HBB,L47A,0.84,2.451319932937622
s669,esm2_sup_esm2_650m,2024,2HBB,L6A,3.1,0.7673218250274658
s669,esm2_sup_esm2_650m,2024,2HBB,M1A,1.46,-1.1452475786209106
s669,esm2_sup_esm2_650m,2024,2HBB,T40S,0.8,1.6113014221191406
s669,esm2_sup_esm2_650m,2024,2HBB,V21A,2.33,2.7031214237213135
s669,esm2_sup_esm2_650m,2024,2HBB,V3A,2.55,4.1315412521362305
s669,esm2_sup_esm2_650m,2024,2HBB,V9A,1.81,1.872338891029358
s669,esm2_sup_esm2_650m,2024,2JUC,C57D,2.54,0.662803053855896
s669,esm2_sup_esm2_650m,2024,2JUC,C57S,0.71,1.3230292797088623
s669,esm2_sup_esm2_650m,2024,2JUC,R18A,1.75,0.5828194618225098
s669,esm2_sup_esm2_650m,2024,2KJ3,D288A,-1.2,1.3592687845230103
s669,esm2_sup_esm2_650m,2024,2KJ3,E272A,-1.9,0.18661412596702576
s669,esm2_sup_esm2_650m,2024,2KJ3,G278A,0.8,0.8081952333450317
s669,esm2_sup_esm2_650m,2024,2KJ3,K229A,-1.5,1.1869244575500488
s669,esm2_sup_esm2_650m,2024,2KJ3,L241A,-1.0,0.9287724494934082
s669,esm2_sup_esm2_650m,2024,2KJ3,S273A,-1.4,0.12244236469268799
s669,esm2_sup_esm2_650m,2024,2KJ3,V239A,-1.0,0.6965140104293823
s669,esm2_sup_esm2_650m,2024,2KJ3,V264A,-1.0,1.1641621589660645
s669,esm2_sup_esm2_650m,2024,2KJ3,V267A,-0.2,0.46356287598609924
s669,esm2_sup_esm2_650m,2024,2MPC,A89T,0.24,-0.4225005805492401
s669,esm2_sup_esm2_650m,2024,2MPC,R42A,-0.62,0.044487595558166504
s669,esm2_sup_esm2_650m,2024,2MPC,R42W,-2.08,-0.47237923741340637
s669,esm2_sup_esm2_650m,2024,2N7Z,P88A,0.6,0.07792618870735168
s669,esm2_sup_esm2_650m,2024,2OUO,A420D,-0.44,0.3009703755378723
s669,esm2_sup_esm2_650m,2024,2PTL,A22G,2.43,2.003650426864624
s669,esm2_sup_esm2_650m,2024,2PTL,A27P,-0.1,0.7583194971084595
s669,esm2_sup_esm2_650m,2024,2PTL,A27V,0.83,0.3090192973613739
s669,esm2_sup_esm2_650m,2024,2PTL,A34G,2.17,0.44558432698249817
s669,esm2_sup_esm2_650m,2024,2PTL,A34V,-1.47,-0.3659447133541107
s669,esm2_sup_esm2_650m,2024,2PTL,A43G,2.54,2.428248167037964
s669,esm2_sup_esm2_650m,2024,2PTL,A47G,3.1,2.4376776218414307
s669,esm2_sup_esm2_650m,2024,2PTL,A49G,1.32,-0.05682440102100372
s669,esm2_sup_esm2_650m,2024,2PTL,A51G,3.12,1.8365871906280518
s669,esm2_sup_esm2_650m,2024,2PTL,A66G,0.49,0.3569602966308594
s669,esm2_sup_esm2_650m,2024,2PTL,D52A,1.21,-0.30656880140304565
s669,esm2_sup_esm2_650m,2024,2PTL,D52G,2.14,-0.4302273988723755
s669,esm2_sup_esm2_650m,2024,2PTL,D64A,0.2,0.9645947217941284
s669,esm2_sup_esm2_650m,2024,2PTL,E35A,0.59,0.5272129774093628
s669,esm2_sup_esm2_650m,2024,2PTL,E46G,1.19,-0.1604449450969696
s669,esm2_sup_esm2_650m,2024,2PTL,E46I,1.08,-0.2599989175796509
s669,esm2_sup_esm2_650m,2024,2PTL,E60A,0.23,0.32750681042671204
s669,esm2_sup_esm2_650m,2024,2PTL,F26A,3.12,0.8526473045349121
s669,esm2_sup_esm2_650m,2024,2PTL,F26L,0.68,0.46382513642311096
s669,esm2_sup_esm2_650m,2024,2PTL,F36A,4.15,1.5942466259002686
s669,esm2_sup_esm2_650m,2024,2PTL,F36L,3.12,0.6151385307312012
s669,esm2_sup_esm2_650m,2024,2PTL,F40G,3.08,0.15040749311447144
s669,esm2_sup_esm2_650m,2024,2PTL,F40L,0.38,-0.09765008091926575
s669,esm2_sup_esm2_650m,2024,2PTL,F76L,3.34,0.3580916225910187
s669,esm2_sup_esm2_650m,2024,2PTL,F76V,3.73,0.29590073227882385
s669,esm2_sup_esm2_650m,2024,2PTL,G29A,1.52,0.67584228515625
s669,esm2_sup_esm2_650m,2024,2PTL,G29V,2.53,0.948021411895752
s669,esm2_sup_esm2_650m,2024,2PTL,G38A,2.08,1.2022433280944824
s669,esm2_sup_esm2_650m,2024,2PTL,G59A,2.23,0.5078592300415039
s669,esm2_sup_esm2_650m,2024,2PTL,G69A,2.04,0.6980307102203369
s669,esm2_sup_esm2_650m,2024,2PTL,I20A,4.9,1.5649632215499878
s669,esm2_sup_esm2_650m,2024,2PTL,I20V,0.56,1.7710604667663574
s669,esm2_sup_esm2_650m,2024,2PTL,I25A,1.37,0.9735538959503174
s669,esm2_sup_esm2_650m,2024,2PTL,I25V,0.47,-0.4173208475112915
s669,esm2_sup_esm2_650m,2024,2PTL,I74A,4.72,1.2163853645324707
s669,esm2_sup_esm2_650m,2024,2PTL,I74V,1.69,1.5007143020629883
s669,esm2_sup_esm2_650m,2024,2PTL,K21A,0.92,1.3019869327545166
s669,esm2_sup_esm2_650m,2024,2PTL,K37A,0.88,0.69403076171875
s669,esm2_sup_esm2_650m,2024,2PTL,K42G,-0.16,0.2988971471786499
s669,esm2_sup_esm2_650m,2024,2PTL,K55A,-0.58,0.23710370063781738
s669,esm2_sup_esm2_650m,2024,2PTL,K56A,-0.35,0.4445853531360626
s669,esm2_sup_esm2_650m,2024,2PTL,K68A,0.09,0.37520208954811096
s669,esm2_sup_esm2_650m,2024,2PTL,K75A,0.45,0.9908328056335449
s669,esm2_sup_esm2_650m,2024,2PTL,L24A,3.12,1.5612668991088867
s669,esm2_sup_esm2_650m,2024,2PTL,L54A,2.44,0.9829913377761841
s669,esm2_sup_esm2_650m,2024,2PTL,L72A,3.77,1.7995846271514893
s669,esm2_sup_esm2_650m,2024,2PTL,N23A,1.87,0.8238569498062134
s669,esm2_sup_esm2_650m,2024,2PTL,N28A,1.78,1.1859385967254639
s669,esm2_sup_esm2_650m,2024,2PTL,N58A,0.34,0.7559694051742554
s669,esm2_sup_esm2_650m,2024,2PTL,N73A,1.73,1.3128589391708374
s669,esm2_sup_esm2_650m,2024,2PTL,S30A,0.3,0.11191156506538391
s669,esm2_sup_esm2_650m,2024,2PTL,S45A,-0.41,0.24692806601524353
s669,esm2_sup_esm2_650m,2024,2PTL,S45G,0.82,0.10332918167114258
s669,esm2_sup_esm2_650m,2024,2PTL,T19A,1.63,0.6690343618392944
s669,esm2_sup_esm2_650m,2024,2PTL,T31A,1.17,0.3386372923851013
s669,esm2_sup_esm2_650m,2024,2PTL,T33A,1.11,0.5566935539245605
s669,esm2_sup_esm2_650m,2024,2PTL,T39A,1.25,0.37734779715538025
s669,esm2_sup_esm2_650m,2024,2PTL,T44A,1.09,0.0018379464745521545
s669,esm2_sup_esm2_650m,2024,2PTL,T53G,0.17,-0.14638477563858032
s669,esm2_sup_esm2_650m,2024,2PTL,T62A,0.97,1.3126463890075684
s669,esm2_sup_esm2_650m,2024,2PTL,T71A,1.83,0.7543494701385498
s669,esm2_sup_esm2_650m,2024,2PTL,V18A,1.22,0.32931098341941833
s669,esm2_sup_esm2_650m,2024,2PTL,V63A,0.92,1.7031984329223633
s669,esm2_sup_esm2_650m,2024,2PTL,V65A,1.14,0.1939292848110199
s669,esm2_sup_esm2_650m,2024,2PTL,Y48A,2.82,0.11356429755687714
s669,esm2_sup_esm2_650m,2024,2PTL,Y50A,2.46,1.0938942432403564
s669,esm2_sup_esm2_650m,2024,2PTL,Y70A,1.66,0.9187140464782715
s669,esm2_sup_esm2_650m,2024,2PTL,Y70L,-0.43,-0.25922077894210815
s669,esm2_sup_esm2_650m,2024,2RPN,E7L,-1.05,-0.5805677175521851
s669,esm2_sup_esm2_650m,2024,2RPN,V21K,-0.39,-0.010648675262928009
s669,esm2_sup_esm2_650m,2024,2WQG,D15A,-0.3,0.9892122745513916
s669,esm2_sup_esm2_650m,2024,2WQG,D38A,-0.1,1.2147369384765625
s669,esm2_sup_esm2_650m,2024,2WQG,D39A,2.2,0.3234412670135498
s669,esm2_sup_esm2_650m,2024,2WQG,D39N,2.6,0.5047343969345093
s669,esm2_sup_esm2_650m,2024,2WQG,E40Q,0.1,0.48757901787757874
s669,esm2_sup_esm2_650m,2024,2WQG,E41G,0.4,0.5007874965667725
s669,esm2_sup_esm2_650m,2024,2WQG,I36A,0.9,-0.0031756237149238586
s669,esm2_sup_esm2_650m,2024,2WQG,I36V,0.3,0.2265206277370453
s669,esm2_sup_esm2_650m,2024,2WQG,K14A,0.4,0.2824974060058594
s669,esm2_sup_esm2_650m,2024,2WQG,K14G,1.9,1.4739909172058105
s669,esm2_sup_esm2_650m,2024,2WQG,K19A,0.3,0.6272810697555542
s669,esm2_sup_esm2_650m,2024,2WQG,K28A,0.6,0.05676797032356262
s669,esm2_sup_esm2_650m,2024,2WQG,L13A,0.5,1.4526379108428955
s669,esm2_sup_esm2_650m,2024,2WQG,L16A,1.3,4.865477561950684
s669,esm2_sup_esm2_650m,2024,2WQG,L8A,2.0,1.0073766708374023
s669,esm2_sup_esm2_650m,2024,2WQG,Q12A,0.6,3.964874029159546
s669,esm2_sup_esm2_650m,2024,2WQG,Q12G,2.0,3.5767271518707275
s669,esm2_sup_esm2_650m,2024,2WQG,Q33A,-0.1,0.7331833839416504
s669,esm2_sup_esm2_650m,2024,2WQG,R34A,0.8,2.064173936843872
s669,esm2_sup_esm2_650m,2024,2WQG,S23A,0.6,1.0000364780426025
s669,esm2_sup_esm2_650m,2024,2WQG,S6A,-0.1,0.4668622314929962
s669,esm2_sup_esm2_650m,2024,2WQG,S6G,0.2,0.794120192527771
s669,esm2_sup_esm2_650m,2024,2WQG,T9S,-0.1,1.7062245607376099
s669,esm2_sup_esm2_650m,2024,2WQG,V10A,0.1,-0.08566741645336151
s669,esm2_sup_esm2_650m,2024,2WQG,V10G,0.7,0.3081841766834259
s669,esm2_sup_esm2_650m,2024,2WQG,V11A,-0.4,0.2886291742324829
s669,esm2_sup_esm2_650m,2024,2WQG,V11G,-0.1,1.4575817584991455
s669,esm2_sup_esm2_650m,2024,2WQG,V24A,0.5,0.5260516405105591
s669,esm2_sup_esm2_650m,2024,2WQG,Y5F,2.4,-0.022802498191595078
s669,esm2_sup_esm2_650m,2024,2ZTA,E11Q,0.74,-0.2870854139328003
s669,esm2_sup_esm2_650m,2024,2ZTA,E20Q,-0.2,0.17705664038658142
s669,esm2_sup_esm2_650m,2024,2ZTA,E22Q,1.83,0.05847449600696564
s669,esm2_sup_esm2_650m,2024,2ZTA,K15A,0.41,0.34493425488471985
s669,esm2_sup_esm2_650m,2024,2ZTA,K27A,0.91,0.544445276260376
s669,esm2_sup_esm2_650m,2024,2ZTA,K28A,0.06,-0.2414022833108902
s669,esm2_sup_esm2_650m,2024,2ZTA,K8A,0.39,0.7041325569152832
s669,esm2_sup_esm2_650m,2024,2ZTA,R25A,1.66,0.6159461736679077
s669,esm2_sup_esm2_650m,2024,3BN0,I20V,1.506,0.3091486394405365
s669,esm2_sup_esm2_650m,2024,3C2I,F155S,-0.43,4.812533855438232
s669,esm2_sup_esm2_650m,2024,3C2I,T158A,-0.47,2.3763232231140137
s669,esm2_sup_esm2_650m,2024,3C2I,T158M,-0.25,2.133007287979126
s669,esm2_sup_esm2_650m,2024,3FIS,P61A,0.5,0.1395585983991623
s669,esm2_sup_esm2_650m,2024,3G1G,D155Y,-0.34,0.034661248326301575
s669,esm2_sup_esm2_650m,2024,3G1G,F167Y,0.74,1.069645881652832
s669,esm2_sup_esm2_650m,2024,3G1G,I190V,0.17,-0.1365966498851776
s669,esm2_sup_esm2_650m,2024,3G1G,R185W,-1.32,0.739281415939331
s669,esm2_sup_esm2_650m,2024,3K82,E334L,3.35,0.05761750042438507
s669,esm2_sup_esm2_650m,2024,3K82,E334Q,1.68,0.13795481622219086
s669,esm2_sup_esm2_650m,2024,3K82,E401R,-5.49,0.2575918138027191
s669,esm2_sup_esm2_650m,2024,3MON,R39G,-1.194,2.2204043865203857
s669,esm2_sup_esm2_650m,2024,3MON,W3C,2.866,-0.34471720457077026
s669,esm2_sup_esm2_650m,2024,3O39,L32P,3.25,1.8169567584991455
s669,esm2_sup_esm2_650m,2024,3S92,H395R,-2.03,0.9231117963790894
s669,esm2_sup_esm2_650m,2024,4N6V,H75W,-0.574,-1.392395257949829
s669,esm2_sup_esm2_650m,2024,4N6V,P36G,1.362,0.10394570231437683
s669,esm2_sup_esm2_650m,2024,4N6V,P79S,-1.745,0.4586556851863861
s669,esm2_sup_esm2_650m,2024,4YEE,V134T,0.71,1.2028777599334717
s669,esm2_sup_esm2_650m,2024,4YEF,T134V,0.93,-0.16418790817260742
s669,esm2_sup_esm2_650m,2024,5JXB,D329G,1.44,0.35828089714050293
s669,esm2_sup_esm2_650m,2024,5JXB,D329P,1.44,0.4086926281452179
s669,esm2_sup_esm2_650m,2024,1A0F,S11A,1.8,1.1173982620239258
s669,esm2_sup_esm2_650m,2024,1A7V,A104H,2.69,0.5442558526992798
s669,esm2_sup_esm2_650m,2024,1A7V,A66H,1.98,-0.3510615825653076
s669,esm2_sup_esm2_650m,2024,1A7V,A91H,1.7,0.08261220157146454
s669,esm2_sup_esm2_650m,2024,1A7V,D3H,1.36,1.6004858016967773
s669,esm2_sup_esm2_650m,2024,1A7V,D58H,2.05,0.46811380982398987
s669,esm2_sup_esm2_650m,2024,1A7V,E73H,3.01,0.29335975646972656
s669,esm2_sup_esm2_650m,2024,1A7V,K13H,0.6,1.0901408195495605
s669,esm2_sup_esm2_650m,2024,1A7V,K20H,2.88,0.40256500244140625
s669,esm2_sup_esm2_650m,2024,1A7V,K31H,1.36,0.10096856951713562
s669,esm2_sup_esm2_650m,2024,1A7V,K39H,1.86,0.8101123571395874
s669,esm2_sup_esm2_650m,2024,1A7V,K49H,2.02,0.28393909335136414
s669,esm2_sup_esm2_650m,2024,1A7V,K84H,2.88,0.6894822120666504
s669,esm2_sup_esm2_650m,2024,1A7V,K97H,1.97,0.12362445890903473
s669,esm2_sup_esm2_650m,2024,1BNL,D76A,0.821,1.1934565305709839
s669,esm2_sup_esm2_650m,2024,1DIV,D23A,0.46,-0.16342756152153015
s669,esm2_sup_esm2_650m,2024,1DIV,D23N,0.58,0.07812643051147461
s669,esm2_sup_esm2_650m,2024,1DIV,D8N,0.3,0.05866795778274536
s669,esm2_sup_esm2_650m,2024,1DIV,E100A,0.98,-0.07418981939554214
s669,esm2_sup_esm2_650m,2024,1DIV,E100G,1.52,0.5506105422973633
s669,esm2_sup_esm2_650m,2024,1DIV,E17Q,0.21,0.057096660137176514
s669,esm2_sup_esm2_650m,2024,1DIV,E38Q,0.56,-0.08549726009368896
s669,esm2_sup_esm2_650m,2024,1DIV,E48Q,-0.03,-0.24558766186237335
s669,esm2_sup_esm2_650m,2024,1DIV,E54Q,-0.33,0.08074267208576202
s669,esm2_sup_esm2_650m,2024,1DIV,H106Q,1.53,-0.06797395646572113
s669,esm2_sup_esm2_650m,2024,1DIV,I115A,3.52,2.660207509994507
s669,esm2_sup_esm2_650m,2024,1DIV,I4A,2.22,2.4684131145477295
s669,esm2_sup_esm2_650m,2024,1DIV,I4V,0.59,0.7265408039093018
s669,esm2_sup_esm2_650m,2024,1DIV,I79A,3.49,3.0034141540527344
s669,esm2_sup_esm2_650m,2024,1DIV,I93A,3.19,3.4647693634033203
s669,esm2_sup_esm2_650m,2024,1DIV,I98A,4.28,2.4827842712402344
s669,esm2_sup_esm2_650m,2024,1DIV,K10M,-0.05,-0.10673821717500687
s669,esm2_sup_esm2_650m,2024,1DIV,K14M,-0.01,-0.1490817666053772
s669,esm2_sup_esm2_650m,2024,1DIV,K15M,0.31,-0.052589911967515945
s669,esm2_sup_esm2_650m,2024,1DIV,K7M,-0.35,-0.6207809448242188
s669,esm2_sup_esm2_650m,2024,1DIV,K96A,-0.61,-0.1744052767753601
s669,esm2_sup_esm2_650m,2024,1DIV,K96G,0.2,0.1003456860780716
s669,esm2_sup_esm2_650m,2024,1DIV,L102A,2.37,2.224377393722534
s669,esm2_sup_esm2_650m,2024,1DIV,L108A,2.33,0.8969190120697021
s669,esm2_sup_esm2_650m,2024,1DIV,L110A,3.21,2.8870089054107666
s669,esm2_sup_esm2_650m,2024,1DIV,L117A,0.82,0.7356231212615967
s669,esm2_sup_esm2_650m,2024,1DIV,L30A,2.76,2.3604989051818848
s669,esm2_sup_esm2_650m,2024,1DIV,L30V,3.62,0.8944916725158691
s669,esm2_sup_esm2_650m,2024,1DIV,L6A,3.1,0.8839496374130249
s669,esm2_sup_esm2_650m,2024,1DIV,L6I,0.13,-0.19726763665676117
s669,esm2_sup_esm2_650m,2024,1DIV,L6V,0.41,0.14067751169204712
s669,esm2_sup_esm2_650m,2024,1DIV,L72A,3.77,3.6099183559417725
s669,esm2_sup_esm2_650m,2024,1DIV,M1A,1.46,-1.010125994682312
s669,esm2_sup_esm2_650m,2024,1DIV,M1G,2.36,-0.935171365737915
s669,esm2_sup_esm2_650m,2024,1DIV,V21A,2.33,2.5179052352905273
s669,esm2_sup_esm2_650m,2024,1DIV,V21I,0.4,2.0599420070648193
s669,esm2_sup_esm2_650m,2024,1DIV,V21L,1.23,1.9537034034729004
s669,esm2_sup_esm2_650m,2024,1DIV,V3A,2.55,2.4391539096832275
s669,esm2_sup_esm2_650m,2024,1DIV,V3I,0.31,1.5692720413208008
s669,esm2_sup_esm2_650m,2024,1DIV,V3L,2.21,1.1109312772750854
s669,esm2_sup_esm2_650m,2024,1DXX,K18N,3.7,0.6409690380096436
s669,esm2_sup_esm2_650m,2024,1FH5,S18N,-0.6,1.4071476459503174
s669,esm2_sup_esm2_650m,2024,1FT8,L212V,1.38,0.5207304954528809
s669,esm2_sup_esm2_650m,2024,1FT8,L238I,0.35,1.0172553062438965
s669,esm2_sup_esm2_650m,2024,1FT8,M216L,-0.27,1.4111411571502686
s669,esm2_sup_esm2_650m,2024,1GWY,A8D,1.6,0.4557661712169647
s669,esm2_sup_esm2_650m,2024,1ITM,C24T,3.3,0.8104026317596436
s669,esm2_sup_esm2_650m,2024,1ITM,C3T,5.0,-0.04017305746674538
s669,esm2_sup_esm2_650m,2024,1ITM,W91S,-1.4,-0.15449628233909607
s669,esm2_sup_esm2_650m,2024,1JLV,E64D,1.162,0.09726794064044952
s669,esm2_sup_esm2_650m,2024,1JLV,E64N,2.3040000000000003,0.9581029415130615
s669,esm2_sup_esm2_650m,2024,1JLV,E64Q,2.302,0.42306867241859436
s669,esm2_sup_esm2_650m,2024,1LVM,E106G,-1.4,1.1810747385025024
s669,esm2_sup_esm2_650m,2024,1LVM,K45F,-0.43,-0.034209731966257095
s669,esm2_sup_esm2_650m,2024,1LVM,L56V,-0.0,-0.9335967302322388
s669,esm2_sup_esm2_650m,2024,1LVM,Q58F,-0.6,-1.5722404718399048
s669,esm2_sup_esm2_650m,2024,1N18,E100G,2.5,3.4065616130828857
s669,esm2_sup_esm2_650m,2024,1N18,G85R,1.4,2.148998737335205
s669,esm2_sup_esm2_650m,2024,1N18,H46R,-1.4,0.4153847396373749
s669,esm2_sup_esm2_650m,2024,1O1U,E110A,3.3,0.8173480033874512
s669,esm2_sup_esm2_650m,2024,1O1U,N61A,1.2,0.49865272641181946
s669,esm2_sup_esm2_650m,2024,1O1U,Q51A,0.3,0.5955662727355957
s669,esm2_sup_esm2_650m,2024,1O1U,Q99A,-0.3,1.0291054248809814
s669,esm2_sup_esm2_650m,2024,1O1U,T38A,1.2,0.37559831142425537
s669,esm2_sup_esm2_650m,2024,1O1U,W49Y,1.2,0.26223480701446533
s669,esm2_sup_esm2_650m,2024,1OSI,I11V,0.05,1.0592435598373413
s669,esm2_sup_esm2_650m,2024,1OSI,S92F,-0.39,0.16208232939243317
s669,esm2_sup_esm2_650m,2024,1OSI,V15I,0.78,0.2995804250240326
s669,esm2_sup_esm2_650m,2024,1PFL,A20T,1.53,1.436557412147522
s669,esm2_sup_esm2_650m,2024,1PFL,G117V,1.96,1.5378010272979736
s669,esm2_sup_esm2_650m,2024,1PFL,M113T,3.53,2.264317274093628
s669,esm2_sup_esm2_650m,2024,1PFL,T108M,-0.07,2.0065596103668213
s669,esm2_sup_esm2_650m,2024,1PRG,Q286P,0.3,0.9744124412536621
s669,esm2_sup_esm2_650m,2024,1PRG,R288H,-0.06,-0.6408020257949829
s669,esm2_sup_esm2_650m,2024,1PRG,V290M,-0.03,-0.5068174600601196
s669,esm2_sup_esm2_650m,2024,1SPD,C111S,-0.8,0.7838544845581055
s669,esm2_sup_esm2_650m,2024,1SPD,C6A,-0.1,1.7513564825057983
s669,esm2_sup_esm2_650m,2024,1XWS,E124Q,2.9,-0.3054978847503662
s669,esm2_sup_esm2_650m,2024,1XWS,E135K,4.59,0.2300146222114563
s669,esm2_sup_esm2_650m,2024,1XWS,E142D,3.22,-0.11628921329975128
s669,esm2_sup_esm2_650m,2024,1XWS,Y53H,3.3,1.3065738677978516
s669,esm2_sup_esm2_650m,2024,1XXN,N32D,0.86,-0.5448915958404541
s669,esm2_sup_esm2_650m,2024,1XXN,N54E,0.645,-0.8205310106277466
s669,esm2_sup_esm2_650m,2024,1XXN,S22E,-0.239,-0.2593628168106079
s669,esm2_sup_esm2_650m,2024,1XXN,S27E,0.645,0.9500589370727539
s669,esm2_sup_esm2_650m,2024,1XZO,F42W,-2.87,-0.675920844078064
s669,esm2_sup_esm2_650m,2024,1XZO,W101F,2.89,1.251905083656311
s669,esm2_sup_esm2_650m,2024,1XZO,W36A,8.93,0.9987211227416992
s669,esm2_sup_esm2_650m,2024,1XZO,W36F,4.25,-0.009116336703300476
s669,esm2_sup_esm2_650m,2024,2ARF,H1069Q,0.7170000000000001,1.031942367553711
s669,esm2_sup_esm2_650m,2024,2H3F,E12A,-1.07,1.8064215183258057
s669,esm2_sup_esm2_650m,2024,2JIE,H104R,-1.536,-0.6179987192153931
s669,esm2_sup_esm2_650m,2024,2JIE,Q22S,0.209,0.8796733617782593
s669,esm2_sup_esm2_650m,2024,2JIE,S17A,1.246,-0.3347448408603668
s669,esm2_sup_esm2_650m,2024,2JIE,S19A,-0.951,0.03746188431978226
s669,esm2_sup_esm2_650m,2024,2JIE,T18A,0.994,0.7695488929748535
s669,esm2_sup_esm2_650m,2024,2JIE,W123F,-2.19,-0.2523484230041504
s669,esm2_sup_esm2_650m,2024,2JIE,W123H,-1.06,0.927605390548706
s669,esm2_sup_esm2_650m,2024,2JIE,Y21A,3.443,0.852095365524292
s669,esm2_sup_esm2_650m,2024,2KS4,D9A,-1.26,0.360233336687088
s669,esm2_sup_esm2_650m,2024,2KS4,E2A,0.23,0.27864959836006165
s669,esm2_sup_esm2_650m,2024,2LTB,L558P,1.57,2.4030697345733643
s669,esm2_sup_esm2_650m,2024,2LTB,L569R,3.11,3.1903178691864014
s669,esm2_sup_esm2_650m,2024,2LTB,M619K,3.34,0.8433902263641357
s669,esm2_sup_esm2_650m,2024,2LTB,R533Q,1.1,-0.18339762091636658
s669,esm2_sup_esm2_650m,2024,2LTB,R555Q,0.36,2.7478039264678955
s669,esm2_sup_esm2_650m,2024,2LTB,R555W,-1.79,2.4200706481933594
s669,esm2_sup_esm2_650m,2024,2M5S,D302A,4.0,1.3075289726257324
s669,esm2_sup_esm2_650m,2024,2M5S,H305A,2.0,1.762242317199707
s669,esm2_sup_esm2_650m,2024,2NTE,R658C,2.3,0.7231595516204834
s669,esm2_sup_esm2_650m,2024,2PR5,A33Y,-0.5,0.41737884283065796
s669,esm2_sup_esm2_650m,2024,2PR5,A81M,0.4,0.8500585556030273
s669,esm2_sup_esm2_650m,2024,2PR5,D109E,-0.3,-0.9701485633850098
s669,esm2_sup_esm2_650m,2024,2PR5,H22K,-0.3,-0.004581063985824585
s669,esm2_sup_esm2_650m,2024,2PR5,H22W,-1.2,-0.14834809303283691
s669,esm2_sup_esm2_650m,2024,2PR5,M111F,-2.9,-0.4618847966194153
s669,esm2_sup_esm2_650m,2024,2PR5,N107F,-0.9,-0.3330290615558624
s669,esm2_sup_esm2_650m,2024,2PR5,N107Y,-0.8,-0.05697071552276611
s669,esm2_sup_esm2_650m,2024,2PR5,N124F,-1.1,-2.4827115535736084
s669,esm2_sup_esm2_650m,2024,2PR5,N124Y,-2.6,-0.9675902128219604
s669,esm2_sup_esm2_650m,2024,2PR5,T30M,-0.5,1.0170358419418335
s669,esm2_sup_esm2_650m,2024,2PR5,T50M,0.5,1.2363760471343994
s669,esm2_sup_esm2_650m,2024,2PR5,T54Y,-0.2,0.36795076727867126
s669,esm2_sup_esm2_650m,2024,2PR5,V120I,-1.4,0.5889325141906738
s669,esm2_sup_esm2_650m,2024,2PR5,V25I,-0.4,-0.1551140993833542
s669,esm2_sup_esm2_650m,2024,2PR5,V88L,0.2,0.29756054282188416
s669,esm2_sup_esm2_650m,2024,2PR5,V90I,0.7,0.9340060949325562
s669,esm2_sup_esm2_650m,2024,2VY0,E53A,6.597,-0.1026705726981163
s669,esm2_sup_esm2_650m,2024,3BCI,E96Q,-1.369,0.11993113160133362
s669,esm2_sup_esm2_650m,2024,3D3B,D118A,0.65,0.0013080686330795288
s669,esm2_sup_esm2_650m,2024,3D3B,D118E,0.6,-0.44289281964302063
s669,esm2_sup_esm2_650m,2024,3D3B,D118K,1.6,-0.25228410959243774
s669,esm2_sup_esm2_650m,2024,3D3B,D118N,1.34,-0.45786771178245544
s669,esm2_sup_esm2_650m,2024,3D3B,D118R,1.41,-0.2830784022808075
s669,esm2_sup_esm2_650m,2024,3ECU,H46R,-0.8,0.38324183225631714
s669,esm2_sup_esm2_650m,2024,3S4M,D122Y,1.3,0.2476332187652588
s669,esm2_sup_esm2_650m,2024,3S4M,G130V,2.5,0.7376363277435303
s669,esm2_sup_esm2_650m,2024,3S4M,I154F,-0.096,1.7850584983825684
s669,esm2_sup_esm2_650m,2024,3S4M,W155R,0.693,2.1278395652770996
s669,esm2_sup_esm2_650m,2024,4BJX,A89V,-0.99,0.5922760963439941
s669,esm2_sup_esm2_650m,2024,4BUQ,Y48A,1.435,1.3878990411758423
s669,esm2_sup_esm2_650m,2024,4WAA,K65A,-0.1,0.23529738187789917
s669,esm2_sup_esm2_650m,2024,4WAA,K67A,2.07,-0.20665349066257477
s669,esm2_sup_esm2_650m,2024,4WAA,R27A,0.44,1.205883502960205
s669,esm2_sup_esm2_650m,2024,5VP3,R39K,-0.413,1.5688085556030273
s669,esm2_sup_esm2_650m,2024,1BA3,H461D,1.745,2.8909695148468018
s669,esm2_sup_esm2_650m,2024,1BA3,H489D,-0.287,2.6431186199188232
s669,esm2_sup_esm2_650m,2024,1BA3,H489K,0.287,2.9727132320404053
s669,esm2_sup_esm2_650m,2024,1BA3,H489M,0.263,0.09219038486480713
s669,esm2_sup_esm2_650m,2024,1DIV,V129A,1.81,1.2226331233978271
s669,esm2_sup_esm2_650m,2024,1F8I,F345A,0.455,3.098796844482422
s669,esm2_sup_esm2_650m,2024,1FT8,L349I,-0.05,1.294180989265442
s669,esm2_sup_esm2_650m,2024,1LVM,S135G,-0.0,-0.6290048360824585
s669,esm2_sup_esm2_650m,2024,1NM1,D187N,0.88,2.3397393226623535
s669,esm2_sup_esm2_650m,2024,1NM1,D187Y,1.9,2.310861349105835
s669,esm2_sup_esm2_650m,2024,1PRE,C159S,2.4,2.3868048191070557
s669,esm2_sup_esm2_650m,2024,1R2Y,R244E,4.2,-0.04101384058594704
s669,esm2_sup_esm2_650m,2024,1XXN,N181R,-0.358,-0.21604494750499725
s669,esm2_sup_esm2_650m,2024,3D2A,M134E,-3.02,-1.147089958190918
s669,esm2_sup_esm2_650m,2024,3D2A,M137P,-3.34,-0.24280017614364624
s669,esm2_sup_esm2_650m,2024,3D2A,S163P,-2.11,0.42244771122932434
s669,esm2_sup_esm2_650m,2024,5OAQ,Y429H,2.99,1.3498326539993286
ssym,esm2_sup_esm2_650m,2024,1AMQ,C191Y,2.3,1.7076354026794434
ssym,esm2_sup_esm2_650m,2024,1AMQ,C191F,1.6,1.5257714986801147
ssym,esm2_sup_esm2_650m,2024,1AMQ,C191W,3.9,1.5209455490112305
ssym,esm2_sup_esm2_650m,2024,1AMQ,C191S,1.9,1.7374387979507446
ssym,esm2_sup_esm2_650m,2024,1BNI,F7L,4.1,0.8268367052078247
ssym,esm2_sup_esm2_650m,2024,1BNI,L14A,4.5,0.41596314311027527
ssym,esm2_sup_esm2_650m,2024,1BNI,T26A,1.7,0.8619648218154907
ssym,esm2_sup_esm2_650m,2024,1BNI,I51V,1.1,0.04756949841976166
ssym,esm2_sup_esm2_650m,2024,1BNI,I76A,1.7,0.19961467385292053
ssym,esm2_sup_esm2_650m,2024,1BNI,I76V,1.0,-0.4690372049808502
ssym,esm2_sup_esm2_650m,2024,1BNI,Y78F,1.1,0.22095230221748352
ssym,esm2_sup_esm2_650m,2024,1BNI,I88A,4.0,4.202582359313965
ssym,esm2_sup_esm2_650m,2024,1BNI,I88V,1.6,1.8108187913894653
ssym,esm2_sup_esm2_650m,2024,1BNI,L89V,0.5,0.12457308173179626
ssym,esm2_sup_esm2_650m,2024,1BNI,S91A,2.4,0.7646554708480835
ssym,esm2_sup_esm2_650m,2024,1BNI,I96A,3.2,0.5477570295333862
ssym,esm2_sup_esm2_650m,2024,1BNI,I96V,3.1,0.07721969485282898
ssym,esm2_sup_esm2_650m,2024,1CEY,D12A,-2.5,1.040663480758667
ssym,esm2_sup_esm2_650m,2024,1CEY,D13A,-2.7,1.2201740741729736
ssym,esm2_sup_esm2_650m,2024,1CEY,D57A,-3.3,1.0705666542053223
ssym,esm2_sup_esm2_650m,2024,1EY0,T22C,0.9,-0.3676880896091461
ssym,esm2_sup_esm2_650m,2024,1EY0,T22V,0.9,-0.6354378461837769
ssym,esm2_sup_esm2_650m,2024,1EY0,V23L,0.1,0.7524759769439697
ssym,esm2_sup_esm2_650m,2024,1EY0,L25I,1.7,2.39634108543396
ssym,esm2_sup_esm2_650m,2024,1EY0,T33V,-0.4,0.019746944308280945
ssym,esm2_sup_esm2_650m,2024,1EY0,T41C,-0.6,0.19867709279060364
ssym,esm2_sup_esm2_650m,2024,1EY0,T41I,-0.7,0.45308825373649597
ssym,esm2_sup_esm2_650m,2024,1EY0,T41S,1.1,0.015946701169013977
ssym,esm2_sup_esm2_650m,2024,1EY0,T41V,-0.8,0.5041406154632568
ssym,esm2_sup_esm2_650m,2024,1EY0,T44V,-0.1,1.5659617185592651
ssym,esm2_sup_esm2_650m,2024,1EY0,S59A,-0.5,1.4533698558807373
ssym,esm2_sup_esm2_650m,2024,1EY0,T62S,2.1,1.2196773290634155
ssym,esm2_sup_esm2_650m,2024,1EY0,T62V,0.2,0.6268174648284912
ssym,esm2_sup_esm2_650m,2024,1EY0,V66I,1.0,0.6291368007659912
ssym,esm2_sup_esm2_650m,2024,1EY0,V66L,0.3,0.6972032785415649
ssym,esm2_sup_esm2_650m,2024,1EY0,V66K,7.5,4.184412479400635
ssym,esm2_sup_esm2_650m,2024,1EY0,I72L,0.2,1.1276359558105469
ssym,esm2_sup_esm2_650m,2024,1EY0,I72V,1.2,1.248407006263733
ssym,esm2_sup_esm2_650m,2024,1EY0,T82S,0.7,-0.05406342074275017
ssym,esm2_sup_esm2_650m,2024,1EY0,I92V,0.4,0.3133055865764618
ssym,esm2_sup_esm2_650m,2024,1EY0,K116G,-1.0,0.4028976261615753
ssym,esm2_sup_esm2_650m,2024,1EY0,P117A,-0.8,0.9374570846557617
ssym,esm2_sup_esm2_650m,2024,1EY0,P117G,-0.9,1.3396159410476685
ssym,esm2_sup_esm2_650m,2024,1EY0,P117T,-1.1,1.4069499969482422
ssym,esm2_sup_esm2_650m,2024,1EY0,T120C,1.7,1.476763367652893
ssym,esm2_sup_esm2_650m,2024,1EY0,T120S,0.6,1.205599308013916
ssym,esm2_sup_esm2_650m,2024,1EY0,T120V,1.8,0.7794697284698486
ssym,esm2_sup_esm2_650m,2024,1EY0,S128A,-0.7,0.7583884000778198
ssym,esm2_sup_esm2_650m,2024,1IHB,F71N,-0.7,0.6104663610458374
ssym,esm2_sup_esm2_650m,2024,1IHB,F82Q,0.4,1.723409652709961
ssym,esm2_sup_esm2_650m,2024,1IHB,F92N,1.1,0.5699071884155273
ssym,esm2_sup_esm2_650m,2024,1IOB,T9G,2.6,1.8289930820465088
ssym,esm2_sup_esm2_650m,2024,1L63,M6A,1.9,2.165271043777466
ssym,esm2_sup_esm2_650m,2024,1L63,M6L,2.8,1.4267712831497192
ssym,esm2_sup_esm2_650m,2024,1L63,E11H,-0.1,3.059953451156616
ssym,esm2_sup_esm2_650m,2024,1L63,E11N,0.1,2.800255537033081
ssym,esm2_sup_esm2_650m,2024,1L63,I17A,2.7,1.483132004737854
ssym,esm2_sup_esm2_650m,2024,1L63,D20A,0.3,2.309128522872925
ssym,esm2_sup_esm2_650m,2024,1L63,D20N,-1.3,2.5959579944610596
ssym,esm2_sup_esm2_650m,2024,1L63,D20S,-0.7,2.2451705932617188
ssym,esm2_sup_esm2_650m,2024,1L63,I27A,3.1,4.3181939125061035
ssym,esm2_sup_esm2_650m,2024,1L63,I27M,3.1,3.2912914752960205
ssym,esm2_sup_esm2_650m,2024,1L63,I29A,2.6,3.1680283546447754
ssym,esm2_sup_esm2_650m,2024,1L63,S38N,0.0,1.4052908420562744
ssym,esm2_sup_esm2_650m,2024,1L63,A41S,0.6,0.5627614259719849
ssym,esm2_sup_esm2_650m,2024,1L63,A42V,2.7,1.4226374626159668
ssym,esm2_sup_esm2_650m,2024,1L63,A42S,2.3,1.8993867635726929
ssym,esm2_sup_esm2_650m,2024,1L63,K43A,1.0,0.7979246377944946
ssym,esm2_sup_esm2_650m,2024,1L63,S44A,-0.3,0.06114161014556885
ssym,esm2_sup_esm2_650m,2024,1L63,S44I,-0.3,0.18873479962348938
ssym,esm2_sup_esm2_650m,2024,1L63,S44L,-0.4,0.17818081378936768
ssym,esm2_sup_esm2_650m,2024,1L63,S44K,-0.2,0.3995700180530548
ssym,esm2_sup_esm2_650m,2024,1L63,S44E,0.0,0.22489121556282043
ssym,esm2_sup_esm2_650m,2024,1L63,S44G,0.5,0.8137772083282471
ssym,esm2_sup_esm2_650m,2024,1L63,S44R,-0.2,0.18402346968650818
ssym,esm2_sup_esm2_650m,2024,1L63,S44N,0.1,0.608942985534668
ssym,esm2_sup_esm2_650m,2024,1L63,S44F,-0.1,0.4594665467739105
ssym,esm2_sup_esm2_650m,2024,1L63,S44P,3.0,0.9696002006530762
ssym,esm2_sup_esm2_650m,2024,1L63,S44T,0.0,0.3846004605293274
ssym,esm2_sup_esm2_650m,2024,1L63,S44V,-0.1,0.10281533002853394
ssym,esm2_sup_esm2_650m,2024,1L63,L46A,1.9,2.7909786701202393
ssym,esm2_sup_esm2_650m,2024,1L63,D47A,1.0,1.0163589715957642
ssym,esm2_sup_esm2_650m,2024,1L63,A49S,0.5,1.464385986328125
ssym,esm2_sup_esm2_650m,2024,1L63,I50A,2.0,1.3890154361724854
ssym,esm2_sup_esm2_650m,2024,1L63,I50M,0.4,0.7179082632064819
ssym,esm2_sup_esm2_650m,2024,1L63,I58A,3.2,2.477538824081421
ssym,esm2_sup_esm2_650m,2024,1L63,I58T,3.4,2.82865834236145
ssym,esm2_sup_esm2_650m,2024,1L63,T59A,1.5,1.163295030593872
ssym,esm2_sup_esm2_650m,2024,1L63,T59D,1.2,0.9609893560409546
ssym,esm2_sup_esm2_650m,2024,1L63,T59G,1.6,1.4345495700836182
ssym,esm2_sup_esm2_650m,2024,1L63,T59N,1.1,1.6545997858047485
ssym,esm2_sup_esm2_650m,2024,1L63,T59S,0.2,0.7942231893539429
ssym,esm2_sup_esm2_650m,2024,1L63,T59V,1.5,1.5229846239089966
ssym,esm2_sup_esm2_650m,2024,1L63,L66M,1.0,3.4302923679351807
ssym,esm2_sup_esm2_650m,2024,1L63,F67A,1.9,2.0132579803466797
ssym,esm2_sup_esm2_650m,2024,1L63,D72P,2.7,0.49088189005851746
ssym,esm2_sup_esm2_650m,2024,1L63,A73S,0.4,0.5619868040084839
ssym,esm2_sup_esm2_650m,2024,1L63,V75T,1.3,1.5254095792770386
ssym,esm2_sup_esm2_650m,2024,1L63,I78A,1.2,0.9104921817779541
ssym,esm2_sup_esm2_650m,2024,1L63,I78M,1.5,1.055694341659546
ssym,esm2_sup_esm2_650m,2024,1L63,I78V,0.8,0.7966195344924927
ssym,esm2_sup_esm2_650m,2024,1L63,A82S,0.3,0.1720060110092163
ssym,esm2_sup_esm2_650m,2024,1L63,L84A,2.6,2.0520923137664795
ssym,esm2_sup_esm2_650m,2024,1L63,L84M,1.9,1.5298266410827637
ssym,esm2_sup_esm2_650m,2024,1L63,V87A,1.7,0.9609620571136475
ssym,esm2_sup_esm2_650m,2024,1L63,V87M,2.3,1.0075474977493286
ssym,esm2_sup_esm2_650m,2024,1L63,V87I,0.3,0.7436177730560303
ssym,esm2_sup_esm2_650m,2024,1L63,V87T,1.6,1.560328722000122
ssym,esm2_sup_esm2_650m,2024,1L63,L91A,3.9,2.295884370803833
ssym,esm2_sup_esm2_650m,2024,1L63,L91M,0.8,1.755662202835083
ssym,esm2_sup_esm2_650m,2024,1L63,D92N,1.4,2.2360970973968506
ssym,esm2_sup_esm2_650m,2024,1L63,A93S,0.2,-0.24905626475811005
ssym,esm2_sup_esm2_650m,2024,1L63,A98C,1.0,2.718770742416382
ssym,esm2_sup_esm2_650m,2024,1L63,A98L,4.3,1.614711046218872
ssym,esm2_sup_esm2_650m,2024,1L63,A98S,2.5,2.0268402099609375
ssym,esm2_sup_esm2_650m,2024,1L63,A98V,3.2,1.5908052921295166
ssym,esm2_sup_esm2_650m,2024,1L63,L99A,4.5,4.040218353271484
ssym,esm2_sup_esm2_650m,2024,1L63,L99F,0.3,3.264630079269409
ssym,esm2_sup_esm2_650m,2024,1L63,L99I,1.5,2.5942881107330322
ssym,esm2_sup_esm2_650m,2024,1L63,L99M,0.6,3.4041762351989746
ssym,esm2_sup_esm2_650m,2024,1L63,L99V,2.0,3.161273241043091
ssym,esm2_sup_esm2_650m,2024,1L63,I100A,3.4,1.955878496170044
ssym,esm2_sup_esm2_650m,2024,1L63,I100M,1.6,1.8362581729888916
ssym,esm2_sup_esm2_650m,2024,1L63,I100V,0.4,1.4859874248504639
ssym,esm2_sup_esm2_650m,2024,1L63,N101A,1.5,0.9827717542648315
ssym,esm2_sup_esm2_650m,2024,1L63,M102L,1.0,2.679150342941284
ssym,esm2_sup_esm2_650m,2024,1L63,V103A,2.2,2.118579626083374
ssym,esm2_sup_esm2_650m,2024,1L63,V103I,0.5,2.3915889263153076
ssym,esm2_sup_esm2_650m,2024,1L63,V103M,1.2,2.184105157852173
ssym,esm2_sup_esm2_650m,2024,1L63,F104M,0.4,2.25527024269104
ssym,esm2_sup_esm2_650m,2024,1L63,Q105M,1.2,1.597535490989685
ssym,esm2_sup_esm2_650m,2024,1L63,M106I,-0.2,1.9212210178375244
ssym,esm2_sup_esm2_650m,2024,1L63,M106L,-0.5,2.0761406421661377
ssym,esm2_sup_esm2_650m,2024,1L63,M106K,3.4,3.477790117263794
ssym,esm2_sup_esm2_650m,2024,1L63,T109D,-0.6,0.3958645164966583
ssym,esm2_sup_esm2_650m,2024,1L63,T109N,-0.1,0.9945976734161377
ssym,esm2_sup_esm2_650m,2024,1L63,V111A,1.3,1.1727235317230225
ssym,esm2_sup_esm2_650m,2024,1L63,V111I,0.9,1.1360433101654053
ssym,esm2_sup_esm2_650m,2024,1L63,V111M,0.7,0.7369753122329712
ssym,esm2_sup_esm2_650m,2024,1L63,S117F,-1.1,1.8711259365081787
ssym,esm2_sup_esm2_650m,2024,1L63,L118A,3.2,2.526097536087036
ssym,esm2_sup_esm2_650m,2024,1L63,L118M,0.7,2.469832181930542
ssym,esm2_sup_esm2_650m,2024,1L63,M120L,-0.5,2.1907992362976074
ssym,esm2_sup_esm2_650m,2024,1L63,M120K,1.6,3.6941020488739014
ssym,esm2_sup_esm2_650m,2024,1L63,M120Y,0.1,2.6956655979156494
ssym,esm2_sup_esm2_650m,2024,1L63,L121M,0.8,2.122229814529419
ssym,esm2_sup_esm2_650m,2024,1L63,A129F,1.2,1.6995609998703003
ssym,esm2_sup_esm2_650m,2024,1L63,A129W,2.2,3.155972719192505
ssym,esm2_sup_esm2_650m,2024,1L63,A130S,-1.0,1.058224081993103
ssym,esm2_sup_esm2_650m,2024,1L63,L133F,0.3,1.4096357822418213
ssym,esm2_sup_esm2_650m,2024,1L63,L133M,0.4,1.6368980407714844
ssym,esm2_sup_esm2_650m,2024,1L63,A134S,0.1,0.7179168462753296
ssym,esm2_sup_esm2_650m,2024,1L63,N144E,-0.5,-0.7053682804107666
ssym,esm2_sup_esm2_650m,2024,1L63,V149A,3.2,0.9375426769256592
ssym,esm2_sup_esm2_650m,2024,1L63,V149C,2.0,1.2736717462539673
ssym,esm2_sup_esm2_650m,2024,1L63,V149G,4.9,1.6858386993408203
ssym,esm2_sup_esm2_650m,2024,1L63,V149I,0.1,0.549807071685791
ssym,esm2_sup_esm2_650m,2024,1L63,V149M,2.8,0.2589070200920105
ssym,esm2_sup_esm2_650m,2024,1L63,V149T,2.8,1.3222863674163818
ssym,esm2_sup_esm2_650m,2024,1L63,V149S,4.4,1.0501999855041504
ssym,esm2_sup_esm2_650m,2024,1L63,T152A,1.5,1.644635796546936
ssym,esm2_sup_esm2_650m,2024,1L63,T152C,0.5,2.2662665843963623
ssym,esm2_sup_esm2_650m,2024,1L63,T152I,0.4,1.5387885570526123
ssym,esm2_sup_esm2_650m,2024,1L63,T152S,2.0,2.1194355487823486
ssym,esm2_sup_esm2_650m,2024,1L63,T152V,-0.2,1.4493669271469116
ssym,esm2_sup_esm2_650m,2024,1L63,F153A,3.8,3.2561464309692383
ssym,esm2_sup_esm2_650m,2024,1L63,F153I,0.2,2.3282861709594727
ssym,esm2_sup_esm2_650m,2024,1L63,F153L,-0.3,2.2799623012542725
ssym,esm2_sup_esm2_650m,2024,1L63,F153M,0.6,2.4395053386688232
ssym,esm2_sup_esm2_650m,2024,1L63,F153V,1.8,2.744696855545044
ssym,esm2_sup_esm2_650m,2024,1LZ1,V2A,1.5,0.5354048013687134
ssym,esm2_sup_esm2_650m,2024,1LZ1,V2G,1.3,1.6773580312728882
ssym,esm2_sup_esm2_650m,2024,1LZ1,V2S,1.4,1.662987232208252
ssym,esm2_sup_esm2_650m,2024,1LZ1,V2Y,0.4,0.6692637205123901
ssym,esm2_sup_esm2_650m,2024,1LZ1,V2D,1.4,0.5178959369659424
ssym,esm2_sup_esm2_650m,2024,1LZ1,V2N,1.3,0.9318939447402954
ssym,esm2_sup_esm2_650m,2024,1LZ1,V2R,0.4,0.7758926153182983
ssym,esm2_sup_esm2_650m,2024,1LZ1,V2L,-0.3,0.3506704568862915
ssym,esm2_sup_esm2_650m,2024,1LZ1,V2M,0.2,0.6432121992111206
ssym,esm2_sup_esm2_650m,2024,1LZ1,V2F,0.8,0.6455932855606079
ssym,esm2_sup_esm2_650m,2024,1LZ1,Y20F,0.5,-0.14863428473472595
ssym,esm2_sup_esm2_650m,2024,1LZ1,I23A,2.5,0.9319099187850952
ssym,esm2_sup_esm2_650m,2024,1LZ1,I23V,0.4,0.32566598057746887
ssym,esm2_sup_esm2_650m,2024,1LZ1,Y38F,0.2,0.8705236911773682
ssym,esm2_sup_esm2_650m,2024,1LZ1,Y45F,-0.1,0.04526384919881821
ssym,esm2_sup_esm2_650m,2024,1LZ1,A47P,-0.1,0.47560158371925354
ssym,esm2_sup_esm2_650m,2024,1LZ1,Y54F,1.0,-0.1435445249080658
ssym,esm2_sup_esm2_650m,2024,1LZ1,I56A,3.7,2.0607097148895264
ssym,esm2_sup_esm2_650m,2024,1LZ1,I56T,4.3,2.0457987785339355
ssym,esm2_sup_esm2_650m,2024,1LZ1,I56V,1.2,0.8855348825454712
ssym,esm2_sup_esm2_650m,2024,1LZ1,I59A,1.7,2.1032702922821045
ssym,esm2_sup_esm2_650m,2024,1LZ1,I59G,3.8,3.1047780513763428
ssym,esm2_sup_esm2_650m,2024,1LZ1,I59V,1.1,0.49048712849617004
ssym,esm2_sup_esm2_650m,2024,1LZ1,Y63F,0.2,-0.028825588524341583
ssym,esm2_sup_esm2_650m,2024,1LZ1,P71G,1.6,0.6679854393005371
ssym,esm2_sup_esm2_650m,2024,1LZ1,V74A,0.4,0.23352691531181335
ssym,esm2_sup_esm2_650m,2024,1LZ1,V74G,0.1,0.8525549173355103
ssym,esm2_sup_esm2_650m,2024,1LZ1,V74I,1.9,0.22352424263954163
ssym,esm2_sup_esm2_650m,2024,1LZ1,V74L,0.4,0.04808950424194336
ssym,esm2_sup_esm2_650m,2024,1LZ1,V74M,0.4,0.2889656126499176
ssym,esm2_sup_esm2_650m,2024,1LZ1,V74F,0.0,0.30060526728630066
ssym,esm2_sup_esm2_650m,2024,1LZ1,V74Y,0.3,0.06002378463745117
ssym,esm2_sup_esm2_650m,2024,1LZ1,V74D,0.4,0.503966212272644
ssym,esm2_sup_esm2_650m,2024,1LZ1,V74N,0.3,0.9137154817581177
ssym,esm2_sup_esm2_650m,2024,1LZ1,V74R,0.1,0.5052213668823242
ssym,esm2_sup_esm2_650m,2024,1LZ1,V74S,0.4,0.36097270250320435
ssym,esm2_sup_esm2_650m,2024,1LZ1,C77A,4.6,3.0953710079193115
ssym,esm2_sup_esm2_650m,2024,1LZ1,I89A,2.7,0.6483051776885986
ssym,esm2_sup_esm2_650m,2024,1LZ1,I89V,0.5,-0.1351802498102188
ssym,esm2_sup_esm2_650m,2024,1LZ1,D91P,0.4,-0.3344859778881073
ssym,esm2_sup_esm2_650m,2024,1LZ1,V93A,0.7,0.8722914457321167
ssym,esm2_sup_esm2_650m,2024,1LZ1,V99A,1.0,0.46373847126960754
ssym,esm2_sup_esm2_650m,2024,1LZ1,V100A,0.3,-0.3045535087585449
ssym,esm2_sup_esm2_650m,2024,1LZ1,P103G,0.1,0.3045015037059784
ssym,esm2_sup_esm2_650m,2024,1LZ1,I106A,0.9,0.03967978060245514
ssym,esm2_sup_esm2_650m,2024,1LZ1,I106V,0.7,-0.17996156215667725
ssym,esm2_sup_esm2_650m,2024,1LZ1,V110A,-0.5,0.13312183320522308
ssym,esm2_sup_esm2_650m,2024,1LZ1,V110D,-0.2,0.02702190726995468
ssym,esm2_sup_esm2_650m,2024,1LZ1,V110G,2.2,1.1171321868896484
ssym,esm2_sup_esm2_650m,2024,1LZ1,V110I,0.8,-0.07092878967523575
ssym,esm2_sup_esm2_650m,2024,1LZ1,V110L,-0.1,0.576545238494873
ssym,esm2_sup_esm2_650m,2024,1LZ1,V110M,-0.4,0.10100540518760681
ssym,esm2_sup_esm2_650m,2024,1LZ1,V110N,-0.1,0.6046561002731323
ssym,esm2_sup_esm2_650m,2024,1LZ1,V110R,-0.9,0.919213056564331
ssym,esm2_sup_esm2_650m,2024,1LZ1,V110F,1.9,0.10176339745521545
ssym,esm2_sup_esm2_650m,2024,1LZ1,V110P,-0.5,0.8391064405441284
ssym,esm2_sup_esm2_650m,2024,1LZ1,V110Y,0.1,-0.14294633269309998
ssym,esm2_sup_esm2_650m,2024,1LZ1,V121A,1.4,0.4071548283100128
ssym,esm2_sup_esm2_650m,2024,1LZ1,Y124F,0.4,0.20686113834381104
ssym,esm2_sup_esm2_650m,2024,1LZ1,V125A,1.3,1.0035755634307861
ssym,esm2_sup_esm2_650m,2024,1LZ1,V130A,0.8,0.061340928077697754
ssym,esm2_sup_esm2_650m,2024,1OH0,Y32F,-0.2,0.8571527004241943
ssym,esm2_sup_esm2_650m,2024,1OH0,Y57F,1.2,-1.328678011894226
ssym,esm2_sup_esm2_650m,2024,1RN1,Q25K,-1.4,-0.5391230583190918
ssym,esm2_sup_esm2_650m,2024,1VQB,I47L,0.4,1.186795711517334
ssym,esm2_sup_esm2_650m,2024,1VQB,I47M,1.7,0.6046124696731567
ssym,esm2_sup_esm2_650m,2024,1VQB,I47V,2.0,1.6378250122070312
ssym,esm2_sup_esm2_650m,2024,1VQB,V35I,0.6,0.1540071964263916
ssym,esm2_sup_esm2_650m,2024,1VQB,Y41F,3.2,-0.7644426822662354
ssym,esm2_sup_esm2_650m,2024,2LZM,I3L,-0.7,0.7430825233459473
ssym,esm2_sup_esm2_650m,2024,2LZM,I3C,0.0,1.2790465354919434
ssym,esm2_sup_esm2_650m,2024,2LZM,I3P,3.0,2.4583165645599365
ssym,esm2_sup_esm2_650m,2024,2LZM,I3Y,2.3,1.7593865394592285
ssym,esm2_sup_esm2_650m,2024,2LZM,I3V,0.4,1.373453140258789
ssym,esm2_sup_esm2_650m,2024,2LZM,M6I,1.4,1.1816785335540771
ssym,esm2_sup_esm2_650m,2024,2LZM,K16E,-0.5,0.7190420627593994
ssym,esm2_sup_esm2_650m,2024,2LZM,S38D,-0.6,0.6961696147918701
ssym,esm2_sup_esm2_650m,2024,2LZM,N55G,0.6,1.160299301147461
ssym,esm2_sup_esm2_650m,2024,2LZM,K60P,0.0,0.47440794110298157
ssym,esm2_sup_esm2_650m,2024,2LZM,G77A,-0.4,0.18767431378364563
ssym,esm2_sup_esm2_650m,2024,2LZM,A82P,-0.8,0.19633382558822632
ssym,esm2_sup_esm2_650m,2024,2LZM,K85A,0.6,1.6719216108322144
ssym,esm2_sup_esm2_650m,2024,2LZM,D89A,0.5,0.2725377380847931
ssym,esm2_sup_esm2_650m,2024,2LZM,R96A,2.0,1.7541840076446533
ssym,esm2_sup_esm2_650m,2024,2LZM,R96D,3.5,3.1372721195220947
ssym,esm2_sup_esm2_650m,2024,2LZM,R96M,2.7,1.3745455741882324
ssym,esm2_sup_esm2_650m,2024,2LZM,R96E,2.5,2.7315480709075928
ssym,esm2_sup_esm2_650m,2024,2LZM,R96G,2.6,2.4682910442352295
ssym,esm2_sup_esm2_650m,2024,2LZM,R96Q,0.3,2.036522388458252
ssym,esm2_sup_esm2_650m,2024,2LZM,R96H,3.1,3.5723536014556885
ssym,esm2_sup_esm2_650m,2024,2LZM,R96N,3.0,2.981717824935913
ssym,esm2_sup_esm2_650m,2024,2LZM,R96K,0.0,2.874315023422241
ssym,esm2_sup_esm2_650m,2024,2LZM,R96S,2.6,2.3048129081726074
ssym,esm2_sup_esm2_650m,2024,2LZM,R96Y,4.7,2.2369589805603027
ssym,esm2_sup_esm2_650m,2024,2LZM,R96V,2.4,1.8791399002075195
ssym,esm2_sup_esm2_650m,2024,2LZM,R96W,4.5,2.64374041557312
ssym,esm2_sup_esm2_650m,2024,2LZM,A98V,4.9,1.5081253051757812
ssym,esm2_sup_esm2_650m,2024,2LZM,Q105A,0.6,1.3956576585769653
ssym,esm2_sup_esm2_650m,2024,2LZM,Q105E,1.1,1.9174280166625977
ssym,esm2_sup_esm2_650m,2024,2LZM,Q105G,1.5,1.8182718753814697
ssym,esm2_sup_esm2_650m,2024,2LZM,G113A,-0.3,-0.10928685963153839
ssym,esm2_sup_esm2_650m,2024,2LZM,T115E,-0.3,0.7294403314590454
ssym,esm2_sup_esm2_650m,2024,2LZM,N116D,-0.6,0.25548699498176575
ssym,esm2_sup_esm2_650m,2024,2LZM,R119E,0.0,-0.44510480761528015
ssym,esm2_sup_esm2_650m,2024,2LZM,Q123E,-0.4,0.4094175696372986
ssym,esm2_sup_esm2_650m,2024,2LZM,K124G,0.1,0.9315117597579956
ssym,esm2_sup_esm2_650m,2024,2LZM,V131A,-0.3,-0.12129344791173935
ssym,esm2_sup_esm2_650m,2024,2LZM,V131D,-0.1,0.6904786825180054
ssym,esm2_sup_esm2_650m,2024,2LZM,V131G,0.7,0.7871910333633423
ssym,esm2_sup_esm2_650m,2024,2LZM,V131I,-0.2,0.16194207966327667
ssym,esm2_sup_esm2_650m,2024,2LZM,V131L,-0.1,-0.020813148468732834
ssym,esm2_sup_esm2_650m,2024,2LZM,V131S,0.1,-0.041747868061065674
ssym,esm2_sup_esm2_650m,2024,2LZM,V131M,-0.1,-0.5496348142623901
ssym,esm2_sup_esm2_650m,2024,2LZM,V131E,-0.2,0.2243339717388153
ssym,esm2_sup_esm2_650m,2024,2LZM,L133A,4.2,1.6605989933013916
ssym,esm2_sup_esm2_650m,2024,2LZM,K135E,1.0,0.8864642381668091
ssym,esm2_sup_esm2_650m,2024,2LZM,N144D,-0.4,-0.25278064608573914
ssym,esm2_sup_esm2_650m,2024,2LZM,K147E,0.7,-0.21744169294834137
ssym,esm2_sup_esm2_650m,2024,2LZM,V149C,2.2,1.0158379077911377
ssym,esm2_sup_esm2_650m,2024,2LZM,T152S,2.6,1.9986932277679443
ssym,esm2_sup_esm2_650m,2024,2LZM,R154E,1.1,0.4315623342990875
ssym,esm2_sup_esm2_650m,2024,2LZM,G156D,2.3,1.3377487659454346
ssym,esm2_sup_esm2_650m,2024,2LZM,T157A,0.5,1.0464338064193726
ssym,esm2_sup_esm2_650m,2024,2LZM,T157C,1.3,1.1525323390960693
ssym,esm2_sup_esm2_650m,2024,2LZM,T157D,1.1,1.555938720703125
ssym,esm2_sup_esm2_650m,2024,2LZM,T157E,0.8,1.4325711727142334
ssym,esm2_sup_esm2_650m,2024,2LZM,T157F,2.4,1.1068811416625977
ssym,esm2_sup_esm2_650m,2024,2LZM,T157G,1.1,1.5324292182922363
ssym,esm2_sup_esm2_650m,2024,2LZM,T157H,2.1,2.2316462993621826
ssym,esm2_sup_esm2_650m,2024,2LZM,T157I,1.5,1.1260273456573486
ssym,esm2_sup_esm2_650m,2024,2LZM,T157L,1.7,0.905502438545227
ssym,esm2_sup_esm2_650m,2024,2LZM,T157N,1.2,1.8464999198913574
ssym,esm2_sup_esm2_650m,2024,2LZM,T157R,-0.3,1.094911813735962
ssym,esm2_sup_esm2_650m,2024,2LZM,T157S,0.7,1.0465261936187744
ssym,esm2_sup_esm2_650m,2024,2LZM,T157V,1.2,0.7736712694168091
ssym,esm2_sup_esm2_650m,2024,2RN2,D10N,-0.9,0.8750983476638794
ssym,esm2_sup_esm2_650m,2024,2RN2,E48Q,-0.2,-0.15850159525871277
ssym,esm2_sup_esm2_650m,2024,2RN2,A52F,0.5,0.8161951303482056
ssym,esm2_sup_esm2_650m,2024,2RN2,A52I,-1.9,-0.4664614796638489
ssym,esm2_sup_esm2_650m,2024,2RN2,A52L,-1.3,-0.02291986346244812
ssym,esm2_sup_esm2_650m,2024,2RN2,A52V,-1.7,0.0373852476477623
ssym,esm2_sup_esm2_650m,2024,2RN2,H62A,-0.4,0.5611816644668579
ssym,esm2_sup_esm2_650m,2024,2RN2,H62P,-1.1,-0.07310643792152405
ssym,esm2_sup_esm2_650m,2024,2RN2,D70N,-0.9,-0.5068210363388062
ssym,esm2_sup_esm2_650m,2024,2RN2,V74L,-1.0,1.7911860942840576
ssym,esm2_sup_esm2_650m,2024,2RN2,V74I,-0.6,1.5864973068237305
ssym,esm2_sup_esm2_650m,2024,2RN2,G77A,0.9,-1.262425422668457
ssym,esm2_sup_esm2_650m,2024,2RN2,K95A,-0.1,1.0166015625
ssym,esm2_sup_esm2_650m,2024,2RN2,K95G,-1.9,0.19991889595985413
ssym,esm2_sup_esm2_650m,2024,2RN2,K95N,-0.9,0.771093487739563
ssym,esm2_sup_esm2_650m,2024,2RN2,D134A,-2.1,-1.1799895763397217
ssym,esm2_sup_esm2_650m,2024,2RN2,D134H,-2.3,-0.14077433943748474
ssym,esm2_sup_esm2_650m,2024,2RN2,D134N,-1.0,-0.42336419224739075
ssym,esm2_sup_esm2_650m,2024,4LYZ,M12F,-0.5,-0.08014172315597534
ssym,esm2_sup_esm2_650m,2024,4LYZ,M12L,0.4,-0.23339848220348358
ssym,esm2_sup_esm2_650m,2024,4LYZ,T40S,0.3,0.07618233561515808
ssym,esm2_sup_esm2_650m,2024,4LYZ,G49A,0.7,0.870449423789978
ssym,esm2_sup_esm2_650m,2024,4LYZ,I55V,0.9,0.8415100574493408
ssym,esm2_sup_esm2_650m,2024,4LYZ,I58M,1.2,1.5721534490585327
ssym,esm2_sup_esm2_650m,2024,4LYZ,G67A,0.5,0.4410896599292755
ssym,esm2_sup_esm2_650m,2024,4LYZ,G71A,2.1,0.09902408719062805
ssym,esm2_sup_esm2_650m,2024,4LYZ,I78M,0.9,-0.06760931760072708
ssym,esm2_sup_esm2_650m,2024,4LYZ,S91A,0.2,-0.019607089459896088
ssym,esm2_sup_esm2_650m,2024,4LYZ,S91T,-1.0,0.2539123594760895
ssym,esm2_sup_esm2_650m,2024,4LYZ,I98M,0.9,0.9683530330657959
ssym,esm2_sup_esm2_650m,2024,4LYZ,G102A,1.2,0.1147957444190979
ssym,esm2_sup_esm2_650m,2024,4LYZ,G117A,0.8,0.42827293276786804
ssym,esm2_sup_esm2_650m,2024,5PTI,F22A,1.2,1.6737534999847412
ssym,esm2_sup_esm2_650m,2024,5PTI,Y23A,5.9,1.920957326889038
ssym,esm2_sup_esm2_650m,2024,5PTI,Y35G,5.0,2.4963173866271973
ssym,esm2_sup_esm2_650m,2024,5PTI,N43G,5.7,0.24520975351333618
ssym,esm2_sup_esm2_650m,2024,5PTI,F45A,6.9,2.2062642574310303
