benchmark,atom_def,model,protein_id,mutation_id,y_true,y_pred
s669,centroid,ESM-only,1BFM,M35W,0.7,1.1225676536560059
s669,centroid,ESM-only,1BFM,M35Y,0.4,0.512057363986969
s669,centroid,ESM-only,1D5G,H71Y,0.04,0.0037742953281849623
s669,centroid,ESM-only,1D5G,I20F,-0.91,1.5030111074447632
s669,centroid,ESM-only,1EKG,L198C,1.0,0.7193723320960999
s669,centroid,ESM-only,1EKG,L200C,2.0,0.46165037155151367
s669,centroid,ESM-only,1EKG,L203C,-1.0,-0.25355350971221924
s669,centroid,ESM-only,1EKG,S181F,2.6,-0.552083432674408
s669,centroid,ESM-only,1FRD,H42R,-4.0,0.17608292400836945
s669,centroid,ESM-only,1FXA,E94D,1.1,0.48345842957496643
s669,centroid,ESM-only,1FXA,E94K,0.4,0.6762470602989197
s669,centroid,ESM-only,1FXA,E94Q,-0.6,0.42493942379951477
s669,centroid,ESM-only,1FXA,E95K,-1.0,0.20635013282299042
s669,centroid,ESM-only,1FXA,F65A,1.0,0.6595979332923889
s669,centroid,ESM-only,1FXA,F65I,0.9,-0.1264110654592514
s669,centroid,ESM-only,1FXA,F65W,0.6,0.5123502612113953
s669,centroid,ESM-only,1FXA,F65Y,0.5,0.3162350058555603
s669,centroid,ESM-only,1FXA,R42A,2.4,0.8899869322776794
s669,centroid,ESM-only,1FXA,R42H,1.4,0.7452890872955322
s669,centroid,ESM-only,1FXA,T48A,-0.1,0.979222297668457
s669,centroid,ESM-only,1GLU,C500A,1.22,2.481208086013794
s669,centroid,ESM-only,1GUA,A118G,1.963,1.2910302877426147
s669,centroid,ESM-only,1GUA,A118L,1.951,-0.16628430783748627
s669,centroid,ESM-only,1GUA,A85G,2.149,0.9513735771179199
s669,centroid,ESM-only,1GUA,A97G,0.863,1.6295021772384644
s669,centroid,ESM-only,1GUA,C81A,-0.283,0.3687796890735626
s669,centroid,ESM-only,1GUA,C81I,0.912,-0.413481742143631
s669,centroid,ESM-only,1GUA,C95A,0.08,0.6858404278755188
s669,centroid,ESM-only,1GUA,C96A,1.759,1.5561271905899048
s669,centroid,ESM-only,1GUA,C96L,0.043,0.8065655827522278
s669,centroid,ESM-only,1GUA,C96M,0.337,0.37389254570007324
s669,centroid,ESM-only,1GUA,D117A,0.706,0.6586995720863342
s669,centroid,ESM-only,1GUA,D129A,0.855,0.5395429134368896
s669,centroid,ESM-only,1GUA,D80A,0.493,0.28772053122520447
s669,centroid,ESM-only,1GUA,E104A,-0.021,0.27575013041496277
s669,centroid,ESM-only,1GUA,E124A,0.101,0.5317947864532471
s669,centroid,ESM-only,1GUA,E125A,0.591,0.47446027398109436
s669,centroid,ESM-only,1GUA,I58A,3.274,2.473109006881714
s669,centroid,ESM-only,1GUA,I58F,1.2990000000000002,0.7265190482139587
s669,centroid,ESM-only,1GUA,I58L,0.7709999999999999,0.6360745429992676
s669,centroid,ESM-only,1GUA,K109A,0.327,0.5835034847259521
s669,centroid,ESM-only,1GUA,L112A,2.593,1.277933955192566
s669,centroid,ESM-only,1GUA,L121A,2.5340000000000003,1.0449072122573853
s669,centroid,ESM-only,1GUA,L126A,3.405,0.5596036911010742
s669,centroid,ESM-only,1GUA,L62A,3.46,1.1877607107162476
s669,centroid,ESM-only,1GUA,L78A,3.803,2.4299137592315674
s669,centroid,ESM-only,1GUA,L82A,3.529,4.000333309173584
s669,centroid,ESM-only,1GUA,L82I,1.6,1.9558645486831665
s669,centroid,ESM-only,1GUA,L82V,1.7,2.1749866008758545
s669,centroid,ESM-only,1GUA,L86A,3.2260000000000004,3.2719364166259766
s669,centroid,ESM-only,1GUA,L91A,1.575,1.0134329795837402
s669,centroid,ESM-only,1GUA,M76A,0.961,1.32440185546875
s669,centroid,ESM-only,1GUA,N56M,-0.271,-0.5886393189430237
s669,centroid,ESM-only,1GUA,N64A,1.14,0.6664893627166748
s669,centroid,ESM-only,1GUA,P63A,1.7080000000000002,1.3635543584823608
s669,centroid,ESM-only,1GUA,P93A,0.0819999999999999,0.4462558925151825
s669,centroid,ESM-only,1GUA,Q66A,0.504,0.2288045436143875
s669,centroid,ESM-only,1GUA,R100A,0.693,0.5780766010284424
s669,centroid,ESM-only,1GUA,R59A,-0.178,-0.8077952861785889
s669,centroid,ESM-only,1GUA,R89L,-1.078,-0.5421705842018127
s669,centroid,ESM-only,1GUA,S77A,1.5730000000000002,2.4834096431732178
s669,centroid,ESM-only,1GUA,S77T,-0.581,0.8532560467720032
s669,centroid,ESM-only,1GUA,T68A,0.109,0.5041376948356628
s669,centroid,ESM-only,1GUA,V128A,3.3680000000000003,0.9792179465293884
s669,centroid,ESM-only,1GUA,V60A,2.251,2.134061098098755
s669,centroid,ESM-only,1GUA,V69A,1.116,0.8633106350898743
s669,centroid,ESM-only,1GUA,V70A,1.77,1.7742561101913452
s669,centroid,ESM-only,1GUA,V72A,1.052,1.3836164474487305
s669,centroid,ESM-only,1GUA,V72I,0.8640000000000001,0.358025461435318
s669,centroid,ESM-only,1GUA,V98A,1.981,1.8608046770095825
s669,centroid,ESM-only,1H0X,P18A,1.936,0.3722323477268219
s669,centroid,ESM-only,1H0X,P62A,2.5810000000000004,0.42744573950767517
s669,centroid,ESM-only,1HCQ,C67A,2.09,1.8978160619735718
s669,centroid,ESM-only,1HCQ,C67S,1.99,2.1319191455841064
s669,centroid,ESM-only,1IOJ,G15A,-0.4,0.6765081286430359
s669,centroid,ESM-only,1IV7,A173C,-0.5,1.092691421508789
s669,centroid,ESM-only,1IV7,F189C,2.5,1.3728543519973755
s669,centroid,ESM-only,1IV7,L162C,1.9,1.9183896780014038
s669,centroid,ESM-only,1IV9,S76Y,-4.299,1.4550920724868774
s669,centroid,ESM-only,1J8I,K25A,-0.1,-0.29101821780204773
s669,centroid,ESM-only,1J8I,K66A,-0.1,-0.26731619238853455
s669,centroid,ESM-only,1J8I,R23A,-0.8,-0.20260997116565704
s669,centroid,ESM-only,1J8I,R35A,0.1,0.21690595149993896
s669,centroid,ESM-only,1J8I,R43A,-0.7,-0.4203677177429199
s669,centroid,ESM-only,1J8I,R9A,0.1,0.30518320202827454
s669,centroid,ESM-only,1JL9,A25C,1.44,-0.07029560953378677
s669,centroid,ESM-only,1L6H,F39A,1.6969999999999998,1.3345798254013062
s669,centroid,ESM-only,1L6H,Y45A,0.55,0.7187566757202148
s669,centroid,ESM-only,1L6H,Y48A,1.482,0.41823089122772217
s669,centroid,ESM-only,1N88,F21A,1.39,-0.01397122722119093
s669,centroid,ESM-only,1N88,I39A,1.39,1.378914713859558
s669,centroid,ESM-only,1N88,I80A,2.79,1.6223434209823608
s669,centroid,ESM-only,1N88,I89A,2.35,1.2013640403747559
s669,centroid,ESM-only,1N88,I8V,1.52,1.168899416923523
s669,centroid,ESM-only,1N88,L13A,1.52,1.4469352960586548
s669,centroid,ESM-only,1N88,L57A,1.11,1.3517955541610718
s669,centroid,ESM-only,1N88,V12A,1.94,1.5879639387130737
s669,centroid,ESM-only,1N88,V30A,2.84,1.9626415967941284
s669,centroid,ESM-only,1N88,V43A,2.82,2.2990987300872803
s669,centroid,ESM-only,1N88,V49A,2.83,0.6826879978179932
s669,centroid,ESM-only,1N88,V51A,3.24,2.3944315910339355
s669,centroid,ESM-only,1N88,V54A,3.73,1.6040868759155273
s669,centroid,ESM-only,1N88,V81A,2.82,3.6658413410186768
s669,centroid,ESM-only,1N88,V83A,3.1,2.6603386402130127
s669,centroid,ESM-only,1N88,Y18A,-0.06,1.0902957916259766
s669,centroid,ESM-only,1N88,Y26A,4.61,2.046856164932251
s669,centroid,ESM-only,1O6X,A31G,1.2,0.8564844131469727
s669,centroid,ESM-only,1O6X,A50G,1.4,0.06993163377046585
s669,centroid,ESM-only,1O6X,D38A,-0.36,0.16723261773586273
s669,centroid,ESM-only,1O6X,E14A,0.3,-0.1056351289153099
s669,centroid,ESM-only,1O6X,E20G,1.42,1.3995188474655151
s669,centroid,ESM-only,1O6X,F39L,1.88,0.39092305302619934
s669,centroid,ESM-only,1O6X,F65A,0.98,0.08015301078557968
s669,centroid,ESM-only,1O6X,H51A,0.61,0.4139045774936676
s669,centroid,ESM-only,1O6X,I15V,0.43,0.11701393872499466
s669,centroid,ESM-only,1O6X,I23V,-0.42,-0.20309902727603912
s669,centroid,ESM-only,1O6X,I71V,1.31,0.09394081681966782
s669,centroid,ESM-only,1O6X,K41A,1.98,0.4245503842830658
s669,centroid,ESM-only,1O6X,L26V,0.97,0.45168066024780273
s669,centroid,ESM-only,1O6X,N58A,0.08,0.09368767589330673
s669,centroid,ESM-only,1O6X,Q60G,0.49,0.5352842807769775
s669,centroid,ESM-only,1O6X,V12A,1.1,1.6364308595657349
s669,centroid,ESM-only,1O6X,V52A,1.08,0.9203751683235168
s669,centroid,ESM-only,1O6X,V64G,1.1,3.61319899559021
s669,centroid,ESM-only,1R6R,I88N,0.13,1.7395281791687012
s669,centroid,ESM-only,1R6R,L50S,2.81,1.2606500387191772
s669,centroid,ESM-only,1R6R,L54S,0.24,0.9711803793907166
s669,centroid,ESM-only,1R6R,L81N,6.84,1.0752266645431519
s669,centroid,ESM-only,2BJD,V84D,4.493,3.4870622158050537
s669,centroid,ESM-only,2BJD,V84P,4.517,3.645613431930542
s669,centroid,ESM-only,2BJD,Y86E,2.103,2.0255508422851562
s669,centroid,ESM-only,2C9Q,Y79F,0.012,1.2080494165420532
s669,centroid,ESM-only,2C9Q,Y79W,1.233,1.968361735343933
s669,centroid,ESM-only,2CLR,H13F,-0.12,-0.21204547584056854
s669,centroid,ESM-only,2CLR,H31F,-2.605,1.0485180616378784
s669,centroid,ESM-only,2CLR,H51F,1.912,0.5010340213775635
s669,centroid,ESM-only,2CLR,H84A,2.629,1.105286955833435
s669,centroid,ESM-only,2DVV,Q443H,-0.89,0.8611505627632141
s669,centroid,ESM-only,2DVV,R419W,0.02,-0.32446733117103577
s669,centroid,ESM-only,2HBB,A22G,0.32,0.506583571434021
s669,centroid,ESM-only,2HBB,A26G,1.79,2.4116461277008057
s669,centroid,ESM-only,2HBB,A36G,1.55,0.7719194293022156
s669,centroid,ESM-only,2HBB,A39G,1.59,1.4470897912979126
s669,centroid,ESM-only,2HBB,A42G,0.33,0.3630896508693695
s669,centroid,ESM-only,2HBB,A46G,0.55,1.101728916168213
s669,centroid,ESM-only,2HBB,D23A,0.03,0.579677164554596
s669,centroid,ESM-only,2HBB,D23N,0.79,0.9157042503356934
s669,centroid,ESM-only,2HBB,D8A,1.3,0.9061586260795593
s669,centroid,ESM-only,2HBB,D8N,0.38,0.7626962661743164
s669,centroid,ESM-only,2HBB,E17A,1.69,0.6753540635108948
s669,centroid,ESM-only,2HBB,E17Q,0.33,0.649667501449585
s669,centroid,ESM-only,2HBB,E38A,0.41,0.5318335890769958
s669,centroid,ESM-only,2HBB,E38Q,0.68,0.4412548542022705
s669,centroid,ESM-only,2HBB,E48Q,-0.07,0.3799215853214264
s669,centroid,ESM-only,2HBB,F31A,2.84,0.6423043012619019
s669,centroid,ESM-only,2HBB,F5L,1.15,0.4999730587005615
s669,centroid,ESM-only,2HBB,G24A,-0.02,0.23061434924602509
s669,centroid,ESM-only,2HBB,G34A,1.02,1.3401206731796265
s669,centroid,ESM-only,2HBB,I18A,2.05,1.9946303367614746
s669,centroid,ESM-only,2HBB,I18V,0.07,0.225960373878479
s669,centroid,ESM-only,2HBB,I37A,1.28,0.7312014698982239
s669,centroid,ESM-only,2HBB,I37V,-0.09,0.2671992778778076
s669,centroid,ESM-only,2HBB,I4V,0.59,-0.2970835864543915
s669,centroid,ESM-only,2HBB,K10E,-0.13,0.8937490582466125
s669,centroid,ESM-only,2HBB,K10M,-0.47,0.403443843126297
s669,centroid,ESM-only,2HBB,K12A,-0.61,0.6274387836456299
s669,centroid,ESM-only,2HBB,K12G,-0.03,1.1383076906204224
s669,centroid,ESM-only,2HBB,K12M,-1.8,0.1842258721590042
s669,centroid,ESM-only,2HBB,K14A,0.73,1.3569459915161133
s669,centroid,ESM-only,2HBB,K14G,1.3,1.6222496032714844
s669,centroid,ESM-only,2HBB,K14M,0.34,0.72928786277771
s669,centroid,ESM-only,2HBB,K15G,1.74,1.1144685745239258
s669,centroid,ESM-only,2HBB,K15M,0.44,0.996167004108429
s669,centroid,ESM-only,2HBB,K7M,-0.21,-0.08367884159088135
s669,centroid,ESM-only,2HBB,L30A,2.76,1.3573637008666992
s669,centroid,ESM-only,2HBB,L35A,1.21,1.4890546798706055
s669,centroid,ESM-only,2HBB,L44A,1.73,1.696232795715332
s669,centroid,ESM-only,2HBB,L47A,0.84,2.054269552230835
s669,centroid,ESM-only,2HBB,L6A,3.1,1.1148672103881836
s669,centroid,ESM-only,2HBB,M1A,1.46,-0.8347492218017578
s669,centroid,ESM-only,2HBB,T40S,0.8,0.9469508528709412
s669,centroid,ESM-only,2HBB,V21A,2.33,2.2060048580169678
s669,centroid,ESM-only,2HBB,V3A,2.55,3.4817264080047607
s669,centroid,ESM-only,2HBB,V9A,1.81,1.5958911180496216
s669,centroid,ESM-only,2JUC,C57D,2.54,0.4339083731174469
s669,centroid,ESM-only,2JUC,C57S,0.71,0.9885002970695496
s669,centroid,ESM-only,2JUC,R18A,1.75,0.648965060710907
s669,centroid,ESM-only,2KJ3,D288A,-1.2,1.3231574296951294
s669,centroid,ESM-only,2KJ3,E272A,-1.9,0.2511294484138489
s669,centroid,ESM-only,2KJ3,G278A,0.8,1.1281238794326782
s669,centroid,ESM-only,2KJ3,K229A,-1.5,0.7394030690193176
s669,centroid,ESM-only,2KJ3,L241A,-1.0,0.7119569778442383
s669,centroid,ESM-only,2KJ3,S273A,-1.4,0.4792858064174652
s669,centroid,ESM-only,2KJ3,V239A,-1.0,0.7026903033256531
s669,centroid,ESM-only,2KJ3,V264A,-1.0,1.0471066236495972
s669,centroid,ESM-only,2KJ3,V267A,-0.2,0.49903082847595215
s669,centroid,ESM-only,2MPC,A89T,0.24,-0.08713120222091675
s669,centroid,ESM-only,2MPC,R42A,-0.62,0.13817621767520905
s669,centroid,ESM-only,2MPC,R42W,-2.08,-1.144561767578125
s669,centroid,ESM-only,2N7Z,P88A,0.6,-0.1044711172580719
s669,centroid,ESM-only,2OUO,A420D,-0.44,0.2611549496650696
s669,centroid,ESM-only,2PTL,A22G,2.43,2.2723214626312256
s669,centroid,ESM-only,2PTL,A27P,-0.1,0.3548339903354645
s669,centroid,ESM-only,2PTL,A27V,0.83,0.30252304673194885
s669,centroid,ESM-only,2PTL,A34G,2.17,0.46659907698631287
s669,centroid,ESM-only,2PTL,A34V,-1.47,-0.5916733145713806
s669,centroid,ESM-only,2PTL,A43G,2.54,1.929426670074463
s669,centroid,ESM-only,2PTL,A47G,3.1,2.351651191711426
s669,centroid,ESM-only,2PTL,A49G,1.32,0.23785662651062012
s669,centroid,ESM-only,2PTL,A51G,3.12,1.6706613302230835
s669,centroid,ESM-only,2PTL,A66G,0.49,0.2588988244533539
s669,centroid,ESM-only,2PTL,D52A,1.21,0.19668065011501312
s669,centroid,ESM-only,2PTL,D52G,2.14,0.23355455696582794
s669,centroid,ESM-only,2PTL,D64A,0.2,1.1451969146728516
s669,centroid,ESM-only,2PTL,E35A,0.59,0.3588557243347168
s669,centroid,ESM-only,2PTL,E46G,1.19,0.2529776394367218
s669,centroid,ESM-only,2PTL,E46I,1.08,0.14040012657642365
s669,centroid,ESM-only,2PTL,E60A,0.23,0.3607257604598999
s669,centroid,ESM-only,2PTL,F26A,3.12,1.16726815700531
s669,centroid,ESM-only,2PTL,F26L,0.68,0.34109997749328613
s669,centroid,ESM-only,2PTL,F36A,4.15,1.6986398696899414
s669,centroid,ESM-only,2PTL,F36L,3.12,0.9904372096061707
s669,centroid,ESM-only,2PTL,F40G,3.08,0.036331430077552795
s669,centroid,ESM-only,2PTL,F40L,0.38,-0.1770765781402588
s669,centroid,ESM-only,2PTL,F76L,3.34,0.41089892387390137
s669,centroid,ESM-only,2PTL,F76V,3.73,0.21897484362125397
s669,centroid,ESM-only,2PTL,G29A,1.52,1.2185238599777222
s669,centroid,ESM-only,2PTL,G29V,2.53,0.8930179476737976
s669,centroid,ESM-only,2PTL,G38A,2.08,1.3801687955856323
s669,centroid,ESM-only,2PTL,G59A,2.23,0.6919092535972595
s669,centroid,ESM-only,2PTL,G69A,2.04,0.741448163986206
s669,centroid,ESM-only,2PTL,I20A,4.9,1.9283500909805298
s669,centroid,ESM-only,2PTL,I20V,0.56,1.7013047933578491
s669,centroid,ESM-only,2PTL,I25A,1.37,0.9867265820503235
s669,centroid,ESM-only,2PTL,I25V,0.47,-0.13348430395126343
s669,centroid,ESM-only,2PTL,I74A,4.72,1.1961482763290405
s669,centroid,ESM-only,2PTL,I74V,1.69,0.6014480590820312
s669,centroid,ESM-only,2PTL,K21A,0.92,1.347216248512268
s669,centroid,ESM-only,2PTL,K37A,0.88,0.6752435564994812
s669,centroid,ESM-only,2PTL,K42G,-0.16,0.35046282410621643
s669,centroid,ESM-only,2PTL,K55A,-0.58,0.5867350697517395
s669,centroid,ESM-only,2PTL,K56A,-0.35,0.7882773876190186
s669,centroid,ESM-only,2PTL,K68A,0.09,0.7825854420661926
s669,centroid,ESM-only,2PTL,K75A,0.45,1.1032978296279907
s669,centroid,ESM-only,2PTL,L24A,3.12,1.6797122955322266
s669,centroid,ESM-only,2PTL,L54A,2.44,1.3132985830307007
s669,centroid,ESM-only,2PTL,L72A,3.77,1.9104290008544922
s669,centroid,ESM-only,2PTL,N23A,1.87,0.7169883847236633
s669,centroid,ESM-only,2PTL,N28A,1.78,1.0376139879226685
s669,centroid,ESM-only,2PTL,N58A,0.34,0.9635623097419739
s669,centroid,ESM-only,2PTL,N73A,1.73,1.6531219482421875
s669,centroid,ESM-only,2PTL,S30A,0.3,0.44310590624809265
s669,centroid,ESM-only,2PTL,S45A,-0.41,0.27364784479141235
s669,centroid,ESM-only,2PTL,S45G,0.82,0.4493226706981659
s669,centroid,ESM-only,2PTL,T19A,1.63,0.7517291903495789
s669,centroid,ESM-only,2PTL,T31A,1.17,0.49276503920555115
s669,centroid,ESM-only,2PTL,T33A,1.11,0.5869811773300171
s669,centroid,ESM-only,2PTL,T39A,1.25,0.8926421999931335
s669,centroid,ESM-only,2PTL,T44A,1.09,0.5140500664710999
s669,centroid,ESM-only,2PTL,T53G,0.17,0.0327986516058445
s669,centroid,ESM-only,2PTL,T62A,0.97,1.210712194442749
s669,centroid,ESM-only,2PTL,T71A,1.83,0.8929555416107178
s669,centroid,ESM-only,2PTL,V18A,1.22,0.751305341720581
s669,centroid,ESM-only,2PTL,V63A,0.92,2.1028974056243896
s669,centroid,ESM-only,2PTL,V65A,1.14,0.5694116950035095
s669,centroid,ESM-only,2PTL,Y48A,2.82,0.2605085074901581
s669,centroid,ESM-only,2PTL,Y50A,2.46,1.2369762659072876
s669,centroid,ESM-only,2PTL,Y70A,1.66,1.1507307291030884
s669,centroid,ESM-only,2PTL,Y70L,-0.43,-0.07408995181322098
s669,centroid,ESM-only,2RPN,E7L,-1.05,-0.6660299897193909
s669,centroid,ESM-only,2RPN,V21K,-0.39,0.017616217955946922
s669,centroid,ESM-only,2WQG,D15A,-0.3,1.7804287672042847
s669,centroid,ESM-only,2WQG,D38A,-0.1,1.3023486137390137
s669,centroid,ESM-only,2WQG,D39A,2.2,0.2974281311035156
s669,centroid,ESM-only,2WQG,D39N,2.6,0.30063381791114807
s669,centroid,ESM-only,2WQG,E40Q,0.1,0.4570740759372711
s669,centroid,ESM-only,2WQG,E41G,0.4,0.6446065902709961
s669,centroid,ESM-only,2WQG,I36A,0.9,0.1584007292985916
s669,centroid,ESM-only,2WQG,I36V,0.3,0.37148404121398926
s669,centroid,ESM-only,2WQG,K14A,0.4,0.19134752452373505
s669,centroid,ESM-only,2WQG,K14G,1.9,1.148705005645752
s669,centroid,ESM-only,2WQG,K19A,0.3,0.8968273997306824
s669,centroid,ESM-only,2WQG,K28A,0.6,-0.23645858466625214
s669,centroid,ESM-only,2WQG,L13A,0.5,1.5281366109848022
s669,centroid,ESM-only,2WQG,L16A,1.3,3.8505513668060303
s669,centroid,ESM-only,2WQG,L8A,2.0,1.3311982154846191
s669,centroid,ESM-only,2WQG,Q12A,0.6,3.7045624256134033
s669,centroid,ESM-only,2WQG,Q12G,2.0,3.197984457015991
s669,centroid,ESM-only,2WQG,Q33A,-0.1,1.2496050596237183
s669,centroid,ESM-only,2WQG,R34A,0.8,2.117419958114624
s669,centroid,ESM-only,2WQG,S23A,0.6,1.085720181465149
s669,centroid,ESM-only,2WQG,S6A,-0.1,0.6002942323684692
s669,centroid,ESM-only,2WQG,S6G,0.2,0.838419497013092
s669,centroid,ESM-only,2WQG,T9S,-0.1,1.1033390760421753
s669,centroid,ESM-only,2WQG,V10A,0.1,-0.2519064247608185
s669,centroid,ESM-only,2WQG,V10G,0.7,0.27048298716545105
s669,centroid,ESM-only,2WQG,V11A,-0.4,0.4337247610092163
s669,centroid,ESM-only,2WQG,V11G,-0.1,1.379262089729309
s669,centroid,ESM-only,2WQG,V24A,0.5,0.9848470091819763
s669,centroid,ESM-only,2WQG,Y5F,2.4,0.129307359457016
s669,centroid,ESM-only,2ZTA,E11Q,0.74,0.088456891477108
s669,centroid,ESM-only,2ZTA,E20Q,-0.2,0.2163277268409729
s669,centroid,ESM-only,2ZTA,E22Q,1.83,0.7235166430473328
s669,centroid,ESM-only,2ZTA,K15A,0.41,0.26226338744163513
s669,centroid,ESM-only,2ZTA,K27A,0.91,0.8988604545593262
s669,centroid,ESM-only,2ZTA,K28A,0.06,0.014800610952079296
s669,centroid,ESM-only,2ZTA,K8A,0.39,0.6880202293395996
s669,centroid,ESM-only,2ZTA,R25A,1.66,0.9006245732307434
s669,centroid,ESM-only,3BN0,I20V,1.506,0.22013027966022491
s669,centroid,ESM-only,3C2I,F155S,-0.43,3.3242712020874023
s669,centroid,ESM-only,3C2I,T158A,-0.47,1.794333577156067
s669,centroid,ESM-only,3C2I,T158M,-0.25,1.2041525840759277
s669,centroid,ESM-only,3FIS,P61A,0.5,0.3291958272457123
s669,centroid,ESM-only,3G1G,D155Y,-0.34,0.4796081483364105
s669,centroid,ESM-only,3G1G,F167Y,0.74,1.4304155111312866
s669,centroid,ESM-only,3G1G,I190V,0.17,0.4716905653476715
s669,centroid,ESM-only,3G1G,R185W,-1.32,0.9347110390663147
s669,centroid,ESM-only,3K82,E334L,3.35,0.4713686406612396
s669,centroid,ESM-only,3K82,E334Q,1.68,0.3584708869457245
s669,centroid,ESM-only,3K82,E401R,-5.49,-0.03520951792597771
s669,centroid,ESM-only,3MON,R39G,-1.194,2.0113728046417236
s669,centroid,ESM-only,3MON,W3C,2.866,-0.19985300302505493
s669,centroid,ESM-only,3O39,L32P,3.25,2.3338820934295654
s669,centroid,ESM-only,3S92,H395R,-2.03,0.8005016446113586
s669,centroid,ESM-only,4N6V,H75W,-0.574,-1.21821928024292
s669,centroid,ESM-only,4N6V,P36G,1.362,0.2256544977426529
s669,centroid,ESM-only,4N6V,P79S,-1.745,0.1856222003698349
s669,centroid,ESM-only,4YEE,V134T,0.71,1.4134174585342407
s669,centroid,ESM-only,4YEF,T134V,0.93,0.37976810336112976
s669,centroid,ESM-only,5JXB,D329G,1.44,0.1704815775156021
s669,centroid,ESM-only,5JXB,D329P,1.44,-0.003432447789236903
s669,centroid,ESM-only,1A0F,S11A,1.8,1.6336737871170044
s669,centroid,ESM-only,1A7V,A104H,2.69,0.8123776912689209
s669,centroid,ESM-only,1A7V,A66H,1.98,-0.22850839793682098
s669,centroid,ESM-only,1A7V,A91H,1.7,0.48981285095214844
s669,centroid,ESM-only,1A7V,D3H,1.36,1.57038152217865
s669,centroid,ESM-only,1A7V,D58H,2.05,0.6280972957611084
s669,centroid,ESM-only,1A7V,E73H,3.01,0.6235694289207458
s669,centroid,ESM-only,1A7V,K13H,0.6,1.123690128326416
s669,centroid,ESM-only,1A7V,K20H,2.88,0.715874195098877
s669,centroid,ESM-only,1A7V,K31H,1.36,0.3801795542240143
s669,centroid,ESM-only,1A7V,K39H,1.86,1.1884641647338867
s669,centroid,ESM-only,1A7V,K49H,2.02,-0.045965004712343216
s669,centroid,ESM-only,1A7V,K84H,2.88,0.9586000442504883
s669,centroid,ESM-only,1A7V,K97H,1.97,0.5629050135612488
s669,centroid,ESM-only,1BNL,D76A,0.821,0.9946506023406982
s669,centroid,ESM-only,1DIV,D23A,0.46,0.022644491866230965
s669,centroid,ESM-only,1DIV,D23N,0.58,0.1368546038866043
s669,centroid,ESM-only,1DIV,D8N,0.3,0.21299217641353607
s669,centroid,ESM-only,1DIV,E100A,0.98,0.2157375067472458
s669,centroid,ESM-only,1DIV,E100G,1.52,0.7948103547096252
s669,centroid,ESM-only,1DIV,E17Q,0.21,0.3151945173740387
s669,centroid,ESM-only,1DIV,E38Q,0.56,0.0968833789229393
s669,centroid,ESM-only,1DIV,E48Q,-0.03,0.02104201167821884
s669,centroid,ESM-only,1DIV,E54Q,-0.33,0.42620977759361267
s669,centroid,ESM-only,1DIV,H106Q,1.53,0.4666059911251068
s669,centroid,ESM-only,1DIV,I115A,3.52,3.0669796466827393
s669,centroid,ESM-only,1DIV,I4A,2.22,2.524740695953369
s669,centroid,ESM-only,1DIV,I4V,0.59,0.5826069712638855
s669,centroid,ESM-only,1DIV,I79A,3.49,2.7655327320098877
s669,centroid,ESM-only,1DIV,I93A,3.19,3.308263063430786
s669,centroid,ESM-only,1DIV,I98A,4.28,2.1099560260772705
s669,centroid,ESM-only,1DIV,K10M,-0.05,0.14959612488746643
s669,centroid,ESM-only,1DIV,K14M,-0.01,-0.023890295997262
s669,centroid,ESM-only,1DIV,K15M,0.31,0.4004981517791748
s669,centroid,ESM-only,1DIV,K7M,-0.35,-0.23368705809116364
s669,centroid,ESM-only,1DIV,K96A,-0.61,-0.14892560243606567
s669,centroid,ESM-only,1DIV,K96G,0.2,0.09161274880170822
s669,centroid,ESM-only,1DIV,L102A,2.37,2.0082218647003174
s669,centroid,ESM-only,1DIV,L108A,2.33,1.0640385150909424
s669,centroid,ESM-only,1DIV,L110A,3.21,2.6718549728393555
s669,centroid,ESM-only,1DIV,L117A,0.82,1.0699278116226196
s669,centroid,ESM-only,1DIV,L30A,2.76,1.8996080160140991
s669,centroid,ESM-only,1DIV,L30V,3.62,0.8250541687011719
s669,centroid,ESM-only,1DIV,L6A,3.1,1.3556832075119019
s669,centroid,ESM-only,1DIV,L6I,0.13,-0.07936166971921921
s669,centroid,ESM-only,1DIV,L6V,0.41,0.3979663550853729
s669,centroid,ESM-only,1DIV,L72A,3.77,2.8121185302734375
s669,centroid,ESM-only,1DIV,M1A,1.46,-0.9263799786567688
s669,centroid,ESM-only,1DIV,M1G,2.36,-0.6463573575019836
s669,centroid,ESM-only,1DIV,V21A,2.33,2.1949784755706787
s669,centroid,ESM-only,1DIV,V21I,0.4,1.710509181022644
s669,centroid,ESM-only,1DIV,V21L,1.23,1.7691363096237183
s669,centroid,ESM-only,1DIV,V3A,2.55,2.2220869064331055
s669,centroid,ESM-only,1DIV,V3I,0.31,0.7049984931945801
s669,centroid,ESM-only,1DIV,V3L,2.21,0.6010687947273254
s669,centroid,ESM-only,1DXX,K18N,3.7,0.5521159768104553
s669,centroid,ESM-only,1FH5,S18N,-0.6,1.6637932062149048
s669,centroid,ESM-only,1FT8,L212V,1.38,0.5418901443481445
s669,centroid,ESM-only,1FT8,L238I,0.35,0.8944819569587708
s669,centroid,ESM-only,1FT8,M216L,-0.27,1.8069648742675781
s669,centroid,ESM-only,1GWY,A8D,1.6,0.6739957928657532
s669,centroid,ESM-only,1ITM,C24T,3.3,1.0289639234542847
s669,centroid,ESM-only,1ITM,C3T,5.0,-0.03324032947421074
s669,centroid,ESM-only,1ITM,W91S,-1.4,0.26085421442985535
s669,centroid,ESM-only,1JLV,E64D,1.162,0.20717579126358032
s669,centroid,ESM-only,1JLV,E64N,2.3040000000000003,0.6378387212753296
s669,centroid,ESM-only,1JLV,E64Q,2.302,0.3175470232963562
s669,centroid,ESM-only,1LVM,E106G,-1.4,0.6580591797828674
s669,centroid,ESM-only,1LVM,K45F,-0.43,-0.8448262214660645
s669,centroid,ESM-only,1LVM,L56V,-0.0,0.48387518525123596
s669,centroid,ESM-only,1LVM,Q58F,-0.6,-1.2486732006072998
s669,centroid,ESM-only,1N18,E100G,2.5,2.334817409515381
s669,centroid,ESM-only,1N18,G85R,1.4,2.094794750213623
s669,centroid,ESM-only,1N18,H46R,-1.4,0.5767467021942139
s669,centroid,ESM-only,1O1U,E110A,3.3,0.8489203453063965
s669,centroid,ESM-only,1O1U,N61A,1.2,0.9549668431282043
s669,centroid,ESM-only,1O1U,Q51A,0.3,0.5984141230583191
s669,centroid,ESM-only,1O1U,Q99A,-0.3,0.9476167559623718
s669,centroid,ESM-only,1O1U,T38A,1.2,0.45507895946502686
s669,centroid,ESM-only,1O1U,W49Y,1.2,0.7485793232917786
s669,centroid,ESM-only,1OSI,I11V,0.05,1.18751060962677
s669,centroid,ESM-only,1OSI,S92F,-0.39,0.08194298297166824
s669,centroid,ESM-only,1OSI,V15I,0.78,0.3478262722492218
s669,centroid,ESM-only,1PFL,A20T,1.53,1.239667296409607
s669,centroid,ESM-only,1PFL,G117V,1.96,1.8319939374923706
s669,centroid,ESM-only,1PFL,M113T,3.53,1.427932620048523
s669,centroid,ESM-only,1PFL,T108M,-0.07,0.9060360789299011
s669,centroid,ESM-only,1PRG,Q286P,0.3,0.9538216590881348
s669,centroid,ESM-only,1PRG,R288H,-0.06,-0.598253071308136
s669,centroid,ESM-only,1PRG,V290M,-0.03,-0.4049670398235321
s669,centroid,ESM-only,1SPD,C111S,-0.8,1.3932538032531738
s669,centroid,ESM-only,1SPD,C6A,-0.1,1.5877248048782349
s669,centroid,ESM-only,1XWS,E124Q,2.9,-0.03905702382326126
s669,centroid,ESM-only,1XWS,E135K,4.59,0.017456313595175743
s669,centroid,ESM-only,1XWS,E142D,3.22,0.013347070664167404
s669,centroid,ESM-only,1XWS,Y53H,3.3,1.2981042861938477
s669,centroid,ESM-only,1XXN,N32D,0.86,0.3908519744873047
s669,centroid,ESM-only,1XXN,N54E,0.645,0.1991424709558487
s669,centroid,ESM-only,1XXN,S22E,-0.239,0.12075788527727127
s669,centroid,ESM-only,1XXN,S27E,0.645,1.311280608177185
s669,centroid,ESM-only,1XZO,F42W,-2.87,-0.5669363141059875
s669,centroid,ESM-only,1XZO,W101F,2.89,1.3056546449661255
s669,centroid,ESM-only,1XZO,W36A,8.93,1.7137550115585327
s669,centroid,ESM-only,1XZO,W36F,4.25,0.1964753270149231
s669,centroid,ESM-only,2ARF,H1069Q,0.7170000000000001,0.8899863362312317
s669,centroid,ESM-only,2H3F,E12A,-1.07,1.1730866432189941
s669,centroid,ESM-only,2JIE,H104R,-1.536,-0.26427727937698364
s669,centroid,ESM-only,2JIE,Q22S,0.209,0.6287970542907715
s669,centroid,ESM-only,2JIE,S17A,1.246,-0.5594779849052429
s669,centroid,ESM-only,2JIE,S19A,-0.951,0.11887773126363754
s669,centroid,ESM-only,2JIE,T18A,0.994,0.6735746264457703
s669,centroid,ESM-only,2JIE,W123F,-2.19,-0.6758158206939697
s669,centroid,ESM-only,2JIE,W123H,-1.06,1.332666039466858
s669,centroid,ESM-only,2JIE,Y21A,3.443,1.0758136510849
s669,centroid,ESM-only,2KS4,D9A,-1.26,0.38669466972351074
s669,centroid,ESM-only,2KS4,E2A,0.23,0.37490400671958923
s669,centroid,ESM-only,2LTB,L558P,1.57,1.9312347173690796
s669,centroid,ESM-only,2LTB,L569R,3.11,2.8515994548797607
s669,centroid,ESM-only,2LTB,M619K,3.34,0.6967077851295471
s669,centroid,ESM-only,2LTB,R533Q,1.1,0.10749860852956772
s669,centroid,ESM-only,2LTB,R555Q,0.36,2.3144707679748535
s669,centroid,ESM-only,2LTB,R555W,-1.79,1.8799620866775513
s669,centroid,ESM-only,2M5S,D302A,4.0,1.3174840211868286
s669,centroid,ESM-only,2M5S,H305A,2.0,1.8889093399047852
s669,centroid,ESM-only,2NTE,R658C,2.3,0.5633717775344849
s669,centroid,ESM-only,2PR5,A33Y,-0.5,0.09661579132080078
s669,centroid,ESM-only,2PR5,A81M,0.4,1.2646435499191284
s669,centroid,ESM-only,2PR5,D109E,-0.3,-0.19826729595661163
s669,centroid,ESM-only,2PR5,H22K,-0.3,0.017008641734719276
s669,centroid,ESM-only,2PR5,H22W,-1.2,0.018639568239450455
s669,centroid,ESM-only,2PR5,M111F,-2.9,-0.13186834752559662
s669,centroid,ESM-only,2PR5,N107F,-0.9,-0.4723924696445465
s669,centroid,ESM-only,2PR5,N107Y,-0.8,0.12123849242925644
s669,centroid,ESM-only,2PR5,N124F,-1.1,-1.5478014945983887
s669,centroid,ESM-only,2PR5,N124Y,-2.6,-0.9423434734344482
s669,centroid,ESM-only,2PR5,T30M,-0.5,1.3469094038009644
s669,centroid,ESM-only,2PR5,T50M,0.5,0.8359227180480957
s669,centroid,ESM-only,2PR5,T54Y,-0.2,0.2556125819683075
s669,centroid,ESM-only,2PR5,V120I,-1.4,0.17275124788284302
s669,centroid,ESM-only,2PR5,V25I,-0.4,-0.31408369541168213
s669,centroid,ESM-only,2PR5,V88L,0.2,0.9308276176452637
s669,centroid,ESM-only,2PR5,V90I,0.7,0.7869896292686462
s669,centroid,ESM-only,2VY0,E53A,6.597,-0.3929916322231293
s669,centroid,ESM-only,3BCI,E96Q,-1.369,0.32076799869537354
s669,centroid,ESM-only,3D3B,D118A,0.65,-0.03338847681879997
s669,centroid,ESM-only,3D3B,D118E,0.6,-0.14869768917560577
s669,centroid,ESM-only,3D3B,D118K,1.6,-0.18969596922397614
s669,centroid,ESM-only,3D3B,D118N,1.34,-0.23550991714000702
s669,centroid,ESM-only,3D3B,D118R,1.41,-0.3635384142398834
s669,centroid,ESM-only,3ECU,H46R,-0.8,0.5659646987915039
s669,centroid,ESM-only,3S4M,D122Y,1.3,0.1568504422903061
s669,centroid,ESM-only,3S4M,G130V,2.5,0.9169151186943054
s669,centroid,ESM-only,3S4M,I154F,-0.096,1.8609308004379272
s669,centroid,ESM-only,3S4M,W155R,0.693,2.164703130722046
s669,centroid,ESM-only,4BJX,A89V,-0.99,0.312157541513443
s669,centroid,ESM-only,4BUQ,Y48A,1.435,1.315903663635254
s669,centroid,ESM-only,4WAA,K65A,-0.1,-0.023508459329605103
s669,centroid,ESM-only,4WAA,K67A,2.07,-0.2653733789920807
s669,centroid,ESM-only,4WAA,R27A,0.44,1.2297855615615845
s669,centroid,ESM-only,5VP3,R39K,-0.413,0.5433047413825989
s669,centroid,ESM-only,1BA3,H461D,1.745,1.873597264289856
s669,centroid,ESM-only,1BA3,H489D,-0.287,1.9682852029800415
s669,centroid,ESM-only,1BA3,H489K,0.287,2.132385492324829
s669,centroid,ESM-only,1BA3,H489M,0.263,-0.12757760286331177
s669,centroid,ESM-only,1DIV,V129A,1.81,1.1618436574935913
s669,centroid,ESM-only,1F8I,F345A,0.455,2.828038215637207
s669,centroid,ESM-only,1FT8,L349I,-0.05,1.2268619537353516
s669,centroid,ESM-only,1LVM,S135G,-0.0,0.17063359916210175
s669,centroid,ESM-only,1NM1,D187N,0.88,1.8847507238388062
s669,centroid,ESM-only,1NM1,D187Y,1.9,2.0665624141693115
s669,centroid,ESM-only,1PRE,C159S,2.4,1.9593572616577148
s669,centroid,ESM-only,1R2Y,R244E,4.2,0.3855091333389282
s669,centroid,ESM-only,1XXN,N181R,-0.358,0.10214421153068542
s669,centroid,ESM-only,3D2A,M134E,-3.02,-0.7688410878181458
s669,centroid,ESM-only,3D2A,M137P,-3.34,-0.02931307442486286
s669,centroid,ESM-only,3D2A,S163P,-2.11,0.2868761718273163
s669,centroid,ESM-only,5OAQ,Y429H,2.99,1.2764931917190552
ssym,centroid,ESM-only,1AMQ,C191Y,2.3,1.9326181411743164
ssym,centroid,ESM-only,1AMQ,C191F,1.6,1.4663890600204468
ssym,centroid,ESM-only,1AMQ,C191W,3.9,1.7017697095870972
ssym,centroid,ESM-only,1AMQ,C191S,1.9,2.068072557449341
ssym,centroid,ESM-only,1BNI,F7L,4.1,0.5269143581390381
ssym,centroid,ESM-only,1BNI,L14A,4.5,1.4334644079208374
ssym,centroid,ESM-only,1BNI,T26A,1.7,1.2771025896072388
ssym,centroid,ESM-only,1BNI,I51V,1.1,0.425384521484375
ssym,centroid,ESM-only,1BNI,I76A,1.7,0.3450447618961334
ssym,centroid,ESM-only,1BNI,I76V,1.0,-0.3763847351074219
ssym,centroid,ESM-only,1BNI,Y78F,1.1,-0.0497102327644825
ssym,centroid,ESM-only,1BNI,I88A,4.0,3.678734064102173
ssym,centroid,ESM-only,1BNI,I88V,1.6,1.8651143312454224
ssym,centroid,ESM-only,1BNI,L89V,0.5,0.05240683630108833
ssym,centroid,ESM-only,1BNI,S91A,2.4,1.0139304399490356
ssym,centroid,ESM-only,1BNI,I96A,3.2,0.9556776881217957
ssym,centroid,ESM-only,1BNI,I96V,3.1,0.2054886370897293
ssym,centroid,ESM-only,1CEY,D12A,-2.5,0.7789635062217712
ssym,centroid,ESM-only,1CEY,D13A,-2.7,0.8446152806282043
ssym,centroid,ESM-only,1CEY,D57A,-3.3,0.758084774017334
ssym,centroid,ESM-only,1EY0,T22C,0.9,-0.08267039060592651
ssym,centroid,ESM-only,1EY0,T22V,0.9,-0.1403028964996338
ssym,centroid,ESM-only,1EY0,V23L,0.1,0.8278266787528992
ssym,centroid,ESM-only,1EY0,L25I,1.7,1.6382261514663696
ssym,centroid,ESM-only,1EY0,T33V,-0.4,0.4017794132232666
ssym,centroid,ESM-only,1EY0,T41C,-0.6,-0.09799462556838989
ssym,centroid,ESM-only,1EY0,T41I,-0.7,0.10762741416692734
ssym,centroid,ESM-only,1EY0,T41S,1.1,-0.07340225577354431
ssym,centroid,ESM-only,1EY0,T41V,-0.8,0.21665139496326447
ssym,centroid,ESM-only,1EY0,T44V,-0.1,1.2790335416793823
ssym,centroid,ESM-only,1EY0,S59A,-0.5,1.5891717672348022
ssym,centroid,ESM-only,1EY0,T62S,2.1,1.1207135915756226
ssym,centroid,ESM-only,1EY0,T62V,0.2,0.18854820728302002
ssym,centroid,ESM-only,1EY0,V66I,1.0,0.5184277296066284
ssym,centroid,ESM-only,1EY0,V66L,0.3,0.6080337166786194
ssym,centroid,ESM-only,1EY0,V66K,7.5,4.016647815704346
ssym,centroid,ESM-only,1EY0,I72L,0.2,1.1788272857666016
ssym,centroid,ESM-only,1EY0,I72V,1.2,1.4616684913635254
ssym,centroid,ESM-only,1EY0,T82S,0.7,0.06717897206544876
ssym,centroid,ESM-only,1EY0,I92V,0.4,0.42842140793800354
ssym,centroid,ESM-only,1EY0,K116G,-1.0,0.5245910286903381
ssym,centroid,ESM-only,1EY0,P117A,-0.8,1.0368447303771973
ssym,centroid,ESM-only,1EY0,P117G,-0.9,0.8325321674346924
ssym,centroid,ESM-only,1EY0,P117T,-1.1,1.3069285154342651
ssym,centroid,ESM-only,1EY0,T120C,1.7,0.7189080715179443
ssym,centroid,ESM-only,1EY0,T120S,0.6,0.8357693552970886
ssym,centroid,ESM-only,1EY0,T120V,1.8,0.5590965747833252
ssym,centroid,ESM-only,1EY0,S128A,-0.7,0.9298295974731445
ssym,centroid,ESM-only,1IHB,F71N,-0.7,0.45639607310295105
ssym,centroid,ESM-only,1IHB,F82Q,0.4,2.3568694591522217
ssym,centroid,ESM-only,1IHB,F92N,1.1,0.22561709582805634
ssym,centroid,ESM-only,1IOB,T9G,2.6,2.323784112930298
ssym,centroid,ESM-only,1L63,M6A,1.9,2.9310061931610107
ssym,centroid,ESM-only,1L63,M6L,2.8,1.859081745147705
ssym,centroid,ESM-only,1L63,E11H,-0.1,2.3280768394470215
ssym,centroid,ESM-only,1L63,E11N,0.1,2.133782148361206
ssym,centroid,ESM-only,1L63,I17A,2.7,1.7528492212295532
ssym,centroid,ESM-only,1L63,D20A,0.3,1.6907119750976562
ssym,centroid,ESM-only,1L63,D20N,-1.3,1.5955108404159546
ssym,centroid,ESM-only,1L63,D20S,-0.7,1.3344956636428833
ssym,centroid,ESM-only,1L63,I27A,3.1,4.4450249671936035
ssym,centroid,ESM-only,1L63,I27M,3.1,3.6932551860809326
ssym,centroid,ESM-only,1L63,I29A,2.6,3.8222579956054688
ssym,centroid,ESM-only,1L63,S38N,0.0,1.6258152723312378
ssym,centroid,ESM-only,1L63,A41S,0.6,0.6356896758079529
ssym,centroid,ESM-only,1L63,A42V,2.7,1.3060582876205444
ssym,centroid,ESM-only,1L63,A42S,2.3,1.38763427734375
ssym,centroid,ESM-only,1L63,K43A,1.0,1.256638526916504
ssym,centroid,ESM-only,1L63,S44A,-0.3,0.32289770245552063
ssym,centroid,ESM-only,1L63,S44I,-0.3,0.18208955228328705
ssym,centroid,ESM-only,1L63,S44L,-0.4,0.18837445974349976
ssym,centroid,ESM-only,1L63,S44K,-0.2,0.442658394575119
ssym,centroid,ESM-only,1L63,S44E,0.0,0.1708090752363205
ssym,centroid,ESM-only,1L63,S44G,0.5,0.8432348370552063
ssym,centroid,ESM-only,1L63,S44R,-0.2,0.09466936439275742
ssym,centroid,ESM-only,1L63,S44N,0.1,0.5624515414237976
ssym,centroid,ESM-only,1L63,S44F,-0.1,0.33789360523223877
ssym,centroid,ESM-only,1L63,S44P,3.0,1.199643611907959
ssym,centroid,ESM-only,1L63,S44T,0.0,0.39851441979408264
ssym,centroid,ESM-only,1L63,S44V,-0.1,0.3065541088581085
ssym,centroid,ESM-only,1L63,L46A,1.9,3.3145618438720703
ssym,centroid,ESM-only,1L63,D47A,1.0,1.2616562843322754
ssym,centroid,ESM-only,1L63,A49S,0.5,1.6182280778884888
ssym,centroid,ESM-only,1L63,I50A,2.0,2.0162203311920166
ssym,centroid,ESM-only,1L63,I50M,0.4,1.2657493352890015
ssym,centroid,ESM-only,1L63,I58A,3.2,2.9466850757598877
ssym,centroid,ESM-only,1L63,I58T,3.4,3.013500213623047
ssym,centroid,ESM-only,1L63,T59A,1.5,1.4823216199874878
ssym,centroid,ESM-only,1L63,T59D,1.2,1.1769276857376099
ssym,centroid,ESM-only,1L63,T59G,1.6,1.509033203125
ssym,centroid,ESM-only,1L63,T59N,1.1,1.8229804039001465
ssym,centroid,ESM-only,1L63,T59S,0.2,1.0159850120544434
ssym,centroid,ESM-only,1L63,T59V,1.5,1.8985496759414673
ssym,centroid,ESM-only,1L63,L66M,1.0,3.0651276111602783
ssym,centroid,ESM-only,1L63,F67A,1.9,2.3433921337127686
ssym,centroid,ESM-only,1L63,D72P,2.7,-0.20503918826580048
ssym,centroid,ESM-only,1L63,A73S,0.4,0.2174496203660965
ssym,centroid,ESM-only,1L63,V75T,1.3,1.7147079706192017
ssym,centroid,ESM-only,1L63,I78A,1.2,1.2705830335617065
ssym,centroid,ESM-only,1L63,I78M,1.5,0.6735556125640869
ssym,centroid,ESM-only,1L63,I78V,0.8,1.2386363744735718
ssym,centroid,ESM-only,1L63,A82S,0.3,0.12252476811408997
ssym,centroid,ESM-only,1L63,L84A,2.6,2.5054078102111816
ssym,centroid,ESM-only,1L63,L84M,1.9,0.753857433795929
ssym,centroid,ESM-only,1L63,V87A,1.7,0.7410213947296143
ssym,centroid,ESM-only,1L63,V87M,2.3,0.7016680836677551
ssym,centroid,ESM-only,1L63,V87I,0.3,0.2869515120983124
ssym,centroid,ESM-only,1L63,V87T,1.6,1.464495062828064
ssym,centroid,ESM-only,1L63,L91A,3.9,3.001929521560669
ssym,centroid,ESM-only,1L63,L91M,0.8,1.2273049354553223
ssym,centroid,ESM-only,1L63,D92N,1.4,2.175884246826172
ssym,centroid,ESM-only,1L63,A93S,0.2,-0.5269088745117188
ssym,centroid,ESM-only,1L63,A98C,1.0,2.1632306575775146
ssym,centroid,ESM-only,1L63,A98L,4.3,1.047190546989441
ssym,centroid,ESM-only,1L63,A98S,2.5,1.7616227865219116
ssym,centroid,ESM-only,1L63,A98V,3.2,1.0085023641586304
ssym,centroid,ESM-only,1L63,L99A,4.5,3.9063336849212646
ssym,centroid,ESM-only,1L63,L99F,0.3,2.6883504390716553
ssym,centroid,ESM-only,1L63,L99I,1.5,2.120868682861328
ssym,centroid,ESM-only,1L63,L99M,0.6,2.3779680728912354
ssym,centroid,ESM-only,1L63,L99V,2.0,3.3122270107269287
ssym,centroid,ESM-only,1L63,I100A,3.4,1.9689918756484985
ssym,centroid,ESM-only,1L63,I100M,1.6,1.0106971263885498
ssym,centroid,ESM-only,1L63,I100V,0.4,1.4476293325424194
ssym,centroid,ESM-only,1L63,N101A,1.5,-0.07394462823867798
ssym,centroid,ESM-only,1L63,M102L,1.0,2.023098945617676
ssym,centroid,ESM-only,1L63,V103A,2.2,2.063124656677246
ssym,centroid,ESM-only,1L63,V103I,0.5,2.1189582347869873
ssym,centroid,ESM-only,1L63,V103M,1.2,1.5563732385635376
ssym,centroid,ESM-only,1L63,F104M,0.4,2.4204442501068115
ssym,centroid,ESM-only,1L63,Q105M,1.2,0.422780841588974
ssym,centroid,ESM-only,1L63,M106I,-0.2,1.34535551071167
ssym,centroid,ESM-only,1L63,M106L,-0.5,1.0821670293807983
ssym,centroid,ESM-only,1L63,M106K,3.4,3.0844295024871826
ssym,centroid,ESM-only,1L63,T109D,-0.6,-0.3256131708621979
ssym,centroid,ESM-only,1L63,T109N,-0.1,0.26964476704597473
ssym,centroid,ESM-only,1L63,V111A,1.3,0.7141971588134766
ssym,centroid,ESM-only,1L63,V111I,0.9,0.2891744077205658
ssym,centroid,ESM-only,1L63,V111M,0.7,-0.15045957267284393
ssym,centroid,ESM-only,1L63,S117F,-1.1,1.4570832252502441
ssym,centroid,ESM-only,1L63,L118A,3.2,2.724975347518921
ssym,centroid,ESM-only,1L63,L118M,0.7,2.2441070079803467
ssym,centroid,ESM-only,1L63,M120L,-0.5,1.701776146888733
ssym,centroid,ESM-only,1L63,M120K,1.6,3.070204734802246
ssym,centroid,ESM-only,1L63,M120Y,0.1,2.228822946548462
ssym,centroid,ESM-only,1L63,L121M,0.8,1.892065405845642
ssym,centroid,ESM-only,1L63,A129F,1.2,2.0907833576202393
ssym,centroid,ESM-only,1L63,A129W,2.2,3.195509910583496
ssym,centroid,ESM-only,1L63,A130S,-1.0,1.069887638092041
ssym,centroid,ESM-only,1L63,L133F,0.3,1.2054543495178223
ssym,centroid,ESM-only,1L63,L133M,0.4,0.7313626408576965
ssym,centroid,ESM-only,1L63,A134S,0.1,0.7134897112846375
ssym,centroid,ESM-only,1L63,N144E,-0.5,-1.6417773962020874
ssym,centroid,ESM-only,1L63,V149A,3.2,1.2507513761520386
ssym,centroid,ESM-only,1L63,V149C,2.0,1.1021833419799805
ssym,centroid,ESM-only,1L63,V149G,4.9,2.1330788135528564
ssym,centroid,ESM-only,1L63,V149I,0.1,0.028819778934121132
ssym,centroid,ESM-only,1L63,V149M,2.8,-0.43463554978370667
ssym,centroid,ESM-only,1L63,V149T,2.8,1.2205125093460083
ssym,centroid,ESM-only,1L63,V149S,4.4,1.3537001609802246
ssym,centroid,ESM-only,1L63,T152A,1.5,1.4462229013442993
ssym,centroid,ESM-only,1L63,T152C,0.5,1.7167377471923828
ssym,centroid,ESM-only,1L63,T152I,0.4,0.7407793998718262
ssym,centroid,ESM-only,1L63,T152S,2.0,1.5275906324386597
ssym,centroid,ESM-only,1L63,T152V,-0.2,1.387414574623108
ssym,centroid,ESM-only,1L63,F153A,3.8,3.524078607559204
ssym,centroid,ESM-only,1L63,F153I,0.2,1.7784870862960815
ssym,centroid,ESM-only,1L63,F153L,-0.3,1.6793617010116577
ssym,centroid,ESM-only,1L63,F153M,0.6,1.8309332132339478
ssym,centroid,ESM-only,1L63,F153V,1.8,3.0819003582000732
ssym,centroid,ESM-only,1LZ1,V2A,1.5,0.7631084322929382
ssym,centroid,ESM-only,1LZ1,V2G,1.3,2.153085708618164
ssym,centroid,ESM-only,1LZ1,V2S,1.4,1.0343533754348755
ssym,centroid,ESM-only,1LZ1,V2Y,0.4,1.0197621583938599
ssym,centroid,ESM-only,1LZ1,V2D,1.4,0.7464465498924255
ssym,centroid,ESM-only,1LZ1,V2N,1.3,1.0466835498809814
ssym,centroid,ESM-only,1LZ1,V2R,0.4,0.8161106109619141
ssym,centroid,ESM-only,1LZ1,V2L,-0.3,0.2443518191576004
ssym,centroid,ESM-only,1LZ1,V2M,0.2,0.7807435393333435
ssym,centroid,ESM-only,1LZ1,V2F,0.8,1.1370258331298828
ssym,centroid,ESM-only,1LZ1,Y20F,0.5,-0.8877871632575989
ssym,centroid,ESM-only,1LZ1,I23A,2.5,1.1047344207763672
ssym,centroid,ESM-only,1LZ1,I23V,0.4,0.2815817892551422
ssym,centroid,ESM-only,1LZ1,Y38F,0.2,0.10598620772361755
ssym,centroid,ESM-only,1LZ1,Y45F,-0.1,-0.3855880796909332
ssym,centroid,ESM-only,1LZ1,A47P,-0.1,0.38239672780036926
ssym,centroid,ESM-only,1LZ1,Y54F,1.0,-0.4177037477493286
ssym,centroid,ESM-only,1LZ1,I56A,3.7,2.1711509227752686
ssym,centroid,ESM-only,1LZ1,I56T,4.3,2.127070188522339
ssym,centroid,ESM-only,1LZ1,I56V,1.2,1.0982412099838257
ssym,centroid,ESM-only,1LZ1,I59A,1.7,2.5397446155548096
ssym,centroid,ESM-only,1LZ1,I59G,3.8,3.720820188522339
ssym,centroid,ESM-only,1LZ1,I59V,1.1,0.9218241572380066
ssym,centroid,ESM-only,1LZ1,Y63F,0.2,-0.6978157162666321
ssym,centroid,ESM-only,1LZ1,P71G,1.6,0.6588669419288635
ssym,centroid,ESM-only,1LZ1,V74A,0.4,0.6844900250434875
ssym,centroid,ESM-only,1LZ1,V74G,0.1,1.144613265991211
ssym,centroid,ESM-only,1LZ1,V74I,1.9,0.0678606927394867
ssym,centroid,ESM-only,1LZ1,V74L,0.4,0.2402067929506302
ssym,centroid,ESM-only,1LZ1,V74M,0.4,0.39495134353637695
ssym,centroid,ESM-only,1LZ1,V74F,0.0,0.13108287751674652
ssym,centroid,ESM-only,1LZ1,V74Y,0.3,0.0977000966668129
ssym,centroid,ESM-only,1LZ1,V74D,0.4,0.5672623515129089
ssym,centroid,ESM-only,1LZ1,V74N,0.3,0.8206151127815247
ssym,centroid,ESM-only,1LZ1,V74R,0.1,0.5715455412864685
ssym,centroid,ESM-only,1LZ1,V74S,0.4,0.43817639350891113
ssym,centroid,ESM-only,1LZ1,C77A,4.6,2.346785068511963
ssym,centroid,ESM-only,1LZ1,I89A,2.7,0.9647800326347351
ssym,centroid,ESM-only,1LZ1,I89V,0.5,0.021255092695355415
ssym,centroid,ESM-only,1LZ1,D91P,0.4,0.06239079311490059
ssym,centroid,ESM-only,1LZ1,V93A,0.7,0.8915436863899231
ssym,centroid,ESM-only,1LZ1,V99A,1.0,0.8360360264778137
ssym,centroid,ESM-only,1LZ1,V100A,0.3,-0.6090559363365173
ssym,centroid,ESM-only,1LZ1,P103G,0.1,0.06933387368917465
ssym,centroid,ESM-only,1LZ1,I106A,0.9,0.49527525901794434
ssym,centroid,ESM-only,1LZ1,I106V,0.7,0.20363788306713104
ssym,centroid,ESM-only,1LZ1,V110A,-0.5,0.6283122897148132
ssym,centroid,ESM-only,1LZ1,V110D,-0.2,0.032859306782484055
ssym,centroid,ESM-only,1LZ1,V110G,2.2,1.214314579963684
ssym,centroid,ESM-only,1LZ1,V110I,0.8,-0.23191052675247192
ssym,centroid,ESM-only,1LZ1,V110L,-0.1,0.16391205787658691
ssym,centroid,ESM-only,1LZ1,V110M,-0.4,0.023654354736208916
ssym,centroid,ESM-only,1LZ1,V110N,-0.1,0.2726617157459259
ssym,centroid,ESM-only,1LZ1,V110R,-0.9,0.29372262954711914
ssym,centroid,ESM-only,1LZ1,V110F,1.9,-0.3525981605052948
ssym,centroid,ESM-only,1LZ1,V110P,-0.5,0.6305673718452454
ssym,centroid,ESM-only,1LZ1,V110Y,0.1,-0.32913753390312195
ssym,centroid,ESM-only,1LZ1,V121A,1.4,0.7077062726020813
ssym,centroid,ESM-only,1LZ1,Y124F,0.4,0.18539957702159882
ssym,centroid,ESM-only,1LZ1,V125A,1.3,1.193731665611267
ssym,centroid,ESM-only,1LZ1,V130A,0.8,0.3007812798023224
ssym,centroid,ESM-only,1OH0,Y32F,-0.2,0.8663689494132996
ssym,centroid,ESM-only,1OH0,Y57F,1.2,-1.5067238807678223
ssym,centroid,ESM-only,1RN1,Q25K,-1.4,-0.14622972905635834
ssym,centroid,ESM-only,1VQB,I47L,0.4,0.5033891797065735
ssym,centroid,ESM-only,1VQB,I47M,1.7,0.8632462620735168
ssym,centroid,ESM-only,1VQB,I47V,2.0,1.863715648651123
ssym,centroid,ESM-only,1VQB,V35I,0.6,0.39147403836250305
ssym,centroid,ESM-only,1VQB,Y41F,3.2,-0.5140073299407959
ssym,centroid,ESM-only,2LZM,I3L,-0.7,1.1900845766067505
ssym,centroid,ESM-only,2LZM,I3C,0.0,2.193713665008545
ssym,centroid,ESM-only,2LZM,I3P,3.0,3.265458345413208
ssym,centroid,ESM-only,2LZM,I3Y,2.3,2.709002733230591
ssym,centroid,ESM-only,2LZM,I3V,0.4,2.1621460914611816
ssym,centroid,ESM-only,2LZM,M6I,1.4,2.221266031265259
ssym,centroid,ESM-only,2LZM,K16E,-0.5,0.6343309283256531
ssym,centroid,ESM-only,2LZM,S38D,-0.6,0.6576866507530212
ssym,centroid,ESM-only,2LZM,N55G,0.6,0.9402694702148438
ssym,centroid,ESM-only,2LZM,K60P,0.0,0.19177179038524628
ssym,centroid,ESM-only,2LZM,G77A,-0.4,-0.1221572756767273
ssym,centroid,ESM-only,2LZM,A82P,-0.8,0.07613134384155273
ssym,centroid,ESM-only,2LZM,K85A,0.6,1.486204743385315
ssym,centroid,ESM-only,2LZM,D89A,0.5,0.3817446231842041
ssym,centroid,ESM-only,2LZM,R96A,2.0,1.827718734741211
ssym,centroid,ESM-only,2LZM,R96D,3.5,3.0493528842926025
ssym,centroid,ESM-only,2LZM,R96M,2.7,0.9156417846679688
ssym,centroid,ESM-only,2LZM,R96E,2.5,2.6809003353118896
ssym,centroid,ESM-only,2LZM,R96G,2.6,2.613631248474121
ssym,centroid,ESM-only,2LZM,R96Q,0.3,1.9103093147277832
ssym,centroid,ESM-only,2LZM,R96H,3.1,3.383768320083618
ssym,centroid,ESM-only,2LZM,R96N,3.0,3.042856454849243
ssym,centroid,ESM-only,2LZM,R96K,0.0,2.2614009380340576
ssym,centroid,ESM-only,2LZM,R96S,2.6,2.068632125854492
ssym,centroid,ESM-only,2LZM,R96Y,4.7,2.1814444065093994
ssym,centroid,ESM-only,2LZM,R96V,2.4,2.042480230331421
ssym,centroid,ESM-only,2LZM,R96W,4.5,2.332712411880493
ssym,centroid,ESM-only,2LZM,A98V,4.9,1.0703219175338745
ssym,centroid,ESM-only,2LZM,Q105A,0.6,0.5385639071464539
ssym,centroid,ESM-only,2LZM,Q105E,1.1,0.5412890911102295
ssym,centroid,ESM-only,2LZM,Q105G,1.5,0.8868000507354736
ssym,centroid,ESM-only,2LZM,G113A,-0.3,-0.6644353270530701
ssym,centroid,ESM-only,2LZM,T115E,-0.3,-0.14269094169139862
ssym,centroid,ESM-only,2LZM,N116D,-0.6,-0.6950979828834534
ssym,centroid,ESM-only,2LZM,R119E,0.0,-1.2434533834457397
ssym,centroid,ESM-only,2LZM,Q123E,-0.4,0.5416471362113953
ssym,centroid,ESM-only,2LZM,K124G,0.1,1.0463128089904785
ssym,centroid,ESM-only,2LZM,V131A,-0.3,-0.09153886884450912
ssym,centroid,ESM-only,2LZM,V131D,-0.1,-0.1860916167497635
ssym,centroid,ESM-only,2LZM,V131G,0.7,0.7378719449043274
ssym,centroid,ESM-only,2LZM,V131I,-0.2,-0.27434805035591125
ssym,centroid,ESM-only,2LZM,V131L,-0.1,-0.5665252804756165
ssym,centroid,ESM-only,2LZM,V131S,0.1,-0.10858406871557236
ssym,centroid,ESM-only,2LZM,V131M,-0.1,-0.5731821060180664
ssym,centroid,ESM-only,2LZM,V131E,-0.2,0.04813970997929573
ssym,centroid,ESM-only,2LZM,L133A,4.2,1.5053949356079102
ssym,centroid,ESM-only,2LZM,K135E,1.0,0.6631522178649902
ssym,centroid,ESM-only,2LZM,N144D,-0.4,-1.6982108354568481
ssym,centroid,ESM-only,2LZM,K147E,0.7,-0.7884998917579651
ssym,centroid,ESM-only,2LZM,V149C,2.2,0.8937830328941345
ssym,centroid,ESM-only,2LZM,T152S,2.6,1.4537934064865112
ssym,centroid,ESM-only,2LZM,R154E,1.1,0.39286425709724426
ssym,centroid,ESM-only,2LZM,G156D,2.3,0.9309502243995667
ssym,centroid,ESM-only,2LZM,T157A,0.5,1.3801213502883911
ssym,centroid,ESM-only,2LZM,T157C,1.3,1.34062922000885
ssym,centroid,ESM-only,2LZM,T157D,1.1,1.6535896062850952
ssym,centroid,ESM-only,2LZM,T157E,0.8,1.6879520416259766
ssym,centroid,ESM-only,2LZM,T157F,2.4,1.1437443494796753
ssym,centroid,ESM-only,2LZM,T157G,1.1,1.7342966794967651
ssym,centroid,ESM-only,2LZM,T157H,2.1,2.102264642715454
ssym,centroid,ESM-only,2LZM,T157I,1.5,1.1753077507019043
ssym,centroid,ESM-only,2LZM,T157L,1.7,1.0678828954696655
ssym,centroid,ESM-only,2LZM,T157N,1.2,1.8699203729629517
ssym,centroid,ESM-only,2LZM,T157R,-0.3,1.2541016340255737
ssym,centroid,ESM-only,2LZM,T157S,0.7,1.2730151414871216
ssym,centroid,ESM-only,2LZM,T157V,1.2,1.2496994733810425
ssym,centroid,ESM-only,2RN2,D10N,-0.9,0.6778864860534668
ssym,centroid,ESM-only,2RN2,E48Q,-0.2,0.07488775253295898
ssym,centroid,ESM-only,2RN2,A52F,0.5,1.1294145584106445
ssym,centroid,ESM-only,2RN2,A52I,-1.9,-0.2589431703090668
ssym,centroid,ESM-only,2RN2,A52L,-1.3,0.22628037631511688
ssym,centroid,ESM-only,2RN2,A52V,-1.7,-0.27934977412223816
ssym,centroid,ESM-only,2RN2,H62A,-0.4,0.6527476906776428
ssym,centroid,ESM-only,2RN2,H62P,-1.1,-0.23758840560913086
ssym,centroid,ESM-only,2RN2,D70N,-0.9,-0.31355705857276917
ssym,centroid,ESM-only,2RN2,V74L,-1.0,1.2828069925308228
ssym,centroid,ESM-only,2RN2,V74I,-0.6,1.2261104583740234
ssym,centroid,ESM-only,2RN2,G77A,0.9,-0.9155776500701904
ssym,centroid,ESM-only,2RN2,K95A,-0.1,1.6181246042251587
ssym,centroid,ESM-only,2RN2,K95G,-1.9,0.5136865973472595
ssym,centroid,ESM-only,2RN2,K95N,-0.9,0.9519249796867371
ssym,centroid,ESM-only,2RN2,D134A,-2.1,-0.5061394572257996
ssym,centroid,ESM-only,2RN2,D134H,-2.3,0.04634459689259529
ssym,centroid,ESM-only,2RN2,D134N,-1.0,-0.20634067058563232
ssym,centroid,ESM-only,4LYZ,M12F,-0.5,-0.1223527193069458
ssym,centroid,ESM-only,4LYZ,M12L,0.4,-0.2505914866924286
ssym,centroid,ESM-only,4LYZ,T40S,0.3,-0.0781785249710083
ssym,centroid,ESM-only,4LYZ,G49A,0.7,1.917298436164856
ssym,centroid,ESM-only,4LYZ,I55V,0.9,1.1319929361343384
ssym,centroid,ESM-only,4LYZ,I58M,1.2,1.8231195211410522
ssym,centroid,ESM-only,4LYZ,G67A,0.5,1.014534592628479
ssym,centroid,ESM-only,4LYZ,G71A,2.1,0.4333917796611786
ssym,centroid,ESM-only,4LYZ,I78M,0.9,-0.16545407474040985
ssym,centroid,ESM-only,4LYZ,S91A,0.2,-0.4575863778591156
ssym,centroid,ESM-only,4LYZ,S91T,-1.0,0.1652807742357254
ssym,centroid,ESM-only,4LYZ,I98M,0.9,0.7831918597221375
ssym,centroid,ESM-only,4LYZ,G102A,1.2,-0.23430509865283966
ssym,centroid,ESM-only,4LYZ,G117A,0.8,0.7096881866455078
ssym,centroid,ESM-only,5PTI,F22A,1.2,1.8054742813110352
ssym,centroid,ESM-only,5PTI,Y23A,5.9,2.3211569786071777
ssym,centroid,ESM-only,5PTI,Y35G,5.0,1.7838374376296997
ssym,centroid,ESM-only,5PTI,N43G,5.7,0.48552238941192627
ssym,centroid,ESM-only,5PTI,F45A,6.9,1.9869718551635742
s669,centroid,Graph-only,1BFM,M35W,0.7,0.47772416472435
s669,centroid,Graph-only,1BFM,M35Y,0.4,0.4628790616989136
s669,centroid,Graph-only,1D5G,H71Y,0.04,-0.09403292089700699
s669,centroid,Graph-only,1D5G,I20F,-0.91,0.42580410838127136
s669,centroid,Graph-only,1EKG,L198C,1.0,0.15802085399627686
s669,centroid,Graph-only,1EKG,L200C,2.0,0.356528639793396
s669,centroid,Graph-only,1EKG,L203C,-1.0,0.16149459779262543
s669,centroid,Graph-only,1EKG,S181F,2.6,-0.18866105377674103
s669,centroid,Graph-only,1FRD,H42R,-4.0,2.289945602416992
s669,centroid,Graph-only,1FXA,E94D,1.1,1.5585569143295288
s669,centroid,Graph-only,1FXA,E94K,0.4,1.2145406007766724
s669,centroid,Graph-only,1FXA,E94Q,-0.6,1.5228928327560425
s669,centroid,Graph-only,1FXA,E95K,-1.0,0.19147567451000214
s669,centroid,Graph-only,1FXA,F65A,1.0,4.357414245605469
s669,centroid,Graph-only,1FXA,F65I,0.9,2.5422017574310303
s669,centroid,Graph-only,1FXA,F65W,0.6,2.7937891483306885
s669,centroid,Graph-only,1FXA,F65Y,0.5,2.718503713607788
s669,centroid,Graph-only,1FXA,R42A,2.4,1.463660717010498
s669,centroid,Graph-only,1FXA,R42H,1.4,1.3642765283584595
s669,centroid,Graph-only,1FXA,T48A,-0.1,1.5653220415115356
s669,centroid,Graph-only,1GLU,C500A,1.22,2.3794541358947754
s669,centroid,Graph-only,1GUA,A118G,1.963,1.9351248741149902
s669,centroid,Graph-only,1GUA,A118L,1.951,0.6444733142852783
s669,centroid,Graph-only,1GUA,A85G,2.149,2.3898065090179443
s669,centroid,Graph-only,1GUA,A97G,0.863,1.5180273056030273
s669,centroid,Graph-only,1GUA,C81A,-0.283,1.4795197248458862
s669,centroid,Graph-only,1GUA,C81I,0.912,0.4680982530117035
s669,centroid,Graph-only,1GUA,C95A,0.08,0.5135447978973389
s669,centroid,Graph-only,1GUA,C96A,1.759,1.7124780416488647
s669,centroid,Graph-only,1GUA,C96L,0.043,0.6711859703063965
s669,centroid,Graph-only,1GUA,C96M,0.337,0.6806933283805847
s669,centroid,Graph-only,1GUA,D117A,0.706,0.17158611118793488
s669,centroid,Graph-only,1GUA,D129A,0.855,0.4694804251194
s669,centroid,Graph-only,1GUA,D80A,0.493,0.022098027169704437
s669,centroid,Graph-only,1GUA,E104A,-0.021,0.32478222250938416
s669,centroid,Graph-only,1GUA,E124A,0.101,0.3404308557510376
s669,centroid,Graph-only,1GUA,E125A,0.591,0.4271914064884186
s669,centroid,Graph-only,1GUA,I58A,3.274,2.523698568344116
s669,centroid,Graph-only,1GUA,I58F,1.2990000000000002,1.4129995107650757
s669,centroid,Graph-only,1GUA,I58L,0.7709999999999999,1.0025805234909058
s669,centroid,Graph-only,1GUA,K109A,0.327,0.587371289730072
s669,centroid,Graph-only,1GUA,L112A,2.593,2.220759630203247
s669,centroid,Graph-only,1GUA,L121A,2.5340000000000003,1.7495664358139038
s669,centroid,Graph-only,1GUA,L126A,3.405,2.56388258934021
s669,centroid,Graph-only,1GUA,L62A,3.46,2.512511730194092
s669,centroid,Graph-only,1GUA,L78A,3.803,2.43514084815979
s669,centroid,Graph-only,1GUA,L82A,3.529,3.0868797302246094
s669,centroid,Graph-only,1GUA,L82I,1.6,1.6383730173110962
s669,centroid,Graph-only,1GUA,L82V,1.7,1.8245644569396973
s669,centroid,Graph-only,1GUA,L86A,3.2260000000000004,3.171527147293091
s669,centroid,Graph-only,1GUA,L91A,1.575,2.3714263439178467
s669,centroid,Graph-only,1GUA,M76A,0.961,0.7360730171203613
s669,centroid,Graph-only,1GUA,N56M,-0.271,0.05145619437098503
s669,centroid,Graph-only,1GUA,N64A,1.14,0.2600075304508209
s669,centroid,Graph-only,1GUA,P63A,1.7080000000000002,1.2839484214782715
s669,centroid,Graph-only,1GUA,P93A,0.0819999999999999,1.1023212671279907
s669,centroid,Graph-only,1GUA,Q66A,0.504,0.6284336447715759
s669,centroid,Graph-only,1GUA,R100A,0.693,0.5809463262557983
s669,centroid,Graph-only,1GUA,R59A,-0.178,1.2258832454681396
s669,centroid,Graph-only,1GUA,R89L,-1.078,0.03781551495194435
s669,centroid,Graph-only,1GUA,S77A,1.5730000000000002,0.5350980758666992
s669,centroid,Graph-only,1GUA,S77T,-0.581,0.5935887098312378
s669,centroid,Graph-only,1GUA,T68A,0.109,1.4228764772415161
s669,centroid,Graph-only,1GUA,V128A,3.3680000000000003,3.0238072872161865
s669,centroid,Graph-only,1GUA,V60A,2.251,2.845872163772583
s669,centroid,Graph-only,1GUA,V69A,1.116,1.4050965309143066
s669,centroid,Graph-only,1GUA,V70A,1.77,2.321519136428833
s669,centroid,Graph-only,1GUA,V72A,1.052,2.1018264293670654
s669,centroid,Graph-only,1GUA,V72I,0.8640000000000001,0.6519672274589539
s669,centroid,Graph-only,1GUA,V98A,1.981,2.651731491088867
s669,centroid,Graph-only,1H0X,P18A,1.936,0.1867203712463379
s669,centroid,Graph-only,1H0X,P62A,2.5810000000000004,0.37651339173316956
s669,centroid,Graph-only,1HCQ,C67A,2.09,3.351799964904785
s669,centroid,Graph-only,1HCQ,C67S,1.99,3.6296730041503906
s669,centroid,Graph-only,1IOJ,G15A,-0.4,0.6809646487236023
s669,centroid,Graph-only,1IV7,A173C,-0.5,0.8477926254272461
s669,centroid,Graph-only,1IV7,F189C,2.5,0.5952983498573303
s669,centroid,Graph-only,1IV7,L162C,1.9,0.9514567852020264
s669,centroid,Graph-only,1IV9,S76Y,-4.299,0.3995039463043213
s669,centroid,Graph-only,1J8I,K25A,-0.1,0.9938721060752869
s669,centroid,Graph-only,1J8I,K66A,-0.1,0.7224550247192383
s669,centroid,Graph-only,1J8I,R23A,-0.8,0.504341185092926
s669,centroid,Graph-only,1J8I,R35A,0.1,0.8673073649406433
s669,centroid,Graph-only,1J8I,R43A,-0.7,0.44808530807495117
s669,centroid,Graph-only,1J8I,R9A,0.1,0.8424105644226074
s669,centroid,Graph-only,1JL9,A25C,1.44,0.12804453074932098
s669,centroid,Graph-only,1L6H,F39A,1.6969999999999998,3.9929771423339844
s669,centroid,Graph-only,1L6H,Y45A,0.55,2.0638015270233154
s669,centroid,Graph-only,1L6H,Y48A,1.482,2.3454134464263916
s669,centroid,Graph-only,1N88,F21A,1.39,1.8333063125610352
s669,centroid,Graph-only,1N88,I39A,1.39,2.3256776332855225
s669,centroid,Graph-only,1N88,I80A,2.79,1.1828383207321167
s669,centroid,Graph-only,1N88,I89A,2.35,1.8906797170639038
s669,centroid,Graph-only,1N88,I8V,1.52,1.6610441207885742
s669,centroid,Graph-only,1N88,L13A,1.52,2.044609785079956
s669,centroid,Graph-only,1N88,L57A,1.11,0.6296247839927673
s669,centroid,Graph-only,1N88,V12A,1.94,1.1990712881088257
s669,centroid,Graph-only,1N88,V30A,2.84,1.8841509819030762
s669,centroid,Graph-only,1N88,V43A,2.82,2.4262568950653076
s669,centroid,Graph-only,1N88,V49A,2.83,1.3054031133651733
s669,centroid,Graph-only,1N88,V51A,3.24,1.7678133249282837
s669,centroid,Graph-only,1N88,V54A,3.73,1.7120314836502075
s669,centroid,Graph-only,1N88,V81A,2.82,2.1755874156951904
s669,centroid,Graph-only,1N88,V83A,3.1,1.3165432214736938
s669,centroid,Graph-only,1N88,Y18A,-0.06,1.1240195035934448
s669,centroid,Graph-only,1N88,Y26A,4.61,1.7157255411148071
s669,centroid,Graph-only,1O6X,A31G,1.2,0.5171677470207214
s669,centroid,Graph-only,1O6X,A50G,1.4,1.0804344415664673
s669,centroid,Graph-only,1O6X,D38A,-0.36,0.06269492954015732
s669,centroid,Graph-only,1O6X,E14A,0.3,-0.006514867302030325
s669,centroid,Graph-only,1O6X,E20G,1.42,0.016215339303016663
s669,centroid,Graph-only,1O6X,F39L,1.88,0.11651764065027237
s669,centroid,Graph-only,1O6X,F65A,0.98,1.125728964805603
s669,centroid,Graph-only,1O6X,H51A,0.61,0.31302493810653687
s669,centroid,Graph-only,1O6X,I15V,0.43,0.935591995716095
s669,centroid,Graph-only,1O6X,I23V,-0.42,0.08443820476531982
s669,centroid,Graph-only,1O6X,I71V,1.31,0.34123334288597107
s669,centroid,Graph-only,1O6X,K41A,1.98,0.050310105085372925
s669,centroid,Graph-only,1O6X,L26V,0.97,0.946286678314209
s669,centroid,Graph-only,1O6X,N58A,0.08,0.6361653804779053
s669,centroid,Graph-only,1O6X,Q60G,0.49,0.4632386267185211
s669,centroid,Graph-only,1O6X,V12A,1.1,1.101181983947754
s669,centroid,Graph-only,1O6X,V52A,1.08,2.0130417346954346
s669,centroid,Graph-only,1O6X,V64G,1.1,0.17684336006641388
s669,centroid,Graph-only,1R6R,I88N,0.13,0.46197509765625
s669,centroid,Graph-only,1R6R,L50S,2.81,1.0316435098648071
s669,centroid,Graph-only,1R6R,L54S,0.24,0.4264346659183502
s669,centroid,Graph-only,1R6R,L81N,6.84,0.8739051818847656
s669,centroid,Graph-only,2BJD,V84D,4.493,1.2990626096725464
s669,centroid,Graph-only,2BJD,V84P,4.517,1.6128777265548706
s669,centroid,Graph-only,2BJD,Y86E,2.103,0.7418568730354309
s669,centroid,Graph-only,2C9Q,Y79F,0.012,0.3000427186489105
s669,centroid,Graph-only,2C9Q,Y79W,1.233,0.29382941126823425
s669,centroid,Graph-only,2CLR,H13F,-0.12,0.2661605775356293
s669,centroid,Graph-only,2CLR,H31F,-2.605,0.08432674407958984
s669,centroid,Graph-only,2CLR,H51F,1.912,0.5627618432044983
s669,centroid,Graph-only,2CLR,H84A,2.629,1.9115270376205444
s669,centroid,Graph-only,2DVV,Q443H,-0.89,1.1134999990463257
s669,centroid,Graph-only,2DVV,R419W,0.02,0.5422695875167847
s669,centroid,Graph-only,2HBB,A22G,0.32,0.5712468028068542
s669,centroid,Graph-only,2HBB,A26G,1.79,0.9451540112495422
s669,centroid,Graph-only,2HBB,A36G,1.55,1.6119707822799683
s669,centroid,Graph-only,2HBB,A39G,1.59,0.6273837089538574
s669,centroid,Graph-only,2HBB,A42G,0.33,0.29445168375968933
s669,centroid,Graph-only,2HBB,A46G,0.55,0.8407259583473206
s669,centroid,Graph-only,2HBB,D23A,0.03,0.2038670778274536
s669,centroid,Graph-only,2HBB,D23N,0.79,0.20812074840068817
s669,centroid,Graph-only,2HBB,D8A,1.3,0.30771470069885254
s669,centroid,Graph-only,2HBB,D8N,0.38,0.28888389468193054
s669,centroid,Graph-only,2HBB,E17A,1.69,0.23481714725494385
s669,centroid,Graph-only,2HBB,E17Q,0.33,0.21709339320659637
s669,centroid,Graph-only,2HBB,E38A,0.41,0.22682277858257294
s669,centroid,Graph-only,2HBB,E38Q,0.68,0.26231491565704346
s669,centroid,Graph-only,2HBB,E48Q,-0.07,0.2188750058412552
s669,centroid,Graph-only,2HBB,F31A,2.84,1.2916229963302612
s669,centroid,Graph-only,2HBB,F5L,1.15,0.34357956051826477
s669,centroid,Graph-only,2HBB,G24A,-0.02,0.4237872362136841
s669,centroid,Graph-only,2HBB,G34A,1.02,0.410590797662735
s669,centroid,Graph-only,2HBB,I18A,2.05,1.3111329078674316
s669,centroid,Graph-only,2HBB,I18V,0.07,0.32991671562194824
s669,centroid,Graph-only,2HBB,I37A,1.28,1.7278262376785278
s669,centroid,Graph-only,2HBB,I37V,-0.09,0.48379555344581604
s669,centroid,Graph-only,2HBB,I4V,0.59,0.5097610354423523
s669,centroid,Graph-only,2HBB,K10E,-0.13,0.13850818574428558
s669,centroid,Graph-only,2HBB,K10M,-0.47,0.08544071763753891
s669,centroid,Graph-only,2HBB,K12A,-0.61,0.9712346196174622
s669,centroid,Graph-only,2HBB,K12G,-0.03,1.1002790927886963
s669,centroid,Graph-only,2HBB,K12M,-1.8,0.2020655870437622
s669,centroid,Graph-only,2HBB,K14A,0.73,0.31920793652534485
s669,centroid,Graph-only,2HBB,K14G,1.3,0.6006669998168945
s669,centroid,Graph-only,2HBB,K14M,0.34,0.19013161957263947
s669,centroid,Graph-only,2HBB,K15G,1.74,0.4083770215511322
s669,centroid,Graph-only,2HBB,K15M,0.44,0.1926850527524948
s669,centroid,Graph-only,2HBB,K7M,-0.21,0.15592627227306366
s669,centroid,Graph-only,2HBB,L30A,2.76,1.6086139678955078
s669,centroid,Graph-only,2HBB,L35A,1.21,1.4710593223571777
s669,centroid,Graph-only,2HBB,L44A,1.73,0.8559567332267761
s669,centroid,Graph-only,2HBB,L47A,0.84,0.8751294016838074
s669,centroid,Graph-only,2HBB,L6A,3.1,1.4410885572433472
s669,centroid,Graph-only,2HBB,M1A,1.46,0.5283809304237366
s669,centroid,Graph-only,2HBB,T40S,0.8,0.21947944164276123
s669,centroid,Graph-only,2HBB,V21A,2.33,0.9044556617736816
s669,centroid,Graph-only,2HBB,V3A,2.55,1.1854252815246582
s669,centroid,Graph-only,2HBB,V9A,1.81,0.8732206225395203
s669,centroid,Graph-only,2JUC,C57D,2.54,0.3324466347694397
s669,centroid,Graph-only,2JUC,C57S,0.71,0.3537527620792389
s669,centroid,Graph-only,2JUC,R18A,1.75,0.175127312541008
s669,centroid,Graph-only,2KJ3,D288A,-1.2,0.3484983444213867
s669,centroid,Graph-only,2KJ3,E272A,-1.9,0.41323626041412354
s669,centroid,Graph-only,2KJ3,G278A,0.8,0.7099912166595459
s669,centroid,Graph-only,2KJ3,K229A,-1.5,0.35366639494895935
s669,centroid,Graph-only,2KJ3,L241A,-1.0,1.3296154737472534
s669,centroid,Graph-only,2KJ3,S273A,-1.4,0.6647607088088989
s669,centroid,Graph-only,2KJ3,V239A,-1.0,2.29443359375
s669,centroid,Graph-only,2KJ3,V264A,-1.0,0.8748448491096497
s669,centroid,Graph-only,2KJ3,V267A,-0.2,2.02766489982605
s669,centroid,Graph-only,2MPC,A89T,0.24,0.41844233870506287
s669,centroid,Graph-only,2MPC,R42A,-0.62,0.6404632925987244
s669,centroid,Graph-only,2MPC,R42W,-2.08,0.1640024334192276
s669,centroid,Graph-only,2N7Z,P88A,0.6,0.4832540452480316
s669,centroid,Graph-only,2OUO,A420D,-0.44,1.2047197818756104
s669,centroid,Graph-only,2PTL,A22G,2.43,2.359071969985962
s669,centroid,Graph-only,2PTL,A27P,-0.1,0.4040599763393402
s669,centroid,Graph-only,2PTL,A27V,0.83,0.13164399564266205
s669,centroid,Graph-only,2PTL,A34G,2.17,2.354339361190796
s669,centroid,Graph-only,2PTL,A34V,-1.47,1.0294204950332642
s669,centroid,Graph-only,2PTL,A43G,2.54,1.66570246219635
s669,centroid,Graph-only,2PTL,A47G,3.1,2.241488456726074
s669,centroid,Graph-only,2PTL,A49G,1.32,0.686656653881073
s669,centroid,Graph-only,2PTL,A51G,3.12,2.1194751262664795
s669,centroid,Graph-only,2PTL,A66G,0.49,0.430216521024704
s669,centroid,Graph-only,2PTL,D52A,1.21,0.001965835690498352
s669,centroid,Graph-only,2PTL,D52G,2.14,0.14693138003349304
s669,centroid,Graph-only,2PTL,D64A,0.2,0.08695033937692642
s669,centroid,Graph-only,2PTL,E35A,0.59,0.3124636113643646
s669,centroid,Graph-only,2PTL,E46G,1.19,0.16946059465408325
s669,centroid,Graph-only,2PTL,E46I,1.08,-0.1215144693851471
s669,centroid,Graph-only,2PTL,E60A,0.23,0.06352994590997696
s669,centroid,Graph-only,2PTL,F26A,3.12,1.9286800622940063
s669,centroid,Graph-only,2PTL,F26L,0.68,0.5630243420600891
s669,centroid,Graph-only,2PTL,F36A,4.15,1.8474836349487305
s669,centroid,Graph-only,2PTL,F36L,3.12,0.5848228931427002
s669,centroid,Graph-only,2PTL,F40G,3.08,1.9263159036636353
s669,centroid,Graph-only,2PTL,F40L,0.38,0.1821271926164627
s669,centroid,Graph-only,2PTL,F76L,3.34,1.0005311965942383
s669,centroid,Graph-only,2PTL,F76V,3.73,1.2346054315567017
s669,centroid,Graph-only,2PTL,G29A,1.52,0.14919783174991608
s669,centroid,Graph-only,2PTL,G29V,2.53,0.00927211344242096
s669,centroid,Graph-only,2PTL,G38A,2.08,0.8231537342071533
s669,centroid,Graph-only,2PTL,G59A,2.23,0.2230364829301834
s669,centroid,Graph-only,2PTL,G69A,2.04,0.43284669518470764
s669,centroid,Graph-only,2PTL,I20A,4.9,2.0964481830596924
s669,centroid,Graph-only,2PTL,I20V,0.56,0.8777170181274414
s669,centroid,Graph-only,2PTL,I25A,1.37,0.6568958163261414
s669,centroid,Graph-only,2PTL,I25V,0.47,0.07076052576303482
s669,centroid,Graph-only,2PTL,I74A,4.72,2.5801398754119873
s669,centroid,Graph-only,2PTL,I74V,1.69,1.3864498138427734
s669,centroid,Graph-only,2PTL,K21A,0.92,1.2926362752914429
s669,centroid,Graph-only,2PTL,K37A,0.88,0.6577128767967224
s669,centroid,Graph-only,2PTL,K42G,-0.16,1.3667082786560059
s669,centroid,Graph-only,2PTL,K55A,-0.58,0.29953739047050476
s669,centroid,Graph-only,2PTL,K56A,-0.35,0.9254114031791687
s669,centroid,Graph-only,2PTL,K68A,0.09,0.5583764910697937
s669,centroid,Graph-only,2PTL,K75A,0.45,0.5718092322349548
s669,centroid,Graph-only,2PTL,L24A,3.12,2.4034695625305176
s669,centroid,Graph-only,2PTL,L54A,2.44,1.7399741411209106
s669,centroid,Graph-only,2PTL,L72A,3.77,2.307302474975586
s669,centroid,Graph-only,2PTL,N23A,1.87,0.13099083304405212
s669,centroid,Graph-only,2PTL,N28A,1.78,0.18966709077358246
s669,centroid,Graph-only,2PTL,N58A,0.34,1.0991326570510864
s669,centroid,Graph-only,2PTL,N73A,1.73,0.27427056431770325
s669,centroid,Graph-only,2PTL,S30A,0.3,0.11244279146194458
s669,centroid,Graph-only,2PTL,S45A,-0.41,0.49999403953552246
s669,centroid,Graph-only,2PTL,S45G,0.82,0.9294939041137695
s669,centroid,Graph-only,2PTL,T19A,1.63,0.7801597714424133
s669,centroid,Graph-only,2PTL,T31A,1.17,0.22103427350521088
s669,centroid,Graph-only,2PTL,T33A,1.11,0.6012784838676453
s669,centroid,Graph-only,2PTL,T39A,1.25,0.5083663463592529
s669,centroid,Graph-only,2PTL,T44A,1.09,0.49067604541778564
s669,centroid,Graph-only,2PTL,T53G,0.17,0.31272342801094055
s669,centroid,Graph-only,2PTL,T62A,0.97,0.25643181800842285
s669,centroid,Graph-only,2PTL,T71A,1.83,1.3142999410629272
s669,centroid,Graph-only,2PTL,V18A,1.22,0.42458152770996094
s669,centroid,Graph-only,2PTL,V63A,0.92,0.33740708231925964
s669,centroid,Graph-only,2PTL,V65A,1.14,0.5955120921134949
s669,centroid,Graph-only,2PTL,Y48A,2.82,1.2414339780807495
s669,centroid,Graph-only,2PTL,Y50A,2.46,1.5836734771728516
s669,centroid,Graph-only,2PTL,Y70A,1.66,1.144707202911377
s669,centroid,Graph-only,2PTL,Y70L,-0.43,0.3971458375453949
s669,centroid,Graph-only,2RPN,E7L,-1.05,-0.08051297068595886
s669,centroid,Graph-only,2RPN,V21K,-0.39,0.19137604534626007
s669,centroid,Graph-only,2WQG,D15A,-0.3,0.32824331521987915
s669,centroid,Graph-only,2WQG,D38A,-0.1,0.43043017387390137
s669,centroid,Graph-only,2WQG,D39A,2.2,0.6702492237091064
s669,centroid,Graph-only,2WQG,D39N,2.6,0.539277970790863
s669,centroid,Graph-only,2WQG,E40Q,0.1,0.22329767048358917
s669,centroid,Graph-only,2WQG,E41G,0.4,0.6932552456855774
s669,centroid,Graph-only,2WQG,I36A,0.9,0.6429675221443176
s669,centroid,Graph-only,2WQG,I36V,0.3,0.29351046681404114
s669,centroid,Graph-only,2WQG,K14A,0.4,1.1205081939697266
s669,centroid,Graph-only,2WQG,K14G,1.9,1.5160179138183594
s669,centroid,Graph-only,2WQG,K19A,0.3,0.9388417601585388
s669,centroid,Graph-only,2WQG,K28A,0.6,0.9328579306602478
s669,centroid,Graph-only,2WQG,L13A,0.5,2.6565792560577393
s669,centroid,Graph-only,2WQG,L16A,1.3,1.8725577592849731
s669,centroid,Graph-only,2WQG,L8A,2.0,0.7043168544769287
s669,centroid,Graph-only,2WQG,Q12A,0.6,0.28221744298934937
s669,centroid,Graph-only,2WQG,Q12G,2.0,0.3304830491542816
s669,centroid,Graph-only,2WQG,Q33A,-0.1,0.4314996302127838
s669,centroid,Graph-only,2WQG,R34A,0.8,0.6136467456817627
s669,centroid,Graph-only,2WQG,S23A,0.6,0.4272502362728119
s669,centroid,Graph-only,2WQG,S6A,-0.1,0.20455686748027802
s669,centroid,Graph-only,2WQG,S6G,0.2,0.17860931158065796
s669,centroid,Graph-only,2WQG,T9S,-0.1,0.1524113416671753
s669,centroid,Graph-only,2WQG,V10A,0.1,0.8965780138969421
s669,centroid,Graph-only,2WQG,V10G,0.7,1.4133028984069824
s669,centroid,Graph-only,2WQG,V11A,-0.4,0.24467909336090088
s669,centroid,Graph-only,2WQG,V11G,-0.1,0.19986002147197723
s669,centroid,Graph-only,2WQG,V24A,0.5,0.6515045166015625
s669,centroid,Graph-only,2WQG,Y5F,2.4,0.8523017764091492
s669,centroid,Graph-only,2ZTA,E11Q,0.74,0.28256306052207947
s669,centroid,Graph-only,2ZTA,E20Q,-0.2,0.28939658403396606
s669,centroid,Graph-only,2ZTA,E22Q,1.83,0.41722962260246277
s669,centroid,Graph-only,2ZTA,K15A,0.41,0.5386614799499512
s669,centroid,Graph-only,2ZTA,K27A,0.91,0.7389819025993347
s669,centroid,Graph-only,2ZTA,K28A,0.06,0.9390201568603516
s669,centroid,Graph-only,2ZTA,K8A,0.39,0.8105673789978027
s669,centroid,Graph-only,2ZTA,R25A,1.66,0.6074467301368713
s669,centroid,Graph-only,3BN0,I20V,1.506,0.7550560832023621
s669,centroid,Graph-only,3C2I,F155S,-0.43,2.870262861251831
s669,centroid,Graph-only,3C2I,T158A,-0.47,1.0713242292404175
s669,centroid,Graph-only,3C2I,T158M,-0.25,0.4158238172531128
s669,centroid,Graph-only,3FIS,P61A,0.5,0.4798766076564789
s669,centroid,Graph-only,3G1G,D155Y,-0.34,-0.0409940667450428
s669,centroid,Graph-only,3G1G,F167Y,0.74,1.876335620880127
s669,centroid,Graph-only,3G1G,I190V,0.17,1.4117045402526855
s669,centroid,Graph-only,3G1G,R185W,-1.32,0.28227320313453674
s669,centroid,Graph-only,3K82,E334L,3.35,-0.4210681915283203
s669,centroid,Graph-only,3K82,E334Q,1.68,0.5485048890113831
s669,centroid,Graph-only,3K82,E401R,-5.49,0.16643424332141876
s669,centroid,Graph-only,3MON,R39G,-1.194,0.4123751223087311
s669,centroid,Graph-only,3MON,W3C,2.866,0.23339809477329254
s669,centroid,Graph-only,3O39,L32P,3.25,2.150172233581543
s669,centroid,Graph-only,3S92,H395R,-2.03,0.34374403953552246
s669,centroid,Graph-only,4N6V,H75W,-0.574,0.08327356725931168
s669,centroid,Graph-only,4N6V,P36G,1.362,0.2023993283510208
s669,centroid,Graph-only,4N6V,P79S,-1.745,0.1384345144033432
s669,centroid,Graph-only,4YEE,V134T,0.71,0.1625041514635086
s669,centroid,Graph-only,4YEF,T134V,0.93,-0.13422715663909912
s669,centroid,Graph-only,5JXB,D329G,1.44,0.0076857320964336395
s669,centroid,Graph-only,5JXB,D329P,1.44,0.04387788102030754
s669,centroid,Graph-only,1A0F,S11A,1.8,1.4409373998641968
s669,centroid,Graph-only,1A7V,A104H,2.69,0.35358572006225586
s669,centroid,Graph-only,1A7V,A66H,1.98,0.07863222807645798
s669,centroid,Graph-only,1A7V,A91H,1.7,0.5352299809455872
s669,centroid,Graph-only,1A7V,D3H,1.36,-0.18612462282180786
s669,centroid,Graph-only,1A7V,D58H,2.05,-0.291402667760849
s669,centroid,Graph-only,1A7V,E73H,3.01,0.16586239635944366
s669,centroid,Graph-only,1A7V,K13H,0.6,0.5228820443153381
s669,centroid,Graph-only,1A7V,K20H,2.88,0.3482748568058014
s669,centroid,Graph-only,1A7V,K31H,1.36,0.4830923080444336
s669,centroid,Graph-only,1A7V,K39H,1.86,1.377719759941101
s669,centroid,Graph-only,1A7V,K49H,2.02,0.06353957206010818
s669,centroid,Graph-only,1A7V,K84H,2.88,1.1381399631500244
s669,centroid,Graph-only,1A7V,K97H,1.97,1.298418641090393
s669,centroid,Graph-only,1BNL,D76A,0.821,-0.11816815286874771
s669,centroid,Graph-only,1DIV,D23A,0.46,0.24779899418354034
s669,centroid,Graph-only,1DIV,D23N,0.58,0.24189792573451996
s669,centroid,Graph-only,1DIV,D8N,0.3,0.2311663180589676
s669,centroid,Graph-only,1DIV,E100A,0.98,0.531037449836731
s669,centroid,Graph-only,1DIV,E100G,1.52,0.8517969250679016
s669,centroid,Graph-only,1DIV,E17Q,0.21,0.276127427816391
s669,centroid,Graph-only,1DIV,E38Q,0.56,0.27376964688301086
s669,centroid,Graph-only,1DIV,E48Q,-0.03,0.3305908739566803
s669,centroid,Graph-only,1DIV,E54Q,-0.33,0.6814368367195129
s669,centroid,Graph-only,1DIV,H106Q,1.53,0.6736642718315125
s669,centroid,Graph-only,1DIV,I115A,3.52,1.4414981603622437
s669,centroid,Graph-only,1DIV,I4A,2.22,2.037426233291626
s669,centroid,Graph-only,1DIV,I4V,0.59,0.8900559544563293
s669,centroid,Graph-only,1DIV,I79A,3.49,1.303023338317871
s669,centroid,Graph-only,1DIV,I93A,3.19,1.7522801160812378
s669,centroid,Graph-only,1DIV,I98A,4.28,2.24011492729187
s669,centroid,Graph-only,1DIV,K10M,-0.05,0.16148997843265533
s669,centroid,Graph-only,1DIV,K14M,-0.01,0.31458422541618347
s669,centroid,Graph-only,1DIV,K15M,0.31,0.3570280075073242
s669,centroid,Graph-only,1DIV,K7M,-0.35,0.1627168506383896
s669,centroid,Graph-only,1DIV,K96A,-0.61,0.23717088997364044
s669,centroid,Graph-only,1DIV,K96G,0.2,0.47614821791648865
s669,centroid,Graph-only,1DIV,L102A,2.37,2.170828104019165
s669,centroid,Graph-only,1DIV,L108A,2.33,2.1045987606048584
s669,centroid,Graph-only,1DIV,L110A,3.21,1.3801037073135376
s669,centroid,Graph-only,1DIV,L117A,0.82,1.4941545724868774
s669,centroid,Graph-only,1DIV,L30A,2.76,2.206878900527954
s669,centroid,Graph-only,1DIV,L30V,3.62,0.6545550227165222
s669,centroid,Graph-only,1DIV,L6A,3.1,1.1054285764694214
s669,centroid,Graph-only,1DIV,L6I,0.13,0.29913732409477234
s669,centroid,Graph-only,1DIV,L6V,0.41,0.31025931239128113
s669,centroid,Graph-only,1DIV,L72A,3.77,1.5522193908691406
s669,centroid,Graph-only,1DIV,M1A,1.46,1.0461888313293457
s669,centroid,Graph-only,1DIV,M1G,2.36,1.684569001197815
s669,centroid,Graph-only,1DIV,V21A,2.33,1.905859112739563
s669,centroid,Graph-only,1DIV,V21I,0.4,0.41180601716041565
s669,centroid,Graph-only,1DIV,V21L,1.23,0.43258294463157654
s669,centroid,Graph-only,1DIV,V3A,2.55,2.2430622577667236
s669,centroid,Graph-only,1DIV,V3I,0.31,0.5358749032020569
s669,centroid,Graph-only,1DIV,V3L,2.21,0.6439214944839478
s669,centroid,Graph-only,1DXX,K18N,3.7,0.2209419459104538
s669,centroid,Graph-only,1FH5,S18N,-0.6,1.7404804229736328
s669,centroid,Graph-only,1FT8,L212V,1.38,1.0913537740707397
s669,centroid,Graph-only,1FT8,L238I,0.35,0.6232396960258484
s669,centroid,Graph-only,1FT8,M216L,-0.27,0.6766359806060791
s669,centroid,Graph-only,1GWY,A8D,1.6,0.17626778781414032
s669,centroid,Graph-only,1ITM,C24T,3.3,1.022507667541504
s669,centroid,Graph-only,1ITM,C3T,5.0,0.08985430002212524
s669,centroid,Graph-only,1ITM,W91S,-1.4,0.7196018099784851
s669,centroid,Graph-only,1JLV,E64D,1.162,0.47435829043388367
s669,centroid,Graph-only,1JLV,E64N,2.3040000000000003,0.2823905646800995
s669,centroid,Graph-only,1JLV,E64Q,2.302,0.392870157957077
s669,centroid,Graph-only,1LVM,E106G,-1.4,0.17657370865345
s669,centroid,Graph-only,1LVM,K45F,-0.43,0.19835592806339264
s669,centroid,Graph-only,1LVM,L56V,-0.0,0.18033218383789062
s669,centroid,Graph-only,1LVM,Q58F,-0.6,0.06845768541097641
s669,centroid,Graph-only,1N18,E100G,2.5,0.21731235086917877
s669,centroid,Graph-only,1N18,G85R,1.4,0.3512796461582184
s669,centroid,Graph-only,1N18,H46R,-1.4,0.750758171081543
s669,centroid,Graph-only,1O1U,E110A,3.3,-0.21775007247924805
s669,centroid,Graph-only,1O1U,N61A,1.2,0.02330363728106022
s669,centroid,Graph-only,1O1U,Q51A,0.3,-0.20776782929897308
s669,centroid,Graph-only,1O1U,Q99A,-0.3,0.27525946497917175
s669,centroid,Graph-only,1O1U,T38A,1.2,0.5479967594146729
s669,centroid,Graph-only,1O1U,W49Y,1.2,0.7174094319343567
s669,centroid,Graph-only,1OSI,I11V,0.05,-0.3599679172039032
s669,centroid,Graph-only,1OSI,S92F,-0.39,0.7687373161315918
s669,centroid,Graph-only,1OSI,V15I,0.78,0.060685500502586365
s669,centroid,Graph-only,1PFL,A20T,1.53,1.3668861389160156
s669,centroid,Graph-only,1PFL,G117V,1.96,-0.10068205744028091
s669,centroid,Graph-only,1PFL,M113T,3.53,1.898368239402771
s669,centroid,Graph-only,1PFL,T108M,-0.07,0.4764057397842407
s669,centroid,Graph-only,1PRG,Q286P,0.3,1.595887303352356
s669,centroid,Graph-only,1PRG,R288H,-0.06,0.8348531723022461
s669,centroid,Graph-only,1PRG,V290M,-0.03,1.1234607696533203
s669,centroid,Graph-only,1SPD,C111S,-0.8,0.04819350317120552
s669,centroid,Graph-only,1SPD,C6A,-0.1,0.7546167373657227
s669,centroid,Graph-only,1XWS,E124Q,2.9,0.3038612902164459
s669,centroid,Graph-only,1XWS,E135K,4.59,0.1670156568288803
s669,centroid,Graph-only,1XWS,E142D,3.22,0.26307007670402527
s669,centroid,Graph-only,1XWS,Y53H,3.3,1.4353500604629517
s669,centroid,Graph-only,1XXN,N32D,0.86,-0.24993246793746948
s669,centroid,Graph-only,1XXN,N54E,0.645,0.08578532934188843
s669,centroid,Graph-only,1XXN,S22E,-0.239,-0.13739468157291412
s669,centroid,Graph-only,1XXN,S27E,0.645,0.33374181389808655
s669,centroid,Graph-only,1XZO,F42W,-2.87,0.04798070713877678
s669,centroid,Graph-only,1XZO,W101F,2.89,0.46834978461265564
s669,centroid,Graph-only,1XZO,W36A,8.93,1.3904622793197632
s669,centroid,Graph-only,1XZO,W36F,4.25,0.4313085079193115
s669,centroid,Graph-only,2ARF,H1069Q,0.7170000000000001,0.5033921599388123
s669,centroid,Graph-only,2H3F,E12A,-1.07,0.08222726732492447
s669,centroid,Graph-only,2JIE,H104R,-1.536,0.35145699977874756
s669,centroid,Graph-only,2JIE,Q22S,0.209,0.5367822647094727
s669,centroid,Graph-only,2JIE,S17A,1.246,0.08139893412590027
s669,centroid,Graph-only,2JIE,S19A,-0.951,0.2413712739944458
s669,centroid,Graph-only,2JIE,T18A,0.994,0.3080841600894928
s669,centroid,Graph-only,2JIE,W123F,-2.19,-0.46268430352211
s669,centroid,Graph-only,2JIE,W123H,-1.06,0.535701334476471
s669,centroid,Graph-only,2JIE,Y21A,3.443,1.6575387716293335
s669,centroid,Graph-only,2KS4,D9A,-1.26,0.07964920997619629
s669,centroid,Graph-only,2KS4,E2A,0.23,0.41912147402763367
s669,centroid,Graph-only,2LTB,L558P,1.57,1.8013125658035278
s669,centroid,Graph-only,2LTB,L569R,3.11,1.8052524328231812
s669,centroid,Graph-only,2LTB,M619K,3.34,0.10323097556829453
s669,centroid,Graph-only,2LTB,R533Q,1.1,0.26703375577926636
s669,centroid,Graph-only,2LTB,R555Q,0.36,0.2744213342666626
s669,centroid,Graph-only,2LTB,R555W,-1.79,0.15226347744464874
s669,centroid,Graph-only,2M5S,D302A,4.0,0.45565006136894226
s669,centroid,Graph-only,2M5S,H305A,2.0,0.7015748023986816
s669,centroid,Graph-only,2NTE,R658C,2.3,0.6697366833686829
s669,centroid,Graph-only,2PR5,A33Y,-0.5,0.04341726377606392
s669,centroid,Graph-only,2PR5,A81M,0.4,0.6805070042610168
s669,centroid,Graph-only,2PR5,D109E,-0.3,1.295395851135254
s669,centroid,Graph-only,2PR5,H22K,-0.3,-0.13146214187145233
s669,centroid,Graph-only,2PR5,H22W,-1.2,-0.24508650600910187
s669,centroid,Graph-only,2PR5,M111F,-2.9,0.3794279098510742
s669,centroid,Graph-only,2PR5,N107F,-0.9,0.014219473116099834
s669,centroid,Graph-only,2PR5,N107Y,-0.8,0.015322089195251465
s669,centroid,Graph-only,2PR5,N124F,-1.1,0.08057526499032974
s669,centroid,Graph-only,2PR5,N124Y,-2.6,0.12397599965333939
s669,centroid,Graph-only,2PR5,T30M,-0.5,0.6483002305030823
s669,centroid,Graph-only,2PR5,T50M,0.5,1.121980905532837
s669,centroid,Graph-only,2PR5,T54Y,-0.2,0.31927740573883057
s669,centroid,Graph-only,2PR5,V120I,-1.4,0.7497908473014832
s669,centroid,Graph-only,2PR5,V25I,-0.4,1.0245782136917114
s669,centroid,Graph-only,2PR5,V88L,0.2,1.1053351163864136
s669,centroid,Graph-only,2PR5,V90I,0.7,0.509939968585968
s669,centroid,Graph-only,2VY0,E53A,6.597,0.3938586711883545
s669,centroid,Graph-only,3BCI,E96Q,-1.369,1.0501164197921753
s669,centroid,Graph-only,3D3B,D118A,0.65,0.21602003276348114
s669,centroid,Graph-only,3D3B,D118E,0.6,0.23544509708881378
s669,centroid,Graph-only,3D3B,D118K,1.6,0.20210783183574677
s669,centroid,Graph-only,3D3B,D118N,1.34,0.2060094028711319
s669,centroid,Graph-only,3D3B,D118R,1.41,0.20003724098205566
s669,centroid,Graph-only,3ECU,H46R,-0.8,0.2497420310974121
s669,centroid,Graph-only,3S4M,D122Y,1.3,0.05621809884905815
s669,centroid,Graph-only,3S4M,G130V,2.5,0.35064777731895447
s669,centroid,Graph-only,3S4M,I154F,-0.096,0.5863052010536194
s669,centroid,Graph-only,3S4M,W155R,0.693,0.8277244567871094
s669,centroid,Graph-only,4BJX,A89V,-0.99,0.22274786233901978
s669,centroid,Graph-only,4BUQ,Y48A,1.435,0.6692650318145752
s669,centroid,Graph-only,4WAA,K65A,-0.1,0.5030231475830078
s669,centroid,Graph-only,4WAA,K67A,2.07,0.6333771347999573
s669,centroid,Graph-only,4WAA,R27A,0.44,0.9527222514152527
s669,centroid,Graph-only,5VP3,R39K,-0.413,0.4290110170841217
s669,centroid,Graph-only,1BA3,H461D,1.745,1.1939157247543335
s669,centroid,Graph-only,1BA3,H489D,-0.287,0.12156786769628525
s669,centroid,Graph-only,1BA3,H489K,0.287,0.10779302567243576
s669,centroid,Graph-only,1BA3,H489M,0.263,0.07437265664339066
s669,centroid,Graph-only,1DIV,V129A,1.81,0.43558236956596375
s669,centroid,Graph-only,1F8I,F345A,0.455,1.6890891790390015
s669,centroid,Graph-only,1FT8,L349I,-0.05,0.33238884806632996
s669,centroid,Graph-only,1LVM,S135G,-0.0,0.5788844227790833
s669,centroid,Graph-only,1NM1,D187N,0.88,0.3701712191104889
s669,centroid,Graph-only,1NM1,D187Y,1.9,0.05639508366584778
s669,centroid,Graph-only,1PRE,C159S,2.4,0.11213147640228271
s669,centroid,Graph-only,1R2Y,R244E,4.2,2.1710147857666016
s669,centroid,Graph-only,1XXN,N181R,-0.358,0.017898479476571083
s669,centroid,Graph-only,3D2A,M134E,-3.02,0.11260475963354111
s669,centroid,Graph-only,3D2A,M137P,-3.34,0.26916036009788513
s669,centroid,Graph-only,3D2A,S163P,-2.11,0.26660385727882385
s669,centroid,Graph-only,5OAQ,Y429H,2.99,0.013906086795032024
ssym,centroid,Graph-only,1AMQ,C191Y,2.3,0.1625603586435318
ssym,centroid,Graph-only,1AMQ,C191F,1.6,0.16337543725967407
ssym,centroid,Graph-only,1AMQ,C191W,3.9,0.190904900431633
ssym,centroid,Graph-only,1AMQ,C191S,1.9,0.8858564496040344
ssym,centroid,Graph-only,1BNI,F7L,4.1,0.9236030578613281
ssym,centroid,Graph-only,1BNI,L14A,4.5,2.103747844696045
ssym,centroid,Graph-only,1BNI,T26A,1.7,0.6014206409454346
ssym,centroid,Graph-only,1BNI,I51V,1.1,1.179402470588684
ssym,centroid,Graph-only,1BNI,I76A,1.7,2.2745702266693115
ssym,centroid,Graph-only,1BNI,I76V,1.0,1.5195566415786743
ssym,centroid,Graph-only,1BNI,Y78F,1.1,0.4766263961791992
ssym,centroid,Graph-only,1BNI,I88A,4.0,2.441011428833008
ssym,centroid,Graph-only,1BNI,I88V,1.6,1.0499844551086426
ssym,centroid,Graph-only,1BNI,L89V,0.5,1.3259735107421875
ssym,centroid,Graph-only,1BNI,S91A,2.4,0.5763954520225525
ssym,centroid,Graph-only,1BNI,I96A,3.2,1.130606770515442
ssym,centroid,Graph-only,1BNI,I96V,3.1,0.18701188266277313
ssym,centroid,Graph-only,1CEY,D12A,-2.5,0.03645358607172966
ssym,centroid,Graph-only,1CEY,D13A,-2.7,-0.3740305006504059
ssym,centroid,Graph-only,1CEY,D57A,-3.3,0.4585568904876709
ssym,centroid,Graph-only,1EY0,T22C,0.9,0.09959378093481064
ssym,centroid,Graph-only,1EY0,T22V,0.9,0.43381425738334656
ssym,centroid,Graph-only,1EY0,V23L,0.1,0.42367061972618103
ssym,centroid,Graph-only,1EY0,L25I,1.7,0.8443322777748108
ssym,centroid,Graph-only,1EY0,T33V,-0.4,0.6168316006660461
ssym,centroid,Graph-only,1EY0,T41C,-0.6,1.0935150384902954
ssym,centroid,Graph-only,1EY0,T41I,-0.7,0.9240965843200684
ssym,centroid,Graph-only,1EY0,T41S,1.1,1.6846414804458618
ssym,centroid,Graph-only,1EY0,T41V,-0.8,1.119583010673523
ssym,centroid,Graph-only,1EY0,T44V,-0.1,0.24256382882595062
ssym,centroid,Graph-only,1EY0,S59A,-0.5,0.8832295536994934
ssym,centroid,Graph-only,1EY0,T62S,2.1,0.5068642497062683
ssym,centroid,Graph-only,1EY0,T62V,0.2,0.2858578860759735
ssym,centroid,Graph-only,1EY0,V66I,1.0,0.4025113880634308
ssym,centroid,Graph-only,1EY0,V66L,0.3,0.42625701427459717
ssym,centroid,Graph-only,1EY0,V66K,7.5,1.632885456085205
ssym,centroid,Graph-only,1EY0,I72L,0.2,1.0514930486679077
ssym,centroid,Graph-only,1EY0,I72V,1.2,1.1565929651260376
ssym,centroid,Graph-only,1EY0,T82S,0.7,0.2744123637676239
ssym,centroid,Graph-only,1EY0,I92V,0.4,1.1948329210281372
ssym,centroid,Graph-only,1EY0,K116G,-1.0,0.7424302101135254
ssym,centroid,Graph-only,1EY0,P117A,-0.8,0.13820506632328033
ssym,centroid,Graph-only,1EY0,P117G,-0.9,0.5084888339042664
ssym,centroid,Graph-only,1EY0,P117T,-1.1,0.13652481138706207
ssym,centroid,Graph-only,1EY0,T120C,1.7,-0.17033009231090546
ssym,centroid,Graph-only,1EY0,T120S,0.6,0.2998659908771515
ssym,centroid,Graph-only,1EY0,T120V,1.8,-0.003551659407094121
ssym,centroid,Graph-only,1EY0,S128A,-0.7,1.245585560798645
ssym,centroid,Graph-only,1IHB,F71N,-0.7,0.35652801394462585
ssym,centroid,Graph-only,1IHB,F82Q,0.4,0.28053757548332214
ssym,centroid,Graph-only,1IHB,F92N,1.1,1.9139233827590942
ssym,centroid,Graph-only,1IOB,T9G,2.6,0.4206753969192505
ssym,centroid,Graph-only,1L63,M6A,1.9,1.0303617715835571
ssym,centroid,Graph-only,1L63,M6L,2.8,0.21997380256652832
ssym,centroid,Graph-only,1L63,E11H,-0.1,0.34445634484291077
ssym,centroid,Graph-only,1L63,E11N,0.1,0.24706578254699707
ssym,centroid,Graph-only,1L63,I17A,2.7,1.1849712133407593
ssym,centroid,Graph-only,1L63,D20A,0.3,-0.312162846326828
ssym,centroid,Graph-only,1L63,D20N,-1.3,-0.24908001720905304
ssym,centroid,Graph-only,1L63,D20S,-0.7,-0.21734756231307983
ssym,centroid,Graph-only,1L63,I27A,3.1,2.525266408920288
ssym,centroid,Graph-only,1L63,I27M,3.1,1.629452109336853
ssym,centroid,Graph-only,1L63,I29A,2.6,1.8440717458724976
ssym,centroid,Graph-only,1L63,S38N,0.0,-0.3186897337436676
ssym,centroid,Graph-only,1L63,A41S,0.6,-0.11007513850927353
ssym,centroid,Graph-only,1L63,A42V,2.7,-0.05396158620715141
ssym,centroid,Graph-only,1L63,A42S,2.3,0.8621897101402283
ssym,centroid,Graph-only,1L63,K43A,1.0,0.5783012509346008
ssym,centroid,Graph-only,1L63,S44A,-0.3,0.11469196528196335
ssym,centroid,Graph-only,1L63,S44I,-0.3,-0.035348039120435715
ssym,centroid,Graph-only,1L63,S44L,-0.4,-0.024004539474844933
ssym,centroid,Graph-only,1L63,S44K,-0.2,0.028857728466391563
ssym,centroid,Graph-only,1L63,S44E,0.0,0.10136532783508301
ssym,centroid,Graph-only,1L63,S44G,0.5,0.27135905623435974
ssym,centroid,Graph-only,1L63,S44R,-0.2,0.031755443662405014
ssym,centroid,Graph-only,1L63,S44N,0.1,0.01781909167766571
ssym,centroid,Graph-only,1L63,S44F,-0.1,-0.010423566214740276
ssym,centroid,Graph-only,1L63,S44P,3.0,0.21922653913497925
ssym,centroid,Graph-only,1L63,S44T,0.0,-0.007258951663970947
ssym,centroid,Graph-only,1L63,S44V,-0.1,-0.013040800578892231
ssym,centroid,Graph-only,1L63,L46A,1.9,2.155304193496704
ssym,centroid,Graph-only,1L63,D47A,1.0,0.11766482144594193
ssym,centroid,Graph-only,1L63,A49S,0.5,0.17682786285877228
ssym,centroid,Graph-only,1L63,I50A,2.0,1.412252426147461
ssym,centroid,Graph-only,1L63,I50M,0.4,0.4839673936367035
ssym,centroid,Graph-only,1L63,I58A,3.2,2.2131693363189697
ssym,centroid,Graph-only,1L63,I58T,3.4,2.214215040206909
ssym,centroid,Graph-only,1L63,T59A,1.5,0.42374852299690247
ssym,centroid,Graph-only,1L63,T59D,1.2,0.3171793520450592
ssym,centroid,Graph-only,1L63,T59G,1.6,0.7566463351249695
ssym,centroid,Graph-only,1L63,T59N,1.1,0.266742080450058
ssym,centroid,Graph-only,1L63,T59S,0.2,0.24463097751140594
ssym,centroid,Graph-only,1L63,T59V,1.5,0.1816873550415039
ssym,centroid,Graph-only,1L63,L66M,1.0,0.978905200958252
ssym,centroid,Graph-only,1L63,F67A,1.9,2.0223214626312256
ssym,centroid,Graph-only,1L63,D72P,2.7,0.28483936190605164
ssym,centroid,Graph-only,1L63,A73S,0.4,0.22972102463245392
ssym,centroid,Graph-only,1L63,V75T,1.3,0.6137387156486511
ssym,centroid,Graph-only,1L63,I78A,1.2,1.4210883378982544
ssym,centroid,Graph-only,1L63,I78M,1.5,0.35489121079444885
ssym,centroid,Graph-only,1L63,I78V,0.8,0.478240966796875
ssym,centroid,Graph-only,1L63,A82S,0.3,0.21856248378753662
ssym,centroid,Graph-only,1L63,L84A,2.6,1.3789520263671875
ssym,centroid,Graph-only,1L63,L84M,1.9,0.3601244390010834
ssym,centroid,Graph-only,1L63,V87A,1.7,1.2714014053344727
ssym,centroid,Graph-only,1L63,V87M,2.3,0.22116613388061523
ssym,centroid,Graph-only,1L63,V87I,0.3,0.19856519997119904
ssym,centroid,Graph-only,1L63,V87T,1.6,0.46221432089805603
ssym,centroid,Graph-only,1L63,L91A,3.9,1.0535060167312622
ssym,centroid,Graph-only,1L63,L91M,0.8,0.4173065721988678
ssym,centroid,Graph-only,1L63,D92N,1.4,-0.03548097237944603
ssym,centroid,Graph-only,1L63,A93S,0.2,0.0476485975086689
ssym,centroid,Graph-only,1L63,A98C,1.0,0.21639548242092133
ssym,centroid,Graph-only,1L63,A98L,4.3,0.24721471965312958
ssym,centroid,Graph-only,1L63,A98S,2.5,1.1389416456222534
ssym,centroid,Graph-only,1L63,A98V,3.2,0.32432806491851807
ssym,centroid,Graph-only,1L63,L99A,4.5,1.6466015577316284
ssym,centroid,Graph-only,1L63,L99F,0.3,0.8697378039360046
ssym,centroid,Graph-only,1L63,L99I,1.5,0.5496090054512024
ssym,centroid,Graph-only,1L63,L99M,0.6,0.7511902451515198
ssym,centroid,Graph-only,1L63,L99V,2.0,0.7157824635505676
ssym,centroid,Graph-only,1L63,I100A,3.4,1.967098593711853
ssym,centroid,Graph-only,1L63,I100M,1.6,0.9404687285423279
ssym,centroid,Graph-only,1L63,I100V,0.4,0.9107549786567688
ssym,centroid,Graph-only,1L63,N101A,1.5,0.5667142868041992
ssym,centroid,Graph-only,1L63,M102L,1.0,0.37085917592048645
ssym,centroid,Graph-only,1L63,V103A,2.2,1.1253048181533813
ssym,centroid,Graph-only,1L63,V103I,0.5,0.12355490773916245
ssym,centroid,Graph-only,1L63,V103M,1.2,0.1576281189918518
ssym,centroid,Graph-only,1L63,F104M,0.4,0.4692811071872711
ssym,centroid,Graph-only,1L63,Q105M,1.2,-0.09939834475517273
ssym,centroid,Graph-only,1L63,M106I,-0.2,0.13320650160312653
ssym,centroid,Graph-only,1L63,M106L,-0.5,0.18511825799942017
ssym,centroid,Graph-only,1L63,M106K,3.4,0.8473081588745117
ssym,centroid,Graph-only,1L63,T109D,-0.6,0.1985441893339157
ssym,centroid,Graph-only,1L63,T109N,-0.1,0.1857663244009018
ssym,centroid,Graph-only,1L63,V111A,1.3,1.6580756902694702
ssym,centroid,Graph-only,1L63,V111I,0.9,0.19079959392547607
ssym,centroid,Graph-only,1L63,V111M,0.7,0.34179529547691345
ssym,centroid,Graph-only,1L63,S117F,-1.1,0.15223555266857147
ssym,centroid,Graph-only,1L63,L118A,3.2,1.820973515510559
ssym,centroid,Graph-only,1L63,L118M,0.7,0.412454217672348
ssym,centroid,Graph-only,1L63,M120L,-0.5,0.4608277380466461
ssym,centroid,Graph-only,1L63,M120K,1.6,1.2221513986587524
ssym,centroid,Graph-only,1L63,M120Y,0.1,0.46222028136253357
ssym,centroid,Graph-only,1L63,L121M,0.8,0.6325003504753113
ssym,centroid,Graph-only,1L63,A129F,1.2,0.40023064613342285
ssym,centroid,Graph-only,1L63,A129W,2.2,0.39479777216911316
ssym,centroid,Graph-only,1L63,A130S,-1.0,0.5223562717437744
ssym,centroid,Graph-only,1L63,L133F,0.3,0.9985167980194092
ssym,centroid,Graph-only,1L63,L133M,0.4,0.8811869621276855
ssym,centroid,Graph-only,1L63,A134S,0.1,0.6853861808776855
ssym,centroid,Graph-only,1L63,N144E,-0.5,0.14741665124893188
ssym,centroid,Graph-only,1L63,V149A,3.2,1.410057544708252
ssym,centroid,Graph-only,1L63,V149C,2.0,0.9281325340270996
ssym,centroid,Graph-only,1L63,V149G,4.9,1.6825019121170044
ssym,centroid,Graph-only,1L63,V149I,0.1,0.557620108127594
ssym,centroid,Graph-only,1L63,V149M,2.8,0.8139085173606873
ssym,centroid,Graph-only,1L63,V149T,2.8,1.360373854637146
ssym,centroid,Graph-only,1L63,V149S,4.4,1.7070989608764648
ssym,centroid,Graph-only,1L63,T152A,1.5,0.8173770308494568
ssym,centroid,Graph-only,1L63,T152C,0.5,-0.04227754846215248
ssym,centroid,Graph-only,1L63,T152I,0.4,-0.09716981649398804
ssym,centroid,Graph-only,1L63,T152S,2.0,1.0279035568237305
ssym,centroid,Graph-only,1L63,T152V,-0.2,0.1558254212141037
ssym,centroid,Graph-only,1L63,F153A,3.8,1.842373013496399
ssym,centroid,Graph-only,1L63,F153I,0.2,0.622753918170929
ssym,centroid,Graph-only,1L63,F153L,-0.3,0.6737777590751648
ssym,centroid,Graph-only,1L63,F153M,0.6,0.7698295712471008
ssym,centroid,Graph-only,1L63,F153V,1.8,0.7828717231750488
ssym,centroid,Graph-only,1LZ1,V2A,1.5,0.40193530917167664
ssym,centroid,Graph-only,1LZ1,V2G,1.3,0.25706419348716736
ssym,centroid,Graph-only,1LZ1,V2S,1.4,0.20769231021404266
ssym,centroid,Graph-only,1LZ1,V2Y,0.4,0.1719072014093399
ssym,centroid,Graph-only,1LZ1,V2D,1.4,0.22164137661457062
ssym,centroid,Graph-only,1LZ1,V2N,1.3,0.21395401656627655
ssym,centroid,Graph-only,1LZ1,V2R,0.4,0.2112448364496231
ssym,centroid,Graph-only,1LZ1,V2L,-0.3,0.1628945916891098
ssym,centroid,Graph-only,1LZ1,V2M,0.2,0.16615338623523712
ssym,centroid,Graph-only,1LZ1,V2F,0.8,0.18410640954971313
ssym,centroid,Graph-only,1LZ1,Y20F,0.5,0.17764000594615936
ssym,centroid,Graph-only,1LZ1,I23A,2.5,1.6322542428970337
ssym,centroid,Graph-only,1LZ1,I23V,0.4,0.8299434185028076
ssym,centroid,Graph-only,1LZ1,Y38F,0.2,0.6183694005012512
ssym,centroid,Graph-only,1LZ1,Y45F,-0.1,-0.6668000817298889
ssym,centroid,Graph-only,1LZ1,A47P,-0.1,-0.13088002800941467
ssym,centroid,Graph-only,1LZ1,Y54F,1.0,0.08692411333322525
ssym,centroid,Graph-only,1LZ1,I56A,3.7,2.063061237335205
ssym,centroid,Graph-only,1LZ1,I56T,4.3,2.00679087638855
ssym,centroid,Graph-only,1LZ1,I56V,1.2,1.1922606229782104
ssym,centroid,Graph-only,1LZ1,I59A,1.7,1.9178333282470703
ssym,centroid,Graph-only,1LZ1,I59G,3.8,2.134565830230713
ssym,centroid,Graph-only,1LZ1,I59V,1.1,1.305784821510315
ssym,centroid,Graph-only,1LZ1,Y63F,0.2,-0.3341064453125
ssym,centroid,Graph-only,1LZ1,P71G,1.6,-0.23118875920772552
ssym,centroid,Graph-only,1LZ1,V74A,0.4,0.15996205806732178
ssym,centroid,Graph-only,1LZ1,V74G,0.1,0.27275872230529785
ssym,centroid,Graph-only,1LZ1,V74I,1.9,-0.4766335189342499
ssym,centroid,Graph-only,1LZ1,V74L,0.4,-0.44704219698905945
ssym,centroid,Graph-only,1LZ1,V74M,0.4,-0.4523007571697235
ssym,centroid,Graph-only,1LZ1,V74F,0.0,-0.37011289596557617
ssym,centroid,Graph-only,1LZ1,V74Y,0.3,-0.4340410530567169
ssym,centroid,Graph-only,1LZ1,V74D,0.4,-0.22167395055294037
ssym,centroid,Graph-only,1LZ1,V74N,0.3,-0.20326347649097443
ssym,centroid,Graph-only,1LZ1,V74R,0.1,-0.28240418434143066
ssym,centroid,Graph-only,1LZ1,V74S,0.4,-0.32488664984703064
ssym,centroid,Graph-only,1LZ1,C77A,4.6,1.3128894567489624
ssym,centroid,Graph-only,1LZ1,I89A,2.7,1.9753942489624023
ssym,centroid,Graph-only,1LZ1,I89V,0.5,0.8821320533752441
ssym,centroid,Graph-only,1LZ1,D91P,0.4,0.8673605918884277
ssym,centroid,Graph-only,1LZ1,V93A,0.7,2.023212194442749
ssym,centroid,Graph-only,1LZ1,V99A,1.0,1.771872639656067
ssym,centroid,Graph-only,1LZ1,V100A,0.3,1.6556857824325562
ssym,centroid,Graph-only,1LZ1,P103G,0.1,0.19829849898815155
ssym,centroid,Graph-only,1LZ1,I106A,0.9,1.837630271911621
ssym,centroid,Graph-only,1LZ1,I106V,0.7,1.060850739479065
ssym,centroid,Graph-only,1LZ1,V110A,-0.5,0.43101295828819275
ssym,centroid,Graph-only,1LZ1,V110D,-0.2,0.20884005725383759
ssym,centroid,Graph-only,1LZ1,V110G,2.2,0.24481940269470215
ssym,centroid,Graph-only,1LZ1,V110I,0.8,0.1764577478170395
ssym,centroid,Graph-only,1LZ1,V110L,-0.1,0.17479336261749268
ssym,centroid,Graph-only,1LZ1,V110M,-0.4,0.176732137799263
ssym,centroid,Graph-only,1LZ1,V110N,-0.1,0.20933543145656586
ssym,centroid,Graph-only,1LZ1,V110R,-0.9,0.20449447631835938
ssym,centroid,Graph-only,1LZ1,V110F,1.9,0.1884331852197647
ssym,centroid,Graph-only,1LZ1,V110P,-0.5,0.32731130719184875
ssym,centroid,Graph-only,1LZ1,V110Y,0.1,0.17967510223388672
ssym,centroid,Graph-only,1LZ1,V121A,1.4,2.1069958209991455
ssym,centroid,Graph-only,1LZ1,Y124F,0.4,1.1642556190490723
ssym,centroid,Graph-only,1LZ1,V125A,1.3,2.898538827896118
ssym,centroid,Graph-only,1LZ1,V130A,0.8,1.7171720266342163
ssym,centroid,Graph-only,1OH0,Y32F,-0.2,0.5519564151763916
ssym,centroid,Graph-only,1OH0,Y57F,1.2,0.4888305366039276
ssym,centroid,Graph-only,1RN1,Q25K,-1.4,0.4233061373233795
ssym,centroid,Graph-only,1VQB,I47L,0.4,0.8986596465110779
ssym,centroid,Graph-only,1VQB,I47M,1.7,0.9787556529045105
ssym,centroid,Graph-only,1VQB,I47V,2.0,1.018532395362854
ssym,centroid,Graph-only,1VQB,V35I,0.6,0.24482017755508423
ssym,centroid,Graph-only,1VQB,Y41F,3.2,0.3800603449344635
ssym,centroid,Graph-only,2LZM,I3L,-0.7,0.6853657364845276
ssym,centroid,Graph-only,2LZM,I3C,0.0,0.8307948708534241
ssym,centroid,Graph-only,2LZM,I3P,3.0,2.3546833992004395
ssym,centroid,Graph-only,2LZM,I3Y,2.3,0.7869541645050049
ssym,centroid,Graph-only,2LZM,I3V,0.4,0.8606648445129395
ssym,centroid,Graph-only,2LZM,M6I,1.4,0.11340364813804626
ssym,centroid,Graph-only,2LZM,K16E,-0.5,0.03892182931303978
ssym,centroid,Graph-only,2LZM,S38D,-0.6,-0.34757447242736816
ssym,centroid,Graph-only,2LZM,N55G,0.6,0.5209469795227051
ssym,centroid,Graph-only,2LZM,K60P,0.0,1.3743363618850708
ssym,centroid,Graph-only,2LZM,G77A,-0.4,0.44394245743751526
ssym,centroid,Graph-only,2LZM,A82P,-0.8,0.2338278740644455
ssym,centroid,Graph-only,2LZM,K85A,0.6,0.22010089457035065
ssym,centroid,Graph-only,2LZM,D89A,0.5,0.12829914689064026
ssym,centroid,Graph-only,2LZM,R96A,2.0,0.2348637729883194
ssym,centroid,Graph-only,2LZM,R96D,3.5,0.3478882312774658
ssym,centroid,Graph-only,2LZM,R96M,2.7,0.0719776377081871
ssym,centroid,Graph-only,2LZM,R96E,2.5,0.4278898239135742
ssym,centroid,Graph-only,2LZM,R96G,2.6,0.5544942021369934
ssym,centroid,Graph-only,2LZM,R96Q,0.3,0.2344292849302292
ssym,centroid,Graph-only,2LZM,R96H,3.1,0.2691429555416107
ssym,centroid,Graph-only,2LZM,R96N,3.0,0.23950423300266266
ssym,centroid,Graph-only,2LZM,R96K,0.0,0.2802271544933319
ssym,centroid,Graph-only,2LZM,R96S,2.6,0.3018016815185547
ssym,centroid,Graph-only,2LZM,R96Y,4.7,0.08744402974843979
ssym,centroid,Graph-only,2LZM,R96V,2.4,0.09830683469772339
ssym,centroid,Graph-only,2LZM,R96W,4.5,0.09964016824960709
ssym,centroid,Graph-only,2LZM,A98V,4.9,0.44893527030944824
ssym,centroid,Graph-only,2LZM,Q105A,0.6,0.3582797944545746
ssym,centroid,Graph-only,2LZM,Q105E,1.1,0.8981512188911438
ssym,centroid,Graph-only,2LZM,Q105G,1.5,0.7777025103569031
ssym,centroid,Graph-only,2LZM,G113A,-0.3,0.45918452739715576
ssym,centroid,Graph-only,2LZM,T115E,-0.3,0.31857216358184814
ssym,centroid,Graph-only,2LZM,N116D,-0.6,0.1477290838956833
ssym,centroid,Graph-only,2LZM,R119E,0.0,0.3405003249645233
ssym,centroid,Graph-only,2LZM,Q123E,-0.4,0.3086971044540405
ssym,centroid,Graph-only,2LZM,K124G,0.1,0.5084927082061768
ssym,centroid,Graph-only,2LZM,V131A,-0.3,0.2892589867115021
ssym,centroid,Graph-only,2LZM,V131D,-0.1,0.23121483623981476
ssym,centroid,Graph-only,2LZM,V131G,0.7,0.6036398410797119
ssym,centroid,Graph-only,2LZM,V131I,-0.2,0.1535450518131256
ssym,centroid,Graph-only,2LZM,V131L,-0.1,0.146676704287529
ssym,centroid,Graph-only,2LZM,V131S,0.1,0.17023517191410065
ssym,centroid,Graph-only,2LZM,V131M,-0.1,0.1559573858976364
ssym,centroid,Graph-only,2LZM,V131E,-0.2,0.263587087392807
ssym,centroid,Graph-only,2LZM,L133A,4.2,2.038524627685547
ssym,centroid,Graph-only,2LZM,K135E,1.0,0.251369446516037
ssym,centroid,Graph-only,2LZM,N144D,-0.4,0.1541849970817566
ssym,centroid,Graph-only,2LZM,K147E,0.7,1.050329327583313
ssym,centroid,Graph-only,2LZM,V149C,2.2,1.0450537204742432
ssym,centroid,Graph-only,2LZM,T152S,2.6,1.3211114406585693
ssym,centroid,Graph-only,2LZM,R154E,1.1,0.1316721886396408
ssym,centroid,Graph-only,2LZM,G156D,2.3,-0.07727440446615219
ssym,centroid,Graph-only,2LZM,T157A,0.5,0.5351540446281433
ssym,centroid,Graph-only,2LZM,T157C,1.3,-0.14710235595703125
ssym,centroid,Graph-only,2LZM,T157D,1.1,0.5065919160842896
ssym,centroid,Graph-only,2LZM,T157E,0.8,0.5979065299034119
ssym,centroid,Graph-only,2LZM,T157F,2.4,0.024235328659415245
ssym,centroid,Graph-only,2LZM,T157G,1.1,0.8964573740959167
ssym,centroid,Graph-only,2LZM,T157H,2.1,0.6763995289802551
ssym,centroid,Graph-only,2LZM,T157I,1.5,-0.06634924560785294
ssym,centroid,Graph-only,2LZM,T157L,1.7,-0.005885034799575806
ssym,centroid,Graph-only,2LZM,T157N,1.2,0.3412146270275116
ssym,centroid,Graph-only,2LZM,T157R,-0.3,0.22538411617279053
ssym,centroid,Graph-only,2LZM,T157S,0.7,0.3256720304489136
ssym,centroid,Graph-only,2LZM,T157V,1.2,0.010087947361171246
ssym,centroid,Graph-only,2RN2,D10N,-0.9,0.5843812823295593
ssym,centroid,Graph-only,2RN2,E48Q,-0.2,0.6991102695465088
ssym,centroid,Graph-only,2RN2,A52F,0.5,0.3457385301589966
ssym,centroid,Graph-only,2RN2,A52I,-1.9,0.2074752300977707
ssym,centroid,Graph-only,2RN2,A52L,-1.3,0.26928791403770447
ssym,centroid,Graph-only,2RN2,A52V,-1.7,0.3391902446746826
ssym,centroid,Graph-only,2RN2,H62A,-0.4,0.5697165131568909
ssym,centroid,Graph-only,2RN2,H62P,-1.1,1.0057951211929321
ssym,centroid,Graph-only,2RN2,D70N,-0.9,0.1760677844285965
ssym,centroid,Graph-only,2RN2,V74L,-1.0,0.7185547947883606
ssym,centroid,Graph-only,2RN2,V74I,-0.6,0.4620843231678009
ssym,centroid,Graph-only,2RN2,G77A,0.9,1.198456883430481
ssym,centroid,Graph-only,2RN2,K95A,-0.1,0.3152589499950409
ssym,centroid,Graph-only,2RN2,K95G,-1.9,0.4589556157588959
ssym,centroid,Graph-only,2RN2,K95N,-0.9,0.2727299928665161
ssym,centroid,Graph-only,2RN2,D134A,-2.1,0.12832750380039215
ssym,centroid,Graph-only,2RN2,D134H,-2.3,0.39804890751838684
ssym,centroid,Graph-only,2RN2,D134N,-1.0,0.3654627799987793
ssym,centroid,Graph-only,4LYZ,M12F,-0.5,1.1436206102371216
ssym,centroid,Graph-only,4LYZ,M12L,0.4,1.046735167503357
ssym,centroid,Graph-only,4LYZ,T40S,0.3,1.3175272941589355
ssym,centroid,Graph-only,4LYZ,G49A,0.7,0.25274571776390076
ssym,centroid,Graph-only,4LYZ,I55V,0.9,0.9952653050422668
ssym,centroid,Graph-only,4LYZ,I58M,1.2,1.124678134918213
ssym,centroid,Graph-only,4LYZ,G67A,0.5,-0.3388638496398926
ssym,centroid,Graph-only,4LYZ,G71A,2.1,-0.3515937626361847
ssym,centroid,Graph-only,4LYZ,I78M,0.9,0.22191576659679413
ssym,centroid,Graph-only,4LYZ,S91A,0.2,0.739995539188385
ssym,centroid,Graph-only,4LYZ,S91T,-1.0,0.5551055073738098
ssym,centroid,Graph-only,4LYZ,I98M,0.9,0.8358991742134094
ssym,centroid,Graph-only,4LYZ,G102A,1.2,0.0492548942565918
ssym,centroid,Graph-only,4LYZ,G117A,0.8,0.6343231201171875
ssym,centroid,Graph-only,5PTI,F22A,1.2,1.3809641599655151
ssym,centroid,Graph-only,5PTI,Y23A,5.9,2.744227170944214
ssym,centroid,Graph-only,5PTI,Y35G,5.0,1.5031806230545044
ssym,centroid,Graph-only,5PTI,N43G,5.7,1.6366338729858398
ssym,centroid,Graph-only,5PTI,F45A,6.9,1.750801920890808
s669,centroid,ESM+Graph,1BFM,M35W,0.7,0.9051461219787598
s669,centroid,ESM+Graph,1BFM,M35Y,0.4,0.30178844928741455
s669,centroid,ESM+Graph,1D5G,H71Y,0.04,-0.23287494480609894
s669,centroid,ESM+Graph,1D5G,I20F,-0.91,1.2904009819030762
s669,centroid,ESM+Graph,1EKG,L198C,1.0,0.861213743686676
s669,centroid,ESM+Graph,1EKG,L200C,2.0,0.6554908156394958
s669,centroid,ESM+Graph,1EKG,L203C,-1.0,-0.20769643783569336
s669,centroid,ESM+Graph,1EKG,S181F,2.6,-0.7663620114326477
s669,centroid,ESM+Graph,1FRD,H42R,-4.0,0.1552181839942932
s669,centroid,ESM+Graph,1FXA,E94D,1.1,0.18816043436527252
s669,centroid,ESM+Graph,1FXA,E94K,0.4,0.7267141342163086
s669,centroid,ESM+Graph,1FXA,E94Q,-0.6,0.15119808912277222
s669,centroid,ESM+Graph,1FXA,E95K,-1.0,0.546175479888916
s669,centroid,ESM+Graph,1FXA,F65A,1.0,0.7821111679077148
s669,centroid,ESM+Graph,1FXA,F65I,0.9,-0.30327728390693665
s669,centroid,ESM+Graph,1FXA,F65W,0.6,0.30506426095962524
s669,centroid,ESM+Graph,1FXA,F65Y,0.5,0.3486056327819824
s669,centroid,ESM+Graph,1FXA,R42A,2.4,0.7326583862304688
s669,centroid,ESM+Graph,1FXA,R42H,1.4,0.6532736420631409
s669,centroid,ESM+Graph,1FXA,T48A,-0.1,0.8167431354522705
s669,centroid,ESM+Graph,1GLU,C500A,1.22,2.151453733444214
s669,centroid,ESM+Graph,1GUA,A118G,1.963,0.768444836139679
s669,centroid,ESM+Graph,1GUA,A118L,1.951,-0.10761758685112
s669,centroid,ESM+Graph,1GUA,A85G,2.149,0.8710171580314636
s669,centroid,ESM+Graph,1GUA,A97G,0.863,1.214769721031189
s669,centroid,ESM+Graph,1GUA,C81A,-0.283,0.3711145222187042
s669,centroid,ESM+Graph,1GUA,C81I,0.912,-0.5041451454162598
s669,centroid,ESM+Graph,1GUA,C95A,0.08,0.4154374599456787
s669,centroid,ESM+Graph,1GUA,C96A,1.759,1.0469542741775513
s669,centroid,ESM+Graph,1GUA,C96L,0.043,0.2419298142194748
s669,centroid,ESM+Graph,1GUA,C96M,0.337,-0.02339106611907482
s669,centroid,ESM+Graph,1GUA,D117A,0.706,0.7219951748847961
s669,centroid,ESM+Graph,1GUA,D129A,0.855,0.39999714493751526
s669,centroid,ESM+Graph,1GUA,D80A,0.493,0.2584756910800934
s669,centroid,ESM+Graph,1GUA,E104A,-0.021,0.26594769954681396
s669,centroid,ESM+Graph,1GUA,E124A,0.101,0.3858304023742676
s669,centroid,ESM+Graph,1GUA,E125A,0.591,0.40122750401496887
s669,centroid,ESM+Graph,1GUA,I58A,3.274,2.1152286529541016
s669,centroid,ESM+Graph,1GUA,I58F,1.2990000000000002,1.021836280822754
s669,centroid,ESM+Graph,1GUA,I58L,0.7709999999999999,0.5600939989089966
s669,centroid,ESM+Graph,1GUA,K109A,0.327,0.5054544806480408
s669,centroid,ESM+Graph,1GUA,L112A,2.593,0.9227326512336731
s669,centroid,ESM+Graph,1GUA,L121A,2.5340000000000003,0.7544400095939636
s669,centroid,ESM+Graph,1GUA,L126A,3.405,0.38196730613708496
s669,centroid,ESM+Graph,1GUA,L62A,3.46,0.9820888042449951
s669,centroid,ESM+Graph,1GUA,L78A,3.803,1.7670645713806152
s669,centroid,ESM+Graph,1GUA,L82A,3.529,3.5990097522735596
s669,centroid,ESM+Graph,1GUA,L82I,1.6,1.5255130529403687
s669,centroid,ESM+Graph,1GUA,L82V,1.7,1.7588014602661133
s669,centroid,ESM+Graph,1GUA,L86A,3.2260000000000004,2.8399696350097656
s669,centroid,ESM+Graph,1GUA,L91A,1.575,0.6321375966072083
s669,centroid,ESM+Graph,1GUA,M76A,0.961,1.2636243104934692
s669,centroid,ESM+Graph,1GUA,N56M,-0.271,-0.6269884705543518
s669,centroid,ESM+Graph,1GUA,N64A,1.14,0.4222431182861328
s669,centroid,ESM+Graph,1GUA,P63A,1.7080000000000002,1.2086137533187866
s669,centroid,ESM+Graph,1GUA,P93A,0.0819999999999999,0.1420421451330185
s669,centroid,ESM+Graph,1GUA,Q66A,0.504,-0.31596997380256653
s669,centroid,ESM+Graph,1GUA,R100A,0.693,0.26520469784736633
s669,centroid,ESM+Graph,1GUA,R59A,-0.178,-0.8552039265632629
s669,centroid,ESM+Graph,1GUA,R89L,-1.078,-0.421621173620224
s669,centroid,ESM+Graph,1GUA,S77A,1.5730000000000002,1.8844956159591675
s669,centroid,ESM+Graph,1GUA,S77T,-0.581,0.5912423729896545
s669,centroid,ESM+Graph,1GUA,T68A,0.109,-0.10972956568002701
s669,centroid,ESM+Graph,1GUA,V128A,3.3680000000000003,0.7652986645698547
s669,centroid,ESM+Graph,1GUA,V60A,2.251,1.8178995847702026
s669,centroid,ESM+Graph,1GUA,V69A,1.116,0.569518506526947
s669,centroid,ESM+Graph,1GUA,V70A,1.77,1.5003684759140015
s669,centroid,ESM+Graph,1GUA,V72A,1.052,0.8518979549407959
s669,centroid,ESM+Graph,1GUA,V72I,0.8640000000000001,0.29674452543258667
s669,centroid,ESM+Graph,1GUA,V98A,1.981,1.4870790243148804
s669,centroid,ESM+Graph,1H0X,P18A,1.936,0.2130390852689743
s669,centroid,ESM+Graph,1H0X,P62A,2.5810000000000004,0.16642503440380096
s669,centroid,ESM+Graph,1HCQ,C67A,2.09,1.562234878540039
s669,centroid,ESM+Graph,1HCQ,C67S,1.99,2.2205891609191895
s669,centroid,ESM+Graph,1IOJ,G15A,-0.4,0.3373366594314575
s669,centroid,ESM+Graph,1IV7,A173C,-0.5,1.2693215608596802
s669,centroid,ESM+Graph,1IV7,F189C,2.5,1.5637311935424805
s669,centroid,ESM+Graph,1IV7,L162C,1.9,1.7308441400527954
s669,centroid,ESM+Graph,1IV9,S76Y,-4.299,1.271751046180725
s669,centroid,ESM+Graph,1J8I,K25A,-0.1,-0.4751533567905426
s669,centroid,ESM+Graph,1J8I,K66A,-0.1,-0.33660992980003357
s669,centroid,ESM+Graph,1J8I,R23A,-0.8,-0.4784764051437378
s669,centroid,ESM+Graph,1J8I,R35A,0.1,0.27240803837776184
s669,centroid,ESM+Graph,1J8I,R43A,-0.7,-0.6619263291358948
s669,centroid,ESM+Graph,1J8I,R9A,0.1,0.2932943105697632
s669,centroid,ESM+Graph,1JL9,A25C,1.44,-0.17709094285964966
s669,centroid,ESM+Graph,1L6H,F39A,1.6969999999999998,1.004032850265503
s669,centroid,ESM+Graph,1L6H,Y45A,0.55,0.6801309585571289
s669,centroid,ESM+Graph,1L6H,Y48A,1.482,0.612571656703949
s669,centroid,ESM+Graph,1N88,F21A,1.39,0.039790958166122437
s669,centroid,ESM+Graph,1N88,I39A,1.39,1.167167067527771
s669,centroid,ESM+Graph,1N88,I80A,2.79,1.4482450485229492
s669,centroid,ESM+Graph,1N88,I89A,2.35,1.050958275794983
s669,centroid,ESM+Graph,1N88,I8V,1.52,1.0491619110107422
s669,centroid,ESM+Graph,1N88,L13A,1.52,1.1957879066467285
s669,centroid,ESM+Graph,1N88,L57A,1.11,1.3234955072402954
s669,centroid,ESM+Graph,1N88,V12A,1.94,1.4790650606155396
s669,centroid,ESM+Graph,1N88,V30A,2.84,1.7654973268508911
s669,centroid,ESM+Graph,1N88,V43A,2.82,2.2944188117980957
s669,centroid,ESM+Graph,1N88,V49A,2.83,0.9999942779541016
s669,centroid,ESM+Graph,1N88,V51A,3.24,2.357436418533325
s669,centroid,ESM+Graph,1N88,V54A,3.73,1.509067416191101
s669,centroid,ESM+Graph,1N88,V81A,2.82,3.4887771606445312
s669,centroid,ESM+Graph,1N88,V83A,3.1,2.402489423751831
s669,centroid,ESM+Graph,1N88,Y18A,-0.06,1.3216673135757446
s669,centroid,ESM+Graph,1N88,Y26A,4.61,2.0834619998931885
s669,centroid,ESM+Graph,1O6X,A31G,1.2,0.8455781936645508
s669,centroid,ESM+Graph,1O6X,A50G,1.4,-0.040513765066862106
s669,centroid,ESM+Graph,1O6X,D38A,-0.36,0.31400930881500244
s669,centroid,ESM+Graph,1O6X,E14A,0.3,-0.17202900350093842
s669,centroid,ESM+Graph,1O6X,E20G,1.42,1.7316888570785522
s669,centroid,ESM+Graph,1O6X,F39L,1.88,0.7521199584007263
s669,centroid,ESM+Graph,1O6X,F65A,0.98,-0.07144618034362793
s669,centroid,ESM+Graph,1O6X,H51A,0.61,-0.25898268818855286
s669,centroid,ESM+Graph,1O6X,I15V,0.43,0.0038897544145584106
s669,centroid,ESM+Graph,1O6X,I23V,-0.42,-0.32208290696144104
s669,centroid,ESM+Graph,1O6X,I71V,1.31,0.17490069568157196
s669,centroid,ESM+Graph,1O6X,K41A,1.98,0.4682070314884186
s669,centroid,ESM+Graph,1O6X,L26V,0.97,0.35490694642066956
s669,centroid,ESM+Graph,1O6X,N58A,0.08,-0.07631797343492508
s669,centroid,ESM+Graph,1O6X,Q60G,0.49,0.38195666670799255
s669,centroid,ESM+Graph,1O6X,V12A,1.1,1.625588297843933
s669,centroid,ESM+Graph,1O6X,V52A,1.08,0.7089183926582336
s669,centroid,ESM+Graph,1O6X,V64G,1.1,3.7304108142852783
s669,centroid,ESM+Graph,1R6R,I88N,0.13,1.6887702941894531
s669,centroid,ESM+Graph,1R6R,L50S,2.81,1.1559643745422363
s669,centroid,ESM+Graph,1R6R,L54S,0.24,0.7710461020469666
s669,centroid,ESM+Graph,1R6R,L81N,6.84,1.0713733434677124
s669,centroid,ESM+Graph,2BJD,V84D,4.493,3.677821397781372
s669,centroid,ESM+Graph,2BJD,V84P,4.517,3.913341522216797
s669,centroid,ESM+Graph,2BJD,Y86E,2.103,1.9934086799621582
s669,centroid,ESM+Graph,2C9Q,Y79F,0.012,0.9339807033538818
s669,centroid,ESM+Graph,2C9Q,Y79W,1.233,1.8859076499938965
s669,centroid,ESM+Graph,2CLR,H13F,-0.12,-0.25848057866096497
s669,centroid,ESM+Graph,2CLR,H31F,-2.605,0.6986841559410095
s669,centroid,ESM+Graph,2CLR,H51F,1.912,0.18447335064411163
s669,centroid,ESM+Graph,2CLR,H84A,2.629,1.1699814796447754
s669,centroid,ESM+Graph,2DVV,Q443H,-0.89,0.6219010949134827
s669,centroid,ESM+Graph,2DVV,R419W,0.02,-0.02951984293758869
s669,centroid,ESM+Graph,2HBB,A22G,0.32,0.35851266980171204
s669,centroid,ESM+Graph,2HBB,A26G,1.79,2.407743453979492
s669,centroid,ESM+Graph,2HBB,A36G,1.55,0.8166946768760681
s669,centroid,ESM+Graph,2HBB,A39G,1.59,1.7673815488815308
s669,centroid,ESM+Graph,2HBB,A42G,0.33,0.3170040249824524
s669,centroid,ESM+Graph,2HBB,A46G,0.55,1.1046074628829956
s669,centroid,ESM+Graph,2HBB,D23A,0.03,0.6184698939323425
s669,centroid,ESM+Graph,2HBB,D23N,0.79,0.8316240310668945
s669,centroid,ESM+Graph,2HBB,D8A,1.3,1.0047904253005981
s669,centroid,ESM+Graph,2HBB,D8N,0.38,0.8978047966957092
s669,centroid,ESM+Graph,2HBB,E17A,1.69,0.8889079093933105
s669,centroid,ESM+Graph,2HBB,E17Q,0.33,0.7181479930877686
s669,centroid,ESM+Graph,2HBB,E38A,0.41,0.6507667303085327
s669,centroid,ESM+Graph,2HBB,E38Q,0.68,0.0922321155667305
s669,centroid,ESM+Graph,2HBB,E48Q,-0.07,-0.015134585089981556
s669,centroid,ESM+Graph,2HBB,F31A,2.84,0.4958854019641876
s669,centroid,ESM+Graph,2HBB,F5L,1.15,0.30986812710762024
s669,centroid,ESM+Graph,2HBB,G24A,-0.02,0.3624402582645416
s669,centroid,ESM+Graph,2HBB,G34A,1.02,1.2403806447982788
s669,centroid,ESM+Graph,2HBB,I18A,2.05,2.0204598903656006
s669,centroid,ESM+Graph,2HBB,I18V,0.07,0.16484369337558746
s669,centroid,ESM+Graph,2HBB,I37A,1.28,0.8187296390533447
s669,centroid,ESM+Graph,2HBB,I37V,-0.09,0.377458781003952
s669,centroid,ESM+Graph,2HBB,I4V,0.59,-0.17919276654720306
s669,centroid,ESM+Graph,2HBB,K10E,-0.13,0.7989439964294434
s669,centroid,ESM+Graph,2HBB,K10M,-0.47,0.33787083625793457
s669,centroid,ESM+Graph,2HBB,K12A,-0.61,0.6879679560661316
s669,centroid,ESM+Graph,2HBB,K12G,-0.03,1.2292219400405884
s669,centroid,ESM+Graph,2HBB,K12M,-1.8,0.049788933247327805
s669,centroid,ESM+Graph,2HBB,K14A,0.73,1.5117411613464355
s669,centroid,ESM+Graph,2HBB,K14G,1.3,2.129424810409546
s669,centroid,ESM+Graph,2HBB,K14M,0.34,0.9363107681274414
s669,centroid,ESM+Graph,2HBB,K15G,1.74,1.5592808723449707
s669,centroid,ESM+Graph,2HBB,K15M,0.44,1.1949037313461304
s669,centroid,ESM+Graph,2HBB,K7M,-0.21,-0.13715589046478271
s669,centroid,ESM+Graph,2HBB,L30A,2.76,1.3674243688583374
s669,centroid,ESM+Graph,2HBB,L35A,1.21,1.407784104347229
s669,centroid,ESM+Graph,2HBB,L44A,1.73,1.9954500198364258
s669,centroid,ESM+Graph,2HBB,L47A,0.84,2.26958966255188
s669,centroid,ESM+Graph,2HBB,L6A,3.1,0.7562215924263
s669,centroid,ESM+Graph,2HBB,M1A,1.46,-0.9470305442810059
s669,centroid,ESM+Graph,2HBB,T40S,0.8,1.1192245483398438
s669,centroid,ESM+Graph,2HBB,V21A,2.33,2.4197652339935303
s669,centroid,ESM+Graph,2HBB,V3A,2.55,3.5175533294677734
s669,centroid,ESM+Graph,2HBB,V9A,1.81,1.6307411193847656
s669,centroid,ESM+Graph,2JUC,C57D,2.54,0.5237584114074707
s669,centroid,ESM+Graph,2JUC,C57S,0.71,1.192069172859192
s669,centroid,ESM+Graph,2JUC,R18A,1.75,0.7176144123077393
s669,centroid,ESM+Graph,2KJ3,D288A,-1.2,1.431309700012207
s669,centroid,ESM+Graph,2KJ3,E272A,-1.9,0.24602490663528442
s669,centroid,ESM+Graph,2KJ3,G278A,0.8,1.0604819059371948
s669,centroid,ESM+Graph,2KJ3,K229A,-1.5,0.8822010159492493
s669,centroid,ESM+Graph,2KJ3,L241A,-1.0,1.0907527208328247
s669,centroid,ESM+Graph,2KJ3,S273A,-1.4,0.49712297320365906
s669,centroid,ESM+Graph,2KJ3,V239A,-1.0,0.7485077977180481
s669,centroid,ESM+Graph,2KJ3,V264A,-1.0,1.253859519958496
s669,centroid,ESM+Graph,2KJ3,V267A,-0.2,0.7927956581115723
s669,centroid,ESM+Graph,2MPC,A89T,0.24,0.12222131341695786
s669,centroid,ESM+Graph,2MPC,R42A,-0.62,-0.062301039695739746
s669,centroid,ESM+Graph,2MPC,R42W,-2.08,-1.1238175630569458
s669,centroid,ESM+Graph,2N7Z,P88A,0.6,0.054564911872148514
s669,centroid,ESM+Graph,2OUO,A420D,-0.44,0.0671725943684578
s669,centroid,ESM+Graph,2PTL,A22G,2.43,2.487964630126953
s669,centroid,ESM+Graph,2PTL,A27P,-0.1,0.8186323046684265
s669,centroid,ESM+Graph,2PTL,A27V,0.83,0.13265155255794525
s669,centroid,ESM+Graph,2PTL,A34G,2.17,0.7425367832183838
s669,centroid,ESM+Graph,2PTL,A34V,-1.47,-0.4550422430038452
s669,centroid,ESM+Graph,2PTL,A43G,2.54,1.7615796327590942
s669,centroid,ESM+Graph,2PTL,A47G,3.1,2.3777875900268555
s669,centroid,ESM+Graph,2PTL,A49G,1.32,0.1997341513633728
s669,centroid,ESM+Graph,2PTL,A51G,3.12,1.7547982931137085
s669,centroid,ESM+Graph,2PTL,A66G,0.49,0.15641005337238312
s669,centroid,ESM+Graph,2PTL,D52A,1.21,-0.13137581944465637
s669,centroid,ESM+Graph,2PTL,D52G,2.14,0.09546121209859848
s669,centroid,ESM+Graph,2PTL,D64A,0.2,1.2856162786483765
s669,centroid,ESM+Graph,2PTL,E35A,0.59,0.33070555329322815
s669,centroid,ESM+Graph,2PTL,E46G,1.19,0.18464107811450958
s669,centroid,ESM+Graph,2PTL,E46I,1.08,0.13704897463321686
s669,centroid,ESM+Graph,2PTL,E60A,0.23,0.17580829560756683
s669,centroid,ESM+Graph,2PTL,F26A,3.12,1.113390326499939
s669,centroid,ESM+Graph,2PTL,F26L,0.68,0.2895226776599884
s669,centroid,ESM+Graph,2PTL,F36A,4.15,1.8953790664672852
s669,centroid,ESM+Graph,2PTL,F36L,3.12,0.9277920722961426
s669,centroid,ESM+Graph,2PTL,F40G,3.08,0.34306439757347107
s669,centroid,ESM+Graph,2PTL,F40L,0.38,-0.2903038263320923
s669,centroid,ESM+Graph,2PTL,F76L,3.34,0.2176228165626526
s669,centroid,ESM+Graph,2PTL,F76V,3.73,0.11054810136556625
s669,centroid,ESM+Graph,2PTL,G29A,1.52,0.9180510640144348
s669,centroid,ESM+Graph,2PTL,G29V,2.53,0.8170567154884338
s669,centroid,ESM+Graph,2PTL,G38A,2.08,1.6363277435302734
s669,centroid,ESM+Graph,2PTL,G59A,2.23,0.7010877132415771
s669,centroid,ESM+Graph,2PTL,G69A,2.04,0.7091172337532043
s669,centroid,ESM+Graph,2PTL,I20A,4.9,1.8987927436828613
s669,centroid,ESM+Graph,2PTL,I20V,0.56,2.1588456630706787
s669,centroid,ESM+Graph,2PTL,I25A,1.37,1.1443125009536743
s669,centroid,ESM+Graph,2PTL,I25V,0.47,-0.3418148458003998
s669,centroid,ESM+Graph,2PTL,I74A,4.72,1.2252659797668457
s669,centroid,ESM+Graph,2PTL,I74V,1.69,1.0629444122314453
s669,centroid,ESM+Graph,2PTL,K21A,0.92,1.3221083879470825
s669,centroid,ESM+Graph,2PTL,K37A,0.88,0.6052350997924805
s669,centroid,ESM+Graph,2PTL,K42G,-0.16,0.4143613278865814
s669,centroid,ESM+Graph,2PTL,K55A,-0.58,0.5805019736289978
s669,centroid,ESM+Graph,2PTL,K56A,-0.35,0.6007022261619568
s669,centroid,ESM+Graph,2PTL,K68A,0.09,0.6368027329444885
s669,centroid,ESM+Graph,2PTL,K75A,0.45,1.095747470855713
s669,centroid,ESM+Graph,2PTL,L24A,3.12,1.741371512413025
s669,centroid,ESM+Graph,2PTL,L54A,2.44,1.0402116775512695
s669,centroid,ESM+Graph,2PTL,L72A,3.77,2.0240888595581055
s669,centroid,ESM+Graph,2PTL,N23A,1.87,0.8853281140327454
s669,centroid,ESM+Graph,2PTL,N28A,1.78,0.8156402707099915
s669,centroid,ESM+Graph,2PTL,N58A,0.34,0.8973838686943054
s669,centroid,ESM+Graph,2PTL,N73A,1.73,1.8013267517089844
s669,centroid,ESM+Graph,2PTL,S30A,0.3,0.2612934410572052
s669,centroid,ESM+Graph,2PTL,S45A,-0.41,0.31073060631752014
s669,centroid,ESM+Graph,2PTL,S45G,0.82,0.423363596200943
s669,centroid,ESM+Graph,2PTL,T19A,1.63,0.7231599688529968
s669,centroid,ESM+Graph,2PTL,T31A,1.17,0.16406118869781494
s669,centroid,ESM+Graph,2PTL,T33A,1.11,0.4565778970718384
s669,centroid,ESM+Graph,2PTL,T39A,1.25,0.7184643745422363
s669,centroid,ESM+Graph,2PTL,T44A,1.09,0.6053464412689209
s669,centroid,ESM+Graph,2PTL,T53G,0.17,0.13349603116512299
s669,centroid,ESM+Graph,2PTL,T62A,0.97,1.4101476669311523
s669,centroid,ESM+Graph,2PTL,T71A,1.83,0.9316287040710449
s669,centroid,ESM+Graph,2PTL,V18A,1.22,0.4871058464050293
s669,centroid,ESM+Graph,2PTL,V63A,0.92,2.299553632736206
s669,centroid,ESM+Graph,2PTL,V65A,1.14,0.7551522850990295
s669,centroid,ESM+Graph,2PTL,Y48A,2.82,0.3460487425327301
s669,centroid,ESM+Graph,2PTL,Y50A,2.46,1.0275193452835083
s669,centroid,ESM+Graph,2PTL,Y70A,1.66,0.9512588381767273
s669,centroid,ESM+Graph,2PTL,Y70L,-0.43,0.29471534490585327
s669,centroid,ESM+Graph,2RPN,E7L,-1.05,-0.6014451384544373
s669,centroid,ESM+Graph,2RPN,V21K,-0.39,-0.4997265338897705
s669,centroid,ESM+Graph,2WQG,D15A,-0.3,1.679867148399353
s669,centroid,ESM+Graph,2WQG,D38A,-0.1,1.2282072305679321
s669,centroid,ESM+Graph,2WQG,D39A,2.2,0.499495267868042
s669,centroid,ESM+Graph,2WQG,D39N,2.6,0.16134850680828094
s669,centroid,ESM+Graph,2WQG,E40Q,0.1,0.18656788766384125
s669,centroid,ESM+Graph,2WQG,E41G,0.4,0.2764028012752533
s669,centroid,ESM+Graph,2WQG,I36A,0.9,0.1440475732088089
s669,centroid,ESM+Graph,2WQG,I36V,0.3,0.3411845266819
s669,centroid,ESM+Graph,2WQG,K14A,0.4,0.30152860283851624
s669,centroid,ESM+Graph,2WQG,K14G,1.9,1.0955044031143188
s669,centroid,ESM+Graph,2WQG,K19A,0.3,0.6993753910064697
s669,centroid,ESM+Graph,2WQG,K28A,0.6,-0.12280970066785812
s669,centroid,ESM+Graph,2WQG,L13A,0.5,1.431139349937439
s669,centroid,ESM+Graph,2WQG,L16A,1.3,3.6763546466827393
s669,centroid,ESM+Graph,2WQG,L8A,2.0,1.084614872932434
s669,centroid,ESM+Graph,2WQG,Q12A,0.6,3.3415496349334717
s669,centroid,ESM+Graph,2WQG,Q12G,2.0,3.028301239013672
s669,centroid,ESM+Graph,2WQG,Q33A,-0.1,1.162772297859192
s669,centroid,ESM+Graph,2WQG,R34A,0.8,1.8450807332992554
s669,centroid,ESM+Graph,2WQG,S23A,0.6,0.6753664016723633
s669,centroid,ESM+Graph,2WQG,S6A,-0.1,0.6124155521392822
s669,centroid,ESM+Graph,2WQG,S6G,0.2,0.7201467156410217
s669,centroid,ESM+Graph,2WQG,T9S,-0.1,1.221002459526062
s669,centroid,ESM+Graph,2WQG,V10A,0.1,-0.21220917999744415
s669,centroid,ESM+Graph,2WQG,V10G,0.7,0.286787748336792
s669,centroid,ESM+Graph,2WQG,V11A,-0.4,0.7609428763389587
s669,centroid,ESM+Graph,2WQG,V11G,-0.1,1.2550476789474487
s669,centroid,ESM+Graph,2WQG,V24A,0.5,0.7607839703559875
s669,centroid,ESM+Graph,2WQG,Y5F,2.4,0.07313952594995499
s669,centroid,ESM+Graph,2ZTA,E11Q,0.74,-0.1495351344347
s669,centroid,ESM+Graph,2ZTA,E20Q,-0.2,0.17612682282924652
s669,centroid,ESM+Graph,2ZTA,E22Q,1.83,0.4215252101421356
s669,centroid,ESM+Graph,2ZTA,K15A,0.41,0.35043561458587646
s669,centroid,ESM+Graph,2ZTA,K27A,0.91,0.6206661462783813
s669,centroid,ESM+Graph,2ZTA,K28A,0.06,-0.10343315452337265
s669,centroid,ESM+Graph,2ZTA,K8A,0.39,0.46046367287635803
s669,centroid,ESM+Graph,2ZTA,R25A,1.66,1.0597623586654663
s669,centroid,ESM+Graph,3BN0,I20V,1.506,0.22268462181091309
s669,centroid,ESM+Graph,3C2I,F155S,-0.43,3.1461498737335205
s669,centroid,ESM+Graph,3C2I,T158A,-0.47,2.0206315517425537
s669,centroid,ESM+Graph,3C2I,T158M,-0.25,1.539751410484314
s669,centroid,ESM+Graph,3FIS,P61A,0.5,0.2215641289949417
s669,centroid,ESM+Graph,3G1G,D155Y,-0.34,0.20301537215709686
s669,centroid,ESM+Graph,3G1G,F167Y,0.74,1.4521409273147583
s669,centroid,ESM+Graph,3G1G,I190V,0.17,0.2615665793418884
s669,centroid,ESM+Graph,3G1G,R185W,-1.32,0.7888721823692322
s669,centroid,ESM+Graph,3K82,E334L,3.35,0.41223469376564026
s669,centroid,ESM+Graph,3K82,E334Q,1.68,0.24541664123535156
s669,centroid,ESM+Graph,3K82,E401R,-5.49,-0.006878832820802927
s669,centroid,ESM+Graph,3MON,R39G,-1.194,1.5356264114379883
s669,centroid,ESM+Graph,3MON,W3C,2.866,-0.1933400183916092
s669,centroid,ESM+Graph,3O39,L32P,3.25,1.9910138845443726
s669,centroid,ESM+Graph,3S92,H395R,-2.03,0.6868913769721985
s669,centroid,ESM+Graph,4N6V,H75W,-0.574,-1.1827820539474487
s669,centroid,ESM+Graph,4N6V,P36G,1.362,0.00729283457621932
s669,centroid,ESM+Graph,4N6V,P79S,-1.745,0.2587079405784607
s669,centroid,ESM+Graph,4YEE,V134T,0.71,1.2225598096847534
s669,centroid,ESM+Graph,4YEF,T134V,0.93,0.20096106827259064
s669,centroid,ESM+Graph,5JXB,D329G,1.44,0.19057317078113556
s669,centroid,ESM+Graph,5JXB,D329P,1.44,0.1247001513838768
s669,centroid,ESM+Graph,1A0F,S11A,1.8,1.1015329360961914
s669,centroid,ESM+Graph,1A7V,A104H,2.69,0.45372962951660156
s669,centroid,ESM+Graph,1A7V,A66H,1.98,-0.2665700912475586
s669,centroid,ESM+Graph,1A7V,A91H,1.7,0.20704907178878784
s669,centroid,ESM+Graph,1A7V,D3H,1.36,1.5001252889633179
s669,centroid,ESM+Graph,1A7V,D58H,2.05,0.5160568356513977
s669,centroid,ESM+Graph,1A7V,E73H,3.01,0.3051379323005676
s669,centroid,ESM+Graph,1A7V,K13H,0.6,0.6027687191963196
s669,centroid,ESM+Graph,1A7V,K20H,2.88,0.4276663362979889
s669,centroid,ESM+Graph,1A7V,K31H,1.36,0.15802188217639923
s669,centroid,ESM+Graph,1A7V,K39H,1.86,0.7407215237617493
s669,centroid,ESM+Graph,1A7V,K49H,2.02,-0.12438052892684937
s669,centroid,ESM+Graph,1A7V,K84H,2.88,0.6775898933410645
s669,centroid,ESM+Graph,1A7V,K97H,1.97,0.14444850385189056
s669,centroid,ESM+Graph,1BNL,D76A,0.821,0.8986906409263611
s669,centroid,ESM+Graph,1DIV,D23A,0.46,-0.06494695693254471
s669,centroid,ESM+Graph,1DIV,D23N,0.58,0.12006199359893799
s669,centroid,ESM+Graph,1DIV,D8N,0.3,0.2404950112104416
s669,centroid,ESM+Graph,1DIV,E100A,0.98,0.10280370712280273
s669,centroid,ESM+Graph,1DIV,E100G,1.52,0.6639870405197144
s669,centroid,ESM+Graph,1DIV,E17Q,0.21,0.07570798695087433
s669,centroid,ESM+Graph,1DIV,E38Q,0.56,-0.09524992108345032
s669,centroid,ESM+Graph,1DIV,E48Q,-0.03,-0.0839453861117363
s669,centroid,ESM+Graph,1DIV,E54Q,-0.33,0.3163791298866272
s669,centroid,ESM+Graph,1DIV,H106Q,1.53,0.18376880884170532
s669,centroid,ESM+Graph,1DIV,I115A,3.52,2.7997467517852783
s669,centroid,ESM+Graph,1DIV,I4A,2.22,2.151808738708496
s669,centroid,ESM+Graph,1DIV,I4V,0.59,0.4731557071208954
s669,centroid,ESM+Graph,1DIV,I79A,3.49,2.8637144565582275
s669,centroid,ESM+Graph,1DIV,I93A,3.19,2.9608724117279053
s669,centroid,ESM+Graph,1DIV,I98A,4.28,1.8555346727371216
s669,centroid,ESM+Graph,1DIV,K10M,-0.05,-0.10230719298124313
s669,centroid,ESM+Graph,1DIV,K14M,-0.01,-0.13960511982440948
s669,centroid,ESM+Graph,1DIV,K15M,0.31,0.2520219385623932
s669,centroid,ESM+Graph,1DIV,K7M,-0.35,-0.45699235796928406
s669,centroid,ESM+Graph,1DIV,K96A,-0.61,-0.16767919063568115
s669,centroid,ESM+Graph,1DIV,K96G,0.2,0.08031223714351654
s669,centroid,ESM+Graph,1DIV,L102A,2.37,2.0807321071624756
s669,centroid,ESM+Graph,1DIV,L108A,2.33,0.8328371047973633
s669,centroid,ESM+Graph,1DIV,L110A,3.21,2.5190796852111816
s669,centroid,ESM+Graph,1DIV,L117A,0.82,0.7936319708824158
s669,centroid,ESM+Graph,1DIV,L30A,2.76,1.755862832069397
s669,centroid,ESM+Graph,1DIV,L30V,3.62,0.8780017495155334
s669,centroid,ESM+Graph,1DIV,L6A,3.1,0.8827312588691711
s669,centroid,ESM+Graph,1DIV,L6I,0.13,-0.3496757447719574
s669,centroid,ESM+Graph,1DIV,L6V,0.41,0.06940382719039917
s669,centroid,ESM+Graph,1DIV,L72A,3.77,2.8098537921905518
s669,centroid,ESM+Graph,1DIV,M1A,1.46,-0.9089956283569336
s669,centroid,ESM+Graph,1DIV,M1G,2.36,-0.5803520083427429
s669,centroid,ESM+Graph,1DIV,V21A,2.33,2.2880799770355225
s669,centroid,ESM+Graph,1DIV,V21I,0.4,1.9360917806625366
s669,centroid,ESM+Graph,1DIV,V21L,1.23,1.5754927396774292
s669,centroid,ESM+Graph,1DIV,V3A,2.55,2.101824998855591
s669,centroid,ESM+Graph,1DIV,V3I,0.31,1.2251394987106323
s669,centroid,ESM+Graph,1DIV,V3L,2.21,0.6760818362236023
s669,centroid,ESM+Graph,1DXX,K18N,3.7,0.5127520561218262
s669,centroid,ESM+Graph,1FH5,S18N,-0.6,1.6793212890625
s669,centroid,ESM+Graph,1FT8,L212V,1.38,0.45041021704673767
s669,centroid,ESM+Graph,1FT8,L238I,0.35,0.62019282579422
s669,centroid,ESM+Graph,1FT8,M216L,-0.27,1.2222676277160645
s669,centroid,ESM+Graph,1GWY,A8D,1.6,0.82123202085495
s669,centroid,ESM+Graph,1ITM,C24T,3.3,0.6718794703483582
s669,centroid,ESM+Graph,1ITM,C3T,5.0,-0.013651969842612743
s669,centroid,ESM+Graph,1ITM,W91S,-1.4,-0.196208655834198
s669,centroid,ESM+Graph,1JLV,E64D,1.162,-0.18998153507709503
s669,centroid,ESM+Graph,1JLV,E64N,2.3040000000000003,0.3318761885166168
s669,centroid,ESM+Graph,1JLV,E64Q,2.302,0.1557719111442566
s669,centroid,ESM+Graph,1LVM,E106G,-1.4,0.4951092302799225
s669,centroid,ESM+Graph,1LVM,K45F,-0.43,-0.7051840424537659
s669,centroid,ESM+Graph,1LVM,L56V,-0.0,0.20615273714065552
s669,centroid,ESM+Graph,1LVM,Q58F,-0.6,-0.9153243899345398
s669,centroid,ESM+Graph,1N18,E100G,2.5,2.7276809215545654
s669,centroid,ESM+Graph,1N18,G85R,1.4,2.046111822128296
s669,centroid,ESM+Graph,1N18,H46R,-1.4,0.6148235201835632
s669,centroid,ESM+Graph,1O1U,E110A,3.3,0.8049572110176086
s669,centroid,ESM+Graph,1O1U,N61A,1.2,0.9447124600410461
s669,centroid,ESM+Graph,1O1U,Q51A,0.3,0.5398834347724915
s669,centroid,ESM+Graph,1O1U,Q99A,-0.3,1.1548110246658325
s669,centroid,ESM+Graph,1O1U,T38A,1.2,0.4278528392314911
s669,centroid,ESM+Graph,1O1U,W49Y,1.2,0.6151498556137085
s669,centroid,ESM+Graph,1OSI,I11V,0.05,1.0193933248519897
s669,centroid,ESM+Graph,1OSI,S92F,-0.39,-0.07509453594684601
s669,centroid,ESM+Graph,1OSI,V15I,0.78,0.43429243564605713
s669,centroid,ESM+Graph,1PFL,A20T,1.53,1.3005601167678833
s669,centroid,ESM+Graph,1PFL,G117V,1.96,1.7307790517807007
s669,centroid,ESM+Graph,1PFL,M113T,3.53,1.5895353555679321
s669,centroid,ESM+Graph,1PFL,T108M,-0.07,1.1597518920898438
s669,centroid,ESM+Graph,1PRG,Q286P,0.3,1.3539122343063354
s669,centroid,ESM+Graph,1PRG,R288H,-0.06,-0.6259060502052307
s669,centroid,ESM+Graph,1PRG,V290M,-0.03,-0.4048071801662445
s669,centroid,ESM+Graph,1SPD,C111S,-0.8,1.068660020828247
s669,centroid,ESM+Graph,1SPD,C6A,-0.1,1.4922676086425781
s669,centroid,ESM+Graph,1XWS,E124Q,2.9,-0.35234108567237854
s669,centroid,ESM+Graph,1XWS,E135K,4.59,0.1097666546702385
s669,centroid,ESM+Graph,1XWS,E142D,3.22,-0.1305294632911682
s669,centroid,ESM+Graph,1XWS,Y53H,3.3,1.2454153299331665
s669,centroid,ESM+Graph,1XXN,N32D,0.86,-0.057643067091703415
s669,centroid,ESM+Graph,1XXN,N54E,0.645,0.4424779415130615
s669,centroid,ESM+Graph,1XXN,S22E,-0.239,0.03355972096323967
s669,centroid,ESM+Graph,1XXN,S27E,0.645,1.1074825525283813
s669,centroid,ESM+Graph,1XZO,F42W,-2.87,-0.7585409283638
s669,centroid,ESM+Graph,1XZO,W101F,2.89,1.1375466585159302
s669,centroid,ESM+Graph,1XZO,W36A,8.93,1.2974382638931274
s669,centroid,ESM+Graph,1XZO,W36F,4.25,0.09756898880004883
s669,centroid,ESM+Graph,2ARF,H1069Q,0.7170000000000001,0.5385138392448425
s669,centroid,ESM+Graph,2H3F,E12A,-1.07,1.0303395986557007
s669,centroid,ESM+Graph,2JIE,H104R,-1.536,-0.545362651348114
s669,centroid,ESM+Graph,2JIE,Q22S,0.209,0.23155026137828827
s669,centroid,ESM+Graph,2JIE,S17A,1.246,-0.7427327632904053
s669,centroid,ESM+Graph,2JIE,S19A,-0.951,-0.1529204398393631
s669,centroid,ESM+Graph,2JIE,T18A,0.994,0.6263201832771301
s669,centroid,ESM+Graph,2JIE,W123F,-2.19,-0.4938514530658722
s669,centroid,ESM+Graph,2JIE,W123H,-1.06,0.9214835166931152
s669,centroid,ESM+Graph,2JIE,Y21A,3.443,0.8688685297966003
s669,centroid,ESM+Graph,2KS4,D9A,-1.26,0.45149388909339905
s669,centroid,ESM+Graph,2KS4,E2A,0.23,0.10644194483757019
s669,centroid,ESM+Graph,2LTB,L558P,1.57,2.368486166000366
s669,centroid,ESM+Graph,2LTB,L569R,3.11,2.9846909046173096
s669,centroid,ESM+Graph,2LTB,M619K,3.34,0.7377086281776428
s669,centroid,ESM+Graph,2LTB,R533Q,1.1,-0.11871091276407242
s669,centroid,ESM+Graph,2LTB,R555Q,0.36,2.1767098903656006
s669,centroid,ESM+Graph,2LTB,R555W,-1.79,2.0591881275177
s669,centroid,ESM+Graph,2M5S,D302A,4.0,1.1545387506484985
s669,centroid,ESM+Graph,2M5S,H305A,2.0,1.9410862922668457
s669,centroid,ESM+Graph,2NTE,R658C,2.3,0.8732298016548157
s669,centroid,ESM+Graph,2PR5,A33Y,-0.5,0.17500625550746918
s669,centroid,ESM+Graph,2PR5,A81M,0.4,1.2735573053359985
s669,centroid,ESM+Graph,2PR5,D109E,-0.3,-0.7959250807762146
s669,centroid,ESM+Graph,2PR5,H22K,-0.3,-0.4318082332611084
s669,centroid,ESM+Graph,2PR5,H22W,-1.2,0.09441250562667847
s669,centroid,ESM+Graph,2PR5,M111F,-2.9,-0.15636754035949707
s669,centroid,ESM+Graph,2PR5,N107F,-0.9,-0.15704603493213654
s669,centroid,ESM+Graph,2PR5,N107Y,-0.8,0.078703872859478
s669,centroid,ESM+Graph,2PR5,N124F,-1.1,-1.3612643480300903
s669,centroid,ESM+Graph,2PR5,N124Y,-2.6,-0.6926570534706116
s669,centroid,ESM+Graph,2PR5,T30M,-0.5,1.4452576637268066
s669,centroid,ESM+Graph,2PR5,T50M,0.5,1.0342687368392944
s669,centroid,ESM+Graph,2PR5,T54Y,-0.2,0.22797900438308716
s669,centroid,ESM+Graph,2PR5,V120I,-1.4,-0.2689409554004669
s669,centroid,ESM+Graph,2PR5,V25I,-0.4,-0.3014335632324219
s669,centroid,ESM+Graph,2PR5,V88L,0.2,0.6397566199302673
s669,centroid,ESM+Graph,2PR5,V90I,0.7,0.8004172444343567
s669,centroid,ESM+Graph,2VY0,E53A,6.597,-0.013849616050720215
s669,centroid,ESM+Graph,3BCI,E96Q,-1.369,0.3513754904270172
s669,centroid,ESM+Graph,3D3B,D118A,0.65,-0.2949540317058563
s669,centroid,ESM+Graph,3D3B,D118E,0.6,-0.47708582878112793
s669,centroid,ESM+Graph,3D3B,D118K,1.6,-0.20379745960235596
s669,centroid,ESM+Graph,3D3B,D118N,1.34,-0.43384262919425964
s669,centroid,ESM+Graph,3D3B,D118R,1.41,-0.6292937397956848
s669,centroid,ESM+Graph,3ECU,H46R,-0.8,0.6260895729064941
s669,centroid,ESM+Graph,3S4M,D122Y,1.3,0.19686347246170044
s669,centroid,ESM+Graph,3S4M,G130V,2.5,0.6239315271377563
s669,centroid,ESM+Graph,3S4M,I154F,-0.096,1.6317087411880493
s669,centroid,ESM+Graph,3S4M,W155R,0.693,1.4292899370193481
s669,centroid,ESM+Graph,4BJX,A89V,-0.99,0.11546877771615982
s669,centroid,ESM+Graph,4BUQ,Y48A,1.435,1.209144949913025
s669,centroid,ESM+Graph,4WAA,K65A,-0.1,-0.2707582414150238
s669,centroid,ESM+Graph,4WAA,K67A,2.07,-0.3464548587799072
s669,centroid,ESM+Graph,4WAA,R27A,0.44,0.9959275722503662
s669,centroid,ESM+Graph,5VP3,R39K,-0.413,0.6611390113830566
s669,centroid,ESM+Graph,1BA3,H461D,1.745,1.636231541633606
s669,centroid,ESM+Graph,1BA3,H489D,-0.287,2.008924722671509
s669,centroid,ESM+Graph,1BA3,H489K,0.287,2.345470666885376
s669,centroid,ESM+Graph,1BA3,H489M,0.263,-0.0667787566781044
s669,centroid,ESM+Graph,1DIV,V129A,1.81,1.0081961154937744
s669,centroid,ESM+Graph,1F8I,F345A,0.455,2.8774116039276123
s669,centroid,ESM+Graph,1FT8,L349I,-0.05,0.6592406630516052
s669,centroid,ESM+Graph,1LVM,S135G,-0.0,-0.08710796386003494
s669,centroid,ESM+Graph,1NM1,D187N,0.88,2.1853830814361572
s669,centroid,ESM+Graph,1NM1,D187Y,1.9,1.908780574798584
s669,centroid,ESM+Graph,1PRE,C159S,2.4,1.6802138090133667
s669,centroid,ESM+Graph,1R2Y,R244E,4.2,0.42846786975860596
s669,centroid,ESM+Graph,1XXN,N181R,-0.358,0.2360803335905075
s669,centroid,ESM+Graph,3D2A,M134E,-3.02,-1.0683962106704712
s669,centroid,ESM+Graph,3D2A,M137P,-3.34,-0.148043692111969
s669,centroid,ESM+Graph,3D2A,S163P,-2.11,0.31419044733047485
s669,centroid,ESM+Graph,5OAQ,Y429H,2.99,0.47781363129615784
ssym,centroid,ESM+Graph,1AMQ,C191Y,2.3,1.8025659322738647
ssym,centroid,ESM+Graph,1AMQ,C191F,1.6,1.4792591333389282
ssym,centroid,ESM+Graph,1AMQ,C191W,3.9,1.807284951210022
ssym,centroid,ESM+Graph,1AMQ,C191S,1.9,2.164742946624756
ssym,centroid,ESM+Graph,1BNI,F7L,4.1,0.9338863492012024
ssym,centroid,ESM+Graph,1BNI,L14A,4.5,1.6893399953842163
ssym,centroid,ESM+Graph,1BNI,T26A,1.7,1.0704530477523804
ssym,centroid,ESM+Graph,1BNI,I51V,1.1,0.2893514931201935
ssym,centroid,ESM+Graph,1BNI,I76A,1.7,0.3469753563404083
ssym,centroid,ESM+Graph,1BNI,I76V,1.0,-0.5777402520179749
ssym,centroid,ESM+Graph,1BNI,Y78F,1.1,0.08056659251451492
ssym,centroid,ESM+Graph,1BNI,I88A,4.0,3.7985057830810547
ssym,centroid,ESM+Graph,1BNI,I88V,1.6,1.8146289587020874
ssym,centroid,ESM+Graph,1BNI,L89V,0.5,0.25919726490974426
ssym,centroid,ESM+Graph,1BNI,S91A,2.4,0.6746289134025574
ssym,centroid,ESM+Graph,1BNI,I96A,3.2,1.0854556560516357
ssym,centroid,ESM+Graph,1BNI,I96V,3.1,0.25817427039146423
ssym,centroid,ESM+Graph,1CEY,D12A,-2.5,0.2840003967285156
ssym,centroid,ESM+Graph,1CEY,D13A,-2.7,0.49649545550346375
ssym,centroid,ESM+Graph,1CEY,D57A,-3.3,0.5065223574638367
ssym,centroid,ESM+Graph,1EY0,T22C,0.9,-0.31720951199531555
ssym,centroid,ESM+Graph,1EY0,T22V,0.9,-0.5259305834770203
ssym,centroid,ESM+Graph,1EY0,V23L,0.1,0.5132315158843994
ssym,centroid,ESM+Graph,1EY0,L25I,1.7,1.665871262550354
ssym,centroid,ESM+Graph,1EY0,T33V,-0.4,0.14581318199634552
ssym,centroid,ESM+Graph,1EY0,T41C,-0.6,-0.22274911403656006
ssym,centroid,ESM+Graph,1EY0,T41I,-0.7,0.23998874425888062
ssym,centroid,ESM+Graph,1EY0,T41S,1.1,-0.4061920642852783
ssym,centroid,ESM+Graph,1EY0,T41V,-0.8,0.06907417625188828
ssym,centroid,ESM+Graph,1EY0,T44V,-0.1,1.3705717325210571
ssym,centroid,ESM+Graph,1EY0,S59A,-0.5,1.4126571416854858
ssym,centroid,ESM+Graph,1EY0,T62S,2.1,1.3796895742416382
ssym,centroid,ESM+Graph,1EY0,T62V,0.2,0.3637657165527344
ssym,centroid,ESM+Graph,1EY0,V66I,1.0,0.542088508605957
ssym,centroid,ESM+Graph,1EY0,V66L,0.3,0.3489169180393219
ssym,centroid,ESM+Graph,1EY0,V66K,7.5,3.640949249267578
ssym,centroid,ESM+Graph,1EY0,I72L,0.2,0.8310664296150208
ssym,centroid,ESM+Graph,1EY0,I72V,1.2,1.141971230506897
ssym,centroid,ESM+Graph,1EY0,T82S,0.7,0.13683713972568512
ssym,centroid,ESM+Graph,1EY0,I92V,0.4,0.4034874439239502
ssym,centroid,ESM+Graph,1EY0,K116G,-1.0,0.48574379086494446
ssym,centroid,ESM+Graph,1EY0,P117A,-0.8,0.6843813061714172
ssym,centroid,ESM+Graph,1EY0,P117G,-0.9,0.7400997281074524
ssym,centroid,ESM+Graph,1EY0,P117T,-1.1,1.0090303421020508
ssym,centroid,ESM+Graph,1EY0,T120C,1.7,1.272619605064392
ssym,centroid,ESM+Graph,1EY0,T120S,0.6,0.9849655032157898
ssym,centroid,ESM+Graph,1EY0,T120V,1.8,0.8553421497344971
ssym,centroid,ESM+Graph,1EY0,S128A,-0.7,0.8955042958259583
ssym,centroid,ESM+Graph,1IHB,F71N,-0.7,0.5610483288764954
ssym,centroid,ESM+Graph,1IHB,F82Q,0.4,0.7799736857414246
ssym,centroid,ESM+Graph,1IHB,F92N,1.1,0.37995755672454834
ssym,centroid,ESM+Graph,1IOB,T9G,2.6,2.291595220565796
ssym,centroid,ESM+Graph,1L63,M6A,1.9,2.28861927986145
ssym,centroid,ESM+Graph,1L63,M6L,2.8,0.7639794945716858
ssym,centroid,ESM+Graph,1L63,E11H,-0.1,1.1744838953018188
ssym,centroid,ESM+Graph,1L63,E11N,0.1,1.0460880994796753
ssym,centroid,ESM+Graph,1L63,I17A,2.7,1.2252392768859863
ssym,centroid,ESM+Graph,1L63,D20A,0.3,1.199544072151184
ssym,centroid,ESM+Graph,1L63,D20N,-1.3,1.2394133806228638
ssym,centroid,ESM+Graph,1L63,D20S,-0.7,1.1772853136062622
ssym,centroid,ESM+Graph,1L63,I27A,3.1,3.21061635017395
ssym,centroid,ESM+Graph,1L63,I27M,3.1,2.8497040271759033
ssym,centroid,ESM+Graph,1L63,I29A,2.6,2.5958364009857178
ssym,centroid,ESM+Graph,1L63,S38N,0.0,0.999195396900177
ssym,centroid,ESM+Graph,1L63,A41S,0.6,0.19472141563892365
ssym,centroid,ESM+Graph,1L63,A42V,2.7,0.8780547976493835
ssym,centroid,ESM+Graph,1L63,A42S,2.3,0.8966124057769775
ssym,centroid,ESM+Graph,1L63,K43A,1.0,0.8886973261833191
ssym,centroid,ESM+Graph,1L63,S44A,-0.3,0.14540714025497437
ssym,centroid,ESM+Graph,1L63,S44I,-0.3,0.03973044827580452
ssym,centroid,ESM+Graph,1L63,S44L,-0.4,-0.07565860450267792
ssym,centroid,ESM+Graph,1L63,S44K,-0.2,0.11876722425222397
ssym,centroid,ESM+Graph,1L63,S44E,0.0,-0.043884724378585815
ssym,centroid,ESM+Graph,1L63,S44G,0.5,0.5061909556388855
ssym,centroid,ESM+Graph,1L63,S44R,-0.2,-0.12304046005010605
ssym,centroid,ESM+Graph,1L63,S44N,0.1,0.19281268119812012
ssym,centroid,ESM+Graph,1L63,S44F,-0.1,-0.032079461961984634
ssym,centroid,ESM+Graph,1L63,S44P,3.0,0.7163822054862976
ssym,centroid,ESM+Graph,1L63,S44T,0.0,0.04691747948527336
ssym,centroid,ESM+Graph,1L63,S44V,-0.1,0.029309285804629326
ssym,centroid,ESM+Graph,1L63,L46A,1.9,2.556123971939087
ssym,centroid,ESM+Graph,1L63,D47A,1.0,0.9885616302490234
ssym,centroid,ESM+Graph,1L63,A49S,0.5,1.0697330236434937
ssym,centroid,ESM+Graph,1L63,I50A,2.0,1.4788373708724976
ssym,centroid,ESM+Graph,1L63,I50M,0.4,0.6984599232673645
ssym,centroid,ESM+Graph,1L63,I58A,3.2,2.152972459793091
ssym,centroid,ESM+Graph,1L63,I58T,3.4,2.556781530380249
ssym,centroid,ESM+Graph,1L63,T59A,1.5,1.255481243133545
ssym,centroid,ESM+Graph,1L63,T59D,1.2,0.8310237526893616
ssym,centroid,ESM+Graph,1L63,T59G,1.6,1.130475401878357
ssym,centroid,ESM+Graph,1L63,T59N,1.1,1.3895339965820312
ssym,centroid,ESM+Graph,1L63,T59S,0.2,0.6206334233283997
ssym,centroid,ESM+Graph,1L63,T59V,1.5,1.3796323537826538
ssym,centroid,ESM+Graph,1L63,L66M,1.0,2.5044500827789307
ssym,centroid,ESM+Graph,1L63,F67A,1.9,1.7378422021865845
ssym,centroid,ESM+Graph,1L63,D72P,2.7,-0.33201852440834045
ssym,centroid,ESM+Graph,1L63,A73S,0.4,-0.0954398512840271
ssym,centroid,ESM+Graph,1L63,V75T,1.3,1.0115939378738403
ssym,centroid,ESM+Graph,1L63,I78A,1.2,0.7802376747131348
ssym,centroid,ESM+Graph,1L63,I78M,1.5,0.35193225741386414
ssym,centroid,ESM+Graph,1L63,I78V,0.8,0.7806405425071716
ssym,centroid,ESM+Graph,1L63,A82S,0.3,-0.1118483617901802
ssym,centroid,ESM+Graph,1L63,L84A,2.6,2.1032235622406006
ssym,centroid,ESM+Graph,1L63,L84M,1.9,0.5749817490577698
ssym,centroid,ESM+Graph,1L63,V87A,1.7,0.815865695476532
ssym,centroid,ESM+Graph,1L63,V87M,2.3,0.7148588299751282
ssym,centroid,ESM+Graph,1L63,V87I,0.3,0.3214684724807739
ssym,centroid,ESM+Graph,1L63,V87T,1.6,1.3445013761520386
ssym,centroid,ESM+Graph,1L63,L91A,3.9,2.203646421432495
ssym,centroid,ESM+Graph,1L63,L91M,0.8,0.884267270565033
ssym,centroid,ESM+Graph,1L63,D92N,1.4,1.7753167152404785
ssym,centroid,ESM+Graph,1L63,A93S,0.2,-0.42412999272346497
ssym,centroid,ESM+Graph,1L63,A98C,1.0,1.5836817026138306
ssym,centroid,ESM+Graph,1L63,A98L,4.3,0.6540601253509521
ssym,centroid,ESM+Graph,1L63,A98S,2.5,1.2645517587661743
ssym,centroid,ESM+Graph,1L63,A98V,3.2,0.6259891390800476
ssym,centroid,ESM+Graph,1L63,L99A,4.5,3.243307113647461
ssym,centroid,ESM+Graph,1L63,L99F,0.3,2.250190496444702
ssym,centroid,ESM+Graph,1L63,L99I,1.5,1.463701844215393
ssym,centroid,ESM+Graph,1L63,L99M,0.6,1.9170986413955688
ssym,centroid,ESM+Graph,1L63,L99V,2.0,2.455134153366089
ssym,centroid,ESM+Graph,1L63,I100A,3.4,1.5456219911575317
ssym,centroid,ESM+Graph,1L63,I100M,1.6,1.072668433189392
ssym,centroid,ESM+Graph,1L63,I100V,0.4,1.145739197731018
ssym,centroid,ESM+Graph,1L63,N101A,1.5,-0.40164998173713684
ssym,centroid,ESM+Graph,1L63,M102L,1.0,1.3500452041625977
ssym,centroid,ESM+Graph,1L63,V103A,2.2,1.4515771865844727
ssym,centroid,ESM+Graph,1L63,V103I,0.5,1.459749698638916
ssym,centroid,ESM+Graph,1L63,V103M,1.2,1.0209864377975464
ssym,centroid,ESM+Graph,1L63,F104M,0.4,1.6516731977462769
ssym,centroid,ESM+Graph,1L63,Q105M,1.2,0.1294444054365158
ssym,centroid,ESM+Graph,1L63,M106I,-0.2,1.2374030351638794
ssym,centroid,ESM+Graph,1L63,M106L,-0.5,0.6573139429092407
ssym,centroid,ESM+Graph,1L63,M106K,3.4,2.244532346725464
ssym,centroid,ESM+Graph,1L63,T109D,-0.6,-0.6023024320602417
ssym,centroid,ESM+Graph,1L63,T109N,-0.1,-0.16684651374816895
ssym,centroid,ESM+Graph,1L63,V111A,1.3,0.49996235966682434
ssym,centroid,ESM+Graph,1L63,V111I,0.9,0.14456556737422943
ssym,centroid,ESM+Graph,1L63,V111M,0.7,-0.10928291827440262
ssym,centroid,ESM+Graph,1L63,S117F,-1.1,1.157315731048584
ssym,centroid,ESM+Graph,1L63,L118A,3.2,2.155904531478882
ssym,centroid,ESM+Graph,1L63,L118M,0.7,1.6907525062561035
ssym,centroid,ESM+Graph,1L63,M120L,-0.5,1.3138465881347656
ssym,centroid,ESM+Graph,1L63,M120K,1.6,2.210130453109741
ssym,centroid,ESM+Graph,1L63,M120Y,0.1,1.5015816688537598
ssym,centroid,ESM+Graph,1L63,L121M,0.8,1.4415874481201172
ssym,centroid,ESM+Graph,1L63,A129F,1.2,1.59120512008667
ssym,centroid,ESM+Graph,1L63,A129W,2.2,2.2431018352508545
ssym,centroid,ESM+Graph,1L63,A130S,-1.0,0.6489312648773193
ssym,centroid,ESM+Graph,1L63,L133F,0.3,0.9744738936424255
ssym,centroid,ESM+Graph,1L63,L133M,0.4,0.5870450139045715
ssym,centroid,ESM+Graph,1L63,A134S,0.1,0.3529769480228424
ssym,centroid,ESM+Graph,1L63,N144E,-0.5,-1.8880081176757812
ssym,centroid,ESM+Graph,1L63,V149A,3.2,0.76247638463974
ssym,centroid,ESM+Graph,1L63,V149C,2.0,0.7838735580444336
ssym,centroid,ESM+Graph,1L63,V149G,4.9,1.2763279676437378
ssym,centroid,ESM+Graph,1L63,V149I,0.1,0.12210071831941605
ssym,centroid,ESM+Graph,1L63,V149M,2.8,-0.2034168690443039
ssym,centroid,ESM+Graph,1L63,V149T,2.8,0.9738979339599609
ssym,centroid,ESM+Graph,1L63,V149S,4.4,0.9100742340087891
ssym,centroid,ESM+Graph,1L63,T152A,1.5,0.9782695770263672
ssym,centroid,ESM+Graph,1L63,T152C,0.5,1.10152006149292
ssym,centroid,ESM+Graph,1L63,T152I,0.4,0.5591967105865479
ssym,centroid,ESM+Graph,1L63,T152S,2.0,0.8574088215827942
ssym,centroid,ESM+Graph,1L63,T152V,-0.2,0.9619121551513672
ssym,centroid,ESM+Graph,1L63,F153A,3.8,2.8375234603881836
ssym,centroid,ESM+Graph,1L63,F153I,0.2,1.451468586921692
ssym,centroid,ESM+Graph,1L63,F153L,-0.3,1.2925496101379395
ssym,centroid,ESM+Graph,1L63,F153M,0.6,1.454182744026184
ssym,centroid,ESM+Graph,1L63,F153V,1.8,2.3637075424194336
ssym,centroid,ESM+Graph,1LZ1,V2A,1.5,0.4763767719268799
ssym,centroid,ESM+Graph,1LZ1,V2G,1.3,1.8922778367996216
ssym,centroid,ESM+Graph,1LZ1,V2S,1.4,0.8702569007873535
ssym,centroid,ESM+Graph,1LZ1,V2Y,0.4,1.0866498947143555
ssym,centroid,ESM+Graph,1LZ1,V2D,1.4,0.2537398636341095
ssym,centroid,ESM+Graph,1LZ1,V2N,1.3,1.0191420316696167
ssym,centroid,ESM+Graph,1LZ1,V2R,0.4,0.8084008693695068
ssym,centroid,ESM+Graph,1LZ1,V2L,-0.3,0.23807334899902344
ssym,centroid,ESM+Graph,1LZ1,V2M,0.2,0.2666008472442627
ssym,centroid,ESM+Graph,1LZ1,V2F,0.8,1.134682536125183
ssym,centroid,ESM+Graph,1LZ1,Y20F,0.5,-0.6186199188232422
ssym,centroid,ESM+Graph,1LZ1,I23A,2.5,0.6223766207695007
ssym,centroid,ESM+Graph,1LZ1,I23V,0.4,-0.019954800605773926
ssym,centroid,ESM+Graph,1LZ1,Y38F,0.2,0.2055276483297348
ssym,centroid,ESM+Graph,1LZ1,Y45F,-0.1,0.03580715134739876
ssym,centroid,ESM+Graph,1LZ1,A47P,-0.1,0.5213494300842285
ssym,centroid,ESM+Graph,1LZ1,Y54F,1.0,-0.12625561654567719
ssym,centroid,ESM+Graph,1LZ1,I56A,3.7,2.109107255935669
ssym,centroid,ESM+Graph,1LZ1,I56T,4.3,2.2220306396484375
ssym,centroid,ESM+Graph,1LZ1,I56V,1.2,1.0182255506515503
ssym,centroid,ESM+Graph,1LZ1,I59A,1.7,2.3024609088897705
ssym,centroid,ESM+Graph,1LZ1,I59G,3.8,3.546675443649292
ssym,centroid,ESM+Graph,1LZ1,I59V,1.1,0.6856736540794373
ssym,centroid,ESM+Graph,1LZ1,Y63F,0.2,-0.3405400216579437
ssym,centroid,ESM+Graph,1LZ1,P71G,1.6,0.7118108868598938
ssym,centroid,ESM+Graph,1LZ1,V74A,0.4,0.5698893666267395
ssym,centroid,ESM+Graph,1LZ1,V74G,0.1,0.9167180061340332
ssym,centroid,ESM+Graph,1LZ1,V74I,1.9,-0.12185660004615784
ssym,centroid,ESM+Graph,1LZ1,V74L,0.4,0.34032490849494934
ssym,centroid,ESM+Graph,1LZ1,V74M,0.4,0.38113656640052795
ssym,centroid,ESM+Graph,1LZ1,V74F,0.0,0.29317358136177063
ssym,centroid,ESM+Graph,1LZ1,V74Y,0.3,0.16392473876476288
ssym,centroid,ESM+Graph,1LZ1,V74D,0.4,0.4441358745098114
ssym,centroid,ESM+Graph,1LZ1,V74N,0.3,0.7530217170715332
ssym,centroid,ESM+Graph,1LZ1,V74R,0.1,0.6307571530342102
ssym,centroid,ESM+Graph,1LZ1,V74S,0.4,0.30196613073349
ssym,centroid,ESM+Graph,1LZ1,C77A,4.6,1.6081756353378296
ssym,centroid,ESM+Graph,1LZ1,I89A,2.7,0.8227336406707764
ssym,centroid,ESM+Graph,1LZ1,I89V,0.5,-0.036131467670202255
ssym,centroid,ESM+Graph,1LZ1,D91P,0.4,0.2535519003868103
ssym,centroid,ESM+Graph,1LZ1,V93A,0.7,0.6676416993141174
ssym,centroid,ESM+Graph,1LZ1,V99A,1.0,0.4833688735961914
ssym,centroid,ESM+Graph,1LZ1,V100A,0.3,-0.6084988713264465
ssym,centroid,ESM+Graph,1LZ1,P103G,0.1,0.08871295303106308
ssym,centroid,ESM+Graph,1LZ1,I106A,0.9,0.22108714282512665
ssym,centroid,ESM+Graph,1LZ1,I106V,0.7,-0.0007911622524261475
ssym,centroid,ESM+Graph,1LZ1,V110A,-0.5,0.02320876158773899
ssym,centroid,ESM+Graph,1LZ1,V110D,-0.2,-0.45027387142181396
ssym,centroid,ESM+Graph,1LZ1,V110G,2.2,0.614715039730072
ssym,centroid,ESM+Graph,1LZ1,V110I,0.8,-0.4354746341705322
ssym,centroid,ESM+Graph,1LZ1,V110L,-0.1,-0.025198770686984062
ssym,centroid,ESM+Graph,1LZ1,V110M,-0.4,-0.33394965529441833
ssym,centroid,ESM+Graph,1LZ1,V110N,-0.1,-0.091255784034729
ssym,centroid,ESM+Graph,1LZ1,V110R,-0.9,-0.0006294076447375119
ssym,centroid,ESM+Graph,1LZ1,V110F,1.9,-0.412291556596756
ssym,centroid,ESM+Graph,1LZ1,V110P,-0.5,0.0346316434442997
ssym,centroid,ESM+Graph,1LZ1,V110Y,0.1,-0.4696448743343353
ssym,centroid,ESM+Graph,1LZ1,V121A,1.4,0.2961994409561157
ssym,centroid,ESM+Graph,1LZ1,Y124F,0.4,0.22003020346164703
ssym,centroid,ESM+Graph,1LZ1,V125A,1.3,1.0528308153152466
ssym,centroid,ESM+Graph,1LZ1,V130A,0.8,0.046953823417425156
ssym,centroid,ESM+Graph,1OH0,Y32F,-0.2,0.36295807361602783
ssym,centroid,ESM+Graph,1OH0,Y57F,1.2,-1.7457205057144165
ssym,centroid,ESM+Graph,1RN1,Q25K,-1.4,-0.1811540573835373
ssym,centroid,ESM+Graph,1VQB,I47L,0.4,0.34844985604286194
ssym,centroid,ESM+Graph,1VQB,I47M,1.7,0.5785050988197327
ssym,centroid,ESM+Graph,1VQB,I47V,2.0,1.627667784690857
ssym,centroid,ESM+Graph,1VQB,V35I,0.6,0.45834603905677795
ssym,centroid,ESM+Graph,1VQB,Y41F,3.2,-0.46137699484825134
ssym,centroid,ESM+Graph,2LZM,I3L,-0.7,0.6285467147827148
ssym,centroid,ESM+Graph,2LZM,I3C,0.0,1.5515285730361938
ssym,centroid,ESM+Graph,2LZM,I3P,3.0,2.772639036178589
ssym,centroid,ESM+Graph,2LZM,I3Y,2.3,2.0139267444610596
ssym,centroid,ESM+Graph,2LZM,I3V,0.4,1.405070185661316
ssym,centroid,ESM+Graph,2LZM,M6I,1.4,1.40658700466156
ssym,centroid,ESM+Graph,2LZM,K16E,-0.5,0.24858522415161133
ssym,centroid,ESM+Graph,2LZM,S38D,-0.6,0.40671467781066895
ssym,centroid,ESM+Graph,2LZM,N55G,0.6,0.747717559337616
ssym,centroid,ESM+Graph,2LZM,K60P,0.0,0.1681509166955948
ssym,centroid,ESM+Graph,2LZM,G77A,-0.4,-0.034324269741773605
ssym,centroid,ESM+Graph,2LZM,A82P,-0.8,-0.13202397525310516
ssym,centroid,ESM+Graph,2LZM,K85A,0.6,1.2285445928573608
ssym,centroid,ESM+Graph,2LZM,D89A,0.5,0.2890734374523163
ssym,centroid,ESM+Graph,2LZM,R96A,2.0,1.4042972326278687
ssym,centroid,ESM+Graph,2LZM,R96D,3.5,2.705472946166992
ssym,centroid,ESM+Graph,2LZM,R96M,2.7,0.6695404648780823
ssym,centroid,ESM+Graph,2LZM,R96E,2.5,2.0997188091278076
ssym,centroid,ESM+Graph,2LZM,R96G,2.6,2.047081232070923
ssym,centroid,ESM+Graph,2LZM,R96Q,0.3,1.215000033378601
ssym,centroid,ESM+Graph,2LZM,R96H,3.1,2.5173208713531494
ssym,centroid,ESM+Graph,2LZM,R96N,3.0,2.4913976192474365
ssym,centroid,ESM+Graph,2LZM,R96K,0.0,1.8325905799865723
ssym,centroid,ESM+Graph,2LZM,R96S,2.6,1.532039999961853
ssym,centroid,ESM+Graph,2LZM,R96Y,4.7,1.5339794158935547
ssym,centroid,ESM+Graph,2LZM,R96V,2.4,1.320487380027771
ssym,centroid,ESM+Graph,2LZM,R96W,4.5,1.8665224313735962
ssym,centroid,ESM+Graph,2LZM,A98V,4.9,0.6496475338935852
ssym,centroid,ESM+Graph,2LZM,Q105A,0.6,0.09152272343635559
ssym,centroid,ESM+Graph,2LZM,Q105E,1.1,-0.004575958009809256
ssym,centroid,ESM+Graph,2LZM,Q105G,1.5,0.21484363079071045
ssym,centroid,ESM+Graph,2LZM,G113A,-0.3,-0.8035812377929688
ssym,centroid,ESM+Graph,2LZM,T115E,-0.3,-0.30035650730133057
ssym,centroid,ESM+Graph,2LZM,N116D,-0.6,-0.7650383114814758
ssym,centroid,ESM+Graph,2LZM,R119E,0.0,-1.1236814260482788
ssym,centroid,ESM+Graph,2LZM,Q123E,-0.4,0.2339971661567688
ssym,centroid,ESM+Graph,2LZM,K124G,0.1,0.8210528492927551
ssym,centroid,ESM+Graph,2LZM,V131A,-0.3,0.028756262734532356
ssym,centroid,ESM+Graph,2LZM,V131D,-0.1,-0.022946462035179138
ssym,centroid,ESM+Graph,2LZM,V131G,0.7,0.7148212790489197
ssym,centroid,ESM+Graph,2LZM,V131I,-0.2,-0.3423267900943756
ssym,centroid,ESM+Graph,2LZM,V131L,-0.1,-0.5443351864814758
ssym,centroid,ESM+Graph,2LZM,V131S,0.1,-0.06005491688847542
ssym,centroid,ESM+Graph,2LZM,V131M,-0.1,-0.6628926396369934
ssym,centroid,ESM+Graph,2LZM,V131E,-0.2,-0.16703735291957855
ssym,centroid,ESM+Graph,2LZM,L133A,4.2,1.1812669038772583
ssym,centroid,ESM+Graph,2LZM,K135E,1.0,0.10016307234764099
ssym,centroid,ESM+Graph,2LZM,N144D,-0.4,-1.9776182174682617
ssym,centroid,ESM+Graph,2LZM,K147E,0.7,-0.6525333523750305
ssym,centroid,ESM+Graph,2LZM,V149C,2.2,0.46802785992622375
ssym,centroid,ESM+Graph,2LZM,T152S,2.6,0.843101441860199
ssym,centroid,ESM+Graph,2LZM,R154E,1.1,0.2265494018793106
ssym,centroid,ESM+Graph,2LZM,G156D,2.3,0.37311485409736633
ssym,centroid,ESM+Graph,2LZM,T157A,0.5,1.1638816595077515
ssym,centroid,ESM+Graph,2LZM,T157C,1.3,0.7724912166595459
ssym,centroid,ESM+Graph,2LZM,T157D,1.1,1.2280793190002441
ssym,centroid,ESM+Graph,2LZM,T157E,0.8,1.2621183395385742
ssym,centroid,ESM+Graph,2LZM,T157F,2.4,0.5619450807571411
ssym,centroid,ESM+Graph,2LZM,T157G,1.1,1.462415099143982
ssym,centroid,ESM+Graph,2LZM,T157H,2.1,1.6088453531265259
ssym,centroid,ESM+Graph,2LZM,T157I,1.5,0.5730999112129211
ssym,centroid,ESM+Graph,2LZM,T157L,1.7,0.5204921364784241
ssym,centroid,ESM+Graph,2LZM,T157N,1.2,1.474629521369934
ssym,centroid,ESM+Graph,2LZM,T157R,-0.3,0.7580836415290833
ssym,centroid,ESM+Graph,2LZM,T157S,0.7,0.7350313663482666
ssym,centroid,ESM+Graph,2LZM,T157V,1.2,0.7637302875518799
ssym,centroid,ESM+Graph,2RN2,D10N,-0.9,0.5409596562385559
ssym,centroid,ESM+Graph,2RN2,E48Q,-0.2,-0.3102115988731384
ssym,centroid,ESM+Graph,2RN2,A52F,0.5,1.5569634437561035
ssym,centroid,ESM+Graph,2RN2,A52I,-1.9,-0.07433012127876282
ssym,centroid,ESM+Graph,2RN2,A52L,-1.3,0.6815581321716309
ssym,centroid,ESM+Graph,2RN2,A52V,-1.7,-0.10423163324594498
ssym,centroid,ESM+Graph,2RN2,H62A,-0.4,0.6001693606376648
ssym,centroid,ESM+Graph,2RN2,H62P,-1.1,-0.5588865876197815
ssym,centroid,ESM+Graph,2RN2,D70N,-0.9,-0.6071364879608154
ssym,centroid,ESM+Graph,2RN2,V74L,-1.0,0.8625975251197815
ssym,centroid,ESM+Graph,2RN2,V74I,-0.6,1.021377682685852
ssym,centroid,ESM+Graph,2RN2,G77A,0.9,-0.6283800005912781
ssym,centroid,ESM+Graph,2RN2,K95A,-0.1,1.2244542837142944
ssym,centroid,ESM+Graph,2RN2,K95G,-1.9,0.4367891848087311
ssym,centroid,ESM+Graph,2RN2,K95N,-0.9,0.6869471669197083
ssym,centroid,ESM+Graph,2RN2,D134A,-2.1,-0.6970347762107849
ssym,centroid,ESM+Graph,2RN2,D134H,-2.3,-0.22518934309482574
ssym,centroid,ESM+Graph,2RN2,D134N,-1.0,-0.38032659888267517
ssym,centroid,ESM+Graph,4LYZ,M12F,-0.5,-0.12476591020822525
ssym,centroid,ESM+Graph,4LYZ,M12L,0.4,-0.15620414912700653
ssym,centroid,ESM+Graph,4LYZ,T40S,0.3,-0.08720210939645767
ssym,centroid,ESM+Graph,4LYZ,G49A,0.7,1.1683825254440308
ssym,centroid,ESM+Graph,4LYZ,I55V,0.9,0.8647848963737488
ssym,centroid,ESM+Graph,4LYZ,I58M,1.2,1.8604241609573364
ssym,centroid,ESM+Graph,4LYZ,G67A,0.5,0.9277194142341614
ssym,centroid,ESM+Graph,4LYZ,G71A,2.1,0.4128120243549347
ssym,centroid,ESM+Graph,4LYZ,I78M,0.9,-0.26734527945518494
ssym,centroid,ESM+Graph,4LYZ,S91A,0.2,-0.5833351016044617
ssym,centroid,ESM+Graph,4LYZ,S91T,-1.0,0.44140806794166565
ssym,centroid,ESM+Graph,4LYZ,I98M,0.9,0.5423159003257751
ssym,centroid,ESM+Graph,4LYZ,G102A,1.2,-0.3210429251194
ssym,centroid,ESM+Graph,4LYZ,G117A,0.8,0.6930784583091736
ssym,centroid,ESM+Graph,5PTI,F22A,1.2,1.8326778411865234
ssym,centroid,ESM+Graph,5PTI,Y23A,5.9,2.3765504360198975
ssym,centroid,ESM+Graph,5PTI,Y35G,5.0,1.8332715034484863
ssym,centroid,ESM+Graph,5PTI,N43G,5.7,0.6233953833580017
ssym,centroid,ESM+Graph,5PTI,F45A,6.9,1.647135853767395
