benchmark,atom_def,model,seed,protein_id,mutation_id,y_true,y_pred
s669,ca,gnn_global,42,1BFM,M35W,0.7,0.9526194930076599
s669,ca,gnn_global,42,1BFM,M35Y,0.4,0.9137946367263794
s669,ca,gnn_global,42,1D5G,H71Y,0.04,1.0482754707336426
s669,ca,gnn_global,42,1D5G,I20F,-0.91,1.194821834564209
s669,ca,gnn_global,42,1EKG,L198C,1.0,1.1439239978790283
s669,ca,gnn_global,42,1EKG,L200C,2.0,1.1455758810043335
s669,ca,gnn_global,42,1EKG,L203C,-1.0,1.1499518156051636
s669,ca,gnn_global,42,1EKG,S181F,2.6,0.9294115304946899
s669,ca,gnn_global,42,1FRD,H42R,-4.0,1.2213701009750366
s669,ca,gnn_global,42,1FXA,E94D,1.1,1.330999732017517
s669,ca,gnn_global,42,1FXA,E94K,0.4,1.286228060722351
s669,ca,gnn_global,42,1FXA,E94Q,-0.6,1.233437418937683
s669,ca,gnn_global,42,1FXA,E95K,-1.0,1.239437222480774
s669,ca,gnn_global,42,1FXA,F65A,1.0,1.3673795461654663
s669,ca,gnn_global,42,1FXA,F65I,0.9,1.2867461442947388
s669,ca,gnn_global,42,1FXA,F65W,0.6,1.3727415800094604
s669,ca,gnn_global,42,1FXA,F65Y,0.5,1.3459173440933228
s669,ca,gnn_global,42,1FXA,R42A,2.4,1.2985669374465942
s669,ca,gnn_global,42,1FXA,R42H,1.4,1.3218423128128052
s669,ca,gnn_global,42,1FXA,T48A,-0.1,1.292252540588379
s669,ca,gnn_global,42,1GLU,C500A,1.22,1.6608790159225464
s669,ca,gnn_global,42,1GUA,A118G,1.963,0.8832941651344299
s669,ca,gnn_global,42,1GUA,A118L,1.951,0.7058817148208618
s669,ca,gnn_global,42,1GUA,A85G,2.149,0.8882389664649963
s669,ca,gnn_global,42,1GUA,A97G,0.863,0.9260920882225037
s669,ca,gnn_global,42,1GUA,C81A,-0.283,0.8314725756645203
s669,ca,gnn_global,42,1GUA,C81I,0.912,0.7014215588569641
s669,ca,gnn_global,42,1GUA,C95A,0.08,0.850774347782135
s669,ca,gnn_global,42,1GUA,C96A,1.759,0.8813677430152893
s669,ca,gnn_global,42,1GUA,C96L,0.043,0.7458770871162415
s669,ca,gnn_global,42,1GUA,C96M,0.337,0.8396263718605042
s669,ca,gnn_global,42,1GUA,D117A,0.706,0.6377680897712708
s669,ca,gnn_global,42,1GUA,D129A,0.855,0.740523099899292
s669,ca,gnn_global,42,1GUA,D80A,0.493,0.6370108723640442
s669,ca,gnn_global,42,1GUA,E104A,-0.021,0.5871713161468506
s669,ca,gnn_global,42,1GUA,E124A,0.101,0.7913604378700256
s669,ca,gnn_global,42,1GUA,E125A,0.591,0.7928329706192017
s669,ca,gnn_global,42,1GUA,I58A,3.274,1.100488305091858
s669,ca,gnn_global,42,1GUA,I58F,1.2990000000000002,1.0144381523132324
s669,ca,gnn_global,42,1GUA,I58L,0.7709999999999999,0.9698610901832581
s669,ca,gnn_global,42,1GUA,K109A,0.327,0.6879457235336304
s669,ca,gnn_global,42,1GUA,L112A,2.593,0.9672095775604248
s669,ca,gnn_global,42,1GUA,L121A,2.5340000000000003,0.9868236184120178
s669,ca,gnn_global,42,1GUA,L126A,3.405,1.0178419351577759
s669,ca,gnn_global,42,1GUA,L62A,3.46,0.9891173243522644
s669,ca,gnn_global,42,1GUA,L78A,3.803,0.9649040102958679
s669,ca,gnn_global,42,1GUA,L82A,3.529,0.9815639853477478
s669,ca,gnn_global,42,1GUA,L82I,1.6,0.8611683249473572
s669,ca,gnn_global,42,1GUA,L82V,1.7,0.9308406710624695
s669,ca,gnn_global,42,1GUA,L86A,3.2260000000000004,1.0319594144821167
s669,ca,gnn_global,42,1GUA,L91A,1.575,0.9848864674568176
s669,ca,gnn_global,42,1GUA,M76A,0.961,0.856974184513092
s669,ca,gnn_global,42,1GUA,N56M,-0.271,0.7972005605697632
s669,ca,gnn_global,42,1GUA,N64A,1.14,0.6815370321273804
s669,ca,gnn_global,42,1GUA,P63A,1.7080000000000002,0.7114109396934509
s669,ca,gnn_global,42,1GUA,P93A,0.0819999999999999,0.7525129914283752
s669,ca,gnn_global,42,1GUA,Q66A,0.504,0.7279918193817139
s669,ca,gnn_global,42,1GUA,R100A,0.693,0.7872592210769653
s669,ca,gnn_global,42,1GUA,R59A,-0.178,0.846196711063385
s669,ca,gnn_global,42,1GUA,R89L,-1.078,0.6498366594314575
s669,ca,gnn_global,42,1GUA,S77A,1.5730000000000002,0.7033132910728455
s669,ca,gnn_global,42,1GUA,S77T,-0.581,0.7403561472892761
s669,ca,gnn_global,42,1GUA,T68A,0.109,0.8485799431800842
s669,ca,gnn_global,42,1GUA,V128A,3.3680000000000003,0.9709566235542297
s669,ca,gnn_global,42,1GUA,V60A,2.251,0.9695791602134705
s669,ca,gnn_global,42,1GUA,V69A,1.116,0.942167341709137
s669,ca,gnn_global,42,1GUA,V70A,1.77,0.9676893353462219
s669,ca,gnn_global,42,1GUA,V72A,1.052,0.9626556038856506
s669,ca,gnn_global,42,1GUA,V72I,0.8640000000000001,0.8336905837059021
s669,ca,gnn_global,42,1GUA,V98A,1.981,0.9645377993583679
s669,ca,gnn_global,42,1H0X,P18A,1.936,0.6445441842079163
s669,ca,gnn_global,42,1H0X,P62A,2.5810000000000004,0.6925930976867676
s669,ca,gnn_global,42,1HCQ,C67A,2.09,1.6663600206375122
s669,ca,gnn_global,42,1HCQ,C67S,1.99,1.7552131414413452
s669,ca,gnn_global,42,1IOJ,G15A,-0.4,1.4764524698257446
s669,ca,gnn_global,42,1IV7,A173C,-0.5,0.585794985294342
s669,ca,gnn_global,42,1IV7,F189C,2.5,0.6188520789146423
s669,ca,gnn_global,42,1IV7,L162C,1.9,0.6818816661834717
s669,ca,gnn_global,42,1IV9,S76Y,-4.299,0.4159858822822571
s669,ca,gnn_global,42,1J8I,K25A,-0.1,1.3159410953521729
s669,ca,gnn_global,42,1J8I,K66A,-0.1,1.2281795740127563
s669,ca,gnn_global,42,1J8I,R23A,-0.8,1.3260515928268433
s669,ca,gnn_global,42,1J8I,R35A,0.1,1.357901692390442
s669,ca,gnn_global,42,1J8I,R43A,-0.7,1.2848581075668335
s669,ca,gnn_global,42,1J8I,R9A,0.1,1.3005499839782715
s669,ca,gnn_global,42,1JL9,A25C,1.44,1.582563042640686
s669,ca,gnn_global,42,1L6H,F39A,1.6969999999999998,1.7776795625686646
s669,ca,gnn_global,42,1L6H,Y45A,0.55,1.6523823738098145
s669,ca,gnn_global,42,1L6H,Y48A,1.482,1.5903817415237427
s669,ca,gnn_global,42,1N88,F21A,1.39,1.0126559734344482
s669,ca,gnn_global,42,1N88,I39A,1.39,1.0675948858261108
s669,ca,gnn_global,42,1N88,I80A,2.79,1.0818662643432617
s669,ca,gnn_global,42,1N88,I89A,2.35,1.0566459894180298
s669,ca,gnn_global,42,1N88,I8V,1.52,1.1050788164138794
s669,ca,gnn_global,42,1N88,L13A,1.52,1.0188523530960083
s669,ca,gnn_global,42,1N88,L57A,1.11,0.9421632885932922
s669,ca,gnn_global,42,1N88,V12A,1.94,0.9774205088615417
s669,ca,gnn_global,42,1N88,V30A,2.84,0.9849831461906433
s669,ca,gnn_global,42,1N88,V43A,2.82,1.044801950454712
s669,ca,gnn_global,42,1N88,V49A,2.83,1.0067342519760132
s669,ca,gnn_global,42,1N88,V51A,3.24,1.0263148546218872
s669,ca,gnn_global,42,1N88,V54A,3.73,1.0144331455230713
s669,ca,gnn_global,42,1N88,V81A,2.82,1.0524996519088745
s669,ca,gnn_global,42,1N88,V83A,3.1,1.0351099967956543
s669,ca,gnn_global,42,1N88,Y18A,-0.06,0.9093793034553528
s669,ca,gnn_global,42,1N88,Y26A,4.61,0.9871627688407898
s669,ca,gnn_global,42,1O6X,A31G,1.2,0.7048211693763733
s669,ca,gnn_global,42,1O6X,A50G,1.4,0.8434368968009949
s669,ca,gnn_global,42,1O6X,D38A,-0.36,0.6223389506340027
s669,ca,gnn_global,42,1O6X,E14A,0.3,0.7904011607170105
s669,ca,gnn_global,42,1O6X,E20G,1.42,0.6169054508209229
s669,ca,gnn_global,42,1O6X,F39L,1.88,0.7283064126968384
s669,ca,gnn_global,42,1O6X,F65A,0.98,0.964863121509552
s669,ca,gnn_global,42,1O6X,H51A,0.61,0.7795432209968567
s669,ca,gnn_global,42,1O6X,I15V,0.43,0.9422488808631897
s669,ca,gnn_global,42,1O6X,I23V,-0.42,0.8060029149055481
s669,ca,gnn_global,42,1O6X,I71V,1.31,0.9423624873161316
s669,ca,gnn_global,42,1O6X,I75A,1.31,0.9731948971748352
s669,ca,gnn_global,42,1O6X,K41A,1.98,0.6659622192382812
s669,ca,gnn_global,42,1O6X,L26V,0.97,0.7925975918769836
s669,ca,gnn_global,42,1O6X,N58A,0.08,0.830170214176178
s669,ca,gnn_global,42,1O6X,Q60G,0.49,0.88849276304245
s669,ca,gnn_global,42,1O6X,V12A,1.1,0.9534942507743835
s669,ca,gnn_global,42,1O6X,V52A,1.08,0.9011049866676331
s669,ca,gnn_global,42,1O6X,V64G,1.1,0.9563907384872437
s669,ca,gnn_global,42,1O6X,Y73L,2.78,0.7578511834144592
s669,ca,gnn_global,42,1R6R,I88N,0.13,0.37732598185539246
s669,ca,gnn_global,42,1R6R,L50S,2.81,0.5502942204475403
s669,ca,gnn_global,42,1R6R,L54S,0.24,0.614809513092041
s669,ca,gnn_global,42,1R6R,L81N,6.84,0.44864705204963684
s669,ca,gnn_global,42,2BJD,V84D,4.493,0.8483315110206604
s669,ca,gnn_global,42,2BJD,V84P,4.517,0.8116216659545898
s669,ca,gnn_global,42,2BJD,Y86E,2.103,0.7353028059005737
s669,ca,gnn_global,42,2C9Q,Y79F,0.012,1.7648531198501587
s669,ca,gnn_global,42,2C9Q,Y79W,1.233,1.8643311262130737
s669,ca,gnn_global,42,2CLR,H13F,-0.12,0.8371416926383972
s669,ca,gnn_global,42,2CLR,H31F,-2.605,0.8682190775871277
s669,ca,gnn_global,42,2CLR,H51F,1.912,0.8481702208518982
s669,ca,gnn_global,42,2CLR,H84A,2.629,0.9364054203033447
s669,ca,gnn_global,42,2DVV,Q443H,-0.89,1.146639347076416
s669,ca,gnn_global,42,2DVV,R419W,0.02,1.1056629419326782
s669,ca,gnn_global,42,2HBB,A22G,0.32,0.7388994097709656
s669,ca,gnn_global,42,2HBB,A26G,1.79,0.8060566782951355
s669,ca,gnn_global,42,2HBB,A36G,1.55,0.8487398028373718
s669,ca,gnn_global,42,2HBB,A39G,1.59,0.8853524923324585
s669,ca,gnn_global,42,2HBB,A42G,0.33,0.7610490918159485
s669,ca,gnn_global,42,2HBB,A46G,0.55,0.802744448184967
s669,ca,gnn_global,42,2HBB,A49G,0.22,0.7214745879173279
s669,ca,gnn_global,42,2HBB,D23A,0.03,0.48365312814712524
s669,ca,gnn_global,42,2HBB,D23N,0.79,0.563687264919281
s669,ca,gnn_global,42,2HBB,D8A,1.3,0.34515637159347534
s669,ca,gnn_global,42,2HBB,D8N,0.38,0.3830912113189697
s669,ca,gnn_global,42,2HBB,E17A,1.69,0.5803678035736084
s669,ca,gnn_global,42,2HBB,E17Q,0.33,0.6272541880607605
s669,ca,gnn_global,42,2HBB,E38A,0.41,0.6908614635467529
s669,ca,gnn_global,42,2HBB,E38Q,0.68,0.7380313277244568
s669,ca,gnn_global,42,2HBB,E48Q,-0.07,0.5965407490730286
s669,ca,gnn_global,42,2HBB,F31A,2.84,0.8885658383369446
s669,ca,gnn_global,42,2HBB,F5L,1.15,0.783547580242157
s669,ca,gnn_global,42,2HBB,G24A,-0.02,0.6399732232093811
s669,ca,gnn_global,42,2HBB,G34A,1.02,0.6738497614860535
s669,ca,gnn_global,42,2HBB,I18A,2.05,0.991346538066864
s669,ca,gnn_global,42,2HBB,I18V,0.07,0.9383915662765503
s669,ca,gnn_global,42,2HBB,I37A,1.28,1.0133975744247437
s669,ca,gnn_global,42,2HBB,I37V,-0.09,0.9521304965019226
s669,ca,gnn_global,42,2HBB,I4V,0.59,0.9955230355262756
s669,ca,gnn_global,42,2HBB,K10E,-0.13,0.40309765934944153
s669,ca,gnn_global,42,2HBB,K10M,-0.47,0.3034825026988983
s669,ca,gnn_global,42,2HBB,K12A,-0.61,0.25935614109039307
s669,ca,gnn_global,42,2HBB,K12G,-0.03,0.3393250107765198
s669,ca,gnn_global,42,2HBB,K12M,-1.8,0.3034825026988983
s669,ca,gnn_global,42,2HBB,K14A,0.73,0.42665886878967285
s669,ca,gnn_global,42,2HBB,K14G,1.3,0.5046093463897705
s669,ca,gnn_global,42,2HBB,K14M,0.34,0.4527895152568817
s669,ca,gnn_global,42,2HBB,K15G,1.74,0.5614016056060791
s669,ca,gnn_global,42,2HBB,K15M,0.44,0.5055148005485535
s669,ca,gnn_global,42,2HBB,K7M,-0.21,0.51239013671875
s669,ca,gnn_global,42,2HBB,L30A,2.76,0.9070491790771484
s669,ca,gnn_global,42,2HBB,L35A,1.21,0.8706418871879578
s669,ca,gnn_global,42,2HBB,L44A,1.73,0.9824092984199524
s669,ca,gnn_global,42,2HBB,L47A,0.84,0.9264021515846252
s669,ca,gnn_global,42,2HBB,L6A,3.1,0.8528134226799011
s669,ca,gnn_global,42,2HBB,M1A,1.46,0.8195319175720215
s669,ca,gnn_global,42,2HBB,T40S,0.8,0.814450204372406
s669,ca,gnn_global,42,2HBB,V21A,2.33,0.8608031868934631
s669,ca,gnn_global,42,2HBB,V3A,2.55,0.9681406617164612
s669,ca,gnn_global,42,2HBB,V9A,1.81,0.5774044394493103
s669,ca,gnn_global,42,2JUC,C57D,2.54,1.2899826765060425
s669,ca,gnn_global,42,2JUC,C57S,0.71,1.1879204511642456
s669,ca,gnn_global,42,2JUC,R18A,1.75,1.0339709520339966
s669,ca,gnn_global,42,2KJ3,D288A,-1.2,0.373579740524292
s669,ca,gnn_global,42,2KJ3,E272A,-1.9,0.4307853579521179
s669,ca,gnn_global,42,2KJ3,G278A,0.8,0.6344475150108337
s669,ca,gnn_global,42,2KJ3,K229A,-1.5,0.5158412456512451
s669,ca,gnn_global,42,2KJ3,L241A,-1.0,0.7370521426200867
s669,ca,gnn_global,42,2KJ3,S273A,-1.4,0.5096391439437866
s669,ca,gnn_global,42,2KJ3,V239A,-1.0,0.6745756268501282
s669,ca,gnn_global,42,2KJ3,V264A,-1.0,0.6341476440429688
s669,ca,gnn_global,42,2KJ3,V267A,-0.2,0.6688312888145447
s669,ca,gnn_global,42,2MPC,A89T,0.24,0.48710131645202637
s669,ca,gnn_global,42,2MPC,R42A,-0.62,0.3011971414089203
s669,ca,gnn_global,42,2MPC,R42W,-2.08,0.3145260512828827
s669,ca,gnn_global,42,2N7Z,P88A,0.6,0.8720909953117371
s669,ca,gnn_global,42,2OUO,A420D,-0.44,1.4546743631362915
s669,ca,gnn_global,42,2PTL,A22G,2.43,0.8240404725074768
s669,ca,gnn_global,42,2PTL,A27P,-0.1,0.8730446696281433
s669,ca,gnn_global,42,2PTL,A27V,0.83,0.7323477864265442
s669,ca,gnn_global,42,2PTL,A34G,2.17,0.7670941948890686
s669,ca,gnn_global,42,2PTL,A34V,-1.47,0.7253711223602295
s669,ca,gnn_global,42,2PTL,A43G,2.54,0.7862374186515808
s669,ca,gnn_global,42,2PTL,A47G,3.1,0.8007258772850037
s669,ca,gnn_global,42,2PTL,A49G,1.32,0.7236319184303284
s669,ca,gnn_global,42,2PTL,A51G,3.12,0.7412747740745544
s669,ca,gnn_global,42,2PTL,A66G,0.49,0.7208641767501831
s669,ca,gnn_global,42,2PTL,D52A,1.21,0.505525529384613
s669,ca,gnn_global,42,2PTL,D52G,2.14,0.5297326445579529
s669,ca,gnn_global,42,2PTL,D64A,0.2,0.5940238833427429
s669,ca,gnn_global,42,2PTL,E35A,0.59,0.6660850644111633
s669,ca,gnn_global,42,2PTL,E46G,1.19,0.6459704637527466
s669,ca,gnn_global,42,2PTL,E46I,1.08,0.5362852215766907
s669,ca,gnn_global,42,2PTL,E60A,0.23,0.5529127717018127
s669,ca,gnn_global,42,2PTL,F26A,3.12,0.9060727953910828
s669,ca,gnn_global,42,2PTL,F26L,0.68,0.7679960131645203
s669,ca,gnn_global,42,2PTL,F36A,4.15,0.848066508769989
s669,ca,gnn_global,42,2PTL,F36L,3.12,0.7489851117134094
s669,ca,gnn_global,42,2PTL,F40G,3.08,0.8647264838218689
s669,ca,gnn_global,42,2PTL,F40L,0.38,0.747734546661377
s669,ca,gnn_global,42,2PTL,F76L,3.34,0.7470634579658508
s669,ca,gnn_global,42,2PTL,F76V,3.73,0.8264310956001282
s669,ca,gnn_global,42,2PTL,G29A,1.52,0.723902702331543
s669,ca,gnn_global,42,2PTL,G29V,2.53,0.6909575462341309
s669,ca,gnn_global,42,2PTL,G38A,2.08,0.7367668151855469
s669,ca,gnn_global,42,2PTL,G59A,2.23,0.6210961937904358
s669,ca,gnn_global,42,2PTL,G69A,2.04,0.6686579585075378
s669,ca,gnn_global,42,2PTL,I20A,4.9,0.9129619002342224
s669,ca,gnn_global,42,2PTL,I20V,0.56,0.879368245601654
s669,ca,gnn_global,42,2PTL,I25A,1.37,0.9504631161689758
s669,ca,gnn_global,42,2PTL,I25V,0.47,0.9171069264411926
s669,ca,gnn_global,42,2PTL,I74A,4.72,0.9422724843025208
s669,ca,gnn_global,42,2PTL,I74V,1.69,0.9017823338508606
s669,ca,gnn_global,42,2PTL,K21A,0.92,0.7164176106452942
s669,ca,gnn_global,42,2PTL,K37A,0.88,0.6936481595039368
s669,ca,gnn_global,42,2PTL,K42G,-0.16,0.6369122862815857
s669,ca,gnn_global,42,2PTL,K55A,-0.58,0.4800000786781311
s669,ca,gnn_global,42,2PTL,K56A,-0.35,0.44884544610977173
s669,ca,gnn_global,42,2PTL,K68A,0.09,0.5760876536369324
s669,ca,gnn_global,42,2PTL,K75A,0.45,0.7273436188697815
s669,ca,gnn_global,42,2PTL,L24A,3.12,0.9345692992210388
s669,ca,gnn_global,42,2PTL,L54A,2.44,0.7267743945121765
s669,ca,gnn_global,42,2PTL,L72A,3.77,0.886140763759613
s669,ca,gnn_global,42,2PTL,N23A,1.87,0.7478600740432739
s669,ca,gnn_global,42,2PTL,N28A,1.78,0.6561223268508911
s669,ca,gnn_global,42,2PTL,N58A,0.34,0.5825421214103699
s669,ca,gnn_global,42,2PTL,N73A,1.73,0.7252006530761719
s669,ca,gnn_global,42,2PTL,S30A,0.3,0.6616058945655823
s669,ca,gnn_global,42,2PTL,S45A,-0.41,0.6442586779594421
s669,ca,gnn_global,42,2PTL,S45G,0.82,0.660368025302887
s669,ca,gnn_global,42,2PTL,T19A,1.63,0.7307783961296082
s669,ca,gnn_global,42,2PTL,T31A,1.17,0.7414039969444275
s669,ca,gnn_global,42,2PTL,T33A,1.11,0.7300187945365906
s669,ca,gnn_global,42,2PTL,T39A,1.25,0.7067566514015198
s669,ca,gnn_global,42,2PTL,T44A,1.09,0.7314722537994385
s669,ca,gnn_global,42,2PTL,T53G,0.17,0.6438019871711731
s669,ca,gnn_global,42,2PTL,T62A,0.97,0.7189182043075562
s669,ca,gnn_global,42,2PTL,T71A,1.83,0.7348306775093079
s669,ca,gnn_global,42,2PTL,V18A,1.22,0.7575119733810425
s669,ca,gnn_global,42,2PTL,V63A,0.92,0.7974883913993835
s669,ca,gnn_global,42,2PTL,V65A,1.14,0.7808946371078491
s669,ca,gnn_global,42,2PTL,Y48A,2.82,0.75510573387146
s669,ca,gnn_global,42,2PTL,Y50A,2.46,0.717815101146698
s669,ca,gnn_global,42,2PTL,Y70A,1.66,0.7765126824378967
s669,ca,gnn_global,42,2PTL,Y70L,-0.43,0.6529574990272522
s669,ca,gnn_global,42,2RPN,E7L,-1.05,0.8149411082267761
s669,ca,gnn_global,42,2RPN,V21K,-0.39,1.289148211479187
s669,ca,gnn_global,42,2WQG,D15A,-0.3,1.0926151275634766
s669,ca,gnn_global,42,2WQG,D38A,-0.1,1.0023361444473267
s669,ca,gnn_global,42,2WQG,D39A,2.2,0.9735768437385559
s669,ca,gnn_global,42,2WQG,D39N,2.6,1.0758146047592163
s669,ca,gnn_global,42,2WQG,E40Q,0.1,1.0955785512924194
s669,ca,gnn_global,42,2WQG,E41G,0.4,1.0506166219711304
s669,ca,gnn_global,42,2WQG,I36A,0.9,1.4530233144760132
s669,ca,gnn_global,42,2WQG,I36V,0.3,1.3777567148208618
s669,ca,gnn_global,42,2WQG,K14A,0.4,1.2086830139160156
s669,ca,gnn_global,42,2WQG,K14G,1.9,1.2340210676193237
s669,ca,gnn_global,42,2WQG,K19A,0.3,1.088065505027771
s669,ca,gnn_global,42,2WQG,K28A,0.6,1.1765369176864624
s669,ca,gnn_global,42,2WQG,L13A,0.5,1.6148223876953125
s669,ca,gnn_global,42,2WQG,L16A,1.3,1.4908348321914673
s669,ca,gnn_global,42,2WQG,L8A,2.0,1.5221198797225952
s669,ca,gnn_global,42,2WQG,Q12A,0.6,1.2800792455673218
s669,ca,gnn_global,42,2WQG,Q12G,2.0,1.3019449710845947
s669,ca,gnn_global,42,2WQG,Q33A,-0.1,1.1718335151672363
s669,ca,gnn_global,42,2WQG,R34A,0.8,1.1121960878372192
s669,ca,gnn_global,42,2WQG,S23A,0.6,1.2007043361663818
s669,ca,gnn_global,42,2WQG,S6A,-0.1,1.15286386013031
s669,ca,gnn_global,42,2WQG,S6G,0.2,1.171402931213379
s669,ca,gnn_global,42,2WQG,T9S,-0.1,1.4197732210159302
s669,ca,gnn_global,42,2WQG,V10A,0.1,1.4561517238616943
s669,ca,gnn_global,42,2WQG,V10G,0.7,1.4725141525268555
s669,ca,gnn_global,42,2WQG,V11A,-0.4,1.4157949686050415
s669,ca,gnn_global,42,2WQG,V11G,-0.1,1.4327607154846191
s669,ca,gnn_global,42,2WQG,V24A,0.5,1.4153791666030884
s669,ca,gnn_global,42,2WQG,Y5F,2.4,1.2481969594955444
s669,ca,gnn_global,42,2ZTA,E11Q,0.74,0.4936637878417969
s669,ca,gnn_global,42,2ZTA,E20Q,-0.2,0.4578801393508911
s669,ca,gnn_global,42,2ZTA,E22Q,1.83,0.5604742765426636
s669,ca,gnn_global,42,2ZTA,K15A,0.41,0.3368547558784485
s669,ca,gnn_global,42,2ZTA,K27A,0.91,0.6892514824867249
s669,ca,gnn_global,42,2ZTA,K28A,0.06,0.6753717064857483
s669,ca,gnn_global,42,2ZTA,K8A,0.39,0.36876311898231506
s669,ca,gnn_global,42,2ZTA,R25A,1.66,0.6525457501411438
s669,ca,gnn_global,42,3BN0,I20V,1.506,0.7440454363822937
s669,ca,gnn_global,42,3C2I,F155S,-0.43,1.322264552116394
s669,ca,gnn_global,42,3C2I,T158A,-0.47,1.1139003038406372
s669,ca,gnn_global,42,3C2I,T158M,-0.25,1.0987260341644287
s669,ca,gnn_global,42,3FIS,P61A,0.5,0.6151065826416016
s669,ca,gnn_global,42,3G1G,D155Y,-0.34,1.0977790355682373
s669,ca,gnn_global,42,3G1G,F167Y,0.74,1.4302393198013306
s669,ca,gnn_global,42,3G1G,I190V,0.17,1.4698293209075928
s669,ca,gnn_global,42,3G1G,R185W,-1.32,1.2569403648376465
s669,ca,gnn_global,42,3K82,E334L,3.35,0.39015012979507446
s669,ca,gnn_global,42,3K82,E334Q,1.68,0.49540913105010986
s669,ca,gnn_global,42,3K82,E401R,-5.49,0.5194218754768372
s669,ca,gnn_global,42,3MON,R39G,-1.194,0.45781171321868896
s669,ca,gnn_global,42,3MON,W3C,2.866,0.4499064087867737
s669,ca,gnn_global,42,3O39,L32P,3.25,0.8300208449363708
s669,ca,gnn_global,42,3S92,H395R,-2.03,1.235342264175415
s669,ca,gnn_global,42,4N6V,H75W,-0.574,0.45339179039001465
s669,ca,gnn_global,42,4N6V,P36G,1.362,0.5383051633834839
s669,ca,gnn_global,42,4N6V,P79S,-1.745,0.5052605271339417
s669,ca,gnn_global,42,4YEE,V134T,0.71,0.8905261158943176
s669,ca,gnn_global,42,4YEF,T134V,0.93,0.6762338876724243
s669,ca,gnn_global,42,5JXB,D329G,1.44,0.4334607720375061
s669,ca,gnn_global,42,5JXB,D329P,1.44,0.4762881398200989
s669,ca,gnn_global,42,1A0F,S11A,1.8,0.8793265223503113
s669,ca,gnn_global,42,1A7V,A104H,2.69,1.3045755624771118
s669,ca,gnn_global,42,1A7V,A66H,1.98,1.254186987876892
s669,ca,gnn_global,42,1A7V,A91H,1.7,1.3365551233291626
s669,ca,gnn_global,42,1A7V,D3H,1.36,1.16505765914917
s669,ca,gnn_global,42,1A7V,D58H,2.05,1.1157182455062866
s669,ca,gnn_global,42,1A7V,E73H,3.01,1.1595406532287598
s669,ca,gnn_global,42,1A7V,K13H,0.6,1.2018567323684692
s669,ca,gnn_global,42,1A7V,K20H,2.88,1.2376993894577026
s669,ca,gnn_global,42,1A7V,K31H,1.36,1.2131050825119019
s669,ca,gnn_global,42,1A7V,K39H,1.86,1.2287970781326294
s669,ca,gnn_global,42,1A7V,K49H,2.02,1.2354966402053833
s669,ca,gnn_global,42,1A7V,K84H,2.88,1.2599081993103027
s669,ca,gnn_global,42,1A7V,K97H,1.97,1.230775237083435
s669,ca,gnn_global,42,1BNL,D76A,0.821,0.8557091355323792
s669,ca,gnn_global,42,1DIV,D23A,0.46,0.5133696794509888
s669,ca,gnn_global,42,1DIV,D23N,0.58,0.546485960483551
s669,ca,gnn_global,42,1DIV,D8N,0.3,0.46935927867889404
s669,ca,gnn_global,42,1DIV,E100A,0.98,0.529839277267456
s669,ca,gnn_global,42,1DIV,E100G,1.52,0.5409367084503174
s669,ca,gnn_global,42,1DIV,E17Q,0.21,0.5648403167724609
s669,ca,gnn_global,42,1DIV,E38Q,0.56,0.6081552505493164
s669,ca,gnn_global,42,1DIV,E48Q,-0.03,0.5374412536621094
s669,ca,gnn_global,42,1DIV,E54Q,-0.33,0.4823837876319885
s669,ca,gnn_global,42,1DIV,H106Q,1.53,0.584895670413971
s669,ca,gnn_global,42,1DIV,I115A,3.52,0.6463335156440735
s669,ca,gnn_global,42,1DIV,I4A,2.22,0.7606602907180786
s669,ca,gnn_global,42,1DIV,I4V,0.59,0.7361239790916443
s669,ca,gnn_global,42,1DIV,I79A,3.49,0.7404744029045105
s669,ca,gnn_global,42,1DIV,I93A,3.19,0.7409557700157166
s669,ca,gnn_global,42,1DIV,I98A,4.28,0.7444224953651428
s669,ca,gnn_global,42,1DIV,K10M,-0.05,0.4474337697029114
s669,ca,gnn_global,42,1DIV,K14M,-0.01,0.5145890116691589
s669,ca,gnn_global,42,1DIV,K15M,0.31,0.4805026054382324
s669,ca,gnn_global,42,1DIV,K7M,-0.35,0.5028738975524902
s669,ca,gnn_global,42,1DIV,K96A,-0.61,0.5566048622131348
s669,ca,gnn_global,42,1DIV,K96G,0.2,0.5650665760040283
s669,ca,gnn_global,42,1DIV,L102A,2.37,0.7148181200027466
s669,ca,gnn_global,42,1DIV,L108A,2.33,0.6436426043510437
s669,ca,gnn_global,42,1DIV,L110A,3.21,0.6423799991607666
s669,ca,gnn_global,42,1DIV,L117A,0.82,0.6967726945877075
s669,ca,gnn_global,42,1DIV,L30A,2.76,0.690461277961731
s669,ca,gnn_global,42,1DIV,L30V,3.62,0.6694433093070984
s669,ca,gnn_global,42,1DIV,L6A,3.1,0.6537277698516846
s669,ca,gnn_global,42,1DIV,L6I,0.13,0.5833894610404968
s669,ca,gnn_global,42,1DIV,L6V,0.41,0.6295249462127686
s669,ca,gnn_global,42,1DIV,L72A,3.77,0.5963229537010193
s669,ca,gnn_global,42,1DIV,M1A,1.46,0.6448131799697876
s669,ca,gnn_global,42,1DIV,M1G,2.36,0.6531807780265808
s669,ca,gnn_global,42,1DIV,V21A,2.33,0.6758241653442383
s669,ca,gnn_global,42,1DIV,V21I,0.4,0.6076433062553406
s669,ca,gnn_global,42,1DIV,V21L,1.23,0.60358065366745
s669,ca,gnn_global,42,1DIV,V3A,2.55,0.7174447774887085
s669,ca,gnn_global,42,1DIV,V3I,0.31,0.6382516026496887
s669,ca,gnn_global,42,1DIV,V3L,2.21,0.6440517902374268
s669,ca,gnn_global,42,1DXX,K18N,3.7,0.32229000329971313
s669,ca,gnn_global,42,1FH5,S18N,-0.6,1.376768946647644
s669,ca,gnn_global,42,1FT8,L212V,1.38,1.014591097831726
s669,ca,gnn_global,42,1FT8,L238I,0.35,0.963729739189148
s669,ca,gnn_global,42,1FT8,M216L,-0.27,0.9034237265586853
s669,ca,gnn_global,42,1GWY,A8D,1.6,0.9899857640266418
s669,ca,gnn_global,42,1ITM,C24T,3.3,0.5352950096130371
s669,ca,gnn_global,42,1ITM,C3T,5.0,0.4972953796386719
s669,ca,gnn_global,42,1ITM,W91S,-1.4,0.566597580909729
s669,ca,gnn_global,42,1JLV,E64D,1.162,0.8989700078964233
s669,ca,gnn_global,42,1JLV,E64N,2.3040000000000003,0.8477545380592346
s669,ca,gnn_global,42,1JLV,E64Q,2.302,0.831210196018219
s669,ca,gnn_global,42,1LVM,E106G,-1.4,0.2613086700439453
s669,ca,gnn_global,42,1LVM,K45F,-0.43,0.2675149142742157
s669,ca,gnn_global,42,1LVM,L56V,-0.0,0.48049551248550415
s669,ca,gnn_global,42,1LVM,Q58F,-0.6,0.33617687225341797
s669,ca,gnn_global,42,1N18,E100G,2.5,1.2739547491073608
s669,ca,gnn_global,42,1N18,G85R,1.4,1.3260055780410767
s669,ca,gnn_global,42,1N18,H46R,-1.4,1.3479942083358765
s669,ca,gnn_global,42,1O1U,E110A,3.3,0.55753493309021
s669,ca,gnn_global,42,1O1U,N61A,1.2,0.5702963471412659
s669,ca,gnn_global,42,1O1U,Q51A,0.3,0.5595064759254456
s669,ca,gnn_global,42,1O1U,Q99A,-0.3,0.5901232361793518
s669,ca,gnn_global,42,1O1U,T38A,1.2,0.6192074418067932
s669,ca,gnn_global,42,1O1U,W49Y,1.2,0.5945478677749634
s669,ca,gnn_global,42,1OSI,I11V,0.05,1.245544672012329
s669,ca,gnn_global,42,1OSI,S92F,-0.39,1.1278198957443237
s669,ca,gnn_global,42,1OSI,V15I,0.78,1.2226510047912598
s669,ca,gnn_global,42,1PFL,A20T,1.53,1.401639699935913
s669,ca,gnn_global,42,1PFL,G117V,1.96,1.1896120309829712
s669,ca,gnn_global,42,1PFL,M113T,3.53,1.3349837064743042
s669,ca,gnn_global,42,1PFL,T108M,-0.07,1.2211443185806274
s669,ca,gnn_global,42,1PRG,Q286P,0.3,0.7726474404335022
s669,ca,gnn_global,42,1PRG,R288H,-0.06,0.7334662079811096
s669,ca,gnn_global,42,1PRG,V290M,-0.03,0.767358124256134
s669,ca,gnn_global,42,1SPD,C111S,-0.8,1.432531714439392
s669,ca,gnn_global,42,1SPD,C6A,-0.1,1.4205102920532227
s669,ca,gnn_global,42,1XWS,E124Q,2.9,0.9014193415641785
s669,ca,gnn_global,42,1XWS,E135K,4.59,0.9796450734138489
s669,ca,gnn_global,42,1XWS,E142D,3.22,0.9846366047859192
s669,ca,gnn_global,42,1XWS,Y53H,3.3,1.0854854583740234
s669,ca,gnn_global,42,1XXN,N32D,0.86,0.9158583879470825
s669,ca,gnn_global,42,1XXN,N54E,0.645,0.8974816203117371
s669,ca,gnn_global,42,1XXN,S22E,-0.239,0.8433884978294373
s669,ca,gnn_global,42,1XXN,S27E,0.645,0.8832446932792664
s669,ca,gnn_global,42,1XZO,F42W,-2.87,1.0966826677322388
s669,ca,gnn_global,42,1XZO,W101F,2.89,0.9502558708190918
s669,ca,gnn_global,42,1XZO,W36A,8.93,1.022119164466858
s669,ca,gnn_global,42,1XZO,W36F,4.25,0.9736656546592712
s669,ca,gnn_global,42,2ARF,H1069Q,0.7170000000000001,1.2976038455963135
s669,ca,gnn_global,42,2H3F,E12A,-1.07,0.8046399354934692
s669,ca,gnn_global,42,2JIE,H104R,-1.536,0.7922974228858948
s669,ca,gnn_global,42,2JIE,Q22S,0.209,0.8057464957237244
s669,ca,gnn_global,42,2JIE,S17A,1.246,0.7239328622817993
s669,ca,gnn_global,42,2JIE,S19A,-0.951,0.7293571829795837
s669,ca,gnn_global,42,2JIE,T18A,0.994,0.7563025951385498
s669,ca,gnn_global,42,2JIE,W123F,-2.19,0.7085464596748352
s669,ca,gnn_global,42,2JIE,W123H,-1.06,0.7512981295585632
s669,ca,gnn_global,42,2JIE,Y21A,3.443,0.7838766574859619
s669,ca,gnn_global,42,2KS4,D9A,-1.26,0.8526843786239624
s669,ca,gnn_global,42,2KS4,E2A,0.23,0.8483709096908569
s669,ca,gnn_global,42,2LTB,L558P,1.57,1.058468222618103
s669,ca,gnn_global,42,2LTB,L569R,3.11,1.137602686882019
s669,ca,gnn_global,42,2LTB,M619K,3.34,1.029373288154602
s669,ca,gnn_global,42,2LTB,R533Q,1.1,0.8863629698753357
s669,ca,gnn_global,42,2LTB,R555Q,0.36,0.8806468844413757
s669,ca,gnn_global,42,2LTB,R555W,-1.79,0.8421838879585266
s669,ca,gnn_global,42,2M5S,D302A,4.0,1.1615349054336548
s669,ca,gnn_global,42,2M5S,H305A,2.0,1.2546602487564087
s669,ca,gnn_global,42,2NTE,R658C,2.3,0.717197597026825
s669,ca,gnn_global,42,2PR5,A33Y,-0.5,0.6200178861618042
s669,ca,gnn_global,42,2PR5,A81M,0.4,0.6587202548980713
s669,ca,gnn_global,42,2PR5,D109E,-0.3,0.6812028288841248
s669,ca,gnn_global,42,2PR5,H22K,-0.3,0.630926787853241
s669,ca,gnn_global,42,2PR5,H22W,-1.2,0.5897237062454224
s669,ca,gnn_global,42,2PR5,M111F,-2.9,0.6496217846870422
s669,ca,gnn_global,42,2PR5,N107F,-0.9,0.634362518787384
s669,ca,gnn_global,42,2PR5,N107Y,-0.8,0.675746500492096
s669,ca,gnn_global,42,2PR5,N124F,-1.1,0.6051841378211975
s669,ca,gnn_global,42,2PR5,N124Y,-2.6,0.6353053450584412
s669,ca,gnn_global,42,2PR5,T30M,-0.5,0.6907743811607361
s669,ca,gnn_global,42,2PR5,T50M,0.5,0.6233962178230286
s669,ca,gnn_global,42,2PR5,T54Y,-0.2,0.6657629609107971
s669,ca,gnn_global,42,2PR5,V120I,-1.4,0.6980171203613281
s669,ca,gnn_global,42,2PR5,V25I,-0.4,0.6653723120689392
s669,ca,gnn_global,42,2PR5,V88L,0.2,0.6581621170043945
s669,ca,gnn_global,42,2PR5,V90I,0.7,0.6576089262962341
s669,ca,gnn_global,42,2VY0,E53A,6.597,0.6740748286247253
s669,ca,gnn_global,42,3BCI,E96Q,-1.369,0.8559514880180359
s669,ca,gnn_global,42,3D3B,D118A,0.65,0.6153708100318909
s669,ca,gnn_global,42,3D3B,D118E,0.6,0.6883942484855652
s669,ca,gnn_global,42,3D3B,D118K,1.6,0.6827812790870667
s669,ca,gnn_global,42,3D3B,D118N,1.34,0.6534832119941711
s669,ca,gnn_global,42,3D3B,D118R,1.41,0.6721596121788025
s669,ca,gnn_global,42,3ECU,H46R,-0.8,1.3986047506332397
s669,ca,gnn_global,42,3S4M,D122Y,1.3,0.9459225535392761
s669,ca,gnn_global,42,3S4M,G130V,2.5,1.0705559253692627
s669,ca,gnn_global,42,3S4M,I154F,-0.096,1.0454152822494507
s669,ca,gnn_global,42,3S4M,W155R,0.693,1.0784063339233398
s669,ca,gnn_global,42,4BJX,A89V,-0.99,0.7546941637992859
s669,ca,gnn_global,42,4BUQ,Y48A,1.435,1.194176435470581
s669,ca,gnn_global,42,4WAA,K65A,-0.1,0.7689744830131531
s669,ca,gnn_global,42,4WAA,K67A,2.07,0.8361452221870422
s669,ca,gnn_global,42,4WAA,R27A,0.44,0.7034855484962463
s669,ca,gnn_global,42,5VP3,R39K,-0.413,0.8882761597633362
s669,ca,gnn_global,42,1BA3,H461D,1.745,0.7475060820579529
s669,ca,gnn_global,42,1BA3,H489D,-0.287,0.737871527671814
s669,ca,gnn_global,42,1BA3,H489K,0.287,0.7298039793968201
s669,ca,gnn_global,42,1BA3,H489M,0.263,0.7110974788665771
s669,ca,gnn_global,42,1DIV,V129A,1.81,0.5695161819458008
s669,ca,gnn_global,42,1F8I,F345A,0.455,0.7742753028869629
s669,ca,gnn_global,42,1FT8,L349I,-0.05,0.9493584632873535
s669,ca,gnn_global,42,1LVM,S135G,-0.0,0.32492414116859436
s669,ca,gnn_global,42,1NM1,D187N,0.88,0.8741650581359863
s669,ca,gnn_global,42,1NM1,D187Y,1.9,0.8550205230712891
s669,ca,gnn_global,42,1PRE,C159S,2.4,0.8441591858863831
s669,ca,gnn_global,42,1R2Y,R244E,4.2,1.0062201023101807
s669,ca,gnn_global,42,1XXN,N181R,-0.358,0.8498292565345764
s669,ca,gnn_global,42,3D2A,M134E,-3.02,0.8753151297569275
s669,ca,gnn_global,42,3D2A,M137P,-3.34,0.8713240027427673
s669,ca,gnn_global,42,3D2A,S163P,-2.11,0.6854290962219238
s669,ca,gnn_global,42,5OAQ,Y429H,2.99,0.3264893889427185
s669,ca,gnn_global,123,1BFM,M35W,0.7,0.7081714272499084
s669,ca,gnn_global,123,1BFM,M35Y,0.4,0.6822065711021423
s669,ca,gnn_global,123,1D5G,H71Y,0.04,0.9040619730949402
s669,ca,gnn_global,123,1D5G,I20F,-0.91,1.0549055337905884
s669,ca,gnn_global,123,1EKG,L198C,1.0,1.1231485605239868
s669,ca,gnn_global,123,1EKG,L200C,2.0,1.1397732496261597
s669,ca,gnn_global,123,1EKG,L203C,-1.0,1.1378822326660156
s669,ca,gnn_global,123,1EKG,S181F,2.6,0.8813735842704773
s669,ca,gnn_global,123,1FRD,H42R,-4.0,1.2225761413574219
s669,ca,gnn_global,123,1FXA,E94D,1.1,1.2948747873306274
s669,ca,gnn_global,123,1FXA,E94K,0.4,1.2252449989318848
s669,ca,gnn_global,123,1FXA,E94Q,-0.6,1.192794919013977
s669,ca,gnn_global,123,1FXA,E95K,-1.0,1.159661889076233
s669,ca,gnn_global,123,1FXA,F65A,1.0,1.3246572017669678
s669,ca,gnn_global,123,1FXA,F65I,0.9,1.2427862882614136
s669,ca,gnn_global,123,1FXA,F65W,0.6,1.3389524221420288
s669,ca,gnn_global,123,1FXA,F65Y,0.5,1.31777024269104
s669,ca,gnn_global,123,1FXA,R42A,2.4,1.2669625282287598
s669,ca,gnn_global,123,1FXA,R42H,1.4,1.3256725072860718
s669,ca,gnn_global,123,1FXA,T48A,-0.1,1.2475935220718384
s669,ca,gnn_global,123,1GLU,C500A,1.22,1.6694825887680054
s669,ca,gnn_global,123,1GUA,A118G,1.963,0.7930715680122375
s669,ca,gnn_global,123,1GUA,A118L,1.951,0.6220183968544006
s669,ca,gnn_global,123,1GUA,A85G,2.149,0.7587243914604187
s669,ca,gnn_global,123,1GUA,A97G,0.863,0.8302902579307556
s669,ca,gnn_global,123,1GUA,C81A,-0.283,0.6937700510025024
s669,ca,gnn_global,123,1GUA,C81I,0.912,0.5500050187110901
s669,ca,gnn_global,123,1GUA,C95A,0.08,0.6695928573608398
s669,ca,gnn_global,123,1GUA,C96A,1.759,0.7037707567214966
s669,ca,gnn_global,123,1GUA,C96L,0.043,0.5779595375061035
s669,ca,gnn_global,123,1GUA,C96M,0.337,0.6838698387145996
s669,ca,gnn_global,123,1GUA,D117A,0.706,0.5117002129554749
s669,ca,gnn_global,123,1GUA,D129A,0.855,0.5473290681838989
s669,ca,gnn_global,123,1GUA,D80A,0.493,0.5002078413963318
s669,ca,gnn_global,123,1GUA,E104A,-0.021,0.43202507495880127
s669,ca,gnn_global,123,1GUA,E124A,0.101,0.5693353414535522
s669,ca,gnn_global,123,1GUA,E125A,0.591,0.5634990334510803
s669,ca,gnn_global,123,1GUA,I58A,3.274,0.929679811000824
s669,ca,gnn_global,123,1GUA,I58F,1.2990000000000002,0.8395261764526367
s669,ca,gnn_global,123,1GUA,I58L,0.7709999999999999,0.8008484840393066
s669,ca,gnn_global,123,1GUA,K109A,0.327,0.5277473330497742
s669,ca,gnn_global,123,1GUA,L112A,2.593,0.803792417049408
s669,ca,gnn_global,123,1GUA,L121A,2.5340000000000003,0.8028181195259094
s669,ca,gnn_global,123,1GUA,L126A,3.405,0.840721070766449
s669,ca,gnn_global,123,1GUA,L62A,3.46,0.8195410370826721
s669,ca,gnn_global,123,1GUA,L78A,3.803,0.8568876385688782
s669,ca,gnn_global,123,1GUA,L82A,3.529,0.8361088633537292
s669,ca,gnn_global,123,1GUA,L82I,1.6,0.714893639087677
s669,ca,gnn_global,123,1GUA,L82V,1.7,0.8045956492424011
s669,ca,gnn_global,123,1GUA,L86A,3.2260000000000004,0.8892118334770203
s669,ca,gnn_global,123,1GUA,L91A,1.575,0.8283801078796387
s669,ca,gnn_global,123,1GUA,M76A,0.961,0.743503749370575
s669,ca,gnn_global,123,1GUA,N56M,-0.271,0.632860004901886
s669,ca,gnn_global,123,1GUA,N64A,1.14,0.4970851242542267
s669,ca,gnn_global,123,1GUA,P63A,1.7080000000000002,0.5221328139305115
s669,ca,gnn_global,123,1GUA,P93A,0.0819999999999999,0.606820285320282
s669,ca,gnn_global,123,1GUA,Q66A,0.504,0.5383010506629944
s669,ca,gnn_global,123,1GUA,R100A,0.693,0.6108879446983337
s669,ca,gnn_global,123,1GUA,R59A,-0.178,0.6631247401237488
s669,ca,gnn_global,123,1GUA,R89L,-1.078,0.540361225605011
s669,ca,gnn_global,123,1GUA,S77A,1.5730000000000002,0.6005541682243347
s669,ca,gnn_global,123,1GUA,S77T,-0.581,0.6391652226448059
s669,ca,gnn_global,123,1GUA,T68A,0.109,0.6460350751876831
s669,ca,gnn_global,123,1GUA,V128A,3.3680000000000003,0.8117485642433167
s669,ca,gnn_global,123,1GUA,V60A,2.251,0.7974237203598022
s669,ca,gnn_global,123,1GUA,V69A,1.116,0.7661884427070618
s669,ca,gnn_global,123,1GUA,V70A,1.77,0.8155415058135986
s669,ca,gnn_global,123,1GUA,V72A,1.052,0.8294651508331299
s669,ca,gnn_global,123,1GUA,V72I,0.8640000000000001,0.7051591873168945
s669,ca,gnn_global,123,1GUA,V98A,1.981,0.8155631422996521
s669,ca,gnn_global,123,1H0X,P18A,1.936,0.4844697415828705
s669,ca,gnn_global,123,1H0X,P62A,2.5810000000000004,0.5055081248283386
s669,ca,gnn_global,123,1HCQ,C67A,2.09,1.7133371829986572
s669,ca,gnn_global,123,1HCQ,C67S,1.99,1.8394761085510254
s669,ca,gnn_global,123,1IOJ,G15A,-0.4,1.4160748720169067
s669,ca,gnn_global,123,1IV7,A173C,-0.5,0.5657129883766174
s669,ca,gnn_global,123,1IV7,F189C,2.5,0.5970682501792908
s669,ca,gnn_global,123,1IV7,L162C,1.9,0.6794183254241943
s669,ca,gnn_global,123,1IV9,S76Y,-4.299,0.3331700265407562
s669,ca,gnn_global,123,1J8I,K25A,-0.1,1.2484989166259766
s669,ca,gnn_global,123,1J8I,K66A,-0.1,1.1794952154159546
s669,ca,gnn_global,123,1J8I,R23A,-0.8,1.2589887380599976
s669,ca,gnn_global,123,1J8I,R35A,0.1,1.3001396656036377
s669,ca,gnn_global,123,1J8I,R43A,-0.7,1.1883792877197266
s669,ca,gnn_global,123,1J8I,R9A,0.1,1.2293752431869507
s669,ca,gnn_global,123,1JL9,A25C,1.44,1.9489467144012451
s669,ca,gnn_global,123,1L6H,F39A,1.6969999999999998,1.856273889541626
s669,ca,gnn_global,123,1L6H,Y45A,0.55,1.6708875894546509
s669,ca,gnn_global,123,1L6H,Y48A,1.482,1.5807530879974365
s669,ca,gnn_global,123,1N88,F21A,1.39,0.8692992329597473
s669,ca,gnn_global,123,1N88,I39A,1.39,0.9480240941047668
s669,ca,gnn_global,123,1N88,I80A,2.79,0.9541723132133484
s669,ca,gnn_global,123,1N88,I89A,2.35,0.9095639586448669
s669,ca,gnn_global,123,1N88,I8V,1.52,0.9967097640037537
s669,ca,gnn_global,123,1N88,L13A,1.52,0.8931145071983337
s669,ca,gnn_global,123,1N88,L57A,1.11,0.8146868944168091
s669,ca,gnn_global,123,1N88,V12A,1.94,0.848232626914978
s669,ca,gnn_global,123,1N88,V30A,2.84,0.8743617534637451
s669,ca,gnn_global,123,1N88,V43A,2.82,0.9053637981414795
s669,ca,gnn_global,123,1N88,V49A,2.83,0.8478533029556274
s669,ca,gnn_global,123,1N88,V51A,3.24,0.8740140795707703
s669,ca,gnn_global,123,1N88,V54A,3.73,0.8699947595596313
s669,ca,gnn_global,123,1N88,V81A,2.82,0.9121296405792236
s669,ca,gnn_global,123,1N88,V83A,3.1,0.8896876573562622
s669,ca,gnn_global,123,1N88,Y18A,-0.06,0.7762035727500916
s669,ca,gnn_global,123,1N88,Y26A,4.61,0.8578887581825256
s669,ca,gnn_global,123,1O6X,A31G,1.2,0.6310267448425293
s669,ca,gnn_global,123,1O6X,A50G,1.4,0.8064822554588318
s669,ca,gnn_global,123,1O6X,D38A,-0.36,0.5338168740272522
s669,ca,gnn_global,123,1O6X,E14A,0.3,0.7150488495826721
s669,ca,gnn_global,123,1O6X,E20G,1.42,0.5378242135047913
s669,ca,gnn_global,123,1O6X,F39L,1.88,0.6908057332038879
s669,ca,gnn_global,123,1O6X,F65A,0.98,0.8734306693077087
s669,ca,gnn_global,123,1O6X,H51A,0.61,0.6865864396095276
s669,ca,gnn_global,123,1O6X,I15V,0.43,0.8855650424957275
s669,ca,gnn_global,123,1O6X,I23V,-0.42,0.7281737327575684
s669,ca,gnn_global,123,1O6X,I71V,1.31,0.8634905219078064
s669,ca,gnn_global,123,1O6X,I75A,1.31,0.9009292125701904
s669,ca,gnn_global,123,1O6X,K41A,1.98,0.6120352745056152
s669,ca,gnn_global,123,1O6X,L26V,0.97,0.6727453470230103
s669,ca,gnn_global,123,1O6X,N58A,0.08,0.7233591675758362
s669,ca,gnn_global,123,1O6X,Q60G,0.49,0.7885746955871582
s669,ca,gnn_global,123,1O6X,V12A,1.1,0.9009868502616882
s669,ca,gnn_global,123,1O6X,V52A,1.08,0.8526267409324646
s669,ca,gnn_global,123,1O6X,V64G,1.1,0.8782593607902527
s669,ca,gnn_global,123,1O6X,Y73L,2.78,0.7057164311408997
s669,ca,gnn_global,123,1R6R,I88N,0.13,0.2669118344783783
s669,ca,gnn_global,123,1R6R,L50S,2.81,0.41632553935050964
s669,ca,gnn_global,123,1R6R,L54S,0.24,0.4922749698162079
s669,ca,gnn_global,123,1R6R,L81N,6.84,0.3513827323913574
s669,ca,gnn_global,123,2BJD,V84D,4.493,0.7603980898857117
s669,ca,gnn_global,123,2BJD,V84P,4.517,0.7091705203056335
s669,ca,gnn_global,123,2BJD,Y86E,2.103,0.6203951239585876
s669,ca,gnn_global,123,2C9Q,Y79F,0.012,1.6839247941970825
s669,ca,gnn_global,123,2C9Q,Y79W,1.233,1.7831531763076782
s669,ca,gnn_global,123,2CLR,H13F,-0.12,0.7461934685707092
s669,ca,gnn_global,123,2CLR,H31F,-2.605,0.8023154139518738
s669,ca,gnn_global,123,2CLR,H51F,1.912,0.7723944783210754
s669,ca,gnn_global,123,2CLR,H84A,2.629,0.8759047389030457
s669,ca,gnn_global,123,2DVV,Q443H,-0.89,1.1005178689956665
s669,ca,gnn_global,123,2DVV,R419W,0.02,1.0605379343032837
s669,ca,gnn_global,123,2HBB,A22G,0.32,0.6800008416175842
s669,ca,gnn_global,123,2HBB,A26G,1.79,0.7463162541389465
s669,ca,gnn_global,123,2HBB,A36G,1.55,0.785714328289032
s669,ca,gnn_global,123,2HBB,A39G,1.59,0.8260210156440735
s669,ca,gnn_global,123,2HBB,A42G,0.33,0.6787532567977905
s669,ca,gnn_global,123,2HBB,A46G,0.55,0.6915035843849182
s669,ca,gnn_global,123,2HBB,A49G,0.22,0.5951935052871704
s669,ca,gnn_global,123,2HBB,D23A,0.03,0.3712880611419678
s669,ca,gnn_global,123,2HBB,D23N,0.79,0.43976423144340515
s669,ca,gnn_global,123,2HBB,D8A,1.3,0.2648959159851074
s669,ca,gnn_global,123,2HBB,D8N,0.38,0.33300796151161194
s669,ca,gnn_global,123,2HBB,E17A,1.69,0.449847549200058
s669,ca,gnn_global,123,2HBB,E17Q,0.33,0.5233396291732788
s669,ca,gnn_global,123,2HBB,E38A,0.41,0.567954957485199
s669,ca,gnn_global,123,2HBB,E38Q,0.68,0.6471368074417114
s669,ca,gnn_global,123,2HBB,E48Q,-0.07,0.5268862843513489
s669,ca,gnn_global,123,2HBB,F31A,2.84,0.7880205512046814
s669,ca,gnn_global,123,2HBB,F5L,1.15,0.6756667494773865
s669,ca,gnn_global,123,2HBB,G24A,-0.02,0.5376536250114441
s669,ca,gnn_global,123,2HBB,G34A,1.02,0.5199371576309204
s669,ca,gnn_global,123,2HBB,I18A,2.05,0.9179945588111877
s669,ca,gnn_global,123,2HBB,I18V,0.07,0.8628233671188354
s669,ca,gnn_global,123,2HBB,I37A,1.28,0.947571337223053
s669,ca,gnn_global,123,2HBB,I37V,-0.09,0.8631284832954407
s669,ca,gnn_global,123,2HBB,I4V,0.59,0.9255620837211609
s669,ca,gnn_global,123,2HBB,K10E,-0.13,0.40051504969596863
s669,ca,gnn_global,123,2HBB,K10M,-0.47,0.3150756061077118
s669,ca,gnn_global,123,2HBB,K12A,-0.61,0.276225745677948
s669,ca,gnn_global,123,2HBB,K12G,-0.03,0.32584115862846375
s669,ca,gnn_global,123,2HBB,K12M,-1.8,0.3150756061077118
s669,ca,gnn_global,123,2HBB,K14A,0.73,0.3866962194442749
s669,ca,gnn_global,123,2HBB,K14G,1.3,0.44978848099708557
s669,ca,gnn_global,123,2HBB,K14M,0.34,0.4109577536582947
s669,ca,gnn_global,123,2HBB,K15G,1.74,0.48690763115882874
s669,ca,gnn_global,123,2HBB,K15M,0.44,0.4350172281265259
s669,ca,gnn_global,123,2HBB,K7M,-0.21,0.4375110864639282
s669,ca,gnn_global,123,2HBB,L30A,2.76,0.8356800675392151
s669,ca,gnn_global,123,2HBB,L35A,1.21,0.8101041913032532
s669,ca,gnn_global,123,2HBB,L44A,1.73,0.8835632801055908
s669,ca,gnn_global,123,2HBB,L47A,0.84,0.809216320514679
s669,ca,gnn_global,123,2HBB,L6A,3.1,0.8053215146064758
s669,ca,gnn_global,123,2HBB,M1A,1.46,0.7245372533798218
s669,ca,gnn_global,123,2HBB,T40S,0.8,0.7429837584495544
s669,ca,gnn_global,123,2HBB,V21A,2.33,0.7859416604042053
s669,ca,gnn_global,123,2HBB,V3A,2.55,0.8982635140419006
s669,ca,gnn_global,123,2HBB,V9A,1.81,0.5218661427497864
s669,ca,gnn_global,123,2JUC,C57D,2.54,1.282162070274353
s669,ca,gnn_global,123,2JUC,C57S,0.71,1.178118109703064
s669,ca,gnn_global,123,2JUC,R18A,1.75,0.9760686755180359
s669,ca,gnn_global,123,2KJ3,D288A,-1.2,0.33484992384910583
s669,ca,gnn_global,123,2KJ3,E272A,-1.9,0.37835103273391724
s669,ca,gnn_global,123,2KJ3,G278A,0.8,0.5508629679679871
s669,ca,gnn_global,123,2KJ3,K229A,-1.5,0.4861827790737152
s669,ca,gnn_global,123,2KJ3,L241A,-1.0,0.6642006635665894
s669,ca,gnn_global,123,2KJ3,S273A,-1.4,0.4586319327354431
s669,ca,gnn_global,123,2KJ3,V239A,-1.0,0.6425701975822449
s669,ca,gnn_global,123,2KJ3,V264A,-1.0,0.6098944544792175
s669,ca,gnn_global,123,2KJ3,V267A,-0.2,0.6347593665122986
s669,ca,gnn_global,123,2MPC,A89T,0.24,0.4138994812965393
s669,ca,gnn_global,123,2MPC,R42A,-0.62,0.25982362031936646
s669,ca,gnn_global,123,2MPC,R42W,-2.08,0.276541531085968
s669,ca,gnn_global,123,2N7Z,P88A,0.6,0.7761080861091614
s669,ca,gnn_global,123,2OUO,A420D,-0.44,1.3867517709732056
s669,ca,gnn_global,123,2PTL,A22G,2.43,0.7861137390136719
s669,ca,gnn_global,123,2PTL,A27P,-0.1,0.7928970456123352
s669,ca,gnn_global,123,2PTL,A27V,0.83,0.6252837181091309
s669,ca,gnn_global,123,2PTL,A34G,2.17,0.6982617974281311
s669,ca,gnn_global,123,2PTL,A34V,-1.47,0.6160669922828674
s669,ca,gnn_global,123,2PTL,A43G,2.54,0.7426642179489136
s669,ca,gnn_global,123,2PTL,A47G,3.1,0.7641962170600891
s669,ca,gnn_global,123,2PTL,A49G,1.32,0.6816151142120361
s669,ca,gnn_global,123,2PTL,A51G,3.12,0.7099448442459106
s669,ca,gnn_global,123,2PTL,A66G,0.49,0.6548243761062622
s669,ca,gnn_global,123,2PTL,D52A,1.21,0.4594922959804535
s669,ca,gnn_global,123,2PTL,D52G,2.14,0.48911914229393005
s669,ca,gnn_global,123,2PTL,D64A,0.2,0.49418190121650696
s669,ca,gnn_global,123,2PTL,E35A,0.59,0.5715050101280212
s669,ca,gnn_global,123,2PTL,E46G,1.19,0.5935074687004089
s669,ca,gnn_global,123,2PTL,E46I,1.08,0.45963746309280396
s669,ca,gnn_global,123,2PTL,E60A,0.23,0.49338725209236145
s669,ca,gnn_global,123,2PTL,F26A,3.12,0.8274254202842712
s669,ca,gnn_global,123,2PTL,F26L,0.68,0.6952760219573975
s669,ca,gnn_global,123,2PTL,F36A,4.15,0.779451310634613
s669,ca,gnn_global,123,2PTL,F36L,3.12,0.6641120314598083
s669,ca,gnn_global,123,2PTL,F40G,3.08,0.8233482837677002
s669,ca,gnn_global,123,2PTL,F40L,0.38,0.6701852083206177
s669,ca,gnn_global,123,2PTL,F76L,3.34,0.6665595173835754
s669,ca,gnn_global,123,2PTL,F76V,3.73,0.741470456123352
s669,ca,gnn_global,123,2PTL,G29A,1.52,0.6251099705696106
s669,ca,gnn_global,123,2PTL,G29V,2.53,0.5771183967590332
s669,ca,gnn_global,123,2PTL,G38A,2.08,0.6446965932846069
s669,ca,gnn_global,123,2PTL,G59A,2.23,0.5460342168807983
s669,ca,gnn_global,123,2PTL,G69A,2.04,0.5914903283119202
s669,ca,gnn_global,123,2PTL,I20A,4.9,0.8707206845283508
s669,ca,gnn_global,123,2PTL,I20V,0.56,0.8112397193908691
s669,ca,gnn_global,123,2PTL,I25A,1.37,0.8969904184341431
s669,ca,gnn_global,123,2PTL,I25V,0.47,0.8354730010032654
s669,ca,gnn_global,123,2PTL,I74A,4.72,0.9137094616889954
s669,ca,gnn_global,123,2PTL,I74V,1.69,0.8549506664276123
s669,ca,gnn_global,123,2PTL,K21A,0.92,0.6419625878334045
s669,ca,gnn_global,123,2PTL,K37A,0.88,0.6197746396064758
s669,ca,gnn_global,123,2PTL,K42G,-0.16,0.5793898701667786
s669,ca,gnn_global,123,2PTL,K55A,-0.58,0.4778028428554535
s669,ca,gnn_global,123,2PTL,K56A,-0.35,0.43415436148643494
s669,ca,gnn_global,123,2PTL,K68A,0.09,0.5185666084289551
s669,ca,gnn_global,123,2PTL,K75A,0.45,0.652538001537323
s669,ca,gnn_global,123,2PTL,L24A,3.12,0.8874529004096985
s669,ca,gnn_global,123,2PTL,L54A,2.44,0.6815484166145325
s669,ca,gnn_global,123,2PTL,L72A,3.77,0.8352410197257996
s669,ca,gnn_global,123,2PTL,N23A,1.87,0.6725665926933289
s669,ca,gnn_global,123,2PTL,N28A,1.78,0.5779662132263184
s669,ca,gnn_global,123,2PTL,N58A,0.34,0.5137462019920349
s669,ca,gnn_global,123,2PTL,N73A,1.73,0.652753472328186
s669,ca,gnn_global,123,2PTL,S30A,0.3,0.575998842716217
s669,ca,gnn_global,123,2PTL,S45A,-0.41,0.5604461431503296
s669,ca,gnn_global,123,2PTL,S45G,0.82,0.5871264338493347
s669,ca,gnn_global,123,2PTL,T19A,1.63,0.6427908539772034
s669,ca,gnn_global,123,2PTL,T31A,1.17,0.6470531821250916
s669,ca,gnn_global,123,2PTL,T33A,1.11,0.6384190320968628
s669,ca,gnn_global,123,2PTL,T39A,1.25,0.6235845685005188
s669,ca,gnn_global,123,2PTL,T44A,1.09,0.6557872891426086
s669,ca,gnn_global,123,2PTL,T53G,0.17,0.593765139579773
s669,ca,gnn_global,123,2PTL,T62A,0.97,0.6322676539421082
s669,ca,gnn_global,123,2PTL,T71A,1.83,0.6608921885490417
s669,ca,gnn_global,123,2PTL,V18A,1.22,0.7029034495353699
s669,ca,gnn_global,123,2PTL,V63A,0.92,0.7470441460609436
s669,ca,gnn_global,123,2PTL,V65A,1.14,0.7151796817779541
s669,ca,gnn_global,123,2PTL,Y48A,2.82,0.7114960551261902
s669,ca,gnn_global,123,2PTL,Y50A,2.46,0.6765836477279663
s669,ca,gnn_global,123,2PTL,Y70A,1.66,0.7073447704315186
s669,ca,gnn_global,123,2PTL,Y70L,-0.43,0.5757601261138916
s669,ca,gnn_global,123,2RPN,E7L,-1.05,0.7332854270935059
s669,ca,gnn_global,123,2RPN,V21K,-0.39,1.2210853099822998
s669,ca,gnn_global,123,2WQG,D15A,-0.3,1.1485718488693237
s669,ca,gnn_global,123,2WQG,D38A,-0.1,1.0352991819381714
s669,ca,gnn_global,123,2WQG,D39A,2.2,1.0349568128585815
s669,ca,gnn_global,123,2WQG,D39N,2.6,1.1218140125274658
s669,ca,gnn_global,123,2WQG,E40Q,0.1,1.1976630687713623
s669,ca,gnn_global,123,2WQG,E41G,0.4,1.1761078834533691
s669,ca,gnn_global,123,2WQG,I36A,0.9,1.5372761487960815
s669,ca,gnn_global,123,2WQG,I36V,0.3,1.4635206460952759
s669,ca,gnn_global,123,2WQG,K14A,0.4,1.344818353652954
s669,ca,gnn_global,123,2WQG,K14G,1.9,1.3997981548309326
s669,ca,gnn_global,123,2WQG,K19A,0.3,1.2051438093185425
s669,ca,gnn_global,123,2WQG,K28A,0.6,1.3214443922042847
s669,ca,gnn_global,123,2WQG,L13A,0.5,1.750922441482544
s669,ca,gnn_global,123,2WQG,L16A,1.3,1.589516043663025
s669,ca,gnn_global,123,2WQG,L8A,2.0,1.6504344940185547
s669,ca,gnn_global,123,2WQG,Q12A,0.6,1.4154328107833862
s669,ca,gnn_global,123,2WQG,Q12G,2.0,1.4549492597579956
s669,ca,gnn_global,123,2WQG,Q33A,-0.1,1.2073274850845337
s669,ca,gnn_global,123,2WQG,R34A,0.8,1.215164303779602
s669,ca,gnn_global,123,2WQG,S23A,0.6,1.256423830986023
s669,ca,gnn_global,123,2WQG,S6A,-0.1,1.256675362586975
s669,ca,gnn_global,123,2WQG,S6G,0.2,1.2922803163528442
s669,ca,gnn_global,123,2WQG,T9S,-0.1,1.6044062376022339
s669,ca,gnn_global,123,2WQG,V10A,0.1,1.5567468404769897
s669,ca,gnn_global,123,2WQG,V10G,0.7,1.5914298295974731
s669,ca,gnn_global,123,2WQG,V11A,-0.4,1.5088577270507812
s669,ca,gnn_global,123,2WQG,V11G,-0.1,1.540032148361206
s669,ca,gnn_global,123,2WQG,V24A,0.5,1.500595211982727
s669,ca,gnn_global,123,2WQG,Y5F,2.4,1.3550645112991333
s669,ca,gnn_global,123,2ZTA,E11Q,0.74,0.5338533520698547
s669,ca,gnn_global,123,2ZTA,E20Q,-0.2,0.48481419682502747
s669,ca,gnn_global,123,2ZTA,E22Q,1.83,0.5626788139343262
s669,ca,gnn_global,123,2ZTA,K15A,0.41,0.4414912760257721
s669,ca,gnn_global,123,2ZTA,K27A,0.91,0.7139896750450134
s669,ca,gnn_global,123,2ZTA,K28A,0.06,0.7051815390586853
s669,ca,gnn_global,123,2ZTA,K8A,0.39,0.4072432816028595
s669,ca,gnn_global,123,2ZTA,R25A,1.66,0.7362771034240723
s669,ca,gnn_global,123,3BN0,I20V,1.506,0.5625603795051575
s669,ca,gnn_global,123,3C2I,F155S,-0.43,1.296118974685669
s669,ca,gnn_global,123,3C2I,T158A,-0.47,1.0480542182922363
s669,ca,gnn_global,123,3C2I,T158M,-0.25,1.0457733869552612
s669,ca,gnn_global,123,3FIS,P61A,0.5,0.5053234696388245
s669,ca,gnn_global,123,3G1G,D155Y,-0.34,0.9567724466323853
s669,ca,gnn_global,123,3G1G,F167Y,0.74,1.3373643159866333
s669,ca,gnn_global,123,3G1G,I190V,0.17,1.3579076528549194
s669,ca,gnn_global,123,3G1G,R185W,-1.32,1.192422866821289
s669,ca,gnn_global,123,3K82,E334L,3.35,0.30240944027900696
s669,ca,gnn_global,123,3K82,E334Q,1.68,0.4024990200996399
s669,ca,gnn_global,123,3K82,E401R,-5.49,0.39826980233192444
s669,ca,gnn_global,123,3MON,R39G,-1.194,0.6159287095069885
s669,ca,gnn_global,123,3MON,W3C,2.866,0.609103798866272
s669,ca,gnn_global,123,3O39,L32P,3.25,0.8198478817939758
s669,ca,gnn_global,123,3S92,H395R,-2.03,1.0565465688705444
s669,ca,gnn_global,123,4N6V,H75W,-0.574,0.4257618188858032
s669,ca,gnn_global,123,4N6V,P36G,1.362,0.4715760052204132
s669,ca,gnn_global,123,4N6V,P79S,-1.745,0.48168453574180603
s669,ca,gnn_global,123,4YEE,V134T,0.71,0.7327315211296082
s669,ca,gnn_global,123,4YEF,T134V,0.93,0.5147734880447388
s669,ca,gnn_global,123,5JXB,D329G,1.44,0.3137814998626709
s669,ca,gnn_global,123,5JXB,D329P,1.44,0.3523327112197876
s669,ca,gnn_global,123,1A0F,S11A,1.8,0.7891736626625061
s669,ca,gnn_global,123,1A7V,A104H,2.69,1.2074016332626343
s669,ca,gnn_global,123,1A7V,A66H,1.98,1.1617834568023682
s669,ca,gnn_global,123,1A7V,A91H,1.7,1.232614517211914
s669,ca,gnn_global,123,1A7V,D3H,1.36,1.0858896970748901
s669,ca,gnn_global,123,1A7V,D58H,2.05,1.0434156656265259
s669,ca,gnn_global,123,1A7V,E73H,3.01,1.0619232654571533
s669,ca,gnn_global,123,1A7V,K13H,0.6,1.1204384565353394
s669,ca,gnn_global,123,1A7V,K20H,2.88,1.1520941257476807
s669,ca,gnn_global,123,1A7V,K31H,1.36,1.1206403970718384
s669,ca,gnn_global,123,1A7V,K39H,1.86,1.154284119606018
s669,ca,gnn_global,123,1A7V,K49H,2.02,1.1664689779281616
s669,ca,gnn_global,123,1A7V,K84H,2.88,1.181439995765686
s669,ca,gnn_global,123,1A7V,K97H,1.97,1.141046404838562
s669,ca,gnn_global,123,1BNL,D76A,0.821,0.7257755994796753
s669,ca,gnn_global,123,1DIV,D23A,0.46,0.41698336601257324
s669,ca,gnn_global,123,1DIV,D23N,0.58,0.4459238350391388
s669,ca,gnn_global,123,1DIV,D8N,0.3,0.3942471742630005
s669,ca,gnn_global,123,1DIV,E100A,0.98,0.45329371094703674
s669,ca,gnn_global,123,1DIV,E100G,1.52,0.47239619493484497
s669,ca,gnn_global,123,1DIV,E17Q,0.21,0.47934678196907043
s669,ca,gnn_global,123,1DIV,E38Q,0.56,0.5211946368217468
s669,ca,gnn_global,123,1DIV,E48Q,-0.03,0.4616134464740753
s669,ca,gnn_global,123,1DIV,E54Q,-0.33,0.40597134828567505
s669,ca,gnn_global,123,1DIV,H106Q,1.53,0.5078521966934204
s669,ca,gnn_global,123,1DIV,I115A,3.52,0.55748051404953
s669,ca,gnn_global,123,1DIV,I4A,2.22,0.691655695438385
s669,ca,gnn_global,123,1DIV,I4V,0.59,0.6607145071029663
s669,ca,gnn_global,123,1DIV,I79A,3.49,0.6689559817314148
s669,ca,gnn_global,123,1DIV,I93A,3.19,0.6662416458129883
s669,ca,gnn_global,123,1DIV,I98A,4.28,0.6739583015441895
s669,ca,gnn_global,123,1DIV,K10M,-0.05,0.3931133449077606
s669,ca,gnn_global,123,1DIV,K14M,-0.01,0.4333264231681824
s669,ca,gnn_global,123,1DIV,K15M,0.31,0.4062393605709076
s669,ca,gnn_global,123,1DIV,K7M,-0.35,0.4326836168766022
s669,ca,gnn_global,123,1DIV,K96A,-0.61,0.47017136216163635
s669,ca,gnn_global,123,1DIV,K96G,0.2,0.48912855982780457
s669,ca,gnn_global,123,1DIV,L102A,2.37,0.6432561874389648
s669,ca,gnn_global,123,1DIV,L108A,2.33,0.5646503567695618
s669,ca,gnn_global,123,1DIV,L110A,3.21,0.5652816891670227
s669,ca,gnn_global,123,1DIV,L117A,0.82,0.6141573190689087
s669,ca,gnn_global,123,1DIV,L30A,2.76,0.617850124835968
s669,ca,gnn_global,123,1DIV,L30V,3.62,0.5771678686141968
s669,ca,gnn_global,123,1DIV,L6A,3.1,0.5943446159362793
s669,ca,gnn_global,123,1DIV,L6I,0.13,0.5149717926979065
s669,ca,gnn_global,123,1DIV,L6V,0.41,0.569017767906189
s669,ca,gnn_global,123,1DIV,L72A,3.77,0.5126323103904724
s669,ca,gnn_global,123,1DIV,M1A,1.46,0.5528967976570129
s669,ca,gnn_global,123,1DIV,M1G,2.36,0.5681650638580322
s669,ca,gnn_global,123,1DIV,V21A,2.33,0.5938041806221008
s669,ca,gnn_global,123,1DIV,V21I,0.4,0.5165989995002747
s669,ca,gnn_global,123,1DIV,V21L,1.23,0.5204567313194275
s669,ca,gnn_global,123,1DIV,V3A,2.55,0.6332307457923889
s669,ca,gnn_global,123,1DIV,V3I,0.31,0.5454095005989075
s669,ca,gnn_global,123,1DIV,V3L,2.21,0.5517823100090027
s669,ca,gnn_global,123,1DXX,K18N,3.7,0.21666714549064636
s669,ca,gnn_global,123,1FH5,S18N,-0.6,1.314190149307251
s669,ca,gnn_global,123,1FT8,L212V,1.38,0.9090863466262817
s669,ca,gnn_global,123,1FT8,L238I,0.35,0.8620350360870361
s669,ca,gnn_global,123,1FT8,M216L,-0.27,0.8245164155960083
s669,ca,gnn_global,123,1GWY,A8D,1.6,0.8238896727561951
s669,ca,gnn_global,123,1ITM,C24T,3.3,0.44077005982398987
s669,ca,gnn_global,123,1ITM,C3T,5.0,0.4006938934326172
s669,ca,gnn_global,123,1ITM,W91S,-1.4,0.4894082844257355
s669,ca,gnn_global,123,1JLV,E64D,1.162,0.7735822796821594
s669,ca,gnn_global,123,1JLV,E64N,2.3040000000000003,0.6976829171180725
s669,ca,gnn_global,123,1JLV,E64Q,2.302,0.6891704797744751
s669,ca,gnn_global,123,1LVM,E106G,-1.4,0.2739301323890686
s669,ca,gnn_global,123,1LVM,K45F,-0.43,0.2861354947090149
s669,ca,gnn_global,123,1LVM,L56V,-0.0,0.5092043280601501
s669,ca,gnn_global,123,1LVM,Q58F,-0.6,0.36478909850120544
s669,ca,gnn_global,123,1N18,E100G,2.5,1.165946364402771
s669,ca,gnn_global,123,1N18,G85R,1.4,1.2322559356689453
s669,ca,gnn_global,123,1N18,H46R,-1.4,1.2397199869155884
s669,ca,gnn_global,123,1O1U,E110A,3.3,0.5039107203483582
s669,ca,gnn_global,123,1O1U,N61A,1.2,0.519544780254364
s669,ca,gnn_global,123,1O1U,Q51A,0.3,0.5233766436576843
s669,ca,gnn_global,123,1O1U,Q99A,-0.3,0.5406244993209839
s669,ca,gnn_global,123,1O1U,T38A,1.2,0.5609555244445801
s669,ca,gnn_global,123,1O1U,W49Y,1.2,0.542811930179596
s669,ca,gnn_global,123,1OSI,I11V,0.05,1.0387293100357056
s669,ca,gnn_global,123,1OSI,S92F,-0.39,0.8991451263427734
s669,ca,gnn_global,123,1OSI,V15I,0.78,1.0047048330307007
s669,ca,gnn_global,123,1PFL,A20T,1.53,1.2773905992507935
s669,ca,gnn_global,123,1PFL,G117V,1.96,1.058280110359192
s669,ca,gnn_global,123,1PFL,M113T,3.53,1.221570611000061
s669,ca,gnn_global,123,1PFL,T108M,-0.07,1.1133122444152832
s669,ca,gnn_global,123,1PRG,Q286P,0.3,0.6412006616592407
s669,ca,gnn_global,123,1PRG,R288H,-0.06,0.6163012981414795
s669,ca,gnn_global,123,1PRG,V290M,-0.03,0.6318759322166443
s669,ca,gnn_global,123,1SPD,C111S,-0.8,1.3469374179840088
s669,ca,gnn_global,123,1SPD,C6A,-0.1,1.3048542737960815
s669,ca,gnn_global,123,1XWS,E124Q,2.9,0.7805206775665283
s669,ca,gnn_global,123,1XWS,E135K,4.59,0.826304018497467
s669,ca,gnn_global,123,1XWS,E142D,3.22,0.8323391675949097
s669,ca,gnn_global,123,1XWS,Y53H,3.3,0.9955076575279236
s669,ca,gnn_global,123,1XXN,N32D,0.86,0.8984853625297546
s669,ca,gnn_global,123,1XXN,N54E,0.645,0.8609292507171631
s669,ca,gnn_global,123,1XXN,S22E,-0.239,0.7995384335517883
s669,ca,gnn_global,123,1XXN,S27E,0.645,0.8483971953392029
s669,ca,gnn_global,123,1XZO,F42W,-2.87,1.05176842212677
s669,ca,gnn_global,123,1XZO,W101F,2.89,0.8989614844322205
s669,ca,gnn_global,123,1XZO,W36A,8.93,0.9603124260902405
s669,ca,gnn_global,123,1XZO,W36F,4.25,0.9054286479949951
s669,ca,gnn_global,123,2ARF,H1069Q,0.7170000000000001,1.217817783355713
s669,ca,gnn_global,123,2H3F,E12A,-1.07,0.7663000226020813
s669,ca,gnn_global,123,2JIE,H104R,-1.536,0.7268638014793396
s669,ca,gnn_global,123,2JIE,Q22S,0.209,0.8019462823867798
s669,ca,gnn_global,123,2JIE,S17A,1.246,0.7054852247238159
s669,ca,gnn_global,123,2JIE,S19A,-0.951,0.7294546365737915
s669,ca,gnn_global,123,2JIE,T18A,0.994,0.7561870217323303
s669,ca,gnn_global,123,2JIE,W123F,-2.19,0.6686322093009949
s669,ca,gnn_global,123,2JIE,W123H,-1.06,0.7287997603416443
s669,ca,gnn_global,123,2JIE,Y21A,3.443,0.7618504166603088
s669,ca,gnn_global,123,2KS4,D9A,-1.26,0.7256208062171936
s669,ca,gnn_global,123,2KS4,E2A,0.23,0.7384148240089417
s669,ca,gnn_global,123,2LTB,L558P,1.57,0.9203345775604248
s669,ca,gnn_global,123,2LTB,L569R,3.11,0.9842666983604431
s669,ca,gnn_global,123,2LTB,M619K,3.34,0.8590436577796936
s669,ca,gnn_global,123,2LTB,R533Q,1.1,0.7597340941429138
s669,ca,gnn_global,123,2LTB,R555Q,0.36,0.7876880168914795
s669,ca,gnn_global,123,2LTB,R555W,-1.79,0.7505379915237427
s669,ca,gnn_global,123,2M5S,D302A,4.0,1.0748510360717773
s669,ca,gnn_global,123,2M5S,H305A,2.0,1.1865363121032715
s669,ca,gnn_global,123,2NTE,R658C,2.3,0.7213656902313232
s669,ca,gnn_global,123,2PR5,A33Y,-0.5,0.5178667306900024
s669,ca,gnn_global,123,2PR5,A81M,0.4,0.557691216468811
s669,ca,gnn_global,123,2PR5,D109E,-0.3,0.5529952645301819
s669,ca,gnn_global,123,2PR5,H22K,-0.3,0.5106696486473083
s669,ca,gnn_global,123,2PR5,H22W,-1.2,0.4761594235897064
s669,ca,gnn_global,123,2PR5,M111F,-2.9,0.5254625678062439
s669,ca,gnn_global,123,2PR5,N107F,-0.9,0.5001815557479858
s669,ca,gnn_global,123,2PR5,N107Y,-0.8,0.5499548316001892
s669,ca,gnn_global,123,2PR5,N124F,-1.1,0.4682480990886688
s669,ca,gnn_global,123,2PR5,N124Y,-2.6,0.5063499808311462
s669,ca,gnn_global,123,2PR5,T30M,-0.5,0.5814557075500488
s669,ca,gnn_global,123,2PR5,T50M,0.5,0.5174406170845032
s669,ca,gnn_global,123,2PR5,T54Y,-0.2,0.5250111818313599
s669,ca,gnn_global,123,2PR5,V120I,-1.4,0.5829028487205505
s669,ca,gnn_global,123,2PR5,V25I,-0.4,0.5434954762458801
s669,ca,gnn_global,123,2PR5,V88L,0.2,0.5521008372306824
s669,ca,gnn_global,123,2PR5,V90I,0.7,0.5581001043319702
s669,ca,gnn_global,123,2VY0,E53A,6.597,0.533328652381897
s669,ca,gnn_global,123,3BCI,E96Q,-1.369,0.7755908966064453
s669,ca,gnn_global,123,3D3B,D118A,0.65,0.4525756537914276
s669,ca,gnn_global,123,3D3B,D118E,0.6,0.5102658867835999
s669,ca,gnn_global,123,3D3B,D118K,1.6,0.4995395243167877
s669,ca,gnn_global,123,3D3B,D118N,1.34,0.4772869050502777
s669,ca,gnn_global,123,3D3B,D118R,1.41,0.4872557818889618
s669,ca,gnn_global,123,3ECU,H46R,-0.8,1.3021191358566284
s669,ca,gnn_global,123,3S4M,D122Y,1.3,0.890487015247345
s669,ca,gnn_global,123,3S4M,G130V,2.5,0.996581494808197
s669,ca,gnn_global,123,3S4M,I154F,-0.096,1.002221703529358
s669,ca,gnn_global,123,3S4M,W155R,0.693,1.0225560665130615
s669,ca,gnn_global,123,4BJX,A89V,-0.99,0.6730145812034607
s669,ca,gnn_global,123,4BUQ,Y48A,1.435,1.0973314046859741
s669,ca,gnn_global,123,4WAA,K65A,-0.1,0.651938259601593
s669,ca,gnn_global,123,4WAA,K67A,2.07,0.7090105414390564
s669,ca,gnn_global,123,4WAA,R27A,0.44,0.6047373414039612
s669,ca,gnn_global,123,5VP3,R39K,-0.413,0.7849344611167908
s669,ca,gnn_global,123,1BA3,H461D,1.745,0.5804519653320312
s669,ca,gnn_global,123,1BA3,H489D,-0.287,0.571194052696228
s669,ca,gnn_global,123,1BA3,H489K,0.287,0.5575887560844421
s669,ca,gnn_global,123,1BA3,H489M,0.263,0.5433950424194336
s669,ca,gnn_global,123,1DIV,V129A,1.81,0.48730507493019104
s669,ca,gnn_global,123,1F8I,F345A,0.455,0.6092944741249084
s669,ca,gnn_global,123,1FT8,L349I,-0.05,0.8506248593330383
s669,ca,gnn_global,123,1LVM,S135G,-0.0,0.37288305163383484
s669,ca,gnn_global,123,1NM1,D187N,0.88,0.7036839127540588
s669,ca,gnn_global,123,1NM1,D187Y,1.9,0.6860068440437317
s669,ca,gnn_global,123,1PRE,C159S,2.4,0.7581018805503845
s669,ca,gnn_global,123,1R2Y,R244E,4.2,0.866326630115509
s669,ca,gnn_global,123,1XXN,N181R,-0.358,0.805648684501648
s669,ca,gnn_global,123,3D2A,M134E,-3.02,0.864605724811554
s669,ca,gnn_global,123,3D2A,M137P,-3.34,0.9177194237709045
s669,ca,gnn_global,123,3D2A,S163P,-2.11,0.7006056904792786
s669,ca,gnn_global,123,5OAQ,Y429H,2.99,0.31145942211151123
s669,ca,gnn_global,2024,1BFM,M35W,0.7,0.47112515568733215
s669,ca,gnn_global,2024,1BFM,M35Y,0.4,0.43364188075065613
s669,ca,gnn_global,2024,1D5G,H71Y,0.04,0.7516352534294128
s669,ca,gnn_global,2024,1D5G,I20F,-0.91,0.9396533966064453
s669,ca,gnn_global,2024,1EKG,L198C,1.0,1.0573242902755737
s669,ca,gnn_global,2024,1EKG,L200C,2.0,1.0879366397857666
s669,ca,gnn_global,2024,1EKG,L203C,-1.0,1.0677518844604492
s669,ca,gnn_global,2024,1EKG,S181F,2.6,0.8534711599349976
s669,ca,gnn_global,2024,1FRD,H42R,-4.0,1.0376461744308472
s669,ca,gnn_global,2024,1FXA,E94D,1.1,1.047863245010376
s669,ca,gnn_global,2024,1FXA,E94K,0.4,0.9988165497779846
s669,ca,gnn_global,2024,1FXA,E94Q,-0.6,0.9518420100212097
s669,ca,gnn_global,2024,1FXA,E95K,-1.0,0.9146197438240051
s669,ca,gnn_global,2024,1FXA,F65A,1.0,1.1334868669509888
s669,ca,gnn_global,2024,1FXA,F65I,0.9,1.0467658042907715
s669,ca,gnn_global,2024,1FXA,F65W,0.6,1.1317797899246216
s669,ca,gnn_global,2024,1FXA,F65Y,0.5,1.121641755104065
s669,ca,gnn_global,2024,1FXA,R42A,2.4,1.1045150756835938
s669,ca,gnn_global,2024,1FXA,R42H,1.4,1.1799513101577759
s669,ca,gnn_global,2024,1FXA,T48A,-0.1,1.0518159866333008
s669,ca,gnn_global,2024,1GLU,C500A,1.22,1.2181389331817627
s669,ca,gnn_global,2024,1GUA,A118G,1.963,0.5435361862182617
s669,ca,gnn_global,2024,1GUA,A118L,1.951,0.3993643522262573
s669,ca,gnn_global,2024,1GUA,A85G,2.149,0.5238758325576782
s669,ca,gnn_global,2024,1GUA,A97G,0.863,0.5848426222801208
s669,ca,gnn_global,2024,1GUA,C81A,-0.283,0.48838964104652405
s669,ca,gnn_global,2024,1GUA,C81I,0.912,0.36880120635032654
s669,ca,gnn_global,2024,1GUA,C95A,0.08,0.5066480040550232
s669,ca,gnn_global,2024,1GUA,C96A,1.759,0.5497955679893494
s669,ca,gnn_global,2024,1GUA,C96L,0.043,0.4361400902271271
s669,ca,gnn_global,2024,1GUA,C96M,0.337,0.5061565041542053
s669,ca,gnn_global,2024,1GUA,D117A,0.706,0.29294249415397644
s669,ca,gnn_global,2024,1GUA,D129A,0.855,0.3866000771522522
s669,ca,gnn_global,2024,1GUA,D80A,0.493,0.3026571273803711
s669,ca,gnn_global,2024,1GUA,E104A,-0.021,0.2177792191505432
s669,ca,gnn_global,2024,1GUA,E124A,0.101,0.3837842345237732
s669,ca,gnn_global,2024,1GUA,E125A,0.591,0.3793380558490753
s669,ca,gnn_global,2024,1GUA,I58A,3.274,0.7147120833396912
s669,ca,gnn_global,2024,1GUA,I58F,1.2990000000000002,0.6259869337081909
s669,ca,gnn_global,2024,1GUA,I58L,0.7709999999999999,0.5979568362236023
s669,ca,gnn_global,2024,1GUA,K109A,0.327,0.31988176703453064
s669,ca,gnn_global,2024,1GUA,L112A,2.593,0.5466689467430115
s669,ca,gnn_global,2024,1GUA,L121A,2.5340000000000003,0.5926449298858643
s669,ca,gnn_global,2024,1GUA,L126A,3.405,0.5994248986244202
s669,ca,gnn_global,2024,1GUA,L62A,3.46,0.6019113063812256
s669,ca,gnn_global,2024,1GUA,L78A,3.803,0.5903604030609131
s669,ca,gnn_global,2024,1GUA,L82A,3.529,0.5838361978530884
s669,ca,gnn_global,2024,1GUA,L82I,1.6,0.4566718339920044
s669,ca,gnn_global,2024,1GUA,L82V,1.7,0.5500551462173462
s669,ca,gnn_global,2024,1GUA,L86A,3.2260000000000004,0.6642769575119019
s669,ca,gnn_global,2024,1GUA,L91A,1.575,0.6225866675376892
s669,ca,gnn_global,2024,1GUA,M76A,0.961,0.5044496059417725
s669,ca,gnn_global,2024,1GUA,N56M,-0.271,0.3988040089607239
s669,ca,gnn_global,2024,1GUA,N64A,1.14,0.29768693447113037
s669,ca,gnn_global,2024,1GUA,P63A,1.7080000000000002,0.3365767300128937
s669,ca,gnn_global,2024,1GUA,P93A,0.0819999999999999,0.38590550422668457
s669,ca,gnn_global,2024,1GUA,Q66A,0.504,0.31581518054008484
s669,ca,gnn_global,2024,1GUA,R100A,0.693,0.3613946735858917
s669,ca,gnn_global,2024,1GUA,R59A,-0.178,0.42786791920661926
s669,ca,gnn_global,2024,1GUA,R89L,-1.078,0.3373172879219055
s669,ca,gnn_global,2024,1GUA,S77A,1.5730000000000002,0.36201390624046326
s669,ca,gnn_global,2024,1GUA,S77T,-0.581,0.4035366177558899
s669,ca,gnn_global,2024,1GUA,T68A,0.109,0.4529544413089752
s669,ca,gnn_global,2024,1GUA,V128A,3.3680000000000003,0.5876041054725647
s669,ca,gnn_global,2024,1GUA,V60A,2.251,0.5837514996528625
s669,ca,gnn_global,2024,1GUA,V69A,1.116,0.5588682889938354
s669,ca,gnn_global,2024,1GUA,V70A,1.77,0.5930692553520203
s669,ca,gnn_global,2024,1GUA,V72A,1.052,0.6012501120567322
s669,ca,gnn_global,2024,1GUA,V72I,0.8640000000000001,0.4788800776004791
s669,ca,gnn_global,2024,1GUA,V98A,1.981,0.5630443692207336
s669,ca,gnn_global,2024,1H0X,P18A,1.936,0.2226940095424652
s669,ca,gnn_global,2024,1H0X,P62A,2.5810000000000004,0.2750895023345947
s669,ca,gnn_global,2024,1HCQ,C67A,2.09,1.3107768297195435
s669,ca,gnn_global,2024,1HCQ,C67S,1.99,1.412273645401001
s669,ca,gnn_global,2024,1IOJ,G15A,-0.4,1.2638407945632935
s669,ca,gnn_global,2024,1IV7,A173C,-0.5,0.3566187620162964
s669,ca,gnn_global,2024,1IV7,F189C,2.5,0.3887447118759155
s669,ca,gnn_global,2024,1IV7,L162C,1.9,0.4366726577281952
s669,ca,gnn_global,2024,1IV9,S76Y,-4.299,0.20885419845581055
s669,ca,gnn_global,2024,1J8I,K25A,-0.1,0.9304944276809692
s669,ca,gnn_global,2024,1J8I,K66A,-0.1,0.8343843221664429
s669,ca,gnn_global,2024,1J8I,R23A,-0.8,0.9766346216201782
s669,ca,gnn_global,2024,1J8I,R35A,0.1,1.0338071584701538
s669,ca,gnn_global,2024,1J8I,R43A,-0.7,0.8929819464683533
s669,ca,gnn_global,2024,1J8I,R9A,0.1,0.926118791103363
s669,ca,gnn_global,2024,1JL9,A25C,1.44,1.3393502235412598
s669,ca,gnn_global,2024,1L6H,F39A,1.6969999999999998,1.233436942100525
s669,ca,gnn_global,2024,1L6H,Y45A,0.55,1.0450336933135986
s669,ca,gnn_global,2024,1L6H,Y48A,1.482,0.978865921497345
s669,ca,gnn_global,2024,1N88,F21A,1.39,0.5842519998550415
s669,ca,gnn_global,2024,1N88,I39A,1.39,0.6397392153739929
s669,ca,gnn_global,2024,1N88,I80A,2.79,0.676767110824585
s669,ca,gnn_global,2024,1N88,I89A,2.35,0.6571314930915833
s669,ca,gnn_global,2024,1N88,I8V,1.52,0.7107888460159302
s669,ca,gnn_global,2024,1N88,L13A,1.52,0.614400327205658
s669,ca,gnn_global,2024,1N88,L57A,1.11,0.509976863861084
s669,ca,gnn_global,2024,1N88,V12A,1.94,0.5648660659790039
s669,ca,gnn_global,2024,1N88,V30A,2.84,0.5693328380584717
s669,ca,gnn_global,2024,1N88,V43A,2.82,0.6256967782974243
s669,ca,gnn_global,2024,1N88,V49A,2.83,0.5822303891181946
s669,ca,gnn_global,2024,1N88,V51A,3.24,0.6007904410362244
s669,ca,gnn_global,2024,1N88,V54A,3.73,0.57122403383255
s669,ca,gnn_global,2024,1N88,V81A,2.82,0.6202723383903503
s669,ca,gnn_global,2024,1N88,V83A,3.1,0.6300250291824341
s669,ca,gnn_global,2024,1N88,Y18A,-0.06,0.4831753969192505
s669,ca,gnn_global,2024,1N88,Y26A,4.61,0.5663116574287415
s669,ca,gnn_global,2024,1O6X,A31G,1.2,0.42535296082496643
s669,ca,gnn_global,2024,1O6X,A50G,1.4,0.5573012232780457
s669,ca,gnn_global,2024,1O6X,D38A,-0.36,0.3288886845111847
s669,ca,gnn_global,2024,1O6X,E14A,0.3,0.5304721593856812
s669,ca,gnn_global,2024,1O6X,E20G,1.42,0.29130110144615173
s669,ca,gnn_global,2024,1O6X,F39L,1.88,0.4713726341724396
s669,ca,gnn_global,2024,1O6X,F65A,0.98,0.6895284056663513
s669,ca,gnn_global,2024,1O6X,H51A,0.61,0.4499528110027313
s669,ca,gnn_global,2024,1O6X,I15V,0.43,0.6746415495872498
s669,ca,gnn_global,2024,1O6X,I23V,-0.42,0.47436773777008057
s669,ca,gnn_global,2024,1O6X,I71V,1.31,0.6583030819892883
s669,ca,gnn_global,2024,1O6X,I75A,1.31,0.7254898548126221
s669,ca,gnn_global,2024,1O6X,K41A,1.98,0.3900626301765442
s669,ca,gnn_global,2024,1O6X,L26V,0.97,0.4675739109516144
s669,ca,gnn_global,2024,1O6X,N58A,0.08,0.5348742008209229
s669,ca,gnn_global,2024,1O6X,Q60G,0.49,0.5553293824195862
s669,ca,gnn_global,2024,1O6X,V12A,1.1,0.6895986199378967
s669,ca,gnn_global,2024,1O6X,V52A,1.08,0.6173811554908752
s669,ca,gnn_global,2024,1O6X,V64G,1.1,0.6705812811851501
s669,ca,gnn_global,2024,1O6X,Y73L,2.78,0.49643728137016296
s669,ca,gnn_global,2024,1R6R,I88N,0.13,0.23001337051391602
s669,ca,gnn_global,2024,1R6R,L50S,2.81,0.36287063360214233
s669,ca,gnn_global,2024,1R6R,L54S,0.24,0.4297753870487213
s669,ca,gnn_global,2024,1R6R,L81N,6.84,0.31516650319099426
s669,ca,gnn_global,2024,2BJD,V84D,4.493,0.6334409117698669
s669,ca,gnn_global,2024,2BJD,V84P,4.517,0.6001490354537964
s669,ca,gnn_global,2024,2BJD,Y86E,2.103,0.4704330265522003
s669,ca,gnn_global,2024,2C9Q,Y79F,0.012,1.574880599975586
s669,ca,gnn_global,2024,2C9Q,Y79W,1.233,1.6979047060012817
s669,ca,gnn_global,2024,2CLR,H13F,-0.12,0.5678514838218689
s669,ca,gnn_global,2024,2CLR,H31F,-2.605,0.5903996229171753
s669,ca,gnn_global,2024,2CLR,H51F,1.912,0.5103286504745483
s669,ca,gnn_global,2024,2CLR,H84A,2.629,0.6399751305580139
s669,ca,gnn_global,2024,2DVV,Q443H,-0.89,0.9501495361328125
s669,ca,gnn_global,2024,2DVV,R419W,0.02,0.9081213474273682
s669,ca,gnn_global,2024,2HBB,A22G,0.32,0.4580451548099518
s669,ca,gnn_global,2024,2HBB,A26G,1.79,0.523155927658081
s669,ca,gnn_global,2024,2HBB,A36G,1.55,0.5744325518608093
s669,ca,gnn_global,2024,2HBB,A39G,1.59,0.6454302668571472
s669,ca,gnn_global,2024,2HBB,A42G,0.33,0.6090264916419983
s669,ca,gnn_global,2024,2HBB,A46G,0.55,0.6178889870643616
s669,ca,gnn_global,2024,2HBB,A49G,0.22,0.5273861289024353
s669,ca,gnn_global,2024,2HBB,D23A,0.03,0.22218239307403564
s669,ca,gnn_global,2024,2HBB,D23N,0.79,0.2798331081867218
s669,ca,gnn_global,2024,2HBB,D8A,1.3,-0.00024262815713882446
s669,ca,gnn_global,2024,2HBB,D8N,0.38,0.08774673938751221
s669,ca,gnn_global,2024,2HBB,E17A,1.69,0.26142603158950806
s669,ca,gnn_global,2024,2HBB,E17Q,0.33,0.3543834388256073
s669,ca,gnn_global,2024,2HBB,E38A,0.41,0.44892776012420654
s669,ca,gnn_global,2024,2HBB,E38Q,0.68,0.5060780644416809
s669,ca,gnn_global,2024,2HBB,E48Q,-0.07,0.4194013178348541
s669,ca,gnn_global,2024,2HBB,F31A,2.84,0.6007158756256104
s669,ca,gnn_global,2024,2HBB,F5L,1.15,0.5442230105400085
s669,ca,gnn_global,2024,2HBB,G24A,-0.02,0.37277013063430786
s669,ca,gnn_global,2024,2HBB,G34A,1.02,0.38995352387428284
s669,ca,gnn_global,2024,2HBB,I18A,2.05,0.8135132193565369
s669,ca,gnn_global,2024,2HBB,I18V,0.07,0.706423282623291
s669,ca,gnn_global,2024,2HBB,I37A,1.28,0.7831847667694092
s669,ca,gnn_global,2024,2HBB,I37V,-0.09,0.7004554867744446
s669,ca,gnn_global,2024,2HBB,I4V,0.59,0.7534180283546448
s669,ca,gnn_global,2024,2HBB,K10E,-0.13,0.15898771584033966
s669,ca,gnn_global,2024,2HBB,K10M,-0.47,0.08749595284461975
s669,ca,gnn_global,2024,2HBB,K12A,-0.61,-0.032373301684856415
s669,ca,gnn_global,2024,2HBB,K12G,-0.03,0.06654426455497742
s669,ca,gnn_global,2024,2HBB,K12M,-1.8,0.08749597519636154
s669,ca,gnn_global,2024,2HBB,K14A,0.73,0.10934125632047653
s669,ca,gnn_global,2024,2HBB,K14G,1.3,0.21801288425922394
s669,ca,gnn_global,2024,2HBB,K14M,0.34,0.21315747499465942
s669,ca,gnn_global,2024,2HBB,K15G,1.74,0.2897212505340576
s669,ca,gnn_global,2024,2HBB,K15M,0.44,0.2700842618942261
s669,ca,gnn_global,2024,2HBB,K7M,-0.21,0.30145692825317383
s669,ca,gnn_global,2024,2HBB,L30A,2.76,0.6597691178321838
s669,ca,gnn_global,2024,2HBB,L35A,1.21,0.6175289154052734
s669,ca,gnn_global,2024,2HBB,L44A,1.73,0.8102495074272156
s669,ca,gnn_global,2024,2HBB,L47A,0.84,0.729500949382782
s669,ca,gnn_global,2024,2HBB,L6A,3.1,0.6092675924301147
s669,ca,gnn_global,2024,2HBB,M1A,1.46,0.5297625660896301
s669,ca,gnn_global,2024,2HBB,T40S,0.8,0.6671612858772278
s669,ca,gnn_global,2024,2HBB,V21A,2.33,0.5730527639389038
s669,ca,gnn_global,2024,2HBB,V3A,2.55,0.7063470482826233
s669,ca,gnn_global,2024,2HBB,V9A,1.81,0.3430027663707733
s669,ca,gnn_global,2024,2JUC,C57D,2.54,1.4228150844573975
s669,ca,gnn_global,2024,2JUC,C57S,0.71,1.243141770362854
s669,ca,gnn_global,2024,2JUC,R18A,1.75,1.1048697233200073
s669,ca,gnn_global,2024,2KJ3,D288A,-1.2,0.10956316441297531
s669,ca,gnn_global,2024,2KJ3,E272A,-1.9,0.12973973155021667
s669,ca,gnn_global,2024,2KJ3,G278A,0.8,0.3465142846107483
s669,ca,gnn_global,2024,2KJ3,K229A,-1.5,0.24859583377838135
s669,ca,gnn_global,2024,2KJ3,L241A,-1.0,0.46656787395477295
s669,ca,gnn_global,2024,2KJ3,S273A,-1.4,0.25460711121559143
s669,ca,gnn_global,2024,2KJ3,V239A,-1.0,0.40243902802467346
s669,ca,gnn_global,2024,2KJ3,V264A,-1.0,0.37143000960350037
s669,ca,gnn_global,2024,2KJ3,V267A,-0.2,0.4290986955165863
s669,ca,gnn_global,2024,2MPC,A89T,0.24,0.32745108008384705
s669,ca,gnn_global,2024,2MPC,R42A,-0.62,0.15484705567359924
s669,ca,gnn_global,2024,2MPC,R42W,-2.08,0.15978947281837463
s669,ca,gnn_global,2024,2N7Z,P88A,0.6,0.6794882416725159
s669,ca,gnn_global,2024,2OUO,A420D,-0.44,1.313102126121521
s669,ca,gnn_global,2024,2PTL,A22G,2.43,0.5919448733329773
s669,ca,gnn_global,2024,2PTL,A27P,-0.1,0.6579940319061279
s669,ca,gnn_global,2024,2PTL,A27V,0.83,0.4796423614025116
s669,ca,gnn_global,2024,2PTL,A34G,2.17,0.5407219529151917
s669,ca,gnn_global,2024,2PTL,A34V,-1.47,0.47409769892692566
s669,ca,gnn_global,2024,2PTL,A43G,2.54,0.5673211812973022
s669,ca,gnn_global,2024,2PTL,A47G,3.1,0.5741198658943176
s669,ca,gnn_global,2024,2PTL,A49G,1.32,0.520546019077301
s669,ca,gnn_global,2024,2PTL,A51G,3.12,0.5221529006958008
s669,ca,gnn_global,2024,2PTL,A66G,0.49,0.4981520175933838
s669,ca,gnn_global,2024,2PTL,D52A,1.21,0.2837527096271515
s669,ca,gnn_global,2024,2PTL,D52G,2.14,0.3225537836551666
s669,ca,gnn_global,2024,2PTL,D64A,0.2,0.3631734848022461
s669,ca,gnn_global,2024,2PTL,E35A,0.59,0.44364434480667114
s669,ca,gnn_global,2024,2PTL,E46G,1.19,0.430206298828125
s669,ca,gnn_global,2024,2PTL,E46I,1.08,0.29768678545951843
s669,ca,gnn_global,2024,2PTL,E60A,0.23,0.2849474847316742
s669,ca,gnn_global,2024,2PTL,F26A,3.12,0.6664521098136902
s669,ca,gnn_global,2024,2PTL,F26L,0.68,0.540742039680481
s669,ca,gnn_global,2024,2PTL,F36A,4.15,0.6380389928817749
s669,ca,gnn_global,2024,2PTL,F36L,3.12,0.5366350412368774
s669,ca,gnn_global,2024,2PTL,F40G,3.08,0.6760494112968445
s669,ca,gnn_global,2024,2PTL,F40L,0.38,0.5576357245445251
s669,ca,gnn_global,2024,2PTL,F76L,3.34,0.49231550097465515
s669,ca,gnn_global,2024,2PTL,F76V,3.73,0.5360417366027832
s669,ca,gnn_global,2024,2PTL,G29A,1.52,0.49765950441360474
s669,ca,gnn_global,2024,2PTL,G29V,2.53,0.45670565962791443
s669,ca,gnn_global,2024,2PTL,G38A,2.08,0.5090320110321045
s669,ca,gnn_global,2024,2PTL,G59A,2.23,0.34256938099861145
s669,ca,gnn_global,2024,2PTL,G69A,2.04,0.4489213228225708
s669,ca,gnn_global,2024,2PTL,I20A,4.9,0.7427074909210205
s669,ca,gnn_global,2024,2PTL,I20V,0.56,0.6617085337638855
s669,ca,gnn_global,2024,2PTL,I25A,1.37,0.7344025373458862
s669,ca,gnn_global,2024,2PTL,I25V,0.47,0.6862592697143555
s669,ca,gnn_global,2024,2PTL,I74A,4.72,0.7464348673820496
s669,ca,gnn_global,2024,2PTL,I74V,1.69,0.686553418636322
s669,ca,gnn_global,2024,2PTL,K21A,0.92,0.4956924617290497
s669,ca,gnn_global,2024,2PTL,K37A,0.88,0.48398250341415405
s669,ca,gnn_global,2024,2PTL,K42G,-0.16,0.42688292264938354
s669,ca,gnn_global,2024,2PTL,K55A,-0.58,0.24657219648361206
s669,ca,gnn_global,2024,2PTL,K56A,-0.35,0.21918410062789917
s669,ca,gnn_global,2024,2PTL,K68A,0.09,0.37052205204963684
s669,ca,gnn_global,2024,2PTL,K75A,0.45,0.5300098061561584
s669,ca,gnn_global,2024,2PTL,L24A,3.12,0.7088250517845154
s669,ca,gnn_global,2024,2PTL,L54A,2.44,0.49723613262176514
s669,ca,gnn_global,2024,2PTL,L72A,3.77,0.6545513272285461
s669,ca,gnn_global,2024,2PTL,N23A,1.87,0.505400538444519
s669,ca,gnn_global,2024,2PTL,N28A,1.78,0.4377578794956207
s669,ca,gnn_global,2024,2PTL,N58A,0.34,0.31566545367240906
s669,ca,gnn_global,2024,2PTL,N73A,1.73,0.4886697232723236
s669,ca,gnn_global,2024,2PTL,S30A,0.3,0.4591413736343384
s669,ca,gnn_global,2024,2PTL,S45A,-0.41,0.4083881080150604
s669,ca,gnn_global,2024,2PTL,S45G,0.82,0.4357483983039856
s669,ca,gnn_global,2024,2PTL,T19A,1.63,0.5083596706390381
s669,ca,gnn_global,2024,2PTL,T31A,1.17,0.5084255933761597
s669,ca,gnn_global,2024,2PTL,T33A,1.11,0.49033457040786743
s669,ca,gnn_global,2024,2PTL,T39A,1.25,0.48856303095817566
s669,ca,gnn_global,2024,2PTL,T44A,1.09,0.509162187576294
s669,ca,gnn_global,2024,2PTL,T53G,0.17,0.43165823817253113
s669,ca,gnn_global,2024,2PTL,T62A,0.97,0.5034782290458679
s669,ca,gnn_global,2024,2PTL,T71A,1.83,0.5086307525634766
s669,ca,gnn_global,2024,2PTL,V18A,1.22,0.5893611311912537
s669,ca,gnn_global,2024,2PTL,V63A,0.92,0.5934644341468811
s669,ca,gnn_global,2024,2PTL,V65A,1.14,0.5702223181724548
s669,ca,gnn_global,2024,2PTL,Y48A,2.82,0.5319411754608154
s669,ca,gnn_global,2024,2PTL,Y50A,2.46,0.5002321004867554
s669,ca,gnn_global,2024,2PTL,Y70A,1.66,0.5480015873908997
s669,ca,gnn_global,2024,2PTL,Y70L,-0.43,0.4333861470222473
s669,ca,gnn_global,2024,2RPN,E7L,-1.05,0.6667631268501282
s669,ca,gnn_global,2024,2RPN,V21K,-0.39,1.1181999444961548
s669,ca,gnn_global,2024,2WQG,D15A,-0.3,0.8341813087463379
s669,ca,gnn_global,2024,2WQG,D38A,-0.1,0.5474169254302979
s669,ca,gnn_global,2024,2WQG,D39A,2.2,0.5007553100585938
s669,ca,gnn_global,2024,2WQG,D39N,2.6,0.5823219418525696
s669,ca,gnn_global,2024,2WQG,E40Q,0.1,0.6772827506065369
s669,ca,gnn_global,2024,2WQG,E41G,0.4,0.6443392634391785
s669,ca,gnn_global,2024,2WQG,I36A,0.9,1.068019986152649
s669,ca,gnn_global,2024,2WQG,I36V,0.3,0.964095950126648
s669,ca,gnn_global,2024,2WQG,K14A,0.4,1.016754388809204
s669,ca,gnn_global,2024,2WQG,K14G,1.9,1.0672138929367065
s669,ca,gnn_global,2024,2WQG,K19A,0.3,0.8539993166923523
s669,ca,gnn_global,2024,2WQG,K28A,0.6,0.9886924028396606
s669,ca,gnn_global,2024,2WQG,L13A,0.5,1.3927628993988037
s669,ca,gnn_global,2024,2WQG,L16A,1.3,1.2104462385177612
s669,ca,gnn_global,2024,2WQG,L8A,2.0,1.287725567817688
s669,ca,gnn_global,2024,2WQG,Q12A,0.6,1.0857338905334473
s669,ca,gnn_global,2024,2WQG,Q12G,2.0,1.1065857410430908
s669,ca,gnn_global,2024,2WQG,Q33A,-0.1,0.8155925869941711
s669,ca,gnn_global,2024,2WQG,R34A,0.8,0.7934233546257019
s669,ca,gnn_global,2024,2WQG,S23A,0.6,0.9231328964233398
s669,ca,gnn_global,2024,2WQG,S6A,-0.1,0.8836684823036194
s669,ca,gnn_global,2024,2WQG,S6G,0.2,0.913796603679657
s669,ca,gnn_global,2024,2WQG,T9S,-0.1,1.2625621557235718
s669,ca,gnn_global,2024,2WQG,V10A,0.1,1.2123594284057617
s669,ca,gnn_global,2024,2WQG,V10G,0.7,1.2266807556152344
s669,ca,gnn_global,2024,2WQG,V11A,-0.4,1.1625831127166748
s669,ca,gnn_global,2024,2WQG,V11G,-0.1,1.1793497800827026
s669,ca,gnn_global,2024,2WQG,V24A,0.5,1.1427679061889648
s669,ca,gnn_global,2024,2WQG,Y5F,2.4,0.9801910519599915
s669,ca,gnn_global,2024,2ZTA,E11Q,0.74,0.34217628836631775
s669,ca,gnn_global,2024,2ZTA,E20Q,-0.2,0.31789126992225647
s669,ca,gnn_global,2024,2ZTA,E22Q,1.83,0.3684483766555786
s669,ca,gnn_global,2024,2ZTA,K15A,0.41,0.22885805368423462
s669,ca,gnn_global,2024,2ZTA,K27A,0.91,0.5128095149993896
s669,ca,gnn_global,2024,2ZTA,K28A,0.06,0.5120048522949219
s669,ca,gnn_global,2024,2ZTA,K8A,0.39,0.08608101308345795
s669,ca,gnn_global,2024,2ZTA,R25A,1.66,0.5227884650230408
s669,ca,gnn_global,2024,3BN0,I20V,1.506,0.29769596457481384
s669,ca,gnn_global,2024,3C2I,F155S,-0.43,0.8444067239761353
s669,ca,gnn_global,2024,3C2I,T158A,-0.47,0.7260666489601135
s669,ca,gnn_global,2024,3C2I,T158M,-0.25,0.7279801964759827
s669,ca,gnn_global,2024,3FIS,P61A,0.5,0.4628092646598816
s669,ca,gnn_global,2024,3G1G,D155Y,-0.34,0.7135457396507263
s669,ca,gnn_global,2024,3G1G,F167Y,0.74,1.050174355506897
s669,ca,gnn_global,2024,3G1G,I190V,0.17,1.1028618812561035
s669,ca,gnn_global,2024,3G1G,R185W,-1.32,0.9619960784912109
s669,ca,gnn_global,2024,3K82,E334L,3.35,0.229267418384552
s669,ca,gnn_global,2024,3K82,E334Q,1.68,0.3233630061149597
s669,ca,gnn_global,2024,3K82,E401R,-5.49,0.32859116792678833
s669,ca,gnn_global,2024,3MON,R39G,-1.194,0.3651089668273926
s669,ca,gnn_global,2024,3MON,W3C,2.866,0.24374857544898987
s669,ca,gnn_global,2024,3O39,L32P,3.25,0.760989248752594
s669,ca,gnn_global,2024,3S92,H395R,-2.03,1.0201488733291626
s669,ca,gnn_global,2024,4N6V,H75W,-0.574,0.3020072877407074
s669,ca,gnn_global,2024,4N6V,P36G,1.362,0.3189650774002075
s669,ca,gnn_global,2024,4N6V,P79S,-1.745,0.3518218994140625
s669,ca,gnn_global,2024,4YEE,V134T,0.71,0.400694876909256
s669,ca,gnn_global,2024,4YEF,T134V,0.93,0.26752999424934387
s669,ca,gnn_global,2024,5JXB,D329G,1.44,0.26113101840019226
s669,ca,gnn_global,2024,5JXB,D329P,1.44,0.3240305781364441
s669,ca,gnn_global,2024,1A0F,S11A,1.8,0.6868477463722229
s669,ca,gnn_global,2024,1A7V,A104H,2.69,1.1760969161987305
s669,ca,gnn_global,2024,1A7V,A66H,1.98,1.1309164762496948
s669,ca,gnn_global,2024,1A7V,A91H,1.7,1.2035199403762817
s669,ca,gnn_global,2024,1A7V,D3H,1.36,1.024486780166626
s669,ca,gnn_global,2024,1A7V,D58H,2.05,1.0150691270828247
s669,ca,gnn_global,2024,1A7V,E73H,3.01,0.9918360710144043
s669,ca,gnn_global,2024,1A7V,K13H,0.6,1.0688482522964478
s669,ca,gnn_global,2024,1A7V,K20H,2.88,1.1216052770614624
s669,ca,gnn_global,2024,1A7V,K31H,1.36,1.0626859664916992
s669,ca,gnn_global,2024,1A7V,K39H,1.86,1.117711067199707
s669,ca,gnn_global,2024,1A7V,K49H,2.02,1.1202322244644165
s669,ca,gnn_global,2024,1A7V,K84H,2.88,1.1360512971878052
s669,ca,gnn_global,2024,1A7V,K97H,1.97,1.0885802507400513
s669,ca,gnn_global,2024,1BNL,D76A,0.821,0.5790610313415527
s669,ca,gnn_global,2024,1DIV,D23A,0.46,0.24915525317192078
s669,ca,gnn_global,2024,1DIV,D23N,0.58,0.2725062668323517
s669,ca,gnn_global,2024,1DIV,D8N,0.3,0.19041159749031067
s669,ca,gnn_global,2024,1DIV,E100A,0.98,0.2924804389476776
s669,ca,gnn_global,2024,1DIV,E100G,1.52,0.3046818673610687
s669,ca,gnn_global,2024,1DIV,E17Q,0.21,0.2927404046058655
s669,ca,gnn_global,2024,1DIV,E38Q,0.56,0.366902619600296
s669,ca,gnn_global,2024,1DIV,E48Q,-0.03,0.29257598519325256
s669,ca,gnn_global,2024,1DIV,E54Q,-0.33,0.25317254662513733
s669,ca,gnn_global,2024,1DIV,H106Q,1.53,0.3902081847190857
s669,ca,gnn_global,2024,1DIV,I115A,3.52,0.3763432800769806
s669,ca,gnn_global,2024,1DIV,I4A,2.22,0.5315585136413574
s669,ca,gnn_global,2024,1DIV,I4V,0.59,0.4815457761287689
s669,ca,gnn_global,2024,1DIV,I79A,3.49,0.5457408428192139
s669,ca,gnn_global,2024,1DIV,I93A,3.19,0.537814199924469
s669,ca,gnn_global,2024,1DIV,I98A,4.28,0.5141254663467407
s669,ca,gnn_global,2024,1DIV,K10M,-0.05,0.19611802697181702
s669,ca,gnn_global,2024,1DIV,K14M,-0.01,0.2674080431461334
s669,ca,gnn_global,2024,1DIV,K15M,0.31,0.23933357000350952
s669,ca,gnn_global,2024,1DIV,K7M,-0.35,0.2575913369655609
s669,ca,gnn_global,2024,1DIV,K96A,-0.61,0.310996413230896
s669,ca,gnn_global,2024,1DIV,K96G,0.2,0.32844430208206177
s669,ca,gnn_global,2024,1DIV,L102A,2.37,0.48225095868110657
s669,ca,gnn_global,2024,1DIV,L108A,2.33,0.40426576137542725
s669,ca,gnn_global,2024,1DIV,L110A,3.21,0.3720608651638031
s669,ca,gnn_global,2024,1DIV,L117A,0.82,0.4431764781475067
s669,ca,gnn_global,2024,1DIV,L30A,2.76,0.4294719398021698
s669,ca,gnn_global,2024,1DIV,L30V,3.62,0.4034264087677002
s669,ca,gnn_global,2024,1DIV,L6A,3.1,0.3969952166080475
s669,ca,gnn_global,2024,1DIV,L6I,0.13,0.31082770228385925
s669,ca,gnn_global,2024,1DIV,L6V,0.41,0.36045968532562256
s669,ca,gnn_global,2024,1DIV,L72A,3.77,0.3320985436439514
s669,ca,gnn_global,2024,1DIV,M1A,1.46,0.36627596616744995
s669,ca,gnn_global,2024,1DIV,M1G,2.36,0.37696975469589233
s669,ca,gnn_global,2024,1DIV,V21A,2.33,0.3983812630176544
s669,ca,gnn_global,2024,1DIV,V21I,0.4,0.3164066672325134
s669,ca,gnn_global,2024,1DIV,V21L,1.23,0.3326742351055145
s669,ca,gnn_global,2024,1DIV,V3A,2.55,0.45216238498687744
s669,ca,gnn_global,2024,1DIV,V3I,0.31,0.34874001145362854
s669,ca,gnn_global,2024,1DIV,V3L,2.21,0.37010306119918823
s669,ca,gnn_global,2024,1DXX,K18N,3.7,0.044930074363946915
s669,ca,gnn_global,2024,1FH5,S18N,-0.6,1.0730843544006348
s669,ca,gnn_global,2024,1FT8,L212V,1.38,0.7030984163284302
s669,ca,gnn_global,2024,1FT8,L238I,0.35,0.634043276309967
s669,ca,gnn_global,2024,1FT8,M216L,-0.27,0.5938971042633057
s669,ca,gnn_global,2024,1GWY,A8D,1.6,0.6553629040718079
s669,ca,gnn_global,2024,1ITM,C24T,3.3,0.27536463737487793
s669,ca,gnn_global,2024,1ITM,C3T,5.0,0.22420623898506165
s669,ca,gnn_global,2024,1ITM,W91S,-1.4,0.33151018619537354
s669,ca,gnn_global,2024,1JLV,E64D,1.162,0.7275633811950684
s669,ca,gnn_global,2024,1JLV,E64N,2.3040000000000003,0.6618298292160034
s669,ca,gnn_global,2024,1JLV,E64Q,2.302,0.6519569754600525
s669,ca,gnn_global,2024,1LVM,E106G,-1.4,0.117263063788414
s669,ca,gnn_global,2024,1LVM,K45F,-0.43,0.18442392349243164
s669,ca,gnn_global,2024,1LVM,L56V,-0.0,0.349653035402298
s669,ca,gnn_global,2024,1LVM,Q58F,-0.6,0.23512011766433716
s669,ca,gnn_global,2024,1N18,E100G,2.5,0.9846922755241394
s669,ca,gnn_global,2024,1N18,G85R,1.4,1.0467512607574463
s669,ca,gnn_global,2024,1N18,H46R,-1.4,1.0886815786361694
s669,ca,gnn_global,2024,1O1U,E110A,3.3,0.26143330335617065
s669,ca,gnn_global,2024,1O1U,N61A,1.2,0.2408609390258789
s669,ca,gnn_global,2024,1O1U,Q51A,0.3,0.24464893341064453
s669,ca,gnn_global,2024,1O1U,Q99A,-0.3,0.28173157572746277
s669,ca,gnn_global,2024,1O1U,T38A,1.2,0.2887592017650604
s669,ca,gnn_global,2024,1O1U,W49Y,1.2,0.28711023926734924
s669,ca,gnn_global,2024,1OSI,I11V,0.05,1.016233205795288
s669,ca,gnn_global,2024,1OSI,S92F,-0.39,0.921313464641571
s669,ca,gnn_global,2024,1OSI,V15I,0.78,0.9801139235496521
s669,ca,gnn_global,2024,1PFL,A20T,1.53,1.087397575378418
s669,ca,gnn_global,2024,1PFL,G117V,1.96,0.9067328572273254
s669,ca,gnn_global,2024,1PFL,M113T,3.53,1.0607432126998901
s669,ca,gnn_global,2024,1PFL,T108M,-0.07,0.9484689831733704
s669,ca,gnn_global,2024,1PRG,Q286P,0.3,0.46049824357032776
s669,ca,gnn_global,2024,1PRG,R288H,-0.06,0.4338095486164093
s669,ca,gnn_global,2024,1PRG,V290M,-0.03,0.47629278898239136
s669,ca,gnn_global,2024,1SPD,C111S,-0.8,1.138845682144165
s669,ca,gnn_global,2024,1SPD,C6A,-0.1,1.1133402585983276
s669,ca,gnn_global,2024,1XWS,E124Q,2.9,0.730767548084259
s669,ca,gnn_global,2024,1XWS,E135K,4.59,0.692210853099823
s669,ca,gnn_global,2024,1XWS,E142D,3.22,0.7494201064109802
s669,ca,gnn_global,2024,1XWS,Y53H,3.3,0.9505643844604492
s669,ca,gnn_global,2024,1XXN,N32D,0.86,0.5794240832328796
s669,ca,gnn_global,2024,1XXN,N54E,0.645,0.5608078837394714
s669,ca,gnn_global,2024,1XXN,S22E,-0.239,0.4977399408817291
s669,ca,gnn_global,2024,1XXN,S27E,0.645,0.5467671751976013
s669,ca,gnn_global,2024,1XZO,F42W,-2.87,0.8279198408126831
s669,ca,gnn_global,2024,1XZO,W101F,2.89,0.6892045140266418
s669,ca,gnn_global,2024,1XZO,W36A,8.93,0.7608245015144348
s669,ca,gnn_global,2024,1XZO,W36F,4.25,0.7009825110435486
s669,ca,gnn_global,2024,2ARF,H1069Q,0.7170000000000001,1.0471742153167725
s669,ca,gnn_global,2024,2H3F,E12A,-1.07,0.5821340084075928
s669,ca,gnn_global,2024,2JIE,H104R,-1.536,0.5729585289955139
s669,ca,gnn_global,2024,2JIE,Q22S,0.209,0.6024437546730042
s669,ca,gnn_global,2024,2JIE,S17A,1.246,0.5254210233688354
s669,ca,gnn_global,2024,2JIE,S19A,-0.951,0.5459426045417786
s669,ca,gnn_global,2024,2JIE,T18A,0.994,0.5672553181648254
s669,ca,gnn_global,2024,2JIE,W123F,-2.19,0.5149185657501221
s669,ca,gnn_global,2024,2JIE,W123H,-1.06,0.5621417760848999
s669,ca,gnn_global,2024,2JIE,Y21A,3.443,0.5774187445640564
s669,ca,gnn_global,2024,2KS4,D9A,-1.26,0.5221719741821289
s669,ca,gnn_global,2024,2KS4,E2A,0.23,0.5510920286178589
s669,ca,gnn_global,2024,2LTB,L558P,1.57,0.7618276476860046
s669,ca,gnn_global,2024,2LTB,L569R,3.11,0.8196582198143005
s669,ca,gnn_global,2024,2LTB,M619K,3.34,0.7073346376419067
s669,ca,gnn_global,2024,2LTB,R533Q,1.1,0.6021403074264526
s669,ca,gnn_global,2024,2LTB,R555Q,0.36,0.6386339068412781
s669,ca,gnn_global,2024,2LTB,R555W,-1.79,0.5752054452896118
s669,ca,gnn_global,2024,2M5S,D302A,4.0,0.9646621346473694
s669,ca,gnn_global,2024,2M5S,H305A,2.0,1.0208338499069214
s669,ca,gnn_global,2024,2NTE,R658C,2.3,0.353890061378479
s669,ca,gnn_global,2024,2PR5,A33Y,-0.5,0.46207886934280396
s669,ca,gnn_global,2024,2PR5,A81M,0.4,0.5336772799491882
s669,ca,gnn_global,2024,2PR5,D109E,-0.3,0.5099172592163086
s669,ca,gnn_global,2024,2PR5,H22K,-0.3,0.4570908844470978
s669,ca,gnn_global,2024,2PR5,H22W,-1.2,0.43602070212364197
s669,ca,gnn_global,2024,2PR5,M111F,-2.9,0.48849061131477356
s669,ca,gnn_global,2024,2PR5,N107F,-0.9,0.47147610783576965
s669,ca,gnn_global,2024,2PR5,N107Y,-0.8,0.5110446214675903
s669,ca,gnn_global,2024,2PR5,N124F,-1.1,0.4332997798919678
s669,ca,gnn_global,2024,2PR5,N124Y,-2.6,0.4627365171909332
s669,ca,gnn_global,2024,2PR5,T30M,-0.5,0.5286918878555298
s669,ca,gnn_global,2024,2PR5,T50M,0.5,0.4754873514175415
s669,ca,gnn_global,2024,2PR5,T54Y,-0.2,0.48334962129592896
s669,ca,gnn_global,2024,2PR5,V120I,-1.4,0.5509490370750427
s669,ca,gnn_global,2024,2PR5,V25I,-0.4,0.5242915749549866
s669,ca,gnn_global,2024,2PR5,V88L,0.2,0.5456166863441467
s669,ca,gnn_global,2024,2PR5,V90I,0.7,0.5388444066047668
s669,ca,gnn_global,2024,2VY0,E53A,6.597,0.33548152446746826
s669,ca,gnn_global,2024,3BCI,E96Q,-1.369,0.7401050329208374
s669,ca,gnn_global,2024,3D3B,D118A,0.65,0.35200855135917664
s669,ca,gnn_global,2024,3D3B,D118E,0.6,0.4183964431285858
s669,ca,gnn_global,2024,3D3B,D118K,1.6,0.4103472828865051
s669,ca,gnn_global,2024,3D3B,D118N,1.34,0.3763194680213928
s669,ca,gnn_global,2024,3D3B,D118R,1.41,0.3886658251285553
s669,ca,gnn_global,2024,3ECU,H46R,-0.8,1.072013020515442
s669,ca,gnn_global,2024,3S4M,D122Y,1.3,0.8037580847740173
s669,ca,gnn_global,2024,3S4M,G130V,2.5,0.9462934136390686
s669,ca,gnn_global,2024,3S4M,I154F,-0.096,0.9587339758872986
s669,ca,gnn_global,2024,3S4M,W155R,0.693,1.0224791765213013
s669,ca,gnn_global,2024,4BJX,A89V,-0.99,0.559733510017395
s669,ca,gnn_global,2024,4BUQ,Y48A,1.435,0.8962429165840149
s669,ca,gnn_global,2024,4WAA,K65A,-0.1,0.48111262917518616
s669,ca,gnn_global,2024,4WAA,K67A,2.07,0.5586546659469604
s669,ca,gnn_global,2024,4WAA,R27A,0.44,0.42318999767303467
s669,ca,gnn_global,2024,5VP3,R39K,-0.413,0.813453733921051
s669,ca,gnn_global,2024,1BA3,H461D,1.745,0.5118405818939209
s669,ca,gnn_global,2024,1BA3,H489D,-0.287,0.4832572638988495
s669,ca,gnn_global,2024,1BA3,H489K,0.287,0.4696900546550751
s669,ca,gnn_global,2024,1BA3,H489M,0.263,0.45632490515708923
s669,ca,gnn_global,2024,1DIV,V129A,1.81,0.31547462940216064
s669,ca,gnn_global,2024,1F8I,F345A,0.455,0.5842227339744568
s669,ca,gnn_global,2024,1FT8,L349I,-0.05,0.629271388053894
s669,ca,gnn_global,2024,1LVM,S135G,-0.0,0.21446242928504944
s669,ca,gnn_global,2024,1NM1,D187N,0.88,0.5325934290885925
s669,ca,gnn_global,2024,1NM1,D187Y,1.9,0.5133717656135559
s669,ca,gnn_global,2024,1PRE,C159S,2.4,0.5227503776550293
s669,ca,gnn_global,2024,1R2Y,R244E,4.2,0.715465247631073
s669,ca,gnn_global,2024,1XXN,N181R,-0.358,0.5340325832366943
s669,ca,gnn_global,2024,3D2A,M134E,-3.02,0.7041110396385193
s669,ca,gnn_global,2024,3D2A,M137P,-3.34,0.7741950154304504
s669,ca,gnn_global,2024,3D2A,S163P,-2.11,0.5691119432449341
s669,ca,gnn_global,2024,5OAQ,Y429H,2.99,-0.060156650841236115
s669,ca,gnn_local,42,1BFM,M35W,0.7,0.8296568989753723
s669,ca,gnn_local,42,1BFM,M35Y,0.4,1.2226383686065674
s669,ca,gnn_local,42,1D5G,H71Y,0.04,1.048037052154541
s669,ca,gnn_local,42,1D5G,I20F,-0.91,1.0630093812942505
s669,ca,gnn_local,42,1EKG,L198C,1.0,1.5849766731262207
s669,ca,gnn_local,42,1EKG,L200C,2.0,1.905759334564209
s669,ca,gnn_local,42,1EKG,L203C,-1.0,2.008819818496704
s669,ca,gnn_local,42,1EKG,S181F,2.6,0.644909679889679
s669,ca,gnn_local,42,1FRD,H42R,-4.0,0.506905734539032
s669,ca,gnn_local,42,1FXA,E94D,1.1,1.3305436372756958
s669,ca,gnn_local,42,1FXA,E94K,0.4,0.8738526701927185
s669,ca,gnn_local,42,1FXA,E94Q,-0.6,1.0840880870819092
s669,ca,gnn_local,42,1FXA,E95K,-1.0,0.37028947472572327
s669,ca,gnn_local,42,1FXA,F65A,1.0,1.370664119720459
s669,ca,gnn_local,42,1FXA,F65I,0.9,0.5611438155174255
s669,ca,gnn_local,42,1FXA,F65W,0.6,1.0145113468170166
s669,ca,gnn_local,42,1FXA,F65Y,0.5,1.4386837482452393
s669,ca,gnn_local,42,1FXA,R42A,2.4,0.7013391852378845
s669,ca,gnn_local,42,1FXA,R42H,1.4,1.2138841152191162
s669,ca,gnn_local,42,1FXA,T48A,-0.1,0.8496657013893127
s669,ca,gnn_local,42,1GLU,C500A,1.22,1.3940231800079346
s669,ca,gnn_local,42,1GUA,A118G,1.963,1.9306190013885498
s669,ca,gnn_local,42,1GUA,A118L,1.951,0.7804746031761169
s669,ca,gnn_local,42,1GUA,A85G,2.149,0.44455283880233765
s669,ca,gnn_local,42,1GUA,A97G,0.863,1.1741702556610107
s669,ca,gnn_local,42,1GUA,C81A,-0.283,1.6196575164794922
s669,ca,gnn_local,42,1GUA,C81I,0.912,0.8275237679481506
s669,ca,gnn_local,42,1GUA,C95A,0.08,0.5641198754310608
s669,ca,gnn_local,42,1GUA,C96A,1.759,0.7529430985450745
s669,ca,gnn_local,42,1GUA,C96L,0.043,0.09233757108449936
s669,ca,gnn_local,42,1GUA,C96M,0.337,0.1131066083908081
s669,ca,gnn_local,42,1GUA,D117A,0.706,0.2574102282524109
s669,ca,gnn_local,42,1GUA,D129A,0.855,-0.0848744735121727
s669,ca,gnn_local,42,1GUA,D80A,0.493,0.19152531027793884
s669,ca,gnn_local,42,1GUA,E104A,-0.021,0.06626760959625244
s669,ca,gnn_local,42,1GUA,E124A,0.101,0.41295698285102844
s669,ca,gnn_local,42,1GUA,E125A,0.591,0.582061231136322
s669,ca,gnn_local,42,1GUA,I58A,3.274,2.424358606338501
s669,ca,gnn_local,42,1GUA,I58F,1.2990000000000002,1.808954119682312
s669,ca,gnn_local,42,1GUA,I58L,0.7709999999999999,1.614290714263916
s669,ca,gnn_local,42,1GUA,K109A,0.327,0.3538593053817749
s669,ca,gnn_local,42,1GUA,L112A,2.593,0.9905103445053101
s669,ca,gnn_local,42,1GUA,L121A,2.5340000000000003,1.3100249767303467
s669,ca,gnn_local,42,1GUA,L126A,3.405,1.8338747024536133
s669,ca,gnn_local,42,1GUA,L62A,3.46,1.79982328414917
s669,ca,gnn_local,42,1GUA,L78A,3.803,1.901947259902954
s669,ca,gnn_local,42,1GUA,L82A,3.529,1.2485735416412354
s669,ca,gnn_local,42,1GUA,L82I,1.6,0.4760889410972595
s669,ca,gnn_local,42,1GUA,L82V,1.7,0.8167889714241028
s669,ca,gnn_local,42,1GUA,L86A,3.2260000000000004,1.2053422927856445
s669,ca,gnn_local,42,1GUA,L91A,1.575,1.0323652029037476
s669,ca,gnn_local,42,1GUA,M76A,0.961,1.7508926391601562
s669,ca,gnn_local,42,1GUA,N56M,-0.271,0.2976389229297638
s669,ca,gnn_local,42,1GUA,N64A,1.14,0.18076711893081665
s669,ca,gnn_local,42,1GUA,P63A,1.7080000000000002,0.26793092489242554
s669,ca,gnn_local,42,1GUA,P93A,0.0819999999999999,0.6971449255943298
s669,ca,gnn_local,42,1GUA,Q66A,0.504,0.45077571272850037
s669,ca,gnn_local,42,1GUA,R100A,0.693,0.534168541431427
s669,ca,gnn_local,42,1GUA,R59A,-0.178,0.9528102278709412
s669,ca,gnn_local,42,1GUA,R89L,-1.078,-0.2143324464559555
s669,ca,gnn_local,42,1GUA,S77A,1.5730000000000002,1.03774893283844
s669,ca,gnn_local,42,1GUA,S77T,-0.581,1.4055935144424438
s669,ca,gnn_local,42,1GUA,T68A,0.109,0.818742036819458
s669,ca,gnn_local,42,1GUA,V128A,3.3680000000000003,1.5738216638565063
s669,ca,gnn_local,42,1GUA,V60A,2.251,1.8959661722183228
s669,ca,gnn_local,42,1GUA,V69A,1.116,1.412498950958252
s669,ca,gnn_local,42,1GUA,V70A,1.77,1.7810134887695312
s669,ca,gnn_local,42,1GUA,V72A,1.052,2.1022539138793945
s669,ca,gnn_local,42,1GUA,V72I,0.8640000000000001,1.3244330883026123
s669,ca,gnn_local,42,1GUA,V98A,1.981,1.2949113845825195
s669,ca,gnn_local,42,1H0X,P18A,1.936,0.12706603109836578
s669,ca,gnn_local,42,1H0X,P62A,2.5810000000000004,0.5755390524864197
s669,ca,gnn_local,42,1HCQ,C67A,2.09,1.5363099575042725
s669,ca,gnn_local,42,1HCQ,C67S,1.99,1.873730182647705
s669,ca,gnn_local,42,1IOJ,G15A,-0.4,1.2022221088409424
s669,ca,gnn_local,42,1IV7,A173C,-0.5,1.2404372692108154
s669,ca,gnn_local,42,1IV7,F189C,2.5,1.344206690788269
s669,ca,gnn_local,42,1IV7,L162C,1.9,1.602846384048462
s669,ca,gnn_local,42,1IV9,S76Y,-4.299,0.6642836928367615
s669,ca,gnn_local,42,1J8I,K25A,-0.1,1.171960473060608
s669,ca,gnn_local,42,1J8I,K66A,-0.1,0.934860110282898
s669,ca,gnn_local,42,1J8I,R23A,-0.8,0.28478795289993286
s669,ca,gnn_local,42,1J8I,R35A,0.1,0.6541821956634521
s669,ca,gnn_local,42,1J8I,R43A,-0.7,0.1096840649843216
s669,ca,gnn_local,42,1J8I,R9A,0.1,0.24877090752124786
s669,ca,gnn_local,42,1JL9,A25C,1.44,0.35425588488578796
s669,ca,gnn_local,42,1L6H,F39A,1.6969999999999998,2.814560651779175
s669,ca,gnn_local,42,1L6H,Y45A,0.55,1.8530529737472534
s669,ca,gnn_local,42,1L6H,Y48A,1.482,0.9748914837837219
s669,ca,gnn_local,42,1N88,F21A,1.39,1.8437395095825195
s669,ca,gnn_local,42,1N88,I39A,1.39,2.416945219039917
s669,ca,gnn_local,42,1N88,I80A,2.79,1.8632137775421143
s669,ca,gnn_local,42,1N88,I89A,2.35,1.9633485078811646
s669,ca,gnn_local,42,1N88,I8V,1.52,2.1489498615264893
s669,ca,gnn_local,42,1N88,L13A,1.52,1.4376070499420166
s669,ca,gnn_local,42,1N88,L57A,1.11,0.9328977465629578
s669,ca,gnn_local,42,1N88,V12A,1.94,1.113450050354004
s669,ca,gnn_local,42,1N88,V30A,2.84,1.7402384281158447
s669,ca,gnn_local,42,1N88,V43A,2.82,1.964259147644043
s669,ca,gnn_local,42,1N88,V49A,2.83,1.4913253784179688
s669,ca,gnn_local,42,1N88,V51A,3.24,1.8062487840652466
s669,ca,gnn_local,42,1N88,V54A,3.73,1.779890775680542
s669,ca,gnn_local,42,1N88,V81A,2.82,2.0642592906951904
s669,ca,gnn_local,42,1N88,V83A,3.1,2.0743019580841064
s669,ca,gnn_local,42,1N88,Y18A,-0.06,0.7705909609794617
s669,ca,gnn_local,42,1N88,Y26A,4.61,1.7699344158172607
s669,ca,gnn_local,42,1O6X,A31G,1.2,0.6104882955551147
s669,ca,gnn_local,42,1O6X,A50G,1.4,1.5542707443237305
s669,ca,gnn_local,42,1O6X,D38A,-0.36,0.15077483654022217
s669,ca,gnn_local,42,1O6X,E14A,0.3,0.3287251889705658
s669,ca,gnn_local,42,1O6X,E20G,1.42,0.5151870846748352
s669,ca,gnn_local,42,1O6X,F39L,1.88,0.4898567497730255
s669,ca,gnn_local,42,1O6X,F65A,0.98,1.2876033782958984
s669,ca,gnn_local,42,1O6X,H51A,0.61,0.6958091855049133
s669,ca,gnn_local,42,1O6X,I15V,0.43,1.4138487577438354
s669,ca,gnn_local,42,1O6X,I23V,-0.42,1.6081974506378174
s669,ca,gnn_local,42,1O6X,I71V,1.31,1.4868476390838623
s669,ca,gnn_local,42,1O6X,I75A,1.31,1.023212194442749
s669,ca,gnn_local,42,1O6X,K41A,1.98,0.44940048456192017
s669,ca,gnn_local,42,1O6X,L26V,0.97,0.728374719619751
s669,ca,gnn_local,42,1O6X,N58A,0.08,0.355172336101532
s669,ca,gnn_local,42,1O6X,Q60G,0.49,0.6377806067466736
s669,ca,gnn_local,42,1O6X,V12A,1.1,1.3576061725616455
s669,ca,gnn_local,42,1O6X,V52A,1.08,1.3867636919021606
s669,ca,gnn_local,42,1O6X,V64G,1.1,1.7480013370513916
s669,ca,gnn_local,42,1O6X,Y73L,2.78,-0.08441344648599625
s669,ca,gnn_local,42,1R6R,I88N,0.13,1.6623859405517578
s669,ca,gnn_local,42,1R6R,L50S,2.81,-0.3524254560470581
s669,ca,gnn_local,42,1R6R,L54S,0.24,0.6463456153869629
s669,ca,gnn_local,42,1R6R,L81N,6.84,1.5549776554107666
s669,ca,gnn_local,42,2BJD,V84D,4.493,1.9802615642547607
s669,ca,gnn_local,42,2BJD,V84P,4.517,1.6804035902023315
s669,ca,gnn_local,42,2BJD,Y86E,2.103,1.064536690711975
s669,ca,gnn_local,42,2C9Q,Y79F,0.012,1.8415119647979736
s669,ca,gnn_local,42,2C9Q,Y79W,1.233,2.029405355453491
s669,ca,gnn_local,42,2CLR,H13F,-0.12,0.503154993057251
s669,ca,gnn_local,42,2CLR,H31F,-2.605,0.671404242515564
s669,ca,gnn_local,42,2CLR,H51F,1.912,0.3224865198135376
s669,ca,gnn_local,42,2CLR,H84A,2.629,0.9648614525794983
s669,ca,gnn_local,42,2DVV,Q443H,-0.89,1.000744342803955
s669,ca,gnn_local,42,2DVV,R419W,0.02,0.464333176612854
s669,ca,gnn_local,42,2HBB,A22G,0.32,0.9899387955665588
s669,ca,gnn_local,42,2HBB,A26G,1.79,1.7160091400146484
s669,ca,gnn_local,42,2HBB,A36G,1.55,1.3322806358337402
s669,ca,gnn_local,42,2HBB,A39G,1.59,1.243162989616394
s669,ca,gnn_local,42,2HBB,A42G,0.33,0.6697046756744385
s669,ca,gnn_local,42,2HBB,A46G,0.55,1.1373307704925537
s669,ca,gnn_local,42,2HBB,A49G,0.22,0.7316963076591492
s669,ca,gnn_local,42,2HBB,D23A,0.03,0.13878926634788513
s669,ca,gnn_local,42,2HBB,D23N,0.79,0.4854068160057068
s669,ca,gnn_local,42,2HBB,D8A,1.3,0.17700277268886566
s669,ca,gnn_local,42,2HBB,D8N,0.38,0.2918890714645386
s669,ca,gnn_local,42,2HBB,E17A,1.69,0.12286205589771271
s669,ca,gnn_local,42,2HBB,E17Q,0.33,0.30817559361457825
s669,ca,gnn_local,42,2HBB,E38A,0.41,0.3360844850540161
s669,ca,gnn_local,42,2HBB,E38Q,0.68,0.776167094707489
s669,ca,gnn_local,42,2HBB,E48Q,-0.07,0.4451274275779724
s669,ca,gnn_local,42,2HBB,F31A,2.84,1.4674742221832275
s669,ca,gnn_local,42,2HBB,F5L,1.15,0.8224911093711853
s669,ca,gnn_local,42,2HBB,G24A,-0.02,0.19917675852775574
s669,ca,gnn_local,42,2HBB,G34A,1.02,0.11312400549650192
s669,ca,gnn_local,42,2HBB,I18A,2.05,1.1253591775894165
s669,ca,gnn_local,42,2HBB,I18V,0.07,0.7580240964889526
s669,ca,gnn_local,42,2HBB,I37A,1.28,1.7358921766281128
s669,ca,gnn_local,42,2HBB,I37V,-0.09,1.3589329719543457
s669,ca,gnn_local,42,2HBB,I4V,0.59,1.2733943462371826
s669,ca,gnn_local,42,2HBB,K10E,-0.13,0.18781112134456635
s669,ca,gnn_local,42,2HBB,K10M,-0.47,-0.21633857488632202
s669,ca,gnn_local,42,2HBB,K12A,-0.61,-0.04259625822305679
s669,ca,gnn_local,42,2HBB,K12G,-0.03,0.004184851422905922
s669,ca,gnn_local,42,2HBB,K12M,-1.8,-0.2163386046886444
s669,ca,gnn_local,42,2HBB,K14A,0.73,0.3474310338497162
s669,ca,gnn_local,42,2HBB,K14G,1.3,0.41672441363334656
s669,ca,gnn_local,42,2HBB,K14M,0.34,0.21859532594680786
s669,ca,gnn_local,42,2HBB,K15G,1.74,0.47712448239326477
s669,ca,gnn_local,42,2HBB,K15M,0.44,0.24872204661369324
s669,ca,gnn_local,42,2HBB,K7M,-0.21,0.1651706099510193
s669,ca,gnn_local,42,2HBB,L30A,2.76,1.567615270614624
s669,ca,gnn_local,42,2HBB,L35A,1.21,1.4410006999969482
s669,ca,gnn_local,42,2HBB,L44A,1.73,1.296545147895813
s669,ca,gnn_local,42,2HBB,L47A,0.84,1.2755441665649414
s669,ca,gnn_local,42,2HBB,L6A,3.1,1.2887747287750244
s669,ca,gnn_local,42,2HBB,M1A,1.46,0.7699916958808899
s669,ca,gnn_local,42,2HBB,T40S,0.8,0.3024443984031677
s669,ca,gnn_local,42,2HBB,V21A,2.33,1.0028897523880005
s669,ca,gnn_local,42,2HBB,V3A,2.55,1.5169960260391235
s669,ca,gnn_local,42,2HBB,V9A,1.81,0.6055269241333008
s669,ca,gnn_local,42,2JUC,C57D,2.54,1.8931396007537842
s669,ca,gnn_local,42,2JUC,C57S,0.71,1.495064616203308
s669,ca,gnn_local,42,2JUC,R18A,1.75,0.4268491268157959
s669,ca,gnn_local,42,2KJ3,D288A,-1.2,0.20425714552402496
s669,ca,gnn_local,42,2KJ3,E272A,-1.9,0.5530632138252258
s669,ca,gnn_local,42,2KJ3,G278A,0.8,0.6850678324699402
s669,ca,gnn_local,42,2KJ3,K229A,-1.5,0.43734022974967957
s669,ca,gnn_local,42,2KJ3,L241A,-1.0,1.0605758428573608
s669,ca,gnn_local,42,2KJ3,S273A,-1.4,1.035404086112976
s669,ca,gnn_local,42,2KJ3,V239A,-1.0,1.2466950416564941
s669,ca,gnn_local,42,2KJ3,V264A,-1.0,1.5549230575561523
s669,ca,gnn_local,42,2KJ3,V267A,-0.2,1.2854619026184082
s669,ca,gnn_local,42,2MPC,A89T,0.24,0.8196480870246887
s669,ca,gnn_local,42,2MPC,R42A,-0.62,0.07180175930261612
s669,ca,gnn_local,42,2MPC,R42W,-2.08,-0.11473502963781357
s669,ca,gnn_local,42,2N7Z,P88A,0.6,0.4087238609790802
s669,ca,gnn_local,42,2OUO,A420D,-0.44,1.443608283996582
s669,ca,gnn_local,42,2PTL,A22G,2.43,1.636350393295288
s669,ca,gnn_local,42,2PTL,A27P,-0.1,1.1097807884216309
s669,ca,gnn_local,42,2PTL,A27V,0.83,0.19788344204425812
s669,ca,gnn_local,42,2PTL,A34G,2.17,0.9113784432411194
s669,ca,gnn_local,42,2PTL,A34V,-1.47,0.2757597863674164
s669,ca,gnn_local,42,2PTL,A43G,2.54,1.5540800094604492
s669,ca,gnn_local,42,2PTL,A47G,3.1,1.5339174270629883
s669,ca,gnn_local,42,2PTL,A49G,1.32,0.921317458152771
s669,ca,gnn_local,42,2PTL,A51G,3.12,1.2396624088287354
s669,ca,gnn_local,42,2PTL,A66G,0.49,0.7672019004821777
s669,ca,gnn_local,42,2PTL,D52A,1.21,0.05868298560380936
s669,ca,gnn_local,42,2PTL,D52G,2.14,0.20065462589263916
s669,ca,gnn_local,42,2PTL,D64A,0.2,0.21134598553180695
s669,ca,gnn_local,42,2PTL,E35A,0.59,0.4373338222503662
s669,ca,gnn_local,42,2PTL,E46G,1.19,0.5058472156524658
s669,ca,gnn_local,42,2PTL,E46I,1.08,-0.09801860898733139
s669,ca,gnn_local,42,2PTL,E60A,0.23,0.36906296014785767
s669,ca,gnn_local,42,2PTL,F26A,3.12,1.4577291011810303
s669,ca,gnn_local,42,2PTL,F26L,0.68,0.7669318318367004
s669,ca,gnn_local,42,2PTL,F36A,4.15,1.2459125518798828
s669,ca,gnn_local,42,2PTL,F36L,3.12,0.8468177914619446
s669,ca,gnn_local,42,2PTL,F40G,3.08,2.0940821170806885
s669,ca,gnn_local,42,2PTL,F40L,0.38,1.2794959545135498
s669,ca,gnn_local,42,2PTL,F76L,3.34,1.2149453163146973
s669,ca,gnn_local,42,2PTL,F76V,3.73,1.4593037366867065
s669,ca,gnn_local,42,2PTL,G29A,1.52,-0.10226371139287949
s669,ca,gnn_local,42,2PTL,G29V,2.53,-0.24616111814975739
s669,ca,gnn_local,42,2PTL,G38A,2.08,0.9130236506462097
s669,ca,gnn_local,42,2PTL,G59A,2.23,0.40988925099372864
s669,ca,gnn_local,42,2PTL,G69A,2.04,0.16587725281715393
s669,ca,gnn_local,42,2PTL,I20A,4.9,2.126483678817749
s669,ca,gnn_local,42,2PTL,I20V,0.56,1.8717535734176636
s669,ca,gnn_local,42,2PTL,I25A,1.37,1.863593339920044
s669,ca,gnn_local,42,2PTL,I25V,0.47,1.486634373664856
s669,ca,gnn_local,42,2PTL,I74A,4.72,1.9283769130706787
s669,ca,gnn_local,42,2PTL,I74V,1.69,1.555374026298523
s669,ca,gnn_local,42,2PTL,K21A,0.92,1.0661749839782715
s669,ca,gnn_local,42,2PTL,K37A,0.88,1.2565699815750122
s669,ca,gnn_local,42,2PTL,K42G,-0.16,0.62157142162323
s669,ca,gnn_local,42,2PTL,K55A,-0.58,0.37258943915367126
s669,ca,gnn_local,42,2PTL,K56A,-0.35,0.0014381501823663712
s669,ca,gnn_local,42,2PTL,K68A,0.09,0.04593010991811752
s669,ca,gnn_local,42,2PTL,K75A,0.45,0.8546924591064453
s669,ca,gnn_local,42,2PTL,L24A,3.12,1.6813733577728271
s669,ca,gnn_local,42,2PTL,L54A,2.44,0.7812778353691101
s669,ca,gnn_local,42,2PTL,L72A,3.77,1.7751984596252441
s669,ca,gnn_local,42,2PTL,N23A,1.87,0.7121215462684631
s669,ca,gnn_local,42,2PTL,N28A,1.78,-0.31127774715423584
s669,ca,gnn_local,42,2PTL,N58A,0.34,0.2760438323020935
s669,ca,gnn_local,42,2PTL,N73A,1.73,0.7694773077964783
s669,ca,gnn_local,42,2PTL,S30A,0.3,0.05181020498275757
s669,ca,gnn_local,42,2PTL,S45A,-0.41,0.20710884034633636
s669,ca,gnn_local,42,2PTL,S45G,0.82,0.6328874230384827
s669,ca,gnn_local,42,2PTL,T19A,1.63,1.032355785369873
s669,ca,gnn_local,42,2PTL,T31A,1.17,0.11859817802906036
s669,ca,gnn_local,42,2PTL,T33A,1.11,0.3011872172355652
s669,ca,gnn_local,42,2PTL,T39A,1.25,0.7935572266578674
s669,ca,gnn_local,42,2PTL,T44A,1.09,0.7261895537376404
s669,ca,gnn_local,42,2PTL,T53G,0.17,0.41876184940338135
s669,ca,gnn_local,42,2PTL,T62A,0.97,0.3889501392841339
s669,ca,gnn_local,42,2PTL,T71A,1.83,0.9947103261947632
s669,ca,gnn_local,42,2PTL,V18A,1.22,1.2553155422210693
s669,ca,gnn_local,42,2PTL,V63A,0.92,1.126734733581543
s669,ca,gnn_local,42,2PTL,V65A,1.14,1.4075640439987183
s669,ca,gnn_local,42,2PTL,Y48A,2.82,0.871310830116272
s669,ca,gnn_local,42,2PTL,Y50A,2.46,0.5661880970001221
s669,ca,gnn_local,42,2PTL,Y70A,1.66,1.275180459022522
s669,ca,gnn_local,42,2PTL,Y70L,-0.43,0.5479365587234497
s669,ca,gnn_local,42,2RPN,E7L,-1.05,0.5484803915023804
s669,ca,gnn_local,42,2RPN,V21K,-0.39,1.7295300960540771
s669,ca,gnn_local,42,2WQG,D15A,-0.3,0.5724908709526062
s669,ca,gnn_local,42,2WQG,D38A,-0.1,0.8819440007209778
s669,ca,gnn_local,42,2WQG,D39A,2.2,0.9412542581558228
s669,ca,gnn_local,42,2WQG,D39N,2.6,1.1787830591201782
s669,ca,gnn_local,42,2WQG,E40Q,0.1,1.0121967792510986
s669,ca,gnn_local,42,2WQG,E41G,0.4,1.0216683149337769
s669,ca,gnn_local,42,2WQG,I36A,0.9,2.295858144760132
s669,ca,gnn_local,42,2WQG,I36V,0.3,1.737558364868164
s669,ca,gnn_local,42,2WQG,K14A,0.4,0.9944347739219666
s669,ca,gnn_local,42,2WQG,K14G,1.9,1.1101676225662231
s669,ca,gnn_local,42,2WQG,K19A,0.3,0.6027145385742188
s669,ca,gnn_local,42,2WQG,K28A,0.6,1.1144992113113403
s669,ca,gnn_local,42,2WQG,L13A,0.5,2.3199355602264404
s669,ca,gnn_local,42,2WQG,L16A,1.3,1.5391104221343994
s669,ca,gnn_local,42,2WQG,L8A,2.0,1.866852045059204
s669,ca,gnn_local,42,2WQG,Q12A,0.6,0.6605560779571533
s669,ca,gnn_local,42,2WQG,Q12G,2.0,0.7196189165115356
s669,ca,gnn_local,42,2WQG,Q33A,-0.1,0.9213966727256775
s669,ca,gnn_local,42,2WQG,R34A,0.8,0.9500884413719177
s669,ca,gnn_local,42,2WQG,S23A,0.6,0.5936374664306641
s669,ca,gnn_local,42,2WQG,S6A,-0.1,0.7175857424736023
s669,ca,gnn_local,42,2WQG,S6G,0.2,0.9078646898269653
s669,ca,gnn_local,42,2WQG,T9S,-0.1,1.0918104648590088
s669,ca,gnn_local,42,2WQG,V10A,0.1,1.4733812808990479
s669,ca,gnn_local,42,2WQG,V10G,0.7,1.6987569332122803
s669,ca,gnn_local,42,2WQG,V11A,-0.4,1.1474210023880005
s669,ca,gnn_local,42,2WQG,V11G,-0.1,1.3588500022888184
s669,ca,gnn_local,42,2WQG,V24A,0.5,1.2175679206848145
s669,ca,gnn_local,42,2WQG,Y5F,2.4,1.0237263441085815
s669,ca,gnn_local,42,2ZTA,E11Q,0.74,0.5460526347160339
s669,ca,gnn_local,42,2ZTA,E20Q,-0.2,0.43480706214904785
s669,ca,gnn_local,42,2ZTA,E22Q,1.83,0.46409857273101807
s669,ca,gnn_local,42,2ZTA,K15A,0.41,0.40907663106918335
s669,ca,gnn_local,42,2ZTA,K27A,0.91,0.15435636043548584
s669,ca,gnn_local,42,2ZTA,K28A,0.06,0.06112653762102127
s669,ca,gnn_local,42,2ZTA,K8A,0.39,0.8806635737419128
s669,ca,gnn_local,42,2ZTA,R25A,1.66,0.3104364573955536
s669,ca,gnn_local,42,3BN0,I20V,1.506,1.6518745422363281
s669,ca,gnn_local,42,3C2I,F155S,-0.43,2.2036757469177246
s669,ca,gnn_local,42,3C2I,T158A,-0.47,1.1410870552062988
s669,ca,gnn_local,42,3C2I,T158M,-0.25,0.8642567992210388
s669,ca,gnn_local,42,3FIS,P61A,0.5,0.5030664801597595
s669,ca,gnn_local,42,3G1G,D155Y,-0.34,0.08301869034767151
s669,ca,gnn_local,42,3G1G,F167Y,0.74,2.4092304706573486
s669,ca,gnn_local,42,3G1G,I190V,0.17,1.9690401554107666
s669,ca,gnn_local,42,3G1G,R185W,-1.32,0.7118963599205017
s669,ca,gnn_local,42,3K82,E334L,3.35,-0.16033263504505157
s669,ca,gnn_local,42,3K82,E334Q,1.68,0.28806981444358826
s669,ca,gnn_local,42,3K82,E401R,-5.49,0.28246545791625977
s669,ca,gnn_local,42,3MON,R39G,-1.194,-0.1349949985742569
s669,ca,gnn_local,42,3MON,W3C,2.866,0.6846283078193665
s669,ca,gnn_local,42,3O39,L32P,3.25,1.6837466955184937
s669,ca,gnn_local,42,3S92,H395R,-2.03,1.2279211282730103
s669,ca,gnn_local,42,4N6V,H75W,-0.574,-0.11980564147233963
s669,ca,gnn_local,42,4N6V,P36G,1.362,0.11301423609256744
s669,ca,gnn_local,42,4N6V,P79S,-1.745,0.0727536752820015
s669,ca,gnn_local,42,4YEE,V134T,0.71,1.3302736282348633
s669,ca,gnn_local,42,4YEF,T134V,0.93,0.44004759192466736
s669,ca,gnn_local,42,5JXB,D329G,1.44,0.020015636458992958
s669,ca,gnn_local,42,5JXB,D329P,1.44,0.1419428586959839
s669,ca,gnn_local,42,1A0F,S11A,1.8,1.102766990661621
s669,ca,gnn_local,42,1A7V,A104H,2.69,0.7605733871459961
s669,ca,gnn_local,42,1A7V,A66H,1.98,0.44779691100120544
s669,ca,gnn_local,42,1A7V,A91H,1.7,1.1347142457962036
s669,ca,gnn_local,42,1A7V,D3H,1.36,0.4875687062740326
s669,ca,gnn_local,42,1A7V,D58H,2.05,0.2485118955373764
s669,ca,gnn_local,42,1A7V,E73H,3.01,0.5530731081962585
s669,ca,gnn_local,42,1A7V,K13H,0.6,0.7377930879592896
s669,ca,gnn_local,42,1A7V,K20H,2.88,0.799799382686615
s669,ca,gnn_local,42,1A7V,K31H,1.36,0.6331602931022644
s669,ca,gnn_local,42,1A7V,K39H,1.86,0.8167863488197327
s669,ca,gnn_local,42,1A7V,K49H,2.02,0.9831591248512268
s669,ca,gnn_local,42,1A7V,K84H,2.88,0.9412122368812561
s669,ca,gnn_local,42,1A7V,K97H,1.97,0.7881002426147461
s669,ca,gnn_local,42,1BNL,D76A,0.821,0.402576208114624
s669,ca,gnn_local,42,1DIV,D23A,0.46,0.022676320746541023
s669,ca,gnn_local,42,1DIV,D23N,0.58,0.39081960916519165
s669,ca,gnn_local,42,1DIV,D8N,0.3,0.1938394159078598
s669,ca,gnn_local,42,1DIV,E100A,0.98,0.10373309254646301
s669,ca,gnn_local,42,1DIV,E100G,1.52,0.252221941947937
s669,ca,gnn_local,42,1DIV,E17Q,0.21,0.35789328813552856
s669,ca,gnn_local,42,1DIV,E38Q,0.56,0.35756054520606995
s669,ca,gnn_local,42,1DIV,E48Q,-0.03,0.5900694727897644
s669,ca,gnn_local,42,1DIV,E54Q,-0.33,0.6976553201675415
s669,ca,gnn_local,42,1DIV,H106Q,1.53,0.47801482677459717
s669,ca,gnn_local,42,1DIV,I115A,3.52,1.085707664489746
s669,ca,gnn_local,42,1DIV,I4A,2.22,1.705763578414917
s669,ca,gnn_local,42,1DIV,I4V,0.59,1.3015754222869873
s669,ca,gnn_local,42,1DIV,I79A,3.49,1.2733098268508911
s669,ca,gnn_local,42,1DIV,I93A,3.19,1.1842604875564575
s669,ca,gnn_local,42,1DIV,I98A,4.28,1.8245737552642822
s669,ca,gnn_local,42,1DIV,K10M,-0.05,-0.2832188308238983
s669,ca,gnn_local,42,1DIV,K14M,-0.01,0.14726661145687103
s669,ca,gnn_local,42,1DIV,K15M,0.31,0.22487981617450714
s669,ca,gnn_local,42,1DIV,K7M,-0.35,0.17875449359416962
s669,ca,gnn_local,42,1DIV,K96A,-0.61,0.02308017946779728
s669,ca,gnn_local,42,1DIV,K96G,0.2,0.17874059081077576
s669,ca,gnn_local,42,1DIV,L102A,2.37,1.5555646419525146
s669,ca,gnn_local,42,1DIV,L108A,2.33,0.6482923626899719
s669,ca,gnn_local,42,1DIV,L110A,3.21,0.8893001079559326
s669,ca,gnn_local,42,1DIV,L117A,0.82,0.514506459236145
s669,ca,gnn_local,42,1DIV,L30A,2.76,1.4799312353134155
s669,ca,gnn_local,42,1DIV,L30V,3.62,1.1011240482330322
s669,ca,gnn_local,42,1DIV,L6A,3.1,1.4194133281707764
s669,ca,gnn_local,42,1DIV,L6I,0.13,0.7008286714553833
s669,ca,gnn_local,42,1DIV,L6V,0.41,0.9449958205223083
s669,ca,gnn_local,42,1DIV,L72A,3.77,1.172872543334961
s669,ca,gnn_local,42,1DIV,M1A,1.46,0.529502809047699
s669,ca,gnn_local,42,1DIV,M1G,2.36,1.0349408388137817
s669,ca,gnn_local,42,1DIV,V21A,2.33,0.944531261920929
s669,ca,gnn_local,42,1DIV,V21I,0.4,0.2938113212585449
s669,ca,gnn_local,42,1DIV,V21L,1.23,0.48735517263412476
s669,ca,gnn_local,42,1DIV,V3A,2.55,1.2489302158355713
s669,ca,gnn_local,42,1DIV,V3I,0.31,0.531341552734375
s669,ca,gnn_local,42,1DIV,V3L,2.21,0.7333633303642273
s669,ca,gnn_local,42,1DXX,K18N,3.7,0.9855360984802246
s669,ca,gnn_local,42,1FH5,S18N,-0.6,1.5496652126312256
s669,ca,gnn_local,42,1FT8,L212V,1.38,1.2271146774291992
s669,ca,gnn_local,42,1FT8,L238I,0.35,-0.1591230183839798
s669,ca,gnn_local,42,1FT8,M216L,-0.27,0.4856444299221039
s669,ca,gnn_local,42,1GWY,A8D,1.6,1.6499626636505127
s669,ca,gnn_local,42,1ITM,C24T,3.3,1.3630905151367188
s669,ca,gnn_local,42,1ITM,C3T,5.0,0.3667145371437073
s669,ca,gnn_local,42,1ITM,W91S,-1.4,1.1644482612609863
s669,ca,gnn_local,42,1JLV,E64D,1.162,0.9744059443473816
s669,ca,gnn_local,42,1JLV,E64N,2.3040000000000003,0.8665549755096436
s669,ca,gnn_local,42,1JLV,E64Q,2.302,0.8015562891960144
s669,ca,gnn_local,42,1LVM,E106G,-1.4,0.4270339012145996
s669,ca,gnn_local,42,1LVM,K45F,-0.43,0.24046839773654938
s669,ca,gnn_local,42,1LVM,L56V,-0.0,1.2010962963104248
s669,ca,gnn_local,42,1LVM,Q58F,-0.6,-0.13852651417255402
s669,ca,gnn_local,42,1N18,E100G,2.5,0.5297061800956726
s669,ca,gnn_local,42,1N18,G85R,1.4,0.8294214606285095
s669,ca,gnn_local,42,1N18,H46R,-1.4,1.2045950889587402
s669,ca,gnn_local,42,1O1U,E110A,3.3,0.6980676651000977
s669,ca,gnn_local,42,1O1U,N61A,1.2,0.7993716597557068
s669,ca,gnn_local,42,1O1U,Q51A,0.3,1.0392341613769531
s669,ca,gnn_local,42,1O1U,Q99A,-0.3,0.9285210371017456
s669,ca,gnn_local,42,1O1U,T38A,1.2,1.3677113056182861
s669,ca,gnn_local,42,1O1U,W49Y,1.2,1.9054765701293945
s669,ca,gnn_local,42,1OSI,I11V,0.05,1.176379919052124
s669,ca,gnn_local,42,1OSI,S92F,-0.39,0.5635873079299927
s669,ca,gnn_local,42,1OSI,V15I,0.78,1.043714165687561
s669,ca,gnn_local,42,1PFL,A20T,1.53,2.4126486778259277
s669,ca,gnn_local,42,1PFL,G117V,1.96,0.47864532470703125
s669,ca,gnn_local,42,1PFL,M113T,3.53,2.4523284435272217
s669,ca,gnn_local,42,1PFL,T108M,-0.07,0.7107990384101868
s669,ca,gnn_local,42,1PRG,Q286P,0.3,0.7661827206611633
s669,ca,gnn_local,42,1PRG,R288H,-0.06,0.9247490167617798
s669,ca,gnn_local,42,1PRG,V290M,-0.03,1.210479497909546
s669,ca,gnn_local,42,1SPD,C111S,-0.8,1.3535988330841064
s669,ca,gnn_local,42,1SPD,C6A,-0.1,0.5971494317054749
s669,ca,gnn_local,42,1XWS,E124Q,2.9,1.1510539054870605
s669,ca,gnn_local,42,1XWS,E135K,4.59,0.6279147863388062
s669,ca,gnn_local,42,1XWS,E142D,3.22,0.9563735127449036
s669,ca,gnn_local,42,1XWS,Y53H,3.3,1.6195390224456787
s669,ca,gnn_local,42,1XXN,N32D,0.86,0.6769527792930603
s669,ca,gnn_local,42,1XXN,N54E,0.645,0.5320047736167908
s669,ca,gnn_local,42,1XXN,S22E,-0.239,0.8250918984413147
s669,ca,gnn_local,42,1XXN,S27E,0.645,1.2382315397262573
s669,ca,gnn_local,42,1XZO,F42W,-2.87,1.321306824684143
s669,ca,gnn_local,42,1XZO,W101F,2.89,0.39316797256469727
s669,ca,gnn_local,42,1XZO,W36A,8.93,0.7959417700767517
s669,ca,gnn_local,42,1XZO,W36F,4.25,0.22302167117595673
s669,ca,gnn_local,42,2ARF,H1069Q,0.7170000000000001,1.3764524459838867
s669,ca,gnn_local,42,2H3F,E12A,-1.07,0.3738138973712921
s669,ca,gnn_local,42,2JIE,H104R,-1.536,0.6210119128227234
s669,ca,gnn_local,42,2JIE,Q22S,0.209,1.073712706565857
s669,ca,gnn_local,42,2JIE,S17A,1.246,0.2742772102355957
s669,ca,gnn_local,42,2JIE,S19A,-0.951,0.5877748727798462
s669,ca,gnn_local,42,2JIE,T18A,0.994,0.5516814589500427
s669,ca,gnn_local,42,2JIE,W123F,-2.19,-0.3183058500289917
s669,ca,gnn_local,42,2JIE,W123H,-1.06,0.03760131448507309
s669,ca,gnn_local,42,2JIE,Y21A,3.443,0.8764998316764832
s669,ca,gnn_local,42,2KS4,D9A,-1.26,0.32306990027427673
s669,ca,gnn_local,42,2KS4,E2A,0.23,0.259000301361084
s669,ca,gnn_local,42,2LTB,L558P,1.57,2.281811475753784
s669,ca,gnn_local,42,2LTB,L569R,3.11,1.8723100423812866
s669,ca,gnn_local,42,2LTB,M619K,3.34,0.26838308572769165
s669,ca,gnn_local,42,2LTB,R533Q,1.1,0.7912223935127258
s669,ca,gnn_local,42,2LTB,R555Q,0.36,1.5188302993774414
s669,ca,gnn_local,42,2LTB,R555W,-1.79,0.7445192933082581
s669,ca,gnn_local,42,2M5S,D302A,4.0,0.6876876950263977
s669,ca,gnn_local,42,2M5S,H305A,2.0,1.9464792013168335
s669,ca,gnn_local,42,2NTE,R658C,2.3,1.202237844467163
s669,ca,gnn_local,42,2PR5,A33Y,-0.5,0.3174121081829071
s669,ca,gnn_local,42,2PR5,A81M,0.4,0.9838525056838989
s669,ca,gnn_local,42,2PR5,D109E,-0.3,0.8852265477180481
s669,ca,gnn_local,42,2PR5,H22K,-0.3,-0.07475273311138153
s669,ca,gnn_local,42,2PR5,H22W,-1.2,-0.38383084535598755
s669,ca,gnn_local,42,2PR5,M111F,-2.9,0.5054153800010681
s669,ca,gnn_local,42,2PR5,N107F,-0.9,0.05840877443552017
s669,ca,gnn_local,42,2PR5,N107Y,-0.8,0.4086671471595764
s669,ca,gnn_local,42,2PR5,N124F,-1.1,0.26514264941215515
s669,ca,gnn_local,42,2PR5,N124Y,-2.6,0.48755893111228943
s669,ca,gnn_local,42,2PR5,T30M,-0.5,0.6491795778274536
s669,ca,gnn_local,42,2PR5,T50M,0.5,0.8764782547950745
s669,ca,gnn_local,42,2PR5,T54Y,-0.2,0.6908935904502869
s669,ca,gnn_local,42,2PR5,V120I,-1.4,0.7974068522453308
s669,ca,gnn_local,42,2PR5,V25I,-0.4,1.0416598320007324
s669,ca,gnn_local,42,2PR5,V88L,0.2,0.8602911233901978
s669,ca,gnn_local,42,2PR5,V90I,0.7,0.7354005575180054
s669,ca,gnn_local,42,2VY0,E53A,6.597,0.2342672348022461
s669,ca,gnn_local,42,3BCI,E96Q,-1.369,1.142433524131775
s669,ca,gnn_local,42,3D3B,D118A,0.65,0.15107731521129608
s669,ca,gnn_local,42,3D3B,D118E,0.6,0.3891889452934265
s669,ca,gnn_local,42,3D3B,D118K,1.6,0.23704588413238525
s669,ca,gnn_local,42,3D3B,D118N,1.34,0.37487784028053284
s669,ca,gnn_local,42,3D3B,D118R,1.41,0.3069271743297577
s669,ca,gnn_local,42,3ECU,H46R,-0.8,1.0903342962265015
s669,ca,gnn_local,42,3S4M,D122Y,1.3,0.5741916298866272
s669,ca,gnn_local,42,3S4M,G130V,2.5,0.39041903614997864
s669,ca,gnn_local,42,3S4M,I154F,-0.096,1.4472904205322266
s669,ca,gnn_local,42,3S4M,W155R,0.693,1.703710675239563
s669,ca,gnn_local,42,4BJX,A89V,-0.99,0.6622843742370605
s669,ca,gnn_local,42,4BUQ,Y48A,1.435,1.6317389011383057
s669,ca,gnn_local,42,4WAA,K65A,-0.1,0.13676227629184723
s669,ca,gnn_local,42,4WAA,K67A,2.07,0.011396804824471474
s669,ca,gnn_local,42,4WAA,R27A,0.44,0.687933623790741
s669,ca,gnn_local,42,5VP3,R39K,-0.413,0.7357215881347656
s669,ca,gnn_local,42,1BA3,H461D,1.745,0.787606418132782
s669,ca,gnn_local,42,1BA3,H489D,-0.287,0.5182644128799438
s669,ca,gnn_local,42,1BA3,H489K,0.287,0.27923721075057983
s669,ca,gnn_local,42,1BA3,H489M,0.263,0.08044896274805069
s669,ca,gnn_local,42,1DIV,V129A,1.81,0.5866103768348694
s669,ca,gnn_local,42,1F8I,F345A,0.455,1.1349270343780518
s669,ca,gnn_local,42,1FT8,L349I,-0.05,0.37429186701774597
s669,ca,gnn_local,42,1LVM,S135G,-0.0,0.39673036336898804
s669,ca,gnn_local,42,1NM1,D187N,0.88,1.1063659191131592
s669,ca,gnn_local,42,1NM1,D187Y,1.9,0.6047119498252869
s669,ca,gnn_local,42,1PRE,C159S,2.4,1.3141708374023438
s669,ca,gnn_local,42,1R2Y,R244E,4.2,1.706946611404419
s669,ca,gnn_local,42,1XXN,N181R,-0.358,0.7027091383934021
s669,ca,gnn_local,42,3D2A,M134E,-3.02,1.3516125679016113
s669,ca,gnn_local,42,3D2A,M137P,-3.34,0.7628410458564758
s669,ca,gnn_local,42,3D2A,S163P,-2.11,0.41067200899124146
s669,ca,gnn_local,42,5OAQ,Y429H,2.99,-0.006670376285910606
s669,ca,gnn_local,123,1BFM,M35W,0.7,0.6059179306030273
s669,ca,gnn_local,123,1BFM,M35Y,0.4,0.8594597578048706
s669,ca,gnn_local,123,1D5G,H71Y,0.04,0.6639626622200012
s669,ca,gnn_local,123,1D5G,I20F,-0.91,0.9485088586807251
s669,ca,gnn_local,123,1EKG,L198C,1.0,1.391535997390747
s669,ca,gnn_local,123,1EKG,L200C,2.0,1.385367751121521
s669,ca,gnn_local,123,1EKG,L203C,-1.0,1.329795241355896
s669,ca,gnn_local,123,1EKG,S181F,2.6,0.46404075622558594
s669,ca,gnn_local,123,1FRD,H42R,-4.0,0.23991675674915314
s669,ca,gnn_local,123,1FXA,E94D,1.1,0.9967222213745117
s669,ca,gnn_local,123,1FXA,E94K,0.4,0.7897659540176392
s669,ca,gnn_local,123,1FXA,E94Q,-0.6,0.8679081797599792
s669,ca,gnn_local,123,1FXA,E95K,-1.0,0.47619497776031494
s669,ca,gnn_local,123,1FXA,F65A,1.0,1.0307973623275757
s669,ca,gnn_local,123,1FXA,F65I,0.9,0.49176454544067383
s669,ca,gnn_local,123,1FXA,F65W,0.6,0.72316974401474
s669,ca,gnn_local,123,1FXA,F65Y,0.5,1.0896259546279907
s669,ca,gnn_local,123,1FXA,R42A,2.4,0.6566300392150879
s669,ca,gnn_local,123,1FXA,R42H,1.4,0.899063766002655
s669,ca,gnn_local,123,1FXA,T48A,-0.1,0.6059163808822632
s669,ca,gnn_local,123,1GLU,C500A,1.22,1.50261652469635
s669,ca,gnn_local,123,1GUA,A118G,1.963,1.3930267095565796
s669,ca,gnn_local,123,1GUA,A118L,1.951,0.5717830061912537
s669,ca,gnn_local,123,1GUA,A85G,2.149,0.4826151728630066
s669,ca,gnn_local,123,1GUA,A97G,0.863,1.0572551488876343
s669,ca,gnn_local,123,1GUA,C81A,-0.283,1.2195650339126587
s669,ca,gnn_local,123,1GUA,C81I,0.912,0.5092452764511108
s669,ca,gnn_local,123,1GUA,C95A,0.08,0.525912880897522
s669,ca,gnn_local,123,1GUA,C96A,1.759,0.7447545528411865
s669,ca,gnn_local,123,1GUA,C96L,0.043,0.09939910471439362
s669,ca,gnn_local,123,1GUA,C96M,0.337,0.20114721357822418
s669,ca,gnn_local,123,1GUA,D117A,0.706,0.12275625765323639
s669,ca,gnn_local,123,1GUA,D129A,0.855,-0.0718827024102211
s669,ca,gnn_local,123,1GUA,D80A,0.493,-0.10615436732769012
s669,ca,gnn_local,123,1GUA,E104A,-0.021,-0.04492255300283432
s669,ca,gnn_local,123,1GUA,E124A,0.101,0.3785013258457184
s669,ca,gnn_local,123,1GUA,E125A,0.591,0.49727755784988403
s669,ca,gnn_local,123,1GUA,I58A,3.274,2.0498616695404053
s669,ca,gnn_local,123,1GUA,I58F,1.2990000000000002,1.5549120903015137
s669,ca,gnn_local,123,1GUA,I58L,0.7709999999999999,1.3832489252090454
s669,ca,gnn_local,123,1GUA,K109A,0.327,0.2418101280927658
s669,ca,gnn_local,123,1GUA,L112A,2.593,0.9193238615989685
s669,ca,gnn_local,123,1GUA,L121A,2.5340000000000003,1.2098666429519653
s669,ca,gnn_local,123,1GUA,L126A,3.405,1.594307780265808
s669,ca,gnn_local,123,1GUA,L62A,3.46,1.4525707960128784
s669,ca,gnn_local,123,1GUA,L78A,3.803,1.141292929649353
s669,ca,gnn_local,123,1GUA,L82A,3.529,1.024102807044983
s669,ca,gnn_local,123,1GUA,L82I,1.6,0.28099489212036133
s669,ca,gnn_local,123,1GUA,L82V,1.7,0.5870705842971802
s669,ca,gnn_local,123,1GUA,L86A,3.2260000000000004,1.3871303796768188
s669,ca,gnn_local,123,1GUA,L91A,1.575,1.1085236072540283
s669,ca,gnn_local,123,1GUA,M76A,0.961,1.16822350025177
s669,ca,gnn_local,123,1GUA,N56M,-0.271,0.21560363471508026
s669,ca,gnn_local,123,1GUA,N64A,1.14,0.11230748891830444
s669,ca,gnn_local,123,1GUA,P63A,1.7080000000000002,0.19926178455352783
s669,ca,gnn_local,123,1GUA,P93A,0.0819999999999999,0.39138418436050415
s669,ca,gnn_local,123,1GUA,Q66A,0.504,0.3391456604003906
s669,ca,gnn_local,123,1GUA,R100A,0.693,0.5317809581756592
s669,ca,gnn_local,123,1GUA,R59A,-0.178,0.7987387180328369
s669,ca,gnn_local,123,1GUA,R89L,-1.078,-0.1493724286556244
s669,ca,gnn_local,123,1GUA,S77A,1.5730000000000002,0.5295274257659912
s669,ca,gnn_local,123,1GUA,S77T,-0.581,0.7772750854492188
s669,ca,gnn_local,123,1GUA,T68A,0.109,0.6170201301574707
s669,ca,gnn_local,123,1GUA,V128A,3.3680000000000003,1.3805676698684692
s669,ca,gnn_local,123,1GUA,V60A,2.251,1.5984373092651367
s669,ca,gnn_local,123,1GUA,V69A,1.116,1.2463313341140747
s669,ca,gnn_local,123,1GUA,V70A,1.77,1.5250910520553589
s669,ca,gnn_local,123,1GUA,V72A,1.052,1.7709705829620361
s669,ca,gnn_local,123,1GUA,V72I,0.8640000000000001,1.1589093208312988
s669,ca,gnn_local,123,1GUA,V98A,1.981,1.2009882926940918
s669,ca,gnn_local,123,1H0X,P18A,1.936,-0.05609294772148132
s669,ca,gnn_local,123,1H0X,P62A,2.5810000000000004,0.3792358338832855
s669,ca,gnn_local,123,1HCQ,C67A,2.09,1.5782614946365356
s669,ca,gnn_local,123,1HCQ,C67S,1.99,1.793407917022705
s669,ca,gnn_local,123,1IOJ,G15A,-0.4,1.012370228767395
s669,ca,gnn_local,123,1IV7,A173C,-0.5,1.0076438188552856
s669,ca,gnn_local,123,1IV7,F189C,2.5,1.1457154750823975
s669,ca,gnn_local,123,1IV7,L162C,1.9,1.3676716089248657
s669,ca,gnn_local,123,1IV9,S76Y,-4.299,0.4585440754890442
s669,ca,gnn_local,123,1J8I,K25A,-0.1,0.8277206420898438
s669,ca,gnn_local,123,1J8I,K66A,-0.1,0.6278150677680969
s669,ca,gnn_local,123,1J8I,R23A,-0.8,0.3476989269256592
s669,ca,gnn_local,123,1J8I,R35A,0.1,0.7277938723564148
s669,ca,gnn_local,123,1J8I,R43A,-0.7,0.08757740259170532
s669,ca,gnn_local,123,1J8I,R9A,0.1,0.27926257252693176
s669,ca,gnn_local,123,1JL9,A25C,1.44,0.38801342248916626
s669,ca,gnn_local,123,1L6H,F39A,1.6969999999999998,2.418826103210449
s669,ca,gnn_local,123,1L6H,Y45A,0.55,1.4212958812713623
s669,ca,gnn_local,123,1L6H,Y48A,1.482,0.6916840672492981
s669,ca,gnn_local,123,1N88,F21A,1.39,1.603853702545166
s669,ca,gnn_local,123,1N88,I39A,1.39,1.9978328943252563
s669,ca,gnn_local,123,1N88,I80A,2.79,1.6187020540237427
s669,ca,gnn_local,123,1N88,I89A,2.35,1.6564198732376099
s669,ca,gnn_local,123,1N88,I8V,1.52,1.7741259336471558
s669,ca,gnn_local,123,1N88,L13A,1.52,1.2993099689483643
s669,ca,gnn_local,123,1N88,L57A,1.11,0.6254208087921143
s669,ca,gnn_local,123,1N88,V12A,1.94,1.0246284008026123
s669,ca,gnn_local,123,1N88,V30A,2.84,1.3102068901062012
s669,ca,gnn_local,123,1N88,V43A,2.82,1.8779234886169434
s669,ca,gnn_local,123,1N88,V49A,2.83,1.340117335319519
s669,ca,gnn_local,123,1N88,V51A,3.24,1.5620217323303223
s669,ca,gnn_local,123,1N88,V54A,3.73,1.5433937311172485
s669,ca,gnn_local,123,1N88,V81A,2.82,1.8140918016433716
s669,ca,gnn_local,123,1N88,V83A,3.1,1.7708724737167358
s669,ca,gnn_local,123,1N88,Y18A,-0.06,0.6024916172027588
s669,ca,gnn_local,123,1N88,Y26A,4.61,1.3808543682098389
s669,ca,gnn_local,123,1O6X,A31G,1.2,0.6819829344749451
s669,ca,gnn_local,123,1O6X,A50G,1.4,1.111232042312622
s669,ca,gnn_local,123,1O6X,D38A,-0.36,0.0782293826341629
s669,ca,gnn_local,123,1O6X,E14A,0.3,0.28683537244796753
s669,ca,gnn_local,123,1O6X,E20G,1.42,0.47537070512771606
s669,ca,gnn_local,123,1O6X,F39L,1.88,0.3815562129020691
s669,ca,gnn_local,123,1O6X,F65A,0.98,1.191884994506836
s669,ca,gnn_local,123,1O6X,H51A,0.61,0.517593264579773
s669,ca,gnn_local,123,1O6X,I15V,0.43,1.1161588430404663
s669,ca,gnn_local,123,1O6X,I23V,-0.42,1.3641424179077148
s669,ca,gnn_local,123,1O6X,I71V,1.31,1.2319358587265015
s669,ca,gnn_local,123,1O6X,I75A,1.31,1.0054315328598022
s669,ca,gnn_local,123,1O6X,K41A,1.98,0.365491658449173
s669,ca,gnn_local,123,1O6X,L26V,0.97,0.6411465406417847
s669,ca,gnn_local,123,1O6X,N58A,0.08,0.2871271073818207
s669,ca,gnn_local,123,1O6X,Q60G,0.49,0.471626877784729
s669,ca,gnn_local,123,1O6X,V12A,1.1,1.3061963319778442
s669,ca,gnn_local,123,1O6X,V52A,1.08,1.1310601234436035
s669,ca,gnn_local,123,1O6X,V64G,1.1,1.605766773223877
s669,ca,gnn_local,123,1O6X,Y73L,2.78,0.0016872100532054901
s669,ca,gnn_local,123,1R6R,I88N,0.13,1.2791606187820435
s669,ca,gnn_local,123,1R6R,L50S,2.81,0.20295743644237518
s669,ca,gnn_local,123,1R6R,L54S,0.24,0.8100006580352783
s669,ca,gnn_local,123,1R6R,L81N,6.84,1.3026219606399536
s669,ca,gnn_local,123,2BJD,V84D,4.493,1.7016924619674683
s669,ca,gnn_local,123,2BJD,V84P,4.517,1.4079326391220093
s669,ca,gnn_local,123,2BJD,Y86E,2.103,0.8925942778587341
s669,ca,gnn_local,123,2C9Q,Y79F,0.012,1.650829792022705
s669,ca,gnn_local,123,2C9Q,Y79W,1.233,1.751413345336914
s669,ca,gnn_local,123,2CLR,H13F,-0.12,0.5079197883605957
s669,ca,gnn_local,123,2CLR,H31F,-2.605,0.6523820161819458
s669,ca,gnn_local,123,2CLR,H51F,1.912,0.32580310106277466
s669,ca,gnn_local,123,2CLR,H84A,2.629,0.7891090512275696
s669,ca,gnn_local,123,2DVV,Q443H,-0.89,0.9359709024429321
s669,ca,gnn_local,123,2DVV,R419W,0.02,0.43584144115448
s669,ca,gnn_local,123,2HBB,A22G,0.32,0.47421425580978394
s669,ca,gnn_local,123,2HBB,A26G,1.79,1.1313878297805786
s669,ca,gnn_local,123,2HBB,A36G,1.55,1.0402365922927856
s669,ca,gnn_local,123,2HBB,A39G,1.59,0.9903415441513062
s669,ca,gnn_local,123,2HBB,A42G,0.33,0.3980902433395386
s669,ca,gnn_local,123,2HBB,A46G,0.55,0.7141135334968567
s669,ca,gnn_local,123,2HBB,A49G,0.22,0.3837721347808838
s669,ca,gnn_local,123,2HBB,D23A,0.03,-0.10510064661502838
s669,ca,gnn_local,123,2HBB,D23N,0.79,0.12089478969573975
s669,ca,gnn_local,123,2HBB,D8A,1.3,-0.02434377744793892
s669,ca,gnn_local,123,2HBB,D8N,0.38,0.09506313502788544
s669,ca,gnn_local,123,2HBB,E17A,1.69,-0.09411607682704926
s669,ca,gnn_local,123,2HBB,E17Q,0.33,0.05597392097115517
s669,ca,gnn_local,123,2HBB,E38A,0.41,0.22061030566692352
s669,ca,gnn_local,123,2HBB,E38Q,0.68,0.52330482006073
s669,ca,gnn_local,123,2HBB,E48Q,-0.07,0.3286871016025543
s669,ca,gnn_local,123,2HBB,F31A,2.84,1.1084476709365845
s669,ca,gnn_local,123,2HBB,F5L,1.15,0.5988554954528809
s669,ca,gnn_local,123,2HBB,G24A,-0.02,0.008512768894433975
s669,ca,gnn_local,123,2HBB,G34A,1.02,0.005039695650339127
s669,ca,gnn_local,123,2HBB,I18A,2.05,0.9990177154541016
s669,ca,gnn_local,123,2HBB,I18V,0.07,0.5534304976463318
s669,ca,gnn_local,123,2HBB,I37A,1.28,1.5074423551559448
s669,ca,gnn_local,123,2HBB,I37V,-0.09,1.1125097274780273
s669,ca,gnn_local,123,2HBB,I4V,0.59,0.9933539628982544
s669,ca,gnn_local,123,2HBB,K10E,-0.13,0.024595532566308975
s669,ca,gnn_local,123,2HBB,K10M,-0.47,-0.2177141159772873
s669,ca,gnn_local,123,2HBB,K12A,-0.61,-0.18336495757102966
s669,ca,gnn_local,123,2HBB,K12G,-0.03,-0.11544002592563629
s669,ca,gnn_local,123,2HBB,K12M,-1.8,-0.2177141159772873
s669,ca,gnn_local,123,2HBB,K14A,0.73,0.12063677608966827
s669,ca,gnn_local,123,2HBB,K14G,1.3,0.2185286432504654
s669,ca,gnn_local,123,2HBB,K14M,0.34,0.06826713681221008
s669,ca,gnn_local,123,2HBB,K15G,1.74,0.2589423358440399
s669,ca,gnn_local,123,2HBB,K15M,0.44,0.0791262537240982
s669,ca,gnn_local,123,2HBB,K7M,-0.21,-0.037858996540308
s669,ca,gnn_local,123,2HBB,L30A,2.76,1.1917802095413208
s669,ca,gnn_local,123,2HBB,L35A,1.21,1.0965911149978638
s669,ca,gnn_local,123,2HBB,L44A,1.73,1.3358913660049438
s669,ca,gnn_local,123,2HBB,L47A,0.84,1.3251543045043945
s669,ca,gnn_local,123,2HBB,L6A,3.1,0.9810539484024048
s669,ca,gnn_local,123,2HBB,M1A,1.46,0.595563530921936
s669,ca,gnn_local,123,2HBB,T40S,0.8,0.2067224234342575
s669,ca,gnn_local,123,2HBB,V21A,2.33,0.8777157664299011
s669,ca,gnn_local,123,2HBB,V3A,2.55,1.442319631576538
s669,ca,gnn_local,123,2HBB,V9A,1.81,0.3079662024974823
s669,ca,gnn_local,123,2JUC,C57D,2.54,1.3047285079956055
s669,ca,gnn_local,123,2JUC,C57S,0.71,0.9073789119720459
s669,ca,gnn_local,123,2JUC,R18A,1.75,0.32822859287261963
s669,ca,gnn_local,123,2KJ3,D288A,-1.2,0.05938861891627312
s669,ca,gnn_local,123,2KJ3,E272A,-1.9,0.3602781891822815
s669,ca,gnn_local,123,2KJ3,G278A,0.8,0.469076931476593
s669,ca,gnn_local,123,2KJ3,K229A,-1.5,0.17591209709644318
s669,ca,gnn_local,123,2KJ3,L241A,-1.0,0.7622713446617126
s669,ca,gnn_local,123,2KJ3,S273A,-1.4,0.6671257019042969
s669,ca,gnn_local,123,2KJ3,V239A,-1.0,0.9787863492965698
s669,ca,gnn_local,123,2KJ3,V264A,-1.0,0.9164525270462036
s669,ca,gnn_local,123,2KJ3,V267A,-0.2,0.9795399904251099
s669,ca,gnn_local,123,2MPC,A89T,0.24,0.6683366298675537
s669,ca,gnn_local,123,2MPC,R42A,-0.62,0.014012042433023453
s669,ca,gnn_local,123,2MPC,R42W,-2.08,-0.1512770652770996
s669,ca,gnn_local,123,2N7Z,P88A,0.6,0.44773462414741516
s669,ca,gnn_local,123,2OUO,A420D,-0.44,1.3549011945724487
s669,ca,gnn_local,123,2PTL,A22G,2.43,1.2849470376968384
s669,ca,gnn_local,123,2PTL,A27P,-0.1,0.8839399814605713
s669,ca,gnn_local,123,2PTL,A27V,0.83,0.17227089405059814
s669,ca,gnn_local,123,2PTL,A34G,2.17,0.6286220550537109
s669,ca,gnn_local,123,2PTL,A34V,-1.47,0.17635253071784973
s669,ca,gnn_local,123,2PTL,A43G,2.54,1.1162043809890747
s669,ca,gnn_local,123,2PTL,A47G,3.1,1.1529145240783691
s669,ca,gnn_local,123,2PTL,A49G,1.32,0.5707675814628601
s669,ca,gnn_local,123,2PTL,A51G,3.12,0.8971536755561829
s669,ca,gnn_local,123,2PTL,A66G,0.49,0.5321361422538757
s669,ca,gnn_local,123,2PTL,D52A,1.21,0.010634299367666245
s669,ca,gnn_local,123,2PTL,D52G,2.14,0.0878428965806961
s669,ca,gnn_local,123,2PTL,D64A,0.2,0.029480192810297012
s669,ca,gnn_local,123,2PTL,E35A,0.59,0.3144427239894867
s669,ca,gnn_local,123,2PTL,E46G,1.19,0.16710400581359863
s669,ca,gnn_local,123,2PTL,E46I,1.08,-0.1927112638950348
s669,ca,gnn_local,123,2PTL,E60A,0.23,0.22060684859752655
s669,ca,gnn_local,123,2PTL,F26A,3.12,1.2564371824264526
s669,ca,gnn_local,123,2PTL,F26L,0.68,0.6306055784225464
s669,ca,gnn_local,123,2PTL,F36A,4.15,1.127977728843689
s669,ca,gnn_local,123,2PTL,F36L,3.12,0.5884764194488525
s669,ca,gnn_local,123,2PTL,F40G,3.08,1.5704550743103027
s669,ca,gnn_local,123,2PTL,F40L,0.38,0.7578388452529907
s669,ca,gnn_local,123,2PTL,F76L,3.34,0.8528221249580383
s669,ca,gnn_local,123,2PTL,F76V,3.73,1.0232425928115845
s669,ca,gnn_local,123,2PTL,G29A,1.52,-0.1486799269914627
s669,ca,gnn_local,123,2PTL,G29V,2.53,-0.33453884720802307
s669,ca,gnn_local,123,2PTL,G38A,2.08,0.6824421882629395
s669,ca,gnn_local,123,2PTL,G59A,2.23,0.23295702040195465
s669,ca,gnn_local,123,2PTL,G69A,2.04,0.05065608397126198
s669,ca,gnn_local,123,2PTL,I20A,4.9,1.8106576204299927
s669,ca,gnn_local,123,2PTL,I20V,0.56,1.4524177312850952
s669,ca,gnn_local,123,2PTL,I25A,1.37,1.582417368888855
s669,ca,gnn_local,123,2PTL,I25V,0.47,1.1742662191390991
s669,ca,gnn_local,123,2PTL,I74A,4.72,1.67408287525177
s669,ca,gnn_local,123,2PTL,I74V,1.69,1.309981346130371
s669,ca,gnn_local,123,2PTL,K21A,0.92,0.8968653082847595
s669,ca,gnn_local,123,2PTL,K37A,0.88,0.8841046094894409
s669,ca,gnn_local,123,2PTL,K42G,-0.16,0.30583250522613525
s669,ca,gnn_local,123,2PTL,K55A,-0.58,0.2417946606874466
s669,ca,gnn_local,123,2PTL,K56A,-0.35,-0.09220977127552032
s669,ca,gnn_local,123,2PTL,K68A,0.09,-0.1243964433670044
s669,ca,gnn_local,123,2PTL,K75A,0.45,0.7470893859863281
s669,ca,gnn_local,123,2PTL,L24A,3.12,1.5459867715835571
s669,ca,gnn_local,123,2PTL,L54A,2.44,0.5904841423034668
s669,ca,gnn_local,123,2PTL,L72A,3.77,1.4225906133651733
s669,ca,gnn_local,123,2PTL,N23A,1.87,0.668480396270752
s669,ca,gnn_local,123,2PTL,N28A,1.78,-0.31498199701309204
s669,ca,gnn_local,123,2PTL,N58A,0.34,0.12972767651081085
s669,ca,gnn_local,123,2PTL,N73A,1.73,0.5347939133644104
s669,ca,gnn_local,123,2PTL,S30A,0.3,0.09407639503479004
s669,ca,gnn_local,123,2PTL,S45A,-0.41,0.3017178475856781
s669,ca,gnn_local,123,2PTL,S45G,0.82,0.42330941557884216
s669,ca,gnn_local,123,2PTL,T19A,1.63,0.6997771263122559
s669,ca,gnn_local,123,2PTL,T31A,1.17,0.13593663275241852
s669,ca,gnn_local,123,2PTL,T33A,1.11,0.2834051847457886
s669,ca,gnn_local,123,2PTL,T39A,1.25,0.500809907913208
s669,ca,gnn_local,123,2PTL,T44A,1.09,0.5263689756393433
s669,ca,gnn_local,123,2PTL,T53G,0.17,0.15062807500362396
s669,ca,gnn_local,123,2PTL,T62A,0.97,0.20551864802837372
s669,ca,gnn_local,123,2PTL,T71A,1.83,0.6564564108848572
s669,ca,gnn_local,123,2PTL,V18A,1.22,0.9314067959785461
s669,ca,gnn_local,123,2PTL,V63A,0.92,0.9243364334106445
s669,ca,gnn_local,123,2PTL,V65A,1.14,1.0333906412124634
s669,ca,gnn_local,123,2PTL,Y48A,2.82,0.7316441535949707
s669,ca,gnn_local,123,2PTL,Y50A,2.46,0.44834592938423157
s669,ca,gnn_local,123,2PTL,Y70A,1.66,0.829505980014801
s669,ca,gnn_local,123,2PTL,Y70L,-0.43,0.25014665722846985
s669,ca,gnn_local,123,2RPN,E7L,-1.05,0.42241546511650085
s669,ca,gnn_local,123,2RPN,V21K,-0.39,1.3477238416671753
s669,ca,gnn_local,123,2WQG,D15A,-0.3,0.4932846426963806
s669,ca,gnn_local,123,2WQG,D38A,-0.1,0.7026127576828003
s669,ca,gnn_local,123,2WQG,D39A,2.2,0.7117208242416382
s669,ca,gnn_local,123,2WQG,D39N,2.6,0.9125384092330933
s669,ca,gnn_local,123,2WQG,E40Q,0.1,0.7785953283309937
s669,ca,gnn_local,123,2WQG,E41G,0.4,0.8032994270324707
s669,ca,gnn_local,123,2WQG,I36A,0.9,1.6934316158294678
s669,ca,gnn_local,123,2WQG,I36V,0.3,1.3429473638534546
s669,ca,gnn_local,123,2WQG,K14A,0.4,0.9721096754074097
s669,ca,gnn_local,123,2WQG,K14G,1.9,1.1534682512283325
s669,ca,gnn_local,123,2WQG,K19A,0.3,0.5751625299453735
s669,ca,gnn_local,123,2WQG,K28A,0.6,0.9350658655166626
s669,ca,gnn_local,123,2WQG,L13A,0.5,2.009617567062378
s669,ca,gnn_local,123,2WQG,L16A,1.3,1.3291232585906982
s669,ca,gnn_local,123,2WQG,L8A,2.0,1.5722377300262451
s669,ca,gnn_local,123,2WQG,Q12A,0.6,0.6222866773605347
s669,ca,gnn_local,123,2WQG,Q12G,2.0,0.7493458986282349
s669,ca,gnn_local,123,2WQG,Q33A,-0.1,0.7868483662605286
s669,ca,gnn_local,123,2WQG,R34A,0.8,0.8424662351608276
s669,ca,gnn_local,123,2WQG,S23A,0.6,0.6367052793502808
s669,ca,gnn_local,123,2WQG,S6A,-0.1,0.612003743648529
s669,ca,gnn_local,123,2WQG,S6G,0.2,0.7600401639938354
s669,ca,gnn_local,123,2WQG,T9S,-0.1,1.0376495122909546
s669,ca,gnn_local,123,2WQG,V10A,0.1,1.2980512380599976
s669,ca,gnn_local,123,2WQG,V10G,0.7,1.5915263891220093
s669,ca,gnn_local,123,2WQG,V11A,-0.4,1.085814356803894
s669,ca,gnn_local,123,2WQG,V11G,-0.1,1.3684089183807373
s669,ca,gnn_local,123,2WQG,V24A,0.5,1.172958493232727
s669,ca,gnn_local,123,2WQG,Y5F,2.4,0.8339414596557617
s669,ca,gnn_local,123,2ZTA,E11Q,0.74,0.49972647428512573
s669,ca,gnn_local,123,2ZTA,E20Q,-0.2,0.4689376950263977
s669,ca,gnn_local,123,2ZTA,E22Q,1.83,0.4672665596008301
s669,ca,gnn_local,123,2ZTA,K15A,0.41,0.3511567711830139
s669,ca,gnn_local,123,2ZTA,K27A,0.91,0.1742791086435318
s669,ca,gnn_local,123,2ZTA,K28A,0.06,0.07558473944664001
s669,ca,gnn_local,123,2ZTA,K8A,0.39,0.47861558198928833
s669,ca,gnn_local,123,2ZTA,R25A,1.66,0.2846047282218933
s669,ca,gnn_local,123,3BN0,I20V,1.506,1.2890398502349854
s669,ca,gnn_local,123,3C2I,F155S,-0.43,1.6207093000411987
s669,ca,gnn_local,123,3C2I,T158A,-0.47,0.9018920063972473
s669,ca,gnn_local,123,3C2I,T158M,-0.25,0.6678102016448975
s669,ca,gnn_local,123,3FIS,P61A,0.5,0.18357619643211365
s669,ca,gnn_local,123,3G1G,D155Y,-0.34,-0.0010126307606697083
s669,ca,gnn_local,123,3G1G,F167Y,0.74,2.0395970344543457
s669,ca,gnn_local,123,3G1G,I190V,0.17,1.5860618352890015
s669,ca,gnn_local,123,3G1G,R185W,-1.32,0.6712099313735962
s669,ca,gnn_local,123,3K82,E334L,3.35,-0.22788332402706146
s669,ca,gnn_local,123,3K82,E334Q,1.68,0.22710202634334564
s669,ca,gnn_local,123,3K82,E401R,-5.49,0.25923532247543335
s669,ca,gnn_local,123,3MON,R39G,-1.194,-0.20653361082077026
s669,ca,gnn_local,123,3MON,W3C,2.866,0.4553641676902771
s669,ca,gnn_local,123,3O39,L32P,3.25,1.4907091856002808
s669,ca,gnn_local,123,3S92,H395R,-2.03,1.1528207063674927
s669,ca,gnn_local,123,4N6V,H75W,-0.574,-0.19271323084831238
s669,ca,gnn_local,123,4N6V,P36G,1.362,0.020332809537649155
s669,ca,gnn_local,123,4N6V,P79S,-1.745,-0.02317214384675026
s669,ca,gnn_local,123,4YEE,V134T,0.71,0.9895573854446411
s669,ca,gnn_local,123,4YEF,T134V,0.93,0.2523263096809387
s669,ca,gnn_local,123,5JXB,D329G,1.44,-0.069639191031456
s669,ca,gnn_local,123,5JXB,D329P,1.44,-0.05174297094345093
s669,ca,gnn_local,123,1A0F,S11A,1.8,1.0463529825210571
s669,ca,gnn_local,123,1A7V,A104H,2.69,0.8883968591690063
s669,ca,gnn_local,123,1A7V,A66H,1.98,0.45915520191192627
s669,ca,gnn_local,123,1A7V,A91H,1.7,1.415565848350525
s669,ca,gnn_local,123,1A7V,D3H,1.36,0.5786960124969482
s669,ca,gnn_local,123,1A7V,D58H,2.05,0.21484698355197906
s669,ca,gnn_local,123,1A7V,E73H,3.01,0.36751222610473633
s669,ca,gnn_local,123,1A7V,K13H,0.6,0.6742030382156372
s669,ca,gnn_local,123,1A7V,K20H,2.88,0.8069040775299072
s669,ca,gnn_local,123,1A7V,K31H,1.36,0.6640355587005615
s669,ca,gnn_local,123,1A7V,K39H,1.86,0.8294708728790283
s669,ca,gnn_local,123,1A7V,K49H,2.02,0.8896552324295044
s669,ca,gnn_local,123,1A7V,K84H,2.88,1.0670850276947021
s669,ca,gnn_local,123,1A7V,K97H,1.97,0.7380194664001465
s669,ca,gnn_local,123,1BNL,D76A,0.821,0.2029823213815689
s669,ca,gnn_local,123,1DIV,D23A,0.46,-0.14489063620567322
s669,ca,gnn_local,123,1DIV,D23N,0.58,0.11003546416759491
s669,ca,gnn_local,123,1DIV,D8N,0.3,0.0599406398832798
s669,ca,gnn_local,123,1DIV,E100A,0.98,0.025189276784658432
s669,ca,gnn_local,123,1DIV,E100G,1.52,0.15923456847667694
s669,ca,gnn_local,123,1DIV,E17Q,0.21,0.1633100062608719
s669,ca,gnn_local,123,1DIV,E38Q,0.56,0.25420448184013367
s669,ca,gnn_local,123,1DIV,E48Q,-0.03,0.37031739950180054
s669,ca,gnn_local,123,1DIV,E54Q,-0.33,0.5549752712249756
s669,ca,gnn_local,123,1DIV,H106Q,1.53,0.4225781261920929
s669,ca,gnn_local,123,1DIV,I115A,3.52,0.7601233720779419
s669,ca,gnn_local,123,1DIV,I4A,2.22,1.5137544870376587
s669,ca,gnn_local,123,1DIV,I4V,0.59,1.0716537237167358
s669,ca,gnn_local,123,1DIV,I79A,3.49,1.3119816780090332
s669,ca,gnn_local,123,1DIV,I93A,3.19,1.1963748931884766
s669,ca,gnn_local,123,1DIV,I98A,4.28,1.555266261100769
s669,ca,gnn_local,123,1DIV,K10M,-0.05,-0.2805422842502594
s669,ca,gnn_local,123,1DIV,K14M,-0.01,-0.018616560846567154
s669,ca,gnn_local,123,1DIV,K15M,0.31,0.04703347757458687
s669,ca,gnn_local,123,1DIV,K7M,-0.35,0.00739968940615654
s669,ca,gnn_local,123,1DIV,K96A,-0.61,-0.002503182739019394
s669,ca,gnn_local,123,1DIV,K96G,0.2,0.12560634315013885
s669,ca,gnn_local,123,1DIV,L102A,2.37,1.333581566810608
s669,ca,gnn_local,123,1DIV,L108A,2.33,0.5500905513763428
s669,ca,gnn_local,123,1DIV,L110A,3.21,0.6442662477493286
s669,ca,gnn_local,123,1DIV,L117A,0.82,0.4615335464477539
s669,ca,gnn_local,123,1DIV,L30A,2.76,1.1969927549362183
s669,ca,gnn_local,123,1DIV,L30V,3.62,0.7431731820106506
s669,ca,gnn_local,123,1DIV,L6A,3.1,1.0521345138549805
s669,ca,gnn_local,123,1DIV,L6I,0.13,0.44865602254867554
s669,ca,gnn_local,123,1DIV,L6V,0.41,0.6259546875953674
s669,ca,gnn_local,123,1DIV,L72A,3.77,0.7135313153266907
s669,ca,gnn_local,123,1DIV,M1A,1.46,0.40025654435157776
s669,ca,gnn_local,123,1DIV,M1G,2.36,0.7131022214889526
s669,ca,gnn_local,123,1DIV,V21A,2.33,0.9056581258773804
s669,ca,gnn_local,123,1DIV,V21I,0.4,0.20964260399341583
s669,ca,gnn_local,123,1DIV,V21L,1.23,0.31406348943710327
s669,ca,gnn_local,123,1DIV,V3A,2.55,1.2907434701919556
s669,ca,gnn_local,123,1DIV,V3I,0.31,0.589042067527771
s669,ca,gnn_local,123,1DIV,V3L,2.21,0.6725564002990723
s669,ca,gnn_local,123,1DXX,K18N,3.7,0.5461915731430054
s669,ca,gnn_local,123,1FH5,S18N,-0.6,1.440163254737854
s669,ca,gnn_local,123,1FT8,L212V,1.38,0.9282048940658569
s669,ca,gnn_local,123,1FT8,L238I,0.35,-0.1632387340068817
s669,ca,gnn_local,123,1FT8,M216L,-0.27,0.6535535454750061
s669,ca,gnn_local,123,1GWY,A8D,1.6,1.5100051164627075
s669,ca,gnn_local,123,1ITM,C24T,3.3,0.794023871421814
s669,ca,gnn_local,123,1ITM,C3T,5.0,0.24697528779506683
s669,ca,gnn_local,123,1ITM,W91S,-1.4,0.9383752346038818
s669,ca,gnn_local,123,1JLV,E64D,1.162,0.737718403339386
s669,ca,gnn_local,123,1JLV,E64N,2.3040000000000003,0.7282863259315491
s669,ca,gnn_local,123,1JLV,E64Q,2.302,0.6359475255012512
s669,ca,gnn_local,123,1LVM,E106G,-1.4,0.35229024291038513
s669,ca,gnn_local,123,1LVM,K45F,-0.43,0.14463627338409424
s669,ca,gnn_local,123,1LVM,L56V,-0.0,0.8711802363395691
s669,ca,gnn_local,123,1LVM,Q58F,-0.6,-0.16152127087116241
s669,ca,gnn_local,123,1N18,E100G,2.5,0.3680516183376312
s669,ca,gnn_local,123,1N18,G85R,1.4,0.7730742692947388
s669,ca,gnn_local,123,1N18,H46R,-1.4,1.0514729022979736
s669,ca,gnn_local,123,1O1U,E110A,3.3,0.29409754276275635
s669,ca,gnn_local,123,1O1U,N61A,1.2,0.4116630554199219
s669,ca,gnn_local,123,1O1U,Q51A,0.3,0.48336946964263916
s669,ca,gnn_local,123,1O1U,Q99A,-0.3,0.4743964672088623
s669,ca,gnn_local,123,1O1U,T38A,1.2,0.812450647354126
s669,ca,gnn_local,123,1O1U,W49Y,1.2,1.2559987306594849
s669,ca,gnn_local,123,1OSI,I11V,0.05,0.8373421430587769
s669,ca,gnn_local,123,1OSI,S92F,-0.39,0.4488549828529358
s669,ca,gnn_local,123,1OSI,V15I,0.78,0.8920838832855225
s669,ca,gnn_local,123,1PFL,A20T,1.53,1.983089804649353
s669,ca,gnn_local,123,1PFL,G117V,1.96,0.37876176834106445
s669,ca,gnn_local,123,1PFL,M113T,3.53,1.9812084436416626
s669,ca,gnn_local,123,1PFL,T108M,-0.07,0.6068646907806396
s669,ca,gnn_local,123,1PRG,Q286P,0.3,0.6463045477867126
s669,ca,gnn_local,123,1PRG,R288H,-0.06,0.8031415939331055
s669,ca,gnn_local,123,1PRG,V290M,-0.03,1.1123374700546265
s669,ca,gnn_local,123,1SPD,C111S,-0.8,1.0989786386489868
s669,ca,gnn_local,123,1SPD,C6A,-0.1,0.6510254740715027
s669,ca,gnn_local,123,1XWS,E124Q,2.9,1.0672194957733154
s669,ca,gnn_local,123,1XWS,E135K,4.59,0.5150213837623596
s669,ca,gnn_local,123,1XWS,E142D,3.22,0.677817165851593
s669,ca,gnn_local,123,1XWS,Y53H,3.3,1.4246110916137695
s669,ca,gnn_local,123,1XXN,N32D,0.86,0.4817451238632202
s669,ca,gnn_local,123,1XXN,N54E,0.645,0.39555567502975464
s669,ca,gnn_local,123,1XXN,S22E,-0.239,0.5377547740936279
s669,ca,gnn_local,123,1XXN,S27E,0.645,0.8702356815338135
s669,ca,gnn_local,123,1XZO,F42W,-2.87,0.9853332042694092
s669,ca,gnn_local,123,1XZO,W101F,2.89,0.44590142369270325
s669,ca,gnn_local,123,1XZO,W36A,8.93,0.6473634243011475
s669,ca,gnn_local,123,1XZO,W36F,4.25,0.313383549451828
s669,ca,gnn_local,123,2ARF,H1069Q,0.7170000000000001,0.9565898180007935
s669,ca,gnn_local,123,2H3F,E12A,-1.07,0.3008384108543396
s669,ca,gnn_local,123,2JIE,H104R,-1.536,0.46293503046035767
s669,ca,gnn_local,123,2JIE,Q22S,0.209,0.4769471287727356
s669,ca,gnn_local,123,2JIE,S17A,1.246,0.13486410677433014
s669,ca,gnn_local,123,2JIE,S19A,-0.951,0.3833579123020172
s669,ca,gnn_local,123,2JIE,T18A,0.994,0.36081165075302124
s669,ca,gnn_local,123,2JIE,W123F,-2.19,-0.30817174911499023
s669,ca,gnn_local,123,2JIE,W123H,-1.06,-0.02447764202952385
s669,ca,gnn_local,123,2JIE,Y21A,3.443,0.4534057378768921
s669,ca,gnn_local,123,2KS4,D9A,-1.26,0.3257984519004822
s669,ca,gnn_local,123,2KS4,E2A,0.23,0.22786934673786163
s669,ca,gnn_local,123,2LTB,L558P,1.57,1.6723006963729858
s669,ca,gnn_local,123,2LTB,L569R,3.11,1.6818009614944458
s669,ca,gnn_local,123,2LTB,M619K,3.34,0.31832629442214966
s669,ca,gnn_local,123,2LTB,R533Q,1.1,0.5999342203140259
s669,ca,gnn_local,123,2LTB,R555Q,0.36,1.2453975677490234
s669,ca,gnn_local,123,2LTB,R555W,-1.79,0.7129855751991272
s669,ca,gnn_local,123,2M5S,D302A,4.0,0.4107397198677063
s669,ca,gnn_local,123,2M5S,H305A,2.0,1.4474953413009644
s669,ca,gnn_local,123,2NTE,R658C,2.3,0.9499839544296265
s669,ca,gnn_local,123,2PR5,A33Y,-0.5,0.2454725056886673
s669,ca,gnn_local,123,2PR5,A81M,0.4,0.6525062322616577
s669,ca,gnn_local,123,2PR5,D109E,-0.3,0.7611078023910522
s669,ca,gnn_local,123,2PR5,H22K,-0.3,-0.15647585690021515
s669,ca,gnn_local,123,2PR5,H22W,-1.2,-0.3225935995578766
s669,ca,gnn_local,123,2PR5,M111F,-2.9,0.4342609643936157
s669,ca,gnn_local,123,2PR5,N107F,-0.9,0.14160923659801483
s669,ca,gnn_local,123,2PR5,N107Y,-0.8,0.3766059875488281
s669,ca,gnn_local,123,2PR5,N124F,-1.1,0.2516947388648987
s669,ca,gnn_local,123,2PR5,N124Y,-2.6,0.3837837278842926
s669,ca,gnn_local,123,2PR5,T30M,-0.5,0.392128586769104
s669,ca,gnn_local,123,2PR5,T50M,0.5,0.5031058192253113
s669,ca,gnn_local,123,2PR5,T54Y,-0.2,0.4996796250343323
s669,ca,gnn_local,123,2PR5,V120I,-1.4,0.7237610816955566
s669,ca,gnn_local,123,2PR5,V25I,-0.4,0.6951961517333984
s669,ca,gnn_local,123,2PR5,V88L,0.2,0.6583440899848938
s669,ca,gnn_local,123,2PR5,V90I,0.7,0.7385770678520203
s669,ca,gnn_local,123,2VY0,E53A,6.597,0.1321246474981308
s669,ca,gnn_local,123,3BCI,E96Q,-1.369,0.9823963642120361
s669,ca,gnn_local,123,3D3B,D118A,0.65,-0.04441199079155922
s669,ca,gnn_local,123,3D3B,D118E,0.6,0.2320270985364914
s669,ca,gnn_local,123,3D3B,D118K,1.6,0.08921173214912415
s669,ca,gnn_local,123,3D3B,D118N,1.34,0.2057843655347824
s669,ca,gnn_local,123,3D3B,D118R,1.41,0.19885139167308807
s669,ca,gnn_local,123,3ECU,H46R,-0.8,1.0284618139266968
s669,ca,gnn_local,123,3S4M,D122Y,1.3,0.4607129693031311
s669,ca,gnn_local,123,3S4M,G130V,2.5,0.32593491673469543
s669,ca,gnn_local,123,3S4M,I154F,-0.096,1.0075114965438843
s669,ca,gnn_local,123,3S4M,W155R,0.693,1.2767930030822754
s669,ca,gnn_local,123,4BJX,A89V,-0.99,0.8675394058227539
s669,ca,gnn_local,123,4BUQ,Y48A,1.435,1.113277554512024
s669,ca,gnn_local,123,4WAA,K65A,-0.1,0.027537476271390915
s669,ca,gnn_local,123,4WAA,K67A,2.07,0.04984809830784798
s669,ca,gnn_local,123,4WAA,R27A,0.44,0.6164416670799255
s669,ca,gnn_local,123,5VP3,R39K,-0.413,0.5733266472816467
s669,ca,gnn_local,123,1BA3,H461D,1.745,0.6568819284439087
s669,ca,gnn_local,123,1BA3,H489D,-0.287,0.34635794162750244
s669,ca,gnn_local,123,1BA3,H489K,0.287,0.14770792424678802
s669,ca,gnn_local,123,1BA3,H489M,0.263,-0.04873991385102272
s669,ca,gnn_local,123,1DIV,V129A,1.81,0.30087119340896606
s669,ca,gnn_local,123,1F8I,F345A,0.455,1.0149081945419312
s669,ca,gnn_local,123,1FT8,L349I,-0.05,0.3958861827850342
s669,ca,gnn_local,123,1LVM,S135G,-0.0,0.424323171377182
s669,ca,gnn_local,123,1NM1,D187N,0.88,0.7344194650650024
s669,ca,gnn_local,123,1NM1,D187Y,1.9,0.4262162744998932
s669,ca,gnn_local,123,1PRE,C159S,2.4,0.6772884726524353
s669,ca,gnn_local,123,1R2Y,R244E,4.2,1.2934801578521729
s669,ca,gnn_local,123,1XXN,N181R,-0.358,0.5400528311729431
s669,ca,gnn_local,123,3D2A,M134E,-3.02,1.0342854261398315
s669,ca,gnn_local,123,3D2A,M137P,-3.34,0.7913663983345032
s669,ca,gnn_local,123,3D2A,S163P,-2.11,0.3550809919834137
s669,ca,gnn_local,123,5OAQ,Y429H,2.99,-0.013278122991323471
s669,ca,gnn_local,2024,1BFM,M35W,0.7,0.6255422830581665
s669,ca,gnn_local,2024,1BFM,M35Y,0.4,0.9219152927398682
s669,ca,gnn_local,2024,1D5G,H71Y,0.04,0.8026696443557739
s669,ca,gnn_local,2024,1D5G,I20F,-0.91,1.017589807510376
s669,ca,gnn_local,2024,1EKG,L198C,1.0,1.636173963546753
s669,ca,gnn_local,2024,1EKG,L200C,2.0,1.7312771081924438
s669,ca,gnn_local,2024,1EKG,L203C,-1.0,1.6794012784957886
s669,ca,gnn_local,2024,1EKG,S181F,2.6,0.653704047203064
s669,ca,gnn_local,2024,1FRD,H42R,-4.0,0.09371110796928406
s669,ca,gnn_local,2024,1FXA,E94D,1.1,1.295535683631897
s669,ca,gnn_local,2024,1FXA,E94K,0.4,0.9689954519271851
s669,ca,gnn_local,2024,1FXA,E94Q,-0.6,1.092344880104065
s669,ca,gnn_local,2024,1FXA,E95K,-1.0,0.5273079872131348
s669,ca,gnn_local,2024,1FXA,F65A,1.0,1.1885151863098145
s669,ca,gnn_local,2024,1FXA,F65I,0.9,0.5216555595397949
s669,ca,gnn_local,2024,1FXA,F65W,0.6,0.86903977394104
s669,ca,gnn_local,2024,1FXA,F65Y,0.5,1.1596412658691406
s669,ca,gnn_local,2024,1FXA,R42A,2.4,0.5792238116264343
s669,ca,gnn_local,2024,1FXA,R42H,1.4,1.0084511041641235
s669,ca,gnn_local,2024,1FXA,T48A,-0.1,0.6777372360229492
s669,ca,gnn_local,2024,1GLU,C500A,1.22,1.5961304903030396
s669,ca,gnn_local,2024,1GUA,A118G,1.963,1.6730809211730957
s669,ca,gnn_local,2024,1GUA,A118L,1.951,0.816118597984314
s669,ca,gnn_local,2024,1GUA,A85G,2.149,0.3514164984226227
s669,ca,gnn_local,2024,1GUA,A97G,0.863,1.0022716522216797
s669,ca,gnn_local,2024,1GUA,C81A,-0.283,1.5125104188919067
s669,ca,gnn_local,2024,1GUA,C81I,0.912,0.7763936519622803
s669,ca,gnn_local,2024,1GUA,C95A,0.08,0.5284780263900757
s669,ca,gnn_local,2024,1GUA,C96A,1.759,0.744451105594635
s669,ca,gnn_local,2024,1GUA,C96L,0.043,0.13069936633110046
s669,ca,gnn_local,2024,1GUA,C96M,0.337,0.15305431187152863
s669,ca,gnn_local,2024,1GUA,D117A,0.706,0.256388396024704
s669,ca,gnn_local,2024,1GUA,D129A,0.855,0.04763222858309746
s669,ca,gnn_local,2024,1GUA,D80A,0.493,0.14850811660289764
s669,ca,gnn_local,2024,1GUA,E104A,-0.021,0.013501022011041641
s669,ca,gnn_local,2024,1GUA,E124A,0.101,0.516344428062439
s669,ca,gnn_local,2024,1GUA,E125A,0.591,0.6408014297485352
s669,ca,gnn_local,2024,1GUA,I58A,3.274,2.070178985595703
s669,ca,gnn_local,2024,1GUA,I58F,1.2990000000000002,1.550545334815979
s669,ca,gnn_local,2024,1GUA,I58L,0.7709999999999999,1.3842594623565674
s669,ca,gnn_local,2024,1GUA,K109A,0.327,0.40582460165023804
s669,ca,gnn_local,2024,1GUA,L112A,2.593,1.0102074146270752
s669,ca,gnn_local,2024,1GUA,L121A,2.5340000000000003,1.2694032192230225
s669,ca,gnn_local,2024,1GUA,L126A,3.405,1.7357337474822998
s669,ca,gnn_local,2024,1GUA,L62A,3.46,1.6823320388793945
s669,ca,gnn_local,2024,1GUA,L78A,3.803,1.6697750091552734
s669,ca,gnn_local,2024,1GUA,L82A,3.529,1.266145944595337
s669,ca,gnn_local,2024,1GUA,L82I,1.6,0.415637731552124
s669,ca,gnn_local,2024,1GUA,L82V,1.7,0.6568269729614258
s669,ca,gnn_local,2024,1GUA,L86A,3.2260000000000004,1.3195574283599854
s669,ca,gnn_local,2024,1GUA,L91A,1.575,1.0141714811325073
s669,ca,gnn_local,2024,1GUA,M76A,0.961,1.532071590423584
s669,ca,gnn_local,2024,1GUA,N56M,-0.271,0.2272571474313736
s669,ca,gnn_local,2024,1GUA,N64A,1.14,0.26175636053085327
s669,ca,gnn_local,2024,1GUA,P63A,1.7080000000000002,0.3689042329788208
s669,ca,gnn_local,2024,1GUA,P93A,0.0819999999999999,0.611754298210144
s669,ca,gnn_local,2024,1GUA,Q66A,0.504,0.41150784492492676
s669,ca,gnn_local,2024,1GUA,R100A,0.693,0.653171181678772
s669,ca,gnn_local,2024,1GUA,R59A,-0.178,0.8362782001495361
s669,ca,gnn_local,2024,1GUA,R89L,-1.078,-0.4238813519477844
s669,ca,gnn_local,2024,1GUA,S77A,1.5730000000000002,0.9242962598800659
s669,ca,gnn_local,2024,1GUA,S77T,-0.581,1.2439277172088623
s669,ca,gnn_local,2024,1GUA,T68A,0.109,0.772510826587677
s669,ca,gnn_local,2024,1GUA,V128A,3.3680000000000003,1.4373884201049805
s669,ca,gnn_local,2024,1GUA,V60A,2.251,1.612009048461914
s669,ca,gnn_local,2024,1GUA,V69A,1.116,1.2218043804168701
s669,ca,gnn_local,2024,1GUA,V70A,1.77,1.603143572807312
s669,ca,gnn_local,2024,1GUA,V72A,1.052,1.932701826095581
s669,ca,gnn_local,2024,1GUA,V72I,0.8640000000000001,1.2725636959075928
s669,ca,gnn_local,2024,1GUA,V98A,1.981,1.2726914882659912
s669,ca,gnn_local,2024,1H0X,P18A,1.936,-0.030483994632959366
s669,ca,gnn_local,2024,1H0X,P62A,2.5810000000000004,0.6794097423553467
s669,ca,gnn_local,2024,1HCQ,C67A,2.09,1.7107431888580322
s669,ca,gnn_local,2024,1HCQ,C67S,1.99,1.8505864143371582
s669,ca,gnn_local,2024,1IOJ,G15A,-0.4,1.124974012374878
s669,ca,gnn_local,2024,1IV7,A173C,-0.5,1.218482255935669
s669,ca,gnn_local,2024,1IV7,F189C,2.5,1.3057612180709839
s669,ca,gnn_local,2024,1IV7,L162C,1.9,1.445155382156372
s669,ca,gnn_local,2024,1IV9,S76Y,-4.299,0.6385024785995483
s669,ca,gnn_local,2024,1J8I,K25A,-0.1,0.8853863477706909
s669,ca,gnn_local,2024,1J8I,K66A,-0.1,0.7346755862236023
s669,ca,gnn_local,2024,1J8I,R23A,-0.8,0.3254517912864685
s669,ca,gnn_local,2024,1J8I,R35A,0.1,0.9651289582252502
s669,ca,gnn_local,2024,1J8I,R43A,-0.7,0.08336056768894196
s669,ca,gnn_local,2024,1J8I,R9A,0.1,0.1932734251022339
s669,ca,gnn_local,2024,1JL9,A25C,1.44,0.6551669836044312
s669,ca,gnn_local,2024,1L6H,F39A,1.6969999999999998,2.517045497894287
s669,ca,gnn_local,2024,1L6H,Y45A,0.55,1.9149538278579712
s669,ca,gnn_local,2024,1L6H,Y48A,1.482,1.1463797092437744
s669,ca,gnn_local,2024,1N88,F21A,1.39,1.6650397777557373
s669,ca,gnn_local,2024,1N88,I39A,1.39,2.409672260284424
s669,ca,gnn_local,2024,1N88,I80A,2.79,1.7894070148468018
s669,ca,gnn_local,2024,1N88,I89A,2.35,1.956266164779663
s669,ca,gnn_local,2024,1N88,I8V,1.52,2.106170654296875
s669,ca,gnn_local,2024,1N88,L13A,1.52,1.4597821235656738
s669,ca,gnn_local,2024,1N88,L57A,1.11,0.8518809080123901
s669,ca,gnn_local,2024,1N88,V12A,1.94,1.1893768310546875
s669,ca,gnn_local,2024,1N88,V30A,2.84,1.6113141775131226
s669,ca,gnn_local,2024,1N88,V43A,2.82,2.148298501968384
s669,ca,gnn_local,2024,1N88,V49A,2.83,1.5338934659957886
s669,ca,gnn_local,2024,1N88,V51A,3.24,1.652703881263733
s669,ca,gnn_local,2024,1N88,V54A,3.73,1.648266077041626
s669,ca,gnn_local,2024,1N88,V81A,2.82,1.8701307773590088
s669,ca,gnn_local,2024,1N88,V83A,3.1,1.8733997344970703
s669,ca,gnn_local,2024,1N88,Y18A,-0.06,0.7700883150100708
s669,ca,gnn_local,2024,1N88,Y26A,4.61,1.6295373439788818
s669,ca,gnn_local,2024,1O6X,A31G,1.2,0.48757505416870117
s669,ca,gnn_local,2024,1O6X,A50G,1.4,1.4852499961853027
s669,ca,gnn_local,2024,1O6X,D38A,-0.36,0.042761389166116714
s669,ca,gnn_local,2024,1O6X,E14A,0.3,0.48911306262016296
s669,ca,gnn_local,2024,1O6X,E20G,1.42,0.49256348609924316
s669,ca,gnn_local,2024,1O6X,F39L,1.88,0.4902253746986389
s669,ca,gnn_local,2024,1O6X,F65A,0.98,1.224596619606018
s669,ca,gnn_local,2024,1O6X,H51A,0.61,0.7302489280700684
s669,ca,gnn_local,2024,1O6X,I15V,0.43,1.4581196308135986
s669,ca,gnn_local,2024,1O6X,I23V,-0.42,1.42652428150177
s669,ca,gnn_local,2024,1O6X,I71V,1.31,1.3939499855041504
s669,ca,gnn_local,2024,1O6X,I75A,1.31,1.1959642171859741
s669,ca,gnn_local,2024,1O6X,K41A,1.98,0.32554513216018677
s669,ca,gnn_local,2024,1O6X,L26V,0.97,0.5757732391357422
s669,ca,gnn_local,2024,1O6X,N58A,0.08,0.3801400661468506
s669,ca,gnn_local,2024,1O6X,Q60G,0.49,0.6096107959747314
s669,ca,gnn_local,2024,1O6X,V12A,1.1,1.554695963859558
s669,ca,gnn_local,2024,1O6X,V52A,1.08,1.3527849912643433
s669,ca,gnn_local,2024,1O6X,V64G,1.1,1.5605177879333496
s669,ca,gnn_local,2024,1O6X,Y73L,2.78,0.14401927590370178
s669,ca,gnn_local,2024,1R6R,I88N,0.13,1.4916270971298218
s669,ca,gnn_local,2024,1R6R,L50S,2.81,0.30137643218040466
s669,ca,gnn_local,2024,1R6R,L54S,0.24,0.8524813652038574
s669,ca,gnn_local,2024,1R6R,L81N,6.84,1.412106990814209
s669,ca,gnn_local,2024,2BJD,V84D,4.493,1.7953381538391113
s669,ca,gnn_local,2024,2BJD,V84P,4.517,1.630096435546875
s669,ca,gnn_local,2024,2BJD,Y86E,2.103,1.108271598815918
s669,ca,gnn_local,2024,2C9Q,Y79F,0.012,1.7241675853729248
s669,ca,gnn_local,2024,2C9Q,Y79W,1.233,1.8411258459091187
s669,ca,gnn_local,2024,2CLR,H13F,-0.12,0.5758010745048523
s669,ca,gnn_local,2024,2CLR,H31F,-2.605,0.7007145881652832
s669,ca,gnn_local,2024,2CLR,H51F,1.912,0.30052801966667175
s669,ca,gnn_local,2024,2CLR,H84A,2.629,0.8261240124702454
s669,ca,gnn_local,2024,2DVV,Q443H,-0.89,1.10691237449646
s669,ca,gnn_local,2024,2DVV,R419W,0.02,0.46812278032302856
s669,ca,gnn_local,2024,2HBB,A22G,0.32,0.6676433086395264
s669,ca,gnn_local,2024,2HBB,A26G,1.79,1.3612749576568604
s669,ca,gnn_local,2024,2HBB,A36G,1.55,1.2162805795669556
s669,ca,gnn_local,2024,2HBB,A39G,1.59,1.2703728675842285
s669,ca,gnn_local,2024,2HBB,A42G,0.33,0.7194777727127075
s669,ca,gnn_local,2024,2HBB,A46G,0.55,1.0857276916503906
s669,ca,gnn_local,2024,2HBB,A49G,0.22,0.6595337390899658
s669,ca,gnn_local,2024,2HBB,D23A,0.03,-0.05986805632710457
s669,ca,gnn_local,2024,2HBB,D23N,0.79,0.2275700718164444
s669,ca,gnn_local,2024,2HBB,D8A,1.3,-0.06080617383122444
s669,ca,gnn_local,2024,2HBB,D8N,0.38,0.0562463253736496
s669,ca,gnn_local,2024,2HBB,E17A,1.69,-0.04577230289578438
s669,ca,gnn_local,2024,2HBB,E17Q,0.33,0.12116439640522003
s669,ca,gnn_local,2024,2HBB,E38A,0.41,0.41650471091270447
s669,ca,gnn_local,2024,2HBB,E38Q,0.68,0.7474299669265747
s669,ca,gnn_local,2024,2HBB,E48Q,-0.07,0.5257498621940613
s669,ca,gnn_local,2024,2HBB,F31A,2.84,1.3611745834350586
s669,ca,gnn_local,2024,2HBB,F5L,1.15,0.7050895690917969
s669,ca,gnn_local,2024,2HBB,G24A,-0.02,0.13971611857414246
s669,ca,gnn_local,2024,2HBB,G34A,1.02,0.26885679364204407
s669,ca,gnn_local,2024,2HBB,I18A,2.05,1.2061947584152222
s669,ca,gnn_local,2024,2HBB,I18V,0.07,0.6367658972740173
s669,ca,gnn_local,2024,2HBB,I37A,1.28,1.9014955759048462
s669,ca,gnn_local,2024,2HBB,I37V,-0.09,1.4282612800598145
s669,ca,gnn_local,2024,2HBB,I4V,0.59,1.1836347579956055
s669,ca,gnn_local,2024,2HBB,K10E,-0.13,-0.020483117550611496
s669,ca,gnn_local,2024,2HBB,K10M,-0.47,-0.4712238311767578
s669,ca,gnn_local,2024,2HBB,K12A,-0.61,-0.2681404948234558
s669,ca,gnn_local,2024,2HBB,K12G,-0.03,-0.25786292552948
s669,ca,gnn_local,2024,2HBB,K12M,-1.8,-0.4712238311767578
s669,ca,gnn_local,2024,2HBB,K14A,0.73,0.08981472253799438
s669,ca,gnn_local,2024,2HBB,K14G,1.3,0.11893856525421143
s669,ca,gnn_local,2024,2HBB,K14M,0.34,-0.08315181732177734
s669,ca,gnn_local,2024,2HBB,K15G,1.74,0.23184561729431152
s669,ca,gnn_local,2024,2HBB,K15M,0.44,0.02827328070998192
s669,ca,gnn_local,2024,2HBB,K7M,-0.21,-0.0030158571898937225
s669,ca,gnn_local,2024,2HBB,L30A,2.76,1.3277308940887451
s669,ca,gnn_local,2024,2HBB,L35A,1.21,1.240814447402954
s669,ca,gnn_local,2024,2HBB,L44A,1.73,1.5871214866638184
s669,ca,gnn_local,2024,2HBB,L47A,0.84,1.535225749015808
s669,ca,gnn_local,2024,2HBB,L6A,3.1,1.1994009017944336
s669,ca,gnn_local,2024,2HBB,M1A,1.46,0.7177697420120239
s669,ca,gnn_local,2024,2HBB,T40S,0.8,0.3638399839401245
s669,ca,gnn_local,2024,2HBB,V21A,2.33,0.9764623641967773
s669,ca,gnn_local,2024,2HBB,V3A,2.55,1.655543327331543
s669,ca,gnn_local,2024,2HBB,V9A,1.81,0.5129939317703247
s669,ca,gnn_local,2024,2JUC,C57D,2.54,1.6467876434326172
s669,ca,gnn_local,2024,2JUC,C57S,0.71,1.17328941822052
s669,ca,gnn_local,2024,2JUC,R18A,1.75,0.26109713315963745
s669,ca,gnn_local,2024,2KJ3,D288A,-1.2,0.0008511804044246674
s669,ca,gnn_local,2024,2KJ3,E272A,-1.9,0.4842877984046936
s669,ca,gnn_local,2024,2KJ3,G278A,0.8,0.6175768971443176
s669,ca,gnn_local,2024,2KJ3,K229A,-1.5,0.26619938015937805
s669,ca,gnn_local,2024,2KJ3,L241A,-1.0,1.0192155838012695
s669,ca,gnn_local,2024,2KJ3,S273A,-1.4,0.849252462387085
s669,ca,gnn_local,2024,2KJ3,V239A,-1.0,1.1045368909835815
s669,ca,gnn_local,2024,2KJ3,V264A,-1.0,1.2564527988433838
s669,ca,gnn_local,2024,2KJ3,V267A,-0.2,1.1426036357879639
s669,ca,gnn_local,2024,2MPC,A89T,0.24,0.6322978734970093
s669,ca,gnn_local,2024,2MPC,R42A,-0.62,0.3345716595649719
s669,ca,gnn_local,2024,2MPC,R42W,-2.08,0.03288576379418373
s669,ca,gnn_local,2024,2N7Z,P88A,0.6,0.5912502408027649
s669,ca,gnn_local,2024,2OUO,A420D,-0.44,1.5247673988342285
s669,ca,gnn_local,2024,2PTL,A22G,2.43,1.5284770727157593
s669,ca,gnn_local,2024,2PTL,A27P,-0.1,1.0888164043426514
s669,ca,gnn_local,2024,2PTL,A27V,0.83,0.24045270681381226
s669,ca,gnn_local,2024,2PTL,A34G,2.17,0.8402121067047119
s669,ca,gnn_local,2024,2PTL,A34V,-1.47,0.2940445840358734
s669,ca,gnn_local,2024,2PTL,A43G,2.54,1.4463679790496826
s669,ca,gnn_local,2024,2PTL,A47G,3.1,1.3459464311599731
s669,ca,gnn_local,2024,2PTL,A49G,1.32,0.7288156747817993
s669,ca,gnn_local,2024,2PTL,A51G,3.12,1.0908325910568237
s669,ca,gnn_local,2024,2PTL,A66G,0.49,0.6730648279190063
s669,ca,gnn_local,2024,2PTL,D52A,1.21,0.020889360457658768
s669,ca,gnn_local,2024,2PTL,D52G,2.14,0.1418701559305191
s669,ca,gnn_local,2024,2PTL,D64A,0.2,0.20783783495426178
s669,ca,gnn_local,2024,2PTL,E35A,0.59,0.4436430037021637
s669,ca,gnn_local,2024,2PTL,E46G,1.19,0.2868460714817047
s669,ca,gnn_local,2024,2PTL,E46I,1.08,-0.19781827926635742
s669,ca,gnn_local,2024,2PTL,E60A,0.23,0.296407550573349
s669,ca,gnn_local,2024,2PTL,F26A,3.12,1.4805359840393066
s669,ca,gnn_local,2024,2PTL,F26L,0.68,0.829352855682373
s669,ca,gnn_local,2024,2PTL,F36A,4.15,1.3748419284820557
s669,ca,gnn_local,2024,2PTL,F36L,3.12,0.8874942064285278
s669,ca,gnn_local,2024,2PTL,F40G,3.08,2.0113487243652344
s669,ca,gnn_local,2024,2PTL,F40L,0.38,1.2098644971847534
s669,ca,gnn_local,2024,2PTL,F76L,3.34,1.0887939929962158
s669,ca,gnn_local,2024,2PTL,F76V,3.73,1.275252103805542
s669,ca,gnn_local,2024,2PTL,G29A,1.52,-0.049693260341882706
s669,ca,gnn_local,2024,2PTL,G29V,2.53,-0.2374386191368103
s669,ca,gnn_local,2024,2PTL,G38A,2.08,0.9496514797210693
s669,ca,gnn_local,2024,2PTL,G59A,2.23,0.3642556369304657
s669,ca,gnn_local,2024,2PTL,G69A,2.04,0.11103373765945435
s669,ca,gnn_local,2024,2PTL,I20A,4.9,2.162735939025879
s669,ca,gnn_local,2024,2PTL,I20V,0.56,1.801478385925293
s669,ca,gnn_local,2024,2PTL,I25A,1.37,1.8822624683380127
s669,ca,gnn_local,2024,2PTL,I25V,0.47,1.416439175605774
s669,ca,gnn_local,2024,2PTL,I74A,4.72,1.8978586196899414
s669,ca,gnn_local,2024,2PTL,I74V,1.69,1.5404276847839355
s669,ca,gnn_local,2024,2PTL,K21A,0.92,0.9908474683761597
s669,ca,gnn_local,2024,2PTL,K37A,0.88,1.0755057334899902
s669,ca,gnn_local,2024,2PTL,K42G,-0.16,0.47070401906967163
s669,ca,gnn_local,2024,2PTL,K55A,-0.58,0.3513696789741516
s669,ca,gnn_local,2024,2PTL,K56A,-0.35,0.047366514801979065
s669,ca,gnn_local,2024,2PTL,K68A,0.09,0.010970041155815125
s669,ca,gnn_local,2024,2PTL,K75A,0.45,0.7988268733024597
s669,ca,gnn_local,2024,2PTL,L24A,3.12,1.653830647468567
s669,ca,gnn_local,2024,2PTL,L54A,2.44,0.7554880976676941
s669,ca,gnn_local,2024,2PTL,L72A,3.77,1.690097451210022
s669,ca,gnn_local,2024,2PTL,N23A,1.87,0.73476243019104
s669,ca,gnn_local,2024,2PTL,N28A,1.78,-0.3343985378742218
s669,ca,gnn_local,2024,2PTL,N58A,0.34,0.22072097659111023
s669,ca,gnn_local,2024,2PTL,N73A,1.73,0.7284994125366211
s669,ca,gnn_local,2024,2PTL,S30A,0.3,0.1552535891532898
s669,ca,gnn_local,2024,2PTL,S45A,-0.41,0.24165719747543335
s669,ca,gnn_local,2024,2PTL,S45G,0.82,0.49404391646385193
s669,ca,gnn_local,2024,2PTL,T19A,1.63,0.9589090347290039
s669,ca,gnn_local,2024,2PTL,T31A,1.17,0.23917679488658905
s669,ca,gnn_local,2024,2PTL,T33A,1.11,0.40179115533828735
s669,ca,gnn_local,2024,2PTL,T39A,1.25,0.7250668406486511
s669,ca,gnn_local,2024,2PTL,T44A,1.09,0.553349494934082
s669,ca,gnn_local,2024,2PTL,T53G,0.17,0.23094969987869263
s669,ca,gnn_local,2024,2PTL,T62A,0.97,0.3188798725605011
s669,ca,gnn_local,2024,2PTL,T71A,1.83,0.8560822606086731
s669,ca,gnn_local,2024,2PTL,V18A,1.22,1.3840581178665161
s669,ca,gnn_local,2024,2PTL,V63A,0.92,1.0889993906021118
s669,ca,gnn_local,2024,2PTL,V65A,1.14,1.3401191234588623
s669,ca,gnn_local,2024,2PTL,Y48A,2.82,0.7774735689163208
s669,ca,gnn_local,2024,2PTL,Y50A,2.46,0.578079104423523
s669,ca,gnn_local,2024,2PTL,Y70A,1.66,1.2265373468399048
s669,ca,gnn_local,2024,2PTL,Y70L,-0.43,0.5463187098503113
s669,ca,gnn_local,2024,2RPN,E7L,-1.05,0.36060333251953125
s669,ca,gnn_local,2024,2RPN,V21K,-0.39,1.3744683265686035
s669,ca,gnn_local,2024,2WQG,D15A,-0.3,0.4121595621109009
s669,ca,gnn_local,2024,2WQG,D38A,-0.1,0.7475477457046509
s669,ca,gnn_local,2024,2WQG,D39A,2.2,0.7703021764755249
s669,ca,gnn_local,2024,2WQG,D39N,2.6,1.0522329807281494
s669,ca,gnn_local,2024,2WQG,E40Q,0.1,0.9078660011291504
s669,ca,gnn_local,2024,2WQG,E41G,0.4,0.842418909072876
s669,ca,gnn_local,2024,2WQG,I36A,0.9,1.8926551342010498
s669,ca,gnn_local,2024,2WQG,I36V,0.3,1.4856270551681519
s669,ca,gnn_local,2024,2WQG,K14A,0.4,0.8960642218589783
s669,ca,gnn_local,2024,2WQG,K14G,1.9,0.9905325770378113
s669,ca,gnn_local,2024,2WQG,K19A,0.3,0.48187530040740967
s669,ca,gnn_local,2024,2WQG,K28A,0.6,0.9725526571273804
s669,ca,gnn_local,2024,2WQG,L13A,0.5,2.0178182125091553
s669,ca,gnn_local,2024,2WQG,L16A,1.3,1.3946125507354736
s669,ca,gnn_local,2024,2WQG,L8A,2.0,1.5089845657348633
s669,ca,gnn_local,2024,2WQG,Q12A,0.6,0.44874727725982666
s669,ca,gnn_local,2024,2WQG,Q12G,2.0,0.6105080246925354
s669,ca,gnn_local,2024,2WQG,Q33A,-0.1,0.7449120283126831
s669,ca,gnn_local,2024,2WQG,R34A,0.8,0.815578281879425
s669,ca,gnn_local,2024,2WQG,S23A,0.6,0.47759678959846497
s669,ca,gnn_local,2024,2WQG,S6A,-0.1,0.5493039488792419
s669,ca,gnn_local,2024,2WQG,S6G,0.2,0.7754628658294678
s669,ca,gnn_local,2024,2WQG,T9S,-0.1,0.8434929847717285
s669,ca,gnn_local,2024,2WQG,V10A,0.1,1.4041770696640015
s669,ca,gnn_local,2024,2WQG,V10G,0.7,1.621922492980957
s669,ca,gnn_local,2024,2WQG,V11A,-0.4,1.121917724609375
s669,ca,gnn_local,2024,2WQG,V11G,-0.1,1.3231922388076782
s669,ca,gnn_local,2024,2WQG,V24A,0.5,1.2194337844848633
s669,ca,gnn_local,2024,2WQG,Y5F,2.4,0.797670304775238
s669,ca,gnn_local,2024,2ZTA,E11Q,0.74,0.5514076948165894
s669,ca,gnn_local,2024,2ZTA,E20Q,-0.2,0.42863187193870544
s669,ca,gnn_local,2024,2ZTA,E22Q,1.83,0.4262043833732605
s669,ca,gnn_local,2024,2ZTA,K15A,0.41,0.36697232723236084
s669,ca,gnn_local,2024,2ZTA,K27A,0.91,-0.04945432022213936
s669,ca,gnn_local,2024,2ZTA,K28A,0.06,-0.1725383996963501
s669,ca,gnn_local,2024,2ZTA,K8A,0.39,0.6387709379196167
s669,ca,gnn_local,2024,2ZTA,R25A,1.66,0.18488748371601105
s669,ca,gnn_local,2024,3BN0,I20V,1.506,1.6093326807022095
s669,ca,gnn_local,2024,3C2I,F155S,-0.43,1.7814817428588867
s669,ca,gnn_local,2024,3C2I,T158A,-0.47,1.0084788799285889
s669,ca,gnn_local,2024,3C2I,T158M,-0.25,0.6246126294136047
s669,ca,gnn_local,2024,3FIS,P61A,0.5,0.48669540882110596
s669,ca,gnn_local,2024,3G1G,D155Y,-0.34,-0.1820230484008789
s669,ca,gnn_local,2024,3G1G,F167Y,0.74,2.0682601928710938
s669,ca,gnn_local,2024,3G1G,I190V,0.17,1.7435436248779297
s669,ca,gnn_local,2024,3G1G,R185W,-1.32,0.5213543176651001
s669,ca,gnn_local,2024,3K82,E334L,3.35,-0.2577267289161682
s669,ca,gnn_local,2024,3K82,E334Q,1.68,0.2667790949344635
s669,ca,gnn_local,2024,3K82,E401R,-5.49,0.30167755484580994
s669,ca,gnn_local,2024,3MON,R39G,-1.194,0.03985823318362236
s669,ca,gnn_local,2024,3MON,W3C,2.866,0.6107381582260132
s669,ca,gnn_local,2024,3O39,L32P,3.25,1.4585785865783691
s669,ca,gnn_local,2024,3S92,H395R,-2.03,1.314640760421753
s669,ca,gnn_local,2024,4N6V,H75W,-0.574,-0.24510496854782104
s669,ca,gnn_local,2024,4N6V,P36G,1.362,0.06832743436098099
s669,ca,gnn_local,2024,4N6V,P79S,-1.745,0.02716514840722084
s669,ca,gnn_local,2024,4YEE,V134T,0.71,1.1400749683380127
s669,ca,gnn_local,2024,4YEF,T134V,0.93,0.3023934066295624
s669,ca,gnn_local,2024,5JXB,D329G,1.44,-0.20053744316101074
s669,ca,gnn_local,2024,5JXB,D329P,1.44,-0.139834925532341
s669,ca,gnn_local,2024,1A0F,S11A,1.8,1.037917137145996
s669,ca,gnn_local,2024,1A7V,A104H,2.69,1.1238785982131958
s669,ca,gnn_local,2024,1A7V,A66H,1.98,0.48539626598358154
s669,ca,gnn_local,2024,1A7V,A91H,1.7,1.4490511417388916
s669,ca,gnn_local,2024,1A7V,D3H,1.36,0.4514663815498352
s669,ca,gnn_local,2024,1A7V,D58H,2.05,0.11946350336074829
s669,ca,gnn_local,2024,1A7V,E73H,3.01,0.5631015300750732
s669,ca,gnn_local,2024,1A7V,K13H,0.6,0.7386983633041382
s669,ca,gnn_local,2024,1A7V,K20H,2.88,0.8953641653060913
s669,ca,gnn_local,2024,1A7V,K31H,1.36,0.6816954016685486
s669,ca,gnn_local,2024,1A7V,K39H,1.86,0.9798216223716736
s669,ca,gnn_local,2024,1A7V,K49H,2.02,1.0161219835281372
s669,ca,gnn_local,2024,1A7V,K84H,2.88,1.0775675773620605
s669,ca,gnn_local,2024,1A7V,K97H,1.97,0.8827934861183167
s669,ca,gnn_local,2024,1BNL,D76A,0.821,0.2844741642475128
s669,ca,gnn_local,2024,1DIV,D23A,0.46,-0.24736499786376953
s669,ca,gnn_local,2024,1DIV,D23N,0.58,0.06696762144565582
s669,ca,gnn_local,2024,1DIV,D8N,0.3,-0.058597397059202194
s669,ca,gnn_local,2024,1DIV,E100A,0.98,0.21069560945034027
s669,ca,gnn_local,2024,1DIV,E100G,1.52,0.2993421256542206
s669,ca,gnn_local,2024,1DIV,E17Q,0.21,0.11220480501651764
s669,ca,gnn_local,2024,1DIV,E38Q,0.56,0.34823787212371826
s669,ca,gnn_local,2024,1DIV,E48Q,-0.03,0.45852088928222656
s669,ca,gnn_local,2024,1DIV,E54Q,-0.33,0.6046110391616821
s669,ca,gnn_local,2024,1DIV,H106Q,1.53,0.48097652196884155
s669,ca,gnn_local,2024,1DIV,I115A,3.52,1.1533398628234863
s669,ca,gnn_local,2024,1DIV,I4A,2.22,1.717545747756958
s669,ca,gnn_local,2024,1DIV,I4V,0.59,1.1550745964050293
s669,ca,gnn_local,2024,1DIV,I79A,3.49,1.3380045890808105
s669,ca,gnn_local,2024,1DIV,I93A,3.19,1.2966219186782837
s669,ca,gnn_local,2024,1DIV,I98A,4.28,1.7976195812225342
s669,ca,gnn_local,2024,1DIV,K10M,-0.05,-0.5957292318344116
s669,ca,gnn_local,2024,1DIV,K14M,-0.01,-0.13843563199043274
s669,ca,gnn_local,2024,1DIV,K15M,0.31,-0.016673732548952103
s669,ca,gnn_local,2024,1DIV,K7M,-0.35,-0.11050467193126678
s669,ca,gnn_local,2024,1DIV,K96A,-0.61,0.12983600795269012
s669,ca,gnn_local,2024,1DIV,K96G,0.2,0.238953098654747
s669,ca,gnn_local,2024,1DIV,L102A,2.37,1.4260828495025635
s669,ca,gnn_local,2024,1DIV,L108A,2.33,0.7166486978530884
s669,ca,gnn_local,2024,1DIV,L110A,3.21,0.9089083075523376
s669,ca,gnn_local,2024,1DIV,L117A,0.82,0.44664090871810913
s669,ca,gnn_local,2024,1DIV,L30A,2.76,1.1828769445419312
s669,ca,gnn_local,2024,1DIV,L30V,3.62,0.7758048176765442
s669,ca,gnn_local,2024,1DIV,L6A,3.1,1.138086199760437
s669,ca,gnn_local,2024,1DIV,L6I,0.13,0.35841232538223267
s669,ca,gnn_local,2024,1DIV,L6V,0.41,0.5947012901306152
s669,ca,gnn_local,2024,1DIV,L72A,3.77,1.1179643869400024
s669,ca,gnn_local,2024,1DIV,M1A,1.46,0.3851000964641571
s669,ca,gnn_local,2024,1DIV,M1G,2.36,0.8939918875694275
s669,ca,gnn_local,2024,1DIV,V21A,2.33,0.8744498491287231
s669,ca,gnn_local,2024,1DIV,V21I,0.4,0.1387849748134613
s669,ca,gnn_local,2024,1DIV,V21L,1.23,0.2868378162384033
s669,ca,gnn_local,2024,1DIV,V3A,2.55,1.3450292348861694
s669,ca,gnn_local,2024,1DIV,V3I,0.31,0.5180832743644714
s669,ca,gnn_local,2024,1DIV,V3L,2.21,0.729311466217041
s669,ca,gnn_local,2024,1DXX,K18N,3.7,0.620404064655304
s669,ca,gnn_local,2024,1FH5,S18N,-0.6,1.4551489353179932
s669,ca,gnn_local,2024,1FT8,L212V,1.38,1.0104795694351196
s669,ca,gnn_local,2024,1FT8,L238I,0.35,-0.16982445120811462
s669,ca,gnn_local,2024,1FT8,M216L,-0.27,0.4760259985923767
s669,ca,gnn_local,2024,1GWY,A8D,1.6,1.7613621950149536
s669,ca,gnn_local,2024,1ITM,C24T,3.3,1.11929452419281
s669,ca,gnn_local,2024,1ITM,C3T,5.0,0.4649738669395447
s669,ca,gnn_local,2024,1ITM,W91S,-1.4,1.1291189193725586
s669,ca,gnn_local,2024,1JLV,E64D,1.162,0.8282685875892639
s669,ca,gnn_local,2024,1JLV,E64N,2.3040000000000003,0.8068470358848572
s669,ca,gnn_local,2024,1JLV,E64Q,2.302,0.7952304482460022
s669,ca,gnn_local,2024,1LVM,E106G,-1.4,0.8097560405731201
s669,ca,gnn_local,2024,1LVM,K45F,-0.43,0.3809705078601837
s669,ca,gnn_local,2024,1LVM,L56V,-0.0,0.9870982766151428
s669,ca,gnn_local,2024,1LVM,Q58F,-0.6,-0.011657174676656723
s669,ca,gnn_local,2024,1N18,E100G,2.5,0.40699759125709534
s669,ca,gnn_local,2024,1N18,G85R,1.4,0.8216302394866943
s669,ca,gnn_local,2024,1N18,H46R,-1.4,1.2235174179077148
s669,ca,gnn_local,2024,1O1U,E110A,3.3,0.5012975335121155
s669,ca,gnn_local,2024,1O1U,N61A,1.2,0.5234870910644531
s669,ca,gnn_local,2024,1O1U,Q51A,0.3,0.5973272323608398
s669,ca,gnn_local,2024,1O1U,Q99A,-0.3,0.6543519496917725
s669,ca,gnn_local,2024,1O1U,T38A,1.2,1.0293681621551514
s669,ca,gnn_local,2024,1O1U,W49Y,1.2,1.4511728286743164
s669,ca,gnn_local,2024,1OSI,I11V,0.05,1.1178054809570312
s669,ca,gnn_local,2024,1OSI,S92F,-0.39,0.5497787594795227
s669,ca,gnn_local,2024,1OSI,V15I,0.78,1.0501526594161987
s669,ca,gnn_local,2024,1PFL,A20T,1.53,2.1989800930023193
s669,ca,gnn_local,2024,1PFL,G117V,1.96,0.38136136531829834
s669,ca,gnn_local,2024,1PFL,M113T,3.53,2.3181869983673096
s669,ca,gnn_local,2024,1PFL,T108M,-0.07,0.591166079044342
s669,ca,gnn_local,2024,1PRG,Q286P,0.3,0.986322283744812
s669,ca,gnn_local,2024,1PRG,R288H,-0.06,0.7942787408828735
s669,ca,gnn_local,2024,1PRG,V290M,-0.03,1.2546812295913696
s669,ca,gnn_local,2024,1SPD,C111S,-0.8,1.4101814031600952
s669,ca,gnn_local,2024,1SPD,C6A,-0.1,0.7855684757232666
s669,ca,gnn_local,2024,1XWS,E124Q,2.9,1.3360034227371216
s669,ca,gnn_local,2024,1XWS,E135K,4.59,0.5556200742721558
s669,ca,gnn_local,2024,1XWS,E142D,3.22,0.7795016169548035
s669,ca,gnn_local,2024,1XWS,Y53H,3.3,1.6282298564910889
s669,ca,gnn_local,2024,1XXN,N32D,0.86,0.4428955912590027
s669,ca,gnn_local,2024,1XXN,N54E,0.645,0.3398253321647644
s669,ca,gnn_local,2024,1XXN,S22E,-0.239,0.5108321309089661
s669,ca,gnn_local,2024,1XXN,S27E,0.645,0.9546205997467041
s669,ca,gnn_local,2024,1XZO,F42W,-2.87,1.1758122444152832
s669,ca,gnn_local,2024,1XZO,W101F,2.89,0.5123357176780701
s669,ca,gnn_local,2024,1XZO,W36A,8.93,0.9228495359420776
s669,ca,gnn_local,2024,1XZO,W36F,4.25,0.45707541704177856
s669,ca,gnn_local,2024,2ARF,H1069Q,0.7170000000000001,1.4159541130065918
s669,ca,gnn_local,2024,2H3F,E12A,-1.07,0.3259608745574951
s669,ca,gnn_local,2024,2JIE,H104R,-1.536,0.46717962622642517
s669,ca,gnn_local,2024,2JIE,Q22S,0.209,0.6311137676239014
s669,ca,gnn_local,2024,2JIE,S17A,1.246,0.15166820585727692
s669,ca,gnn_local,2024,2JIE,S19A,-0.951,0.39785534143447876
s669,ca,gnn_local,2024,2JIE,T18A,0.994,0.29808416962623596
s669,ca,gnn_local,2024,2JIE,W123F,-2.19,-0.43159568309783936
s669,ca,gnn_local,2024,2JIE,W123H,-1.06,-0.08007270097732544
s669,ca,gnn_local,2024,2JIE,Y21A,3.443,0.6230483651161194
s669,ca,gnn_local,2024,2KS4,D9A,-1.26,0.440400630235672
s669,ca,gnn_local,2024,2KS4,E2A,0.23,0.25223734974861145
s669,ca,gnn_local,2024,2LTB,L558P,1.57,2.0541560649871826
s669,ca,gnn_local,2024,2LTB,L569R,3.11,1.8768359422683716
s669,ca,gnn_local,2024,2LTB,M619K,3.34,0.3028278350830078
s669,ca,gnn_local,2024,2LTB,R533Q,1.1,0.6834927797317505
s669,ca,gnn_local,2024,2LTB,R555Q,0.36,1.5510107278823853
s669,ca,gnn_local,2024,2LTB,R555W,-1.79,0.7892294526100159
s669,ca,gnn_local,2024,2M5S,D302A,4.0,0.5185599327087402
s669,ca,gnn_local,2024,2M5S,H305A,2.0,1.6593703031539917
s669,ca,gnn_local,2024,2NTE,R658C,2.3,1.2845110893249512
s669,ca,gnn_local,2024,2PR5,A33Y,-0.5,0.29278841614723206
s669,ca,gnn_local,2024,2PR5,A81M,0.4,0.747494101524353
s669,ca,gnn_local,2024,2PR5,D109E,-0.3,1.183058261871338
s669,ca,gnn_local,2024,2PR5,H22K,-0.3,-0.21817165613174438
s669,ca,gnn_local,2024,2PR5,H22W,-1.2,-0.3972775340080261
s669,ca,gnn_local,2024,2PR5,M111F,-2.9,0.7239766120910645
s669,ca,gnn_local,2024,2PR5,N107F,-0.9,0.3430336117744446
s669,ca,gnn_local,2024,2PR5,N107Y,-0.8,0.761246919631958
s669,ca,gnn_local,2024,2PR5,N124F,-1.1,0.3635714054107666
s669,ca,gnn_local,2024,2PR5,N124Y,-2.6,0.5673094987869263
s669,ca,gnn_local,2024,2PR5,T30M,-0.5,0.7654292583465576
s669,ca,gnn_local,2024,2PR5,T50M,0.5,0.5543068051338196
s669,ca,gnn_local,2024,2PR5,T54Y,-0.2,0.6353358030319214
s669,ca,gnn_local,2024,2PR5,V120I,-1.4,1.197953701019287
s669,ca,gnn_local,2024,2PR5,V25I,-0.4,0.9305862188339233
s669,ca,gnn_local,2024,2PR5,V88L,0.2,0.884892463684082
s669,ca,gnn_local,2024,2PR5,V90I,0.7,0.8746118545532227
s669,ca,gnn_local,2024,2VY0,E53A,6.597,0.12950490415096283
s669,ca,gnn_local,2024,3BCI,E96Q,-1.369,1.0133203268051147
s669,ca,gnn_local,2024,3D3B,D118A,0.65,-0.04525739327073097
s669,ca,gnn_local,2024,3D3B,D118E,0.6,0.29369616508483887
s669,ca,gnn_local,2024,3D3B,D118K,1.6,0.12172453105449677
s669,ca,gnn_local,2024,3D3B,D118N,1.34,0.2539406716823578
s669,ca,gnn_local,2024,3D3B,D118R,1.41,0.1508888155221939
s669,ca,gnn_local,2024,3ECU,H46R,-0.8,1.1373255252838135
s669,ca,gnn_local,2024,3S4M,D122Y,1.3,0.4242069721221924
s669,ca,gnn_local,2024,3S4M,G130V,2.5,0.1917254626750946
s669,ca,gnn_local,2024,3S4M,I154F,-0.096,1.183772087097168
s669,ca,gnn_local,2024,3S4M,W155R,0.693,1.547625184059143
s669,ca,gnn_local,2024,4BJX,A89V,-0.99,0.7090390920639038
s669,ca,gnn_local,2024,4BUQ,Y48A,1.435,1.2531585693359375
s669,ca,gnn_local,2024,4WAA,K65A,-0.1,0.13308508694171906
s669,ca,gnn_local,2024,4WAA,K67A,2.07,0.2181464582681656
s669,ca,gnn_local,2024,4WAA,R27A,0.44,0.6144198775291443
s669,ca,gnn_local,2024,5VP3,R39K,-0.413,0.6699477434158325
s669,ca,gnn_local,2024,1BA3,H461D,1.745,0.9759265184402466
s669,ca,gnn_local,2024,1BA3,H489D,-0.287,0.5264996290206909
s669,ca,gnn_local,2024,1BA3,H489K,0.287,0.28109127283096313
s669,ca,gnn_local,2024,1BA3,H489M,0.263,-0.060311052948236465
s669,ca,gnn_local,2024,1DIV,V129A,1.81,0.48036399483680725
s669,ca,gnn_local,2024,1F8I,F345A,0.455,0.858542799949646
s669,ca,gnn_local,2024,1FT8,L349I,-0.05,0.2540525794029236
s669,ca,gnn_local,2024,1LVM,S135G,-0.0,0.736258327960968
s669,ca,gnn_local,2024,1NM1,D187N,0.88,0.8853320479393005
s669,ca,gnn_local,2024,1NM1,D187Y,1.9,0.4779213070869446
s669,ca,gnn_local,2024,1PRE,C159S,2.4,0.8971102237701416
s669,ca,gnn_local,2024,1R2Y,R244E,4.2,1.5635783672332764
s669,ca,gnn_local,2024,1XXN,N181R,-0.358,0.5645954608917236
s669,ca,gnn_local,2024,3D2A,M134E,-3.02,1.3916444778442383
s669,ca,gnn_local,2024,3D2A,M137P,-3.34,0.9746537208557129
s669,ca,gnn_local,2024,3D2A,S163P,-2.11,0.569962739944458
s669,ca,gnn_local,2024,5OAQ,Y429H,2.99,-0.006795797497034073
s669,ca,gnn_edge,42,1BFM,M35W,0.7,0.8185993432998657
s669,ca,gnn_edge,42,1BFM,M35Y,0.4,0.8559757471084595
s669,ca,gnn_edge,42,1D5G,H71Y,0.04,0.26847195625305176
s669,ca,gnn_edge,42,1D5G,I20F,-0.91,0.9641337394714355
s669,ca,gnn_edge,42,1EKG,L198C,1.0,0.2797129154205322
s669,ca,gnn_edge,42,1EKG,L200C,2.0,0.40947553515434265
s669,ca,gnn_edge,42,1EKG,L203C,-1.0,0.6076697111129761
s669,ca,gnn_edge,42,1EKG,S181F,2.6,0.3035752773284912
s669,ca,gnn_edge,42,1FRD,H42R,-4.0,-0.09666676819324493
s669,ca,gnn_edge,42,1FXA,E94D,1.1,0.664483904838562
s669,ca,gnn_edge,42,1FXA,E94K,0.4,0.4040074944496155
s669,ca,gnn_edge,42,1FXA,E94Q,-0.6,0.6031508445739746
s669,ca,gnn_edge,42,1FXA,E95K,-1.0,0.3051496148109436
s669,ca,gnn_edge,42,1FXA,F65A,1.0,1.7626895904541016
s669,ca,gnn_edge,42,1FXA,F65I,0.9,0.456741064786911
s669,ca,gnn_edge,42,1FXA,F65W,0.6,0.7165928483009338
s669,ca,gnn_edge,42,1FXA,F65Y,0.5,0.6656848192214966
s669,ca,gnn_edge,42,1FXA,R42A,2.4,0.2942427694797516
s669,ca,gnn_edge,42,1FXA,R42H,1.4,1.0671888589859009
s669,ca,gnn_edge,42,1FXA,T48A,-0.1,1.0747755765914917
s669,ca,gnn_edge,42,1GLU,C500A,1.22,2.538447380065918
s669,ca,gnn_edge,42,1GUA,A118G,1.963,2.073117733001709
s669,ca,gnn_edge,42,1GUA,A118L,1.951,0.7474156618118286
s669,ca,gnn_edge,42,1GUA,A85G,2.149,1.0765303373336792
s669,ca,gnn_edge,42,1GUA,A97G,0.863,2.040644645690918
s669,ca,gnn_edge,42,1GUA,C81A,-0.283,2.423522472381592
s669,ca,gnn_edge,42,1GUA,C81I,0.912,0.5120609998703003
s669,ca,gnn_edge,42,1GUA,C95A,0.08,0.7627308368682861
s669,ca,gnn_edge,42,1GUA,C96A,1.759,1.1620187759399414
s669,ca,gnn_edge,42,1GUA,C96L,0.043,0.6509323120117188
s669,ca,gnn_edge,42,1GUA,C96M,0.337,0.6896333694458008
s669,ca,gnn_edge,42,1GUA,D117A,0.706,-0.0057990048080682755
s669,ca,gnn_edge,42,1GUA,D129A,0.855,0.24211902916431427
s669,ca,gnn_edge,42,1GUA,D80A,0.493,0.3003377616405487
s669,ca,gnn_edge,42,1GUA,E104A,-0.021,0.3584950566291809
s669,ca,gnn_edge,42,1GUA,E124A,0.101,0.44482216238975525
s669,ca,gnn_edge,42,1GUA,E125A,0.591,0.8257445096969604
s669,ca,gnn_edge,42,1GUA,I58A,3.274,2.8153083324432373
s669,ca,gnn_edge,42,1GUA,I58F,1.2990000000000002,1.7163013219833374
s669,ca,gnn_edge,42,1GUA,I58L,0.7709999999999999,1.439426302909851
s669,ca,gnn_edge,42,1GUA,K109A,0.327,0.6574603319168091
s669,ca,gnn_edge,42,1GUA,L112A,2.593,1.7840193510055542
s669,ca,gnn_edge,42,1GUA,L121A,2.5340000000000003,1.2333639860153198
s669,ca,gnn_edge,42,1GUA,L126A,3.405,3.0421903133392334
s669,ca,gnn_edge,42,1GUA,L62A,3.46,2.561471462249756
s669,ca,gnn_edge,42,1GUA,L78A,3.803,3.2755184173583984
s669,ca,gnn_edge,42,1GUA,L82A,3.529,2.2890233993530273
s669,ca,gnn_edge,42,1GUA,L82I,1.6,0.5980473160743713
s669,ca,gnn_edge,42,1GUA,L82V,1.7,1.2577024698257446
s669,ca,gnn_edge,42,1GUA,L86A,3.2260000000000004,2.081916570663452
s669,ca,gnn_edge,42,1GUA,L91A,1.575,1.4355155229568481
s669,ca,gnn_edge,42,1GUA,M76A,0.961,3.3761749267578125
s669,ca,gnn_edge,42,1GUA,N56M,-0.271,0.2099485546350479
s669,ca,gnn_edge,42,1GUA,N64A,1.14,0.4920285940170288
s669,ca,gnn_edge,42,1GUA,P63A,1.7080000000000002,0.8720962405204773
s669,ca,gnn_edge,42,1GUA,P93A,0.0819999999999999,1.2879185676574707
s669,ca,gnn_edge,42,1GUA,Q66A,0.504,0.7610405087471008
s669,ca,gnn_edge,42,1GUA,R100A,0.693,0.8307055830955505
s669,ca,gnn_edge,42,1GUA,R59A,-0.178,0.9469916820526123
s669,ca,gnn_edge,42,1GUA,R89L,-1.078,-0.29175102710723877
s669,ca,gnn_edge,42,1GUA,S77A,1.5730000000000002,2.210117816925049
s669,ca,gnn_edge,42,1GUA,S77T,-0.581,1.9925510883331299
s669,ca,gnn_edge,42,1GUA,T68A,0.109,1.635676622390747
s669,ca,gnn_edge,42,1GUA,V128A,3.3680000000000003,2.6226587295532227
s669,ca,gnn_edge,42,1GUA,V60A,2.251,3.058816909790039
s669,ca,gnn_edge,42,1GUA,V69A,1.116,1.5815134048461914
s669,ca,gnn_edge,42,1GUA,V70A,1.77,2.7350642681121826
s669,ca,gnn_edge,42,1GUA,V72A,1.052,2.23726749420166
s669,ca,gnn_edge,42,1GUA,V72I,0.8640000000000001,0.7087259888648987
s669,ca,gnn_edge,42,1GUA,V98A,1.981,3.3862743377685547
s669,ca,gnn_edge,42,1H0X,P18A,1.936,0.1146506518125534
s669,ca,gnn_edge,42,1H0X,P62A,2.5810000000000004,0.8990375399589539
s669,ca,gnn_edge,42,1HCQ,C67A,2.09,2.1789345741271973
s669,ca,gnn_edge,42,1HCQ,C67S,1.99,2.389735221862793
s669,ca,gnn_edge,42,1IOJ,G15A,-0.4,1.1848341226577759
s669,ca,gnn_edge,42,1IV7,A173C,-0.5,0.6423560380935669
s669,ca,gnn_edge,42,1IV7,F189C,2.5,0.8501614332199097
s669,ca,gnn_edge,42,1IV7,L162C,1.9,1.8274261951446533
s669,ca,gnn_edge,42,1IV9,S76Y,-4.299,0.6558695435523987
s669,ca,gnn_edge,42,1J8I,K25A,-0.1,1.4081372022628784
s669,ca,gnn_edge,42,1J8I,K66A,-0.1,1.0680652856826782
s669,ca,gnn_edge,42,1J8I,R23A,-0.8,0.49089598655700684
s669,ca,gnn_edge,42,1J8I,R35A,0.1,0.7890866994857788
s669,ca,gnn_edge,42,1J8I,R43A,-0.7,0.3030652105808258
s669,ca,gnn_edge,42,1J8I,R9A,0.1,0.49900510907173157
s669,ca,gnn_edge,42,1JL9,A25C,1.44,0.31296977400779724
s669,ca,gnn_edge,42,1L6H,F39A,1.6969999999999998,3.768923759460449
s669,ca,gnn_edge,42,1L6H,Y45A,0.55,2.6280503273010254
s669,ca,gnn_edge,42,1L6H,Y48A,1.482,1.422075629234314
s669,ca,gnn_edge,42,1N88,F21A,1.39,1.9441516399383545
s669,ca,gnn_edge,42,1N88,I39A,1.39,2.0288660526275635
s669,ca,gnn_edge,42,1N88,I80A,2.79,1.587653636932373
s669,ca,gnn_edge,42,1N88,I89A,2.35,1.95598304271698
s669,ca,gnn_edge,42,1N88,I8V,1.52,1.4611833095550537
s669,ca,gnn_edge,42,1N88,L13A,1.52,1.683375358581543
s669,ca,gnn_edge,42,1N88,L57A,1.11,0.5150802135467529
s669,ca,gnn_edge,42,1N88,V12A,1.94,1.736188530921936
s669,ca,gnn_edge,42,1N88,V30A,2.84,2.0674631595611572
s669,ca,gnn_edge,42,1N88,V43A,2.82,2.3058509826660156
s669,ca,gnn_edge,42,1N88,V49A,2.83,1.4367092847824097
s669,ca,gnn_edge,42,1N88,V51A,3.24,1.9573030471801758
s669,ca,gnn_edge,42,1N88,V54A,3.73,1.6313639879226685
s669,ca,gnn_edge,42,1N88,V81A,2.82,2.1671547889709473
s669,ca,gnn_edge,42,1N88,V83A,3.1,2.098062515258789
s669,ca,gnn_edge,42,1N88,Y18A,-0.06,0.9649907946586609
s669,ca,gnn_edge,42,1N88,Y26A,4.61,2.4231128692626953
s669,ca,gnn_edge,42,1O6X,A31G,1.2,1.0569435358047485
s669,ca,gnn_edge,42,1O6X,A50G,1.4,2.122283935546875
s669,ca,gnn_edge,42,1O6X,D38A,-0.36,0.3390744924545288
s669,ca,gnn_edge,42,1O6X,E14A,0.3,0.3356402516365051
s669,ca,gnn_edge,42,1O6X,E20G,1.42,0.9105768203735352
s669,ca,gnn_edge,42,1O6X,F39L,1.88,1.4633947610855103
s669,ca,gnn_edge,42,1O6X,F65A,0.98,1.6793018579483032
s669,ca,gnn_edge,42,1O6X,H51A,0.61,1.1273466348648071
s669,ca,gnn_edge,42,1O6X,I15V,0.43,1.0391688346862793
s669,ca,gnn_edge,42,1O6X,I23V,-0.42,1.2685455083847046
s669,ca,gnn_edge,42,1O6X,I71V,1.31,1.5742474794387817
s669,ca,gnn_edge,42,1O6X,I75A,1.31,2.266486167907715
s669,ca,gnn_edge,42,1O6X,K41A,1.98,0.6311614513397217
s669,ca,gnn_edge,42,1O6X,L26V,0.97,0.850828230381012
s669,ca,gnn_edge,42,1O6X,N58A,0.08,0.7160170078277588
s669,ca,gnn_edge,42,1O6X,Q60G,0.49,0.6435496807098389
s669,ca,gnn_edge,42,1O6X,V12A,1.1,2.6436634063720703
s669,ca,gnn_edge,42,1O6X,V52A,1.08,2.616295337677002
s669,ca,gnn_edge,42,1O6X,V64G,1.1,2.5477051734924316
s669,ca,gnn_edge,42,1O6X,Y73L,2.78,0.8164751529693604
s669,ca,gnn_edge,42,1R6R,I88N,0.13,1.6622384786605835
s669,ca,gnn_edge,42,1R6R,L50S,2.81,0.002014538273215294
s669,ca,gnn_edge,42,1R6R,L54S,0.24,0.25832703709602356
s669,ca,gnn_edge,42,1R6R,L81N,6.84,1.4379256963729858
s669,ca,gnn_edge,42,2BJD,V84D,4.493,2.7157068252563477
s669,ca,gnn_edge,42,2BJD,V84P,4.517,2.8558943271636963
s669,ca,gnn_edge,42,2BJD,Y86E,2.103,1.808276653289795
s669,ca,gnn_edge,42,2C9Q,Y79F,0.012,1.4486759901046753
s669,ca,gnn_edge,42,2C9Q,Y79W,1.233,1.669044017791748
s669,ca,gnn_edge,42,2CLR,H13F,-0.12,0.41846826672554016
s669,ca,gnn_edge,42,2CLR,H31F,-2.605,0.4867353141307831
s669,ca,gnn_edge,42,2CLR,H51F,1.912,0.2754768133163452
s669,ca,gnn_edge,42,2CLR,H84A,2.629,1.067419171333313
s669,ca,gnn_edge,42,2DVV,Q443H,-0.89,1.3420277833938599
s669,ca,gnn_edge,42,2DVV,R419W,0.02,0.5035690665245056
s669,ca,gnn_edge,42,2HBB,A22G,0.32,1.586999773979187
s669,ca,gnn_edge,42,2HBB,A26G,1.79,2.757162570953369
s669,ca,gnn_edge,42,2HBB,A36G,1.55,2.5445261001586914
s669,ca,gnn_edge,42,2HBB,A39G,1.59,1.1142295598983765
s669,ca,gnn_edge,42,2HBB,A42G,0.33,0.4034888744354248
s669,ca,gnn_edge,42,2HBB,A46G,0.55,0.4622005820274353
s669,ca,gnn_edge,42,2HBB,A49G,0.22,0.38737764954566956
s669,ca,gnn_edge,42,2HBB,D23A,0.03,0.18884652853012085
s669,ca,gnn_edge,42,2HBB,D23N,0.79,0.21790505945682526
s669,ca,gnn_edge,42,2HBB,D8A,1.3,0.4490649104118347
s669,ca,gnn_edge,42,2HBB,D8N,0.38,0.5122737884521484
s669,ca,gnn_edge,42,2HBB,E17A,1.69,0.45202380418777466
s669,ca,gnn_edge,42,2HBB,E17Q,0.33,0.6946505308151245
s669,ca,gnn_edge,42,2HBB,E38A,0.41,0.18584898114204407
s669,ca,gnn_edge,42,2HBB,E38Q,0.68,0.6388119459152222
s669,ca,gnn_edge,42,2HBB,E48Q,-0.07,0.4075741469860077
s669,ca,gnn_edge,42,2HBB,F31A,2.84,1.9430979490280151
s669,ca,gnn_edge,42,2HBB,F5L,1.15,1.2475041151046753
s669,ca,gnn_edge,42,2HBB,G24A,-0.02,0.7220865488052368
s669,ca,gnn_edge,42,2HBB,G34A,1.02,0.7978464365005493
s669,ca,gnn_edge,42,2HBB,I18A,2.05,1.2885061502456665
s669,ca,gnn_edge,42,2HBB,I18V,0.07,0.6383338570594788
s669,ca,gnn_edge,42,2HBB,I37A,1.28,2.738168478012085
s669,ca,gnn_edge,42,2HBB,I37V,-0.09,1.5771170854568481
s669,ca,gnn_edge,42,2HBB,I4V,0.59,1.4497334957122803
s669,ca,gnn_edge,42,2HBB,K10E,-0.13,0.4234541952610016
s669,ca,gnn_edge,42,2HBB,K10M,-0.47,0.2243622988462448
s669,ca,gnn_edge,42,2HBB,K12A,-0.61,0.3755531311035156
s669,ca,gnn_edge,42,2HBB,K12G,-0.03,0.4764300584793091
s669,ca,gnn_edge,42,2HBB,K12M,-1.8,0.224362313747406
s669,ca,gnn_edge,42,2HBB,K14A,0.73,0.9298214912414551
s669,ca,gnn_edge,42,2HBB,K14G,1.3,1.4575084447860718
s669,ca,gnn_edge,42,2HBB,K14M,0.34,0.3763037621974945
s669,ca,gnn_edge,42,2HBB,K15G,1.74,1.2017172574996948
s669,ca,gnn_edge,42,2HBB,K15M,0.44,0.42673152685165405
s669,ca,gnn_edge,42,2HBB,K7M,-0.21,0.3359687328338623
s669,ca,gnn_edge,42,2HBB,L30A,2.76,1.8372511863708496
s669,ca,gnn_edge,42,2HBB,L35A,1.21,2.785074472427368
s669,ca,gnn_edge,42,2HBB,L44A,1.73,0.8210635781288147
s669,ca,gnn_edge,42,2HBB,L47A,0.84,0.7386595010757446
s669,ca,gnn_edge,42,2HBB,L6A,3.1,1.992318034172058
s669,ca,gnn_edge,42,2HBB,M1A,1.46,1.1250483989715576
s669,ca,gnn_edge,42,2HBB,T40S,0.8,0.4225384593009949
s669,ca,gnn_edge,42,2HBB,V21A,2.33,1.8032506704330444
s669,ca,gnn_edge,42,2HBB,V3A,2.55,2.545073986053467
s669,ca,gnn_edge,42,2HBB,V9A,1.81,1.1125935316085815
s669,ca,gnn_edge,42,2JUC,C57D,2.54,1.5451574325561523
s669,ca,gnn_edge,42,2JUC,C57S,0.71,1.1768544912338257
s669,ca,gnn_edge,42,2JUC,R18A,1.75,0.38244885206222534
s669,ca,gnn_edge,42,2KJ3,D288A,-1.2,0.5425021648406982
s669,ca,gnn_edge,42,2KJ3,E272A,-1.9,1.0305424928665161
s669,ca,gnn_edge,42,2KJ3,G278A,0.8,1.4430367946624756
s669,ca,gnn_edge,42,2KJ3,K229A,-1.5,1.312179446220398
s669,ca,gnn_edge,42,2KJ3,L241A,-1.0,2.01098895072937
s669,ca,gnn_edge,42,2KJ3,S273A,-1.4,2.310790777206421
s669,ca,gnn_edge,42,2KJ3,V239A,-1.0,2.4425911903381348
s669,ca,gnn_edge,42,2KJ3,V264A,-1.0,1.8255914449691772
s669,ca,gnn_edge,42,2KJ3,V267A,-0.2,2.097421407699585
s669,ca,gnn_edge,42,2MPC,A89T,0.24,0.42127853631973267
s669,ca,gnn_edge,42,2MPC,R42A,-0.62,0.3614961504936218
s669,ca,gnn_edge,42,2MPC,R42W,-2.08,0.23501208424568176
s669,ca,gnn_edge,42,2N7Z,P88A,0.6,1.232702612876892
s669,ca,gnn_edge,42,2OUO,A420D,-0.44,0.944663941860199
s669,ca,gnn_edge,42,2PTL,A22G,2.43,2.821424722671509
s669,ca,gnn_edge,42,2PTL,A27P,-0.1,2.1387486457824707
s669,ca,gnn_edge,42,2PTL,A27V,0.83,0.6959935426712036
s669,ca,gnn_edge,42,2PTL,A34G,2.17,1.4565502405166626
s669,ca,gnn_edge,42,2PTL,A34V,-1.47,0.6304721236228943
s669,ca,gnn_edge,42,2PTL,A43G,2.54,2.8162505626678467
s669,ca,gnn_edge,42,2PTL,A47G,3.1,2.8917555809020996
s669,ca,gnn_edge,42,2PTL,A49G,1.32,1.8404251337051392
s669,ca,gnn_edge,42,2PTL,A51G,3.12,2.2465474605560303
s669,ca,gnn_edge,42,2PTL,A66G,0.49,2.1140952110290527
s669,ca,gnn_edge,42,2PTL,D52A,1.21,0.39704951643943787
s669,ca,gnn_edge,42,2PTL,D52G,2.14,0.9192817807197571
s669,ca,gnn_edge,42,2PTL,D64A,0.2,-0.010836878791451454
s669,ca,gnn_edge,42,2PTL,E35A,0.59,0.5654017329216003
s669,ca,gnn_edge,42,2PTL,E46G,1.19,1.6960219144821167
s669,ca,gnn_edge,42,2PTL,E46I,1.08,-0.13965696096420288
s669,ca,gnn_edge,42,2PTL,E60A,0.23,0.7108058929443359
s669,ca,gnn_edge,42,2PTL,F26A,3.12,2.3917603492736816
s669,ca,gnn_edge,42,2PTL,F26L,0.68,1.1195029020309448
s669,ca,gnn_edge,42,2PTL,F36A,4.15,2.2216684818267822
s669,ca,gnn_edge,42,2PTL,F36L,3.12,1.023942232131958
s669,ca,gnn_edge,42,2PTL,F40G,3.08,3.398892402648926
s669,ca,gnn_edge,42,2PTL,F40L,0.38,1.692036509513855
s669,ca,gnn_edge,42,2PTL,F76L,3.34,1.6370421648025513
s669,ca,gnn_edge,42,2PTL,F76V,3.73,1.8827720880508423
s669,ca,gnn_edge,42,2PTL,G29A,1.52,0.468807578086853
s669,ca,gnn_edge,42,2PTL,G29V,2.53,0.2805274724960327
s669,ca,gnn_edge,42,2PTL,G38A,2.08,1.7197428941726685
s669,ca,gnn_edge,42,2PTL,G59A,2.23,1.4737117290496826
s669,ca,gnn_edge,42,2PTL,G69A,2.04,1.3383177518844604
s669,ca,gnn_edge,42,2PTL,I20A,4.9,3.3230643272399902
s669,ca,gnn_edge,42,2PTL,I20V,0.56,2.2938144207000732
s669,ca,gnn_edge,42,2PTL,I25A,1.37,2.704206943511963
s669,ca,gnn_edge,42,2PTL,I25V,0.47,1.5599690675735474
s669,ca,gnn_edge,42,2PTL,I74A,4.72,3.473836660385132
s669,ca,gnn_edge,42,2PTL,I74V,1.69,2.4928033351898193
s669,ca,gnn_edge,42,2PTL,K21A,0.92,1.2314664125442505
s669,ca,gnn_edge,42,2PTL,K37A,0.88,1.7568246126174927
s669,ca,gnn_edge,42,2PTL,K42G,-0.16,0.8597548604011536
s669,ca,gnn_edge,42,2PTL,K55A,-0.58,0.7848478555679321
s669,ca,gnn_edge,42,2PTL,K56A,-0.35,0.3321608603000641
s669,ca,gnn_edge,42,2PTL,K68A,0.09,0.8859943151473999
s669,ca,gnn_edge,42,2PTL,K75A,0.45,1.7621761560440063
s669,ca,gnn_edge,42,2PTL,L24A,3.12,3.0319902896881104
s669,ca,gnn_edge,42,2PTL,L54A,2.44,1.630303978919983
s669,ca,gnn_edge,42,2PTL,L72A,3.77,2.7736520767211914
s669,ca,gnn_edge,42,2PTL,N23A,1.87,0.6443243622779846
s669,ca,gnn_edge,42,2PTL,N28A,1.78,0.17529673874378204
s669,ca,gnn_edge,42,2PTL,N58A,0.34,0.5592847466468811
s669,ca,gnn_edge,42,2PTL,N73A,1.73,0.8256649971008301
s669,ca,gnn_edge,42,2PTL,S30A,0.3,0.33773118257522583
s669,ca,gnn_edge,42,2PTL,S45A,-0.41,0.9611668586730957
s669,ca,gnn_edge,42,2PTL,S45G,0.82,0.9769535064697266
s669,ca,gnn_edge,42,2PTL,T19A,1.63,2.069884777069092
s669,ca,gnn_edge,42,2PTL,T31A,1.17,0.9390206336975098
s669,ca,gnn_edge,42,2PTL,T33A,1.11,1.0619593858718872
s669,ca,gnn_edge,42,2PTL,T39A,1.25,1.7322403192520142
s669,ca,gnn_edge,42,2PTL,T44A,1.09,2.1612329483032227
s669,ca,gnn_edge,42,2PTL,T53G,0.17,1.3956272602081299
s669,ca,gnn_edge,42,2PTL,T62A,0.97,1.7578965425491333
s669,ca,gnn_edge,42,2PTL,T71A,1.83,2.347238779067993
s669,ca,gnn_edge,42,2PTL,V18A,1.22,1.7753556966781616
s669,ca,gnn_edge,42,2PTL,V63A,0.92,2.5758795738220215
s669,ca,gnn_edge,42,2PTL,V65A,1.14,2.215541362762451
s669,ca,gnn_edge,42,2PTL,Y48A,2.82,2.9418275356292725
s669,ca,gnn_edge,42,2PTL,Y50A,2.46,2.0702414512634277
s669,ca,gnn_edge,42,2PTL,Y70A,1.66,3.0399060249328613
s669,ca,gnn_edge,42,2PTL,Y70L,-0.43,1.5049084424972534
s669,ca,gnn_edge,42,2RPN,E7L,-1.05,0.36238595843315125
s669,ca,gnn_edge,42,2RPN,V21K,-0.39,1.56265127658844
s669,ca,gnn_edge,42,2WQG,D15A,-0.3,1.083153486251831
s669,ca,gnn_edge,42,2WQG,D38A,-0.1,1.1404181718826294
s669,ca,gnn_edge,42,2WQG,D39A,2.2,0.9988539218902588
s669,ca,gnn_edge,42,2WQG,D39N,2.6,1.1760952472686768
s669,ca,gnn_edge,42,2WQG,E40Q,0.1,1.7384217977523804
s669,ca,gnn_edge,42,2WQG,E41G,0.4,1.7343270778656006
s669,ca,gnn_edge,42,2WQG,I36A,0.9,2.476738929748535
s669,ca,gnn_edge,42,2WQG,I36V,0.3,1.55262291431427
s669,ca,gnn_edge,42,2WQG,K14A,0.4,2.1789262294769287
s669,ca,gnn_edge,42,2WQG,K14G,1.9,3.290426254272461
s669,ca,gnn_edge,42,2WQG,K19A,0.3,1.5493665933609009
s669,ca,gnn_edge,42,2WQG,K28A,0.6,1.8296680450439453
s669,ca,gnn_edge,42,2WQG,L13A,0.5,5.0162034034729
s669,ca,gnn_edge,42,2WQG,L16A,1.3,3.227921962738037
s669,ca,gnn_edge,42,2WQG,L8A,2.0,2.791332244873047
s669,ca,gnn_edge,42,2WQG,Q12A,0.6,1.173913836479187
s669,ca,gnn_edge,42,2WQG,Q12G,2.0,2.1115942001342773
s669,ca,gnn_edge,42,2WQG,Q33A,-0.1,1.3657552003860474
s669,ca,gnn_edge,42,2WQG,R34A,0.8,1.734715461730957
s669,ca,gnn_edge,42,2WQG,S23A,0.6,1.1567482948303223
s669,ca,gnn_edge,42,2WQG,S6A,-0.1,1.8974496126174927
s669,ca,gnn_edge,42,2WQG,S6G,0.2,1.8998616933822632
s669,ca,gnn_edge,42,2WQG,T9S,-0.1,2.388709306716919
s669,ca,gnn_edge,42,2WQG,V10A,0.1,2.720569610595703
s669,ca,gnn_edge,42,2WQG,V10G,0.7,3.8066649436950684
s669,ca,gnn_edge,42,2WQG,V11A,-0.4,1.8357802629470825
s669,ca,gnn_edge,42,2WQG,V11G,-0.1,2.6130213737487793
s669,ca,gnn_edge,42,2WQG,V24A,0.5,2.6958768367767334
s669,ca,gnn_edge,42,2WQG,Y5F,2.4,1.7645763158798218
s669,ca,gnn_edge,42,2ZTA,E11Q,0.74,0.9150573015213013
s669,ca,gnn_edge,42,2ZTA,E20Q,-0.2,0.5516394376754761
s669,ca,gnn_edge,42,2ZTA,E22Q,1.83,0.682857871055603
s669,ca,gnn_edge,42,2ZTA,K15A,0.41,0.6345441937446594
s669,ca,gnn_edge,42,2ZTA,K27A,0.91,0.9714041948318481
s669,ca,gnn_edge,42,2ZTA,K28A,0.06,0.6873594522476196
s669,ca,gnn_edge,42,2ZTA,K8A,0.39,0.7857666611671448
s669,ca,gnn_edge,42,2ZTA,R25A,1.66,0.4488571882247925
s669,ca,gnn_edge,42,3BN0,I20V,1.506,1.3824020624160767
s669,ca,gnn_edge,42,3C2I,F155S,-0.43,2.5689709186553955
s669,ca,gnn_edge,42,3C2I,T158A,-0.47,1.3251100778579712
s669,ca,gnn_edge,42,3C2I,T158M,-0.25,0.6814422011375427
s669,ca,gnn_edge,42,3FIS,P61A,0.5,1.2325636148452759
s669,ca,gnn_edge,42,3G1G,D155Y,-0.34,0.1764388233423233
s669,ca,gnn_edge,42,3G1G,F167Y,0.74,2.054330825805664
s669,ca,gnn_edge,42,3G1G,I190V,0.17,2.2031478881835938
s669,ca,gnn_edge,42,3G1G,R185W,-1.32,0.5608342885971069
s669,ca,gnn_edge,42,3K82,E334L,3.35,0.02200966887176037
s669,ca,gnn_edge,42,3K82,E334Q,1.68,0.13859564065933228
s669,ca,gnn_edge,42,3K82,E401R,-5.49,0.23696336150169373
s669,ca,gnn_edge,42,3MON,R39G,-1.194,1.4538753032684326
s669,ca,gnn_edge,42,3MON,W3C,2.866,0.44014036655426025
s669,ca,gnn_edge,42,3O39,L32P,3.25,2.135284900665283
s669,ca,gnn_edge,42,3S92,H395R,-2.03,0.8856114149093628
s669,ca,gnn_edge,42,4N6V,H75W,-0.574,0.3101027011871338
s669,ca,gnn_edge,42,4N6V,P36G,1.362,0.9515230059623718
s669,ca,gnn_edge,42,4N6V,P79S,-1.745,0.39164790511131287
s669,ca,gnn_edge,42,4YEE,V134T,0.71,0.9546401500701904
s669,ca,gnn_edge,42,4YEF,T134V,0.93,0.6370323300361633
s669,ca,gnn_edge,42,5JXB,D329G,1.44,0.1564522385597229
s669,ca,gnn_edge,42,5JXB,D329P,1.44,0.30469366908073425
s669,ca,gnn_edge,42,1A0F,S11A,1.8,1.254315733909607
s669,ca,gnn_edge,42,1A7V,A104H,2.69,0.8334047794342041
s669,ca,gnn_edge,42,1A7V,A66H,1.98,0.2738092541694641
s669,ca,gnn_edge,42,1A7V,A91H,1.7,0.38673245906829834
s669,ca,gnn_edge,42,1A7V,D3H,1.36,0.2506270408630371
s669,ca,gnn_edge,42,1A7V,D58H,2.05,0.19041657447814941
s669,ca,gnn_edge,42,1A7V,E73H,3.01,0.9512431025505066
s669,ca,gnn_edge,42,1A7V,K13H,0.6,1.2099324464797974
s669,ca,gnn_edge,42,1A7V,K20H,2.88,0.6097559332847595
s669,ca,gnn_edge,42,1A7V,K31H,1.36,1.0709402561187744
s669,ca,gnn_edge,42,1A7V,K39H,1.86,1.034914255142212
s669,ca,gnn_edge,42,1A7V,K49H,2.02,1.7568904161453247
s669,ca,gnn_edge,42,1A7V,K84H,2.88,0.4242240786552429
s669,ca,gnn_edge,42,1A7V,K97H,1.97,1.1982340812683105
s669,ca,gnn_edge,42,1BNL,D76A,0.821,0.1771182417869568
s669,ca,gnn_edge,42,1DIV,D23A,0.46,0.14726105332374573
s669,ca,gnn_edge,42,1DIV,D23N,0.58,0.16342991590499878
s669,ca,gnn_edge,42,1DIV,D8N,0.3,0.5911315679550171
s669,ca,gnn_edge,42,1DIV,E100A,0.98,0.6423196792602539
s669,ca,gnn_edge,42,1DIV,E100G,1.52,1.136947512626648
s669,ca,gnn_edge,42,1DIV,E17Q,0.21,1.1911135911941528
s669,ca,gnn_edge,42,1DIV,E38Q,0.56,0.3056975305080414
s669,ca,gnn_edge,42,1DIV,E48Q,-0.03,0.8723381757736206
s669,ca,gnn_edge,42,1DIV,E54Q,-0.33,1.0274003744125366
s669,ca,gnn_edge,42,1DIV,H106Q,1.53,1.053144931793213
s669,ca,gnn_edge,42,1DIV,I115A,3.52,1.8098639249801636
s669,ca,gnn_edge,42,1DIV,I4A,2.22,3.210798740386963
s669,ca,gnn_edge,42,1DIV,I4V,0.59,1.9366248846054077
s669,ca,gnn_edge,42,1DIV,I79A,3.49,1.0982072353363037
s669,ca,gnn_edge,42,1DIV,I93A,3.19,0.7750354409217834
s669,ca,gnn_edge,42,1DIV,I98A,4.28,3.3110239505767822
s669,ca,gnn_edge,42,1DIV,K10M,-0.05,0.3302862346172333
s669,ca,gnn_edge,42,1DIV,K14M,-0.01,0.5093687176704407
s669,ca,gnn_edge,42,1DIV,K15M,0.31,0.43719998002052307
s669,ca,gnn_edge,42,1DIV,K7M,-0.35,0.48090407252311707
s669,ca,gnn_edge,42,1DIV,K96A,-0.61,0.7182103395462036
s669,ca,gnn_edge,42,1DIV,K96G,0.2,1.1550198793411255
s669,ca,gnn_edge,42,1DIV,L102A,2.37,2.9480535984039307
s669,ca,gnn_edge,42,1DIV,L108A,2.33,1.2907387018203735
s669,ca,gnn_edge,42,1DIV,L110A,3.21,1.5027714967727661
s669,ca,gnn_edge,42,1DIV,L117A,0.82,0.6723359227180481
s669,ca,gnn_edge,42,1DIV,L30A,2.76,2.2300233840942383
s669,ca,gnn_edge,42,1DIV,L30V,3.62,1.3097668886184692
s669,ca,gnn_edge,42,1DIV,L6A,3.1,3.024155616760254
s669,ca,gnn_edge,42,1DIV,L6I,0.13,1.0038734674453735
s669,ca,gnn_edge,42,1DIV,L6V,0.41,1.9542186260223389
s669,ca,gnn_edge,42,1DIV,L72A,3.77,1.2471914291381836
s669,ca,gnn_edge,42,1DIV,M1A,1.46,1.4038106203079224
s669,ca,gnn_edge,42,1DIV,M1G,2.36,1.7600276470184326
s669,ca,gnn_edge,42,1DIV,V21A,2.33,2.3370723724365234
s669,ca,gnn_edge,42,1DIV,V21I,0.4,0.4550244212150574
s669,ca,gnn_edge,42,1DIV,V21L,1.23,0.9822860360145569
s669,ca,gnn_edge,42,1DIV,V3A,2.55,2.7020130157470703
s669,ca,gnn_edge,42,1DIV,V3I,0.31,0.9575812220573425
s669,ca,gnn_edge,42,1DIV,V3L,2.21,1.3867741823196411
s669,ca,gnn_edge,42,1DXX,K18N,3.7,1.2033933401107788
s669,ca,gnn_edge,42,1FH5,S18N,-0.6,0.5079823136329651
s669,ca,gnn_edge,42,1FT8,L212V,1.38,1.0322513580322266
s669,ca,gnn_edge,42,1FT8,L238I,0.35,0.3188413381576538
s669,ca,gnn_edge,42,1FT8,M216L,-0.27,1.2123527526855469
s669,ca,gnn_edge,42,1GWY,A8D,1.6,0.46835148334503174
s669,ca,gnn_edge,42,1ITM,C24T,3.3,0.8789268732070923
s669,ca,gnn_edge,42,1ITM,C3T,5.0,0.1960081309080124
s669,ca,gnn_edge,42,1ITM,W91S,-1.4,1.888515591621399
s669,ca,gnn_edge,42,1JLV,E64D,1.162,0.736784815788269
s669,ca,gnn_edge,42,1JLV,E64N,2.3040000000000003,0.362045556306839
s669,ca,gnn_edge,42,1JLV,E64Q,2.302,0.6789465546607971
s669,ca,gnn_edge,42,1LVM,E106G,-1.4,0.23510880768299103
s669,ca,gnn_edge,42,1LVM,K45F,-0.43,0.49873244762420654
s669,ca,gnn_edge,42,1LVM,L56V,-0.0,0.9003117084503174
s669,ca,gnn_edge,42,1LVM,Q58F,-0.6,-0.04138023406267166
s669,ca,gnn_edge,42,1N18,E100G,2.5,0.9917791485786438
s669,ca,gnn_edge,42,1N18,G85R,1.4,0.6924784183502197
s669,ca,gnn_edge,42,1N18,H46R,-1.4,0.6352137923240662
s669,ca,gnn_edge,42,1O1U,E110A,3.3,0.41643190383911133
s669,ca,gnn_edge,42,1O1U,N61A,1.2,0.5926564931869507
s669,ca,gnn_edge,42,1O1U,Q51A,0.3,0.5791602730751038
s669,ca,gnn_edge,42,1O1U,Q99A,-0.3,0.44927892088890076
s669,ca,gnn_edge,42,1O1U,T38A,1.2,1.7295705080032349
s669,ca,gnn_edge,42,1O1U,W49Y,1.2,1.2473095655441284
s669,ca,gnn_edge,42,1OSI,I11V,0.05,0.7073033452033997
s669,ca,gnn_edge,42,1OSI,S92F,-0.39,0.5394847393035889
s669,ca,gnn_edge,42,1OSI,V15I,0.78,0.3769015073776245
s669,ca,gnn_edge,42,1PFL,A20T,1.53,2.8168888092041016
s669,ca,gnn_edge,42,1PFL,G117V,1.96,0.5660241842269897
s669,ca,gnn_edge,42,1PFL,M113T,3.53,2.84686017036438
s669,ca,gnn_edge,42,1PFL,T108M,-0.07,0.507628858089447
s669,ca,gnn_edge,42,1PRG,Q286P,0.3,2.4350333213806152
s669,ca,gnn_edge,42,1PRG,R288H,-0.06,1.262392520904541
s669,ca,gnn_edge,42,1PRG,V290M,-0.03,0.6250412464141846
s669,ca,gnn_edge,42,1SPD,C111S,-0.8,1.088016390800476
s669,ca,gnn_edge,42,1SPD,C6A,-0.1,1.5255182981491089
s669,ca,gnn_edge,42,1XWS,E124Q,2.9,0.9921814203262329
s669,ca,gnn_edge,42,1XWS,E135K,4.59,0.5505258440971375
s669,ca,gnn_edge,42,1XWS,E142D,3.22,0.5189857482910156
s669,ca,gnn_edge,42,1XWS,Y53H,3.3,0.9895186424255371
s669,ca,gnn_edge,42,1XXN,N32D,0.86,0.7801976203918457
s669,ca,gnn_edge,42,1XXN,N54E,0.645,0.2007169872522354
s669,ca,gnn_edge,42,1XXN,S22E,-0.239,0.7046821117401123
s669,ca,gnn_edge,42,1XXN,S27E,0.645,0.930668294429779
s669,ca,gnn_edge,42,1XZO,F42W,-2.87,0.9193398952484131
s669,ca,gnn_edge,42,1XZO,W101F,2.89,1.3558802604675293
s669,ca,gnn_edge,42,1XZO,W36A,8.93,1.8939369916915894
s669,ca,gnn_edge,42,1XZO,W36F,4.25,0.7650803923606873
s669,ca,gnn_edge,42,2ARF,H1069Q,0.7170000000000001,1.7435752153396606
s669,ca,gnn_edge,42,2H3F,E12A,-1.07,0.41199904680252075
s669,ca,gnn_edge,42,2JIE,H104R,-1.536,0.3355506360530853
s669,ca,gnn_edge,42,2JIE,Q22S,0.209,1.0011001825332642
s669,ca,gnn_edge,42,2JIE,S17A,1.246,0.9123175740242004
s669,ca,gnn_edge,42,2JIE,S19A,-0.951,1.460321307182312
s669,ca,gnn_edge,42,2JIE,T18A,0.994,0.9438323974609375
s669,ca,gnn_edge,42,2JIE,W123F,-2.19,0.12179899215698242
s669,ca,gnn_edge,42,2JIE,W123H,-1.06,0.38596105575561523
s669,ca,gnn_edge,42,2JIE,Y21A,3.443,1.0069568157196045
s669,ca,gnn_edge,42,2KS4,D9A,-1.26,0.06877401471138
s669,ca,gnn_edge,42,2KS4,E2A,0.23,-0.011776400730013847
s669,ca,gnn_edge,42,2LTB,L558P,1.57,3.1817245483398438
s669,ca,gnn_edge,42,2LTB,L569R,3.11,2.2304677963256836
s669,ca,gnn_edge,42,2LTB,M619K,3.34,0.2711779475212097
s669,ca,gnn_edge,42,2LTB,R533Q,1.1,0.4290047287940979
s669,ca,gnn_edge,42,2LTB,R555Q,0.36,1.8819307088851929
s669,ca,gnn_edge,42,2LTB,R555W,-1.79,0.9664478898048401
s669,ca,gnn_edge,42,2M5S,D302A,4.0,0.32196176052093506
s669,ca,gnn_edge,42,2M5S,H305A,2.0,1.2570816278457642
s669,ca,gnn_edge,42,2NTE,R658C,2.3,0.38659921288490295
s669,ca,gnn_edge,42,2PR5,A33Y,-0.5,0.19684718549251556
s669,ca,gnn_edge,42,2PR5,A81M,0.4,0.43217119574546814
s669,ca,gnn_edge,42,2PR5,D109E,-0.3,0.46746695041656494
s669,ca,gnn_edge,42,2PR5,H22K,-0.3,0.1864749938249588
s669,ca,gnn_edge,42,2PR5,H22W,-1.2,0.1842929571866989
s669,ca,gnn_edge,42,2PR5,M111F,-2.9,0.5994476079940796
s669,ca,gnn_edge,42,2PR5,N107F,-0.9,0.17245447635650635
s669,ca,gnn_edge,42,2PR5,N107Y,-0.8,0.2627246677875519
s669,ca,gnn_edge,42,2PR5,N124F,-1.1,0.2705596685409546
s669,ca,gnn_edge,42,2PR5,N124Y,-2.6,0.3673405051231384
s669,ca,gnn_edge,42,2PR5,T30M,-0.5,0.7245829105377197
s669,ca,gnn_edge,42,2PR5,T50M,0.5,0.6792457699775696
s669,ca,gnn_edge,42,2PR5,T54Y,-0.2,0.3736187219619751
s669,ca,gnn_edge,42,2PR5,V120I,-1.4,0.7803308963775635
s669,ca,gnn_edge,42,2PR5,V25I,-0.4,0.5987221002578735
s669,ca,gnn_edge,42,2PR5,V88L,0.2,0.3765370845794678
s669,ca,gnn_edge,42,2PR5,V90I,0.7,0.22787515819072723
s669,ca,gnn_edge,42,2VY0,E53A,6.597,0.33266282081604004
s669,ca,gnn_edge,42,3BCI,E96Q,-1.369,0.9652931690216064
s669,ca,gnn_edge,42,3D3B,D118A,0.65,0.16374821960926056
s669,ca,gnn_edge,42,3D3B,D118E,0.6,0.18768779933452606
s669,ca,gnn_edge,42,3D3B,D118K,1.6,0.17741496860980988
s669,ca,gnn_edge,42,3D3B,D118N,1.34,0.1556730717420578
s669,ca,gnn_edge,42,3D3B,D118R,1.41,0.16207711398601532
s669,ca,gnn_edge,42,3ECU,H46R,-0.8,0.5846214890480042
s669,ca,gnn_edge,42,3S4M,D122Y,1.3,0.1767120212316513
s669,ca,gnn_edge,42,3S4M,G130V,2.5,0.07354075461626053
s669,ca,gnn_edge,42,3S4M,I154F,-0.096,0.9271256923675537
s669,ca,gnn_edge,42,3S4M,W155R,0.693,1.406453013420105
s669,ca,gnn_edge,42,4BJX,A89V,-0.99,0.3962227702140808
s669,ca,gnn_edge,42,4BUQ,Y48A,1.435,2.897639513015747
s669,ca,gnn_edge,42,4WAA,K65A,-0.1,0.1597779244184494
s669,ca,gnn_edge,42,4WAA,K67A,2.07,-0.319027304649353
s669,ca,gnn_edge,42,4WAA,R27A,0.44,0.7093336582183838
s669,ca,gnn_edge,42,5VP3,R39K,-0.413,0.8655753135681152
s669,ca,gnn_edge,42,1BA3,H461D,1.745,0.5184495449066162
s669,ca,gnn_edge,42,1BA3,H489D,-0.287,0.40818333625793457
s669,ca,gnn_edge,42,1BA3,H489K,0.287,0.2462664395570755
s669,ca,gnn_edge,42,1BA3,H489M,0.263,0.0699160024523735
s669,ca,gnn_edge,42,1DIV,V129A,1.81,1.2442868947982788
s669,ca,gnn_edge,42,1F8I,F345A,0.455,1.8715444803237915
s669,ca,gnn_edge,42,1FT8,L349I,-0.05,0.2802524268627167
s669,ca,gnn_edge,42,1LVM,S135G,-0.0,0.3510623574256897
s669,ca,gnn_edge,42,1NM1,D187N,0.88,1.0335580110549927
s669,ca,gnn_edge,42,1NM1,D187Y,1.9,0.7168856263160706
s669,ca,gnn_edge,42,1PRE,C159S,2.4,0.9795783758163452
s669,ca,gnn_edge,42,1R2Y,R244E,4.2,0.8227709531784058
s669,ca,gnn_edge,42,1XXN,N181R,-0.358,0.2559926211833954
s669,ca,gnn_edge,42,3D2A,M134E,-3.02,0.9512883424758911
s669,ca,gnn_edge,42,3D2A,M137P,-3.34,1.3647644519805908
s669,ca,gnn_edge,42,3D2A,S163P,-2.11,0.8563282489776611
s669,ca,gnn_edge,42,5OAQ,Y429H,2.99,0.23357908427715302
s669,ca,gnn_edge,123,1BFM,M35W,0.7,0.6785109043121338
s669,ca,gnn_edge,123,1BFM,M35Y,0.4,0.7554609775543213
s669,ca,gnn_edge,123,1D5G,H71Y,0.04,0.03775970637798309
s669,ca,gnn_edge,123,1D5G,I20F,-0.91,0.4033049941062927
s669,ca,gnn_edge,123,1EKG,L198C,1.0,0.19428128004074097
s669,ca,gnn_edge,123,1EKG,L200C,2.0,0.23245003819465637
s669,ca,gnn_edge,123,1EKG,L203C,-1.0,0.6932366490364075
s669,ca,gnn_edge,123,1EKG,S181F,2.6,0.3564833402633667
s669,ca,gnn_edge,123,1FRD,H42R,-4.0,0.22683879733085632
s669,ca,gnn_edge,123,1FXA,E94D,1.1,0.18470807373523712
s669,ca,gnn_edge,123,1FXA,E94K,0.4,0.16565857827663422
s669,ca,gnn_edge,123,1FXA,E94Q,-0.6,0.16128858923912048
s669,ca,gnn_edge,123,1FXA,E95K,-1.0,0.18052485585212708
s669,ca,gnn_edge,123,1FXA,F65A,1.0,0.31832975149154663
s669,ca,gnn_edge,123,1FXA,F65I,0.9,0.04385051876306534
s669,ca,gnn_edge,123,1FXA,F65W,0.6,0.041118934750556946
s669,ca,gnn_edge,123,1FXA,F65Y,0.5,0.019120141863822937
s669,ca,gnn_edge,123,1FXA,R42A,2.4,0.35780972242355347
s669,ca,gnn_edge,123,1FXA,R42H,1.4,0.7294408679008484
s669,ca,gnn_edge,123,1FXA,T48A,-0.1,0.07737287878990173
s669,ca,gnn_edge,123,1GLU,C500A,1.22,3.2273004055023193
s669,ca,gnn_edge,123,1GUA,A118G,1.963,1.1315306425094604
s669,ca,gnn_edge,123,1GUA,A118L,1.951,0.41715341806411743
s669,ca,gnn_edge,123,1GUA,A85G,2.149,0.3239739239215851
s669,ca,gnn_edge,123,1GUA,A97G,0.863,2.3630762100219727
s669,ca,gnn_edge,123,1GUA,C81A,-0.283,1.3240845203399658
s669,ca,gnn_edge,123,1GUA,C81I,0.912,-0.01816745102405548
s669,ca,gnn_edge,123,1GUA,C95A,0.08,0.667492151260376
s669,ca,gnn_edge,123,1GUA,C96A,1.759,1.1382055282592773
s669,ca,gnn_edge,123,1GUA,C96L,0.043,0.5457554459571838
s669,ca,gnn_edge,123,1GUA,C96M,0.337,0.4443451762199402
s669,ca,gnn_edge,123,1GUA,D117A,0.706,0.1980745941400528
s669,ca,gnn_edge,123,1GUA,D129A,0.855,0.17031830549240112
s669,ca,gnn_edge,123,1GUA,D80A,0.493,-0.16917844116687775
s669,ca,gnn_edge,123,1GUA,E104A,-0.021,0.2242879718542099
s669,ca,gnn_edge,123,1GUA,E124A,0.101,0.3014336824417114
s669,ca,gnn_edge,123,1GUA,E125A,0.591,0.5121209025382996
s669,ca,gnn_edge,123,1GUA,I58A,3.274,3.4906551837921143
s669,ca,gnn_edge,123,1GUA,I58F,1.2990000000000002,1.8550968170166016
s669,ca,gnn_edge,123,1GUA,I58L,0.7709999999999999,0.7235101461410522
s669,ca,gnn_edge,123,1GUA,K109A,0.327,0.580952525138855
s669,ca,gnn_edge,123,1GUA,L112A,2.593,1.9092382192611694
s669,ca,gnn_edge,123,1GUA,L121A,2.5340000000000003,0.8946201801300049
s669,ca,gnn_edge,123,1GUA,L126A,3.405,3.52443790435791
s669,ca,gnn_edge,123,1GUA,L62A,3.46,3.5158846378326416
s669,ca,gnn_edge,123,1GUA,L78A,3.803,2.2802464962005615
s669,ca,gnn_edge,123,1GUA,L82A,3.529,1.2235077619552612
s669,ca,gnn_edge,123,1GUA,L82I,1.6,0.1402362883090973
s669,ca,gnn_edge,123,1GUA,L82V,1.7,0.27114301919937134
s669,ca,gnn_edge,123,1GUA,L86A,3.2260000000000004,1.84364652633667
s669,ca,gnn_edge,123,1GUA,L91A,1.575,1.8525655269622803
s669,ca,gnn_edge,123,1GUA,M76A,0.961,2.250425338745117
s669,ca,gnn_edge,123,1GUA,N56M,-0.271,-0.6124883890151978
s669,ca,gnn_edge,123,1GUA,N64A,1.14,0.3748905062675476
s669,ca,gnn_edge,123,1GUA,P63A,1.7080000000000002,1.1196024417877197
s669,ca,gnn_edge,123,1GUA,P93A,0.0819999999999999,1.347837209701538
s669,ca,gnn_edge,123,1GUA,Q66A,0.504,0.5298953056335449
s669,ca,gnn_edge,123,1GUA,R100A,0.693,0.45392733812332153
s669,ca,gnn_edge,123,1GUA,R59A,-0.178,0.008418247103691101
s669,ca,gnn_edge,123,1GUA,R89L,-1.078,-0.9810409545898438
s669,ca,gnn_edge,123,1GUA,S77A,1.5730000000000002,1.081465244293213
s669,ca,gnn_edge,123,1GUA,S77T,-0.581,1.1377604007720947
s669,ca,gnn_edge,123,1GUA,T68A,0.109,1.464674472808838
s669,ca,gnn_edge,123,1GUA,V128A,3.3680000000000003,3.2892119884490967
s669,ca,gnn_edge,123,1GUA,V60A,2.251,3.3130557537078857
s669,ca,gnn_edge,123,1GUA,V69A,1.116,1.8712116479873657
s669,ca,gnn_edge,123,1GUA,V70A,1.77,2.6518828868865967
s669,ca,gnn_edge,123,1GUA,V72A,1.052,2.1822617053985596
s669,ca,gnn_edge,123,1GUA,V72I,0.8640000000000001,0.06845727562904358
s669,ca,gnn_edge,123,1GUA,V98A,1.981,3.504363775253296
s669,ca,gnn_edge,123,1H0X,P18A,1.936,0.32257384061813354
s669,ca,gnn_edge,123,1H0X,P62A,2.5810000000000004,0.6282305717468262
s669,ca,gnn_edge,123,1HCQ,C67A,2.09,2.941970109939575
s669,ca,gnn_edge,123,1HCQ,C67S,1.99,3.0412306785583496
s669,ca,gnn_edge,123,1IOJ,G15A,-0.4,1.404733657836914
s669,ca,gnn_edge,123,1IV7,A173C,-0.5,-0.17873550951480865
s669,ca,gnn_edge,123,1IV7,F189C,2.5,0.6036992073059082
s669,ca,gnn_edge,123,1IV7,L162C,1.9,1.6605186462402344
s669,ca,gnn_edge,123,1IV9,S76Y,-4.299,0.7216582894325256
s669,ca,gnn_edge,123,1J8I,K25A,-0.1,2.3066937923431396
s669,ca,gnn_edge,123,1J8I,K66A,-0.1,1.8648587465286255
s669,ca,gnn_edge,123,1J8I,R23A,-0.8,0.41028541326522827
s669,ca,gnn_edge,123,1J8I,R35A,0.1,0.7521027326583862
s669,ca,gnn_edge,123,1J8I,R43A,-0.7,0.3869532346725464
s669,ca,gnn_edge,123,1J8I,R9A,0.1,0.5068933367729187
s669,ca,gnn_edge,123,1JL9,A25C,1.44,0.5694947838783264
s669,ca,gnn_edge,123,1L6H,F39A,1.6969999999999998,5.502477645874023
s669,ca,gnn_edge,123,1L6H,Y45A,0.55,3.7930474281311035
s669,ca,gnn_edge,123,1L6H,Y48A,1.482,1.4413084983825684
s669,ca,gnn_edge,123,1N88,F21A,1.39,4.231022357940674
s669,ca,gnn_edge,123,1N88,I39A,1.39,3.6397359371185303
s669,ca,gnn_edge,123,1N88,I80A,2.79,3.2061970233917236
s669,ca,gnn_edge,123,1N88,I89A,2.35,2.387495279312134
s669,ca,gnn_edge,123,1N88,I8V,1.52,1.174952507019043
s669,ca,gnn_edge,123,1N88,L13A,1.52,2.467144250869751
s669,ca,gnn_edge,123,1N88,L57A,1.11,0.9281290769577026
s669,ca,gnn_edge,123,1N88,V12A,1.94,2.57953143119812
s669,ca,gnn_edge,123,1N88,V30A,2.84,2.3025012016296387
s669,ca,gnn_edge,123,1N88,V43A,2.82,3.1432464122772217
s669,ca,gnn_edge,123,1N88,V49A,2.83,2.5262451171875
s669,ca,gnn_edge,123,1N88,V51A,3.24,2.8575937747955322
s669,ca,gnn_edge,123,1N88,V54A,3.73,3.059701919555664
s669,ca,gnn_edge,123,1N88,V81A,2.82,3.2697956562042236
s669,ca,gnn_edge,123,1N88,V83A,3.1,3.157518148422241
s669,ca,gnn_edge,123,1N88,Y18A,-0.06,1.695443868637085
s669,ca,gnn_edge,123,1N88,Y26A,4.61,3.013441801071167
s669,ca,gnn_edge,123,1O6X,A31G,1.2,1.9169933795928955
s669,ca,gnn_edge,123,1O6X,A50G,1.4,2.4182684421539307
s669,ca,gnn_edge,123,1O6X,D38A,-0.36,0.2391410768032074
s669,ca,gnn_edge,123,1O6X,E14A,0.3,-0.11638261377811432
s669,ca,gnn_edge,123,1O6X,E20G,1.42,0.9315310716629028
s669,ca,gnn_edge,123,1O6X,F39L,1.88,1.2137482166290283
s669,ca,gnn_edge,123,1O6X,F65A,0.98,2.001210927963257
s669,ca,gnn_edge,123,1O6X,H51A,0.61,0.7665225267410278
s669,ca,gnn_edge,123,1O6X,I15V,0.43,0.6077006459236145
s669,ca,gnn_edge,123,1O6X,I23V,-0.42,1.2934203147888184
s669,ca,gnn_edge,123,1O6X,I71V,1.31,0.8753843307495117
s669,ca,gnn_edge,123,1O6X,I75A,1.31,2.4395711421966553
s669,ca,gnn_edge,123,1O6X,K41A,1.98,0.904370129108429
s669,ca,gnn_edge,123,1O6X,L26V,0.97,0.7664250135421753
s669,ca,gnn_edge,123,1O6X,N58A,0.08,0.330992192029953
s669,ca,gnn_edge,123,1O6X,Q60G,0.49,0.41175806522369385
s669,ca,gnn_edge,123,1O6X,V12A,1.1,3.469848394393921
s669,ca,gnn_edge,123,1O6X,V52A,1.08,3.015092134475708
s669,ca,gnn_edge,123,1O6X,V64G,1.1,2.40124249458313
s669,ca,gnn_edge,123,1O6X,Y73L,2.78,0.298275351524353
s669,ca,gnn_edge,123,1R6R,I88N,0.13,2.6828670501708984
s669,ca,gnn_edge,123,1R6R,L50S,2.81,-0.9100773334503174
s669,ca,gnn_edge,123,1R6R,L54S,0.24,0.3669419288635254
s669,ca,gnn_edge,123,1R6R,L81N,6.84,1.9232007265090942
s669,ca,gnn_edge,123,2BJD,V84D,4.493,2.488071918487549
s669,ca,gnn_edge,123,2BJD,V84P,4.517,2.773571729660034
s669,ca,gnn_edge,123,2BJD,Y86E,2.103,0.5279497504234314
s669,ca,gnn_edge,123,2C9Q,Y79F,0.012,1.3983118534088135
s669,ca,gnn_edge,123,2C9Q,Y79W,1.233,1.7437376976013184
s669,ca,gnn_edge,123,2CLR,H13F,-0.12,0.503298282623291
s669,ca,gnn_edge,123,2CLR,H31F,-2.605,0.3099050521850586
s669,ca,gnn_edge,123,2CLR,H51F,1.912,0.41037070751190186
s669,ca,gnn_edge,123,2CLR,H84A,2.629,1.0196152925491333
s669,ca,gnn_edge,123,2DVV,Q443H,-0.89,1.0422098636627197
s669,ca,gnn_edge,123,2DVV,R419W,0.02,-0.7874788641929626
s669,ca,gnn_edge,123,2HBB,A22G,0.32,1.266174077987671
s669,ca,gnn_edge,123,2HBB,A26G,1.79,2.485592842102051
s669,ca,gnn_edge,123,2HBB,A36G,1.55,1.869724154472351
s669,ca,gnn_edge,123,2HBB,A39G,1.59,1.408546805381775
s669,ca,gnn_edge,123,2HBB,A42G,0.33,0.7269942760467529
s669,ca,gnn_edge,123,2HBB,A46G,0.55,0.9136751890182495
s669,ca,gnn_edge,123,2HBB,A49G,0.22,0.641880452632904
s669,ca,gnn_edge,123,2HBB,D23A,0.03,0.29104548692703247
s669,ca,gnn_edge,123,2HBB,D23N,0.79,0.2659965455532074
s669,ca,gnn_edge,123,2HBB,D8A,1.3,0.3610733151435852
s669,ca,gnn_edge,123,2HBB,D8N,0.38,0.43783342838287354
s669,ca,gnn_edge,123,2HBB,E17A,1.69,0.38593336939811707
s669,ca,gnn_edge,123,2HBB,E17Q,0.33,0.26844164729118347
s669,ca,gnn_edge,123,2HBB,E38A,0.41,0.07908602058887482
s669,ca,gnn_edge,123,2HBB,E38Q,0.68,-0.36488449573516846
s669,ca,gnn_edge,123,2HBB,E48Q,-0.07,0.23369640111923218
s669,ca,gnn_edge,123,2HBB,F31A,2.84,2.061526298522949
s669,ca,gnn_edge,123,2HBB,F5L,1.15,0.22329768538475037
s669,ca,gnn_edge,123,2HBB,G24A,-0.02,0.761505126953125
s669,ca,gnn_edge,123,2HBB,G34A,1.02,0.13786230981349945
s669,ca,gnn_edge,123,2HBB,I18A,2.05,2.007046937942505
s669,ca,gnn_edge,123,2HBB,I18V,0.07,0.5057620406150818
s669,ca,gnn_edge,123,2HBB,I37A,1.28,2.985147714614868
s669,ca,gnn_edge,123,2HBB,I37V,-0.09,0.5529032945632935
s669,ca,gnn_edge,123,2HBB,I4V,0.59,0.3527515232563019
s669,ca,gnn_edge,123,2HBB,K10E,-0.13,0.5407932996749878
s669,ca,gnn_edge,123,2HBB,K10M,-0.47,0.17835400998592377
s669,ca,gnn_edge,123,2HBB,K12A,-0.61,0.48906582593917847
s669,ca,gnn_edge,123,2HBB,K12G,-0.03,0.7843500375747681
s669,ca,gnn_edge,123,2HBB,K12M,-1.8,0.17835399508476257
s669,ca,gnn_edge,123,2HBB,K14A,0.73,0.8895230293273926
s669,ca,gnn_edge,123,2HBB,K14G,1.3,1.304770827293396
s669,ca,gnn_edge,123,2HBB,K14M,0.34,0.05165106803178787
s669,ca,gnn_edge,123,2HBB,K15G,1.74,1.2811293601989746
s669,ca,gnn_edge,123,2HBB,K15M,0.44,-0.1531984955072403
s669,ca,gnn_edge,123,2HBB,K7M,-0.21,-0.543580174446106
s669,ca,gnn_edge,123,2HBB,L30A,2.76,2.1129045486450195
s669,ca,gnn_edge,123,2HBB,L35A,1.21,2.514317512512207
s669,ca,gnn_edge,123,2HBB,L44A,1.73,1.653393030166626
s669,ca,gnn_edge,123,2HBB,L47A,0.84,1.2500896453857422
s669,ca,gnn_edge,123,2HBB,L6A,3.1,2.1666269302368164
s669,ca,gnn_edge,123,2HBB,M1A,1.46,1.3284075260162354
s669,ca,gnn_edge,123,2HBB,T40S,0.8,0.5807339549064636
s669,ca,gnn_edge,123,2HBB,V21A,2.33,2.303560972213745
s669,ca,gnn_edge,123,2HBB,V3A,2.55,2.613177537918091
s669,ca,gnn_edge,123,2HBB,V9A,1.81,1.8937158584594727
s669,ca,gnn_edge,123,2JUC,C57D,2.54,2.059675693511963
s669,ca,gnn_edge,123,2JUC,C57S,0.71,1.4827531576156616
s669,ca,gnn_edge,123,2JUC,R18A,1.75,0.3147713840007782
s669,ca,gnn_edge,123,2KJ3,D288A,-1.2,0.3071666359901428
s669,ca,gnn_edge,123,2KJ3,E272A,-1.9,0.8495546579360962
s669,ca,gnn_edge,123,2KJ3,G278A,0.8,1.160425066947937
s669,ca,gnn_edge,123,2KJ3,K229A,-1.5,0.6567599177360535
s669,ca,gnn_edge,123,2KJ3,L241A,-1.0,1.514120101928711
s669,ca,gnn_edge,123,2KJ3,S273A,-1.4,2.079315662384033
s669,ca,gnn_edge,123,2KJ3,V239A,-1.0,1.4359972476959229
s669,ca,gnn_edge,123,2KJ3,V264A,-1.0,1.5235545635223389
s669,ca,gnn_edge,123,2KJ3,V267A,-0.2,1.6786054372787476
s669,ca,gnn_edge,123,2MPC,A89T,0.24,0.19220122694969177
s669,ca,gnn_edge,123,2MPC,R42A,-0.62,0.22674882411956787
s669,ca,gnn_edge,123,2MPC,R42W,-2.08,0.029304206371307373
s669,ca,gnn_edge,123,2N7Z,P88A,0.6,2.043466329574585
s669,ca,gnn_edge,123,2OUO,A420D,-0.44,0.42994391918182373
s669,ca,gnn_edge,123,2PTL,A22G,2.43,2.804042100906372
s669,ca,gnn_edge,123,2PTL,A27P,-0.1,1.4701776504516602
s669,ca,gnn_edge,123,2PTL,A27V,0.83,0.3506283462047577
s669,ca,gnn_edge,123,2PTL,A34G,2.17,1.4362590312957764
s669,ca,gnn_edge,123,2PTL,A34V,-1.47,0.6263155937194824
s669,ca,gnn_edge,123,2PTL,A43G,2.54,2.8074138164520264
s669,ca,gnn_edge,123,2PTL,A47G,3.1,2.4254953861236572
s669,ca,gnn_edge,123,2PTL,A49G,1.32,1.4534275531768799
s669,ca,gnn_edge,123,2PTL,A51G,3.12,1.8566036224365234
s669,ca,gnn_edge,123,2PTL,A66G,0.49,0.7544379830360413
s669,ca,gnn_edge,123,2PTL,D52A,1.21,0.29171204566955566
s669,ca,gnn_edge,123,2PTL,D52G,2.14,0.5269715785980225
s669,ca,gnn_edge,123,2PTL,D64A,0.2,-0.9349186420440674
s669,ca,gnn_edge,123,2PTL,E35A,0.59,0.3037373423576355
s669,ca,gnn_edge,123,2PTL,E46G,1.19,1.0363680124282837
s669,ca,gnn_edge,123,2PTL,E46I,1.08,0.21175146102905273
s669,ca,gnn_edge,123,2PTL,E60A,0.23,0.19947949051856995
s669,ca,gnn_edge,123,2PTL,F26A,3.12,2.5161924362182617
s669,ca,gnn_edge,123,2PTL,F26L,0.68,0.47605812549591064
s669,ca,gnn_edge,123,2PTL,F36A,4.15,2.1232500076293945
s669,ca,gnn_edge,123,2PTL,F36L,3.12,1.0490846633911133
s669,ca,gnn_edge,123,2PTL,F40G,3.08,3.3533875942230225
s669,ca,gnn_edge,123,2PTL,F40L,0.38,1.6226612329483032
s669,ca,gnn_edge,123,2PTL,F76L,3.34,0.7246519923210144
s669,ca,gnn_edge,123,2PTL,F76V,3.73,0.8985762596130371
s669,ca,gnn_edge,123,2PTL,G29A,1.52,0.40630966424942017
s669,ca,gnn_edge,123,2PTL,G29V,2.53,0.2121456265449524
s669,ca,gnn_edge,123,2PTL,G38A,2.08,2.1741292476654053
s669,ca,gnn_edge,123,2PTL,G59A,2.23,1.705655813217163
s669,ca,gnn_edge,123,2PTL,G69A,2.04,0.3303055167198181
s669,ca,gnn_edge,123,2PTL,I20A,4.9,3.663470506668091
s669,ca,gnn_edge,123,2PTL,I20V,0.56,2.1906416416168213
s669,ca,gnn_edge,123,2PTL,I25A,1.37,3.547694683074951
s669,ca,gnn_edge,123,2PTL,I25V,0.47,1.0066187381744385
s669,ca,gnn_edge,123,2PTL,I74A,4.72,3.0936386585235596
s669,ca,gnn_edge,123,2PTL,I74V,1.69,1.5498721599578857
s669,ca,gnn_edge,123,2PTL,K21A,0.92,1.4085872173309326
s669,ca,gnn_edge,123,2PTL,K37A,0.88,2.383517026901245
s669,ca,gnn_edge,123,2PTL,K42G,-0.16,0.7915363311767578
s669,ca,gnn_edge,123,2PTL,K55A,-0.58,0.6824952960014343
s669,ca,gnn_edge,123,2PTL,K56A,-0.35,0.20189155638217926
s669,ca,gnn_edge,123,2PTL,K68A,0.09,0.30637848377227783
s669,ca,gnn_edge,123,2PTL,K75A,0.45,0.9334793090820312
s669,ca,gnn_edge,123,2PTL,L24A,3.12,2.4948971271514893
s669,ca,gnn_edge,123,2PTL,L54A,2.44,1.4926345348358154
s669,ca,gnn_edge,123,2PTL,L72A,3.77,2.4078192710876465
s669,ca,gnn_edge,123,2PTL,N23A,1.87,-0.23974545300006866
s669,ca,gnn_edge,123,2PTL,N28A,1.78,0.26739493012428284
s669,ca,gnn_edge,123,2PTL,N58A,0.34,0.34849685430526733
s669,ca,gnn_edge,123,2PTL,N73A,1.73,-0.9176502227783203
s669,ca,gnn_edge,123,2PTL,S30A,0.3,0.444077730178833
s669,ca,gnn_edge,123,2PTL,S45A,-0.41,1.0687388181686401
s669,ca,gnn_edge,123,2PTL,S45G,0.82,0.9343347549438477
s669,ca,gnn_edge,123,2PTL,T19A,1.63,2.3097681999206543
s669,ca,gnn_edge,123,2PTL,T31A,1.17,0.4606435298919678
s669,ca,gnn_edge,123,2PTL,T33A,1.11,0.5576299428939819
s669,ca,gnn_edge,123,2PTL,T39A,1.25,1.2011539936065674
s669,ca,gnn_edge,123,2PTL,T44A,1.09,1.6603977680206299
s669,ca,gnn_edge,123,2PTL,T53G,0.17,1.0034679174423218
s669,ca,gnn_edge,123,2PTL,T62A,0.97,1.2306886911392212
s669,ca,gnn_edge,123,2PTL,T71A,1.83,0.9901130795478821
s669,ca,gnn_edge,123,2PTL,V18A,1.22,1.9322198629379272
s669,ca,gnn_edge,123,2PTL,V63A,0.92,2.1341283321380615
s669,ca,gnn_edge,123,2PTL,V65A,1.14,1.4374698400497437
s669,ca,gnn_edge,123,2PTL,Y48A,2.82,2.675600528717041
s669,ca,gnn_edge,123,2PTL,Y50A,2.46,1.7365840673446655
s669,ca,gnn_edge,123,2PTL,Y70A,1.66,1.9083218574523926
s669,ca,gnn_edge,123,2PTL,Y70L,-0.43,0.7355378866195679
s669,ca,gnn_edge,123,2RPN,E7L,-1.05,0.15792176127433777
s669,ca,gnn_edge,123,2RPN,V21K,-0.39,2.602327585220337
s669,ca,gnn_edge,123,2WQG,D15A,-0.3,0.4201294183731079
s669,ca,gnn_edge,123,2WQG,D38A,-0.1,1.2062116861343384
s669,ca,gnn_edge,123,2WQG,D39A,2.2,0.8226434588432312
s669,ca,gnn_edge,123,2WQG,D39N,2.6,1.028280258178711
s669,ca,gnn_edge,123,2WQG,E40Q,0.1,1.8350753784179688
s669,ca,gnn_edge,123,2WQG,E41G,0.4,1.7556889057159424
s669,ca,gnn_edge,123,2WQG,I36A,0.9,2.619489908218384
s669,ca,gnn_edge,123,2WQG,I36V,0.3,1.2121124267578125
s669,ca,gnn_edge,123,2WQG,K14A,0.4,1.5233906507492065
s669,ca,gnn_edge,123,2WQG,K14G,1.9,2.7122223377227783
s669,ca,gnn_edge,123,2WQG,K19A,0.3,1.5012786388397217
s669,ca,gnn_edge,123,2WQG,K28A,0.6,1.6935582160949707
s669,ca,gnn_edge,123,2WQG,L13A,0.5,5.385940074920654
s669,ca,gnn_edge,123,2WQG,L16A,1.3,3.710860013961792
s669,ca,gnn_edge,123,2WQG,L8A,2.0,2.7211945056915283
s669,ca,gnn_edge,123,2WQG,Q12A,0.6,0.1522916555404663
s669,ca,gnn_edge,123,2WQG,Q12G,2.0,0.8002572655677795
s669,ca,gnn_edge,123,2WQG,Q33A,-0.1,1.1832928657531738
s669,ca,gnn_edge,123,2WQG,R34A,0.8,1.8847172260284424
s669,ca,gnn_edge,123,2WQG,S23A,0.6,1.4021837711334229
s669,ca,gnn_edge,123,2WQG,S6A,-0.1,1.5711266994476318
s669,ca,gnn_edge,123,2WQG,S6G,0.2,1.6501572132110596
s669,ca,gnn_edge,123,2WQG,T9S,-0.1,1.1725478172302246
s669,ca,gnn_edge,123,2WQG,V10A,0.1,3.4807820320129395
s669,ca,gnn_edge,123,2WQG,V10G,0.7,4.228090286254883
s669,ca,gnn_edge,123,2WQG,V11A,-0.4,2.5953500270843506
s669,ca,gnn_edge,123,2WQG,V11G,-0.1,3.2504687309265137
s669,ca,gnn_edge,123,2WQG,V24A,0.5,2.5357697010040283
s669,ca,gnn_edge,123,2WQG,Y5F,2.4,0.6959192752838135
s669,ca,gnn_edge,123,2ZTA,E11Q,0.74,0.4419322609901428
s669,ca,gnn_edge,123,2ZTA,E20Q,-0.2,0.4357960820198059
s669,ca,gnn_edge,123,2ZTA,E22Q,1.83,0.41979503631591797
s669,ca,gnn_edge,123,2ZTA,K15A,0.41,0.6699507236480713
s669,ca,gnn_edge,123,2ZTA,K27A,0.91,0.5088291168212891
s669,ca,gnn_edge,123,2ZTA,K28A,0.06,0.44431227445602417
s669,ca,gnn_edge,123,2ZTA,K8A,0.39,0.7851537466049194
s669,ca,gnn_edge,123,2ZTA,R25A,1.66,0.2851449251174927
s669,ca,gnn_edge,123,3BN0,I20V,1.506,0.6450543403625488
s669,ca,gnn_edge,123,3C2I,F155S,-0.43,2.4812068939208984
s669,ca,gnn_edge,123,3C2I,T158A,-0.47,0.8271352052688599
s669,ca,gnn_edge,123,3C2I,T158M,-0.25,0.281578928232193
s669,ca,gnn_edge,123,3FIS,P61A,0.5,1.8221054077148438
s669,ca,gnn_edge,123,3G1G,D155Y,-0.34,0.2859371304512024
s669,ca,gnn_edge,123,3G1G,F167Y,0.74,1.9982869625091553
s669,ca,gnn_edge,123,3G1G,I190V,0.17,1.2911499738693237
s669,ca,gnn_edge,123,3G1G,R185W,-1.32,0.26957714557647705
s669,ca,gnn_edge,123,3K82,E334L,3.35,0.10011240839958191
s669,ca,gnn_edge,123,3K82,E334Q,1.68,0.2605494558811188
s669,ca,gnn_edge,123,3K82,E401R,-5.49,0.382850706577301
s669,ca,gnn_edge,123,3MON,R39G,-1.194,0.9833119511604309
s669,ca,gnn_edge,123,3MON,W3C,2.866,0.4779698848724365
s669,ca,gnn_edge,123,3O39,L32P,3.25,2.1983835697174072
s669,ca,gnn_edge,123,3S92,H395R,-2.03,0.46835196018218994
s669,ca,gnn_edge,123,4N6V,H75W,-0.574,0.1883089244365692
s669,ca,gnn_edge,123,4N6V,P36G,1.362,0.4795604348182678
s669,ca,gnn_edge,123,4N6V,P79S,-1.745,0.16767044365406036
s669,ca,gnn_edge,123,4YEE,V134T,0.71,1.3930225372314453
s669,ca,gnn_edge,123,4YEF,T134V,0.93,0.9321381449699402
s669,ca,gnn_edge,123,5JXB,D329G,1.44,0.1966981440782547
s669,ca,gnn_edge,123,5JXB,D329P,1.44,0.3382853865623474
s669,ca,gnn_edge,123,1A0F,S11A,1.8,1.0619471073150635
s669,ca,gnn_edge,123,1A7V,A104H,2.69,0.4807462692260742
s669,ca,gnn_edge,123,1A7V,A66H,1.98,0.3747013211250305
s669,ca,gnn_edge,123,1A7V,A91H,1.7,1.3558622598648071
s669,ca,gnn_edge,123,1A7V,D3H,1.36,0.3948187828063965
s669,ca,gnn_edge,123,1A7V,D58H,2.05,0.3973800539970398
s669,ca,gnn_edge,123,1A7V,E73H,3.01,0.5657997727394104
s669,ca,gnn_edge,123,1A7V,K13H,0.6,2.0315332412719727
s669,ca,gnn_edge,123,1A7V,K20H,2.88,0.7665188908576965
s669,ca,gnn_edge,123,1A7V,K31H,1.36,1.3442749977111816
s669,ca,gnn_edge,123,1A7V,K39H,1.86,1.6449511051177979
s669,ca,gnn_edge,123,1A7V,K49H,2.02,1.592881679534912
s669,ca,gnn_edge,123,1A7V,K84H,2.88,0.9243056774139404
s669,ca,gnn_edge,123,1A7V,K97H,1.97,1.8624849319458008
s669,ca,gnn_edge,123,1BNL,D76A,0.821,0.2749297022819519
s669,ca,gnn_edge,123,1DIV,D23A,0.46,0.21537481248378754
s669,ca,gnn_edge,123,1DIV,D23N,0.58,0.21546374261379242
s669,ca,gnn_edge,123,1DIV,D8N,0.3,0.36597535014152527
s669,ca,gnn_edge,123,1DIV,E100A,0.98,0.33349519968032837
s669,ca,gnn_edge,123,1DIV,E100G,1.52,1.0767834186553955
s669,ca,gnn_edge,123,1DIV,E17Q,0.21,-0.13190041482448578
s669,ca,gnn_edge,123,1DIV,E38Q,0.56,-0.722353458404541
s669,ca,gnn_edge,123,1DIV,E48Q,-0.03,0.54440838098526
s669,ca,gnn_edge,123,1DIV,E54Q,-0.33,1.6523711681365967
s669,ca,gnn_edge,123,1DIV,H106Q,1.53,0.8955856561660767
s669,ca,gnn_edge,123,1DIV,I115A,3.52,1.6226680278778076
s669,ca,gnn_edge,123,1DIV,I4A,2.22,2.9613940715789795
s669,ca,gnn_edge,123,1DIV,I4V,0.59,0.5017856955528259
s669,ca,gnn_edge,123,1DIV,I79A,3.49,2.1718013286590576
s669,ca,gnn_edge,123,1DIV,I93A,3.19,1.036628246307373
s669,ca,gnn_edge,123,1DIV,I98A,4.28,2.5866940021514893
s669,ca,gnn_edge,123,1DIV,K10M,-0.05,0.09078741818666458
s669,ca,gnn_edge,123,1DIV,K14M,-0.01,-0.28901106119155884
s669,ca,gnn_edge,123,1DIV,K15M,0.31,0.09510079771280289
s669,ca,gnn_edge,123,1DIV,K7M,-0.35,-0.7727937698364258
s669,ca,gnn_edge,123,1DIV,K96A,-0.61,0.5189952850341797
s669,ca,gnn_edge,123,1DIV,K96G,0.2,0.9643876552581787
s669,ca,gnn_edge,123,1DIV,L102A,2.37,2.9443626403808594
s669,ca,gnn_edge,123,1DIV,L108A,2.33,1.553154468536377
s669,ca,gnn_edge,123,1DIV,L110A,3.21,1.6661003828048706
s669,ca,gnn_edge,123,1DIV,L117A,0.82,2.4350571632385254
s669,ca,gnn_edge,123,1DIV,L30A,2.76,2.2866008281707764
s669,ca,gnn_edge,123,1DIV,L30V,3.62,1.1298493146896362
s669,ca,gnn_edge,123,1DIV,L6A,3.1,2.9115045070648193
s669,ca,gnn_edge,123,1DIV,L6I,0.13,0.3310297131538391
s669,ca,gnn_edge,123,1DIV,L6V,0.41,0.832096517086029
s669,ca,gnn_edge,123,1DIV,L72A,3.77,1.6120573282241821
s669,ca,gnn_edge,123,1DIV,M1A,1.46,1.593819260597229
s669,ca,gnn_edge,123,1DIV,M1G,2.36,1.9121322631835938
s669,ca,gnn_edge,123,1DIV,V21A,2.33,2.543949842453003
s669,ca,gnn_edge,123,1DIV,V21I,0.4,0.2647586762905121
s669,ca,gnn_edge,123,1DIV,V21L,1.23,0.35272371768951416
s669,ca,gnn_edge,123,1DIV,V3A,2.55,2.507922887802124
s669,ca,gnn_edge,123,1DIV,V3I,0.31,-0.34884780645370483
s669,ca,gnn_edge,123,1DIV,V3L,2.21,-0.21932287514209747
s669,ca,gnn_edge,123,1DXX,K18N,3.7,1.6839613914489746
s669,ca,gnn_edge,123,1FH5,S18N,-0.6,0.8402343392372131
s669,ca,gnn_edge,123,1FT8,L212V,1.38,1.0105777978897095
s669,ca,gnn_edge,123,1FT8,L238I,0.35,0.7332234382629395
s669,ca,gnn_edge,123,1FT8,M216L,-0.27,0.42311960458755493
s669,ca,gnn_edge,123,1GWY,A8D,1.6,0.7081650495529175
s669,ca,gnn_edge,123,1ITM,C24T,3.3,1.86399507522583
s669,ca,gnn_edge,123,1ITM,C3T,5.0,0.2510361969470978
s669,ca,gnn_edge,123,1ITM,W91S,-1.4,1.060701847076416
s669,ca,gnn_edge,123,1JLV,E64D,1.162,0.10535529255867004
s669,ca,gnn_edge,123,1JLV,E64N,2.3040000000000003,-0.34102344512939453
s669,ca,gnn_edge,123,1JLV,E64Q,2.302,-0.44054949283599854
s669,ca,gnn_edge,123,1LVM,E106G,-1.4,0.24691545963287354
s669,ca,gnn_edge,123,1LVM,K45F,-0.43,-0.2431987076997757
s669,ca,gnn_edge,123,1LVM,L56V,-0.0,0.06902468949556351
s669,ca,gnn_edge,123,1LVM,Q58F,-0.6,-0.25137555599212646
s669,ca,gnn_edge,123,1N18,E100G,2.5,0.23346784710884094
s669,ca,gnn_edge,123,1N18,G85R,1.4,0.45186662673950195
s669,ca,gnn_edge,123,1N18,H46R,-1.4,-0.2950245141983032
s669,ca,gnn_edge,123,1O1U,E110A,3.3,0.39256221055984497
s669,ca,gnn_edge,123,1O1U,N61A,1.2,0.7931710481643677
s669,ca,gnn_edge,123,1O1U,Q51A,0.3,0.8156571388244629
s669,ca,gnn_edge,123,1O1U,Q99A,-0.3,0.9298492670059204
s669,ca,gnn_edge,123,1O1U,T38A,1.2,1.9977387189865112
s669,ca,gnn_edge,123,1O1U,W49Y,1.2,2.2214603424072266
s669,ca,gnn_edge,123,1OSI,I11V,0.05,1.1007388830184937
s669,ca,gnn_edge,123,1OSI,S92F,-0.39,0.4850836396217346
s669,ca,gnn_edge,123,1OSI,V15I,0.78,0.5248242020606995
s669,ca,gnn_edge,123,1PFL,A20T,1.53,-0.744856595993042
s669,ca,gnn_edge,123,1PFL,G117V,1.96,0.6212798953056335
s669,ca,gnn_edge,123,1PFL,M113T,3.53,2.9405925273895264
s669,ca,gnn_edge,123,1PFL,T108M,-0.07,0.451682984828949
s669,ca,gnn_edge,123,1PRG,Q286P,0.3,3.088318109512329
s669,ca,gnn_edge,123,1PRG,R288H,-0.06,2.8493540287017822
s669,ca,gnn_edge,123,1PRG,V290M,-0.03,0.8982762098312378
s669,ca,gnn_edge,123,1SPD,C111S,-0.8,0.299985408782959
s669,ca,gnn_edge,123,1SPD,C6A,-0.1,-0.4512138366699219
s669,ca,gnn_edge,123,1XWS,E124Q,2.9,0.8916705250740051
s669,ca,gnn_edge,123,1XWS,E135K,4.59,0.20233368873596191
s669,ca,gnn_edge,123,1XWS,E142D,3.22,0.23002353310585022
s669,ca,gnn_edge,123,1XWS,Y53H,3.3,0.6149973273277283
s669,ca,gnn_edge,123,1XXN,N32D,0.86,0.07412837445735931
s669,ca,gnn_edge,123,1XXN,N54E,0.645,0.31989216804504395
s669,ca,gnn_edge,123,1XXN,S22E,-0.239,0.7188616991043091
s669,ca,gnn_edge,123,1XXN,S27E,0.645,0.34758061170578003
s669,ca,gnn_edge,123,1XZO,F42W,-2.87,1.70334792137146
s669,ca,gnn_edge,123,1XZO,W101F,2.89,0.8043444156646729
s669,ca,gnn_edge,123,1XZO,W36A,8.93,1.0100574493408203
s669,ca,gnn_edge,123,1XZO,W36F,4.25,0.10441432893276215
s669,ca,gnn_edge,123,2ARF,H1069Q,0.7170000000000001,1.3758424520492554
s669,ca,gnn_edge,123,2H3F,E12A,-1.07,0.2537357211112976
s669,ca,gnn_edge,123,2JIE,H104R,-1.536,0.1882956176996231
s669,ca,gnn_edge,123,2JIE,Q22S,0.209,0.6892756223678589
s669,ca,gnn_edge,123,2JIE,S17A,1.246,0.9851009845733643
s669,ca,gnn_edge,123,2JIE,S19A,-0.951,1.1976521015167236
s669,ca,gnn_edge,123,2JIE,T18A,0.994,0.8753157258033752
s669,ca,gnn_edge,123,2JIE,W123F,-2.19,0.183412566781044
s669,ca,gnn_edge,123,2JIE,W123H,-1.06,1.0890583992004395
s669,ca,gnn_edge,123,2JIE,Y21A,3.443,1.959256887435913
s669,ca,gnn_edge,123,2KS4,D9A,-1.26,0.23347529768943787
s669,ca,gnn_edge,123,2KS4,E2A,0.23,0.21536803245544434
s669,ca,gnn_edge,123,2LTB,L558P,1.57,3.497062921524048
s669,ca,gnn_edge,123,2LTB,L569R,3.11,2.0281119346618652
s669,ca,gnn_edge,123,2LTB,M619K,3.34,0.4692920446395874
s669,ca,gnn_edge,123,2LTB,R533Q,1.1,1.1327847242355347
s669,ca,gnn_edge,123,2LTB,R555Q,0.36,1.6364669799804688
s669,ca,gnn_edge,123,2LTB,R555W,-1.79,0.6347867846488953
s669,ca,gnn_edge,123,2M5S,D302A,4.0,0.09553041309118271
s669,ca,gnn_edge,123,2M5S,H305A,2.0,0.45988601446151733
s669,ca,gnn_edge,123,2NTE,R658C,2.3,0.30151230096817017
s669,ca,gnn_edge,123,2PR5,A33Y,-0.5,0.11213970184326172
s669,ca,gnn_edge,123,2PR5,A81M,0.4,0.5596991181373596
s669,ca,gnn_edge,123,2PR5,D109E,-0.3,0.1105227917432785
s669,ca,gnn_edge,123,2PR5,H22K,-0.3,0.16146421432495117
s669,ca,gnn_edge,123,2PR5,H22W,-1.2,0.1140187531709671
s669,ca,gnn_edge,123,2PR5,M111F,-2.9,0.3338233530521393
s669,ca,gnn_edge,123,2PR5,N107F,-0.9,-0.702326238155365
s669,ca,gnn_edge,123,2PR5,N107Y,-0.8,-0.748467206954956
s669,ca,gnn_edge,123,2PR5,N124F,-1.1,-0.2661834955215454
s669,ca,gnn_edge,123,2PR5,N124Y,-2.6,-0.25933754444122314
s669,ca,gnn_edge,123,2PR5,T30M,-0.5,0.34957635402679443
s669,ca,gnn_edge,123,2PR5,T50M,0.5,1.2272731065750122
s669,ca,gnn_edge,123,2PR5,T54Y,-0.2,0.3318036198616028
s669,ca,gnn_edge,123,2PR5,V120I,-1.4,-0.5206236839294434
s669,ca,gnn_edge,123,2PR5,V25I,-0.4,0.05211847275495529
s669,ca,gnn_edge,123,2PR5,V88L,0.2,0.07019500434398651
s669,ca,gnn_edge,123,2PR5,V90I,0.7,0.00493234395980835
s669,ca,gnn_edge,123,2VY0,E53A,6.597,0.19726967811584473
s669,ca,gnn_edge,123,3BCI,E96Q,-1.369,1.429431676864624
s669,ca,gnn_edge,123,3D3B,D118A,0.65,0.2250944823026657
s669,ca,gnn_edge,123,3D3B,D118E,0.6,0.31499743461608887
s669,ca,gnn_edge,123,3D3B,D118K,1.6,0.2234576940536499
s669,ca,gnn_edge,123,3D3B,D118N,1.34,0.2605631351470947
s669,ca,gnn_edge,123,3D3B,D118R,1.41,0.19201569259166718
s669,ca,gnn_edge,123,3ECU,H46R,-0.8,-0.16504885256290436
s669,ca,gnn_edge,123,3S4M,D122Y,1.3,0.18125945329666138
s669,ca,gnn_edge,123,3S4M,G130V,2.5,0.2592740058898926
s669,ca,gnn_edge,123,3S4M,I154F,-0.096,1.3651670217514038
s669,ca,gnn_edge,123,3S4M,W155R,0.693,1.6813654899597168
s669,ca,gnn_edge,123,4BJX,A89V,-0.99,-0.011914268136024475
s669,ca,gnn_edge,123,4BUQ,Y48A,1.435,2.615225076675415
s669,ca,gnn_edge,123,4WAA,K65A,-0.1,0.24081814289093018
s669,ca,gnn_edge,123,4WAA,K67A,2.07,-0.3893548846244812
s669,ca,gnn_edge,123,4WAA,R27A,0.44,1.8864909410476685
s669,ca,gnn_edge,123,5VP3,R39K,-0.413,0.5830610990524292
s669,ca,gnn_edge,123,1BA3,H461D,1.745,0.4605516791343689
s669,ca,gnn_edge,123,1BA3,H489D,-0.287,0.5480414628982544
s669,ca,gnn_edge,123,1BA3,H489K,0.287,0.36780333518981934
s669,ca,gnn_edge,123,1BA3,H489M,0.263,0.1550111174583435
s669,ca,gnn_edge,123,1DIV,V129A,1.81,1.232670783996582
s669,ca,gnn_edge,123,1F8I,F345A,0.455,1.6802524328231812
s669,ca,gnn_edge,123,1FT8,L349I,-0.05,0.28359323740005493
s669,ca,gnn_edge,123,1LVM,S135G,-0.0,0.23301878571510315
s669,ca,gnn_edge,123,1NM1,D187N,0.88,1.057161569595337
s669,ca,gnn_edge,123,1NM1,D187Y,1.9,0.22000572085380554
s669,ca,gnn_edge,123,1PRE,C159S,2.4,0.6446691155433655
s669,ca,gnn_edge,123,1R2Y,R244E,4.2,2.331366777420044
s669,ca,gnn_edge,123,1XXN,N181R,-0.358,0.291875958442688
s669,ca,gnn_edge,123,3D2A,M134E,-3.02,1.1250951290130615
s669,ca,gnn_edge,123,3D2A,M137P,-3.34,1.3848360776901245
s669,ca,gnn_edge,123,3D2A,S163P,-2.11,0.4250362515449524
s669,ca,gnn_edge,123,5OAQ,Y429H,2.99,0.5388867855072021
s669,ca,gnn_edge,2024,1BFM,M35W,0.7,0.7666117548942566
s669,ca,gnn_edge,2024,1BFM,M35Y,0.4,0.7963045239448547
s669,ca,gnn_edge,2024,1D5G,H71Y,0.04,0.18138714134693146
s669,ca,gnn_edge,2024,1D5G,I20F,-0.91,0.9881833791732788
s669,ca,gnn_edge,2024,1EKG,L198C,1.0,0.2155998945236206
s669,ca,gnn_edge,2024,1EKG,L200C,2.0,0.07866665720939636
s669,ca,gnn_edge,2024,1EKG,L203C,-1.0,0.3048431873321533
s669,ca,gnn_edge,2024,1EKG,S181F,2.6,-0.01942896842956543
s669,ca,gnn_edge,2024,1FRD,H42R,-4.0,0.004564255475997925
s669,ca,gnn_edge,2024,1FXA,E94D,1.1,0.37279370427131653
s669,ca,gnn_edge,2024,1FXA,E94K,0.4,0.14994238317012787
s669,ca,gnn_edge,2024,1FXA,E94Q,-0.6,0.17671360075473785
s669,ca,gnn_edge,2024,1FXA,E95K,-1.0,0.14979809522628784
s669,ca,gnn_edge,2024,1FXA,F65A,1.0,0.29740971326828003
s669,ca,gnn_edge,2024,1FXA,F65I,0.9,0.04913993179798126
s669,ca,gnn_edge,2024,1FXA,F65W,0.6,0.06258058547973633
s669,ca,gnn_edge,2024,1FXA,F65Y,0.5,0.09296688437461853
s669,ca,gnn_edge,2024,1FXA,R42A,2.4,0.12186618894338608
s669,ca,gnn_edge,2024,1FXA,R42H,1.4,0.1577371060848236
s669,ca,gnn_edge,2024,1FXA,T48A,-0.1,0.08275702595710754
s669,ca,gnn_edge,2024,1GLU,C500A,1.22,2.1526310443878174
s669,ca,gnn_edge,2024,1GUA,A118G,1.963,0.9721229672431946
s669,ca,gnn_edge,2024,1GUA,A118L,1.951,0.38347572088241577
s669,ca,gnn_edge,2024,1GUA,A85G,2.149,0.22996346652507782
s669,ca,gnn_edge,2024,1GUA,A97G,0.863,1.500316858291626
s669,ca,gnn_edge,2024,1GUA,C81A,-0.283,1.2831032276153564
s669,ca,gnn_edge,2024,1GUA,C81I,0.912,0.10472563654184341
s669,ca,gnn_edge,2024,1GUA,C95A,0.08,0.2829821705818176
s669,ca,gnn_edge,2024,1GUA,C96A,1.759,0.5878079533576965
s669,ca,gnn_edge,2024,1GUA,C96L,0.043,0.20700642466545105
s669,ca,gnn_edge,2024,1GUA,C96M,0.337,0.20332908630371094
s669,ca,gnn_edge,2024,1GUA,D117A,0.706,-0.26107001304626465
s669,ca,gnn_edge,2024,1GUA,D129A,0.855,0.11321988701820374
s669,ca,gnn_edge,2024,1GUA,D80A,0.493,-0.35719895362854004
s669,ca,gnn_edge,2024,1GUA,E104A,-0.021,0.09720354527235031
s669,ca,gnn_edge,2024,1GUA,E124A,0.101,0.18462122976779938
s669,ca,gnn_edge,2024,1GUA,E125A,0.591,0.4904627203941345
s669,ca,gnn_edge,2024,1GUA,I58A,3.274,2.3637020587921143
s669,ca,gnn_edge,2024,1GUA,I58F,1.2990000000000002,1.3833591938018799
s669,ca,gnn_edge,2024,1GUA,I58L,0.7709999999999999,0.9655801057815552
s669,ca,gnn_edge,2024,1GUA,K109A,0.327,0.3076329827308655
s669,ca,gnn_edge,2024,1GUA,L112A,2.593,0.6971847414970398
s669,ca,gnn_edge,2024,1GUA,L121A,2.5340000000000003,0.5312387943267822
s669,ca,gnn_edge,2024,1GUA,L126A,3.405,2.4442903995513916
s669,ca,gnn_edge,2024,1GUA,L62A,3.46,2.798976182937622
s669,ca,gnn_edge,2024,1GUA,L78A,3.803,2.288362741470337
s669,ca,gnn_edge,2024,1GUA,L82A,3.529,1.3947741985321045
s669,ca,gnn_edge,2024,1GUA,L82I,1.6,0.18942253291606903
s669,ca,gnn_edge,2024,1GUA,L82V,1.7,0.5058481693267822
s669,ca,gnn_edge,2024,1GUA,L86A,3.2260000000000004,1.3208653926849365
s669,ca,gnn_edge,2024,1GUA,L91A,1.575,0.9911495447158813
s669,ca,gnn_edge,2024,1GUA,M76A,0.961,2.470120429992676
s669,ca,gnn_edge,2024,1GUA,N56M,-0.271,-0.2923918664455414
s669,ca,gnn_edge,2024,1GUA,N64A,1.14,0.13895802199840546
s669,ca,gnn_edge,2024,1GUA,P63A,1.7080000000000002,0.6661885380744934
s669,ca,gnn_edge,2024,1GUA,P93A,0.0819999999999999,1.4988417625427246
s669,ca,gnn_edge,2024,1GUA,Q66A,0.504,0.29318690299987793
s669,ca,gnn_edge,2024,1GUA,R100A,0.693,0.47508275508880615
s669,ca,gnn_edge,2024,1GUA,R59A,-0.178,0.737010657787323
s669,ca,gnn_edge,2024,1GUA,R89L,-1.078,-0.41451090574264526
s669,ca,gnn_edge,2024,1GUA,S77A,1.5730000000000002,1.3813116550445557
s669,ca,gnn_edge,2024,1GUA,S77T,-0.581,1.244983434677124
s669,ca,gnn_edge,2024,1GUA,T68A,0.109,1.0324068069458008
s669,ca,gnn_edge,2024,1GUA,V128A,3.3680000000000003,1.823896884918213
s669,ca,gnn_edge,2024,1GUA,V60A,2.251,2.6240780353546143
s669,ca,gnn_edge,2024,1GUA,V69A,1.116,1.4264991283416748
s669,ca,gnn_edge,2024,1GUA,V70A,1.77,1.8975603580474854
s669,ca,gnn_edge,2024,1GUA,V72A,1.052,2.1444036960601807
s669,ca,gnn_edge,2024,1GUA,V72I,0.8640000000000001,0.39942342042922974
s669,ca,gnn_edge,2024,1GUA,V98A,1.981,2.3598713874816895
s669,ca,gnn_edge,2024,1H0X,P18A,1.936,0.08305445313453674
s669,ca,gnn_edge,2024,1H0X,P62A,2.5810000000000004,0.2669403553009033
s669,ca,gnn_edge,2024,1HCQ,C67A,2.09,1.7071080207824707
s669,ca,gnn_edge,2024,1HCQ,C67S,1.99,1.814441204071045
s669,ca,gnn_edge,2024,1IOJ,G15A,-0.4,1.1967322826385498
s669,ca,gnn_edge,2024,1IV7,A173C,-0.5,0.047267526388168335
s669,ca,gnn_edge,2024,1IV7,F189C,2.5,0.18362316489219666
s669,ca,gnn_edge,2024,1IV7,L162C,1.9,1.4262745380401611
s669,ca,gnn_edge,2024,1IV9,S76Y,-4.299,0.4200113117694855
s669,ca,gnn_edge,2024,1J8I,K25A,-0.1,1.893470048904419
s669,ca,gnn_edge,2024,1J8I,K66A,-0.1,1.3518071174621582
s669,ca,gnn_edge,2024,1J8I,R23A,-0.8,0.18343903124332428
s669,ca,gnn_edge,2024,1J8I,R35A,0.1,0.6582457423210144
s669,ca,gnn_edge,2024,1J8I,R43A,-0.7,0.055757276713848114
s669,ca,gnn_edge,2024,1J8I,R9A,0.1,0.48577719926834106
s669,ca,gnn_edge,2024,1JL9,A25C,1.44,0.352804958820343
s669,ca,gnn_edge,2024,1L6H,F39A,1.6969999999999998,5.2247467041015625
s669,ca,gnn_edge,2024,1L6H,Y45A,0.55,3.117387533187866
s669,ca,gnn_edge,2024,1L6H,Y48A,1.482,1.0972312688827515
s669,ca,gnn_edge,2024,1N88,F21A,1.39,1.480271577835083
s669,ca,gnn_edge,2024,1N88,I39A,1.39,2.832536458969116
s669,ca,gnn_edge,2024,1N88,I80A,2.79,2.5946550369262695
s669,ca,gnn_edge,2024,1N88,I89A,2.35,1.3671667575836182
s669,ca,gnn_edge,2024,1N88,I8V,1.52,1.210813283920288
s669,ca,gnn_edge,2024,1N88,L13A,1.52,0.7521730065345764
s669,ca,gnn_edge,2024,1N88,L57A,1.11,0.3964298367500305
s669,ca,gnn_edge,2024,1N88,V12A,1.94,0.8435137867927551
s669,ca,gnn_edge,2024,1N88,V30A,2.84,1.4410502910614014
s669,ca,gnn_edge,2024,1N88,V43A,2.82,2.793578863143921
s669,ca,gnn_edge,2024,1N88,V49A,2.83,2.1549603939056396
s669,ca,gnn_edge,2024,1N88,V51A,3.24,2.369102716445923
s669,ca,gnn_edge,2024,1N88,V54A,3.73,2.5279922485351562
s669,ca,gnn_edge,2024,1N88,V81A,2.82,2.8691818714141846
s669,ca,gnn_edge,2024,1N88,V83A,3.1,2.8467142581939697
s669,ca,gnn_edge,2024,1N88,Y18A,-0.06,0.5465211868286133
s669,ca,gnn_edge,2024,1N88,Y26A,4.61,1.9209589958190918
s669,ca,gnn_edge,2024,1O6X,A31G,1.2,1.331082820892334
s669,ca,gnn_edge,2024,1O6X,A50G,1.4,2.133847713470459
s669,ca,gnn_edge,2024,1O6X,D38A,-0.36,0.0355587899684906
s669,ca,gnn_edge,2024,1O6X,E14A,0.3,-0.06083071231842041
s669,ca,gnn_edge,2024,1O6X,E20G,1.42,0.5162528157234192
s669,ca,gnn_edge,2024,1O6X,F39L,1.88,1.0920088291168213
s669,ca,gnn_edge,2024,1O6X,F65A,0.98,1.4758269786834717
s669,ca,gnn_edge,2024,1O6X,H51A,0.61,0.8693239688873291
s669,ca,gnn_edge,2024,1O6X,I15V,0.43,0.6183766722679138
s669,ca,gnn_edge,2024,1O6X,I23V,-0.42,1.0765902996063232
s669,ca,gnn_edge,2024,1O6X,I71V,1.31,0.9230287671089172
s669,ca,gnn_edge,2024,1O6X,I75A,1.31,2.1863324642181396
s669,ca,gnn_edge,2024,1O6X,K41A,1.98,0.5478988289833069
s669,ca,gnn_edge,2024,1O6X,L26V,0.97,0.923705518245697
s669,ca,gnn_edge,2024,1O6X,N58A,0.08,0.22860094904899597
s669,ca,gnn_edge,2024,1O6X,Q60G,0.49,0.19171425700187683
s669,ca,gnn_edge,2024,1O6X,V12A,1.1,2.2638583183288574
s669,ca,gnn_edge,2024,1O6X,V52A,1.08,2.0547428131103516
s669,ca,gnn_edge,2024,1O6X,V64G,1.1,2.5166451930999756
s669,ca,gnn_edge,2024,1O6X,Y73L,2.78,0.5092662572860718
s669,ca,gnn_edge,2024,1R6R,I88N,0.13,1.1660759449005127
s669,ca,gnn_edge,2024,1R6R,L50S,2.81,-0.20552289485931396
s669,ca,gnn_edge,2024,1R6R,L54S,0.24,0.13584840297698975
s669,ca,gnn_edge,2024,1R6R,L81N,6.84,0.41604381799697876
s669,ca,gnn_edge,2024,2BJD,V84D,4.493,2.258162260055542
s669,ca,gnn_edge,2024,2BJD,V84P,4.517,2.5476062297821045
s669,ca,gnn_edge,2024,2BJD,Y86E,2.103,1.021911382675171
s669,ca,gnn_edge,2024,2C9Q,Y79F,0.012,1.6399261951446533
s669,ca,gnn_edge,2024,2C9Q,Y79W,1.233,1.7856900691986084
s669,ca,gnn_edge,2024,2CLR,H13F,-0.12,0.006753146648406982
s669,ca,gnn_edge,2024,2CLR,H31F,-2.605,-0.11932533979415894
s669,ca,gnn_edge,2024,2CLR,H51F,1.912,-0.15204718708992004
s669,ca,gnn_edge,2024,2CLR,H84A,2.629,0.5613760948181152
s669,ca,gnn_edge,2024,2DVV,Q443H,-0.89,1.023259162902832
s669,ca,gnn_edge,2024,2DVV,R419W,0.02,-0.19309192895889282
s669,ca,gnn_edge,2024,2HBB,A22G,0.32,0.69215989112854
s669,ca,gnn_edge,2024,2HBB,A26G,1.79,1.808762550354004
s669,ca,gnn_edge,2024,2HBB,A36G,1.55,1.5408775806427002
s669,ca,gnn_edge,2024,2HBB,A39G,1.59,1.0816327333450317
s669,ca,gnn_edge,2024,2HBB,A42G,0.33,0.23773756623268127
s669,ca,gnn_edge,2024,2HBB,A46G,0.55,0.41795623302459717
s669,ca,gnn_edge,2024,2HBB,A49G,0.22,0.2065463811159134
s669,ca,gnn_edge,2024,2HBB,D23A,0.03,0.16314828395843506
s669,ca,gnn_edge,2024,2HBB,D23N,0.79,0.10661325603723526
s669,ca,gnn_edge,2024,2HBB,D8A,1.3,0.32438841462135315
s669,ca,gnn_edge,2024,2HBB,D8N,0.38,0.30970290303230286
s669,ca,gnn_edge,2024,2HBB,E17A,1.69,0.43880993127822876
s669,ca,gnn_edge,2024,2HBB,E17Q,0.33,0.43192148208618164
s669,ca,gnn_edge,2024,2HBB,E38A,0.41,-0.1075514554977417
s669,ca,gnn_edge,2024,2HBB,E38Q,0.68,-0.16547313332557678
s669,ca,gnn_edge,2024,2HBB,E48Q,-0.07,0.2040352076292038
s669,ca,gnn_edge,2024,2HBB,F31A,2.84,1.8436968326568604
s669,ca,gnn_edge,2024,2HBB,F5L,1.15,1.0314743518829346
s669,ca,gnn_edge,2024,2HBB,G24A,-0.02,0.6298441886901855
s669,ca,gnn_edge,2024,2HBB,G34A,1.02,0.41416680812835693
s669,ca,gnn_edge,2024,2HBB,I18A,2.05,1.0518507957458496
s669,ca,gnn_edge,2024,2HBB,I18V,0.07,0.4174259305000305
s669,ca,gnn_edge,2024,2HBB,I37A,1.28,2.172149896621704
s669,ca,gnn_edge,2024,2HBB,I37V,-0.09,1.1424661874771118
s669,ca,gnn_edge,2024,2HBB,I4V,0.59,0.9077832698822021
s669,ca,gnn_edge,2024,2HBB,K10E,-0.13,0.1825270801782608
s669,ca,gnn_edge,2024,2HBB,K10M,-0.47,0.11113923788070679
s669,ca,gnn_edge,2024,2HBB,K12A,-0.61,0.15405109524726868
s669,ca,gnn_edge,2024,2HBB,K12G,-0.03,0.21491658687591553
s669,ca,gnn_edge,2024,2HBB,K12M,-1.8,0.11113926023244858
s669,ca,gnn_edge,2024,2HBB,K14A,0.73,0.4731423556804657
s669,ca,gnn_edge,2024,2HBB,K14G,1.3,0.6625444293022156
s669,ca,gnn_edge,2024,2HBB,K14M,0.34,0.2769535779953003
s669,ca,gnn_edge,2024,2HBB,K15G,1.74,1.3180925846099854
s669,ca,gnn_edge,2024,2HBB,K15M,0.44,0.44589361548423767
s669,ca,gnn_edge,2024,2HBB,K7M,-0.21,0.06914407014846802
s669,ca,gnn_edge,2024,2HBB,L30A,2.76,2.308980703353882
s669,ca,gnn_edge,2024,2HBB,L35A,1.21,1.9703559875488281
s669,ca,gnn_edge,2024,2HBB,L44A,1.73,1.0249714851379395
s669,ca,gnn_edge,2024,2HBB,L47A,0.84,1.3220064640045166
s669,ca,gnn_edge,2024,2HBB,L6A,3.1,1.638059377670288
s669,ca,gnn_edge,2024,2HBB,M1A,1.46,0.5067940950393677
s669,ca,gnn_edge,2024,2HBB,T40S,0.8,0.3127157986164093
s669,ca,gnn_edge,2024,2HBB,V21A,2.33,1.0494846105575562
s669,ca,gnn_edge,2024,2HBB,V3A,2.55,1.788529872894287
s669,ca,gnn_edge,2024,2HBB,V9A,1.81,1.4485454559326172
s669,ca,gnn_edge,2024,2JUC,C57D,2.54,1.818241834640503
s669,ca,gnn_edge,2024,2JUC,C57S,0.71,1.6074392795562744
s669,ca,gnn_edge,2024,2JUC,R18A,1.75,0.3175409436225891
s669,ca,gnn_edge,2024,2KJ3,D288A,-1.2,0.5326594114303589
s669,ca,gnn_edge,2024,2KJ3,E272A,-1.9,0.7999318838119507
s669,ca,gnn_edge,2024,2KJ3,G278A,0.8,1.6237285137176514
s669,ca,gnn_edge,2024,2KJ3,K229A,-1.5,0.7741996645927429
s669,ca,gnn_edge,2024,2KJ3,L241A,-1.0,1.4582874774932861
s669,ca,gnn_edge,2024,2KJ3,S273A,-1.4,1.9791057109832764
s669,ca,gnn_edge,2024,2KJ3,V239A,-1.0,1.4537248611450195
s669,ca,gnn_edge,2024,2KJ3,V264A,-1.0,1.5830624103546143
s669,ca,gnn_edge,2024,2KJ3,V267A,-0.2,1.2725474834442139
s669,ca,gnn_edge,2024,2MPC,A89T,0.24,0.061050087213516235
s669,ca,gnn_edge,2024,2MPC,R42A,-0.62,0.015312835574150085
s669,ca,gnn_edge,2024,2MPC,R42W,-2.08,-0.3509424328804016
s669,ca,gnn_edge,2024,2N7Z,P88A,0.6,1.4624323844909668
s669,ca,gnn_edge,2024,2OUO,A420D,-0.44,0.4715244770050049
s669,ca,gnn_edge,2024,2PTL,A22G,2.43,2.403282403945923
s669,ca,gnn_edge,2024,2PTL,A27P,-0.1,1.7038564682006836
s669,ca,gnn_edge,2024,2PTL,A27V,0.83,0.3261232376098633
s669,ca,gnn_edge,2024,2PTL,A34G,2.17,1.542480707168579
s669,ca,gnn_edge,2024,2PTL,A34V,-1.47,0.1594475358724594
s669,ca,gnn_edge,2024,2PTL,A43G,2.54,2.7589261531829834
s669,ca,gnn_edge,2024,2PTL,A47G,3.1,2.1477160453796387
s669,ca,gnn_edge,2024,2PTL,A49G,1.32,0.6568277478218079
s669,ca,gnn_edge,2024,2PTL,A51G,3.12,1.5810017585754395
s669,ca,gnn_edge,2024,2PTL,A66G,0.49,0.96664959192276
s669,ca,gnn_edge,2024,2PTL,D52A,1.21,-0.05582195520401001
s669,ca,gnn_edge,2024,2PTL,D52G,2.14,0.13302622735500336
s669,ca,gnn_edge,2024,2PTL,D64A,0.2,-0.4835795760154724
s669,ca,gnn_edge,2024,2PTL,E35A,0.59,-0.018212586641311646
s669,ca,gnn_edge,2024,2PTL,E46G,1.19,0.44811347126960754
s669,ca,gnn_edge,2024,2PTL,E46I,1.08,-0.21184727549552917
s669,ca,gnn_edge,2024,2PTL,E60A,0.23,0.32754549384117126
s669,ca,gnn_edge,2024,2PTL,F26A,3.12,2.34304141998291
s669,ca,gnn_edge,2024,2PTL,F26L,0.68,0.852367639541626
s669,ca,gnn_edge,2024,2PTL,F36A,4.15,2.1879611015319824
s669,ca,gnn_edge,2024,2PTL,F36L,3.12,1.0843122005462646
s669,ca,gnn_edge,2024,2PTL,F40G,3.08,3.1475932598114014
s669,ca,gnn_edge,2024,2PTL,F40L,0.38,1.5419490337371826
s669,ca,gnn_edge,2024,2PTL,F76L,3.34,0.9516485333442688
s669,ca,gnn_edge,2024,2PTL,F76V,3.73,1.2747161388397217
s669,ca,gnn_edge,2024,2PTL,G29A,1.52,0.6895188689231873
s669,ca,gnn_edge,2024,2PTL,G29V,2.53,0.20719659328460693
s669,ca,gnn_edge,2024,2PTL,G38A,2.08,2.185556650161743
s669,ca,gnn_edge,2024,2PTL,G59A,2.23,1.0266070365905762
s669,ca,gnn_edge,2024,2PTL,G69A,2.04,0.7113349437713623
s669,ca,gnn_edge,2024,2PTL,I20A,4.9,3.1145920753479004
s669,ca,gnn_edge,2024,2PTL,I20V,0.56,2.2304773330688477
s669,ca,gnn_edge,2024,2PTL,I25A,1.37,2.605870008468628
s669,ca,gnn_edge,2024,2PTL,I25V,0.47,0.8646748065948486
s669,ca,gnn_edge,2024,2PTL,I74A,4.72,2.862034559249878
s669,ca,gnn_edge,2024,2PTL,I74V,1.69,1.8028199672698975
s669,ca,gnn_edge,2024,2PTL,K21A,0.92,1.1053634881973267
s669,ca,gnn_edge,2024,2PTL,K37A,0.88,2.1281168460845947
s669,ca,gnn_edge,2024,2PTL,K42G,-0.16,0.5224483013153076
s669,ca,gnn_edge,2024,2PTL,K55A,-0.58,0.44433116912841797
s669,ca,gnn_edge,2024,2PTL,K56A,-0.35,0.1258741319179535
s669,ca,gnn_edge,2024,2PTL,K68A,0.09,0.17170870304107666
s669,ca,gnn_edge,2024,2PTL,K75A,0.45,0.8262138962745667
s669,ca,gnn_edge,2024,2PTL,L24A,3.12,2.44338059425354
s669,ca,gnn_edge,2024,2PTL,L54A,2.44,0.6239345073699951
s669,ca,gnn_edge,2024,2PTL,L72A,3.77,2.080057382583618
s669,ca,gnn_edge,2024,2PTL,N23A,1.87,0.18881124258041382
s669,ca,gnn_edge,2024,2PTL,N28A,1.78,0.13868558406829834
s669,ca,gnn_edge,2024,2PTL,N58A,0.34,0.3240888714790344
s669,ca,gnn_edge,2024,2PTL,N73A,1.73,0.1863958239555359
s669,ca,gnn_edge,2024,2PTL,S30A,0.3,0.8748480081558228
s669,ca,gnn_edge,2024,2PTL,S45A,-0.41,0.851043164730072
s669,ca,gnn_edge,2024,2PTL,S45G,0.82,0.8012111783027649
s669,ca,gnn_edge,2024,2PTL,T19A,1.63,2.157331705093384
s669,ca,gnn_edge,2024,2PTL,T31A,1.17,0.47480708360671997
s669,ca,gnn_edge,2024,2PTL,T33A,1.11,0.5870175957679749
s669,ca,gnn_edge,2024,2PTL,T39A,1.25,1.6121797561645508
s669,ca,gnn_edge,2024,2PTL,T44A,1.09,1.9515931606292725
s669,ca,gnn_edge,2024,2PTL,T53G,0.17,0.36355388164520264
s669,ca,gnn_edge,2024,2PTL,T62A,0.97,1.030034065246582
s669,ca,gnn_edge,2024,2PTL,T71A,1.83,1.3182480335235596
s669,ca,gnn_edge,2024,2PTL,V18A,1.22,2.081169366836548
s669,ca,gnn_edge,2024,2PTL,V63A,0.92,1.9759821891784668
s669,ca,gnn_edge,2024,2PTL,V65A,1.14,1.7534029483795166
s669,ca,gnn_edge,2024,2PTL,Y48A,2.82,1.8906018733978271
s669,ca,gnn_edge,2024,2PTL,Y50A,2.46,1.0545859336853027
s669,ca,gnn_edge,2024,2PTL,Y70A,1.66,2.3063876628875732
s669,ca,gnn_edge,2024,2PTL,Y70L,-0.43,1.201977252960205
s669,ca,gnn_edge,2024,2RPN,E7L,-1.05,-0.00828501582145691
s669,ca,gnn_edge,2024,2RPN,V21K,-0.39,1.94476318359375
s669,ca,gnn_edge,2024,2WQG,D15A,-0.3,0.6401163339614868
s669,ca,gnn_edge,2024,2WQG,D38A,-0.1,1.1582462787628174
s669,ca,gnn_edge,2024,2WQG,D39A,2.2,1.0776336193084717
s669,ca,gnn_edge,2024,2WQG,D39N,2.6,1.0961949825286865
s669,ca,gnn_edge,2024,2WQG,E40Q,0.1,1.3110311031341553
s669,ca,gnn_edge,2024,2WQG,E41G,0.4,1.2916662693023682
s669,ca,gnn_edge,2024,2WQG,I36A,0.9,1.7014973163604736
s669,ca,gnn_edge,2024,2WQG,I36V,0.3,0.9659599661827087
s669,ca,gnn_edge,2024,2WQG,K14A,0.4,1.9380924701690674
s669,ca,gnn_edge,2024,2WQG,K14G,1.9,2.5672857761383057
s669,ca,gnn_edge,2024,2WQG,K19A,0.3,1.4697329998016357
s669,ca,gnn_edge,2024,2WQG,K28A,0.6,2.2607715129852295
s669,ca,gnn_edge,2024,2WQG,L13A,0.5,4.3427734375
s669,ca,gnn_edge,2024,2WQG,L16A,1.3,3.0485687255859375
s669,ca,gnn_edge,2024,2WQG,L8A,2.0,2.3930728435516357
s669,ca,gnn_edge,2024,2WQG,Q12A,0.6,0.6962442994117737
s669,ca,gnn_edge,2024,2WQG,Q12G,2.0,1.2108466625213623
s669,ca,gnn_edge,2024,2WQG,Q33A,-0.1,1.0480337142944336
s669,ca,gnn_edge,2024,2WQG,R34A,0.8,2.000885009765625
s669,ca,gnn_edge,2024,2WQG,S23A,0.6,0.826107382774353
s669,ca,gnn_edge,2024,2WQG,S6A,-0.1,1.6122143268585205
s669,ca,gnn_edge,2024,2WQG,S6G,0.2,1.6390705108642578
s669,ca,gnn_edge,2024,2WQG,T9S,-0.1,1.5320677757263184
s669,ca,gnn_edge,2024,2WQG,V10A,0.1,2.658069610595703
s669,ca,gnn_edge,2024,2WQG,V10G,0.7,3.7609500885009766
s669,ca,gnn_edge,2024,2WQG,V11A,-0.4,1.382856845855713
s669,ca,gnn_edge,2024,2WQG,V11G,-0.1,2.6340224742889404
s669,ca,gnn_edge,2024,2WQG,V24A,0.5,1.4827816486358643
s669,ca,gnn_edge,2024,2WQG,Y5F,2.4,0.9626505970954895
s669,ca,gnn_edge,2024,2ZTA,E11Q,0.74,0.5306580066680908
s669,ca,gnn_edge,2024,2ZTA,E20Q,-0.2,-0.10959365963935852
s669,ca,gnn_edge,2024,2ZTA,E22Q,1.83,0.0943012535572052
s669,ca,gnn_edge,2024,2ZTA,K15A,0.41,0.7412235736846924
s669,ca,gnn_edge,2024,2ZTA,K27A,0.91,0.17256075143814087
s669,ca,gnn_edge,2024,2ZTA,K28A,0.06,0.12605814635753632
s669,ca,gnn_edge,2024,2ZTA,K8A,0.39,0.6630672216415405
s669,ca,gnn_edge,2024,2ZTA,R25A,1.66,0.1658187359571457
s669,ca,gnn_edge,2024,3BN0,I20V,1.506,1.6771204471588135
s669,ca,gnn_edge,2024,3C2I,F155S,-0.43,1.598794937133789
s669,ca,gnn_edge,2024,3C2I,T158A,-0.47,0.7067345976829529
s669,ca,gnn_edge,2024,3C2I,T158M,-0.25,0.3183123767375946
s669,ca,gnn_edge,2024,3FIS,P61A,0.5,0.7641713619232178
s669,ca,gnn_edge,2024,3G1G,D155Y,-0.34,0.20321999490261078
s669,ca,gnn_edge,2024,3G1G,F167Y,0.74,1.3620707988739014
s669,ca,gnn_edge,2024,3G1G,I190V,0.17,1.425199270248413
s669,ca,gnn_edge,2024,3G1G,R185W,-1.32,0.266485333442688
s669,ca,gnn_edge,2024,3K82,E334L,3.35,-0.35406893491744995
s669,ca,gnn_edge,2024,3K82,E334Q,1.68,-0.005435824394226074
s669,ca,gnn_edge,2024,3K82,E401R,-5.49,0.18010449409484863
s669,ca,gnn_edge,2024,3MON,R39G,-1.194,0.48216256499290466
s669,ca,gnn_edge,2024,3MON,W3C,2.866,0.22811107337474823
s669,ca,gnn_edge,2024,3O39,L32P,3.25,1.674321174621582
s669,ca,gnn_edge,2024,3S92,H395R,-2.03,0.46916821599006653
s669,ca,gnn_edge,2024,4N6V,H75W,-0.574,0.09796617180109024
s669,ca,gnn_edge,2024,4N6V,P36G,1.362,0.3462678790092468
s669,ca,gnn_edge,2024,4N6V,P79S,-1.745,0.2478034347295761
s669,ca,gnn_edge,2024,4YEE,V134T,0.71,0.7289966940879822
s669,ca,gnn_edge,2024,4YEF,T134V,0.93,0.42807537317276
s669,ca,gnn_edge,2024,5JXB,D329G,1.44,0.13117876648902893
s669,ca,gnn_edge,2024,5JXB,D329P,1.44,0.3204396367073059
s669,ca,gnn_edge,2024,1A0F,S11A,1.8,1.5197815895080566
s669,ca,gnn_edge,2024,1A7V,A104H,2.69,0.3579617142677307
s669,ca,gnn_edge,2024,1A7V,A66H,1.98,0.0986604243516922
s669,ca,gnn_edge,2024,1A7V,A91H,1.7,0.5261855721473694
s669,ca,gnn_edge,2024,1A7V,D3H,1.36,-0.2654517889022827
s669,ca,gnn_edge,2024,1A7V,D58H,2.05,0.26004552841186523
s669,ca,gnn_edge,2024,1A7V,E73H,3.01,0.574623703956604
s669,ca,gnn_edge,2024,1A7V,K13H,0.6,1.4524734020233154
s669,ca,gnn_edge,2024,1A7V,K20H,2.88,0.468067467212677
s669,ca,gnn_edge,2024,1A7V,K31H,1.36,0.6915165185928345
s669,ca,gnn_edge,2024,1A7V,K39H,1.86,0.8756251931190491
s669,ca,gnn_edge,2024,1A7V,K49H,2.02,0.8763375282287598
s669,ca,gnn_edge,2024,1A7V,K84H,2.88,0.08626294136047363
s669,ca,gnn_edge,2024,1A7V,K97H,1.97,1.0913848876953125
s669,ca,gnn_edge,2024,1BNL,D76A,0.821,0.2779982089996338
s669,ca,gnn_edge,2024,1DIV,D23A,0.46,0.09161750972270966
s669,ca,gnn_edge,2024,1DIV,D23N,0.58,0.011615902185440063
s669,ca,gnn_edge,2024,1DIV,D8N,0.3,0.18183469772338867
s669,ca,gnn_edge,2024,1DIV,E100A,0.98,0.5700406432151794
s669,ca,gnn_edge,2024,1DIV,E100G,1.52,1.0763592720031738
s669,ca,gnn_edge,2024,1DIV,E17Q,0.21,0.6331003904342651
s669,ca,gnn_edge,2024,1DIV,E38Q,0.56,-0.4126303791999817
s669,ca,gnn_edge,2024,1DIV,E48Q,-0.03,0.30651238560676575
s669,ca,gnn_edge,2024,1DIV,E54Q,-0.33,0.8692502975463867
s669,ca,gnn_edge,2024,1DIV,H106Q,1.53,1.021040916442871
s669,ca,gnn_edge,2024,1DIV,I115A,3.52,1.5149102210998535
s669,ca,gnn_edge,2024,1DIV,I4A,2.22,2.275510787963867
s669,ca,gnn_edge,2024,1DIV,I4V,0.59,1.132895827293396
s669,ca,gnn_edge,2024,1DIV,I79A,3.49,0.9942622780799866
s669,ca,gnn_edge,2024,1DIV,I93A,3.19,0.30068495869636536
s669,ca,gnn_edge,2024,1DIV,I98A,4.28,2.6325290203094482
s669,ca,gnn_edge,2024,1DIV,K10M,-0.05,0.12089687585830688
s669,ca,gnn_edge,2024,1DIV,K14M,-0.01,0.4682157039642334
s669,ca,gnn_edge,2024,1DIV,K15M,0.31,0.42890945076942444
s669,ca,gnn_edge,2024,1DIV,K7M,-0.35,0.14744745194911957
s669,ca,gnn_edge,2024,1DIV,K96A,-0.61,0.4754050672054291
s669,ca,gnn_edge,2024,1DIV,K96G,0.2,0.7754090428352356
s669,ca,gnn_edge,2024,1DIV,L102A,2.37,2.821695566177368
s669,ca,gnn_edge,2024,1DIV,L108A,2.33,1.1537864208221436
s669,ca,gnn_edge,2024,1DIV,L110A,3.21,1.310786247253418
s669,ca,gnn_edge,2024,1DIV,L117A,0.82,0.3121544122695923
s669,ca,gnn_edge,2024,1DIV,L30A,2.76,2.5290162563323975
s669,ca,gnn_edge,2024,1DIV,L30V,3.62,1.223600149154663
s669,ca,gnn_edge,2024,1DIV,L6A,3.1,2.3214237689971924
s669,ca,gnn_edge,2024,1DIV,L6I,0.13,0.9343182444572449
s669,ca,gnn_edge,2024,1DIV,L6V,0.41,1.462712049484253
s669,ca,gnn_edge,2024,1DIV,L72A,3.77,1.7995243072509766
s669,ca,gnn_edge,2024,1DIV,M1A,1.46,0.45222175121307373
s669,ca,gnn_edge,2024,1DIV,M1G,2.36,0.49795010685920715
s669,ca,gnn_edge,2024,1DIV,V21A,2.33,1.2263600826263428
s669,ca,gnn_edge,2024,1DIV,V21I,0.4,0.19363397359848022
s669,ca,gnn_edge,2024,1DIV,V21L,1.23,0.36652955412864685
s669,ca,gnn_edge,2024,1DIV,V3A,2.55,1.9000911712646484
s669,ca,gnn_edge,2024,1DIV,V3I,0.31,0.38990530371665955
s669,ca,gnn_edge,2024,1DIV,V3L,2.21,0.5765427350997925
s669,ca,gnn_edge,2024,1DXX,K18N,3.7,1.1457853317260742
s669,ca,gnn_edge,2024,1FH5,S18N,-0.6,0.5229496955871582
s669,ca,gnn_edge,2024,1FT8,L212V,1.38,0.7848009467124939
s669,ca,gnn_edge,2024,1FT8,L238I,0.35,0.19832345843315125
s669,ca,gnn_edge,2024,1FT8,M216L,-0.27,0.6252408623695374
s669,ca,gnn_edge,2024,1GWY,A8D,1.6,0.2918911576271057
s669,ca,gnn_edge,2024,1ITM,C24T,3.3,0.837559163570404
s669,ca,gnn_edge,2024,1ITM,C3T,5.0,0.12806059420108795
s669,ca,gnn_edge,2024,1ITM,W91S,-1.4,1.5934245586395264
s669,ca,gnn_edge,2024,1JLV,E64D,1.162,0.4867627024650574
s669,ca,gnn_edge,2024,1JLV,E64N,2.3040000000000003,0.09845510125160217
s669,ca,gnn_edge,2024,1JLV,E64Q,2.302,0.11159509420394897
s669,ca,gnn_edge,2024,1LVM,E106G,-1.4,0.1753421574831009
s669,ca,gnn_edge,2024,1LVM,K45F,-0.43,-0.35709989070892334
s669,ca,gnn_edge,2024,1LVM,L56V,-0.0,0.2686164975166321
s669,ca,gnn_edge,2024,1LVM,Q58F,-0.6,-0.2989996075630188
s669,ca,gnn_edge,2024,1N18,E100G,2.5,0.46501004695892334
s669,ca,gnn_edge,2024,1N18,G85R,1.4,0.608462929725647
s669,ca,gnn_edge,2024,1N18,H46R,-1.4,0.3338422179222107
s669,ca,gnn_edge,2024,1O1U,E110A,3.3,0.20374222099781036
s669,ca,gnn_edge,2024,1O1U,N61A,1.2,0.9765579104423523
s669,ca,gnn_edge,2024,1O1U,Q51A,0.3,0.8758183717727661
s669,ca,gnn_edge,2024,1O1U,Q99A,-0.3,0.6280325651168823
s669,ca,gnn_edge,2024,1O1U,T38A,1.2,2.3973371982574463
s669,ca,gnn_edge,2024,1O1U,W49Y,1.2,2.554373025894165
s669,ca,gnn_edge,2024,1OSI,I11V,0.05,0.6543565392494202
s669,ca,gnn_edge,2024,1OSI,S92F,-0.39,0.06267312169075012
s669,ca,gnn_edge,2024,1OSI,V15I,0.78,0.4490819573402405
s669,ca,gnn_edge,2024,1PFL,A20T,1.53,0.5717121958732605
s669,ca,gnn_edge,2024,1PFL,G117V,1.96,0.42496833205223083
s669,ca,gnn_edge,2024,1PFL,M113T,3.53,2.4492433071136475
s669,ca,gnn_edge,2024,1PFL,T108M,-0.07,0.3352609872817993
s669,ca,gnn_edge,2024,1PRG,Q286P,0.3,2.5202414989471436
s669,ca,gnn_edge,2024,1PRG,R288H,-0.06,1.6253581047058105
s669,ca,gnn_edge,2024,1PRG,V290M,-0.03,0.5751147270202637
s669,ca,gnn_edge,2024,1SPD,C111S,-0.8,0.7029290199279785
s669,ca,gnn_edge,2024,1SPD,C6A,-0.1,0.3384978771209717
s669,ca,gnn_edge,2024,1XWS,E124Q,2.9,0.7572281360626221
s669,ca,gnn_edge,2024,1XWS,E135K,4.59,0.427945613861084
s669,ca,gnn_edge,2024,1XWS,E142D,3.22,0.34237372875213623
s669,ca,gnn_edge,2024,1XWS,Y53H,3.3,1.2321243286132812
s669,ca,gnn_edge,2024,1XXN,N32D,0.86,0.15651458501815796
s669,ca,gnn_edge,2024,1XXN,N54E,0.645,-0.0728590339422226
s669,ca,gnn_edge,2024,1XXN,S22E,-0.239,1.189577579498291
s669,ca,gnn_edge,2024,1XXN,S27E,0.645,0.6877398490905762
s669,ca,gnn_edge,2024,1XZO,F42W,-2.87,0.7059782147407532
s669,ca,gnn_edge,2024,1XZO,W101F,2.89,0.30672651529312134
s669,ca,gnn_edge,2024,1XZO,W36A,8.93,0.5589380264282227
s669,ca,gnn_edge,2024,1XZO,W36F,4.25,-0.1364307999610901
s669,ca,gnn_edge,2024,2ARF,H1069Q,0.7170000000000001,0.8791342377662659
s669,ca,gnn_edge,2024,2H3F,E12A,-1.07,-0.0020887404680252075
s669,ca,gnn_edge,2024,2JIE,H104R,-1.536,0.40438470244407654
s669,ca,gnn_edge,2024,2JIE,Q22S,0.209,0.6942898631095886
s669,ca,gnn_edge,2024,2JIE,S17A,1.246,0.8440849184989929
s669,ca,gnn_edge,2024,2JIE,S19A,-0.951,1.3464851379394531
s669,ca,gnn_edge,2024,2JIE,T18A,0.994,1.1318933963775635
s669,ca,gnn_edge,2024,2JIE,W123F,-2.19,0.04603132605552673
s669,ca,gnn_edge,2024,2JIE,W123H,-1.06,0.0700186938047409
s669,ca,gnn_edge,2024,2JIE,Y21A,3.443,1.4783859252929688
s669,ca,gnn_edge,2024,2KS4,D9A,-1.26,0.07124942541122437
s669,ca,gnn_edge,2024,2KS4,E2A,0.23,-0.059221237897872925
s669,ca,gnn_edge,2024,2LTB,L558P,1.57,2.6337153911590576
s669,ca,gnn_edge,2024,2LTB,L569R,3.11,2.4778635501861572
s669,ca,gnn_edge,2024,2LTB,M619K,3.34,0.06948664784431458
s669,ca,gnn_edge,2024,2LTB,R533Q,1.1,0.9149888753890991
s669,ca,gnn_edge,2024,2LTB,R555Q,0.36,1.884103536605835
s669,ca,gnn_edge,2024,2LTB,R555W,-1.79,0.7331770062446594
s669,ca,gnn_edge,2024,2M5S,D302A,4.0,0.24173098802566528
s669,ca,gnn_edge,2024,2M5S,H305A,2.0,1.1751384735107422
s669,ca,gnn_edge,2024,2NTE,R658C,2.3,0.30464425683021545
s669,ca,gnn_edge,2024,2PR5,A33Y,-0.5,-0.14704632759094238
s669,ca,gnn_edge,2024,2PR5,A81M,0.4,0.058919161558151245
s669,ca,gnn_edge,2024,2PR5,D109E,-0.3,-0.10639601945877075
s669,ca,gnn_edge,2024,2PR5,H22K,-0.3,0.101067915558815
s669,ca,gnn_edge,2024,2PR5,H22W,-1.2,-0.01924470067024231
s669,ca,gnn_edge,2024,2PR5,M111F,-2.9,-0.014678776264190674
s669,ca,gnn_edge,2024,2PR5,N107F,-0.9,-0.429121196269989
s669,ca,gnn_edge,2024,2PR5,N107Y,-0.8,-0.2608072757720947
s669,ca,gnn_edge,2024,2PR5,N124F,-1.1,-0.3277791142463684
s669,ca,gnn_edge,2024,2PR5,N124Y,-2.6,-0.14378434419631958
s669,ca,gnn_edge,2024,2PR5,T30M,-0.5,0.03515511751174927
s669,ca,gnn_edge,2024,2PR5,T50M,0.5,0.6531810760498047
s669,ca,gnn_edge,2024,2PR5,T54Y,-0.2,0.04858550429344177
s669,ca,gnn_edge,2024,2PR5,V120I,-1.4,0.10596252977848053
s669,ca,gnn_edge,2024,2PR5,V25I,-0.4,0.30789485573768616
s669,ca,gnn_edge,2024,2PR5,V88L,0.2,-0.1822074055671692
s669,ca,gnn_edge,2024,2PR5,V90I,0.7,-0.29289108514785767
s669,ca,gnn_edge,2024,2VY0,E53A,6.597,0.26105889678001404
s669,ca,gnn_edge,2024,3BCI,E96Q,-1.369,0.7059560418128967
s669,ca,gnn_edge,2024,3D3B,D118A,0.65,0.05981700122356415
s669,ca,gnn_edge,2024,3D3B,D118E,0.6,0.08638326823711395
s669,ca,gnn_edge,2024,3D3B,D118K,1.6,0.0441197007894516
s669,ca,gnn_edge,2024,3D3B,D118N,1.34,0.03363640606403351
s669,ca,gnn_edge,2024,3D3B,D118R,1.41,0.0248715877532959
s669,ca,gnn_edge,2024,3ECU,H46R,-0.8,0.21511435508728027
s669,ca,gnn_edge,2024,3S4M,D122Y,1.3,0.13044416904449463
s669,ca,gnn_edge,2024,3S4M,G130V,2.5,0.08415780961513519
s669,ca,gnn_edge,2024,3S4M,I154F,-0.096,1.772475242614746
s669,ca,gnn_edge,2024,3S4M,W155R,0.693,2.1055095195770264
s669,ca,gnn_edge,2024,4BJX,A89V,-0.99,-0.012973248958587646
s669,ca,gnn_edge,2024,4BUQ,Y48A,1.435,2.9199635982513428
s669,ca,gnn_edge,2024,4WAA,K65A,-0.1,0.10238845646381378
s669,ca,gnn_edge,2024,4WAA,K67A,2.07,-0.012592792510986328
s669,ca,gnn_edge,2024,4WAA,R27A,0.44,1.8291518688201904
s669,ca,gnn_edge,2024,5VP3,R39K,-0.413,0.47593069076538086
s669,ca,gnn_edge,2024,1BA3,H461D,1.745,0.2671794593334198
s669,ca,gnn_edge,2024,1BA3,H489D,-0.287,0.21273693442344666
s669,ca,gnn_edge,2024,1BA3,H489K,0.287,0.18747302889823914
s669,ca,gnn_edge,2024,1BA3,H489M,0.263,0.05452324450016022
s669,ca,gnn_edge,2024,1DIV,V129A,1.81,0.6679989099502563
s669,ca,gnn_edge,2024,1F8I,F345A,0.455,2.030325174331665
s669,ca,gnn_edge,2024,1FT8,L349I,-0.05,0.1668185591697693
s669,ca,gnn_edge,2024,1LVM,S135G,-0.0,0.1723485141992569
s669,ca,gnn_edge,2024,1NM1,D187N,0.88,1.1102367639541626
s669,ca,gnn_edge,2024,1NM1,D187Y,1.9,0.36112499237060547
s669,ca,gnn_edge,2024,1PRE,C159S,2.4,0.469804048538208
s669,ca,gnn_edge,2024,1R2Y,R244E,4.2,1.9250679016113281
s669,ca,gnn_edge,2024,1XXN,N181R,-0.358,0.17467160522937775
s669,ca,gnn_edge,2024,3D2A,M134E,-3.02,0.34618544578552246
s669,ca,gnn_edge,2024,3D2A,M137P,-3.34,0.538011908531189
s669,ca,gnn_edge,2024,3D2A,S163P,-2.11,0.24783210456371307
s669,ca,gnn_edge,2024,5OAQ,Y429H,2.99,0.36924487352371216
s669,ca,deep_gine,42,1BFM,M35W,0.7,0.6121098399162292
s669,ca,deep_gine,42,1BFM,M35Y,0.4,0.7007437944412231
s669,ca,deep_gine,42,1D5G,H71Y,0.04,0.5360433459281921
s669,ca,deep_gine,42,1D5G,I20F,-0.91,0.5253511667251587
s669,ca,deep_gine,42,1EKG,L198C,1.0,-0.02380828559398651
s669,ca,deep_gine,42,1EKG,L200C,2.0,0.1988433301448822
s669,ca,deep_gine,42,1EKG,L203C,-1.0,0.7800577878952026
s669,ca,deep_gine,42,1EKG,S181F,2.6,0.2922361493110657
s669,ca,deep_gine,42,1FRD,H42R,-4.0,-0.16501207649707794
s669,ca,deep_gine,42,1FXA,E94D,1.1,0.4703229069709778
s669,ca,deep_gine,42,1FXA,E94K,0.4,0.3399845361709595
s669,ca,deep_gine,42,1FXA,E94Q,-0.6,0.7396688461303711
s669,ca,deep_gine,42,1FXA,E95K,-1.0,0.16057328879833221
s669,ca,deep_gine,42,1FXA,F65A,1.0,1.4187532663345337
s669,ca,deep_gine,42,1FXA,F65I,0.9,0.8488709330558777
s669,ca,deep_gine,42,1FXA,F65W,0.6,0.9501518607139587
s669,ca,deep_gine,42,1FXA,F65Y,0.5,1.0371084213256836
s669,ca,deep_gine,42,1FXA,R42A,2.4,0.838467001914978
s669,ca,deep_gine,42,1FXA,R42H,1.4,0.823408842086792
s669,ca,deep_gine,42,1FXA,T48A,-0.1,0.9740231037139893
s669,ca,deep_gine,42,1GLU,C500A,1.22,4.426207065582275
s669,ca,deep_gine,42,1GUA,A118G,1.963,1.677301049232483
s669,ca,deep_gine,42,1GUA,A118L,1.951,0.11900560557842255
s669,ca,deep_gine,42,1GUA,A85G,2.149,0.7592021226882935
s669,ca,deep_gine,42,1GUA,A97G,0.863,2.5865349769592285
s669,ca,deep_gine,42,1GUA,C81A,-0.283,1.733465313911438
s669,ca,deep_gine,42,1GUA,C81I,0.912,0.3464727997779846
s669,ca,deep_gine,42,1GUA,C95A,0.08,0.17807142436504364
s669,ca,deep_gine,42,1GUA,C96A,1.759,0.806917130947113
s669,ca,deep_gine,42,1GUA,C96L,0.043,0.3792918920516968
s669,ca,deep_gine,42,1GUA,C96M,0.337,0.3086828589439392
s669,ca,deep_gine,42,1GUA,D117A,0.706,0.22261501848697662
s669,ca,deep_gine,42,1GUA,D129A,0.855,0.5727059245109558
s669,ca,deep_gine,42,1GUA,D80A,0.493,0.06224469840526581
s669,ca,deep_gine,42,1GUA,E104A,-0.021,0.20170927047729492
s669,ca,deep_gine,42,1GUA,E124A,0.101,0.8311518430709839
s669,ca,deep_gine,42,1GUA,E125A,0.591,1.5377168655395508
s669,ca,deep_gine,42,1GUA,I58A,3.274,4.271243572235107
s669,ca,deep_gine,42,1GUA,I58F,1.2990000000000002,3.2047581672668457
s669,ca,deep_gine,42,1GUA,I58L,0.7709999999999999,3.0940945148468018
s669,ca,deep_gine,42,1GUA,K109A,0.327,0.6149974465370178
s669,ca,deep_gine,42,1GUA,L112A,2.593,1.7082188129425049
s669,ca,deep_gine,42,1GUA,L121A,2.5340000000000003,2.0473649501800537
s669,ca,deep_gine,42,1GUA,L126A,3.405,3.4985485076904297
s669,ca,deep_gine,42,1GUA,L62A,3.46,3.531567096710205
s669,ca,deep_gine,42,1GUA,L78A,3.803,1.0784274339675903
s669,ca,deep_gine,42,1GUA,L82A,3.529,1.604928731918335
s669,ca,deep_gine,42,1GUA,L82I,1.6,0.5469681620597839
s669,ca,deep_gine,42,1GUA,L82V,1.7,0.7313404679298401
s669,ca,deep_gine,42,1GUA,L86A,3.2260000000000004,1.902597188949585
s669,ca,deep_gine,42,1GUA,L91A,1.575,0.3012463450431824
s669,ca,deep_gine,42,1GUA,M76A,0.961,1.7652571201324463
s669,ca,deep_gine,42,1GUA,N56M,-0.271,0.5159688591957092
s669,ca,deep_gine,42,1GUA,N64A,1.14,0.5695980787277222
s669,ca,deep_gine,42,1GUA,P63A,1.7080000000000002,2.4619154930114746
s669,ca,deep_gine,42,1GUA,P93A,0.0819999999999999,0.8863706588745117
s669,ca,deep_gine,42,1GUA,Q66A,0.504,1.0498321056365967
s669,ca,deep_gine,42,1GUA,R100A,0.693,0.6625820994377136
s669,ca,deep_gine,42,1GUA,R59A,-0.178,1.5203495025634766
s669,ca,deep_gine,42,1GUA,R89L,-1.078,-0.14601720869541168
s669,ca,deep_gine,42,1GUA,S77A,1.5730000000000002,1.063525676727295
s669,ca,deep_gine,42,1GUA,S77T,-0.581,0.6000130772590637
s669,ca,deep_gine,42,1GUA,T68A,0.109,1.2242752313613892
s669,ca,deep_gine,42,1GUA,V128A,3.3680000000000003,3.4019322395324707
s669,ca,deep_gine,42,1GUA,V60A,2.251,3.7999870777130127
s669,ca,deep_gine,42,1GUA,V69A,1.116,2.668294906616211
s669,ca,deep_gine,42,1GUA,V70A,1.77,2.5267693996429443
s669,ca,deep_gine,42,1GUA,V72A,1.052,2.6845521926879883
s669,ca,deep_gine,42,1GUA,V72I,0.8640000000000001,1.148301601409912
s669,ca,deep_gine,42,1GUA,V98A,1.981,3.732447624206543
s669,ca,deep_gine,42,1H0X,P18A,1.936,0.07712329179048538
s669,ca,deep_gine,42,1H0X,P62A,2.5810000000000004,0.8713280558586121
s669,ca,deep_gine,42,1HCQ,C67A,2.09,2.957752227783203
s669,ca,deep_gine,42,1HCQ,C67S,1.99,2.719726324081421
s669,ca,deep_gine,42,1IOJ,G15A,-0.4,0.4368000030517578
s669,ca,deep_gine,42,1IV7,A173C,-0.5,0.5470473170280457
s669,ca,deep_gine,42,1IV7,F189C,2.5,0.6621302366256714
s669,ca,deep_gine,42,1IV7,L162C,1.9,1.6747791767120361
s669,ca,deep_gine,42,1IV9,S76Y,-4.299,0.8033049702644348
s669,ca,deep_gine,42,1J8I,K25A,-0.1,1.2480219602584839
s669,ca,deep_gine,42,1J8I,K66A,-0.1,1.7231602668762207
s669,ca,deep_gine,42,1J8I,R23A,-0.8,0.47187602519989014
s669,ca,deep_gine,42,1J8I,R35A,0.1,0.8339092135429382
s669,ca,deep_gine,42,1J8I,R43A,-0.7,0.6946879625320435
s669,ca,deep_gine,42,1J8I,R9A,0.1,1.711748480796814
s669,ca,deep_gine,42,1JL9,A25C,1.44,-0.1370140165090561
s669,ca,deep_gine,42,1L6H,F39A,1.6969999999999998,3.8045830726623535
s669,ca,deep_gine,42,1L6H,Y45A,0.55,2.5799713134765625
s669,ca,deep_gine,42,1L6H,Y48A,1.482,0.7928667068481445
s669,ca,deep_gine,42,1N88,F21A,1.39,1.6493149995803833
s669,ca,deep_gine,42,1N88,I39A,1.39,3.0622100830078125
s669,ca,deep_gine,42,1N88,I80A,2.79,2.9919567108154297
s669,ca,deep_gine,42,1N88,I89A,2.35,2.0123140811920166
s669,ca,deep_gine,42,1N88,I8V,1.52,2.368426561355591
s669,ca,deep_gine,42,1N88,L13A,1.52,0.569227933883667
s669,ca,deep_gine,42,1N88,L57A,1.11,1.4439855813980103
s669,ca,deep_gine,42,1N88,V12A,1.94,0.8617844581604004
s669,ca,deep_gine,42,1N88,V30A,2.84,2.4309329986572266
s669,ca,deep_gine,42,1N88,V43A,2.82,2.6993746757507324
s669,ca,deep_gine,42,1N88,V49A,2.83,2.407191038131714
s669,ca,deep_gine,42,1N88,V51A,3.24,2.831007480621338
s669,ca,deep_gine,42,1N88,V54A,3.73,3.4102234840393066
s669,ca,deep_gine,42,1N88,V81A,2.82,3.3926870822906494
s669,ca,deep_gine,42,1N88,V83A,3.1,3.207509994506836
s669,ca,deep_gine,42,1N88,Y18A,-0.06,0.6592634320259094
s669,ca,deep_gine,42,1N88,Y26A,4.61,2.178447723388672
s669,ca,deep_gine,42,1O6X,A31G,1.2,0.2624126970767975
s669,ca,deep_gine,42,1O6X,A50G,1.4,0.38964664936065674
s669,ca,deep_gine,42,1O6X,D38A,-0.36,0.2978404760360718
s669,ca,deep_gine,42,1O6X,E14A,0.3,-0.2782827615737915
s669,ca,deep_gine,42,1O6X,E20G,1.42,0.3880622684955597
s669,ca,deep_gine,42,1O6X,F39L,1.88,0.08207133412361145
s669,ca,deep_gine,42,1O6X,F65A,0.98,0.20647966861724854
s669,ca,deep_gine,42,1O6X,H51A,0.61,0.02251569926738739
s669,ca,deep_gine,42,1O6X,I15V,0.43,0.238028883934021
s669,ca,deep_gine,42,1O6X,I23V,-0.42,0.5267309546470642
s669,ca,deep_gine,42,1O6X,I71V,1.31,0.30164530873298645
s669,ca,deep_gine,42,1O6X,I75A,1.31,0.057721272110939026
s669,ca,deep_gine,42,1O6X,K41A,1.98,0.058295756578445435
s669,ca,deep_gine,42,1O6X,L26V,0.97,0.48005586862564087
s669,ca,deep_gine,42,1O6X,N58A,0.08,0.15299519896507263
s669,ca,deep_gine,42,1O6X,Q60G,0.49,-0.16156695783138275
s669,ca,deep_gine,42,1O6X,V12A,1.1,1.1852402687072754
s669,ca,deep_gine,42,1O6X,V52A,1.08,1.236423373222351
s669,ca,deep_gine,42,1O6X,V64G,1.1,0.1899382323026657
s669,ca,deep_gine,42,1O6X,Y73L,2.78,0.055142611265182495
s669,ca,deep_gine,42,1R6R,I88N,0.13,1.9749119281768799
s669,ca,deep_gine,42,1R6R,L50S,2.81,-0.0856446772813797
s669,ca,deep_gine,42,1R6R,L54S,0.24,0.5616377592086792
s669,ca,deep_gine,42,1R6R,L81N,6.84,0.8737176656723022
s669,ca,deep_gine,42,2BJD,V84D,4.493,1.862154483795166
s669,ca,deep_gine,42,2BJD,V84P,4.517,2.1870410442352295
s669,ca,deep_gine,42,2BJD,Y86E,2.103,1.4263365268707275
s669,ca,deep_gine,42,2C9Q,Y79F,0.012,0.7315778732299805
s669,ca,deep_gine,42,2C9Q,Y79W,1.233,0.8246408700942993
s669,ca,deep_gine,42,2CLR,H13F,-0.12,0.7080355286598206
s669,ca,deep_gine,42,2CLR,H31F,-2.605,-0.01741178333759308
s669,ca,deep_gine,42,2CLR,H51F,1.912,0.1531657725572586
s669,ca,deep_gine,42,2CLR,H84A,2.629,0.8703874349594116
s669,ca,deep_gine,42,2DVV,Q443H,-0.89,1.3386743068695068
s669,ca,deep_gine,42,2DVV,R419W,0.02,0.6829197406768799
s669,ca,deep_gine,42,2HBB,A22G,0.32,0.49807173013687134
s669,ca,deep_gine,42,2HBB,A26G,1.79,2.7824015617370605
s669,ca,deep_gine,42,2HBB,A36G,1.55,2.776660919189453
s669,ca,deep_gine,42,2HBB,A39G,1.59,1.3854471445083618
s669,ca,deep_gine,42,2HBB,A42G,0.33,0.3261050581932068
s669,ca,deep_gine,42,2HBB,A46G,0.55,0.19126960635185242
s669,ca,deep_gine,42,2HBB,A49G,0.22,0.16480132937431335
s669,ca,deep_gine,42,2HBB,D23A,0.03,0.6404070258140564
s669,ca,deep_gine,42,2HBB,D23N,0.79,0.38443392515182495
s669,ca,deep_gine,42,2HBB,D8A,1.3,0.21091121435165405
s669,ca,deep_gine,42,2HBB,D8N,0.38,0.14616350829601288
s669,ca,deep_gine,42,2HBB,E17A,1.69,0.20100285112857819
s669,ca,deep_gine,42,2HBB,E17Q,0.33,0.24183329939842224
s669,ca,deep_gine,42,2HBB,E38A,0.41,1.0320336818695068
s669,ca,deep_gine,42,2HBB,E38Q,0.68,0.9470747113227844
s669,ca,deep_gine,42,2HBB,E48Q,-0.07,0.02584199607372284
s669,ca,deep_gine,42,2HBB,F31A,2.84,2.938840866088867
s669,ca,deep_gine,42,2HBB,F5L,1.15,0.5949730277061462
s669,ca,deep_gine,42,2HBB,G24A,-0.02,1.6059205532073975
s669,ca,deep_gine,42,2HBB,G34A,1.02,1.3740144968032837
s669,ca,deep_gine,42,2HBB,I18A,2.05,1.2430334091186523
s669,ca,deep_gine,42,2HBB,I18V,0.07,0.804994523525238
s669,ca,deep_gine,42,2HBB,I37A,1.28,2.733664035797119
s669,ca,deep_gine,42,2HBB,I37V,-0.09,1.9049501419067383
s669,ca,deep_gine,42,2HBB,I4V,0.59,1.7970690727233887
s669,ca,deep_gine,42,2HBB,K10E,-0.13,0.19597281515598297
s669,ca,deep_gine,42,2HBB,K10M,-0.47,0.05183880031108856
s669,ca,deep_gine,42,2HBB,K12A,-0.61,0.2708415687084198
s669,ca,deep_gine,42,2HBB,K12G,-0.03,0.26185065507888794
s669,ca,deep_gine,42,2HBB,K12M,-1.8,0.05183880031108856
s669,ca,deep_gine,42,2HBB,K14A,0.73,0.22738590836524963
s669,ca,deep_gine,42,2HBB,K14G,1.3,0.3210805654525757
s669,ca,deep_gine,42,2HBB,K14M,0.34,-0.022762522101402283
s669,ca,deep_gine,42,2HBB,K15G,1.74,0.4196914732456207
s669,ca,deep_gine,42,2HBB,K15M,0.44,-0.0033079534769058228
s669,ca,deep_gine,42,2HBB,K7M,-0.21,0.19183199107646942
s669,ca,deep_gine,42,2HBB,L30A,2.76,2.9996891021728516
s669,ca,deep_gine,42,2HBB,L35A,1.21,2.438337564468384
s669,ca,deep_gine,42,2HBB,L44A,1.73,0.4069482088088989
s669,ca,deep_gine,42,2HBB,L47A,0.84,0.32315996289253235
s669,ca,deep_gine,42,2HBB,L6A,3.1,1.3194749355316162
s669,ca,deep_gine,42,2HBB,M1A,1.46,1.0754081010818481
s669,ca,deep_gine,42,2HBB,T40S,0.8,0.38787561655044556
s669,ca,deep_gine,42,2HBB,V21A,2.33,1.1256029605865479
s669,ca,deep_gine,42,2HBB,V3A,2.55,2.7517504692077637
s669,ca,deep_gine,42,2HBB,V9A,1.81,0.703497052192688
s669,ca,deep_gine,42,2JUC,C57D,2.54,1.2840080261230469
s669,ca,deep_gine,42,2JUC,C57S,0.71,1.3223940134048462
s669,ca,deep_gine,42,2JUC,R18A,1.75,0.6680034399032593
s669,ca,deep_gine,42,2KJ3,D288A,-1.2,0.4071337580680847
s669,ca,deep_gine,42,2KJ3,E272A,-1.9,0.5727384686470032
s669,ca,deep_gine,42,2KJ3,G278A,0.8,1.9705193042755127
s669,ca,deep_gine,42,2KJ3,K229A,-1.5,0.4508401155471802
s669,ca,deep_gine,42,2KJ3,L241A,-1.0,1.2293074131011963
s669,ca,deep_gine,42,2KJ3,S273A,-1.4,2.333265781402588
s669,ca,deep_gine,42,2KJ3,V239A,-1.0,1.9553310871124268
s669,ca,deep_gine,42,2KJ3,V264A,-1.0,1.014986276626587
s669,ca,deep_gine,42,2KJ3,V267A,-0.2,0.5497371554374695
s669,ca,deep_gine,42,2MPC,A89T,0.24,0.07058162987232208
s669,ca,deep_gine,42,2MPC,R42A,-0.62,0.43232905864715576
s669,ca,deep_gine,42,2MPC,R42W,-2.08,0.24941010773181915
s669,ca,deep_gine,42,2N7Z,P88A,0.6,1.3797707557678223
s669,ca,deep_gine,42,2OUO,A420D,-0.44,0.8102819323539734
s669,ca,deep_gine,42,2PTL,A22G,2.43,4.988030910491943
s669,ca,deep_gine,42,2PTL,A27P,-0.1,2.6223573684692383
s669,ca,deep_gine,42,2PTL,A27V,0.83,1.6405928134918213
s669,ca,deep_gine,42,2PTL,A34G,2.17,4.268233776092529
s669,ca,deep_gine,42,2PTL,A34V,-1.47,3.6789121627807617
s669,ca,deep_gine,42,2PTL,A43G,2.54,4.177095413208008
s669,ca,deep_gine,42,2PTL,A47G,3.1,4.3699259757995605
s669,ca,deep_gine,42,2PTL,A49G,1.32,1.3161733150482178
s669,ca,deep_gine,42,2PTL,A51G,3.12,3.635683059692383
s669,ca,deep_gine,42,2PTL,A66G,0.49,2.127276659011841
s669,ca,deep_gine,42,2PTL,D52A,1.21,1.2453017234802246
s669,ca,deep_gine,42,2PTL,D52G,2.14,1.4797420501708984
s669,ca,deep_gine,42,2PTL,D64A,0.2,1.27951180934906
s669,ca,deep_gine,42,2PTL,E35A,0.59,4.233942031860352
s669,ca,deep_gine,42,2PTL,E46G,1.19,3.1514840126037598
s669,ca,deep_gine,42,2PTL,E46I,1.08,2.2300336360931396
s669,ca,deep_gine,42,2PTL,E60A,0.23,1.425995111465454
s669,ca,deep_gine,42,2PTL,F26A,3.12,4.165820598602295
s669,ca,deep_gine,42,2PTL,F26L,0.68,2.6016793251037598
s669,ca,deep_gine,42,2PTL,F36A,4.15,4.261416435241699
s669,ca,deep_gine,42,2PTL,F36L,3.12,3.5529732704162598
s669,ca,deep_gine,42,2PTL,F40G,3.08,4.20498514175415
s669,ca,deep_gine,42,2PTL,F40L,0.38,2.4153614044189453
s669,ca,deep_gine,42,2PTL,F76L,3.34,1.890101671218872
s669,ca,deep_gine,42,2PTL,F76V,3.73,2.2402150630950928
s669,ca,deep_gine,42,2PTL,G29A,1.52,2.777431011199951
s669,ca,deep_gine,42,2PTL,G29V,2.53,2.484193801879883
s669,ca,deep_gine,42,2PTL,G38A,2.08,3.7259521484375
s669,ca,deep_gine,42,2PTL,G59A,2.23,1.3407869338989258
s669,ca,deep_gine,42,2PTL,G69A,2.04,2.0918943881988525
s669,ca,deep_gine,42,2PTL,I20A,4.9,4.4000244140625
s669,ca,deep_gine,42,2PTL,I20V,0.56,3.701813220977783
s669,ca,deep_gine,42,2PTL,I25A,1.37,4.98506498336792
s669,ca,deep_gine,42,2PTL,I25V,0.47,4.231089115142822
s669,ca,deep_gine,42,2PTL,I74A,4.72,5.256344318389893
s669,ca,deep_gine,42,2PTL,I74V,1.69,4.651971340179443
s669,ca,deep_gine,42,2PTL,K21A,0.92,3.9561703205108643
s669,ca,deep_gine,42,2PTL,K37A,0.88,3.009215831756592
s669,ca,deep_gine,42,2PTL,K42G,-0.16,3.6749863624572754
s669,ca,deep_gine,42,2PTL,K55A,-0.58,1.2468305826187134
s669,ca,deep_gine,42,2PTL,K56A,-0.35,0.9186520576477051
s669,ca,deep_gine,42,2PTL,K68A,0.09,2.0699026584625244
s669,ca,deep_gine,42,2PTL,K75A,0.45,2.6863162517547607
s669,ca,deep_gine,42,2PTL,L24A,3.12,4.67992639541626
s669,ca,deep_gine,42,2PTL,L54A,2.44,1.1477184295654297
s669,ca,deep_gine,42,2PTL,L72A,3.77,4.517099857330322
s669,ca,deep_gine,42,2PTL,N23A,1.87,2.8480119705200195
s669,ca,deep_gine,42,2PTL,N28A,1.78,1.3852183818817139
s669,ca,deep_gine,42,2PTL,N58A,0.34,0.9579005241394043
s669,ca,deep_gine,42,2PTL,N73A,1.73,1.7289180755615234
s669,ca,deep_gine,42,2PTL,S30A,0.3,3.2107958793640137
s669,ca,deep_gine,42,2PTL,S45A,-0.41,3.302685260772705
s669,ca,deep_gine,42,2PTL,S45G,0.82,3.39208984375
s669,ca,deep_gine,42,2PTL,T19A,1.63,4.06471586227417
s669,ca,deep_gine,42,2PTL,T31A,1.17,3.146367073059082
s669,ca,deep_gine,42,2PTL,T33A,1.11,4.22109842300415
s669,ca,deep_gine,42,2PTL,T39A,1.25,3.6353023052215576
s669,ca,deep_gine,42,2PTL,T44A,1.09,3.57138729095459
s669,ca,deep_gine,42,2PTL,T53G,0.17,1.1201190948486328
s669,ca,deep_gine,42,2PTL,T62A,0.97,2.8823728561401367
s669,ca,deep_gine,42,2PTL,T71A,1.83,4.04548978805542
s669,ca,deep_gine,42,2PTL,V18A,1.22,3.1719553470611572
s669,ca,deep_gine,42,2PTL,V63A,0.92,3.383894443511963
s669,ca,deep_gine,42,2PTL,V65A,1.14,2.834212303161621
s669,ca,deep_gine,42,2PTL,Y48A,2.82,3.7506654262542725
s669,ca,deep_gine,42,2PTL,Y50A,2.46,2.662022590637207
s669,ca,deep_gine,42,2PTL,Y70A,1.66,3.8606252670288086
s669,ca,deep_gine,42,2PTL,Y70L,-0.43,2.9444243907928467
s669,ca,deep_gine,42,2RPN,E7L,-1.05,0.4573398232460022
s669,ca,deep_gine,42,2RPN,V21K,-0.39,1.6007585525512695
s669,ca,deep_gine,42,2WQG,D15A,-0.3,0.3339330554008484
s669,ca,deep_gine,42,2WQG,D38A,-0.1,0.7545444965362549
s669,ca,deep_gine,42,2WQG,D39A,2.2,0.7055110931396484
s669,ca,deep_gine,42,2WQG,D39N,2.6,0.6233825087547302
s669,ca,deep_gine,42,2WQG,E40Q,0.1,0.6505436897277832
s669,ca,deep_gine,42,2WQG,E41G,0.4,0.5972898602485657
s669,ca,deep_gine,42,2WQG,I36A,0.9,2.2229838371276855
s669,ca,deep_gine,42,2WQG,I36V,0.3,1.3790922164916992
s669,ca,deep_gine,42,2WQG,K14A,0.4,0.7509239912033081
s669,ca,deep_gine,42,2WQG,K14G,1.9,1.6475498676300049
s669,ca,deep_gine,42,2WQG,K19A,0.3,0.5305321216583252
s669,ca,deep_gine,42,2WQG,K28A,0.6,1.3097712993621826
s669,ca,deep_gine,42,2WQG,L13A,0.5,3.644634962081909
s669,ca,deep_gine,42,2WQG,L16A,1.3,2.046292781829834
s669,ca,deep_gine,42,2WQG,L8A,2.0,1.2375386953353882
s669,ca,deep_gine,42,2WQG,Q12A,0.6,0.00709863007068634
s669,ca,deep_gine,42,2WQG,Q12G,2.0,0.16654805839061737
s669,ca,deep_gine,42,2WQG,Q33A,-0.1,1.2166473865509033
s669,ca,deep_gine,42,2WQG,R34A,0.8,1.1244419813156128
s669,ca,deep_gine,42,2WQG,S23A,0.6,1.0227372646331787
s669,ca,deep_gine,42,2WQG,S6A,-0.1,2.188401699066162
s669,ca,deep_gine,42,2WQG,S6G,0.2,2.388400077819824
s669,ca,deep_gine,42,2WQG,T9S,-0.1,0.8965298533439636
s669,ca,deep_gine,42,2WQG,V10A,0.1,1.3961410522460938
s669,ca,deep_gine,42,2WQG,V10G,0.7,2.6219279766082764
s669,ca,deep_gine,42,2WQG,V11A,-0.4,1.0792614221572876
s669,ca,deep_gine,42,2WQG,V11G,-0.1,0.9565862417221069
s669,ca,deep_gine,42,2WQG,V24A,0.5,1.0827200412750244
s669,ca,deep_gine,42,2WQG,Y5F,2.4,0.9260950684547424
s669,ca,deep_gine,42,2ZTA,E11Q,0.74,0.4066660702228546
s669,ca,deep_gine,42,2ZTA,E20Q,-0.2,0.4255784749984741
s669,ca,deep_gine,42,2ZTA,E22Q,1.83,0.31297457218170166
s669,ca,deep_gine,42,2ZTA,K15A,0.41,0.7662853002548218
s669,ca,deep_gine,42,2ZTA,K27A,0.91,0.15259665250778198
s669,ca,deep_gine,42,2ZTA,K28A,0.06,0.263982355594635
s669,ca,deep_gine,42,2ZTA,K8A,0.39,0.43697071075439453
s669,ca,deep_gine,42,2ZTA,R25A,1.66,0.23190584778785706
s669,ca,deep_gine,42,3BN0,I20V,1.506,2.0357131958007812
s669,ca,deep_gine,42,3C2I,F155S,-0.43,1.4123859405517578
s669,ca,deep_gine,42,3C2I,T158A,-0.47,0.930907130241394
s669,ca,deep_gine,42,3C2I,T158M,-0.25,0.7167139053344727
s669,ca,deep_gine,42,3FIS,P61A,0.5,1.3197429180145264
s669,ca,deep_gine,42,3G1G,D155Y,-0.34,0.4109534025192261
s669,ca,deep_gine,42,3G1G,F167Y,0.74,1.8843762874603271
s669,ca,deep_gine,42,3G1G,I190V,0.17,1.5044394731521606
s669,ca,deep_gine,42,3G1G,R185W,-1.32,-0.05635339021682739
s669,ca,deep_gine,42,3K82,E334L,3.35,0.5479748249053955
s669,ca,deep_gine,42,3K82,E334Q,1.68,0.8336784243583679
s669,ca,deep_gine,42,3K82,E401R,-5.49,0.49966710805892944
s669,ca,deep_gine,42,3MON,R39G,-1.194,0.8252891898155212
s669,ca,deep_gine,42,3MON,W3C,2.866,0.18886247277259827
s669,ca,deep_gine,42,3O39,L32P,3.25,1.8066527843475342
s669,ca,deep_gine,42,3S92,H395R,-2.03,1.0784486532211304
s669,ca,deep_gine,42,4N6V,H75W,-0.574,-0.06225399672985077
s669,ca,deep_gine,42,4N6V,P36G,1.362,0.20062147080898285
s669,ca,deep_gine,42,4N6V,P79S,-1.745,0.27912139892578125
s669,ca,deep_gine,42,4YEE,V134T,0.71,0.5646207332611084
s669,ca,deep_gine,42,4YEF,T134V,0.93,0.6242846250534058
s669,ca,deep_gine,42,5JXB,D329G,1.44,0.0737994909286499
s669,ca,deep_gine,42,5JXB,D329P,1.44,0.10282076150178909
s669,ca,deep_gine,42,1A0F,S11A,1.8,2.023643970489502
s669,ca,deep_gine,42,1A7V,A104H,2.69,0.48308998346328735
s669,ca,deep_gine,42,1A7V,A66H,1.98,-0.07046912610530853
s669,ca,deep_gine,42,1A7V,A91H,1.7,1.104909062385559
s669,ca,deep_gine,42,1A7V,D3H,1.36,1.0513702630996704
s669,ca,deep_gine,42,1A7V,D58H,2.05,0.3536890149116516
s669,ca,deep_gine,42,1A7V,E73H,3.01,0.3268887996673584
s669,ca,deep_gine,42,1A7V,K13H,0.6,0.786877453327179
s669,ca,deep_gine,42,1A7V,K20H,2.88,0.2502114176750183
s669,ca,deep_gine,42,1A7V,K31H,1.36,0.38399457931518555
s669,ca,deep_gine,42,1A7V,K39H,1.86,1.0390057563781738
s669,ca,deep_gine,42,1A7V,K49H,2.02,0.7717893123626709
s669,ca,deep_gine,42,1A7V,K84H,2.88,0.991551399230957
s669,ca,deep_gine,42,1A7V,K97H,1.97,2.1683692932128906
s669,ca,deep_gine,42,1BNL,D76A,0.821,0.15182814002037048
s669,ca,deep_gine,42,1DIV,D23A,0.46,0.5465407967567444
s669,ca,deep_gine,42,1DIV,D23N,0.58,0.17571741342544556
s669,ca,deep_gine,42,1DIV,D8N,0.3,0.1426234394311905
s669,ca,deep_gine,42,1DIV,E100A,0.98,0.18062610924243927
s669,ca,deep_gine,42,1DIV,E100G,1.52,0.27521711587905884
s669,ca,deep_gine,42,1DIV,E17Q,0.21,0.37685924768447876
s669,ca,deep_gine,42,1DIV,E38Q,0.56,0.4631214141845703
s669,ca,deep_gine,42,1DIV,E48Q,-0.03,0.6189700365066528
s669,ca,deep_gine,42,1DIV,E54Q,-0.33,1.3266587257385254
s669,ca,deep_gine,42,1DIV,H106Q,1.53,0.5237219929695129
s669,ca,deep_gine,42,1DIV,I115A,3.52,0.4681459665298462
s669,ca,deep_gine,42,1DIV,I4A,2.22,2.071241617202759
s669,ca,deep_gine,42,1DIV,I4V,0.59,1.232297420501709
s669,ca,deep_gine,42,1DIV,I79A,3.49,0.3281221389770508
s669,ca,deep_gine,42,1DIV,I93A,3.19,0.14207619428634644
s669,ca,deep_gine,42,1DIV,I98A,4.28,1.280714750289917
s669,ca,deep_gine,42,1DIV,K10M,-0.05,0.10307131707668304
s669,ca,deep_gine,42,1DIV,K14M,-0.01,0.34981971979141235
s669,ca,deep_gine,42,1DIV,K15M,0.31,0.5420874953269958
s669,ca,deep_gine,42,1DIV,K7M,-0.35,0.026164397597312927
s669,ca,deep_gine,42,1DIV,K96A,-0.61,0.3995887041091919
s669,ca,deep_gine,42,1DIV,K96G,0.2,0.46541523933410645
s669,ca,deep_gine,42,1DIV,L102A,2.37,1.5143193006515503
s669,ca,deep_gine,42,1DIV,L108A,2.33,0.39723002910614014
s669,ca,deep_gine,42,1DIV,L110A,3.21,0.5914500951766968
s669,ca,deep_gine,42,1DIV,L117A,0.82,0.01332545280456543
s669,ca,deep_gine,42,1DIV,L30A,2.76,2.3459596633911133
s669,ca,deep_gine,42,1DIV,L30V,3.62,1.3363784551620483
s669,ca,deep_gine,42,1DIV,L6A,3.1,2.0210115909576416
s669,ca,deep_gine,42,1DIV,L6I,0.13,0.6537388563156128
s669,ca,deep_gine,42,1DIV,L6V,0.41,1.225618600845337
s669,ca,deep_gine,42,1DIV,L72A,3.77,0.5169603824615479
s669,ca,deep_gine,42,1DIV,M1A,1.46,0.773022472858429
s669,ca,deep_gine,42,1DIV,M1G,2.36,1.152181625366211
s669,ca,deep_gine,42,1DIV,V21A,2.33,0.8874089121818542
s669,ca,deep_gine,42,1DIV,V21I,0.4,0.502798855304718
s669,ca,deep_gine,42,1DIV,V21L,1.23,0.5663397312164307
s669,ca,deep_gine,42,1DIV,V3A,2.55,2.21380352973938
s669,ca,deep_gine,42,1DIV,V3I,0.31,0.7600724697113037
s669,ca,deep_gine,42,1DIV,V3L,2.21,1.1219661235809326
s669,ca,deep_gine,42,1DXX,K18N,3.7,0.5575937628746033
s669,ca,deep_gine,42,1FH5,S18N,-0.6,1.7038758993148804
s669,ca,deep_gine,42,1FT8,L212V,1.38,0.3692193627357483
s669,ca,deep_gine,42,1FT8,L238I,0.35,-0.3478858470916748
s669,ca,deep_gine,42,1FT8,M216L,-0.27,0.44294100999832153
s669,ca,deep_gine,42,1GWY,A8D,1.6,0.18171176314353943
s669,ca,deep_gine,42,1ITM,C24T,3.3,1.0721147060394287
s669,ca,deep_gine,42,1ITM,C3T,5.0,-0.0634755939245224
s669,ca,deep_gine,42,1ITM,W91S,-1.4,1.6370750665664673
s669,ca,deep_gine,42,1JLV,E64D,1.162,0.32584330439567566
s669,ca,deep_gine,42,1JLV,E64N,2.3040000000000003,0.15005019307136536
s669,ca,deep_gine,42,1JLV,E64Q,2.302,0.4863988161087036
s669,ca,deep_gine,42,1LVM,E106G,-1.4,0.45724207162857056
s669,ca,deep_gine,42,1LVM,K45F,-0.43,0.24750691652297974
s669,ca,deep_gine,42,1LVM,L56V,-0.0,2.7317934036254883
s669,ca,deep_gine,42,1LVM,Q58F,-0.6,-0.29251545667648315
s669,ca,deep_gine,42,1N18,E100G,2.5,0.2834125757217407
s669,ca,deep_gine,42,1N18,G85R,1.4,0.7289907932281494
s669,ca,deep_gine,42,1N18,H46R,-1.4,0.45684605836868286
s669,ca,deep_gine,42,1O1U,E110A,3.3,0.18770302832126617
s669,ca,deep_gine,42,1O1U,N61A,1.2,1.230814814567566
s669,ca,deep_gine,42,1O1U,Q51A,0.3,0.9808284044265747
s669,ca,deep_gine,42,1O1U,Q99A,-0.3,0.6273592114448547
s669,ca,deep_gine,42,1O1U,T38A,1.2,1.3942556381225586
s669,ca,deep_gine,42,1O1U,W49Y,1.2,2.3994789123535156
s669,ca,deep_gine,42,1OSI,I11V,0.05,1.1178529262542725
s669,ca,deep_gine,42,1OSI,S92F,-0.39,0.5767655372619629
s669,ca,deep_gine,42,1OSI,V15I,0.78,0.3285507559776306
s669,ca,deep_gine,42,1PFL,A20T,1.53,1.7850103378295898
s669,ca,deep_gine,42,1PFL,G117V,1.96,2.376277446746826
s669,ca,deep_gine,42,1PFL,M113T,3.53,2.6060707569122314
s669,ca,deep_gine,42,1PFL,T108M,-0.07,0.004539310932159424
s669,ca,deep_gine,42,1PRG,Q286P,0.3,2.7711358070373535
s669,ca,deep_gine,42,1PRG,R288H,-0.06,1.9797054529190063
s669,ca,deep_gine,42,1PRG,V290M,-0.03,2.007476568222046
s669,ca,deep_gine,42,1SPD,C111S,-0.8,0.6927266716957092
s669,ca,deep_gine,42,1SPD,C6A,-0.1,0.44551587104797363
s669,ca,deep_gine,42,1XWS,E124Q,2.9,0.4740380644798279
s669,ca,deep_gine,42,1XWS,E135K,4.59,0.16139337420463562
s669,ca,deep_gine,42,1XWS,E142D,3.22,0.24705731868743896
s669,ca,deep_gine,42,1XWS,Y53H,3.3,0.38333457708358765
s669,ca,deep_gine,42,1XXN,N32D,0.86,0.3583667576313019
s669,ca,deep_gine,42,1XXN,N54E,0.645,0.3974846601486206
s669,ca,deep_gine,42,1XXN,S22E,-0.239,0.7211673855781555
s669,ca,deep_gine,42,1XXN,S27E,0.645,1.1050714254379272
s669,ca,deep_gine,42,1XZO,F42W,-2.87,0.5747173428535461
s669,ca,deep_gine,42,1XZO,W101F,2.89,1.283947229385376
s669,ca,deep_gine,42,1XZO,W36A,8.93,0.42789506912231445
s669,ca,deep_gine,42,1XZO,W36F,4.25,-0.0025561153888702393
s669,ca,deep_gine,42,2ARF,H1069Q,0.7170000000000001,1.693281888961792
s669,ca,deep_gine,42,2H3F,E12A,-1.07,0.21670550107955933
s669,ca,deep_gine,42,2JIE,H104R,-1.536,0.22995245456695557
s669,ca,deep_gine,42,2JIE,Q22S,0.209,0.4997011423110962
s669,ca,deep_gine,42,2JIE,S17A,1.246,0.46811115741729736
s669,ca,deep_gine,42,2JIE,S19A,-0.951,1.2356106042861938
s669,ca,deep_gine,42,2JIE,T18A,0.994,1.2006332874298096
s669,ca,deep_gine,42,2JIE,W123F,-2.19,-0.09819133579730988
s669,ca,deep_gine,42,2JIE,W123H,-1.06,0.01869066059589386
s669,ca,deep_gine,42,2JIE,Y21A,3.443,1.418304204940796
s669,ca,deep_gine,42,2KS4,D9A,-1.26,0.1819947212934494
s669,ca,deep_gine,42,2KS4,E2A,0.23,0.37196117639541626
s669,ca,deep_gine,42,2LTB,L558P,1.57,0.7649165391921997
s669,ca,deep_gine,42,2LTB,L569R,3.11,1.989262580871582
s669,ca,deep_gine,42,2LTB,M619K,3.34,-0.007230013608932495
s669,ca,deep_gine,42,2LTB,R533Q,1.1,0.6538509130477905
s669,ca,deep_gine,42,2LTB,R555Q,0.36,0.301657497882843
s669,ca,deep_gine,42,2LTB,R555W,-1.79,-0.10003925859928131
s669,ca,deep_gine,42,2M5S,D302A,4.0,0.6607245206832886
s669,ca,deep_gine,42,2M5S,H305A,2.0,0.2000809758901596
s669,ca,deep_gine,42,2NTE,R658C,2.3,0.33649909496307373
s669,ca,deep_gine,42,2PR5,A33Y,-0.5,0.015322253108024597
s669,ca,deep_gine,42,2PR5,A81M,0.4,0.10695134103298187
s669,ca,deep_gine,42,2PR5,D109E,-0.3,0.11136877536773682
s669,ca,deep_gine,42,2PR5,H22K,-0.3,0.3701934218406677
s669,ca,deep_gine,42,2PR5,H22W,-1.2,0.3470510244369507
s669,ca,deep_gine,42,2PR5,M111F,-2.9,-0.07154841721057892
s669,ca,deep_gine,42,2PR5,N107F,-0.9,0.016773715615272522
s669,ca,deep_gine,42,2PR5,N107Y,-0.8,0.08050211519002914
s669,ca,deep_gine,42,2PR5,N124F,-1.1,0.4757501482963562
s669,ca,deep_gine,42,2PR5,N124Y,-2.6,0.7745594382286072
s669,ca,deep_gine,42,2PR5,T30M,-0.5,0.06954286992549896
s669,ca,deep_gine,42,2PR5,T50M,0.5,1.6218831539154053
s669,ca,deep_gine,42,2PR5,T54Y,-0.2,0.9948940277099609
s669,ca,deep_gine,42,2PR5,V120I,-1.4,0.34613317251205444
s669,ca,deep_gine,42,2PR5,V25I,-0.4,1.2658014297485352
s669,ca,deep_gine,42,2PR5,V88L,0.2,0.6025238633155823
s669,ca,deep_gine,42,2PR5,V90I,0.7,1.449291706085205
s669,ca,deep_gine,42,2VY0,E53A,6.597,1.052632212638855
s669,ca,deep_gine,42,3BCI,E96Q,-1.369,2.2461490631103516
s669,ca,deep_gine,42,3D3B,D118A,0.65,0.19616219401359558
s669,ca,deep_gine,42,3D3B,D118E,0.6,0.18747346103191376
s669,ca,deep_gine,42,3D3B,D118K,1.6,0.14981301128864288
s669,ca,deep_gine,42,3D3B,D118N,1.34,0.16178658604621887
s669,ca,deep_gine,42,3D3B,D118R,1.41,0.16595877707004547
s669,ca,deep_gine,42,3ECU,H46R,-0.8,0.282997190952301
s669,ca,deep_gine,42,3S4M,D122Y,1.3,0.865668535232544
s669,ca,deep_gine,42,3S4M,G130V,2.5,2.1926581859588623
s669,ca,deep_gine,42,3S4M,I154F,-0.096,2.2711703777313232
s669,ca,deep_gine,42,3S4M,W155R,0.693,2.9153389930725098
s669,ca,deep_gine,42,4BJX,A89V,-0.99,-0.2195511907339096
s669,ca,deep_gine,42,4BUQ,Y48A,1.435,0.9528012871742249
s669,ca,deep_gine,42,4WAA,K65A,-0.1,0.5480891466140747
s669,ca,deep_gine,42,4WAA,K67A,2.07,-0.0015562623739242554
s669,ca,deep_gine,42,4WAA,R27A,0.44,3.2242929935455322
s669,ca,deep_gine,42,5VP3,R39K,-0.413,0.17354896664619446
s669,ca,deep_gine,42,1BA3,H461D,1.745,0.15400154888629913
s669,ca,deep_gine,42,1BA3,H489D,-0.287,0.06981716305017471
s669,ca,deep_gine,42,1BA3,H489K,0.287,0.11362086236476898
s669,ca,deep_gine,42,1BA3,H489M,0.263,0.018026769161224365
s669,ca,deep_gine,42,1DIV,V129A,1.81,0.4359375238418579
s669,ca,deep_gine,42,1F8I,F345A,0.455,0.2452579289674759
s669,ca,deep_gine,42,1FT8,L349I,-0.05,-0.030876949429512024
s669,ca,deep_gine,42,1LVM,S135G,-0.0,0.4696168899536133
s669,ca,deep_gine,42,1NM1,D187N,0.88,0.8080666065216064
s669,ca,deep_gine,42,1NM1,D187Y,1.9,0.7580263614654541
s669,ca,deep_gine,42,1PRE,C159S,2.4,0.3496679663658142
s669,ca,deep_gine,42,1R2Y,R244E,4.2,1.2831991910934448
s669,ca,deep_gine,42,1XXN,N181R,-0.358,0.2883021831512451
s669,ca,deep_gine,42,3D2A,M134E,-3.02,-0.10407145321369171
s669,ca,deep_gine,42,3D2A,M137P,-3.34,-0.13230471312999725
s669,ca,deep_gine,42,3D2A,S163P,-2.11,0.26837846636772156
s669,ca,deep_gine,42,5OAQ,Y429H,2.99,0.4442536234855652
s669,ca,deep_gine,123,1BFM,M35W,0.7,0.4985624849796295
s669,ca,deep_gine,123,1BFM,M35Y,0.4,0.5226036906242371
s669,ca,deep_gine,123,1D5G,H71Y,0.04,0.36389315128326416
s669,ca,deep_gine,123,1D5G,I20F,-0.91,0.6590256094932556
s669,ca,deep_gine,123,1EKG,L198C,1.0,0.5162086486816406
s669,ca,deep_gine,123,1EKG,L200C,2.0,0.7344167828559875
s669,ca,deep_gine,123,1EKG,L203C,-1.0,0.9275488257408142
s669,ca,deep_gine,123,1EKG,S181F,2.6,0.4062247574329376
s669,ca,deep_gine,123,1FRD,H42R,-4.0,0.5107519030570984
s669,ca,deep_gine,123,1FXA,E94D,1.1,2.865156888961792
s669,ca,deep_gine,123,1FXA,E94K,0.4,1.8317975997924805
s669,ca,deep_gine,123,1FXA,E94Q,-0.6,2.7575485706329346
s669,ca,deep_gine,123,1FXA,E95K,-1.0,0.31038758158683777
s669,ca,deep_gine,123,1FXA,F65A,1.0,2.919290781021118
s669,ca,deep_gine,123,1FXA,F65I,0.9,1.0051534175872803
s669,ca,deep_gine,123,1FXA,F65W,0.6,1.6880688667297363
s669,ca,deep_gine,123,1FXA,F65Y,0.5,1.7919878959655762
s669,ca,deep_gine,123,1FXA,R42A,2.4,0.7734388709068298
s669,ca,deep_gine,123,1FXA,R42H,1.4,1.0034306049346924
s669,ca,deep_gine,123,1FXA,T48A,-0.1,2.969707489013672
s669,ca,deep_gine,123,1GLU,C500A,1.22,3.629701852798462
s669,ca,deep_gine,123,1GUA,A118G,1.963,1.7475395202636719
s669,ca,deep_gine,123,1GUA,A118L,1.951,0.16688069701194763
s669,ca,deep_gine,123,1GUA,A85G,2.149,1.0761356353759766
s669,ca,deep_gine,123,1GUA,A97G,0.863,1.9285385608673096
s669,ca,deep_gine,123,1GUA,C81A,-0.283,1.640320062637329
s669,ca,deep_gine,123,1GUA,C81I,0.912,0.3040635287761688
s669,ca,deep_gine,123,1GUA,C95A,0.08,0.3904516398906708
s669,ca,deep_gine,123,1GUA,C96A,1.759,0.6240518689155579
s669,ca,deep_gine,123,1GUA,C96L,0.043,0.11432406306266785
s669,ca,deep_gine,123,1GUA,C96M,0.337,0.10786311328411102
s669,ca,deep_gine,123,1GUA,D117A,0.706,-0.06432805955410004
s669,ca,deep_gine,123,1GUA,D129A,0.855,0.11699534952640533
s669,ca,deep_gine,123,1GUA,D80A,0.493,0.11046143621206284
s669,ca,deep_gine,123,1GUA,E104A,-0.021,0.1413288563489914
s669,ca,deep_gine,123,1GUA,E124A,0.101,0.2162012755870819
s669,ca,deep_gine,123,1GUA,E125A,0.591,0.5691258907318115
s669,ca,deep_gine,123,1GUA,I58A,3.274,3.119647741317749
s669,ca,deep_gine,123,1GUA,I58F,1.2990000000000002,1.0383884906768799
s669,ca,deep_gine,123,1GUA,I58L,0.7709999999999999,0.9134311079978943
s669,ca,deep_gine,123,1GUA,K109A,0.327,0.39291733503341675
s669,ca,deep_gine,123,1GUA,L112A,2.593,1.3658783435821533
s669,ca,deep_gine,123,1GUA,L121A,2.5340000000000003,1.1040606498718262
s669,ca,deep_gine,123,1GUA,L126A,3.405,2.4662551879882812
s669,ca,deep_gine,123,1GUA,L62A,3.46,2.9844415187835693
s669,ca,deep_gine,123,1GUA,L78A,3.803,1.8306434154510498
s669,ca,deep_gine,123,1GUA,L82A,3.529,1.724846601486206
s669,ca,deep_gine,123,1GUA,L82I,1.6,0.5325362682342529
s669,ca,deep_gine,123,1GUA,L82V,1.7,0.6168582439422607
s669,ca,deep_gine,123,1GUA,L86A,3.2260000000000004,2.7054097652435303
s669,ca,deep_gine,123,1GUA,L91A,1.575,0.9174730181694031
s669,ca,deep_gine,123,1GUA,M76A,0.961,1.558685541152954
s669,ca,deep_gine,123,1GUA,N56M,-0.271,-0.18276387453079224
s669,ca,deep_gine,123,1GUA,N64A,1.14,0.16622178256511688
s669,ca,deep_gine,123,1GUA,P63A,1.7080000000000002,0.8299222588539124
s669,ca,deep_gine,123,1GUA,P93A,0.0819999999999999,0.8537618517875671
s669,ca,deep_gine,123,1GUA,Q66A,0.504,0.3558856248855591
s669,ca,deep_gine,123,1GUA,R100A,0.693,0.5515214800834656
s669,ca,deep_gine,123,1GUA,R59A,-0.178,0.8318467736244202
s669,ca,deep_gine,123,1GUA,R89L,-1.078,-0.5149250626564026
s669,ca,deep_gine,123,1GUA,S77A,1.5730000000000002,0.9082521796226501
s669,ca,deep_gine,123,1GUA,S77T,-0.581,0.9518601894378662
s669,ca,deep_gine,123,1GUA,T68A,0.109,1.1201589107513428
s669,ca,deep_gine,123,1GUA,V128A,3.3680000000000003,2.6197383403778076
s669,ca,deep_gine,123,1GUA,V60A,2.251,3.084953784942627
s669,ca,deep_gine,123,1GUA,V69A,1.116,1.3735504150390625
s669,ca,deep_gine,123,1GUA,V70A,1.77,2.1428158283233643
s669,ca,deep_gine,123,1GUA,V72A,1.052,2.085770845413208
s669,ca,deep_gine,123,1GUA,V72I,0.8640000000000001,0.31771185994148254
s669,ca,deep_gine,123,1GUA,V98A,1.981,2.166679620742798
s669,ca,deep_gine,123,1H0X,P18A,1.936,0.19071297347545624
s669,ca,deep_gine,123,1H0X,P62A,2.5810000000000004,0.6323806643486023
s669,ca,deep_gine,123,1HCQ,C67A,2.09,3.209507465362549
s669,ca,deep_gine,123,1HCQ,C67S,1.99,3.496941089630127
s669,ca,deep_gine,123,1IOJ,G15A,-0.4,0.44581303000450134
s669,ca,deep_gine,123,1IV7,A173C,-0.5,0.9107721447944641
s669,ca,deep_gine,123,1IV7,F189C,2.5,0.7978023290634155
s669,ca,deep_gine,123,1IV7,L162C,1.9,1.9551539421081543
s669,ca,deep_gine,123,1IV9,S76Y,-4.299,0.605090856552124
s669,ca,deep_gine,123,1J8I,K25A,-0.1,2.253011465072632
s669,ca,deep_gine,123,1J8I,K66A,-0.1,1.0295565128326416
s669,ca,deep_gine,123,1J8I,R23A,-0.8,0.49419909715652466
s669,ca,deep_gine,123,1J8I,R35A,0.1,0.3773743510246277
s669,ca,deep_gine,123,1J8I,R43A,-0.7,0.37652266025543213
s669,ca,deep_gine,123,1J8I,R9A,0.1,0.6690086722373962
s669,ca,deep_gine,123,1JL9,A25C,1.44,-0.10005351901054382
s669,ca,deep_gine,123,1L6H,F39A,1.6969999999999998,3.193345546722412
s669,ca,deep_gine,123,1L6H,Y45A,0.55,2.725972890853882
s669,ca,deep_gine,123,1L6H,Y48A,1.482,0.6102273464202881
s669,ca,deep_gine,123,1N88,F21A,1.39,2.0636744499206543
s669,ca,deep_gine,123,1N88,I39A,1.39,2.30963134765625
s669,ca,deep_gine,123,1N88,I80A,2.79,2.626624584197998
s669,ca,deep_gine,123,1N88,I89A,2.35,2.626573324203491
s669,ca,deep_gine,123,1N88,I8V,1.52,1.3675103187561035
s669,ca,deep_gine,123,1N88,L13A,1.52,0.6748310923576355
s669,ca,deep_gine,123,1N88,L57A,1.11,0.5751293897628784
s669,ca,deep_gine,123,1N88,V12A,1.94,0.5800055265426636
s669,ca,deep_gine,123,1N88,V30A,2.84,1.7904338836669922
s669,ca,deep_gine,123,1N88,V43A,2.82,2.4909491539001465
s669,ca,deep_gine,123,1N88,V49A,2.83,2.6122536659240723
s669,ca,deep_gine,123,1N88,V51A,3.24,2.6974334716796875
s669,ca,deep_gine,123,1N88,V54A,3.73,2.588529348373413
s669,ca,deep_gine,123,1N88,V81A,2.82,2.731358051300049
s669,ca,deep_gine,123,1N88,V83A,3.1,2.963200330734253
s669,ca,deep_gine,123,1N88,Y18A,-0.06,0.2980134189128876
s669,ca,deep_gine,123,1N88,Y26A,4.61,2.1339826583862305
s669,ca,deep_gine,123,1O6X,A31G,1.2,0.5666958093643188
s669,ca,deep_gine,123,1O6X,A50G,1.4,1.6225850582122803
s669,ca,deep_gine,123,1O6X,D38A,-0.36,0.331973135471344
s669,ca,deep_gine,123,1O6X,E14A,0.3,0.1043420135974884
s669,ca,deep_gine,123,1O6X,E20G,1.42,0.5346819758415222
s669,ca,deep_gine,123,1O6X,F39L,1.88,0.4363011419773102
s669,ca,deep_gine,123,1O6X,F65A,0.98,1.810037612915039
s669,ca,deep_gine,123,1O6X,H51A,0.61,0.6373453736305237
s669,ca,deep_gine,123,1O6X,I15V,0.43,0.7432447075843811
s669,ca,deep_gine,123,1O6X,I23V,-0.42,1.3130719661712646
s669,ca,deep_gine,123,1O6X,I71V,1.31,0.770946204662323
s669,ca,deep_gine,123,1O6X,I75A,1.31,1.2625632286071777
s669,ca,deep_gine,123,1O6X,K41A,1.98,0.2788904905319214
s669,ca,deep_gine,123,1O6X,L26V,0.97,0.5929839015007019
s669,ca,deep_gine,123,1O6X,N58A,0.08,0.41951784491539
s669,ca,deep_gine,123,1O6X,Q60G,0.49,0.4274236261844635
s669,ca,deep_gine,123,1O6X,V12A,1.1,2.7926135063171387
s669,ca,deep_gine,123,1O6X,V52A,1.08,2.082338809967041
s669,ca,deep_gine,123,1O6X,V64G,1.1,3.2264015674591064
s669,ca,deep_gine,123,1O6X,Y73L,2.78,0.19544978439807892
s669,ca,deep_gine,123,1R6R,I88N,0.13,1.2199203968048096
s669,ca,deep_gine,123,1R6R,L50S,2.81,1.0014359951019287
s669,ca,deep_gine,123,1R6R,L54S,0.24,0.8881170153617859
s669,ca,deep_gine,123,1R6R,L81N,6.84,1.8355624675750732
s669,ca,deep_gine,123,2BJD,V84D,4.493,2.7642924785614014
s669,ca,deep_gine,123,2BJD,V84P,4.517,2.8249807357788086
s669,ca,deep_gine,123,2BJD,Y86E,2.103,2.296933650970459
s669,ca,deep_gine,123,2C9Q,Y79F,0.012,1.3012099266052246
s669,ca,deep_gine,123,2C9Q,Y79W,1.233,1.5336408615112305
s669,ca,deep_gine,123,2CLR,H13F,-0.12,0.4809814393520355
s669,ca,deep_gine,123,2CLR,H31F,-2.605,0.04023835062980652
s669,ca,deep_gine,123,2CLR,H51F,1.912,0.2954498529434204
s669,ca,deep_gine,123,2CLR,H84A,2.629,1.5532901287078857
s669,ca,deep_gine,123,2DVV,Q443H,-0.89,2.011732816696167
s669,ca,deep_gine,123,2DVV,R419W,0.02,0.48365163803100586
s669,ca,deep_gine,123,2HBB,A22G,0.32,0.3736249506473541
s669,ca,deep_gine,123,2HBB,A26G,1.79,2.0891852378845215
s669,ca,deep_gine,123,2HBB,A36G,1.55,2.3852016925811768
s669,ca,deep_gine,123,2HBB,A39G,1.59,1.7482998371124268
s669,ca,deep_gine,123,2HBB,A42G,0.33,0.2900850772857666
s669,ca,deep_gine,123,2HBB,A46G,0.55,0.38944244384765625
s669,ca,deep_gine,123,2HBB,A49G,0.22,0.20625415444374084
s669,ca,deep_gine,123,2HBB,D23A,0.03,0.27178382873535156
s669,ca,deep_gine,123,2HBB,D23N,0.79,0.29380661249160767
s669,ca,deep_gine,123,2HBB,D8A,1.3,0.3009722828865051
s669,ca,deep_gine,123,2HBB,D8N,0.38,0.38162875175476074
s669,ca,deep_gine,123,2HBB,E17A,1.69,0.30576199293136597
s669,ca,deep_gine,123,2HBB,E17Q,0.33,0.35103511810302734
s669,ca,deep_gine,123,2HBB,E38A,0.41,0.4504297375679016
s669,ca,deep_gine,123,2HBB,E38Q,0.68,0.5987247228622437
s669,ca,deep_gine,123,2HBB,E48Q,-0.07,-0.20180362462997437
s669,ca,deep_gine,123,2HBB,F31A,2.84,2.6346490383148193
s669,ca,deep_gine,123,2HBB,F5L,1.15,0.6393505334854126
s669,ca,deep_gine,123,2HBB,G24A,-0.02,0.3043200373649597
s669,ca,deep_gine,123,2HBB,G34A,1.02,0.4422288239002228
s669,ca,deep_gine,123,2HBB,I18A,2.05,1.699333667755127
s669,ca,deep_gine,123,2HBB,I18V,0.07,0.6323060393333435
s669,ca,deep_gine,123,2HBB,I37A,1.28,2.398455858230591
s669,ca,deep_gine,123,2HBB,I37V,-0.09,1.1822013854980469
s669,ca,deep_gine,123,2HBB,I4V,0.59,0.8945894837379456
s669,ca,deep_gine,123,2HBB,K10E,-0.13,0.34875696897506714
s669,ca,deep_gine,123,2HBB,K10M,-0.47,-0.1396896243095398
s669,ca,deep_gine,123,2HBB,K12A,-0.61,0.33706149458885193
s669,ca,deep_gine,123,2HBB,K12G,-0.03,0.37130478024482727
s669,ca,deep_gine,123,2HBB,K12M,-1.8,-0.1396896243095398
s669,ca,deep_gine,123,2HBB,K14A,0.73,0.46467748284339905
s669,ca,deep_gine,123,2HBB,K14G,1.3,0.5141392350196838
s669,ca,deep_gine,123,2HBB,K14M,0.34,-0.12086164951324463
s669,ca,deep_gine,123,2HBB,K15G,1.74,0.5429826378822327
s669,ca,deep_gine,123,2HBB,K15M,0.44,0.10445098578929901
s669,ca,deep_gine,123,2HBB,K7M,-0.21,0.18566042184829712
s669,ca,deep_gine,123,2HBB,L30A,2.76,2.495069742202759
s669,ca,deep_gine,123,2HBB,L35A,1.21,2.1434614658355713
s669,ca,deep_gine,123,2HBB,L44A,1.73,0.47932904958724976
s669,ca,deep_gine,123,2HBB,L47A,0.84,0.6068519353866577
s669,ca,deep_gine,123,2HBB,L6A,3.1,1.7620434761047363
s669,ca,deep_gine,123,2HBB,M1A,1.46,0.6563811302185059
s669,ca,deep_gine,123,2HBB,T40S,0.8,0.3103258013725281
s669,ca,deep_gine,123,2HBB,V21A,2.33,1.2414941787719727
s669,ca,deep_gine,123,2HBB,V3A,2.55,2.053570508956909
s669,ca,deep_gine,123,2HBB,V9A,1.81,1.1765828132629395
s669,ca,deep_gine,123,2JUC,C57D,2.54,2.1601626873016357
s669,ca,deep_gine,123,2JUC,C57S,0.71,1.6440019607543945
s669,ca,deep_gine,123,2JUC,R18A,1.75,0.37376588582992554
s669,ca,deep_gine,123,2KJ3,D288A,-1.2,0.3643752932548523
s669,ca,deep_gine,123,2KJ3,E272A,-1.9,0.6398569345474243
s669,ca,deep_gine,123,2KJ3,G278A,0.8,1.6388263702392578
s669,ca,deep_gine,123,2KJ3,K229A,-1.5,0.48939967155456543
s669,ca,deep_gine,123,2KJ3,L241A,-1.0,1.5469343662261963
s669,ca,deep_gine,123,2KJ3,S273A,-1.4,1.5011780261993408
s669,ca,deep_gine,123,2KJ3,V239A,-1.0,2.3671071529388428
s669,ca,deep_gine,123,2KJ3,V264A,-1.0,1.3621418476104736
s669,ca,deep_gine,123,2KJ3,V267A,-0.2,1.3073701858520508
s669,ca,deep_gine,123,2MPC,A89T,0.24,0.23711155354976654
s669,ca,deep_gine,123,2MPC,R42A,-0.62,0.3429468274116516
s669,ca,deep_gine,123,2MPC,R42W,-2.08,0.15138402581214905
s669,ca,deep_gine,123,2N7Z,P88A,0.6,0.6430611610412598
s669,ca,deep_gine,123,2OUO,A420D,-0.44,0.7611815333366394
s669,ca,deep_gine,123,2PTL,A22G,2.43,2.822737216949463
s669,ca,deep_gine,123,2PTL,A27P,-0.1,0.861294150352478
s669,ca,deep_gine,123,2PTL,A27V,0.83,0.46230295300483704
s669,ca,deep_gine,123,2PTL,A34G,2.17,1.887819766998291
s669,ca,deep_gine,123,2PTL,A34V,-1.47,0.6704291701316833
s669,ca,deep_gine,123,2PTL,A43G,2.54,2.6911234855651855
s669,ca,deep_gine,123,2PTL,A47G,3.1,2.488002061843872
s669,ca,deep_gine,123,2PTL,A49G,1.32,0.8088688254356384
s669,ca,deep_gine,123,2PTL,A51G,3.12,2.314016103744507
s669,ca,deep_gine,123,2PTL,A66G,0.49,0.9606699347496033
s669,ca,deep_gine,123,2PTL,D52A,1.21,0.33997952938079834
s669,ca,deep_gine,123,2PTL,D52G,2.14,0.5201811790466309
s669,ca,deep_gine,123,2PTL,D64A,0.2,0.32536518573760986
s669,ca,deep_gine,123,2PTL,E35A,0.59,0.8927400708198547
s669,ca,deep_gine,123,2PTL,E46G,1.19,0.7182888388633728
s669,ca,deep_gine,123,2PTL,E46I,1.08,0.05913949012756348
s669,ca,deep_gine,123,2PTL,E60A,0.23,0.6180206537246704
s669,ca,deep_gine,123,2PTL,F26A,3.12,2.8212852478027344
s669,ca,deep_gine,123,2PTL,F26L,0.68,0.7491030097007751
s669,ca,deep_gine,123,2PTL,F36A,4.15,2.402616024017334
s669,ca,deep_gine,123,2PTL,F36L,3.12,0.8167935013771057
s669,ca,deep_gine,123,2PTL,F40G,3.08,2.779356002807617
s669,ca,deep_gine,123,2PTL,F40L,0.38,0.6580872535705566
s669,ca,deep_gine,123,2PTL,F76L,3.34,0.6819259524345398
s669,ca,deep_gine,123,2PTL,F76V,3.73,0.7482242584228516
s669,ca,deep_gine,123,2PTL,G29A,1.52,0.39271029829978943
s669,ca,deep_gine,123,2PTL,G29V,2.53,0.28996753692626953
s669,ca,deep_gine,123,2PTL,G38A,2.08,0.8250521421432495
s669,ca,deep_gine,123,2PTL,G59A,2.23,0.4809018075466156
s669,ca,deep_gine,123,2PTL,G69A,2.04,0.33201032876968384
s669,ca,deep_gine,123,2PTL,I20A,4.9,2.8048970699310303
s669,ca,deep_gine,123,2PTL,I20V,0.56,1.0839438438415527
s669,ca,deep_gine,123,2PTL,I25A,1.37,3.2844395637512207
s669,ca,deep_gine,123,2PTL,I25V,0.47,1.2291982173919678
s669,ca,deep_gine,123,2PTL,I74A,4.72,3.177619695663452
s669,ca,deep_gine,123,2PTL,I74V,1.69,1.9775469303131104
s669,ca,deep_gine,123,2PTL,K21A,0.92,1.7752745151519775
s669,ca,deep_gine,123,2PTL,K37A,0.88,1.0039883852005005
s669,ca,deep_gine,123,2PTL,K42G,-0.16,0.6262454390525818
s669,ca,deep_gine,123,2PTL,K55A,-0.58,0.41985374689102173
s669,ca,deep_gine,123,2PTL,K56A,-0.35,0.2650037407875061
s669,ca,deep_gine,123,2PTL,K68A,0.09,0.291196346282959
s669,ca,deep_gine,123,2PTL,K75A,0.45,1.6623814105987549
s669,ca,deep_gine,123,2PTL,L24A,3.12,2.9779911041259766
s669,ca,deep_gine,123,2PTL,L54A,2.44,0.6408264636993408
s669,ca,deep_gine,123,2PTL,L72A,3.77,2.420464277267456
s669,ca,deep_gine,123,2PTL,N23A,1.87,1.67802095413208
s669,ca,deep_gine,123,2PTL,N28A,1.78,0.25814172625541687
s669,ca,deep_gine,123,2PTL,N58A,0.34,0.3660416603088379
s669,ca,deep_gine,123,2PTL,N73A,1.73,0.9497678875923157
s669,ca,deep_gine,123,2PTL,S30A,0.3,0.459212064743042
s669,ca,deep_gine,123,2PTL,S45A,-0.41,0.5701501369476318
s669,ca,deep_gine,123,2PTL,S45G,0.82,0.5931258797645569
s669,ca,deep_gine,123,2PTL,T19A,1.63,2.0516438484191895
s669,ca,deep_gine,123,2PTL,T31A,1.17,0.605115532875061
s669,ca,deep_gine,123,2PTL,T33A,1.11,0.7364197373390198
s669,ca,deep_gine,123,2PTL,T39A,1.25,0.7427523732185364
s669,ca,deep_gine,123,2PTL,T44A,1.09,1.8445446491241455
s669,ca,deep_gine,123,2PTL,T53G,0.17,0.39844897389411926
s669,ca,deep_gine,123,2PTL,T62A,0.97,1.2819879055023193
s669,ca,deep_gine,123,2PTL,T71A,1.83,2.1301093101501465
s669,ca,deep_gine,123,2PTL,V18A,1.22,0.8808609843254089
s669,ca,deep_gine,123,2PTL,V63A,0.92,1.7327961921691895
s669,ca,deep_gine,123,2PTL,V65A,1.14,1.3839702606201172
s669,ca,deep_gine,123,2PTL,Y48A,2.82,2.0271360874176025
s669,ca,deep_gine,123,2PTL,Y50A,2.46,0.8320568203926086
s669,ca,deep_gine,123,2PTL,Y70A,1.66,2.4193947315216064
s669,ca,deep_gine,123,2PTL,Y70L,-0.43,0.6093742847442627
s669,ca,deep_gine,123,2RPN,E7L,-1.05,0.40035736560821533
s669,ca,deep_gine,123,2RPN,V21K,-0.39,2.4017021656036377
s669,ca,deep_gine,123,2WQG,D15A,-0.3,0.4911680817604065
s669,ca,deep_gine,123,2WQG,D38A,-0.1,0.6495820879936218
s669,ca,deep_gine,123,2WQG,D39A,2.2,0.5878388285636902
s669,ca,deep_gine,123,2WQG,D39N,2.6,0.631576657295227
s669,ca,deep_gine,123,2WQG,E40Q,0.1,0.8521599769592285
s669,ca,deep_gine,123,2WQG,E41G,0.4,0.8884864449501038
s669,ca,deep_gine,123,2WQG,I36A,0.9,2.102539300918579
s669,ca,deep_gine,123,2WQG,I36V,0.3,1.098233699798584
s669,ca,deep_gine,123,2WQG,K14A,0.4,0.9021269679069519
s669,ca,deep_gine,123,2WQG,K14G,1.9,1.1937215328216553
s669,ca,deep_gine,123,2WQG,K19A,0.3,0.5699063539505005
s669,ca,deep_gine,123,2WQG,K28A,0.6,1.0401501655578613
s669,ca,deep_gine,123,2WQG,L13A,0.5,3.4947431087493896
s669,ca,deep_gine,123,2WQG,L16A,1.3,2.6339471340179443
s669,ca,deep_gine,123,2WQG,L8A,2.0,1.8170654773712158
s669,ca,deep_gine,123,2WQG,Q12A,0.6,0.5250159502029419
s669,ca,deep_gine,123,2WQG,Q12G,2.0,0.6345131993293762
s669,ca,deep_gine,123,2WQG,Q33A,-0.1,0.7385885715484619
s669,ca,deep_gine,123,2WQG,R34A,0.8,0.9318271279335022
s669,ca,deep_gine,123,2WQG,S23A,0.6,0.6779663562774658
s669,ca,deep_gine,123,2WQG,S6A,-0.1,0.9870458841323853
s669,ca,deep_gine,123,2WQG,S6G,0.2,1.0859804153442383
s669,ca,deep_gine,123,2WQG,T9S,-0.1,0.8557805418968201
s669,ca,deep_gine,123,2WQG,V10A,0.1,1.5237483978271484
s669,ca,deep_gine,123,2WQG,V10G,0.7,2.6509006023406982
s669,ca,deep_gine,123,2WQG,V11A,-0.4,0.7982708811759949
s669,ca,deep_gine,123,2WQG,V11G,-0.1,1.5722203254699707
s669,ca,deep_gine,123,2WQG,V24A,0.5,1.2366225719451904
s669,ca,deep_gine,123,2WQG,Y5F,2.4,0.9052481055259705
s669,ca,deep_gine,123,2ZTA,E11Q,0.74,0.36857175827026367
s669,ca,deep_gine,123,2ZTA,E20Q,-0.2,0.5293973684310913
s669,ca,deep_gine,123,2ZTA,E22Q,1.83,0.38380396366119385
s669,ca,deep_gine,123,2ZTA,K15A,0.41,0.41073915362358093
s669,ca,deep_gine,123,2ZTA,K27A,0.91,0.36600005626678467
s669,ca,deep_gine,123,2ZTA,K28A,0.06,0.377438485622406
s669,ca,deep_gine,123,2ZTA,K8A,0.39,0.3741914629936218
s669,ca,deep_gine,123,2ZTA,R25A,1.66,0.2720501124858856
s669,ca,deep_gine,123,3BN0,I20V,1.506,1.2340888977050781
s669,ca,deep_gine,123,3C2I,F155S,-0.43,2.2554380893707275
s669,ca,deep_gine,123,3C2I,T158A,-0.47,0.6057111024856567
s669,ca,deep_gine,123,3C2I,T158M,-0.25,0.5082166194915771
s669,ca,deep_gine,123,3FIS,P61A,0.5,0.17125792801380157
s669,ca,deep_gine,123,3G1G,D155Y,-0.34,-0.1818893551826477
s669,ca,deep_gine,123,3G1G,F167Y,0.74,2.5249204635620117
s669,ca,deep_gine,123,3G1G,I190V,0.17,1.0682002305984497
s669,ca,deep_gine,123,3G1G,R185W,-1.32,0.06001804769039154
s669,ca,deep_gine,123,3K82,E334L,3.35,-0.04478675127029419
s669,ca,deep_gine,123,3K82,E334Q,1.68,0.3619686961174011
s669,ca,deep_gine,123,3K82,E401R,-5.49,0.13944190740585327
s669,ca,deep_gine,123,3MON,R39G,-1.194,0.19552060961723328
s669,ca,deep_gine,123,3MON,W3C,2.866,-0.0026482194662094116
s669,ca,deep_gine,123,3O39,L32P,3.25,2.3223021030426025
s669,ca,deep_gine,123,3S92,H395R,-2.03,0.5678291320800781
s669,ca,deep_gine,123,4N6V,H75W,-0.574,-0.05192217230796814
s669,ca,deep_gine,123,4N6V,P36G,1.362,0.37756937742233276
s669,ca,deep_gine,123,4N6V,P79S,-1.745,0.28330618143081665
s669,ca,deep_gine,123,4YEE,V134T,0.71,0.9721642136573792
s669,ca,deep_gine,123,4YEF,T134V,0.93,0.5003002882003784
s669,ca,deep_gine,123,5JXB,D329G,1.44,0.20850883424282074
s669,ca,deep_gine,123,5JXB,D329P,1.44,0.2968878448009491
s669,ca,deep_gine,123,1A0F,S11A,1.8,2.1706326007843018
s669,ca,deep_gine,123,1A7V,A104H,2.69,0.4536963701248169
s669,ca,deep_gine,123,1A7V,A66H,1.98,0.19964629411697388
s669,ca,deep_gine,123,1A7V,A91H,1.7,0.747512698173523
s669,ca,deep_gine,123,1A7V,D3H,1.36,0.1921798139810562
s669,ca,deep_gine,123,1A7V,D58H,2.05,0.20876090228557587
s669,ca,deep_gine,123,1A7V,E73H,3.01,0.30004727840423584
s669,ca,deep_gine,123,1A7V,K13H,0.6,0.5568191409111023
s669,ca,deep_gine,123,1A7V,K20H,2.88,0.35788944363594055
s669,ca,deep_gine,123,1A7V,K31H,1.36,0.4356887936592102
s669,ca,deep_gine,123,1A7V,K39H,1.86,0.5934135913848877
s669,ca,deep_gine,123,1A7V,K49H,2.02,0.6466315984725952
s669,ca,deep_gine,123,1A7V,K84H,2.88,1.0708413124084473
s669,ca,deep_gine,123,1A7V,K97H,1.97,0.8360673785209656
s669,ca,deep_gine,123,1BNL,D76A,0.821,0.276335209608078
s669,ca,deep_gine,123,1DIV,D23A,0.46,0.10541773587465286
s669,ca,deep_gine,123,1DIV,D23N,0.58,0.21379798650741577
s669,ca,deep_gine,123,1DIV,D8N,0.3,0.3939410150051117
s669,ca,deep_gine,123,1DIV,E100A,0.98,0.2277681827545166
s669,ca,deep_gine,123,1DIV,E100G,1.52,0.35088399052619934
s669,ca,deep_gine,123,1DIV,E17Q,0.21,0.41612479090690613
s669,ca,deep_gine,123,1DIV,E38Q,0.56,0.42248818278312683
s669,ca,deep_gine,123,1DIV,E48Q,-0.03,0.419308066368103
s669,ca,deep_gine,123,1DIV,E54Q,-0.33,0.8227953314781189
s669,ca,deep_gine,123,1DIV,H106Q,1.53,0.3068453073501587
s669,ca,deep_gine,123,1DIV,I115A,3.52,0.662460446357727
s669,ca,deep_gine,123,1DIV,I4A,2.22,2.645176887512207
s669,ca,deep_gine,123,1DIV,I4V,0.59,1.2886767387390137
s669,ca,deep_gine,123,1DIV,I79A,3.49,0.788851261138916
s669,ca,deep_gine,123,1DIV,I93A,3.19,0.5496162176132202
s669,ca,deep_gine,123,1DIV,I98A,4.28,1.6456303596496582
s669,ca,deep_gine,123,1DIV,K10M,-0.05,0.16610966622829437
s669,ca,deep_gine,123,1DIV,K14M,-0.01,0.29990893602371216
s669,ca,deep_gine,123,1DIV,K15M,0.31,0.40204086899757385
s669,ca,deep_gine,123,1DIV,K7M,-0.35,0.1681526005268097
s669,ca,deep_gine,123,1DIV,K96A,-0.61,0.30993378162384033
s669,ca,deep_gine,123,1DIV,K96G,0.2,0.3603209853172302
s669,ca,deep_gine,123,1DIV,L102A,2.37,1.862309455871582
s669,ca,deep_gine,123,1DIV,L108A,2.33,0.4304846525192261
s669,ca,deep_gine,123,1DIV,L110A,3.21,1.1645662784576416
s669,ca,deep_gine,123,1DIV,L117A,0.82,0.245161771774292
s669,ca,deep_gine,123,1DIV,L30A,2.76,2.11224102973938
s669,ca,deep_gine,123,1DIV,L30V,3.62,0.44558703899383545
s669,ca,deep_gine,123,1DIV,L6A,3.1,2.167367935180664
s669,ca,deep_gine,123,1DIV,L6I,0.13,0.4705178737640381
s669,ca,deep_gine,123,1DIV,L6V,0.41,0.7190365195274353
s669,ca,deep_gine,123,1DIV,L72A,3.77,0.5563023686408997
s669,ca,deep_gine,123,1DIV,M1A,1.46,0.5614997148513794
s669,ca,deep_gine,123,1DIV,M1G,2.36,1.673537254333496
s669,ca,deep_gine,123,1DIV,V21A,2.33,1.2619044780731201
s669,ca,deep_gine,123,1DIV,V21I,0.4,0.4080774784088135
s669,ca,deep_gine,123,1DIV,V21L,1.23,0.4493040144443512
s669,ca,deep_gine,123,1DIV,V3A,2.55,2.277381658554077
s669,ca,deep_gine,123,1DIV,V3I,0.31,0.4324442148208618
s669,ca,deep_gine,123,1DIV,V3L,2.21,0.6555324196815491
s669,ca,deep_gine,123,1DXX,K18N,3.7,0.5932481288909912
s669,ca,deep_gine,123,1FH5,S18N,-0.6,1.7080025672912598
s669,ca,deep_gine,123,1FT8,L212V,1.38,0.6008092164993286
s669,ca,deep_gine,123,1FT8,L238I,0.35,-0.11857372522354126
s669,ca,deep_gine,123,1FT8,M216L,-0.27,0.42685583233833313
s669,ca,deep_gine,123,1GWY,A8D,1.6,0.5384922623634338
s669,ca,deep_gine,123,1ITM,C24T,3.3,0.5868277549743652
s669,ca,deep_gine,123,1ITM,C3T,5.0,-0.08786290884017944
s669,ca,deep_gine,123,1ITM,W91S,-1.4,2.713862180709839
s669,ca,deep_gine,123,1JLV,E64D,1.162,0.4633038640022278
s669,ca,deep_gine,123,1JLV,E64N,2.3040000000000003,0.3286418616771698
s669,ca,deep_gine,123,1JLV,E64Q,2.302,0.4443477392196655
s669,ca,deep_gine,123,1LVM,E106G,-1.4,0.47342872619628906
s669,ca,deep_gine,123,1LVM,K45F,-0.43,0.11497016251087189
s669,ca,deep_gine,123,1LVM,L56V,-0.0,1.0652260780334473
s669,ca,deep_gine,123,1LVM,Q58F,-0.6,-0.40976935625076294
s669,ca,deep_gine,123,1N18,E100G,2.5,0.6097497940063477
s669,ca,deep_gine,123,1N18,G85R,1.4,0.4978645443916321
s669,ca,deep_gine,123,1N18,H46R,-1.4,0.9288848042488098
s669,ca,deep_gine,123,1O1U,E110A,3.3,0.5723475813865662
s669,ca,deep_gine,123,1O1U,N61A,1.2,1.2409446239471436
s669,ca,deep_gine,123,1O1U,Q51A,0.3,1.159360408782959
s669,ca,deep_gine,123,1O1U,Q99A,-0.3,1.3214821815490723
s669,ca,deep_gine,123,1O1U,T38A,1.2,1.7040915489196777
s669,ca,deep_gine,123,1O1U,W49Y,1.2,1.9113688468933105
s669,ca,deep_gine,123,1OSI,I11V,0.05,0.5984769463539124
s669,ca,deep_gine,123,1OSI,S92F,-0.39,0.37561318278312683
s669,ca,deep_gine,123,1OSI,V15I,0.78,0.36474937200546265
s669,ca,deep_gine,123,1PFL,A20T,1.53,2.32807993888855
s669,ca,deep_gine,123,1PFL,G117V,1.96,0.4600498676300049
s669,ca,deep_gine,123,1PFL,M113T,3.53,3.2233328819274902
s669,ca,deep_gine,123,1PFL,T108M,-0.07,0.1854204684495926
s669,ca,deep_gine,123,1PRG,Q286P,0.3,2.2134652137756348
s669,ca,deep_gine,123,1PRG,R288H,-0.06,0.6388282775878906
s669,ca,deep_gine,123,1PRG,V290M,-0.03,0.5836454033851624
s669,ca,deep_gine,123,1SPD,C111S,-0.8,1.2133240699768066
s669,ca,deep_gine,123,1SPD,C6A,-0.1,1.304394245147705
s669,ca,deep_gine,123,1XWS,E124Q,2.9,0.4484303593635559
s669,ca,deep_gine,123,1XWS,E135K,4.59,0.10429973155260086
s669,ca,deep_gine,123,1XWS,E142D,3.22,0.23572790622711182
s669,ca,deep_gine,123,1XWS,Y53H,3.3,1.245182991027832
s669,ca,deep_gine,123,1XXN,N32D,0.86,0.09219539910554886
s669,ca,deep_gine,123,1XXN,N54E,0.645,0.0694069117307663
s669,ca,deep_gine,123,1XXN,S22E,-0.239,0.4407326281070709
s669,ca,deep_gine,123,1XXN,S27E,0.645,0.6613073348999023
s669,ca,deep_gine,123,1XZO,F42W,-2.87,1.3254480361938477
s669,ca,deep_gine,123,1XZO,W101F,2.89,0.46613430976867676
s669,ca,deep_gine,123,1XZO,W36A,8.93,0.5498504638671875
s669,ca,deep_gine,123,1XZO,W36F,4.25,0.14830082654953003
s669,ca,deep_gine,123,2ARF,H1069Q,0.7170000000000001,0.6755562424659729
s669,ca,deep_gine,123,2H3F,E12A,-1.07,0.19777455925941467
s669,ca,deep_gine,123,2JIE,H104R,-1.536,0.530375063419342
s669,ca,deep_gine,123,2JIE,Q22S,0.209,1.4422423839569092
s669,ca,deep_gine,123,2JIE,S17A,1.246,0.28476566076278687
s669,ca,deep_gine,123,2JIE,S19A,-0.951,1.3412096500396729
s669,ca,deep_gine,123,2JIE,T18A,0.994,1.127874493598938
s669,ca,deep_gine,123,2JIE,W123F,-2.19,-0.1654890775680542
s669,ca,deep_gine,123,2JIE,W123H,-1.06,-0.12226885557174683
s669,ca,deep_gine,123,2JIE,Y21A,3.443,1.3025989532470703
s669,ca,deep_gine,123,2KS4,D9A,-1.26,-0.10898184776306152
s669,ca,deep_gine,123,2KS4,E2A,0.23,0.21849989891052246
s669,ca,deep_gine,123,2LTB,L558P,1.57,2.1563878059387207
s669,ca,deep_gine,123,2LTB,L569R,3.11,2.141667366027832
s669,ca,deep_gine,123,2LTB,M619K,3.34,-0.035437360405921936
s669,ca,deep_gine,123,2LTB,R533Q,1.1,0.48021185398101807
s669,ca,deep_gine,123,2LTB,R555Q,0.36,0.6925491690635681
s669,ca,deep_gine,123,2LTB,R555W,-1.79,0.17236533761024475
s669,ca,deep_gine,123,2M5S,D302A,4.0,0.4506915509700775
s669,ca,deep_gine,123,2M5S,H305A,2.0,1.949079990386963
s669,ca,deep_gine,123,2NTE,R658C,2.3,0.3932887315750122
s669,ca,deep_gine,123,2PR5,A33Y,-0.5,0.12485551834106445
s669,ca,deep_gine,123,2PR5,A81M,0.4,0.2970949113368988
s669,ca,deep_gine,123,2PR5,D109E,-0.3,0.39696967601776123
s669,ca,deep_gine,123,2PR5,H22K,-0.3,0.29645293951034546
s669,ca,deep_gine,123,2PR5,H22W,-1.2,0.2338196337223053
s669,ca,deep_gine,123,2PR5,M111F,-2.9,0.30523574352264404
s669,ca,deep_gine,123,2PR5,N107F,-0.9,-0.07188425958156586
s669,ca,deep_gine,123,2PR5,N107Y,-0.8,0.06205000728368759
s669,ca,deep_gine,123,2PR5,N124F,-1.1,0.2492775321006775
s669,ca,deep_gine,123,2PR5,N124Y,-2.6,0.42509353160858154
s669,ca,deep_gine,123,2PR5,T30M,-0.5,0.28175485134124756
s669,ca,deep_gine,123,2PR5,T50M,0.5,1.146186113357544
s669,ca,deep_gine,123,2PR5,T54Y,-0.2,0.5405461192131042
s669,ca,deep_gine,123,2PR5,V120I,-1.4,0.3489411473274231
s669,ca,deep_gine,123,2PR5,V25I,-0.4,0.5350673198699951
s669,ca,deep_gine,123,2PR5,V88L,0.2,0.681268572807312
s669,ca,deep_gine,123,2PR5,V90I,0.7,0.6083707213401794
s669,ca,deep_gine,123,2VY0,E53A,6.597,0.289004921913147
s669,ca,deep_gine,123,3BCI,E96Q,-1.369,1.93526291847229
s669,ca,deep_gine,123,3D3B,D118A,0.65,0.1718629002571106
s669,ca,deep_gine,123,3D3B,D118E,0.6,0.2538350820541382
s669,ca,deep_gine,123,3D3B,D118K,1.6,0.21082493662834167
s669,ca,deep_gine,123,3D3B,D118N,1.34,0.2130376249551773
s669,ca,deep_gine,123,3D3B,D118R,1.41,0.18591924011707306
s669,ca,deep_gine,123,3ECU,H46R,-0.8,1.2461113929748535
s669,ca,deep_gine,123,3S4M,D122Y,1.3,0.16560149192810059
s669,ca,deep_gine,123,3S4M,G130V,2.5,0.4561670422554016
s669,ca,deep_gine,123,3S4M,I154F,-0.096,2.0694210529327393
s669,ca,deep_gine,123,3S4M,W155R,0.693,2.8939130306243896
s669,ca,deep_gine,123,4BJX,A89V,-0.99,0.11284376680850983
s669,ca,deep_gine,123,4BUQ,Y48A,1.435,1.3904697895050049
s669,ca,deep_gine,123,4WAA,K65A,-0.1,0.3457777202129364
s669,ca,deep_gine,123,4WAA,K67A,2.07,0.15582743287086487
s669,ca,deep_gine,123,4WAA,R27A,0.44,0.7792120575904846
s669,ca,deep_gine,123,5VP3,R39K,-0.413,0.41508033871650696
s669,ca,deep_gine,123,1BA3,H461D,1.745,0.43879711627960205
s669,ca,deep_gine,123,1BA3,H489D,-0.287,0.2406086027622223
s669,ca,deep_gine,123,1BA3,H489K,0.287,0.2510720491409302
s669,ca,deep_gine,123,1BA3,H489M,0.263,-0.2450529932975769
s669,ca,deep_gine,123,1DIV,V129A,1.81,0.5961415767669678
s669,ca,deep_gine,123,1F8I,F345A,0.455,1.1364994049072266
s669,ca,deep_gine,123,1FT8,L349I,-0.05,0.32793623208999634
s669,ca,deep_gine,123,1LVM,S135G,-0.0,0.40535661578178406
s669,ca,deep_gine,123,1NM1,D187N,0.88,1.316903829574585
s669,ca,deep_gine,123,1NM1,D187Y,1.9,0.6563850045204163
s669,ca,deep_gine,123,1PRE,C159S,2.4,0.5964569449424744
s669,ca,deep_gine,123,1R2Y,R244E,4.2,1.450549602508545
s669,ca,deep_gine,123,1XXN,N181R,-0.358,0.20054996013641357
s669,ca,deep_gine,123,3D2A,M134E,-3.02,0.9519168734550476
s669,ca,deep_gine,123,3D2A,M137P,-3.34,0.989450991153717
s669,ca,deep_gine,123,3D2A,S163P,-2.11,0.5223531723022461
s669,ca,deep_gine,123,5OAQ,Y429H,2.99,-0.0056171417236328125
s669,ca,deep_gine,2024,1BFM,M35W,0.7,0.747736394405365
s669,ca,deep_gine,2024,1BFM,M35Y,0.4,0.8343465924263
s669,ca,deep_gine,2024,1D5G,H71Y,0.04,0.27241280674934387
s669,ca,deep_gine,2024,1D5G,I20F,-0.91,0.6745844483375549
s669,ca,deep_gine,2024,1EKG,L198C,1.0,0.7417364120483398
s669,ca,deep_gine,2024,1EKG,L200C,2.0,1.0653955936431885
s669,ca,deep_gine,2024,1EKG,L203C,-1.0,1.4706791639328003
s669,ca,deep_gine,2024,1EKG,S181F,2.6,0.4228362739086151
s669,ca,deep_gine,2024,1FRD,H42R,-4.0,0.13749927282333374
s669,ca,deep_gine,2024,1FXA,E94D,1.1,0.5035762190818787
s669,ca,deep_gine,2024,1FXA,E94K,0.4,0.4138879179954529
s669,ca,deep_gine,2024,1FXA,E94Q,-0.6,0.5275179147720337
s669,ca,deep_gine,2024,1FXA,E95K,-1.0,0.23261237144470215
s669,ca,deep_gine,2024,1FXA,F65A,1.0,2.3882546424865723
s669,ca,deep_gine,2024,1FXA,F65I,0.9,0.774423360824585
s669,ca,deep_gine,2024,1FXA,F65W,0.6,1.04331636428833
s669,ca,deep_gine,2024,1FXA,F65Y,0.5,1.193611741065979
s669,ca,deep_gine,2024,1FXA,R42A,2.4,0.3688942790031433
s669,ca,deep_gine,2024,1FXA,R42H,1.4,0.422570139169693
s669,ca,deep_gine,2024,1FXA,T48A,-0.1,0.7835185527801514
s669,ca,deep_gine,2024,1GLU,C500A,1.22,3.6122570037841797
s669,ca,deep_gine,2024,1GUA,A118G,1.963,0.7799676060676575
s669,ca,deep_gine,2024,1GUA,A118L,1.951,0.38477233052253723
s669,ca,deep_gine,2024,1GUA,A85G,2.149,0.6474419236183167
s669,ca,deep_gine,2024,1GUA,A97G,0.863,1.323288917541504
s669,ca,deep_gine,2024,1GUA,C81A,-0.283,0.9222542643547058
s669,ca,deep_gine,2024,1GUA,C81I,0.912,0.38991600275039673
s669,ca,deep_gine,2024,1GUA,C95A,0.08,0.7030324339866638
s669,ca,deep_gine,2024,1GUA,C96A,1.759,0.7585715055465698
s669,ca,deep_gine,2024,1GUA,C96L,0.043,0.3697393536567688
s669,ca,deep_gine,2024,1GUA,C96M,0.337,0.372229665517807
s669,ca,deep_gine,2024,1GUA,D117A,0.706,0.19785571098327637
s669,ca,deep_gine,2024,1GUA,D129A,0.855,0.20152577757835388
s669,ca,deep_gine,2024,1GUA,D80A,0.493,0.19882258772850037
s669,ca,deep_gine,2024,1GUA,E104A,-0.021,0.2579205334186554
s669,ca,deep_gine,2024,1GUA,E124A,0.101,0.2771347165107727
s669,ca,deep_gine,2024,1GUA,E125A,0.591,0.42683061957359314
s669,ca,deep_gine,2024,1GUA,I58A,3.274,2.2360246181488037
s669,ca,deep_gine,2024,1GUA,I58F,1.2990000000000002,1.1093637943267822
s669,ca,deep_gine,2024,1GUA,I58L,0.7709999999999999,1.1889197826385498
s669,ca,deep_gine,2024,1GUA,K109A,0.327,0.33868879079818726
s669,ca,deep_gine,2024,1GUA,L112A,2.593,1.1370543241500854
s669,ca,deep_gine,2024,1GUA,L121A,2.5340000000000003,1.3170658349990845
s669,ca,deep_gine,2024,1GUA,L126A,3.405,2.018174886703491
s669,ca,deep_gine,2024,1GUA,L62A,3.46,2.0176544189453125
s669,ca,deep_gine,2024,1GUA,L78A,3.803,0.7616471648216248
s669,ca,deep_gine,2024,1GUA,L82A,3.529,1.562464952468872
s669,ca,deep_gine,2024,1GUA,L82I,1.6,0.5672019124031067
s669,ca,deep_gine,2024,1GUA,L82V,1.7,0.7387303113937378
s669,ca,deep_gine,2024,1GUA,L86A,3.2260000000000004,1.4094318151474
s669,ca,deep_gine,2024,1GUA,L91A,1.575,0.8664554357528687
s669,ca,deep_gine,2024,1GUA,M76A,0.961,0.6085538864135742
s669,ca,deep_gine,2024,1GUA,N56M,-0.271,0.175256609916687
s669,ca,deep_gine,2024,1GUA,N64A,1.14,0.31075483560562134
s669,ca,deep_gine,2024,1GUA,P63A,1.7080000000000002,0.4273086488246918
s669,ca,deep_gine,2024,1GUA,P93A,0.0819999999999999,1.1310713291168213
s669,ca,deep_gine,2024,1GUA,Q66A,0.504,0.3320215344429016
s669,ca,deep_gine,2024,1GUA,R100A,0.693,0.42085376381874084
s669,ca,deep_gine,2024,1GUA,R59A,-0.178,0.5013169050216675
s669,ca,deep_gine,2024,1GUA,R89L,-1.078,0.2897956967353821
s669,ca,deep_gine,2024,1GUA,S77A,1.5730000000000002,0.43265843391418457
s669,ca,deep_gine,2024,1GUA,S77T,-0.581,0.37633389234542847
s669,ca,deep_gine,2024,1GUA,T68A,0.109,1.1118955612182617
s669,ca,deep_gine,2024,1GUA,V128A,3.3680000000000003,2.1147959232330322
s669,ca,deep_gine,2024,1GUA,V60A,2.251,2.84717059135437
s669,ca,deep_gine,2024,1GUA,V69A,1.116,1.6365249156951904
s669,ca,deep_gine,2024,1GUA,V70A,1.77,2.205918073654175
s669,ca,deep_gine,2024,1GUA,V72A,1.052,1.388299822807312
s669,ca,deep_gine,2024,1GUA,V72I,0.8640000000000001,0.396091490983963
s669,ca,deep_gine,2024,1GUA,V98A,1.981,1.5341010093688965
s669,ca,deep_gine,2024,1H0X,P18A,1.936,0.35189375281333923
s669,ca,deep_gine,2024,1H0X,P62A,2.5810000000000004,0.5335089564323425
s669,ca,deep_gine,2024,1HCQ,C67A,2.09,2.5068142414093018
s669,ca,deep_gine,2024,1HCQ,C67S,1.99,2.495464324951172
s669,ca,deep_gine,2024,1IOJ,G15A,-0.4,0.7411744594573975
s669,ca,deep_gine,2024,1IV7,A173C,-0.5,0.5448774695396423
s669,ca,deep_gine,2024,1IV7,F189C,2.5,0.630220890045166
s669,ca,deep_gine,2024,1IV7,L162C,1.9,1.4341168403625488
s669,ca,deep_gine,2024,1IV9,S76Y,-4.299,0.40103304386138916
s669,ca,deep_gine,2024,1J8I,K25A,-0.1,1.1258397102355957
s669,ca,deep_gine,2024,1J8I,K66A,-0.1,1.0793521404266357
s669,ca,deep_gine,2024,1J8I,R23A,-0.8,0.6503811478614807
s669,ca,deep_gine,2024,1J8I,R35A,0.1,0.7627745866775513
s669,ca,deep_gine,2024,1J8I,R43A,-0.7,0.7209346294403076
s669,ca,deep_gine,2024,1J8I,R9A,0.1,0.7074770331382751
s669,ca,deep_gine,2024,1JL9,A25C,1.44,0.19262292981147766
s669,ca,deep_gine,2024,1L6H,F39A,1.6969999999999998,2.529731273651123
s669,ca,deep_gine,2024,1L6H,Y45A,0.55,1.8775287866592407
s669,ca,deep_gine,2024,1L6H,Y48A,1.482,0.5997903943061829
s669,ca,deep_gine,2024,1N88,F21A,1.39,2.029855966567993
s669,ca,deep_gine,2024,1N88,I39A,1.39,1.8572320938110352
s669,ca,deep_gine,2024,1N88,I80A,2.79,2.0080931186676025
s669,ca,deep_gine,2024,1N88,I89A,2.35,2.5101940631866455
s669,ca,deep_gine,2024,1N88,I8V,1.52,1.2747739553451538
s669,ca,deep_gine,2024,1N88,L13A,1.52,1.677551031112671
s669,ca,deep_gine,2024,1N88,L57A,1.11,0.5500485301017761
s669,ca,deep_gine,2024,1N88,V12A,1.94,1.530739665031433
s669,ca,deep_gine,2024,1N88,V30A,2.84,1.3511652946472168
s669,ca,deep_gine,2024,1N88,V43A,2.82,2.0693793296813965
s669,ca,deep_gine,2024,1N88,V49A,2.83,2.3836255073547363
s669,ca,deep_gine,2024,1N88,V51A,3.24,2.600358009338379
s669,ca,deep_gine,2024,1N88,V54A,3.73,2.1414036750793457
s669,ca,deep_gine,2024,1N88,V81A,2.82,2.4276044368743896
s669,ca,deep_gine,2024,1N88,V83A,3.1,2.607440233230591
s669,ca,deep_gine,2024,1N88,Y18A,-0.06,0.5384414196014404
s669,ca,deep_gine,2024,1N88,Y26A,4.61,2.0072381496429443
s669,ca,deep_gine,2024,1O6X,A31G,1.2,0.630777895450592
s669,ca,deep_gine,2024,1O6X,A50G,1.4,1.048674464225769
s669,ca,deep_gine,2024,1O6X,D38A,-0.36,0.40296152234077454
s669,ca,deep_gine,2024,1O6X,E14A,0.3,0.2497040033340454
s669,ca,deep_gine,2024,1O6X,E20G,1.42,0.47007080912590027
s669,ca,deep_gine,2024,1O6X,F39L,1.88,0.5786314606666565
s669,ca,deep_gine,2024,1O6X,F65A,0.98,2.4543371200561523
s669,ca,deep_gine,2024,1O6X,H51A,0.61,0.5931813716888428
s669,ca,deep_gine,2024,1O6X,I15V,0.43,1.2093552350997925
s669,ca,deep_gine,2024,1O6X,I23V,-0.42,0.6885795593261719
s669,ca,deep_gine,2024,1O6X,I71V,1.31,1.2751460075378418
s669,ca,deep_gine,2024,1O6X,I75A,1.31,2.244365930557251
s669,ca,deep_gine,2024,1O6X,K41A,1.98,0.4408002197742462
s669,ca,deep_gine,2024,1O6X,L26V,0.97,0.5973602533340454
s669,ca,deep_gine,2024,1O6X,N58A,0.08,0.42475518584251404
s669,ca,deep_gine,2024,1O6X,Q60G,0.49,0.49348685145378113
s669,ca,deep_gine,2024,1O6X,V12A,1.1,2.466830015182495
s669,ca,deep_gine,2024,1O6X,V52A,1.08,2.1051735877990723
s669,ca,deep_gine,2024,1O6X,V64G,1.1,2.5018651485443115
s669,ca,deep_gine,2024,1O6X,Y73L,2.78,0.6334676146507263
s669,ca,deep_gine,2024,1R6R,I88N,0.13,0.43195080757141113
s669,ca,deep_gine,2024,1R6R,L50S,2.81,1.1998685598373413
s669,ca,deep_gine,2024,1R6R,L54S,0.24,1.1591483354568481
s669,ca,deep_gine,2024,1R6R,L81N,6.84,0.40554726123809814
s669,ca,deep_gine,2024,2BJD,V84D,4.493,2.1292786598205566
s669,ca,deep_gine,2024,2BJD,V84P,4.517,2.4139833450317383
s669,ca,deep_gine,2024,2BJD,Y86E,2.103,1.2833759784698486
s669,ca,deep_gine,2024,2C9Q,Y79F,0.012,0.613944947719574
s669,ca,deep_gine,2024,2C9Q,Y79W,1.233,0.8322722911834717
s669,ca,deep_gine,2024,2CLR,H13F,-0.12,0.3611697554588318
s669,ca,deep_gine,2024,2CLR,H31F,-2.605,0.213483989238739
s669,ca,deep_gine,2024,2CLR,H51F,1.912,0.3305251896381378
s669,ca,deep_gine,2024,2CLR,H84A,2.629,0.5655775666236877
s669,ca,deep_gine,2024,2DVV,Q443H,-0.89,0.7784873247146606
s669,ca,deep_gine,2024,2DVV,R419W,0.02,0.30523017048835754
s669,ca,deep_gine,2024,2HBB,A22G,0.32,0.5300701856613159
s669,ca,deep_gine,2024,2HBB,A26G,1.79,1.6308939456939697
s669,ca,deep_gine,2024,2HBB,A36G,1.55,1.9806090593338013
s669,ca,deep_gine,2024,2HBB,A39G,1.59,1.251218557357788
s669,ca,deep_gine,2024,2HBB,A42G,0.33,0.3601760268211365
s669,ca,deep_gine,2024,2HBB,A46G,0.55,0.3491112291812897
s669,ca,deep_gine,2024,2HBB,A49G,0.22,0.28740715980529785
s669,ca,deep_gine,2024,2HBB,D23A,0.03,0.24860066175460815
s669,ca,deep_gine,2024,2HBB,D23N,0.79,0.2472338080406189
s669,ca,deep_gine,2024,2HBB,D8A,1.3,0.27484819293022156
s669,ca,deep_gine,2024,2HBB,D8N,0.38,0.3069706857204437
s669,ca,deep_gine,2024,2HBB,E17A,1.69,0.27010631561279297
s669,ca,deep_gine,2024,2HBB,E17Q,0.33,0.32066822052001953
s669,ca,deep_gine,2024,2HBB,E38A,0.41,0.3362373113632202
s669,ca,deep_gine,2024,2HBB,E38Q,0.68,0.43776386976242065
s669,ca,deep_gine,2024,2HBB,E48Q,-0.07,0.23001977801322937
s669,ca,deep_gine,2024,2HBB,F31A,2.84,1.8283812999725342
s669,ca,deep_gine,2024,2HBB,F5L,1.15,0.9737660884857178
s669,ca,deep_gine,2024,2HBB,G24A,-0.02,0.49160036444664
s669,ca,deep_gine,2024,2HBB,G34A,1.02,0.6121096611022949
s669,ca,deep_gine,2024,2HBB,I18A,2.05,1.2061861753463745
s669,ca,deep_gine,2024,2HBB,I18V,0.07,0.5561147928237915
s669,ca,deep_gine,2024,2HBB,I37A,1.28,2.14913272857666
s669,ca,deep_gine,2024,2HBB,I37V,-0.09,1.1952728033065796
s669,ca,deep_gine,2024,2HBB,I4V,0.59,0.7714588642120361
s669,ca,deep_gine,2024,2HBB,K10E,-0.13,0.34679949283599854
s669,ca,deep_gine,2024,2HBB,K10M,-0.47,0.24584448337554932
s669,ca,deep_gine,2024,2HBB,K12A,-0.61,0.3286164700984955
s669,ca,deep_gine,2024,2HBB,K12G,-0.03,0.35695117712020874
s669,ca,deep_gine,2024,2HBB,K12M,-1.8,0.24584448337554932
s669,ca,deep_gine,2024,2HBB,K14A,0.73,0.41289815306663513
s669,ca,deep_gine,2024,2HBB,K14G,1.3,0.679249107837677
s669,ca,deep_gine,2024,2HBB,K14M,0.34,0.22448089718818665
s669,ca,deep_gine,2024,2HBB,K15G,1.74,0.7505098581314087
s669,ca,deep_gine,2024,2HBB,K15M,0.44,0.2198660671710968
s669,ca,deep_gine,2024,2HBB,K7M,-0.21,0.19924092292785645
s669,ca,deep_gine,2024,2HBB,L30A,2.76,2.167093276977539
s669,ca,deep_gine,2024,2HBB,L35A,1.21,1.9728858470916748
s669,ca,deep_gine,2024,2HBB,L44A,1.73,0.6753249168395996
s669,ca,deep_gine,2024,2HBB,L47A,0.84,0.4883459210395813
s669,ca,deep_gine,2024,2HBB,L6A,3.1,1.4881553649902344
s669,ca,deep_gine,2024,2HBB,M1A,1.46,0.84918612241745
s669,ca,deep_gine,2024,2HBB,T40S,0.8,0.40767568349838257
s669,ca,deep_gine,2024,2HBB,V21A,2.33,1.3297407627105713
s669,ca,deep_gine,2024,2HBB,V3A,2.55,1.740274429321289
s669,ca,deep_gine,2024,2HBB,V9A,1.81,0.7435157299041748
s669,ca,deep_gine,2024,2JUC,C57D,2.54,1.3273341655731201
s669,ca,deep_gine,2024,2JUC,C57S,0.71,1.175722599029541
s669,ca,deep_gine,2024,2JUC,R18A,1.75,0.307928204536438
s669,ca,deep_gine,2024,2KJ3,D288A,-1.2,0.35217809677124023
s669,ca,deep_gine,2024,2KJ3,E272A,-1.9,0.6867499947547913
s669,ca,deep_gine,2024,2KJ3,G278A,0.8,1.322346568107605
s669,ca,deep_gine,2024,2KJ3,K229A,-1.5,0.5751118659973145
s669,ca,deep_gine,2024,2KJ3,L241A,-1.0,2.293705463409424
s669,ca,deep_gine,2024,2KJ3,S273A,-1.4,0.9046754240989685
s669,ca,deep_gine,2024,2KJ3,V239A,-1.0,1.9909446239471436
s669,ca,deep_gine,2024,2KJ3,V264A,-1.0,1.4840147495269775
s669,ca,deep_gine,2024,2KJ3,V267A,-0.2,1.6559391021728516
s669,ca,deep_gine,2024,2MPC,A89T,0.24,0.2570231258869171
s669,ca,deep_gine,2024,2MPC,R42A,-0.62,0.30438369512557983
s669,ca,deep_gine,2024,2MPC,R42W,-2.08,0.21774226427078247
s669,ca,deep_gine,2024,2N7Z,P88A,0.6,0.6738331913948059
s669,ca,deep_gine,2024,2OUO,A420D,-0.44,0.6928750872612
s669,ca,deep_gine,2024,2PTL,A22G,2.43,2.806436538696289
s669,ca,deep_gine,2024,2PTL,A27P,-0.1,1.630232572555542
s669,ca,deep_gine,2024,2PTL,A27V,0.83,0.48583269119262695
s669,ca,deep_gine,2024,2PTL,A34G,2.17,1.8862013816833496
s669,ca,deep_gine,2024,2PTL,A34V,-1.47,1.0116965770721436
s669,ca,deep_gine,2024,2PTL,A43G,2.54,1.8168282508850098
s669,ca,deep_gine,2024,2PTL,A47G,3.1,2.2255148887634277
s669,ca,deep_gine,2024,2PTL,A49G,1.32,0.9368040561676025
s669,ca,deep_gine,2024,2PTL,A51G,3.12,2.043905735015869
s669,ca,deep_gine,2024,2PTL,A66G,0.49,0.716019868850708
s669,ca,deep_gine,2024,2PTL,D52A,1.21,0.27950504422187805
s669,ca,deep_gine,2024,2PTL,D52G,2.14,0.43324363231658936
s669,ca,deep_gine,2024,2PTL,D64A,0.2,0.244407057762146
s669,ca,deep_gine,2024,2PTL,E35A,0.59,0.4976293444633484
s669,ca,deep_gine,2024,2PTL,E46G,1.19,0.6280831694602966
s669,ca,deep_gine,2024,2PTL,E46I,1.08,0.206053227186203
s669,ca,deep_gine,2024,2PTL,E60A,0.23,0.2798628509044647
s669,ca,deep_gine,2024,2PTL,F26A,3.12,1.9620494842529297
s669,ca,deep_gine,2024,2PTL,F26L,0.68,0.736138641834259
s669,ca,deep_gine,2024,2PTL,F36A,4.15,2.4521665573120117
s669,ca,deep_gine,2024,2PTL,F36L,3.12,1.4349148273468018
s669,ca,deep_gine,2024,2PTL,F40G,3.08,2.1485557556152344
s669,ca,deep_gine,2024,2PTL,F40L,0.38,1.1011006832122803
s669,ca,deep_gine,2024,2PTL,F76L,3.34,0.9174350500106812
s669,ca,deep_gine,2024,2PTL,F76V,3.73,0.9342746734619141
s669,ca,deep_gine,2024,2PTL,G29A,1.52,0.4697394073009491
s669,ca,deep_gine,2024,2PTL,G29V,2.53,0.22954267263412476
s669,ca,deep_gine,2024,2PTL,G38A,2.08,1.0582290887832642
s669,ca,deep_gine,2024,2PTL,G59A,2.23,0.5873411297798157
s669,ca,deep_gine,2024,2PTL,G69A,2.04,0.5687961578369141
s669,ca,deep_gine,2024,2PTL,I20A,4.9,2.411561965942383
s669,ca,deep_gine,2024,2PTL,I20V,0.56,1.585460901260376
s669,ca,deep_gine,2024,2PTL,I25A,1.37,2.560058832168579
s669,ca,deep_gine,2024,2PTL,I25V,0.47,1.408963680267334
s669,ca,deep_gine,2024,2PTL,I74A,4.72,2.978280544281006
s669,ca,deep_gine,2024,2PTL,I74V,1.69,2.1400346755981445
s669,ca,deep_gine,2024,2PTL,K21A,0.92,1.4965091943740845
s669,ca,deep_gine,2024,2PTL,K37A,0.88,1.6630301475524902
s669,ca,deep_gine,2024,2PTL,K42G,-0.16,0.773158073425293
s669,ca,deep_gine,2024,2PTL,K55A,-0.58,0.41439324617385864
s669,ca,deep_gine,2024,2PTL,K56A,-0.35,0.2893846333026886
s669,ca,deep_gine,2024,2PTL,K68A,0.09,0.4467044472694397
s669,ca,deep_gine,2024,2PTL,K75A,0.45,0.7880246639251709
s669,ca,deep_gine,2024,2PTL,L24A,3.12,2.7173290252685547
s669,ca,deep_gine,2024,2PTL,L54A,2.44,0.6350958347320557
s669,ca,deep_gine,2024,2PTL,L72A,3.77,2.203805446624756
s669,ca,deep_gine,2024,2PTL,N23A,1.87,0.5831232666969299
s669,ca,deep_gine,2024,2PTL,N28A,1.78,0.21945932507514954
s669,ca,deep_gine,2024,2PTL,N58A,0.34,0.32498282194137573
s669,ca,deep_gine,2024,2PTL,N73A,1.73,0.5776473879814148
s669,ca,deep_gine,2024,2PTL,S30A,0.3,0.5008238554000854
s669,ca,deep_gine,2024,2PTL,S45A,-0.41,0.8026888370513916
s669,ca,deep_gine,2024,2PTL,S45G,0.82,0.8463430404663086
s669,ca,deep_gine,2024,2PTL,T19A,1.63,1.5057531595230103
s669,ca,deep_gine,2024,2PTL,T31A,1.17,0.6085876822471619
s669,ca,deep_gine,2024,2PTL,T33A,1.11,0.9331851601600647
s669,ca,deep_gine,2024,2PTL,T39A,1.25,0.8267874717712402
s669,ca,deep_gine,2024,2PTL,T44A,1.09,1.4747273921966553
s669,ca,deep_gine,2024,2PTL,T53G,0.17,0.48045778274536133
s669,ca,deep_gine,2024,2PTL,T62A,0.97,0.7582571506500244
s669,ca,deep_gine,2024,2PTL,T71A,1.83,1.5507237911224365
s669,ca,deep_gine,2024,2PTL,V18A,1.22,1.3424605131149292
s669,ca,deep_gine,2024,2PTL,V63A,0.92,1.8067641258239746
s669,ca,deep_gine,2024,2PTL,V65A,1.14,1.2014856338500977
s669,ca,deep_gine,2024,2PTL,Y48A,2.82,1.6884257793426514
s669,ca,deep_gine,2024,2PTL,Y50A,2.46,0.8898661136627197
s669,ca,deep_gine,2024,2PTL,Y70A,1.66,2.1550517082214355
s669,ca,deep_gine,2024,2PTL,Y70L,-0.43,0.7919013500213623
s669,ca,deep_gine,2024,2RPN,E7L,-1.05,0.3417932391166687
s669,ca,deep_gine,2024,2RPN,V21K,-0.39,1.7672319412231445
s669,ca,deep_gine,2024,2WQG,D15A,-0.3,0.5090657472610474
s669,ca,deep_gine,2024,2WQG,D38A,-0.1,0.8455833196640015
s669,ca,deep_gine,2024,2WQG,D39A,2.2,0.6559798717498779
s669,ca,deep_gine,2024,2WQG,D39N,2.6,0.686408281326294
s669,ca,deep_gine,2024,2WQG,E40Q,0.1,0.8707934617996216
s669,ca,deep_gine,2024,2WQG,E41G,0.4,0.9033104181289673
s669,ca,deep_gine,2024,2WQG,I36A,0.9,1.3765571117401123
s669,ca,deep_gine,2024,2WQG,I36V,0.3,0.9903901815414429
s669,ca,deep_gine,2024,2WQG,K14A,0.4,1.138277530670166
s669,ca,deep_gine,2024,2WQG,K14G,1.9,1.756219506263733
s669,ca,deep_gine,2024,2WQG,K19A,0.3,0.6508304476737976
s669,ca,deep_gine,2024,2WQG,K28A,0.6,1.0953395366668701
s669,ca,deep_gine,2024,2WQG,L13A,0.5,3.057835340499878
s669,ca,deep_gine,2024,2WQG,L16A,1.3,2.2608935832977295
s669,ca,deep_gine,2024,2WQG,L8A,2.0,1.3118624687194824
s669,ca,deep_gine,2024,2WQG,Q12A,0.6,0.5603779554367065
s669,ca,deep_gine,2024,2WQG,Q12G,2.0,0.90509033203125
s669,ca,deep_gine,2024,2WQG,Q33A,-0.1,0.7681183815002441
s669,ca,deep_gine,2024,2WQG,R34A,0.8,1.0541409254074097
s669,ca,deep_gine,2024,2WQG,S23A,0.6,0.9116452932357788
s669,ca,deep_gine,2024,2WQG,S6A,-0.1,0.9436732530593872
s669,ca,deep_gine,2024,2WQG,S6G,0.2,0.9124842286109924
s669,ca,deep_gine,2024,2WQG,T9S,-0.1,1.105364203453064
s669,ca,deep_gine,2024,2WQG,V10A,0.1,1.9235501289367676
s669,ca,deep_gine,2024,2WQG,V10G,0.7,2.099442481994629
s669,ca,deep_gine,2024,2WQG,V11A,-0.4,1.8920944929122925
s669,ca,deep_gine,2024,2WQG,V11G,-0.1,2.0097694396972656
s669,ca,deep_gine,2024,2WQG,V24A,0.5,1.7406566143035889
s669,ca,deep_gine,2024,2WQG,Y5F,2.4,0.7904488444328308
s669,ca,deep_gine,2024,2ZTA,E11Q,0.74,0.3351358473300934
s669,ca,deep_gine,2024,2ZTA,E20Q,-0.2,0.2724921405315399
s669,ca,deep_gine,2024,2ZTA,E22Q,1.83,0.281162828207016
s669,ca,deep_gine,2024,2ZTA,K15A,0.41,0.27088484168052673
s669,ca,deep_gine,2024,2ZTA,K27A,0.91,0.24138092994689941
s669,ca,deep_gine,2024,2ZTA,K28A,0.06,0.2492181360721588
s669,ca,deep_gine,2024,2ZTA,K8A,0.39,0.31685197353363037
s669,ca,deep_gine,2024,2ZTA,R25A,1.66,0.22810468077659607
s669,ca,deep_gine,2024,3BN0,I20V,1.506,1.0578802824020386
s669,ca,deep_gine,2024,3C2I,F155S,-0.43,1.4400430917739868
s669,ca,deep_gine,2024,3C2I,T158A,-0.47,0.9169946908950806
s669,ca,deep_gine,2024,3C2I,T158M,-0.25,0.6388716101646423
s669,ca,deep_gine,2024,3FIS,P61A,0.5,0.5111171007156372
s669,ca,deep_gine,2024,3G1G,D155Y,-0.34,0.22775375843048096
s669,ca,deep_gine,2024,3G1G,F167Y,0.74,2.0053954124450684
s669,ca,deep_gine,2024,3G1G,I190V,0.17,1.4394422769546509
s669,ca,deep_gine,2024,3G1G,R185W,-1.32,0.40736323595046997
s669,ca,deep_gine,2024,3K82,E334L,3.35,0.1871233582496643
s669,ca,deep_gine,2024,3K82,E334Q,1.68,0.503001868724823
s669,ca,deep_gine,2024,3K82,E401R,-5.49,0.29088011384010315
s669,ca,deep_gine,2024,3MON,R39G,-1.194,0.2936760485172272
s669,ca,deep_gine,2024,3MON,W3C,2.866,0.2212185561656952
s669,ca,deep_gine,2024,3O39,L32P,3.25,1.1436169147491455
s669,ca,deep_gine,2024,3S92,H395R,-2.03,0.36449211835861206
s669,ca,deep_gine,2024,4N6V,H75W,-0.574,0.222331702709198
s669,ca,deep_gine,2024,4N6V,P36G,1.362,0.2893896698951721
s669,ca,deep_gine,2024,4N6V,P79S,-1.745,0.37823930382728577
s669,ca,deep_gine,2024,4YEE,V134T,0.71,0.6164731383323669
s669,ca,deep_gine,2024,4YEF,T134V,0.93,0.4898539185523987
s669,ca,deep_gine,2024,5JXB,D329G,1.44,0.3030281960964203
s669,ca,deep_gine,2024,5JXB,D329P,1.44,0.35217127203941345
s669,ca,deep_gine,2024,1A0F,S11A,1.8,0.9344006180763245
s669,ca,deep_gine,2024,1A7V,A104H,2.69,0.5988888144493103
s669,ca,deep_gine,2024,1A7V,A66H,1.98,0.23530277609825134
s669,ca,deep_gine,2024,1A7V,A91H,1.7,0.7300316095352173
s669,ca,deep_gine,2024,1A7V,D3H,1.36,0.1794581413269043
s669,ca,deep_gine,2024,1A7V,D58H,2.05,0.20508894324302673
s669,ca,deep_gine,2024,1A7V,E73H,3.01,0.28255364298820496
s669,ca,deep_gine,2024,1A7V,K13H,0.6,0.45225614309310913
s669,ca,deep_gine,2024,1A7V,K20H,2.88,0.29749438166618347
s669,ca,deep_gine,2024,1A7V,K31H,1.36,0.4168544411659241
s669,ca,deep_gine,2024,1A7V,K39H,1.86,0.44656944274902344
s669,ca,deep_gine,2024,1A7V,K49H,2.02,0.4465281665325165
s669,ca,deep_gine,2024,1A7V,K84H,2.88,0.43044313788414
s669,ca,deep_gine,2024,1A7V,K97H,1.97,0.597560465335846
s669,ca,deep_gine,2024,1BNL,D76A,0.821,0.3430016040802002
s669,ca,deep_gine,2024,1DIV,D23A,0.46,0.23545995354652405
s669,ca,deep_gine,2024,1DIV,D23N,0.58,0.2215145230293274
s669,ca,deep_gine,2024,1DIV,D8N,0.3,0.2578248679637909
s669,ca,deep_gine,2024,1DIV,E100A,0.98,0.3103584349155426
s669,ca,deep_gine,2024,1DIV,E100G,1.52,0.46451082825660706
s669,ca,deep_gine,2024,1DIV,E17Q,0.21,0.33780747652053833
s669,ca,deep_gine,2024,1DIV,E38Q,0.56,0.2345615029335022
s669,ca,deep_gine,2024,1DIV,E48Q,-0.03,0.40092605352401733
s669,ca,deep_gine,2024,1DIV,E54Q,-0.33,0.7633750438690186
s669,ca,deep_gine,2024,1DIV,H106Q,1.53,0.6050593256950378
s669,ca,deep_gine,2024,1DIV,I115A,3.52,0.666654646396637
s669,ca,deep_gine,2024,1DIV,I4A,2.22,1.852806568145752
s669,ca,deep_gine,2024,1DIV,I4V,0.59,0.9418517351150513
s669,ca,deep_gine,2024,1DIV,I79A,3.49,0.9695793390274048
s669,ca,deep_gine,2024,1DIV,I93A,3.19,0.6652253866195679
s669,ca,deep_gine,2024,1DIV,I98A,4.28,1.113143801689148
s669,ca,deep_gine,2024,1DIV,K10M,-0.05,0.23475289344787598
s669,ca,deep_gine,2024,1DIV,K14M,-0.01,0.2456357181072235
s669,ca,deep_gine,2024,1DIV,K15M,0.31,0.3463740348815918
s669,ca,deep_gine,2024,1DIV,K7M,-0.35,0.21168997883796692
s669,ca,deep_gine,2024,1DIV,K96A,-0.61,0.3325064182281494
s669,ca,deep_gine,2024,1DIV,K96G,0.2,0.44421306252479553
s669,ca,deep_gine,2024,1DIV,L102A,2.37,1.4110603332519531
s669,ca,deep_gine,2024,1DIV,L108A,2.33,0.5803216695785522
s669,ca,deep_gine,2024,1DIV,L110A,3.21,0.8812735080718994
s669,ca,deep_gine,2024,1DIV,L117A,0.82,0.39190661907196045
s669,ca,deep_gine,2024,1DIV,L30A,2.76,1.7342002391815186
s669,ca,deep_gine,2024,1DIV,L30V,3.62,0.6593343019485474
s669,ca,deep_gine,2024,1DIV,L6A,3.1,1.4614943265914917
s669,ca,deep_gine,2024,1DIV,L6I,0.13,0.5759170055389404
s669,ca,deep_gine,2024,1DIV,L6V,0.41,0.7338144183158875
s669,ca,deep_gine,2024,1DIV,L72A,3.77,0.5595033168792725
s669,ca,deep_gine,2024,1DIV,M1A,1.46,0.8829528093338013
s669,ca,deep_gine,2024,1DIV,M1G,2.36,0.8484647274017334
s669,ca,deep_gine,2024,1DIV,V21A,2.33,1.1113371849060059
s669,ca,deep_gine,2024,1DIV,V21I,0.4,0.4320807456970215
s669,ca,deep_gine,2024,1DIV,V21L,1.23,0.5660024881362915
s669,ca,deep_gine,2024,1DIV,V3A,2.55,1.6340429782867432
s669,ca,deep_gine,2024,1DIV,V3I,0.31,0.4278184175491333
s669,ca,deep_gine,2024,1DIV,V3L,2.21,0.5828955769538879
s669,ca,deep_gine,2024,1DXX,K18N,3.7,0.5670413374900818
s669,ca,deep_gine,2024,1FH5,S18N,-0.6,1.805619478225708
s669,ca,deep_gine,2024,1FT8,L212V,1.38,0.6670188903808594
s669,ca,deep_gine,2024,1FT8,L238I,0.35,0.23830464482307434
s669,ca,deep_gine,2024,1FT8,M216L,-0.27,0.6281870603561401
s669,ca,deep_gine,2024,1GWY,A8D,1.6,0.6031636595726013
s669,ca,deep_gine,2024,1ITM,C24T,3.3,0.48115020990371704
s669,ca,deep_gine,2024,1ITM,C3T,5.0,0.21080282330513
s669,ca,deep_gine,2024,1ITM,W91S,-1.4,1.1967296600341797
s669,ca,deep_gine,2024,1JLV,E64D,1.162,0.29553383588790894
s669,ca,deep_gine,2024,1JLV,E64N,2.3040000000000003,0.2613607943058014
s669,ca,deep_gine,2024,1JLV,E64Q,2.302,0.30184391140937805
s669,ca,deep_gine,2024,1LVM,E106G,-1.4,0.469762921333313
s669,ca,deep_gine,2024,1LVM,K45F,-0.43,0.20672079920768738
s669,ca,deep_gine,2024,1LVM,L56V,-0.0,1.243606448173523
s669,ca,deep_gine,2024,1LVM,Q58F,-0.6,0.18521293997764587
s669,ca,deep_gine,2024,1N18,E100G,2.5,0.4999120831489563
s669,ca,deep_gine,2024,1N18,G85R,1.4,0.5008820295333862
s669,ca,deep_gine,2024,1N18,H46R,-1.4,0.4220491349697113
s669,ca,deep_gine,2024,1O1U,E110A,3.3,0.301015168428421
s669,ca,deep_gine,2024,1O1U,N61A,1.2,0.4623103737831116
s669,ca,deep_gine,2024,1O1U,Q51A,0.3,0.41782212257385254
s669,ca,deep_gine,2024,1O1U,Q99A,-0.3,0.40733012557029724
s669,ca,deep_gine,2024,1O1U,T38A,1.2,0.937613844871521
s669,ca,deep_gine,2024,1O1U,W49Y,1.2,1.5005855560302734
s669,ca,deep_gine,2024,1OSI,I11V,0.05,0.5795911550521851
s669,ca,deep_gine,2024,1OSI,S92F,-0.39,0.29313740134239197
s669,ca,deep_gine,2024,1OSI,V15I,0.78,0.3630249500274658
s669,ca,deep_gine,2024,1PFL,A20T,1.53,2.005652904510498
s669,ca,deep_gine,2024,1PFL,G117V,1.96,0.4350823760032654
s669,ca,deep_gine,2024,1PFL,M113T,3.53,2.749103546142578
s669,ca,deep_gine,2024,1PFL,T108M,-0.07,0.3629494607448578
s669,ca,deep_gine,2024,1PRG,Q286P,0.3,1.8487017154693604
s669,ca,deep_gine,2024,1PRG,R288H,-0.06,0.7069573402404785
s669,ca,deep_gine,2024,1PRG,V290M,-0.03,0.7461215257644653
s669,ca,deep_gine,2024,1SPD,C111S,-0.8,1.0416817665100098
s669,ca,deep_gine,2024,1SPD,C6A,-0.1,1.853089451789856
s669,ca,deep_gine,2024,1XWS,E124Q,2.9,0.6810852289199829
s669,ca,deep_gine,2024,1XWS,E135K,4.59,0.2983494997024536
s669,ca,deep_gine,2024,1XWS,E142D,3.22,0.5040150880813599
s669,ca,deep_gine,2024,1XWS,Y53H,3.3,0.7254586815834045
s669,ca,deep_gine,2024,1XXN,N32D,0.86,0.39276522397994995
s669,ca,deep_gine,2024,1XXN,N54E,0.645,0.13637861609458923
s669,ca,deep_gine,2024,1XXN,S22E,-0.239,0.5992234945297241
s669,ca,deep_gine,2024,1XXN,S27E,0.645,0.8801074028015137
s669,ca,deep_gine,2024,1XZO,F42W,-2.87,0.5536819100379944
s669,ca,deep_gine,2024,1XZO,W101F,2.89,0.28507933020591736
s669,ca,deep_gine,2024,1XZO,W36A,8.93,0.6801636815071106
s669,ca,deep_gine,2024,1XZO,W36F,4.25,0.2652730643749237
s669,ca,deep_gine,2024,2ARF,H1069Q,0.7170000000000001,0.7650659084320068
s669,ca,deep_gine,2024,2H3F,E12A,-1.07,0.3001088798046112
s669,ca,deep_gine,2024,2JIE,H104R,-1.536,0.4790380001068115
s669,ca,deep_gine,2024,2JIE,Q22S,0.209,0.7905625104904175
s669,ca,deep_gine,2024,2JIE,S17A,1.246,0.664579451084137
s669,ca,deep_gine,2024,2JIE,S19A,-0.951,1.2888085842132568
s669,ca,deep_gine,2024,2JIE,T18A,0.994,1.3849494457244873
s669,ca,deep_gine,2024,2JIE,W123F,-2.19,0.23050883412361145
s669,ca,deep_gine,2024,2JIE,W123H,-1.06,0.44245395064353943
s669,ca,deep_gine,2024,2JIE,Y21A,3.443,1.6022114753723145
s669,ca,deep_gine,2024,2KS4,D9A,-1.26,0.18989047408103943
s669,ca,deep_gine,2024,2KS4,E2A,0.23,0.39119356870651245
s669,ca,deep_gine,2024,2LTB,L558P,1.57,1.446205973625183
s669,ca,deep_gine,2024,2LTB,L569R,3.11,2.672852039337158
s669,ca,deep_gine,2024,2LTB,M619K,3.34,0.20412850379943848
s669,ca,deep_gine,2024,2LTB,R533Q,1.1,0.6609501838684082
s669,ca,deep_gine,2024,2LTB,R555Q,0.36,0.7699658870697021
s669,ca,deep_gine,2024,2LTB,R555W,-1.79,0.34088534116744995
s669,ca,deep_gine,2024,2M5S,D302A,4.0,0.39879217743873596
s669,ca,deep_gine,2024,2M5S,H305A,2.0,0.6520514488220215
s669,ca,deep_gine,2024,2NTE,R658C,2.3,0.3403036296367645
s669,ca,deep_gine,2024,2PR5,A33Y,-0.5,0.2648863196372986
s669,ca,deep_gine,2024,2PR5,A81M,0.4,0.3257800340652466
s669,ca,deep_gine,2024,2PR5,D109E,-0.3,0.2746037542819977
s669,ca,deep_gine,2024,2PR5,H22K,-0.3,0.28490424156188965
s669,ca,deep_gine,2024,2PR5,H22W,-1.2,0.20837226510047913
s669,ca,deep_gine,2024,2PR5,M111F,-2.9,0.34636569023132324
s669,ca,deep_gine,2024,2PR5,N107F,-0.9,0.17619168758392334
s669,ca,deep_gine,2024,2PR5,N107Y,-0.8,0.18324175477027893
s669,ca,deep_gine,2024,2PR5,N124F,-1.1,0.2667442858219147
s669,ca,deep_gine,2024,2PR5,N124Y,-2.6,0.32783669233322144
s669,ca,deep_gine,2024,2PR5,T30M,-0.5,0.21633371710777283
s669,ca,deep_gine,2024,2PR5,T50M,0.5,0.5588942170143127
s669,ca,deep_gine,2024,2PR5,T54Y,-0.2,0.4466826021671295
s669,ca,deep_gine,2024,2PR5,V120I,-1.4,0.5404301881790161
s669,ca,deep_gine,2024,2PR5,V25I,-0.4,0.6254598498344421
s669,ca,deep_gine,2024,2PR5,V88L,0.2,0.5953855514526367
s669,ca,deep_gine,2024,2PR5,V90I,0.7,0.5378795862197876
s669,ca,deep_gine,2024,2VY0,E53A,6.597,0.24214911460876465
s669,ca,deep_gine,2024,3BCI,E96Q,-1.369,1.2361695766448975
s669,ca,deep_gine,2024,3D3B,D118A,0.65,0.21941536664962769
s669,ca,deep_gine,2024,3D3B,D118E,0.6,0.26316335797309875
s669,ca,deep_gine,2024,3D3B,D118K,1.6,0.2265733778476715
s669,ca,deep_gine,2024,3D3B,D118N,1.34,0.23824185132980347
s669,ca,deep_gine,2024,3D3B,D118R,1.41,0.20947107672691345
s669,ca,deep_gine,2024,3ECU,H46R,-0.8,0.38276922702789307
s669,ca,deep_gine,2024,3S4M,D122Y,1.3,0.3979375958442688
s669,ca,deep_gine,2024,3S4M,G130V,2.5,0.5215809345245361
s669,ca,deep_gine,2024,3S4M,I154F,-0.096,1.963979959487915
s669,ca,deep_gine,2024,3S4M,W155R,0.693,2.199057102203369
s669,ca,deep_gine,2024,4BJX,A89V,-0.99,0.30707186460494995
s669,ca,deep_gine,2024,4BUQ,Y48A,1.435,0.8214566111564636
s669,ca,deep_gine,2024,4WAA,K65A,-0.1,0.31785479187965393
s669,ca,deep_gine,2024,4WAA,K67A,2.07,0.25655654072761536
s669,ca,deep_gine,2024,4WAA,R27A,0.44,0.9707485437393188
s669,ca,deep_gine,2024,5VP3,R39K,-0.413,0.3867916762828827
s669,ca,deep_gine,2024,1BA3,H461D,1.745,0.41510456800460815
s669,ca,deep_gine,2024,1BA3,H489D,-0.287,0.21547234058380127
s669,ca,deep_gine,2024,1BA3,H489K,0.287,0.19980204105377197
s669,ca,deep_gine,2024,1BA3,H489M,0.263,0.16403476893901825
s669,ca,deep_gine,2024,1DIV,V129A,1.81,0.5946638584136963
s669,ca,deep_gine,2024,1F8I,F345A,0.455,1.6401448249816895
s669,ca,deep_gine,2024,1FT8,L349I,-0.05,0.48965582251548767
s669,ca,deep_gine,2024,1LVM,S135G,-0.0,0.5604674220085144
s669,ca,deep_gine,2024,1NM1,D187N,0.88,0.7221730351448059
s669,ca,deep_gine,2024,1NM1,D187Y,1.9,0.5275816321372986
s669,ca,deep_gine,2024,1PRE,C159S,2.4,0.3700401484966278
s669,ca,deep_gine,2024,1R2Y,R244E,4.2,0.7166967988014221
s669,ca,deep_gine,2024,1XXN,N181R,-0.358,0.3311876058578491
s669,ca,deep_gine,2024,3D2A,M134E,-3.02,0.3232000470161438
s669,ca,deep_gine,2024,3D2A,M137P,-3.34,0.5900834202766418
s669,ca,deep_gine,2024,3D2A,S163P,-2.11,0.37761858105659485
s669,ca,deep_gine,2024,5OAQ,Y429H,2.99,0.28772011399269104
s669,ca,egnn,42,1BFM,M35W,0.7,0.9096199870109558
s669,ca,egnn,42,1BFM,M35Y,0.4,1.287397861480713
s669,ca,egnn,42,1D5G,H71Y,0.04,0.5937051177024841
s669,ca,egnn,42,1D5G,I20F,-0.91,1.1786476373672485
s669,ca,egnn,42,1EKG,L198C,1.0,0.9595261812210083
s669,ca,egnn,42,1EKG,L200C,2.0,0.7874621152877808
s669,ca,egnn,42,1EKG,L203C,-1.0,0.5258544087409973
s669,ca,egnn,42,1EKG,S181F,2.6,0.45274072885513306
s669,ca,egnn,42,1FRD,H42R,-4.0,0.4735679626464844
s669,ca,egnn,42,1FXA,E94D,1.1,0.4271414279937744
s669,ca,egnn,42,1FXA,E94K,0.4,0.4277467727661133
s669,ca,egnn,42,1FXA,E94Q,-0.6,0.4267125129699707
s669,ca,egnn,42,1FXA,E95K,-1.0,0.3763197660446167
s669,ca,egnn,42,1FXA,F65A,1.0,0.9676553010940552
s669,ca,egnn,42,1FXA,F65I,0.9,0.4687536954879761
s669,ca,egnn,42,1FXA,F65W,0.6,0.49794530868530273
s669,ca,egnn,42,1FXA,F65Y,0.5,0.9416020512580872
s669,ca,egnn,42,1FXA,R42A,2.4,0.49151748418807983
s669,ca,egnn,42,1FXA,R42H,1.4,0.4855167865753174
s669,ca,egnn,42,1FXA,T48A,-0.1,0.4290579557418823
s669,ca,egnn,42,1GLU,C500A,1.22,1.311330795288086
s669,ca,egnn,42,1GUA,A118G,1.963,0.925116777420044
s669,ca,egnn,42,1GUA,A118L,1.951,0.4446753263473511
s669,ca,egnn,42,1GUA,A85G,2.149,1.0410398244857788
s669,ca,egnn,42,1GUA,A97G,0.863,1.2703653573989868
s669,ca,egnn,42,1GUA,C81A,-0.283,1.0684913396835327
s669,ca,egnn,42,1GUA,C81I,0.912,0.46725934743881226
s669,ca,egnn,42,1GUA,C95A,0.08,0.8755326867103577
s669,ca,egnn,42,1GUA,C96A,1.759,1.4216359853744507
s669,ca,egnn,42,1GUA,C96L,0.043,0.4279870390892029
s669,ca,egnn,42,1GUA,C96M,0.337,0.4796799421310425
s669,ca,egnn,42,1GUA,D117A,0.706,0.46239399909973145
s669,ca,egnn,42,1GUA,D129A,0.855,0.41049307584762573
s669,ca,egnn,42,1GUA,D80A,0.493,0.47575843334198
s669,ca,egnn,42,1GUA,E104A,-0.021,0.3703848123550415
s669,ca,egnn,42,1GUA,E124A,0.101,0.48308175802230835
s669,ca,egnn,42,1GUA,E125A,0.591,0.4702286124229431
s669,ca,egnn,42,1GUA,I58A,3.274,1.9384089708328247
s669,ca,egnn,42,1GUA,I58F,1.2990000000000002,1.26447594165802
s669,ca,egnn,42,1GUA,I58L,0.7709999999999999,0.9494909048080444
s669,ca,egnn,42,1GUA,K109A,0.327,0.4146682024002075
s669,ca,egnn,42,1GUA,L112A,2.593,1.3526700735092163
s669,ca,egnn,42,1GUA,L121A,2.5340000000000003,0.6676780581474304
s669,ca,egnn,42,1GUA,L126A,3.405,1.3188389539718628
s669,ca,egnn,42,1GUA,L62A,3.46,1.8997904062271118
s669,ca,egnn,42,1GUA,L78A,3.803,1.41035795211792
s669,ca,egnn,42,1GUA,L82A,3.529,1.2019962072372437
s669,ca,egnn,42,1GUA,L82I,1.6,0.4664615988731384
s669,ca,egnn,42,1GUA,L82V,1.7,0.5054234266281128
s669,ca,egnn,42,1GUA,L86A,3.2260000000000004,2.227006673812866
s669,ca,egnn,42,1GUA,L91A,1.575,1.6021569967269897
s669,ca,egnn,42,1GUA,M76A,0.961,1.1780716180801392
s669,ca,egnn,42,1GUA,N56M,-0.271,0.49180829524993896
s669,ca,egnn,42,1GUA,N64A,1.14,0.4026690125465393
s669,ca,egnn,42,1GUA,P63A,1.7080000000000002,0.4328311085700989
s669,ca,egnn,42,1GUA,P93A,0.0819999999999999,0.43337565660476685
s669,ca,egnn,42,1GUA,Q66A,0.504,0.42532622814178467
s669,ca,egnn,42,1GUA,R100A,0.693,0.4536855220794678
s669,ca,egnn,42,1GUA,R59A,-0.178,0.48397886753082275
s669,ca,egnn,42,1GUA,R89L,-1.078,0.3857576251029968
s669,ca,egnn,42,1GUA,S77A,1.5730000000000002,0.4388168454170227
s669,ca,egnn,42,1GUA,S77T,-0.581,0.44288963079452515
s669,ca,egnn,42,1GUA,T68A,0.109,0.5427451729774475
s669,ca,egnn,42,1GUA,V128A,3.3680000000000003,1.1564185619354248
s669,ca,egnn,42,1GUA,V60A,2.251,1.592185378074646
s669,ca,egnn,42,1GUA,V69A,1.116,1.0559533834457397
s669,ca,egnn,42,1GUA,V70A,1.77,1.1449062824249268
s669,ca,egnn,42,1GUA,V72A,1.052,1.1602957248687744
s669,ca,egnn,42,1GUA,V72I,0.8640000000000001,0.4748231768608093
s669,ca,egnn,42,1GUA,V98A,1.981,1.5248775482177734
s669,ca,egnn,42,1H0X,P18A,1.936,0.4615028500556946
s669,ca,egnn,42,1H0X,P62A,2.5810000000000004,0.5757173299789429
s669,ca,egnn,42,1HCQ,C67A,2.09,1.362579107284546
s669,ca,egnn,42,1HCQ,C67S,1.99,1.2845523357391357
s669,ca,egnn,42,1IOJ,G15A,-0.4,0.5334638357162476
s669,ca,egnn,42,1IV7,A173C,-0.5,0.6221123337745667
s669,ca,egnn,42,1IV7,F189C,2.5,0.6079796552658081
s669,ca,egnn,42,1IV7,L162C,1.9,0.9485189318656921
s669,ca,egnn,42,1IV9,S76Y,-4.299,0.6102169156074524
s669,ca,egnn,42,1J8I,K25A,-0.1,0.9478620886802673
s669,ca,egnn,42,1J8I,K66A,-0.1,0.9464453458786011
s669,ca,egnn,42,1J8I,R23A,-0.8,0.8914915323257446
s669,ca,egnn,42,1J8I,R35A,0.1,0.9093814492225647
s669,ca,egnn,42,1J8I,R43A,-0.7,0.9844142198562622
s669,ca,egnn,42,1J8I,R9A,0.1,0.8645639419555664
s669,ca,egnn,42,1JL9,A25C,1.44,0.5415655970573425
s669,ca,egnn,42,1L6H,F39A,1.6969999999999998,1.7477598190307617
s669,ca,egnn,42,1L6H,Y45A,0.55,0.5231559872627258
s669,ca,egnn,42,1L6H,Y48A,1.482,0.5119373202323914
s669,ca,egnn,42,1N88,F21A,1.39,1.4188050031661987
s669,ca,egnn,42,1N88,I39A,1.39,1.2612751722335815
s669,ca,egnn,42,1N88,I80A,2.79,1.1744636297225952
s669,ca,egnn,42,1N88,I89A,2.35,1.2460750341415405
s669,ca,egnn,42,1N88,I8V,1.52,0.562836766242981
s669,ca,egnn,42,1N88,L13A,1.52,1.3967562913894653
s669,ca,egnn,42,1N88,L57A,1.11,0.8647855520248413
s669,ca,egnn,42,1N88,V12A,1.94,0.915357768535614
s669,ca,egnn,42,1N88,V30A,2.84,1.2641557455062866
s669,ca,egnn,42,1N88,V43A,2.82,1.3858702182769775
s669,ca,egnn,42,1N88,V49A,2.83,1.2217713594436646
s669,ca,egnn,42,1N88,V51A,3.24,1.2648125886917114
s669,ca,egnn,42,1N88,V54A,3.73,1.4241918325424194
s669,ca,egnn,42,1N88,V81A,2.82,1.3382176160812378
s669,ca,egnn,42,1N88,V83A,3.1,1.5851155519485474
s669,ca,egnn,42,1N88,Y18A,-0.06,0.37086641788482666
s669,ca,egnn,42,1N88,Y26A,4.61,0.48900365829467773
s669,ca,egnn,42,1O6X,A31G,1.2,0.6872573494911194
s669,ca,egnn,42,1O6X,A50G,1.4,1.89626944065094
s669,ca,egnn,42,1O6X,D38A,-0.36,0.7920786738395691
s669,ca,egnn,42,1O6X,E14A,0.3,0.8429247736930847
s669,ca,egnn,42,1O6X,E20G,1.42,0.809441328048706
s669,ca,egnn,42,1O6X,F39L,1.88,0.8677740097045898
s669,ca,egnn,42,1O6X,F65A,0.98,1.3726675510406494
s669,ca,egnn,42,1O6X,H51A,0.61,0.8353813886642456
s669,ca,egnn,42,1O6X,I15V,0.43,1.0641146898269653
s669,ca,egnn,42,1O6X,I23V,-0.42,0.8709247708320618
s669,ca,egnn,42,1O6X,I71V,1.31,1.2160313129425049
s669,ca,egnn,42,1O6X,I75A,1.31,1.6839033365249634
s669,ca,egnn,42,1O6X,K41A,1.98,0.8578930497169495
s669,ca,egnn,42,1O6X,L26V,0.97,0.7661516070365906
s669,ca,egnn,42,1O6X,N58A,0.08,0.7787849307060242
s669,ca,egnn,42,1O6X,Q60G,0.49,0.7739719152450562
s669,ca,egnn,42,1O6X,V12A,1.1,1.8940349817276
s669,ca,egnn,42,1O6X,V52A,1.08,1.7611536979675293
s669,ca,egnn,42,1O6X,V64G,1.1,1.3681105375289917
s669,ca,egnn,42,1O6X,Y73L,2.78,0.8491564989089966
s669,ca,egnn,42,1R6R,I88N,0.13,2.129222869873047
s669,ca,egnn,42,1R6R,L50S,2.81,1.2763127088546753
s669,ca,egnn,42,1R6R,L54S,0.24,1.835720181465149
s669,ca,egnn,42,1R6R,L81N,6.84,1.532069444656372
s669,ca,egnn,42,2BJD,V84D,4.493,1.4040393829345703
s669,ca,egnn,42,2BJD,V84P,4.517,1.42588472366333
s669,ca,egnn,42,2BJD,Y86E,2.103,0.945494532585144
s669,ca,egnn,42,2C9Q,Y79F,0.012,0.43796855211257935
s669,ca,egnn,42,2C9Q,Y79W,1.233,0.43854302167892456
s669,ca,egnn,42,2CLR,H13F,-0.12,0.5948881506919861
s669,ca,egnn,42,2CLR,H31F,-2.605,0.476093053817749
s669,ca,egnn,42,2CLR,H51F,1.912,0.5364165902137756
s669,ca,egnn,42,2CLR,H84A,2.629,0.5305853486061096
s669,ca,egnn,42,2DVV,Q443H,-0.89,0.506651759147644
s669,ca,egnn,42,2DVV,R419W,0.02,0.48613429069519043
s669,ca,egnn,42,2HBB,A22G,0.32,1.184080958366394
s669,ca,egnn,42,2HBB,A26G,1.79,1.4058860540390015
s669,ca,egnn,42,2HBB,A36G,1.55,1.2030586004257202
s669,ca,egnn,42,2HBB,A39G,1.59,1.0515475273132324
s669,ca,egnn,42,2HBB,A42G,0.33,0.3251221776008606
s669,ca,egnn,42,2HBB,A46G,0.55,0.3025617003440857
s669,ca,egnn,42,2HBB,A49G,0.22,0.2623087763786316
s669,ca,egnn,42,2HBB,D23A,0.03,0.47911614179611206
s669,ca,egnn,42,2HBB,D23N,0.79,0.4790412187576294
s669,ca,egnn,42,2HBB,D8A,1.3,0.49603456258773804
s669,ca,egnn,42,2HBB,D8N,0.38,0.4952818751335144
s669,ca,egnn,42,2HBB,E17A,1.69,0.47676020860671997
s669,ca,egnn,42,2HBB,E17Q,0.33,0.47665470838546753
s669,ca,egnn,42,2HBB,E38A,0.41,0.4726971983909607
s669,ca,egnn,42,2HBB,E38Q,0.68,0.4726330637931824
s669,ca,egnn,42,2HBB,E48Q,-0.07,0.3050326704978943
s669,ca,egnn,42,2HBB,F31A,2.84,1.3134998083114624
s669,ca,egnn,42,2HBB,F5L,1.15,0.474287211894989
s669,ca,egnn,42,2HBB,G24A,-0.02,0.474797785282135
s669,ca,egnn,42,2HBB,G34A,1.02,0.5515457391738892
s669,ca,egnn,42,2HBB,I18A,2.05,0.7834823727607727
s669,ca,egnn,42,2HBB,I18V,0.07,0.48874104022979736
s669,ca,egnn,42,2HBB,I37A,1.28,1.0265014171600342
s669,ca,egnn,42,2HBB,I37V,-0.09,0.6210128664970398
s669,ca,egnn,42,2HBB,I4V,0.59,0.551394522190094
s669,ca,egnn,42,2HBB,K10E,-0.13,0.4543250799179077
s669,ca,egnn,42,2HBB,K10M,-0.47,0.45710355043411255
s669,ca,egnn,42,2HBB,K12A,-0.61,0.44996529817581177
s669,ca,egnn,42,2HBB,K12G,-0.03,0.4413113594055176
s669,ca,egnn,42,2HBB,K12M,-1.8,0.45628780126571655
s669,ca,egnn,42,2HBB,K14A,0.73,0.4764597415924072
s669,ca,egnn,42,2HBB,K14G,1.3,0.46407777070999146
s669,ca,egnn,42,2HBB,K14M,0.34,0.4844112992286682
s669,ca,egnn,42,2HBB,K15G,1.74,0.4675672650337219
s669,ca,egnn,42,2HBB,K15M,0.44,0.48220300674438477
s669,ca,egnn,42,2HBB,K7M,-0.21,0.5013436079025269
s669,ca,egnn,42,2HBB,L30A,2.76,1.6137291193008423
s669,ca,egnn,42,2HBB,L35A,1.21,1.351938009262085
s669,ca,egnn,42,2HBB,L44A,1.73,1.2638429403305054
s669,ca,egnn,42,2HBB,L47A,0.84,0.9568933248519897
s669,ca,egnn,42,2HBB,L6A,3.1,0.7719423174858093
s669,ca,egnn,42,2HBB,M1A,1.46,0.5820147395133972
s669,ca,egnn,42,2HBB,T40S,0.8,0.6548106074333191
s669,ca,egnn,42,2HBB,V21A,2.33,1.385353922843933
s669,ca,egnn,42,2HBB,V3A,2.55,1.6325792074203491
s669,ca,egnn,42,2HBB,V9A,1.81,1.615549921989441
s669,ca,egnn,42,2JUC,C57D,2.54,1.108667016029358
s669,ca,egnn,42,2JUC,C57S,0.71,0.9269475936889648
s669,ca,egnn,42,2JUC,R18A,1.75,0.5205752849578857
s669,ca,egnn,42,2KJ3,D288A,-1.2,0.5833241939544678
s669,ca,egnn,42,2KJ3,E272A,-1.9,0.8035734295845032
s669,ca,egnn,42,2KJ3,G278A,0.8,0.7720746397972107
s669,ca,egnn,42,2KJ3,K229A,-1.5,0.7280945181846619
s669,ca,egnn,42,2KJ3,L241A,-1.0,1.5151175260543823
s669,ca,egnn,42,2KJ3,S273A,-1.4,0.775265097618103
s669,ca,egnn,42,2KJ3,V239A,-1.0,1.5958095788955688
s669,ca,egnn,42,2KJ3,V264A,-1.0,1.960095763206482
s669,ca,egnn,42,2KJ3,V267A,-0.2,1.916460394859314
s669,ca,egnn,42,2MPC,A89T,0.24,0.438647985458374
s669,ca,egnn,42,2MPC,R42A,-0.62,0.40354907512664795
s669,ca,egnn,42,2MPC,R42W,-2.08,0.4086120128631592
s669,ca,egnn,42,2N7Z,P88A,0.6,0.5131927132606506
s669,ca,egnn,42,2OUO,A420D,-0.44,1.0775024890899658
s669,ca,egnn,42,2PTL,A22G,2.43,1.6292173862457275
s669,ca,egnn,42,2PTL,A27P,-0.1,1.4350004196166992
s669,ca,egnn,42,2PTL,A27V,0.83,0.6907208561897278
s669,ca,egnn,42,2PTL,A34G,2.17,1.5064008235931396
s669,ca,egnn,42,2PTL,A34V,-1.47,0.8244040608406067
s669,ca,egnn,42,2PTL,A43G,2.54,2.0170881748199463
s669,ca,egnn,42,2PTL,A47G,3.1,1.6161857843399048
s669,ca,egnn,42,2PTL,A49G,1.32,0.6874793171882629
s669,ca,egnn,42,2PTL,A51G,3.12,1.3593493700027466
s669,ca,egnn,42,2PTL,A66G,0.49,1.5861352682113647
s669,ca,egnn,42,2PTL,D52A,1.21,0.6677011847496033
s669,ca,egnn,42,2PTL,D52G,2.14,0.663456380367279
s669,ca,egnn,42,2PTL,D64A,0.2,0.7675676941871643
s669,ca,egnn,42,2PTL,E35A,0.59,0.7686429023742676
s669,ca,egnn,42,2PTL,E46G,1.19,0.728554904460907
s669,ca,egnn,42,2PTL,E46I,1.08,0.7307367920875549
s669,ca,egnn,42,2PTL,E60A,0.23,0.6588694453239441
s669,ca,egnn,42,2PTL,F26A,3.12,1.8715837001800537
s669,ca,egnn,42,2PTL,F26L,0.68,0.6633597612380981
s669,ca,egnn,42,2PTL,F36A,4.15,1.6385892629623413
s669,ca,egnn,42,2PTL,F36L,3.12,0.7559923529624939
s669,ca,egnn,42,2PTL,F40G,3.08,1.7277675867080688
s669,ca,egnn,42,2PTL,F40L,0.38,0.6866186857223511
s669,ca,egnn,42,2PTL,F76L,3.34,0.6630200743675232
s669,ca,egnn,42,2PTL,F76V,3.73,0.6616384387016296
s669,ca,egnn,42,2PTL,G29A,1.52,0.7108377814292908
s669,ca,egnn,42,2PTL,G29V,2.53,0.7182545065879822
s669,ca,egnn,42,2PTL,G38A,2.08,0.6654404401779175
s669,ca,egnn,42,2PTL,G59A,2.23,0.6330129504203796
s669,ca,egnn,42,2PTL,G69A,2.04,0.725634753704071
s669,ca,egnn,42,2PTL,I20A,4.9,2.0409820079803467
s669,ca,egnn,42,2PTL,I20V,0.56,1.2899583578109741
s669,ca,egnn,42,2PTL,I25A,1.37,1.6537758111953735
s669,ca,egnn,42,2PTL,I25V,0.47,0.7683057188987732
s669,ca,egnn,42,2PTL,I74A,4.72,1.7481013536453247
s669,ca,egnn,42,2PTL,I74V,1.69,1.316546082496643
s669,ca,egnn,42,2PTL,K21A,0.92,0.7554029226303101
s669,ca,egnn,42,2PTL,K37A,0.88,0.6888523697853088
s669,ca,egnn,42,2PTL,K42G,-0.16,0.7373289465904236
s669,ca,egnn,42,2PTL,K55A,-0.58,0.6465247273445129
s669,ca,egnn,42,2PTL,K56A,-0.35,0.5957502126693726
s669,ca,egnn,42,2PTL,K68A,0.09,0.7458875775337219
s669,ca,egnn,42,2PTL,K75A,0.45,0.7111144661903381
s669,ca,egnn,42,2PTL,L24A,3.12,1.688780665397644
s669,ca,egnn,42,2PTL,L54A,2.44,1.646560549736023
s669,ca,egnn,42,2PTL,L72A,3.77,1.533700704574585
s669,ca,egnn,42,2PTL,N23A,1.87,0.7249972820281982
s669,ca,egnn,42,2PTL,N28A,1.78,0.6745485067367554
s669,ca,egnn,42,2PTL,N58A,0.34,0.6454824805259705
s669,ca,egnn,42,2PTL,N73A,1.73,0.7293941378593445
s669,ca,egnn,42,2PTL,S30A,0.3,0.7033848166465759
s669,ca,egnn,42,2PTL,S45A,-0.41,0.7408151030540466
s669,ca,egnn,42,2PTL,S45G,0.82,0.8752833604812622
s669,ca,egnn,42,2PTL,T19A,1.63,0.6916080713272095
s669,ca,egnn,42,2PTL,T31A,1.17,0.7142159342765808
s669,ca,egnn,42,2PTL,T33A,1.11,1.0313067436218262
s669,ca,egnn,42,2PTL,T39A,1.25,0.6693774461746216
s669,ca,egnn,42,2PTL,T44A,1.09,0.7348558902740479
s669,ca,egnn,42,2PTL,T53G,0.17,0.8294838070869446
s669,ca,egnn,42,2PTL,T62A,0.97,0.74598228931427
s669,ca,egnn,42,2PTL,T71A,1.83,0.7545241713523865
s669,ca,egnn,42,2PTL,V18A,1.22,2.1892731189727783
s669,ca,egnn,42,2PTL,V63A,0.92,1.45140540599823
s669,ca,egnn,42,2PTL,V65A,1.14,1.7436078786849976
s669,ca,egnn,42,2PTL,Y48A,2.82,1.012084722518921
s669,ca,egnn,42,2PTL,Y50A,2.46,0.7028414607048035
s669,ca,egnn,42,2PTL,Y70A,1.66,0.7360506653785706
s669,ca,egnn,42,2PTL,Y70L,-0.43,0.7475632429122925
s669,ca,egnn,42,2RPN,E7L,-1.05,0.4684339761734009
s669,ca,egnn,42,2RPN,V21K,-0.39,1.5011783838272095
s669,ca,egnn,42,2WQG,D15A,-0.3,0.7742193341255188
s669,ca,egnn,42,2WQG,D38A,-0.1,0.6738904118537903
s669,ca,egnn,42,2WQG,D39A,2.2,0.619083821773529
s669,ca,egnn,42,2WQG,D39N,2.6,0.6175821423530579
s669,ca,egnn,42,2WQG,E40Q,0.1,0.6250948905944824
s669,ca,egnn,42,2WQG,E41G,0.4,0.5323197245597839
s669,ca,egnn,42,2WQG,I36A,0.9,2.0589864253997803
s669,ca,egnn,42,2WQG,I36V,0.3,1.2077568769454956
s669,ca,egnn,42,2WQG,K14A,0.4,0.7027381658554077
s669,ca,egnn,42,2WQG,K14G,1.9,0.6917495131492615
s669,ca,egnn,42,2WQG,K19A,0.3,0.7524404525756836
s669,ca,egnn,42,2WQG,K28A,0.6,0.7024937272071838
s669,ca,egnn,42,2WQG,L13A,0.5,2.0189216136932373
s669,ca,egnn,42,2WQG,L16A,1.3,0.7269584536552429
s669,ca,egnn,42,2WQG,L8A,2.0,1.1693776845932007
s669,ca,egnn,42,2WQG,Q12A,0.6,0.7477967143058777
s669,ca,egnn,42,2WQG,Q12G,2.0,0.7348082661628723
s669,ca,egnn,42,2WQG,Q33A,-0.1,0.7272275686264038
s669,ca,egnn,42,2WQG,R34A,0.8,0.7272359132766724
s669,ca,egnn,42,2WQG,S23A,0.6,0.6951801180839539
s669,ca,egnn,42,2WQG,S6A,-0.1,0.6341285109519958
s669,ca,egnn,42,2WQG,S6G,0.2,0.6229405999183655
s669,ca,egnn,42,2WQG,T9S,-0.1,0.7206175327301025
s669,ca,egnn,42,2WQG,V10A,0.1,0.682039201259613
s669,ca,egnn,42,2WQG,V10G,0.7,0.9043369889259338
s669,ca,egnn,42,2WQG,V11A,-0.4,0.7394039630889893
s669,ca,egnn,42,2WQG,V11G,-0.1,0.7386937141418457
s669,ca,egnn,42,2WQG,V24A,0.5,1.2765330076217651
s669,ca,egnn,42,2WQG,Y5F,2.4,0.6620733141899109
s669,ca,egnn,42,2ZTA,E11Q,0.74,0.46416985988616943
s669,ca,egnn,42,2ZTA,E20Q,-0.2,0.4698883295059204
s669,ca,egnn,42,2ZTA,E22Q,1.83,0.4427490830421448
s669,ca,egnn,42,2ZTA,K15A,0.41,0.45737260580062866
s669,ca,egnn,42,2ZTA,K27A,0.91,0.37212347984313965
s669,ca,egnn,42,2ZTA,K28A,0.06,0.36666297912597656
s669,ca,egnn,42,2ZTA,K8A,0.39,0.40436410903930664
s669,ca,egnn,42,2ZTA,R25A,1.66,0.3925095200538635
s669,ca,egnn,42,3BN0,I20V,1.506,0.8464471697807312
s669,ca,egnn,42,3C2I,F155S,-0.43,1.1538972854614258
s669,ca,egnn,42,3C2I,T158A,-0.47,0.46381914615631104
s669,ca,egnn,42,3C2I,T158M,-0.25,0.4432936906814575
s669,ca,egnn,42,3FIS,P61A,0.5,0.5010629892349243
s669,ca,egnn,42,3G1G,D155Y,-0.34,0.4442828893661499
s669,ca,egnn,42,3G1G,F167Y,0.74,0.72756028175354
s669,ca,egnn,42,3G1G,I190V,0.17,0.6232032179832458
s669,ca,egnn,42,3G1G,R185W,-1.32,0.4810435175895691
s669,ca,egnn,42,3K82,E334L,3.35,0.5644199848175049
s669,ca,egnn,42,3K82,E334Q,1.68,0.5661495327949524
s669,ca,egnn,42,3K82,E401R,-5.49,0.5129203796386719
s669,ca,egnn,42,3MON,R39G,-1.194,0.5821825861930847
s669,ca,egnn,42,3MON,W3C,2.866,0.5666276216506958
s669,ca,egnn,42,3O39,L32P,3.25,1.3959178924560547
s669,ca,egnn,42,3S92,H395R,-2.03,0.550647497177124
s669,ca,egnn,42,4N6V,H75W,-0.574,0.44622093439102173
s669,ca,egnn,42,4N6V,P36G,1.362,0.5293313264846802
s669,ca,egnn,42,4N6V,P79S,-1.745,0.5407278537750244
s669,ca,egnn,42,4YEE,V134T,0.71,1.13986337184906
s669,ca,egnn,42,4YEF,T134V,0.93,0.48571574687957764
s669,ca,egnn,42,5JXB,D329G,1.44,0.6223177313804626
s669,ca,egnn,42,5JXB,D329P,1.44,0.6218076944351196
s669,ca,egnn,42,1A0F,S11A,1.8,0.6429218649864197
s669,ca,egnn,42,1A7V,A104H,2.69,0.5705973505973816
s669,ca,egnn,42,1A7V,A66H,1.98,0.2731359004974365
s669,ca,egnn,42,1A7V,A91H,1.7,0.8162290453910828
s669,ca,egnn,42,1A7V,D3H,1.36,0.3360726237297058
s669,ca,egnn,42,1A7V,D58H,2.05,0.33814144134521484
s669,ca,egnn,42,1A7V,E73H,3.01,0.40836721658706665
s669,ca,egnn,42,1A7V,K13H,0.6,0.5065909028053284
s669,ca,egnn,42,1A7V,K20H,2.88,0.8647735118865967
s669,ca,egnn,42,1A7V,K31H,1.36,0.45981132984161377
s669,ca,egnn,42,1A7V,K39H,1.86,0.5351253747940063
s669,ca,egnn,42,1A7V,K49H,2.02,0.5613324046134949
s669,ca,egnn,42,1A7V,K84H,2.88,0.532437264919281
s669,ca,egnn,42,1A7V,K97H,1.97,0.4761087894439697
s669,ca,egnn,42,1BNL,D76A,0.821,0.6998933553695679
s669,ca,egnn,42,1DIV,D23A,0.46,0.5658861994743347
s669,ca,egnn,42,1DIV,D23N,0.58,0.5658694505691528
s669,ca,egnn,42,1DIV,D8N,0.3,0.6173014044761658
s669,ca,egnn,42,1DIV,E100A,0.98,0.504958987236023
s669,ca,egnn,42,1DIV,E100G,1.52,0.5004174709320068
s669,ca,egnn,42,1DIV,E17Q,0.21,0.5913847088813782
s669,ca,egnn,42,1DIV,E38Q,0.56,0.5908687710762024
s669,ca,egnn,42,1DIV,E48Q,-0.03,0.5482942461967468
s669,ca,egnn,42,1DIV,E54Q,-0.33,0.48167163133621216
s669,ca,egnn,42,1DIV,H106Q,1.53,0.42731231451034546
s669,ca,egnn,42,1DIV,I115A,3.52,1.2096447944641113
s669,ca,egnn,42,1DIV,I4A,2.22,1.4595059156417847
s669,ca,egnn,42,1DIV,I4V,0.59,0.6389749646186829
s669,ca,egnn,42,1DIV,I79A,3.49,1.2711915969848633
s669,ca,egnn,42,1DIV,I93A,3.19,1.2828491926193237
s669,ca,egnn,42,1DIV,I98A,4.28,1.2000666856765747
s669,ca,egnn,42,1DIV,K10M,-0.05,0.602046012878418
s669,ca,egnn,42,1DIV,K14M,-0.01,0.6007328033447266
s669,ca,egnn,42,1DIV,K15M,0.31,0.5693152546882629
s669,ca,egnn,42,1DIV,K7M,-0.35,0.6176497936248779
s669,ca,egnn,42,1DIV,K96A,-0.61,0.4599837064743042
s669,ca,egnn,42,1DIV,K96G,0.2,0.44338297843933105
s669,ca,egnn,42,1DIV,L102A,2.37,1.8007972240447998
s669,ca,egnn,42,1DIV,L108A,2.33,1.1761797666549683
s669,ca,egnn,42,1DIV,L110A,3.21,0.9916415214538574
s669,ca,egnn,42,1DIV,L117A,0.82,0.9728842973709106
s669,ca,egnn,42,1DIV,L30A,2.76,1.5645637512207031
s669,ca,egnn,42,1DIV,L30V,3.62,0.5935559272766113
s669,ca,egnn,42,1DIV,L6A,3.1,1.3773521184921265
s669,ca,egnn,42,1DIV,L6I,0.13,0.6086481213569641
s669,ca,egnn,42,1DIV,L6V,0.41,0.6021559834480286
s669,ca,egnn,42,1DIV,L72A,3.77,2.1163957118988037
s669,ca,egnn,42,1DIV,M1A,1.46,0.5499438643455505
s669,ca,egnn,42,1DIV,M1G,2.36,0.5382840633392334
s669,ca,egnn,42,1DIV,V21A,2.33,1.2471905946731567
s669,ca,egnn,42,1DIV,V21I,0.4,0.5826459527015686
s669,ca,egnn,42,1DIV,V21L,1.23,0.5501328110694885
s669,ca,egnn,42,1DIV,V3A,2.55,1.5587793588638306
s669,ca,egnn,42,1DIV,V3I,0.31,0.5863859057426453
s669,ca,egnn,42,1DIV,V3L,2.21,0.5976209044456482
s669,ca,egnn,42,1DXX,K18N,3.7,0.5981261134147644
s669,ca,egnn,42,1FH5,S18N,-0.6,0.8756375908851624
s669,ca,egnn,42,1FT8,L212V,1.38,0.5173656344413757
s669,ca,egnn,42,1FT8,L238I,0.35,0.187876895070076
s669,ca,egnn,42,1FT8,M216L,-0.27,0.48948150873184204
s669,ca,egnn,42,1GWY,A8D,1.6,0.7376992106437683
s669,ca,egnn,42,1ITM,C24T,3.3,0.8672925233840942
s669,ca,egnn,42,1ITM,C3T,5.0,1.049941897392273
s669,ca,egnn,42,1ITM,W91S,-1.4,0.5919093489646912
s669,ca,egnn,42,1JLV,E64D,1.162,0.641367495059967
s669,ca,egnn,42,1JLV,E64N,2.3040000000000003,0.6309062838554382
s669,ca,egnn,42,1JLV,E64Q,2.302,0.6392300128936768
s669,ca,egnn,42,1LVM,E106G,-1.4,0.19905337691307068
s669,ca,egnn,42,1LVM,K45F,-0.43,0.7342108488082886
s669,ca,egnn,42,1LVM,L56V,-0.0,1.0056474208831787
s669,ca,egnn,42,1LVM,Q58F,-0.6,0.8299027681350708
s669,ca,egnn,42,1N18,E100G,2.5,0.4562746286392212
s669,ca,egnn,42,1N18,G85R,1.4,0.489280104637146
s669,ca,egnn,42,1N18,H46R,-1.4,0.5649732947349548
s669,ca,egnn,42,1O1U,E110A,3.3,0.4903896450996399
s669,ca,egnn,42,1O1U,N61A,1.2,0.52303546667099
s669,ca,egnn,42,1O1U,Q51A,0.3,0.4935365915298462
s669,ca,egnn,42,1O1U,Q99A,-0.3,0.5010286569595337
s669,ca,egnn,42,1O1U,T38A,1.2,0.49530690908432007
s669,ca,egnn,42,1O1U,W49Y,1.2,0.5072214007377625
s669,ca,egnn,42,1OSI,I11V,0.05,0.6890947818756104
s669,ca,egnn,42,1OSI,S92F,-0.39,0.6194736361503601
s669,ca,egnn,42,1OSI,V15I,0.78,0.6372820138931274
s669,ca,egnn,42,1PFL,A20T,1.53,0.89508056640625
s669,ca,egnn,42,1PFL,G117V,1.96,0.4336927533149719
s669,ca,egnn,42,1PFL,M113T,3.53,0.8826554417610168
s669,ca,egnn,42,1PFL,T108M,-0.07,0.5157055258750916
s669,ca,egnn,42,1PRG,Q286P,0.3,0.43303269147872925
s669,ca,egnn,42,1PRG,R288H,-0.06,0.47783398628234863
s669,ca,egnn,42,1PRG,V290M,-0.03,0.48499685525894165
s669,ca,egnn,42,1SPD,C111S,-0.8,0.8482944369316101
s669,ca,egnn,42,1SPD,C6A,-0.1,1.268198847770691
s669,ca,egnn,42,1XWS,E124Q,2.9,0.4058159589767456
s669,ca,egnn,42,1XWS,E135K,4.59,0.3491787910461426
s669,ca,egnn,42,1XWS,E142D,3.22,0.6335554718971252
s669,ca,egnn,42,1XWS,Y53H,3.3,0.6665788292884827
s669,ca,egnn,42,1XXN,N32D,0.86,0.8278104662895203
s669,ca,egnn,42,1XXN,N54E,0.645,0.40678471326828003
s669,ca,egnn,42,1XXN,S22E,-0.239,0.7235502004623413
s669,ca,egnn,42,1XXN,S27E,0.645,0.9924288392066956
s669,ca,egnn,42,1XZO,F42W,-2.87,0.7176721692085266
s669,ca,egnn,42,1XZO,W101F,2.89,0.588975727558136
s669,ca,egnn,42,1XZO,W36A,8.93,1.2073262929916382
s669,ca,egnn,42,1XZO,W36F,4.25,0.5643287897109985
s669,ca,egnn,42,2ARF,H1069Q,0.7170000000000001,0.8206806778907776
s669,ca,egnn,42,2H3F,E12A,-1.07,0.46264493465423584
s669,ca,egnn,42,2JIE,H104R,-1.536,0.7064369916915894
s669,ca,egnn,42,2JIE,Q22S,0.209,0.7575257420539856
s669,ca,egnn,42,2JIE,S17A,1.246,0.9472015500068665
s669,ca,egnn,42,2JIE,S19A,-0.951,0.8297944664955139
s669,ca,egnn,42,2JIE,T18A,0.994,0.9199321866035461
s669,ca,egnn,42,2JIE,W123F,-2.19,0.6390830874443054
s669,ca,egnn,42,2JIE,W123H,-1.06,0.7855384945869446
s669,ca,egnn,42,2JIE,Y21A,3.443,0.7888298630714417
s669,ca,egnn,42,2KS4,D9A,-1.26,0.47771650552749634
s669,ca,egnn,42,2KS4,E2A,0.23,0.47420257329940796
s669,ca,egnn,42,2LTB,L558P,1.57,1.20599365234375
s669,ca,egnn,42,2LTB,L569R,3.11,1.5900737047195435
s669,ca,egnn,42,2LTB,M619K,3.34,0.15787221491336823
s669,ca,egnn,42,2LTB,R533Q,1.1,0.43168628215789795
s669,ca,egnn,42,2LTB,R555Q,0.36,0.5699235200881958
s669,ca,egnn,42,2LTB,R555W,-1.79,0.5840818881988525
s669,ca,egnn,42,2M5S,D302A,4.0,0.6052846908569336
s669,ca,egnn,42,2M5S,H305A,2.0,0.5639441013336182
s669,ca,egnn,42,2NTE,R658C,2.3,0.6958743929862976
s669,ca,egnn,42,2PR5,A33Y,-0.5,0.4778459072113037
s669,ca,egnn,42,2PR5,A81M,0.4,0.4723430871963501
s669,ca,egnn,42,2PR5,D109E,-0.3,0.544644296169281
s669,ca,egnn,42,2PR5,H22K,-0.3,0.43065017461776733
s669,ca,egnn,42,2PR5,H22W,-1.2,0.427645206451416
s669,ca,egnn,42,2PR5,M111F,-2.9,0.5567169189453125
s669,ca,egnn,42,2PR5,N107F,-0.9,0.5639291405677795
s669,ca,egnn,42,2PR5,N107Y,-0.8,0.563703179359436
s669,ca,egnn,42,2PR5,N124F,-1.1,0.5112610459327698
s669,ca,egnn,42,2PR5,N124Y,-2.6,0.5112835764884949
s669,ca,egnn,42,2PR5,T30M,-0.5,0.5236750245094299
s669,ca,egnn,42,2PR5,T50M,0.5,0.47581303119659424
s669,ca,egnn,42,2PR5,T54Y,-0.2,0.5265018939971924
s669,ca,egnn,42,2PR5,V120I,-1.4,0.5641141533851624
s669,ca,egnn,42,2PR5,V25I,-0.4,0.5217997431755066
s669,ca,egnn,42,2PR5,V88L,0.2,0.5021098852157593
s669,ca,egnn,42,2PR5,V90I,0.7,0.5224997401237488
s669,ca,egnn,42,2VY0,E53A,6.597,1.2882193326950073
s669,ca,egnn,42,3BCI,E96Q,-1.369,0.5073962807655334
s669,ca,egnn,42,3D3B,D118A,0.65,0.4952399730682373
s669,ca,egnn,42,3D3B,D118E,0.6,0.4945374131202698
s669,ca,egnn,42,3D3B,D118K,1.6,0.49709826707839966
s669,ca,egnn,42,3D3B,D118N,1.34,0.49540889263153076
s669,ca,egnn,42,3D3B,D118R,1.41,0.49946045875549316
s669,ca,egnn,42,3ECU,H46R,-0.8,0.579397976398468
s669,ca,egnn,42,3S4M,D122Y,1.3,0.5260100960731506
s669,ca,egnn,42,3S4M,G130V,2.5,0.5701959133148193
s669,ca,egnn,42,3S4M,I154F,-0.096,0.9375437498092651
s669,ca,egnn,42,3S4M,W155R,0.693,0.7067219614982605
s669,ca,egnn,42,4BJX,A89V,-0.99,0.5151421427726746
s669,ca,egnn,42,4BUQ,Y48A,1.435,0.48846524953842163
s669,ca,egnn,42,4WAA,K65A,-0.1,0.5765329003334045
s669,ca,egnn,42,4WAA,K67A,2.07,0.6879040598869324
s669,ca,egnn,42,4WAA,R27A,0.44,0.693775475025177
s669,ca,egnn,42,5VP3,R39K,-0.413,0.5641667246818542
s669,ca,egnn,42,1BA3,H461D,1.745,0.5002112984657288
s669,ca,egnn,42,1BA3,H489D,-0.287,0.4421433210372925
s669,ca,egnn,42,1BA3,H489K,0.287,0.4420034885406494
s669,ca,egnn,42,1BA3,H489M,0.263,0.4429175853729248
s669,ca,egnn,42,1DIV,V129A,1.81,0.8351653218269348
s669,ca,egnn,42,1F8I,F345A,0.455,1.4993818998336792
s669,ca,egnn,42,1FT8,L349I,-0.05,0.4482990503311157
s669,ca,egnn,42,1LVM,S135G,-0.0,1.2451635599136353
s669,ca,egnn,42,1NM1,D187N,0.88,0.4894474744796753
s669,ca,egnn,42,1NM1,D187Y,1.9,0.4891864061355591
s669,ca,egnn,42,1PRE,C159S,2.4,0.3937523365020752
s669,ca,egnn,42,1R2Y,R244E,4.2,0.45013177394866943
s669,ca,egnn,42,1XXN,N181R,-0.358,0.9332294464111328
s669,ca,egnn,42,3D2A,M134E,-3.02,0.6665264964103699
s669,ca,egnn,42,3D2A,M137P,-3.34,1.5164839029312134
s669,ca,egnn,42,3D2A,S163P,-2.11,0.8089761734008789
s669,ca,egnn,42,5OAQ,Y429H,2.99,1.3286391496658325
s669,ca,egnn,123,1BFM,M35W,0.7,0.7309362888336182
s669,ca,egnn,123,1BFM,M35Y,0.4,0.7438241839408875
s669,ca,egnn,123,1D5G,H71Y,0.04,0.9800554513931274
s669,ca,egnn,123,1D5G,I20F,-0.91,1.0418124198913574
s669,ca,egnn,123,1EKG,L198C,1.0,0.9174379706382751
s669,ca,egnn,123,1EKG,L200C,2.0,0.8335170745849609
s669,ca,egnn,123,1EKG,L203C,-1.0,0.9182254672050476
s669,ca,egnn,123,1EKG,S181F,2.6,0.8306903839111328
s669,ca,egnn,123,1FRD,H42R,-4.0,0.936052143573761
s669,ca,egnn,123,1FXA,E94D,1.1,0.8913993835449219
s669,ca,egnn,123,1FXA,E94K,0.4,0.8867245316505432
s669,ca,egnn,123,1FXA,E94Q,-0.6,0.8933729529380798
s669,ca,egnn,123,1FXA,E95K,-1.0,0.9442755579948425
s669,ca,egnn,123,1FXA,F65A,1.0,0.7943394780158997
s669,ca,egnn,123,1FXA,F65I,0.9,0.7788648009300232
s669,ca,egnn,123,1FXA,F65W,0.6,0.7893996834754944
s669,ca,egnn,123,1FXA,F65Y,0.5,0.7834424376487732
s669,ca,egnn,123,1FXA,R42A,2.4,0.8578561544418335
s669,ca,egnn,123,1FXA,R42H,1.4,0.8528370261192322
s669,ca,egnn,123,1FXA,T48A,-0.1,0.8492518663406372
s669,ca,egnn,123,1GLU,C500A,1.22,0.962527871131897
s669,ca,egnn,123,1GUA,A118G,1.963,0.8300036787986755
s669,ca,egnn,123,1GUA,A118L,1.951,0.7848590016365051
s669,ca,egnn,123,1GUA,A85G,2.149,0.6279907822608948
s669,ca,egnn,123,1GUA,A97G,0.863,0.7762246131896973
s669,ca,egnn,123,1GUA,C81A,-0.283,0.7849432826042175
s669,ca,egnn,123,1GUA,C81I,0.912,0.7509056925773621
s669,ca,egnn,123,1GUA,C95A,0.08,0.6738292574882507
s669,ca,egnn,123,1GUA,C96A,1.759,0.6924982070922852
s669,ca,egnn,123,1GUA,C96L,0.043,0.6815456748008728
s669,ca,egnn,123,1GUA,C96M,0.337,0.6690581440925598
s669,ca,egnn,123,1GUA,D117A,0.706,0.5330650806427002
s669,ca,egnn,123,1GUA,D129A,0.855,0.6759160161018372
s669,ca,egnn,123,1GUA,D80A,0.493,0.7239918112754822
s669,ca,egnn,123,1GUA,E104A,-0.021,0.5459610223770142
s669,ca,egnn,123,1GUA,E124A,0.101,0.6219664812088013
s669,ca,egnn,123,1GUA,E125A,0.591,0.6557378768920898
s669,ca,egnn,123,1GUA,I58A,3.274,0.753770649433136
s669,ca,egnn,123,1GUA,I58F,1.2990000000000002,0.7418889403343201
s669,ca,egnn,123,1GUA,I58L,0.7709999999999999,0.7433524131774902
s669,ca,egnn,123,1GUA,K109A,0.327,0.7688891291618347
s669,ca,egnn,123,1GUA,L112A,2.593,0.8279761075973511
s669,ca,egnn,123,1GUA,L121A,2.5340000000000003,0.6835634112358093
s669,ca,egnn,123,1GUA,L126A,3.405,0.7640296816825867
s669,ca,egnn,123,1GUA,L62A,3.46,0.6153798699378967
s669,ca,egnn,123,1GUA,L78A,3.803,0.8232293725013733
s669,ca,egnn,123,1GUA,L82A,3.529,0.7940260171890259
s669,ca,egnn,123,1GUA,L82I,1.6,0.7910026907920837
s669,ca,egnn,123,1GUA,L82V,1.7,0.7884969711303711
s669,ca,egnn,123,1GUA,L86A,3.2260000000000004,0.6940788626670837
s669,ca,egnn,123,1GUA,L91A,1.575,0.7144631743431091
s669,ca,egnn,123,1GUA,M76A,0.961,0.7073012590408325
s669,ca,egnn,123,1GUA,N56M,-0.271,0.5747568607330322
s669,ca,egnn,123,1GUA,N64A,1.14,0.6289399266242981
s669,ca,egnn,123,1GUA,P63A,1.7080000000000002,0.5266043543815613
s669,ca,egnn,123,1GUA,P93A,0.0819999999999999,0.6666051745414734
s669,ca,egnn,123,1GUA,Q66A,0.504,0.5213003754615784
s669,ca,egnn,123,1GUA,R100A,0.693,0.7705599665641785
s669,ca,egnn,123,1GUA,R59A,-0.178,0.6717477440834045
s669,ca,egnn,123,1GUA,R89L,-1.078,0.6648491621017456
s669,ca,egnn,123,1GUA,S77A,1.5730000000000002,0.7086221575737
s669,ca,egnn,123,1GUA,S77T,-0.581,0.6906175017356873
s669,ca,egnn,123,1GUA,T68A,0.109,0.6258390545845032
s669,ca,egnn,123,1GUA,V128A,3.3680000000000003,0.7632353901863098
s669,ca,egnn,123,1GUA,V60A,2.251,0.7492045760154724
s669,ca,egnn,123,1GUA,V69A,1.116,0.5982626080513
s669,ca,egnn,123,1GUA,V70A,1.77,0.7613081336021423
s669,ca,egnn,123,1GUA,V72A,1.052,0.8953596949577332
s669,ca,egnn,123,1GUA,V72I,0.8640000000000001,0.8433886170387268
s669,ca,egnn,123,1GUA,V98A,1.981,0.8332881927490234
s669,ca,egnn,123,1H0X,P18A,1.936,0.6734676957130432
s669,ca,egnn,123,1H0X,P62A,2.5810000000000004,0.7626420855522156
s669,ca,egnn,123,1HCQ,C67A,2.09,0.9264231324195862
s669,ca,egnn,123,1HCQ,C67S,1.99,0.9165898561477661
s669,ca,egnn,123,1IOJ,G15A,-0.4,0.9019889235496521
s669,ca,egnn,123,1IV7,A173C,-0.5,1.0525931119918823
s669,ca,egnn,123,1IV7,F189C,2.5,1.074717402458191
s669,ca,egnn,123,1IV7,L162C,1.9,1.0219675302505493
s669,ca,egnn,123,1IV9,S76Y,-4.299,1.0310790538787842
s669,ca,egnn,123,1J8I,K25A,-0.1,0.8814008831977844
s669,ca,egnn,123,1J8I,K66A,-0.1,0.9382982850074768
s669,ca,egnn,123,1J8I,R23A,-0.8,0.9425676465034485
s669,ca,egnn,123,1J8I,R35A,0.1,0.8540266156196594
s669,ca,egnn,123,1J8I,R43A,-0.7,0.8924767374992371
s669,ca,egnn,123,1J8I,R9A,0.1,0.8723694086074829
s669,ca,egnn,123,1JL9,A25C,1.44,0.7196953892707825
s669,ca,egnn,123,1L6H,F39A,1.6969999999999998,0.913286030292511
s669,ca,egnn,123,1L6H,Y45A,0.55,0.7471498250961304
s669,ca,egnn,123,1L6H,Y48A,1.482,0.672086775302887
s669,ca,egnn,123,1N88,F21A,1.39,0.8962202668190002
s669,ca,egnn,123,1N88,I39A,1.39,0.8959127068519592
s669,ca,egnn,123,1N88,I80A,2.79,0.8243086338043213
s669,ca,egnn,123,1N88,I89A,2.35,0.9178919196128845
s669,ca,egnn,123,1N88,I8V,1.52,0.8904655575752258
s669,ca,egnn,123,1N88,L13A,1.52,0.955455482006073
s669,ca,egnn,123,1N88,L57A,1.11,0.849070131778717
s669,ca,egnn,123,1N88,V12A,1.94,0.8598037958145142
s669,ca,egnn,123,1N88,V30A,2.84,0.8653058409690857
s669,ca,egnn,123,1N88,V43A,2.82,0.8973594903945923
s669,ca,egnn,123,1N88,V49A,2.83,0.8512607216835022
s669,ca,egnn,123,1N88,V51A,3.24,0.9342043995857239
s669,ca,egnn,123,1N88,V54A,3.73,0.9050900340080261
s669,ca,egnn,123,1N88,V81A,2.82,0.9117388129234314
s669,ca,egnn,123,1N88,V83A,3.1,0.8656694889068604
s669,ca,egnn,123,1N88,Y18A,-0.06,0.8496119379997253
s669,ca,egnn,123,1N88,Y26A,4.61,0.8808117508888245
s669,ca,egnn,123,1O6X,A31G,1.2,0.8303698897361755
s669,ca,egnn,123,1O6X,A50G,1.4,0.8516465425491333
s669,ca,egnn,123,1O6X,D38A,-0.36,0.840287983417511
s669,ca,egnn,123,1O6X,E14A,0.3,0.8585379123687744
s669,ca,egnn,123,1O6X,E20G,1.42,0.671786367893219
s669,ca,egnn,123,1O6X,F39L,1.88,0.849990725517273
s669,ca,egnn,123,1O6X,F65A,0.98,0.8555635809898376
s669,ca,egnn,123,1O6X,H51A,0.61,0.8461994528770447
s669,ca,egnn,123,1O6X,I15V,0.43,0.9376271367073059
s669,ca,egnn,123,1O6X,I23V,-0.42,0.9492660760879517
s669,ca,egnn,123,1O6X,I71V,1.31,0.9891130328178406
s669,ca,egnn,123,1O6X,I75A,1.31,0.9015642404556274
s669,ca,egnn,123,1O6X,K41A,1.98,0.7930446267127991
s669,ca,egnn,123,1O6X,L26V,0.97,0.8710746765136719
s669,ca,egnn,123,1O6X,N58A,0.08,0.8997519016265869
s669,ca,egnn,123,1O6X,Q60G,0.49,0.8175236582756042
s669,ca,egnn,123,1O6X,V12A,1.1,0.8774581551551819
s669,ca,egnn,123,1O6X,V52A,1.08,0.90797358751297
s669,ca,egnn,123,1O6X,V64G,1.1,0.8188169002532959
s669,ca,egnn,123,1O6X,Y73L,2.78,0.8168478012084961
s669,ca,egnn,123,1R6R,I88N,0.13,0.9207687973976135
s669,ca,egnn,123,1R6R,L50S,2.81,0.8799439072608948
s669,ca,egnn,123,1R6R,L54S,0.24,0.9034261107444763
s669,ca,egnn,123,1R6R,L81N,6.84,0.910577654838562
s669,ca,egnn,123,2BJD,V84D,4.493,0.9160863757133484
s669,ca,egnn,123,2BJD,V84P,4.517,0.9064926505088806
s669,ca,egnn,123,2BJD,Y86E,2.103,0.853227972984314
s669,ca,egnn,123,2C9Q,Y79F,0.012,1.0137155055999756
s669,ca,egnn,123,2C9Q,Y79W,1.233,1.032231092453003
s669,ca,egnn,123,2CLR,H13F,-0.12,0.9384248852729797
s669,ca,egnn,123,2CLR,H31F,-2.605,0.8767369985580444
s669,ca,egnn,123,2CLR,H51F,1.912,0.8191413283348083
s669,ca,egnn,123,2CLR,H84A,2.629,1.0031839609146118
s669,ca,egnn,123,2DVV,Q443H,-0.89,0.7900840640068054
s669,ca,egnn,123,2DVV,R419W,0.02,0.8000531196594238
s669,ca,egnn,123,2HBB,A22G,0.32,0.5783851742744446
s669,ca,egnn,123,2HBB,A26G,1.79,0.7740575075149536
s669,ca,egnn,123,2HBB,A36G,1.55,0.7988986372947693
s669,ca,egnn,123,2HBB,A39G,1.59,0.6328848600387573
s669,ca,egnn,123,2HBB,A42G,0.33,0.5640977025032043
s669,ca,egnn,123,2HBB,A46G,0.55,0.5822015404701233
s669,ca,egnn,123,2HBB,A49G,0.22,0.5513790249824524
s669,ca,egnn,123,2HBB,D23A,0.03,0.5650773644447327
s669,ca,egnn,123,2HBB,D23N,0.79,0.5639374256134033
s669,ca,egnn,123,2HBB,D8A,1.3,0.574745774269104
s669,ca,egnn,123,2HBB,D8N,0.38,0.5518189072608948
s669,ca,egnn,123,2HBB,E17A,1.69,0.5322045087814331
s669,ca,egnn,123,2HBB,E17Q,0.33,0.5355367660522461
s669,ca,egnn,123,2HBB,E38A,0.41,0.5832498669624329
s669,ca,egnn,123,2HBB,E38Q,0.68,0.5814477205276489
s669,ca,egnn,123,2HBB,E48Q,-0.07,0.5253073573112488
s669,ca,egnn,123,2HBB,F31A,2.84,0.5794596076011658
s669,ca,egnn,123,2HBB,F5L,1.15,0.6636238098144531
s669,ca,egnn,123,2HBB,G24A,-0.02,0.5288249850273132
s669,ca,egnn,123,2HBB,G34A,1.02,0.5237681269645691
s669,ca,egnn,123,2HBB,I18A,2.05,0.7253787517547607
s669,ca,egnn,123,2HBB,I18V,0.07,0.6862087249755859
s669,ca,egnn,123,2HBB,I37A,1.28,0.7096947431564331
s669,ca,egnn,123,2HBB,I37V,-0.09,0.6473158001899719
s669,ca,egnn,123,2HBB,I4V,0.59,0.680813193321228
s669,ca,egnn,123,2HBB,K10E,-0.13,0.5079546570777893
s669,ca,egnn,123,2HBB,K10M,-0.47,0.5094866752624512
s669,ca,egnn,123,2HBB,K12A,-0.61,0.5696707367897034
s669,ca,egnn,123,2HBB,K12G,-0.03,0.5770848393440247
s669,ca,egnn,123,2HBB,K12M,-1.8,0.5603185296058655
s669,ca,egnn,123,2HBB,K14A,0.73,0.660183846950531
s669,ca,egnn,123,2HBB,K14G,1.3,0.6915878057479858
s669,ca,egnn,123,2HBB,K14M,0.34,0.5414983630180359
s669,ca,egnn,123,2HBB,K15G,1.74,0.683460533618927
s669,ca,egnn,123,2HBB,K15M,0.44,0.5387726426124573
s669,ca,egnn,123,2HBB,K7M,-0.21,0.493245005607605
s669,ca,egnn,123,2HBB,L30A,2.76,0.6881653666496277
s669,ca,egnn,123,2HBB,L35A,1.21,0.7689798474311829
s669,ca,egnn,123,2HBB,L44A,1.73,0.7222627997398376
s669,ca,egnn,123,2HBB,L47A,0.84,0.7052819132804871
s669,ca,egnn,123,2HBB,L6A,3.1,0.6032889485359192
s669,ca,egnn,123,2HBB,M1A,1.46,0.5889933109283447
s669,ca,egnn,123,2HBB,T40S,0.8,0.582689642906189
s669,ca,egnn,123,2HBB,V21A,2.33,0.6613814234733582
s669,ca,egnn,123,2HBB,V3A,2.55,0.7675658464431763
s669,ca,egnn,123,2HBB,V9A,1.81,0.72501140832901
s669,ca,egnn,123,2JUC,C57D,2.54,0.9675911068916321
s669,ca,egnn,123,2JUC,C57S,0.71,0.9681645035743713
s669,ca,egnn,123,2JUC,R18A,1.75,0.5707217454910278
s669,ca,egnn,123,2KJ3,D288A,-1.2,1.0459938049316406
s669,ca,egnn,123,2KJ3,E272A,-1.9,1.0168955326080322
s669,ca,egnn,123,2KJ3,G278A,0.8,1.0514118671417236
s669,ca,egnn,123,2KJ3,K229A,-1.5,1.057059645652771
s669,ca,egnn,123,2KJ3,L241A,-1.0,1.0917245149612427
s669,ca,egnn,123,2KJ3,S273A,-1.4,1.0183931589126587
s669,ca,egnn,123,2KJ3,V239A,-1.0,1.0868628025054932
s669,ca,egnn,123,2KJ3,V264A,-1.0,1.0674872398376465
s669,ca,egnn,123,2KJ3,V267A,-0.2,1.0231634378433228
s669,ca,egnn,123,2MPC,A89T,0.24,0.8959535360336304
s669,ca,egnn,123,2MPC,R42A,-0.62,1.0075454711914062
s669,ca,egnn,123,2MPC,R42W,-2.08,1.0072680711746216
s669,ca,egnn,123,2N7Z,P88A,0.6,1.0383561849594116
s669,ca,egnn,123,2OUO,A420D,-0.44,0.961643636226654
s669,ca,egnn,123,2PTL,A22G,2.43,0.9158094525337219
s669,ca,egnn,123,2PTL,A27P,-0.1,0.8683413863182068
s669,ca,egnn,123,2PTL,A27V,0.83,0.7989902496337891
s669,ca,egnn,123,2PTL,A34G,2.17,0.9054437875747681
s669,ca,egnn,123,2PTL,A34V,-1.47,0.8480175137519836
s669,ca,egnn,123,2PTL,A43G,2.54,0.9823896884918213
s669,ca,egnn,123,2PTL,A47G,3.1,0.9163385629653931
s669,ca,egnn,123,2PTL,A49G,1.32,0.8041916489601135
s669,ca,egnn,123,2PTL,A51G,3.12,0.9401889443397522
s669,ca,egnn,123,2PTL,A66G,0.49,0.7533795237541199
s669,ca,egnn,123,2PTL,D52A,1.21,0.8149757981300354
s669,ca,egnn,123,2PTL,D52G,2.14,0.8159612417221069
s669,ca,egnn,123,2PTL,D64A,0.2,0.7320082783699036
s669,ca,egnn,123,2PTL,E35A,0.59,0.8224034309387207
s669,ca,egnn,123,2PTL,E46G,1.19,0.9295200705528259
s669,ca,egnn,123,2PTL,E46I,1.08,0.8681942820549011
s669,ca,egnn,123,2PTL,E60A,0.23,0.7997351288795471
s669,ca,egnn,123,2PTL,F26A,3.12,0.9087039828300476
s669,ca,egnn,123,2PTL,F26L,0.68,0.9191944003105164
s669,ca,egnn,123,2PTL,F36A,4.15,0.8968703746795654
s669,ca,egnn,123,2PTL,F36L,3.12,0.8853135108947754
s669,ca,egnn,123,2PTL,F40G,3.08,0.9113245606422424
s669,ca,egnn,123,2PTL,F40L,0.38,0.7823361754417419
s669,ca,egnn,123,2PTL,F76L,3.34,0.9403486847877502
s669,ca,egnn,123,2PTL,F76V,3.73,0.9233542084693909
s669,ca,egnn,123,2PTL,G29A,1.52,0.7358715534210205
s669,ca,egnn,123,2PTL,G29V,2.53,0.7269342541694641
s669,ca,egnn,123,2PTL,G38A,2.08,0.8088149428367615
s669,ca,egnn,123,2PTL,G59A,2.23,0.799627959728241
s669,ca,egnn,123,2PTL,G69A,2.04,0.7899806499481201
s669,ca,egnn,123,2PTL,I20A,4.9,0.9157904386520386
s669,ca,egnn,123,2PTL,I20V,0.56,0.8760916590690613
s669,ca,egnn,123,2PTL,I25A,1.37,0.7789053320884705
s669,ca,egnn,123,2PTL,I25V,0.47,0.7923946380615234
s669,ca,egnn,123,2PTL,I74A,4.72,0.8529711961746216
s669,ca,egnn,123,2PTL,I74V,1.69,0.8335304856300354
s669,ca,egnn,123,2PTL,K21A,0.92,0.8349884152412415
s669,ca,egnn,123,2PTL,K37A,0.88,0.9037937521934509
s669,ca,egnn,123,2PTL,K42G,-0.16,0.7875314950942993
s669,ca,egnn,123,2PTL,K55A,-0.58,0.8097698092460632
s669,ca,egnn,123,2PTL,K56A,-0.35,0.8778458833694458
s669,ca,egnn,123,2PTL,K68A,0.09,0.7850027680397034
s669,ca,egnn,123,2PTL,K75A,0.45,0.7556508183479309
s669,ca,egnn,123,2PTL,L24A,3.12,0.8497908115386963
s669,ca,egnn,123,2PTL,L54A,2.44,0.8561145663261414
s669,ca,egnn,123,2PTL,L72A,3.77,0.8326987624168396
s669,ca,egnn,123,2PTL,N23A,1.87,0.8184056878089905
s669,ca,egnn,123,2PTL,N28A,1.78,0.7593454122543335
s669,ca,egnn,123,2PTL,N58A,0.34,0.8173795342445374
s669,ca,egnn,123,2PTL,N73A,1.73,0.8119240999221802
s669,ca,egnn,123,2PTL,S30A,0.3,0.799739420413971
s669,ca,egnn,123,2PTL,S45A,-0.41,0.919451892375946
s669,ca,egnn,123,2PTL,S45G,0.82,0.9123337864875793
s669,ca,egnn,123,2PTL,T19A,1.63,0.8653812408447266
s669,ca,egnn,123,2PTL,T31A,1.17,0.8381449580192566
s669,ca,egnn,123,2PTL,T33A,1.11,0.7788952589035034
s669,ca,egnn,123,2PTL,T39A,1.25,0.7605220675468445
s669,ca,egnn,123,2PTL,T44A,1.09,0.9078691601753235
s669,ca,egnn,123,2PTL,T53G,0.17,0.7681086659431458
s669,ca,egnn,123,2PTL,T62A,0.97,0.7438088655471802
s669,ca,egnn,123,2PTL,T71A,1.83,0.8449663519859314
s669,ca,egnn,123,2PTL,V18A,1.22,0.96579909324646
s669,ca,egnn,123,2PTL,V63A,0.92,0.8201348781585693
s669,ca,egnn,123,2PTL,V65A,1.14,0.8728787302970886
s669,ca,egnn,123,2PTL,Y48A,2.82,0.884045422077179
s669,ca,egnn,123,2PTL,Y50A,2.46,0.8446337580680847
s669,ca,egnn,123,2PTL,Y70A,1.66,0.9020662903785706
s669,ca,egnn,123,2PTL,Y70L,-0.43,0.8745917677879333
s669,ca,egnn,123,2RPN,E7L,-1.05,0.8944644331932068
s669,ca,egnn,123,2RPN,V21K,-0.39,0.8654094934463501
s669,ca,egnn,123,2WQG,D15A,-0.3,0.8577810525894165
s669,ca,egnn,123,2WQG,D38A,-0.1,0.8711124658584595
s669,ca,egnn,123,2WQG,D39A,2.2,0.9089031219482422
s669,ca,egnn,123,2WQG,D39N,2.6,0.8974111676216125
s669,ca,egnn,123,2WQG,E40Q,0.1,0.8815790414810181
s669,ca,egnn,123,2WQG,E41G,0.4,1.0473666191101074
s669,ca,egnn,123,2WQG,I36A,0.9,1.0095683336257935
s669,ca,egnn,123,2WQG,I36V,0.3,1.0067025423049927
s669,ca,egnn,123,2WQG,K14A,0.4,0.9404789805412292
s669,ca,egnn,123,2WQG,K14G,1.9,0.948954164981842
s669,ca,egnn,123,2WQG,K19A,0.3,0.9336408376693726
s669,ca,egnn,123,2WQG,K28A,0.6,0.9764437079429626
s669,ca,egnn,123,2WQG,L13A,0.5,1.040518045425415
s669,ca,egnn,123,2WQG,L16A,1.3,0.8593232035636902
s669,ca,egnn,123,2WQG,L8A,2.0,1.032244324684143
s669,ca,egnn,123,2WQG,Q12A,0.6,0.9423210024833679
s669,ca,egnn,123,2WQG,Q12G,2.0,0.9459258913993835
s669,ca,egnn,123,2WQG,Q33A,-0.1,0.8692507147789001
s669,ca,egnn,123,2WQG,R34A,0.8,0.9097921252250671
s669,ca,egnn,123,2WQG,S23A,0.6,0.8851780891418457
s669,ca,egnn,123,2WQG,S6A,-0.1,0.9125344157218933
s669,ca,egnn,123,2WQG,S6G,0.2,0.9122607111930847
s669,ca,egnn,123,2WQG,T9S,-0.1,0.9624581336975098
s669,ca,egnn,123,2WQG,V10A,0.1,1.0570522546768188
s669,ca,egnn,123,2WQG,V10G,0.7,1.0641412734985352
s669,ca,egnn,123,2WQG,V11A,-0.4,0.8779832720756531
s669,ca,egnn,123,2WQG,V11G,-0.1,0.8880429863929749
s669,ca,egnn,123,2WQG,V24A,0.5,0.9992622137069702
s669,ca,egnn,123,2WQG,Y5F,2.4,0.9667671918869019
s669,ca,egnn,123,2ZTA,E11Q,0.74,0.7655548453330994
s669,ca,egnn,123,2ZTA,E20Q,-0.2,0.8214473724365234
s669,ca,egnn,123,2ZTA,E22Q,1.83,0.8405208587646484
s669,ca,egnn,123,2ZTA,K15A,0.41,0.6728104948997498
s669,ca,egnn,123,2ZTA,K27A,0.91,0.6216813921928406
s669,ca,egnn,123,2ZTA,K28A,0.06,0.6915308833122253
s669,ca,egnn,123,2ZTA,K8A,0.39,0.8582013249397278
s669,ca,egnn,123,2ZTA,R25A,1.66,0.5636892318725586
s669,ca,egnn,123,3BN0,I20V,1.506,0.9658827185630798
s669,ca,egnn,123,3C2I,F155S,-0.43,0.9795851111412048
s669,ca,egnn,123,3C2I,T158A,-0.47,0.8949397206306458
s669,ca,egnn,123,3C2I,T158M,-0.25,0.8738733530044556
s669,ca,egnn,123,3FIS,P61A,0.5,0.6883001923561096
s669,ca,egnn,123,3G1G,D155Y,-0.34,0.759330153465271
s669,ca,egnn,123,3G1G,F167Y,0.74,0.8244994878768921
s669,ca,egnn,123,3G1G,I190V,0.17,0.8204522728919983
s669,ca,egnn,123,3G1G,R185W,-1.32,0.7408652305603027
s669,ca,egnn,123,3K82,E334L,3.35,0.8929709792137146
s669,ca,egnn,123,3K82,E334Q,1.68,0.8924751877784729
s669,ca,egnn,123,3K82,E401R,-5.49,0.9273784756660461
s669,ca,egnn,123,3MON,R39G,-1.194,1.0608608722686768
s669,ca,egnn,123,3MON,W3C,2.866,1.0363460779190063
s669,ca,egnn,123,3O39,L32P,3.25,1.0459258556365967
s669,ca,egnn,123,3S92,H395R,-2.03,0.7122247815132141
s669,ca,egnn,123,4N6V,H75W,-0.574,0.9596052765846252
s669,ca,egnn,123,4N6V,P36G,1.362,0.8982534408569336
s669,ca,egnn,123,4N6V,P79S,-1.745,0.9570171236991882
s669,ca,egnn,123,4YEE,V134T,0.71,0.9020583629608154
s669,ca,egnn,123,4YEF,T134V,0.93,0.8632175922393799
s669,ca,egnn,123,5JXB,D329G,1.44,0.9054913520812988
s669,ca,egnn,123,5JXB,D329P,1.44,0.9298146963119507
s669,ca,egnn,123,1A0F,S11A,1.8,0.8779522776603699
s669,ca,egnn,123,1A7V,A104H,2.69,0.8165408968925476
s669,ca,egnn,123,1A7V,A66H,1.98,0.9486829042434692
s669,ca,egnn,123,1A7V,A91H,1.7,0.8446865677833557
s669,ca,egnn,123,1A7V,D3H,1.36,0.7383489608764648
s669,ca,egnn,123,1A7V,D58H,2.05,0.9524709582328796
s669,ca,egnn,123,1A7V,E73H,3.01,0.8056747317314148
s669,ca,egnn,123,1A7V,K13H,0.6,0.8937214612960815
s669,ca,egnn,123,1A7V,K20H,2.88,0.8474944233894348
s669,ca,egnn,123,1A7V,K31H,1.36,0.829608142375946
s669,ca,egnn,123,1A7V,K39H,1.86,0.8950011134147644
s669,ca,egnn,123,1A7V,K49H,2.02,0.8276195526123047
s669,ca,egnn,123,1A7V,K84H,2.88,0.8364579081535339
s669,ca,egnn,123,1A7V,K97H,1.97,0.8660175204277039
s669,ca,egnn,123,1BNL,D76A,0.821,0.7574687600135803
s669,ca,egnn,123,1DIV,D23A,0.46,0.6383129954338074
s669,ca,egnn,123,1DIV,D23N,0.58,0.6255704760551453
s669,ca,egnn,123,1DIV,D8N,0.3,0.6823299527168274
s669,ca,egnn,123,1DIV,E100A,0.98,0.7021414637565613
s669,ca,egnn,123,1DIV,E100G,1.52,0.7052844762802124
s669,ca,egnn,123,1DIV,E17Q,0.21,0.7595770359039307
s669,ca,egnn,123,1DIV,E38Q,0.56,0.6228222250938416
s669,ca,egnn,123,1DIV,E48Q,-0.03,0.6668493151664734
s669,ca,egnn,123,1DIV,E54Q,-0.33,0.7166592478752136
s669,ca,egnn,123,1DIV,H106Q,1.53,0.7483195662498474
s669,ca,egnn,123,1DIV,I115A,3.52,0.82004314661026
s669,ca,egnn,123,1DIV,I4A,2.22,0.742330014705658
s669,ca,egnn,123,1DIV,I4V,0.59,0.727857768535614
s669,ca,egnn,123,1DIV,I79A,3.49,0.868004322052002
s669,ca,egnn,123,1DIV,I93A,3.19,0.8899195790290833
s669,ca,egnn,123,1DIV,I98A,4.28,0.9429873824119568
s669,ca,egnn,123,1DIV,K10M,-0.05,0.655752956867218
s669,ca,egnn,123,1DIV,K14M,-0.01,0.6512452960014343
s669,ca,egnn,123,1DIV,K15M,0.31,0.6994808316230774
s669,ca,egnn,123,1DIV,K7M,-0.35,0.6761418581008911
s669,ca,egnn,123,1DIV,K96A,-0.61,0.6856474876403809
s669,ca,egnn,123,1DIV,K96G,0.2,0.6866699457168579
s669,ca,egnn,123,1DIV,L102A,2.37,0.9566860795021057
s669,ca,egnn,123,1DIV,L108A,2.33,0.8629540205001831
s669,ca,egnn,123,1DIV,L110A,3.21,0.9382323622703552
s669,ca,egnn,123,1DIV,L117A,0.82,0.8171097636222839
s669,ca,egnn,123,1DIV,L30A,2.76,0.7776821255683899
s669,ca,egnn,123,1DIV,L30V,3.62,0.6964237689971924
s669,ca,egnn,123,1DIV,L6A,3.1,0.7048760056495667
s669,ca,egnn,123,1DIV,L6I,0.13,0.6952731609344482
s669,ca,egnn,123,1DIV,L6V,0.41,0.6968249082565308
s669,ca,egnn,123,1DIV,L72A,3.77,0.861301839351654
s669,ca,egnn,123,1DIV,M1A,1.46,0.6546128392219543
s669,ca,egnn,123,1DIV,M1G,2.36,0.6799938082695007
s669,ca,egnn,123,1DIV,V21A,2.33,0.6528705954551697
s669,ca,egnn,123,1DIV,V21I,0.4,0.5888156294822693
s669,ca,egnn,123,1DIV,V21L,1.23,0.6199770569801331
s669,ca,egnn,123,1DIV,V3A,2.55,0.6795922517776489
s669,ca,egnn,123,1DIV,V3I,0.31,0.6552801728248596
s669,ca,egnn,123,1DIV,V3L,2.21,0.665012538433075
s669,ca,egnn,123,1DXX,K18N,3.7,0.9153128266334534
s669,ca,egnn,123,1FH5,S18N,-0.6,0.9764309525489807
s669,ca,egnn,123,1FT8,L212V,1.38,0.9966396689414978
s669,ca,egnn,123,1FT8,L238I,0.35,1.010115623474121
s669,ca,egnn,123,1FT8,M216L,-0.27,1.0465421676635742
s669,ca,egnn,123,1GWY,A8D,1.6,0.955921471118927
s669,ca,egnn,123,1ITM,C24T,3.3,0.9601896405220032
s669,ca,egnn,123,1ITM,C3T,5.0,0.9422524571418762
s669,ca,egnn,123,1ITM,W91S,-1.4,0.7943225502967834
s669,ca,egnn,123,1JLV,E64D,1.162,0.9311843514442444
s669,ca,egnn,123,1JLV,E64N,2.3040000000000003,0.9234578013420105
s669,ca,egnn,123,1JLV,E64Q,2.302,0.9320026636123657
s669,ca,egnn,123,1LVM,E106G,-1.4,0.9887067675590515
s669,ca,egnn,123,1LVM,K45F,-0.43,0.9179769158363342
s669,ca,egnn,123,1LVM,L56V,-0.0,1.0400381088256836
s669,ca,egnn,123,1LVM,Q58F,-0.6,0.9423321485519409
s669,ca,egnn,123,1N18,E100G,2.5,0.8083831667900085
s669,ca,egnn,123,1N18,G85R,1.4,0.9462045431137085
s669,ca,egnn,123,1N18,H46R,-1.4,0.8730950951576233
s669,ca,egnn,123,1O1U,E110A,3.3,0.9682909846305847
s669,ca,egnn,123,1O1U,N61A,1.2,0.9296130537986755
s669,ca,egnn,123,1O1U,Q51A,0.3,0.9051141142845154
s669,ca,egnn,123,1O1U,Q99A,-0.3,0.8974634408950806
s669,ca,egnn,123,1O1U,T38A,1.2,0.9080697298049927
s669,ca,egnn,123,1O1U,W49Y,1.2,0.9634223580360413
s669,ca,egnn,123,1OSI,I11V,0.05,1.0196232795715332
s669,ca,egnn,123,1OSI,S92F,-0.39,0.934252917766571
s669,ca,egnn,123,1OSI,V15I,0.78,0.9266327023506165
s669,ca,egnn,123,1PFL,A20T,1.53,0.8122641444206238
s669,ca,egnn,123,1PFL,G117V,1.96,0.8296936750411987
s669,ca,egnn,123,1PFL,M113T,3.53,0.8528676629066467
s669,ca,egnn,123,1PFL,T108M,-0.07,0.7674667239189148
s669,ca,egnn,123,1PRG,Q286P,0.3,0.828208863735199
s669,ca,egnn,123,1PRG,R288H,-0.06,0.8232021331787109
s669,ca,egnn,123,1PRG,V290M,-0.03,0.8452996015548706
s669,ca,egnn,123,1SPD,C111S,-0.8,0.9101266860961914
s669,ca,egnn,123,1SPD,C6A,-0.1,0.9938836693763733
s669,ca,egnn,123,1XWS,E124Q,2.9,0.9356417655944824
s669,ca,egnn,123,1XWS,E135K,4.59,0.7120591402053833
s669,ca,egnn,123,1XWS,E142D,3.22,0.7335475087165833
s669,ca,egnn,123,1XWS,Y53H,3.3,0.9225570559501648
s669,ca,egnn,123,1XXN,N32D,0.86,0.9213952422142029
s669,ca,egnn,123,1XXN,N54E,0.645,0.9437740445137024
s669,ca,egnn,123,1XXN,S22E,-0.239,0.9902532696723938
s669,ca,egnn,123,1XXN,S27E,0.645,0.9523342251777649
s669,ca,egnn,123,1XZO,F42W,-2.87,0.9958682656288147
s669,ca,egnn,123,1XZO,W101F,2.89,0.9546561241149902
s669,ca,egnn,123,1XZO,W36A,8.93,1.009207844734192
s669,ca,egnn,123,1XZO,W36F,4.25,0.9871942400932312
s669,ca,egnn,123,2ARF,H1069Q,0.7170000000000001,0.9752683043479919
s669,ca,egnn,123,2H3F,E12A,-1.07,0.8456920385360718
s669,ca,egnn,123,2JIE,H104R,-1.536,0.7912212014198303
s669,ca,egnn,123,2JIE,Q22S,0.209,0.9297527074813843
s669,ca,egnn,123,2JIE,S17A,1.246,0.9710588455200195
s669,ca,egnn,123,2JIE,S19A,-0.951,0.9600231051445007
s669,ca,egnn,123,2JIE,T18A,0.994,0.9203591346740723
s669,ca,egnn,123,2JIE,W123F,-2.19,0.9240580797195435
s669,ca,egnn,123,2JIE,W123H,-1.06,0.9170297980308533
s669,ca,egnn,123,2JIE,Y21A,3.443,0.9657856225967407
s669,ca,egnn,123,2KS4,D9A,-1.26,0.9093092679977417
s669,ca,egnn,123,2KS4,E2A,0.23,0.8331236243247986
s669,ca,egnn,123,2LTB,L558P,1.57,0.7759284377098083
s669,ca,egnn,123,2LTB,L569R,3.11,0.9519487023353577
s669,ca,egnn,123,2LTB,M619K,3.34,0.9677945971488953
s669,ca,egnn,123,2LTB,R533Q,1.1,0.8276218771934509
s669,ca,egnn,123,2LTB,R555Q,0.36,0.8667141795158386
s669,ca,egnn,123,2LTB,R555W,-1.79,0.8605273962020874
s669,ca,egnn,123,2M5S,D302A,4.0,0.8779702186584473
s669,ca,egnn,123,2M5S,H305A,2.0,0.937087893486023
s669,ca,egnn,123,2NTE,R658C,2.3,0.9128733277320862
s669,ca,egnn,123,2PR5,A33Y,-0.5,0.9420551061630249
s669,ca,egnn,123,2PR5,A81M,0.4,0.9816688895225525
s669,ca,egnn,123,2PR5,D109E,-0.3,0.9566670656204224
s669,ca,egnn,123,2PR5,H22K,-0.3,0.9057388305664062
s669,ca,egnn,123,2PR5,H22W,-1.2,0.9121597409248352
s669,ca,egnn,123,2PR5,M111F,-2.9,0.9619234204292297
s669,ca,egnn,123,2PR5,N107F,-0.9,0.9559826254844666
s669,ca,egnn,123,2PR5,N107Y,-0.8,0.9553138613700867
s669,ca,egnn,123,2PR5,N124F,-1.1,0.9721209406852722
s669,ca,egnn,123,2PR5,N124Y,-2.6,0.978554368019104
s669,ca,egnn,123,2PR5,T30M,-0.5,0.8895509243011475
s669,ca,egnn,123,2PR5,T50M,0.5,0.9780819416046143
s669,ca,egnn,123,2PR5,T54Y,-0.2,0.9240508675575256
s669,ca,egnn,123,2PR5,V120I,-1.4,0.9916141629219055
s669,ca,egnn,123,2PR5,V25I,-0.4,0.9667947888374329
s669,ca,egnn,123,2PR5,V88L,0.2,1.0247894525527954
s669,ca,egnn,123,2PR5,V90I,0.7,1.026518702507019
s669,ca,egnn,123,2VY0,E53A,6.597,0.879104495048523
s669,ca,egnn,123,3BCI,E96Q,-1.369,1.0054662227630615
s669,ca,egnn,123,3D3B,D118A,0.65,0.7858035564422607
s669,ca,egnn,123,3D3B,D118E,0.6,0.786436140537262
s669,ca,egnn,123,3D3B,D118K,1.6,0.7930111289024353
s669,ca,egnn,123,3D3B,D118N,1.34,0.7892228960990906
s669,ca,egnn,123,3D3B,D118R,1.41,0.7859706282615662
s669,ca,egnn,123,3ECU,H46R,-0.8,0.9056582450866699
s669,ca,egnn,123,3S4M,D122Y,1.3,0.8186970353126526
s669,ca,egnn,123,3S4M,G130V,2.5,0.7656226754188538
s669,ca,egnn,123,3S4M,I154F,-0.096,0.9182168245315552
s669,ca,egnn,123,3S4M,W155R,0.693,0.9083372950553894
s669,ca,egnn,123,4BJX,A89V,-0.99,0.9031168222427368
s669,ca,egnn,123,4BUQ,Y48A,1.435,0.8952422738075256
s669,ca,egnn,123,4WAA,K65A,-0.1,1.0328377485275269
s669,ca,egnn,123,4WAA,K67A,2.07,0.9268677234649658
s669,ca,egnn,123,4WAA,R27A,0.44,0.9118323922157288
s669,ca,egnn,123,5VP3,R39K,-0.413,0.9884522557258606
s669,ca,egnn,123,1BA3,H461D,1.745,0.8116899132728577
s669,ca,egnn,123,1BA3,H489D,-0.287,0.7956552505493164
s669,ca,egnn,123,1BA3,H489K,0.287,0.7860305905342102
s669,ca,egnn,123,1BA3,H489M,0.263,0.7722929120063782
s669,ca,egnn,123,1DIV,V129A,1.81,0.7871689200401306
s669,ca,egnn,123,1F8I,F345A,0.455,0.9514398574829102
s669,ca,egnn,123,1FT8,L349I,-0.05,1.0191802978515625
s669,ca,egnn,123,1LVM,S135G,-0.0,1.0241795778274536
s669,ca,egnn,123,1NM1,D187N,0.88,0.8835785984992981
s669,ca,egnn,123,1NM1,D187Y,1.9,0.8841919898986816
s669,ca,egnn,123,1PRE,C159S,2.4,0.9922946095466614
s669,ca,egnn,123,1R2Y,R244E,4.2,0.8216114640235901
s669,ca,egnn,123,1XXN,N181R,-0.358,1.060182809829712
s669,ca,egnn,123,3D2A,M134E,-3.02,1.0580302476882935
s669,ca,egnn,123,3D2A,M137P,-3.34,1.0738439559936523
s669,ca,egnn,123,3D2A,S163P,-2.11,0.8269407749176025
s669,ca,egnn,123,5OAQ,Y429H,2.99,0.9896047711372375
s669,ca,egnn,2024,1BFM,M35W,0.7,0.6607928276062012
s669,ca,egnn,2024,1BFM,M35Y,0.4,0.6607862114906311
s669,ca,egnn,2024,1D5G,H71Y,0.04,0.6612468361854553
s669,ca,egnn,2024,1D5G,I20F,-0.91,0.6614494919776917
s669,ca,egnn,2024,1EKG,L198C,1.0,0.6594268083572388
s669,ca,egnn,2024,1EKG,L200C,2.0,0.659643828868866
s669,ca,egnn,2024,1EKG,L203C,-1.0,0.6590943932533264
s669,ca,egnn,2024,1EKG,S181F,2.6,0.6604201197624207
s669,ca,egnn,2024,1FRD,H42R,-4.0,0.660434901714325
s669,ca,egnn,2024,1FXA,E94D,1.1,0.6594398617744446
s669,ca,egnn,2024,1FXA,E94K,0.4,0.6594424843788147
s669,ca,egnn,2024,1FXA,E94Q,-0.6,0.6594403386116028
s669,ca,egnn,2024,1FXA,E95K,-1.0,0.6587113738059998
s669,ca,egnn,2024,1FXA,F65A,1.0,0.6612210869789124
s669,ca,egnn,2024,1FXA,F65I,0.9,0.6612210869789124
s669,ca,egnn,2024,1FXA,F65W,0.6,0.6612210869789124
s669,ca,egnn,2024,1FXA,F65Y,0.5,0.6612213253974915
s669,ca,egnn,2024,1FXA,R42A,2.4,0.660615861415863
s669,ca,egnn,2024,1FXA,R42H,1.4,0.6606189608573914
s669,ca,egnn,2024,1FXA,T48A,-0.1,0.6599067449569702
s669,ca,egnn,2024,1GLU,C500A,1.22,0.6620113849639893
s669,ca,egnn,2024,1GUA,A118G,1.963,0.6608206629753113
s669,ca,egnn,2024,1GUA,A118L,1.951,0.6608161330223083
s669,ca,egnn,2024,1GUA,A85G,2.149,0.6608784794807434
s669,ca,egnn,2024,1GUA,A97G,0.863,0.6601518988609314
s669,ca,egnn,2024,1GUA,C81A,-0.283,0.6612572073936462
s669,ca,egnn,2024,1GUA,C81I,0.912,0.6612589955329895
s669,ca,egnn,2024,1GUA,C95A,0.08,0.6603962182998657
s669,ca,egnn,2024,1GUA,C96A,1.759,0.6604682803153992
s669,ca,egnn,2024,1GUA,C96L,0.043,0.6604684591293335
s669,ca,egnn,2024,1GUA,C96M,0.337,0.6604681611061096
s669,ca,egnn,2024,1GUA,D117A,0.706,0.661149263381958
s669,ca,egnn,2024,1GUA,D129A,0.855,0.6596266627311707
s669,ca,egnn,2024,1GUA,D80A,0.493,0.6613628268241882
s669,ca,egnn,2024,1GUA,E104A,-0.021,0.660245954990387
s669,ca,egnn,2024,1GUA,E124A,0.101,0.6608221530914307
s669,ca,egnn,2024,1GUA,E125A,0.591,0.6606465578079224
s669,ca,egnn,2024,1GUA,I58A,3.274,0.6612908244132996
s669,ca,egnn,2024,1GUA,I58F,1.2990000000000002,0.6612922549247742
s669,ca,egnn,2024,1GUA,I58L,0.7709999999999999,0.6612909436225891
s669,ca,egnn,2024,1GUA,K109A,0.327,0.6595284342765808
s669,ca,egnn,2024,1GUA,L112A,2.593,0.6601858139038086
s669,ca,egnn,2024,1GUA,L121A,2.5340000000000003,0.6616471409797668
s669,ca,egnn,2024,1GUA,L126A,3.405,0.6604416966438293
s669,ca,egnn,2024,1GUA,L62A,3.46,0.6604642271995544
s669,ca,egnn,2024,1GUA,L78A,3.803,0.6606905460357666
s669,ca,egnn,2024,1GUA,L82A,3.529,0.6611703038215637
s669,ca,egnn,2024,1GUA,L82I,1.6,0.661171019077301
s669,ca,egnn,2024,1GUA,L82V,1.7,0.6611694097518921
s669,ca,egnn,2024,1GUA,L86A,3.2260000000000004,0.6602665185928345
s669,ca,egnn,2024,1GUA,L91A,1.575,0.6600237488746643
s669,ca,egnn,2024,1GUA,M76A,0.961,0.6611674427986145
s669,ca,egnn,2024,1GUA,N56M,-0.271,0.6617001295089722
s669,ca,egnn,2024,1GUA,N64A,1.14,0.6607239842414856
s669,ca,egnn,2024,1GUA,P63A,1.7080000000000002,0.6606754660606384
s669,ca,egnn,2024,1GUA,P93A,0.0819999999999999,0.6603236794471741
s669,ca,egnn,2024,1GUA,Q66A,0.504,0.6603232026100159
s669,ca,egnn,2024,1GUA,R100A,0.693,0.660243034362793
s669,ca,egnn,2024,1GUA,R59A,-0.178,0.6606809496879578
s669,ca,egnn,2024,1GUA,R89L,-1.078,0.6602078676223755
s669,ca,egnn,2024,1GUA,S77A,1.5730000000000002,0.6608051657676697
s669,ca,egnn,2024,1GUA,S77T,-0.581,0.6607999205589294
s669,ca,egnn,2024,1GUA,T68A,0.109,0.6605932712554932
s669,ca,egnn,2024,1GUA,V128A,3.3680000000000003,0.6595348119735718
s669,ca,egnn,2024,1GUA,V60A,2.251,0.6605208516120911
s669,ca,egnn,2024,1GUA,V69A,1.116,0.6607475280761719
s669,ca,egnn,2024,1GUA,V70A,1.77,0.6614425778388977
s669,ca,egnn,2024,1GUA,V72A,1.052,0.6612130999565125
s669,ca,egnn,2024,1GUA,V72I,0.8640000000000001,0.6612169146537781
s669,ca,egnn,2024,1GUA,V98A,1.981,0.660301923751831
s669,ca,egnn,2024,1H0X,P18A,1.936,0.6599580645561218
s669,ca,egnn,2024,1H0X,P62A,2.5810000000000004,0.6620882153511047
s669,ca,egnn,2024,1HCQ,C67A,2.09,0.6617802977561951
s669,ca,egnn,2024,1HCQ,C67S,1.99,0.6617803573608398
s669,ca,egnn,2024,1IOJ,G15A,-0.4,0.6617053151130676
s669,ca,egnn,2024,1IV7,A173C,-0.5,0.6609660387039185
s669,ca,egnn,2024,1IV7,F189C,2.5,0.6609986424446106
s669,ca,egnn,2024,1IV7,L162C,1.9,0.66050785779953
s669,ca,egnn,2024,1IV9,S76Y,-4.299,0.6606819033622742
s669,ca,egnn,2024,1J8I,K25A,-0.1,0.6652093529701233
s669,ca,egnn,2024,1J8I,K66A,-0.1,0.6651381254196167
s669,ca,egnn,2024,1J8I,R23A,-0.8,0.6646924018859863
s669,ca,egnn,2024,1J8I,R35A,0.1,0.6653780937194824
s669,ca,egnn,2024,1J8I,R43A,-0.7,0.6653793454170227
s669,ca,egnn,2024,1J8I,R9A,0.1,0.6634795665740967
s669,ca,egnn,2024,1JL9,A25C,1.44,0.6615149974822998
s669,ca,egnn,2024,1L6H,F39A,1.6969999999999998,0.6605413556098938
s669,ca,egnn,2024,1L6H,Y45A,0.55,0.6616998910903931
s669,ca,egnn,2024,1L6H,Y48A,1.482,0.6616232395172119
s669,ca,egnn,2024,1N88,F21A,1.39,0.6610794067382812
s669,ca,egnn,2024,1N88,I39A,1.39,0.6609358191490173
s669,ca,egnn,2024,1N88,I80A,2.79,0.6609005331993103
s669,ca,egnn,2024,1N88,I89A,2.35,0.6600422263145447
s669,ca,egnn,2024,1N88,I8V,1.52,0.6606542468070984
s669,ca,egnn,2024,1N88,L13A,1.52,0.6609758138656616
s669,ca,egnn,2024,1N88,L57A,1.11,0.6601068377494812
s669,ca,egnn,2024,1N88,V12A,1.94,0.6611371636390686
s669,ca,egnn,2024,1N88,V30A,2.84,0.6606598496437073
s669,ca,egnn,2024,1N88,V43A,2.82,0.6613740921020508
s669,ca,egnn,2024,1N88,V49A,2.83,0.6610243916511536
s669,ca,egnn,2024,1N88,V51A,3.24,0.6610456109046936
s669,ca,egnn,2024,1N88,V54A,3.73,0.6616984605789185
s669,ca,egnn,2024,1N88,V81A,2.82,0.6611624360084534
s669,ca,egnn,2024,1N88,V83A,3.1,0.6605814099311829
s669,ca,egnn,2024,1N88,Y18A,-0.06,0.6608171463012695
s669,ca,egnn,2024,1N88,Y26A,4.61,0.661011815071106
s669,ca,egnn,2024,1O6X,A31G,1.2,0.6613872051239014
s669,ca,egnn,2024,1O6X,A50G,1.4,0.6635754704475403
s669,ca,egnn,2024,1O6X,D38A,-0.36,0.6624164581298828
s669,ca,egnn,2024,1O6X,E14A,0.3,0.6633592247962952
s669,ca,egnn,2024,1O6X,E20G,1.42,0.6640840172767639
s669,ca,egnn,2024,1O6X,F39L,1.88,0.6636324524879456
s669,ca,egnn,2024,1O6X,F65A,0.98,0.6625571846961975
s669,ca,egnn,2024,1O6X,H51A,0.61,0.6631854176521301
s669,ca,egnn,2024,1O6X,I15V,0.43,0.6641074419021606
s669,ca,egnn,2024,1O6X,I23V,-0.42,0.6637976765632629
s669,ca,egnn,2024,1O6X,I71V,1.31,0.6638932228088379
s669,ca,egnn,2024,1O6X,I75A,1.31,0.6622251272201538
s669,ca,egnn,2024,1O6X,K41A,1.98,0.6640255451202393
s669,ca,egnn,2024,1O6X,L26V,0.97,0.6630610823631287
s669,ca,egnn,2024,1O6X,N58A,0.08,0.6621432304382324
s669,ca,egnn,2024,1O6X,Q60G,0.49,0.6621416211128235
s669,ca,egnn,2024,1O6X,V12A,1.1,0.6608139276504517
s669,ca,egnn,2024,1O6X,V52A,1.08,0.6624529361724854
s669,ca,egnn,2024,1O6X,V64G,1.1,0.6625432968139648
s669,ca,egnn,2024,1O6X,Y73L,2.78,0.6637277603149414
s669,ca,egnn,2024,1R6R,I88N,0.13,0.6599509119987488
s669,ca,egnn,2024,1R6R,L50S,2.81,0.6611879467964172
s669,ca,egnn,2024,1R6R,L54S,0.24,0.6625127196311951
s669,ca,egnn,2024,1R6R,L81N,6.84,0.6594192981719971
s669,ca,egnn,2024,2BJD,V84D,4.493,0.6606114506721497
s669,ca,egnn,2024,2BJD,V84P,4.517,0.660611093044281
s669,ca,egnn,2024,2BJD,Y86E,2.103,0.6605615019798279
s669,ca,egnn,2024,2C9Q,Y79F,0.012,0.6604520678520203
s669,ca,egnn,2024,2C9Q,Y79W,1.233,0.6604978442192078
s669,ca,egnn,2024,2CLR,H13F,-0.12,0.6622147560119629
s669,ca,egnn,2024,2CLR,H31F,-2.605,0.6605576872825623
s669,ca,egnn,2024,2CLR,H51F,1.912,0.6590257287025452
s669,ca,egnn,2024,2CLR,H84A,2.629,0.6608831882476807
s669,ca,egnn,2024,2DVV,Q443H,-0.89,0.6594834327697754
s669,ca,egnn,2024,2DVV,R419W,0.02,0.6587609648704529
s669,ca,egnn,2024,2HBB,A22G,0.32,0.6621035933494568
s669,ca,egnn,2024,2HBB,A26G,1.79,0.6619563698768616
s669,ca,egnn,2024,2HBB,A36G,1.55,0.6619372963905334
s669,ca,egnn,2024,2HBB,A39G,1.59,0.6613790392875671
s669,ca,egnn,2024,2HBB,A42G,0.33,0.6593208312988281
s669,ca,egnn,2024,2HBB,A46G,0.55,0.6588712334632874
s669,ca,egnn,2024,2HBB,A49G,0.22,0.6596477627754211
s669,ca,egnn,2024,2HBB,D23A,0.03,0.662204921245575
s669,ca,egnn,2024,2HBB,D23N,0.79,0.6622086763381958
s669,ca,egnn,2024,2HBB,D8A,1.3,0.6623671650886536
s669,ca,egnn,2024,2HBB,D8N,0.38,0.6623683571815491
s669,ca,egnn,2024,2HBB,E17A,1.69,0.6615192890167236
s669,ca,egnn,2024,2HBB,E17Q,0.33,0.6615191102027893
s669,ca,egnn,2024,2HBB,E38A,0.41,0.6615269780158997
s669,ca,egnn,2024,2HBB,E38Q,0.68,0.6615274548530579
s669,ca,egnn,2024,2HBB,E48Q,-0.07,0.6589259505271912
s669,ca,egnn,2024,2HBB,F31A,2.84,0.6618528962135315
s669,ca,egnn,2024,2HBB,F5L,1.15,0.6617140173912048
s669,ca,egnn,2024,2HBB,G24A,-0.02,0.662425696849823
s669,ca,egnn,2024,2HBB,G34A,1.02,0.6626748442649841
s669,ca,egnn,2024,2HBB,I18A,2.05,0.6614329814910889
s669,ca,egnn,2024,2HBB,I18V,0.07,0.6614324450492859
s669,ca,egnn,2024,2HBB,I37A,1.28,0.6619210243225098
s669,ca,egnn,2024,2HBB,I37V,-0.09,0.6619205474853516
s669,ca,egnn,2024,2HBB,I4V,0.59,0.6617397665977478
s669,ca,egnn,2024,2HBB,K10E,-0.13,0.6621370911598206
s669,ca,egnn,2024,2HBB,K10M,-0.47,0.6621341109275818
s669,ca,egnn,2024,2HBB,K12A,-0.61,0.6621056199073792
s669,ca,egnn,2024,2HBB,K12G,-0.03,0.6621091365814209
s669,ca,egnn,2024,2HBB,K12M,-1.8,0.662106454372406
s669,ca,egnn,2024,2HBB,K14A,0.73,0.6620201468467712
s669,ca,egnn,2024,2HBB,K14G,1.3,0.6620199680328369
s669,ca,egnn,2024,2HBB,K14M,0.34,0.6620200872421265
s669,ca,egnn,2024,2HBB,K15G,1.74,0.6615598797798157
s669,ca,egnn,2024,2HBB,K15M,0.44,0.6615592837333679
s669,ca,egnn,2024,2HBB,K7M,-0.21,0.662260890007019
s669,ca,egnn,2024,2HBB,L30A,2.76,0.6620888113975525
s669,ca,egnn,2024,2HBB,L35A,1.21,0.6620370745658875
s669,ca,egnn,2024,2HBB,L44A,1.73,0.6597568988800049
s669,ca,egnn,2024,2HBB,L47A,0.84,0.6588760614395142
s669,ca,egnn,2024,2HBB,L6A,3.1,0.6621496081352234
s669,ca,egnn,2024,2HBB,M1A,1.46,0.6615171432495117
s669,ca,egnn,2024,2HBB,T40S,0.8,0.660651445388794
s669,ca,egnn,2024,2HBB,V21A,2.33,0.6618946194648743
s669,ca,egnn,2024,2HBB,V3A,2.55,0.661843478679657
s669,ca,egnn,2024,2HBB,V9A,1.81,0.6623551845550537
s669,ca,egnn,2024,2JUC,C57D,2.54,0.6620234251022339
s669,ca,egnn,2024,2JUC,C57S,0.71,0.6620228290557861
s669,ca,egnn,2024,2JUC,R18A,1.75,0.6621094346046448
s669,ca,egnn,2024,2KJ3,D288A,-1.2,0.6605573296546936
s669,ca,egnn,2024,2KJ3,E272A,-1.9,0.6647555232048035
s669,ca,egnn,2024,2KJ3,G278A,0.8,0.6625438332557678
s669,ca,egnn,2024,2KJ3,K229A,-1.5,0.6614750027656555
s669,ca,egnn,2024,2KJ3,L241A,-1.0,0.6623539328575134
s669,ca,egnn,2024,2KJ3,S273A,-1.4,0.6640862226486206
s669,ca,egnn,2024,2KJ3,V239A,-1.0,0.6635429859161377
s669,ca,egnn,2024,2KJ3,V264A,-1.0,0.6614589691162109
s669,ca,egnn,2024,2KJ3,V267A,-0.2,0.6631534099578857
s669,ca,egnn,2024,2MPC,A89T,0.24,0.6613379120826721
s669,ca,egnn,2024,2MPC,R42A,-0.62,0.65938800573349
s669,ca,egnn,2024,2MPC,R42W,-2.08,0.6593847274780273
s669,ca,egnn,2024,2N7Z,P88A,0.6,0.6600723266601562
s669,ca,egnn,2024,2OUO,A420D,-0.44,0.6595771908760071
s669,ca,egnn,2024,2PTL,A22G,2.43,0.6632947325706482
s669,ca,egnn,2024,2PTL,A27P,-0.1,0.6637890934944153
s669,ca,egnn,2024,2PTL,A27V,0.83,0.6637905836105347
s669,ca,egnn,2024,2PTL,A34G,2.17,0.6635765433311462
s669,ca,egnn,2024,2PTL,A34V,-1.47,0.6635785698890686
s669,ca,egnn,2024,2PTL,A43G,2.54,0.6629278063774109
s669,ca,egnn,2024,2PTL,A47G,3.1,0.6630475521087646
s669,ca,egnn,2024,2PTL,A49G,1.32,0.6621823906898499
s669,ca,egnn,2024,2PTL,A51G,3.12,0.6626717448234558
s669,ca,egnn,2024,2PTL,A66G,0.49,0.6641043424606323
s669,ca,egnn,2024,2PTL,D52A,1.21,0.6625624895095825
s669,ca,egnn,2024,2PTL,D52G,2.14,0.6625649333000183
s669,ca,egnn,2024,2PTL,D64A,0.2,0.6640605330467224
s669,ca,egnn,2024,2PTL,E35A,0.59,0.6632190346717834
s669,ca,egnn,2024,2PTL,E46G,1.19,0.6629227995872498
s669,ca,egnn,2024,2PTL,E46I,1.08,0.6629170775413513
s669,ca,egnn,2024,2PTL,E60A,0.23,0.6627649664878845
s669,ca,egnn,2024,2PTL,F26A,3.12,0.6634002327919006
s669,ca,egnn,2024,2PTL,F26L,0.68,0.6634009480476379
s669,ca,egnn,2024,2PTL,F36A,4.15,0.6629282832145691
s669,ca,egnn,2024,2PTL,F36L,3.12,0.6629282236099243
s669,ca,egnn,2024,2PTL,F40G,3.08,0.6626030206680298
s669,ca,egnn,2024,2PTL,F40L,0.38,0.6626024842262268
s669,ca,egnn,2024,2PTL,F76L,3.34,0.6630709171295166
s669,ca,egnn,2024,2PTL,F76V,3.73,0.6630692481994629
s669,ca,egnn,2024,2PTL,G29A,1.52,0.6639834046363831
s669,ca,egnn,2024,2PTL,G29V,2.53,0.663966178894043
s669,ca,egnn,2024,2PTL,G38A,2.08,0.6616699695587158
s669,ca,egnn,2024,2PTL,G59A,2.23,0.6630555391311646
s669,ca,egnn,2024,2PTL,G69A,2.04,0.6641985774040222
s669,ca,egnn,2024,2PTL,I20A,4.9,0.6629990935325623
s669,ca,egnn,2024,2PTL,I20V,0.56,0.6629989743232727
s669,ca,egnn,2024,2PTL,I25A,1.37,0.6634153723716736
s669,ca,egnn,2024,2PTL,I25V,0.47,0.6634131073951721
s669,ca,egnn,2024,2PTL,I74A,4.72,0.6632611751556396
s669,ca,egnn,2024,2PTL,I74V,1.69,0.6632624268531799
s669,ca,egnn,2024,2PTL,K21A,0.92,0.6632421612739563
s669,ca,egnn,2024,2PTL,K37A,0.88,0.6617794632911682
s669,ca,egnn,2024,2PTL,K42G,-0.16,0.6635490655899048
s669,ca,egnn,2024,2PTL,K55A,-0.58,0.6625941395759583
s669,ca,egnn,2024,2PTL,K56A,-0.35,0.6623225212097168
s669,ca,egnn,2024,2PTL,K68A,0.09,0.664165735244751
s669,ca,egnn,2024,2PTL,K75A,0.45,0.6634570956230164
s669,ca,egnn,2024,2PTL,L24A,3.12,0.6630820631980896
s669,ca,egnn,2024,2PTL,L54A,2.44,0.6623461842536926
s669,ca,egnn,2024,2PTL,L72A,3.77,0.6634795069694519
s669,ca,egnn,2024,2PTL,N23A,1.87,0.6632097363471985
s669,ca,egnn,2024,2PTL,N28A,1.78,0.6641868948936462
s669,ca,egnn,2024,2PTL,N58A,0.34,0.6631446480751038
s669,ca,egnn,2024,2PTL,N73A,1.73,0.6635347604751587
s669,ca,egnn,2024,2PTL,S30A,0.3,0.6637474298477173
s669,ca,egnn,2024,2PTL,S45A,-0.41,0.662996232509613
s669,ca,egnn,2024,2PTL,S45G,0.82,0.6629974842071533
s669,ca,egnn,2024,2PTL,T19A,1.63,0.6618222594261169
s669,ca,egnn,2024,2PTL,T31A,1.17,0.6634194254875183
s669,ca,egnn,2024,2PTL,T33A,1.11,0.6636790633201599
s669,ca,egnn,2024,2PTL,T39A,1.25,0.6619301438331604
s669,ca,egnn,2024,2PTL,T44A,1.09,0.6633908748626709
s669,ca,egnn,2024,2PTL,T53G,0.17,0.6622958183288574
s669,ca,egnn,2024,2PTL,T62A,0.97,0.6640250086784363
s669,ca,egnn,2024,2PTL,T71A,1.83,0.6637645363807678
s669,ca,egnn,2024,2PTL,V18A,1.22,0.661649227142334
s669,ca,egnn,2024,2PTL,V63A,0.92,0.6635857224464417
s669,ca,egnn,2024,2PTL,V65A,1.14,0.6639906764030457
s669,ca,egnn,2024,2PTL,Y48A,2.82,0.6630168557167053
s669,ca,egnn,2024,2PTL,Y50A,2.46,0.66243577003479
s669,ca,egnn,2024,2PTL,Y70A,1.66,0.6635735630989075
s669,ca,egnn,2024,2PTL,Y70L,-0.43,0.6635726690292358
s669,ca,egnn,2024,2RPN,E7L,-1.05,0.6616552472114563
s669,ca,egnn,2024,2RPN,V21K,-0.39,0.6621704697608948
s669,ca,egnn,2024,2WQG,D15A,-0.3,0.6648890376091003
s669,ca,egnn,2024,2WQG,D38A,-0.1,0.6617936491966248
s669,ca,egnn,2024,2WQG,D39A,2.2,0.6609978079795837
s669,ca,egnn,2024,2WQG,D39N,2.6,0.6609886884689331
s669,ca,egnn,2024,2WQG,E40Q,0.1,0.6608956456184387
s669,ca,egnn,2024,2WQG,E41G,0.4,0.6594122648239136
s669,ca,egnn,2024,2WQG,I36A,0.9,0.6618972420692444
s669,ca,egnn,2024,2WQG,I36V,0.3,0.6618959903717041
s669,ca,egnn,2024,2WQG,K14A,0.4,0.663940966129303
s669,ca,egnn,2024,2WQG,K14G,1.9,0.6639420390129089
s669,ca,egnn,2024,2WQG,K19A,0.3,0.6643808484077454
s669,ca,egnn,2024,2WQG,K28A,0.6,0.6636132597923279
s669,ca,egnn,2024,2WQG,L13A,0.5,0.6639127135276794
s669,ca,egnn,2024,2WQG,L16A,1.3,0.6648886799812317
s669,ca,egnn,2024,2WQG,L8A,2.0,0.6628243327140808
s669,ca,egnn,2024,2WQG,Q12A,0.6,0.6647800803184509
s669,ca,egnn,2024,2WQG,Q12G,2.0,0.6647796034812927
s669,ca,egnn,2024,2WQG,Q33A,-0.1,0.6629040837287903
s669,ca,egnn,2024,2WQG,R34A,0.8,0.6632627844810486
s669,ca,egnn,2024,2WQG,S23A,0.6,0.6638562083244324
s669,ca,egnn,2024,2WQG,S6A,-0.1,0.662407636642456
s669,ca,egnn,2024,2WQG,S6G,0.2,0.6624084115028381
s669,ca,egnn,2024,2WQG,T9S,-0.1,0.6640459895133972
s669,ca,egnn,2024,2WQG,V10A,0.1,0.6641093492507935
s669,ca,egnn,2024,2WQG,V10G,0.7,0.664109468460083
s669,ca,egnn,2024,2WQG,V11A,-0.4,0.6648986339569092
s669,ca,egnn,2024,2WQG,V11G,-0.1,0.6648988127708435
s669,ca,egnn,2024,2WQG,V24A,0.5,0.6639103293418884
s669,ca,egnn,2024,2WQG,Y5F,2.4,0.6624204516410828
s669,ca,egnn,2024,2ZTA,E11Q,0.74,0.6605625748634338
s669,ca,egnn,2024,2ZTA,E20Q,-0.2,0.6606510281562805
s669,ca,egnn,2024,2ZTA,E22Q,1.83,0.6608356833457947
s669,ca,egnn,2024,2ZTA,K15A,0.41,0.6598624587059021
s669,ca,egnn,2024,2ZTA,K27A,0.91,0.6612854599952698
s669,ca,egnn,2024,2ZTA,K28A,0.06,0.6615070104598999
s669,ca,egnn,2024,2ZTA,K8A,0.39,0.6604802012443542
s669,ca,egnn,2024,2ZTA,R25A,1.66,0.6609175205230713
s669,ca,egnn,2024,3BN0,I20V,1.506,0.661475419998169
s669,ca,egnn,2024,3C2I,F155S,-0.43,0.6589104533195496
s669,ca,egnn,2024,3C2I,T158A,-0.47,0.6586737036705017
s669,ca,egnn,2024,3C2I,T158M,-0.25,0.6586733460426331
s669,ca,egnn,2024,3FIS,P61A,0.5,0.6604433059692383
s669,ca,egnn,2024,3G1G,D155Y,-0.34,0.6607421040534973
s669,ca,egnn,2024,3G1G,F167Y,0.74,0.6606460213661194
s669,ca,egnn,2024,3G1G,I190V,0.17,0.6608938574790955
s669,ca,egnn,2024,3G1G,R185W,-1.32,0.6610860228538513
s669,ca,egnn,2024,3K82,E334L,3.35,0.6618085503578186
s669,ca,egnn,2024,3K82,E334Q,1.68,0.6618087887763977
s669,ca,egnn,2024,3K82,E401R,-5.49,0.661899983882904
s669,ca,egnn,2024,3MON,R39G,-1.194,0.660645604133606
s669,ca,egnn,2024,3MON,W3C,2.866,0.6604881882667542
s669,ca,egnn,2024,3O39,L32P,3.25,0.6600833535194397
s669,ca,egnn,2024,3S92,H395R,-2.03,0.6610432863235474
s669,ca,egnn,2024,4N6V,H75W,-0.574,0.6610577702522278
s669,ca,egnn,2024,4N6V,P36G,1.362,0.6608156561851501
s669,ca,egnn,2024,4N6V,P79S,-1.745,0.660780131816864
s669,ca,egnn,2024,4YEE,V134T,0.71,0.660688579082489
s669,ca,egnn,2024,4YEF,T134V,0.93,0.6612215638160706
s669,ca,egnn,2024,5JXB,D329G,1.44,0.6628374457359314
s669,ca,egnn,2024,5JXB,D329P,1.44,0.6628344655036926
s669,ca,egnn,2024,1A0F,S11A,1.8,0.6611149907112122
s669,ca,egnn,2024,1A7V,A104H,2.69,0.6613142490386963
s669,ca,egnn,2024,1A7V,A66H,1.98,0.6589502096176147
s669,ca,egnn,2024,1A7V,A91H,1.7,0.6615111827850342
s669,ca,egnn,2024,1A7V,D3H,1.36,0.659372866153717
s669,ca,egnn,2024,1A7V,D58H,2.05,0.6594884991645813
s669,ca,egnn,2024,1A7V,E73H,3.01,0.6600595712661743
s669,ca,egnn,2024,1A7V,K13H,0.6,0.6593624353408813
s669,ca,egnn,2024,1A7V,K20H,2.88,0.6612319350242615
s669,ca,egnn,2024,1A7V,K31H,1.36,0.6620796322822571
s669,ca,egnn,2024,1A7V,K39H,1.86,0.6608895659446716
s669,ca,egnn,2024,1A7V,K49H,2.02,0.6598590016365051
s669,ca,egnn,2024,1A7V,K84H,2.88,0.6594992280006409
s669,ca,egnn,2024,1A7V,K97H,1.97,0.6617940068244934
s669,ca,egnn,2024,1BNL,D76A,0.821,0.6616533398628235
s669,ca,egnn,2024,1DIV,D23A,0.46,0.6635761857032776
s669,ca,egnn,2024,1DIV,D23N,0.58,0.6635871529579163
s669,ca,egnn,2024,1DIV,D8N,0.3,0.6633936166763306
s669,ca,egnn,2024,1DIV,E100A,0.98,0.6621618866920471
s669,ca,egnn,2024,1DIV,E100G,1.52,0.6621628403663635
s669,ca,egnn,2024,1DIV,E17Q,0.21,0.6621959805488586
s669,ca,egnn,2024,1DIV,E38Q,0.56,0.662607729434967
s669,ca,egnn,2024,1DIV,E48Q,-0.03,0.660933256149292
s669,ca,egnn,2024,1DIV,E54Q,-0.33,0.6582055687904358
s669,ca,egnn,2024,1DIV,H106Q,1.53,0.6602458953857422
s669,ca,egnn,2024,1DIV,I115A,3.52,0.6613128781318665
s669,ca,egnn,2024,1DIV,I4A,2.22,0.6625352501869202
s669,ca,egnn,2024,1DIV,I4V,0.59,0.6625339984893799
s669,ca,egnn,2024,1DIV,I79A,3.49,0.6578018069267273
s669,ca,egnn,2024,1DIV,I93A,3.19,0.6573771834373474
s669,ca,egnn,2024,1DIV,I98A,4.28,0.658524751663208
s669,ca,egnn,2024,1DIV,K10M,-0.05,0.6632941365242004
s669,ca,egnn,2024,1DIV,K14M,-0.01,0.6622792482376099
s669,ca,egnn,2024,1DIV,K15M,0.31,0.6616252064704895
s669,ca,egnn,2024,1DIV,K7M,-0.35,0.6633282899856567
s669,ca,egnn,2024,1DIV,K96A,-0.61,0.6613327860832214
s669,ca,egnn,2024,1DIV,K96G,0.2,0.6613324284553528
s669,ca,egnn,2024,1DIV,L102A,2.37,0.6606519818305969
s669,ca,egnn,2024,1DIV,L108A,2.33,0.6631849408149719
s669,ca,egnn,2024,1DIV,L110A,3.21,0.6634881496429443
s669,ca,egnn,2024,1DIV,L117A,0.82,0.659049928188324
s669,ca,egnn,2024,1DIV,L30A,2.76,0.6635746955871582
s669,ca,egnn,2024,1DIV,L30V,3.62,0.6635717153549194
s669,ca,egnn,2024,1DIV,L6A,3.1,0.6627525687217712
s669,ca,egnn,2024,1DIV,L6I,0.13,0.6627539396286011
s669,ca,egnn,2024,1DIV,L6V,0.41,0.6627511978149414
s669,ca,egnn,2024,1DIV,L72A,3.77,0.6574044823646545
s669,ca,egnn,2024,1DIV,M1A,1.46,0.6632559895515442
s669,ca,egnn,2024,1DIV,M1G,2.36,0.6632572412490845
s669,ca,egnn,2024,1DIV,V21A,2.33,0.6632976531982422
s669,ca,egnn,2024,1DIV,V21I,0.4,0.6632993221282959
s669,ca,egnn,2024,1DIV,V21L,1.23,0.6632980704307556
s669,ca,egnn,2024,1DIV,V3A,2.55,0.6630204319953918
s669,ca,egnn,2024,1DIV,V3I,0.31,0.6630207896232605
s669,ca,egnn,2024,1DIV,V3L,2.21,0.6630203127861023
s669,ca,egnn,2024,1DXX,K18N,3.7,0.6587335467338562
s669,ca,egnn,2024,1FH5,S18N,-0.6,0.660731852054596
s669,ca,egnn,2024,1FT8,L212V,1.38,0.6612672209739685
s669,ca,egnn,2024,1FT8,L238I,0.35,0.6566799879074097
s669,ca,egnn,2024,1FT8,M216L,-0.27,0.6605064868927002
s669,ca,egnn,2024,1GWY,A8D,1.6,0.6618744730949402
s669,ca,egnn,2024,1ITM,C24T,3.3,0.6610898971557617
s669,ca,egnn,2024,1ITM,C3T,5.0,0.657279908657074
s669,ca,egnn,2024,1ITM,W91S,-1.4,0.6603586673736572
s669,ca,egnn,2024,1JLV,E64D,1.162,0.6610909104347229
s669,ca,egnn,2024,1JLV,E64N,2.3040000000000003,0.6610885262489319
s669,ca,egnn,2024,1JLV,E64Q,2.302,0.6610906720161438
s669,ca,egnn,2024,1LVM,E106G,-1.4,0.6539579629898071
s669,ca,egnn,2024,1LVM,K45F,-0.43,0.6629591584205627
s669,ca,egnn,2024,1LVM,L56V,-0.0,0.6643471121788025
s669,ca,egnn,2024,1LVM,Q58F,-0.6,0.6632352471351624
s669,ca,egnn,2024,1N18,E100G,2.5,0.6594783067703247
s669,ca,egnn,2024,1N18,G85R,1.4,0.659771740436554
s669,ca,egnn,2024,1N18,H46R,-1.4,0.6597936749458313
s669,ca,egnn,2024,1O1U,E110A,3.3,0.6597860455513
s669,ca,egnn,2024,1O1U,N61A,1.2,0.6611343026161194
s669,ca,egnn,2024,1O1U,Q51A,0.3,0.6606873869895935
s669,ca,egnn,2024,1O1U,Q99A,-0.3,0.6604040265083313
s669,ca,egnn,2024,1O1U,T38A,1.2,0.6599741578102112
s669,ca,egnn,2024,1O1U,W49Y,1.2,0.6607025265693665
s669,ca,egnn,2024,1OSI,I11V,0.05,0.6615635752677917
s669,ca,egnn,2024,1OSI,S92F,-0.39,0.6622398495674133
s669,ca,egnn,2024,1OSI,V15I,0.78,0.6603760123252869
s669,ca,egnn,2024,1PFL,A20T,1.53,0.6605846881866455
s669,ca,egnn,2024,1PFL,G117V,1.96,0.6600145697593689
s669,ca,egnn,2024,1PFL,M113T,3.53,0.6605481505393982
s669,ca,egnn,2024,1PFL,T108M,-0.07,0.660300076007843
s669,ca,egnn,2024,1PRG,Q286P,0.3,0.6586876511573792
s669,ca,egnn,2024,1PRG,R288H,-0.06,0.6583636999130249
s669,ca,egnn,2024,1PRG,V290M,-0.03,0.6583002209663391
s669,ca,egnn,2024,1SPD,C111S,-0.8,0.6599894762039185
s669,ca,egnn,2024,1SPD,C6A,-0.1,0.6588029861450195
s669,ca,egnn,2024,1XWS,E124Q,2.9,0.6577857136726379
s669,ca,egnn,2024,1XWS,E135K,4.59,0.6592795252799988
s669,ca,egnn,2024,1XWS,E142D,3.22,0.6604733467102051
s669,ca,egnn,2024,1XWS,Y53H,3.3,0.6622661352157593
s669,ca,egnn,2024,1XXN,N32D,0.86,0.665382981300354
s669,ca,egnn,2024,1XXN,N54E,0.645,0.6485052704811096
s669,ca,egnn,2024,1XXN,S22E,-0.239,0.6633496880531311
s669,ca,egnn,2024,1XXN,S27E,0.645,0.6630386710166931
s669,ca,egnn,2024,1XZO,F42W,-2.87,0.6612377166748047
s669,ca,egnn,2024,1XZO,W101F,2.89,0.6609466671943665
s669,ca,egnn,2024,1XZO,W36A,8.93,0.6604218482971191
s669,ca,egnn,2024,1XZO,W36F,4.25,0.66041499376297
s669,ca,egnn,2024,2ARF,H1069Q,0.7170000000000001,0.6637197136878967
s669,ca,egnn,2024,2H3F,E12A,-1.07,0.6601064801216125
s669,ca,egnn,2024,2JIE,H104R,-1.536,0.6605639457702637
s669,ca,egnn,2024,2JIE,Q22S,0.209,0.6614087224006653
s669,ca,egnn,2024,2JIE,S17A,1.246,0.6608671545982361
s669,ca,egnn,2024,2JIE,S19A,-0.951,0.6604341864585876
s669,ca,egnn,2024,2JIE,T18A,0.994,0.6616125106811523
s669,ca,egnn,2024,2JIE,W123F,-2.19,0.6580454707145691
s669,ca,egnn,2024,2JIE,W123H,-1.06,0.6580520272254944
s669,ca,egnn,2024,2JIE,Y21A,3.443,0.6615918278694153
s669,ca,egnn,2024,2KS4,D9A,-1.26,0.6609664559364319
s669,ca,egnn,2024,2KS4,E2A,0.23,0.6601050496101379
s669,ca,egnn,2024,2LTB,L558P,1.57,0.661119818687439
s669,ca,egnn,2024,2LTB,L569R,3.11,0.660618782043457
s669,ca,egnn,2024,2LTB,M619K,3.34,0.6507442593574524
s669,ca,egnn,2024,2LTB,R533Q,1.1,0.6578744053840637
s669,ca,egnn,2024,2LTB,R555Q,0.36,0.6605185866355896
s669,ca,egnn,2024,2LTB,R555W,-1.79,0.6605488061904907
s669,ca,egnn,2024,2M5S,D302A,4.0,0.6636675000190735
s669,ca,egnn,2024,2M5S,H305A,2.0,0.6624715328216553
s669,ca,egnn,2024,2NTE,R658C,2.3,0.6629106402397156
s669,ca,egnn,2024,2PR5,A33Y,-0.5,0.6614559292793274
s669,ca,egnn,2024,2PR5,A81M,0.4,0.6606985926628113
s669,ca,egnn,2024,2PR5,D109E,-0.3,0.660574197769165
s669,ca,egnn,2024,2PR5,H22K,-0.3,0.658896803855896
s669,ca,egnn,2024,2PR5,H22W,-1.2,0.6588971018791199
s669,ca,egnn,2024,2PR5,M111F,-2.9,0.6600016355514526
s669,ca,egnn,2024,2PR5,N107F,-0.9,0.660020649433136
s669,ca,egnn,2024,2PR5,N107Y,-0.8,0.6600308418273926
s669,ca,egnn,2024,2PR5,N124F,-1.1,0.6593706011772156
s669,ca,egnn,2024,2PR5,N124Y,-2.6,0.6593785285949707
s669,ca,egnn,2024,2PR5,T30M,-0.5,0.6608551144599915
s669,ca,egnn,2024,2PR5,T50M,0.5,0.6603781580924988
s669,ca,egnn,2024,2PR5,T54Y,-0.2,0.6615687608718872
s669,ca,egnn,2024,2PR5,V120I,-1.4,0.6608815789222717
s669,ca,egnn,2024,2PR5,V25I,-0.4,0.6595449447631836
s669,ca,egnn,2024,2PR5,V88L,0.2,0.6601647734642029
s669,ca,egnn,2024,2PR5,V90I,0.7,0.6600683927536011
s669,ca,egnn,2024,2VY0,E53A,6.597,0.6593852639198303
s669,ca,egnn,2024,3BCI,E96Q,-1.369,0.6613706350326538
s669,ca,egnn,2024,3D3B,D118A,0.65,0.6623490452766418
s669,ca,egnn,2024,3D3B,D118E,0.6,0.662350594997406
s669,ca,egnn,2024,3D3B,D118K,1.6,0.662337601184845
s669,ca,egnn,2024,3D3B,D118N,1.34,0.6623614430427551
s669,ca,egnn,2024,3D3B,D118R,1.41,0.6623607277870178
s669,ca,egnn,2024,3ECU,H46R,-0.8,0.659699022769928
s669,ca,egnn,2024,3S4M,D122Y,1.3,0.6605896353721619
s669,ca,egnn,2024,3S4M,G130V,2.5,0.660193920135498
s669,ca,egnn,2024,3S4M,I154F,-0.096,0.6613714098930359
s669,ca,egnn,2024,3S4M,W155R,0.693,0.6609154343605042
s669,ca,egnn,2024,4BJX,A89V,-0.99,0.6597465872764587
s669,ca,egnn,2024,4BUQ,Y48A,1.435,0.6625829339027405
s669,ca,egnn,2024,4WAA,K65A,-0.1,0.6589224934577942
s669,ca,egnn,2024,4WAA,K67A,2.07,0.6604660749435425
s669,ca,egnn,2024,4WAA,R27A,0.44,0.6631577610969543
s669,ca,egnn,2024,5VP3,R39K,-0.413,0.6606246829032898
s669,ca,egnn,2024,1BA3,H461D,1.745,0.6609169840812683
s669,ca,egnn,2024,1BA3,H489D,-0.287,0.6611422896385193
s669,ca,egnn,2024,1BA3,H489K,0.287,0.6611365675926208
s669,ca,egnn,2024,1BA3,H489M,0.263,0.6611404418945312
s669,ca,egnn,2024,1DIV,V129A,1.81,0.6630765795707703
s669,ca,egnn,2024,1F8I,F345A,0.455,0.6573891043663025
s669,ca,egnn,2024,1FT8,L349I,-0.05,0.6599120497703552
s669,ca,egnn,2024,1LVM,S135G,-0.0,0.6576911807060242
s669,ca,egnn,2024,1NM1,D187N,0.88,0.6606929302215576
s669,ca,egnn,2024,1NM1,D187Y,1.9,0.6606980562210083
s669,ca,egnn,2024,1PRE,C159S,2.4,0.6625060439109802
s669,ca,egnn,2024,1R2Y,R244E,4.2,0.6614084243774414
s669,ca,egnn,2024,1XXN,N181R,-0.358,0.6629205346107483
s669,ca,egnn,2024,3D2A,M134E,-3.02,0.6621629595756531
s669,ca,egnn,2024,3D2A,M137P,-3.34,0.661764919757843
s669,ca,egnn,2024,3D2A,S163P,-2.11,0.65965735912323
s669,ca,egnn,2024,5OAQ,Y429H,2.99,0.6481648683547974
s669,cb,gnn_global,42,1BFM,M35W,0.7,0.9225786924362183
s669,cb,gnn_global,42,1BFM,M35Y,0.4,0.878871738910675
s669,cb,gnn_global,42,1D5G,H71Y,0.04,1.0921478271484375
s669,cb,gnn_global,42,1D5G,I20F,-0.91,1.2783020734786987
s669,cb,gnn_global,42,1EKG,L198C,1.0,1.1547704935073853
s669,cb,gnn_global,42,1EKG,L200C,2.0,1.165678858757019
s669,cb,gnn_global,42,1EKG,L203C,-1.0,1.1434301137924194
s669,cb,gnn_global,42,1EKG,S181F,2.6,0.8953385949134827
s669,cb,gnn_global,42,1FRD,H42R,-4.0,1.12359619140625
s669,cb,gnn_global,42,1FXA,E94D,1.1,1.2937819957733154
s669,cb,gnn_global,42,1FXA,E94K,0.4,1.248055338859558
s669,cb,gnn_global,42,1FXA,E94Q,-0.6,1.201393961906433
s669,cb,gnn_global,42,1FXA,E95K,-1.0,1.160641074180603
s669,cb,gnn_global,42,1FXA,F65A,1.0,1.3516548871994019
s669,cb,gnn_global,42,1FXA,F65I,0.9,1.2636553049087524
s669,cb,gnn_global,42,1FXA,F65W,0.6,1.358747124671936
s669,cb,gnn_global,42,1FXA,F65Y,0.5,1.3321731090545654
s669,cb,gnn_global,42,1FXA,R42A,2.4,1.246607780456543
s669,cb,gnn_global,42,1FXA,R42H,1.4,1.2884912490844727
s669,cb,gnn_global,42,1FXA,T48A,-0.1,1.245437741279602
s669,cb,gnn_global,42,1GLU,C500A,1.22,1.9245555400848389
s669,cb,gnn_global,42,1GUA,A118G,1.963,0.9666816592216492
s669,cb,gnn_global,42,1GUA,A118L,1.951,0.8053050637245178
s669,cb,gnn_global,42,1GUA,A85G,2.149,1.026938796043396
s669,cb,gnn_global,42,1GUA,A97G,0.863,0.9988964200019836
s669,cb,gnn_global,42,1GUA,C81A,-0.283,0.9154755473136902
s669,cb,gnn_global,42,1GUA,C81I,0.912,0.7770764827728271
s669,cb,gnn_global,42,1GUA,C95A,0.08,0.9121480584144592
s669,cb,gnn_global,42,1GUA,C96A,1.759,1.0297908782958984
s669,cb,gnn_global,42,1GUA,C96L,0.043,0.8759741187095642
s669,cb,gnn_global,42,1GUA,C96M,0.337,0.9884453415870667
s669,cb,gnn_global,42,1GUA,D117A,0.706,0.7212241888046265
s669,cb,gnn_global,42,1GUA,D129A,0.855,0.8859977126121521
s669,cb,gnn_global,42,1GUA,D80A,0.493,0.705265998840332
s669,cb,gnn_global,42,1GUA,E104A,-0.021,0.6015352606773376
s669,cb,gnn_global,42,1GUA,E124A,0.101,0.8503739833831787
s669,cb,gnn_global,42,1GUA,E125A,0.591,0.8690345883369446
s669,cb,gnn_global,42,1GUA,I58A,3.274,1.2421284914016724
s669,cb,gnn_global,42,1GUA,I58F,1.2990000000000002,1.1376248598098755
s669,cb,gnn_global,42,1GUA,I58L,0.7709999999999999,1.0996817350387573
s669,cb,gnn_global,42,1GUA,K109A,0.327,0.7610636353492737
s669,cb,gnn_global,42,1GUA,L112A,2.593,1.067473292350769
s669,cb,gnn_global,42,1GUA,L121A,2.5340000000000003,1.1644165515899658
s669,cb,gnn_global,42,1GUA,L126A,3.405,1.18923819065094
s669,cb,gnn_global,42,1GUA,L62A,3.46,1.1247423887252808
s669,cb,gnn_global,42,1GUA,L78A,3.803,1.076064944267273
s669,cb,gnn_global,42,1GUA,L82A,3.529,1.190718412399292
s669,cb,gnn_global,42,1GUA,L82I,1.6,1.040836215019226
s669,cb,gnn_global,42,1GUA,L82V,1.7,1.114067792892456
s669,cb,gnn_global,42,1GUA,L86A,3.2260000000000004,1.1838825941085815
s669,cb,gnn_global,42,1GUA,L91A,1.575,1.1562803983688354
s669,cb,gnn_global,42,1GUA,M76A,0.961,0.9107258319854736
s669,cb,gnn_global,42,1GUA,N56M,-0.271,0.8029398918151855
s669,cb,gnn_global,42,1GUA,N64A,1.14,0.7308063507080078
s669,cb,gnn_global,42,1GUA,P63A,1.7080000000000002,0.817154586315155
s669,cb,gnn_global,42,1GUA,P93A,0.0819999999999999,0.8402780890464783
s669,cb,gnn_global,42,1GUA,Q66A,0.504,0.7899532914161682
s669,cb,gnn_global,42,1GUA,R100A,0.693,0.8816983699798584
s669,cb,gnn_global,42,1GUA,R59A,-0.178,0.9187832474708557
s669,cb,gnn_global,42,1GUA,R89L,-1.078,0.7105516791343689
s669,cb,gnn_global,42,1GUA,S77A,1.5730000000000002,0.7592277526855469
s669,cb,gnn_global,42,1GUA,S77T,-0.581,0.7936831712722778
s669,cb,gnn_global,42,1GUA,T68A,0.109,0.9649848341941833
s669,cb,gnn_global,42,1GUA,V128A,3.3680000000000003,1.1583384275436401
s669,cb,gnn_global,42,1GUA,V60A,2.251,1.14783775806427
s669,cb,gnn_global,42,1GUA,V69A,1.116,1.0330870151519775
s669,cb,gnn_global,42,1GUA,V70A,1.77,1.101043462753296
s669,cb,gnn_global,42,1GUA,V72A,1.052,1.0818703174591064
s669,cb,gnn_global,42,1GUA,V72I,0.8640000000000001,0.9499149918556213
s669,cb,gnn_global,42,1GUA,V98A,1.981,1.1457877159118652
s669,cb,gnn_global,42,1H0X,P18A,1.936,0.6809802055358887
s669,cb,gnn_global,42,1H0X,P62A,2.5810000000000004,0.6966810822486877
s669,cb,gnn_global,42,1HCQ,C67A,2.09,1.8875384330749512
s669,cb,gnn_global,42,1HCQ,C67S,1.99,1.971457600593567
s669,cb,gnn_global,42,1IOJ,G15A,-0.4,1.4176065921783447
s669,cb,gnn_global,42,1IV7,A173C,-0.5,0.6166024804115295
s669,cb,gnn_global,42,1IV7,F189C,2.5,0.6394596695899963
s669,cb,gnn_global,42,1IV7,L162C,1.9,0.7396603226661682
s669,cb,gnn_global,42,1IV9,S76Y,-4.299,0.3239833414554596
s669,cb,gnn_global,42,1J8I,K25A,-0.1,1.3445698022842407
s669,cb,gnn_global,42,1J8I,K66A,-0.1,1.334945559501648
s669,cb,gnn_global,42,1J8I,R23A,-0.8,1.4078850746154785
s669,cb,gnn_global,42,1J8I,R35A,0.1,1.4186010360717773
s669,cb,gnn_global,42,1J8I,R43A,-0.7,1.349220633506775
s669,cb,gnn_global,42,1J8I,R9A,0.1,1.3718194961547852
s669,cb,gnn_global,42,1JL9,A25C,1.44,1.5391261577606201
s669,cb,gnn_global,42,1L6H,F39A,1.6969999999999998,2.030761480331421
s669,cb,gnn_global,42,1L6H,Y45A,0.55,1.7864203453063965
s669,cb,gnn_global,42,1L6H,Y48A,1.482,1.7584103345870972
s669,cb,gnn_global,42,1N88,F21A,1.39,1.0896315574645996
s669,cb,gnn_global,42,1N88,I39A,1.39,1.2214655876159668
s669,cb,gnn_global,42,1N88,I80A,2.79,1.1895591020584106
s669,cb,gnn_global,42,1N88,I89A,2.35,1.1860566139221191
s669,cb,gnn_global,42,1N88,I8V,1.52,1.1790646314620972
s669,cb,gnn_global,42,1N88,L13A,1.52,1.1368974447250366
s669,cb,gnn_global,42,1N88,L57A,1.11,1.0183554887771606
s669,cb,gnn_global,42,1N88,V12A,1.94,1.0941686630249023
s669,cb,gnn_global,42,1N88,V30A,2.84,1.1290764808654785
s669,cb,gnn_global,42,1N88,V43A,2.82,1.1922801733016968
s669,cb,gnn_global,42,1N88,V49A,2.83,1.0894675254821777
s669,cb,gnn_global,42,1N88,V51A,3.24,1.1191248893737793
s669,cb,gnn_global,42,1N88,V54A,3.73,1.0967766046524048
s669,cb,gnn_global,42,1N88,V81A,2.82,1.1808385848999023
s669,cb,gnn_global,42,1N88,V83A,3.1,1.089250087738037
s669,cb,gnn_global,42,1N88,Y18A,-0.06,1.0382628440856934
s669,cb,gnn_global,42,1N88,Y26A,4.61,1.142783522605896
s669,cb,gnn_global,42,1O6X,A31G,1.2,0.7175980806350708
s669,cb,gnn_global,42,1O6X,A50G,1.4,0.8452646136283875
s669,cb,gnn_global,42,1O6X,D38A,-0.36,0.6268764138221741
s669,cb,gnn_global,42,1O6X,E14A,0.3,0.8048214912414551
s669,cb,gnn_global,42,1O6X,E20G,1.42,0.5560964941978455
s669,cb,gnn_global,42,1O6X,F39L,1.88,0.7675877213478088
s669,cb,gnn_global,42,1O6X,F65A,0.98,0.955487847328186
s669,cb,gnn_global,42,1O6X,H51A,0.61,0.7783341407775879
s669,cb,gnn_global,42,1O6X,I15V,0.43,1.042799711227417
s669,cb,gnn_global,42,1O6X,I23V,-0.42,0.797723114490509
s669,cb,gnn_global,42,1O6X,I71V,1.31,0.9313377141952515
s669,cb,gnn_global,42,1O6X,I75A,1.31,0.9994723200798035
s669,cb,gnn_global,42,1O6X,K41A,1.98,0.6560493111610413
s669,cb,gnn_global,42,1O6X,L26V,0.97,0.9325888156890869
s669,cb,gnn_global,42,1O6X,N58A,0.08,0.8312385082244873
s669,cb,gnn_global,42,1O6X,Q60G,0.49,0.8240498900413513
s669,cb,gnn_global,42,1O6X,V12A,1.1,0.969624936580658
s669,cb,gnn_global,42,1O6X,V52A,1.08,0.9373399615287781
s669,cb,gnn_global,42,1O6X,V64G,1.1,0.9321337342262268
s669,cb,gnn_global,42,1O6X,Y73L,2.78,0.8062974810600281
s669,cb,gnn_global,42,1R6R,I88N,0.13,0.4257252514362335
s669,cb,gnn_global,42,1R6R,L50S,2.81,0.6848676800727844
s669,cb,gnn_global,42,1R6R,L54S,0.24,0.7508655190467834
s669,cb,gnn_global,42,1R6R,L81N,6.84,0.5351260304450989
s669,cb,gnn_global,42,2BJD,V84D,4.493,0.8427451252937317
s669,cb,gnn_global,42,2BJD,V84P,4.517,0.814113199710846
s669,cb,gnn_global,42,2BJD,Y86E,2.103,0.7326111793518066
s669,cb,gnn_global,42,2C9Q,Y79F,0.012,1.8959389925003052
s669,cb,gnn_global,42,2C9Q,Y79W,1.233,1.9926196336746216
s669,cb,gnn_global,42,2CLR,H13F,-0.12,0.8273075222969055
s669,cb,gnn_global,42,2CLR,H31F,-2.605,0.8442640900611877
s669,cb,gnn_global,42,2CLR,H51F,1.912,0.8696420788764954
s669,cb,gnn_global,42,2CLR,H84A,2.629,0.9579997658729553
s669,cb,gnn_global,42,2DVV,Q443H,-0.89,1.1630091667175293
s669,cb,gnn_global,42,2DVV,R419W,0.02,1.1295245885849
s669,cb,gnn_global,42,2HBB,A22G,0.32,0.5970432162284851
s669,cb,gnn_global,42,2HBB,A26G,1.79,0.8148495554924011
s669,cb,gnn_global,42,2HBB,A36G,1.55,0.9294247031211853
s669,cb,gnn_global,42,2HBB,A39G,1.59,0.9041634202003479
s669,cb,gnn_global,42,2HBB,A42G,0.33,0.6953989267349243
s669,cb,gnn_global,42,2HBB,A46G,0.55,0.7501671314239502
s669,cb,gnn_global,42,2HBB,A49G,0.22,0.6127014756202698
s669,cb,gnn_global,42,2HBB,D23A,0.03,0.453586608171463
s669,cb,gnn_global,42,2HBB,D23N,0.79,0.5370364785194397
s669,cb,gnn_global,42,2HBB,D8A,1.3,0.17700307071208954
s669,cb,gnn_global,42,2HBB,D8N,0.38,0.23700720071792603
s669,cb,gnn_global,42,2HBB,E17A,1.69,0.465452641248703
s669,cb,gnn_global,42,2HBB,E17Q,0.33,0.5258052349090576
s669,cb,gnn_global,42,2HBB,E38A,0.41,0.7301862835884094
s669,cb,gnn_global,42,2HBB,E38Q,0.68,0.782408595085144
s669,cb,gnn_global,42,2HBB,E48Q,-0.07,0.5641056299209595
s669,cb,gnn_global,42,2HBB,F31A,2.84,0.8962640762329102
s669,cb,gnn_global,42,2HBB,F5L,1.15,0.7948717474937439
s669,cb,gnn_global,42,2HBB,G24A,-0.02,0.5711898803710938
s669,cb,gnn_global,42,2HBB,G34A,1.02,0.7192657589912415
s669,cb,gnn_global,42,2HBB,I18A,2.05,0.9402523636817932
s669,cb,gnn_global,42,2HBB,I18V,0.07,0.8629549741744995
s669,cb,gnn_global,42,2HBB,I37A,1.28,1.0570451021194458
s669,cb,gnn_global,42,2HBB,I37V,-0.09,0.990203320980072
s669,cb,gnn_global,42,2HBB,I4V,0.59,1.073947787284851
s669,cb,gnn_global,42,2HBB,K10E,-0.13,0.3191410005092621
s669,cb,gnn_global,42,2HBB,K10M,-0.47,0.19333529472351074
s669,cb,gnn_global,42,2HBB,K12A,-0.61,0.37241455912590027
s669,cb,gnn_global,42,2HBB,K12G,-0.03,0.40195685625076294
s669,cb,gnn_global,42,2HBB,K12M,-1.8,0.3615238666534424
s669,cb,gnn_global,42,2HBB,K14A,0.73,0.29308757185935974
s669,cb,gnn_global,42,2HBB,K14G,1.3,0.3395009934902191
s669,cb,gnn_global,42,2HBB,K14M,0.34,0.29299283027648926
s669,cb,gnn_global,42,2HBB,K15G,1.74,0.4339475929737091
s669,cb,gnn_global,42,2HBB,K15M,0.44,0.37748250365257263
s669,cb,gnn_global,42,2HBB,K7M,-0.21,0.43873727321624756
s669,cb,gnn_global,42,2HBB,L30A,2.76,1.0040255784988403
s669,cb,gnn_global,42,2HBB,L35A,1.21,0.9074015617370605
s669,cb,gnn_global,42,2HBB,L44A,1.73,0.9822157025337219
s669,cb,gnn_global,42,2HBB,L47A,0.84,0.9242652654647827
s669,cb,gnn_global,42,2HBB,L6A,3.1,0.9004170298576355
s669,cb,gnn_global,42,2HBB,M1A,1.46,0.782721757888794
s669,cb,gnn_global,42,2HBB,T40S,0.8,0.7623670101165771
s669,cb,gnn_global,42,2HBB,V21A,2.33,0.904525637626648
s669,cb,gnn_global,42,2HBB,V3A,2.55,0.9904618859291077
s669,cb,gnn_global,42,2HBB,V9A,1.81,0.6615844368934631
s669,cb,gnn_global,42,2JUC,C57D,2.54,1.15774667263031
s669,cb,gnn_global,42,2JUC,C57S,0.71,1.0552011728286743
s669,cb,gnn_global,42,2JUC,R18A,1.75,0.9191597104072571
s669,cb,gnn_global,42,2KJ3,D288A,-1.2,0.3654780089855194
s669,cb,gnn_global,42,2KJ3,E272A,-1.9,0.41583600640296936
s669,cb,gnn_global,42,2KJ3,G278A,0.8,0.6916304230690002
s669,cb,gnn_global,42,2KJ3,K229A,-1.5,0.5134638547897339
s669,cb,gnn_global,42,2KJ3,L241A,-1.0,0.8469066023826599
s669,cb,gnn_global,42,2KJ3,S273A,-1.4,0.5751490592956543
s669,cb,gnn_global,42,2KJ3,V239A,-1.0,0.8215112686157227
s669,cb,gnn_global,42,2KJ3,V264A,-1.0,0.7095237374305725
s669,cb,gnn_global,42,2KJ3,V267A,-0.2,0.8217452168464661
s669,cb,gnn_global,42,2MPC,A89T,0.24,0.4917263686656952
s669,cb,gnn_global,42,2MPC,R42A,-0.62,0.20996779203414917
s669,cb,gnn_global,42,2MPC,R42W,-2.08,0.2128342092037201
s669,cb,gnn_global,42,2N7Z,P88A,0.6,0.8105928301811218
s669,cb,gnn_global,42,2OUO,A420D,-0.44,1.3952734470367432
s669,cb,gnn_global,42,2PTL,A22G,2.43,0.9360122084617615
s669,cb,gnn_global,42,2PTL,A27P,-0.1,0.8165646195411682
s669,cb,gnn_global,42,2PTL,A27V,0.83,0.6499864459037781
s669,cb,gnn_global,42,2PTL,A34G,2.17,0.859808623790741
s669,cb,gnn_global,42,2PTL,A34V,-1.47,0.7945787310600281
s669,cb,gnn_global,42,2PTL,A43G,2.54,0.8602665662765503
s669,cb,gnn_global,42,2PTL,A47G,3.1,0.9348486661911011
s669,cb,gnn_global,42,2PTL,A49G,1.32,0.7906443476676941
s669,cb,gnn_global,42,2PTL,A51G,3.12,0.8843413591384888
s669,cb,gnn_global,42,2PTL,A66G,0.49,0.7343199849128723
s669,cb,gnn_global,42,2PTL,D52A,1.21,0.5888595581054688
s669,cb,gnn_global,42,2PTL,D52G,2.14,0.5966414213180542
s669,cb,gnn_global,42,2PTL,D64A,0.2,0.6870131492614746
s669,cb,gnn_global,42,2PTL,E35A,0.59,0.6712855696678162
s669,cb,gnn_global,42,2PTL,E46G,1.19,0.7076353430747986
s669,cb,gnn_global,42,2PTL,E46I,1.08,0.5899856090545654
s669,cb,gnn_global,42,2PTL,E60A,0.23,0.582892656326294
s669,cb,gnn_global,42,2PTL,F26A,3.12,0.8911548256874084
s669,cb,gnn_global,42,2PTL,F26L,0.68,0.75087571144104
s669,cb,gnn_global,42,2PTL,F36A,4.15,0.9546546339988708
s669,cb,gnn_global,42,2PTL,F36L,3.12,0.8411424160003662
s669,cb,gnn_global,42,2PTL,F40G,3.08,0.8968347907066345
s669,cb,gnn_global,42,2PTL,F40L,0.38,0.780037522315979
s669,cb,gnn_global,42,2PTL,F76L,3.34,0.8129598498344421
s669,cb,gnn_global,42,2PTL,F76V,3.73,0.8793994784355164
s669,cb,gnn_global,42,2PTL,G29A,1.52,0.6688407063484192
s669,cb,gnn_global,42,2PTL,G29V,2.53,0.5976390242576599
s669,cb,gnn_global,42,2PTL,G38A,2.08,0.7865249514579773
s669,cb,gnn_global,42,2PTL,G59A,2.23,0.6656709313392639
s669,cb,gnn_global,42,2PTL,G69A,2.04,0.6612159013748169
s669,cb,gnn_global,42,2PTL,I20A,4.9,1.0373833179473877
s669,cb,gnn_global,42,2PTL,I20V,0.56,0.9768810868263245
s669,cb,gnn_global,42,2PTL,I25A,1.37,0.945076048374176
s669,cb,gnn_global,42,2PTL,I25V,0.47,0.8951156735420227
s669,cb,gnn_global,42,2PTL,I74A,4.72,1.095542550086975
s669,cb,gnn_global,42,2PTL,I74V,1.69,1.0378305912017822
s669,cb,gnn_global,42,2PTL,K21A,0.92,0.7313181161880493
s669,cb,gnn_global,42,2PTL,K37A,0.88,0.6983441710472107
s669,cb,gnn_global,42,2PTL,K42G,-0.16,0.6829524040222168
s669,cb,gnn_global,42,2PTL,K55A,-0.58,0.5343352556228638
s669,cb,gnn_global,42,2PTL,K56A,-0.35,0.4413757622241974
s669,cb,gnn_global,42,2PTL,K68A,0.09,0.48934367299079895
s669,cb,gnn_global,42,2PTL,K75A,0.45,0.743573009967804
s669,cb,gnn_global,42,2PTL,L24A,3.12,0.9977356791496277
s669,cb,gnn_global,42,2PTL,L54A,2.44,0.8406075835227966
s669,cb,gnn_global,42,2PTL,L72A,3.77,1.0500646829605103
s669,cb,gnn_global,42,2PTL,N23A,1.87,0.8141220808029175
s669,cb,gnn_global,42,2PTL,N28A,1.78,0.6105214357376099
s669,cb,gnn_global,42,2PTL,N58A,0.34,0.6730725765228271
s669,cb,gnn_global,42,2PTL,N73A,1.73,0.757027804851532
s669,cb,gnn_global,42,2PTL,S30A,0.3,0.6242586374282837
s669,cb,gnn_global,42,2PTL,S45A,-0.41,0.6952319741249084
s669,cb,gnn_global,42,2PTL,S45G,0.82,0.7018200755119324
s669,cb,gnn_global,42,2PTL,T19A,1.63,0.7251669764518738
s669,cb,gnn_global,42,2PTL,T31A,1.17,0.7168185710906982
s669,cb,gnn_global,42,2PTL,T33A,1.11,0.7595836520195007
s669,cb,gnn_global,42,2PTL,T39A,1.25,0.7122634053230286
s669,cb,gnn_global,42,2PTL,T44A,1.09,0.8168376088142395
s669,cb,gnn_global,42,2PTL,T53G,0.17,0.6885480284690857
s669,cb,gnn_global,42,2PTL,T62A,0.97,0.7421870827674866
s669,cb,gnn_global,42,2PTL,T71A,1.83,0.7812426686286926
s669,cb,gnn_global,42,2PTL,V18A,1.22,0.8470630645751953
s669,cb,gnn_global,42,2PTL,V63A,0.92,0.8844282031059265
s669,cb,gnn_global,42,2PTL,V65A,1.14,0.806946873664856
s669,cb,gnn_global,42,2PTL,Y48A,2.82,0.8822154402732849
s669,cb,gnn_global,42,2PTL,Y50A,2.46,0.8744320273399353
s669,cb,gnn_global,42,2PTL,Y70A,1.66,0.7894921898841858
s669,cb,gnn_global,42,2PTL,Y70L,-0.43,0.6681333780288696
s669,cb,gnn_global,42,2RPN,E7L,-1.05,0.8658888339996338
s669,cb,gnn_global,42,2RPN,V21K,-0.39,1.371962308883667
s669,cb,gnn_global,42,2WQG,D15A,-0.3,1.1448482275009155
s669,cb,gnn_global,42,2WQG,D38A,-0.1,0.9834310412406921
s669,cb,gnn_global,42,2WQG,D39A,2.2,0.9282795786857605
s669,cb,gnn_global,42,2WQG,D39N,2.6,1.013635516166687
s669,cb,gnn_global,42,2WQG,E40Q,0.1,1.0257055759429932
s669,cb,gnn_global,42,2WQG,E41G,0.4,0.9124166369438171
s669,cb,gnn_global,42,2WQG,I36A,0.9,1.431934118270874
s669,cb,gnn_global,42,2WQG,I36V,0.3,1.2852953672409058
s669,cb,gnn_global,42,2WQG,K14A,0.4,1.311978816986084
s669,cb,gnn_global,42,2WQG,K14G,1.9,1.3197119235992432
s669,cb,gnn_global,42,2WQG,K19A,0.3,1.0604032278060913
s669,cb,gnn_global,42,2WQG,K28A,0.6,1.1539044380187988
s669,cb,gnn_global,42,2WQG,L13A,0.5,1.7747890949249268
s669,cb,gnn_global,42,2WQG,L16A,1.3,1.5550745725631714
s669,cb,gnn_global,42,2WQG,L8A,2.0,1.5185348987579346
s669,cb,gnn_global,42,2WQG,Q12A,0.6,1.3509551286697388
s669,cb,gnn_global,42,2WQG,Q12G,2.0,1.3525856733322144
s669,cb,gnn_global,42,2WQG,Q33A,-0.1,1.1688724756240845
s669,cb,gnn_global,42,2WQG,R34A,0.8,1.18161141872406
s669,cb,gnn_global,42,2WQG,S23A,0.6,1.2035739421844482
s669,cb,gnn_global,42,2WQG,S6A,-0.1,1.1285030841827393
s669,cb,gnn_global,42,2WQG,S6G,0.2,1.1225818395614624
s669,cb,gnn_global,42,2WQG,T9S,-0.1,1.368104100227356
s669,cb,gnn_global,42,2WQG,V10A,0.1,1.541098713874817
s669,cb,gnn_global,42,2WQG,V10G,0.7,1.5380339622497559
s669,cb,gnn_global,42,2WQG,V11A,-0.4,1.5002496242523193
s669,cb,gnn_global,42,2WQG,V11G,-0.1,1.5007373094558716
s669,cb,gnn_global,42,2WQG,V24A,0.5,1.5239766836166382
s669,cb,gnn_global,42,2WQG,Y5F,2.4,1.2470601797103882
s669,cb,gnn_global,42,2ZTA,E11Q,0.74,0.5090190172195435
s669,cb,gnn_global,42,2ZTA,E20Q,-0.2,0.5335901975631714
s669,cb,gnn_global,42,2ZTA,E22Q,1.83,0.6548804044723511
s669,cb,gnn_global,42,2ZTA,K15A,0.41,0.3799407482147217
s669,cb,gnn_global,42,2ZTA,K27A,0.91,0.7815223932266235
s669,cb,gnn_global,42,2ZTA,K28A,0.06,0.7579752802848816
s669,cb,gnn_global,42,2ZTA,K8A,0.39,0.3461684286594391
s669,cb,gnn_global,42,2ZTA,R25A,1.66,0.7611488103866577
s669,cb,gnn_global,42,3BN0,I20V,1.506,0.8492928147315979
s669,cb,gnn_global,42,3C2I,F155S,-0.43,1.4550175666809082
s669,cb,gnn_global,42,3C2I,T158A,-0.47,1.085213541984558
s669,cb,gnn_global,42,3C2I,T158M,-0.25,1.0665727853775024
s669,cb,gnn_global,42,3FIS,P61A,0.5,0.5301316380500793
s669,cb,gnn_global,42,3G1G,D155Y,-0.34,0.9721276164054871
s669,cb,gnn_global,42,3G1G,F167Y,0.74,1.3803009986877441
s669,cb,gnn_global,42,3G1G,I190V,0.17,1.388022541999817
s669,cb,gnn_global,42,3G1G,R185W,-1.32,1.1662219762802124
s669,cb,gnn_global,42,3K82,E334L,3.35,0.38227570056915283
s669,cb,gnn_global,42,3K82,E334Q,1.68,0.4989021122455597
s669,cb,gnn_global,42,3K82,E401R,-5.49,0.5697394013404846
s669,cb,gnn_global,42,3MON,R39G,-1.194,0.4673796594142914
s669,cb,gnn_global,42,3MON,W3C,2.866,0.3983137607574463
s669,cb,gnn_global,42,3O39,L32P,3.25,0.8262588977813721
s669,cb,gnn_global,42,3S92,H395R,-2.03,1.130961298942566
s669,cb,gnn_global,42,4N6V,H75W,-0.574,0.4107123911380768
s669,cb,gnn_global,42,4N6V,P36G,1.362,0.4534880518913269
s669,cb,gnn_global,42,4N6V,P79S,-1.745,0.5012089014053345
s669,cb,gnn_global,42,4YEE,V134T,0.71,0.9282018542289734
s669,cb,gnn_global,42,4YEF,T134V,0.93,0.5349507927894592
s669,cb,gnn_global,42,5JXB,D329G,1.44,0.36241865158081055
s669,cb,gnn_global,42,5JXB,D329P,1.44,0.40372568368911743
s669,cb,gnn_global,42,1A0F,S11A,1.8,0.9375338554382324
s669,cb,gnn_global,42,1A7V,A104H,2.69,1.3163889646530151
s669,cb,gnn_global,42,1A7V,A66H,1.98,1.2607258558273315
s669,cb,gnn_global,42,1A7V,A91H,1.7,1.371682047843933
s669,cb,gnn_global,42,1A7V,D3H,1.36,1.195862889289856
s669,cb,gnn_global,42,1A7V,D58H,2.05,1.1230565309524536
s669,cb,gnn_global,42,1A7V,E73H,3.01,1.1536890268325806
s669,cb,gnn_global,42,1A7V,K13H,0.6,1.230086326599121
s669,cb,gnn_global,42,1A7V,K20H,2.88,1.2684751749038696
s669,cb,gnn_global,42,1A7V,K31H,1.36,1.2020591497421265
s669,cb,gnn_global,42,1A7V,K39H,1.86,1.2868330478668213
s669,cb,gnn_global,42,1A7V,K49H,2.02,1.280841588973999
s669,cb,gnn_global,42,1A7V,K84H,2.88,1.3056116104125977
s669,cb,gnn_global,42,1A7V,K97H,1.97,1.2147303819656372
s669,cb,gnn_global,42,1BNL,D76A,0.821,0.8844185471534729
s669,cb,gnn_global,42,1DIV,D23A,0.46,0.5776044130325317
s669,cb,gnn_global,42,1DIV,D23N,0.58,0.6156697869300842
s669,cb,gnn_global,42,1DIV,D8N,0.3,0.514918327331543
s669,cb,gnn_global,42,1DIV,E100A,0.98,0.6008523106575012
s669,cb,gnn_global,42,1DIV,E100G,1.52,0.6064271330833435
s669,cb,gnn_global,42,1DIV,E17Q,0.21,0.6046985983848572
s669,cb,gnn_global,42,1DIV,E38Q,0.56,0.6750807762145996
s669,cb,gnn_global,42,1DIV,E48Q,-0.03,0.6047073006629944
s669,cb,gnn_global,42,1DIV,E54Q,-0.33,0.5196104645729065
s669,cb,gnn_global,42,1DIV,H106Q,1.53,0.6370682120323181
s669,cb,gnn_global,42,1DIV,I115A,3.52,0.7179821133613586
s669,cb,gnn_global,42,1DIV,I4A,2.22,0.8940423130989075
s669,cb,gnn_global,42,1DIV,I4V,0.59,0.8573136329650879
s669,cb,gnn_global,42,1DIV,I79A,3.49,0.8197919130325317
s669,cb,gnn_global,42,1DIV,I93A,3.19,0.8405405879020691
s669,cb,gnn_global,42,1DIV,I98A,4.28,0.8484241962432861
s669,cb,gnn_global,42,1DIV,K10M,-0.05,0.4397101402282715
s669,cb,gnn_global,42,1DIV,K14M,-0.01,0.5257003903388977
s669,cb,gnn_global,42,1DIV,K15M,0.31,0.48611441254615784
s669,cb,gnn_global,42,1DIV,K7M,-0.35,0.5295611023902893
s669,cb,gnn_global,42,1DIV,K96A,-0.61,0.5992497205734253
s669,cb,gnn_global,42,1DIV,K96G,0.2,0.607693076133728
s669,cb,gnn_global,42,1DIV,L102A,2.37,0.7918586134910583
s669,cb,gnn_global,42,1DIV,L108A,2.33,0.6925182938575745
s669,cb,gnn_global,42,1DIV,L110A,3.21,0.6991752982139587
s669,cb,gnn_global,42,1DIV,L117A,0.82,0.7776787281036377
s669,cb,gnn_global,42,1DIV,L30A,2.76,0.8212994337081909
s669,cb,gnn_global,42,1DIV,L30V,3.62,0.7880291938781738
s669,cb,gnn_global,42,1DIV,L6A,3.1,0.7351571917533875
s669,cb,gnn_global,42,1DIV,L6I,0.13,0.6604563593864441
s669,cb,gnn_global,42,1DIV,L6V,0.41,0.7053453922271729
s669,cb,gnn_global,42,1DIV,L72A,3.77,0.6306256651878357
s669,cb,gnn_global,42,1DIV,M1A,1.46,0.7173375487327576
s669,cb,gnn_global,42,1DIV,M1G,2.36,0.7213057279586792
s669,cb,gnn_global,42,1DIV,V21A,2.33,0.7628520131111145
s669,cb,gnn_global,42,1DIV,V21I,0.4,0.6848425269126892
s669,cb,gnn_global,42,1DIV,V21L,1.23,0.6836946606636047
s669,cb,gnn_global,42,1DIV,V3A,2.55,0.8170910477638245
s669,cb,gnn_global,42,1DIV,V3I,0.31,0.7242879867553711
s669,cb,gnn_global,42,1DIV,V3L,2.21,0.7299647927284241
s669,cb,gnn_global,42,1DXX,K18N,3.7,0.2426672875881195
s669,cb,gnn_global,42,1FH5,S18N,-0.6,1.4252737760543823
s669,cb,gnn_global,42,1FT8,L212V,1.38,1.0187342166900635
s669,cb,gnn_global,42,1FT8,L238I,0.35,0.9660446047782898
s669,cb,gnn_global,42,1FT8,M216L,-0.27,0.9074845314025879
s669,cb,gnn_global,42,1GWY,A8D,1.6,0.9937514662742615
s669,cb,gnn_global,42,1ITM,C24T,3.3,0.5262851119041443
s669,cb,gnn_global,42,1ITM,C3T,5.0,0.43291956186294556
s669,cb,gnn_global,42,1ITM,W91S,-1.4,0.5237492322921753
s669,cb,gnn_global,42,1JLV,E64D,1.162,0.8453659415245056
s669,cb,gnn_global,42,1JLV,E64N,2.3040000000000003,0.8101803660392761
s669,cb,gnn_global,42,1JLV,E64Q,2.302,0.7965253591537476
s669,cb,gnn_global,42,1LVM,E106G,-1.4,0.3296090066432953
s669,cb,gnn_global,42,1LVM,K45F,-0.43,0.3618118464946747
s669,cb,gnn_global,42,1LVM,L56V,-0.0,0.6166737079620361
s669,cb,gnn_global,42,1LVM,Q58F,-0.6,0.46166369318962097
s669,cb,gnn_global,42,1N18,E100G,2.5,1.2590514421463013
s669,cb,gnn_global,42,1N18,G85R,1.4,1.3950905799865723
s669,cb,gnn_global,42,1N18,H46R,-1.4,1.4152010679244995
s669,cb,gnn_global,42,1O1U,E110A,3.3,0.5352087616920471
s669,cb,gnn_global,42,1O1U,N61A,1.2,0.5316302180290222
s669,cb,gnn_global,42,1O1U,Q51A,0.3,0.5147772431373596
s669,cb,gnn_global,42,1O1U,Q99A,-0.3,0.5856451392173767
s669,cb,gnn_global,42,1O1U,T38A,1.2,0.6043323874473572
s669,cb,gnn_global,42,1O1U,W49Y,1.2,0.5487922430038452
s669,cb,gnn_global,42,1OSI,I11V,0.05,1.1692665815353394
s669,cb,gnn_global,42,1OSI,S92F,-0.39,1.1249841451644897
s669,cb,gnn_global,42,1OSI,V15I,0.78,1.2292362451553345
s669,cb,gnn_global,42,1PFL,A20T,1.53,1.526041865348816
s669,cb,gnn_global,42,1PFL,G117V,1.96,1.2350751161575317
s669,cb,gnn_global,42,1PFL,M113T,3.53,1.5066970586776733
s669,cb,gnn_global,42,1PFL,T108M,-0.07,1.3376106023788452
s669,cb,gnn_global,42,1PRG,Q286P,0.3,0.7600840926170349
s669,cb,gnn_global,42,1PRG,R288H,-0.06,0.7195486426353455
s669,cb,gnn_global,42,1PRG,V290M,-0.03,0.7673954367637634
s669,cb,gnn_global,42,1SPD,C111S,-0.8,1.439515233039856
s669,cb,gnn_global,42,1SPD,C6A,-0.1,1.4473754167556763
s669,cb,gnn_global,42,1XWS,E124Q,2.9,0.7929430603981018
s669,cb,gnn_global,42,1XWS,E135K,4.59,0.8871425986289978
s669,cb,gnn_global,42,1XWS,E142D,3.22,0.8770537376403809
s669,cb,gnn_global,42,1XWS,Y53H,3.3,1.0320543050765991
s669,cb,gnn_global,42,1XXN,N32D,0.86,0.8459643721580505
s669,cb,gnn_global,42,1XXN,N54E,0.645,0.8485528826713562
s669,cb,gnn_global,42,1XXN,S22E,-0.239,0.7772321701049805
s669,cb,gnn_global,42,1XXN,S27E,0.645,0.8718388676643372
s669,cb,gnn_global,42,1XZO,F42W,-2.87,1.1606342792510986
s669,cb,gnn_global,42,1XZO,W101F,2.89,1.0100700855255127
s669,cb,gnn_global,42,1XZO,W36A,8.93,1.0796406269073486
s669,cb,gnn_global,42,1XZO,W36F,4.25,1.0197300910949707
s669,cb,gnn_global,42,2ARF,H1069Q,0.7170000000000001,1.3486475944519043
s669,cb,gnn_global,42,2H3F,E12A,-1.07,0.8610561490058899
s669,cb,gnn_global,42,2JIE,H104R,-1.536,0.8415732979774475
s669,cb,gnn_global,42,2JIE,Q22S,0.209,0.7761968970298767
s669,cb,gnn_global,42,2JIE,S17A,1.246,0.7626568675041199
s669,cb,gnn_global,42,2JIE,S19A,-0.951,0.7586907744407654
s669,cb,gnn_global,42,2JIE,T18A,0.994,0.7844207882881165
s669,cb,gnn_global,42,2JIE,W123F,-2.19,0.705805778503418
s669,cb,gnn_global,42,2JIE,W123H,-1.06,0.7826645970344543
s669,cb,gnn_global,42,2JIE,Y21A,3.443,0.8055344820022583
s669,cb,gnn_global,42,2KS4,D9A,-1.26,0.8719942569732666
s669,cb,gnn_global,42,2KS4,E2A,0.23,0.8873383402824402
s669,cb,gnn_global,42,2LTB,L558P,1.57,1.0664438009262085
s669,cb,gnn_global,42,2LTB,L569R,3.11,1.1812591552734375
s669,cb,gnn_global,42,2LTB,M619K,3.34,0.9530014395713806
s669,cb,gnn_global,42,2LTB,R533Q,1.1,0.8627164959907532
s669,cb,gnn_global,42,2LTB,R555Q,0.36,0.8503708839416504
s669,cb,gnn_global,42,2LTB,R555W,-1.79,0.803854763507843
s669,cb,gnn_global,42,2M5S,D302A,4.0,1.196988582611084
s669,cb,gnn_global,42,2M5S,H305A,2.0,1.3047653436660767
s669,cb,gnn_global,42,2NTE,R658C,2.3,0.7417287230491638
s669,cb,gnn_global,42,2PR5,A33Y,-0.5,0.5968450307846069
s669,cb,gnn_global,42,2PR5,A81M,0.4,0.6869275569915771
s669,cb,gnn_global,42,2PR5,D109E,-0.3,0.6724978089332581
s669,cb,gnn_global,42,2PR5,H22K,-0.3,0.5668071508407593
s669,cb,gnn_global,42,2PR5,H22W,-1.2,0.5277583003044128
s669,cb,gnn_global,42,2PR5,M111F,-2.9,0.6217072010040283
s669,cb,gnn_global,42,2PR5,N107F,-0.9,0.6182029843330383
s669,cb,gnn_global,42,2PR5,N107Y,-0.8,0.6663193702697754
s669,cb,gnn_global,42,2PR5,N124F,-1.1,0.5837613940238953
s669,cb,gnn_global,42,2PR5,N124Y,-2.6,0.626374363899231
s669,cb,gnn_global,42,2PR5,T30M,-0.5,0.7241843938827515
s669,cb,gnn_global,42,2PR5,T50M,0.5,0.6420170664787292
s669,cb,gnn_global,42,2PR5,T54Y,-0.2,0.6476884484291077
s669,cb,gnn_global,42,2PR5,V120I,-1.4,0.7055494785308838
s669,cb,gnn_global,42,2PR5,V25I,-0.4,0.6533498764038086
s669,cb,gnn_global,42,2PR5,V88L,0.2,0.6982058882713318
s669,cb,gnn_global,42,2PR5,V90I,0.7,0.6747397780418396
s669,cb,gnn_global,42,2VY0,E53A,6.597,0.6038457751274109
s669,cb,gnn_global,42,3BCI,E96Q,-1.369,0.8821398019790649
s669,cb,gnn_global,42,3D3B,D118A,0.65,0.49538764357566833
s669,cb,gnn_global,42,3D3B,D118E,0.6,0.5547378659248352
s669,cb,gnn_global,42,3D3B,D118K,1.6,0.5458535552024841
s669,cb,gnn_global,42,3D3B,D118N,1.34,0.5271549820899963
s669,cb,gnn_global,42,3D3B,D118R,1.41,0.5424867272377014
s669,cb,gnn_global,42,3ECU,H46R,-0.8,1.4304510354995728
s669,cb,gnn_global,42,3S4M,D122Y,1.3,0.871261477470398
s669,cb,gnn_global,42,3S4M,G130V,2.5,1.016703486442566
s669,cb,gnn_global,42,3S4M,I154F,-0.096,1.0774179697036743
s669,cb,gnn_global,42,3S4M,W155R,0.693,1.0543642044067383
s669,cb,gnn_global,42,4BJX,A89V,-0.99,0.6780278086662292
s669,cb,gnn_global,42,4BUQ,Y48A,1.435,1.239376187324524
s669,cb,gnn_global,42,4WAA,K65A,-0.1,0.8221701979637146
s669,cb,gnn_global,42,4WAA,K67A,2.07,0.8835921883583069
s669,cb,gnn_global,42,4WAA,R27A,0.44,0.7244772911071777
s669,cb,gnn_global,42,5VP3,R39K,-0.413,0.8334115147590637
s669,cb,gnn_global,42,1BA3,H461D,1.745,0.8159154653549194
s669,cb,gnn_global,42,1BA3,H489D,-0.287,0.7819192409515381
s669,cb,gnn_global,42,1BA3,H489K,0.287,0.7746945023536682
s669,cb,gnn_global,42,1BA3,H489M,0.263,0.756199836730957
s669,cb,gnn_global,42,1DIV,V129A,1.81,0.6169257760047913
s669,cb,gnn_global,42,1F8I,F345A,0.455,0.7171490788459778
s669,cb,gnn_global,42,1FT8,L349I,-0.05,0.927840530872345
s669,cb,gnn_global,42,1LVM,S135G,-0.0,0.4566230773925781
s669,cb,gnn_global,42,1NM1,D187N,0.88,0.8457221388816833
s669,cb,gnn_global,42,1NM1,D187Y,1.9,0.8252270817756653
s669,cb,gnn_global,42,1PRE,C159S,2.4,0.7875485420227051
s669,cb,gnn_global,42,1R2Y,R244E,4.2,1.0182881355285645
s669,cb,gnn_global,42,1XXN,N181R,-0.358,0.8015671968460083
s669,cb,gnn_global,42,3D2A,M134E,-3.02,0.7327039241790771
s669,cb,gnn_global,42,3D2A,M137P,-3.34,0.7790012955665588
s669,cb,gnn_global,42,3D2A,S163P,-2.11,0.6508867144584656
s669,cb,gnn_global,42,5OAQ,Y429H,2.99,0.4246341288089752
s669,cb,gnn_global,123,1BFM,M35W,0.7,0.7505120038986206
s669,cb,gnn_global,123,1BFM,M35Y,0.4,0.7186856269836426
s669,cb,gnn_global,123,1D5G,H71Y,0.04,0.9581061601638794
s669,cb,gnn_global,123,1D5G,I20F,-0.91,1.1734917163848877
s669,cb,gnn_global,123,1EKG,L198C,1.0,1.0790061950683594
s669,cb,gnn_global,123,1EKG,L200C,2.0,1.11488676071167
s669,cb,gnn_global,123,1EKG,L203C,-1.0,1.0821808576583862
s669,cb,gnn_global,123,1EKG,S181F,2.6,0.8295770883560181
s669,cb,gnn_global,123,1FRD,H42R,-4.0,1.128029227256775
s669,cb,gnn_global,123,1FXA,E94D,1.1,1.2016007900238037
s669,cb,gnn_global,123,1FXA,E94K,0.4,1.1291805505752563
s669,cb,gnn_global,123,1FXA,E94Q,-0.6,1.0963780879974365
s669,cb,gnn_global,123,1FXA,E95K,-1.0,0.9903783798217773
s669,cb,gnn_global,123,1FXA,F65A,1.0,1.2672436237335205
s669,cb,gnn_global,123,1FXA,F65I,0.9,1.1835899353027344
s669,cb,gnn_global,123,1FXA,F65W,0.6,1.2983587980270386
s669,cb,gnn_global,123,1FXA,F65Y,0.5,1.2617422342300415
s669,cb,gnn_global,123,1FXA,R42A,2.4,1.1841070652008057
s669,cb,gnn_global,123,1FXA,R42H,1.4,1.2575242519378662
s669,cb,gnn_global,123,1FXA,T48A,-0.1,1.171095848083496
s669,cb,gnn_global,123,1GLU,C500A,1.22,1.7944332361221313
s669,cb,gnn_global,123,1GUA,A118G,1.963,0.8678308725357056
s669,cb,gnn_global,123,1GUA,A118L,1.951,0.6892372369766235
s669,cb,gnn_global,123,1GUA,A85G,2.149,0.8963332176208496
s669,cb,gnn_global,123,1GUA,A97G,0.863,0.8607190847396851
s669,cb,gnn_global,123,1GUA,C81A,-0.283,0.7412817478179932
s669,cb,gnn_global,123,1GUA,C81I,0.912,0.6040914058685303
s669,cb,gnn_global,123,1GUA,C95A,0.08,0.6987002491950989
s669,cb,gnn_global,123,1GUA,C96A,1.759,0.8456423878669739
s669,cb,gnn_global,123,1GUA,C96L,0.043,0.7003088593482971
s669,cb,gnn_global,123,1GUA,C96M,0.337,0.8263294696807861
s669,cb,gnn_global,123,1GUA,D117A,0.706,0.5281748175621033
s669,cb,gnn_global,123,1GUA,D129A,0.855,0.6560271382331848
s669,cb,gnn_global,123,1GUA,D80A,0.493,0.5238327980041504
s669,cb,gnn_global,123,1GUA,E104A,-0.021,0.3927220404148102
s669,cb,gnn_global,123,1GUA,E124A,0.101,0.5946166515350342
s669,cb,gnn_global,123,1GUA,E125A,0.591,0.6251195669174194
s669,cb,gnn_global,123,1GUA,I58A,3.274,1.0651631355285645
s669,cb,gnn_global,123,1GUA,I58F,1.2990000000000002,0.9785637855529785
s669,cb,gnn_global,123,1GUA,I58L,0.7709999999999999,0.9339121580123901
s669,cb,gnn_global,123,1GUA,K109A,0.327,0.569277822971344
s669,cb,gnn_global,123,1GUA,L112A,2.593,0.9047101140022278
s669,cb,gnn_global,123,1GUA,L121A,2.5340000000000003,0.9987375736236572
s669,cb,gnn_global,123,1GUA,L126A,3.405,1.0070490837097168
s669,cb,gnn_global,123,1GUA,L62A,3.46,0.9497530460357666
s669,cb,gnn_global,123,1GUA,L78A,3.803,0.9612443447113037
s669,cb,gnn_global,123,1GUA,L82A,3.529,1.063418984413147
s669,cb,gnn_global,123,1GUA,L82I,1.6,0.9120302200317383
s669,cb,gnn_global,123,1GUA,L82V,1.7,1.0080456733703613
s669,cb,gnn_global,123,1GUA,L86A,3.2260000000000004,1.0315437316894531
s669,cb,gnn_global,123,1GUA,L91A,1.575,0.9837357997894287
s669,cb,gnn_global,123,1GUA,M76A,0.961,0.7411245703697205
s669,cb,gnn_global,123,1GUA,N56M,-0.271,0.6040195822715759
s669,cb,gnn_global,123,1GUA,N64A,1.14,0.5062143206596375
s669,cb,gnn_global,123,1GUA,P63A,1.7080000000000002,0.5992318391799927
s669,cb,gnn_global,123,1GUA,P93A,0.0819999999999999,0.6734871864318848
s669,cb,gnn_global,123,1GUA,Q66A,0.504,0.5835065841674805
s669,cb,gnn_global,123,1GUA,R100A,0.693,0.6842365860939026
s669,cb,gnn_global,123,1GUA,R59A,-0.178,0.7038318514823914
s669,cb,gnn_global,123,1GUA,R89L,-1.078,0.5400879383087158
s669,cb,gnn_global,123,1GUA,S77A,1.5730000000000002,0.5969051122665405
s669,cb,gnn_global,123,1GUA,S77T,-0.581,0.6272437572479248
s669,cb,gnn_global,123,1GUA,T68A,0.109,0.7522329092025757
s669,cb,gnn_global,123,1GUA,V128A,3.3680000000000003,1.0096838474273682
s669,cb,gnn_global,123,1GUA,V60A,2.251,0.9988164901733398
s669,cb,gnn_global,123,1GUA,V69A,1.116,0.8190287947654724
s669,cb,gnn_global,123,1GUA,V70A,1.77,0.9188311100006104
s669,cb,gnn_global,123,1GUA,V72A,1.052,0.8961601257324219
s669,cb,gnn_global,123,1GUA,V72I,0.8640000000000001,0.7726052403450012
s669,cb,gnn_global,123,1GUA,V98A,1.981,1.014394998550415
s669,cb,gnn_global,123,1H0X,P18A,1.936,0.392151802778244
s669,cb,gnn_global,123,1H0X,P62A,2.5810000000000004,0.4071803390979767
s669,cb,gnn_global,123,1HCQ,C67A,2.09,1.8437111377716064
s669,cb,gnn_global,123,1HCQ,C67S,1.99,1.9715609550476074
s669,cb,gnn_global,123,1IOJ,G15A,-0.4,1.3560855388641357
s669,cb,gnn_global,123,1IV7,A173C,-0.5,0.5716071128845215
s669,cb,gnn_global,123,1IV7,F189C,2.5,0.5942223072052002
s669,cb,gnn_global,123,1IV7,L162C,1.9,0.7169855833053589
s669,cb,gnn_global,123,1IV9,S76Y,-4.299,0.2624419331550598
s669,cb,gnn_global,123,1J8I,K25A,-0.1,1.1234170198440552
s669,cb,gnn_global,123,1J8I,K66A,-0.1,1.1403043270111084
s669,cb,gnn_global,123,1J8I,R23A,-0.8,1.1969445943832397
s669,cb,gnn_global,123,1J8I,R35A,0.1,1.2081354856491089
s669,cb,gnn_global,123,1J8I,R43A,-0.7,1.1054723262786865
s669,cb,gnn_global,123,1J8I,R9A,0.1,1.1273369789123535
s669,cb,gnn_global,123,1JL9,A25C,1.44,2.0132203102111816
s669,cb,gnn_global,123,1L6H,F39A,1.6969999999999998,2.040658712387085
s669,cb,gnn_global,123,1L6H,Y45A,0.55,1.7587580680847168
s669,cb,gnn_global,123,1L6H,Y48A,1.482,1.7051398754119873
s669,cb,gnn_global,123,1N88,F21A,1.39,0.7993128895759583
s669,cb,gnn_global,123,1N88,I39A,1.39,0.9694072008132935
s669,cb,gnn_global,123,1N88,I80A,2.79,0.9122382998466492
s669,cb,gnn_global,123,1N88,I89A,2.35,0.922659695148468
s669,cb,gnn_global,123,1N88,I8V,1.52,0.8979426026344299
s669,cb,gnn_global,123,1N88,L13A,1.52,0.8450597524642944
s669,cb,gnn_global,123,1N88,L57A,1.11,0.7095856666564941
s669,cb,gnn_global,123,1N88,V12A,1.94,0.812117338180542
s669,cb,gnn_global,123,1N88,V30A,2.84,0.8612793684005737
s669,cb,gnn_global,123,1N88,V43A,2.82,0.936691164970398
s669,cb,gnn_global,123,1N88,V49A,2.83,0.8065051436424255
s669,cb,gnn_global,123,1N88,V51A,3.24,0.8342140913009644
s669,cb,gnn_global,123,1N88,V54A,3.73,0.8040841817855835
s669,cb,gnn_global,123,1N88,V81A,2.82,0.9212819933891296
s669,cb,gnn_global,123,1N88,V83A,3.1,0.8150168657302856
s669,cb,gnn_global,123,1N88,Y18A,-0.06,0.7447887659072876
s669,cb,gnn_global,123,1N88,Y26A,4.61,0.88913893699646
s669,cb,gnn_global,123,1O6X,A31G,1.2,0.5649623274803162
s669,cb,gnn_global,123,1O6X,A50G,1.4,0.7649919986724854
s669,cb,gnn_global,123,1O6X,D38A,-0.36,0.45218196511268616
s669,cb,gnn_global,123,1O6X,E14A,0.3,0.6885030269622803
s669,cb,gnn_global,123,1O6X,E20G,1.42,0.37861695885658264
s669,cb,gnn_global,123,1O6X,F39L,1.88,0.6491686701774597
s669,cb,gnn_global,123,1O6X,F65A,0.98,0.838898777961731
s669,cb,gnn_global,123,1O6X,H51A,0.61,0.6385868787765503
s669,cb,gnn_global,123,1O6X,I15V,0.43,0.9529896974563599
s669,cb,gnn_global,123,1O6X,I23V,-0.42,0.6449434757232666
s669,cb,gnn_global,123,1O6X,I71V,1.31,0.7954931259155273
s669,cb,gnn_global,123,1O6X,I75A,1.31,0.8767087459564209
s669,cb,gnn_global,123,1O6X,K41A,1.98,0.5215076208114624
s669,cb,gnn_global,123,1O6X,L26V,0.97,0.7939990162849426
s669,cb,gnn_global,123,1O6X,N58A,0.08,0.6880652904510498
s669,cb,gnn_global,123,1O6X,Q60G,0.49,0.7385919094085693
s669,cb,gnn_global,123,1O6X,V12A,1.1,0.8670250177383423
s669,cb,gnn_global,123,1O6X,V52A,1.08,0.8348654508590698
s669,cb,gnn_global,123,1O6X,V64G,1.1,0.8242456912994385
s669,cb,gnn_global,123,1O6X,Y73L,2.78,0.6953198909759521
s669,cb,gnn_global,123,1R6R,I88N,0.13,0.2227495312690735
s669,cb,gnn_global,123,1R6R,L50S,2.81,0.5509225130081177
s669,cb,gnn_global,123,1R6R,L54S,0.24,0.6019546985626221
s669,cb,gnn_global,123,1R6R,L81N,6.84,0.35238388180732727
s669,cb,gnn_global,123,2BJD,V84D,4.493,0.7158735394477844
s669,cb,gnn_global,123,2BJD,V84P,4.517,0.6702390909194946
s669,cb,gnn_global,123,2BJD,Y86E,2.103,0.5830829739570618
s669,cb,gnn_global,123,2C9Q,Y79F,0.012,1.8093957901000977
s669,cb,gnn_global,123,2C9Q,Y79W,1.233,1.9203410148620605
s669,cb,gnn_global,123,2CLR,H13F,-0.12,0.7209005951881409
s669,cb,gnn_global,123,2CLR,H31F,-2.605,0.8212106823921204
s669,cb,gnn_global,123,2CLR,H51F,1.912,0.8108049035072327
s669,cb,gnn_global,123,2CLR,H84A,2.629,0.9006985425949097
s669,cb,gnn_global,123,2DVV,Q443H,-0.89,1.0680766105651855
s669,cb,gnn_global,123,2DVV,R419W,0.02,1.0429068803787231
s669,cb,gnn_global,123,2HBB,A22G,0.32,0.4734024703502655
s669,cb,gnn_global,123,2HBB,A26G,1.79,0.7946621179580688
s669,cb,gnn_global,123,2HBB,A36G,1.55,0.9519799947738647
s669,cb,gnn_global,123,2HBB,A39G,1.59,0.8479436635971069
s669,cb,gnn_global,123,2HBB,A42G,0.33,0.5421720743179321
s669,cb,gnn_global,123,2HBB,A46G,0.55,0.5856781005859375
s669,cb,gnn_global,123,2HBB,A49G,0.22,0.42984065413475037
s669,cb,gnn_global,123,2HBB,D23A,0.03,0.2598852515220642
s669,cb,gnn_global,123,2HBB,D23N,0.79,0.33042246103286743
s669,cb,gnn_global,123,2HBB,D8A,1.3,0.053096577525138855
s669,cb,gnn_global,123,2HBB,D8N,0.38,0.1160934641957283
s669,cb,gnn_global,123,2HBB,E17A,1.69,0.3205639123916626
s669,cb,gnn_global,123,2HBB,E17Q,0.33,0.38734450936317444
s669,cb,gnn_global,123,2HBB,E38A,0.41,0.6025911569595337
s669,cb,gnn_global,123,2HBB,E38Q,0.68,0.6671826839447021
s669,cb,gnn_global,123,2HBB,E48Q,-0.07,0.38893166184425354
s669,cb,gnn_global,123,2HBB,F31A,2.84,0.8204382061958313
s669,cb,gnn_global,123,2HBB,F5L,1.15,0.7152119278907776
s669,cb,gnn_global,123,2HBB,G24A,-0.02,0.39960625767707825
s669,cb,gnn_global,123,2HBB,G34A,1.02,0.5679112672805786
s669,cb,gnn_global,123,2HBB,I18A,2.05,0.8222653865814209
s669,cb,gnn_global,123,2HBB,I18V,0.07,0.7460869550704956
s669,cb,gnn_global,123,2HBB,I37A,1.28,0.9853063821792603
s669,cb,gnn_global,123,2HBB,I37V,-0.09,0.8964913487434387
s669,cb,gnn_global,123,2HBB,I4V,0.59,1.019214153289795
s669,cb,gnn_global,123,2HBB,K10E,-0.13,0.24064430594444275
s669,cb,gnn_global,123,2HBB,K10M,-0.47,0.14589720964431763
s669,cb,gnn_global,123,2HBB,K12A,-0.61,0.3065774440765381
s669,cb,gnn_global,123,2HBB,K12G,-0.03,0.36199674010276794
s669,cb,gnn_global,123,2HBB,K12M,-1.8,0.31755682826042175
s669,cb,gnn_global,123,2HBB,K14A,0.73,0.19687160849571228
s669,cb,gnn_global,123,2HBB,K14G,1.3,0.24954411387443542
s669,cb,gnn_global,123,2HBB,K14M,0.34,0.21125903725624084
s669,cb,gnn_global,123,2HBB,K15G,1.74,0.34517359733581543
s669,cb,gnn_global,123,2HBB,K15M,0.44,0.28910571336746216
s669,cb,gnn_global,123,2HBB,K7M,-0.21,0.36087968945503235
s669,cb,gnn_global,123,2HBB,L30A,2.76,0.9901313781738281
s669,cb,gnn_global,123,2HBB,L35A,1.21,0.8418000936508179
s669,cb,gnn_global,123,2HBB,L44A,1.73,0.8629891872406006
s669,cb,gnn_global,123,2HBB,L47A,0.84,0.7897118330001831
s669,cb,gnn_global,123,2HBB,L6A,3.1,0.8087533712387085
s669,cb,gnn_global,123,2HBB,M1A,1.46,0.6620593070983887
s669,cb,gnn_global,123,2HBB,T40S,0.8,0.6539433002471924
s669,cb,gnn_global,123,2HBB,V21A,2.33,0.8479502201080322
s669,cb,gnn_global,123,2HBB,V3A,2.55,0.9532996416091919
s669,cb,gnn_global,123,2HBB,V9A,1.81,0.5816981196403503
s669,cb,gnn_global,123,2JUC,C57D,2.54,1.1182000637054443
s669,cb,gnn_global,123,2JUC,C57S,0.71,1.0262439250946045
s669,cb,gnn_global,123,2JUC,R18A,1.75,0.8890198469161987
s669,cb,gnn_global,123,2KJ3,D288A,-1.2,0.2866387963294983
s669,cb,gnn_global,123,2KJ3,E272A,-1.9,0.3002294600009918
s669,cb,gnn_global,123,2KJ3,G278A,0.8,0.5507835149765015
s669,cb,gnn_global,123,2KJ3,K229A,-1.5,0.4434109032154083
s669,cb,gnn_global,123,2KJ3,L241A,-1.0,0.7406696677207947
s669,cb,gnn_global,123,2KJ3,S273A,-1.4,0.4728938639163971
s669,cb,gnn_global,123,2KJ3,V239A,-1.0,0.754334568977356
s669,cb,gnn_global,123,2KJ3,V264A,-1.0,0.6464641094207764
s669,cb,gnn_global,123,2KJ3,V267A,-0.2,0.7578520774841309
s669,cb,gnn_global,123,2MPC,A89T,0.24,0.34113845229148865
s669,cb,gnn_global,123,2MPC,R42A,-0.62,0.0610511377453804
s669,cb,gnn_global,123,2MPC,R42W,-2.08,0.07196874171495438
s669,cb,gnn_global,123,2N7Z,P88A,0.6,0.619154691696167
s669,cb,gnn_global,123,2OUO,A420D,-0.44,1.2848401069641113
s669,cb,gnn_global,123,2PTL,A22G,2.43,0.9085866212844849
s669,cb,gnn_global,123,2PTL,A27P,-0.1,0.699690043926239
s669,cb,gnn_global,123,2PTL,A27V,0.83,0.5369859337806702
s669,cb,gnn_global,123,2PTL,A34G,2.17,0.7881069779396057
s669,cb,gnn_global,123,2PTL,A34V,-1.47,0.672914981842041
s669,cb,gnn_global,123,2PTL,A43G,2.54,0.7668825387954712
s669,cb,gnn_global,123,2PTL,A47G,3.1,0.8875444531440735
s669,cb,gnn_global,123,2PTL,A49G,1.32,0.6868727207183838
s669,cb,gnn_global,123,2PTL,A51G,3.12,0.8408652544021606
s669,cb,gnn_global,123,2PTL,A66G,0.49,0.6440469026565552
s669,cb,gnn_global,123,2PTL,D52A,1.21,0.44792839884757996
s669,cb,gnn_global,123,2PTL,D52G,2.14,0.4760635793209076
s669,cb,gnn_global,123,2PTL,D64A,0.2,0.5514283180236816
s669,cb,gnn_global,123,2PTL,E35A,0.59,0.5197890996932983
s669,cb,gnn_global,123,2PTL,E46G,1.19,0.6006330251693726
s669,cb,gnn_global,123,2PTL,E46I,1.08,0.45239177346229553
s669,cb,gnn_global,123,2PTL,E60A,0.23,0.43257656693458557
s669,cb,gnn_global,123,2PTL,F26A,3.12,0.7885212302207947
s669,cb,gnn_global,123,2PTL,F26L,0.68,0.6584548950195312
s669,cb,gnn_global,123,2PTL,F36A,4.15,0.8481001853942871
s669,cb,gnn_global,123,2PTL,F36L,3.12,0.7206886410713196
s669,cb,gnn_global,123,2PTL,F40G,3.08,0.7776336669921875
s669,cb,gnn_global,123,2PTL,F40L,0.38,0.6384562849998474
s669,cb,gnn_global,123,2PTL,F76L,3.34,0.7106020450592041
s669,cb,gnn_global,123,2PTL,F76V,3.73,0.7710773348808289
s669,cb,gnn_global,123,2PTL,G29A,1.52,0.5248995423316956
s669,cb,gnn_global,123,2PTL,G29V,2.53,0.4707365334033966
s669,cb,gnn_global,123,2PTL,G38A,2.08,0.6334496736526489
s669,cb,gnn_global,123,2PTL,G59A,2.23,0.5217608213424683
s669,cb,gnn_global,123,2PTL,G69A,2.04,0.5512526035308838
s669,cb,gnn_global,123,2PTL,I20A,4.9,0.9390283823013306
s669,cb,gnn_global,123,2PTL,I20V,0.56,0.8601945638656616
s669,cb,gnn_global,123,2PTL,I25A,1.37,0.8394774198532104
s669,cb,gnn_global,123,2PTL,I25V,0.47,0.7731173634529114
s669,cb,gnn_global,123,2PTL,I74A,4.72,1.062819480895996
s669,cb,gnn_global,123,2PTL,I74V,1.69,0.9849860668182373
s669,cb,gnn_global,123,2PTL,K21A,0.92,0.6388020515441895
s669,cb,gnn_global,123,2PTL,K37A,0.88,0.5667955875396729
s669,cb,gnn_global,123,2PTL,K42G,-0.16,0.56954026222229
s669,cb,gnn_global,123,2PTL,K55A,-0.58,0.4531841576099396
s669,cb,gnn_global,123,2PTL,K56A,-0.35,0.33621272444725037
s669,cb,gnn_global,123,2PTL,K68A,0.09,0.378141313791275
s669,cb,gnn_global,123,2PTL,K75A,0.45,0.6356470584869385
s669,cb,gnn_global,123,2PTL,L24A,3.12,0.92240309715271
s669,cb,gnn_global,123,2PTL,L54A,2.44,0.7435394525527954
s669,cb,gnn_global,123,2PTL,L72A,3.77,0.9916641712188721
s669,cb,gnn_global,123,2PTL,N23A,1.87,0.7312570810317993
s669,cb,gnn_global,123,2PTL,N28A,1.78,0.5001227855682373
s669,cb,gnn_global,123,2PTL,N58A,0.34,0.570190966129303
s669,cb,gnn_global,123,2PTL,N73A,1.73,0.6627344489097595
s669,cb,gnn_global,123,2PTL,S30A,0.3,0.47940972447395325
s669,cb,gnn_global,123,2PTL,S45A,-0.41,0.5416734218597412
s669,cb,gnn_global,123,2PTL,S45G,0.82,0.5679425001144409
s669,cb,gnn_global,123,2PTL,T19A,1.63,0.5653642416000366
s669,cb,gnn_global,123,2PTL,T31A,1.17,0.595159649848938
s669,cb,gnn_global,123,2PTL,T33A,1.11,0.6255373954772949
s669,cb,gnn_global,123,2PTL,T39A,1.25,0.5627154111862183
s669,cb,gnn_global,123,2PTL,T44A,1.09,0.698352575302124
s669,cb,gnn_global,123,2PTL,T53G,0.17,0.5613698363304138
s669,cb,gnn_global,123,2PTL,T62A,0.97,0.6055965423583984
s669,cb,gnn_global,123,2PTL,T71A,1.83,0.6855719089508057
s669,cb,gnn_global,123,2PTL,V18A,1.22,0.7214897274971008
s669,cb,gnn_global,123,2PTL,V63A,0.92,0.7899943590164185
s669,cb,gnn_global,123,2PTL,V65A,1.14,0.6765117645263672
s669,cb,gnn_global,123,2PTL,Y48A,2.82,0.789811372756958
s669,cb,gnn_global,123,2PTL,Y50A,2.46,0.7899976968765259
s669,cb,gnn_global,123,2PTL,Y70A,1.66,0.6813355684280396
s669,cb,gnn_global,123,2PTL,Y70L,-0.43,0.5501353144645691
s669,cb,gnn_global,123,2RPN,E7L,-1.05,0.808659553527832
s669,cb,gnn_global,123,2RPN,V21K,-0.39,1.2940397262573242
s669,cb,gnn_global,123,2WQG,D15A,-0.3,1.1652932167053223
s669,cb,gnn_global,123,2WQG,D38A,-0.1,0.9843742847442627
s669,cb,gnn_global,123,2WQG,D39A,2.2,0.9678711891174316
s669,cb,gnn_global,123,2WQG,D39N,2.6,1.0381121635437012
s669,cb,gnn_global,123,2WQG,E40Q,0.1,1.117857575416565
s669,cb,gnn_global,123,2WQG,E41G,0.4,1.0610142946243286
s669,cb,gnn_global,123,2WQG,I36A,0.9,1.4946372509002686
s669,cb,gnn_global,123,2WQG,I36V,0.3,1.3939833641052246
s669,cb,gnn_global,123,2WQG,K14A,0.4,1.4474151134490967
s669,cb,gnn_global,123,2WQG,K14G,1.9,1.5091460943222046
s669,cb,gnn_global,123,2WQG,K19A,0.3,1.0996454954147339
s669,cb,gnn_global,123,2WQG,K28A,0.6,1.2588987350463867
s669,cb,gnn_global,123,2WQG,L13A,0.5,1.921765923500061
s669,cb,gnn_global,123,2WQG,L16A,1.3,1.620764970779419
s669,cb,gnn_global,123,2WQG,L8A,2.0,1.6206485033035278
s669,cb,gnn_global,123,2WQG,Q12A,0.6,1.4927963018417358
s669,cb,gnn_global,123,2WQG,Q12G,2.0,1.5375667810440063
s669,cb,gnn_global,123,2WQG,Q33A,-0.1,1.1616313457489014
s669,cb,gnn_global,123,2WQG,R34A,0.8,1.2551294565200806
s669,cb,gnn_global,123,2WQG,S23A,0.6,1.215247631072998
s669,cb,gnn_global,123,2WQG,S6A,-0.1,1.1689536571502686
s669,cb,gnn_global,123,2WQG,S6G,0.2,1.2000505924224854
s669,cb,gnn_global,123,2WQG,T9S,-0.1,1.5020725727081299
s669,cb,gnn_global,123,2WQG,V10A,0.1,1.593466877937317
s669,cb,gnn_global,123,2WQG,V10G,0.7,1.6321916580200195
s669,cb,gnn_global,123,2WQG,V11A,-0.4,1.5318729877471924
s669,cb,gnn_global,123,2WQG,V11G,-0.1,1.5673801898956299
s669,cb,gnn_global,123,2WQG,V24A,0.5,1.5752482414245605
s669,cb,gnn_global,123,2WQG,Y5F,2.4,1.3910572528839111
s669,cb,gnn_global,123,2ZTA,E11Q,0.74,0.5686683058738708
s669,cb,gnn_global,123,2ZTA,E20Q,-0.2,0.5180792808532715
s669,cb,gnn_global,123,2ZTA,E22Q,1.83,0.6365746259689331
s669,cb,gnn_global,123,2ZTA,K15A,0.41,0.47221919894218445
s669,cb,gnn_global,123,2ZTA,K27A,0.91,0.9389970302581787
s669,cb,gnn_global,123,2ZTA,K28A,0.06,0.9215673208236694
s669,cb,gnn_global,123,2ZTA,K8A,0.39,0.4231312572956085
s669,cb,gnn_global,123,2ZTA,R25A,1.66,0.9115008115768433
s669,cb,gnn_global,123,3BN0,I20V,1.506,0.6428160667419434
s669,cb,gnn_global,123,3C2I,F155S,-0.43,1.3877472877502441
s669,cb,gnn_global,123,3C2I,T158A,-0.47,0.9613189697265625
s669,cb,gnn_global,123,3C2I,T158M,-0.25,0.962876558303833
s669,cb,gnn_global,123,3FIS,P61A,0.5,0.42496079206466675
s669,cb,gnn_global,123,3G1G,D155Y,-0.34,0.9236574769020081
s669,cb,gnn_global,123,3G1G,F167Y,0.74,1.4087326526641846
s669,cb,gnn_global,123,3G1G,I190V,0.17,1.3824020624160767
s669,cb,gnn_global,123,3G1G,R185W,-1.32,1.2441357374191284
s669,cb,gnn_global,123,3K82,E334L,3.35,0.3466891944408417
s669,cb,gnn_global,123,3K82,E334Q,1.68,0.4572376012802124
s669,cb,gnn_global,123,3K82,E401R,-5.49,0.4879560172557831
s669,cb,gnn_global,123,3MON,R39G,-1.194,0.6454563140869141
s669,cb,gnn_global,123,3MON,W3C,2.866,0.5215433835983276
s669,cb,gnn_global,123,3O39,L32P,3.25,0.7940163612365723
s669,cb,gnn_global,123,3S92,H395R,-2.03,0.9316222667694092
s669,cb,gnn_global,123,4N6V,H75W,-0.574,0.30514615774154663
s669,cb,gnn_global,123,4N6V,P36G,1.362,0.3528338670730591
s669,cb,gnn_global,123,4N6V,P79S,-1.745,0.37320855259895325
s669,cb,gnn_global,123,4YEE,V134T,0.71,0.8399699926376343
s669,cb,gnn_global,123,4YEF,T134V,0.93,0.5062525272369385
s669,cb,gnn_global,123,5JXB,D329G,1.44,0.2974258065223694
s669,cb,gnn_global,123,5JXB,D329P,1.44,0.33225858211517334
s669,cb,gnn_global,123,1A0F,S11A,1.8,0.7637624740600586
s669,cb,gnn_global,123,1A7V,A104H,2.69,1.1185671091079712
s669,cb,gnn_global,123,1A7V,A66H,1.98,1.0543259382247925
s669,cb,gnn_global,123,1A7V,A91H,1.7,1.1806957721710205
s669,cb,gnn_global,123,1A7V,D3H,1.36,0.9811837673187256
s669,cb,gnn_global,123,1A7V,D58H,2.05,0.9397289752960205
s669,cb,gnn_global,123,1A7V,E73H,3.01,0.9611454010009766
s669,cb,gnn_global,123,1A7V,K13H,0.6,1.0391857624053955
s669,cb,gnn_global,123,1A7V,K20H,2.88,1.0803532600402832
s669,cb,gnn_global,123,1A7V,K31H,1.36,1.00080144405365
s669,cb,gnn_global,123,1A7V,K39H,1.86,1.1136764287948608
s669,cb,gnn_global,123,1A7V,K49H,2.02,1.1148204803466797
s669,cb,gnn_global,123,1A7V,K84H,2.88,1.144986629486084
s669,cb,gnn_global,123,1A7V,K97H,1.97,1.0089205503463745
s669,cb,gnn_global,123,1BNL,D76A,0.821,0.7645567059516907
s669,cb,gnn_global,123,1DIV,D23A,0.46,0.37830185890197754
s669,cb,gnn_global,123,1DIV,D23N,0.58,0.4104344844818115
s669,cb,gnn_global,123,1DIV,D8N,0.3,0.3303471803665161
s669,cb,gnn_global,123,1DIV,E100A,0.98,0.4069969058036804
s669,cb,gnn_global,123,1DIV,E100G,1.52,0.42833852767944336
s669,cb,gnn_global,123,1DIV,E17Q,0.21,0.4238755702972412
s669,cb,gnn_global,123,1DIV,E38Q,0.56,0.4833175837993622
s669,cb,gnn_global,123,1DIV,E48Q,-0.03,0.39896371960639954
s669,cb,gnn_global,123,1DIV,E54Q,-0.33,0.3069279193878174
s669,cb,gnn_global,123,1DIV,H106Q,1.53,0.45947352051734924
s669,cb,gnn_global,123,1DIV,I115A,3.52,0.5466364622116089
s669,cb,gnn_global,123,1DIV,I4A,2.22,0.7525401711463928
s669,cb,gnn_global,123,1DIV,I4V,0.59,0.7107224464416504
s669,cb,gnn_global,123,1DIV,I79A,3.49,0.6557665467262268
s669,cb,gnn_global,123,1DIV,I93A,3.19,0.6777738928794861
s669,cb,gnn_global,123,1DIV,I98A,4.28,0.6939078569412231
s669,cb,gnn_global,123,1DIV,K10M,-0.05,0.2844300866127014
s669,cb,gnn_global,123,1DIV,K14M,-0.01,0.3676811158657074
s669,cb,gnn_global,123,1DIV,K15M,0.31,0.3127022683620453
s669,cb,gnn_global,123,1DIV,K7M,-0.35,0.3859187960624695
s669,cb,gnn_global,123,1DIV,K96A,-0.61,0.4115942418575287
s669,cb,gnn_global,123,1DIV,K96G,0.2,0.4307247996330261
s669,cb,gnn_global,123,1DIV,L102A,2.37,0.6267684698104858
s669,cb,gnn_global,123,1DIV,L108A,2.33,0.5086157917976379
s669,cb,gnn_global,123,1DIV,L110A,3.21,0.5164200067520142
s669,cb,gnn_global,123,1DIV,L117A,0.82,0.6139833927154541
s669,cb,gnn_global,123,1DIV,L30A,2.76,0.6810581088066101
s669,cb,gnn_global,123,1DIV,L30V,3.62,0.6368308663368225
s669,cb,gnn_global,123,1DIV,L6A,3.1,0.5756230354309082
s669,cb,gnn_global,123,1DIV,L6I,0.13,0.4994376003742218
s669,cb,gnn_global,123,1DIV,L6V,0.41,0.5426846742630005
s669,cb,gnn_global,123,1DIV,L72A,3.77,0.4374971091747284
s669,cb,gnn_global,123,1DIV,M1A,1.46,0.5487992167472839
s669,cb,gnn_global,123,1DIV,M1G,2.36,0.5704656839370728
s669,cb,gnn_global,123,1DIV,V21A,2.33,0.6071668863296509
s669,cb,gnn_global,123,1DIV,V21I,0.4,0.5242400169372559
s669,cb,gnn_global,123,1DIV,V21L,1.23,0.5253864526748657
s669,cb,gnn_global,123,1DIV,V3A,2.55,0.6780382394790649
s669,cb,gnn_global,123,1DIV,V3I,0.31,0.5818238854408264
s669,cb,gnn_global,123,1DIV,V3L,2.21,0.5860428810119629
s669,cb,gnn_global,123,1DXX,K18N,3.7,0.1673804223537445
s669,cb,gnn_global,123,1FH5,S18N,-0.6,1.312615990638733
s669,cb,gnn_global,123,1FT8,L212V,1.38,0.8867746591567993
s669,cb,gnn_global,123,1FT8,L238I,0.35,0.8605130910873413
s669,cb,gnn_global,123,1FT8,M216L,-0.27,0.8042165637016296
s669,cb,gnn_global,123,1GWY,A8D,1.6,0.8355348706245422
s669,cb,gnn_global,123,1ITM,C24T,3.3,0.3871580958366394
s669,cb,gnn_global,123,1ITM,C3T,5.0,0.27773797512054443
s669,cb,gnn_global,123,1ITM,W91S,-1.4,0.3754136562347412
s669,cb,gnn_global,123,1JLV,E64D,1.162,0.581802248954773
s669,cb,gnn_global,123,1JLV,E64N,2.3040000000000003,0.5240011215209961
s669,cb,gnn_global,123,1JLV,E64Q,2.302,0.5095086097717285
s669,cb,gnn_global,123,1LVM,E106G,-1.4,0.20767292380332947
s669,cb,gnn_global,123,1LVM,K45F,-0.43,0.2841212749481201
s669,cb,gnn_global,123,1LVM,L56V,-0.0,0.5470420122146606
s669,cb,gnn_global,123,1LVM,Q58F,-0.6,0.395765095949173
s669,cb,gnn_global,123,1N18,E100G,2.5,1.2069040536880493
s669,cb,gnn_global,123,1N18,G85R,1.4,1.3021881580352783
s669,cb,gnn_global,123,1N18,H46R,-1.4,1.3305439949035645
s669,cb,gnn_global,123,1O1U,E110A,3.3,0.420212060213089
s669,cb,gnn_global,123,1O1U,N61A,1.2,0.41931289434432983
s669,cb,gnn_global,123,1O1U,Q51A,0.3,0.4172593355178833
s669,cb,gnn_global,123,1O1U,Q99A,-0.3,0.4696309268474579
s669,cb,gnn_global,123,1O1U,T38A,1.2,0.5014641284942627
s669,cb,gnn_global,123,1O1U,W49Y,1.2,0.44395050406455994
s669,cb,gnn_global,123,1OSI,I11V,0.05,0.9603433012962341
s669,cb,gnn_global,123,1OSI,S92F,-0.39,0.9005974531173706
s669,cb,gnn_global,123,1OSI,V15I,0.78,1.0045700073242188
s669,cb,gnn_global,123,1PFL,A20T,1.53,1.3806668519973755
s669,cb,gnn_global,123,1PFL,G117V,1.96,1.042683482170105
s669,cb,gnn_global,123,1PFL,M113T,3.53,1.3466362953186035
s669,cb,gnn_global,123,1PFL,T108M,-0.07,1.183067798614502
s669,cb,gnn_global,123,1PRG,Q286P,0.3,0.6420028209686279
s669,cb,gnn_global,123,1PRG,R288H,-0.06,0.6072167158126831
s669,cb,gnn_global,123,1PRG,V290M,-0.03,0.6291965246200562
s669,cb,gnn_global,123,1SPD,C111S,-0.8,1.3845775127410889
s669,cb,gnn_global,123,1SPD,C6A,-0.1,1.3515616655349731
s669,cb,gnn_global,123,1XWS,E124Q,2.9,0.687609851360321
s669,cb,gnn_global,123,1XWS,E135K,4.59,0.7713320851325989
s669,cb,gnn_global,123,1XWS,E142D,3.22,0.7443216443061829
s669,cb,gnn_global,123,1XWS,Y53H,3.3,0.9796383380889893
s669,cb,gnn_global,123,1XXN,N32D,0.86,0.9289335012435913
s669,cb,gnn_global,123,1XXN,N54E,0.645,0.89797043800354
s669,cb,gnn_global,123,1XXN,S22E,-0.239,0.8170810341835022
s669,cb,gnn_global,123,1XXN,S27E,0.645,0.9338286519050598
s669,cb,gnn_global,123,1XZO,F42W,-2.87,1.008549690246582
s669,cb,gnn_global,123,1XZO,W101F,2.89,0.9043843746185303
s669,cb,gnn_global,123,1XZO,W36A,8.93,0.9529401063919067
s669,cb,gnn_global,123,1XZO,W36F,4.25,0.9037205576896667
s669,cb,gnn_global,123,2ARF,H1069Q,0.7170000000000001,1.316324234008789
s669,cb,gnn_global,123,2H3F,E12A,-1.07,0.73335862159729
s669,cb,gnn_global,123,2JIE,H104R,-1.536,0.800376296043396
s669,cb,gnn_global,123,2JIE,Q22S,0.209,0.817234992980957
s669,cb,gnn_global,123,2JIE,S17A,1.246,0.7515180110931396
s669,cb,gnn_global,123,2JIE,S19A,-0.951,0.7765228748321533
s669,cb,gnn_global,123,2JIE,T18A,0.994,0.8094465732574463
s669,cb,gnn_global,123,2JIE,W123F,-2.19,0.7135082483291626
s669,cb,gnn_global,123,2JIE,W123H,-1.06,0.7958074808120728
s669,cb,gnn_global,123,2JIE,Y21A,3.443,0.8293645977973938
s669,cb,gnn_global,123,2KS4,D9A,-1.26,0.7148218154907227
s669,cb,gnn_global,123,2KS4,E2A,0.23,0.7571428418159485
s669,cb,gnn_global,123,2LTB,L558P,1.57,0.9475522041320801
s669,cb,gnn_global,123,2LTB,L569R,3.11,1.0351346731185913
s669,cb,gnn_global,123,2LTB,M619K,3.34,0.7974525094032288
s669,cb,gnn_global,123,2LTB,R533Q,1.1,0.7229799032211304
s669,cb,gnn_global,123,2LTB,R555Q,0.36,0.7500590682029724
s669,cb,gnn_global,123,2LTB,R555W,-1.79,0.716803789138794
s669,cb,gnn_global,123,2M5S,D302A,4.0,1.0498175621032715
s669,cb,gnn_global,123,2M5S,H305A,2.0,1.1883721351623535
s669,cb,gnn_global,123,2NTE,R658C,2.3,0.6585385203361511
s669,cb,gnn_global,123,2PR5,A33Y,-0.5,0.46378836035728455
s669,cb,gnn_global,123,2PR5,A81M,0.4,0.5513595342636108
s669,cb,gnn_global,123,2PR5,D109E,-0.3,0.5295083522796631
s669,cb,gnn_global,123,2PR5,H22K,-0.3,0.41470593214035034
s669,cb,gnn_global,123,2PR5,H22W,-1.2,0.3851220905780792
s669,cb,gnn_global,123,2PR5,M111F,-2.9,0.48961910605430603
s669,cb,gnn_global,123,2PR5,N107F,-0.9,0.4869985282421112
s669,cb,gnn_global,123,2PR5,N107Y,-0.8,0.5354825854301453
s669,cb,gnn_global,123,2PR5,N124F,-1.1,0.43930983543395996
s669,cb,gnn_global,123,2PR5,N124Y,-2.6,0.4823109805583954
s669,cb,gnn_global,123,2PR5,T30M,-0.5,0.6259328126907349
s669,cb,gnn_global,123,2PR5,T50M,0.5,0.5203210115432739
s669,cb,gnn_global,123,2PR5,T54Y,-0.2,0.5128965377807617
s669,cb,gnn_global,123,2PR5,V120I,-1.4,0.6029646396636963
s669,cb,gnn_global,123,2PR5,V25I,-0.4,0.5265641808509827
s669,cb,gnn_global,123,2PR5,V88L,0.2,0.5707178115844727
s669,cb,gnn_global,123,2PR5,V90I,0.7,0.5424410104751587
s669,cb,gnn_global,123,2VY0,E53A,6.597,0.5460303425788879
s669,cb,gnn_global,123,3BCI,E96Q,-1.369,0.7445880174636841
s669,cb,gnn_global,123,3D3B,D118A,0.65,0.2386167347431183
s669,cb,gnn_global,123,3D3B,D118E,0.6,0.28339704871177673
s669,cb,gnn_global,123,3D3B,D118K,1.6,0.2748173177242279
s669,cb,gnn_global,123,3D3B,D118N,1.34,0.2566617429256439
s669,cb,gnn_global,123,3D3B,D118R,1.41,0.2647598087787628
s669,cb,gnn_global,123,3ECU,H46R,-0.8,1.3758552074432373
s669,cb,gnn_global,123,3S4M,D122Y,1.3,0.8002217411994934
s669,cb,gnn_global,123,3S4M,G130V,2.5,0.9300510883331299
s669,cb,gnn_global,123,3S4M,I154F,-0.096,0.9966906309127808
s669,cb,gnn_global,123,3S4M,W155R,0.693,0.9548929929733276
s669,cb,gnn_global,123,4BJX,A89V,-0.99,0.581574559211731
s669,cb,gnn_global,123,4BUQ,Y48A,1.435,1.1499791145324707
s669,cb,gnn_global,123,4WAA,K65A,-0.1,0.6809127330780029
s669,cb,gnn_global,123,4WAA,K67A,2.07,0.7433935403823853
s669,cb,gnn_global,123,4WAA,R27A,0.44,0.5679335594177246
s669,cb,gnn_global,123,5VP3,R39K,-0.413,0.6749081611633301
s669,cb,gnn_global,123,1BA3,H461D,1.745,0.5616042613983154
s669,cb,gnn_global,123,1BA3,H489D,-0.287,0.5240458250045776
s669,cb,gnn_global,123,1BA3,H489K,0.287,0.5110281109809875
s669,cb,gnn_global,123,1BA3,H489M,0.263,0.49776557087898254
s669,cb,gnn_global,123,1DIV,V129A,1.81,0.4349247217178345
s669,cb,gnn_global,123,1F8I,F345A,0.455,0.5055636763572693
s669,cb,gnn_global,123,1FT8,L349I,-0.05,0.8193793296813965
s669,cb,gnn_global,123,1LVM,S135G,-0.0,0.37587955594062805
s669,cb,gnn_global,123,1NM1,D187N,0.88,0.671642541885376
s669,cb,gnn_global,123,1NM1,D187Y,1.9,0.6532421112060547
s669,cb,gnn_global,123,1PRE,C159S,2.4,0.6596754193305969
s669,cb,gnn_global,123,1R2Y,R244E,4.2,0.8442445993423462
s669,cb,gnn_global,123,1XXN,N181R,-0.358,0.8354174494743347
s669,cb,gnn_global,123,3D2A,M134E,-3.02,0.874305009841919
s669,cb,gnn_global,123,3D2A,M137P,-3.34,0.9531155228614807
s669,cb,gnn_global,123,3D2A,S163P,-2.11,0.801993727684021
s669,cb,gnn_global,123,5OAQ,Y429H,2.99,0.35103610157966614
s669,cb,gnn_global,2024,1BFM,M35W,0.7,0.4403829276561737
s669,cb,gnn_global,2024,1BFM,M35Y,0.4,0.38397061824798584
s669,cb,gnn_global,2024,1D5G,H71Y,0.04,0.7461100220680237
s669,cb,gnn_global,2024,1D5G,I20F,-0.91,1.042885661125183
s669,cb,gnn_global,2024,1EKG,L198C,1.0,1.0466750860214233
s669,cb,gnn_global,2024,1EKG,L200C,2.0,1.067452073097229
s669,cb,gnn_global,2024,1EKG,L203C,-1.0,1.0054692029953003
s669,cb,gnn_global,2024,1EKG,S181F,2.6,0.7602851390838623
s669,cb,gnn_global,2024,1FRD,H42R,-4.0,0.7336400151252747
s669,cb,gnn_global,2024,1FXA,E94D,1.1,0.8178513646125793
s669,cb,gnn_global,2024,1FXA,E94K,0.4,0.7528375387191772
s669,cb,gnn_global,2024,1FXA,E94Q,-0.6,0.7436144948005676
s669,cb,gnn_global,2024,1FXA,E95K,-1.0,0.6096436977386475
s669,cb,gnn_global,2024,1FXA,F65A,1.0,0.9749729037284851
s669,cb,gnn_global,2024,1FXA,F65I,0.9,0.8479467034339905
s669,cb,gnn_global,2024,1FXA,F65W,0.6,1.0149706602096558
s669,cb,gnn_global,2024,1FXA,F65Y,0.5,0.9524138569831848
s669,cb,gnn_global,2024,1FXA,R42A,2.4,0.8643506169319153
s669,cb,gnn_global,2024,1FXA,R42H,1.4,0.9797784686088562
s669,cb,gnn_global,2024,1FXA,T48A,-0.1,0.8182126879692078
s669,cb,gnn_global,2024,1GLU,C500A,1.22,1.3849244117736816
s669,cb,gnn_global,2024,1GUA,A118G,1.963,0.5753233432769775
s669,cb,gnn_global,2024,1GUA,A118L,1.951,0.42493829131126404
s669,cb,gnn_global,2024,1GUA,A85G,2.149,0.6813632845878601
s669,cb,gnn_global,2024,1GUA,A97G,0.863,0.646455705165863
s669,cb,gnn_global,2024,1GUA,C81A,-0.283,0.5549615025520325
s669,cb,gnn_global,2024,1GUA,C81I,0.912,0.3993608057498932
s669,cb,gnn_global,2024,1GUA,C95A,0.08,0.5575522780418396
s669,cb,gnn_global,2024,1GUA,C96A,1.759,0.7262415289878845
s669,cb,gnn_global,2024,1GUA,C96L,0.043,0.5828465223312378
s669,cb,gnn_global,2024,1GUA,C96M,0.337,0.6680915951728821
s669,cb,gnn_global,2024,1GUA,D117A,0.706,0.2844262421131134
s669,cb,gnn_global,2024,1GUA,D129A,0.855,0.4998861253261566
s669,cb,gnn_global,2024,1GUA,D80A,0.493,0.29301783442497253
s669,cb,gnn_global,2024,1GUA,E104A,-0.021,0.1698702573776245
s669,cb,gnn_global,2024,1GUA,E124A,0.101,0.39533260464668274
s669,cb,gnn_global,2024,1GUA,E125A,0.591,0.4086824357509613
s669,cb,gnn_global,2024,1GUA,I58A,3.274,0.8644534945487976
s669,cb,gnn_global,2024,1GUA,I58F,1.2990000000000002,0.7611074447631836
s669,cb,gnn_global,2024,1GUA,I58L,0.7709999999999999,0.7231394052505493
s669,cb,gnn_global,2024,1GUA,K109A,0.327,0.3430887758731842
s669,cb,gnn_global,2024,1GUA,L112A,2.593,0.6640325784683228
s669,cb,gnn_global,2024,1GUA,L121A,2.5340000000000003,0.747359037399292
s669,cb,gnn_global,2024,1GUA,L126A,3.405,0.7795488238334656
s669,cb,gnn_global,2024,1GUA,L62A,3.46,0.7414368987083435
s669,cb,gnn_global,2024,1GUA,L78A,3.803,0.715350866317749
s669,cb,gnn_global,2024,1GUA,L82A,3.529,0.8390066027641296
s669,cb,gnn_global,2024,1GUA,L82I,1.6,0.6513136625289917
s669,cb,gnn_global,2024,1GUA,L82V,1.7,0.7506081461906433
s669,cb,gnn_global,2024,1GUA,L86A,3.2260000000000004,0.8493838906288147
s669,cb,gnn_global,2024,1GUA,L91A,1.575,0.7885840535163879
s669,cb,gnn_global,2024,1GUA,M76A,0.961,0.5048336982727051
s669,cb,gnn_global,2024,1GUA,N56M,-0.271,0.28031960129737854
s669,cb,gnn_global,2024,1GUA,N64A,1.14,0.28917181491851807
s669,cb,gnn_global,2024,1GUA,P63A,1.7080000000000002,0.40030592679977417
s669,cb,gnn_global,2024,1GUA,P93A,0.0819999999999999,0.42095717787742615
s669,cb,gnn_global,2024,1GUA,Q66A,0.504,0.3265891671180725
s669,cb,gnn_global,2024,1GUA,R100A,0.693,0.43937811255455017
s669,cb,gnn_global,2024,1GUA,R59A,-0.178,0.464316189289093
s669,cb,gnn_global,2024,1GUA,R89L,-1.078,0.3570561110973358
s669,cb,gnn_global,2024,1GUA,S77A,1.5730000000000002,0.3641842305660248
s669,cb,gnn_global,2024,1GUA,S77T,-0.581,0.3999454081058502
s669,cb,gnn_global,2024,1GUA,T68A,0.109,0.5709854960441589
s669,cb,gnn_global,2024,1GUA,V128A,3.3680000000000003,0.8026444911956787
s669,cb,gnn_global,2024,1GUA,V60A,2.251,0.8059462904930115
s669,cb,gnn_global,2024,1GUA,V69A,1.116,0.6240231394767761
s669,cb,gnn_global,2024,1GUA,V70A,1.77,0.7046006321907043
s669,cb,gnn_global,2024,1GUA,V72A,1.052,0.6780149936676025
s669,cb,gnn_global,2024,1GUA,V72I,0.8640000000000001,0.505659282207489
s669,cb,gnn_global,2024,1GUA,V98A,1.981,0.8124197125434875
s669,cb,gnn_global,2024,1H0X,P18A,1.936,0.11712578684091568
s669,cb,gnn_global,2024,1H0X,P62A,2.5810000000000004,0.1558234691619873
s669,cb,gnn_global,2024,1HCQ,C67A,2.09,1.3881282806396484
s669,cb,gnn_global,2024,1HCQ,C67S,1.99,1.4940837621688843
s669,cb,gnn_global,2024,1IOJ,G15A,-0.4,1.1717233657836914
s669,cb,gnn_global,2024,1IV7,A173C,-0.5,0.3727356493473053
s669,cb,gnn_global,2024,1IV7,F189C,2.5,0.373119056224823
s669,cb,gnn_global,2024,1IV7,L162C,1.9,0.49053648114204407
s669,cb,gnn_global,2024,1IV9,S76Y,-4.299,0.11859948933124542
s669,cb,gnn_global,2024,1J8I,K25A,-0.1,0.7555935978889465
s669,cb,gnn_global,2024,1J8I,K66A,-0.1,0.7414023280143738
s669,cb,gnn_global,2024,1J8I,R23A,-0.8,0.8419638276100159
s669,cb,gnn_global,2024,1J8I,R35A,0.1,0.842494785785675
s669,cb,gnn_global,2024,1J8I,R43A,-0.7,0.7388402223587036
s669,cb,gnn_global,2024,1J8I,R9A,0.1,0.741872251033783
s669,cb,gnn_global,2024,1JL9,A25C,1.44,1.0158170461654663
s669,cb,gnn_global,2024,1L6H,F39A,1.6969999999999998,1.4558837413787842
s669,cb,gnn_global,2024,1L6H,Y45A,0.55,1.1135051250457764
s669,cb,gnn_global,2024,1L6H,Y48A,1.482,1.080364465713501
s669,cb,gnn_global,2024,1N88,F21A,1.39,0.6756442189216614
s669,cb,gnn_global,2024,1N88,I39A,1.39,0.8626804947853088
s669,cb,gnn_global,2024,1N88,I80A,2.79,0.8101300597190857
s669,cb,gnn_global,2024,1N88,I89A,2.35,0.8406025767326355
s669,cb,gnn_global,2024,1N88,I8V,1.52,0.7896953225135803
s669,cb,gnn_global,2024,1N88,L13A,1.52,0.7610562443733215
s669,cb,gnn_global,2024,1N88,L57A,1.11,0.5894880890846252
s669,cb,gnn_global,2024,1N88,V12A,1.94,0.7321156859397888
s669,cb,gnn_global,2024,1N88,V30A,2.84,0.7724190950393677
s669,cb,gnn_global,2024,1N88,V43A,2.82,0.8384068608283997
s669,cb,gnn_global,2024,1N88,V49A,2.83,0.7030375003814697
s669,cb,gnn_global,2024,1N88,V51A,3.24,0.7151353359222412
s669,cb,gnn_global,2024,1N88,V54A,3.73,0.6803794503211975
s669,cb,gnn_global,2024,1N88,V81A,2.82,0.8146959543228149
s669,cb,gnn_global,2024,1N88,V83A,3.1,0.7226759791374207
s669,cb,gnn_global,2024,1N88,Y18A,-0.06,0.6205392479896545
s669,cb,gnn_global,2024,1N88,Y26A,4.61,0.7774192094802856
s669,cb,gnn_global,2024,1O6X,A31G,1.2,0.4192529022693634
s669,cb,gnn_global,2024,1O6X,A50G,1.4,0.5459381341934204
s669,cb,gnn_global,2024,1O6X,D38A,-0.36,0.25798603892326355
s669,cb,gnn_global,2024,1O6X,E14A,0.3,0.4745282530784607
s669,cb,gnn_global,2024,1O6X,E20G,1.42,0.11395268887281418
s669,cb,gnn_global,2024,1O6X,F39L,1.88,0.48410388827323914
s669,cb,gnn_global,2024,1O6X,F65A,0.98,0.6217187643051147
s669,cb,gnn_global,2024,1O6X,H51A,0.61,0.39037033915519714
s669,cb,gnn_global,2024,1O6X,I15V,0.43,0.7523766160011292
s669,cb,gnn_global,2024,1O6X,I23V,-0.42,0.417260080575943
s669,cb,gnn_global,2024,1O6X,I71V,1.31,0.5797412395477295
s669,cb,gnn_global,2024,1O6X,I75A,1.31,0.7045722007751465
s669,cb,gnn_global,2024,1O6X,K41A,1.98,0.3230758309364319
s669,cb,gnn_global,2024,1O6X,L26V,0.97,0.6100207567214966
s669,cb,gnn_global,2024,1O6X,N58A,0.08,0.4990741014480591
s669,cb,gnn_global,2024,1O6X,Q60G,0.49,0.48534056544303894
s669,cb,gnn_global,2024,1O6X,V12A,1.1,0.6784559488296509
s669,cb,gnn_global,2024,1O6X,V52A,1.08,0.6584572792053223
s669,cb,gnn_global,2024,1O6X,V64G,1.1,0.6273830533027649
s669,cb,gnn_global,2024,1O6X,Y73L,2.78,0.46038761734962463
s669,cb,gnn_global,2024,1R6R,I88N,0.13,0.29940077662467957
s669,cb,gnn_global,2024,1R6R,L50S,2.81,0.594327449798584
s669,cb,gnn_global,2024,1R6R,L54S,0.24,0.6905096173286438
s669,cb,gnn_global,2024,1R6R,L81N,6.84,0.4150385558605194
s669,cb,gnn_global,2024,2BJD,V84D,4.493,0.5756794810295105
s669,cb,gnn_global,2024,2BJD,V84P,4.517,0.5640332698822021
s669,cb,gnn_global,2024,2BJD,Y86E,2.103,0.41265928745269775
s669,cb,gnn_global,2024,2C9Q,Y79F,0.012,1.6980717182159424
s669,cb,gnn_global,2024,2C9Q,Y79W,1.233,1.8544440269470215
s669,cb,gnn_global,2024,2CLR,H13F,-0.12,0.5568463206291199
s669,cb,gnn_global,2024,2CLR,H31F,-2.605,0.6115787029266357
s669,cb,gnn_global,2024,2CLR,H51F,1.912,0.557146430015564
s669,cb,gnn_global,2024,2CLR,H84A,2.629,0.704833984375
s669,cb,gnn_global,2024,2DVV,Q443H,-0.89,0.9658230543136597
s669,cb,gnn_global,2024,2DVV,R419W,0.02,0.9375918507575989
s669,cb,gnn_global,2024,2HBB,A22G,0.32,0.23896875977516174
s669,cb,gnn_global,2024,2HBB,A26G,1.79,0.5396718382835388
s669,cb,gnn_global,2024,2HBB,A36G,1.55,0.7513624429702759
s669,cb,gnn_global,2024,2HBB,A39G,1.59,0.6648788452148438
s669,cb,gnn_global,2024,2HBB,A42G,0.33,0.518213152885437
s669,cb,gnn_global,2024,2HBB,A46G,0.55,0.6152421236038208
s669,cb,gnn_global,2024,2HBB,A49G,0.22,0.44042810797691345
s669,cb,gnn_global,2024,2HBB,D23A,0.03,0.04145476222038269
s669,cb,gnn_global,2024,2HBB,D23N,0.79,0.12308524549007416
s669,cb,gnn_global,2024,2HBB,D8A,1.3,-0.2680019438266754
s669,cb,gnn_global,2024,2HBB,D8N,0.38,-0.20395731925964355
s669,cb,gnn_global,2024,2HBB,E17A,1.69,0.06978773325681686
s669,cb,gnn_global,2024,2HBB,E17Q,0.33,0.22651135921478271
s669,cb,gnn_global,2024,2HBB,E38A,0.41,0.4576188921928406
s669,cb,gnn_global,2024,2HBB,E38Q,0.68,0.5249296426773071
s669,cb,gnn_global,2024,2HBB,E48Q,-0.07,0.38712477684020996
s669,cb,gnn_global,2024,2HBB,F31A,2.84,0.7212579846382141
s669,cb,gnn_global,2024,2HBB,F5L,1.15,0.5512219071388245
s669,cb,gnn_global,2024,2HBB,G24A,-0.02,0.2334950566291809
s669,cb,gnn_global,2024,2HBB,G34A,1.02,0.5051462650299072
s669,cb,gnn_global,2024,2HBB,I18A,2.05,0.762109100818634
s669,cb,gnn_global,2024,2HBB,I18V,0.07,0.5815572738647461
s669,cb,gnn_global,2024,2HBB,I37A,1.28,0.9487991333007812
s669,cb,gnn_global,2024,2HBB,I37V,-0.09,0.7852188944816589
s669,cb,gnn_global,2024,2HBB,I4V,0.59,0.8997109532356262
s669,cb,gnn_global,2024,2HBB,K10E,-0.13,-0.010321207344532013
s669,cb,gnn_global,2024,2HBB,K10M,-0.47,-0.13601285219192505
s669,cb,gnn_global,2024,2HBB,K12A,-0.61,0.012374699115753174
s669,cb,gnn_global,2024,2HBB,K12G,-0.03,0.07292994111776352
s669,cb,gnn_global,2024,2HBB,K12M,-1.8,0.03356625884771347
s669,cb,gnn_global,2024,2HBB,K14A,0.73,-0.08355502039194107
s669,cb,gnn_global,2024,2HBB,K14G,1.3,-0.027855172753334045
s669,cb,gnn_global,2024,2HBB,K14M,0.34,-0.04210171848535538
s669,cb,gnn_global,2024,2HBB,K15G,1.74,0.11193162947893143
s669,cb,gnn_global,2024,2HBB,K15M,0.44,0.06605977565050125
s669,cb,gnn_global,2024,2HBB,K7M,-0.21,0.18162494897842407
s669,cb,gnn_global,2024,2HBB,L30A,2.76,0.8289772272109985
s669,cb,gnn_global,2024,2HBB,L35A,1.21,0.7409162521362305
s669,cb,gnn_global,2024,2HBB,L44A,1.73,0.8891469836235046
s669,cb,gnn_global,2024,2HBB,L47A,0.84,0.8028851747512817
s669,cb,gnn_global,2024,2HBB,L6A,3.1,0.6815863251686096
s669,cb,gnn_global,2024,2HBB,M1A,1.46,0.4893600344657898
s669,cb,gnn_global,2024,2HBB,T40S,0.8,0.5770424008369446
s669,cb,gnn_global,2024,2HBB,V21A,2.33,0.6268531680107117
s669,cb,gnn_global,2024,2HBB,V3A,2.55,0.8046182990074158
s669,cb,gnn_global,2024,2HBB,V9A,1.81,0.3746885657310486
s669,cb,gnn_global,2024,2JUC,C57D,2.54,1.2166006565093994
s669,cb,gnn_global,2024,2JUC,C57S,0.71,1.015706181526184
s669,cb,gnn_global,2024,2JUC,R18A,1.75,0.9345552325248718
s669,cb,gnn_global,2024,2KJ3,D288A,-1.2,0.029081106185913086
s669,cb,gnn_global,2024,2KJ3,E272A,-1.9,0.019136391580104828
s669,cb,gnn_global,2024,2KJ3,G278A,0.8,0.3051965534687042
s669,cb,gnn_global,2024,2KJ3,K229A,-1.5,0.13842158019542694
s669,cb,gnn_global,2024,2KJ3,L241A,-1.0,0.5269595980644226
s669,cb,gnn_global,2024,2KJ3,S273A,-1.4,0.22572386264801025
s669,cb,gnn_global,2024,2KJ3,V239A,-1.0,0.5631974935531616
s669,cb,gnn_global,2024,2KJ3,V264A,-1.0,0.3781990706920624
s669,cb,gnn_global,2024,2KJ3,V267A,-0.2,0.5182107090950012
s669,cb,gnn_global,2024,2MPC,A89T,0.24,0.36673635244369507
s669,cb,gnn_global,2024,2MPC,R42A,-0.62,0.014920122921466827
s669,cb,gnn_global,2024,2MPC,R42W,-2.08,0.00856442004442215
s669,cb,gnn_global,2024,2N7Z,P88A,0.6,0.48675498366355896
s669,cb,gnn_global,2024,2OUO,A420D,-0.44,1.1645550727844238
s669,cb,gnn_global,2024,2PTL,A22G,2.43,0.8267907500267029
s669,cb,gnn_global,2024,2PTL,A27P,-0.1,0.6291500926017761
s669,cb,gnn_global,2024,2PTL,A27V,0.83,0.384664386510849
s669,cb,gnn_global,2024,2PTL,A34G,2.17,0.7315239906311035
s669,cb,gnn_global,2024,2PTL,A34V,-1.47,0.6008862257003784
s669,cb,gnn_global,2024,2PTL,A43G,2.54,0.6337069869041443
s669,cb,gnn_global,2024,2PTL,A47G,3.1,0.7765502333641052
s669,cb,gnn_global,2024,2PTL,A49G,1.32,0.5826311707496643
s669,cb,gnn_global,2024,2PTL,A51G,3.12,0.7368559837341309
s669,cb,gnn_global,2024,2PTL,A66G,0.49,0.49713245034217834
s669,cb,gnn_global,2024,2PTL,D52A,1.21,0.3603375554084778
s669,cb,gnn_global,2024,2PTL,D52G,2.14,0.37237805128097534
s669,cb,gnn_global,2024,2PTL,D64A,0.2,0.44703418016433716
s669,cb,gnn_global,2024,2PTL,E35A,0.59,0.43453845381736755
s669,cb,gnn_global,2024,2PTL,E46G,1.19,0.4681752026081085
s669,cb,gnn_global,2024,2PTL,E46I,1.08,0.30638042092323303
s669,cb,gnn_global,2024,2PTL,E60A,0.23,0.2950788736343384
s669,cb,gnn_global,2024,2PTL,F26A,3.12,0.734232485294342
s669,cb,gnn_global,2024,2PTL,F26L,0.68,0.5960565209388733
s669,cb,gnn_global,2024,2PTL,F36A,4.15,0.7849461436271667
s669,cb,gnn_global,2024,2PTL,F36L,3.12,0.6522433757781982
s669,cb,gnn_global,2024,2PTL,F40G,3.08,0.6815951466560364
s669,cb,gnn_global,2024,2PTL,F40L,0.38,0.5582287311553955
s669,cb,gnn_global,2024,2PTL,F76L,3.34,0.6277548670768738
s669,cb,gnn_global,2024,2PTL,F76V,3.73,0.654274046421051
s669,cb,gnn_global,2024,2PTL,G29A,1.52,0.4288857877254486
s669,cb,gnn_global,2024,2PTL,G29V,2.53,0.3313648998737335
s669,cb,gnn_global,2024,2PTL,G38A,2.08,0.5289143919944763
s669,cb,gnn_global,2024,2PTL,G59A,2.23,0.38625064492225647
s669,cb,gnn_global,2024,2PTL,G69A,2.04,0.4229123294353485
s669,cb,gnn_global,2024,2PTL,I20A,4.9,0.9162403345108032
s669,cb,gnn_global,2024,2PTL,I20V,0.56,0.7670131325721741
s669,cb,gnn_global,2024,2PTL,I25A,1.37,0.798681914806366
s669,cb,gnn_global,2024,2PTL,I25V,0.47,0.7170177102088928
s669,cb,gnn_global,2024,2PTL,I74A,4.72,1.0199356079101562
s669,cb,gnn_global,2024,2PTL,I74V,1.69,0.9121491312980652
s669,cb,gnn_global,2024,2PTL,K21A,0.92,0.5375785231590271
s669,cb,gnn_global,2024,2PTL,K37A,0.88,0.45807382464408875
s669,cb,gnn_global,2024,2PTL,K42G,-0.16,0.438774973154068
s669,cb,gnn_global,2024,2PTL,K55A,-0.58,0.2863750159740448
s669,cb,gnn_global,2024,2PTL,K56A,-0.35,0.1856127679347992
s669,cb,gnn_global,2024,2PTL,K68A,0.09,0.24402877688407898
s669,cb,gnn_global,2024,2PTL,K75A,0.45,0.5417158603668213
s669,cb,gnn_global,2024,2PTL,L24A,3.12,0.8931136727333069
s669,cb,gnn_global,2024,2PTL,L54A,2.44,0.6513957381248474
s669,cb,gnn_global,2024,2PTL,L72A,3.77,0.8943021297454834
s669,cb,gnn_global,2024,2PTL,N23A,1.87,0.6433660984039307
s669,cb,gnn_global,2024,2PTL,N28A,1.78,0.363972932100296
s669,cb,gnn_global,2024,2PTL,N58A,0.34,0.40931224822998047
s669,cb,gnn_global,2024,2PTL,N73A,1.73,0.5404811501502991
s669,cb,gnn_global,2024,2PTL,S30A,0.3,0.40900781750679016
s669,cb,gnn_global,2024,2PTL,S45A,-0.41,0.4494362473487854
s669,cb,gnn_global,2024,2PTL,S45G,0.82,0.4602949917316437
s669,cb,gnn_global,2024,2PTL,T19A,1.63,0.4588147699832916
s669,cb,gnn_global,2024,2PTL,T31A,1.17,0.5074439644813538
s669,cb,gnn_global,2024,2PTL,T33A,1.11,0.5552423596382141
s669,cb,gnn_global,2024,2PTL,T39A,1.25,0.44355085492134094
s669,cb,gnn_global,2024,2PTL,T44A,1.09,0.5943869352340698
s669,cb,gnn_global,2024,2PTL,T53G,0.17,0.45423391461372375
s669,cb,gnn_global,2024,2PTL,T62A,0.97,0.4901142120361328
s669,cb,gnn_global,2024,2PTL,T71A,1.83,0.560791015625
s669,cb,gnn_global,2024,2PTL,V18A,1.22,0.685067892074585
s669,cb,gnn_global,2024,2PTL,V63A,0.92,0.7190331816673279
s669,cb,gnn_global,2024,2PTL,V65A,1.14,0.6096150279045105
s669,cb,gnn_global,2024,2PTL,Y48A,2.82,0.7122023105621338
s669,cb,gnn_global,2024,2PTL,Y50A,2.46,0.7224220633506775
s669,cb,gnn_global,2024,2PTL,Y70A,1.66,0.5707558989524841
s669,cb,gnn_global,2024,2PTL,Y70L,-0.43,0.4495612680912018
s669,cb,gnn_global,2024,2RPN,E7L,-1.05,0.7247700095176697
s669,cb,gnn_global,2024,2RPN,V21K,-0.39,1.2784013748168945
s669,cb,gnn_global,2024,2WQG,D15A,-0.3,0.7404887676239014
s669,cb,gnn_global,2024,2WQG,D38A,-0.1,0.3458520472049713
s669,cb,gnn_global,2024,2WQG,D39A,2.2,0.2615371346473694
s669,cb,gnn_global,2024,2WQG,D39N,2.6,0.35977840423583984
s669,cb,gnn_global,2024,2WQG,E40Q,0.1,0.4505780339241028
s669,cb,gnn_global,2024,2WQG,E41G,0.4,0.23972487449645996
s669,cb,gnn_global,2024,2WQG,I36A,0.9,0.9262702465057373
s669,cb,gnn_global,2024,2WQG,I36V,0.3,0.7573463320732117
s669,cb,gnn_global,2024,2WQG,K14A,0.4,1.000115156173706
s669,cb,gnn_global,2024,2WQG,K14G,1.9,1.055102825164795
s669,cb,gnn_global,2024,2WQG,K19A,0.3,0.6190428733825684
s669,cb,gnn_global,2024,2WQG,K28A,0.6,0.7332984805107117
s669,cb,gnn_global,2024,2WQG,L13A,0.5,1.5192337036132812
s669,cb,gnn_global,2024,2WQG,L16A,1.3,1.2072067260742188
s669,cb,gnn_global,2024,2WQG,L8A,2.0,1.1080549955368042
s669,cb,gnn_global,2024,2WQG,Q12A,0.6,1.0346970558166504
s669,cb,gnn_global,2024,2WQG,Q12G,2.0,1.0337615013122559
s669,cb,gnn_global,2024,2WQG,Q33A,-0.1,0.5944990515708923
s669,cb,gnn_global,2024,2WQG,R34A,0.8,0.6989361047744751
s669,cb,gnn_global,2024,2WQG,S23A,0.6,0.738677442073822
s669,cb,gnn_global,2024,2WQG,S6A,-0.1,0.5991432070732117
s669,cb,gnn_global,2024,2WQG,S6G,0.2,0.6013287901878357
s669,cb,gnn_global,2024,2WQG,T9S,-0.1,1.0100797414779663
s669,cb,gnn_global,2024,2WQG,V10A,0.1,1.2133538722991943
s669,cb,gnn_global,2024,2WQG,V10G,0.7,1.2382313013076782
s669,cb,gnn_global,2024,2WQG,V11A,-0.4,1.1765364408493042
s669,cb,gnn_global,2024,2WQG,V11G,-0.1,1.1991835832595825
s669,cb,gnn_global,2024,2WQG,V24A,0.5,1.1527035236358643
s669,cb,gnn_global,2024,2WQG,Y5F,2.4,0.7996731400489807
s669,cb,gnn_global,2024,2ZTA,E11Q,0.74,0.39243730902671814
s669,cb,gnn_global,2024,2ZTA,E20Q,-0.2,0.37613749504089355
s669,cb,gnn_global,2024,2ZTA,E22Q,1.83,0.4610467851161957
s669,cb,gnn_global,2024,2ZTA,K15A,0.41,0.25909578800201416
s669,cb,gnn_global,2024,2ZTA,K27A,0.91,0.6847321391105652
s669,cb,gnn_global,2024,2ZTA,K28A,0.06,0.6873212456703186
s669,cb,gnn_global,2024,2ZTA,K8A,0.39,0.10907726734876633
s669,cb,gnn_global,2024,2ZTA,R25A,1.66,0.6751025319099426
s669,cb,gnn_global,2024,3BN0,I20V,1.506,0.40242937207221985
s669,cb,gnn_global,2024,3C2I,F155S,-0.43,1.0365878343582153
s669,cb,gnn_global,2024,3C2I,T158A,-0.47,0.6899355053901672
s669,cb,gnn_global,2024,3C2I,T158M,-0.25,0.7154086232185364
s669,cb,gnn_global,2024,3FIS,P61A,0.5,0.374293714761734
s669,cb,gnn_global,2024,3G1G,D155Y,-0.34,0.6583823561668396
s669,cb,gnn_global,2024,3G1G,F167Y,0.74,1.143797516822815
s669,cb,gnn_global,2024,3G1G,I190V,0.17,1.1856260299682617
s669,cb,gnn_global,2024,3G1G,R185W,-1.32,1.0664215087890625
s669,cb,gnn_global,2024,3K82,E334L,3.35,0.15801963210105896
s669,cb,gnn_global,2024,3K82,E334Q,1.68,0.31514427065849304
s669,cb,gnn_global,2024,3K82,E401R,-5.49,0.31592950224876404
s669,cb,gnn_global,2024,3MON,R39G,-1.194,0.28598150610923767
s669,cb,gnn_global,2024,3MON,W3C,2.866,-0.008739493787288666
s669,cb,gnn_global,2024,3O39,L32P,3.25,0.8547123670578003
s669,cb,gnn_global,2024,3S92,H395R,-2.03,0.816791832447052
s669,cb,gnn_global,2024,4N6V,H75W,-0.574,0.07383783161640167
s669,cb,gnn_global,2024,4N6V,P36G,1.362,0.09383126348257065
s669,cb,gnn_global,2024,4N6V,P79S,-1.745,0.1513463258743286
s669,cb,gnn_global,2024,4YEE,V134T,0.71,0.5375577211380005
s669,cb,gnn_global,2024,4YEF,T134V,0.93,0.19426964223384857
s669,cb,gnn_global,2024,5JXB,D329G,1.44,0.13776671886444092
s669,cb,gnn_global,2024,5JXB,D329P,1.44,0.19249969720840454
s669,cb,gnn_global,2024,1A0F,S11A,1.8,0.6888174414634705
s669,cb,gnn_global,2024,1A7V,A104H,2.69,1.0131078958511353
s669,cb,gnn_global,2024,1A7V,A66H,1.98,0.9640600681304932
s669,cb,gnn_global,2024,1A7V,A91H,1.7,1.1008498668670654
s669,cb,gnn_global,2024,1A7V,D3H,1.36,0.8416252732276917
s669,cb,gnn_global,2024,1A7V,D58H,2.05,0.813556969165802
s669,cb,gnn_global,2024,1A7V,E73H,3.01,0.8202614784240723
s669,cb,gnn_global,2024,1A7V,K13H,0.6,0.9091958403587341
s669,cb,gnn_global,2024,1A7V,K20H,2.88,0.9773195385932922
s669,cb,gnn_global,2024,1A7V,K31H,1.36,0.8693236708641052
s669,cb,gnn_global,2024,1A7V,K39H,1.86,1.0287665128707886
s669,cb,gnn_global,2024,1A7V,K49H,2.02,0.9942678213119507
s669,cb,gnn_global,2024,1A7V,K84H,2.88,1.0289908647537231
s669,cb,gnn_global,2024,1A7V,K97H,1.97,0.8744915127754211
s669,cb,gnn_global,2024,1BNL,D76A,0.821,0.6215277910232544
s669,cb,gnn_global,2024,1DIV,D23A,0.46,0.22834840416908264
s669,cb,gnn_global,2024,1DIV,D23N,0.58,0.2607978284358978
s669,cb,gnn_global,2024,1DIV,D8N,0.3,0.15692397952079773
s669,cb,gnn_global,2024,1DIV,E100A,0.98,0.29905691742897034
s669,cb,gnn_global,2024,1DIV,E100G,1.52,0.3120792806148529
s669,cb,gnn_global,2024,1DIV,E17Q,0.21,0.2854993939399719
s669,cb,gnn_global,2024,1DIV,E38Q,0.56,0.38318148255348206
s669,cb,gnn_global,2024,1DIV,E48Q,-0.03,0.33166036009788513
s669,cb,gnn_global,2024,1DIV,E54Q,-0.33,0.24660161137580872
s669,cb,gnn_global,2024,1DIV,H106Q,1.53,0.411265105009079
s669,cb,gnn_global,2024,1DIV,I115A,3.52,0.45403599739074707
s669,cb,gnn_global,2024,1DIV,I4A,2.22,0.6785473823547363
s669,cb,gnn_global,2024,1DIV,I4V,0.59,0.5927439332008362
s669,cb,gnn_global,2024,1DIV,I79A,3.49,0.6081138849258423
s669,cb,gnn_global,2024,1DIV,I93A,3.19,0.6284757256507874
s669,cb,gnn_global,2024,1DIV,I98A,4.28,0.6240481734275818
s669,cb,gnn_global,2024,1DIV,K10M,-0.05,0.09646130353212357
s669,cb,gnn_global,2024,1DIV,K14M,-0.01,0.19381067156791687
s669,cb,gnn_global,2024,1DIV,K15M,0.31,0.1739387810230255
s669,cb,gnn_global,2024,1DIV,K7M,-0.35,0.21229588985443115
s669,cb,gnn_global,2024,1DIV,K96A,-0.61,0.2930229902267456
s669,cb,gnn_global,2024,1DIV,K96G,0.2,0.3120141923427582
s669,cb,gnn_global,2024,1DIV,L102A,2.37,0.5617589950561523
s669,cb,gnn_global,2024,1DIV,L108A,2.33,0.43827566504478455
s669,cb,gnn_global,2024,1DIV,L110A,3.21,0.39804720878601074
s669,cb,gnn_global,2024,1DIV,L117A,0.82,0.48662468791007996
s669,cb,gnn_global,2024,1DIV,L30A,2.76,0.5566486120223999
s669,cb,gnn_global,2024,1DIV,L30V,3.62,0.4973544180393219
s669,cb,gnn_global,2024,1DIV,L6A,3.1,0.4392414391040802
s669,cb,gnn_global,2024,1DIV,L6I,0.13,0.3346549868583679
s669,cb,gnn_global,2024,1DIV,L6V,0.41,0.37631461024284363
s669,cb,gnn_global,2024,1DIV,L72A,3.77,0.34956300258636475
s669,cb,gnn_global,2024,1DIV,M1A,1.46,0.3994954824447632
s669,cb,gnn_global,2024,1DIV,M1G,2.36,0.4081454277038574
s669,cb,gnn_global,2024,1DIV,V21A,2.33,0.45751795172691345
s669,cb,gnn_global,2024,1DIV,V21I,0.4,0.35665103793144226
s669,cb,gnn_global,2024,1DIV,V21L,1.23,0.37404513359069824
s669,cb,gnn_global,2024,1DIV,V3A,2.55,0.5564712882041931
s669,cb,gnn_global,2024,1DIV,V3I,0.31,0.42345383763313293
s669,cb,gnn_global,2024,1DIV,V3L,2.21,0.4518025517463684
s669,cb,gnn_global,2024,1DXX,K18N,3.7,-0.018297836184501648
s669,cb,gnn_global,2024,1FH5,S18N,-0.6,1.0477313995361328
s669,cb,gnn_global,2024,1FT8,L212V,1.38,0.7468479871749878
s669,cb,gnn_global,2024,1FT8,L238I,0.35,0.6635987758636475
s669,cb,gnn_global,2024,1FT8,M216L,-0.27,0.6379857063293457
s669,cb,gnn_global,2024,1GWY,A8D,1.6,0.6280683875083923
s669,cb,gnn_global,2024,1ITM,C24T,3.3,0.25697848200798035
s669,cb,gnn_global,2024,1ITM,C3T,5.0,0.1660546213388443
s669,cb,gnn_global,2024,1ITM,W91S,-1.4,0.2330886423587799
s669,cb,gnn_global,2024,1JLV,E64D,1.162,0.5671886205673218
s669,cb,gnn_global,2024,1JLV,E64N,2.3040000000000003,0.5266638398170471
s669,cb,gnn_global,2024,1JLV,E64Q,2.302,0.5209485292434692
s669,cb,gnn_global,2024,1LVM,E106G,-1.4,0.06684909015893936
s669,cb,gnn_global,2024,1LVM,K45F,-0.43,0.20066696405410767
s669,cb,gnn_global,2024,1LVM,L56V,-0.0,0.42315325140953064
s669,cb,gnn_global,2024,1LVM,Q58F,-0.6,0.2818331718444824
s669,cb,gnn_global,2024,1N18,E100G,2.5,0.8953853845596313
s669,cb,gnn_global,2024,1N18,G85R,1.4,1.063570261001587
s669,cb,gnn_global,2024,1N18,H46R,-1.4,1.119003176689148
s669,cb,gnn_global,2024,1O1U,E110A,3.3,0.14815407991409302
s669,cb,gnn_global,2024,1O1U,N61A,1.2,0.1617582142353058
s669,cb,gnn_global,2024,1O1U,Q51A,0.3,0.14939427375793457
s669,cb,gnn_global,2024,1O1U,Q99A,-0.3,0.19766104221343994
s669,cb,gnn_global,2024,1O1U,T38A,1.2,0.21872827410697937
s669,cb,gnn_global,2024,1O1U,W49Y,1.2,0.2038252353668213
s669,cb,gnn_global,2024,1OSI,I11V,0.05,0.7814298868179321
s669,cb,gnn_global,2024,1OSI,S92F,-0.39,0.7968688607215881
s669,cb,gnn_global,2024,1OSI,V15I,0.78,0.8471706509590149
s669,cb,gnn_global,2024,1PFL,A20T,1.53,1.1311745643615723
s669,cb,gnn_global,2024,1PFL,G117V,1.96,0.7837610840797424
s669,cb,gnn_global,2024,1PFL,M113T,3.53,1.1359729766845703
s669,cb,gnn_global,2024,1PFL,T108M,-0.07,0.9062932133674622
s669,cb,gnn_global,2024,1PRG,Q286P,0.3,0.41554296016693115
s669,cb,gnn_global,2024,1PRG,R288H,-0.06,0.39727091789245605
s669,cb,gnn_global,2024,1PRG,V290M,-0.03,0.4258371591567993
s669,cb,gnn_global,2024,1SPD,C111S,-0.8,1.1070269346237183
s669,cb,gnn_global,2024,1SPD,C6A,-0.1,1.1165809631347656
s669,cb,gnn_global,2024,1XWS,E124Q,2.9,0.5485659241676331
s669,cb,gnn_global,2024,1XWS,E135K,4.59,0.5475037097930908
s669,cb,gnn_global,2024,1XWS,E142D,3.22,0.5891346335411072
s669,cb,gnn_global,2024,1XWS,Y53H,3.3,0.8639010787010193
s669,cb,gnn_global,2024,1XXN,N32D,0.86,0.5213966965675354
s669,cb,gnn_global,2024,1XXN,N54E,0.645,0.537061333656311
s669,cb,gnn_global,2024,1XXN,S22E,-0.239,0.4386247396469116
s669,cb,gnn_global,2024,1XXN,S27E,0.645,0.5522450804710388
s669,cb,gnn_global,2024,1XZO,F42W,-2.87,0.8059737086296082
s669,cb,gnn_global,2024,1XZO,W101F,2.89,0.7288686633110046
s669,cb,gnn_global,2024,1XZO,W36A,8.93,0.7638325691223145
s669,cb,gnn_global,2024,1XZO,W36F,4.25,0.7020763754844666
s669,cb,gnn_global,2024,2ARF,H1069Q,0.7170000000000001,1.0731440782546997
s669,cb,gnn_global,2024,2H3F,E12A,-1.07,0.5195047855377197
s669,cb,gnn_global,2024,2JIE,H104R,-1.536,0.587591290473938
s669,cb,gnn_global,2024,2JIE,Q22S,0.209,0.4948098361492157
s669,cb,gnn_global,2024,2JIE,S17A,1.246,0.4929583966732025
s669,cb,gnn_global,2024,2JIE,S19A,-0.951,0.5166149735450745
s669,cb,gnn_global,2024,2JIE,T18A,0.994,0.5173449516296387
s669,cb,gnn_global,2024,2JIE,W123F,-2.19,0.4455699622631073
s669,cb,gnn_global,2024,2JIE,W123H,-1.06,0.5668039917945862
s669,cb,gnn_global,2024,2JIE,Y21A,3.443,0.5573620200157166
s669,cb,gnn_global,2024,2KS4,D9A,-1.26,0.48851093649864197
s669,cb,gnn_global,2024,2KS4,E2A,0.23,0.49360552430152893
s669,cb,gnn_global,2024,2LTB,L558P,1.57,0.6740146279335022
s669,cb,gnn_global,2024,2LTB,L569R,3.11,0.8061887621879578
s669,cb,gnn_global,2024,2LTB,M619K,3.34,0.5166667699813843
s669,cb,gnn_global,2024,2LTB,R533Q,1.1,0.42879992723464966
s669,cb,gnn_global,2024,2LTB,R555Q,0.36,0.4817750155925751
s669,cb,gnn_global,2024,2LTB,R555W,-1.79,0.3855632245540619
s669,cb,gnn_global,2024,2M5S,D302A,4.0,0.843675434589386
s669,cb,gnn_global,2024,2M5S,H305A,2.0,0.9377897381782532
s669,cb,gnn_global,2024,2NTE,R658C,2.3,0.24148613214492798
s669,cb,gnn_global,2024,2PR5,A33Y,-0.5,0.3897339701652527
s669,cb,gnn_global,2024,2PR5,A81M,0.4,0.5128909349441528
s669,cb,gnn_global,2024,2PR5,D109E,-0.3,0.4688034653663635
s669,cb,gnn_global,2024,2PR5,H22K,-0.3,0.33047109842300415
s669,cb,gnn_global,2024,2PR5,H22W,-1.2,0.29856163263320923
s669,cb,gnn_global,2024,2PR5,M111F,-2.9,0.43124377727508545
s669,cb,gnn_global,2024,2PR5,N107F,-0.9,0.4119398295879364
s669,cb,gnn_global,2024,2PR5,N107Y,-0.8,0.4609193503856659
s669,cb,gnn_global,2024,2PR5,N124F,-1.1,0.3664727807044983
s669,cb,gnn_global,2024,2PR5,N124Y,-2.6,0.4088834524154663
s669,cb,gnn_global,2024,2PR5,T30M,-0.5,0.5116283297538757
s669,cb,gnn_global,2024,2PR5,T50M,0.5,0.4457411468029022
s669,cb,gnn_global,2024,2PR5,T54Y,-0.2,0.42086538672447205
s669,cb,gnn_global,2024,2PR5,V120I,-1.4,0.5425395965576172
s669,cb,gnn_global,2024,2PR5,V25I,-0.4,0.48184841871261597
s669,cb,gnn_global,2024,2PR5,V88L,0.2,0.5598489046096802
s669,cb,gnn_global,2024,2PR5,V90I,0.7,0.5216010212898254
s669,cb,gnn_global,2024,2VY0,E53A,6.597,0.2621336281299591
s669,cb,gnn_global,2024,3BCI,E96Q,-1.369,0.6535165309906006
s669,cb,gnn_global,2024,3D3B,D118A,0.65,0.09845802187919617
s669,cb,gnn_global,2024,3D3B,D118E,0.6,0.15674594044685364
s669,cb,gnn_global,2024,3D3B,D118K,1.6,0.13518378138542175
s669,cb,gnn_global,2024,3D3B,D118N,1.34,0.12472742050886154
s669,cb,gnn_global,2024,3D3B,D118R,1.41,0.12641751766204834
s669,cb,gnn_global,2024,3ECU,H46R,-0.8,1.0905108451843262
s669,cb,gnn_global,2024,3S4M,D122Y,1.3,0.6237308979034424
s669,cb,gnn_global,2024,3S4M,G130V,2.5,0.8191121220588684
s669,cb,gnn_global,2024,3S4M,I154F,-0.096,0.9610457420349121
s669,cb,gnn_global,2024,3S4M,W155R,0.693,0.9370847344398499
s669,cb,gnn_global,2024,4BJX,A89V,-0.99,0.4219631552696228
s669,cb,gnn_global,2024,4BUQ,Y48A,1.435,0.9082387685775757
s669,cb,gnn_global,2024,4WAA,K65A,-0.1,0.5006679892539978
s669,cb,gnn_global,2024,4WAA,K67A,2.07,0.6044830083847046
s669,cb,gnn_global,2024,4WAA,R27A,0.44,0.40100178122520447
s669,cb,gnn_global,2024,5VP3,R39K,-0.413,0.7674195766448975
s669,cb,gnn_global,2024,1BA3,H461D,1.745,0.44928330183029175
s669,cb,gnn_global,2024,1BA3,H489D,-0.287,0.40663817524909973
s669,cb,gnn_global,2024,1BA3,H489K,0.287,0.3888773024082184
s669,cb,gnn_global,2024,1BA3,H489M,0.263,0.3726988136768341
s669,cb,gnn_global,2024,1DIV,V129A,1.81,0.2888142168521881
s669,cb,gnn_global,2024,1F8I,F345A,0.455,0.4450145661830902
s669,cb,gnn_global,2024,1FT8,L349I,-0.05,0.6106421947479248
s669,cb,gnn_global,2024,1LVM,S135G,-0.0,0.2329317033290863
s669,cb,gnn_global,2024,1NM1,D187N,0.88,0.4739207923412323
s669,cb,gnn_global,2024,1NM1,D187Y,1.9,0.45333579182624817
s669,cb,gnn_global,2024,1PRE,C159S,2.4,0.4229210913181305
s669,cb,gnn_global,2024,1R2Y,R244E,4.2,0.678028404712677
s669,cb,gnn_global,2024,1XXN,N181R,-0.358,0.48377034068107605
s669,cb,gnn_global,2024,3D2A,M134E,-3.02,0.5876397490501404
s669,cb,gnn_global,2024,3D2A,M137P,-3.34,0.6935209035873413
s669,cb,gnn_global,2024,3D2A,S163P,-2.11,0.4996609389781952
s669,cb,gnn_global,2024,5OAQ,Y429H,2.99,0.10534892231225967
s669,cb,gnn_local,42,1BFM,M35W,0.7,0.899669885635376
s669,cb,gnn_local,42,1BFM,M35Y,0.4,1.2159770727157593
s669,cb,gnn_local,42,1D5G,H71Y,0.04,1.0543975830078125
s669,cb,gnn_local,42,1D5G,I20F,-0.91,1.3200372457504272
s669,cb,gnn_local,42,1EKG,L198C,1.0,1.408801555633545
s669,cb,gnn_local,42,1EKG,L200C,2.0,1.65876042842865
s669,cb,gnn_local,42,1EKG,L203C,-1.0,1.5681276321411133
s669,cb,gnn_local,42,1EKG,S181F,2.6,0.6713010668754578
s669,cb,gnn_local,42,1FRD,H42R,-4.0,0.567833423614502
s669,cb,gnn_local,42,1FXA,E94D,1.1,1.392512321472168
s669,cb,gnn_local,42,1FXA,E94K,0.4,1.0997426509857178
s669,cb,gnn_local,42,1FXA,E94Q,-0.6,1.329190731048584
s669,cb,gnn_local,42,1FXA,E95K,-1.0,0.418305367231369
s669,cb,gnn_local,42,1FXA,F65A,1.0,1.287198543548584
s669,cb,gnn_local,42,1FXA,F65I,0.9,0.479281485080719
s669,cb,gnn_local,42,1FXA,F65W,0.6,1.194587230682373
s669,cb,gnn_local,42,1FXA,F65Y,0.5,1.5452967882156372
s669,cb,gnn_local,42,1FXA,R42A,2.4,0.5362989902496338
s669,cb,gnn_local,42,1FXA,R42H,1.4,0.9430111646652222
s669,cb,gnn_local,42,1FXA,T48A,-0.1,0.7506592273712158
s669,cb,gnn_local,42,1GLU,C500A,1.22,1.9320498704910278
s669,cb,gnn_local,42,1GUA,A118G,1.963,1.6457016468048096
s669,cb,gnn_local,42,1GUA,A118L,1.951,0.8714487552642822
s669,cb,gnn_local,42,1GUA,A85G,2.149,1.2372674942016602
s669,cb,gnn_local,42,1GUA,A97G,0.863,0.8801894783973694
s669,cb,gnn_local,42,1GUA,C81A,-0.283,1.594214677810669
s669,cb,gnn_local,42,1GUA,C81I,0.912,0.8829957842826843
s669,cb,gnn_local,42,1GUA,C95A,0.08,0.7742865085601807
s669,cb,gnn_local,42,1GUA,C96A,1.759,1.574070692062378
s669,cb,gnn_local,42,1GUA,C96L,0.043,0.9446898698806763
s669,cb,gnn_local,42,1GUA,C96M,0.337,1.2126545906066895
s669,cb,gnn_local,42,1GUA,D117A,0.706,0.2772272527217865
s669,cb,gnn_local,42,1GUA,D129A,0.855,0.10934743285179138
s669,cb,gnn_local,42,1GUA,D80A,0.493,0.3472437560558319
s669,cb,gnn_local,42,1GUA,E104A,-0.021,0.19717225432395935
s669,cb,gnn_local,42,1GUA,E124A,0.101,0.34903064370155334
s669,cb,gnn_local,42,1GUA,E125A,0.591,0.7447565197944641
s669,cb,gnn_local,42,1GUA,I58A,3.274,2.478660821914673
s669,cb,gnn_local,42,1GUA,I58F,1.2990000000000002,2.077528715133667
s669,cb,gnn_local,42,1GUA,I58L,0.7709999999999999,1.8574323654174805
s669,cb,gnn_local,42,1GUA,K109A,0.327,0.5668759346008301
s669,cb,gnn_local,42,1GUA,L112A,2.593,1.3415257930755615
s669,cb,gnn_local,42,1GUA,L121A,2.5340000000000003,1.9154572486877441
s669,cb,gnn_local,42,1GUA,L126A,3.405,2.0544533729553223
s669,cb,gnn_local,42,1GUA,L62A,3.46,1.9020005464553833
s669,cb,gnn_local,42,1GUA,L78A,3.803,1.7479881048202515
s669,cb,gnn_local,42,1GUA,L82A,3.529,2.033625602722168
s669,cb,gnn_local,42,1GUA,L82I,1.6,1.2912766933441162
s669,cb,gnn_local,42,1GUA,L82V,1.7,1.7430495023727417
s669,cb,gnn_local,42,1GUA,L86A,3.2260000000000004,1.8486164808273315
s669,cb,gnn_local,42,1GUA,L91A,1.575,1.770300269126892
s669,cb,gnn_local,42,1GUA,M76A,0.961,1.30811607837677
s669,cb,gnn_local,42,1GUA,N56M,-0.271,0.014375690370798111
s669,cb,gnn_local,42,1GUA,N64A,1.14,0.32156577706336975
s669,cb,gnn_local,42,1GUA,P63A,1.7080000000000002,0.6568941473960876
s669,cb,gnn_local,42,1GUA,P93A,0.0819999999999999,0.9237546920776367
s669,cb,gnn_local,42,1GUA,Q66A,0.504,0.5965001583099365
s669,cb,gnn_local,42,1GUA,R100A,0.693,0.8309803605079651
s669,cb,gnn_local,42,1GUA,R59A,-0.178,0.7864130735397339
s669,cb,gnn_local,42,1GUA,R89L,-1.078,0.18214407563209534
s669,cb,gnn_local,42,1GUA,S77A,1.5730000000000002,0.7347121238708496
s669,cb,gnn_local,42,1GUA,S77T,-0.581,0.8755773901939392
s669,cb,gnn_local,42,1GUA,T68A,0.109,0.9395437240600586
s669,cb,gnn_local,42,1GUA,V128A,3.3680000000000003,1.8771677017211914
s669,cb,gnn_local,42,1GUA,V60A,2.251,2.1895434856414795
s669,cb,gnn_local,42,1GUA,V69A,1.116,1.3454136848449707
s669,cb,gnn_local,42,1GUA,V70A,1.77,1.650975227355957
s669,cb,gnn_local,42,1GUA,V72A,1.052,1.989199161529541
s669,cb,gnn_local,42,1GUA,V72I,0.8640000000000001,1.2254860401153564
s669,cb,gnn_local,42,1GUA,V98A,1.981,1.7882928848266602
s669,cb,gnn_local,42,1H0X,P18A,1.936,-0.06755056977272034
s669,cb,gnn_local,42,1H0X,P62A,2.5810000000000004,0.35486748814582825
s669,cb,gnn_local,42,1HCQ,C67A,2.09,2.0254554748535156
s669,cb,gnn_local,42,1HCQ,C67S,1.99,2.261059522628784
s669,cb,gnn_local,42,1IOJ,G15A,-0.4,1.5182627439498901
s669,cb,gnn_local,42,1IV7,A173C,-0.5,1.4351627826690674
s669,cb,gnn_local,42,1IV7,F189C,2.5,1.6527099609375
s669,cb,gnn_local,42,1IV7,L162C,1.9,1.7432589530944824
s669,cb,gnn_local,42,1IV9,S76Y,-4.299,0.6983107328414917
s669,cb,gnn_local,42,1J8I,K25A,-0.1,0.9017868041992188
s669,cb,gnn_local,42,1J8I,K66A,-0.1,1.0499838590621948
s669,cb,gnn_local,42,1J8I,R23A,-0.8,0.5971189141273499
s669,cb,gnn_local,42,1J8I,R35A,0.1,0.6977548599243164
s669,cb,gnn_local,42,1J8I,R43A,-0.7,0.3709060847759247
s669,cb,gnn_local,42,1J8I,R9A,0.1,0.18691031634807587
s669,cb,gnn_local,42,1JL9,A25C,1.44,0.23489335179328918
s669,cb,gnn_local,42,1L6H,F39A,1.6969999999999998,2.5162718296051025
s669,cb,gnn_local,42,1L6H,Y45A,0.55,1.8450307846069336
s669,cb,gnn_local,42,1L6H,Y48A,1.482,1.3844091892242432
s669,cb,gnn_local,42,1N88,F21A,1.39,1.6915892362594604
s669,cb,gnn_local,42,1N88,I39A,1.39,2.6393628120422363
s669,cb,gnn_local,42,1N88,I80A,2.79,1.7099651098251343
s669,cb,gnn_local,42,1N88,I89A,2.35,2.2379541397094727
s669,cb,gnn_local,42,1N88,I8V,1.52,2.059234380722046
s669,cb,gnn_local,42,1N88,L13A,1.52,1.3431081771850586
s669,cb,gnn_local,42,1N88,L57A,1.11,0.9040352702140808
s669,cb,gnn_local,42,1N88,V12A,1.94,1.1459357738494873
s669,cb,gnn_local,42,1N88,V30A,2.84,1.8990211486816406
s669,cb,gnn_local,42,1N88,V43A,2.82,2.346372127532959
s669,cb,gnn_local,42,1N88,V49A,2.83,1.5218313932418823
s669,cb,gnn_local,42,1N88,V51A,3.24,1.6276521682739258
s669,cb,gnn_local,42,1N88,V54A,3.73,1.3949593305587769
s669,cb,gnn_local,42,1N88,V81A,2.82,2.2206811904907227
s669,cb,gnn_local,42,1N88,V83A,3.1,1.9117724895477295
s669,cb,gnn_local,42,1N88,Y18A,-0.06,1.151554822921753
s669,cb,gnn_local,42,1N88,Y26A,4.61,2.002662420272827
s669,cb,gnn_local,42,1O6X,A31G,1.2,0.6919097304344177
s669,cb,gnn_local,42,1O6X,A50G,1.4,1.4659082889556885
s669,cb,gnn_local,42,1O6X,D38A,-0.36,0.19830018281936646
s669,cb,gnn_local,42,1O6X,E14A,0.3,0.34858620166778564
s669,cb,gnn_local,42,1O6X,E20G,1.42,0.5606912970542908
s669,cb,gnn_local,42,1O6X,F39L,1.88,0.8054547309875488
s669,cb,gnn_local,42,1O6X,F65A,0.98,1.4686901569366455
s669,cb,gnn_local,42,1O6X,H51A,0.61,0.6837544441223145
s669,cb,gnn_local,42,1O6X,I15V,0.43,1.9767776727676392
s669,cb,gnn_local,42,1O6X,I23V,-0.42,1.5060560703277588
s669,cb,gnn_local,42,1O6X,I71V,1.31,1.444930076599121
s669,cb,gnn_local,42,1O6X,I75A,1.31,1.2595937252044678
s669,cb,gnn_local,42,1O6X,K41A,1.98,0.5550233125686646
s669,cb,gnn_local,42,1O6X,L26V,0.97,1.5531408786773682
s669,cb,gnn_local,42,1O6X,N58A,0.08,0.7680366039276123
s669,cb,gnn_local,42,1O6X,Q60G,0.49,0.6349204778671265
s669,cb,gnn_local,42,1O6X,V12A,1.1,1.2498486042022705
s669,cb,gnn_local,42,1O6X,V52A,1.08,1.5957634449005127
s669,cb,gnn_local,42,1O6X,V64G,1.1,1.6364707946777344
s669,cb,gnn_local,42,1O6X,Y73L,2.78,0.13068769872188568
s669,cb,gnn_local,42,1R6R,I88N,0.13,1.556281566619873
s669,cb,gnn_local,42,1R6R,L50S,2.81,1.5955462455749512
s669,cb,gnn_local,42,1R6R,L54S,0.24,1.5072743892669678
s669,cb,gnn_local,42,1R6R,L81N,6.84,1.5937730073928833
s669,cb,gnn_local,42,2BJD,V84D,4.493,1.7047789096832275
s669,cb,gnn_local,42,2BJD,V84P,4.517,1.4169049263000488
s669,cb,gnn_local,42,2BJD,Y86E,2.103,1.1567018032073975
s669,cb,gnn_local,42,2C9Q,Y79F,0.012,1.9051315784454346
s669,cb,gnn_local,42,2C9Q,Y79W,1.233,2.0231101512908936
s669,cb,gnn_local,42,2CLR,H13F,-0.12,0.5952147245407104
s669,cb,gnn_local,42,2CLR,H31F,-2.605,0.5838088393211365
s669,cb,gnn_local,42,2CLR,H51F,1.912,0.3803264796733856
s669,cb,gnn_local,42,2CLR,H84A,2.629,1.2802159786224365
s669,cb,gnn_local,42,2DVV,Q443H,-0.89,1.1463046073913574
s669,cb,gnn_local,42,2DVV,R419W,0.02,0.4993027448654175
s669,cb,gnn_local,42,2HBB,A22G,0.32,0.5522787570953369
s669,cb,gnn_local,42,2HBB,A26G,1.79,1.6570627689361572
s669,cb,gnn_local,42,2HBB,A36G,1.55,1.4478766918182373
s669,cb,gnn_local,42,2HBB,A39G,1.59,1.0648024082183838
s669,cb,gnn_local,42,2HBB,A42G,0.33,0.7442480325698853
s669,cb,gnn_local,42,2HBB,A46G,0.55,1.1037992238998413
s669,cb,gnn_local,42,2HBB,A49G,0.22,0.7243251204490662
s669,cb,gnn_local,42,2HBB,D23A,0.03,0.11709138751029968
s669,cb,gnn_local,42,2HBB,D23N,0.79,0.4110378623008728
s669,cb,gnn_local,42,2HBB,D8A,1.3,0.14907106757164001
s669,cb,gnn_local,42,2HBB,D8N,0.38,0.2877506911754608
s669,cb,gnn_local,42,2HBB,E17A,1.69,0.1993747353553772
s669,cb,gnn_local,42,2HBB,E17Q,0.33,0.3820652961730957
s669,cb,gnn_local,42,2HBB,E38A,0.41,0.46631306409835815
s669,cb,gnn_local,42,2HBB,E38Q,0.68,0.8712613582611084
s669,cb,gnn_local,42,2HBB,E48Q,-0.07,0.42090824246406555
s669,cb,gnn_local,42,2HBB,F31A,2.84,1.2737228870391846
s669,cb,gnn_local,42,2HBB,F5L,1.15,1.1574854850769043
s669,cb,gnn_local,42,2HBB,G24A,-0.02,0.21016675233840942
s669,cb,gnn_local,42,2HBB,G34A,1.02,0.21584434807300568
s669,cb,gnn_local,42,2HBB,I18A,2.05,0.9461119771003723
s669,cb,gnn_local,42,2HBB,I18V,0.07,0.5665265321731567
s669,cb,gnn_local,42,2HBB,I37A,1.28,1.3181416988372803
s669,cb,gnn_local,42,2HBB,I37V,-0.09,1.0545921325683594
s669,cb,gnn_local,42,2HBB,I4V,0.59,1.3599119186401367
s669,cb,gnn_local,42,2HBB,K10E,-0.13,0.3428365886211395
s669,cb,gnn_local,42,2HBB,K10M,-0.47,-0.1579771637916565
s669,cb,gnn_local,42,2HBB,K12A,-0.61,0.4531850218772888
s669,cb,gnn_local,42,2HBB,K12G,-0.03,0.6150647401809692
s669,cb,gnn_local,42,2HBB,K12M,-1.8,0.285896360874176
s669,cb,gnn_local,42,2HBB,K14A,0.73,0.34184330701828003
s669,cb,gnn_local,42,2HBB,K14G,1.3,0.5109983682632446
s669,cb,gnn_local,42,2HBB,K14M,0.34,0.17671583592891693
s669,cb,gnn_local,42,2HBB,K15G,1.74,0.39717477560043335
s669,cb,gnn_local,42,2HBB,K15M,0.44,0.012493576854467392
s669,cb,gnn_local,42,2HBB,K7M,-0.21,0.1608121395111084
s669,cb,gnn_local,42,2HBB,L30A,2.76,1.7404146194458008
s669,cb,gnn_local,42,2HBB,L35A,1.21,1.1514052152633667
s669,cb,gnn_local,42,2HBB,L44A,1.73,1.3963377475738525
s669,cb,gnn_local,42,2HBB,L47A,0.84,1.4185370206832886
s669,cb,gnn_local,42,2HBB,L6A,3.1,1.0409443378448486
s669,cb,gnn_local,42,2HBB,M1A,1.46,0.6550811529159546
s669,cb,gnn_local,42,2HBB,T40S,0.8,0.2707725167274475
s669,cb,gnn_local,42,2HBB,V21A,2.33,1.2767772674560547
s669,cb,gnn_local,42,2HBB,V3A,2.55,1.4888767004013062
s669,cb,gnn_local,42,2HBB,V9A,1.81,1.223280906677246
s669,cb,gnn_local,42,2JUC,C57D,2.54,1.6687421798706055
s669,cb,gnn_local,42,2JUC,C57S,0.71,1.292130708694458
s669,cb,gnn_local,42,2JUC,R18A,1.75,0.5171043872833252
s669,cb,gnn_local,42,2KJ3,D288A,-1.2,0.27482596039772034
s669,cb,gnn_local,42,2KJ3,E272A,-1.9,0.42307037115097046
s669,cb,gnn_local,42,2KJ3,G278A,0.8,0.7684276103973389
s669,cb,gnn_local,42,2KJ3,K229A,-1.5,0.27510184049606323
s669,cb,gnn_local,42,2KJ3,L241A,-1.0,1.2130073308944702
s669,cb,gnn_local,42,2KJ3,S273A,-1.4,1.11785888671875
s669,cb,gnn_local,42,2KJ3,V239A,-1.0,1.4926685094833374
s669,cb,gnn_local,42,2KJ3,V264A,-1.0,1.4474616050720215
s669,cb,gnn_local,42,2KJ3,V267A,-0.2,1.7565065622329712
s669,cb,gnn_local,42,2MPC,A89T,0.24,1.1037168502807617
s669,cb,gnn_local,42,2MPC,R42A,-0.62,0.16542719304561615
s669,cb,gnn_local,42,2MPC,R42W,-2.08,-0.017732281237840652
s669,cb,gnn_local,42,2N7Z,P88A,0.6,0.48527902364730835
s669,cb,gnn_local,42,2OUO,A420D,-0.44,1.719010353088379
s669,cb,gnn_local,42,2PTL,A22G,2.43,1.7618780136108398
s669,cb,gnn_local,42,2PTL,A27P,-0.1,1.0505601167678833
s669,cb,gnn_local,42,2PTL,A27V,0.83,0.21693497896194458
s669,cb,gnn_local,42,2PTL,A34G,2.17,1.2941513061523438
s669,cb,gnn_local,42,2PTL,A34V,-1.47,0.7348366975784302
s669,cb,gnn_local,42,2PTL,A43G,2.54,1.8049262762069702
s669,cb,gnn_local,42,2PTL,A47G,3.1,1.852081298828125
s669,cb,gnn_local,42,2PTL,A49G,1.32,0.766472578048706
s669,cb,gnn_local,42,2PTL,A51G,3.12,1.584363579750061
s669,cb,gnn_local,42,2PTL,A66G,0.49,0.5776472091674805
s669,cb,gnn_local,42,2PTL,D52A,1.21,0.027013327926397324
s669,cb,gnn_local,42,2PTL,D52G,2.14,0.1958116888999939
s669,cb,gnn_local,42,2PTL,D64A,0.2,0.17235088348388672
s669,cb,gnn_local,42,2PTL,E35A,0.59,0.2632167637348175
s669,cb,gnn_local,42,2PTL,E46G,1.19,0.5783454179763794
s669,cb,gnn_local,42,2PTL,E46I,1.08,-0.0672050267457962
s669,cb,gnn_local,42,2PTL,E60A,0.23,0.3033146858215332
s669,cb,gnn_local,42,2PTL,F26A,3.12,1.472555160522461
s669,cb,gnn_local,42,2PTL,F26L,0.68,0.7736642956733704
s669,cb,gnn_local,42,2PTL,F36A,4.15,1.4022417068481445
s669,cb,gnn_local,42,2PTL,F36L,3.12,1.0778636932373047
s669,cb,gnn_local,42,2PTL,F40G,3.08,1.736142873764038
s669,cb,gnn_local,42,2PTL,F40L,0.38,1.0240757465362549
s669,cb,gnn_local,42,2PTL,F76L,3.34,1.2365978956222534
s669,cb,gnn_local,42,2PTL,F76V,3.73,1.4119092226028442
s669,cb,gnn_local,42,2PTL,G29A,1.52,-0.0988558828830719
s669,cb,gnn_local,42,2PTL,G29V,2.53,-0.37365344166755676
s669,cb,gnn_local,42,2PTL,G38A,2.08,1.1684304475784302
s669,cb,gnn_local,42,2PTL,G59A,2.23,0.5373230576515198
s669,cb,gnn_local,42,2PTL,G69A,2.04,0.13691005110740662
s669,cb,gnn_local,42,2PTL,I20A,4.9,2.1675641536712646
s669,cb,gnn_local,42,2PTL,I20V,0.56,1.8632652759552002
s669,cb,gnn_local,42,2PTL,I25A,1.37,1.2825373411178589
s669,cb,gnn_local,42,2PTL,I25V,0.47,0.9318715333938599
s669,cb,gnn_local,42,2PTL,I74A,4.72,1.9943100214004517
s669,cb,gnn_local,42,2PTL,I74V,1.69,1.7298529148101807
s669,cb,gnn_local,42,2PTL,K21A,0.92,1.0885276794433594
s669,cb,gnn_local,42,2PTL,K37A,0.88,0.9778252840042114
s669,cb,gnn_local,42,2PTL,K42G,-0.16,0.9973143935203552
s669,cb,gnn_local,42,2PTL,K55A,-0.58,0.5215827822685242
s669,cb,gnn_local,42,2PTL,K56A,-0.35,0.045974668115377426
s669,cb,gnn_local,42,2PTL,K68A,0.09,-0.16844719648361206
s669,cb,gnn_local,42,2PTL,K75A,0.45,0.4173777103424072
s669,cb,gnn_local,42,2PTL,L24A,3.12,1.692366600036621
s669,cb,gnn_local,42,2PTL,L54A,2.44,1.2276263236999512
s669,cb,gnn_local,42,2PTL,L72A,3.77,1.9491808414459229
s669,cb,gnn_local,42,2PTL,N23A,1.87,0.9478517174720764
s669,cb,gnn_local,42,2PTL,N28A,1.78,-0.1692374050617218
s669,cb,gnn_local,42,2PTL,N58A,0.34,0.8735891580581665
s669,cb,gnn_local,42,2PTL,N73A,1.73,0.36374160647392273
s669,cb,gnn_local,42,2PTL,S30A,0.3,0.09870080649852753
s669,cb,gnn_local,42,2PTL,S45A,-0.41,0.4420611560344696
s669,cb,gnn_local,42,2PTL,S45G,0.82,0.7498529553413391
s669,cb,gnn_local,42,2PTL,T19A,1.63,0.6419901847839355
s669,cb,gnn_local,42,2PTL,T31A,1.17,0.34709399938583374
s669,cb,gnn_local,42,2PTL,T33A,1.11,0.3705925941467285
s669,cb,gnn_local,42,2PTL,T39A,1.25,0.551906943321228
s669,cb,gnn_local,42,2PTL,T44A,1.09,0.9062973260879517
s669,cb,gnn_local,42,2PTL,T53G,0.17,0.3706830143928528
s669,cb,gnn_local,42,2PTL,T62A,0.97,-0.0014461986720561981
s669,cb,gnn_local,42,2PTL,T71A,1.83,0.813531219959259
s669,cb,gnn_local,42,2PTL,V18A,1.22,1.656449317932129
s669,cb,gnn_local,42,2PTL,V63A,0.92,0.8661732077598572
s669,cb,gnn_local,42,2PTL,V65A,1.14,0.6816667914390564
s669,cb,gnn_local,42,2PTL,Y48A,2.82,0.9894099235534668
s669,cb,gnn_local,42,2PTL,Y50A,2.46,1.0036308765411377
s669,cb,gnn_local,42,2PTL,Y70A,1.66,1.169370412826538
s669,cb,gnn_local,42,2PTL,Y70L,-0.43,0.6144592761993408
s669,cb,gnn_local,42,2RPN,E7L,-1.05,0.2599765658378601
s669,cb,gnn_local,42,2RPN,V21K,-0.39,1.4190891981124878
s669,cb,gnn_local,42,2WQG,D15A,-0.3,0.7067309617996216
s669,cb,gnn_local,42,2WQG,D38A,-0.1,0.9839064478874207
s669,cb,gnn_local,42,2WQG,D39A,2.2,1.0991820096969604
s669,cb,gnn_local,42,2WQG,D39N,2.6,1.2740271091461182
s669,cb,gnn_local,42,2WQG,E40Q,0.1,1.2811546325683594
s669,cb,gnn_local,42,2WQG,E41G,0.4,1.1624603271484375
s669,cb,gnn_local,42,2WQG,I36A,0.9,2.054835796356201
s669,cb,gnn_local,42,2WQG,I36V,0.3,1.697601079940796
s669,cb,gnn_local,42,2WQG,K14A,0.4,1.0461879968643188
s669,cb,gnn_local,42,2WQG,K14G,1.9,1.2020201683044434
s669,cb,gnn_local,42,2WQG,K19A,0.3,0.6321078538894653
s669,cb,gnn_local,42,2WQG,K28A,0.6,0.9659335017204285
s669,cb,gnn_local,42,2WQG,L13A,0.5,2.454195261001587
s669,cb,gnn_local,42,2WQG,L16A,1.3,1.7074155807495117
s669,cb,gnn_local,42,2WQG,L8A,2.0,1.7402153015136719
s669,cb,gnn_local,42,2WQG,Q12A,0.6,0.8240088820457458
s669,cb,gnn_local,42,2WQG,Q12G,2.0,0.9667853116989136
s669,cb,gnn_local,42,2WQG,Q33A,-0.1,0.9702414274215698
s669,cb,gnn_local,42,2WQG,R34A,0.8,1.2613528966903687
s669,cb,gnn_local,42,2WQG,S23A,0.6,0.7243229746818542
s669,cb,gnn_local,42,2WQG,S6A,-0.1,0.5605742931365967
s669,cb,gnn_local,42,2WQG,S6G,0.2,0.6961942911148071
s669,cb,gnn_local,42,2WQG,T9S,-0.1,0.7197787761688232
s669,cb,gnn_local,42,2WQG,V10A,0.1,1.382910966873169
s669,cb,gnn_local,42,2WQG,V10G,0.7,1.6270575523376465
s669,cb,gnn_local,42,2WQG,V11A,-0.4,1.2774591445922852
s669,cb,gnn_local,42,2WQG,V11G,-0.1,1.5477612018585205
s669,cb,gnn_local,42,2WQG,V24A,0.5,1.4527888298034668
s669,cb,gnn_local,42,2WQG,Y5F,2.4,1.0464115142822266
s669,cb,gnn_local,42,2ZTA,E11Q,0.74,0.7190820574760437
s669,cb,gnn_local,42,2ZTA,E20Q,-0.2,0.5289051532745361
s669,cb,gnn_local,42,2ZTA,E22Q,1.83,0.5607095956802368
s669,cb,gnn_local,42,2ZTA,K15A,0.41,0.5412628054618835
s669,cb,gnn_local,42,2ZTA,K27A,0.91,0.4046972990036011
s669,cb,gnn_local,42,2ZTA,K28A,0.06,0.29012206196784973
s669,cb,gnn_local,42,2ZTA,K8A,0.39,0.8611752986907959
s669,cb,gnn_local,42,2ZTA,R25A,1.66,0.5345196723937988
s669,cb,gnn_local,42,3BN0,I20V,1.506,1.8057622909545898
s669,cb,gnn_local,42,3C2I,F155S,-0.43,2.318006753921509
s669,cb,gnn_local,42,3C2I,T158A,-0.47,1.3179341554641724
s669,cb,gnn_local,42,3C2I,T158M,-0.25,0.9442516565322876
s669,cb,gnn_local,42,3FIS,P61A,0.5,0.5426924228668213
s669,cb,gnn_local,42,3G1G,D155Y,-0.34,-0.17746341228485107
s669,cb,gnn_local,42,3G1G,F167Y,0.74,2.151216745376587
s669,cb,gnn_local,42,3G1G,I190V,0.17,1.4746142625808716
s669,cb,gnn_local,42,3G1G,R185W,-1.32,0.6743062734603882
s669,cb,gnn_local,42,3K82,E334L,3.35,0.07452985644340515
s669,cb,gnn_local,42,3K82,E334Q,1.68,0.8245931267738342
s669,cb,gnn_local,42,3K82,E401R,-5.49,0.6414059996604919
s669,cb,gnn_local,42,3MON,R39G,-1.194,-0.2678765058517456
s669,cb,gnn_local,42,3MON,W3C,2.866,0.5430312156677246
s669,cb,gnn_local,42,3O39,L32P,3.25,1.7043042182922363
s669,cb,gnn_local,42,3S92,H395R,-2.03,1.215684413909912
s669,cb,gnn_local,42,4N6V,H75W,-0.574,0.09620983898639679
s669,cb,gnn_local,42,4N6V,P36G,1.362,0.42351824045181274
s669,cb,gnn_local,42,4N6V,P79S,-1.745,-0.18271009624004364
s669,cb,gnn_local,42,4YEE,V134T,0.71,1.507547378540039
s669,cb,gnn_local,42,4YEF,T134V,0.93,0.36810046434402466
s669,cb,gnn_local,42,5JXB,D329G,1.44,0.2754049599170685
s669,cb,gnn_local,42,5JXB,D329P,1.44,0.3073423206806183
s669,cb,gnn_local,42,1A0F,S11A,1.8,1.0638761520385742
s669,cb,gnn_local,42,1A7V,A104H,2.69,0.8695034980773926
s669,cb,gnn_local,42,1A7V,A66H,1.98,0.3565046489238739
s669,cb,gnn_local,42,1A7V,A91H,1.7,1.319624900817871
s669,cb,gnn_local,42,1A7V,D3H,1.36,0.62473064661026
s669,cb,gnn_local,42,1A7V,D58H,2.05,0.6353759169578552
s669,cb,gnn_local,42,1A7V,E73H,3.01,0.6324697136878967
s669,cb,gnn_local,42,1A7V,K13H,0.6,0.9144489765167236
s669,cb,gnn_local,42,1A7V,K20H,2.88,0.9584921598434448
s669,cb,gnn_local,42,1A7V,K31H,1.36,0.6809150576591492
s669,cb,gnn_local,42,1A7V,K39H,1.86,0.9570673704147339
s669,cb,gnn_local,42,1A7V,K49H,2.02,0.8783188462257385
s669,cb,gnn_local,42,1A7V,K84H,2.88,1.0472012758255005
s669,cb,gnn_local,42,1A7V,K97H,1.97,0.8243404626846313
s669,cb,gnn_local,42,1BNL,D76A,0.821,0.35052427649497986
s669,cb,gnn_local,42,1DIV,D23A,0.46,0.12135089933872223
s669,cb,gnn_local,42,1DIV,D23N,0.58,0.5013507604598999
s669,cb,gnn_local,42,1DIV,D8N,0.3,0.28698891401290894
s669,cb,gnn_local,42,1DIV,E100A,0.98,0.2037888765335083
s669,cb,gnn_local,42,1DIV,E100G,1.52,0.41380634903907776
s669,cb,gnn_local,42,1DIV,E17Q,0.21,0.46443042159080505
s669,cb,gnn_local,42,1DIV,E38Q,0.56,0.2682517170906067
s669,cb,gnn_local,42,1DIV,E48Q,-0.03,0.46062999963760376
s669,cb,gnn_local,42,1DIV,E54Q,-0.33,0.524412214756012
s669,cb,gnn_local,42,1DIV,H106Q,1.53,0.9176827669143677
s669,cb,gnn_local,42,1DIV,I115A,3.52,1.3429250717163086
s669,cb,gnn_local,42,1DIV,I4A,2.22,1.7136034965515137
s669,cb,gnn_local,42,1DIV,I4V,0.59,1.3462990522384644
s669,cb,gnn_local,42,1DIV,I79A,3.49,1.399766206741333
s669,cb,gnn_local,42,1DIV,I93A,3.19,1.4562714099884033
s669,cb,gnn_local,42,1DIV,I98A,4.28,2.067749500274658
s669,cb,gnn_local,42,1DIV,K10M,-0.05,-0.2199198305606842
s669,cb,gnn_local,42,1DIV,K14M,-0.01,0.26613250374794006
s669,cb,gnn_local,42,1DIV,K15M,0.31,0.13927260041236877
s669,cb,gnn_local,42,1DIV,K7M,-0.35,0.3592635691165924
s669,cb,gnn_local,42,1DIV,K96A,-0.61,0.1631854921579361
s669,cb,gnn_local,42,1DIV,K96G,0.2,0.42801234126091003
s669,cb,gnn_local,42,1DIV,L102A,2.37,1.6955814361572266
s669,cb,gnn_local,42,1DIV,L108A,2.33,0.8852054476737976
s669,cb,gnn_local,42,1DIV,L110A,3.21,1.0459260940551758
s669,cb,gnn_local,42,1DIV,L117A,0.82,1.0581623315811157
s669,cb,gnn_local,42,1DIV,L30A,2.76,1.7928686141967773
s669,cb,gnn_local,42,1DIV,L30V,3.62,1.4367245435714722
s669,cb,gnn_local,42,1DIV,L6A,3.1,1.209740400314331
s669,cb,gnn_local,42,1DIV,L6I,0.13,0.5421725511550903
s669,cb,gnn_local,42,1DIV,L6V,0.41,0.8014248609542847
s669,cb,gnn_local,42,1DIV,L72A,3.77,0.9184552431106567
s669,cb,gnn_local,42,1DIV,M1A,1.46,0.9309590458869934
s669,cb,gnn_local,42,1DIV,M1G,2.36,1.2814991474151611
s669,cb,gnn_local,42,1DIV,V21A,2.33,1.2187564373016357
s669,cb,gnn_local,42,1DIV,V21I,0.4,0.5195180773735046
s669,cb,gnn_local,42,1DIV,V21L,1.23,0.6676990985870361
s669,cb,gnn_local,42,1DIV,V3A,2.55,1.5049591064453125
s669,cb,gnn_local,42,1DIV,V3I,0.31,0.755731999874115
s669,cb,gnn_local,42,1DIV,V3L,2.21,0.9412694573402405
s669,cb,gnn_local,42,1DXX,K18N,3.7,0.9779270887374878
s669,cb,gnn_local,42,1FH5,S18N,-0.6,1.392621397972107
s669,cb,gnn_local,42,1FT8,L212V,1.38,1.3102421760559082
s669,cb,gnn_local,42,1FT8,L238I,0.35,0.5176064372062683
s669,cb,gnn_local,42,1FT8,M216L,-0.27,0.6469031572341919
s669,cb,gnn_local,42,1GWY,A8D,1.6,1.5198906660079956
s669,cb,gnn_local,42,1ITM,C24T,3.3,1.5481376647949219
s669,cb,gnn_local,42,1ITM,C3T,5.0,0.21017049252986908
s669,cb,gnn_local,42,1ITM,W91S,-1.4,0.7639929056167603
s669,cb,gnn_local,42,1JLV,E64D,1.162,0.20103971660137177
s669,cb,gnn_local,42,1JLV,E64N,2.3040000000000003,0.1762421876192093
s669,cb,gnn_local,42,1JLV,E64Q,2.302,0.2140285074710846
s669,cb,gnn_local,42,1LVM,E106G,-1.4,0.6899833083152771
s669,cb,gnn_local,42,1LVM,K45F,-0.43,0.2813872992992401
s669,cb,gnn_local,42,1LVM,L56V,-0.0,1.3201359510421753
s669,cb,gnn_local,42,1LVM,Q58F,-0.6,-0.009285662323236465
s669,cb,gnn_local,42,1N18,E100G,2.5,0.22137176990509033
s669,cb,gnn_local,42,1N18,G85R,1.4,1.0352869033813477
s669,cb,gnn_local,42,1N18,H46R,-1.4,1.4644557237625122
s669,cb,gnn_local,42,1O1U,E110A,3.3,0.4694417119026184
s669,cb,gnn_local,42,1O1U,N61A,1.2,0.7490519285202026
s669,cb,gnn_local,42,1O1U,Q51A,0.3,0.8621471524238586
s669,cb,gnn_local,42,1O1U,Q99A,-0.3,0.8019747734069824
s669,cb,gnn_local,42,1O1U,T38A,1.2,1.3270981311798096
s669,cb,gnn_local,42,1O1U,W49Y,1.2,1.263555884361267
s669,cb,gnn_local,42,1OSI,I11V,0.05,0.8254523277282715
s669,cb,gnn_local,42,1OSI,S92F,-0.39,0.647888720035553
s669,cb,gnn_local,42,1OSI,V15I,0.78,1.0320091247558594
s669,cb,gnn_local,42,1PFL,A20T,1.53,2.472609758377075
s669,cb,gnn_local,42,1PFL,G117V,1.96,0.6486770510673523
s669,cb,gnn_local,42,1PFL,M113T,3.53,2.720136880874634
s669,cb,gnn_local,42,1PFL,T108M,-0.07,0.9900596141815186
s669,cb,gnn_local,42,1PRG,Q286P,0.3,1.0501397848129272
s669,cb,gnn_local,42,1PRG,R288H,-0.06,1.0837424993515015
s669,cb,gnn_local,42,1PRG,V290M,-0.03,1.3671071529388428
s669,cb,gnn_local,42,1SPD,C111S,-0.8,1.1925928592681885
s669,cb,gnn_local,42,1SPD,C6A,-0.1,1.0092504024505615
s669,cb,gnn_local,42,1XWS,E124Q,2.9,0.98790442943573
s669,cb,gnn_local,42,1XWS,E135K,4.59,0.770790159702301
s669,cb,gnn_local,42,1XWS,E142D,3.22,1.2279596328735352
s669,cb,gnn_local,42,1XWS,Y53H,3.3,1.518665075302124
s669,cb,gnn_local,42,1XXN,N32D,0.86,0.6670238971710205
s669,cb,gnn_local,42,1XXN,N54E,0.645,0.6976278424263
s669,cb,gnn_local,42,1XXN,S22E,-0.239,0.8654089570045471
s669,cb,gnn_local,42,1XXN,S27E,0.645,1.665589451789856
s669,cb,gnn_local,42,1XZO,F42W,-2.87,1.2214231491088867
s669,cb,gnn_local,42,1XZO,W101F,2.89,0.9476940035820007
s669,cb,gnn_local,42,1XZO,W36A,8.93,0.8231321573257446
s669,cb,gnn_local,42,1XZO,W36F,4.25,0.4418897032737732
s669,cb,gnn_local,42,2ARF,H1069Q,0.7170000000000001,1.7506808042526245
s669,cb,gnn_local,42,2H3F,E12A,-1.07,0.4460628032684326
s669,cb,gnn_local,42,2JIE,H104R,-1.536,1.1349612474441528
s669,cb,gnn_local,42,2JIE,Q22S,0.209,0.5949589014053345
s669,cb,gnn_local,42,2JIE,S17A,1.246,0.3086826801300049
s669,cb,gnn_local,42,2JIE,S19A,-0.951,0.5882654190063477
s669,cb,gnn_local,42,2JIE,T18A,0.994,0.694774329662323
s669,cb,gnn_local,42,2JIE,W123F,-2.19,-0.07409718632698059
s669,cb,gnn_local,42,2JIE,W123H,-1.06,0.41323620080947876
s669,cb,gnn_local,42,2JIE,Y21A,3.443,0.9570571780204773
s669,cb,gnn_local,42,2KS4,D9A,-1.26,0.3908652663230896
s669,cb,gnn_local,42,2KS4,E2A,0.23,0.5707014203071594
s669,cb,gnn_local,42,2LTB,L558P,1.57,2.3213653564453125
s669,cb,gnn_local,42,2LTB,L569R,3.11,1.8905409574508667
s669,cb,gnn_local,42,2LTB,M619K,3.34,0.3178517818450928
s669,cb,gnn_local,42,2LTB,R533Q,1.1,0.9075356721878052
s669,cb,gnn_local,42,2LTB,R555Q,0.36,1.7996360063552856
s669,cb,gnn_local,42,2LTB,R555W,-1.79,1.1578922271728516
s669,cb,gnn_local,42,2M5S,D302A,4.0,0.6920571327209473
s669,cb,gnn_local,42,2M5S,H305A,2.0,1.8201090097427368
s669,cb,gnn_local,42,2NTE,R658C,2.3,1.0257582664489746
s669,cb,gnn_local,42,2PR5,A33Y,-0.5,0.2849450707435608
s669,cb,gnn_local,42,2PR5,A81M,0.4,0.8196181058883667
s669,cb,gnn_local,42,2PR5,D109E,-0.3,0.585188627243042
s669,cb,gnn_local,42,2PR5,H22K,-0.3,-0.2642569839954376
s669,cb,gnn_local,42,2PR5,H22W,-1.2,-0.5693787336349487
s669,cb,gnn_local,42,2PR5,M111F,-2.9,0.6578043103218079
s669,cb,gnn_local,42,2PR5,N107F,-0.9,0.02243255078792572
s669,cb,gnn_local,42,2PR5,N107Y,-0.8,0.33449026942253113
s669,cb,gnn_local,42,2PR5,N124F,-1.1,0.23226319253444672
s669,cb,gnn_local,42,2PR5,N124Y,-2.6,0.4334128797054291
s669,cb,gnn_local,42,2PR5,T30M,-0.5,0.9272682666778564
s669,cb,gnn_local,42,2PR5,T50M,0.5,1.1275782585144043
s669,cb,gnn_local,42,2PR5,T54Y,-0.2,0.8872155547142029
s669,cb,gnn_local,42,2PR5,V120I,-1.4,0.40511322021484375
s669,cb,gnn_local,42,2PR5,V25I,-0.4,0.727088451385498
s669,cb,gnn_local,42,2PR5,V88L,0.2,1.1435614824295044
s669,cb,gnn_local,42,2PR5,V90I,0.7,0.5067891478538513
s669,cb,gnn_local,42,2VY0,E53A,6.597,0.3325366675853729
s669,cb,gnn_local,42,3BCI,E96Q,-1.369,1.0930118560791016
s669,cb,gnn_local,42,3D3B,D118A,0.65,0.052183132618665695
s669,cb,gnn_local,42,3D3B,D118E,0.6,0.2472742795944214
s669,cb,gnn_local,42,3D3B,D118K,1.6,0.10156291723251343
s669,cb,gnn_local,42,3D3B,D118N,1.34,0.2512843906879425
s669,cb,gnn_local,42,3D3B,D118R,1.41,0.20862793922424316
s669,cb,gnn_local,42,3ECU,H46R,-0.8,1.39290452003479
s669,cb,gnn_local,42,3S4M,D122Y,1.3,0.5181093215942383
s669,cb,gnn_local,42,3S4M,G130V,2.5,0.542182207107544
s669,cb,gnn_local,42,3S4M,I154F,-0.096,1.5753761529922485
s669,cb,gnn_local,42,3S4M,W155R,0.693,1.498176097869873
s669,cb,gnn_local,42,4BJX,A89V,-0.99,0.6443800926208496
s669,cb,gnn_local,42,4BUQ,Y48A,1.435,1.2694658041000366
s669,cb,gnn_local,42,4WAA,K65A,-0.1,0.27659738063812256
s669,cb,gnn_local,42,4WAA,K67A,2.07,0.5372210144996643
s669,cb,gnn_local,42,4WAA,R27A,0.44,0.8198459148406982
s669,cb,gnn_local,42,5VP3,R39K,-0.413,0.6611213684082031
s669,cb,gnn_local,42,1BA3,H461D,1.745,1.2625527381896973
s669,cb,gnn_local,42,1BA3,H489D,-0.287,0.8159980773925781
s669,cb,gnn_local,42,1BA3,H489K,0.287,0.4858701527118683
s669,cb,gnn_local,42,1BA3,H489M,0.263,0.13220033049583435
s669,cb,gnn_local,42,1DIV,V129A,1.81,0.868499219417572
s669,cb,gnn_local,42,1F8I,F345A,0.455,1.0163780450820923
s669,cb,gnn_local,42,1FT8,L349I,-0.05,0.4524453282356262
s669,cb,gnn_local,42,1LVM,S135G,-0.0,0.47898435592651367
s669,cb,gnn_local,42,1NM1,D187N,0.88,0.6973184943199158
s669,cb,gnn_local,42,1NM1,D187Y,1.9,0.3885110914707184
s669,cb,gnn_local,42,1PRE,C159S,2.4,1.466322898864746
s669,cb,gnn_local,42,1R2Y,R244E,4.2,1.2349724769592285
s669,cb,gnn_local,42,1XXN,N181R,-0.358,0.4115886092185974
s669,cb,gnn_local,42,3D2A,M134E,-3.02,0.9859178066253662
s669,cb,gnn_local,42,3D2A,M137P,-3.34,0.8316265344619751
s669,cb,gnn_local,42,3D2A,S163P,-2.11,0.19425755739212036
s669,cb,gnn_local,42,5OAQ,Y429H,2.99,0.05561205372214317
