benchmark,atom_def,model,seed,protein_id,mutation_id,y_true,y_pred
ssym,centroid,gnn_global,42,1AMQ,C191Y,2.3,0.6612753868103027
ssym,centroid,gnn_global,42,1AMQ,C191F,1.6,0.6547396183013916
ssym,centroid,gnn_global,42,1AMQ,C191W,3.9,0.6644510626792908
ssym,centroid,gnn_global,42,1AMQ,C191S,1.9,0.6831847429275513
ssym,centroid,gnn_global,42,1BNI,F7L,4.1,0.8642483949661255
ssym,centroid,gnn_global,42,1BNI,L14A,4.5,0.9724825620651245
ssym,centroid,gnn_global,42,1BNI,T26A,1.7,0.7287797927856445
ssym,centroid,gnn_global,42,1BNI,I51V,1.1,0.8735766410827637
ssym,centroid,gnn_global,42,1BNI,I76A,1.7,1.0279544591903687
ssym,centroid,gnn_global,42,1BNI,I76V,1.0,0.961952805519104
ssym,centroid,gnn_global,42,1BNI,Y78F,1.1,0.6838847994804382
ssym,centroid,gnn_global,42,1BNI,I88A,4.0,1.1188294887542725
ssym,centroid,gnn_global,42,1BNI,I88V,1.6,1.065104603767395
ssym,centroid,gnn_global,42,1BNI,L89V,0.5,0.9354357719421387
ssym,centroid,gnn_global,42,1BNI,S91A,2.4,0.5728039145469666
ssym,centroid,gnn_global,42,1BNI,I96A,3.2,0.929328203201294
ssym,centroid,gnn_global,42,1BNI,I96V,3.1,0.8362998366355896
ssym,centroid,gnn_global,42,1CEY,D12A,-2.5,0.7527886629104614
ssym,centroid,gnn_global,42,1CEY,D13A,-2.7,0.6044963002204895
ssym,centroid,gnn_global,42,1CEY,D57A,-3.3,0.6890255212783813
ssym,centroid,gnn_global,42,1EY0,T22C,0.9,0.8823277354240417
ssym,centroid,gnn_global,42,1EY0,T22V,0.9,0.8481548428535461
ssym,centroid,gnn_global,42,1EY0,V23L,0.1,1.1383086442947388
ssym,centroid,gnn_global,42,1EY0,L25I,1.7,1.1711596250534058
ssym,centroid,gnn_global,42,1EY0,T33V,-0.4,0.8483951091766357
ssym,centroid,gnn_global,42,1EY0,T41C,-0.6,1.0548291206359863
ssym,centroid,gnn_global,42,1EY0,T41I,-0.7,0.9712931513786316
ssym,centroid,gnn_global,42,1EY0,T41S,1.1,1.1218950748443604
ssym,centroid,gnn_global,42,1EY0,T41V,-0.8,1.0080965757369995
ssym,centroid,gnn_global,42,1EY0,T44V,-0.1,0.839648425579071
ssym,centroid,gnn_global,42,1EY0,S59A,-0.5,0.9680275917053223
ssym,centroid,gnn_global,42,1EY0,T62S,2.1,1.1928926706314087
ssym,centroid,gnn_global,42,1EY0,T62V,0.2,1.076767921447754
ssym,centroid,gnn_global,42,1EY0,V66I,1.0,1.1089093685150146
ssym,centroid,gnn_global,42,1EY0,V66L,0.3,1.1276285648345947
ssym,centroid,gnn_global,42,1EY0,V66K,7.5,1.291766881942749
ssym,centroid,gnn_global,42,1EY0,I72L,0.2,1.1648789644241333
ssym,centroid,gnn_global,42,1EY0,I72V,1.2,1.2063003778457642
ssym,centroid,gnn_global,42,1EY0,T82S,0.7,0.8494774103164673
ssym,centroid,gnn_global,42,1EY0,I92V,0.4,1.251805305480957
ssym,centroid,gnn_global,42,1EY0,K116G,-1.0,0.7848562598228455
ssym,centroid,gnn_global,42,1EY0,P117A,-0.8,0.7362609505653381
ssym,centroid,gnn_global,42,1EY0,P117G,-0.9,0.7469090223312378
ssym,centroid,gnn_global,42,1EY0,P117T,-1.1,0.7708694934844971
ssym,centroid,gnn_global,42,1EY0,T120C,1.7,0.7566272020339966
ssym,centroid,gnn_global,42,1EY0,T120S,0.6,0.8259118795394897
ssym,centroid,gnn_global,42,1EY0,T120V,1.8,0.7399289011955261
ssym,centroid,gnn_global,42,1EY0,S128A,-0.7,0.8285968899726868
ssym,centroid,gnn_global,42,1IHB,F71N,-0.7,0.5484633445739746
ssym,centroid,gnn_global,42,1IHB,F82Q,0.4,0.6435279846191406
ssym,centroid,gnn_global,42,1IHB,F92N,1.1,0.5500707626342773
ssym,centroid,gnn_global,42,1IOB,T9G,2.6,1.0595283508300781
ssym,centroid,gnn_global,42,1L63,M6A,1.9,0.6962676644325256
ssym,centroid,gnn_global,42,1L63,M6L,2.8,0.6279463171958923
ssym,centroid,gnn_global,42,1L63,E11H,-0.1,0.5899453163146973
ssym,centroid,gnn_global,42,1L63,E11N,0.1,0.6144269108772278
ssym,centroid,gnn_global,42,1L63,I17A,2.7,0.7527068853378296
ssym,centroid,gnn_global,42,1L63,D20A,0.3,0.3668781518936157
ssym,centroid,gnn_global,42,1L63,D20N,-1.3,0.41306254267692566
ssym,centroid,gnn_global,42,1L63,D20S,-0.7,0.369615763425827
ssym,centroid,gnn_global,42,1L63,I27A,3.1,0.8549559116363525
ssym,centroid,gnn_global,42,1L63,I27M,3.1,0.8391650915145874
ssym,centroid,gnn_global,42,1L63,I29A,2.6,0.7632781267166138
ssym,centroid,gnn_global,42,1L63,S38N,0.0,0.5606269240379333
ssym,centroid,gnn_global,42,1L63,A41S,0.6,0.5517720580101013
ssym,centroid,gnn_global,42,1L63,A42V,2.7,0.5430055260658264
ssym,centroid,gnn_global,42,1L63,A42S,2.3,0.6696716547012329
ssym,centroid,gnn_global,42,1L63,K43A,1.0,0.5277689695358276
ssym,centroid,gnn_global,42,1L63,S44A,-0.3,0.4674329161643982
ssym,centroid,gnn_global,42,1L63,S44I,-0.3,0.37069395184516907
ssym,centroid,gnn_global,42,1L63,S44L,-0.4,0.3975725471973419
ssym,centroid,gnn_global,42,1L63,S44K,-0.2,0.5199910402297974
ssym,centroid,gnn_global,42,1L63,S44E,0.0,0.5596839189529419
ssym,centroid,gnn_global,42,1L63,S44G,0.5,0.4781857430934906
ssym,centroid,gnn_global,42,1L63,S44R,-0.2,0.5082474946975708
ssym,centroid,gnn_global,42,1L63,S44N,0.1,0.5290167927742004
ssym,centroid,gnn_global,42,1L63,S44F,-0.1,0.43384072184562683
ssym,centroid,gnn_global,42,1L63,S44P,3.0,0.544676661491394
ssym,centroid,gnn_global,42,1L63,S44T,0.0,0.49987760186195374
ssym,centroid,gnn_global,42,1L63,S44V,-0.1,0.39964911341667175
ssym,centroid,gnn_global,42,1L63,L46A,1.9,0.7832579016685486
ssym,centroid,gnn_global,42,1L63,D47A,1.0,0.45183131098747253
ssym,centroid,gnn_global,42,1L63,A49S,0.5,0.6491408348083496
ssym,centroid,gnn_global,42,1L63,I50A,2.0,0.7310162782669067
ssym,centroid,gnn_global,42,1L63,I50M,0.4,0.7133601903915405
ssym,centroid,gnn_global,42,1L63,I58A,3.2,0.8212592005729675
ssym,centroid,gnn_global,42,1L63,I58T,3.4,0.8435817360877991
ssym,centroid,gnn_global,42,1L63,T59A,1.5,0.5746586918830872
ssym,centroid,gnn_global,42,1L63,T59D,1.2,0.6747158765792847
ssym,centroid,gnn_global,42,1L63,T59G,1.6,0.5902990698814392
ssym,centroid,gnn_global,42,1L63,T59N,1.1,0.6352999210357666
ssym,centroid,gnn_global,42,1L63,T59S,0.2,0.5989248752593994
ssym,centroid,gnn_global,42,1L63,T59V,1.5,0.5143880248069763
ssym,centroid,gnn_global,42,1L63,L66M,1.0,0.7756090760231018
ssym,centroid,gnn_global,42,1L63,F67A,1.9,0.7943236827850342
ssym,centroid,gnn_global,42,1L63,D72P,2.7,0.5304539799690247
ssym,centroid,gnn_global,42,1L63,A73S,0.4,0.6342560648918152
ssym,centroid,gnn_global,42,1L63,V75T,1.3,0.7828415632247925
ssym,centroid,gnn_global,42,1L63,I78A,1.2,0.834942102432251
ssym,centroid,gnn_global,42,1L63,I78M,1.5,0.815916895866394
ssym,centroid,gnn_global,42,1L63,I78V,0.8,0.7935600280761719
ssym,centroid,gnn_global,42,1L63,A82S,0.3,0.5380440950393677
ssym,centroid,gnn_global,42,1L63,L84A,2.6,0.8326187133789062
ssym,centroid,gnn_global,42,1L63,L84M,1.9,0.8125085830688477
ssym,centroid,gnn_global,42,1L63,V87A,1.7,0.6837102770805359
ssym,centroid,gnn_global,42,1L63,V87M,2.3,0.6660651564598083
ssym,centroid,gnn_global,42,1L63,V87I,0.3,0.5935425162315369
ssym,centroid,gnn_global,42,1L63,V87T,1.6,0.7120256423950195
ssym,centroid,gnn_global,42,1L63,L91A,3.9,0.6922821402549744
ssym,centroid,gnn_global,42,1L63,L91M,0.8,0.6686610579490662
ssym,centroid,gnn_global,42,1L63,D92N,1.4,0.4604247808456421
ssym,centroid,gnn_global,42,1L63,A93S,0.2,0.5443016886711121
ssym,centroid,gnn_global,42,1L63,A98C,1.0,0.7294565439224243
ssym,centroid,gnn_global,42,1L63,A98L,4.3,0.6722678542137146
ssym,centroid,gnn_global,42,1L63,A98S,2.5,0.8013193607330322
ssym,centroid,gnn_global,42,1L63,A98V,3.2,0.7021253108978271
ssym,centroid,gnn_global,42,1L63,L99A,4.5,0.8668839335441589
ssym,centroid,gnn_global,42,1L63,L99F,0.3,0.8203370571136475
ssym,centroid,gnn_global,42,1L63,L99I,1.5,0.7778046131134033
ssym,centroid,gnn_global,42,1L63,L99M,0.6,0.8473168611526489
ssym,centroid,gnn_global,42,1L63,L99V,2.0,0.8278902173042297
ssym,centroid,gnn_global,42,1L63,I100A,3.4,0.8554628491401672
ssym,centroid,gnn_global,42,1L63,I100M,1.6,0.8377173542976379
ssym,centroid,gnn_global,42,1L63,I100V,0.4,0.8209832310676575
ssym,centroid,gnn_global,42,1L63,N101A,1.5,0.6755913496017456
ssym,centroid,gnn_global,42,1L63,M102L,1.0,0.6861104965209961
ssym,centroid,gnn_global,42,1L63,V103A,2.2,0.790563702583313
ssym,centroid,gnn_global,42,1L63,V103I,0.5,0.7026070356369019
ssym,centroid,gnn_global,42,1L63,V103M,1.2,0.7666410207748413
ssym,centroid,gnn_global,42,1L63,F104M,0.4,0.7549857497215271
ssym,centroid,gnn_global,42,1L63,Q105M,1.2,0.5432626605033875
ssym,centroid,gnn_global,42,1L63,M106I,-0.2,0.5949434041976929
ssym,centroid,gnn_global,42,1L63,M106L,-0.5,0.6099237203598022
ssym,centroid,gnn_global,42,1L63,M106K,3.4,0.7424532771110535
ssym,centroid,gnn_global,42,1L63,T109D,-0.6,0.6673333048820496
ssym,centroid,gnn_global,42,1L63,T109N,-0.1,0.6289597749710083
ssym,centroid,gnn_global,42,1L63,V111A,1.3,0.8063568472862244
ssym,centroid,gnn_global,42,1L63,V111I,0.9,0.7103589177131653
ssym,centroid,gnn_global,42,1L63,V111M,0.7,0.7809197306632996
ssym,centroid,gnn_global,42,1L63,S117F,-1.1,0.5515202283859253
ssym,centroid,gnn_global,42,1L63,L118A,3.2,0.8172503709793091
ssym,centroid,gnn_global,42,1L63,L118M,0.7,0.7948859930038452
ssym,centroid,gnn_global,42,1L63,M120L,-0.5,0.5107521414756775
ssym,centroid,gnn_global,42,1L63,M120K,1.6,0.6201552152633667
ssym,centroid,gnn_global,42,1L63,M120Y,0.1,0.5549982190132141
ssym,centroid,gnn_global,42,1L63,L121M,0.8,0.7732948064804077
ssym,centroid,gnn_global,42,1L63,A129F,1.2,0.6347577571868896
ssym,centroid,gnn_global,42,1L63,A129W,2.2,0.6638301610946655
ssym,centroid,gnn_global,42,1L63,A130S,-1.0,0.7107399702072144
ssym,centroid,gnn_global,42,1L63,L133F,0.3,0.792894721031189
ssym,centroid,gnn_global,42,1L63,L133M,0.4,0.8147565126419067
ssym,centroid,gnn_global,42,1L63,A134S,0.1,0.6395504474639893
ssym,centroid,gnn_global,42,1L63,N144E,-0.5,0.4850810468196869
ssym,centroid,gnn_global,42,1L63,V149A,3.2,0.7492501139640808
ssym,centroid,gnn_global,42,1L63,V149C,2.0,0.7546112537384033
ssym,centroid,gnn_global,42,1L63,V149G,4.9,0.7699366807937622
ssym,centroid,gnn_global,42,1L63,V149I,0.1,0.6771786212921143
ssym,centroid,gnn_global,42,1L63,V149M,2.8,0.7427644729614258
ssym,centroid,gnn_global,42,1L63,V149T,2.8,0.7756403684616089
ssym,centroid,gnn_global,42,1L63,V149S,4.4,0.8120434284210205
ssym,centroid,gnn_global,42,1L63,T152A,1.5,0.6659039258956909
ssym,centroid,gnn_global,42,1L63,T152C,0.5,0.6316524147987366
ssym,centroid,gnn_global,42,1L63,T152I,0.4,0.5556780099868774
ssym,centroid,gnn_global,42,1L63,T152S,2.0,0.7148857116699219
ssym,centroid,gnn_global,42,1L63,T152V,-0.2,0.6016129851341248
ssym,centroid,gnn_global,42,1L63,F153A,3.8,0.8127105236053467
ssym,centroid,gnn_global,42,1L63,F153I,0.2,0.7254886031150818
ssym,centroid,gnn_global,42,1L63,F153L,-0.3,0.7381179332733154
ssym,centroid,gnn_global,42,1L63,F153M,0.6,0.7924229502677917
ssym,centroid,gnn_global,42,1L63,F153V,1.8,0.7725014686584473
ssym,centroid,gnn_global,42,1LZ1,V2A,1.5,1.0172394514083862
ssym,centroid,gnn_global,42,1LZ1,V2G,1.3,1.0298271179199219
ssym,centroid,gnn_global,42,1LZ1,V2S,1.4,1.0467462539672852
ssym,centroid,gnn_global,42,1LZ1,V2Y,0.4,0.9882121086120605
ssym,centroid,gnn_global,42,1LZ1,V2D,1.4,1.115187168121338
ssym,centroid,gnn_global,42,1LZ1,V2N,1.3,1.0824893712997437
ssym,centroid,gnn_global,42,1LZ1,V2R,0.4,1.0392165184020996
ssym,centroid,gnn_global,42,1LZ1,V2L,-0.3,0.9348316192626953
ssym,centroid,gnn_global,42,1LZ1,V2M,0.2,0.9805101156234741
ssym,centroid,gnn_global,42,1LZ1,V2F,0.8,0.9773210287094116
ssym,centroid,gnn_global,42,1LZ1,Y20F,0.5,0.8148325085639954
ssym,centroid,gnn_global,42,1LZ1,I23A,2.5,1.0326288938522339
ssym,centroid,gnn_global,42,1LZ1,I23V,0.4,0.9574284553527832
ssym,centroid,gnn_global,42,1LZ1,Y38F,0.2,0.9815791845321655
ssym,centroid,gnn_global,42,1LZ1,Y45F,-0.1,0.7321391701698303
ssym,centroid,gnn_global,42,1LZ1,A47P,-0.1,0.8355571031570435
ssym,centroid,gnn_global,42,1LZ1,Y54F,1.0,0.8685706257820129
ssym,centroid,gnn_global,42,1LZ1,I56A,3.7,1.259586215019226
ssym,centroid,gnn_global,42,1LZ1,I56T,4.3,1.2895691394805908
ssym,centroid,gnn_global,42,1LZ1,I56V,1.2,1.2111862897872925
ssym,centroid,gnn_global,42,1LZ1,I59A,1.7,1.1496005058288574
ssym,centroid,gnn_global,42,1LZ1,I59G,3.8,1.1706887483596802
ssym,centroid,gnn_global,42,1LZ1,I59V,1.1,1.083935022354126
ssym,centroid,gnn_global,42,1LZ1,Y63F,0.2,0.7977191209793091
ssym,centroid,gnn_global,42,1LZ1,P71G,1.6,0.7276684045791626
ssym,centroid,gnn_global,42,1LZ1,V74A,0.4,0.9207514524459839
ssym,centroid,gnn_global,42,1LZ1,V74G,0.1,0.9279519319534302
ssym,centroid,gnn_global,42,1LZ1,V74I,1.9,0.8070797324180603
ssym,centroid,gnn_global,42,1LZ1,V74L,0.4,0.830136239528656
ssym,centroid,gnn_global,42,1LZ1,V74M,0.4,0.884175717830658
ssym,centroid,gnn_global,42,1LZ1,V74F,0.0,0.8819380402565002
ssym,centroid,gnn_global,42,1LZ1,V74Y,0.3,0.8899402618408203
ssym,centroid,gnn_global,42,1LZ1,V74D,0.4,1.036694049835205
ssym,centroid,gnn_global,42,1LZ1,V74N,0.3,0.9972879886627197
ssym,centroid,gnn_global,42,1LZ1,V74R,0.1,0.9570785760879517
ssym,centroid,gnn_global,42,1LZ1,V74S,0.4,0.950218677520752
ssym,centroid,gnn_global,42,1LZ1,C77A,4.6,0.9623415470123291
ssym,centroid,gnn_global,42,1LZ1,I89A,2.7,1.2784631252288818
ssym,centroid,gnn_global,42,1LZ1,I89V,0.5,1.23898184299469
ssym,centroid,gnn_global,42,1LZ1,D91P,0.4,0.914566695690155
ssym,centroid,gnn_global,42,1LZ1,V93A,0.7,1.1551800966262817
ssym,centroid,gnn_global,42,1LZ1,V99A,1.0,1.0141456127166748
ssym,centroid,gnn_global,42,1LZ1,V100A,0.3,0.9899476766586304
ssym,centroid,gnn_global,42,1LZ1,P103G,0.1,0.7276410460472107
ssym,centroid,gnn_global,42,1LZ1,I106A,0.9,1.0473169088363647
ssym,centroid,gnn_global,42,1LZ1,I106V,0.7,0.9824084043502808
ssym,centroid,gnn_global,42,1LZ1,V110A,-0.5,0.8567240834236145
ssym,centroid,gnn_global,42,1LZ1,V110D,-0.2,0.9523874521255493
ssym,centroid,gnn_global,42,1LZ1,V110G,2.2,0.8672070503234863
ssym,centroid,gnn_global,42,1LZ1,V110I,0.8,0.7667896747589111
ssym,centroid,gnn_global,42,1LZ1,V110L,-0.1,0.7911691665649414
ssym,centroid,gnn_global,42,1LZ1,V110M,-0.4,0.8263711333274841
ssym,centroid,gnn_global,42,1LZ1,V110N,-0.1,0.9227327108383179
ssym,centroid,gnn_global,42,1LZ1,V110R,-0.9,0.8976655602455139
ssym,centroid,gnn_global,42,1LZ1,V110F,1.9,0.8290432095527649
ssym,centroid,gnn_global,42,1LZ1,V110P,-0.5,0.9254828691482544
ssym,centroid,gnn_global,42,1LZ1,V110Y,0.1,0.835268497467041
ssym,centroid,gnn_global,42,1LZ1,V121A,1.4,0.8956630229949951
ssym,centroid,gnn_global,42,1LZ1,Y124F,0.4,0.8184547424316406
ssym,centroid,gnn_global,42,1LZ1,V125A,1.3,1.0261762142181396
ssym,centroid,gnn_global,42,1LZ1,V130A,0.8,0.9950608015060425
ssym,centroid,gnn_global,42,1OH0,Y32F,-0.2,1.0082740783691406
ssym,centroid,gnn_global,42,1OH0,Y57F,1.2,1.0733736753463745
ssym,centroid,gnn_global,42,1RN1,Q25K,-1.4,1.4185998439788818
ssym,centroid,gnn_global,42,1VQB,I47L,0.4,1.2995898723602295
ssym,centroid,gnn_global,42,1VQB,I47M,1.7,1.3983404636383057
ssym,centroid,gnn_global,42,1VQB,I47V,2.0,1.3528995513916016
ssym,centroid,gnn_global,42,1VQB,V35I,0.6,1.1668834686279297
ssym,centroid,gnn_global,42,1VQB,Y41F,3.2,0.7376116514205933
ssym,centroid,gnn_global,42,2LZM,I3L,-0.7,0.7655890583992004
ssym,centroid,gnn_global,42,2LZM,I3C,0.0,0.8308885097503662
ssym,centroid,gnn_global,42,2LZM,I3P,3.0,0.9139758348464966
ssym,centroid,gnn_global,42,2LZM,I3Y,2.3,0.8141059875488281
ssym,centroid,gnn_global,42,2LZM,I3V,0.4,0.7994082570075989
ssym,centroid,gnn_global,42,2LZM,M6I,1.4,0.6491976380348206
ssym,centroid,gnn_global,42,2LZM,K16E,-0.5,0.6451683640480042
ssym,centroid,gnn_global,42,2LZM,S38D,-0.6,0.6461270451545715
ssym,centroid,gnn_global,42,2LZM,N55G,0.6,0.4979923665523529
ssym,centroid,gnn_global,42,2LZM,K60P,0.0,0.6371814608573914
ssym,centroid,gnn_global,42,2LZM,G77A,-0.4,0.6845996975898743
ssym,centroid,gnn_global,42,2LZM,A82P,-0.8,0.6330045461654663
ssym,centroid,gnn_global,42,2LZM,K85A,0.6,0.4822491705417633
ssym,centroid,gnn_global,42,2LZM,D89A,0.5,0.4174761474132538
ssym,centroid,gnn_global,42,2LZM,R96A,2.0,0.4799875319004059
ssym,centroid,gnn_global,42,2LZM,R96D,3.5,0.5864869356155396
ssym,centroid,gnn_global,42,2LZM,R96M,2.7,0.4522674083709717
ssym,centroid,gnn_global,42,2LZM,R96E,2.5,0.5758260488510132
ssym,centroid,gnn_global,42,2LZM,R96G,2.6,0.4934854209423065
ssym,centroid,gnn_global,42,2LZM,R96Q,0.3,0.5273883938789368
ssym,centroid,gnn_global,42,2LZM,R96H,3.1,0.4994925558567047
ssym,centroid,gnn_global,42,2LZM,R96N,3.0,0.5428476929664612
ssym,centroid,gnn_global,42,2LZM,R96K,0.0,0.5353546738624573
ssym,centroid,gnn_global,42,2LZM,R96S,2.6,0.4992767870426178
ssym,centroid,gnn_global,42,2LZM,R96Y,4.7,0.4597930908203125
ssym,centroid,gnn_global,42,2LZM,R96V,2.4,0.4091884195804596
ssym,centroid,gnn_global,42,2LZM,R96W,4.5,0.44320300221443176
ssym,centroid,gnn_global,42,2LZM,A98V,4.9,0.7232913374900818
ssym,centroid,gnn_global,42,2LZM,Q105A,0.6,0.6172322630882263
ssym,centroid,gnn_global,42,2LZM,Q105E,1.1,0.7052207589149475
ssym,centroid,gnn_global,42,2LZM,Q105G,1.5,0.6351898908615112
ssym,centroid,gnn_global,42,2LZM,G113A,-0.3,0.6645035743713379
ssym,centroid,gnn_global,42,2LZM,T115E,-0.3,0.6657467484474182
ssym,centroid,gnn_global,42,2LZM,N116D,-0.6,0.5767903327941895
ssym,centroid,gnn_global,42,2LZM,R119E,0.0,0.49105116724967957
ssym,centroid,gnn_global,42,2LZM,Q123E,-0.4,0.5054051876068115
ssym,centroid,gnn_global,42,2LZM,K124G,0.1,0.480486124753952
ssym,centroid,gnn_global,42,2LZM,V131A,-0.3,0.7051955461502075
ssym,centroid,gnn_global,42,2LZM,V131D,-0.1,0.7931198477745056
ssym,centroid,gnn_global,42,2LZM,V131G,0.7,0.7149454951286316
ssym,centroid,gnn_global,42,2LZM,V131I,-0.2,0.6067405343055725
ssym,centroid,gnn_global,42,2LZM,V131L,-0.1,0.6321336030960083
ssym,centroid,gnn_global,42,2LZM,V131S,0.1,0.7338265180587769
ssym,centroid,gnn_global,42,2LZM,V131M,-0.1,0.6794958114624023
ssym,centroid,gnn_global,42,2LZM,V131E,-0.2,0.7680388689041138
ssym,centroid,gnn_global,42,2LZM,L133A,4.2,0.8855437636375427
ssym,centroid,gnn_global,42,2LZM,K135E,1.0,0.6178937554359436
ssym,centroid,gnn_global,42,2LZM,N144D,-0.4,0.528348982334137
ssym,centroid,gnn_global,42,2LZM,K147E,0.7,0.5863019824028015
ssym,centroid,gnn_global,42,2LZM,V149C,2.2,0.7986398339271545
ssym,centroid,gnn_global,42,2LZM,T152S,2.6,0.7319755554199219
ssym,centroid,gnn_global,42,2LZM,R154E,1.1,0.6559750437736511
ssym,centroid,gnn_global,42,2LZM,G156D,2.3,0.6668778657913208
ssym,centroid,gnn_global,42,2LZM,T157A,0.5,0.5501012206077576
ssym,centroid,gnn_global,42,2LZM,T157C,1.3,0.5097181797027588
ssym,centroid,gnn_global,42,2LZM,T157D,1.1,0.6541534662246704
ssym,centroid,gnn_global,42,2LZM,T157E,0.8,0.6384812593460083
ssym,centroid,gnn_global,42,2LZM,T157F,2.4,0.5176101922988892
ssym,centroid,gnn_global,42,2LZM,T157G,1.1,0.5622429251670837
ssym,centroid,gnn_global,42,2LZM,T157H,2.1,0.5760682225227356
ssym,centroid,gnn_global,42,2LZM,T157I,1.5,0.45469507575035095
ssym,centroid,gnn_global,42,2LZM,T157L,1.7,0.47966018319129944
ssym,centroid,gnn_global,42,2LZM,T157N,1.2,0.6167886257171631
ssym,centroid,gnn_global,42,2LZM,T157R,-0.3,0.5916947722434998
ssym,centroid,gnn_global,42,2LZM,T157S,0.7,0.5757937431335449
ssym,centroid,gnn_global,42,2LZM,T157V,1.2,0.4841529428958893
ssym,centroid,gnn_global,42,2RN2,D10N,-0.9,0.9031639099121094
ssym,centroid,gnn_global,42,2RN2,E48Q,-0.2,0.8466220498085022
ssym,centroid,gnn_global,42,2RN2,A52F,0.5,1.0725122690200806
ssym,centroid,gnn_global,42,2RN2,A52I,-1.9,1.0157381296157837
ssym,centroid,gnn_global,42,2RN2,A52L,-1.3,1.0297812223434448
ssym,centroid,gnn_global,42,2RN2,A52V,-1.7,1.0683057308197021
ssym,centroid,gnn_global,42,2RN2,H62A,-0.4,0.7842895984649658
ssym,centroid,gnn_global,42,2RN2,H62P,-1.1,0.8596324324607849
ssym,centroid,gnn_global,42,2RN2,D70N,-0.9,0.8256485462188721
ssym,centroid,gnn_global,42,2RN2,V74L,-1.0,0.9636925458908081
ssym,centroid,gnn_global,42,2RN2,V74I,-0.6,0.9447687864303589
ssym,centroid,gnn_global,42,2RN2,G77A,0.9,0.8318449854850769
ssym,centroid,gnn_global,42,2RN2,K95A,-0.1,0.6769937872886658
ssym,centroid,gnn_global,42,2RN2,K95G,-1.9,0.6917480826377869
ssym,centroid,gnn_global,42,2RN2,K95N,-0.9,0.7356571555137634
ssym,centroid,gnn_global,42,2RN2,D134A,-2.1,0.7608507871627808
ssym,centroid,gnn_global,42,2RN2,D134H,-2.3,0.7779186964035034
ssym,centroid,gnn_global,42,2RN2,D134N,-1.0,0.815125584602356
ssym,centroid,gnn_global,42,4LYZ,M12F,-0.5,1.336790680885315
ssym,centroid,gnn_global,42,4LYZ,M12L,0.4,1.284080147743225
ssym,centroid,gnn_global,42,4LYZ,T40S,0.3,1.2809242010116577
ssym,centroid,gnn_global,42,4LYZ,G49A,0.7,1.0244554281234741
ssym,centroid,gnn_global,42,4LYZ,I55V,0.9,1.4431583881378174
ssym,centroid,gnn_global,42,4LYZ,I58M,1.2,1.33954918384552
ssym,centroid,gnn_global,42,4LYZ,G67A,0.5,1.0125387907028198
ssym,centroid,gnn_global,42,4LYZ,G71A,2.1,0.9543774127960205
ssym,centroid,gnn_global,42,4LYZ,I78M,0.9,1.2526655197143555
ssym,centroid,gnn_global,42,4LYZ,S91A,0.2,1.2023577690124512
ssym,centroid,gnn_global,42,4LYZ,S91T,-1.0,1.2666075229644775
ssym,centroid,gnn_global,42,4LYZ,I98M,0.9,1.2395657300949097
ssym,centroid,gnn_global,42,4LYZ,G102A,1.2,0.9572418928146362
ssym,centroid,gnn_global,42,4LYZ,G117A,0.8,1.0249406099319458
ssym,centroid,gnn_global,42,5PTI,F22A,1.2,1.3862746953964233
ssym,centroid,gnn_global,42,5PTI,Y23A,5.9,1.2506357431411743
ssym,centroid,gnn_global,42,5PTI,Y35G,5.0,1.0342329740524292
ssym,centroid,gnn_global,42,5PTI,N43G,5.7,0.9921610355377197
ssym,centroid,gnn_global,42,5PTI,F45A,6.9,1.0943779945373535
ssym,centroid,gnn_global,123,1AMQ,C191Y,2.3,0.3554188907146454
ssym,centroid,gnn_global,123,1AMQ,C191F,1.6,0.34849125146865845
ssym,centroid,gnn_global,123,1AMQ,C191W,3.9,0.36170637607574463
ssym,centroid,gnn_global,123,1AMQ,C191S,1.9,0.3757834732532501
ssym,centroid,gnn_global,123,1BNI,F7L,4.1,0.6900913715362549
ssym,centroid,gnn_global,123,1BNI,L14A,4.5,0.8630700707435608
ssym,centroid,gnn_global,123,1BNI,T26A,1.7,0.6081231236457825
ssym,centroid,gnn_global,123,1BNI,I51V,1.1,0.7027860283851624
ssym,centroid,gnn_global,123,1BNI,I76A,1.7,0.7965711355209351
ssym,centroid,gnn_global,123,1BNI,I76V,1.0,0.7430778741836548
ssym,centroid,gnn_global,123,1BNI,Y78F,1.1,0.591241180896759
ssym,centroid,gnn_global,123,1BNI,I88A,4.0,0.951017439365387
ssym,centroid,gnn_global,123,1BNI,I88V,1.6,0.9102226495742798
ssym,centroid,gnn_global,123,1BNI,L89V,0.5,0.7718844413757324
ssym,centroid,gnn_global,123,1BNI,S91A,2.4,0.527287483215332
ssym,centroid,gnn_global,123,1BNI,I96A,3.2,0.7981811761856079
ssym,centroid,gnn_global,123,1BNI,I96V,3.1,0.7558271884918213
ssym,centroid,gnn_global,123,1CEY,D12A,-2.5,0.4557800590991974
ssym,centroid,gnn_global,123,1CEY,D13A,-2.7,0.33445873856544495
ssym,centroid,gnn_global,123,1CEY,D57A,-3.3,0.43164727091789246
ssym,centroid,gnn_global,123,1EY0,T22C,0.9,0.6251367926597595
ssym,centroid,gnn_global,123,1EY0,T22V,0.9,0.5456709861755371
ssym,centroid,gnn_global,123,1EY0,V23L,0.1,0.8092172145843506
ssym,centroid,gnn_global,123,1EY0,L25I,1.7,0.8916124105453491
ssym,centroid,gnn_global,123,1EY0,T33V,-0.4,0.5991411805152893
ssym,centroid,gnn_global,123,1EY0,T41C,-0.6,0.7213214635848999
ssym,centroid,gnn_global,123,1EY0,T41I,-0.7,0.6086349487304688
ssym,centroid,gnn_global,123,1EY0,T41S,1.1,0.7394983768463135
ssym,centroid,gnn_global,123,1EY0,T41V,-0.8,0.6286060810089111
ssym,centroid,gnn_global,123,1EY0,T44V,-0.1,0.5130934119224548
ssym,centroid,gnn_global,123,1EY0,S59A,-0.5,0.5797834396362305
ssym,centroid,gnn_global,123,1EY0,T62S,2.1,0.8515126705169678
ssym,centroid,gnn_global,123,1EY0,T62V,0.2,0.7428516745567322
ssym,centroid,gnn_global,123,1EY0,V66I,1.0,0.8162696361541748
ssym,centroid,gnn_global,123,1EY0,V66L,0.3,0.8131052255630493
ssym,centroid,gnn_global,123,1EY0,V66K,7.5,0.961688756942749
ssym,centroid,gnn_global,123,1EY0,I72L,0.2,0.8536433577537537
ssym,centroid,gnn_global,123,1EY0,I72V,1.2,0.896548867225647
ssym,centroid,gnn_global,123,1EY0,T82S,0.7,0.5746552348136902
ssym,centroid,gnn_global,123,1EY0,I92V,0.4,0.9339984655380249
ssym,centroid,gnn_global,123,1EY0,K116G,-1.0,0.4751001298427582
ssym,centroid,gnn_global,123,1EY0,P117A,-0.8,0.4264375865459442
ssym,centroid,gnn_global,123,1EY0,P117G,-0.9,0.4395880103111267
ssym,centroid,gnn_global,123,1EY0,P117T,-1.1,0.442378968000412
ssym,centroid,gnn_global,123,1EY0,T120C,1.7,0.5337249040603638
ssym,centroid,gnn_global,123,1EY0,T120S,0.6,0.543755292892456
ssym,centroid,gnn_global,123,1EY0,T120V,1.8,0.4642382264137268
ssym,centroid,gnn_global,123,1EY0,S128A,-0.7,0.4997701942920685
ssym,centroid,gnn_global,123,1IHB,F71N,-0.7,0.15182964503765106
ssym,centroid,gnn_global,123,1IHB,F82Q,0.4,0.2889246344566345
ssym,centroid,gnn_global,123,1IHB,F92N,1.1,0.19252808392047882
ssym,centroid,gnn_global,123,1IOB,T9G,2.6,0.8564547300338745
ssym,centroid,gnn_global,123,1L63,M6A,1.9,0.4224947392940521
ssym,centroid,gnn_global,123,1L63,M6L,2.8,0.3654843270778656
ssym,centroid,gnn_global,123,1L63,E11H,-0.1,0.3241455554962158
ssym,centroid,gnn_global,123,1L63,E11N,0.1,0.30760088562965393
ssym,centroid,gnn_global,123,1L63,I17A,2.7,0.4455944001674652
ssym,centroid,gnn_global,123,1L63,D20A,0.3,0.13108325004577637
ssym,centroid,gnn_global,123,1L63,D20N,-1.3,0.14507414400577545
ssym,centroid,gnn_global,123,1L63,D20S,-0.7,0.15918688476085663
ssym,centroid,gnn_global,123,1L63,I27A,3.1,0.5752586126327515
ssym,centroid,gnn_global,123,1L63,I27M,3.1,0.5664610862731934
ssym,centroid,gnn_global,123,1L63,I29A,2.6,0.45454707741737366
ssym,centroid,gnn_global,123,1L63,S38N,0.0,0.25502675771713257
ssym,centroid,gnn_global,123,1L63,A41S,0.6,0.29869189858436584
ssym,centroid,gnn_global,123,1L63,A42V,2.7,0.3146132230758667
ssym,centroid,gnn_global,123,1L63,A42S,2.3,0.40292951464653015
ssym,centroid,gnn_global,123,1L63,K43A,1.0,0.2901647388935089
ssym,centroid,gnn_global,123,1L63,S44A,-0.3,0.1904556304216385
ssym,centroid,gnn_global,123,1L63,S44I,-0.3,0.14862696826457977
ssym,centroid,gnn_global,123,1L63,S44L,-0.4,0.1502402424812317
ssym,centroid,gnn_global,123,1L63,S44K,-0.2,0.22026924788951874
ssym,centroid,gnn_global,123,1L63,S44E,0.0,0.22218488156795502
ssym,centroid,gnn_global,123,1L63,S44G,0.5,0.20082160830497742
ssym,centroid,gnn_global,123,1L63,S44R,-0.2,0.1998956799507141
ssym,centroid,gnn_global,123,1L63,S44N,0.1,0.2122500240802765
ssym,centroid,gnn_global,123,1L63,S44F,-0.1,0.16183163225650787
ssym,centroid,gnn_global,123,1L63,S44P,3.0,0.23213528096675873
ssym,centroid,gnn_global,123,1L63,S44T,0.0,0.2032836228609085
ssym,centroid,gnn_global,123,1L63,S44V,-0.1,0.15877960622310638
ssym,centroid,gnn_global,123,1L63,L46A,1.9,0.47692152857780457
ssym,centroid,gnn_global,123,1L63,D47A,1.0,0.2033519446849823
ssym,centroid,gnn_global,123,1L63,A49S,0.5,0.3803192377090454
ssym,centroid,gnn_global,123,1L63,I50A,2.0,0.40553799271583557
ssym,centroid,gnn_global,123,1L63,I50M,0.4,0.40249067544937134
ssym,centroid,gnn_global,123,1L63,I58A,3.2,0.5156532526016235
ssym,centroid,gnn_global,123,1L63,I58T,3.4,0.5404687523841858
ssym,centroid,gnn_global,123,1L63,T59A,1.5,0.29154857993125916
ssym,centroid,gnn_global,123,1L63,T59D,1.2,0.36618831753730774
ssym,centroid,gnn_global,123,1L63,T59G,1.6,0.31228023767471313
ssym,centroid,gnn_global,123,1L63,T59N,1.1,0.321499764919281
ssym,centroid,gnn_global,123,1L63,T59S,0.2,0.32895731925964355
ssym,centroid,gnn_global,123,1L63,T59V,1.5,0.2636626660823822
ssym,centroid,gnn_global,123,1L63,L66M,1.0,0.4902721345424652
ssym,centroid,gnn_global,123,1L63,F67A,1.9,0.47958722710609436
ssym,centroid,gnn_global,123,1L63,D72P,2.7,0.2578013241291046
ssym,centroid,gnn_global,123,1L63,A73S,0.4,0.364093154668808
ssym,centroid,gnn_global,123,1L63,V75T,1.3,0.4907362163066864
ssym,centroid,gnn_global,123,1L63,I78A,1.2,0.544413685798645
ssym,centroid,gnn_global,123,1L63,I78M,1.5,0.5379504561424255
ssym,centroid,gnn_global,123,1L63,I78V,0.8,0.5176423192024231
ssym,centroid,gnn_global,123,1L63,A82S,0.3,0.26150938868522644
ssym,centroid,gnn_global,123,1L63,L84A,2.6,0.519544243812561
ssym,centroid,gnn_global,123,1L63,L84M,1.9,0.5136169791221619
ssym,centroid,gnn_global,123,1L63,V87A,1.7,0.37433984875679016
ssym,centroid,gnn_global,123,1L63,V87M,2.3,0.3740781247615814
ssym,centroid,gnn_global,123,1L63,V87I,0.3,0.3254542648792267
ssym,centroid,gnn_global,123,1L63,V87T,1.6,0.394796222448349
ssym,centroid,gnn_global,123,1L63,L91A,3.9,0.41560953855514526
ssym,centroid,gnn_global,123,1L63,L91M,0.8,0.4168868362903595
ssym,centroid,gnn_global,123,1L63,D92N,1.4,0.2143177092075348
ssym,centroid,gnn_global,123,1L63,A93S,0.2,0.2903124988079071
ssym,centroid,gnn_global,123,1L63,A98C,1.0,0.5132495164871216
ssym,centroid,gnn_global,123,1L63,A98L,4.3,0.40839245915412903
ssym,centroid,gnn_global,123,1L63,A98S,2.5,0.5414817333221436
ssym,centroid,gnn_global,123,1L63,A98V,3.2,0.4439278244972229
ssym,centroid,gnn_global,123,1L63,L99A,4.5,0.584635317325592
ssym,centroid,gnn_global,123,1L63,L99F,0.3,0.5343096256256104
ssym,centroid,gnn_global,123,1L63,L99I,1.5,0.5203818082809448
ssym,centroid,gnn_global,123,1L63,L99M,0.6,0.5770138502120972
ssym,centroid,gnn_global,123,1L63,L99V,2.0,0.5591994524002075
ssym,centroid,gnn_global,123,1L63,I100A,3.4,0.5711846351623535
ssym,centroid,gnn_global,123,1L63,I100M,1.6,0.5634782314300537
ssym,centroid,gnn_global,123,1L63,I100V,0.4,0.5474949479103088
ssym,centroid,gnn_global,123,1L63,N101A,1.5,0.4018023908138275
ssym,centroid,gnn_global,123,1L63,M102L,1.0,0.4255031645298004
ssym,centroid,gnn_global,123,1L63,V103A,2.2,0.513839066028595
ssym,centroid,gnn_global,123,1L63,V103I,0.5,0.45600056648254395
ssym,centroid,gnn_global,123,1L63,V103M,1.2,0.5057274103164673
ssym,centroid,gnn_global,123,1L63,F104M,0.4,0.44633373618125916
ssym,centroid,gnn_global,123,1L63,Q105M,1.2,0.2902258336544037
ssym,centroid,gnn_global,123,1L63,M106I,-0.2,0.3700757622718811
ssym,centroid,gnn_global,123,1L63,M106L,-0.5,0.365953654050827
ssym,centroid,gnn_global,123,1L63,M106K,3.4,0.45892834663391113
ssym,centroid,gnn_global,123,1L63,T109D,-0.6,0.36689433455467224
ssym,centroid,gnn_global,123,1L63,T109N,-0.1,0.3304469883441925
ssym,centroid,gnn_global,123,1L63,V111A,1.3,0.5248693227767944
ssym,centroid,gnn_global,123,1L63,V111I,0.9,0.4668789207935333
ssym,centroid,gnn_global,123,1L63,V111M,0.7,0.5168402194976807
ssym,centroid,gnn_global,123,1L63,S117F,-1.1,0.27832695841789246
ssym,centroid,gnn_global,123,1L63,L118A,3.2,0.517450749874115
ssym,centroid,gnn_global,123,1L63,L118M,0.7,0.5113286375999451
ssym,centroid,gnn_global,123,1L63,M120L,-0.5,0.22806458175182343
ssym,centroid,gnn_global,123,1L63,M120K,1.6,0.30271467566490173
ssym,centroid,gnn_global,123,1L63,M120Y,0.1,0.26639965176582336
ssym,centroid,gnn_global,123,1L63,L121M,0.8,0.4951244294643402
ssym,centroid,gnn_global,123,1L63,A129F,1.2,0.34437838196754456
ssym,centroid,gnn_global,123,1L63,A129W,2.2,0.3937312960624695
ssym,centroid,gnn_global,123,1L63,A130S,-1.0,0.42809584736824036
ssym,centroid,gnn_global,123,1L63,L133F,0.3,0.520553708076477
ssym,centroid,gnn_global,123,1L63,L133M,0.4,0.5591788291931152
ssym,centroid,gnn_global,123,1L63,A134S,0.1,0.3868047893047333
ssym,centroid,gnn_global,123,1L63,N144E,-0.5,0.18518395721912384
ssym,centroid,gnn_global,123,1L63,V149A,3.2,0.4690915644168854
ssym,centroid,gnn_global,123,1L63,V149C,2.0,0.5123125314712524
ssym,centroid,gnn_global,123,1L63,V149G,4.9,0.5046464800834656
ssym,centroid,gnn_global,123,1L63,V149I,0.1,0.4112941324710846
ssym,centroid,gnn_global,123,1L63,V149M,2.8,0.46625837683677673
ssym,centroid,gnn_global,123,1L63,V149T,2.8,0.4965421259403229
ssym,centroid,gnn_global,123,1L63,V149S,4.4,0.5384990572929382
ssym,centroid,gnn_global,123,1L63,T152A,1.5,0.3978714942932129
ssym,centroid,gnn_global,123,1L63,T152C,0.5,0.4398525357246399
ssym,centroid,gnn_global,123,1L63,T152I,0.4,0.3373057246208191
ssym,centroid,gnn_global,123,1L63,T152S,2.0,0.4589274823665619
ssym,centroid,gnn_global,123,1L63,T152V,-0.2,0.36070385575294495
ssym,centroid,gnn_global,123,1L63,F153A,3.8,0.5343602299690247
ssym,centroid,gnn_global,123,1L63,F153I,0.2,0.47464433312416077
ssym,centroid,gnn_global,123,1L63,F153L,-0.3,0.47126832604408264
ssym,centroid,gnn_global,123,1L63,F153M,0.6,0.5283690690994263
ssym,centroid,gnn_global,123,1L63,F153V,1.8,0.5086989402770996
ssym,centroid,gnn_global,123,1LZ1,V2A,1.5,0.7540571093559265
ssym,centroid,gnn_global,123,1LZ1,V2G,1.3,0.7717760801315308
ssym,centroid,gnn_global,123,1LZ1,V2S,1.4,0.7950655221939087
ssym,centroid,gnn_global,123,1LZ1,V2Y,0.4,0.7357744574546814
ssym,centroid,gnn_global,123,1LZ1,V2D,1.4,0.832922101020813
ssym,centroid,gnn_global,123,1LZ1,V2N,1.3,0.7904034852981567
ssym,centroid,gnn_global,123,1LZ1,V2R,0.4,0.7597041130065918
ssym,centroid,gnn_global,123,1LZ1,V2L,-0.3,0.6978962421417236
ssym,centroid,gnn_global,123,1LZ1,V2M,0.2,0.7493343353271484
ssym,centroid,gnn_global,123,1LZ1,V2F,0.8,0.7220611572265625
ssym,centroid,gnn_global,123,1LZ1,Y20F,0.5,0.6971599459648132
ssym,centroid,gnn_global,123,1LZ1,I23A,2.5,0.8659781813621521
ssym,centroid,gnn_global,123,1LZ1,I23V,0.4,0.8348575830459595
ssym,centroid,gnn_global,123,1LZ1,Y38F,0.2,0.8250776529312134
ssym,centroid,gnn_global,123,1LZ1,Y45F,-0.1,0.5047892928123474
ssym,centroid,gnn_global,123,1LZ1,A47P,-0.1,0.5865217447280884
ssym,centroid,gnn_global,123,1LZ1,Y54F,1.0,0.6915543675422668
ssym,centroid,gnn_global,123,1LZ1,I56A,3.7,1.0148566961288452
ssym,centroid,gnn_global,123,1LZ1,I56T,4.3,1.0468113422393799
ssym,centroid,gnn_global,123,1LZ1,I56V,1.2,0.9785213470458984
ssym,centroid,gnn_global,123,1LZ1,I59A,1.7,0.9601040482521057
ssym,centroid,gnn_global,123,1LZ1,I59G,3.8,0.9980148077011108
ssym,centroid,gnn_global,123,1LZ1,I59V,1.1,0.9269540905952454
ssym,centroid,gnn_global,123,1LZ1,Y63F,0.2,0.5930339097976685
ssym,centroid,gnn_global,123,1LZ1,P71G,1.6,0.525168240070343
ssym,centroid,gnn_global,123,1LZ1,V74A,0.4,0.7092892527580261
ssym,centroid,gnn_global,123,1LZ1,V74G,0.1,0.7243186235427856
ssym,centroid,gnn_global,123,1LZ1,V74I,1.9,0.662006676197052
ssym,centroid,gnn_global,123,1LZ1,V74L,0.4,0.658920407295227
ssym,centroid,gnn_global,123,1LZ1,V74M,0.4,0.7075523138046265
ssym,centroid,gnn_global,123,1LZ1,V74F,0.0,0.6794353723526001
ssym,centroid,gnn_global,123,1LZ1,V74Y,0.3,0.6943292617797852
ssym,centroid,gnn_global,123,1LZ1,V74D,0.4,0.7833934426307678
ssym,centroid,gnn_global,123,1LZ1,V74N,0.3,0.741297721862793
ssym,centroid,gnn_global,123,1LZ1,V74R,0.1,0.7153624296188354
ssym,centroid,gnn_global,123,1LZ1,V74S,0.4,0.7465353012084961
ssym,centroid,gnn_global,123,1LZ1,C77A,4.6,0.8129959106445312
ssym,centroid,gnn_global,123,1LZ1,I89A,2.7,1.016268253326416
ssym,centroid,gnn_global,123,1LZ1,I89V,0.5,0.9802569150924683
ssym,centroid,gnn_global,123,1LZ1,D91P,0.4,0.7419705986976624
ssym,centroid,gnn_global,123,1LZ1,V93A,0.7,0.9553099870681763
ssym,centroid,gnn_global,123,1LZ1,V99A,1.0,0.8592385649681091
ssym,centroid,gnn_global,123,1LZ1,V100A,0.3,0.8401923775672913
ssym,centroid,gnn_global,123,1LZ1,P103G,0.1,0.5281511545181274
ssym,centroid,gnn_global,123,1LZ1,I106A,0.9,0.8754894137382507
ssym,centroid,gnn_global,123,1LZ1,I106V,0.7,0.8459731340408325
ssym,centroid,gnn_global,123,1LZ1,V110A,-0.5,0.6182963252067566
ssym,centroid,gnn_global,123,1LZ1,V110D,-0.2,0.6820353865623474
ssym,centroid,gnn_global,123,1LZ1,V110G,2.2,0.6298644542694092
ssym,centroid,gnn_global,123,1LZ1,V110I,0.8,0.5828062295913696
ssym,centroid,gnn_global,123,1LZ1,V110L,-0.1,0.5811472535133362
ssym,centroid,gnn_global,123,1LZ1,V110M,-0.4,0.6204640865325928
ssym,centroid,gnn_global,123,1LZ1,V110N,-0.1,0.6436047554016113
ssym,centroid,gnn_global,123,1LZ1,V110R,-0.9,0.6321309208869934
ssym,centroid,gnn_global,123,1LZ1,V110F,1.9,0.597724437713623
ssym,centroid,gnn_global,123,1LZ1,V110P,-0.5,0.6593852043151855
ssym,centroid,gnn_global,123,1LZ1,V110Y,0.1,0.610991358757019
ssym,centroid,gnn_global,123,1LZ1,V121A,1.4,0.7523401379585266
ssym,centroid,gnn_global,123,1LZ1,Y124F,0.4,0.7476861476898193
ssym,centroid,gnn_global,123,1LZ1,V125A,1.3,0.8942314386367798
ssym,centroid,gnn_global,123,1LZ1,V130A,0.8,0.8274444341659546
ssym,centroid,gnn_global,123,1OH0,Y32F,-0.2,0.8196283578872681
ssym,centroid,gnn_global,123,1OH0,Y57F,1.2,0.9085774421691895
ssym,centroid,gnn_global,123,1RN1,Q25K,-1.4,1.3382972478866577
ssym,centroid,gnn_global,123,1VQB,I47L,0.4,1.1274245977401733
ssym,centroid,gnn_global,123,1VQB,I47M,1.7,1.2349493503570557
ssym,centroid,gnn_global,123,1VQB,I47V,2.0,1.193658709526062
ssym,centroid,gnn_global,123,1VQB,V35I,0.6,1.0855565071105957
ssym,centroid,gnn_global,123,1VQB,Y41F,3.2,0.5665236115455627
ssym,centroid,gnn_global,123,2LZM,I3L,-0.7,0.5226383805274963
ssym,centroid,gnn_global,123,2LZM,I3C,0.0,0.6136890649795532
ssym,centroid,gnn_global,123,2LZM,I3P,3.0,0.6531673669815063
ssym,centroid,gnn_global,123,2LZM,I3Y,2.3,0.5573678016662598
ssym,centroid,gnn_global,123,2LZM,I3V,0.4,0.5560267567634583
ssym,centroid,gnn_global,123,2LZM,M6I,1.4,0.4527597427368164
ssym,centroid,gnn_global,123,2LZM,K16E,-0.5,0.3956708014011383
ssym,centroid,gnn_global,123,2LZM,S38D,-0.6,0.3544100224971771
ssym,centroid,gnn_global,123,2LZM,N55G,0.6,0.3379208743572235
ssym,centroid,gnn_global,123,2LZM,K60P,0.0,0.350816935300827
ssym,centroid,gnn_global,123,2LZM,G77A,-0.4,0.4143599569797516
ssym,centroid,gnn_global,123,2LZM,A82P,-0.8,0.3278135359287262
ssym,centroid,gnn_global,123,2LZM,K85A,0.6,0.2659360468387604
ssym,centroid,gnn_global,123,2LZM,D89A,0.5,0.22060920298099518
ssym,centroid,gnn_global,123,2LZM,R96A,2.0,0.28721389174461365
ssym,centroid,gnn_global,123,2LZM,R96D,3.5,0.35551944375038147
ssym,centroid,gnn_global,123,2LZM,R96M,2.7,0.29181593656539917
ssym,centroid,gnn_global,123,2LZM,R96E,2.5,0.3211621344089508
ssym,centroid,gnn_global,123,2LZM,R96G,2.6,0.30059343576431274
ssym,centroid,gnn_global,123,2LZM,R96Q,0.3,0.29791128635406494
ssym,centroid,gnn_global,123,2LZM,R96H,3.1,0.31394198536872864
ssym,centroid,gnn_global,123,2LZM,R96N,3.0,0.31285980343818665
ssym,centroid,gnn_global,123,2LZM,R96K,0.0,0.32053548097610474
ssym,centroid,gnn_global,123,2LZM,R96S,2.6,0.3231356739997864
ssym,centroid,gnn_global,123,2LZM,R96Y,4.7,0.2827368974685669
ssym,centroid,gnn_global,123,2LZM,R96V,2.4,0.260241836309433
ssym,centroid,gnn_global,123,2LZM,R96W,4.5,0.2851853668689728
ssym,centroid,gnn_global,123,2LZM,A98V,4.9,0.5010237097740173
ssym,centroid,gnn_global,123,2LZM,Q105A,0.6,0.3707750737667084
ssym,centroid,gnn_global,123,2LZM,Q105E,1.1,0.4175547659397125
ssym,centroid,gnn_global,123,2LZM,Q105G,1.5,0.39373305439949036
ssym,centroid,gnn_global,123,2LZM,G113A,-0.3,0.40416285395622253
ssym,centroid,gnn_global,123,2LZM,T115E,-0.3,0.3701372742652893
ssym,centroid,gnn_global,123,2LZM,N116D,-0.6,0.3167613446712494
ssym,centroid,gnn_global,123,2LZM,R119E,0.0,0.2091873735189438
ssym,centroid,gnn_global,123,2LZM,Q123E,-0.4,0.22310428321361542
ssym,centroid,gnn_global,123,2LZM,K124G,0.1,0.25177857279777527
ssym,centroid,gnn_global,123,2LZM,V131A,-0.3,0.4118752181529999
ssym,centroid,gnn_global,123,2LZM,V131D,-0.1,0.4865996539592743
ssym,centroid,gnn_global,123,2LZM,V131G,0.7,0.4285205900669098
ssym,centroid,gnn_global,123,2LZM,V131I,-0.2,0.3631363809108734
ssym,centroid,gnn_global,123,2LZM,V131L,-0.1,0.36276185512542725
ssym,centroid,gnn_global,123,2LZM,V131S,0.1,0.44847002625465393
ssym,centroid,gnn_global,123,2LZM,V131M,-0.1,0.41164344549179077
ssym,centroid,gnn_global,123,2LZM,V131E,-0.2,0.45240911841392517
ssym,centroid,gnn_global,123,2LZM,L133A,4.2,0.628261923789978
ssym,centroid,gnn_global,123,2LZM,K135E,1.0,0.32988372445106506
ssym,centroid,gnn_global,123,2LZM,N144D,-0.4,0.2551065683364868
ssym,centroid,gnn_global,123,2LZM,K147E,0.7,0.28891637921333313
ssym,centroid,gnn_global,123,2LZM,V149C,2.2,0.5801016688346863
ssym,centroid,gnn_global,123,2LZM,T152S,2.6,0.5161314010620117
ssym,centroid,gnn_global,123,2LZM,R154E,1.1,0.34796085953712463
ssym,centroid,gnn_global,123,2LZM,G156D,2.3,0.3769052028656006
ssym,centroid,gnn_global,123,2LZM,T157A,0.5,0.3067030608654022
ssym,centroid,gnn_global,123,2LZM,T157C,1.3,0.3362085521221161
ssym,centroid,gnn_global,123,2LZM,T157D,1.1,0.3792153596878052
ssym,centroid,gnn_global,123,2LZM,T157E,0.8,0.3451922833919525
ssym,centroid,gnn_global,123,2LZM,T157F,2.4,0.2790133059024811
ssym,centroid,gnn_global,123,2LZM,T157G,1.1,0.3215458393096924
ssym,centroid,gnn_global,123,2LZM,T157H,2.1,0.3390897810459137
ssym,centroid,gnn_global,123,2LZM,T157I,1.5,0.265291690826416
ssym,centroid,gnn_global,123,2LZM,T157L,1.7,0.2618573307991028
ssym,centroid,gnn_global,123,2LZM,T157N,1.2,0.33440569043159485
ssym,centroid,gnn_global,123,2LZM,T157R,-0.3,0.32114842534065247
ssym,centroid,gnn_global,123,2LZM,T157S,0.7,0.3433290421962738
ssym,centroid,gnn_global,123,2LZM,T157V,1.2,0.2760735750198364
ssym,centroid,gnn_global,123,2RN2,D10N,-0.9,0.6130884289741516
ssym,centroid,gnn_global,123,2RN2,E48Q,-0.2,0.609251856803894
ssym,centroid,gnn_global,123,2RN2,A52F,0.5,0.8358757495880127
ssym,centroid,gnn_global,123,2RN2,A52I,-1.9,0.8201190233230591
ssym,centroid,gnn_global,123,2RN2,A52L,-1.3,0.8148036003112793
ssym,centroid,gnn_global,123,2RN2,A52V,-1.7,0.8577799797058105
ssym,centroid,gnn_global,123,2RN2,H62A,-0.4,0.5722277760505676
ssym,centroid,gnn_global,123,2RN2,H62P,-1.1,0.6198914051055908
ssym,centroid,gnn_global,123,2RN2,D70N,-0.9,0.5329979658126831
ssym,centroid,gnn_global,123,2RN2,V74L,-1.0,0.7602427005767822
ssym,centroid,gnn_global,123,2RN2,V74I,-0.6,0.7631648778915405
ssym,centroid,gnn_global,123,2RN2,G77A,0.9,0.6362845301628113
ssym,centroid,gnn_global,123,2RN2,K95A,-0.1,0.4898703396320343
ssym,centroid,gnn_global,123,2RN2,K95G,-1.9,0.4988935887813568
ssym,centroid,gnn_global,123,2RN2,K95N,-0.9,0.5040010213851929
ssym,centroid,gnn_global,123,2RN2,D134A,-2.1,0.5172380805015564
ssym,centroid,gnn_global,123,2RN2,D134H,-2.3,0.5423697829246521
ssym,centroid,gnn_global,123,2RN2,D134N,-1.0,0.5352190136909485
ssym,centroid,gnn_global,123,4LYZ,M12F,-0.5,1.1927868127822876
ssym,centroid,gnn_global,123,4LYZ,M12L,0.4,1.1667978763580322
ssym,centroid,gnn_global,123,4LYZ,T40S,0.3,1.1432087421417236
ssym,centroid,gnn_global,123,4LYZ,G49A,0.7,0.8019999861717224
ssym,centroid,gnn_global,123,4LYZ,I55V,0.9,1.2414766550064087
ssym,centroid,gnn_global,123,4LYZ,I58M,1.2,1.2191470861434937
ssym,centroid,gnn_global,123,4LYZ,G67A,0.5,0.8219730854034424
ssym,centroid,gnn_global,123,4LYZ,G71A,2.1,0.7856115698814392
ssym,centroid,gnn_global,123,4LYZ,I78M,0.9,1.139543056488037
ssym,centroid,gnn_global,123,4LYZ,S91A,0.2,1.1132646799087524
ssym,centroid,gnn_global,123,4LYZ,S91T,-1.0,1.1422786712646484
ssym,centroid,gnn_global,123,4LYZ,I98M,0.9,1.1363996267318726
ssym,centroid,gnn_global,123,4LYZ,G102A,1.2,0.847996711730957
ssym,centroid,gnn_global,123,4LYZ,G117A,0.8,0.9027244448661804
ssym,centroid,gnn_global,123,5PTI,F22A,1.2,1.5746089220046997
ssym,centroid,gnn_global,123,5PTI,Y23A,5.9,1.6485062837600708
ssym,centroid,gnn_global,123,5PTI,Y35G,5.0,1.517325758934021
ssym,centroid,gnn_global,123,5PTI,N43G,5.7,1.3594330549240112
ssym,centroid,gnn_global,123,5PTI,F45A,6.9,1.448764443397522
ssym,centroid,gnn_local,42,1AMQ,C191Y,2.3,1.2632007598876953
ssym,centroid,gnn_local,42,1AMQ,C191F,1.6,1.246091604232788
ssym,centroid,gnn_local,42,1AMQ,C191W,3.9,1.0310282707214355
ssym,centroid,gnn_local,42,1AMQ,C191S,1.9,1.410409688949585
ssym,centroid,gnn_local,42,1BNI,F7L,4.1,1.1770954132080078
ssym,centroid,gnn_local,42,1BNI,L14A,4.5,1.5639934539794922
ssym,centroid,gnn_local,42,1BNI,T26A,1.7,0.815043568611145
ssym,centroid,gnn_local,42,1BNI,I51V,1.1,1.3307538032531738
ssym,centroid,gnn_local,42,1BNI,I76A,1.7,2.1393723487854004
ssym,centroid,gnn_local,42,1BNI,I76V,1.0,1.6108856201171875
ssym,centroid,gnn_local,42,1BNI,Y78F,1.1,0.6944643259048462
ssym,centroid,gnn_local,42,1BNI,I88A,4.0,1.997020959854126
ssym,centroid,gnn_local,42,1BNI,I88V,1.6,1.5529229640960693
ssym,centroid,gnn_local,42,1BNI,L89V,0.5,1.6494500637054443
ssym,centroid,gnn_local,42,1BNI,S91A,2.4,0.6168182492256165
ssym,centroid,gnn_local,42,1BNI,I96A,3.2,1.5750733613967896
ssym,centroid,gnn_local,42,1BNI,I96V,3.1,1.055438756942749
ssym,centroid,gnn_local,42,1CEY,D12A,-2.5,1.0889794826507568
ssym,centroid,gnn_local,42,1CEY,D13A,-2.7,0.3636365532875061
ssym,centroid,gnn_local,42,1CEY,D57A,-3.3,0.7861778736114502
ssym,centroid,gnn_local,42,1EY0,T22C,0.9,0.8069899678230286
ssym,centroid,gnn_local,42,1EY0,T22V,0.9,0.6243103742599487
ssym,centroid,gnn_local,42,1EY0,V23L,0.1,1.9352127313613892
ssym,centroid,gnn_local,42,1EY0,L25I,1.7,1.533874273300171
ssym,centroid,gnn_local,42,1EY0,T33V,-0.4,0.7369505763053894
ssym,centroid,gnn_local,42,1EY0,T41C,-0.6,1.9244195222854614
ssym,centroid,gnn_local,42,1EY0,T41I,-0.7,1.5581698417663574
ssym,centroid,gnn_local,42,1EY0,T41S,1.1,2.08298659324646
ssym,centroid,gnn_local,42,1EY0,T41V,-0.8,1.642859935760498
ssym,centroid,gnn_local,42,1EY0,T44V,-0.1,0.6154232025146484
ssym,centroid,gnn_local,42,1EY0,S59A,-0.5,1.2837576866149902
ssym,centroid,gnn_local,42,1EY0,T62S,2.1,2.049454927444458
ssym,centroid,gnn_local,42,1EY0,T62V,0.2,1.595099925994873
ssym,centroid,gnn_local,42,1EY0,V66I,1.0,1.7721340656280518
ssym,centroid,gnn_local,42,1EY0,V66L,0.3,1.8735909461975098
ssym,centroid,gnn_local,42,1EY0,V66K,7.5,2.501477003097534
ssym,centroid,gnn_local,42,1EY0,I72L,0.2,1.738552212715149
ssym,centroid,gnn_local,42,1EY0,I72V,1.2,2.005958080291748
ssym,centroid,gnn_local,42,1EY0,T82S,0.7,0.5110046863555908
ssym,centroid,gnn_local,42,1EY0,I92V,0.4,2.0772273540496826
ssym,centroid,gnn_local,42,1EY0,K116G,-1.0,0.6318812370300293
ssym,centroid,gnn_local,42,1EY0,P117A,-0.8,0.5009051561355591
ssym,centroid,gnn_local,42,1EY0,P117G,-0.9,0.5530974864959717
ssym,centroid,gnn_local,42,1EY0,P117T,-1.1,0.5190389752388
ssym,centroid,gnn_local,42,1EY0,T120C,1.7,0.4195987582206726
ssym,centroid,gnn_local,42,1EY0,T120S,0.6,0.6816844344139099
ssym,centroid,gnn_local,42,1EY0,T120V,1.8,0.44969189167022705
ssym,centroid,gnn_local,42,1EY0,S128A,-0.7,0.5969781279563904
ssym,centroid,gnn_local,42,1IHB,F71N,-0.7,1.2059392929077148
ssym,centroid,gnn_local,42,1IHB,F82Q,0.4,1.38456392288208
ssym,centroid,gnn_local,42,1IHB,F92N,1.1,1.1793581247329712
ssym,centroid,gnn_local,42,1IOB,T9G,2.6,1.6395975351333618
ssym,centroid,gnn_local,42,1L63,M6A,1.9,1.7922167778015137
ssym,centroid,gnn_local,42,1L63,M6L,2.8,1.3718786239624023
ssym,centroid,gnn_local,42,1L63,E11H,-0.1,0.7109640836715698
ssym,centroid,gnn_local,42,1L63,E11N,0.1,0.8461430072784424
ssym,centroid,gnn_local,42,1L63,I17A,2.7,1.6105971336364746
ssym,centroid,gnn_local,42,1L63,D20A,0.3,0.5479526519775391
ssym,centroid,gnn_local,42,1L63,D20N,-1.3,0.626917839050293
ssym,centroid,gnn_local,42,1L63,D20S,-0.7,0.3762019872665405
ssym,centroid,gnn_local,42,1L63,I27A,3.1,2.346574068069458
ssym,centroid,gnn_local,42,1L63,I27M,3.1,2.0054848194122314
ssym,centroid,gnn_local,42,1L63,I29A,2.6,1.920030117034912
ssym,centroid,gnn_local,42,1L63,S38N,0.0,0.48452311754226685
ssym,centroid,gnn_local,42,1L63,A41S,0.6,0.37231963872909546
ssym,centroid,gnn_local,42,1L63,A42V,2.7,0.6905014514923096
ssym,centroid,gnn_local,42,1L63,A42S,2.3,1.2254397869110107
ssym,centroid,gnn_local,42,1L63,K43A,1.0,0.5579238533973694
ssym,centroid,gnn_local,42,1L63,S44A,-0.3,0.21740171313285828
ssym,centroid,gnn_local,42,1L63,S44I,-0.3,0.13214059174060822
ssym,centroid,gnn_local,42,1L63,S44L,-0.4,0.1709083467721939
ssym,centroid,gnn_local,42,1L63,S44K,-0.2,0.20722539722919464
ssym,centroid,gnn_local,42,1L63,S44E,0.0,0.6298764944076538
ssym,centroid,gnn_local,42,1L63,S44G,0.5,0.38679200410842896
ssym,centroid,gnn_local,42,1L63,S44R,-0.2,0.2606773376464844
ssym,centroid,gnn_local,42,1L63,S44N,0.1,0.4077712297439575
ssym,centroid,gnn_local,42,1L63,S44F,-0.1,0.23386956751346588
ssym,centroid,gnn_local,42,1L63,S44P,3.0,0.5134461522102356
ssym,centroid,gnn_local,42,1L63,S44T,0.0,0.34578317403793335
ssym,centroid,gnn_local,42,1L63,S44V,-0.1,0.17746514081954956
ssym,centroid,gnn_local,42,1L63,L46A,1.9,1.9719789028167725
ssym,centroid,gnn_local,42,1L63,D47A,1.0,0.4479236602783203
ssym,centroid,gnn_local,42,1L63,A49S,0.5,0.7307747602462769
ssym,centroid,gnn_local,42,1L63,I50A,2.0,1.749457597732544
ssym,centroid,gnn_local,42,1L63,I50M,0.4,1.4958031177520752
ssym,centroid,gnn_local,42,1L63,I58A,3.2,2.2645046710968018
ssym,centroid,gnn_local,42,1L63,I58T,3.4,2.384039878845215
ssym,centroid,gnn_local,42,1L63,T59A,1.5,0.7156577110290527
ssym,centroid,gnn_local,42,1L63,T59D,1.2,1.0162945985794067
ssym,centroid,gnn_local,42,1L63,T59G,1.6,0.8863556981086731
ssym,centroid,gnn_local,42,1L63,T59N,1.1,0.8368356823921204
ssym,centroid,gnn_local,42,1L63,T59S,0.2,0.6063218116760254
ssym,centroid,gnn_local,42,1L63,T59V,1.5,0.29398488998413086
ssym,centroid,gnn_local,42,1L63,L66M,1.0,1.519965648651123
ssym,centroid,gnn_local,42,1L63,F67A,1.9,1.6722743511199951
ssym,centroid,gnn_local,42,1L63,D72P,2.7,0.17822979390621185
ssym,centroid,gnn_local,42,1L63,A73S,0.4,0.6633938550949097
ssym,centroid,gnn_local,42,1L63,V75T,1.3,1.8580021858215332
ssym,centroid,gnn_local,42,1L63,I78A,1.2,2.0669448375701904
ssym,centroid,gnn_local,42,1L63,I78M,1.5,1.7459144592285156
ssym,centroid,gnn_local,42,1L63,I78V,0.8,1.6667689085006714
ssym,centroid,gnn_local,42,1L63,A82S,0.3,0.12289270758628845
ssym,centroid,gnn_local,42,1L63,L84A,2.6,2.2542970180511475
ssym,centroid,gnn_local,42,1L63,L84M,1.9,1.9701199531555176
ssym,centroid,gnn_local,42,1L63,V87A,1.7,1.4177448749542236
ssym,centroid,gnn_local,42,1L63,V87M,2.3,1.0620527267456055
ssym,centroid,gnn_local,42,1L63,V87I,0.3,0.7780869603157043
ssym,centroid,gnn_local,42,1L63,V87T,1.6,1.6420609951019287
ssym,centroid,gnn_local,42,1L63,L91A,3.9,1.6115118265151978
ssym,centroid,gnn_local,42,1L63,L91M,0.8,1.260598063468933
ssym,centroid,gnn_local,42,1L63,D92N,1.4,0.2037326842546463
ssym,centroid,gnn_local,42,1L63,A93S,0.2,0.020637810230255127
ssym,centroid,gnn_local,42,1L63,A98C,1.0,1.5777103900909424
ssym,centroid,gnn_local,42,1L63,A98L,4.3,1.0763850212097168
ssym,centroid,gnn_local,42,1L63,A98S,2.5,1.788564682006836
ssym,centroid,gnn_local,42,1L63,A98V,3.2,1.2522468566894531
ssym,centroid,gnn_local,42,1L63,L99A,4.5,1.9408738613128662
ssym,centroid,gnn_local,42,1L63,L99F,0.3,1.4827940464019775
ssym,centroid,gnn_local,42,1L63,L99I,1.5,1.257277250289917
ssym,centroid,gnn_local,42,1L63,L99M,0.6,1.5938115119934082
ssym,centroid,gnn_local,42,1L63,L99V,2.0,1.6046420335769653
ssym,centroid,gnn_local,42,1L63,I100A,3.4,1.7368927001953125
ssym,centroid,gnn_local,42,1L63,I100M,1.6,1.3955979347229004
ssym,centroid,gnn_local,42,1L63,I100V,0.4,1.4128367900848389
ssym,centroid,gnn_local,42,1L63,N101A,1.5,1.5098578929901123
ssym,centroid,gnn_local,42,1L63,M102L,1.0,1.1482337713241577
ssym,centroid,gnn_local,42,1L63,V103A,2.2,1.6961262226104736
ssym,centroid,gnn_local,42,1L63,V103I,0.5,0.9962036609649658
ssym,centroid,gnn_local,42,1L63,V103M,1.2,1.3250384330749512
ssym,centroid,gnn_local,42,1L63,F104M,0.4,1.1932122707366943
ssym,centroid,gnn_local,42,1L63,Q105M,1.2,0.5787469148635864
ssym,centroid,gnn_local,42,1L63,M106I,-0.2,0.5183650255203247
ssym,centroid,gnn_local,42,1L63,M106L,-0.5,0.6484758853912354
ssym,centroid,gnn_local,42,1L63,M106K,3.4,1.3463776111602783
ssym,centroid,gnn_local,42,1L63,T109D,-0.6,0.9235378503799438
ssym,centroid,gnn_local,42,1L63,T109N,-0.1,0.9216322898864746
ssym,centroid,gnn_local,42,1L63,V111A,1.3,1.940093755722046
ssym,centroid,gnn_local,42,1L63,V111I,0.9,1.1622178554534912
ssym,centroid,gnn_local,42,1L63,V111M,0.7,1.5480726957321167
ssym,centroid,gnn_local,42,1L63,S117F,-1.1,0.8023617267608643
ssym,centroid,gnn_local,42,1L63,L118A,3.2,2.1846234798431396
ssym,centroid,gnn_local,42,1L63,L118M,0.7,1.8606029748916626
ssym,centroid,gnn_local,42,1L63,M120L,-0.5,0.36877602338790894
ssym,centroid,gnn_local,42,1L63,M120K,1.6,0.5668002963066101
ssym,centroid,gnn_local,42,1L63,M120Y,0.1,0.5932164788246155
ssym,centroid,gnn_local,42,1L63,L121M,0.8,1.7450830936431885
ssym,centroid,gnn_local,42,1L63,A129F,1.2,0.9403506517410278
ssym,centroid,gnn_local,42,1L63,A129W,2.2,0.7446709871292114
ssym,centroid,gnn_local,42,1L63,A130S,-1.0,1.1325552463531494
ssym,centroid,gnn_local,42,1L63,L133F,0.3,1.8240158557891846
ssym,centroid,gnn_local,42,1L63,L133M,0.4,1.713088870048523
ssym,centroid,gnn_local,42,1L63,A134S,0.1,0.4465487003326416
ssym,centroid,gnn_local,42,1L63,N144E,-0.5,0.25844043493270874
ssym,centroid,gnn_local,42,1L63,V149A,3.2,2.083920478820801
ssym,centroid,gnn_local,42,1L63,V149C,2.0,2.060368537902832
ssym,centroid,gnn_local,42,1L63,V149G,4.9,2.339731454849243
ssym,centroid,gnn_local,42,1L63,V149I,0.1,1.621955156326294
ssym,centroid,gnn_local,42,1L63,V149M,2.8,1.8478397130966187
ssym,centroid,gnn_local,42,1L63,V149T,2.8,2.341966152191162
ssym,centroid,gnn_local,42,1L63,V149S,4.4,2.1270511150360107
ssym,centroid,gnn_local,42,1L63,T152A,1.5,1.465366005897522
ssym,centroid,gnn_local,42,1L63,T152C,0.5,1.4198431968688965
ssym,centroid,gnn_local,42,1L63,T152I,0.4,0.8884303569793701
ssym,centroid,gnn_local,42,1L63,T152S,2.0,1.4702272415161133
ssym,centroid,gnn_local,42,1L63,T152V,-0.2,0.9885838031768799
ssym,centroid,gnn_local,42,1L63,F153A,3.8,1.9020901918411255
ssym,centroid,gnn_local,42,1L63,F153I,0.2,1.3671090602874756
ssym,centroid,gnn_local,42,1L63,F153L,-0.3,1.4679462909698486
ssym,centroid,gnn_local,42,1L63,F153M,0.6,1.6559793949127197
ssym,centroid,gnn_local,42,1L63,F153V,1.8,1.5900944471359253
ssym,centroid,gnn_local,42,1LZ1,V2A,1.5,0.8103547692298889
ssym,centroid,gnn_local,42,1LZ1,V2G,1.3,1.1333410739898682
ssym,centroid,gnn_local,42,1LZ1,V2S,1.4,0.7909195423126221
ssym,centroid,gnn_local,42,1LZ1,V2Y,0.4,0.634624719619751
ssym,centroid,gnn_local,42,1LZ1,V2D,1.4,1.2542409896850586
ssym,centroid,gnn_local,42,1LZ1,V2N,1.3,1.2612589597702026
ssym,centroid,gnn_local,42,1LZ1,V2R,0.4,0.884893536567688
ssym,centroid,gnn_local,42,1LZ1,V2L,-0.3,0.41077834367752075
ssym,centroid,gnn_local,42,1LZ1,V2M,0.2,0.5253506898880005
ssym,centroid,gnn_local,42,1LZ1,V2F,0.8,0.65087890625
ssym,centroid,gnn_local,42,1LZ1,Y20F,0.5,0.5922249555587769
ssym,centroid,gnn_local,42,1LZ1,I23A,2.5,1.4557359218597412
ssym,centroid,gnn_local,42,1LZ1,I23V,0.4,1.0048573017120361
ssym,centroid,gnn_local,42,1LZ1,Y38F,0.2,0.9651551842689514
ssym,centroid,gnn_local,42,1LZ1,Y45F,-0.1,0.45082902908325195
ssym,centroid,gnn_local,42,1LZ1,A47P,-0.1,0.6476628184318542
ssym,centroid,gnn_local,42,1LZ1,Y54F,1.0,1.1471641063690186
ssym,centroid,gnn_local,42,1LZ1,I56A,3.7,2.5263912677764893
ssym,centroid,gnn_local,42,1LZ1,I56T,4.3,2.771977424621582
ssym,centroid,gnn_local,42,1LZ1,I56V,1.2,2.1819722652435303
ssym,centroid,gnn_local,42,1LZ1,I59A,1.7,2.457427978515625
ssym,centroid,gnn_local,42,1LZ1,I59G,3.8,2.6961472034454346
ssym,centroid,gnn_local,42,1LZ1,I59V,1.1,2.1103646755218506
ssym,centroid,gnn_local,42,1LZ1,Y63F,0.2,0.22302629053592682
ssym,centroid,gnn_local,42,1LZ1,P71G,1.6,0.7350633144378662
ssym,centroid,gnn_local,42,1LZ1,V74A,0.4,0.6936545372009277
ssym,centroid,gnn_local,42,1LZ1,V74G,0.1,1.0590052604675293
ssym,centroid,gnn_local,42,1LZ1,V74I,1.9,0.21016372740268707
ssym,centroid,gnn_local,42,1LZ1,V74L,0.4,0.3132217526435852
ssym,centroid,gnn_local,42,1LZ1,V74M,0.4,0.4079734683036804
ssym,centroid,gnn_local,42,1LZ1,V74F,0.0,0.5222405791282654
ssym,centroid,gnn_local,42,1LZ1,V74Y,0.3,0.530288577079773
ssym,centroid,gnn_local,42,1LZ1,V74D,0.4,1.1380892992019653
ssym,centroid,gnn_local,42,1LZ1,V74N,0.3,1.1202929019927979
ssym,centroid,gnn_local,42,1LZ1,V74R,0.1,0.8325182795524597
ssym,centroid,gnn_local,42,1LZ1,V74S,0.4,0.6437634229660034
ssym,centroid,gnn_local,42,1LZ1,C77A,4.6,1.4103903770446777
ssym,centroid,gnn_local,42,1LZ1,I89A,2.7,2.499758005142212
ssym,centroid,gnn_local,42,1LZ1,I89V,0.5,2.0753819942474365
ssym,centroid,gnn_local,42,1LZ1,D91P,0.4,0.7648612260818481
ssym,centroid,gnn_local,42,1LZ1,V93A,0.7,1.9486773014068604
ssym,centroid,gnn_local,42,1LZ1,V99A,1.0,1.808060884475708
ssym,centroid,gnn_local,42,1LZ1,V100A,0.3,1.5273659229278564
ssym,centroid,gnn_local,42,1LZ1,P103G,0.1,0.32356005907058716
ssym,centroid,gnn_local,42,1LZ1,I106A,0.9,1.5192583799362183
ssym,centroid,gnn_local,42,1LZ1,I106V,0.7,1.1008412837982178
ssym,centroid,gnn_local,42,1LZ1,V110A,-0.5,0.4030192494392395
ssym,centroid,gnn_local,42,1LZ1,V110D,-0.2,0.7209299206733704
ssym,centroid,gnn_local,42,1LZ1,V110G,2.2,0.7858365774154663
ssym,centroid,gnn_local,42,1LZ1,V110I,0.8,0.2818116545677185
ssym,centroid,gnn_local,42,1LZ1,V110L,-0.1,0.28288328647613525
ssym,centroid,gnn_local,42,1LZ1,V110M,-0.4,0.21835632622241974
ssym,centroid,gnn_local,42,1LZ1,V110N,-0.1,0.6568418741226196
ssym,centroid,gnn_local,42,1LZ1,V110R,-0.9,0.45724421739578247
ssym,centroid,gnn_local,42,1LZ1,V110F,1.9,0.388759970664978
ssym,centroid,gnn_local,42,1LZ1,V110P,-0.5,0.6882482171058655
ssym,centroid,gnn_local,42,1LZ1,V110Y,0.1,0.25315141677856445
ssym,centroid,gnn_local,42,1LZ1,V121A,1.4,1.4505836963653564
ssym,centroid,gnn_local,42,1LZ1,Y124F,0.4,0.8029646873474121
ssym,centroid,gnn_local,42,1LZ1,V125A,1.3,1.8409878015518188
ssym,centroid,gnn_local,42,1LZ1,V130A,0.8,1.4797486066818237
ssym,centroid,gnn_local,42,1OH0,Y32F,-0.2,1.309341311454773
ssym,centroid,gnn_local,42,1OH0,Y57F,1.2,1.3007882833480835
ssym,centroid,gnn_local,42,1RN1,Q25K,-1.4,1.1922669410705566
ssym,centroid,gnn_local,42,1VQB,I47L,0.4,1.7237975597381592
ssym,centroid,gnn_local,42,1VQB,I47M,1.7,1.9765164852142334
ssym,centroid,gnn_local,42,1VQB,I47V,2.0,1.9269993305206299
ssym,centroid,gnn_local,42,1VQB,V35I,0.6,1.3213424682617188
ssym,centroid,gnn_local,42,1VQB,Y41F,3.2,0.4993913769721985
ssym,centroid,gnn_local,42,2LZM,I3L,-0.7,1.0463485717773438
ssym,centroid,gnn_local,42,2LZM,I3C,0.0,1.6443686485290527
ssym,centroid,gnn_local,42,2LZM,I3P,3.0,1.7505197525024414
ssym,centroid,gnn_local,42,2LZM,I3Y,2.3,1.3119057416915894
ssym,centroid,gnn_local,42,2LZM,I3V,0.4,1.2999367713928223
ssym,centroid,gnn_local,42,2LZM,M6I,1.4,1.146417498588562
ssym,centroid,gnn_local,42,2LZM,K16E,-0.5,0.6127898693084717
ssym,centroid,gnn_local,42,2LZM,S38D,-0.6,0.5812378525733948
ssym,centroid,gnn_local,42,2LZM,N55G,0.6,0.15996766090393066
ssym,centroid,gnn_local,42,2LZM,K60P,0.0,1.1338075399398804
ssym,centroid,gnn_local,42,2LZM,G77A,-0.4,0.9896947145462036
ssym,centroid,gnn_local,42,2LZM,A82P,-0.8,0.31847572326660156
ssym,centroid,gnn_local,42,2LZM,K85A,0.6,0.11135199666023254
ssym,centroid,gnn_local,42,2LZM,D89A,0.5,0.08408837020397186
ssym,centroid,gnn_local,42,2LZM,R96A,2.0,0.09690119326114655
ssym,centroid,gnn_local,42,2LZM,R96D,3.5,0.39031779766082764
ssym,centroid,gnn_local,42,2LZM,R96M,2.7,-0.07509173452854156
ssym,centroid,gnn_local,42,2LZM,R96E,2.5,0.5994805097579956
ssym,centroid,gnn_local,42,2LZM,R96G,2.6,0.24685068428516388
ssym,centroid,gnn_local,42,2LZM,R96Q,0.3,0.18871034681797028
ssym,centroid,gnn_local,42,2LZM,R96H,3.1,0.14279502630233765
ssym,centroid,gnn_local,42,2LZM,R96N,3.0,0.2963307499885559
ssym,centroid,gnn_local,42,2LZM,R96K,0.0,0.08209852874279022
ssym,centroid,gnn_local,42,2LZM,R96S,2.6,0.008163198828697205
ssym,centroid,gnn_local,42,2LZM,R96Y,4.7,-0.0627066045999527
ssym,centroid,gnn_local,42,2LZM,R96V,2.4,-0.02727225422859192
ssym,centroid,gnn_local,42,2LZM,R96W,4.5,-0.10495990514755249
ssym,centroid,gnn_local,42,2LZM,A98V,4.9,1.2594780921936035
ssym,centroid,gnn_local,42,2LZM,Q105A,0.6,0.687821090221405
ssym,centroid,gnn_local,42,2LZM,Q105E,1.1,1.0824766159057617
ssym,centroid,gnn_local,42,2LZM,Q105G,1.5,0.8946220874786377
ssym,centroid,gnn_local,42,2LZM,G113A,-0.3,0.8508431911468506
ssym,centroid,gnn_local,42,2LZM,T115E,-0.3,0.6409764289855957
ssym,centroid,gnn_local,42,2LZM,N116D,-0.6,0.18863481283187866
ssym,centroid,gnn_local,42,2LZM,R119E,0.0,0.12000229954719543
ssym,centroid,gnn_local,42,2LZM,Q123E,-0.4,0.07776530086994171
ssym,centroid,gnn_local,42,2LZM,K124G,0.1,0.2147047370672226
ssym,centroid,gnn_local,42,2LZM,V131A,-0.3,0.9702581167221069
ssym,centroid,gnn_local,42,2LZM,V131D,-0.1,1.468894124031067
ssym,centroid,gnn_local,42,2LZM,V131G,0.7,1.3662511110305786
ssym,centroid,gnn_local,42,2LZM,V131I,-0.2,0.43035513162612915
ssym,centroid,gnn_local,42,2LZM,V131L,-0.1,0.6279447078704834
ssym,centroid,gnn_local,42,2LZM,V131S,0.1,0.9694880247116089
ssym,centroid,gnn_local,42,2LZM,V131M,-0.1,0.6157748699188232
ssym,centroid,gnn_local,42,2LZM,V131E,-0.2,1.6066964864730835
ssym,centroid,gnn_local,42,2LZM,L133A,4.2,2.0239315032958984
ssym,centroid,gnn_local,42,2LZM,K135E,1.0,0.2508751451969147
ssym,centroid,gnn_local,42,2LZM,N144D,-0.4,0.18929827213287354
ssym,centroid,gnn_local,42,2LZM,K147E,0.7,0.9297685623168945
ssym,centroid,gnn_local,42,2LZM,V149C,2.2,2.125497341156006
ssym,centroid,gnn_local,42,2LZM,T152S,2.6,1.5761895179748535
ssym,centroid,gnn_local,42,2LZM,R154E,1.1,0.740079402923584
ssym,centroid,gnn_local,42,2LZM,G156D,2.3,0.629791796207428
ssym,centroid,gnn_local,42,2LZM,T157A,0.5,0.44218015670776367
ssym,centroid,gnn_local,42,2LZM,T157C,1.3,0.3454025983810425
ssym,centroid,gnn_local,42,2LZM,T157D,1.1,0.8314824104309082
ssym,centroid,gnn_local,42,2LZM,T157E,0.8,0.9471276998519897
ssym,centroid,gnn_local,42,2LZM,T157F,2.4,0.2992702126502991
ssym,centroid,gnn_local,42,2LZM,T157G,1.1,0.6778693199157715
ssym,centroid,gnn_local,42,2LZM,T157H,2.1,0.5810211896896362
ssym,centroid,gnn_local,42,2LZM,T157I,1.5,0.17037583887577057
ssym,centroid,gnn_local,42,2LZM,T157L,1.7,0.24452872574329376
ssym,centroid,gnn_local,42,2LZM,T157N,1.2,0.7894659042358398
ssym,centroid,gnn_local,42,2LZM,T157R,-0.3,0.5744163393974304
ssym,centroid,gnn_local,42,2LZM,T157S,0.7,0.4295949339866638
ssym,centroid,gnn_local,42,2LZM,T157V,1.2,0.28448766469955444
ssym,centroid,gnn_local,42,2RN2,D10N,-0.9,1.3610429763793945
ssym,centroid,gnn_local,42,2RN2,E48Q,-0.2,0.643196702003479
ssym,centroid,gnn_local,42,2RN2,A52F,0.5,0.9308654069900513
ssym,centroid,gnn_local,42,2RN2,A52I,-1.9,0.7171549797058105
ssym,centroid,gnn_local,42,2RN2,A52L,-1.3,0.7994334697723389
ssym,centroid,gnn_local,42,2RN2,A52V,-1.7,1.0478250980377197
ssym,centroid,gnn_local,42,2RN2,H62A,-0.4,0.28046900033950806
ssym,centroid,gnn_local,42,2RN2,H62P,-1.1,0.5172517895698547
ssym,centroid,gnn_local,42,2RN2,D70N,-0.9,0.7370979189872742
ssym,centroid,gnn_local,42,2RN2,V74L,-1.0,1.0732933282852173
ssym,centroid,gnn_local,42,2RN2,V74I,-0.6,0.9059747457504272
ssym,centroid,gnn_local,42,2RN2,G77A,0.9,0.3687323331832886
ssym,centroid,gnn_local,42,2RN2,K95A,-0.1,0.4127034544944763
ssym,centroid,gnn_local,42,2RN2,K95G,-1.9,0.6614028215408325
ssym,centroid,gnn_local,42,2RN2,K95N,-0.9,0.6223894953727722
ssym,centroid,gnn_local,42,2RN2,D134A,-2.1,0.6493381261825562
ssym,centroid,gnn_local,42,2RN2,D134H,-2.3,0.585010826587677
ssym,centroid,gnn_local,42,2RN2,D134N,-1.0,0.7886254787445068
ssym,centroid,gnn_local,42,4LYZ,M12F,-0.5,1.5158252716064453
ssym,centroid,gnn_local,42,4LYZ,M12L,0.4,1.3725793361663818
ssym,centroid,gnn_local,42,4LYZ,T40S,0.3,1.4161415100097656
ssym,centroid,gnn_local,42,4LYZ,G49A,0.7,0.45230787992477417
ssym,centroid,gnn_local,42,4LYZ,I55V,0.9,2.167813777923584
ssym,centroid,gnn_local,42,4LYZ,I58M,1.2,2.1905438899993896
ssym,centroid,gnn_local,42,4LYZ,G67A,0.5,0.3623051047325134
ssym,centroid,gnn_local,42,4LYZ,G71A,2.1,0.2739792764186859
ssym,centroid,gnn_local,42,4LYZ,I78M,0.9,1.7056610584259033
ssym,centroid,gnn_local,42,4LYZ,S91A,0.2,1.6594901084899902
ssym,centroid,gnn_local,42,4LYZ,S91T,-1.0,1.9250571727752686
ssym,centroid,gnn_local,42,4LYZ,I98M,0.9,1.3336238861083984
ssym,centroid,gnn_local,42,4LYZ,G102A,1.2,0.22382771968841553
ssym,centroid,gnn_local,42,4LYZ,G117A,0.8,0.3045312762260437
ssym,centroid,gnn_local,42,5PTI,F22A,1.2,1.774545669555664
ssym,centroid,gnn_local,42,5PTI,Y23A,5.9,2.4843709468841553
ssym,centroid,gnn_local,42,5PTI,Y35G,5.0,2.1745781898498535
ssym,centroid,gnn_local,42,5PTI,N43G,5.7,2.2117202281951904
ssym,centroid,gnn_local,42,5PTI,F45A,6.9,2.0334291458129883
ssym,centroid,gnn_local,123,1AMQ,C191Y,2.3,0.9625933170318604
ssym,centroid,gnn_local,123,1AMQ,C191F,1.6,0.9425188302993774
ssym,centroid,gnn_local,123,1AMQ,C191W,3.9,0.7536662817001343
ssym,centroid,gnn_local,123,1AMQ,C191S,1.9,1.0824681520462036
ssym,centroid,gnn_local,123,1BNI,F7L,4.1,0.8875705599784851
ssym,centroid,gnn_local,123,1BNI,L14A,4.5,1.2328299283981323
ssym,centroid,gnn_local,123,1BNI,T26A,1.7,0.6735870242118835
ssym,centroid,gnn_local,123,1BNI,I51V,1.1,1.0553139448165894
ssym,centroid,gnn_local,123,1BNI,I76A,1.7,1.6810636520385742
ssym,centroid,gnn_local,123,1BNI,I76V,1.0,1.2620658874511719
ssym,centroid,gnn_local,123,1BNI,Y78F,1.1,0.5463956594467163
ssym,centroid,gnn_local,123,1BNI,I88A,4.0,1.5514904260635376
ssym,centroid,gnn_local,123,1BNI,I88V,1.6,1.1892116069793701
ssym,centroid,gnn_local,123,1BNI,L89V,0.5,1.0953015089035034
ssym,centroid,gnn_local,123,1BNI,S91A,2.4,0.45487162470817566
ssym,centroid,gnn_local,123,1BNI,I96A,3.2,1.1687082052230835
ssym,centroid,gnn_local,123,1BNI,I96V,3.1,0.7461292147636414
ssym,centroid,gnn_local,123,1CEY,D12A,-2.5,0.701758086681366
ssym,centroid,gnn_local,123,1CEY,D13A,-2.7,0.07153110206127167
ssym,centroid,gnn_local,123,1CEY,D57A,-3.3,0.5621633529663086
ssym,centroid,gnn_local,123,1EY0,T22C,0.9,0.5924026966094971
ssym,centroid,gnn_local,123,1EY0,T22V,0.9,0.5230411291122437
ssym,centroid,gnn_local,123,1EY0,V23L,0.1,1.4749755859375
ssym,centroid,gnn_local,123,1EY0,L25I,1.7,1.1667516231536865
ssym,centroid,gnn_local,123,1EY0,T33V,-0.4,0.4617796838283539
ssym,centroid,gnn_local,123,1EY0,T41C,-0.6,1.4549721479415894
ssym,centroid,gnn_local,123,1EY0,T41I,-0.7,1.2453254461288452
ssym,centroid,gnn_local,123,1EY0,T41S,1.1,1.562513828277588
ssym,centroid,gnn_local,123,1EY0,T41V,-0.8,1.3158073425292969
ssym,centroid,gnn_local,123,1EY0,T44V,-0.1,0.5523511171340942
ssym,centroid,gnn_local,123,1EY0,S59A,-0.5,0.9781463146209717
ssym,centroid,gnn_local,123,1EY0,T62S,2.1,1.595170497894287
ssym,centroid,gnn_local,123,1EY0,T62V,0.2,1.2005196809768677
ssym,centroid,gnn_local,123,1EY0,V66I,1.0,1.2531476020812988
ssym,centroid,gnn_local,123,1EY0,V66L,0.3,1.4054453372955322
ssym,centroid,gnn_local,123,1EY0,V66K,7.5,1.932727336883545
ssym,centroid,gnn_local,123,1EY0,I72L,0.2,1.3634905815124512
ssym,centroid,gnn_local,123,1EY0,I72V,1.2,1.4853105545043945
ssym,centroid,gnn_local,123,1EY0,T82S,0.7,0.3668772578239441
ssym,centroid,gnn_local,123,1EY0,I92V,0.4,1.681853175163269
ssym,centroid,gnn_local,123,1EY0,K116G,-1.0,0.5719049572944641
ssym,centroid,gnn_local,123,1EY0,P117A,-0.8,0.4867478907108307
ssym,centroid,gnn_local,123,1EY0,P117G,-0.9,0.5242995023727417
ssym,centroid,gnn_local,123,1EY0,P117T,-1.1,0.38399720191955566
ssym,centroid,gnn_local,123,1EY0,T120C,1.7,0.4399075508117676
ssym,centroid,gnn_local,123,1EY0,T120S,0.6,0.5649333000183105
ssym,centroid,gnn_local,123,1EY0,T120V,1.8,0.49663129448890686
ssym,centroid,gnn_local,123,1EY0,S128A,-0.7,0.6494384407997131
ssym,centroid,gnn_local,123,1IHB,F71N,-0.7,0.8416297435760498
ssym,centroid,gnn_local,123,1IHB,F82Q,0.4,1.0933310985565186
ssym,centroid,gnn_local,123,1IHB,F92N,1.1,0.9548453092575073
ssym,centroid,gnn_local,123,1IOB,T9G,2.6,1.3567845821380615
ssym,centroid,gnn_local,123,1L63,M6A,1.9,1.5650336742401123
ssym,centroid,gnn_local,123,1L63,M6L,2.8,1.064176321029663
ssym,centroid,gnn_local,123,1L63,E11H,-0.1,0.5357612371444702
ssym,centroid,gnn_local,123,1L63,E11N,0.1,0.7483468651771545
ssym,centroid,gnn_local,123,1L63,I17A,2.7,1.2238740921020508
ssym,centroid,gnn_local,123,1L63,D20A,0.3,0.2046556919813156
ssym,centroid,gnn_local,123,1L63,D20N,-1.3,0.24777676165103912
ssym,centroid,gnn_local,123,1L63,D20S,-0.7,0.14942891895771027
ssym,centroid,gnn_local,123,1L63,I27A,3.1,1.8267879486083984
ssym,centroid,gnn_local,123,1L63,I27M,3.1,1.5501675605773926
ssym,centroid,gnn_local,123,1L63,I29A,2.6,1.68192720413208
ssym,centroid,gnn_local,123,1L63,S38N,0.0,0.22507242858409882
ssym,centroid,gnn_local,123,1L63,A41S,0.6,0.0621427483856678
ssym,centroid,gnn_local,123,1L63,A42V,2.7,0.3855813443660736
ssym,centroid,gnn_local,123,1L63,A42S,2.3,0.713860034942627
ssym,centroid,gnn_local,123,1L63,K43A,1.0,0.4219649136066437
ssym,centroid,gnn_local,123,1L63,S44A,-0.3,0.17792744934558868
ssym,centroid,gnn_local,123,1L63,S44I,-0.3,0.11866150796413422
ssym,centroid,gnn_local,123,1L63,S44L,-0.4,0.15940023958683014
ssym,centroid,gnn_local,123,1L63,S44K,-0.2,0.11838634312152863
ssym,centroid,gnn_local,123,1L63,S44E,0.0,0.3725108802318573
ssym,centroid,gnn_local,123,1L63,S44G,0.5,0.2535741925239563
ssym,centroid,gnn_local,123,1L63,S44R,-0.2,0.09474493563175201
ssym,centroid,gnn_local,123,1L63,S44N,0.1,0.2707361578941345
ssym,centroid,gnn_local,123,1L63,S44F,-0.1,0.11751744151115417
ssym,centroid,gnn_local,123,1L63,S44P,3.0,0.3587019145488739
ssym,centroid,gnn_local,123,1L63,S44T,0.0,0.2019825130701065
ssym,centroid,gnn_local,123,1L63,S44V,-0.1,0.08339935541152954
ssym,centroid,gnn_local,123,1L63,L46A,1.9,1.4604976177215576
ssym,centroid,gnn_local,123,1L63,D47A,1.0,0.3216382563114166
ssym,centroid,gnn_local,123,1L63,A49S,0.5,0.5022222399711609
ssym,centroid,gnn_local,123,1L63,I50A,2.0,1.3996021747589111
ssym,centroid,gnn_local,123,1L63,I50M,0.4,1.1335171461105347
ssym,centroid,gnn_local,123,1L63,I58A,3.2,1.7926630973815918
ssym,centroid,gnn_local,123,1L63,I58T,3.4,1.9325318336486816
ssym,centroid,gnn_local,123,1L63,T59A,1.5,0.43683263659477234
ssym,centroid,gnn_local,123,1L63,T59D,1.2,0.6359016299247742
ssym,centroid,gnn_local,123,1L63,T59G,1.6,0.5792538523674011
ssym,centroid,gnn_local,123,1L63,T59N,1.1,0.5504268407821655
ssym,centroid,gnn_local,123,1L63,T59S,0.2,0.3690267503261566
ssym,centroid,gnn_local,123,1L63,T59V,1.5,0.1536957025527954
ssym,centroid,gnn_local,123,1L63,L66M,1.0,1.1844584941864014
ssym,centroid,gnn_local,123,1L63,F67A,1.9,1.5495496988296509
ssym,centroid,gnn_local,123,1L63,D72P,2.7,0.16331614553928375
ssym,centroid,gnn_local,123,1L63,A73S,0.4,0.4304821491241455
ssym,centroid,gnn_local,123,1L63,V75T,1.3,1.428174614906311
ssym,centroid,gnn_local,123,1L63,I78A,1.2,1.6754310131072998
ssym,centroid,gnn_local,123,1L63,I78M,1.5,1.3384554386138916
ssym,centroid,gnn_local,123,1L63,I78V,0.8,1.2616513967514038
ssym,centroid,gnn_local,123,1L63,A82S,0.3,0.11997489631175995
ssym,centroid,gnn_local,123,1L63,L84A,2.6,1.804265022277832
ssym,centroid,gnn_local,123,1L63,L84M,1.9,1.4915530681610107
ssym,centroid,gnn_local,123,1L63,V87A,1.7,0.8913909792900085
ssym,centroid,gnn_local,123,1L63,V87M,2.3,0.5909240245819092
ssym,centroid,gnn_local,123,1L63,V87I,0.3,0.328591912984848
ssym,centroid,gnn_local,123,1L63,V87T,1.6,0.9801372289657593
ssym,centroid,gnn_local,123,1L63,L91A,3.9,1.1894664764404297
ssym,centroid,gnn_local,123,1L63,L91M,0.8,0.888809323310852
ssym,centroid,gnn_local,123,1L63,D92N,1.4,0.22502680122852325
ssym,centroid,gnn_local,123,1L63,A93S,0.2,-0.1322365254163742
ssym,centroid,gnn_local,123,1L63,A98C,1.0,1.2536662817001343
ssym,centroid,gnn_local,123,1L63,A98L,4.3,0.8175169229507446
ssym,centroid,gnn_local,123,1L63,A98S,2.5,1.381263256072998
ssym,centroid,gnn_local,123,1L63,A98V,3.2,0.963800311088562
ssym,centroid,gnn_local,123,1L63,L99A,4.5,1.5617446899414062
ssym,centroid,gnn_local,123,1L63,L99F,0.3,1.2142776250839233
ssym,centroid,gnn_local,123,1L63,L99I,1.5,0.9533801078796387
ssym,centroid,gnn_local,123,1L63,L99M,0.6,1.2232025861740112
ssym,centroid,gnn_local,123,1L63,L99V,2.0,1.194713830947876
ssym,centroid,gnn_local,123,1L63,I100A,3.4,1.5864094495773315
ssym,centroid,gnn_local,123,1L63,I100M,1.6,1.2137465476989746
ssym,centroid,gnn_local,123,1L63,I100V,0.4,1.2066816091537476
ssym,centroid,gnn_local,123,1L63,N101A,1.5,1.135699987411499
ssym,centroid,gnn_local,123,1L63,M102L,1.0,0.8319653272628784
ssym,centroid,gnn_local,123,1L63,V103A,2.2,1.407772183418274
ssym,centroid,gnn_local,123,1L63,V103I,0.5,0.7535462975502014
ssym,centroid,gnn_local,123,1L63,V103M,1.2,1.061886191368103
ssym,centroid,gnn_local,123,1L63,F104M,0.4,1.037003517150879
ssym,centroid,gnn_local,123,1L63,Q105M,1.2,0.38302358984947205
ssym,centroid,gnn_local,123,1L63,M106I,-0.2,0.2695307433605194
ssym,centroid,gnn_local,123,1L63,M106L,-0.5,0.38057294487953186
ssym,centroid,gnn_local,123,1L63,M106K,3.4,1.0203537940979004
ssym,centroid,gnn_local,123,1L63,T109D,-0.6,0.6812946796417236
ssym,centroid,gnn_local,123,1L63,T109N,-0.1,0.6933470964431763
ssym,centroid,gnn_local,123,1L63,V111A,1.3,1.6181879043579102
ssym,centroid,gnn_local,123,1L63,V111I,0.9,0.8737553358078003
ssym,centroid,gnn_local,123,1L63,V111M,0.7,1.2691919803619385
ssym,centroid,gnn_local,123,1L63,S117F,-1.1,0.3325524628162384
ssym,centroid,gnn_local,123,1L63,L118A,3.2,1.6519389152526855
ssym,centroid,gnn_local,123,1L63,L118M,0.7,1.345934271812439
ssym,centroid,gnn_local,123,1L63,M120L,-0.5,0.4278873801231384
ssym,centroid,gnn_local,123,1L63,M120K,1.6,0.5770325064659119
ssym,centroid,gnn_local,123,1L63,M120Y,0.1,0.43277508020401
ssym,centroid,gnn_local,123,1L63,L121M,0.8,1.2984986305236816
ssym,centroid,gnn_local,123,1L63,A129F,1.2,0.5779070258140564
ssym,centroid,gnn_local,123,1L63,A129W,2.2,0.5098799467086792
ssym,centroid,gnn_local,123,1L63,A130S,-1.0,0.7575820088386536
ssym,centroid,gnn_local,123,1L63,L133F,0.3,1.4168859720230103
ssym,centroid,gnn_local,123,1L63,L133M,0.4,1.4600908756256104
ssym,centroid,gnn_local,123,1L63,A134S,0.1,0.35850343108177185
ssym,centroid,gnn_local,123,1L63,N144E,-0.5,0.2706723213195801
ssym,centroid,gnn_local,123,1L63,V149A,3.2,1.7774903774261475
ssym,centroid,gnn_local,123,1L63,V149C,2.0,1.638577938079834
ssym,centroid,gnn_local,123,1L63,V149G,4.9,1.9174686670303345
ssym,centroid,gnn_local,123,1L63,V149I,0.1,1.167250633239746
ssym,centroid,gnn_local,123,1L63,V149M,2.8,1.503570795059204
ssym,centroid,gnn_local,123,1L63,V149T,2.8,1.8995106220245361
ssym,centroid,gnn_local,123,1L63,V149S,4.4,1.7667839527130127
ssym,centroid,gnn_local,123,1L63,T152A,1.5,1.4477097988128662
ssym,centroid,gnn_local,123,1L63,T152C,0.5,1.2720009088516235
ssym,centroid,gnn_local,123,1L63,T152I,0.4,0.7691903114318848
ssym,centroid,gnn_local,123,1L63,T152S,2.0,1.3007404804229736
ssym,centroid,gnn_local,123,1L63,T152V,-0.2,0.9599369764328003
ssym,centroid,gnn_local,123,1L63,F153A,3.8,1.6667481660842896
ssym,centroid,gnn_local,123,1L63,F153I,0.2,1.0475728511810303
ssym,centroid,gnn_local,123,1L63,F153L,-0.3,1.1669723987579346
ssym,centroid,gnn_local,123,1L63,F153M,0.6,1.389705777168274
ssym,centroid,gnn_local,123,1L63,F153V,1.8,1.3100452423095703
ssym,centroid,gnn_local,123,1LZ1,V2A,1.5,0.7225831151008606
ssym,centroid,gnn_local,123,1LZ1,V2G,1.3,0.9894387722015381
ssym,centroid,gnn_local,123,1LZ1,V2S,1.4,0.637993335723877
ssym,centroid,gnn_local,123,1LZ1,V2Y,0.4,0.48516103625297546
ssym,centroid,gnn_local,123,1LZ1,V2D,1.4,1.1378779411315918
ssym,centroid,gnn_local,123,1LZ1,V2N,1.3,1.0907902717590332
ssym,centroid,gnn_local,123,1LZ1,V2R,0.4,0.8014811277389526
ssym,centroid,gnn_local,123,1LZ1,V2L,-0.3,0.3505127429962158
ssym,centroid,gnn_local,123,1LZ1,V2M,0.2,0.3827337622642517
ssym,centroid,gnn_local,123,1LZ1,V2F,0.8,0.4728555381298065
ssym,centroid,gnn_local,123,1LZ1,Y20F,0.5,0.4625277817249298
ssym,centroid,gnn_local,123,1LZ1,I23A,2.5,1.441565990447998
ssym,centroid,gnn_local,123,1LZ1,I23V,0.4,0.9994274377822876
ssym,centroid,gnn_local,123,1LZ1,Y38F,0.2,0.637420117855072
ssym,centroid,gnn_local,123,1LZ1,Y45F,-0.1,0.462659627199173
ssym,centroid,gnn_local,123,1LZ1,A47P,-0.1,0.5969833135604858
ssym,centroid,gnn_local,123,1LZ1,Y54F,1.0,0.7976957559585571
ssym,centroid,gnn_local,123,1LZ1,I56A,3.7,2.0793778896331787
ssym,centroid,gnn_local,123,1LZ1,I56T,4.3,2.2587430477142334
ssym,centroid,gnn_local,123,1LZ1,I56V,1.2,1.7033236026763916
ssym,centroid,gnn_local,123,1LZ1,I59A,1.7,2.0683093070983887
ssym,centroid,gnn_local,123,1LZ1,I59G,3.8,2.2458393573760986
ssym,centroid,gnn_local,123,1LZ1,I59V,1.1,1.7123275995254517
ssym,centroid,gnn_local,123,1LZ1,Y63F,0.2,0.24832268059253693
ssym,centroid,gnn_local,123,1LZ1,P71G,1.6,0.5800715684890747
ssym,centroid,gnn_local,123,1LZ1,V74A,0.4,0.5968270301818848
ssym,centroid,gnn_local,123,1LZ1,V74G,0.1,0.8745825290679932
ssym,centroid,gnn_local,123,1LZ1,V74I,1.9,0.2501482665538788
ssym,centroid,gnn_local,123,1LZ1,V74L,0.4,0.2993861734867096
ssym,centroid,gnn_local,123,1LZ1,V74M,0.4,0.2408142238855362
ssym,centroid,gnn_local,123,1LZ1,V74F,0.0,0.42573490738868713
ssym,centroid,gnn_local,123,1LZ1,V74Y,0.3,0.42825937271118164
ssym,centroid,gnn_local,123,1LZ1,V74D,0.4,0.8926852941513062
ssym,centroid,gnn_local,123,1LZ1,V74N,0.3,0.9301145672798157
ssym,centroid,gnn_local,123,1LZ1,V74R,0.1,0.67277991771698
ssym,centroid,gnn_local,123,1LZ1,V74S,0.4,0.46485939621925354
ssym,centroid,gnn_local,123,1LZ1,C77A,4.6,1.2974421977996826
ssym,centroid,gnn_local,123,1LZ1,I89A,2.7,2.2111008167266846
ssym,centroid,gnn_local,123,1LZ1,I89V,0.5,1.799682855606079
ssym,centroid,gnn_local,123,1LZ1,D91P,0.4,0.5175411105155945
ssym,centroid,gnn_local,123,1LZ1,V93A,0.7,1.6435530185699463
ssym,centroid,gnn_local,123,1LZ1,V99A,1.0,1.654652714729309
ssym,centroid,gnn_local,123,1LZ1,V100A,0.3,1.4146339893341064
ssym,centroid,gnn_local,123,1LZ1,P103G,0.1,0.3993169665336609
ssym,centroid,gnn_local,123,1LZ1,I106A,0.9,1.507430076599121
ssym,centroid,gnn_local,123,1LZ1,I106V,0.7,1.0712087154388428
ssym,centroid,gnn_local,123,1LZ1,V110A,-0.5,0.4327241778373718
ssym,centroid,gnn_local,123,1LZ1,V110D,-0.2,0.6519511938095093
ssym,centroid,gnn_local,123,1LZ1,V110G,2.2,0.7220281362533569
ssym,centroid,gnn_local,123,1LZ1,V110I,0.8,0.29338380694389343
ssym,centroid,gnn_local,123,1LZ1,V110L,-0.1,0.3380824625492096
ssym,centroid,gnn_local,123,1LZ1,V110M,-0.4,0.0827537328004837
ssym,centroid,gnn_local,123,1LZ1,V110N,-0.1,0.6554916501045227
ssym,centroid,gnn_local,123,1LZ1,V110R,-0.9,0.412025511264801
ssym,centroid,gnn_local,123,1LZ1,V110F,1.9,0.30554598569869995
ssym,centroid,gnn_local,123,1LZ1,V110P,-0.5,0.6512741446495056
ssym,centroid,gnn_local,123,1LZ1,V110Y,0.1,0.3186580240726471
ssym,centroid,gnn_local,123,1LZ1,V121A,1.4,1.2772482633590698
ssym,centroid,gnn_local,123,1LZ1,Y124F,0.4,0.7103666067123413
ssym,centroid,gnn_local,123,1LZ1,V125A,1.3,1.7204256057739258
ssym,centroid,gnn_local,123,1LZ1,V130A,0.8,1.2508865594863892
ssym,centroid,gnn_local,123,1OH0,Y32F,-0.2,0.9619866609573364
ssym,centroid,gnn_local,123,1OH0,Y57F,1.2,1.2243646383285522
ssym,centroid,gnn_local,123,1RN1,Q25K,-1.4,1.0204713344573975
ssym,centroid,gnn_local,123,1VQB,I47L,0.4,1.2116955518722534
ssym,centroid,gnn_local,123,1VQB,I47M,1.7,1.4253534078598022
ssym,centroid,gnn_local,123,1VQB,I47V,2.0,1.361023187637329
ssym,centroid,gnn_local,123,1VQB,V35I,0.6,0.9768211841583252
ssym,centroid,gnn_local,123,1VQB,Y41F,3.2,0.6439558267593384
ssym,centroid,gnn_local,123,2LZM,I3L,-0.7,0.9824252128601074
ssym,centroid,gnn_local,123,2LZM,I3C,0.0,1.3597784042358398
ssym,centroid,gnn_local,123,2LZM,I3P,3.0,1.7493841648101807
ssym,centroid,gnn_local,123,2LZM,I3Y,2.3,1.168631911277771
ssym,centroid,gnn_local,123,2LZM,I3V,0.4,1.0978410243988037
ssym,centroid,gnn_local,123,2LZM,M6I,1.4,0.8767516613006592
ssym,centroid,gnn_local,123,2LZM,K16E,-0.5,0.3976080119609833
ssym,centroid,gnn_local,123,2LZM,S38D,-0.6,0.2841505706310272
ssym,centroid,gnn_local,123,2LZM,N55G,0.6,0.154673233628273
ssym,centroid,gnn_local,123,2LZM,K60P,0.0,0.8295807242393494
ssym,centroid,gnn_local,123,2LZM,G77A,-0.4,0.8266436457633972
ssym,centroid,gnn_local,123,2LZM,A82P,-0.8,0.27862435579299927
ssym,centroid,gnn_local,123,2LZM,K85A,0.6,0.15021763741970062
ssym,centroid,gnn_local,123,2LZM,D89A,0.5,0.08727584779262543
ssym,centroid,gnn_local,123,2LZM,R96A,2.0,0.05091528967022896
ssym,centroid,gnn_local,123,2LZM,R96D,3.5,0.19537292420864105
ssym,centroid,gnn_local,123,2LZM,R96M,2.7,-0.11990919709205627
ssym,centroid,gnn_local,123,2LZM,R96E,2.5,0.2967153489589691
ssym,centroid,gnn_local,123,2LZM,R96G,2.6,0.12360106408596039
ssym,centroid,gnn_local,123,2LZM,R96Q,0.3,0.11969000101089478
ssym,centroid,gnn_local,123,2LZM,R96H,3.1,0.10128985345363617
ssym,centroid,gnn_local,123,2LZM,R96N,3.0,0.19451138377189636
ssym,centroid,gnn_local,123,2LZM,R96K,0.0,0.02710028365254402
ssym,centroid,gnn_local,123,2LZM,R96S,2.6,0.006084788590669632
ssym,centroid,gnn_local,123,2LZM,R96Y,4.7,-0.024089645594358444
ssym,centroid,gnn_local,123,2LZM,R96V,2.4,-0.027844589203596115
ssym,centroid,gnn_local,123,2LZM,R96W,4.5,-0.05786402150988579
ssym,centroid,gnn_local,123,2LZM,A98V,4.9,0.9218374490737915
ssym,centroid,gnn_local,123,2LZM,Q105A,0.6,0.54891037940979
ssym,centroid,gnn_local,123,2LZM,Q105E,1.1,0.8709467649459839
ssym,centroid,gnn_local,123,2LZM,Q105G,1.5,0.6729240417480469
ssym,centroid,gnn_local,123,2LZM,G113A,-0.3,0.588544487953186
ssym,centroid,gnn_local,123,2LZM,T115E,-0.3,0.6196340322494507
ssym,centroid,gnn_local,123,2LZM,N116D,-0.6,0.26035887002944946
ssym,centroid,gnn_local,123,2LZM,R119E,0.0,0.2195006161928177
ssym,centroid,gnn_local,123,2LZM,Q123E,-0.4,0.19596758484840393
ssym,centroid,gnn_local,123,2LZM,K124G,0.1,0.198223277926445
ssym,centroid,gnn_local,123,2LZM,V131A,-0.3,0.6089328527450562
ssym,centroid,gnn_local,123,2LZM,V131D,-0.1,0.9282037019729614
ssym,centroid,gnn_local,123,2LZM,V131G,0.7,0.9135844111442566
ssym,centroid,gnn_local,123,2LZM,V131I,-0.2,0.2103763371706009
ssym,centroid,gnn_local,123,2LZM,V131L,-0.1,0.3359590470790863
ssym,centroid,gnn_local,123,2LZM,V131S,0.1,0.5341845750808716
ssym,centroid,gnn_local,123,2LZM,V131M,-0.1,0.22853530943393707
ssym,centroid,gnn_local,123,2LZM,V131E,-0.2,1.111464262008667
ssym,centroid,gnn_local,123,2LZM,L133A,4.2,1.8658782243728638
ssym,centroid,gnn_local,123,2LZM,K135E,1.0,0.23580951988697052
ssym,centroid,gnn_local,123,2LZM,N144D,-0.4,0.26169052720069885
ssym,centroid,gnn_local,123,2LZM,K147E,0.7,0.6445506811141968
ssym,centroid,gnn_local,123,2LZM,V149C,2.2,1.6372947692871094
ssym,centroid,gnn_local,123,2LZM,T152S,2.6,1.315932273864746
ssym,centroid,gnn_local,123,2LZM,R154E,1.1,0.6009653210639954
ssym,centroid,gnn_local,123,2LZM,G156D,2.3,0.6669861674308777
ssym,centroid,gnn_local,123,2LZM,T157A,0.5,0.4309959411621094
ssym,centroid,gnn_local,123,2LZM,T157C,1.3,0.2305259257555008
ssym,centroid,gnn_local,123,2LZM,T157D,1.1,0.7528091669082642
ssym,centroid,gnn_local,123,2LZM,T157E,0.8,0.8117361068725586
ssym,centroid,gnn_local,123,2LZM,T157F,2.4,0.2564869821071625
ssym,centroid,gnn_local,123,2LZM,T157G,1.1,0.5600095391273499
ssym,centroid,gnn_local,123,2LZM,T157H,2.1,0.46511605381965637
ssym,centroid,gnn_local,123,2LZM,T157I,1.5,0.1485050916671753
ssym,centroid,gnn_local,123,2LZM,T157L,1.7,0.1891821175813675
ssym,centroid,gnn_local,123,2LZM,T157N,1.2,0.6506249308586121
ssym,centroid,gnn_local,123,2LZM,T157R,-0.3,0.46179285645484924
ssym,centroid,gnn_local,123,2LZM,T157S,0.7,0.25327232480049133
ssym,centroid,gnn_local,123,2LZM,T157V,1.2,0.23405440151691437
ssym,centroid,gnn_local,123,2RN2,D10N,-0.9,0.9946141242980957
ssym,centroid,gnn_local,123,2RN2,E48Q,-0.2,0.5046228170394897
ssym,centroid,gnn_local,123,2RN2,A52F,0.5,0.8604002594947815
ssym,centroid,gnn_local,123,2RN2,A52I,-1.9,0.645908534526825
ssym,centroid,gnn_local,123,2RN2,A52L,-1.3,0.7308367490768433
ssym,centroid,gnn_local,123,2RN2,A52V,-1.7,0.8665918111801147
ssym,centroid,gnn_local,123,2RN2,H62A,-0.4,0.23415382206439972
ssym,centroid,gnn_local,123,2RN2,H62P,-1.1,0.43903160095214844
ssym,centroid,gnn_local,123,2RN2,D70N,-0.9,0.5482754111289978
ssym,centroid,gnn_local,123,2RN2,V74L,-1.0,0.7345573306083679
ssym,centroid,gnn_local,123,2RN2,V74I,-0.6,0.6267592310905457
ssym,centroid,gnn_local,123,2RN2,G77A,0.9,0.32028305530548096
ssym,centroid,gnn_local,123,2RN2,K95A,-0.1,0.5028578639030457
ssym,centroid,gnn_local,123,2RN2,K95G,-1.9,0.5516086220741272
ssym,centroid,gnn_local,123,2RN2,K95N,-0.9,0.5545176267623901
ssym,centroid,gnn_local,123,2RN2,D134A,-2.1,0.4553656280040741
ssym,centroid,gnn_local,123,2RN2,D134H,-2.3,0.4399610459804535
ssym,centroid,gnn_local,123,2RN2,D134N,-1.0,0.45779654383659363
ssym,centroid,gnn_local,123,4LYZ,M12F,-0.5,1.3690354824066162
ssym,centroid,gnn_local,123,4LYZ,M12L,0.4,1.2074533700942993
ssym,centroid,gnn_local,123,4LYZ,T40S,0.3,1.1330362558364868
ssym,centroid,gnn_local,123,4LYZ,G49A,0.7,0.5789917707443237
ssym,centroid,gnn_local,123,4LYZ,I55V,0.9,1.7222181558609009
ssym,centroid,gnn_local,123,4LYZ,I58M,1.2,1.7817796468734741
ssym,centroid,gnn_local,123,4LYZ,G67A,0.5,0.2598281800746918
ssym,centroid,gnn_local,123,4LYZ,G71A,2.1,0.3732561767101288
ssym,centroid,gnn_local,123,4LYZ,I78M,0.9,1.0480420589447021
ssym,centroid,gnn_local,123,4LYZ,S91A,0.2,1.4127007722854614
ssym,centroid,gnn_local,123,4LYZ,S91T,-1.0,1.6044842004776
ssym,centroid,gnn_local,123,4LYZ,I98M,0.9,1.1069161891937256
ssym,centroid,gnn_local,123,4LYZ,G102A,1.2,0.2955898642539978
ssym,centroid,gnn_local,123,4LYZ,G117A,0.8,0.23235724866390228
ssym,centroid,gnn_local,123,5PTI,F22A,1.2,1.5384364128112793
ssym,centroid,gnn_local,123,5PTI,Y23A,5.9,2.026716947555542
ssym,centroid,gnn_local,123,5PTI,Y35G,5.0,1.8088525533676147
ssym,centroid,gnn_local,123,5PTI,N43G,5.7,1.710418701171875
ssym,centroid,gnn_local,123,5PTI,F45A,6.9,1.3833457231521606
ssym,centroid,gnn_edge,42,1AMQ,C191Y,2.3,-0.028923939913511276
ssym,centroid,gnn_edge,42,1AMQ,C191F,1.6,-0.14339600503444672
ssym,centroid,gnn_edge,42,1AMQ,C191W,3.9,-0.05716696009039879
ssym,centroid,gnn_edge,42,1AMQ,C191S,1.9,1.1461633443832397
ssym,centroid,gnn_edge,42,1BNI,F7L,4.1,0.9940874576568604
ssym,centroid,gnn_edge,42,1BNI,L14A,4.5,2.6300625801086426
ssym,centroid,gnn_edge,42,1BNI,T26A,1.7,1.0352096557617188
ssym,centroid,gnn_edge,42,1BNI,I51V,1.1,1.5065945386886597
ssym,centroid,gnn_edge,42,1BNI,I76A,1.7,1.8965963125228882
ssym,centroid,gnn_edge,42,1BNI,I76V,1.0,1.0848418474197388
ssym,centroid,gnn_edge,42,1BNI,Y78F,1.1,-0.04782523587346077
ssym,centroid,gnn_edge,42,1BNI,I88A,4.0,3.2287116050720215
ssym,centroid,gnn_edge,42,1BNI,I88V,1.6,2.4051456451416016
ssym,centroid,gnn_edge,42,1BNI,L89V,0.5,1.6469014883041382
ssym,centroid,gnn_edge,42,1BNI,S91A,2.4,1.4215812683105469
ssym,centroid,gnn_edge,42,1BNI,I96A,3.2,2.6839160919189453
ssym,centroid,gnn_edge,42,1BNI,I96V,3.1,1.39845871925354
ssym,centroid,gnn_edge,42,1CEY,D12A,-2.5,-0.09509649127721786
ssym,centroid,gnn_edge,42,1CEY,D13A,-2.7,0.04335211217403412
ssym,centroid,gnn_edge,42,1CEY,D57A,-3.3,-0.31658029556274414
ssym,centroid,gnn_edge,42,1EY0,T22C,0.9,0.6485427021980286
ssym,centroid,gnn_edge,42,1EY0,T22V,0.9,0.9761044383049011
ssym,centroid,gnn_edge,42,1EY0,V23L,0.1,1.2609542608261108
ssym,centroid,gnn_edge,42,1EY0,L25I,1.7,1.1628199815750122
ssym,centroid,gnn_edge,42,1EY0,T33V,-0.4,0.6836432814598083
ssym,centroid,gnn_edge,42,1EY0,T41C,-0.6,1.080915093421936
ssym,centroid,gnn_edge,42,1EY0,T41I,-0.7,1.1729663610458374
ssym,centroid,gnn_edge,42,1EY0,T41S,1.1,1.7549513578414917
ssym,centroid,gnn_edge,42,1EY0,T41V,-0.8,1.3502625226974487
ssym,centroid,gnn_edge,42,1EY0,T44V,-0.1,0.7717885971069336
ssym,centroid,gnn_edge,42,1EY0,S59A,-0.5,1.1785297393798828
ssym,centroid,gnn_edge,42,1EY0,T62S,2.1,1.2776652574539185
ssym,centroid,gnn_edge,42,1EY0,T62V,0.2,0.8256087303161621
ssym,centroid,gnn_edge,42,1EY0,V66I,1.0,0.6493671536445618
ssym,centroid,gnn_edge,42,1EY0,V66L,0.3,0.8121479749679565
ssym,centroid,gnn_edge,42,1EY0,V66K,7.5,2.1714673042297363
ssym,centroid,gnn_edge,42,1EY0,I72L,0.2,0.8713643550872803
ssym,centroid,gnn_edge,42,1EY0,I72V,1.2,1.160335898399353
ssym,centroid,gnn_edge,42,1EY0,T82S,0.7,0.3419947922229767
ssym,centroid,gnn_edge,42,1EY0,I92V,0.4,1.421973466873169
ssym,centroid,gnn_edge,42,1EY0,K116G,-1.0,0.6978069543838501
ssym,centroid,gnn_edge,42,1EY0,P117A,-0.8,0.15759916603565216
ssym,centroid,gnn_edge,42,1EY0,P117G,-0.9,0.21905508637428284
ssym,centroid,gnn_edge,42,1EY0,P117T,-1.1,0.16101369261741638
ssym,centroid,gnn_edge,42,1EY0,T120C,1.7,0.2526298761367798
ssym,centroid,gnn_edge,42,1EY0,T120S,0.6,0.2073495239019394
ssym,centroid,gnn_edge,42,1EY0,T120V,1.8,0.2970142662525177
ssym,centroid,gnn_edge,42,1EY0,S128A,-0.7,0.872663676738739
ssym,centroid,gnn_edge,42,1IHB,F71N,-0.7,0.25560706853866577
ssym,centroid,gnn_edge,42,1IHB,F82Q,0.4,0.2488640695810318
ssym,centroid,gnn_edge,42,1IHB,F92N,1.1,0.9927184581756592
ssym,centroid,gnn_edge,42,1IOB,T9G,2.6,1.982848048210144
ssym,centroid,gnn_edge,42,1L63,M6A,1.9,2.405661106109619
ssym,centroid,gnn_edge,42,1L63,M6L,2.8,1.1708489656448364
ssym,centroid,gnn_edge,42,1L63,E11H,-0.1,-0.49014073610305786
ssym,centroid,gnn_edge,42,1L63,E11N,0.1,-0.5865097641944885
ssym,centroid,gnn_edge,42,1L63,I17A,2.7,1.8172616958618164
ssym,centroid,gnn_edge,42,1L63,D20A,0.3,-0.072240449488163
ssym,centroid,gnn_edge,42,1L63,D20N,-1.3,0.08953938633203506
ssym,centroid,gnn_edge,42,1L63,D20S,-0.7,0.1039317324757576
ssym,centroid,gnn_edge,42,1L63,I27A,3.1,3.0648727416992188
ssym,centroid,gnn_edge,42,1L63,I27M,3.1,1.5613240003585815
ssym,centroid,gnn_edge,42,1L63,I29A,2.6,1.472876787185669
ssym,centroid,gnn_edge,42,1L63,S38N,0.0,-0.3369869887828827
ssym,centroid,gnn_edge,42,1L63,A41S,0.6,-0.5581707954406738
ssym,centroid,gnn_edge,42,1L63,A42V,2.7,-0.19688989222049713
ssym,centroid,gnn_edge,42,1L63,A42S,2.3,0.8250039219856262
ssym,centroid,gnn_edge,42,1L63,K43A,1.0,-0.20944003760814667
ssym,centroid,gnn_edge,42,1L63,S44A,-0.3,0.19607321918010712
ssym,centroid,gnn_edge,42,1L63,S44I,-0.3,0.10198799520730972
ssym,centroid,gnn_edge,42,1L63,S44L,-0.4,0.09820074588060379
ssym,centroid,gnn_edge,42,1L63,S44K,-0.2,0.20598697662353516
ssym,centroid,gnn_edge,42,1L63,S44E,0.0,0.23393572866916656
ssym,centroid,gnn_edge,42,1L63,S44G,0.5,0.3215326964855194
ssym,centroid,gnn_edge,42,1L63,S44R,-0.2,0.2466915398836136
ssym,centroid,gnn_edge,42,1L63,S44N,0.1,0.18184565007686615
ssym,centroid,gnn_edge,42,1L63,S44F,-0.1,0.12404708564281464
ssym,centroid,gnn_edge,42,1L63,S44P,3.0,0.4270824193954468
ssym,centroid,gnn_edge,42,1L63,S44T,0.0,0.1876268982887268
ssym,centroid,gnn_edge,42,1L63,S44V,-0.1,0.17474858462810516
ssym,centroid,gnn_edge,42,1L63,L46A,1.9,2.1530466079711914
ssym,centroid,gnn_edge,42,1L63,D47A,1.0,-0.4357791543006897
ssym,centroid,gnn_edge,42,1L63,A49S,0.5,0.8417638540267944
ssym,centroid,gnn_edge,42,1L63,I50A,2.0,1.3598006963729858
ssym,centroid,gnn_edge,42,1L63,I50M,0.4,0.48533257842063904
ssym,centroid,gnn_edge,42,1L63,I58A,3.2,2.442239284515381
ssym,centroid,gnn_edge,42,1L63,I58T,3.4,2.2933802604675293
ssym,centroid,gnn_edge,42,1L63,T59A,1.5,0.8792680501937866
ssym,centroid,gnn_edge,42,1L63,T59D,1.2,0.8943296074867249
ssym,centroid,gnn_edge,42,1L63,T59G,1.6,1.0540958642959595
ssym,centroid,gnn_edge,42,1L63,T59N,1.1,0.5778393745422363
ssym,centroid,gnn_edge,42,1L63,T59S,0.2,0.48708590865135193
ssym,centroid,gnn_edge,42,1L63,T59V,1.5,0.5033194422721863
ssym,centroid,gnn_edge,42,1L63,L66M,1.0,1.3185033798217773
ssym,centroid,gnn_edge,42,1L63,F67A,1.9,2.3985819816589355
ssym,centroid,gnn_edge,42,1L63,D72P,2.7,0.4938264489173889
ssym,centroid,gnn_edge,42,1L63,A73S,0.4,0.3466011583805084
ssym,centroid,gnn_edge,42,1L63,V75T,1.3,1.1027058362960815
ssym,centroid,gnn_edge,42,1L63,I78A,1.2,2.3053131103515625
ssym,centroid,gnn_edge,42,1L63,I78M,1.5,0.7615935802459717
ssym,centroid,gnn_edge,42,1L63,I78V,0.8,0.9311234354972839
ssym,centroid,gnn_edge,42,1L63,A82S,0.3,0.051052529364824295
ssym,centroid,gnn_edge,42,1L63,L84A,2.6,2.062849998474121
ssym,centroid,gnn_edge,42,1L63,L84M,1.9,0.766313374042511
ssym,centroid,gnn_edge,42,1L63,V87A,1.7,0.8388093113899231
ssym,centroid,gnn_edge,42,1L63,V87M,2.3,0.16515502333641052
ssym,centroid,gnn_edge,42,1L63,V87I,0.3,0.11219422519207001
ssym,centroid,gnn_edge,42,1L63,V87T,1.6,0.6292499303817749
ssym,centroid,gnn_edge,42,1L63,L91A,3.9,1.7871376276016235
ssym,centroid,gnn_edge,42,1L63,L91M,0.8,0.7844204902648926
ssym,centroid,gnn_edge,42,1L63,D92N,1.4,0.23146124184131622
ssym,centroid,gnn_edge,42,1L63,A93S,0.2,0.2523435354232788
ssym,centroid,gnn_edge,42,1L63,A98C,1.0,1.234503984451294
ssym,centroid,gnn_edge,42,1L63,A98L,4.3,1.2814016342163086
ssym,centroid,gnn_edge,42,1L63,A98S,2.5,2.4929397106170654
ssym,centroid,gnn_edge,42,1L63,A98V,3.2,1.4069756269454956
ssym,centroid,gnn_edge,42,1L63,L99A,4.5,3.430399179458618
ssym,centroid,gnn_edge,42,1L63,L99F,0.3,2.119593620300293
ssym,centroid,gnn_edge,42,1L63,L99I,1.5,1.2199841737747192
ssym,centroid,gnn_edge,42,1L63,L99M,0.6,1.6192713975906372
ssym,centroid,gnn_edge,42,1L63,L99V,2.0,1.8326119184494019
ssym,centroid,gnn_edge,42,1L63,I100A,3.4,2.4347424507141113
ssym,centroid,gnn_edge,42,1L63,I100M,1.6,0.8282231092453003
ssym,centroid,gnn_edge,42,1L63,I100V,0.4,1.0724338293075562
ssym,centroid,gnn_edge,42,1L63,N101A,1.5,0.2919386923313141
ssym,centroid,gnn_edge,42,1L63,M102L,1.0,1.2807668447494507
ssym,centroid,gnn_edge,42,1L63,V103A,2.2,2.5499627590179443
ssym,centroid,gnn_edge,42,1L63,V103I,0.5,0.4079364836215973
ssym,centroid,gnn_edge,42,1L63,V103M,1.2,0.7607427835464478
ssym,centroid,gnn_edge,42,1L63,F104M,0.4,0.5015682578086853
ssym,centroid,gnn_edge,42,1L63,Q105M,1.2,-0.37305232882499695
ssym,centroid,gnn_edge,42,1L63,M106I,-0.2,0.38024693727493286
ssym,centroid,gnn_edge,42,1L63,M106L,-0.5,0.565057635307312
ssym,centroid,gnn_edge,42,1L63,M106K,3.4,1.0508242845535278
ssym,centroid,gnn_edge,42,1L63,T109D,-0.6,0.592300534248352
ssym,centroid,gnn_edge,42,1L63,T109N,-0.1,0.028604112565517426
ssym,centroid,gnn_edge,42,1L63,V111A,1.3,2.541539430618286
ssym,centroid,gnn_edge,42,1L63,V111I,0.9,0.5601128935813904
ssym,centroid,gnn_edge,42,1L63,V111M,0.7,0.915827751159668
ssym,centroid,gnn_edge,42,1L63,S117F,-1.1,-0.03556958958506584
ssym,centroid,gnn_edge,42,1L63,L118A,3.2,1.6683176755905151
ssym,centroid,gnn_edge,42,1L63,L118M,0.7,0.5705945491790771
ssym,centroid,gnn_edge,42,1L63,M120L,-0.5,0.2509014308452606
ssym,centroid,gnn_edge,42,1L63,M120K,1.6,0.49009615182876587
ssym,centroid,gnn_edge,42,1L63,M120Y,0.1,0.23031248152256012
ssym,centroid,gnn_edge,42,1L63,L121M,0.8,1.019792079925537
ssym,centroid,gnn_edge,42,1L63,A129F,1.2,-0.18097715079784393
ssym,centroid,gnn_edge,42,1L63,A129W,2.2,-0.08569013327360153
ssym,centroid,gnn_edge,42,1L63,A130S,-1.0,0.9440580010414124
ssym,centroid,gnn_edge,42,1L63,L133F,0.3,0.4999772906303406
ssym,centroid,gnn_edge,42,1L63,L133M,0.4,0.3580361306667328
ssym,centroid,gnn_edge,42,1L63,A134S,0.1,0.4681619107723236
ssym,centroid,gnn_edge,42,1L63,N144E,-0.5,0.26637011766433716
ssym,centroid,gnn_edge,42,1L63,V149A,3.2,2.428058624267578
ssym,centroid,gnn_edge,42,1L63,V149C,2.0,1.4426780939102173
ssym,centroid,gnn_edge,42,1L63,V149G,4.9,2.75490140914917
ssym,centroid,gnn_edge,42,1L63,V149I,0.1,0.962238073348999
ssym,centroid,gnn_edge,42,1L63,V149M,2.8,1.3138221502304077
ssym,centroid,gnn_edge,42,1L63,V149T,2.8,1.9107598066329956
ssym,centroid,gnn_edge,42,1L63,V149S,4.4,2.725832939147949
ssym,centroid,gnn_edge,42,1L63,T152A,1.5,1.8941841125488281
ssym,centroid,gnn_edge,42,1L63,T152C,0.5,0.2802881598472595
ssym,centroid,gnn_edge,42,1L63,T152I,0.4,0.1517370194196701
ssym,centroid,gnn_edge,42,1L63,T152S,2.0,1.4762266874313354
ssym,centroid,gnn_edge,42,1L63,T152V,-0.2,0.8783412575721741
ssym,centroid,gnn_edge,42,1L63,F153A,3.8,2.4645233154296875
ssym,centroid,gnn_edge,42,1L63,F153I,0.2,0.7747147679328918
ssym,centroid,gnn_edge,42,1L63,F153L,-0.3,1.2636401653289795
ssym,centroid,gnn_edge,42,1L63,F153M,0.6,1.1208044290542603
ssym,centroid,gnn_edge,42,1L63,F153V,1.8,1.6416109800338745
ssym,centroid,gnn_edge,42,1LZ1,V2A,1.5,0.187897190451622
ssym,centroid,gnn_edge,42,1LZ1,V2G,1.3,0.2213125377893448
ssym,centroid,gnn_edge,42,1LZ1,V2S,1.4,0.08707863092422485
ssym,centroid,gnn_edge,42,1LZ1,V2Y,0.4,-0.1501806676387787
ssym,centroid,gnn_edge,42,1LZ1,V2D,1.4,0.11889529973268509
ssym,centroid,gnn_edge,42,1LZ1,V2N,1.3,0.12966565787792206
ssym,centroid,gnn_edge,42,1LZ1,V2R,0.4,0.019143573939800262
ssym,centroid,gnn_edge,42,1LZ1,V2L,-0.3,-0.21493293344974518
ssym,centroid,gnn_edge,42,1LZ1,V2M,0.2,-0.10127552598714828
ssym,centroid,gnn_edge,42,1LZ1,V2F,0.8,-0.16863223910331726
ssym,centroid,gnn_edge,42,1LZ1,Y20F,0.5,0.522018551826477
ssym,centroid,gnn_edge,42,1LZ1,I23A,2.5,1.5755282640457153
ssym,centroid,gnn_edge,42,1LZ1,I23V,0.4,0.6298931837081909
ssym,centroid,gnn_edge,42,1LZ1,Y38F,0.2,0.8408918380737305
ssym,centroid,gnn_edge,42,1LZ1,Y45F,-0.1,-0.06550068408250809
ssym,centroid,gnn_edge,42,1LZ1,A47P,-0.1,0.14017066359519958
ssym,centroid,gnn_edge,42,1LZ1,Y54F,1.0,0.8901361227035522
ssym,centroid,gnn_edge,42,1LZ1,I56A,3.7,2.9364798069000244
ssym,centroid,gnn_edge,42,1LZ1,I56T,4.3,2.7905187606811523
ssym,centroid,gnn_edge,42,1LZ1,I56V,1.2,2.159073829650879
ssym,centroid,gnn_edge,42,1LZ1,I59A,1.7,3.16390061378479
ssym,centroid,gnn_edge,42,1LZ1,I59G,3.8,3.867467164993286
ssym,centroid,gnn_edge,42,1LZ1,I59V,1.1,1.9176005125045776
ssym,centroid,gnn_edge,42,1LZ1,Y63F,0.2,-0.04606194421648979
ssym,centroid,gnn_edge,42,1LZ1,P71G,1.6,0.04014819487929344
ssym,centroid,gnn_edge,42,1LZ1,V74A,0.4,-0.19955171644687653
ssym,centroid,gnn_edge,42,1LZ1,V74G,0.1,0.46617385745048523
ssym,centroid,gnn_edge,42,1LZ1,V74I,1.9,-0.5901947617530823
ssym,centroid,gnn_edge,42,1LZ1,V74L,0.4,-0.5896719098091125
ssym,centroid,gnn_edge,42,1LZ1,V74M,0.4,-0.6279348134994507
ssym,centroid,gnn_edge,42,1LZ1,V74F,0.0,-0.6971186995506287
ssym,centroid,gnn_edge,42,1LZ1,V74Y,0.3,-0.6584548950195312
ssym,centroid,gnn_edge,42,1LZ1,V74D,0.4,-0.17173157632350922
ssym,centroid,gnn_edge,42,1LZ1,V74N,0.3,-0.12521320581436157
ssym,centroid,gnn_edge,42,1LZ1,V74R,0.1,-0.4371298551559448
ssym,centroid,gnn_edge,42,1LZ1,V74S,0.4,-0.28649258613586426
ssym,centroid,gnn_edge,42,1LZ1,C77A,4.6,1.312499761581421
ssym,centroid,gnn_edge,42,1LZ1,I89A,2.7,2.3855652809143066
ssym,centroid,gnn_edge,42,1LZ1,I89V,0.5,1.5096676349639893
ssym,centroid,gnn_edge,42,1LZ1,D91P,0.4,0.5001827478408813
ssym,centroid,gnn_edge,42,1LZ1,V93A,0.7,2.314840793609619
ssym,centroid,gnn_edge,42,1LZ1,V99A,1.0,2.4376163482666016
ssym,centroid,gnn_edge,42,1LZ1,V100A,0.3,2.971972703933716
ssym,centroid,gnn_edge,42,1LZ1,P103G,0.1,0.2244754433631897
ssym,centroid,gnn_edge,42,1LZ1,I106A,0.9,3.095787763595581
ssym,centroid,gnn_edge,42,1LZ1,I106V,0.7,1.5892761945724487
ssym,centroid,gnn_edge,42,1LZ1,V110A,-0.5,0.45241281390190125
ssym,centroid,gnn_edge,42,1LZ1,V110D,-0.2,0.20621752738952637
ssym,centroid,gnn_edge,42,1LZ1,V110G,2.2,0.30125629901885986
ssym,centroid,gnn_edge,42,1LZ1,V110I,0.8,0.0842612087726593
ssym,centroid,gnn_edge,42,1LZ1,V110L,-0.1,0.060550350695848465
ssym,centroid,gnn_edge,42,1LZ1,V110M,-0.4,0.07484706491231918
ssym,centroid,gnn_edge,42,1LZ1,V110N,-0.1,0.324290007352829
ssym,centroid,gnn_edge,42,1LZ1,V110R,-0.9,0.17096814513206482
ssym,centroid,gnn_edge,42,1LZ1,V110F,1.9,0.09920462965965271
ssym,centroid,gnn_edge,42,1LZ1,V110P,-0.5,0.6081238985061646
ssym,centroid,gnn_edge,42,1LZ1,V110Y,0.1,0.0704222321510315
ssym,centroid,gnn_edge,42,1LZ1,V121A,1.4,1.4456671476364136
ssym,centroid,gnn_edge,42,1LZ1,Y124F,0.4,1.2404495477676392
ssym,centroid,gnn_edge,42,1LZ1,V125A,1.3,2.045722246170044
ssym,centroid,gnn_edge,42,1LZ1,V130A,0.8,1.1429873704910278
ssym,centroid,gnn_edge,42,1OH0,Y32F,-0.2,1.1234599351882935
ssym,centroid,gnn_edge,42,1OH0,Y57F,1.2,1.4563878774642944
ssym,centroid,gnn_edge,42,1RN1,Q25K,-1.4,0.9849917888641357
ssym,centroid,gnn_edge,42,1VQB,I47L,0.4,1.7665642499923706
ssym,centroid,gnn_edge,42,1VQB,I47M,1.7,2.010213851928711
ssym,centroid,gnn_edge,42,1VQB,I47V,2.0,2.1915969848632812
ssym,centroid,gnn_edge,42,1VQB,V35I,0.6,0.8907935619354248
ssym,centroid,gnn_edge,42,1VQB,Y41F,3.2,0.09360775351524353
ssym,centroid,gnn_edge,42,2LZM,I3L,-0.7,0.5175237655639648
ssym,centroid,gnn_edge,42,2LZM,I3C,0.0,0.8841974139213562
ssym,centroid,gnn_edge,42,2LZM,I3P,3.0,3.537815570831299
ssym,centroid,gnn_edge,42,2LZM,I3Y,2.3,0.913116455078125
ssym,centroid,gnn_edge,42,2LZM,I3V,0.4,0.9969388246536255
ssym,centroid,gnn_edge,42,2LZM,M6I,1.4,0.7114475965499878
ssym,centroid,gnn_edge,42,2LZM,K16E,-0.5,0.7487872838973999
ssym,centroid,gnn_edge,42,2LZM,S38D,-0.6,-0.11243213713169098
ssym,centroid,gnn_edge,42,2LZM,N55G,0.6,0.3846178948879242
ssym,centroid,gnn_edge,42,2LZM,K60P,0.0,1.3511556386947632
ssym,centroid,gnn_edge,42,2LZM,G77A,-0.4,0.4504874348640442
ssym,centroid,gnn_edge,42,2LZM,A82P,-0.8,0.1836281418800354
ssym,centroid,gnn_edge,42,2LZM,K85A,0.6,0.18761347234249115
ssym,centroid,gnn_edge,42,2LZM,D89A,0.5,0.10660513490438461
ssym,centroid,gnn_edge,42,2LZM,R96A,2.0,0.1990365982055664
ssym,centroid,gnn_edge,42,2LZM,R96D,3.5,0.3470652997493744
ssym,centroid,gnn_edge,42,2LZM,R96M,2.7,0.13104160130023956
ssym,centroid,gnn_edge,42,2LZM,R96E,2.5,0.3344416618347168
ssym,centroid,gnn_edge,42,2LZM,R96G,2.6,0.33722320199012756
ssym,centroid,gnn_edge,42,2LZM,R96Q,0.3,0.2068905383348465
ssym,centroid,gnn_edge,42,2LZM,R96H,3.1,0.2587726414203644
ssym,centroid,gnn_edge,42,2LZM,R96N,3.0,0.2606014311313629
ssym,centroid,gnn_edge,42,2LZM,R96K,0.0,0.29265835881233215
ssym,centroid,gnn_edge,42,2LZM,R96S,2.6,0.20395846664905548
ssym,centroid,gnn_edge,42,2LZM,R96Y,4.7,0.12026417255401611
ssym,centroid,gnn_edge,42,2LZM,R96V,2.4,0.16276301443576813
ssym,centroid,gnn_edge,42,2LZM,R96W,4.5,0.20513276755809784
ssym,centroid,gnn_edge,42,2LZM,A98V,4.9,1.5836360454559326
ssym,centroid,gnn_edge,42,2LZM,Q105A,0.6,-0.33489343523979187
ssym,centroid,gnn_edge,42,2LZM,Q105E,1.1,0.41564419865608215
ssym,centroid,gnn_edge,42,2LZM,Q105G,1.5,0.4720347821712494
ssym,centroid,gnn_edge,42,2LZM,G113A,-0.3,0.6005260944366455
ssym,centroid,gnn_edge,42,2LZM,T115E,-0.3,0.212416872382164
ssym,centroid,gnn_edge,42,2LZM,N116D,-0.6,0.157995343208313
ssym,centroid,gnn_edge,42,2LZM,R119E,0.0,0.17638303339481354
ssym,centroid,gnn_edge,42,2LZM,Q123E,-0.4,0.2350553572177887
ssym,centroid,gnn_edge,42,2LZM,K124G,0.1,0.5456482172012329
ssym,centroid,gnn_edge,42,2LZM,V131A,-0.3,0.15667684376239777
ssym,centroid,gnn_edge,42,2LZM,V131D,-0.1,0.18302588164806366
ssym,centroid,gnn_edge,42,2LZM,V131G,0.7,0.2815111577510834
ssym,centroid,gnn_edge,42,2LZM,V131I,-0.2,0.06443247199058533
ssym,centroid,gnn_edge,42,2LZM,V131L,-0.1,0.05023165047168732
ssym,centroid,gnn_edge,42,2LZM,V131S,0.1,0.1379162222146988
ssym,centroid,gnn_edge,42,2LZM,V131M,-0.1,0.06363270431756973
ssym,centroid,gnn_edge,42,2LZM,V131E,-0.2,0.13611429929733276
ssym,centroid,gnn_edge,42,2LZM,L133A,4.2,1.7327929735183716
ssym,centroid,gnn_edge,42,2LZM,K135E,1.0,-0.12535138428211212
ssym,centroid,gnn_edge,42,2LZM,N144D,-0.4,0.34486374258995056
ssym,centroid,gnn_edge,42,2LZM,K147E,0.7,0.6888563632965088
ssym,centroid,gnn_edge,42,2LZM,V149C,2.2,1.5013445615768433
ssym,centroid,gnn_edge,42,2LZM,T152S,2.6,1.5072168111801147
ssym,centroid,gnn_edge,42,2LZM,R154E,1.1,0.2268819957971573
ssym,centroid,gnn_edge,42,2LZM,G156D,2.3,0.7620471119880676
ssym,centroid,gnn_edge,42,2LZM,T157A,0.5,0.5956073999404907
ssym,centroid,gnn_edge,42,2LZM,T157C,1.3,0.2618959844112396
ssym,centroid,gnn_edge,42,2LZM,T157D,1.1,0.8915742635726929
ssym,centroid,gnn_edge,42,2LZM,T157E,0.8,0.5156607627868652
ssym,centroid,gnn_edge,42,2LZM,T157F,2.4,-0.11146815121173859
ssym,centroid,gnn_edge,42,2LZM,T157G,1.1,0.7000970840454102
ssym,centroid,gnn_edge,42,2LZM,T157H,2.1,0.758809506893158
ssym,centroid,gnn_edge,42,2LZM,T157I,1.5,-0.02601269632577896
ssym,centroid,gnn_edge,42,2LZM,T157L,1.7,0.13861984014511108
ssym,centroid,gnn_edge,42,2LZM,T157N,1.2,0.33212992548942566
ssym,centroid,gnn_edge,42,2LZM,T157R,-0.3,0.6351271271705627
ssym,centroid,gnn_edge,42,2LZM,T157S,0.7,0.2800101041793823
ssym,centroid,gnn_edge,42,2LZM,T157V,1.2,0.6576048731803894
ssym,centroid,gnn_edge,42,2RN2,D10N,-0.9,-0.030863668769598007
ssym,centroid,gnn_edge,42,2RN2,E48Q,-0.2,0.5664010047912598
ssym,centroid,gnn_edge,42,2RN2,A52F,0.5,0.5482146739959717
ssym,centroid,gnn_edge,42,2RN2,A52I,-1.9,0.34952080249786377
ssym,centroid,gnn_edge,42,2RN2,A52L,-1.3,0.9289638996124268
ssym,centroid,gnn_edge,42,2RN2,A52V,-1.7,0.9797391295433044
ssym,centroid,gnn_edge,42,2RN2,H62A,-0.4,0.23106716573238373
ssym,centroid,gnn_edge,42,2RN2,H62P,-1.1,0.5585880279541016
ssym,centroid,gnn_edge,42,2RN2,D70N,-0.9,-0.21575094759464264
ssym,centroid,gnn_edge,42,2RN2,V74L,-1.0,1.9923585653305054
ssym,centroid,gnn_edge,42,2RN2,V74I,-0.6,0.9011162519454956
ssym,centroid,gnn_edge,42,2RN2,G77A,0.9,2.036189317703247
ssym,centroid,gnn_edge,42,2RN2,K95A,-0.1,0.35130515694618225
ssym,centroid,gnn_edge,42,2RN2,K95G,-1.9,0.4431593120098114
ssym,centroid,gnn_edge,42,2RN2,K95N,-0.9,0.3784984052181244
ssym,centroid,gnn_edge,42,2RN2,D134A,-2.1,0.14414666593074799
ssym,centroid,gnn_edge,42,2RN2,D134H,-2.3,0.30463528633117676
ssym,centroid,gnn_edge,42,2RN2,D134N,-1.0,0.22147731482982635
ssym,centroid,gnn_edge,42,4LYZ,M12F,-0.5,1.069149374961853
ssym,centroid,gnn_edge,42,4LYZ,M12L,0.4,1.0843652486801147
ssym,centroid,gnn_edge,42,4LYZ,T40S,0.3,1.6717804670333862
ssym,centroid,gnn_edge,42,4LYZ,G49A,0.7,-0.08775671571493149
ssym,centroid,gnn_edge,42,4LYZ,I55V,0.9,1.6718140840530396
ssym,centroid,gnn_edge,42,4LYZ,I58M,1.2,1.9532525539398193
ssym,centroid,gnn_edge,42,4LYZ,G67A,0.5,-0.04296353831887245
ssym,centroid,gnn_edge,42,4LYZ,G71A,2.1,0.1957927793264389
ssym,centroid,gnn_edge,42,4LYZ,I78M,0.9,0.3527701795101166
ssym,centroid,gnn_edge,42,4LYZ,S91A,0.2,1.914315104484558
ssym,centroid,gnn_edge,42,4LYZ,S91T,-1.0,2.0889601707458496
ssym,centroid,gnn_edge,42,4LYZ,I98M,0.9,2.063748359680176
ssym,centroid,gnn_edge,42,4LYZ,G102A,1.2,0.3713681399822235
ssym,centroid,gnn_edge,42,4LYZ,G117A,0.8,0.30758097767829895
ssym,centroid,gnn_edge,42,5PTI,F22A,1.2,0.19760969281196594
ssym,centroid,gnn_edge,42,5PTI,Y23A,5.9,2.76993465423584
ssym,centroid,gnn_edge,42,5PTI,Y35G,5.0,1.099564552307129
ssym,centroid,gnn_edge,42,5PTI,N43G,5.7,1.1401305198669434
ssym,centroid,gnn_edge,42,5PTI,F45A,6.9,1.1852970123291016
ssym,centroid,gnn_edge,123,1AMQ,C191Y,2.3,-0.05485014617443085
ssym,centroid,gnn_edge,123,1AMQ,C191F,1.6,0.8223857283592224
ssym,centroid,gnn_edge,123,1AMQ,C191W,3.9,0.274496853351593
ssym,centroid,gnn_edge,123,1AMQ,C191S,1.9,2.1181747913360596
ssym,centroid,gnn_edge,123,1BNI,F7L,4.1,0.9005270600318909
ssym,centroid,gnn_edge,123,1BNI,L14A,4.5,3.3413338661193848
ssym,centroid,gnn_edge,123,1BNI,T26A,1.7,1.7130098342895508
ssym,centroid,gnn_edge,123,1BNI,I51V,1.1,2.1864585876464844
ssym,centroid,gnn_edge,123,1BNI,I76A,1.7,3.3705832958221436
ssym,centroid,gnn_edge,123,1BNI,I76V,1.0,1.9920921325683594
ssym,centroid,gnn_edge,123,1BNI,Y78F,1.1,0.42779529094696045
ssym,centroid,gnn_edge,123,1BNI,I88A,4.0,3.338141679763794
ssym,centroid,gnn_edge,123,1BNI,I88V,1.6,1.7925851345062256
ssym,centroid,gnn_edge,123,1BNI,L89V,0.5,2.515855073928833
ssym,centroid,gnn_edge,123,1BNI,S91A,2.4,2.7219276428222656
ssym,centroid,gnn_edge,123,1BNI,I96A,3.2,3.649496078491211
ssym,centroid,gnn_edge,123,1BNI,I96V,3.1,1.9039828777313232
ssym,centroid,gnn_edge,123,1CEY,D12A,-2.5,0.022944658994674683
ssym,centroid,gnn_edge,123,1CEY,D13A,-2.7,0.6363304257392883
ssym,centroid,gnn_edge,123,1CEY,D57A,-3.3,-0.4512290954589844
ssym,centroid,gnn_edge,123,1EY0,T22C,0.9,0.9075039029121399
ssym,centroid,gnn_edge,123,1EY0,T22V,0.9,1.3466416597366333
ssym,centroid,gnn_edge,123,1EY0,V23L,0.1,0.628711462020874
ssym,centroid,gnn_edge,123,1EY0,L25I,1.7,0.2580835521221161
ssym,centroid,gnn_edge,123,1EY0,T33V,-0.4,0.8906037211418152
ssym,centroid,gnn_edge,123,1EY0,T41C,-0.6,1.2123991250991821
ssym,centroid,gnn_edge,123,1EY0,T41I,-0.7,1.3355735540390015
ssym,centroid,gnn_edge,123,1EY0,T41S,1.1,1.9890236854553223
ssym,centroid,gnn_edge,123,1EY0,T41V,-0.8,1.6712225675582886
ssym,centroid,gnn_edge,123,1EY0,T44V,-0.1,1.7278881072998047
ssym,centroid,gnn_edge,123,1EY0,S59A,-0.5,2.2566800117492676
ssym,centroid,gnn_edge,123,1EY0,T62S,2.1,0.9698498249053955
ssym,centroid,gnn_edge,123,1EY0,T62V,0.2,-0.06309548020362854
ssym,centroid,gnn_edge,123,1EY0,V66I,1.0,0.6848142743110657
ssym,centroid,gnn_edge,123,1EY0,V66L,0.3,0.7909404039382935
ssym,centroid,gnn_edge,123,1EY0,V66K,7.5,3.323838472366333
ssym,centroid,gnn_edge,123,1EY0,I72L,0.2,0.4160435199737549
ssym,centroid,gnn_edge,123,1EY0,I72V,1.2,0.8205758929252625
ssym,centroid,gnn_edge,123,1EY0,T82S,0.7,0.42520493268966675
ssym,centroid,gnn_edge,123,1EY0,I92V,0.4,1.3075313568115234
ssym,centroid,gnn_edge,123,1EY0,K116G,-1.0,1.4892774820327759
ssym,centroid,gnn_edge,123,1EY0,P117A,-0.8,0.8336701393127441
ssym,centroid,gnn_edge,123,1EY0,P117G,-0.9,1.2685654163360596
ssym,centroid,gnn_edge,123,1EY0,P117T,-1.1,0.42268800735473633
ssym,centroid,gnn_edge,123,1EY0,T120C,1.7,1.1052749156951904
ssym,centroid,gnn_edge,123,1EY0,T120S,0.6,1.221519112586975
ssym,centroid,gnn_edge,123,1EY0,T120V,1.8,1.8412622213363647
ssym,centroid,gnn_edge,123,1EY0,S128A,-0.7,1.6656991243362427
ssym,centroid,gnn_edge,123,1IHB,F71N,-0.7,2.4233648777008057
ssym,centroid,gnn_edge,123,1IHB,F82Q,0.4,0.42475056648254395
ssym,centroid,gnn_edge,123,1IHB,F92N,1.1,0.8864554762840271
ssym,centroid,gnn_edge,123,1IOB,T9G,2.6,2.6667230129241943
ssym,centroid,gnn_edge,123,1L63,M6A,1.9,2.9055309295654297
ssym,centroid,gnn_edge,123,1L63,M6L,2.8,1.2824862003326416
ssym,centroid,gnn_edge,123,1L63,E11H,-0.1,1.2872049808502197
ssym,centroid,gnn_edge,123,1L63,E11N,0.1,0.6942295432090759
ssym,centroid,gnn_edge,123,1L63,I17A,2.7,2.5881919860839844
ssym,centroid,gnn_edge,123,1L63,D20A,0.3,0.22311240434646606
ssym,centroid,gnn_edge,123,1L63,D20N,-1.3,0.2325352281332016
ssym,centroid,gnn_edge,123,1L63,D20S,-0.7,0.6681544184684753
ssym,centroid,gnn_edge,123,1L63,I27A,3.1,3.254887104034424
ssym,centroid,gnn_edge,123,1L63,I27M,3.1,0.5313407778739929
ssym,centroid,gnn_edge,123,1L63,I29A,2.6,2.618638515472412
ssym,centroid,gnn_edge,123,1L63,S38N,0.0,0.19020205736160278
ssym,centroid,gnn_edge,123,1L63,A41S,0.6,0.21201029419898987
ssym,centroid,gnn_edge,123,1L63,A42V,2.7,0.29204797744750977
ssym,centroid,gnn_edge,123,1L63,A42S,2.3,1.5312055349349976
ssym,centroid,gnn_edge,123,1L63,K43A,1.0,0.7132344841957092
ssym,centroid,gnn_edge,123,1L63,S44A,-0.3,0.6983227133750916
ssym,centroid,gnn_edge,123,1L63,S44I,-0.3,0.2527042031288147
ssym,centroid,gnn_edge,123,1L63,S44L,-0.4,0.29183852672576904
ssym,centroid,gnn_edge,123,1L63,S44K,-0.2,0.35039374232292175
ssym,centroid,gnn_edge,123,1L63,S44E,0.0,0.4223521947860718
ssym,centroid,gnn_edge,123,1L63,S44G,0.5,0.8031092286109924
ssym,centroid,gnn_edge,123,1L63,S44R,-0.2,0.5304308533668518
ssym,centroid,gnn_edge,123,1L63,S44N,0.1,0.3736196756362915
ssym,centroid,gnn_edge,123,1L63,S44F,-0.1,0.3196903467178345
ssym,centroid,gnn_edge,123,1L63,S44P,3.0,1.490351915359497
ssym,centroid,gnn_edge,123,1L63,S44T,0.0,0.3522493243217468
ssym,centroid,gnn_edge,123,1L63,S44V,-0.1,0.5005319118499756
ssym,centroid,gnn_edge,123,1L63,L46A,1.9,2.3670644760131836
ssym,centroid,gnn_edge,123,1L63,D47A,1.0,0.23624564707279205
ssym,centroid,gnn_edge,123,1L63,A49S,0.5,1.116734504699707
ssym,centroid,gnn_edge,123,1L63,I50A,2.0,2.0786986351013184
ssym,centroid,gnn_edge,123,1L63,I50M,0.4,0.4312615990638733
ssym,centroid,gnn_edge,123,1L63,I58A,3.2,2.905543565750122
ssym,centroid,gnn_edge,123,1L63,I58T,3.4,2.347445011138916
ssym,centroid,gnn_edge,123,1L63,T59A,1.5,1.0282950401306152
ssym,centroid,gnn_edge,123,1L63,T59D,1.2,1.017500638961792
ssym,centroid,gnn_edge,123,1L63,T59G,1.6,1.2186076641082764
ssym,centroid,gnn_edge,123,1L63,T59N,1.1,0.8832737803459167
ssym,centroid,gnn_edge,123,1L63,T59S,0.2,0.837556004524231
ssym,centroid,gnn_edge,123,1L63,T59V,1.5,0.39507001638412476
ssym,centroid,gnn_edge,123,1L63,L66M,1.0,0.8148955702781677
ssym,centroid,gnn_edge,123,1L63,F67A,1.9,3.04416561126709
ssym,centroid,gnn_edge,123,1L63,D72P,2.7,0.44428491592407227
ssym,centroid,gnn_edge,123,1L63,A73S,0.4,0.4178447723388672
ssym,centroid,gnn_edge,123,1L63,V75T,1.3,0.9267999529838562
ssym,centroid,gnn_edge,123,1L63,I78A,1.2,3.220752000808716
ssym,centroid,gnn_edge,123,1L63,I78M,1.5,0.6356220245361328
ssym,centroid,gnn_edge,123,1L63,I78V,0.8,1.0937899351119995
ssym,centroid,gnn_edge,123,1L63,A82S,0.3,0.3674197793006897
ssym,centroid,gnn_edge,123,1L63,L84A,2.6,3.924806594848633
ssym,centroid,gnn_edge,123,1L63,L84M,1.9,1.4401565790176392
ssym,centroid,gnn_edge,123,1L63,V87A,1.7,1.9271196126937866
ssym,centroid,gnn_edge,123,1L63,V87M,2.3,0.2203163355588913
ssym,centroid,gnn_edge,123,1L63,V87I,0.3,0.20864799618721008
ssym,centroid,gnn_edge,123,1L63,V87T,1.6,1.1209040880203247
ssym,centroid,gnn_edge,123,1L63,L91A,3.9,2.5028042793273926
ssym,centroid,gnn_edge,123,1L63,L91M,0.8,1.0439532995224
ssym,centroid,gnn_edge,123,1L63,D92N,1.4,0.4160481095314026
ssym,centroid,gnn_edge,123,1L63,A93S,0.2,0.205947145819664
ssym,centroid,gnn_edge,123,1L63,A98C,1.0,0.7179090976715088
ssym,centroid,gnn_edge,123,1L63,A98L,4.3,1.026476502418518
ssym,centroid,gnn_edge,123,1L63,A98S,2.5,2.3114442825317383
ssym,centroid,gnn_edge,123,1L63,A98V,3.2,1.1614227294921875
ssym,centroid,gnn_edge,123,1L63,L99A,4.5,3.340477466583252
ssym,centroid,gnn_edge,123,1L63,L99F,0.3,1.215952754020691
ssym,centroid,gnn_edge,123,1L63,L99I,1.5,0.5500859618186951
ssym,centroid,gnn_edge,123,1L63,L99M,0.6,0.544081449508667
ssym,centroid,gnn_edge,123,1L63,L99V,2.0,1.0482577085494995
ssym,centroid,gnn_edge,123,1L63,I100A,3.4,3.236213207244873
ssym,centroid,gnn_edge,123,1L63,I100M,1.6,0.46354591846466064
ssym,centroid,gnn_edge,123,1L63,I100V,0.4,0.9388507008552551
ssym,centroid,gnn_edge,123,1L63,N101A,1.5,0.4381069540977478
ssym,centroid,gnn_edge,123,1L63,M102L,1.0,-0.017578333616256714
ssym,centroid,gnn_edge,123,1L63,V103A,2.2,3.320784330368042
ssym,centroid,gnn_edge,123,1L63,V103I,0.5,0.4728200435638428
ssym,centroid,gnn_edge,123,1L63,V103M,1.2,0.5122821927070618
ssym,centroid,gnn_edge,123,1L63,F104M,0.4,-0.059995025396347046
ssym,centroid,gnn_edge,123,1L63,Q105M,1.2,-0.4218204617500305
ssym,centroid,gnn_edge,123,1L63,M106I,-0.2,0.06243877112865448
ssym,centroid,gnn_edge,123,1L63,M106L,-0.5,0.22682081162929535
ssym,centroid,gnn_edge,123,1L63,M106K,3.4,1.7546939849853516
ssym,centroid,gnn_edge,123,1L63,T109D,-0.6,1.236749529838562
ssym,centroid,gnn_edge,123,1L63,T109N,-0.1,1.2970908880233765
ssym,centroid,gnn_edge,123,1L63,V111A,1.3,3.527498722076416
ssym,centroid,gnn_edge,123,1L63,V111I,0.9,0.2360365241765976
ssym,centroid,gnn_edge,123,1L63,V111M,0.7,0.38061079382896423
ssym,centroid,gnn_edge,123,1L63,S117F,-1.1,-0.11754567921161652
ssym,centroid,gnn_edge,123,1L63,L118A,3.2,2.711320400238037
ssym,centroid,gnn_edge,123,1L63,L118M,0.7,0.4391729235649109
ssym,centroid,gnn_edge,123,1L63,M120L,-0.5,0.48841845989227295
ssym,centroid,gnn_edge,123,1L63,M120K,1.6,1.0478062629699707
ssym,centroid,gnn_edge,123,1L63,M120Y,0.1,0.43516117334365845
ssym,centroid,gnn_edge,123,1L63,L121M,0.8,0.2985402047634125
ssym,centroid,gnn_edge,123,1L63,A129F,1.2,0.20218609273433685
ssym,centroid,gnn_edge,123,1L63,A129W,2.2,0.2617833614349365
ssym,centroid,gnn_edge,123,1L63,A130S,-1.0,0.6824965476989746
ssym,centroid,gnn_edge,123,1L63,L133F,0.3,0.18174046277999878
ssym,centroid,gnn_edge,123,1L63,L133M,0.4,-0.4004194736480713
ssym,centroid,gnn_edge,123,1L63,A134S,0.1,0.7119186520576477
ssym,centroid,gnn_edge,123,1L63,N144E,-0.5,0.3287297189235687
ssym,centroid,gnn_edge,123,1L63,V149A,3.2,3.3990120887756348
ssym,centroid,gnn_edge,123,1L63,V149C,2.0,2.081392526626587
ssym,centroid,gnn_edge,123,1L63,V149G,4.9,3.696418285369873
ssym,centroid,gnn_edge,123,1L63,V149I,0.1,0.8099554181098938
ssym,centroid,gnn_edge,123,1L63,V149M,2.8,1.1068822145462036
ssym,centroid,gnn_edge,123,1L63,V149T,2.8,2.955531597137451
ssym,centroid,gnn_edge,123,1L63,V149S,4.4,3.5208353996276855
ssym,centroid,gnn_edge,123,1L63,T152A,1.5,2.7517333030700684
ssym,centroid,gnn_edge,123,1L63,T152C,0.5,1.292219877243042
ssym,centroid,gnn_edge,123,1L63,T152I,0.4,0.9752573370933533
ssym,centroid,gnn_edge,123,1L63,T152S,2.0,2.704434871673584
ssym,centroid,gnn_edge,123,1L63,T152V,-0.2,2.170912027359009
ssym,centroid,gnn_edge,123,1L63,F153A,3.8,2.2608110904693604
ssym,centroid,gnn_edge,123,1L63,F153I,0.2,0.12259878218173981
ssym,centroid,gnn_edge,123,1L63,F153L,-0.3,0.5330638885498047
ssym,centroid,gnn_edge,123,1L63,F153M,0.6,0.12009276449680328
ssym,centroid,gnn_edge,123,1L63,F153V,1.8,0.7978073358535767
ssym,centroid,gnn_edge,123,1LZ1,V2A,1.5,1.7630574703216553
ssym,centroid,gnn_edge,123,1LZ1,V2G,1.3,2.137403726577759
ssym,centroid,gnn_edge,123,1LZ1,V2S,1.4,1.0760163068771362
ssym,centroid,gnn_edge,123,1LZ1,V2Y,0.4,0.27246856689453125
ssym,centroid,gnn_edge,123,1LZ1,V2D,1.4,1.1086214780807495
ssym,centroid,gnn_edge,123,1LZ1,V2N,1.3,1.0605030059814453
ssym,centroid,gnn_edge,123,1LZ1,V2R,0.4,1.0490989685058594
ssym,centroid,gnn_edge,123,1LZ1,V2L,-0.3,0.2570357620716095
ssym,centroid,gnn_edge,123,1LZ1,V2M,0.2,0.27076226472854614
ssym,centroid,gnn_edge,123,1LZ1,V2F,0.8,0.324809193611145
ssym,centroid,gnn_edge,123,1LZ1,Y20F,0.5,1.3551615476608276
ssym,centroid,gnn_edge,123,1LZ1,I23A,2.5,2.5379905700683594
ssym,centroid,gnn_edge,123,1LZ1,I23V,0.4,1.3651137351989746
ssym,centroid,gnn_edge,123,1LZ1,Y38F,0.2,1.2541990280151367
ssym,centroid,gnn_edge,123,1LZ1,Y45F,-0.1,0.22763243317604065
ssym,centroid,gnn_edge,123,1LZ1,A47P,-0.1,1.202069640159607
ssym,centroid,gnn_edge,123,1LZ1,Y54F,1.0,1.2726662158966064
ssym,centroid,gnn_edge,123,1LZ1,I56A,3.7,3.7435836791992188
ssym,centroid,gnn_edge,123,1LZ1,I56T,4.3,3.3188633918762207
ssym,centroid,gnn_edge,123,1LZ1,I56V,1.2,1.9728916883468628
ssym,centroid,gnn_edge,123,1LZ1,I59A,1.7,3.072110652923584
ssym,centroid,gnn_edge,123,1LZ1,I59G,3.8,3.5899388790130615
ssym,centroid,gnn_edge,123,1LZ1,I59V,1.1,1.0656195878982544
ssym,centroid,gnn_edge,123,1LZ1,Y63F,0.2,0.20736026763916016
ssym,centroid,gnn_edge,123,1LZ1,P71G,1.6,1.3845620155334473
ssym,centroid,gnn_edge,123,1LZ1,V74A,0.4,1.2361012697219849
ssym,centroid,gnn_edge,123,1LZ1,V74G,0.1,2.0424697399139404
ssym,centroid,gnn_edge,123,1LZ1,V74I,1.9,0.012583151459693909
ssym,centroid,gnn_edge,123,1LZ1,V74L,0.4,0.15274359285831451
ssym,centroid,gnn_edge,123,1LZ1,V74M,0.4,0.16791611909866333
ssym,centroid,gnn_edge,123,1LZ1,V74F,0.0,0.19687935709953308
ssym,centroid,gnn_edge,123,1LZ1,V74Y,0.3,0.10600747913122177
ssym,centroid,gnn_edge,123,1LZ1,V74D,0.4,0.8278650641441345
ssym,centroid,gnn_edge,123,1LZ1,V74N,0.3,0.7734656929969788
ssym,centroid,gnn_edge,123,1LZ1,V74R,0.1,0.5222465991973877
ssym,centroid,gnn_edge,123,1LZ1,V74S,0.4,0.9330747723579407
ssym,centroid,gnn_edge,123,1LZ1,C77A,4.6,1.2446297407150269
ssym,centroid,gnn_edge,123,1LZ1,I89A,2.7,3.4321463108062744
ssym,centroid,gnn_edge,123,1LZ1,I89V,0.5,1.1826539039611816
ssym,centroid,gnn_edge,123,1LZ1,D91P,0.4,0.23841840028762817
ssym,centroid,gnn_edge,123,1LZ1,V93A,0.7,2.7637410163879395
ssym,centroid,gnn_edge,123,1LZ1,V99A,1.0,2.9097094535827637
ssym,centroid,gnn_edge,123,1LZ1,V100A,0.3,2.982355833053589
ssym,centroid,gnn_edge,123,1LZ1,P103G,0.1,0.4124124050140381
ssym,centroid,gnn_edge,123,1LZ1,I106A,0.9,3.266230583190918
ssym,centroid,gnn_edge,123,1LZ1,I106V,0.7,1.9603022336959839
ssym,centroid,gnn_edge,123,1LZ1,V110A,-0.5,0.9321600794792175
ssym,centroid,gnn_edge,123,1LZ1,V110D,-0.2,0.379707396030426
ssym,centroid,gnn_edge,123,1LZ1,V110G,2.2,0.7419232130050659
ssym,centroid,gnn_edge,123,1LZ1,V110I,0.8,0.23573043942451477
ssym,centroid,gnn_edge,123,1LZ1,V110L,-0.1,0.21441438794136047
ssym,centroid,gnn_edge,123,1LZ1,V110M,-0.4,0.21988795697689056
ssym,centroid,gnn_edge,123,1LZ1,V110N,-0.1,0.45353037118911743
ssym,centroid,gnn_edge,123,1LZ1,V110R,-0.9,0.3355855941772461
ssym,centroid,gnn_edge,123,1LZ1,V110F,1.9,0.2669298052787781
ssym,centroid,gnn_edge,123,1LZ1,V110P,-0.5,1.525413990020752
ssym,centroid,gnn_edge,123,1LZ1,V110Y,0.1,0.22616100311279297
ssym,centroid,gnn_edge,123,1LZ1,V121A,1.4,2.4765305519104004
ssym,centroid,gnn_edge,123,1LZ1,Y124F,0.4,2.2855005264282227
ssym,centroid,gnn_edge,123,1LZ1,V125A,1.3,2.734208106994629
ssym,centroid,gnn_edge,123,1LZ1,V130A,0.8,2.1361145973205566
ssym,centroid,gnn_edge,123,1OH0,Y32F,-0.2,0.1897607296705246
ssym,centroid,gnn_edge,123,1OH0,Y57F,1.2,-0.07464475929737091
ssym,centroid,gnn_edge,123,1RN1,Q25K,-1.4,1.4732130765914917
ssym,centroid,gnn_edge,123,1VQB,I47L,0.4,1.730690360069275
ssym,centroid,gnn_edge,123,1VQB,I47M,1.7,1.539636492729187
ssym,centroid,gnn_edge,123,1VQB,I47V,2.0,2.4213428497314453
ssym,centroid,gnn_edge,123,1VQB,V35I,0.6,0.8007516860961914
ssym,centroid,gnn_edge,123,1VQB,Y41F,3.2,0.2764379680156708
ssym,centroid,gnn_edge,123,2LZM,I3L,-0.7,1.0848335027694702
ssym,centroid,gnn_edge,123,2LZM,I3C,0.0,2.033165216445923
ssym,centroid,gnn_edge,123,2LZM,I3P,3.0,4.087957859039307
ssym,centroid,gnn_edge,123,2LZM,I3Y,2.3,1.7550796270370483
ssym,centroid,gnn_edge,123,2LZM,I3V,0.4,1.8553012609481812
ssym,centroid,gnn_edge,123,2LZM,M6I,1.4,0.6542165279388428
ssym,centroid,gnn_edge,123,2LZM,K16E,-0.5,0.6676731109619141
ssym,centroid,gnn_edge,123,2LZM,S38D,-0.6,0.23350173234939575
ssym,centroid,gnn_edge,123,2LZM,N55G,0.6,0.8225548267364502
ssym,centroid,gnn_edge,123,2LZM,K60P,0.0,2.9098093509674072
ssym,centroid,gnn_edge,123,2LZM,G77A,-0.4,0.6454835534095764
ssym,centroid,gnn_edge,123,2LZM,A82P,-0.8,1.4276444911956787
ssym,centroid,gnn_edge,123,2LZM,K85A,0.6,0.2936038374900818
ssym,centroid,gnn_edge,123,2LZM,D89A,0.5,0.1830364465713501
ssym,centroid,gnn_edge,123,2LZM,R96A,2.0,0.20062366127967834
ssym,centroid,gnn_edge,123,2LZM,R96D,3.5,0.7251997590065002
ssym,centroid,gnn_edge,123,2LZM,R96M,2.7,0.15169747173786163
ssym,centroid,gnn_edge,123,2LZM,R96E,2.5,0.4128100872039795
ssym,centroid,gnn_edge,123,2LZM,R96G,2.6,0.8685265779495239
ssym,centroid,gnn_edge,123,2LZM,R96Q,0.3,0.2927600145339966
ssym,centroid,gnn_edge,123,2LZM,R96H,3.1,0.38213837146759033
ssym,centroid,gnn_edge,123,2LZM,R96N,3.0,0.26128220558166504
ssym,centroid,gnn_edge,123,2LZM,R96K,0.0,0.3210124969482422
ssym,centroid,gnn_edge,123,2LZM,R96S,2.6,0.3292926549911499
ssym,centroid,gnn_edge,123,2LZM,R96Y,4.7,0.15200050175189972
ssym,centroid,gnn_edge,123,2LZM,R96V,2.4,0.15322841703891754
ssym,centroid,gnn_edge,123,2LZM,R96W,4.5,0.15267300605773926
ssym,centroid,gnn_edge,123,2LZM,A98V,4.9,1.3412744998931885
ssym,centroid,gnn_edge,123,2LZM,Q105A,0.6,-0.27996206283569336
ssym,centroid,gnn_edge,123,2LZM,Q105E,1.1,2.1995065212249756
ssym,centroid,gnn_edge,123,2LZM,Q105G,1.5,2.2469067573547363
ssym,centroid,gnn_edge,123,2LZM,G113A,-0.3,0.7560771703720093
ssym,centroid,gnn_edge,123,2LZM,T115E,-0.3,0.23329804837703705
ssym,centroid,gnn_edge,123,2LZM,N116D,-0.6,0.2665340006351471
ssym,centroid,gnn_edge,123,2LZM,R119E,0.0,0.30023935437202454
ssym,centroid,gnn_edge,123,2LZM,Q123E,-0.4,0.43549489974975586
ssym,centroid,gnn_edge,123,2LZM,K124G,0.1,2.1009154319763184
ssym,centroid,gnn_edge,123,2LZM,V131A,-0.3,0.34569334983825684
ssym,centroid,gnn_edge,123,2LZM,V131D,-0.1,0.4041922688484192
ssym,centroid,gnn_edge,123,2LZM,V131G,0.7,0.7946447134017944
ssym,centroid,gnn_edge,123,2LZM,V131I,-0.2,0.17860645055770874
ssym,centroid,gnn_edge,123,2LZM,V131L,-0.1,0.1760958731174469
ssym,centroid,gnn_edge,123,2LZM,V131S,0.1,0.24753567576408386
ssym,centroid,gnn_edge,123,2LZM,V131M,-0.1,0.17366407811641693
ssym,centroid,gnn_edge,123,2LZM,V131E,-0.2,0.24523398280143738
ssym,centroid,gnn_edge,123,2LZM,L133A,4.2,2.037639617919922
ssym,centroid,gnn_edge,123,2LZM,K135E,1.0,0.4221798777580261
ssym,centroid,gnn_edge,123,2LZM,N144D,-0.4,0.42524808645248413
ssym,centroid,gnn_edge,123,2LZM,K147E,0.7,1.9646340608596802
ssym,centroid,gnn_edge,123,2LZM,V149C,2.2,2.051197052001953
ssym,centroid,gnn_edge,123,2LZM,T152S,2.6,2.7235119342803955
ssym,centroid,gnn_edge,123,2LZM,R154E,1.1,0.5306493639945984
ssym,centroid,gnn_edge,123,2LZM,G156D,2.3,1.7003854513168335
ssym,centroid,gnn_edge,123,2LZM,T157A,0.5,1.3499635457992554
ssym,centroid,gnn_edge,123,2LZM,T157C,1.3,0.7374292016029358
ssym,centroid,gnn_edge,123,2LZM,T157D,1.1,1.958082914352417
ssym,centroid,gnn_edge,123,2LZM,T157E,0.8,0.8874757885932922
ssym,centroid,gnn_edge,123,2LZM,T157F,2.4,0.5094900131225586
ssym,centroid,gnn_edge,123,2LZM,T157G,1.1,1.3015652894973755
ssym,centroid,gnn_edge,123,2LZM,T157H,2.1,0.9163932800292969
ssym,centroid,gnn_edge,123,2LZM,T157I,1.5,0.5839807391166687
ssym,centroid,gnn_edge,123,2LZM,T157L,1.7,0.7247196435928345
ssym,centroid,gnn_edge,123,2LZM,T157N,1.2,0.4500058889389038
ssym,centroid,gnn_edge,123,2LZM,T157R,-0.3,0.9284509420394897
ssym,centroid,gnn_edge,123,2LZM,T157S,0.7,0.7356957793235779
ssym,centroid,gnn_edge,123,2LZM,T157V,1.2,1.5985296964645386
ssym,centroid,gnn_edge,123,2RN2,D10N,-0.9,1.876878023147583
ssym,centroid,gnn_edge,123,2RN2,E48Q,-0.2,2.4744532108306885
ssym,centroid,gnn_edge,123,2RN2,A52F,0.5,0.05427377671003342
ssym,centroid,gnn_edge,123,2RN2,A52I,-1.9,-0.20693881809711456
ssym,centroid,gnn_edge,123,2RN2,A52L,-1.3,0.19520851969718933
ssym,centroid,gnn_edge,123,2RN2,A52V,-1.7,0.27647221088409424
ssym,centroid,gnn_edge,123,2RN2,H62A,-0.4,0.34743452072143555
ssym,centroid,gnn_edge,123,2RN2,H62P,-1.1,1.729141354560852
ssym,centroid,gnn_edge,123,2RN2,D70N,-0.9,2.164015769958496
ssym,centroid,gnn_edge,123,2RN2,V74L,-1.0,1.779442548751831
ssym,centroid,gnn_edge,123,2RN2,V74I,-0.6,1.186946153640747
ssym,centroid,gnn_edge,123,2RN2,G77A,0.9,2.4413585662841797
ssym,centroid,gnn_edge,123,2RN2,K95A,-0.1,0.2652161717414856
ssym,centroid,gnn_edge,123,2RN2,K95G,-1.9,0.5286685228347778
ssym,centroid,gnn_edge,123,2RN2,K95N,-0.9,0.30630260705947876
ssym,centroid,gnn_edge,123,2RN2,D134A,-2.1,0.8984608054161072
ssym,centroid,gnn_edge,123,2RN2,D134H,-2.3,1.7343741655349731
ssym,centroid,gnn_edge,123,2RN2,D134N,-1.0,1.4399596452713013
ssym,centroid,gnn_edge,123,4LYZ,M12F,-0.5,-0.1386181265115738
ssym,centroid,gnn_edge,123,4LYZ,M12L,0.4,0.08988138288259506
ssym,centroid,gnn_edge,123,4LYZ,T40S,0.3,1.7757848501205444
ssym,centroid,gnn_edge,123,4LYZ,G49A,0.7,0.3579767346382141
ssym,centroid,gnn_edge,123,4LYZ,I55V,0.9,1.1448554992675781
ssym,centroid,gnn_edge,123,4LYZ,I58M,1.2,1.9315500259399414
ssym,centroid,gnn_edge,123,4LYZ,G67A,0.5,0.5217231512069702
ssym,centroid,gnn_edge,123,4LYZ,G71A,2.1,0.5037705898284912
ssym,centroid,gnn_edge,123,4LYZ,I78M,0.9,0.4045213460922241
ssym,centroid,gnn_edge,123,4LYZ,S91A,0.2,0.8800548911094666
ssym,centroid,gnn_edge,123,4LYZ,S91T,-1.0,0.6844083666801453
ssym,centroid,gnn_edge,123,4LYZ,I98M,0.9,1.035261869430542
ssym,centroid,gnn_edge,123,4LYZ,G102A,1.2,0.8800219297409058
ssym,centroid,gnn_edge,123,4LYZ,G117A,0.8,0.807396650314331
ssym,centroid,gnn_edge,123,5PTI,F22A,1.2,1.7378236055374146
ssym,centroid,gnn_edge,123,5PTI,Y23A,5.9,2.491393566131592
ssym,centroid,gnn_edge,123,5PTI,Y35G,5.0,1.3455911874771118
ssym,centroid,gnn_edge,123,5PTI,N43G,5.7,1.5137743949890137
ssym,centroid,gnn_edge,123,5PTI,F45A,6.9,2.4155962467193604
ssym,centroid,deep_gine,42,1AMQ,C191Y,2.3,0.1892213523387909
ssym,centroid,deep_gine,42,1AMQ,C191F,1.6,0.19989842176437378
ssym,centroid,deep_gine,42,1AMQ,C191W,3.9,0.18270674347877502
ssym,centroid,deep_gine,42,1AMQ,C191S,1.9,0.38358497619628906
ssym,centroid,deep_gine,42,1BNI,F7L,4.1,0.23226669430732727
ssym,centroid,deep_gine,42,1BNI,L14A,4.5,1.787693738937378
ssym,centroid,deep_gine,42,1BNI,T26A,1.7,0.29840242862701416
ssym,centroid,deep_gine,42,1BNI,I51V,1.1,0.5205116271972656
ssym,centroid,deep_gine,42,1BNI,I76A,1.7,1.4956529140472412
ssym,centroid,deep_gine,42,1BNI,I76V,1.0,0.47579383850097656
ssym,centroid,deep_gine,42,1BNI,Y78F,1.1,0.28075724840164185
ssym,centroid,deep_gine,42,1BNI,I88A,4.0,2.349163055419922
ssym,centroid,deep_gine,42,1BNI,I88V,1.6,0.4416723847389221
ssym,centroid,deep_gine,42,1BNI,L89V,0.5,0.4385087490081787
ssym,centroid,deep_gine,42,1BNI,S91A,2.4,0.3468689024448395
ssym,centroid,deep_gine,42,1BNI,I96A,3.2,1.4454066753387451
ssym,centroid,deep_gine,42,1BNI,I96V,3.1,0.2264590859413147
ssym,centroid,deep_gine,42,1CEY,D12A,-2.5,0.14977288246154785
ssym,centroid,deep_gine,42,1CEY,D13A,-2.7,0.11219391226768494
ssym,centroid,deep_gine,42,1CEY,D57A,-3.3,0.1803627610206604
ssym,centroid,deep_gine,42,1EY0,T22C,0.9,0.37112027406692505
ssym,centroid,deep_gine,42,1EY0,T22V,0.9,0.5669983625411987
ssym,centroid,deep_gine,42,1EY0,V23L,0.1,0.6528127193450928
ssym,centroid,deep_gine,42,1EY0,L25I,1.7,0.749178409576416
ssym,centroid,deep_gine,42,1EY0,T33V,-0.4,0.6387077569961548
ssym,centroid,deep_gine,42,1EY0,T41C,-0.6,0.6555641293525696
ssym,centroid,deep_gine,42,1EY0,T41I,-0.7,0.6397815942764282
ssym,centroid,deep_gine,42,1EY0,T41S,1.1,1.4165657758712769
ssym,centroid,deep_gine,42,1EY0,T41V,-0.8,0.8663995265960693
ssym,centroid,deep_gine,42,1EY0,T44V,-0.1,0.4773823320865631
ssym,centroid,deep_gine,42,1EY0,S59A,-0.5,0.9639850854873657
ssym,centroid,deep_gine,42,1EY0,T62S,2.1,0.759833574295044
ssym,centroid,deep_gine,42,1EY0,T62V,0.2,0.4676905572414398
ssym,centroid,deep_gine,42,1EY0,V66I,1.0,0.6232231855392456
ssym,centroid,deep_gine,42,1EY0,V66L,0.3,0.802018404006958
ssym,centroid,deep_gine,42,1EY0,V66K,7.5,2.8235080242156982
ssym,centroid,deep_gine,42,1EY0,I72L,0.2,1.5307985544204712
ssym,centroid,deep_gine,42,1EY0,I72V,1.2,1.6815649271011353
ssym,centroid,deep_gine,42,1EY0,T82S,0.7,0.39221423864364624
ssym,centroid,deep_gine,42,1EY0,I92V,0.4,1.4299726486206055
ssym,centroid,deep_gine,42,1EY0,K116G,-1.0,0.3720405697822571
ssym,centroid,deep_gine,42,1EY0,P117A,-0.8,0.2771127223968506
ssym,centroid,deep_gine,42,1EY0,P117G,-0.9,0.32190436124801636
ssym,centroid,deep_gine,42,1EY0,P117T,-1.1,0.26539966464042664
ssym,centroid,deep_gine,42,1EY0,T120C,1.7,0.19096128642559052
ssym,centroid,deep_gine,42,1EY0,T120S,0.6,0.3567567467689514
ssym,centroid,deep_gine,42,1EY0,T120V,1.8,0.26012736558914185
ssym,centroid,deep_gine,42,1EY0,S128A,-0.7,0.9625128507614136
ssym,centroid,deep_gine,42,1IHB,F71N,-0.7,0.21277621388435364
ssym,centroid,deep_gine,42,1IHB,F82Q,0.4,0.2200831025838852
ssym,centroid,deep_gine,42,1IHB,F92N,1.1,1.935964584350586
ssym,centroid,deep_gine,42,1IOB,T9G,2.6,0.1404387652873993
ssym,centroid,deep_gine,42,1L63,M6A,1.9,0.9393023252487183
ssym,centroid,deep_gine,42,1L63,M6L,2.8,0.23113730549812317
ssym,centroid,deep_gine,42,1L63,E11H,-0.1,0.19022375345230103
ssym,centroid,deep_gine,42,1L63,E11N,0.1,0.15638378262519836
ssym,centroid,deep_gine,42,1L63,I17A,2.7,0.8197884559631348
ssym,centroid,deep_gine,42,1L63,D20A,0.3,0.10337778925895691
ssym,centroid,deep_gine,42,1L63,D20N,-1.3,0.09451986104249954
ssym,centroid,deep_gine,42,1L63,D20S,-0.7,0.1274053454399109
ssym,centroid,deep_gine,42,1L63,I27A,3.1,2.467479705810547
ssym,centroid,deep_gine,42,1L63,I27M,3.1,0.5049307346343994
ssym,centroid,deep_gine,42,1L63,I29A,2.6,2.127514362335205
ssym,centroid,deep_gine,42,1L63,S38N,0.0,0.1355370730161667
ssym,centroid,deep_gine,42,1L63,A41S,0.6,0.15204982459545135
ssym,centroid,deep_gine,42,1L63,A42V,2.7,0.16079631447792053
ssym,centroid,deep_gine,42,1L63,A42S,2.3,0.270889014005661
ssym,centroid,deep_gine,42,1L63,K43A,1.0,0.17268520593643188
ssym,centroid,deep_gine,42,1L63,S44A,-0.3,0.19481489062309265
ssym,centroid,deep_gine,42,1L63,S44I,-0.3,0.09764605760574341
ssym,centroid,deep_gine,42,1L63,S44L,-0.4,0.133669912815094
ssym,centroid,deep_gine,42,1L63,S44K,-0.2,0.1606193482875824
ssym,centroid,deep_gine,42,1L63,S44E,0.0,0.17264243960380554
ssym,centroid,deep_gine,42,1L63,S44G,0.5,0.19301724433898926
ssym,centroid,deep_gine,42,1L63,S44R,-0.2,0.18243569135665894
ssym,centroid,deep_gine,42,1L63,S44N,0.1,0.17758449912071228
ssym,centroid,deep_gine,42,1L63,S44F,-0.1,0.09347143769264221
ssym,centroid,deep_gine,42,1L63,S44P,3.0,0.33514609932899475
ssym,centroid,deep_gine,42,1L63,S44T,0.0,0.18448424339294434
ssym,centroid,deep_gine,42,1L63,S44V,-0.1,0.14049965143203735
ssym,centroid,deep_gine,42,1L63,L46A,1.9,1.5627779960632324
ssym,centroid,deep_gine,42,1L63,D47A,1.0,0.08938370645046234
ssym,centroid,deep_gine,42,1L63,A49S,0.5,0.13484644889831543
ssym,centroid,deep_gine,42,1L63,I50A,2.0,0.9222956895828247
ssym,centroid,deep_gine,42,1L63,I50M,0.4,0.12657573819160461
ssym,centroid,deep_gine,42,1L63,I58A,3.2,2.162850856781006
ssym,centroid,deep_gine,42,1L63,I58T,3.4,1.9202847480773926
ssym,centroid,deep_gine,42,1L63,T59A,1.5,0.18692347407341003
ssym,centroid,deep_gine,42,1L63,T59D,1.2,0.14435499906539917
ssym,centroid,deep_gine,42,1L63,T59G,1.6,0.23617690801620483
ssym,centroid,deep_gine,42,1L63,T59N,1.1,0.17841359972953796
ssym,centroid,deep_gine,42,1L63,T59S,0.2,0.15113955736160278
ssym,centroid,deep_gine,42,1L63,T59V,1.5,0.059404343366622925
ssym,centroid,deep_gine,42,1L63,L66M,1.0,0.4591531753540039
ssym,centroid,deep_gine,42,1L63,F67A,1.9,2.218432664871216
ssym,centroid,deep_gine,42,1L63,D72P,2.7,0.20455621182918549
ssym,centroid,deep_gine,42,1L63,A73S,0.4,0.2459525167942047
ssym,centroid,deep_gine,42,1L63,V75T,1.3,0.2770320177078247
ssym,centroid,deep_gine,42,1L63,I78A,1.2,1.7012462615966797
ssym,centroid,deep_gine,42,1L63,I78M,1.5,0.26774418354034424
ssym,centroid,deep_gine,42,1L63,I78V,0.8,0.28478509187698364
ssym,centroid,deep_gine,42,1L63,A82S,0.3,0.1461378037929535
ssym,centroid,deep_gine,42,1L63,L84A,2.6,1.6237363815307617
ssym,centroid,deep_gine,42,1L63,L84M,1.9,0.25847798585891724
ssym,centroid,deep_gine,42,1L63,V87A,1.7,0.6595733165740967
ssym,centroid,deep_gine,42,1L63,V87M,2.3,0.17122048139572144
ssym,centroid,deep_gine,42,1L63,V87I,0.3,0.1461958885192871
ssym,centroid,deep_gine,42,1L63,V87T,1.6,0.2064717411994934
ssym,centroid,deep_gine,42,1L63,L91A,3.9,1.1027450561523438
ssym,centroid,deep_gine,42,1L63,L91M,0.8,0.2783679664134979
ssym,centroid,deep_gine,42,1L63,D92N,1.4,0.10658974945545197
ssym,centroid,deep_gine,42,1L63,A93S,0.2,0.05677571892738342
ssym,centroid,deep_gine,42,1L63,A98C,1.0,0.1241627037525177
ssym,centroid,deep_gine,42,1L63,A98L,4.3,0.19246350228786469
ssym,centroid,deep_gine,42,1L63,A98S,2.5,0.5934149026870728
ssym,centroid,deep_gine,42,1L63,A98V,3.2,0.21972298622131348
ssym,centroid,deep_gine,42,1L63,L99A,4.5,1.852949857711792
ssym,centroid,deep_gine,42,1L63,L99F,0.3,0.3404090106487274
ssym,centroid,deep_gine,42,1L63,L99I,1.5,0.2562604546546936
ssym,centroid,deep_gine,42,1L63,L99M,0.6,0.3306605815887451
ssym,centroid,deep_gine,42,1L63,L99V,2.0,0.3485911786556244
ssym,centroid,deep_gine,42,1L63,I100A,3.4,2.1777124404907227
ssym,centroid,deep_gine,42,1L63,I100M,1.6,0.5363192558288574
ssym,centroid,deep_gine,42,1L63,I100V,0.4,0.5416722297668457
ssym,centroid,deep_gine,42,1L63,N101A,1.5,0.2207285761833191
ssym,centroid,deep_gine,42,1L63,M102L,1.0,0.27103620767593384
ssym,centroid,deep_gine,42,1L63,V103A,2.2,1.3199057579040527
ssym,centroid,deep_gine,42,1L63,V103I,0.5,0.13524654507637024
ssym,centroid,deep_gine,42,1L63,V103M,1.2,0.17637576162815094
ssym,centroid,deep_gine,42,1L63,F104M,0.4,0.364463746547699
ssym,centroid,deep_gine,42,1L63,Q105M,1.2,0.10413283109664917
ssym,centroid,deep_gine,42,1L63,M106I,-0.2,0.17805013060569763
ssym,centroid,deep_gine,42,1L63,M106L,-0.5,0.19963356852531433
ssym,centroid,deep_gine,42,1L63,M106K,3.4,0.3638719618320465
ssym,centroid,deep_gine,42,1L63,T109D,-0.6,0.11868638545274734
ssym,centroid,deep_gine,42,1L63,T109N,-0.1,0.10769656300544739
ssym,centroid,deep_gine,42,1L63,V111A,1.3,2.039299249649048
ssym,centroid,deep_gine,42,1L63,V111I,0.9,0.14758026599884033
ssym,centroid,deep_gine,42,1L63,V111M,0.7,0.19224175810813904
ssym,centroid,deep_gine,42,1L63,S117F,-1.1,0.11662185937166214
ssym,centroid,deep_gine,42,1L63,L118A,3.2,1.8655455112457275
ssym,centroid,deep_gine,42,1L63,L118M,0.7,0.21134206652641296
ssym,centroid,deep_gine,42,1L63,M120L,-0.5,0.252284437417984
ssym,centroid,deep_gine,42,1L63,M120K,1.6,1.1418395042419434
ssym,centroid,deep_gine,42,1L63,M120Y,0.1,0.24168086051940918
ssym,centroid,deep_gine,42,1L63,L121M,0.8,0.3218308985233307
ssym,centroid,deep_gine,42,1L63,A129F,1.2,0.11134795844554901
ssym,centroid,deep_gine,42,1L63,A129W,2.2,0.08927021920681
ssym,centroid,deep_gine,42,1L63,A130S,-1.0,0.41793787479400635
ssym,centroid,deep_gine,42,1L63,L133F,0.3,0.5095361471176147
ssym,centroid,deep_gine,42,1L63,L133M,0.4,0.43588921427726746
ssym,centroid,deep_gine,42,1L63,A134S,0.1,0.1704651266336441
ssym,centroid,deep_gine,42,1L63,N144E,-0.5,0.10775788873434067
ssym,centroid,deep_gine,42,1L63,V149A,3.2,1.690629243850708
ssym,centroid,deep_gine,42,1L63,V149C,2.0,0.5566176176071167
ssym,centroid,deep_gine,42,1L63,V149G,4.9,2.0075314044952393
ssym,centroid,deep_gine,42,1L63,V149I,0.1,0.4324847161769867
ssym,centroid,deep_gine,42,1L63,V149M,2.8,0.7400226593017578
ssym,centroid,deep_gine,42,1L63,V149T,2.8,1.5274834632873535
ssym,centroid,deep_gine,42,1L63,V149S,4.4,1.7611110210418701
ssym,centroid,deep_gine,42,1L63,T152A,1.5,0.47244593501091003
ssym,centroid,deep_gine,42,1L63,T152C,0.5,0.1262483447790146
ssym,centroid,deep_gine,42,1L63,T152I,0.4,0.12342865765094757
ssym,centroid,deep_gine,42,1L63,T152S,2.0,0.45614075660705566
ssym,centroid,deep_gine,42,1L63,T152V,-0.2,0.1788734644651413
ssym,centroid,deep_gine,42,1L63,F153A,3.8,2.170942783355713
ssym,centroid,deep_gine,42,1L63,F153I,0.2,0.38153451681137085
ssym,centroid,deep_gine,42,1L63,F153L,-0.3,0.49606913328170776
ssym,centroid,deep_gine,42,1L63,F153M,0.6,0.5299532413482666
ssym,centroid,deep_gine,42,1L63,F153V,1.8,0.5757542848587036
ssym,centroid,deep_gine,42,1LZ1,V2A,1.5,0.3482205271720886
ssym,centroid,deep_gine,42,1LZ1,V2G,1.3,0.3678646981716156
ssym,centroid,deep_gine,42,1LZ1,V2S,1.4,0.2813326120376587
ssym,centroid,deep_gine,42,1LZ1,V2Y,0.4,0.23287688195705414
ssym,centroid,deep_gine,42,1LZ1,V2D,1.4,0.2630798816680908
ssym,centroid,deep_gine,42,1LZ1,V2N,1.3,0.260581910610199
ssym,centroid,deep_gine,42,1LZ1,V2R,0.4,0.25124821066856384
ssym,centroid,deep_gine,42,1LZ1,V2L,-0.3,0.21725551784038544
ssym,centroid,deep_gine,42,1LZ1,V2M,0.2,0.22771650552749634
ssym,centroid,deep_gine,42,1LZ1,V2F,0.8,0.22298841178417206
ssym,centroid,deep_gine,42,1LZ1,Y20F,0.5,0.3699038028717041
ssym,centroid,deep_gine,42,1LZ1,I23A,2.5,2.6054625511169434
ssym,centroid,deep_gine,42,1LZ1,I23V,0.4,0.9939545392990112
ssym,centroid,deep_gine,42,1LZ1,Y38F,0.2,0.918573260307312
ssym,centroid,deep_gine,42,1LZ1,Y45F,-0.1,0.09921010583639145
ssym,centroid,deep_gine,42,1LZ1,A47P,-0.1,0.08797108381986618
ssym,centroid,deep_gine,42,1LZ1,Y54F,1.0,0.10308706015348434
ssym,centroid,deep_gine,42,1LZ1,I56A,3.7,2.631335973739624
ssym,centroid,deep_gine,42,1LZ1,I56T,4.3,2.492933750152588
ssym,centroid,deep_gine,42,1LZ1,I56V,1.2,1.0035741329193115
ssym,centroid,deep_gine,42,1LZ1,I59A,1.7,1.2918667793273926
ssym,centroid,deep_gine,42,1LZ1,I59G,3.8,1.7784674167633057
ssym,centroid,deep_gine,42,1LZ1,I59V,1.1,0.46626418828964233
ssym,centroid,deep_gine,42,1LZ1,Y63F,0.2,0.11481165885925293
ssym,centroid,deep_gine,42,1LZ1,P71G,1.6,0.12355412542819977
ssym,centroid,deep_gine,42,1LZ1,V74A,0.4,0.13171640038490295
ssym,centroid,deep_gine,42,1LZ1,V74G,0.1,0.13148492574691772
ssym,centroid,deep_gine,42,1LZ1,V74I,1.9,0.09051351994276047
ssym,centroid,deep_gine,42,1LZ1,V74L,0.4,0.09460432082414627
ssym,centroid,deep_gine,42,1LZ1,V74M,0.4,0.09233886748552322
ssym,centroid,deep_gine,42,1LZ1,V74F,0.0,0.0881749838590622
ssym,centroid,deep_gine,42,1LZ1,V74Y,0.3,0.09780192375183105
ssym,centroid,deep_gine,42,1LZ1,V74D,0.4,0.10373814404010773
ssym,centroid,deep_gine,42,1LZ1,V74N,0.3,0.0961209237575531
ssym,centroid,deep_gine,42,1LZ1,V74R,0.1,0.09690269082784653
ssym,centroid,deep_gine,42,1LZ1,V74S,0.4,0.11203363537788391
ssym,centroid,deep_gine,42,1LZ1,C77A,4.6,0.25809580087661743
ssym,centroid,deep_gine,42,1LZ1,I89A,2.7,2.406921863555908
ssym,centroid,deep_gine,42,1LZ1,I89V,0.5,0.6025422811508179
ssym,centroid,deep_gine,42,1LZ1,D91P,0.4,0.1938008964061737
ssym,centroid,deep_gine,42,1LZ1,V93A,0.7,1.9916064739227295
ssym,centroid,deep_gine,42,1LZ1,V99A,1.0,0.872128963470459
ssym,centroid,deep_gine,42,1LZ1,V100A,0.3,2.6118197441101074
ssym,centroid,deep_gine,42,1LZ1,P103G,0.1,0.1915043294429779
ssym,centroid,deep_gine,42,1LZ1,I106A,0.9,2.885284423828125
ssym,centroid,deep_gine,42,1LZ1,I106V,0.7,1.381047248840332
ssym,centroid,deep_gine,42,1LZ1,V110A,-0.5,0.25941160321235657
ssym,centroid,deep_gine,42,1LZ1,V110D,-0.2,0.13688096404075623
ssym,centroid,deep_gine,42,1LZ1,V110G,2.2,0.20838357508182526
ssym,centroid,deep_gine,42,1LZ1,V110I,0.8,0.08328273892402649
ssym,centroid,deep_gine,42,1LZ1,V110L,-0.1,0.11426236480474472
ssym,centroid,deep_gine,42,1LZ1,V110M,-0.4,0.10547541081905365
ssym,centroid,deep_gine,42,1LZ1,V110N,-0.1,0.11078236997127533
ssym,centroid,deep_gine,42,1LZ1,V110R,-0.9,0.11880966275930405
ssym,centroid,deep_gine,42,1LZ1,V110F,1.9,0.07230831682682037
ssym,centroid,deep_gine,42,1LZ1,V110P,-0.5,0.30138254165649414
ssym,centroid,deep_gine,42,1LZ1,V110Y,0.1,0.105483278632164
ssym,centroid,deep_gine,42,1LZ1,V121A,1.4,2.400019645690918
ssym,centroid,deep_gine,42,1LZ1,Y124F,0.4,1.1032196283340454
ssym,centroid,deep_gine,42,1LZ1,V125A,1.3,3.048267364501953
ssym,centroid,deep_gine,42,1LZ1,V130A,0.8,1.3051097393035889
ssym,centroid,deep_gine,42,1OH0,Y32F,-0.2,0.18681494891643524
ssym,centroid,deep_gine,42,1OH0,Y57F,1.2,0.4200180768966675
ssym,centroid,deep_gine,42,1RN1,Q25K,-1.4,0.34645405411720276
ssym,centroid,deep_gine,42,1VQB,I47L,0.4,1.272837519645691
ssym,centroid,deep_gine,42,1VQB,I47M,1.7,1.3635785579681396
ssym,centroid,deep_gine,42,1VQB,I47V,2.0,1.4035495519638062
ssym,centroid,deep_gine,42,1VQB,V35I,0.6,0.49604788422584534
ssym,centroid,deep_gine,42,1VQB,Y41F,3.2,0.47162148356437683
ssym,centroid,deep_gine,42,2LZM,I3L,-0.7,0.3319212794303894
ssym,centroid,deep_gine,42,2LZM,I3C,0.0,0.23521453142166138
ssym,centroid,deep_gine,42,2LZM,I3P,3.0,2.5674946308135986
ssym,centroid,deep_gine,42,2LZM,I3Y,2.3,0.41617634892463684
ssym,centroid,deep_gine,42,2LZM,I3V,0.4,0.3879033327102661
ssym,centroid,deep_gine,42,2LZM,M6I,1.4,0.15739527344703674
ssym,centroid,deep_gine,42,2LZM,K16E,-0.5,0.12063203752040863
ssym,centroid,deep_gine,42,2LZM,S38D,-0.6,0.18769390881061554
ssym,centroid,deep_gine,42,2LZM,N55G,0.6,0.07033638656139374
ssym,centroid,deep_gine,42,2LZM,K60P,0.0,0.31287461519241333
ssym,centroid,deep_gine,42,2LZM,G77A,-0.4,0.3128894567489624
ssym,centroid,deep_gine,42,2LZM,A82P,-0.8,0.17531372606754303
ssym,centroid,deep_gine,42,2LZM,K85A,0.6,0.19602131843566895
ssym,centroid,deep_gine,42,2LZM,D89A,0.5,0.1566886156797409
ssym,centroid,deep_gine,42,2LZM,R96A,2.0,0.1740150898694992
ssym,centroid,deep_gine,42,2LZM,R96D,3.5,0.2617739140987396
ssym,centroid,deep_gine,42,2LZM,R96M,2.7,0.10823133587837219
ssym,centroid,deep_gine,42,2LZM,R96E,2.5,0.19334833323955536
ssym,centroid,deep_gine,42,2LZM,R96G,2.6,0.23881827294826508
ssym,centroid,deep_gine,42,2LZM,R96Q,0.3,0.1953219771385193
ssym,centroid,deep_gine,42,2LZM,R96H,3.1,0.19907476007938385
ssym,centroid,deep_gine,42,2LZM,R96N,3.0,0.1843881756067276
ssym,centroid,deep_gine,42,2LZM,R96K,0.0,0.16484811902046204
ssym,centroid,deep_gine,42,2LZM,R96S,2.6,0.2060272991657257
ssym,centroid,deep_gine,42,2LZM,R96Y,4.7,0.11002874374389648
ssym,centroid,deep_gine,42,2LZM,R96V,2.4,0.11005084961652756
ssym,centroid,deep_gine,42,2LZM,R96W,4.5,0.10124384611845016
ssym,centroid,deep_gine,42,2LZM,A98V,4.9,0.20132744312286377
ssym,centroid,deep_gine,42,2LZM,Q105A,0.6,0.3159139156341553
ssym,centroid,deep_gine,42,2LZM,Q105E,1.1,0.8547652959823608
ssym,centroid,deep_gine,42,2LZM,Q105G,1.5,0.849303126335144
ssym,centroid,deep_gine,42,2LZM,G113A,-0.3,0.207976832985878
ssym,centroid,deep_gine,42,2LZM,T115E,-0.3,0.220912367105484
ssym,centroid,deep_gine,42,2LZM,N116D,-0.6,0.08608964830636978
ssym,centroid,deep_gine,42,2LZM,R119E,0.0,0.10064340382814407
ssym,centroid,deep_gine,42,2LZM,Q123E,-0.4,0.3165794014930725
ssym,centroid,deep_gine,42,2LZM,K124G,0.1,0.12897303700447083
ssym,centroid,deep_gine,42,2LZM,V131A,-0.3,0.15979018807411194
ssym,centroid,deep_gine,42,2LZM,V131D,-0.1,0.13466328382492065
ssym,centroid,deep_gine,42,2LZM,V131G,0.7,0.1805638074874878
ssym,centroid,deep_gine,42,2LZM,V131I,-0.2,0.08492901921272278
ssym,centroid,deep_gine,42,2LZM,V131L,-0.1,0.10076507925987244
ssym,centroid,deep_gine,42,2LZM,V131S,0.1,0.12015222758054733
ssym,centroid,deep_gine,42,2LZM,V131M,-0.1,0.09394218027591705
ssym,centroid,deep_gine,42,2LZM,V131E,-0.2,0.11922731250524521
ssym,centroid,deep_gine,42,2LZM,L133A,4.2,2.3727238178253174
ssym,centroid,deep_gine,42,2LZM,K135E,1.0,0.1342678964138031
ssym,centroid,deep_gine,42,2LZM,N144D,-0.4,0.19106364250183105
ssym,centroid,deep_gine,42,2LZM,K147E,0.7,0.5248959064483643
ssym,centroid,deep_gine,42,2LZM,V149C,2.2,0.630445122718811
ssym,centroid,deep_gine,42,2LZM,T152S,2.6,0.7366963624954224
ssym,centroid,deep_gine,42,2LZM,R154E,1.1,0.17084209620952606
ssym,centroid,deep_gine,42,2LZM,G156D,2.3,0.06502045691013336
ssym,centroid,deep_gine,42,2LZM,T157A,0.5,0.2950061559677124
ssym,centroid,deep_gine,42,2LZM,T157C,1.3,0.0428440198302269
ssym,centroid,deep_gine,42,2LZM,T157D,1.1,0.2943413257598877
ssym,centroid,deep_gine,42,2LZM,T157E,0.8,0.4692504405975342
ssym,centroid,deep_gine,42,2LZM,T157F,2.4,0.05867236852645874
ssym,centroid,deep_gine,42,2LZM,T157G,1.1,0.6256247162818909
ssym,centroid,deep_gine,42,2LZM,T157H,2.1,0.5378079414367676
ssym,centroid,deep_gine,42,2LZM,T157I,1.5,0.04093383252620697
ssym,centroid,deep_gine,42,2LZM,T157L,1.7,0.05623675137758255
ssym,centroid,deep_gine,42,2LZM,T157N,1.2,0.4065347909927368
ssym,centroid,deep_gine,42,2LZM,T157R,-0.3,0.18763457238674164
ssym,centroid,deep_gine,42,2LZM,T157S,0.7,0.19300302863121033
ssym,centroid,deep_gine,42,2LZM,T157V,1.2,0.07157747447490692
ssym,centroid,deep_gine,42,2RN2,D10N,-0.9,0.3947035074234009
ssym,centroid,deep_gine,42,2RN2,E48Q,-0.2,0.6382200717926025
ssym,centroid,deep_gine,42,2RN2,A52F,0.5,0.3187926411628723
ssym,centroid,deep_gine,42,2RN2,A52I,-1.9,0.23378986120224
ssym,centroid,deep_gine,42,2RN2,A52L,-1.3,0.29402801394462585
ssym,centroid,deep_gine,42,2RN2,A52V,-1.7,0.31583350896835327
ssym,centroid,deep_gine,42,2RN2,H62A,-0.4,0.3845064342021942
ssym,centroid,deep_gine,42,2RN2,H62P,-1.1,0.8949201107025146
ssym,centroid,deep_gine,42,2RN2,D70N,-0.9,0.2799184024333954
ssym,centroid,deep_gine,42,2RN2,V74L,-1.0,0.46691688895225525
ssym,centroid,deep_gine,42,2RN2,V74I,-0.6,0.32398372888565063
ssym,centroid,deep_gine,42,2RN2,G77A,0.9,0.9144238233566284
ssym,centroid,deep_gine,42,2RN2,K95A,-0.1,0.311542272567749
ssym,centroid,deep_gine,42,2RN2,K95G,-1.9,0.41786646842956543
ssym,centroid,deep_gine,42,2RN2,K95N,-0.9,0.29924023151397705
ssym,centroid,deep_gine,42,2RN2,D134A,-2.1,0.24220257997512817
ssym,centroid,deep_gine,42,2RN2,D134H,-2.3,0.29272472858428955
ssym,centroid,deep_gine,42,2RN2,D134N,-1.0,0.2661524713039398
ssym,centroid,deep_gine,42,4LYZ,M12F,-0.5,0.7558749914169312
ssym,centroid,deep_gine,42,4LYZ,M12L,0.4,0.7070261240005493
ssym,centroid,deep_gine,42,4LYZ,T40S,0.3,1.2996841669082642
ssym,centroid,deep_gine,42,4LYZ,G49A,0.7,0.5682247877120972
ssym,centroid,deep_gine,42,4LYZ,I55V,0.9,1.0015208721160889
ssym,centroid,deep_gine,42,4LYZ,I58M,1.2,1.394450306892395
ssym,centroid,deep_gine,42,4LYZ,G67A,0.5,0.2379119098186493
ssym,centroid,deep_gine,42,4LYZ,G71A,2.1,0.17031598091125488
ssym,centroid,deep_gine,42,4LYZ,I78M,0.9,0.6139365434646606
ssym,centroid,deep_gine,42,4LYZ,S91A,0.2,1.0650368928909302
ssym,centroid,deep_gine,42,4LYZ,S91T,-1.0,0.6939035654067993
ssym,centroid,deep_gine,42,4LYZ,I98M,0.9,1.42494535446167
ssym,centroid,deep_gine,42,4LYZ,G102A,1.2,0.23026907444000244
ssym,centroid,deep_gine,42,4LYZ,G117A,0.8,0.6797764301300049
ssym,centroid,deep_gine,42,5PTI,F22A,1.2,1.9406659603118896
ssym,centroid,deep_gine,42,5PTI,Y23A,5.9,2.632556200027466
ssym,centroid,deep_gine,42,5PTI,Y35G,5.0,1.984656572341919
ssym,centroid,deep_gine,42,5PTI,N43G,5.7,1.6242947578430176
ssym,centroid,deep_gine,42,5PTI,F45A,6.9,2.0989863872528076
ssym,centroid,deep_gine,123,1AMQ,C191Y,2.3,0.7507078051567078
ssym,centroid,deep_gine,123,1AMQ,C191F,1.6,0.8171542882919312
ssym,centroid,deep_gine,123,1AMQ,C191W,3.9,0.6788135170936584
ssym,centroid,deep_gine,123,1AMQ,C191S,1.9,1.2677713632583618
ssym,centroid,deep_gine,123,1BNI,F7L,4.1,1.2125535011291504
ssym,centroid,deep_gine,123,1BNI,L14A,4.5,2.660259246826172
ssym,centroid,deep_gine,123,1BNI,T26A,1.7,1.210662603378296
ssym,centroid,deep_gine,123,1BNI,I51V,1.1,1.0332236289978027
ssym,centroid,deep_gine,123,1BNI,I76A,1.7,2.368614673614502
ssym,centroid,deep_gine,123,1BNI,I76V,1.0,1.64995539188385
ssym,centroid,deep_gine,123,1BNI,Y78F,1.1,0.7862870097160339
ssym,centroid,deep_gine,123,1BNI,I88A,4.0,2.471548557281494
ssym,centroid,deep_gine,123,1BNI,I88V,1.6,1.5282466411590576
ssym,centroid,deep_gine,123,1BNI,L89V,0.5,1.6720887422561646
ssym,centroid,deep_gine,123,1BNI,S91A,2.4,1.092775583267212
ssym,centroid,deep_gine,123,1BNI,I96A,3.2,1.995455026626587
ssym,centroid,deep_gine,123,1BNI,I96V,3.1,0.7840151190757751
ssym,centroid,deep_gine,123,1CEY,D12A,-2.5,0.4763305187225342
ssym,centroid,deep_gine,123,1CEY,D13A,-2.7,0.41202688217163086
ssym,centroid,deep_gine,123,1CEY,D57A,-3.3,0.6137085556983948
ssym,centroid,deep_gine,123,1EY0,T22C,0.9,0.5561259388923645
ssym,centroid,deep_gine,123,1EY0,T22V,0.9,0.7931310534477234
ssym,centroid,deep_gine,123,1EY0,V23L,0.1,1.1946642398834229
ssym,centroid,deep_gine,123,1EY0,L25I,1.7,1.925016164779663
ssym,centroid,deep_gine,123,1EY0,T33V,-0.4,1.1684072017669678
ssym,centroid,deep_gine,123,1EY0,T41C,-0.6,0.8217663168907166
ssym,centroid,deep_gine,123,1EY0,T41I,-0.7,0.7551138997077942
ssym,centroid,deep_gine,123,1EY0,T41S,1.1,1.5273970365524292
ssym,centroid,deep_gine,123,1EY0,T41V,-0.8,1.0031697750091553
ssym,centroid,deep_gine,123,1EY0,T44V,-0.1,0.4041389226913452
ssym,centroid,deep_gine,123,1EY0,S59A,-0.5,0.9897027611732483
ssym,centroid,deep_gine,123,1EY0,T62S,2.1,0.7945799231529236
ssym,centroid,deep_gine,123,1EY0,T62V,0.2,0.5376923084259033
ssym,centroid,deep_gine,123,1EY0,V66I,1.0,1.141642451286316
ssym,centroid,deep_gine,123,1EY0,V66L,0.3,1.2726956605911255
ssym,centroid,deep_gine,123,1EY0,V66K,7.5,2.0428855419158936
ssym,centroid,deep_gine,123,1EY0,I72L,0.2,1.8868857622146606
ssym,centroid,deep_gine,123,1EY0,I72V,1.2,1.9902756214141846
ssym,centroid,deep_gine,123,1EY0,T82S,0.7,0.9731203317642212
ssym,centroid,deep_gine,123,1EY0,I92V,0.4,2.0114612579345703
ssym,centroid,deep_gine,123,1EY0,K116G,-1.0,0.8249253034591675
ssym,centroid,deep_gine,123,1EY0,P117A,-0.8,0.697961151599884
ssym,centroid,deep_gine,123,1EY0,P117G,-0.9,0.8923332095146179
ssym,centroid,deep_gine,123,1EY0,P117T,-1.1,0.6678920388221741
ssym,centroid,deep_gine,123,1EY0,T120C,1.7,0.4245569705963135
ssym,centroid,deep_gine,123,1EY0,T120S,0.6,0.9172481894493103
ssym,centroid,deep_gine,123,1EY0,T120V,1.8,0.5530413389205933
ssym,centroid,deep_gine,123,1EY0,S128A,-0.7,1.336930751800537
ssym,centroid,deep_gine,123,1IHB,F71N,-0.7,0.4472973048686981
ssym,centroid,deep_gine,123,1IHB,F82Q,0.4,0.7150061726570129
ssym,centroid,deep_gine,123,1IHB,F92N,1.1,1.1993930339813232
ssym,centroid,deep_gine,123,1IOB,T9G,2.6,1.1417791843414307
ssym,centroid,deep_gine,123,1L63,M6A,1.9,1.49973464012146
ssym,centroid,deep_gine,123,1L63,M6L,2.8,0.7718954682350159
ssym,centroid,deep_gine,123,1L63,E11H,-0.1,0.9657302498817444
ssym,centroid,deep_gine,123,1L63,E11N,0.1,0.7848758101463318
ssym,centroid,deep_gine,123,1L63,I17A,2.7,0.902255117893219
ssym,centroid,deep_gine,123,1L63,D20A,0.3,0.23194846510887146
ssym,centroid,deep_gine,123,1L63,D20N,-1.3,0.20286652445793152
ssym,centroid,deep_gine,123,1L63,D20S,-0.7,0.2019977569580078
ssym,centroid,deep_gine,123,1L63,I27A,3.1,2.3175811767578125
ssym,centroid,deep_gine,123,1L63,I27M,3.1,1.2353947162628174
ssym,centroid,deep_gine,123,1L63,I29A,2.6,2.391068696975708
ssym,centroid,deep_gine,123,1L63,S38N,0.0,0.17009493708610535
ssym,centroid,deep_gine,123,1L63,A41S,0.6,0.30011940002441406
ssym,centroid,deep_gine,123,1L63,A42V,2.7,0.26810431480407715
ssym,centroid,deep_gine,123,1L63,A42S,2.3,0.5665711164474487
ssym,centroid,deep_gine,123,1L63,K43A,1.0,0.5778892636299133
ssym,centroid,deep_gine,123,1L63,S44A,-0.3,0.31306904554367065
ssym,centroid,deep_gine,123,1L63,S44I,-0.3,0.21303272247314453
ssym,centroid,deep_gine,123,1L63,S44L,-0.4,0.2669442594051361
ssym,centroid,deep_gine,123,1L63,S44K,-0.2,0.30658474564552307
ssym,centroid,deep_gine,123,1L63,S44E,0.0,0.32288825511932373
ssym,centroid,deep_gine,123,1L63,S44G,0.5,0.34853672981262207
ssym,centroid,deep_gine,123,1L63,S44R,-0.2,0.2999740540981293
ssym,centroid,deep_gine,123,1L63,S44N,0.1,0.3074248433113098
ssym,centroid,deep_gine,123,1L63,S44F,-0.1,0.2567318081855774
ssym,centroid,deep_gine,123,1L63,S44P,3.0,0.3652227520942688
ssym,centroid,deep_gine,123,1L63,S44T,0.0,0.3141050934791565
ssym,centroid,deep_gine,123,1L63,S44V,-0.1,0.28098955750465393
ssym,centroid,deep_gine,123,1L63,L46A,1.9,1.4354004859924316
ssym,centroid,deep_gine,123,1L63,D47A,1.0,0.3099921643733978
ssym,centroid,deep_gine,123,1L63,A49S,0.5,0.6396841406822205
ssym,centroid,deep_gine,123,1L63,I50A,2.0,1.3877384662628174
ssym,centroid,deep_gine,123,1L63,I50M,0.4,0.7581958770751953
ssym,centroid,deep_gine,123,1L63,I58A,3.2,2.1480917930603027
ssym,centroid,deep_gine,123,1L63,I58T,3.4,1.9154703617095947
ssym,centroid,deep_gine,123,1L63,T59A,1.5,0.6296012997627258
ssym,centroid,deep_gine,123,1L63,T59D,1.2,0.7496508955955505
ssym,centroid,deep_gine,123,1L63,T59G,1.6,0.8026646375656128
ssym,centroid,deep_gine,123,1L63,T59N,1.1,0.5955949425697327
ssym,centroid,deep_gine,123,1L63,T59S,0.2,0.6670717597007751
ssym,centroid,deep_gine,123,1L63,T59V,1.5,0.3259781301021576
ssym,centroid,deep_gine,123,1L63,L66M,1.0,0.9254680275917053
ssym,centroid,deep_gine,123,1L63,F67A,1.9,2.435537815093994
ssym,centroid,deep_gine,123,1L63,D72P,2.7,0.5678682923316956
ssym,centroid,deep_gine,123,1L63,A73S,0.4,0.8601053357124329
ssym,centroid,deep_gine,123,1L63,V75T,1.3,1.2043721675872803
ssym,centroid,deep_gine,123,1L63,I78A,1.2,2.2024123668670654
ssym,centroid,deep_gine,123,1L63,I78M,1.5,1.096821665763855
ssym,centroid,deep_gine,123,1L63,I78V,0.8,1.1645594835281372
ssym,centroid,deep_gine,123,1L63,A82S,0.3,0.8896059393882751
ssym,centroid,deep_gine,123,1L63,L84A,2.6,2.1247429847717285
ssym,centroid,deep_gine,123,1L63,L84M,1.9,1.0976810455322266
ssym,centroid,deep_gine,123,1L63,V87A,1.7,1.6124227046966553
ssym,centroid,deep_gine,123,1L63,V87M,2.3,0.8248232007026672
ssym,centroid,deep_gine,123,1L63,V87I,0.3,0.7248525619506836
ssym,centroid,deep_gine,123,1L63,V87T,1.6,0.9969635605812073
ssym,centroid,deep_gine,123,1L63,L91A,3.9,1.621168613433838
ssym,centroid,deep_gine,123,1L63,L91M,0.8,0.8683459758758545
ssym,centroid,deep_gine,123,1L63,D92N,1.4,0.23639455437660217
ssym,centroid,deep_gine,123,1L63,A93S,0.2,0.46543991565704346
ssym,centroid,deep_gine,123,1L63,A98C,1.0,0.9731236100196838
ssym,centroid,deep_gine,123,1L63,A98L,4.3,1.0256457328796387
ssym,centroid,deep_gine,123,1L63,A98S,2.5,1.555075764656067
ssym,centroid,deep_gine,123,1L63,A98V,3.2,1.043497085571289
ssym,centroid,deep_gine,123,1L63,L99A,4.5,2.283482074737549
ssym,centroid,deep_gine,123,1L63,L99F,0.3,1.379162311553955
ssym,centroid,deep_gine,123,1L63,L99I,1.5,1.232364296913147
ssym,centroid,deep_gine,123,1L63,L99M,0.6,1.4137959480285645
ssym,centroid,deep_gine,123,1L63,L99V,2.0,1.4442710876464844
ssym,centroid,deep_gine,123,1L63,I100A,3.4,2.3714537620544434
ssym,centroid,deep_gine,123,1L63,I100M,1.6,1.379733681678772
ssym,centroid,deep_gine,123,1L63,I100V,0.4,1.3946895599365234
ssym,centroid,deep_gine,123,1L63,N101A,1.5,1.3218108415603638
ssym,centroid,deep_gine,123,1L63,M102L,1.0,1.2272523641586304
ssym,centroid,deep_gine,123,1L63,V103A,2.2,1.9263454675674438
ssym,centroid,deep_gine,123,1L63,V103I,0.5,0.7806634902954102
ssym,centroid,deep_gine,123,1L63,V103M,1.2,0.9107984900474548
ssym,centroid,deep_gine,123,1L63,F104M,0.4,1.32606840133667
ssym,centroid,deep_gine,123,1L63,Q105M,1.2,0.5574133992195129
ssym,centroid,deep_gine,123,1L63,M106I,-0.2,0.8568559885025024
ssym,centroid,deep_gine,123,1L63,M106L,-0.5,1.0976589918136597
ssym,centroid,deep_gine,123,1L63,M106K,3.4,1.6623497009277344
ssym,centroid,deep_gine,123,1L63,T109D,-0.6,0.6912618279457092
ssym,centroid,deep_gine,123,1L63,T109N,-0.1,0.5769766569137573
ssym,centroid,deep_gine,123,1L63,V111A,1.3,2.4356346130371094
ssym,centroid,deep_gine,123,1L63,V111I,0.9,0.915160596370697
ssym,centroid,deep_gine,123,1L63,V111M,0.7,1.271561622619629
ssym,centroid,deep_gine,123,1L63,S117F,-1.1,0.6388554573059082
ssym,centroid,deep_gine,123,1L63,L118A,3.2,2.573331832885742
ssym,centroid,deep_gine,123,1L63,L118M,0.7,1.3411370515823364
ssym,centroid,deep_gine,123,1L63,M120L,-0.5,0.7282763123512268
ssym,centroid,deep_gine,123,1L63,M120K,1.6,1.2967466115951538
ssym,centroid,deep_gine,123,1L63,M120Y,0.1,0.764003336429596
ssym,centroid,deep_gine,123,1L63,L121M,0.8,1.2739239931106567
ssym,centroid,deep_gine,123,1L63,A129F,1.2,0.9204119443893433
ssym,centroid,deep_gine,123,1L63,A129W,2.2,0.8370440602302551
ssym,centroid,deep_gine,123,1L63,A130S,-1.0,1.2744591236114502
ssym,centroid,deep_gine,123,1L63,L133F,0.3,1.8206931352615356
ssym,centroid,deep_gine,123,1L63,L133M,0.4,1.7758289575576782
ssym,centroid,deep_gine,123,1L63,A134S,0.1,1.1197099685668945
ssym,centroid,deep_gine,123,1L63,N144E,-0.5,0.6429206728935242
ssym,centroid,deep_gine,123,1L63,V149A,3.2,2.1025636196136475
ssym,centroid,deep_gine,123,1L63,V149C,2.0,1.5541105270385742
ssym,centroid,deep_gine,123,1L63,V149G,4.9,2.2686238288879395
ssym,centroid,deep_gine,123,1L63,V149I,0.1,1.2036783695220947
ssym,centroid,deep_gine,123,1L63,V149M,2.8,1.5096855163574219
ssym,centroid,deep_gine,123,1L63,V149T,2.8,1.9795335531234741
ssym,centroid,deep_gine,123,1L63,V149S,4.4,2.2172021865844727
ssym,centroid,deep_gine,123,1L63,T152A,1.5,1.3604395389556885
ssym,centroid,deep_gine,123,1L63,T152C,0.5,0.29687994718551636
ssym,centroid,deep_gine,123,1L63,T152I,0.4,0.2636190354824066
ssym,centroid,deep_gine,123,1L63,T152S,2.0,1.4976205825805664
ssym,centroid,deep_gine,123,1L63,T152V,-0.2,0.6476754546165466
ssym,centroid,deep_gine,123,1L63,F153A,3.8,2.359081983566284
ssym,centroid,deep_gine,123,1L63,F153I,0.2,1.285623550415039
ssym,centroid,deep_gine,123,1L63,F153L,-0.3,1.4185789823532104
ssym,centroid,deep_gine,123,1L63,F153M,0.6,1.4823410511016846
ssym,centroid,deep_gine,123,1L63,F153V,1.8,1.5231654644012451
ssym,centroid,deep_gine,123,1LZ1,V2A,1.5,0.7264370322227478
ssym,centroid,deep_gine,123,1LZ1,V2G,1.3,0.7730175852775574
ssym,centroid,deep_gine,123,1LZ1,V2S,1.4,0.6979685425758362
ssym,centroid,deep_gine,123,1LZ1,V2Y,0.4,0.5869677662849426
ssym,centroid,deep_gine,123,1LZ1,V2D,1.4,0.6971811056137085
ssym,centroid,deep_gine,123,1LZ1,V2N,1.3,0.6747066378593445
ssym,centroid,deep_gine,123,1LZ1,V2R,0.4,0.6761249899864197
ssym,centroid,deep_gine,123,1LZ1,V2L,-0.3,0.5652503967285156
ssym,centroid,deep_gine,123,1LZ1,V2M,0.2,0.6051014065742493
ssym,centroid,deep_gine,123,1LZ1,V2F,0.8,0.5807596445083618
ssym,centroid,deep_gine,123,1LZ1,Y20F,0.5,0.35480451583862305
ssym,centroid,deep_gine,123,1LZ1,I23A,2.5,2.0611724853515625
ssym,centroid,deep_gine,123,1LZ1,I23V,0.4,0.8554968237876892
ssym,centroid,deep_gine,123,1LZ1,Y38F,0.2,0.9941251873970032
ssym,centroid,deep_gine,123,1LZ1,Y45F,-0.1,0.19860225915908813
ssym,centroid,deep_gine,123,1LZ1,A47P,-0.1,0.21278855204582214
ssym,centroid,deep_gine,123,1LZ1,Y54F,1.0,0.7373306751251221
ssym,centroid,deep_gine,123,1LZ1,I56A,3.7,2.4222495555877686
ssym,centroid,deep_gine,123,1LZ1,I56T,4.3,2.275027275085449
ssym,centroid,deep_gine,123,1LZ1,I56V,1.2,1.504626750946045
ssym,centroid,deep_gine,123,1LZ1,I59A,1.7,2.6548681259155273
ssym,centroid,deep_gine,123,1LZ1,I59G,3.8,2.657438278198242
ssym,centroid,deep_gine,123,1LZ1,I59V,1.1,1.7721431255340576
ssym,centroid,deep_gine,123,1LZ1,Y63F,0.2,0.38358667492866516
ssym,centroid,deep_gine,123,1LZ1,P71G,1.6,0.4929583668708801
ssym,centroid,deep_gine,123,1LZ1,V74A,0.4,0.8755175471305847
ssym,centroid,deep_gine,123,1LZ1,V74G,0.1,0.904111921787262
ssym,centroid,deep_gine,123,1LZ1,V74I,1.9,0.4344385862350464
ssym,centroid,deep_gine,123,1LZ1,V74L,0.4,0.5256065130233765
ssym,centroid,deep_gine,123,1LZ1,V74M,0.4,0.5744411945343018
ssym,centroid,deep_gine,123,1LZ1,V74F,0.0,0.5791928768157959
ssym,centroid,deep_gine,123,1LZ1,V74Y,0.3,0.5667229294776917
ssym,centroid,deep_gine,123,1LZ1,V74D,0.4,0.7659808993339539
ssym,centroid,deep_gine,123,1LZ1,V74N,0.3,0.7126690745353699
ssym,centroid,deep_gine,123,1LZ1,V74R,0.1,0.7114999294281006
ssym,centroid,deep_gine,123,1LZ1,V74S,0.4,0.7327814698219299
ssym,centroid,deep_gine,123,1LZ1,C77A,4.6,2.2708232402801514
ssym,centroid,deep_gine,123,1LZ1,I89A,2.7,2.04783296585083
ssym,centroid,deep_gine,123,1LZ1,I89V,0.5,1.159817099571228
ssym,centroid,deep_gine,123,1LZ1,D91P,0.4,1.2543530464172363
ssym,centroid,deep_gine,123,1LZ1,V93A,0.7,2.0958704948425293
ssym,centroid,deep_gine,123,1LZ1,V99A,1.0,1.8671951293945312
ssym,centroid,deep_gine,123,1LZ1,V100A,0.3,1.9202141761779785
ssym,centroid,deep_gine,123,1LZ1,P103G,0.1,0.4994928240776062
ssym,centroid,deep_gine,123,1LZ1,I106A,0.9,2.2463841438293457
ssym,centroid,deep_gine,123,1LZ1,I106V,0.7,1.185195803642273
ssym,centroid,deep_gine,123,1LZ1,V110A,-0.5,0.7833206057548523
ssym,centroid,deep_gine,123,1LZ1,V110D,-0.2,0.6358177065849304
ssym,centroid,deep_gine,123,1LZ1,V110G,2.2,0.7558198571205139
ssym,centroid,deep_gine,123,1LZ1,V110I,0.8,0.516963541507721
ssym,centroid,deep_gine,123,1LZ1,V110L,-0.1,0.5462375283241272
ssym,centroid,deep_gine,123,1LZ1,V110M,-0.4,0.5485842227935791
ssym,centroid,deep_gine,123,1LZ1,V110N,-0.1,0.6354866623878479
ssym,centroid,deep_gine,123,1LZ1,V110R,-0.9,0.6466100215911865
ssym,centroid,deep_gine,123,1LZ1,V110F,1.9,0.5258076190948486
ssym,centroid,deep_gine,123,1LZ1,V110P,-0.5,0.8139134645462036
ssym,centroid,deep_gine,123,1LZ1,V110Y,0.1,0.5616722106933594
ssym,centroid,deep_gine,123,1LZ1,V121A,1.4,2.2368438243865967
ssym,centroid,deep_gine,123,1LZ1,Y124F,0.4,1.4867455959320068
ssym,centroid,deep_gine,123,1LZ1,V125A,1.3,3.231412172317505
ssym,centroid,deep_gine,123,1LZ1,V130A,0.8,1.7595546245574951
ssym,centroid,deep_gine,123,1OH0,Y32F,-0.2,1.168290138244629
ssym,centroid,deep_gine,123,1OH0,Y57F,1.2,0.9805494546890259
ssym,centroid,deep_gine,123,1RN1,Q25K,-1.4,0.6635611653327942
ssym,centroid,deep_gine,123,1VQB,I47L,0.4,1.1733776330947876
ssym,centroid,deep_gine,123,1VQB,I47M,1.7,1.237255573272705
ssym,centroid,deep_gine,123,1VQB,I47V,2.0,1.313748836517334
ssym,centroid,deep_gine,123,1VQB,V35I,0.6,0.6362972855567932
ssym,centroid,deep_gine,123,1VQB,Y41F,3.2,0.26106691360473633
ssym,centroid,deep_gine,123,2LZM,I3L,-0.7,1.452285647392273
ssym,centroid,deep_gine,123,2LZM,I3C,0.0,1.5855622291564941
ssym,centroid,deep_gine,123,2LZM,I3P,3.0,2.7719244956970215
ssym,centroid,deep_gine,123,2LZM,I3Y,2.3,1.4782311916351318
ssym,centroid,deep_gine,123,2LZM,I3V,0.4,1.5840896368026733
ssym,centroid,deep_gine,123,2LZM,M6I,1.4,0.7441011667251587
ssym,centroid,deep_gine,123,2LZM,K16E,-0.5,0.4436623454093933
ssym,centroid,deep_gine,123,2LZM,S38D,-0.6,0.174215167760849
ssym,centroid,deep_gine,123,2LZM,N55G,0.6,0.6016030311584473
ssym,centroid,deep_gine,123,2LZM,K60P,0.0,1.102173924446106
ssym,centroid,deep_gine,123,2LZM,G77A,-0.4,1.0234808921813965
ssym,centroid,deep_gine,123,2LZM,A82P,-0.8,0.741056501865387
ssym,centroid,deep_gine,123,2LZM,K85A,0.6,0.4522383213043213
ssym,centroid,deep_gine,123,2LZM,D89A,0.5,0.1831657588481903
ssym,centroid,deep_gine,123,2LZM,R96A,2.0,0.5249351859092712
ssym,centroid,deep_gine,123,2LZM,R96D,3.5,0.5540111660957336
ssym,centroid,deep_gine,123,2LZM,R96M,2.7,0.2637869715690613
ssym,centroid,deep_gine,123,2LZM,R96E,2.5,0.5178749561309814
ssym,centroid,deep_gine,123,2LZM,R96G,2.6,0.6374536156654358
ssym,centroid,deep_gine,123,2LZM,R96Q,0.3,0.47045034170150757
ssym,centroid,deep_gine,123,2LZM,R96H,3.1,0.4578970670700073
ssym,centroid,deep_gine,123,2LZM,R96N,3.0,0.47444427013397217
ssym,centroid,deep_gine,123,2LZM,R96K,0.0,0.4128771424293518
ssym,centroid,deep_gine,123,2LZM,R96S,2.6,0.493538498878479
ssym,centroid,deep_gine,123,2LZM,R96Y,4.7,0.2541254162788391
ssym,centroid,deep_gine,123,2LZM,R96V,2.4,0.28933098912239075
ssym,centroid,deep_gine,123,2LZM,R96W,4.5,0.2560112178325653
ssym,centroid,deep_gine,123,2LZM,A98V,4.9,1.29531729221344
ssym,centroid,deep_gine,123,2LZM,Q105A,0.6,1.4475696086883545
ssym,centroid,deep_gine,123,2LZM,Q105E,1.1,1.6910210847854614
ssym,centroid,deep_gine,123,2LZM,Q105G,1.5,1.72846257686615
ssym,centroid,deep_gine,123,2LZM,G113A,-0.3,1.173055648803711
ssym,centroid,deep_gine,123,2LZM,T115E,-0.3,1.021515965461731
ssym,centroid,deep_gine,123,2LZM,N116D,-0.6,0.443939208984375
ssym,centroid,deep_gine,123,2LZM,R119E,0.0,1.0544424057006836
ssym,centroid,deep_gine,123,2LZM,Q123E,-0.4,0.7758639454841614
ssym,centroid,deep_gine,123,2LZM,K124G,0.1,0.7656757235527039
ssym,centroid,deep_gine,123,2LZM,V131A,-0.3,0.6859337687492371
ssym,centroid,deep_gine,123,2LZM,V131D,-0.1,0.6620683073997498
ssym,centroid,deep_gine,123,2LZM,V131G,0.7,0.7462251782417297
ssym,centroid,deep_gine,123,2LZM,V131I,-0.2,0.5319846272468567
ssym,centroid,deep_gine,123,2LZM,V131L,-0.1,0.5637796521186829
ssym,centroid,deep_gine,123,2LZM,V131S,0.1,0.6351138949394226
ssym,centroid,deep_gine,123,2LZM,V131M,-0.1,0.5684565305709839
ssym,centroid,deep_gine,123,2LZM,V131E,-0.2,0.71119624376297
ssym,centroid,deep_gine,123,2LZM,L133A,4.2,2.6918039321899414
ssym,centroid,deep_gine,123,2LZM,K135E,1.0,0.9765517711639404
ssym,centroid,deep_gine,123,2LZM,N144D,-0.4,0.6769210696220398
ssym,centroid,deep_gine,123,2LZM,K147E,0.7,1.9689950942993164
ssym,centroid,deep_gine,123,2LZM,V149C,2.2,1.7132513523101807
ssym,centroid,deep_gine,123,2LZM,T152S,2.6,2.0431485176086426
ssym,centroid,deep_gine,123,2LZM,R154E,1.1,0.7921870350837708
ssym,centroid,deep_gine,123,2LZM,G156D,2.3,0.7593987584114075
ssym,centroid,deep_gine,123,2LZM,T157A,0.5,1.1936826705932617
ssym,centroid,deep_gine,123,2LZM,T157C,1.3,0.25213325023651123
ssym,centroid,deep_gine,123,2LZM,T157D,1.1,1.2497968673706055
ssym,centroid,deep_gine,123,2LZM,T157E,0.8,1.2187840938568115
ssym,centroid,deep_gine,123,2LZM,T157F,2.4,0.6230074763298035
ssym,centroid,deep_gine,123,2LZM,T157G,1.1,1.4600878953933716
ssym,centroid,deep_gine,123,2LZM,T157H,2.1,1.2605794668197632
ssym,centroid,deep_gine,123,2LZM,T157I,1.5,0.2733280658721924
ssym,centroid,deep_gine,123,2LZM,T157L,1.7,0.5752647519111633
ssym,centroid,deep_gine,123,2LZM,T157N,1.2,1.0069767236709595
ssym,centroid,deep_gine,123,2LZM,T157R,-0.3,0.9973960518836975
ssym,centroid,deep_gine,123,2LZM,T157S,0.7,1.1379361152648926
ssym,centroid,deep_gine,123,2LZM,T157V,1.2,0.5697957873344421
ssym,centroid,deep_gine,123,2RN2,D10N,-0.9,0.8173312544822693
ssym,centroid,deep_gine,123,2RN2,E48Q,-0.2,1.3431835174560547
ssym,centroid,deep_gine,123,2RN2,A52F,0.5,0.91728675365448
ssym,centroid,deep_gine,123,2RN2,A52I,-1.9,0.7881425023078918
ssym,centroid,deep_gine,123,2RN2,A52L,-1.3,0.8771855235099792
ssym,centroid,deep_gine,123,2RN2,A52V,-1.7,0.8928665518760681
ssym,centroid,deep_gine,123,2RN2,H62A,-0.4,0.8118898272514343
ssym,centroid,deep_gine,123,2RN2,H62P,-1.1,1.132673740386963
ssym,centroid,deep_gine,123,2RN2,D70N,-0.9,0.5341898798942566
ssym,centroid,deep_gine,123,2RN2,V74L,-1.0,0.9058917164802551
ssym,centroid,deep_gine,123,2RN2,V74I,-0.6,0.674832284450531
ssym,centroid,deep_gine,123,2RN2,G77A,0.9,1.169137954711914
ssym,centroid,deep_gine,123,2RN2,K95A,-0.1,0.44944095611572266
ssym,centroid,deep_gine,123,2RN2,K95G,-1.9,0.5426796078681946
ssym,centroid,deep_gine,123,2RN2,K95N,-0.9,0.4495411813259125
ssym,centroid,deep_gine,123,2RN2,D134A,-2.1,0.8163068890571594
ssym,centroid,deep_gine,123,2RN2,D134H,-2.3,0.9019874930381775
ssym,centroid,deep_gine,123,2RN2,D134N,-1.0,0.8373597264289856
ssym,centroid,deep_gine,123,4LYZ,M12F,-0.5,1.4910688400268555
ssym,centroid,deep_gine,123,4LYZ,M12L,0.4,1.4967375993728638
ssym,centroid,deep_gine,123,4LYZ,T40S,0.3,1.64579439163208
ssym,centroid,deep_gine,123,4LYZ,G49A,0.7,0.8914323449134827
ssym,centroid,deep_gine,123,4LYZ,I55V,0.9,1.4302427768707275
ssym,centroid,deep_gine,123,4LYZ,I58M,1.2,1.523416519165039
ssym,centroid,deep_gine,123,4LYZ,G67A,0.5,0.43388015031814575
ssym,centroid,deep_gine,123,4LYZ,G71A,2.1,0.4388810694217682
ssym,centroid,deep_gine,123,4LYZ,I78M,0.9,1.2163325548171997
ssym,centroid,deep_gine,123,4LYZ,S91A,0.2,0.999794065952301
ssym,centroid,deep_gine,123,4LYZ,S91T,-1.0,0.8209818601608276
ssym,centroid,deep_gine,123,4LYZ,I98M,0.9,1.3209052085876465
ssym,centroid,deep_gine,123,4LYZ,G102A,1.2,0.6074632406234741
ssym,centroid,deep_gine,123,4LYZ,G117A,0.8,1.6434314250946045
ssym,centroid,deep_gine,123,5PTI,F22A,1.2,2.783407688140869
ssym,centroid,deep_gine,123,5PTI,Y23A,5.9,3.8687381744384766
ssym,centroid,deep_gine,123,5PTI,Y35G,5.0,2.748471975326538
ssym,centroid,deep_gine,123,5PTI,N43G,5.7,3.5920040607452393
ssym,centroid,deep_gine,123,5PTI,F45A,6.9,2.1586010456085205
ssym,centroid,egnn,42,1AMQ,C191Y,2.3,0.7105190753936768
ssym,centroid,egnn,42,1AMQ,C191F,1.6,0.7105449438095093
ssym,centroid,egnn,42,1AMQ,C191W,3.9,0.710517168045044
ssym,centroid,egnn,42,1AMQ,C191S,1.9,0.710517168045044
ssym,centroid,egnn,42,1BNI,F7L,4.1,0.7549707889556885
ssym,centroid,egnn,42,1BNI,L14A,4.5,0.7513840198516846
ssym,centroid,egnn,42,1BNI,T26A,1.7,0.7587425708770752
ssym,centroid,egnn,42,1BNI,I51V,1.1,0.7538225650787354
ssym,centroid,egnn,42,1BNI,I76A,1.7,0.7592213153839111
ssym,centroid,egnn,42,1BNI,I76V,1.0,0.7592266798019409
ssym,centroid,egnn,42,1BNI,Y78F,1.1,0.7522212266921997
ssym,centroid,egnn,42,1BNI,I88A,4.0,0.7574377059936523
ssym,centroid,egnn,42,1BNI,I88V,1.6,0.757436990737915
ssym,centroid,egnn,42,1BNI,L89V,0.5,0.7515475749969482
ssym,centroid,egnn,42,1BNI,S91A,2.4,0.7456322908401489
ssym,centroid,egnn,42,1BNI,I96A,3.2,0.7513437271118164
ssym,centroid,egnn,42,1BNI,I96V,3.1,0.7513555288314819
ssym,centroid,egnn,42,1CEY,D12A,-2.5,0.6898552179336548
ssym,centroid,egnn,42,1CEY,D13A,-2.7,0.6947152614593506
ssym,centroid,egnn,42,1CEY,D57A,-3.3,0.6893734931945801
ssym,centroid,egnn,42,1EY0,T22C,0.9,0.6993237733840942
ssym,centroid,egnn,42,1EY0,T22V,0.9,0.6993955373764038
ssym,centroid,egnn,42,1EY0,V23L,0.1,0.698746919631958
ssym,centroid,egnn,42,1EY0,L25I,1.7,0.688857913017273
ssym,centroid,egnn,42,1EY0,T33V,-0.4,0.6903359889984131
ssym,centroid,egnn,42,1EY0,T41C,-0.6,0.694961667060852
ssym,centroid,egnn,42,1EY0,T41I,-0.7,0.694973349571228
ssym,centroid,egnn,42,1EY0,T41S,1.1,0.6949559450149536
ssym,centroid,egnn,42,1EY0,T41V,-0.8,0.6949622631072998
ssym,centroid,egnn,42,1EY0,T44V,-0.1,0.6918506622314453
ssym,centroid,egnn,42,1EY0,S59A,-0.5,0.6943002939224243
ssym,centroid,egnn,42,1EY0,T62S,2.1,0.699131965637207
ssym,centroid,egnn,42,1EY0,T62V,0.2,0.6991015672683716
ssym,centroid,egnn,42,1EY0,V66I,1.0,0.6882220506668091
ssym,centroid,egnn,42,1EY0,V66L,0.3,0.6882014274597168
ssym,centroid,egnn,42,1EY0,V66K,7.5,0.6881992816925049
ssym,centroid,egnn,42,1EY0,I72L,0.2,0.6848515272140503
ssym,centroid,egnn,42,1EY0,I72V,1.2,0.6848515272140503
ssym,centroid,egnn,42,1EY0,T82S,0.7,0.6708575487136841
ssym,centroid,egnn,42,1EY0,I92V,0.4,0.6962932348251343
ssym,centroid,egnn,42,1EY0,K116G,-1.0,0.6673977375030518
ssym,centroid,egnn,42,1EY0,P117A,-0.8,0.6738852262496948
ssym,centroid,egnn,42,1EY0,P117G,-0.9,0.6740847826004028
ssym,centroid,egnn,42,1EY0,P117T,-1.1,0.6737707853317261
ssym,centroid,egnn,42,1EY0,T120C,1.7,0.6840423345565796
ssym,centroid,egnn,42,1EY0,T120S,0.6,0.6839275360107422
ssym,centroid,egnn,42,1EY0,T120V,1.8,0.6840721368789673
ssym,centroid,egnn,42,1EY0,S128A,-0.7,0.6809207201004028
ssym,centroid,egnn,42,1IHB,F71N,-0.7,0.6887398958206177
ssym,centroid,egnn,42,1IHB,F82Q,0.4,0.6910080909729004
ssym,centroid,egnn,42,1IHB,F92N,1.1,0.6738814115524292
ssym,centroid,egnn,42,1IOB,T9G,2.6,1.0008997917175293
ssym,centroid,egnn,42,1L63,M6A,1.9,0.6868264675140381
ssym,centroid,egnn,42,1L63,M6L,2.8,0.6868270635604858
ssym,centroid,egnn,42,1L63,E11H,-0.1,0.6915093660354614
ssym,centroid,egnn,42,1L63,E11N,0.1,0.6915082931518555
ssym,centroid,egnn,42,1L63,I17A,2.7,0.6794829368591309
ssym,centroid,egnn,42,1L63,D20A,0.3,0.668034553527832
ssym,centroid,egnn,42,1L63,D20N,-1.3,0.6680234670639038
ssym,centroid,egnn,42,1L63,D20S,-0.7,0.668065071105957
ssym,centroid,egnn,42,1L63,I27A,3.1,0.6795468330383301
ssym,centroid,egnn,42,1L63,I27M,3.1,0.679580569267273
ssym,centroid,egnn,42,1L63,I29A,2.6,0.6870672702789307
ssym,centroid,egnn,42,1L63,S38N,0.0,0.6677308082580566
ssym,centroid,egnn,42,1L63,A41S,0.6,0.6647870540618896
ssym,centroid,egnn,42,1L63,A42V,2.7,0.6715004444122314
ssym,centroid,egnn,42,1L63,A42S,2.3,0.671423077583313
ssym,centroid,egnn,42,1L63,K43A,1.0,0.6812454462051392
ssym,centroid,egnn,42,1L63,S44A,-0.3,0.6739501953125
ssym,centroid,egnn,42,1L63,S44I,-0.3,0.6738885641098022
ssym,centroid,egnn,42,1L63,S44L,-0.4,0.6740038394927979
ssym,centroid,egnn,42,1L63,S44K,-0.2,0.6740037202835083
ssym,centroid,egnn,42,1L63,S44E,0.0,0.6739083528518677
ssym,centroid,egnn,42,1L63,S44G,0.5,0.6738821268081665
ssym,centroid,egnn,42,1L63,S44R,-0.2,0.6739020347595215
ssym,centroid,egnn,42,1L63,S44N,0.1,0.6739215850830078
ssym,centroid,egnn,42,1L63,S44F,-0.1,0.6739445924758911
ssym,centroid,egnn,42,1L63,S44P,3.0,0.6742267608642578
ssym,centroid,egnn,42,1L63,S44T,0.0,0.6742585897445679
ssym,centroid,egnn,42,1L63,S44V,-0.1,0.6738778352737427
ssym,centroid,egnn,42,1L63,L46A,1.9,0.6768444776535034
ssym,centroid,egnn,42,1L63,D47A,1.0,0.6759353876113892
ssym,centroid,egnn,42,1L63,A49S,0.5,0.6839081048965454
ssym,centroid,egnn,42,1L63,I50A,2.0,0.6757557392120361
ssym,centroid,egnn,42,1L63,I50M,0.4,0.675751805305481
ssym,centroid,egnn,42,1L63,I58A,3.2,0.6782188415527344
ssym,centroid,egnn,42,1L63,I58T,3.4,0.678195595741272
ssym,centroid,egnn,42,1L63,T59A,1.5,0.6832069158554077
ssym,centroid,egnn,42,1L63,T59D,1.2,0.6832724809646606
ssym,centroid,egnn,42,1L63,T59G,1.6,0.683252215385437
ssym,centroid,egnn,42,1L63,T59N,1.1,0.6832102537155151
ssym,centroid,egnn,42,1L63,T59S,0.2,0.6834040880203247
ssym,centroid,egnn,42,1L63,T59V,1.5,0.6832493543624878
ssym,centroid,egnn,42,1L63,L66M,1.0,0.6798825263977051
ssym,centroid,egnn,42,1L63,F67A,1.9,0.6831830739974976
ssym,centroid,egnn,42,1L63,D72P,2.7,0.6792120933532715
ssym,centroid,egnn,42,1L63,A73S,0.4,0.6797292232513428
ssym,centroid,egnn,42,1L63,V75T,1.3,0.6811774969100952
ssym,centroid,egnn,42,1L63,I78A,1.2,0.6826719045639038
ssym,centroid,egnn,42,1L63,I78M,1.5,0.6826698780059814
ssym,centroid,egnn,42,1L63,I78V,0.8,0.6826937198638916
ssym,centroid,egnn,42,1L63,A82S,0.3,0.6684607267379761
ssym,centroid,egnn,42,1L63,L84A,2.6,0.6801964044570923
ssym,centroid,egnn,42,1L63,L84M,1.9,0.6802023649215698
ssym,centroid,egnn,42,1L63,V87A,1.7,0.6821775436401367
ssym,centroid,egnn,42,1L63,V87M,2.3,0.682178258895874
ssym,centroid,egnn,42,1L63,V87I,0.3,0.6821669340133667
ssym,centroid,egnn,42,1L63,V87T,1.6,0.6821224689483643
ssym,centroid,egnn,42,1L63,L91A,3.9,0.6864081621170044
ssym,centroid,egnn,42,1L63,L91M,0.8,0.6864281892776489
ssym,centroid,egnn,42,1L63,D92N,1.4,0.6827151775360107
ssym,centroid,egnn,42,1L63,A93S,0.2,0.6824767589569092
ssym,centroid,egnn,42,1L63,A98C,1.0,0.6908206939697266
ssym,centroid,egnn,42,1L63,A98L,4.3,0.6908234357833862
ssym,centroid,egnn,42,1L63,A98S,2.5,0.6908280849456787
ssym,centroid,egnn,42,1L63,A98V,3.2,0.690824031829834
ssym,centroid,egnn,42,1L63,L99A,4.5,0.6891517639160156
ssym,centroid,egnn,42,1L63,L99F,0.3,0.6891524791717529
ssym,centroid,egnn,42,1L63,L99I,1.5,0.6891429424285889
ssym,centroid,egnn,42,1L63,L99M,0.6,0.6891437768936157
ssym,centroid,egnn,42,1L63,L99V,2.0,0.6891515254974365
ssym,centroid,egnn,42,1L63,I100A,3.4,0.6868784427642822
ssym,centroid,egnn,42,1L63,I100M,1.6,0.6868783235549927
ssym,centroid,egnn,42,1L63,I100V,0.4,0.6868729591369629
ssym,centroid,egnn,42,1L63,N101A,1.5,0.6918915510177612
ssym,centroid,egnn,42,1L63,M102L,1.0,0.6951390504837036
ssym,centroid,egnn,42,1L63,V103A,2.2,0.6909499168395996
ssym,centroid,egnn,42,1L63,V103I,0.5,0.6909600496292114
ssym,centroid,egnn,42,1L63,V103M,1.2,0.6909595727920532
ssym,centroid,egnn,42,1L63,F104M,0.4,0.6917616128921509
ssym,centroid,egnn,42,1L63,Q105M,1.2,0.6918412446975708
ssym,centroid,egnn,42,1L63,M106I,-0.2,0.6944011449813843
ssym,centroid,egnn,42,1L63,M106L,-0.5,0.6944049596786499
ssym,centroid,egnn,42,1L63,M106K,3.4,0.6943954229354858
ssym,centroid,egnn,42,1L63,T109D,-0.6,0.680648684501648
ssym,centroid,egnn,42,1L63,T109N,-0.1,0.6805752515792847
ssym,centroid,egnn,42,1L63,V111A,1.3,0.6934772729873657
ssym,centroid,egnn,42,1L63,V111I,0.9,0.693488359451294
ssym,centroid,egnn,42,1L63,V111M,0.7,0.6934857368469238
ssym,centroid,egnn,42,1L63,S117F,-1.1,0.6819968223571777
ssym,centroid,egnn,42,1L63,L118A,3.2,0.6847860813140869
ssym,centroid,egnn,42,1L63,L118M,0.7,0.684761643409729
ssym,centroid,egnn,42,1L63,M120L,-0.5,0.6722992658615112
ssym,centroid,egnn,42,1L63,M120K,1.6,0.6723158359527588
ssym,centroid,egnn,42,1L63,M120Y,0.1,0.672295331954956
ssym,centroid,egnn,42,1L63,L121M,0.8,0.6837984323501587
ssym,centroid,egnn,42,1L63,A129F,1.2,0.6780499219894409
ssym,centroid,egnn,42,1L63,A129W,2.2,0.6780382394790649
ssym,centroid,egnn,42,1L63,A130S,-1.0,0.6819580793380737
ssym,centroid,egnn,42,1L63,L133F,0.3,0.6855144500732422
ssym,centroid,egnn,42,1L63,L133M,0.4,0.6855223178863525
ssym,centroid,egnn,42,1L63,A134S,0.1,0.6771247386932373
ssym,centroid,egnn,42,1L63,N144E,-0.5,0.6735246181488037
ssym,centroid,egnn,42,1L63,V149A,3.2,0.6887092590332031
ssym,centroid,egnn,42,1L63,V149C,2.0,0.6887093782424927
ssym,centroid,egnn,42,1L63,V149G,4.9,0.6887199878692627
ssym,centroid,egnn,42,1L63,V149I,0.1,0.6887270212173462
ssym,centroid,egnn,42,1L63,V149M,2.8,0.6887235641479492
ssym,centroid,egnn,42,1L63,V149T,2.8,0.6887248754501343
ssym,centroid,egnn,42,1L63,V149S,4.4,0.6887167692184448
ssym,centroid,egnn,42,1L63,T152A,1.5,0.6854840517044067
ssym,centroid,egnn,42,1L63,T152C,0.5,0.6854878664016724
ssym,centroid,egnn,42,1L63,T152I,0.4,0.6854703426361084
ssym,centroid,egnn,42,1L63,T152S,2.0,0.6854825019836426
ssym,centroid,egnn,42,1L63,T152V,-0.2,0.685450553894043
ssym,centroid,egnn,42,1L63,F153A,3.8,0.687441349029541
ssym,centroid,egnn,42,1L63,F153I,0.2,0.6874421834945679
ssym,centroid,egnn,42,1L63,F153L,-0.3,0.6874470710754395
ssym,centroid,egnn,42,1L63,F153M,0.6,0.6874450445175171
ssym,centroid,egnn,42,1L63,F153V,1.8,0.6874409914016724
ssym,centroid,egnn,42,1LZ1,V2A,1.5,0.791153073310852
ssym,centroid,egnn,42,1LZ1,V2G,1.3,0.7911638021469116
ssym,centroid,egnn,42,1LZ1,V2S,1.4,0.7911919355392456
ssym,centroid,egnn,42,1LZ1,V2Y,0.4,0.7911497354507446
ssym,centroid,egnn,42,1LZ1,V2D,1.4,0.7911388874053955
ssym,centroid,egnn,42,1LZ1,V2N,1.3,0.7911548614501953
ssym,centroid,egnn,42,1LZ1,V2R,0.4,0.7911094427108765
ssym,centroid,egnn,42,1LZ1,V2L,-0.3,0.7911556959152222
ssym,centroid,egnn,42,1LZ1,V2M,0.2,0.7911109924316406
ssym,centroid,egnn,42,1LZ1,V2F,0.8,0.7915525436401367
ssym,centroid,egnn,42,1LZ1,Y20F,0.5,0.7974839210510254
ssym,centroid,egnn,42,1LZ1,I23A,2.5,0.7853753566741943
ssym,centroid,egnn,42,1LZ1,I23V,0.4,0.7862694263458252
ssym,centroid,egnn,42,1LZ1,Y38F,0.2,0.8015395402908325
ssym,centroid,egnn,42,1LZ1,Y45F,-0.1,0.7873510122299194
ssym,centroid,egnn,42,1LZ1,A47P,-0.1,0.781137228012085
ssym,centroid,egnn,42,1LZ1,Y54F,1.0,0.801406741142273
ssym,centroid,egnn,42,1LZ1,I56A,3.7,0.7995020151138306
ssym,centroid,egnn,42,1LZ1,I56T,4.3,0.7994379997253418
ssym,centroid,egnn,42,1LZ1,I56V,1.2,0.7995084524154663
ssym,centroid,egnn,42,1LZ1,I59A,1.7,0.8035458326339722
ssym,centroid,egnn,42,1LZ1,I59G,3.8,0.8034939765930176
ssym,centroid,egnn,42,1LZ1,I59V,1.1,0.8035216331481934
ssym,centroid,egnn,42,1LZ1,Y63F,0.2,0.798753023147583
ssym,centroid,egnn,42,1LZ1,P71G,1.6,0.7875721454620361
ssym,centroid,egnn,42,1LZ1,V74A,0.4,0.79656982421875
ssym,centroid,egnn,42,1LZ1,V74G,0.1,0.7965716123580933
ssym,centroid,egnn,42,1LZ1,V74I,1.9,0.7964699268341064
ssym,centroid,egnn,42,1LZ1,V74L,0.4,0.7964403629302979
ssym,centroid,egnn,42,1LZ1,V74M,0.4,0.7965162992477417
ssym,centroid,egnn,42,1LZ1,V74F,0.0,0.7962992191314697
ssym,centroid,egnn,42,1LZ1,V74Y,0.3,0.7965980768203735
ssym,centroid,egnn,42,1LZ1,V74D,0.4,0.7966132164001465
ssym,centroid,egnn,42,1LZ1,V74N,0.3,0.7965307235717773
ssym,centroid,egnn,42,1LZ1,V74R,0.1,0.7965002059936523
ssym,centroid,egnn,42,1LZ1,V74S,0.4,0.7963166236877441
ssym,centroid,egnn,42,1LZ1,C77A,4.6,0.8011221885681152
ssym,centroid,egnn,42,1LZ1,I89A,2.7,0.7955085039138794
ssym,centroid,egnn,42,1LZ1,I89V,0.5,0.7955093383789062
ssym,centroid,egnn,42,1LZ1,D91P,0.4,0.8042129278182983
ssym,centroid,egnn,42,1LZ1,V93A,0.7,0.7993887662887573
ssym,centroid,egnn,42,1LZ1,V99A,1.0,0.7912135124206543
ssym,centroid,egnn,42,1LZ1,V100A,0.3,0.7919203042984009
ssym,centroid,egnn,42,1LZ1,P103G,0.1,0.678066611289978
ssym,centroid,egnn,42,1LZ1,I106A,0.9,0.7847847938537598
ssym,centroid,egnn,42,1LZ1,I106V,0.7,0.7856143712997437
ssym,centroid,egnn,42,1LZ1,V110A,-0.5,0.7742676734924316
ssym,centroid,egnn,42,1LZ1,V110D,-0.2,0.7743945121765137
ssym,centroid,egnn,42,1LZ1,V110G,2.2,0.7742190361022949
ssym,centroid,egnn,42,1LZ1,V110I,0.8,0.774238109588623
ssym,centroid,egnn,42,1LZ1,V110L,-0.1,0.7748585939407349
ssym,centroid,egnn,42,1LZ1,V110M,-0.4,0.7743740081787109
ssym,centroid,egnn,42,1LZ1,V110N,-0.1,0.7742382287979126
ssym,centroid,egnn,42,1LZ1,V110R,-0.9,0.7742253541946411
ssym,centroid,egnn,42,1LZ1,V110F,1.9,0.7742036581039429
ssym,centroid,egnn,42,1LZ1,V110P,-0.5,0.7742137908935547
ssym,centroid,egnn,42,1LZ1,V110Y,0.1,0.7745972871780396
ssym,centroid,egnn,42,1LZ1,V121A,1.4,0.7830824851989746
ssym,centroid,egnn,42,1LZ1,Y124F,0.4,0.7901561260223389
ssym,centroid,egnn,42,1LZ1,V125A,1.3,0.7873765230178833
ssym,centroid,egnn,42,1LZ1,V130A,0.8,0.7876836061477661
ssym,centroid,egnn,42,1OH0,Y32F,-0.2,0.692052960395813
ssym,centroid,egnn,42,1OH0,Y57F,1.2,0.6880675554275513
ssym,centroid,egnn,42,1RN1,Q25K,-1.4,0.6859947443008423
ssym,centroid,egnn,42,1VQB,I47L,0.4,0.7387202978134155
ssym,centroid,egnn,42,1VQB,I47M,1.7,0.7387158870697021
ssym,centroid,egnn,42,1VQB,I47V,2.0,0.738693118095398
ssym,centroid,egnn,42,1VQB,V35I,0.6,0.7248681783676147
ssym,centroid,egnn,42,1VQB,Y41F,3.2,0.6576663255691528
ssym,centroid,egnn,42,2LZM,I3L,-0.7,0.6822887659072876
ssym,centroid,egnn,42,2LZM,I3C,0.0,0.6822702884674072
ssym,centroid,egnn,42,2LZM,I3P,3.0,0.6823456287384033
ssym,centroid,egnn,42,2LZM,I3Y,2.3,0.6822797060012817
ssym,centroid,egnn,42,2LZM,I3V,0.4,0.6822936534881592
ssym,centroid,egnn,42,2LZM,M6I,1.4,0.6858853101730347
ssym,centroid,egnn,42,2LZM,K16E,-0.5,0.6891489028930664
ssym,centroid,egnn,42,2LZM,S38D,-0.6,0.6644730567932129
ssym,centroid,egnn,42,2LZM,N55G,0.6,0.6798875331878662
ssym,centroid,egnn,42,2LZM,K60P,0.0,0.682661771774292
ssym,centroid,egnn,42,2LZM,G77A,-0.4,0.676956057548523
ssym,centroid,egnn,42,2LZM,A82P,-0.8,0.6653136014938354
ssym,centroid,egnn,42,2LZM,K85A,0.6,0.6720640659332275
ssym,centroid,egnn,42,2LZM,D89A,0.5,0.6700778007507324
ssym,centroid,egnn,42,2LZM,R96A,2.0,0.6770914793014526
ssym,centroid,egnn,42,2LZM,R96D,3.5,0.677069902420044
ssym,centroid,egnn,42,2LZM,R96M,2.7,0.6770848035812378
ssym,centroid,egnn,42,2LZM,R96E,2.5,0.6770906448364258
ssym,centroid,egnn,42,2LZM,R96G,2.6,0.6770853996276855
ssym,centroid,egnn,42,2LZM,R96Q,0.3,0.6770915985107422
ssym,centroid,egnn,42,2LZM,R96H,3.1,0.6770874261856079
ssym,centroid,egnn,42,2LZM,R96N,3.0,0.6770867109298706
ssym,centroid,egnn,42,2LZM,R96K,0.0,0.6770910024642944
ssym,centroid,egnn,42,2LZM,R96S,2.6,0.677088737487793
ssym,centroid,egnn,42,2LZM,R96Y,4.7,0.6770898103713989
ssym,centroid,egnn,42,2LZM,R96V,2.4,0.6770917177200317
ssym,centroid,egnn,42,2LZM,R96W,4.5,0.6770915985107422
ssym,centroid,egnn,42,2LZM,A98V,4.9,0.6914023160934448
ssym,centroid,egnn,42,2LZM,Q105A,0.6,0.6929143667221069
ssym,centroid,egnn,42,2LZM,Q105E,1.1,0.6929080486297607
ssym,centroid,egnn,42,2LZM,Q105G,1.5,0.6929068565368652
ssym,centroid,egnn,42,2LZM,G113A,-0.3,0.6790671348571777
ssym,centroid,egnn,42,2LZM,T115E,-0.3,0.6724138259887695
ssym,centroid,egnn,42,2LZM,N116D,-0.6,0.6643146276473999
ssym,centroid,egnn,42,2LZM,R119E,0.0,0.6569608449935913
ssym,centroid,egnn,42,2LZM,Q123E,-0.4,0.6585419178009033
ssym,centroid,egnn,42,2LZM,K124G,0.1,0.6794272661209106
ssym,centroid,egnn,42,2LZM,V131A,-0.3,0.6708139181137085
ssym,centroid,egnn,42,2LZM,V131D,-0.1,0.6708240509033203
ssym,centroid,egnn,42,2LZM,V131G,0.7,0.6708285808563232
ssym,centroid,egnn,42,2LZM,V131I,-0.2,0.670825719833374
ssym,centroid,egnn,42,2LZM,V131L,-0.1,0.6708153486251831
ssym,centroid,egnn,42,2LZM,V131S,0.1,0.6708035469055176
ssym,centroid,egnn,42,2LZM,V131M,-0.1,0.6708246469497681
ssym,centroid,egnn,42,2LZM,V131E,-0.2,0.6708152294158936
ssym,centroid,egnn,42,2LZM,L133A,4.2,0.6855795383453369
ssym,centroid,egnn,42,2LZM,K135E,1.0,0.6763952970504761
ssym,centroid,egnn,42,2LZM,N144D,-0.4,0.6754282712936401
ssym,centroid,egnn,42,2LZM,K147E,0.7,0.6795578002929688
ssym,centroid,egnn,42,2LZM,V149C,2.2,0.689757227897644
ssym,centroid,egnn,42,2LZM,T152S,2.6,0.6854275465011597
ssym,centroid,egnn,42,2LZM,R154E,1.1,0.6814829111099243
ssym,centroid,egnn,42,2LZM,G156D,2.3,0.6828397512435913
ssym,centroid,egnn,42,2LZM,T157A,0.5,0.6781526803970337
ssym,centroid,egnn,42,2LZM,T157C,1.3,0.6781538724899292
ssym,centroid,egnn,42,2LZM,T157D,1.1,0.6781648397445679
ssym,centroid,egnn,42,2LZM,T157E,0.8,0.6781396865844727
ssym,centroid,egnn,42,2LZM,T157F,2.4,0.6781374216079712
ssym,centroid,egnn,42,2LZM,T157G,1.1,0.6781293153762817
ssym,centroid,egnn,42,2LZM,T157H,2.1,0.6781562566757202
ssym,centroid,egnn,42,2LZM,T157I,1.5,0.6781361103057861
ssym,centroid,egnn,42,2LZM,T157L,1.7,0.6781346797943115
ssym,centroid,egnn,42,2LZM,T157N,1.2,0.6781419515609741
ssym,centroid,egnn,42,2LZM,T157R,-0.3,0.6781481504440308
ssym,centroid,egnn,42,2LZM,T157S,0.7,0.6782584190368652
ssym,centroid,egnn,42,2LZM,T157V,1.2,0.6781359910964966
ssym,centroid,egnn,42,2RN2,D10N,-0.9,0.7040175199508667
ssym,centroid,egnn,42,2RN2,E48Q,-0.2,0.708970308303833
ssym,centroid,egnn,42,2RN2,A52F,0.5,0.7105550765991211
ssym,centroid,egnn,42,2RN2,A52I,-1.9,0.710548996925354
ssym,centroid,egnn,42,2RN2,A52L,-1.3,0.7105576992034912
ssym,centroid,egnn,42,2RN2,A52V,-1.7,0.7105571031570435
ssym,centroid,egnn,42,2RN2,H62A,-0.4,0.6747773885726929
ssym,centroid,egnn,42,2RN2,H62P,-1.1,0.6747478246688843
ssym,centroid,egnn,42,2RN2,D70N,-0.9,0.6925488710403442
ssym,centroid,egnn,42,2RN2,V74L,-1.0,0.7026126384735107
ssym,centroid,egnn,42,2RN2,V74I,-0.6,0.7026164531707764
ssym,centroid,egnn,42,2RN2,G77A,0.9,0.6914844512939453
ssym,centroid,egnn,42,2RN2,K95A,-0.1,0.6427452564239502
ssym,centroid,egnn,42,2RN2,K95G,-1.9,0.642747163772583
ssym,centroid,egnn,42,2RN2,K95N,-0.9,0.6426166296005249
ssym,centroid,egnn,42,2RN2,D134A,-2.1,0.7056117057800293
ssym,centroid,egnn,42,2RN2,D134H,-2.3,0.7056124210357666
ssym,centroid,egnn,42,2RN2,D134N,-1.0,0.7056112289428711
ssym,centroid,egnn,42,4LYZ,M12F,-0.5,0.6867603063583374
ssym,centroid,egnn,42,4LYZ,M12L,0.4,0.6867698431015015
ssym,centroid,egnn,42,4LYZ,T40S,0.3,0.6877758502960205
ssym,centroid,egnn,42,4LYZ,G49A,0.7,0.6739047765731812
ssym,centroid,egnn,42,4LYZ,I55V,0.9,0.6891947984695435
ssym,centroid,egnn,42,4LYZ,I58M,1.2,0.6899377107620239
ssym,centroid,egnn,42,4LYZ,G67A,0.5,0.6832233667373657
ssym,centroid,egnn,42,4LYZ,G71A,2.1,0.6769939661026001
ssym,centroid,egnn,42,4LYZ,I78M,0.9,0.6880873441696167
ssym,centroid,egnn,42,4LYZ,S91A,0.2,0.6909090280532837
ssym,centroid,egnn,42,4LYZ,S91T,-1.0,0.6908652782440186
ssym,centroid,egnn,42,4LYZ,I98M,0.9,0.6865991353988647
ssym,centroid,egnn,42,4LYZ,G102A,1.2,0.6774864196777344
ssym,centroid,egnn,42,4LYZ,G117A,0.8,0.6761560440063477
ssym,centroid,egnn,42,5PTI,F22A,1.2,0.7120890617370605
ssym,centroid,egnn,42,5PTI,Y23A,5.9,0.6988770961761475
ssym,centroid,egnn,42,5PTI,Y35G,5.0,0.6983191967010498
ssym,centroid,egnn,42,5PTI,N43G,5.7,0.7080316543579102
ssym,centroid,egnn,42,5PTI,F45A,6.9,0.7075293064117432
ssym,centroid,egnn,123,1AMQ,C191Y,2.3,0.8591169118881226
ssym,centroid,egnn,123,1AMQ,C191F,1.6,0.4535226821899414
ssym,centroid,egnn,123,1AMQ,C191W,3.9,0.44446027278900146
ssym,centroid,egnn,123,1AMQ,C191S,1.9,1.1395443677902222
ssym,centroid,egnn,123,1BNI,F7L,4.1,0.5106419920921326
ssym,centroid,egnn,123,1BNI,L14A,4.5,1.725748062133789
ssym,centroid,egnn,123,1BNI,T26A,1.7,0.6494062542915344
ssym,centroid,egnn,123,1BNI,I51V,1.1,0.8748008012771606
ssym,centroid,egnn,123,1BNI,I76A,1.7,1.4670451879501343
ssym,centroid,egnn,123,1BNI,I76V,1.0,1.1430107355117798
ssym,centroid,egnn,123,1BNI,Y78F,1.1,0.48539042472839355
ssym,centroid,egnn,123,1BNI,I88A,4.0,1.8945811986923218
ssym,centroid,egnn,123,1BNI,I88V,1.6,1.0957250595092773
ssym,centroid,egnn,123,1BNI,L89V,0.5,0.9569604992866516
ssym,centroid,egnn,123,1BNI,S91A,2.4,0.5660621523857117
ssym,centroid,egnn,123,1BNI,I96A,3.2,1.7889888286590576
ssym,centroid,egnn,123,1BNI,I96V,3.1,0.9100037813186646
ssym,centroid,egnn,123,1CEY,D12A,-2.5,0.4479573965072632
ssym,centroid,egnn,123,1CEY,D13A,-2.7,0.40498167276382446
ssym,centroid,egnn,123,1CEY,D57A,-3.3,0.4423752427101135
ssym,centroid,egnn,123,1EY0,T22C,0.9,0.48517200350761414
ssym,centroid,egnn,123,1EY0,T22V,0.9,0.4880050718784332
ssym,centroid,egnn,123,1EY0,V23L,0.1,0.6534454822540283
ssym,centroid,egnn,123,1EY0,L25I,1.7,0.4874076545238495
ssym,centroid,egnn,123,1EY0,T33V,-0.4,0.450851172208786
ssym,centroid,egnn,123,1EY0,T41C,-0.6,0.48607441782951355
ssym,centroid,egnn,123,1EY0,T41I,-0.7,0.4857715368270874
ssym,centroid,egnn,123,1EY0,T41S,1.1,0.4897077977657318
ssym,centroid,egnn,123,1EY0,T41V,-0.8,0.48633602261543274
ssym,centroid,egnn,123,1EY0,T44V,-0.1,0.44821596145629883
ssym,centroid,egnn,123,1EY0,S59A,-0.5,0.7321842908859253
ssym,centroid,egnn,123,1EY0,T62S,2.1,0.47530093789100647
ssym,centroid,egnn,123,1EY0,T62V,0.2,0.4740821123123169
ssym,centroid,egnn,123,1EY0,V66I,1.0,0.48378193378448486
ssym,centroid,egnn,123,1EY0,V66L,0.3,0.9511577486991882
ssym,centroid,egnn,123,1EY0,V66K,7.5,1.9861384630203247
ssym,centroid,egnn,123,1EY0,I72L,0.2,1.1042588949203491
ssym,centroid,egnn,123,1EY0,I72V,1.2,1.3811497688293457
ssym,centroid,egnn,123,1EY0,T82S,0.7,0.4356962740421295
ssym,centroid,egnn,123,1EY0,I92V,0.4,1.4900331497192383
ssym,centroid,egnn,123,1EY0,K116G,-1.0,0.438322514295578
ssym,centroid,egnn,123,1EY0,P117A,-0.8,0.46391040086746216
ssym,centroid,egnn,123,1EY0,P117G,-0.9,0.4332351088523865
ssym,centroid,egnn,123,1EY0,P117T,-1.1,0.4337655305862427
ssym,centroid,egnn,123,1EY0,T120C,1.7,0.44660595059394836
ssym,centroid,egnn,123,1EY0,T120S,0.6,0.44779881834983826
ssym,centroid,egnn,123,1EY0,T120V,1.8,0.44687724113464355
ssym,centroid,egnn,123,1EY0,S128A,-0.7,0.8602265119552612
ssym,centroid,egnn,123,1IHB,F71N,-0.7,1.2272425889968872
ssym,centroid,egnn,123,1IHB,F82Q,0.4,0.5509681701660156
ssym,centroid,egnn,123,1IHB,F92N,1.1,1.1023744344711304
ssym,centroid,egnn,123,1IOB,T9G,2.6,1.1268807649612427
ssym,centroid,egnn,123,1L63,M6A,1.9,1.57209312915802
ssym,centroid,egnn,123,1L63,M6L,2.8,0.4758230447769165
ssym,centroid,egnn,123,1L63,E11H,-0.1,0.5156242251396179
ssym,centroid,egnn,123,1L63,E11N,0.1,0.5109545588493347
ssym,centroid,egnn,123,1L63,I17A,2.7,1.023445725440979
ssym,centroid,egnn,123,1L63,D20A,0.3,0.4490908086299896
ssym,centroid,egnn,123,1L63,D20N,-1.3,0.4487365186214447
ssym,centroid,egnn,123,1L63,D20S,-0.7,0.44845351576805115
ssym,centroid,egnn,123,1L63,I27A,3.1,2.003364086151123
ssym,centroid,egnn,123,1L63,I27M,3.1,0.6815308332443237
ssym,centroid,egnn,123,1L63,I29A,2.6,1.729468822479248
ssym,centroid,egnn,123,1L63,S38N,0.0,0.4272806942462921
ssym,centroid,egnn,123,1L63,A41S,0.6,0.45410779118537903
ssym,centroid,egnn,123,1L63,A42V,2.7,0.4489378333091736
ssym,centroid,egnn,123,1L63,A42S,2.3,0.4609607756137848
ssym,centroid,egnn,123,1L63,K43A,1.0,0.4714204967021942
ssym,centroid,egnn,123,1L63,S44A,-0.3,0.5716249346733093
ssym,centroid,egnn,123,1L63,S44I,-0.3,0.45136940479278564
ssym,centroid,egnn,123,1L63,S44L,-0.4,0.45151230692863464
ssym,centroid,egnn,123,1L63,S44K,-0.2,0.453116774559021
ssym,centroid,egnn,123,1L63,S44E,0.0,0.4583382308483124
ssym,centroid,egnn,123,1L63,S44G,0.5,0.46092867851257324
ssym,centroid,egnn,123,1L63,S44R,-0.2,0.4542764127254486
ssym,centroid,egnn,123,1L63,S44N,0.1,0.454911470413208
ssym,centroid,egnn,123,1L63,S44F,-0.1,0.45170795917510986
ssym,centroid,egnn,123,1L63,S44P,3.0,0.5944757461547852
ssym,centroid,egnn,123,1L63,S44T,0.0,0.4620071053504944
ssym,centroid,egnn,123,1L63,S44V,-0.1,0.45175594091415405
ssym,centroid,egnn,123,1L63,L46A,1.9,1.687477707862854
ssym,centroid,egnn,123,1L63,D47A,1.0,0.478841096162796
ssym,centroid,egnn,123,1L63,A49S,0.5,0.4789087474346161
ssym,centroid,egnn,123,1L63,I50A,2.0,1.9551945924758911
ssym,centroid,egnn,123,1L63,I50M,0.4,1.2055414915084839
ssym,centroid,egnn,123,1L63,I58A,3.2,1.989721417427063
ssym,centroid,egnn,123,1L63,I58T,3.4,1.9899077415466309
ssym,centroid,egnn,123,1L63,T59A,1.5,1.002973198890686
ssym,centroid,egnn,123,1L63,T59D,1.2,0.46677646040916443
ssym,centroid,egnn,123,1L63,T59G,1.6,0.8012361526489258
ssym,centroid,egnn,123,1L63,T59N,1.1,0.47289010882377625
ssym,centroid,egnn,123,1L63,T59S,0.2,0.4660227298736572
ssym,centroid,egnn,123,1L63,T59V,1.5,0.465351939201355
ssym,centroid,egnn,123,1L63,L66M,1.0,0.9284390211105347
ssym,centroid,egnn,123,1L63,F67A,1.9,1.7302112579345703
ssym,centroid,egnn,123,1L63,D72P,2.7,0.5111377239227295
ssym,centroid,egnn,123,1L63,A73S,0.4,0.5451220870018005
ssym,centroid,egnn,123,1L63,V75T,1.3,1.544998288154602
ssym,centroid,egnn,123,1L63,I78A,1.2,1.647764801979065
ssym,centroid,egnn,123,1L63,I78M,1.5,1.062582015991211
ssym,centroid,egnn,123,1L63,I78V,0.8,1.1921664476394653
ssym,centroid,egnn,123,1L63,A82S,0.3,0.46882835030555725
ssym,centroid,egnn,123,1L63,L84A,2.6,1.7919162511825562
ssym,centroid,egnn,123,1L63,L84M,1.9,0.5762278437614441
ssym,centroid,egnn,123,1L63,V87A,1.7,1.5286487340927124
ssym,centroid,egnn,123,1L63,V87M,2.3,0.55165696144104
ssym,centroid,egnn,123,1L63,V87I,0.3,0.47963187098503113
ssym,centroid,egnn,123,1L63,V87T,1.6,1.5127050876617432
ssym,centroid,egnn,123,1L63,L91A,3.9,1.6765929460525513
ssym,centroid,egnn,123,1L63,L91M,0.8,0.49106231331825256
ssym,centroid,egnn,123,1L63,D92N,1.4,0.4472898542881012
ssym,centroid,egnn,123,1L63,A93S,0.2,0.5936557650566101
ssym,centroid,egnn,123,1L63,A98C,1.0,0.4873585104942322
ssym,centroid,egnn,123,1L63,A98L,4.3,0.4872509837150574
ssym,centroid,egnn,123,1L63,A98S,2.5,0.6258020997047424
ssym,centroid,egnn,123,1L63,A98V,3.2,0.4880821406841278
ssym,centroid,egnn,123,1L63,L99A,4.5,1.7851213216781616
ssym,centroid,egnn,123,1L63,L99F,0.3,0.7888818979263306
ssym,centroid,egnn,123,1L63,L99I,1.5,0.5042523145675659
ssym,centroid,egnn,123,1L63,L99M,0.6,0.7601778507232666
ssym,centroid,egnn,123,1L63,L99V,2.0,0.751935601234436
ssym,centroid,egnn,123,1L63,I100A,3.4,1.611725926399231
ssym,centroid,egnn,123,1L63,I100M,1.6,1.1579841375350952
ssym,centroid,egnn,123,1L63,I100V,0.4,1.1716879606246948
ssym,centroid,egnn,123,1L63,N101A,1.5,0.4777279794216156
ssym,centroid,egnn,123,1L63,M102L,1.0,0.4831550717353821
ssym,centroid,egnn,123,1L63,V103A,2.2,1.9140337705612183
ssym,centroid,egnn,123,1L63,V103I,0.5,0.48041340708732605
ssym,centroid,egnn,123,1L63,V103M,1.2,0.8286527395248413
ssym,centroid,egnn,123,1L63,F104M,0.4,1.077332854270935
ssym,centroid,egnn,123,1L63,Q105M,1.2,0.46423980593681335
ssym,centroid,egnn,123,1L63,M106I,-0.2,0.46602198481559753
ssym,centroid,egnn,123,1L63,M106L,-0.5,0.4682568609714508
ssym,centroid,egnn,123,1L63,M106K,3.4,1.1898345947265625
ssym,centroid,egnn,123,1L63,T109D,-0.6,0.45074906945228577
ssym,centroid,egnn,123,1L63,T109N,-0.1,0.45556125044822693
ssym,centroid,egnn,123,1L63,V111A,1.3,2.0812768936157227
ssym,centroid,egnn,123,1L63,V111I,0.9,0.4693002998828888
ssym,centroid,egnn,123,1L63,V111M,0.7,0.5123501420021057
ssym,centroid,egnn,123,1L63,S117F,-1.1,0.4844207763671875
ssym,centroid,egnn,123,1L63,L118A,3.2,1.8170942068099976
ssym,centroid,egnn,123,1L63,L118M,0.7,0.5910897850990295
ssym,centroid,egnn,123,1L63,M120L,-0.5,0.4527389705181122
ssym,centroid,egnn,123,1L63,M120K,1.6,1.7658618688583374
ssym,centroid,egnn,123,1L63,M120Y,0.1,1.2210043668746948
ssym,centroid,egnn,123,1L63,L121M,0.8,0.6593354940414429
ssym,centroid,egnn,123,1L63,A129F,1.2,0.47411611676216125
ssym,centroid,egnn,123,1L63,A129W,2.2,0.47343260049819946
ssym,centroid,egnn,123,1L63,A130S,-1.0,0.5910549163818359
ssym,centroid,egnn,123,1L63,L133F,0.3,0.7765728831291199
ssym,centroid,egnn,123,1L63,L133M,0.4,0.6649237871170044
ssym,centroid,egnn,123,1L63,A134S,0.1,0.48320671916007996
ssym,centroid,egnn,123,1L63,N144E,-0.5,0.45690053701400757
ssym,centroid,egnn,123,1L63,V149A,3.2,1.4644547700881958
ssym,centroid,egnn,123,1L63,V149C,2.0,0.5326995849609375
ssym,centroid,egnn,123,1L63,V149G,4.9,1.4696301221847534
ssym,centroid,egnn,123,1L63,V149I,0.1,0.48401471972465515
ssym,centroid,egnn,123,1L63,V149M,2.8,0.5929824113845825
ssym,centroid,egnn,123,1L63,V149T,2.8,1.4711376428604126
ssym,centroid,egnn,123,1L63,V149S,4.4,1.3427525758743286
ssym,centroid,egnn,123,1L63,T152A,1.5,1.0619186162948608
ssym,centroid,egnn,123,1L63,T152C,0.5,0.47127005457878113
ssym,centroid,egnn,123,1L63,T152I,0.4,0.47078967094421387
ssym,centroid,egnn,123,1L63,T152S,2.0,0.4755065441131592
ssym,centroid,egnn,123,1L63,T152V,-0.2,0.4714847803115845
ssym,centroid,egnn,123,1L63,F153A,3.8,1.3945773839950562
ssym,centroid,egnn,123,1L63,F153I,0.2,0.4990254342556
ssym,centroid,egnn,123,1L63,F153L,-0.3,0.5033979415893555
ssym,centroid,egnn,123,1L63,F153M,0.6,0.6101351380348206
ssym,centroid,egnn,123,1L63,F153V,1.8,0.7133845090866089
ssym,centroid,egnn,123,1LZ1,V2A,1.5,1.0451871156692505
ssym,centroid,egnn,123,1LZ1,V2G,1.3,1.0560193061828613
ssym,centroid,egnn,123,1LZ1,V2S,1.4,1.0759186744689941
ssym,centroid,egnn,123,1LZ1,V2Y,0.4,0.6735683679580688
ssym,centroid,egnn,123,1LZ1,V2D,1.4,1.0707838535308838
ssym,centroid,egnn,123,1LZ1,V2N,1.3,1.050812840461731
ssym,centroid,egnn,123,1LZ1,V2R,0.4,1.0693690776824951
ssym,centroid,egnn,123,1LZ1,V2L,-0.3,0.4716264605522156
ssym,centroid,egnn,123,1LZ1,V2M,0.2,0.4807613790035248
ssym,centroid,egnn,123,1LZ1,V2F,0.8,0.5907171964645386
ssym,centroid,egnn,123,1LZ1,Y20F,0.5,0.4762357771396637
ssym,centroid,egnn,123,1LZ1,I23A,2.5,1.8279629945755005
ssym,centroid,egnn,123,1LZ1,I23V,0.4,1.2467502355575562
ssym,centroid,egnn,123,1LZ1,Y38F,0.2,0.4813706576824188
ssym,centroid,egnn,123,1LZ1,Y45F,-0.1,0.4487096071243286
ssym,centroid,egnn,123,1LZ1,A47P,-0.1,0.4722273349761963
ssym,centroid,egnn,123,1LZ1,Y54F,1.0,0.48275458812713623
ssym,centroid,egnn,123,1LZ1,I56A,3.7,1.4661790132522583
ssym,centroid,egnn,123,1LZ1,I56T,4.3,1.469280481338501
ssym,centroid,egnn,123,1LZ1,I56V,1.2,0.8620290160179138
ssym,centroid,egnn,123,1LZ1,I59A,1.7,1.0926693677902222
ssym,centroid,egnn,123,1LZ1,I59G,3.8,1.0978904962539673
ssym,centroid,egnn,123,1LZ1,I59V,1.1,0.8037359714508057
ssym,centroid,egnn,123,1LZ1,Y63F,0.2,0.4678298532962799
ssym,centroid,egnn,123,1LZ1,P71G,1.6,0.4676797091960907
ssym,centroid,egnn,123,1LZ1,V74A,0.4,0.49920645356178284
ssym,centroid,egnn,123,1LZ1,V74G,0.1,0.49927690625190735
ssym,centroid,egnn,123,1LZ1,V74I,1.9,0.46563324332237244
ssym,centroid,egnn,123,1LZ1,V74L,0.4,0.47316715121269226
ssym,centroid,egnn,123,1LZ1,V74M,0.4,0.47807252407073975
ssym,centroid,egnn,123,1LZ1,V74F,0.0,0.48068127036094666
ssym,centroid,egnn,123,1LZ1,V74Y,0.3,0.5027456879615784
ssym,centroid,egnn,123,1LZ1,V74D,0.4,0.5009558200836182
ssym,centroid,egnn,123,1LZ1,V74N,0.3,0.49959424138069153
ssym,centroid,egnn,123,1LZ1,V74R,0.1,0.5007305145263672
ssym,centroid,egnn,123,1LZ1,V74S,0.4,0.5026190280914307
ssym,centroid,egnn,123,1LZ1,C77A,4.6,1.1223636865615845
ssym,centroid,egnn,123,1LZ1,I89A,2.7,1.6280667781829834
ssym,centroid,egnn,123,1LZ1,I89V,0.5,0.8396903872489929
ssym,centroid,egnn,123,1LZ1,D91P,0.4,0.46978065371513367
ssym,centroid,egnn,123,1LZ1,V93A,0.7,1.492878794670105
ssym,centroid,egnn,123,1LZ1,V99A,1.0,1.5977412462234497
ssym,centroid,egnn,123,1LZ1,V100A,0.3,1.8606668710708618
ssym,centroid,egnn,123,1LZ1,P103G,0.1,0.4689008891582489
ssym,centroid,egnn,123,1LZ1,I106A,0.9,2.003373146057129
ssym,centroid,egnn,123,1LZ1,I106V,0.7,1.6475309133529663
ssym,centroid,egnn,123,1LZ1,V110A,-0.5,1.497890830039978
ssym,centroid,egnn,123,1LZ1,V110D,-0.2,0.9871295094490051
ssym,centroid,egnn,123,1LZ1,V110G,2.2,1.0348505973815918
ssym,centroid,egnn,123,1LZ1,V110I,0.8,0.47709381580352783
ssym,centroid,egnn,123,1LZ1,V110L,-0.1,0.8953795433044434
ssym,centroid,egnn,123,1LZ1,V110M,-0.4,0.9012075662612915
ssym,centroid,egnn,123,1LZ1,V110N,-0.1,1.1157995462417603
ssym,centroid,egnn,123,1LZ1,V110R,-0.9,1.0018630027770996
ssym,centroid,egnn,123,1LZ1,V110F,1.9,0.8955808877944946
ssym,centroid,egnn,123,1LZ1,V110P,-0.5,0.9480988383293152
ssym,centroid,egnn,123,1LZ1,V110Y,0.1,0.9184556007385254
ssym,centroid,egnn,123,1LZ1,V121A,1.4,1.7592655420303345
ssym,centroid,egnn,123,1LZ1,Y124F,0.4,0.48629996180534363
ssym,centroid,egnn,123,1LZ1,V125A,1.3,1.755447506904602
ssym,centroid,egnn,123,1LZ1,V130A,0.8,1.4797884225845337
ssym,centroid,egnn,123,1OH0,Y32F,-0.2,0.6208394169807434
ssym,centroid,egnn,123,1OH0,Y57F,1.2,0.5537611842155457
ssym,centroid,egnn,123,1RN1,Q25K,-1.4,0.6233189105987549
ssym,centroid,egnn,123,1VQB,I47L,0.4,1.9492021799087524
ssym,centroid,egnn,123,1VQB,I47M,1.7,2.0644421577453613
ssym,centroid,egnn,123,1VQB,I47V,2.0,2.0948028564453125
ssym,centroid,egnn,123,1VQB,V35I,0.6,0.6458443403244019
ssym,centroid,egnn,123,1VQB,Y41F,3.2,0.639604926109314
ssym,centroid,egnn,123,2LZM,I3L,-0.7,0.7359335422515869
ssym,centroid,egnn,123,2LZM,I3C,0.0,0.7463416457176208
ssym,centroid,egnn,123,2LZM,I3P,3.0,1.3444976806640625
ssym,centroid,egnn,123,2LZM,I3Y,2.3,1.3426471948623657
ssym,centroid,egnn,123,2LZM,I3V,0.4,0.97683185338974
ssym,centroid,egnn,123,2LZM,M6I,1.4,0.4740869104862213
ssym,centroid,egnn,123,2LZM,K16E,-0.5,0.5020647048950195
ssym,centroid,egnn,123,2LZM,S38D,-0.6,0.419734925031662
ssym,centroid,egnn,123,2LZM,N55G,0.6,0.45570826530456543
ssym,centroid,egnn,123,2LZM,K60P,0.0,0.45610541105270386
ssym,centroid,egnn,123,2LZM,G77A,-0.4,0.6175768375396729
ssym,centroid,egnn,123,2LZM,A82P,-0.8,0.47548797726631165
ssym,centroid,egnn,123,2LZM,K85A,0.6,0.44453662633895874
ssym,centroid,egnn,123,2LZM,D89A,0.5,0.4405141770839691
ssym,centroid,egnn,123,2LZM,R96A,2.0,0.4622785747051239
ssym,centroid,egnn,123,2LZM,R96D,3.5,0.4624500870704651
ssym,centroid,egnn,123,2LZM,R96M,2.7,0.46213647723197937
ssym,centroid,egnn,123,2LZM,R96E,2.5,0.4624781906604767
ssym,centroid,egnn,123,2LZM,R96G,2.6,0.46248963475227356
ssym,centroid,egnn,123,2LZM,R96Q,0.3,0.4625313878059387
ssym,centroid,egnn,123,2LZM,R96H,3.1,0.4623958170413971
ssym,centroid,egnn,123,2LZM,R96N,3.0,0.46254074573516846
ssym,centroid,egnn,123,2LZM,R96K,0.0,0.46235689520835876
ssym,centroid,egnn,123,2LZM,R96S,2.6,0.4622827470302582
ssym,centroid,egnn,123,2LZM,R96Y,4.7,0.462258905172348
ssym,centroid,egnn,123,2LZM,R96V,2.4,0.4623595178127289
ssym,centroid,egnn,123,2LZM,R96W,4.5,0.46229568123817444
ssym,centroid,egnn,123,2LZM,A98V,4.9,0.49112603068351746
ssym,centroid,egnn,123,2LZM,Q105A,0.6,0.4898577928543091
ssym,centroid,egnn,123,2LZM,Q105E,1.1,0.4847354292869568
ssym,centroid,egnn,123,2LZM,Q105G,1.5,0.48565152287483215
ssym,centroid,egnn,123,2LZM,G113A,-0.3,0.474626362323761
ssym,centroid,egnn,123,2LZM,T115E,-0.3,0.46531710028648376
ssym,centroid,egnn,123,2LZM,N116D,-0.6,0.439532995223999
ssym,centroid,egnn,123,2LZM,R119E,0.0,0.42901986837387085
ssym,centroid,egnn,123,2LZM,Q123E,-0.4,0.43888527154922485
ssym,centroid,egnn,123,2LZM,K124G,0.1,0.4451260268688202
ssym,centroid,egnn,123,2LZM,V131A,-0.3,0.94331955909729
ssym,centroid,egnn,123,2LZM,V131D,-0.1,0.9088505506515503
ssym,centroid,egnn,123,2LZM,V131G,0.7,0.9181430339813232
ssym,centroid,egnn,123,2LZM,V131I,-0.2,0.45492982864379883
ssym,centroid,egnn,123,2LZM,V131L,-0.1,0.47013941407203674
ssym,centroid,egnn,123,2LZM,V131S,0.1,0.8887240886688232
ssym,centroid,egnn,123,2LZM,V131M,-0.1,0.47777029871940613
ssym,centroid,egnn,123,2LZM,V131E,-0.2,0.912521481513977
ssym,centroid,egnn,123,2LZM,L133A,4.2,1.4369562864303589
ssym,centroid,egnn,123,2LZM,K135E,1.0,0.46047815680503845
ssym,centroid,egnn,123,2LZM,N144D,-0.4,0.45850273966789246
ssym,centroid,egnn,123,2LZM,K147E,0.7,0.4671728312969208
ssym,centroid,egnn,123,2LZM,V149C,2.2,0.5602737665176392
ssym,centroid,egnn,123,2LZM,T152S,2.6,0.48928362131118774
ssym,centroid,egnn,123,2LZM,R154E,1.1,0.45361238718032837
ssym,centroid,egnn,123,2LZM,G156D,2.3,0.4579579830169678
ssym,centroid,egnn,123,2LZM,T157A,0.5,0.7015904188156128
ssym,centroid,egnn,123,2LZM,T157C,1.3,0.45802900195121765
ssym,centroid,egnn,123,2LZM,T157D,1.1,0.4595929682254791
ssym,centroid,egnn,123,2LZM,T157E,0.8,0.5623586177825928
ssym,centroid,egnn,123,2LZM,T157F,2.4,0.4582136273384094
ssym,centroid,egnn,123,2LZM,T157G,1.1,0.6190181970596313
ssym,centroid,egnn,123,2LZM,T157H,2.1,0.6478936672210693
ssym,centroid,egnn,123,2LZM,T157I,1.5,0.45791155099868774
ssym,centroid,egnn,123,2LZM,T157L,1.7,0.4580563008785248
ssym,centroid,egnn,123,2LZM,T157N,1.2,0.46761244535446167
ssym,centroid,egnn,123,2LZM,T157R,-0.3,0.45860370993614197
ssym,centroid,egnn,123,2LZM,T157S,0.7,0.45881548523902893
ssym,centroid,egnn,123,2LZM,T157V,1.2,0.4582952857017517
ssym,centroid,egnn,123,2RN2,D10N,-0.9,0.49545520544052124
ssym,centroid,egnn,123,2RN2,E48Q,-0.2,0.4784983694553375
ssym,centroid,egnn,123,2RN2,A52F,0.5,0.5878949165344238
ssym,centroid,egnn,123,2RN2,A52I,-1.9,0.5555554628372192
ssym,centroid,egnn,123,2RN2,A52L,-1.3,0.5628993511199951
ssym,centroid,egnn,123,2RN2,A52V,-1.7,0.5829905271530151
ssym,centroid,egnn,123,2RN2,H62A,-0.4,0.5124837756156921
ssym,centroid,egnn,123,2RN2,H62P,-1.1,0.5037209391593933
ssym,centroid,egnn,123,2RN2,D70N,-0.9,0.47425973415374756
ssym,centroid,egnn,123,2RN2,V74L,-1.0,0.502517580986023
ssym,centroid,egnn,123,2RN2,V74I,-0.6,0.48589184880256653
ssym,centroid,egnn,123,2RN2,G77A,0.9,1.09702467918396
ssym,centroid,egnn,123,2RN2,K95A,-0.1,0.4107167422771454
ssym,centroid,egnn,123,2RN2,K95G,-1.9,0.4101739823818207
ssym,centroid,egnn,123,2RN2,K95N,-0.9,0.4106038212776184
ssym,centroid,egnn,123,2RN2,D134A,-2.1,0.4786495268344879
ssym,centroid,egnn,123,2RN2,D134H,-2.3,0.4785784184932709
ssym,centroid,egnn,123,2RN2,D134N,-1.0,0.4782666862010956
ssym,centroid,egnn,123,4LYZ,M12F,-0.5,0.7391297817230225
ssym,centroid,egnn,123,4LYZ,M12L,0.4,0.563215434551239
ssym,centroid,egnn,123,4LYZ,T40S,0.3,0.5138394832611084
ssym,centroid,egnn,123,4LYZ,G49A,0.7,0.49201473593711853
ssym,centroid,egnn,123,4LYZ,I55V,0.9,1.1593139171600342
ssym,centroid,egnn,123,4LYZ,I58M,1.2,0.7931436896324158
ssym,centroid,egnn,123,4LYZ,G67A,0.5,0.48556283116340637
ssym,centroid,egnn,123,4LYZ,G71A,2.1,0.483157217502594
ssym,centroid,egnn,123,4LYZ,I78M,0.9,0.6239051222801208
ssym,centroid,egnn,123,4LYZ,S91A,0.2,1.0603454113006592
ssym,centroid,egnn,123,4LYZ,S91T,-1.0,0.8912454843521118
ssym,centroid,egnn,123,4LYZ,I98M,0.9,1.5012874603271484
ssym,centroid,egnn,123,4LYZ,G102A,1.2,0.6893295049667358
ssym,centroid,egnn,123,4LYZ,G117A,0.8,0.5285313129425049
ssym,centroid,egnn,123,5PTI,F22A,1.2,1.3572322130203247
ssym,centroid,egnn,123,5PTI,Y23A,5.9,0.9210809469223022
ssym,centroid,egnn,123,5PTI,Y35G,5.0,0.5626367926597595
ssym,centroid,egnn,123,5PTI,N43G,5.7,0.6522518992424011
ssym,centroid,egnn,123,5PTI,F45A,6.9,1.5762557983398438
