y_true,y_pred,protein_id,mutation_id,model,seed
0.7,0.7362198515936219,1BFM,M35W,ridge,-1
0.4,0.957116996632297,1BFM,M35Y,ridge,-1
0.04,0.2464968393373688,1D5G,H71Y,ridge,-1
-0.91,1.0904793092988618,1D5G,I20F,ridge,-1
1.0,1.4877328222552548,1EKG,L198C,ridge,-1
2.0,1.4877328222552548,1EKG,L200C,ridge,-1
-1.0,1.4877328222552548,1EKG,L203C,ridge,-1
2.6,-0.0423382208203378,1EKG,S181F,ridge,-1
-4.0,0.5530321573856923,1FRD,H42R,ridge,-1
1.1,0.7279530005285263,1FXA,E94D,ridge,-1
0.4,0.4202753352462042,1FXA,E94K,ridge,-1
-0.6,0.5394644912864694,1FXA,E94Q,ridge,-1
-1.0,0.4202753352462042,1FXA,E95K,ridge,-1
1.0,1.6510711409787486,1FXA,F65A,ridge,-1
0.9,1.040493081286475,1FXA,F65I,ridge,-1
0.6,1.0090940612735015,1FXA,F65W,ridge,-1
0.5,1.2299912063121767,1FXA,F65Y,ridge,-1
2.4,0.6186553417686207,1FXA,R42A,ridge,-1
1.4,0.5433193367699127,1FXA,R42H,ridge,-1
-0.1,0.7718393069280175,1FXA,T48A,ridge,-1
1.22,1.1379058621774825,1GLU,C500A,ridge,-1
1.963,1.2270571485925892,1GUA,A118G,ridge,-1
1.951,0.3630912108124758,1GUA,A118L,ridge,-1
2.149,1.2270571485925892,1GUA,A85G,ridge,-1
0.863,1.2270571485925892,1GUA,A97G,ridge,-1
-0.283,1.1379058621774825,1GUA,C81A,ridge,-1
0.912,0.5273278024852086,1GUA,C81I,ridge,-1
0.08,1.1379058621774825,1GUA,C95A,ridge,-1
1.759,1.1379058621774825,1GUA,C96A,ridge,-1
0.043,0.5689119568185749,1GUA,C96L,ridge,-1
0.337,0.7036870963256048,1GUA,C96M,ridge,-1
0.706,0.3835930326347649,1GUA,D117A,ridge,-1
0.855,0.3835930326347649,1GUA,D129A,ridge,-1
0.493,0.3835930326347649,1GUA,D80A,ridge,-1
-0.021,0.5427954746677439,1GUA,E104A,ridge,-1
0.101,0.5427954746677439,1GUA,E124A,ridge,-1
0.591,0.5427954746677439,1GUA,E125A,ridge,-1
3.274,1.7337961304895706,1GUA,I58A,ridge,-1
1.2990000000000002,1.0904793092988618,1GUA,I58F,ridge,-1
0.7709999999999999,1.1648022251306631,1GUA,I58L,ridge,-1
0.327,0.667611200296895,1GUA,K109A,ridge,-1
2.593,1.6440240510203314,1GUA,L112A,ridge,-1
2.5340000000000003,1.6440240510203314,1GUA,L121A,ridge,-1
3.405,1.6440240510203314,1GUA,L126A,ridge,-1
3.46,1.6440240510203314,1GUA,L62A,ridge,-1
3.803,1.6440240510203314,1GUA,L78A,ridge,-1
3.529,1.6440240510203314,1GUA,L82A,ridge,-1
1.6,1.0334459913280578,1GUA,L82I,ridge,-1
1.7,1.20517123343135,1GUA,L82V,ridge,-1
3.2260000000000004,1.6440240510203314,1GUA,L86A,ridge,-1
1.575,1.6440240510203314,1GUA,L91A,ridge,-1
0.961,1.378196931298869,1GUA,M76A,ridge,-1
-0.271,-0.0331309593673349,1GUA,N56M,ridge,-1
1.14,0.4010878064845429,1GUA,N64A,ridge,-1
1.7080000000000002,0.6365906515330572,1GUA,P63A,ridge,-1
0.0819999999999999,0.6365906515330572,1GUA,P93A,ridge,-1
0.504,0.5742860675973441,1GUA,Q66A,ridge,-1
0.693,0.6186553417686207,1GUA,R100A,ridge,-1
-0.178,0.6186553417686207,1GUA,R59A,ridge,-1
-1.078,0.0496614364097129,1GUA,R89L,ridge,-1
1.5730000000000002,0.6009786003703708,1GUA,S77A,ridge,-1
-0.581,0.5909786359248966,1GUA,S77T,ridge,-1
0.109,0.7718393069280175,1GUA,T68A,ridge,-1
3.3680000000000003,1.539618894882588,1GUA,V128A,ridge,-1
2.251,1.539618894882588,1GUA,V60A,ridge,-1
1.116,1.539618894882588,1GUA,V69A,ridge,-1
1.77,1.539618894882588,1GUA,V70A,ridge,-1
1.052,1.539618894882588,1GUA,V72A,ridge,-1
0.8640000000000001,0.929040835190314,1GUA,V72I,ridge,-1
1.981,1.539618894882588,1GUA,V98A,ridge,-1
1.936,0.6365906515330572,1H0X,P18A,ridge,-1
2.5810000000000004,0.6365906515330572,1H0X,P62A,ridge,-1
2.09,1.1379058621774825,1HCQ,C67A,ridge,-1
1.99,1.2900556227207336,1HCQ,C67S,ridge,-1
-0.4,0.4837439434094565,1IOJ,G15A,ridge,-1
-0.5,0.7757938874063067,1IV7,A173C,ridge,-1
2.5,1.494779912213672,1IV7,F189C,ridge,-1
1.9,1.4877328222552548,1IV7,L162C,ridge,-1
-4.299,0.1798986657037986,1IV9,S76Y,ridge,-1
-0.1,0.667611200296895,1J8I,K25A,ridge,-1
-0.1,0.667611200296895,1J8I,K66A,ridge,-1
-0.8,0.6186553417686207,1J8I,R23A,ridge,-1
0.1,0.6186553417686207,1J8I,R35A,ridge,-1
-0.7,0.6186553417686207,1J8I,R43A,ridge,-1
0.1,0.6186553417686207,1J8I,R9A,ridge,-1
1.44,0.7757938874063067,1JL9,A25C,ridge,-1
1.6969999999999998,1.6510711409787486,1L6H,F39A,ridge,-1
0.55,1.1468401346926935,1L6H,Y45A,ridge,-1
1.482,1.1468401346926935,1L6H,Y48A,ridge,-1
1.39,1.6510711409787486,1N88,F21A,ridge,-1
1.39,1.7337961304895706,1N88,I39A,ridge,-1
2.79,1.7337961304895706,1N88,I80A,ridge,-1
2.35,1.7337961304895706,1N88,I89A,ridge,-1
1.52,1.2949433129005892,1N88,I8V,ridge,-1
1.52,1.6440240510203314,1N88,L13A,ridge,-1
1.11,1.6440240510203314,1N88,L57A,ridge,-1
1.94,1.539618894882588,1N88,V12A,ridge,-1
2.84,1.539618894882588,1N88,V30A,ridge,-1
2.82,1.539618894882588,1N88,V43A,ridge,-1
2.83,1.539618894882588,1N88,V49A,ridge,-1
3.24,1.539618894882588,1N88,V51A,ridge,-1
3.73,1.539618894882588,1N88,V54A,ridge,-1
2.82,1.539618894882588,1N88,V81A,ridge,-1
3.1,1.539618894882588,1N88,V83A,ridge,-1
-0.06,1.1468401346926935,1N88,Y18A,ridge,-1
4.61,1.1468401346926935,1N88,Y26A,ridge,-1
1.2,1.2270571485925892,1O6X,A31G,ridge,-1
1.4,1.2270571485925892,1O6X,A50G,ridge,-1
-0.36,0.3835930326347649,1O6X,D38A,ridge,-1
0.3,0.5427954746677439,1O6X,E14A,ridge,-1
1.42,0.8377675070889496,1O6X,E20G,ridge,-1
1.88,1.0820772356198411,1O6X,F39L,ridge,-1
0.98,1.6510711409787486,1O6X,F65A,ridge,-1
0.61,0.6675767740039409,1O6X,H51A,ridge,-1
0.43,1.2949433129005892,1O6X,I15V,ridge,-1
-0.42,1.2949433129005892,1O6X,I23V,ridge,-1
1.31,1.2949433129005892,1O6X,I71V,ridge,-1
1.31,1.7337961304895706,1O6X,I75A,ridge,-1
1.98,0.667611200296895,1O6X,K41A,ridge,-1
0.97,1.20517123343135,1O6X,L26V,ridge,-1
0.08,0.4010878064845429,1O6X,N58A,ridge,-1
0.49,0.8692581000185499,1O6X,Q60G,ridge,-1
1.1,1.539618894882588,1O6X,V12A,ridge,-1
1.08,1.539618894882588,1O6X,V52A,ridge,-1
1.1,1.8345909273037937,1O6X,V64G,ridge,-1
2.78,0.5778462293337863,1O6X,Y73L,ridge,-1
0.13,1.901661132566678,1R6R,I88N,ridge,-1
2.81,1.7961738115635828,1R6R,L50S,ridge,-1
0.24,1.7961738115635828,1R6R,L54S,ridge,-1
6.84,1.8118890530974392,1R6R,L81N,ridge,-1
4.493,1.7247764207433705,2BJD,V84D,ridge,-1
4.517,1.6026824653443683,2BJD,V84P,ridge,-1
2.103,1.1746356941220344,2BJD,Y86E,ridge,-1
0.012,0.5035233135019852,2C9Q,Y79F,ridge,-1
1.233,0.5048630549874468,2C9Q,Y79W,ridge,-1
-0.12,0.0242599528132322,2CLR,H13F,ridge,-1
-2.605,0.0242599528132322,2CLR,H31F,ridge,-1
1.912,0.0242599528132322,2CLR,H51F,ridge,-1
2.629,0.6675767740039409,2CLR,H84A,ridge,-1
-0.89,0.4989500625986361,2DVV,Q443H,ridge,-1
0.02,-0.0233217379366263,2DVV,R419W,ridge,-1
0.32,1.2270571485925892,2HBB,A22G,ridge,-1
1.79,1.2270571485925892,2HBB,A26G,ridge,-1
1.55,1.2270571485925892,2HBB,A36G,ridge,-1
1.59,1.2270571485925892,2HBB,A39G,ridge,-1
0.33,1.2270571485925892,2HBB,A42G,ridge,-1
0.55,1.2270571485925892,2HBB,A46G,ridge,-1
0.22,1.2270571485925892,2HBB,A49G,ridge,-1
0.03,0.3835930326347649,2HBB,D23A,ridge,-1
0.79,0.5514580347118725,2HBB,D23N,ridge,-1
1.3,0.3835930326347649,2HBB,D8A,ridge,-1
0.38,0.5514580347118725,2HBB,D8N,ridge,-1
1.69,0.5427954746677439,2HBB,E17A,ridge,-1
0.33,0.5394644912864694,2HBB,E17Q,ridge,-1
0.41,0.5427954746677439,2HBB,E38A,ridge,-1
0.68,0.5394644912864694,2HBB,E38Q,ridge,-1
-0.07,0.5394644912864694,2HBB,E48Q,ridge,-1
2.84,1.6510711409787486,2HBB,F31A,ridge,-1
1.15,1.0820772356198411,2HBB,F5L,ridge,-1
-0.02,0.4837439434094565,2HBB,G24A,ridge,-1
1.02,0.4837439434094565,2HBB,G34A,ridge,-1
2.05,1.7337961304895706,2HBB,I18A,ridge,-1
0.07,1.2949433129005892,2HBB,I18V,ridge,-1
1.28,1.7337961304895706,2HBB,I37A,ridge,-1
-0.09,1.2949433129005892,2HBB,I37V,ridge,-1
0.59,1.2949433129005892,2HBB,I4V,ridge,-1
-0.13,0.6954067597262357,2HBB,K10E,ridge,-1
-0.47,0.2333924344450174,2HBB,K10M,ridge,-1
-0.61,0.667611200296895,2HBB,K12A,ridge,-1
-0.03,0.9625832327181008,2HBB,K12G,ridge,-1
-1.8,0.2333924344450174,2HBB,K12M,ridge,-1
0.73,0.667611200296895,2HBB,K14A,ridge,-1
1.3,0.9625832327181008,2HBB,K14G,ridge,-1
0.34,0.2333924344450174,2HBB,K14M,ridge,-1
1.74,0.9625832327181008,2HBB,K15G,ridge,-1
0.44,0.2333924344450174,2HBB,K15M,ridge,-1
-0.21,0.2333924344450174,2HBB,K7M,ridge,-1
2.76,1.6440240510203314,2HBB,L30A,ridge,-1
1.21,1.6440240510203314,2HBB,L35A,ridge,-1
1.73,1.6440240510203314,2HBB,L44A,ridge,-1
0.84,1.6440240510203314,2HBB,L47A,ridge,-1
3.1,1.6440240510203314,2HBB,L6A,ridge,-1
1.46,1.378196931298869,2HBB,M1A,ridge,-1
0.8,0.9239890674712689,2HBB,T40S,ridge,-1
2.33,1.539618894882588,2HBB,V21A,ridge,-1
2.55,1.539618894882588,2HBB,V3A,ridge,-1
1.81,1.539618894882588,2HBB,V9A,ridge,-1
2.54,1.323063388038265,2JUC,C57D,ridge,-1
0.71,1.2900556227207336,2JUC,C57S,ridge,-1
1.75,0.6186553417686207,2JUC,R18A,ridge,-1
-1.2,0.3835930326347649,2KJ3,D288A,ridge,-1
-1.9,0.5427954746677439,2KJ3,E272A,ridge,-1
0.8,0.4837439434094565,2KJ3,G278A,ridge,-1
-1.5,0.667611200296895,2KJ3,K229A,ridge,-1
-1.0,1.6440240510203314,2KJ3,L241A,ridge,-1
-1.4,0.6009786003703708,2KJ3,S273A,ridge,-1
-1.0,1.539618894882588,2KJ3,V239A,ridge,-1
-1.0,1.539618894882588,2KJ3,V264A,ridge,-1
-0.2,1.539618894882588,2KJ3,V267A,ridge,-1
0.24,0.9220851517259092,2MPC,A89T,ridge,-1
-0.62,0.6186553417686207,2MPC,R42A,ridge,-1
-2.08,-0.0233217379366263,2MPC,R42W,ridge,-1
0.6,0.6365906515330572,2N7Z,P88A,ridge,-1
-0.44,1.1172426420321655,2OUO,A420D,ridge,-1
2.43,1.2270571485925892,2PTL,A22G,ridge,-1
-0.1,0.995148686633164,2PTL,A27P,ridge,-1
0.83,0.4932322985824018,2PTL,A27V,ridge,-1
2.17,1.2270571485925892,2PTL,A34G,ridge,-1
-1.47,0.4932322985824018,2PTL,A34V,ridge,-1
2.54,1.2270571485925892,2PTL,A43G,ridge,-1
3.1,1.2270571485925892,2PTL,A47G,ridge,-1
1.32,1.2270571485925892,2PTL,A49G,ridge,-1
3.12,1.2270571485925892,2PTL,A51G,ridge,-1
0.49,1.2270571485925892,2PTL,A66G,ridge,-1
1.21,0.3835930326347649,2PTL,D52A,ridge,-1
2.14,0.6785650650559707,2PTL,D52G,ridge,-1
0.2,0.3835930326347649,2PTL,D64A,ridge,-1
0.59,0.5427954746677439,2PTL,E35A,ridge,-1
1.19,0.8377675070889496,2PTL,E46G,ridge,-1
1.08,-0.0677825850245299,2PTL,E46I,ridge,-1
0.23,0.5427954746677439,2PTL,E60A,ridge,-1
3.12,1.6510711409787486,2PTL,F26A,ridge,-1
0.68,1.0820772356198411,2PTL,F26L,ridge,-1
4.15,1.6510711409787486,2PTL,F36A,ridge,-1
3.12,1.0820772356198411,2PTL,F36L,ridge,-1
3.08,1.9460431733999544,2PTL,F40G,ridge,-1
0.38,1.0820772356198411,2PTL,F40L,ridge,-1
3.34,1.0820772356198411,2PTL,F76L,ridge,-1
3.73,1.2122183233897672,2PTL,F76V,ridge,-1
1.52,0.4837439434094565,2PTL,G29A,ridge,-1
2.53,0.0448911258204749,2PTL,G29V,ridge,-1
2.08,0.4837439434094565,2PTL,G38A,ridge,-1
2.23,0.4837439434094565,2PTL,G59A,ridge,-1
2.04,0.4837439434094565,2PTL,G69A,ridge,-1
4.9,1.7337961304895706,2PTL,I20A,ridge,-1
0.56,1.2949433129005892,2PTL,I20V,ridge,-1
1.37,1.7337961304895706,2PTL,I25A,ridge,-1
0.47,1.2949433129005892,2PTL,I25V,ridge,-1
4.72,1.7337961304895706,2PTL,I74A,ridge,-1
1.69,1.2949433129005892,2PTL,I74V,ridge,-1
0.92,0.667611200296895,2PTL,K21A,ridge,-1
0.88,0.667611200296895,2PTL,K37A,ridge,-1
-0.16,0.9625832327181008,2PTL,K42G,ridge,-1
-0.58,0.667611200296895,2PTL,K55A,ridge,-1
-0.35,0.667611200296895,2PTL,K56A,ridge,-1
0.09,0.667611200296895,2PTL,K68A,ridge,-1
0.45,0.667611200296895,2PTL,K75A,ridge,-1
3.12,1.6440240510203314,2PTL,L24A,ridge,-1
2.44,1.6440240510203314,2PTL,L54A,ridge,-1
3.77,1.6440240510203314,2PTL,L72A,ridge,-1
1.87,0.4010878064845429,2PTL,N23A,ridge,-1
1.78,0.4010878064845429,2PTL,N28A,ridge,-1
0.34,0.4010878064845429,2PTL,N58A,ridge,-1
1.73,0.4010878064845429,2PTL,N73A,ridge,-1
0.3,0.6009786003703708,2PTL,S30A,ridge,-1
-0.41,0.6009786003703708,2PTL,S45A,ridge,-1
0.82,0.8959506327915765,2PTL,S45G,ridge,-1
1.63,0.7718393069280175,2PTL,T19A,ridge,-1
1.17,0.7718393069280175,2PTL,T31A,ridge,-1
1.11,0.7718393069280175,2PTL,T33A,ridge,-1
1.25,0.7718393069280175,2PTL,T39A,ridge,-1
1.09,0.7718393069280175,2PTL,T44A,ridge,-1
0.17,1.0668113393492231,2PTL,T53G,ridge,-1
0.97,0.7718393069280175,2PTL,T62A,ridge,-1
1.83,0.7718393069280175,2PTL,T71A,ridge,-1
1.22,1.539618894882588,2PTL,V18A,ridge,-1
0.92,1.539618894882588,2PTL,V63A,ridge,-1
1.14,1.539618894882588,2PTL,V65A,ridge,-1
2.82,1.1468401346926935,2PTL,Y48A,ridge,-1
2.46,1.1468401346926935,2PTL,Y50A,ridge,-1
1.66,1.1468401346926935,2PTL,Y70A,ridge,-1
-0.43,0.5778462293337863,2PTL,Y70L,ridge,-1
-1.05,-0.0261984306911637,2RPN,E7L,ridge,-1
-0.39,1.417098755461048,2RPN,V21K,ridge,-1
-0.3,0.3835930326347649,2WQG,D15A,ridge,-1
-0.1,0.3835930326347649,2WQG,D38A,ridge,-1
2.2,0.3835930326347649,2WQG,D39A,ridge,-1
2.6,0.5514580347118725,2WQG,D39N,ridge,-1
0.1,0.5394644912864694,2WQG,E40Q,ridge,-1
0.4,0.8377675070889496,2WQG,E41G,ridge,-1
0.9,1.7337961304895706,2WQG,I36A,ridge,-1
0.3,1.2949433129005892,2WQG,I36V,ridge,-1
0.4,0.667611200296895,2WQG,K14A,ridge,-1
1.9,0.9625832327181008,2WQG,K14G,ridge,-1
0.3,0.667611200296895,2WQG,K19A,ridge,-1
0.6,0.667611200296895,2WQG,K28A,ridge,-1
0.5,1.6440240510203314,2WQG,L13A,ridge,-1
1.3,1.6440240510203314,2WQG,L16A,ridge,-1
2.0,1.6440240510203314,2WQG,L8A,ridge,-1
0.6,0.5742860675973441,2WQG,Q12A,ridge,-1
2.0,0.8692581000185499,2WQG,Q12G,ridge,-1
-0.1,0.5742860675973441,2WQG,Q33A,ridge,-1
0.8,0.6186553417686207,2WQG,R34A,ridge,-1
0.6,0.6009786003703708,2WQG,S23A,ridge,-1
-0.1,0.6009786003703708,2WQG,S6A,ridge,-1
0.2,0.8959506327915765,2WQG,S6G,ridge,-1
-0.1,0.9239890674712689,2WQG,T9S,ridge,-1
0.1,1.539618894882588,2WQG,V10A,ridge,-1
0.7,1.8345909273037937,2WQG,V10G,ridge,-1
-0.4,1.539618894882588,2WQG,V11A,ridge,-1
-0.1,1.8345909273037937,2WQG,V11G,ridge,-1
0.5,1.539618894882588,2WQG,V24A,ridge,-1
2.4,0.5035233135019852,2WQG,Y5F,ridge,-1
0.74,0.5394644912864694,2ZTA,E11Q,ridge,-1
-0.2,0.5394644912864694,2ZTA,E20Q,ridge,-1
1.83,0.5394644912864694,2ZTA,E22Q,ridge,-1
0.41,0.667611200296895,2ZTA,K15A,ridge,-1
0.91,0.667611200296895,2ZTA,K27A,ridge,-1
0.06,0.667611200296895,2ZTA,K28A,ridge,-1
0.39,0.667611200296895,2ZTA,K8A,ridge,-1
1.66,0.6186553417686207,2ZTA,R25A,ridge,-1
1.506,1.2949433129005892,3BN0,I20V,ridge,-1
-0.43,1.803220901522,3C2I,F155S,ridge,-1
-0.47,0.7718393069280175,3C2I,T158A,ridge,-1
-0.25,0.3376205410761399,3C2I,T158M,ridge,-1
0.5,0.6365906515330572,3FIS,P61A,ridge,-1
-0.34,-0.0374869020318071,3G1G,D155Y,ridge,-1
0.74,1.2299912063121767,3G1G,F167Y,ridge,-1
0.17,1.2949433129005892,3G1G,I190V,ridge,-1
-1.32,-0.0233217379366263,3G1G,R185W,ridge,-1
3.35,-0.0261984306911637,3K82,E334L,ridge,-1
1.68,0.5394644912864694,3K82,E334Q,ridge,-1
-5.49,0.4282508580494953,3K82,E401R,ridge,-1
-1.194,0.9136273741898264,3MON,R39G,ridge,-1
2.866,1.2412876589403647,3MON,W3C,ridge,-1
3.25,1.7070876214821125,3O39,L32P,ridge,-1
-2.03,0.5530321573856923,3S92,H395R,ridge,-1
-0.574,0.0255996942986937,4N6V,H75W,ridge,-1
1.362,0.931562683954263,4N6V,P36G,ridge,-1
-1.745,0.7887404120763085,4N6V,P79S,ridge,-1
0.71,1.5296189304371135,4YEE,V134T,ridge,-1
0.93,0.3329864893390359,4YEF,T134V,ridge,-1
1.44,0.6785650650559707,5JXB,D329G,ridge,-1
1.44,0.4466566030965457,5JXB,D329P,ridge,-1
1.8,0.6009786003703708,1A0F,S11A,ridge,-1
2.69,0.8567491111726755,1A7V,A104H,ridge,-1
1.98,0.8567491111726755,1A7V,A66H,ridge,-1
1.7,0.8567491111726755,1A7V,A91H,ridge,-1
1.36,0.308257027636057,1A7V,D3H,ridge,-1
2.05,0.308257027636057,1A7V,D58H,ridge,-1
3.01,0.4674594696690359,1A7V,E73H,ridge,-1
0.6,0.5922751952981873,1A7V,K13H,ridge,-1
2.88,0.5922751952981873,1A7V,K20H,ridge,-1
1.36,0.5922751952981873,1A7V,K31H,ridge,-1
1.86,0.5922751952981873,1A7V,K39H,ridge,-1
2.02,0.5922751952981873,1A7V,K49H,ridge,-1
2.88,0.5922751952981873,1A7V,K84H,ridge,-1
1.97,0.5922751952981873,1A7V,K97H,ridge,-1
0.821,0.3835930326347649,1BNL,D76A,ridge,-1
0.46,0.3835930326347649,1DIV,D23A,ridge,-1
0.58,0.5514580347118725,1DIV,D23N,ridge,-1
0.3,0.5514580347118725,1DIV,D8N,ridge,-1
0.98,0.5427954746677439,1DIV,E100A,ridge,-1
1.52,0.8377675070889496,1DIV,E100G,ridge,-1
0.21,0.5394644912864694,1DIV,E17Q,ridge,-1
0.56,0.5394644912864694,1DIV,E38Q,ridge,-1
-0.03,0.5394644912864694,1DIV,E48Q,ridge,-1
-0.33,0.5394644912864694,1DIV,E54Q,ridge,-1
1.53,0.6642457906226665,1DIV,H106Q,ridge,-1
3.52,1.7337961304895706,1DIV,I115A,ridge,-1
2.22,1.7337961304895706,1DIV,I4A,ridge,-1
0.59,1.2949433129005892,1DIV,I4V,ridge,-1
3.49,1.7337961304895706,1DIV,I79A,ridge,-1
3.19,1.7337961304895706,1DIV,I93A,ridge,-1
4.28,1.7337961304895706,1DIV,I98A,ridge,-1
-0.05,0.2333924344450174,1DIV,K10M,ridge,-1
-0.01,0.2333924344450174,1DIV,K14M,ridge,-1
0.31,0.2333924344450174,1DIV,K15M,ridge,-1
-0.35,0.2333924344450174,1DIV,K7M,ridge,-1
-0.61,0.667611200296895,1DIV,K96A,ridge,-1
0.2,0.9625832327181008,1DIV,K96G,ridge,-1
2.37,1.6440240510203314,1DIV,L102A,ridge,-1
2.33,1.6440240510203314,1DIV,L108A,ridge,-1
3.21,1.6440240510203314,1DIV,L110A,ridge,-1
0.82,1.6440240510203314,1DIV,L117A,ridge,-1
2.76,1.6440240510203314,1DIV,L30A,ridge,-1
3.62,1.20517123343135,1DIV,L30V,ridge,-1
3.1,1.6440240510203314,1DIV,L6A,ridge,-1
0.13,1.0334459913280578,1DIV,L6I,ridge,-1
0.41,1.20517123343135,1DIV,L6V,ridge,-1
3.77,1.6440240510203314,1DIV,L72A,ridge,-1
1.46,1.378196931298869,1DIV,M1A,ridge,-1
2.36,1.6731689637200748,1DIV,M1G,ridge,-1
2.33,1.539618894882588,1DIV,V21A,ridge,-1
0.4,0.929040835190314,1DIV,V21I,ridge,-1
1.23,0.9706249895236804,1DIV,V21L,ridge,-1
2.55,1.539618894882588,1DIV,V3A,ridge,-1
0.31,0.929040835190314,1DIV,V3I,ridge,-1
2.21,0.9706249895236804,1DIV,V3L,ridge,-1
3.7,0.8354762023740027,1DXX,K18N,ridge,-1
-0.6,0.7688436024474783,1FH5,S18N,ridge,-1
1.38,1.20517123343135,1FT8,L212V,ridge,-1
0.35,1.0334459913280578,1FT8,L238I,ridge,-1
-0.27,0.8092030259399614,1FT8,M216L,ridge,-1
1.6,1.1172426420321655,1GWY,A8D,ridge,-1
3.3,1.1279058977320084,1ITM,C24T,ridge,-1
5.0,1.1279058977320084,1ITM,C3T,ridge,-1
-1.4,1.5497286482486925,1ITM,W91S,ridge,-1
1.162,0.7279530005285263,1JLV,E64D,ridge,-1
2.3040000000000003,0.7106604767448514,1JLV,E64N,ridge,-1
2.302,0.5394644912864694,1JLV,E64Q,ridge,-1
-1.4,0.8377675070889496,1LVM,E106G,ridge,-1
-0.43,0.0242943791061864,1LVM,K45F,ridge,-1
-0.0,1.20517123343135,1LVM,L56V,ridge,-1
-0.6,-0.0690307535933646,1LVM,Q58F,ridge,-1
2.5,0.8377675070889496,1N18,E100G,ridge,-1
1.4,0.3691993267912078,1N18,G85R,ridge,-1
-1.4,0.5530321573856923,1N18,H46R,ridge,-1
3.3,0.5427954746677439,1O1U,E110A,ridge,-1
1.2,0.4010878064845429,1O1U,N61A,ridge,-1
0.3,0.5742860675973441,1O1U,Q51A,ridge,-1
-0.3,0.5742860675973441,1O1U,Q99A,ridge,-1
1.2,0.7718393069280175,1O1U,T38A,ridge,-1
1.2,0.9764989530388692,1O1U,W49Y,ridge,-1
0.05,1.2949433129005892,1OSI,I11V,ridge,-1
-0.39,-0.0423382208203378,1OSI,S92F,ridge,-1
0.78,0.929040835190314,1OSI,V15I,ridge,-1
1.53,0.9220851517259092,1PFL,A20T,ridge,-1
1.96,0.0448911258204749,1PFL,G117V,ridge,-1
3.53,1.3681969668533949,1PFL,M113T,ridge,-1
-0.07,0.3376205410761399,1PFL,T108M,ridge,-1
0.3,0.6373496380591248,1PRG,Q286P,ridge,-1
-0.06,0.5433193367699127,1PRG,R288H,ridge,-1
-0.03,1.10540012903071,1PRG,V290M,ridge,-1
-0.8,1.2900556227207336,1SPD,C111S,ridge,-1
-0.1,1.1379058621774825,1SPD,C6A,ridge,-1
2.9,0.5394644912864694,1XWS,E124Q,ridge,-1
4.59,0.4202753352462042,1XWS,E135K,ridge,-1
3.22,0.7279530005285263,1XWS,E142D,ridge,-1
3.3,1.071504129693986,1XWS,Y53H,ridge,-1
0.86,0.5862453323453254,1XXN,N32D,ridge,-1
0.645,0.4288833659138834,1XXN,N54E,ridge,-1
-0.239,0.6287741597997114,1XXN,S22E,ridge,-1
0.645,0.6287741597997114,1XXN,S27E,ridge,-1
-2.87,1.0090940612735015,1XZO,F42W,ridge,-1
2.89,0.7542620665147326,1XZO,W101F,ridge,-1
8.93,1.3975788877054414,1XZO,W36A,ridge,-1
4.25,0.7542620665147326,1XZO,W36F,ridge,-1
0.7170000000000001,0.6642457906226665,2ARF,H1069Q,ridge,-1
-1.07,0.5427954746677439,2H3F,E12A,ridge,-1
-1.536,0.5530321573856923,2JIE,H104R,ridge,-1
0.209,0.7264358281405954,2JIE,Q22S,ridge,-1
1.246,0.6009786003703708,2JIE,S17A,ridge,-1
-0.951,0.6009786003703708,2JIE,S19A,ridge,-1
0.994,0.7718393069280175,2JIE,T18A,ridge,-1
-2.19,0.7542620665147326,2JIE,W123F,ridge,-1
-1.06,1.3222428827067336,2JIE,W123H,ridge,-1
3.443,1.1468401346926935,2JIE,Y21A,ridge,-1
-1.26,0.3835930326347649,2KS4,D9A,ridge,-1
0.23,0.5427954746677439,2KS4,E2A,ridge,-1
1.57,1.7070876214821125,2LTB,L558P,ridge,-1
3.11,1.529479434402083,2LTB,L569R,ridge,-1
3.34,1.2556767918773293,2LTB,M619K,ridge,-1
1.1,0.6153243583873462,2LTB,R533Q,ridge,-1
0.36,0.6153243583873462,2LTB,R555Q,ridge,-1
-1.79,-0.0233217379366263,2LTB,R555W,ridge,-1
4.0,0.3835930326347649,2M5S,D302A,ridge,-1
2.0,0.6675767740039409,2M5S,H305A,ridge,-1
2.3,0.462364113003544,2NTE,R658C,ridge,-1
-0.5,0.5110051815048113,2PR5,A33Y,ridge,-1
0.4,0.4978663503195056,2PR5,A81M,ridge,-1
-0.3,0.4113885920641055,2PR5,D109E,ridge,-1
-0.3,0.5450566345824013,2PR5,H22K,ridge,-1
-1.2,0.0255996942986937,2PR5,H22W,ridge,-1
-2.9,0.7348801101081603,2PR5,M111F,ridge,-1
-0.9,-0.2422290147061659,2PR5,N107F,ridge,-1
-0.8,-0.0199921281820292,2PR5,N107Y,ridge,-1
-1.1,-0.2422290147061659,2PR5,N124F,ridge,-1
-2.6,-0.0199921281820292,2PR5,N124Y,ridge,-1
-0.5,0.3376205410761399,2PR5,T30M,ridge,-1
0.5,0.3376205410761399,2PR5,T50M,ridge,-1
-0.2,0.3507593722614455,2PR5,T54Y,ridge,-1
-1.4,0.929040835190314,2PR5,V120I,ridge,-1
-0.4,0.929040835190314,2PR5,V25I,ridge,-1
0.2,0.9706249895236804,2PR5,V88L,ridge,-1
0.7,0.929040835190314,2PR5,V90I,ridge,-1
6.597,0.5427954746677439,2VY0,E53A,ridge,-1
-1.369,0.5394644912864694,3BCI,E96Q,ridge,-1
0.65,0.3835930326347649,3D3B,D118A,ridge,-1
0.6,0.4113885920641055,3D3B,D118E,ridge,-1
1.6,0.2610728932132252,3D3B,D118K,ridge,-1
1.34,0.5514580347118725,3D3B,D118N,ridge,-1
1.41,0.2690484160165164,3D3B,D118R,ridge,-1
-0.8,0.5530321573856923,3ECU,H46R,ridge,-1
1.3,-0.0374869020318071,3S4M,D122Y,ridge,-1
2.5,0.0448911258204749,3S4M,G130V,ridge,-1
-0.096,1.0904793092988618,3S4M,I154F,ridge,-1
0.693,1.283034271087193,3S4M,W155R,ridge,-1
-0.99,0.4932322985824018,4BJX,A89V,ridge,-1
1.435,1.1468401346926935,4BUQ,Y48A,ridge,-1
-0.1,0.667611200296895,4WAA,K65A,ridge,-1
2.07,0.667611200296895,4WAA,K67A,ridge,-1
0.44,0.6186553417686207,4WAA,R27A,ridge,-1
-0.413,0.496135202347081,5VP3,R39K,ridge,-1
1.745,0.8527342998647234,1BA3,H461D,ridge,-1
-0.287,0.8527342998647234,1BA3,H489D,ridge,-1
0.287,0.5450566345824013,1BA3,H489K,ridge,-1
0.263,0.2333580081520633,1BA3,H489M,ridge,-1
1.81,1.539618894882588,1DIV,V129A,ridge,-1
0.455,1.6510711409787486,1F8I,F345A,ridge,-1
-0.05,1.0334459913280578,1FT8,L349I,ridge,-1
-0.0,0.8959506327915765,1LVM,S135G,ridge,-1
0.88,0.5514580347118725,1NM1,D187N,ridge,-1
1.9,-0.0374869020318071,1NM1,D187Y,ridge,-1
2.4,1.2900556227207336,1PRE,C159S,ridge,-1
4.2,0.6464509011979611,1R2Y,R244E,ridge,-1
-0.358,0.2865431898662943,1XXN,N181R,ridge,-1
-3.02,1.4059924907282095,3D2A,M134E,ridge,-1
-3.34,1.4412605017606497,3D2A,M137P,ridge,-1
-2.11,0.6640421708321516,3D2A,S163P,ridge,-1
2.99,1.071504129693986,5OAQ,Y429H,ridge,-1
0.7,1.4097120761871338,1BFM,M35W,gnn_global_s42,-1
0.4,1.3504852056503296,1BFM,M35Y,gnn_global_s42,-1
0.04,1.1429989337921145,1D5G,H71Y,gnn_global_s42,-1
-0.91,1.5717198848724363,1D5G,I20F,gnn_global_s42,-1
1.0,1.419878005981445,1EKG,L198C,gnn_global_s42,-1
2.0,1.3997293710708618,1EKG,L200C,gnn_global_s42,-1
-1.0,1.2182509899139404,1EKG,L203C,gnn_global_s42,-1
2.6,0.9370744824409484,1EKG,S181F,gnn_global_s42,-1
-4.0,1.3778963088989258,1FRD,H42R,gnn_global_s42,-1
1.1,1.5776984691619873,1FXA,E94D,gnn_global_s42,-1
0.4,1.4666523933410645,1FXA,E94K,gnn_global_s42,-1
-0.6,1.432004690170288,1FXA,E94Q,gnn_global_s42,-1
-1.0,1.2536077499389648,1FXA,E95K,gnn_global_s42,-1
1.0,1.751572608947754,1FXA,F65A,gnn_global_s42,-1
0.9,1.6328699588775637,1FXA,F65I,gnn_global_s42,-1
0.6,1.7646241188049316,1FXA,F65W,gnn_global_s42,-1
0.5,1.7204866409301758,1FXA,F65Y,gnn_global_s42,-1
2.4,1.4165639877319336,1FXA,R42A,gnn_global_s42,-1
1.4,1.466842770576477,1FXA,R42H,gnn_global_s42,-1
-0.1,1.57489275932312,1FXA,T48A,gnn_global_s42,-1
1.22,2.024472713470459,1GLU,C500A,gnn_global_s42,-1
1.963,1.1323412656784058,1GUA,A118G,gnn_global_s42,-1
1.951,0.9179434776306152,1GUA,A118L,gnn_global_s42,-1
2.149,1.303378701210022,1GUA,A85G,gnn_global_s42,-1
0.863,1.2210278511047363,1GUA,A97G,gnn_global_s42,-1
-0.283,1.1006910800933838,1GUA,C81A,gnn_global_s42,-1
0.912,0.9514140486717224,1GUA,C81I,gnn_global_s42,-1
0.08,0.8959863781929016,1GUA,C95A,gnn_global_s42,-1
1.759,1.211604356765747,1GUA,C96A,gnn_global_s42,-1
0.043,1.01774001121521,1GUA,C96L,gnn_global_s42,-1
0.337,1.1498608589172363,1GUA,C96M,gnn_global_s42,-1
0.706,0.6317080855369568,1GUA,D117A,gnn_global_s42,-1
0.855,0.8727946877479553,1GUA,D129A,gnn_global_s42,-1
0.493,0.5874475836753845,1GUA,D80A,gnn_global_s42,-1
-0.021,0.4919341504573822,1GUA,E104A,gnn_global_s42,-1
0.101,0.8122430443763733,1GUA,E124A,gnn_global_s42,-1
0.591,0.7311645150184631,1GUA,E125A,gnn_global_s42,-1
3.274,1.5527551174163818,1GUA,I58A,gnn_global_s42,-1
1.2990000000000002,1.4544086456298828,1GUA,I58F,gnn_global_s42,-1
0.7709999999999999,1.3686569929122925,1GUA,I58L,gnn_global_s42,-1
0.327,0.8034968972206116,1GUA,K109A,gnn_global_s42,-1
2.593,1.3209407329559326,1GUA,L112A,gnn_global_s42,-1
2.5340000000000003,1.3317360877990725,1GUA,L121A,gnn_global_s42,-1
3.405,1.4480794668197632,1GUA,L126A,gnn_global_s42,-1
3.46,1.3988277912139893,1GUA,L62A,gnn_global_s42,-1
3.803,1.4088661670684814,1GUA,L78A,gnn_global_s42,-1
3.529,1.6198432445526123,1GUA,L82A,gnn_global_s42,-1
1.6,1.4545340538024902,1GUA,L82I,gnn_global_s42,-1
1.7,1.5443120002746582,1GUA,L82V,gnn_global_s42,-1
3.2260000000000004,1.435269832611084,1GUA,L86A,gnn_global_s42,-1
1.575,1.2498383522033691,1GUA,L91A,gnn_global_s42,-1
0.961,0.9220319390296936,1GUA,M76A,gnn_global_s42,-1
-0.271,0.7635944485664368,1GUA,N56M,gnn_global_s42,-1
1.14,0.5371692776679993,1GUA,N64A,gnn_global_s42,-1
1.7080000000000002,0.8690105080604553,1GUA,P63A,gnn_global_s42,-1
0.0819999999999999,0.7376652956008911,1GUA,P93A,gnn_global_s42,-1
0.504,0.7903558015823364,1GUA,Q66A,gnn_global_s42,-1
0.693,0.9837992787361144,1GUA,R100A,gnn_global_s42,-1
-0.178,0.7307456135749817,1GUA,R59A,gnn_global_s42,-1
-1.078,0.8943955302238464,1GUA,R89L,gnn_global_s42,-1
1.5730000000000002,0.7825316786766052,1GUA,S77A,gnn_global_s42,-1
-0.581,0.8439647555351257,1GUA,S77T,gnn_global_s42,-1
0.109,1.1860103607177734,1GUA,T68A,gnn_global_s42,-1
3.3680000000000003,1.4827080965042114,1GUA,V128A,gnn_global_s42,-1
2.251,1.4707971811294556,1GUA,V60A,gnn_global_s42,-1
1.116,1.182900309562683,1GUA,V69A,gnn_global_s42,-1
1.77,1.3731536865234375,1GUA,V70A,gnn_global_s42,-1
1.052,1.2160272598266602,1GUA,V72A,gnn_global_s42,-1
0.8640000000000001,1.0421098470687866,1GUA,V72I,gnn_global_s42,-1
1.981,1.454899787902832,1GUA,V98A,gnn_global_s42,-1
1.936,0.7969745993614197,1H0X,P18A,gnn_global_s42,-1
2.5810000000000004,0.6331793665885925,1H0X,P62A,gnn_global_s42,-1
2.09,1.9524083137512207,1HCQ,C67A,gnn_global_s42,-1
1.99,2.0869548320770264,1HCQ,C67S,gnn_global_s42,-1
-0.4,1.3691940307617188,1IOJ,G15A,gnn_global_s42,-1
-0.5,1.1727845668792725,1IV7,A173C,gnn_global_s42,-1
2.5,1.224853515625,1IV7,F189C,gnn_global_s42,-1
1.9,1.3176913261413574,1IV7,L162C,gnn_global_s42,-1
-4.299,0.5325177311897278,1IV9,S76Y,gnn_global_s42,-1
-0.1,1.191499948501587,1J8I,K25A,gnn_global_s42,-1
-0.1,1.3514132499694824,1J8I,K66A,gnn_global_s42,-1
-0.8,1.3659567832946775,1J8I,R23A,gnn_global_s42,-1
0.1,1.3185416460037231,1J8I,R35A,gnn_global_s42,-1
-0.7,1.3076640367507937,1J8I,R43A,gnn_global_s42,-1
0.1,1.27085542678833,1J8I,R9A,gnn_global_s42,-1
1.44,1.983877182006836,1JL9,A25C,gnn_global_s42,-1
1.6969999999999998,2.354497194290161,1L6H,F39A,gnn_global_s42,-1
0.55,2.054919481277466,1L6H,Y45A,gnn_global_s42,-1
1.482,2.320155143737793,1L6H,Y48A,gnn_global_s42,-1
1.39,1.3553589582443235,1N88,F21A,gnn_global_s42,-1
1.39,1.5423554182052612,1N88,I39A,gnn_global_s42,-1
2.79,1.2626582384109497,1N88,I80A,gnn_global_s42,-1
2.35,1.4428613185882568,1N88,I89A,gnn_global_s42,-1
1.52,1.4847044944763184,1N88,I8V,gnn_global_s42,-1
1.52,1.3860278129577637,1N88,L13A,gnn_global_s42,-1
1.11,1.126183271408081,1N88,L57A,gnn_global_s42,-1
1.94,1.34710431098938,1N88,V12A,gnn_global_s42,-1
2.84,1.3265135288238523,1N88,V30A,gnn_global_s42,-1
2.82,1.513699293136597,1N88,V43A,gnn_global_s42,-1
2.83,1.3207511901855469,1N88,V49A,gnn_global_s42,-1
3.24,1.29185950756073,1N88,V51A,gnn_global_s42,-1
3.73,1.3228203058242798,1N88,V54A,gnn_global_s42,-1
2.82,1.4805920124053955,1N88,V81A,gnn_global_s42,-1
3.1,1.2630338668823242,1N88,V83A,gnn_global_s42,-1
-0.06,1.2256152629852295,1N88,Y18A,gnn_global_s42,-1
4.61,1.3224766254425049,1N88,Y26A,gnn_global_s42,-1
1.2,0.7426217794418335,1O6X,A31G,gnn_global_s42,-1
1.4,1.0231025218963623,1O6X,A50G,gnn_global_s42,-1
-0.36,0.618648111820221,1O6X,D38A,gnn_global_s42,-1
0.3,0.7172541618347168,1O6X,E14A,gnn_global_s42,-1
1.42,0.4174442589282989,1O6X,E20G,gnn_global_s42,-1
1.88,0.9934439063072203,1O6X,F39L,gnn_global_s42,-1
0.98,0.9321669936180116,1O6X,F65A,gnn_global_s42,-1
0.61,0.707176923751831,1O6X,H51A,gnn_global_s42,-1
0.43,1.2883143424987793,1O6X,I15V,gnn_global_s42,-1
-0.42,0.8537153601646423,1O6X,I23V,gnn_global_s42,-1
1.31,1.0298296213150024,1O6X,I71V,gnn_global_s42,-1
1.31,1.0914771556854248,1O6X,I75A,gnn_global_s42,-1
1.98,0.6024933457374573,1O6X,K41A,gnn_global_s42,-1
0.97,1.2878683805465698,1O6X,L26V,gnn_global_s42,-1
0.08,0.958056390285492,1O6X,N58A,gnn_global_s42,-1
0.49,0.8430818319320679,1O6X,Q60G,gnn_global_s42,-1
1.1,1.0505472421646118,1O6X,V12A,gnn_global_s42,-1
1.08,1.2547012567520142,1O6X,V52A,gnn_global_s42,-1
1.1,0.82777339220047,1O6X,V64G,gnn_global_s42,-1
2.78,0.9422449469566344,1O6X,Y73L,gnn_global_s42,-1
0.13,0.6773304343223572,1R6R,I88N,gnn_global_s42,-1
2.81,1.0353052616119385,1R6R,L50S,gnn_global_s42,-1
0.24,1.078296422958374,1R6R,L54S,gnn_global_s42,-1
6.84,0.9210686087608336,1R6R,L81N,gnn_global_s42,-1
4.493,1.0739368200302124,2BJD,V84D,gnn_global_s42,-1
4.517,1.0014119148254397,2BJD,V84P,gnn_global_s42,-1
2.103,0.9010376334190368,2BJD,Y86E,gnn_global_s42,-1
0.012,2.0802690982818604,2C9Q,Y79F,gnn_global_s42,-1
1.233,2.174231767654419,2C9Q,Y79W,gnn_global_s42,-1
-0.12,0.8187148571014404,2CLR,H13F,gnn_global_s42,-1
-2.605,0.9645408987998962,2CLR,H31F,gnn_global_s42,-1
1.912,0.8985300660133362,2CLR,H51F,gnn_global_s42,-1
2.629,1.0987272262573242,2CLR,H84A,gnn_global_s42,-1
-0.89,1.2900159358978271,2DVV,Q443H,gnn_global_s42,-1
0.02,1.2165743112564087,2DVV,R419W,gnn_global_s42,-1
0.32,0.9364929795265198,2HBB,A22G,gnn_global_s42,-1
1.79,1.3178861141204834,2HBB,A26G,gnn_global_s42,-1
1.55,1.7685807943344116,2HBB,A36G,gnn_global_s42,-1
1.59,1.3957252502441406,2HBB,A39G,gnn_global_s42,-1
0.33,0.7538239359855652,2HBB,A42G,gnn_global_s42,-1
0.55,0.840669572353363,2HBB,A46G,gnn_global_s42,-1
0.22,0.6614698767662048,2HBB,A49G,gnn_global_s42,-1
0.03,0.3559110164642334,2HBB,D23A,gnn_global_s42,-1
0.79,0.4645391404628753,2HBB,D23N,gnn_global_s42,-1
1.3,0.1385239660739898,2HBB,D8A,gnn_global_s42,-1
0.38,0.2124646008014679,2HBB,D8N,gnn_global_s42,-1
1.69,0.4167972505092621,2HBB,E17A,gnn_global_s42,-1
0.33,0.4744910299777984,2HBB,E17Q,gnn_global_s42,-1
0.41,1.019850730895996,2HBB,E38A,gnn_global_s42,-1
0.68,1.064915418624878,2HBB,E38Q,gnn_global_s42,-1
-0.07,0.5158150792121887,2HBB,E48Q,gnn_global_s42,-1
2.84,1.4304635524749756,2HBB,F31A,gnn_global_s42,-1
1.15,1.2866249084472656,2HBB,F5L,gnn_global_s42,-1
-0.02,0.676619827747345,2HBB,G24A,gnn_global_s42,-1
1.02,1.1335806846618652,2HBB,G34A,gnn_global_s42,-1
2.05,1.3257218599319458,2HBB,I18A,gnn_global_s42,-1
0.07,1.212660551071167,2HBB,I18V,gnn_global_s42,-1
1.28,1.7367116212844849,2HBB,I37A,gnn_global_s42,-1
-0.09,1.6156933307647705,2HBB,I37V,gnn_global_s42,-1
0.59,1.5787997245788574,2HBB,I4V,gnn_global_s42,-1
-0.13,0.3981263935565948,2HBB,K10E,gnn_global_s42,-1
-0.47,0.2109270393848419,2HBB,K10M,gnn_global_s42,-1
-0.61,0.9722076058387756,2HBB,K12A,gnn_global_s42,-1
-0.03,1.039676547050476,2HBB,K12G,gnn_global_s42,-1
-1.8,0.9364551901817322,2HBB,K12M,gnn_global_s42,-1
0.73,0.2002613842487335,2HBB,K14A,gnn_global_s42,-1
1.3,0.2514074742794037,2HBB,K14G,gnn_global_s42,-1
0.34,0.2144186198711395,2HBB,K14M,gnn_global_s42,-1
1.74,0.4317783415317535,2HBB,K15G,gnn_global_s42,-1
0.44,0.3784255683422088,2HBB,K15M,gnn_global_s42,-1
-0.21,0.5621219277381897,2HBB,K7M,gnn_global_s42,-1
2.76,1.9533865451812744,2HBB,L30A,gnn_global_s42,-1
1.21,1.508936882019043,2HBB,L35A,gnn_global_s42,-1
1.73,1.3979694843292236,2HBB,L44A,gnn_global_s42,-1
0.84,1.4176031351089478,2HBB,L47A,gnn_global_s42,-1
3.1,1.357875108718872,2HBB,L6A,gnn_global_s42,-1
1.46,1.089750051498413,2HBB,M1A,gnn_global_s42,-1
0.8,1.0012444257736206,2HBB,T40S,gnn_global_s42,-1
2.33,1.4796288013458252,2HBB,V21A,gnn_global_s42,-1
2.55,1.789179801940918,2HBB,V3A,gnn_global_s42,-1
1.81,1.3836493492126465,2HBB,V9A,gnn_global_s42,-1
2.54,1.3265793323516846,2JUC,C57D,gnn_global_s42,-1
0.71,1.2111568450927734,2JUC,C57S,gnn_global_s42,-1
1.75,0.7322903871536255,2JUC,R18A,gnn_global_s42,-1
-1.2,0.4281012713909149,2KJ3,D288A,gnn_global_s42,-1
-1.9,0.4386564195156097,2KJ3,E272A,gnn_global_s42,-1
0.8,0.8933688998222351,2KJ3,G278A,gnn_global_s42,-1
-1.5,0.624824583530426,2KJ3,K229A,gnn_global_s42,-1
-1.0,1.2032153606414795,2KJ3,L241A,gnn_global_s42,-1
-1.4,0.7305495142936707,2KJ3,S273A,gnn_global_s42,-1
-1.0,1.2641750574111938,2KJ3,V239A,gnn_global_s42,-1
-1.0,1.1023657321929932,2KJ3,V264A,gnn_global_s42,-1
-0.2,1.3172509670257568,2KJ3,V267A,gnn_global_s42,-1
0.24,0.5547941327095032,2MPC,A89T,gnn_global_s42,-1
-0.62,0.0814133360981941,2MPC,R42A,gnn_global_s42,-1
-2.08,0.0693416520953178,2MPC,R42W,gnn_global_s42,-1
0.6,0.8924514651298523,2N7Z,P88A,gnn_global_s42,-1
-0.44,1.3367574214935305,2OUO,A420D,gnn_global_s42,-1
2.43,1.2204774618148804,2PTL,A22G,gnn_global_s42,-1
-0.1,0.8025268316268921,2PTL,A27P,gnn_global_s42,-1
0.83,0.6266423463821411,2PTL,A27V,gnn_global_s42,-1
2.17,1.112983226776123,2PTL,A34G,gnn_global_s42,-1
-1.47,0.9884821772575378,2PTL,A34V,gnn_global_s42,-1
2.54,0.98493629693985,2PTL,A43G,gnn_global_s42,-1
3.1,1.2633862495422363,2PTL,A47G,gnn_global_s42,-1
1.32,0.9139876961708068,2PTL,A49G,gnn_global_s42,-1
3.12,1.2471024990081787,2PTL,A51G,gnn_global_s42,-1
0.49,0.703727662563324,2PTL,A66G,gnn_global_s42,-1
1.21,0.5145894289016724,2PTL,D52A,gnn_global_s42,-1
2.14,0.5469179749488831,2PTL,D52G,gnn_global_s42,-1
0.2,0.575875461101532,2PTL,D64A,gnn_global_s42,-1
0.59,0.5282043814659119,2PTL,E35A,gnn_global_s42,-1
1.19,0.6988655924797058,2PTL,E46G,gnn_global_s42,-1
1.08,0.5499566197395325,2PTL,E46I,gnn_global_s42,-1
0.23,0.4015875160694122,2PTL,E60A,gnn_global_s42,-1
3.12,0.9231707453727722,2PTL,F26A,gnn_global_s42,-1
0.68,0.7581926584243774,2PTL,F26L,gnn_global_s42,-1
4.15,1.0679558515548706,2PTL,F36A,gnn_global_s42,-1
3.12,0.9296712279319764,2PTL,F36L,gnn_global_s42,-1
3.08,1.0357609987258911,2PTL,F40G,gnn_global_s42,-1
0.38,0.8732776641845703,2PTL,F40L,gnn_global_s42,-1
3.34,0.9364308714866638,2PTL,F76L,gnn_global_s42,-1
3.73,0.9892986416816713,2PTL,F76V,gnn_global_s42,-1
1.52,0.6126741766929626,2PTL,G29A,gnn_global_s42,-1
2.53,0.530963122844696,2PTL,G29V,gnn_global_s42,-1
2.08,0.6419306993484497,2PTL,G38A,gnn_global_s42,-1
2.23,0.5508630871772766,2PTL,G59A,gnn_global_s42,-1
2.04,0.8779449462890625,2PTL,G69A,gnn_global_s42,-1
4.9,1.239391803741455,2PTL,I20A,gnn_global_s42,-1
0.56,1.1497516632080078,2PTL,I20V,gnn_global_s42,-1
1.37,0.928175151348114,2PTL,I25A,gnn_global_s42,-1
0.47,0.8485943675041199,2PTL,I25V,gnn_global_s42,-1
4.72,1.3923910856246948,2PTL,I74A,gnn_global_s42,-1
1.69,1.3156930208206177,2PTL,I74V,gnn_global_s42,-1
0.92,0.7656072378158569,2PTL,K21A,gnn_global_s42,-1
0.88,0.4341053664684295,2PTL,K37A,gnn_global_s42,-1
-0.16,0.5807979106903076,2PTL,K42G,gnn_global_s42,-1
-0.58,0.3738361299037933,2PTL,K55A,gnn_global_s42,-1
-0.35,0.4378208816051483,2PTL,K56A,gnn_global_s42,-1
0.09,0.6523475646972656,2PTL,K68A,gnn_global_s42,-1
0.45,0.6952987313270569,2PTL,K75A,gnn_global_s42,-1
3.12,1.349719524383545,2PTL,L24A,gnn_global_s42,-1
2.44,1.0972003936767578,2PTL,L54A,gnn_global_s42,-1
3.77,1.3015412092208862,2PTL,L72A,gnn_global_s42,-1
1.87,0.7793349027633667,2PTL,N23A,gnn_global_s42,-1
1.78,0.5309322476387024,2PTL,N28A,gnn_global_s42,-1
0.34,0.6315028071403503,2PTL,N58A,gnn_global_s42,-1
1.73,0.7543964982032776,2PTL,N73A,gnn_global_s42,-1
0.3,0.5567737817764282,2PTL,S30A,gnn_global_s42,-1
-0.41,0.7158485054969788,2PTL,S45A,gnn_global_s42,-1
0.82,0.7393293976783752,2PTL,S45G,gnn_global_s42,-1
1.63,0.6523100733757019,2PTL,T19A,gnn_global_s42,-1
1.17,0.6469208598136902,2PTL,T31A,gnn_global_s42,-1
1.11,0.781621515750885,2PTL,T33A,gnn_global_s42,-1
1.25,0.6628238558769226,2PTL,T39A,gnn_global_s42,-1
1.09,0.9600090384483336,2PTL,T44A,gnn_global_s42,-1
0.17,0.7439268827438354,2PTL,T53G,gnn_global_s42,-1
0.97,0.7001787424087524,2PTL,T62A,gnn_global_s42,-1
1.83,0.8663754463195801,2PTL,T71A,gnn_global_s42,-1
1.22,0.9129512906074524,2PTL,V18A,gnn_global_s42,-1
0.92,1.0223503112792969,2PTL,V63A,gnn_global_s42,-1
1.14,0.9049641489982604,2PTL,V65A,gnn_global_s42,-1
2.82,1.0370028018951416,2PTL,Y48A,gnn_global_s42,-1
2.46,1.119129657745361,2PTL,Y50A,gnn_global_s42,-1
1.66,0.9277467131614684,2PTL,Y70A,gnn_global_s42,-1
-0.43,0.7781909108161926,2PTL,Y70L,gnn_global_s42,-1
-1.05,0.8749157190322876,2RPN,E7L,gnn_global_s42,-1
-0.39,1.6126306056976318,2RPN,V21K,gnn_global_s42,-1
-0.3,0.7115604281425476,2WQG,D15A,gnn_global_s42,-1
-0.1,0.640970766544342,2WQG,D38A,gnn_global_s42,-1
2.2,0.7979268431663513,2WQG,D39A,gnn_global_s42,-1
2.6,0.9085997939109802,2WQG,D39N,gnn_global_s42,-1
0.1,0.7131178975105286,2WQG,E40Q,gnn_global_s42,-1
0.4,0.6448794007301331,2WQG,E41G,gnn_global_s42,-1
0.9,1.371373414993286,2WQG,I36A,gnn_global_s42,-1
0.3,1.2257089614868164,2WQG,I36V,gnn_global_s42,-1
0.4,1.0396850109100342,2WQG,K14A,gnn_global_s42,-1
1.9,1.0561721324920654,2WQG,K14G,gnn_global_s42,-1
0.3,0.6456834077835083,2WQG,K19A,gnn_global_s42,-1
0.6,1.1670559644699097,2WQG,K28A,gnn_global_s42,-1
0.5,1.831836223602295,2WQG,L13A,gnn_global_s42,-1
1.3,1.4699256420135498,2WQG,L16A,gnn_global_s42,-1
2.0,1.5606205463409424,2WQG,L8A,gnn_global_s42,-1
0.6,1.1147871017456057,2WQG,Q12A,gnn_global_s42,-1
2.0,1.1354131698608398,2WQG,Q12G,gnn_global_s42,-1
-0.1,0.7136088609695435,2WQG,Q33A,gnn_global_s42,-1
0.8,1.045726656913757,2WQG,R34A,gnn_global_s42,-1
0.6,0.8448546528816223,2WQG,S23A,gnn_global_s42,-1
-0.1,0.8581448197364807,2WQG,S6A,gnn_global_s42,-1
0.2,0.8601916432380676,2WQG,S6G,gnn_global_s42,-1
-0.1,1.390105962753296,2WQG,T9S,gnn_global_s42,-1
0.1,1.5594239234924316,2WQG,V10A,gnn_global_s42,-1
0.7,1.5724440813064575,2WQG,V10G,gnn_global_s42,-1
-0.4,1.370376706123352,2WQG,V11A,gnn_global_s42,-1
-0.1,1.3718793392181396,2WQG,V11G,gnn_global_s42,-1
0.5,1.274875283241272,2WQG,V24A,gnn_global_s42,-1
2.4,1.248619556427002,2WQG,Y5F,gnn_global_s42,-1
0.74,0.3412320911884308,2ZTA,E11Q,gnn_global_s42,-1
-0.2,0.426375538110733,2ZTA,E20Q,gnn_global_s42,-1
1.83,0.5778345465660095,2ZTA,E22Q,gnn_global_s42,-1
0.41,0.2506788074970245,2ZTA,K15A,gnn_global_s42,-1
0.91,1.1426647901535034,2ZTA,K27A,gnn_global_s42,-1
0.06,0.5300619006156921,2ZTA,K28A,gnn_global_s42,-1
0.39,0.5608620047569275,2ZTA,K8A,gnn_global_s42,-1
1.66,0.8585387468338013,2ZTA,R25A,gnn_global_s42,-1
1.506,1.1822092533111572,3BN0,I20V,gnn_global_s42,-1
-0.43,2.004462957382202,3C2I,F155S,gnn_global_s42,-1
-0.47,1.4347000122070312,3C2I,T158A,gnn_global_s42,-1
-0.25,1.436819314956665,3C2I,T158M,gnn_global_s42,-1
0.5,0.581366240978241,3FIS,P61A,gnn_global_s42,-1
-0.34,0.9758725762367249,3G1G,D155Y,gnn_global_s42,-1
0.74,1.6492369174957275,3G1G,F167Y,gnn_global_s42,-1
0.17,1.6955597400665283,3G1G,I190V,gnn_global_s42,-1
-1.32,1.171525955200195,3G1G,R185W,gnn_global_s42,-1
3.35,0.7400056719779968,3K82,E334L,gnn_global_s42,-1
1.68,0.8739429116249084,3K82,E334Q,gnn_global_s42,-1
-5.49,0.92141193151474,3K82,E401R,gnn_global_s42,-1
-1.194,0.7193078994750977,3MON,R39G,gnn_global_s42,-1
2.866,0.6844257712364197,3MON,W3C,gnn_global_s42,-1
3.25,1.0148601531982422,3O39,L32P,gnn_global_s42,-1
-2.03,0.9788340926170348,3S92,H395R,gnn_global_s42,-1
-0.574,0.388957530260086,4N6V,H75W,gnn_global_s42,-1
1.362,0.5230952501296997,4N6V,P36G,gnn_global_s42,-1
-1.745,0.4555742442607879,4N6V,P79S,gnn_global_s42,-1
0.71,1.1013805866241455,4YEE,V134T,gnn_global_s42,-1
0.93,0.7431913018226624,4YEF,T134V,gnn_global_s42,-1
1.44,0.5353136658668518,5JXB,D329G,gnn_global_s42,-1
1.44,0.5619423985481262,5JXB,D329P,gnn_global_s42,-1
1.8,1.1061551570892334,1A0F,S11A,gnn_global_s42,-1
2.69,1.2734363079071045,1A7V,A104H,gnn_global_s42,-1
1.98,1.310570478439331,1A7V,A66H,gnn_global_s42,-1
1.7,1.457020282745361,1A7V,A91H,gnn_global_s42,-1
1.36,1.0873935222625732,1A7V,D3H,gnn_global_s42,-1
2.05,1.0291597843170166,1A7V,D58H,gnn_global_s42,-1
3.01,1.0338618755340576,1A7V,E73H,gnn_global_s42,-1
0.6,1.039856195449829,1A7V,K13H,gnn_global_s42,-1
2.88,1.1622833013534546,1A7V,K20H,gnn_global_s42,-1
1.36,1.061754584312439,1A7V,K31H,gnn_global_s42,-1
1.86,1.2055962085723877,1A7V,K39H,gnn_global_s42,-1
2.02,1.2429450750350952,1A7V,K49H,gnn_global_s42,-1
2.88,1.2679802179336548,1A7V,K84H,gnn_global_s42,-1
1.97,1.1941184997558594,1A7V,K97H,gnn_global_s42,-1
0.821,0.9838770031929016,1BNL,D76A,gnn_global_s42,-1
0.46,0.6360751986503601,1DIV,D23A,gnn_global_s42,-1
0.58,0.6849009394645691,1DIV,D23N,gnn_global_s42,-1
0.3,0.6699171662330627,1DIV,D8N,gnn_global_s42,-1
0.98,0.6091994643211365,1DIV,E100A,gnn_global_s42,-1
1.52,0.6129059195518494,1DIV,E100G,gnn_global_s42,-1
0.21,0.7260395884513855,1DIV,E17Q,gnn_global_s42,-1
0.56,0.9089454412460328,1DIV,E38Q,gnn_global_s42,-1
-0.03,0.672862708568573,1DIV,E48Q,gnn_global_s42,-1
-0.33,0.5498644709587097,1DIV,E54Q,gnn_global_s42,-1
1.53,0.8518611788749695,1DIV,H106Q,gnn_global_s42,-1
3.52,1.03631591796875,1DIV,I115A,gnn_global_s42,-1
2.22,1.2422010898590088,1DIV,I4A,gnn_global_s42,-1
0.59,1.1863837242126465,1DIV,I4V,gnn_global_s42,-1
3.49,1.063942790031433,1DIV,I79A,gnn_global_s42,-1
3.19,1.11013925075531,1DIV,I93A,gnn_global_s42,-1
4.28,1.148270845413208,1DIV,I98A,gnn_global_s42,-1
-0.05,0.5999975204467773,1DIV,K10M,gnn_global_s42,-1
-0.01,0.537985622882843,1DIV,K14M,gnn_global_s42,-1
0.31,0.5659095644950867,1DIV,K15M,gnn_global_s42,-1
-0.35,0.7084190845489502,1DIV,K7M,gnn_global_s42,-1
-0.61,0.6611050367355347,1DIV,K96A,gnn_global_s42,-1
0.2,0.6653530597686768,1DIV,K96G,gnn_global_s42,-1
2.37,1.1288466453552246,1DIV,L102A,gnn_global_s42,-1
2.33,1.0045523643493652,1DIV,L108A,gnn_global_s42,-1
3.21,0.9886308312416076,1DIV,L110A,gnn_global_s42,-1
0.82,1.0145654678344729,1DIV,L117A,gnn_global_s42,-1
2.76,1.160420298576355,1DIV,L30A,gnn_global_s42,-1
3.62,1.1089837551116943,1DIV,L30V,gnn_global_s42,-1
3.1,0.9913747906684875,1DIV,L6A,gnn_global_s42,-1
0.13,0.9066914916038512,1DIV,L6I,gnn_global_s42,-1
0.41,0.9446420073509216,1DIV,L6V,gnn_global_s42,-1
3.77,0.9589187502861024,1DIV,L72A,gnn_global_s42,-1
1.46,0.993161141872406,1DIV,M1A,gnn_global_s42,-1
2.36,1.007219672203064,1DIV,M1G,gnn_global_s42,-1
2.33,1.126634120941162,1DIV,V21A,gnn_global_s42,-1
0.4,1.022202730178833,1DIV,V21I,gnn_global_s42,-1
1.23,1.0203824043273926,1DIV,V21L,gnn_global_s42,-1
2.55,1.2451469898223877,1DIV,V3A,gnn_global_s42,-1
0.31,1.1237941980361938,1DIV,V3I,gnn_global_s42,-1
2.21,1.1265411376953125,1DIV,V3L,gnn_global_s42,-1
3.7,0.4411085546016693,1DXX,K18N,gnn_global_s42,-1
-0.6,1.34924054145813,1FH5,S18N,gnn_global_s42,-1
1.38,1.3495893478393557,1FT8,L212V,gnn_global_s42,-1
0.35,1.2476000785827637,1FT8,L238I,gnn_global_s42,-1
-0.27,1.2652959823608398,1FT8,M216L,gnn_global_s42,-1
1.6,0.946391761302948,1GWY,A8D,gnn_global_s42,-1
3.3,0.5986678004264832,1ITM,C24T,gnn_global_s42,-1
5.0,0.4598328769207001,1ITM,C3T,gnn_global_s42,-1
-1.4,0.5192294716835022,1ITM,W91S,gnn_global_s42,-1
1.162,0.8031445145606995,1JLV,E64D,gnn_global_s42,-1
2.3040000000000003,0.7203627824783325,1JLV,E64N,gnn_global_s42,-1
2.302,0.704510509967804,1JLV,E64Q,gnn_global_s42,-1
-1.4,0.7370375990867615,1LVM,E106G,gnn_global_s42,-1
-0.43,0.921393096446991,1LVM,K45F,gnn_global_s42,-1
-0.0,1.142919659614563,1LVM,L56V,gnn_global_s42,-1
-0.6,0.9868422150611876,1LVM,Q58F,gnn_global_s42,-1
2.5,1.2555031776428225,1N18,E100G,gnn_global_s42,-1
1.4,1.4993559122085571,1N18,G85R,gnn_global_s42,-1
-1.4,1.4565436840057373,1N18,H46R,gnn_global_s42,-1
3.3,0.6771730780601501,1O1U,E110A,gnn_global_s42,-1
1.2,0.6309435963630676,1O1U,N61A,gnn_global_s42,-1
0.3,0.6634783148765564,1O1U,Q51A,gnn_global_s42,-1
-0.3,0.7701254487037659,1O1U,Q99A,gnn_global_s42,-1
1.2,0.7600749135017395,1O1U,T38A,gnn_global_s42,-1
1.2,0.8342405557632446,1O1U,W49Y,gnn_global_s42,-1
0.05,1.3636195659637451,1OSI,I11V,gnn_global_s42,-1
-0.39,1.327022910118103,1OSI,S92F,gnn_global_s42,-1
0.78,1.4611793756484983,1OSI,V15I,gnn_global_s42,-1
1.53,1.789728045463562,1PFL,A20T,gnn_global_s42,-1
1.96,1.250091314315796,1PFL,G117V,gnn_global_s42,-1
3.53,1.5687894821166992,1PFL,M113T,gnn_global_s42,-1
-0.07,1.4250736236572266,1PFL,T108M,gnn_global_s42,-1
0.3,0.7578915953636169,1PRG,Q286P,gnn_global_s42,-1
-0.06,0.8396466970443726,1PRG,R288H,gnn_global_s42,-1
-0.03,0.8579638004302979,1PRG,V290M,gnn_global_s42,-1
-0.8,1.6877790689468384,1SPD,C111S,gnn_global_s42,-1
-0.1,1.8031015396118164,1SPD,C6A,gnn_global_s42,-1
2.9,0.6793360114097595,1XWS,E124Q,gnn_global_s42,-1
4.59,0.7528972029685974,1XWS,E135K,gnn_global_s42,-1
3.22,0.7166839838027954,1XWS,E142D,gnn_global_s42,-1
3.3,0.9795004725456238,1XWS,Y53H,gnn_global_s42,-1
0.86,0.9533036351203918,1XXN,N32D,gnn_global_s42,-1
0.645,0.9313896298408508,1XXN,N54E,gnn_global_s42,-1
-0.239,0.8497114181518555,1XXN,S22E,gnn_global_s42,-1
0.645,1.0033948421478271,1XXN,S27E,gnn_global_s42,-1
-2.87,1.214470624923706,1XZO,F42W,gnn_global_s42,-1
2.89,1.2188324928283691,1XZO,W101F,gnn_global_s42,-1
8.93,1.2748197317123413,1XZO,W36A,gnn_global_s42,-1
4.25,1.219785213470459,1XZO,W36F,gnn_global_s42,-1
0.7170000000000001,1.4436428546905518,2ARF,H1069Q,gnn_global_s42,-1
-1.07,1.0410263538360596,2H3F,E12A,gnn_global_s42,-1
-1.536,0.8791254162788391,2JIE,H104R,gnn_global_s42,-1
0.209,0.8245164155960083,2JIE,Q22S,gnn_global_s42,-1
1.246,0.8961049318313599,2JIE,S17A,gnn_global_s42,-1
-0.951,0.8125813007354736,2JIE,S19A,gnn_global_s42,-1
0.994,0.9651617407798768,2JIE,T18A,gnn_global_s42,-1
-2.19,0.8015017509460449,2JIE,W123F,gnn_global_s42,-1
-1.06,0.8749693632125854,2JIE,W123H,gnn_global_s42,-1
3.443,0.9251589179039,2JIE,Y21A,gnn_global_s42,-1
-1.26,0.718217670917511,2KS4,D9A,gnn_global_s42,-1
0.23,0.8054346442222595,2KS4,E2A,gnn_global_s42,-1
1.57,1.4425216913223269,2LTB,L558P,gnn_global_s42,-1
3.11,1.6261847019195557,2LTB,L569R,gnn_global_s42,-1
3.34,1.308647394180298,2LTB,M619K,gnn_global_s42,-1
1.1,0.9786154627799988,2LTB,R533Q,gnn_global_s42,-1
0.36,1.1402204036712646,2LTB,R555Q,gnn_global_s42,-1
-1.79,1.0913370847702026,2LTB,R555W,gnn_global_s42,-1
4.0,1.2269296646118164,2M5S,D302A,gnn_global_s42,-1
2.0,1.4245178699493408,2M5S,H305A,gnn_global_s42,-1
2.3,0.8559280037879944,2NTE,R658C,gnn_global_s42,-1
-0.5,0.7611554861068726,2PR5,A33Y,gnn_global_s42,-1
0.4,0.8538131713867188,2PR5,A81M,gnn_global_s42,-1
-0.3,0.8416967988014221,2PR5,D109E,gnn_global_s42,-1
-0.3,0.6475025415420532,2PR5,H22K,gnn_global_s42,-1
-1.2,0.6050786375999451,2PR5,H22W,gnn_global_s42,-1
-2.9,0.8603193759918213,2PR5,M111F,gnn_global_s42,-1
-0.9,0.8070815205574036,2PR5,N107F,gnn_global_s42,-1
-0.8,0.827339231967926,2PR5,N107Y,gnn_global_s42,-1
-1.1,0.6335298418998718,2PR5,N124F,gnn_global_s42,-1
-2.6,0.6506891846656799,2PR5,N124Y,gnn_global_s42,-1
-0.5,0.9609453082084656,2PR5,T30M,gnn_global_s42,-1
0.5,0.9057337641716005,2PR5,T50M,gnn_global_s42,-1
-0.2,0.8037325739860535,2PR5,T54Y,gnn_global_s42,-1
-1.4,0.9365459084510804,2PR5,V120I,gnn_global_s42,-1
-0.4,0.8234395384788513,2PR5,V25I,gnn_global_s42,-1
0.2,0.941078007221222,2PR5,V88L,gnn_global_s42,-1
0.7,0.8667431473731995,2PR5,V90I,gnn_global_s42,-1
6.597,0.8193777203559875,2VY0,E53A,gnn_global_s42,-1
-1.369,0.7412610054016113,3BCI,E96Q,gnn_global_s42,-1
0.65,0.3198080062866211,3D3B,D118A,gnn_global_s42,-1
0.6,0.3960499465465545,3D3B,D118E,gnn_global_s42,-1
1.6,0.3588654994964599,3D3B,D118K,gnn_global_s42,-1
1.34,0.3597705364227295,3D3B,D118N,gnn_global_s42,-1
1.41,0.3435820043087005,3D3B,D118R,gnn_global_s42,-1
-0.8,1.4352163076400757,3ECU,H46R,gnn_global_s42,-1
1.3,0.7644340991973877,3S4M,D122Y,gnn_global_s42,-1
2.5,0.985869824886322,3S4M,G130V,gnn_global_s42,-1
-0.096,1.2601568698883057,3S4M,I154F,gnn_global_s42,-1
0.693,0.893282949924469,3S4M,W155R,gnn_global_s42,-1
-0.99,0.7019084095954895,4BJX,A89V,gnn_global_s42,-1
1.435,1.4770225286483765,4BUQ,Y48A,gnn_global_s42,-1
-0.1,0.8044438362121582,4WAA,K65A,gnn_global_s42,-1
2.07,0.7788088917732239,4WAA,K67A,gnn_global_s42,-1
0.44,0.6152955293655396,4WAA,R27A,gnn_global_s42,-1
-0.413,0.9123057723045348,5VP3,R39K,gnn_global_s42,-1
1.745,0.8429097533226013,1BA3,H461D,gnn_global_s42,-1
-0.287,0.7944676876068115,1BA3,H489D,gnn_global_s42,-1
0.287,0.7741143107414246,1BA3,H489K,gnn_global_s42,-1
0.263,0.7589777708053589,1BA3,H489M,gnn_global_s42,-1
1.81,0.8021863102912903,1DIV,V129A,gnn_global_s42,-1
0.455,0.7752978205680847,1F8I,F345A,gnn_global_s42,-1
-0.05,1.2544655799865725,1FT8,L349I,gnn_global_s42,-1
-0.0,1.026825785636902,1LVM,S135G,gnn_global_s42,-1
0.88,0.8327627182006836,1NM1,D187N,gnn_global_s42,-1
1.9,0.8306512832641602,1NM1,D187Y,gnn_global_s42,-1
2.4,0.8663262724876404,1PRE,C159S,gnn_global_s42,-1
4.2,0.97332102060318,1R2Y,R244E,gnn_global_s42,-1
-0.358,0.8435007929801941,1XXN,N181R,gnn_global_s42,-1
-3.02,1.1420706510543823,3D2A,M134E,gnn_global_s42,-1
-3.34,1.187492847442627,3D2A,M137P,gnn_global_s42,-1
-2.11,1.002372980117798,3D2A,S163P,gnn_global_s42,-1
2.99,0.3746035993099212,5OAQ,Y429H,gnn_global_s42,-1
0.7,0.6017087697982788,1BFM,M35W,gnn_local_s42,-1
0.4,0.6160653829574585,1BFM,M35Y,gnn_local_s42,-1
0.04,0.7905318737030029,1D5G,H71Y,gnn_local_s42,-1
-0.91,1.6582064628601074,1D5G,I20F,gnn_local_s42,-1
1.0,1.756407618522644,1EKG,L198C,gnn_local_s42,-1
2.0,1.690200924873352,1EKG,L200C,gnn_local_s42,-1
-1.0,1.3352820873260498,1EKG,L203C,gnn_local_s42,-1
2.6,0.47273650765419,1EKG,S181F,gnn_local_s42,-1
-4.0,0.7692170143127441,1FRD,H42R,gnn_local_s42,-1
1.1,1.041426658630371,1FXA,E94D,gnn_local_s42,-1
0.4,0.5262422561645508,1FXA,E94K,gnn_local_s42,-1
-0.6,0.871605396270752,1FXA,E94Q,gnn_local_s42,-1
-1.0,0.1891111731529235,1FXA,E95K,gnn_local_s42,-1
1.0,1.71178138256073,1FXA,F65A,gnn_local_s42,-1
0.9,1.088685393333435,1FXA,F65I,gnn_local_s42,-1
0.6,1.4509034156799316,1FXA,F65W,gnn_local_s42,-1
0.5,1.5108084678649902,1FXA,F65Y,gnn_local_s42,-1
2.4,0.5939228534698486,1FXA,R42A,gnn_local_s42,-1
1.4,0.5967252254486084,1FXA,R42H,gnn_local_s42,-1
-0.1,1.126842737197876,1FXA,T48A,gnn_local_s42,-1
1.22,2.1483287811279297,1GLU,C500A,gnn_local_s42,-1
1.963,1.9177311658859253,1GUA,A118G,gnn_local_s42,-1
1.951,1.116915941238403,1GUA,A118L,gnn_local_s42,-1
2.149,1.581494688987732,1GUA,A85G,gnn_local_s42,-1
0.863,1.3544738292694092,1GUA,A97G,gnn_local_s42,-1
-0.283,1.4519038200378418,1GUA,C81A,gnn_local_s42,-1
0.912,0.771453857421875,1GUA,C81I,gnn_local_s42,-1
0.08,0.5738093852996826,1GUA,C95A,gnn_local_s42,-1
1.759,1.7456889152526855,1GUA,C96A,gnn_local_s42,-1
0.043,1.1560903787612915,1GUA,C96L,gnn_local_s42,-1
0.337,1.4017146825790403,1GUA,C96M,gnn_local_s42,-1
0.706,0.0461301803588867,1GUA,D117A,gnn_local_s42,-1
0.855,0.3931476771831512,1GUA,D129A,gnn_local_s42,-1
0.493,0.0650027096271514,1GUA,D80A,gnn_local_s42,-1
-0.021,0.5628502368927002,1GUA,E104A,gnn_local_s42,-1
0.101,0.4290938079357147,1GUA,E124A,gnn_local_s42,-1
0.591,0.6377648115158081,1GUA,E125A,gnn_local_s42,-1
3.274,2.912993907928467,1GUA,I58A,gnn_local_s42,-1
1.2990000000000002,2.4571850299835205,1GUA,I58F,gnn_local_s42,-1
0.7709999999999999,2.3097639083862305,1GUA,I58L,gnn_local_s42,-1
0.327,0.4467428028583526,1GUA,K109A,gnn_local_s42,-1
2.593,1.4469929933547974,1GUA,L112A,gnn_local_s42,-1
2.5340000000000003,1.7731609344482422,1GUA,L121A,gnn_local_s42,-1
3.405,2.1201486587524414,1GUA,L126A,gnn_local_s42,-1
3.46,2.1838159561157227,1GUA,L62A,gnn_local_s42,-1
3.803,1.8890304565429688,1GUA,L78A,gnn_local_s42,-1
3.529,2.3807382583618164,1GUA,L82A,gnn_local_s42,-1
1.6,1.7480757236480713,1GUA,L82I,gnn_local_s42,-1
1.7,2.048090696334839,1GUA,L82V,gnn_local_s42,-1
3.2260000000000004,2.260800361633301,1GUA,L86A,gnn_local_s42,-1
1.575,1.8556426763534544,1GUA,L91A,gnn_local_s42,-1
0.961,0.7227646112442017,1GUA,M76A,gnn_local_s42,-1
-0.271,0.1573898643255233,1GUA,N56M,gnn_local_s42,-1
1.14,0.437212198972702,1GUA,N64A,gnn_local_s42,-1
1.7080000000000002,0.6430774927139282,1GUA,P63A,gnn_local_s42,-1
0.0819999999999999,0.3944667875766754,1GUA,P93A,gnn_local_s42,-1
0.504,0.5017281770706177,1GUA,Q66A,gnn_local_s42,-1
0.693,0.5213069915771484,1GUA,R100A,gnn_local_s42,-1
-0.178,0.548076868057251,1GUA,R59A,gnn_local_s42,-1
-1.078,0.4731017053127289,1GUA,R89L,gnn_local_s42,-1
1.5730000000000002,0.6177607774734497,1GUA,S77A,gnn_local_s42,-1
-0.581,0.7809363603591919,1GUA,S77T,gnn_local_s42,-1
0.109,0.8999156951904297,1GUA,T68A,gnn_local_s42,-1
3.3680000000000003,2.3428335189819336,1GUA,V128A,gnn_local_s42,-1
2.251,2.1838207244873047,1GUA,V60A,gnn_local_s42,-1
1.116,1.7116200923919678,1GUA,V69A,gnn_local_s42,-1
1.77,2.1898505687713623,1GUA,V70A,gnn_local_s42,-1
1.052,2.122265338897705,1GUA,V72A,gnn_local_s42,-1
0.8640000000000001,1.3384383916854858,1GUA,V72I,gnn_local_s42,-1
1.981,1.8006374835968018,1GUA,V98A,gnn_local_s42,-1
1.936,0.2850817739963531,1H0X,P18A,gnn_local_s42,-1
2.5810000000000004,0.4569622576236725,1H0X,P62A,gnn_local_s42,-1
2.09,2.0650665760040283,1HCQ,C67A,gnn_local_s42,-1
1.99,2.186907291412353,1HCQ,C67S,gnn_local_s42,-1
-0.4,1.2196084260940552,1IOJ,G15A,gnn_local_s42,-1
-0.5,1.3053672313690186,1IV7,A173C,gnn_local_s42,-1
2.5,2.037137031555176,1IV7,F189C,gnn_local_s42,-1
1.9,2.0344953536987305,1IV7,L162C,gnn_local_s42,-1
-4.299,0.4217249453067779,1IV9,S76Y,gnn_local_s42,-1
-0.1,0.6173903942108154,1J8I,K25A,gnn_local_s42,-1
-0.1,0.6781806945800781,1J8I,K66A,gnn_local_s42,-1
-0.8,0.6172186136245728,1J8I,R23A,gnn_local_s42,-1
0.1,0.7807774543762207,1J8I,R35A,gnn_local_s42,-1
-0.7,0.6764315366744995,1J8I,R43A,gnn_local_s42,-1
0.1,0.5549745559692383,1J8I,R9A,gnn_local_s42,-1
1.44,0.2020758390426635,1JL9,A25C,gnn_local_s42,-1
1.6969999999999998,2.3536198139190674,1L6H,F39A,gnn_local_s42,-1
0.55,1.2677795886993408,1L6H,Y45A,gnn_local_s42,-1
1.482,1.7709537744522097,1L6H,Y48A,gnn_local_s42,-1
1.39,1.983097076416016,1N88,F21A,gnn_local_s42,-1
1.39,2.798356771469116,1N88,I39A,gnn_local_s42,-1
2.79,1.827013731002808,1N88,I80A,gnn_local_s42,-1
2.35,2.210733413696289,1N88,I89A,gnn_local_s42,-1
1.52,2.3211429119110107,1N88,I8V,gnn_local_s42,-1
1.52,1.2394487857818604,1N88,L13A,gnn_local_s42,-1
1.11,1.2072300910949707,1N88,L57A,gnn_local_s42,-1
1.94,1.594420313835144,1N88,V12A,gnn_local_s42,-1
2.84,2.161691188812256,1N88,V30A,gnn_local_s42,-1
2.82,2.672752857208252,1N88,V43A,gnn_local_s42,-1
2.83,1.8088610172271729,1N88,V49A,gnn_local_s42,-1
3.24,1.7851577997207642,1N88,V51A,gnn_local_s42,-1
3.73,2.0078940391540527,1N88,V54A,gnn_local_s42,-1
2.82,2.6558661460876465,1N88,V81A,gnn_local_s42,-1
3.1,1.9466259479522705,1N88,V83A,gnn_local_s42,-1
-0.06,0.8670632839202881,1N88,Y18A,gnn_local_s42,-1
4.61,2.003515720367432,1N88,Y26A,gnn_local_s42,-1
1.2,0.9865882396697998,1O6X,A31G,gnn_local_s42,-1
1.4,1.3025553226470947,1O6X,A50G,gnn_local_s42,-1
-0.36,0.2608509361743927,1O6X,D38A,gnn_local_s42,-1
0.3,0.1099474728107452,1O6X,E14A,gnn_local_s42,-1
1.42,0.3730294406414032,1O6X,E20G,gnn_local_s42,-1
1.88,0.993911862373352,1O6X,F39L,gnn_local_s42,-1
0.98,1.4544984102249146,1O6X,F65A,gnn_local_s42,-1
0.61,0.4619543850421905,1O6X,H51A,gnn_local_s42,-1
0.43,1.9113348722457888,1O6X,I15V,gnn_local_s42,-1
-0.42,1.4057402610778809,1O6X,I23V,gnn_local_s42,-1
1.31,1.5396335124969482,1O6X,I71V,gnn_local_s42,-1
1.31,1.1788095235824585,1O6X,I75A,gnn_local_s42,-1
1.98,0.4515344202518463,1O6X,K41A,gnn_local_s42,-1
0.97,2.003366708755493,1O6X,L26V,gnn_local_s42,-1
0.08,0.7937729358673096,1O6X,N58A,gnn_local_s42,-1
0.49,0.5131069421768188,1O6X,Q60G,gnn_local_s42,-1
1.1,1.1838271617889404,1O6X,V12A,gnn_local_s42,-1
1.08,1.8986597061157229,1O6X,V52A,gnn_local_s42,-1
1.1,1.27425217628479,1O6X,V64G,gnn_local_s42,-1
2.78,0.5596500635147095,1O6X,Y73L,gnn_local_s42,-1
0.13,1.735238790512085,1R6R,I88N,gnn_local_s42,-1
2.81,1.758737325668335,1R6R,L50S,gnn_local_s42,-1
0.24,1.6007072925567627,1R6R,L54S,gnn_local_s42,-1
6.84,2.035309076309204,1R6R,L81N,gnn_local_s42,-1
4.493,1.89377760887146,2BJD,V84D,gnn_local_s42,-1
4.517,1.60844886302948,2BJD,V84P,gnn_local_s42,-1
2.103,1.18611478805542,2BJD,Y86E,gnn_local_s42,-1
0.012,2.3214645385742188,2C9Q,Y79F,gnn_local_s42,-1
1.233,2.239643096923828,2C9Q,Y79W,gnn_local_s42,-1
-0.12,0.5508996248245239,2CLR,H13F,gnn_local_s42,-1
-2.605,0.389217346906662,2CLR,H31F,gnn_local_s42,-1
1.912,0.3414450585842132,2CLR,H51F,gnn_local_s42,-1
2.629,1.27782940864563,2CLR,H84A,gnn_local_s42,-1
-0.89,1.1591641902923584,2DVV,Q443H,gnn_local_s42,-1
0.02,0.7877461910247803,2DVV,R419W,gnn_local_s42,-1
0.32,0.7552390098571777,2HBB,A22G,gnn_local_s42,-1
1.79,1.878968954086304,2HBB,A26G,gnn_local_s42,-1
1.55,1.947617053985596,2HBB,A36G,gnn_local_s42,-1
1.59,1.3270319700241089,2HBB,A39G,gnn_local_s42,-1
0.33,0.464784175157547,2HBB,A42G,gnn_local_s42,-1
0.55,0.833010196685791,2HBB,A46G,gnn_local_s42,-1
0.22,0.2448647320270538,2HBB,A49G,gnn_local_s42,-1
0.03,-0.1998053640127182,2HBB,D23A,gnn_local_s42,-1
0.79,-0.0881039500236511,2HBB,D23N,gnn_local_s42,-1
1.3,0.0919542014598846,2HBB,D8A,gnn_local_s42,-1
0.38,0.1263168454170227,2HBB,D8N,gnn_local_s42,-1
1.69,0.0972423255443573,2HBB,E17A,gnn_local_s42,-1
0.33,0.0758354365825653,2HBB,E17Q,gnn_local_s42,-1
0.41,0.5211070775985718,2HBB,E38A,gnn_local_s42,-1
0.68,0.8357568979263306,2HBB,E38Q,gnn_local_s42,-1
-0.07,0.0539093017578125,2HBB,E48Q,gnn_local_s42,-1
2.84,1.572116494178772,2HBB,F31A,gnn_local_s42,-1
1.15,1.3084057569503784,2HBB,F5L,gnn_local_s42,-1
-0.02,0.0319510325789451,2HBB,G24A,gnn_local_s42,-1
1.02,0.5895144939422607,2HBB,G34A,gnn_local_s42,-1
2.05,1.1604909896850586,2HBB,I18A,gnn_local_s42,-1
0.07,0.6433051824569702,2HBB,I18V,gnn_local_s42,-1
1.28,2.0030717849731445,2HBB,I37A,gnn_local_s42,-1
-0.09,1.6350606679916382,2HBB,I37V,gnn_local_s42,-1
0.59,1.5952376127243042,2HBB,I4V,gnn_local_s42,-1
-0.13,0.2763239741325378,2HBB,K10E,gnn_local_s42,-1
-0.47,-0.2162202894687652,2HBB,K10M,gnn_local_s42,-1
-0.61,0.7681363821029663,2HBB,K12A,gnn_local_s42,-1
-0.03,1.104728937149048,2HBB,K12G,gnn_local_s42,-1
-1.8,0.4975962936878204,2HBB,K12M,gnn_local_s42,-1
0.73,0.1299312859773636,2HBB,K14A,gnn_local_s42,-1
1.3,0.1434762328863144,2HBB,K14G,gnn_local_s42,-1
0.34,-0.1688809096813202,2HBB,K14M,gnn_local_s42,-1
1.74,0.2554558217525482,2HBB,K15G,gnn_local_s42,-1
0.44,-0.0433540940284729,2HBB,K15M,gnn_local_s42,-1
-0.21,0.0863893628120422,2HBB,K7M,gnn_local_s42,-1
2.76,2.240575075149536,2HBB,L30A,gnn_local_s42,-1
1.21,1.7181596755981443,2HBB,L35A,gnn_local_s42,-1
1.73,1.5249791145324707,2HBB,L44A,gnn_local_s42,-1
0.84,1.7505168914794922,2HBB,L47A,gnn_local_s42,-1
3.1,1.5996421575546265,2HBB,L6A,gnn_local_s42,-1
1.46,1.0011565685272217,2HBB,M1A,gnn_local_s42,-1
0.8,0.3145895898342132,2HBB,T40S,gnn_local_s42,-1
2.33,1.7421119213104248,2HBB,V21A,gnn_local_s42,-1
2.55,2.095289707183838,2HBB,V3A,gnn_local_s42,-1
1.81,1.4483025074005127,2HBB,V9A,gnn_local_s42,-1
2.54,1.2473350763320925,2JUC,C57D,gnn_local_s42,-1
0.71,0.8631492853164673,2JUC,C57S,gnn_local_s42,-1
1.75,0.6673357486724854,2JUC,R18A,gnn_local_s42,-1
-1.2,0.3258784711360931,2KJ3,D288A,gnn_local_s42,-1
-1.9,0.2014409601688385,2KJ3,E272A,gnn_local_s42,-1
0.8,0.9648245573043824,2KJ3,G278A,gnn_local_s42,-1
-1.5,0.2993685007095337,2KJ3,K229A,gnn_local_s42,-1
-1.0,1.8858672380447388,2KJ3,L241A,gnn_local_s42,-1
-1.4,0.938287615776062,2KJ3,S273A,gnn_local_s42,-1
-1.0,1.940678119659424,2KJ3,V239A,gnn_local_s42,-1
-1.0,1.7341771125793457,2KJ3,V264A,gnn_local_s42,-1
-0.2,2.118988275527954,2KJ3,V267A,gnn_local_s42,-1
0.24,1.08329176902771,2MPC,A89T,gnn_local_s42,-1
-0.62,0.2346899211406707,2MPC,R42A,gnn_local_s42,-1
-2.08,0.1612432301044464,2MPC,R42W,gnn_local_s42,-1
0.6,0.4868910610675812,2N7Z,P88A,gnn_local_s42,-1
-0.44,1.7266854047775269,2OUO,A420D,gnn_local_s42,-1
2.43,1.870150685310364,2PTL,A22G,gnn_local_s42,-1
-0.1,0.7868324518203735,2PTL,A27P,gnn_local_s42,-1
0.83,0.0844009816646575,2PTL,A27V,gnn_local_s42,-1
2.17,1.4121254682540894,2PTL,A34G,gnn_local_s42,-1
-1.47,0.7614426612854004,2PTL,A34V,gnn_local_s42,-1
2.54,1.654670476913452,2PTL,A43G,gnn_local_s42,-1
3.1,1.9537932872772217,2PTL,A47G,gnn_local_s42,-1
1.32,0.8793213367462158,2PTL,A49G,gnn_local_s42,-1
3.12,1.7418062686920166,2PTL,A51G,gnn_local_s42,-1
0.49,0.4712933003902435,2PTL,A66G,gnn_local_s42,-1
1.21,0.0505158007144928,2PTL,D52A,gnn_local_s42,-1
2.14,0.236351877450943,2PTL,D52G,gnn_local_s42,-1
0.2,-0.0601569414138793,2PTL,D64A,gnn_local_s42,-1
0.59,0.0497983992099761,2PTL,E35A,gnn_local_s42,-1
1.19,0.427737146615982,2PTL,E46G,gnn_local_s42,-1
1.08,-0.1001629680395126,2PTL,E46I,gnn_local_s42,-1
0.23,0.1188904941082,2PTL,E60A,gnn_local_s42,-1
3.12,1.973670482635498,2PTL,F26A,gnn_local_s42,-1
0.68,1.3264820575714111,2PTL,F26L,gnn_local_s42,-1
4.15,1.2022106647491455,2PTL,F36A,gnn_local_s42,-1
3.12,0.7375277280807495,2PTL,F36L,gnn_local_s42,-1
3.08,1.7843480110168457,2PTL,F40G,gnn_local_s42,-1
0.38,0.8776718378067017,2PTL,F40L,gnn_local_s42,-1
3.34,1.4085779190063477,2PTL,F76L,gnn_local_s42,-1
3.73,1.497326135635376,2PTL,F76V,gnn_local_s42,-1
1.52,0.0078872442245483,2PTL,G29A,gnn_local_s42,-1
2.53,-0.1291089057922363,2PTL,G29V,gnn_local_s42,-1
2.08,0.6286771297454834,2PTL,G38A,gnn_local_s42,-1
2.23,0.4859925210475921,2PTL,G59A,gnn_local_s42,-1
2.04,0.3845546543598175,2PTL,G69A,gnn_local_s42,-1
4.9,2.3260717391967773,2PTL,I20A,gnn_local_s42,-1
0.56,1.8930578231811523,2PTL,I20V,gnn_local_s42,-1
1.37,1.464975357055664,2PTL,I25A,gnn_local_s42,-1
0.47,0.8993959426879883,2PTL,I25V,gnn_local_s42,-1
4.72,2.001708984375,2PTL,I74A,gnn_local_s42,-1
1.69,1.6189028024673462,2PTL,I74V,gnn_local_s42,-1
0.92,1.1731045246124268,2PTL,K21A,gnn_local_s42,-1
0.88,0.4442673027515411,2PTL,K37A,gnn_local_s42,-1
-0.16,0.7123311758041382,2PTL,K42G,gnn_local_s42,-1
-0.58,0.7332761287689209,2PTL,K55A,gnn_local_s42,-1
-0.35,0.111203521490097,2PTL,K56A,gnn_local_s42,-1
0.09,0.317679226398468,2PTL,K68A,gnn_local_s42,-1
0.45,0.5394890308380127,2PTL,K75A,gnn_local_s42,-1
3.12,2.3369102478027344,2PTL,L24A,gnn_local_s42,-1
2.44,1.590816617012024,2PTL,L54A,gnn_local_s42,-1
3.77,1.8510560989379885,2PTL,L72A,gnn_local_s42,-1
1.87,0.7125644683837891,2PTL,N23A,gnn_local_s42,-1
1.78,0.0843665301799774,2PTL,N28A,gnn_local_s42,-1
0.34,0.7894916534423828,2PTL,N58A,gnn_local_s42,-1
1.73,0.5268175601959229,2PTL,N73A,gnn_local_s42,-1
0.3,0.3242668509483337,2PTL,S30A,gnn_local_s42,-1
-0.41,0.5049175024032593,2PTL,S45A,gnn_local_s42,-1
0.82,0.7518690824508667,2PTL,S45G,gnn_local_s42,-1
1.63,0.8465826511383057,2PTL,T19A,gnn_local_s42,-1
1.17,0.2509059011936188,2PTL,T31A,gnn_local_s42,-1
1.11,0.4912611544132232,2PTL,T33A,gnn_local_s42,-1
1.25,0.4343275725841522,2PTL,T39A,gnn_local_s42,-1
1.09,1.0236905813217163,2PTL,T44A,gnn_local_s42,-1
0.17,0.3719834983348846,2PTL,T53G,gnn_local_s42,-1
0.97,-0.1775698959827423,2PTL,T62A,gnn_local_s42,-1
1.83,1.0975486040115356,2PTL,T71A,gnn_local_s42,-1
1.22,1.5671697854995728,2PTL,V18A,gnn_local_s42,-1
0.92,0.7220973968505859,2PTL,V63A,gnn_local_s42,-1
1.14,0.5967210531234741,2PTL,V65A,gnn_local_s42,-1
2.82,1.0965057611465454,2PTL,Y48A,gnn_local_s42,-1
2.46,1.2731616497039795,2PTL,Y50A,gnn_local_s42,-1
1.66,1.4362564086914062,2PTL,Y70A,gnn_local_s42,-1
-0.43,0.895074725151062,2PTL,Y70L,gnn_local_s42,-1
-1.05,0.2659517228603363,2RPN,E7L,gnn_local_s42,-1
-0.39,0.9888043403625488,2RPN,V21K,gnn_local_s42,-1
-0.3,0.6963317394256592,2WQG,D15A,gnn_local_s42,-1
-0.1,0.7071624994277954,2WQG,D38A,gnn_local_s42,-1
2.2,0.9622602462768556,2WQG,D39A,gnn_local_s42,-1
2.6,1.156195878982544,2WQG,D39N,gnn_local_s42,-1
0.1,0.6192351579666138,2WQG,E40Q,gnn_local_s42,-1
0.4,0.8796674013137817,2WQG,E41G,gnn_local_s42,-1
0.9,1.6043245792388916,2WQG,I36A,gnn_local_s42,-1
0.3,1.1264094114303589,2WQG,I36V,gnn_local_s42,-1
0.4,1.0567842721939087,2WQG,K14A,gnn_local_s42,-1
1.9,1.4230623245239258,2WQG,K14G,gnn_local_s42,-1
0.3,0.7531658411026001,2WQG,K19A,gnn_local_s42,-1
0.6,1.3387819528579712,2WQG,K28A,gnn_local_s42,-1
0.5,2.450498580932617,2WQG,L13A,gnn_local_s42,-1
1.3,1.8597955703735352,2WQG,L16A,gnn_local_s42,-1
2.0,1.7608191967010498,2WQG,L8A,gnn_local_s42,-1
0.6,0.8365697860717773,2WQG,Q12A,gnn_local_s42,-1
2.0,1.000760793685913,2WQG,Q12G,gnn_local_s42,-1
-0.1,0.7629514932632446,2WQG,Q33A,gnn_local_s42,-1
0.8,1.310217261314392,2WQG,R34A,gnn_local_s42,-1
0.6,0.839057445526123,2WQG,S23A,gnn_local_s42,-1
-0.1,0.3117577135562897,2WQG,S6A,gnn_local_s42,-1
0.2,0.5087164640426636,2WQG,S6G,gnn_local_s42,-1
-0.1,1.011622667312622,2WQG,T9S,gnn_local_s42,-1
0.1,1.6857491731643677,2WQG,V10A,gnn_local_s42,-1
0.7,2.143282651901245,2WQG,V10G,gnn_local_s42,-1
-0.4,1.1793112754821775,2WQG,V11A,gnn_local_s42,-1
-0.1,1.681622862815857,2WQG,V11G,gnn_local_s42,-1
0.5,1.7154481410980225,2WQG,V24A,gnn_local_s42,-1
2.4,1.4521479606628418,2WQG,Y5F,gnn_local_s42,-1
0.74,0.3961130380630493,2ZTA,E11Q,gnn_local_s42,-1
-0.2,0.4627949893474579,2ZTA,E20Q,gnn_local_s42,-1
1.83,0.6226009130477905,2ZTA,E22Q,gnn_local_s42,-1
0.41,0.6182140111923218,2ZTA,K15A,gnn_local_s42,-1
0.91,0.6134402751922607,2ZTA,K27A,gnn_local_s42,-1
0.06,0.40753373503685,2ZTA,K28A,gnn_local_s42,-1
0.39,0.5088783502578735,2ZTA,K8A,gnn_local_s42,-1
1.66,0.4974375069141388,2ZTA,R25A,gnn_local_s42,-1
1.506,1.8965611457824707,3BN0,I20V,gnn_local_s42,-1
-0.43,2.256526470184326,3C2I,F155S,gnn_local_s42,-1
-0.47,1.0026953220367432,3C2I,T158A,gnn_local_s42,-1
-0.25,0.6877437829971313,3C2I,T158M,gnn_local_s42,-1
0.5,0.1677213013172149,3FIS,P61A,gnn_local_s42,-1
-0.34,-0.2969807982444763,3G1G,D155Y,gnn_local_s42,-1
0.74,2.2582898139953613,3G1G,F167Y,gnn_local_s42,-1
0.17,1.708532691001892,3G1G,I190V,gnn_local_s42,-1
-1.32,0.5649815797805786,3G1G,R185W,gnn_local_s42,-1
3.35,0.3360210061073303,3K82,E334L,gnn_local_s42,-1
1.68,0.8417506217956543,3K82,E334Q,gnn_local_s42,-1
-5.49,0.1785809099674224,3K82,E401R,gnn_local_s42,-1
-1.194,0.0360569432377815,3MON,R39G,gnn_local_s42,-1
2.866,-0.090926244854927,3MON,W3C,gnn_local_s42,-1
3.25,1.7997232675552368,3O39,L32P,gnn_local_s42,-1
-2.03,0.9244874715805054,3S92,H395R,gnn_local_s42,-1
-0.574,0.0430788993835449,4N6V,H75W,gnn_local_s42,-1
1.362,0.2286361753940582,4N6V,P36G,gnn_local_s42,-1
-1.745,0.0151402354240417,4N6V,P79S,gnn_local_s42,-1
0.71,1.400691270828247,4YEE,V134T,gnn_local_s42,-1
0.93,0.2775574326515198,4YEF,T134V,gnn_local_s42,-1
1.44,0.062148779630661,5JXB,D329G,gnn_local_s42,-1
1.44,0.2286507487297058,5JXB,D329P,gnn_local_s42,-1
1.8,1.142051100730896,1A0F,S11A,gnn_local_s42,-1
2.69,0.5062507390975952,1A7V,A104H,gnn_local_s42,-1
1.98,0.3868268430233001,1A7V,A66H,gnn_local_s42,-1
1.7,1.552340030670166,1A7V,A91H,gnn_local_s42,-1
1.36,0.286641389131546,1A7V,D3H,gnn_local_s42,-1
2.05,0.247674286365509,1A7V,D58H,gnn_local_s42,-1
3.01,0.3561853468418121,1A7V,E73H,gnn_local_s42,-1
0.6,0.3698203265666961,1A7V,K13H,gnn_local_s42,-1
2.88,0.5015041828155518,1A7V,K20H,gnn_local_s42,-1
1.36,0.5353403091430664,1A7V,K31H,gnn_local_s42,-1
1.86,0.2021534442901611,1A7V,K39H,gnn_local_s42,-1
2.02,0.4736179411411285,1A7V,K49H,gnn_local_s42,-1
2.88,0.8664849996566772,1A7V,K84H,gnn_local_s42,-1
1.97,0.6538569927215576,1A7V,K97H,gnn_local_s42,-1
0.821,0.5256986618041992,1BNL,D76A,gnn_local_s42,-1
0.46,-0.1659881770610809,1DIV,D23A,gnn_local_s42,-1
0.58,-0.0248647853732109,1DIV,D23N,gnn_local_s42,-1
0.3,0.056193321943283,1DIV,D8N,gnn_local_s42,-1
0.98,-0.0429224148392677,1DIV,E100A,gnn_local_s42,-1
1.52,0.096673846244812,1DIV,E100G,gnn_local_s42,-1
0.21,0.2532494366168976,1DIV,E17Q,gnn_local_s42,-1
0.56,0.7092325687408447,1DIV,E38Q,gnn_local_s42,-1
-0.03,0.3731937110424042,1DIV,E48Q,gnn_local_s42,-1
-0.33,0.0013244003057479,1DIV,E54Q,gnn_local_s42,-1
1.53,0.9647891521453856,1DIV,H106Q,gnn_local_s42,-1
3.52,1.3561254739761353,1DIV,I115A,gnn_local_s42,-1
2.22,1.99494218826294,1DIV,I4A,gnn_local_s42,-1
0.59,1.560081958770752,1DIV,I4V,gnn_local_s42,-1
3.49,1.6451400518417358,1DIV,I79A,gnn_local_s42,-1
3.19,1.7545921802520752,1DIV,I93A,gnn_local_s42,-1
4.28,2.0373854637146,1DIV,I98A,gnn_local_s42,-1
-0.05,-0.0884782820940017,1DIV,K10M,gnn_local_s42,-1
-0.01,-0.0745927542448043,1DIV,K14M,gnn_local_s42,-1
0.31,0.0252414047718048,1DIV,K15M,gnn_local_s42,-1
-0.35,-0.1851377189159393,1DIV,K7M,gnn_local_s42,-1
-0.61,0.0699098706245422,1DIV,K96A,gnn_local_s42,-1
0.2,0.2961428463459015,1DIV,K96G,gnn_local_s42,-1
2.37,2.158920764923096,1DIV,L102A,gnn_local_s42,-1
2.33,1.3370182514190674,1DIV,L108A,gnn_local_s42,-1
3.21,1.064527988433838,1DIV,L110A,gnn_local_s42,-1
0.82,0.9499751329421996,1DIV,L117A,gnn_local_s42,-1
2.76,1.9543108940124512,1DIV,L30A,gnn_local_s42,-1
3.62,1.4649598598480225,1DIV,L30V,gnn_local_s42,-1
3.1,0.9792187213897704,1DIV,L6A,gnn_local_s42,-1
0.13,0.2637866139411926,1DIV,L6I,gnn_local_s42,-1
0.41,0.5077648162841797,1DIV,L6V,gnn_local_s42,-1
3.77,1.375654935836792,1DIV,L72A,gnn_local_s42,-1
1.46,1.3431202173233032,1DIV,M1A,gnn_local_s42,-1
2.36,1.7377164363861084,1DIV,M1G,gnn_local_s42,-1
2.33,1.6706172227859497,1DIV,V21A,gnn_local_s42,-1
0.4,0.86749267578125,1DIV,V21I,gnn_local_s42,-1
1.23,0.9965943098068236,1DIV,V21L,gnn_local_s42,-1
2.55,2.0629897117614746,1DIV,V3A,gnn_local_s42,-1
0.31,1.3000731468200684,1DIV,V3I,gnn_local_s42,-1
2.21,1.4138827323913574,1DIV,V3L,gnn_local_s42,-1
3.7,0.5179556608200073,1DXX,K18N,gnn_local_s42,-1
-0.6,1.4661872386932373,1FH5,S18N,gnn_local_s42,-1
1.38,1.4380855560302734,1FT8,L212V,gnn_local_s42,-1
0.35,0.6934607028961182,1FT8,L238I,gnn_local_s42,-1
-0.27,0.7703932523727417,1FT8,M216L,gnn_local_s42,-1
1.6,1.4762415885925293,1GWY,A8D,gnn_local_s42,-1
3.3,1.5814396142959597,1ITM,C24T,gnn_local_s42,-1
5.0,0.1085922420024871,1ITM,C3T,gnn_local_s42,-1
-1.4,0.6592197418212891,1ITM,W91S,gnn_local_s42,-1
1.162,0.3811540305614471,1JLV,E64D,gnn_local_s42,-1
2.3040000000000003,0.3784064352512359,1JLV,E64N,gnn_local_s42,-1
2.302,0.3003207147121429,1JLV,E64Q,gnn_local_s42,-1
-1.4,0.5034065246582031,1LVM,E106G,gnn_local_s42,-1
-0.43,0.1604666262865066,1LVM,K45F,gnn_local_s42,-1
-0.0,0.6568163633346558,1LVM,L56V,gnn_local_s42,-1
-0.6,-0.2055588811635971,1LVM,Q58F,gnn_local_s42,-1
2.5,0.4597313106060028,1N18,E100G,gnn_local_s42,-1
1.4,1.0069608688354492,1N18,G85R,gnn_local_s42,-1
-1.4,1.0401266813278198,1N18,H46R,gnn_local_s42,-1
3.3,0.2837731540203094,1O1U,E110A,gnn_local_s42,-1
1.2,0.6691203117370605,1O1U,N61A,gnn_local_s42,-1
0.3,0.4743554294109344,1O1U,Q51A,gnn_local_s42,-1
-0.3,0.743545651435852,1O1U,Q99A,gnn_local_s42,-1
1.2,0.8836501836776733,1O1U,T38A,gnn_local_s42,-1
1.2,1.5917820930480957,1O1U,W49Y,gnn_local_s42,-1
0.05,0.629702091217041,1OSI,I11V,gnn_local_s42,-1
-0.39,0.7038558721542358,1OSI,S92F,gnn_local_s42,-1
0.78,0.7490261793136597,1OSI,V15I,gnn_local_s42,-1
1.53,2.479087352752685,1PFL,A20T,gnn_local_s42,-1
1.96,0.5110441446304321,1PFL,G117V,gnn_local_s42,-1
3.53,2.345921039581299,1PFL,M113T,gnn_local_s42,-1
-0.07,0.6102555990219116,1PFL,T108M,gnn_local_s42,-1
0.3,0.4535192549228668,1PRG,Q286P,gnn_local_s42,-1
-0.06,0.4811006486415863,1PRG,R288H,gnn_local_s42,-1
-0.03,1.1012825965881348,1PRG,V290M,gnn_local_s42,-1
-0.8,1.1575418710708618,1SPD,C111S,gnn_local_s42,-1
-0.1,1.657365322113037,1SPD,C6A,gnn_local_s42,-1
2.9,0.7185239791870117,1XWS,E124Q,gnn_local_s42,-1
4.59,0.4161116182804107,1XWS,E135K,gnn_local_s42,-1
3.22,0.6637799739837646,1XWS,E142D,gnn_local_s42,-1
3.3,0.9928970336914062,1XWS,Y53H,gnn_local_s42,-1
0.86,0.7185699939727783,1XXN,N32D,gnn_local_s42,-1
0.645,0.6078375577926636,1XXN,N54E,gnn_local_s42,-1
-0.239,0.7099448442459106,1XXN,S22E,gnn_local_s42,-1
0.645,1.3395482301712036,1XXN,S27E,gnn_local_s42,-1
-2.87,0.8558216094970703,1XZO,F42W,gnn_local_s42,-1
2.89,1.4961249828338623,1XZO,W101F,gnn_local_s42,-1
8.93,1.209249496459961,1XZO,W36A,gnn_local_s42,-1
4.25,0.7483289241790771,1XZO,W36F,gnn_local_s42,-1
0.7170000000000001,1.0360538959503174,2ARF,H1069Q,gnn_local_s42,-1
-1.07,0.3558821380138397,2H3F,E12A,gnn_local_s42,-1
-1.536,0.4499013721942901,2JIE,H104R,gnn_local_s42,-1
0.209,-0.2465182244777679,2JIE,Q22S,gnn_local_s42,-1
1.246,0.4867412149906158,2JIE,S17A,gnn_local_s42,-1
-0.951,0.2561563849449157,2JIE,S19A,gnn_local_s42,-1
0.994,0.3158853352069855,2JIE,T18A,gnn_local_s42,-1
-2.19,-0.0060668215155601,2JIE,W123F,gnn_local_s42,-1
-1.06,0.1769672334194183,2JIE,W123H,gnn_local_s42,-1
3.443,1.300605058670044,2JIE,Y21A,gnn_local_s42,-1
-1.26,0.3441893756389618,2KS4,D9A,gnn_local_s42,-1
0.23,0.5023102760314941,2KS4,E2A,gnn_local_s42,-1
1.57,1.8854247331619265,2LTB,L558P,gnn_local_s42,-1
3.11,2.109647512435913,2LTB,L569R,gnn_local_s42,-1
3.34,0.7113962173461914,2LTB,M619K,gnn_local_s42,-1
1.1,0.519574761390686,2LTB,R533Q,gnn_local_s42,-1
0.36,1.0206907987594604,2LTB,R555Q,gnn_local_s42,-1
-1.79,0.510361909866333,2LTB,R555W,gnn_local_s42,-1
4.0,0.3762196898460388,2M5S,D302A,gnn_local_s42,-1
2.0,1.3389477729797363,2M5S,H305A,gnn_local_s42,-1
2.3,0.4827410280704498,2NTE,R658C,gnn_local_s42,-1
-0.5,0.0801793783903122,2PR5,A33Y,gnn_local_s42,-1
0.4,0.8986493349075317,2PR5,A81M,gnn_local_s42,-1
-0.3,0.7130745649337769,2PR5,D109E,gnn_local_s42,-1
-0.3,0.0514333397150039,2PR5,H22K,gnn_local_s42,-1
-1.2,-0.0895999073982238,2PR5,H22W,gnn_local_s42,-1
-2.9,0.5732815265655518,2PR5,M111F,gnn_local_s42,-1
-0.9,0.1445993781089782,2PR5,N107F,gnn_local_s42,-1
-0.8,0.1618747562170028,2PR5,N107Y,gnn_local_s42,-1
-1.1,0.2543282210826874,2PR5,N124F,gnn_local_s42,-1
-2.6,0.3995371758937835,2PR5,N124Y,gnn_local_s42,-1
-0.5,1.3511348962783811,2PR5,T30M,gnn_local_s42,-1
0.5,1.295555830001831,2PR5,T50M,gnn_local_s42,-1
-0.2,0.4881426393985748,2PR5,T54Y,gnn_local_s42,-1
-1.4,0.4086750447750091,2PR5,V120I,gnn_local_s42,-1
-0.4,0.9000536203384399,2PR5,V25I,gnn_local_s42,-1
0.2,1.119143843650818,2PR5,V88L,gnn_local_s42,-1
0.7,0.6451401710510254,2PR5,V90I,gnn_local_s42,-1
6.597,0.2546238005161285,2VY0,E53A,gnn_local_s42,-1
-1.369,0.7916625738143921,3BCI,E96Q,gnn_local_s42,-1
0.65,0.1589001715183258,3D3B,D118A,gnn_local_s42,-1
0.6,0.3621775209903717,3D3B,D118E,gnn_local_s42,-1
1.6,0.1773305535316467,3D3B,D118K,gnn_local_s42,-1
1.34,0.2218574583530426,3D3B,D118N,gnn_local_s42,-1
1.41,0.1101000756025314,3D3B,D118R,gnn_local_s42,-1
-0.8,0.9255013465881348,3ECU,H46R,gnn_local_s42,-1
1.3,0.4041195511817932,3S4M,D122Y,gnn_local_s42,-1
2.5,0.4707794487476349,3S4M,G130V,gnn_local_s42,-1
-0.096,1.1896474361419678,3S4M,I154F,gnn_local_s42,-1
0.693,0.8783136606216431,3S4M,W155R,gnn_local_s42,-1
-0.99,0.5141342878341675,4BJX,A89V,gnn_local_s42,-1
1.435,1.03104829788208,4BUQ,Y48A,gnn_local_s42,-1
-0.1,0.8240165710449219,4WAA,K65A,gnn_local_s42,-1
2.07,0.7244894504547119,4WAA,K67A,gnn_local_s42,-1
0.44,0.6106885671615601,4WAA,R27A,gnn_local_s42,-1
-0.413,0.4914267361164093,5VP3,R39K,gnn_local_s42,-1
1.745,0.7685459852218628,1BA3,H461D,gnn_local_s42,-1
-0.287,0.6072769165039062,1BA3,H489D,gnn_local_s42,-1
0.287,0.4153114855289459,1BA3,H489K,gnn_local_s42,-1
0.263,-0.1098682135343551,1BA3,H489M,gnn_local_s42,-1
1.81,0.6502211093902588,1DIV,V129A,gnn_local_s42,-1
0.455,1.149810791015625,1F8I,F345A,gnn_local_s42,-1
-0.05,0.7751071453094482,1FT8,L349I,gnn_local_s42,-1
-0.0,0.4822380840778351,1LVM,S135G,gnn_local_s42,-1
0.88,0.4936403334140777,1NM1,D187N,gnn_local_s42,-1
1.9,0.2873322069644928,1NM1,D187Y,gnn_local_s42,-1
2.4,1.1088250875473022,1PRE,C159S,gnn_local_s42,-1
4.2,0.9917495250701904,1R2Y,R244E,gnn_local_s42,-1
-0.358,0.5395009517669678,1XXN,N181R,gnn_local_s42,-1
-3.02,0.9886202812194824,3D2A,M134E,gnn_local_s42,-1
-3.34,0.709784746170044,3D2A,M137P,gnn_local_s42,-1
-2.11,0.3426072299480438,3D2A,S163P,gnn_local_s42,-1
2.99,0.5646148920059204,5OAQ,Y429H,gnn_local_s42,-1
0.7,0.8974930047988892,1BFM,M35W,gnn_local_blosum_s42,-1
0.4,0.8586134314537048,1BFM,M35Y,gnn_local_blosum_s42,-1
0.04,0.9466918110847472,1D5G,H71Y,gnn_local_blosum_s42,-1
-0.91,1.9094915390014648,1D5G,I20F,gnn_local_blosum_s42,-1
1.0,1.7992969751358032,1EKG,L198C,gnn_local_blosum_s42,-1
2.0,1.84251070022583,1EKG,L200C,gnn_local_blosum_s42,-1
-1.0,1.3991549015045166,1EKG,L203C,gnn_local_blosum_s42,-1
2.6,0.4995450675487518,1EKG,S181F,gnn_local_blosum_s42,-1
-4.0,0.9648304581642152,1FRD,H42R,gnn_local_blosum_s42,-1
1.1,1.187662124633789,1FXA,E94D,gnn_local_blosum_s42,-1
0.4,0.7935654520988464,1FXA,E94K,gnn_local_blosum_s42,-1
-0.6,1.0945378541946411,1FXA,E94Q,gnn_local_blosum_s42,-1
-1.0,0.0810369849205017,1FXA,E95K,gnn_local_blosum_s42,-1
1.0,1.987115859985352,1FXA,F65A,gnn_local_blosum_s42,-1
0.9,1.3835986852645874,1FXA,F65I,gnn_local_blosum_s42,-1
0.6,1.851166129112244,1FXA,F65W,gnn_local_blosum_s42,-1
0.5,1.9303067922592163,1FXA,F65Y,gnn_local_blosum_s42,-1
2.4,0.7713395953178406,1FXA,R42A,gnn_local_blosum_s42,-1
1.4,0.8083669543266296,1FXA,R42H,gnn_local_blosum_s42,-1
-0.1,1.336875557899475,1FXA,T48A,gnn_local_blosum_s42,-1
1.22,2.1078927516937256,1GLU,C500A,gnn_local_blosum_s42,-1
1.963,1.97764265537262,1GUA,A118G,gnn_local_blosum_s42,-1
1.951,1.2137973308563232,1GUA,A118L,gnn_local_blosum_s42,-1
2.149,1.8139902353286743,1GUA,A85G,gnn_local_blosum_s42,-1
0.863,1.3700743913650513,1GUA,A97G,gnn_local_blosum_s42,-1
-0.283,1.612707257270813,1GUA,C81A,gnn_local_blosum_s42,-1
0.912,0.9915838241577148,1GUA,C81I,gnn_local_blosum_s42,-1
0.08,0.92887282371521,1GUA,C95A,gnn_local_blosum_s42,-1
1.759,2.0044610500335693,1GUA,C96A,gnn_local_blosum_s42,-1
0.043,1.4326651096343994,1GUA,C96L,gnn_local_blosum_s42,-1
0.337,1.6388890743255615,1GUA,C96M,gnn_local_blosum_s42,-1
0.706,0.1855572760105133,1GUA,D117A,gnn_local_blosum_s42,-1
0.855,0.7091918587684631,1GUA,D129A,gnn_local_blosum_s42,-1
0.493,0.2203833311796188,1GUA,D80A,gnn_local_blosum_s42,-1
-0.021,0.2707737386226654,1GUA,E104A,gnn_local_blosum_s42,-1
0.101,0.5271844267845154,1GUA,E124A,gnn_local_blosum_s42,-1
0.591,0.874562680721283,1GUA,E125A,gnn_local_blosum_s42,-1
3.274,3.244516134262085,1GUA,I58A,gnn_local_blosum_s42,-1
1.2990000000000002,2.781949281692505,1GUA,I58F,gnn_local_blosum_s42,-1
0.7709999999999999,2.6204721927642822,1GUA,I58L,gnn_local_blosum_s42,-1
0.327,0.9185167551040648,1GUA,K109A,gnn_local_blosum_s42,-1
2.593,1.6299149990081787,1GUA,L112A,gnn_local_blosum_s42,-1
2.5340000000000003,1.9437896013259888,1GUA,L121A,gnn_local_blosum_s42,-1
3.405,2.44042706489563,1GUA,L126A,gnn_local_blosum_s42,-1
3.46,2.4635355472564697,1GUA,L62A,gnn_local_blosum_s42,-1
3.803,2.152909517288208,1GUA,L78A,gnn_local_blosum_s42,-1
3.529,2.8002288341522217,1GUA,L82A,gnn_local_blosum_s42,-1
1.6,1.982507586479187,1GUA,L82I,gnn_local_blosum_s42,-1
1.7,2.426645040512085,1GUA,L82V,gnn_local_blosum_s42,-1
3.2260000000000004,2.529813766479492,1GUA,L86A,gnn_local_blosum_s42,-1
1.575,2.035156726837158,1GUA,L91A,gnn_local_blosum_s42,-1
0.961,0.9010719060897828,1GUA,M76A,gnn_local_blosum_s42,-1
-0.271,0.2608954906463623,1GUA,N56M,gnn_local_blosum_s42,-1
1.14,0.5861350297927856,1GUA,N64A,gnn_local_blosum_s42,-1
1.7080000000000002,0.979292631149292,1GUA,P63A,gnn_local_blosum_s42,-1
0.0819999999999999,0.6035009622573853,1GUA,P93A,gnn_local_blosum_s42,-1
0.504,0.8135564923286438,1GUA,Q66A,gnn_local_blosum_s42,-1
0.693,0.7158166766166687,1GUA,R100A,gnn_local_blosum_s42,-1
-0.178,0.7407703995704651,1GUA,R59A,gnn_local_blosum_s42,-1
-1.078,0.7253285050392151,1GUA,R89L,gnn_local_blosum_s42,-1
1.5730000000000002,0.7245385050773621,1GUA,S77A,gnn_local_blosum_s42,-1
-0.581,0.9849130511283876,1GUA,S77T,gnn_local_blosum_s42,-1
0.109,1.1012120246887207,1GUA,T68A,gnn_local_blosum_s42,-1
3.3680000000000003,2.6233062744140625,1GUA,V128A,gnn_local_blosum_s42,-1
2.251,2.474031925201416,1GUA,V60A,gnn_local_blosum_s42,-1
1.116,1.8154417276382449,1GUA,V69A,gnn_local_blosum_s42,-1
1.77,2.4083313941955566,1GUA,V70A,gnn_local_blosum_s42,-1
1.052,2.086520195007324,1GUA,V72A,gnn_local_blosum_s42,-1
0.8640000000000001,1.4503036737442017,1GUA,V72I,gnn_local_blosum_s42,-1
1.981,2.102454423904419,1GUA,V98A,gnn_local_blosum_s42,-1
1.936,0.3957923352718353,1H0X,P18A,gnn_local_blosum_s42,-1
2.5810000000000004,0.6234868764877319,1H0X,P62A,gnn_local_blosum_s42,-1
2.09,2.006144046783448,1HCQ,C67A,gnn_local_blosum_s42,-1
1.99,2.1837990283966064,1HCQ,C67S,gnn_local_blosum_s42,-1
-0.4,1.4536348581314087,1IOJ,G15A,gnn_local_blosum_s42,-1
-0.5,1.3335721492767334,1IV7,A173C,gnn_local_blosum_s42,-1
2.5,2.0146946907043457,1IV7,F189C,gnn_local_blosum_s42,-1
1.9,2.0627481937408447,1IV7,L162C,gnn_local_blosum_s42,-1
-4.299,0.4438029527664184,1IV9,S76Y,gnn_local_blosum_s42,-1
-0.1,0.7408955097198486,1J8I,K25A,gnn_local_blosum_s42,-1
-0.1,0.8239222168922424,1J8I,K66A,gnn_local_blosum_s42,-1
-0.8,0.6428160667419434,1J8I,R23A,gnn_local_blosum_s42,-1
0.1,1.0125763416290283,1J8I,R35A,gnn_local_blosum_s42,-1
-0.7,0.7512550354003906,1J8I,R43A,gnn_local_blosum_s42,-1
0.1,0.4318417906761169,1J8I,R9A,gnn_local_blosum_s42,-1
1.44,0.518180251121521,1JL9,A25C,gnn_local_blosum_s42,-1
1.6969999999999998,2.4727323055267334,1L6H,F39A,gnn_local_blosum_s42,-1
0.55,1.466560125350952,1L6H,Y45A,gnn_local_blosum_s42,-1
1.482,1.9213402271270752,1L6H,Y48A,gnn_local_blosum_s42,-1
1.39,2.061467170715332,1N88,F21A,gnn_local_blosum_s42,-1
1.39,2.9277825355529785,1N88,I39A,gnn_local_blosum_s42,-1
2.79,1.900691628456116,1N88,I80A,gnn_local_blosum_s42,-1
2.35,2.2133266925811768,1N88,I89A,gnn_local_blosum_s42,-1
1.52,2.5550239086151123,1N88,I8V,gnn_local_blosum_s42,-1
1.52,1.4959255456924438,1N88,L13A,gnn_local_blosum_s42,-1
1.11,1.3549857139587402,1N88,L57A,gnn_local_blosum_s42,-1
1.94,1.9062941074371336,1N88,V12A,gnn_local_blosum_s42,-1
2.84,2.3317759037017822,1N88,V30A,gnn_local_blosum_s42,-1
2.82,2.85788369178772,1N88,V43A,gnn_local_blosum_s42,-1
2.83,1.8159480094909668,1N88,V49A,gnn_local_blosum_s42,-1
3.24,1.837222933769226,1N88,V51A,gnn_local_blosum_s42,-1
3.73,2.120321035385132,1N88,V54A,gnn_local_blosum_s42,-1
2.82,2.807265043258667,1N88,V81A,gnn_local_blosum_s42,-1
3.1,1.9472731351852417,1N88,V83A,gnn_local_blosum_s42,-1
-0.06,1.045112133026123,1N88,Y18A,gnn_local_blosum_s42,-1
4.61,2.075205087661743,1N88,Y26A,gnn_local_blosum_s42,-1
1.2,1.1188957691192627,1O6X,A31G,gnn_local_blosum_s42,-1
1.4,1.4627277851104736,1O6X,A50G,gnn_local_blosum_s42,-1
-0.36,0.3139683604240417,1O6X,D38A,gnn_local_blosum_s42,-1
0.3,0.2270876467227935,1O6X,E14A,gnn_local_blosum_s42,-1
1.42,0.4067119359970093,1O6X,E20G,gnn_local_blosum_s42,-1
1.88,1.153233289718628,1O6X,F39L,gnn_local_blosum_s42,-1
0.98,1.4548779726028442,1O6X,F65A,gnn_local_blosum_s42,-1
0.61,0.5900657773017883,1O6X,H51A,gnn_local_blosum_s42,-1
0.43,2.0169215202331543,1O6X,I15V,gnn_local_blosum_s42,-1
-0.42,1.47722327709198,1O6X,I23V,gnn_local_blosum_s42,-1
1.31,1.5258488655090332,1O6X,I71V,gnn_local_blosum_s42,-1
1.31,1.213073492050171,1O6X,I75A,gnn_local_blosum_s42,-1
1.98,0.5793842673301697,1O6X,K41A,gnn_local_blosum_s42,-1
0.97,2.0491819381713867,1O6X,L26V,gnn_local_blosum_s42,-1
0.08,0.9984050393104552,1O6X,N58A,gnn_local_blosum_s42,-1
0.49,0.5846357345581055,1O6X,Q60G,gnn_local_blosum_s42,-1
1.1,1.440117597579956,1O6X,V12A,gnn_local_blosum_s42,-1
1.08,2.140026330947876,1O6X,V52A,gnn_local_blosum_s42,-1
1.1,1.3422836065292358,1O6X,V64G,gnn_local_blosum_s42,-1
2.78,0.6765165328979492,1O6X,Y73L,gnn_local_blosum_s42,-1
0.13,1.630422830581665,1R6R,I88N,gnn_local_blosum_s42,-1
2.81,1.9898449182510376,1R6R,L50S,gnn_local_blosum_s42,-1
0.24,2.182425022125244,1R6R,L54S,gnn_local_blosum_s42,-1
6.84,2.0215208530426025,1R6R,L81N,gnn_local_blosum_s42,-1
4.493,1.7818191051483154,2BJD,V84D,gnn_local_blosum_s42,-1
4.517,1.5599877834320068,2BJD,V84P,gnn_local_blosum_s42,-1
2.103,1.1945501565933228,2BJD,Y86E,gnn_local_blosum_s42,-1
0.012,2.288034200668335,2C9Q,Y79F,gnn_local_blosum_s42,-1
1.233,2.3223211765289307,2C9Q,Y79W,gnn_local_blosum_s42,-1
-0.12,0.5611504316329956,2CLR,H13F,gnn_local_blosum_s42,-1
-2.605,0.6343002915382385,2CLR,H31F,gnn_local_blosum_s42,-1
1.912,0.5243759751319885,2CLR,H51F,gnn_local_blosum_s42,-1
2.629,1.3464415073394775,2CLR,H84A,gnn_local_blosum_s42,-1
-0.89,1.2751014232635498,2DVV,Q443H,gnn_local_blosum_s42,-1
0.02,0.8526803255081177,2DVV,R419W,gnn_local_blosum_s42,-1
0.32,0.6513426303863525,2HBB,A22G,gnn_local_blosum_s42,-1
1.79,1.6664409637451172,2HBB,A26G,gnn_local_blosum_s42,-1
1.55,2.0178020000457764,2HBB,A36G,gnn_local_blosum_s42,-1
1.59,1.6164510250091553,2HBB,A39G,gnn_local_blosum_s42,-1
0.33,0.8000372648239136,2HBB,A42G,gnn_local_blosum_s42,-1
0.55,1.1985533237457275,2HBB,A46G,gnn_local_blosum_s42,-1
0.22,0.5405054688453674,2HBB,A49G,gnn_local_blosum_s42,-1
0.03,-0.1543275415897369,2HBB,D23A,gnn_local_blosum_s42,-1
0.79,-0.0388554818928241,2HBB,D23N,gnn_local_blosum_s42,-1
1.3,0.1395813822746276,2HBB,D8A,gnn_local_blosum_s42,-1
0.38,0.1591968238353729,2HBB,D8N,gnn_local_blosum_s42,-1
1.69,0.3510697484016418,2HBB,E17A,gnn_local_blosum_s42,-1
0.33,0.2488206923007965,2HBB,E17Q,gnn_local_blosum_s42,-1
0.41,0.6734098792076111,2HBB,E38A,gnn_local_blosum_s42,-1
0.68,1.0211249589920044,2HBB,E38Q,gnn_local_blosum_s42,-1
-0.07,0.1399650573730468,2HBB,E48Q,gnn_local_blosum_s42,-1
2.84,1.576216220855713,2HBB,F31A,gnn_local_blosum_s42,-1
1.15,1.3804861307144165,2HBB,F5L,gnn_local_blosum_s42,-1
-0.02,0.1680622100830078,2HBB,G24A,gnn_local_blosum_s42,-1
1.02,0.7234114408493042,2HBB,G34A,gnn_local_blosum_s42,-1
2.05,1.3836305141448977,2HBB,I18A,gnn_local_blosum_s42,-1
0.07,0.8440220952033997,2HBB,I18V,gnn_local_blosum_s42,-1
1.28,2.270817518234253,2HBB,I37A,gnn_local_blosum_s42,-1
-0.09,1.8501780033111568,2HBB,I37V,gnn_local_blosum_s42,-1
0.59,1.8555800914764404,2HBB,I4V,gnn_local_blosum_s42,-1
-0.13,0.0496897436678409,2HBB,K10E,gnn_local_blosum_s42,-1
-0.47,-0.4307474792003631,2HBB,K10M,gnn_local_blosum_s42,-1
-0.61,0.8425752520561218,2HBB,K12A,gnn_local_blosum_s42,-1
-0.03,1.1111993789672852,2HBB,K12G,gnn_local_blosum_s42,-1
-1.8,0.4171686470508575,2HBB,K12M,gnn_local_blosum_s42,-1
0.73,0.3568477630615234,2HBB,K14A,gnn_local_blosum_s42,-1
1.3,0.4240320324897766,2HBB,K14G,gnn_local_blosum_s42,-1
0.34,-0.2535654008388519,2HBB,K14M,gnn_local_blosum_s42,-1
1.74,0.5684338212013245,2HBB,K15G,gnn_local_blosum_s42,-1
0.44,0.0097617544233798,2HBB,K15M,gnn_local_blosum_s42,-1
-0.21,0.1954285651445388,2HBB,K7M,gnn_local_blosum_s42,-1
2.76,2.3550970554351807,2HBB,L30A,gnn_local_blosum_s42,-1
1.21,1.8730955123901367,2HBB,L35A,gnn_local_blosum_s42,-1
1.73,1.7679293155670166,2HBB,L44A,gnn_local_blosum_s42,-1
0.84,1.9457097053527832,2HBB,L47A,gnn_local_blosum_s42,-1
3.1,1.849833607673645,2HBB,L6A,gnn_local_blosum_s42,-1
1.46,1.0031174421310425,2HBB,M1A,gnn_local_blosum_s42,-1
0.8,0.4699962139129638,2HBB,T40S,gnn_local_blosum_s42,-1
2.33,1.695927619934082,2HBB,V21A,gnn_local_blosum_s42,-1
2.55,2.2115509510040283,2HBB,V3A,gnn_local_blosum_s42,-1
1.81,1.5882627964019775,2HBB,V9A,gnn_local_blosum_s42,-1
2.54,1.3617205619812012,2JUC,C57D,gnn_local_blosum_s42,-1
0.71,1.2252885103225708,2JUC,C57S,gnn_local_blosum_s42,-1
1.75,0.8472579121589661,2JUC,R18A,gnn_local_blosum_s42,-1
-1.2,0.4389740526676178,2KJ3,D288A,gnn_local_blosum_s42,-1
-1.9,0.4112355411052704,2KJ3,E272A,gnn_local_blosum_s42,-1
0.8,0.9865201711654664,2KJ3,G278A,gnn_local_blosum_s42,-1
-1.5,0.558941662311554,2KJ3,K229A,gnn_local_blosum_s42,-1
-1.0,2.0782158374786377,2KJ3,L241A,gnn_local_blosum_s42,-1
-1.4,0.9192017912864684,2KJ3,S273A,gnn_local_blosum_s42,-1
-1.0,2.466754674911499,2KJ3,V239A,gnn_local_blosum_s42,-1
-1.0,1.7963650226593018,2KJ3,V264A,gnn_local_blosum_s42,-1
-0.2,2.477386713027954,2KJ3,V267A,gnn_local_blosum_s42,-1
0.24,1.1812626123428345,2MPC,A89T,gnn_local_blosum_s42,-1
-0.62,0.3249427378177643,2MPC,R42A,gnn_local_blosum_s42,-1
-2.08,-0.1073724031448364,2MPC,R42W,gnn_local_blosum_s42,-1
0.6,0.5398116707801819,2N7Z,P88A,gnn_local_blosum_s42,-1
-0.44,1.5969643592834473,2OUO,A420D,gnn_local_blosum_s42,-1
2.43,1.9469741582870483,2PTL,A22G,gnn_local_blosum_s42,-1
-0.1,0.8114083409309387,2PTL,A27P,gnn_local_blosum_s42,-1
0.83,0.2762749493122101,2PTL,A27V,gnn_local_blosum_s42,-1
2.17,1.4655998945236206,2PTL,A34G,gnn_local_blosum_s42,-1
-1.47,0.7962070107460022,2PTL,A34V,gnn_local_blosum_s42,-1
2.54,1.775698184967041,2PTL,A43G,gnn_local_blosum_s42,-1
3.1,2.1133599281311035,2PTL,A47G,gnn_local_blosum_s42,-1
1.32,1.0620545148849487,2PTL,A49G,gnn_local_blosum_s42,-1
3.12,1.8752472400665283,2PTL,A51G,gnn_local_blosum_s42,-1
0.49,0.6068187355995178,2PTL,A66G,gnn_local_blosum_s42,-1
1.21,0.2700486779212951,2PTL,D52A,gnn_local_blosum_s42,-1
2.14,0.3836444616317749,2PTL,D52G,gnn_local_blosum_s42,-1
0.2,-0.0429130308330059,2PTL,D64A,gnn_local_blosum_s42,-1
0.59,0.1500059813261032,2PTL,E35A,gnn_local_blosum_s42,-1
1.19,0.6397383809089661,2PTL,E46G,gnn_local_blosum_s42,-1
1.08,0.0490191616117954,2PTL,E46I,gnn_local_blosum_s42,-1
0.23,0.4016313254833221,2PTL,E60A,gnn_local_blosum_s42,-1
3.12,1.8665612936019893,2PTL,F26A,gnn_local_blosum_s42,-1
0.68,1.2984633445739746,2PTL,F26L,gnn_local_blosum_s42,-1
4.15,1.3197431564331057,2PTL,F36A,gnn_local_blosum_s42,-1
3.12,0.8159090876579285,2PTL,F36L,gnn_local_blosum_s42,-1
3.08,1.8911632299423216,2PTL,F40G,gnn_local_blosum_s42,-1
0.38,1.0753517150878906,2PTL,F40L,gnn_local_blosum_s42,-1
3.34,1.462263822555542,2PTL,F76L,gnn_local_blosum_s42,-1
3.73,1.525578260421753,2PTL,F76V,gnn_local_blosum_s42,-1
1.52,0.0710223317146301,2PTL,G29A,gnn_local_blosum_s42,-1
2.53,-0.1805243343114853,2PTL,G29V,gnn_local_blosum_s42,-1
2.08,0.705208420753479,2PTL,G38A,gnn_local_blosum_s42,-1
2.23,0.6575475335121155,2PTL,G59A,gnn_local_blosum_s42,-1
2.04,0.6497973799705505,2PTL,G69A,gnn_local_blosum_s42,-1
4.9,2.447373867034912,2PTL,I20A,gnn_local_blosum_s42,-1
0.56,2.005968809127808,2PTL,I20V,gnn_local_blosum_s42,-1
1.37,1.3720424175262451,2PTL,I25A,gnn_local_blosum_s42,-1
0.47,0.8746722340583801,2PTL,I25V,gnn_local_blosum_s42,-1
4.72,2.181497097015381,2PTL,I74A,gnn_local_blosum_s42,-1
1.69,1.7829258441925049,2PTL,I74V,gnn_local_blosum_s42,-1
0.92,1.1970574855804443,2PTL,K21A,gnn_local_blosum_s42,-1
0.88,0.7173488140106201,2PTL,K37A,gnn_local_blosum_s42,-1
-0.16,0.947321116924286,2PTL,K42G,gnn_local_blosum_s42,-1
-0.58,0.8739396929740906,2PTL,K55A,gnn_local_blosum_s42,-1
-0.35,0.1958211660385131,2PTL,K56A,gnn_local_blosum_s42,-1
0.09,0.5533899068832397,2PTL,K68A,gnn_local_blosum_s42,-1
0.45,0.6067149043083191,2PTL,K75A,gnn_local_blosum_s42,-1
3.12,2.320913076400757,2PTL,L24A,gnn_local_blosum_s42,-1
2.44,1.7363002300262451,2PTL,L54A,gnn_local_blosum_s42,-1
3.77,2.000438690185547,2PTL,L72A,gnn_local_blosum_s42,-1
1.87,0.7596825957298279,2PTL,N23A,gnn_local_blosum_s42,-1
1.78,0.3662334084510803,2PTL,N28A,gnn_local_blosum_s42,-1
0.34,0.9027668833732604,2PTL,N58A,gnn_local_blosum_s42,-1
1.73,0.6074056625366211,2PTL,N73A,gnn_local_blosum_s42,-1
0.3,0.3505651354789734,2PTL,S30A,gnn_local_blosum_s42,-1
-0.41,0.6755356192588806,2PTL,S45A,gnn_local_blosum_s42,-1
0.82,0.8809511065483093,2PTL,S45G,gnn_local_blosum_s42,-1
1.63,0.8085393309593201,2PTL,T19A,gnn_local_blosum_s42,-1
1.17,0.315031886100769,2PTL,T31A,gnn_local_blosum_s42,-1
1.11,0.6434190273284912,2PTL,T33A,gnn_local_blosum_s42,-1
1.25,0.6478400826454163,2PTL,T39A,gnn_local_blosum_s42,-1
1.09,1.1408288478851318,2PTL,T44A,gnn_local_blosum_s42,-1
0.17,0.4576709866523742,2PTL,T53G,gnn_local_blosum_s42,-1
0.97,-0.0706963986158371,2PTL,T62A,gnn_local_blosum_s42,-1
1.83,1.1200019121170044,2PTL,T71A,gnn_local_blosum_s42,-1
1.22,1.617176175117493,2PTL,V18A,gnn_local_blosum_s42,-1
0.92,0.943564236164093,2PTL,V63A,gnn_local_blosum_s42,-1
1.14,0.800363302230835,2PTL,V65A,gnn_local_blosum_s42,-1
2.82,1.1884492635726929,2PTL,Y48A,gnn_local_blosum_s42,-1
2.46,1.4547218084335327,2PTL,Y50A,gnn_local_blosum_s42,-1
1.66,1.5528111457824707,2PTL,Y70A,gnn_local_blosum_s42,-1
-0.43,1.069498062133789,2PTL,Y70L,gnn_local_blosum_s42,-1
-1.05,0.352656602859497,2RPN,E7L,gnn_local_blosum_s42,-1
-0.39,1.3206232786178589,2RPN,V21K,gnn_local_blosum_s42,-1
-0.3,0.6469860672950745,2WQG,D15A,gnn_local_blosum_s42,-1
-0.1,0.6719504594802856,2WQG,D38A,gnn_local_blosum_s42,-1
2.2,0.8747758865356445,2WQG,D39A,gnn_local_blosum_s42,-1
2.6,1.1278157234191897,2WQG,D39N,gnn_local_blosum_s42,-1
0.1,0.5354534983634949,2WQG,E40Q,gnn_local_blosum_s42,-1
0.4,0.8006117939949036,2WQG,E41G,gnn_local_blosum_s42,-1
0.9,1.4762344360351562,2WQG,I36A,gnn_local_blosum_s42,-1
0.3,1.0925557613372805,2WQG,I36V,gnn_local_blosum_s42,-1
0.4,1.0641497373580933,2WQG,K14A,gnn_local_blosum_s42,-1
1.9,1.3397233486175537,2WQG,K14G,gnn_local_blosum_s42,-1
0.3,0.81520015001297,2WQG,K19A,gnn_local_blosum_s42,-1
0.6,1.3349255323410034,2WQG,K28A,gnn_local_blosum_s42,-1
0.5,2.539100408554077,2WQG,L13A,gnn_local_blosum_s42,-1
1.3,1.8228192329406736,2WQG,L16A,gnn_local_blosum_s42,-1
2.0,1.8160204887390137,2WQG,L8A,gnn_local_blosum_s42,-1
0.6,0.8293230533599854,2WQG,Q12A,gnn_local_blosum_s42,-1
2.0,0.9747101664543152,2WQG,Q12G,gnn_local_blosum_s42,-1
-0.1,0.7301523089408875,2WQG,Q33A,gnn_local_blosum_s42,-1
0.8,1.2482720613479614,2WQG,R34A,gnn_local_blosum_s42,-1
0.6,0.9145429730415344,2WQG,S23A,gnn_local_blosum_s42,-1
-0.1,0.2005042135715484,2WQG,S6A,gnn_local_blosum_s42,-1
0.2,0.4643577039241791,2WQG,S6G,gnn_local_blosum_s42,-1
-0.1,1.0228605270385742,2WQG,T9S,gnn_local_blosum_s42,-1
0.1,1.861412525177002,2WQG,V10A,gnn_local_blosum_s42,-1
0.7,2.2305684089660645,2WQG,V10G,gnn_local_blosum_s42,-1
-0.4,1.3148125410079956,2WQG,V11A,gnn_local_blosum_s42,-1
-0.1,1.7350881099700928,2WQG,V11G,gnn_local_blosum_s42,-1
0.5,1.641059160232544,2WQG,V24A,gnn_local_blosum_s42,-1
2.4,1.47086501121521,2WQG,Y5F,gnn_local_blosum_s42,-1
0.74,0.3025864362716675,2ZTA,E11Q,gnn_local_blosum_s42,-1
-0.2,0.6397321820259094,2ZTA,E20Q,gnn_local_blosum_s42,-1
1.83,0.7314565181732178,2ZTA,E22Q,gnn_local_blosum_s42,-1
0.41,0.9779780507087708,2ZTA,K15A,gnn_local_blosum_s42,-1
0.91,0.8252885341644287,2ZTA,K27A,gnn_local_blosum_s42,-1
0.06,0.7547178864479065,2ZTA,K28A,gnn_local_blosum_s42,-1
0.39,0.8953039050102234,2ZTA,K8A,gnn_local_blosum_s42,-1
1.66,0.7411969304084778,2ZTA,R25A,gnn_local_blosum_s42,-1
1.506,2.0442700386047363,3BN0,I20V,gnn_local_blosum_s42,-1
-0.43,2.104581594467163,3C2I,F155S,gnn_local_blosum_s42,-1
-0.47,1.2595067024230957,3C2I,T158A,gnn_local_blosum_s42,-1
-0.25,0.7520247101783752,3C2I,T158M,gnn_local_blosum_s42,-1
0.5,0.2883321046829223,3FIS,P61A,gnn_local_blosum_s42,-1
-0.34,-0.2470112740993499,3G1G,D155Y,gnn_local_blosum_s42,-1
0.74,2.2357802391052246,3G1G,F167Y,gnn_local_blosum_s42,-1
0.17,1.90966272354126,3G1G,I190V,gnn_local_blosum_s42,-1
-1.32,0.4619672894477844,3G1G,R185W,gnn_local_blosum_s42,-1
3.35,0.3610629737377167,3K82,E334L,gnn_local_blosum_s42,-1
1.68,0.9903724789619446,3K82,E334Q,gnn_local_blosum_s42,-1
-5.49,0.4433135390281677,3K82,E401R,gnn_local_blosum_s42,-1
-1.194,0.4443981349468231,3MON,R39G,gnn_local_blosum_s42,-1
2.866,0.1338820159435272,3MON,W3C,gnn_local_blosum_s42,-1
3.25,1.855429410934448,3O39,L32P,gnn_local_blosum_s42,-1
-2.03,1.0510568618774414,3S92,H395R,gnn_local_blosum_s42,-1
-0.574,-0.1630121618509292,4N6V,H75W,gnn_local_blosum_s42,-1
1.362,0.3544873595237732,4N6V,P36G,gnn_local_blosum_s42,-1
-1.745,-0.0491923205554485,4N6V,P79S,gnn_local_blosum_s42,-1
0.71,1.3479201793670654,4YEE,V134T,gnn_local_blosum_s42,-1
0.93,0.2452578842639923,4YEF,T134V,gnn_local_blosum_s42,-1
1.44,-0.0530290864408016,5JXB,D329G,gnn_local_blosum_s42,-1
1.44,0.0490049608051776,5JXB,D329P,gnn_local_blosum_s42,-1
1.8,1.183976173400879,1A0F,S11A,gnn_local_blosum_s42,-1
2.69,0.6978971362113953,1A7V,A104H,gnn_local_blosum_s42,-1
1.98,0.6965649724006653,1A7V,A66H,gnn_local_blosum_s42,-1
1.7,1.6746087074279783,1A7V,A91H,gnn_local_blosum_s42,-1
1.36,0.3643321692943573,1A7V,D3H,gnn_local_blosum_s42,-1
2.05,0.2758484482765198,1A7V,D58H,gnn_local_blosum_s42,-1
3.01,0.4470495879650116,1A7V,E73H,gnn_local_blosum_s42,-1
0.6,0.4613569974899292,1A7V,K13H,gnn_local_blosum_s42,-1
2.88,0.6199066042900085,1A7V,K20H,gnn_local_blosum_s42,-1
1.36,0.5081084370613098,1A7V,K31H,gnn_local_blosum_s42,-1
1.86,0.2684759795665741,1A7V,K39H,gnn_local_blosum_s42,-1
2.02,0.6497827172279358,1A7V,K49H,gnn_local_blosum_s42,-1
2.88,0.94214528799057,1A7V,K84H,gnn_local_blosum_s42,-1
1.97,0.7206833958625793,1A7V,K97H,gnn_local_blosum_s42,-1
0.821,0.6139487028121948,1BNL,D76A,gnn_local_blosum_s42,-1
0.46,-0.0874930322170257,1DIV,D23A,gnn_local_blosum_s42,-1
0.58,0.0766998529434204,1DIV,D23N,gnn_local_blosum_s42,-1
0.3,0.2593165934085846,1DIV,D8N,gnn_local_blosum_s42,-1
0.98,0.08428855240345,1DIV,E100A,gnn_local_blosum_s42,-1
1.52,0.2277486622333526,1DIV,E100G,gnn_local_blosum_s42,-1
0.21,0.4738394021987915,1DIV,E17Q,gnn_local_blosum_s42,-1
0.56,0.8730791211128235,1DIV,E38Q,gnn_local_blosum_s42,-1
-0.03,0.5529596209526062,1DIV,E48Q,gnn_local_blosum_s42,-1
-0.33,0.1298872530460357,1DIV,E54Q,gnn_local_blosum_s42,-1
1.53,1.0690538883209229,1DIV,H106Q,gnn_local_blosum_s42,-1
3.52,1.5300463438034058,1DIV,I115A,gnn_local_blosum_s42,-1
2.22,2.204927682876587,1DIV,I4A,gnn_local_blosum_s42,-1
0.59,1.70330011844635,1DIV,I4V,gnn_local_blosum_s42,-1
3.49,1.8274791240692136,1DIV,I79A,gnn_local_blosum_s42,-1
3.19,1.9112131595611568,1DIV,I93A,gnn_local_blosum_s42,-1
4.28,2.3262712955474854,1DIV,I98A,gnn_local_blosum_s42,-1
-0.05,0.0198009647428989,1DIV,K10M,gnn_local_blosum_s42,-1
-0.01,0.0516991950571537,1DIV,K14M,gnn_local_blosum_s42,-1
0.31,0.2114887833595276,1DIV,K15M,gnn_local_blosum_s42,-1
-0.35,-0.0183851085603237,1DIV,K7M,gnn_local_blosum_s42,-1
-0.61,0.2370396852493286,1DIV,K96A,gnn_local_blosum_s42,-1
0.2,0.3753418326377868,1DIV,K96G,gnn_local_blosum_s42,-1
2.37,2.384220123291016,1DIV,L102A,gnn_local_blosum_s42,-1
2.33,1.642525315284729,1DIV,L108A,gnn_local_blosum_s42,-1
3.21,1.3897992372512815,1DIV,L110A,gnn_local_blosum_s42,-1
0.82,1.1279067993164062,1DIV,L117A,gnn_local_blosum_s42,-1
2.76,1.96865463256836,1DIV,L30A,gnn_local_blosum_s42,-1
3.62,1.473851203918457,1DIV,L30V,gnn_local_blosum_s42,-1
3.1,1.219988465309143,1DIV,L6A,gnn_local_blosum_s42,-1
0.13,0.4472030997276306,1DIV,L6I,gnn_local_blosum_s42,-1
0.41,0.64988774061203,1DIV,L6V,gnn_local_blosum_s42,-1
3.77,1.642378568649292,1DIV,L72A,gnn_local_blosum_s42,-1
1.46,1.3848977088928225,1DIV,M1A,gnn_local_blosum_s42,-1
2.36,1.715869426727295,1DIV,M1G,gnn_local_blosum_s42,-1
2.33,1.6584360599517822,1DIV,V21A,gnn_local_blosum_s42,-1
0.4,0.9203252196311952,1DIV,V21I,gnn_local_blosum_s42,-1
1.23,1.0230106115341189,1DIV,V21L,gnn_local_blosum_s42,-1
2.55,2.2056236267089844,1DIV,V3A,gnn_local_blosum_s42,-1
0.31,1.4285894632339478,1DIV,V3I,gnn_local_blosum_s42,-1
2.21,1.5168830156326294,1DIV,V3L,gnn_local_blosum_s42,-1
3.7,0.5158354043960571,1DXX,K18N,gnn_local_blosum_s42,-1
-0.6,1.4286705255508425,1FH5,S18N,gnn_local_blosum_s42,-1
1.38,1.5826960802078247,1FT8,L212V,gnn_local_blosum_s42,-1
0.35,0.7749422192573547,1FT8,L238I,gnn_local_blosum_s42,-1
-0.27,0.8869513869285583,1FT8,M216L,gnn_local_blosum_s42,-1
1.6,1.4898452758789062,1GWY,A8D,gnn_local_blosum_s42,-1
3.3,1.5126625299453735,1ITM,C24T,gnn_local_blosum_s42,-1
5.0,0.2016267329454422,1ITM,C3T,gnn_local_blosum_s42,-1
-1.4,0.5140482783317566,1ITM,W91S,gnn_local_blosum_s42,-1
1.162,0.4586041271686554,1JLV,E64D,gnn_local_blosum_s42,-1
2.3040000000000003,0.405549556016922,1JLV,E64N,gnn_local_blosum_s42,-1
2.302,0.3785788714885711,1JLV,E64Q,gnn_local_blosum_s42,-1
-1.4,1.182317137718201,1LVM,E106G,gnn_local_blosum_s42,-1
-0.43,0.4716498851776123,1LVM,K45F,gnn_local_blosum_s42,-1
-0.0,0.8526982665061951,1LVM,L56V,gnn_local_blosum_s42,-1
-0.6,-0.1466260403394699,1LVM,Q58F,gnn_local_blosum_s42,-1
2.5,0.7722188830375671,1N18,E100G,gnn_local_blosum_s42,-1
1.4,1.075922608375549,1N18,G85R,gnn_local_blosum_s42,-1
-1.4,1.0420740842819214,1N18,H46R,gnn_local_blosum_s42,-1
3.3,0.4206439554691314,1O1U,E110A,gnn_local_blosum_s42,-1
1.2,0.6767163872718811,1O1U,N61A,gnn_local_blosum_s42,-1
0.3,0.6013113856315613,1O1U,Q51A,gnn_local_blosum_s42,-1
-0.3,0.811120867729187,1O1U,Q99A,gnn_local_blosum_s42,-1
1.2,1.021935224533081,1O1U,T38A,gnn_local_blosum_s42,-1
1.2,1.6266318559646606,1O1U,W49Y,gnn_local_blosum_s42,-1
0.05,0.8858627676963806,1OSI,I11V,gnn_local_blosum_s42,-1
-0.39,0.9517003297805786,1OSI,S92F,gnn_local_blosum_s42,-1
0.78,1.111636519432068,1OSI,V15I,gnn_local_blosum_s42,-1
1.53,2.994107961654663,1PFL,A20T,gnn_local_blosum_s42,-1
1.96,0.5123902559280396,1PFL,G117V,gnn_local_blosum_s42,-1
3.53,2.278484582901001,1PFL,M113T,gnn_local_blosum_s42,-1
-0.07,0.8215408325195312,1PFL,T108M,gnn_local_blosum_s42,-1
0.3,0.7270521521568298,1PRG,Q286P,gnn_local_blosum_s42,-1
-0.06,0.672217071056366,1PRG,R288H,gnn_local_blosum_s42,-1
-0.03,0.9725775718688964,1PRG,V290M,gnn_local_blosum_s42,-1
-0.8,1.462808609008789,1SPD,C111S,gnn_local_blosum_s42,-1
-0.1,1.8549751043319704,1SPD,C6A,gnn_local_blosum_s42,-1
2.9,0.7165843844413757,1XWS,E124Q,gnn_local_blosum_s42,-1
4.59,0.7888281941413879,1XWS,E135K,gnn_local_blosum_s42,-1
3.22,0.9327309727668762,1XWS,E142D,gnn_local_blosum_s42,-1
3.3,1.131005048751831,1XWS,Y53H,gnn_local_blosum_s42,-1
0.86,0.7394144535064697,1XXN,N32D,gnn_local_blosum_s42,-1
0.645,0.779634952545166,1XXN,N54E,gnn_local_blosum_s42,-1
-0.239,0.9844254851341248,1XXN,S22E,gnn_local_blosum_s42,-1
0.645,1.542234182357788,1XXN,S27E,gnn_local_blosum_s42,-1
-2.87,0.9235225915908812,1XZO,F42W,gnn_local_blosum_s42,-1
2.89,1.540013551712036,1XZO,W101F,gnn_local_blosum_s42,-1
8.93,1.1426070928573608,1XZO,W36A,gnn_local_blosum_s42,-1
4.25,0.770528256893158,1XZO,W36F,gnn_local_blosum_s42,-1
0.7170000000000001,1.3329322338104248,2ARF,H1069Q,gnn_local_blosum_s42,-1
-1.07,0.331371009349823,2H3F,E12A,gnn_local_blosum_s42,-1
-1.536,0.5016144514083862,2JIE,H104R,gnn_local_blosum_s42,-1
0.209,-0.2096493542194366,2JIE,Q22S,gnn_local_blosum_s42,-1
1.246,0.5265713930130005,2JIE,S17A,gnn_local_blosum_s42,-1
-0.951,0.3042208850383758,2JIE,S19A,gnn_local_blosum_s42,-1
0.994,0.323842704296112,2JIE,T18A,gnn_local_blosum_s42,-1
-2.19,-0.1345565021038055,2JIE,W123F,gnn_local_blosum_s42,-1
-1.06,0.1568226516246795,2JIE,W123H,gnn_local_blosum_s42,-1
3.443,1.0811104774475098,2JIE,Y21A,gnn_local_blosum_s42,-1
-1.26,0.4621750712394714,2KS4,D9A,gnn_local_blosum_s42,-1
0.23,0.5786221027374268,2KS4,E2A,gnn_local_blosum_s42,-1
1.57,1.8132559061050413,2LTB,L558P,gnn_local_blosum_s42,-1
3.11,2.3178298473358154,2LTB,L569R,gnn_local_blosum_s42,-1
3.34,0.8686113953590393,2LTB,M619K,gnn_local_blosum_s42,-1
1.1,0.7487605214118958,2LTB,R533Q,gnn_local_blosum_s42,-1
0.36,1.179195761680603,2LTB,R555Q,gnn_local_blosum_s42,-1
-1.79,0.5834046006202698,2LTB,R555W,gnn_local_blosum_s42,-1
4.0,0.273010104894638,2M5S,D302A,gnn_local_blosum_s42,-1
2.0,1.4616572856903076,2M5S,H305A,gnn_local_blosum_s42,-1
2.3,0.8736884593963623,2NTE,R658C,gnn_local_blosum_s42,-1
-0.5,0.1871683150529861,2PR5,A33Y,gnn_local_blosum_s42,-1
0.4,1.0368931293487549,2PR5,A81M,gnn_local_blosum_s42,-1
-0.3,0.8819237351417542,2PR5,D109E,gnn_local_blosum_s42,-1
-0.3,-0.1277723610401153,2PR5,H22K,gnn_local_blosum_s42,-1
-1.2,-0.1827593743801117,2PR5,H22W,gnn_local_blosum_s42,-1
-2.9,0.9102014899253844,2PR5,M111F,gnn_local_blosum_s42,-1
-0.9,0.293480634689331,2PR5,N107F,gnn_local_blosum_s42,-1
-0.8,0.3321951627731323,2PR5,N107Y,gnn_local_blosum_s42,-1
-1.1,0.3830462098121643,2PR5,N124F,gnn_local_blosum_s42,-1
-2.6,0.5216667056083679,2PR5,N124Y,gnn_local_blosum_s42,-1
-0.5,1.4223761558532717,2PR5,T30M,gnn_local_blosum_s42,-1
0.5,1.2892913818359375,2PR5,T50M,gnn_local_blosum_s42,-1
-0.2,0.4119808971881866,2PR5,T54Y,gnn_local_blosum_s42,-1
-1.4,0.6905375123023987,2PR5,V120I,gnn_local_blosum_s42,-1
-0.4,0.975921869277954,2PR5,V25I,gnn_local_blosum_s42,-1
0.2,1.387118935585022,2PR5,V88L,gnn_local_blosum_s42,-1
0.7,0.8010740280151367,2PR5,V90I,gnn_local_blosum_s42,-1
6.597,0.4416820108890533,2VY0,E53A,gnn_local_blosum_s42,-1
-1.369,0.8940224051475525,3BCI,E96Q,gnn_local_blosum_s42,-1
0.65,0.0535618849098682,3D3B,D118A,gnn_local_blosum_s42,-1
0.6,0.1528462618589401,3D3B,D118E,gnn_local_blosum_s42,-1
1.6,0.0483129657804966,3D3B,D118K,gnn_local_blosum_s42,-1
1.34,0.0622763372957706,3D3B,D118N,gnn_local_blosum_s42,-1
1.41,0.0037443973124027,3D3B,D118R,gnn_local_blosum_s42,-1
-0.8,0.9232625365257264,3ECU,H46R,gnn_local_blosum_s42,-1
1.3,0.2098332494497299,3S4M,D122Y,gnn_local_blosum_s42,-1
2.5,0.5030267834663391,3S4M,G130V,gnn_local_blosum_s42,-1
-0.096,1.2629530429840088,3S4M,I154F,gnn_local_blosum_s42,-1
0.693,0.8630828857421875,3S4M,W155R,gnn_local_blosum_s42,-1
-0.99,0.622309148311615,4BJX,A89V,gnn_local_blosum_s42,-1
1.435,1.349410057067871,4BUQ,Y48A,gnn_local_blosum_s42,-1
-0.1,1.0307434797286987,4WAA,K65A,gnn_local_blosum_s42,-1
2.07,0.8100027441978455,4WAA,K67A,gnn_local_blosum_s42,-1
0.44,0.7138277888298035,4WAA,R27A,gnn_local_blosum_s42,-1
-0.413,0.4145007133483886,5VP3,R39K,gnn_local_blosum_s42,-1
1.745,0.9455336332321168,1BA3,H461D,gnn_local_blosum_s42,-1
-0.287,0.8700246810913086,1BA3,H489D,gnn_local_blosum_s42,-1
0.287,0.0183364935219287,1BA3,H489K,gnn_local_blosum_s42,-1
0.263,-0.3425921201705932,1BA3,H489M,gnn_local_blosum_s42,-1
1.81,0.8194625973701477,1DIV,V129A,gnn_local_blosum_s42,-1
0.455,1.2979004383087158,1F8I,F345A,gnn_local_blosum_s42,-1
-0.05,0.9561893343925476,1FT8,L349I,gnn_local_blosum_s42,-1
-0.0,0.5553823113441467,1LVM,S135G,gnn_local_blosum_s42,-1
0.88,0.3588660359382629,1NM1,D187N,gnn_local_blosum_s42,-1
1.9,0.140481412410736,1NM1,D187Y,gnn_local_blosum_s42,-1
2.4,1.2369486093521118,1PRE,C159S,gnn_local_blosum_s42,-1
4.2,1.1448394060134888,1R2Y,R244E,gnn_local_blosum_s42,-1
-0.358,0.5056160688400269,1XXN,N181R,gnn_local_blosum_s42,-1
-3.02,0.9426575899124146,3D2A,M134E,gnn_local_blosum_s42,-1
-3.34,0.7833401560783386,3D2A,M137P,gnn_local_blosum_s42,-1
-2.11,0.2681718170642853,3D2A,S163P,gnn_local_blosum_s42,-1
2.99,-0.0216218382120132,5OAQ,Y429H,gnn_local_blosum_s42,-1
0.7,0.89384925365448,1BFM,M35W,gnn_edge_s42,-1
0.4,1.0818506479263306,1BFM,M35Y,gnn_edge_s42,-1
0.04,0.507135272026062,1D5G,H71Y,gnn_edge_s42,-1
-0.91,1.0996001958847046,1D5G,I20F,gnn_edge_s42,-1
1.0,1.3970487117767334,1EKG,L198C,gnn_edge_s42,-1
2.0,2.3801345825195312,1EKG,L200C,gnn_edge_s42,-1
-1.0,1.3105254173278809,1EKG,L203C,gnn_edge_s42,-1
2.6,0.5656545162200928,1EKG,S181F,gnn_edge_s42,-1
-4.0,0.2911552786827087,1FRD,H42R,gnn_edge_s42,-1
1.1,2.120798349380493,1FXA,E94D,gnn_edge_s42,-1
0.4,1.7832645177841189,1FXA,E94K,gnn_edge_s42,-1
-0.6,2.587373971939087,1FXA,E94Q,gnn_edge_s42,-1
-1.0,0.2348487824201584,1FXA,E95K,gnn_edge_s42,-1
1.0,1.5067893266677856,1FXA,F65A,gnn_edge_s42,-1
0.9,0.4769586622714996,1FXA,F65I,gnn_edge_s42,-1
0.6,1.319554090499878,1FXA,F65W,gnn_edge_s42,-1
0.5,1.6584035158157349,1FXA,F65Y,gnn_edge_s42,-1
2.4,0.7624257802963257,1FXA,R42A,gnn_edge_s42,-1
1.4,1.0083690881729126,1FXA,R42H,gnn_edge_s42,-1
-0.1,0.9743746519088744,1FXA,T48A,gnn_edge_s42,-1
1.22,1.7726519107818604,1GLU,C500A,gnn_edge_s42,-1
1.963,2.1795427799224854,1GUA,A118G,gnn_edge_s42,-1
1.951,1.0347799062728882,1GUA,A118L,gnn_edge_s42,-1
2.149,1.057750582695007,1GUA,A85G,gnn_edge_s42,-1
0.863,1.252544641494751,1GUA,A97G,gnn_edge_s42,-1
-0.283,1.1144801378250122,1GUA,C81A,gnn_edge_s42,-1
0.912,0.8570470809936523,1GUA,C81I,gnn_edge_s42,-1
0.08,0.5028390884399414,1GUA,C95A,gnn_edge_s42,-1
1.759,2.0590689182281494,1GUA,C96A,gnn_edge_s42,-1
0.043,1.6482990980148315,1GUA,C96L,gnn_edge_s42,-1
0.337,1.1811699867248535,1GUA,C96M,gnn_edge_s42,-1
0.706,0.5770983695983887,1GUA,D117A,gnn_edge_s42,-1
0.855,0.7756180763244629,1GUA,D129A,gnn_edge_s42,-1
0.493,0.3676414489746094,1GUA,D80A,gnn_edge_s42,-1
-0.021,0.4758049547672272,1GUA,E104A,gnn_edge_s42,-1
0.101,0.5664780139923096,1GUA,E124A,gnn_edge_s42,-1
0.591,0.8337887525558472,1GUA,E125A,gnn_edge_s42,-1
3.274,2.8656275272369385,1GUA,I58A,gnn_edge_s42,-1
1.2990000000000002,2.107337474822998,1GUA,I58F,gnn_edge_s42,-1
0.7709999999999999,2.13975477218628,1GUA,I58L,gnn_edge_s42,-1
0.327,1.1027182340621948,1GUA,K109A,gnn_edge_s42,-1
2.593,1.698562741279602,1GUA,L112A,gnn_edge_s42,-1
2.5340000000000003,1.7885823249816897,1GUA,L121A,gnn_edge_s42,-1
3.405,1.7378756999969482,1GUA,L126A,gnn_edge_s42,-1
3.46,1.4467809200286863,1GUA,L62A,gnn_edge_s42,-1
3.803,1.9162769317626955,1GUA,L78A,gnn_edge_s42,-1
3.529,1.7465280294418335,1GUA,L82A,gnn_edge_s42,-1
1.6,1.111426591873169,1GUA,L82I,gnn_edge_s42,-1
1.7,1.3469557762145996,1GUA,L82V,gnn_edge_s42,-1
3.2260000000000004,1.942758202552796,1GUA,L86A,gnn_edge_s42,-1
1.575,1.7705450057983398,1GUA,L91A,gnn_edge_s42,-1
0.961,1.0428235530853271,1GUA,M76A,gnn_edge_s42,-1
-0.271,0.953348994255066,1GUA,N56M,gnn_edge_s42,-1
1.14,1.2321321964263916,1GUA,N64A,gnn_edge_s42,-1
1.7080000000000002,1.4468953609466553,1GUA,P63A,gnn_edge_s42,-1
0.0819999999999999,1.7875279188156128,1GUA,P93A,gnn_edge_s42,-1
0.504,1.41564679145813,1GUA,Q66A,gnn_edge_s42,-1
0.693,0.8555746078491211,1GUA,R100A,gnn_edge_s42,-1
-0.178,1.199507713317871,1GUA,R59A,gnn_edge_s42,-1
-1.078,0.715355634689331,1GUA,R89L,gnn_edge_s42,-1
1.5730000000000002,1.2438247203826904,1GUA,S77A,gnn_edge_s42,-1
-0.581,1.469177484512329,1GUA,S77T,gnn_edge_s42,-1
0.109,0.5624508857727051,1GUA,T68A,gnn_edge_s42,-1
3.3680000000000003,2.3693673610687256,1GUA,V128A,gnn_edge_s42,-1
2.251,1.7635047435760498,1GUA,V60A,gnn_edge_s42,-1
1.116,1.24253511428833,1GUA,V69A,gnn_edge_s42,-1
1.77,1.4182612895965576,1GUA,V70A,gnn_edge_s42,-1
1.052,1.8158520460128784,1GUA,V72A,gnn_edge_s42,-1
0.8640000000000001,1.6188433170318604,1GUA,V72I,gnn_edge_s42,-1
1.981,1.820026159286499,1GUA,V98A,gnn_edge_s42,-1
1.936,0.5856372117996216,1H0X,P18A,gnn_edge_s42,-1
2.5810000000000004,0.7072113752365112,1H0X,P62A,gnn_edge_s42,-1
2.09,1.382522702217102,1HCQ,C67A,gnn_edge_s42,-1
1.99,1.197248935699463,1HCQ,C67S,gnn_edge_s42,-1
-0.4,1.244353175163269,1IOJ,G15A,gnn_edge_s42,-1
-0.5,-0.0214067101478576,1IV7,A173C,gnn_edge_s42,-1
2.5,1.157991647720337,1IV7,F189C,gnn_edge_s42,-1
1.9,0.9030040502548218,1IV7,L162C,gnn_edge_s42,-1
-4.299,0.3036608099937439,1IV9,S76Y,gnn_edge_s42,-1
-0.1,1.5798547267913818,1J8I,K25A,gnn_edge_s42,-1
-0.1,0.9540079832077026,1J8I,K66A,gnn_edge_s42,-1
-0.8,0.7781400680541992,1J8I,R23A,gnn_edge_s42,-1
0.1,0.9959404468536376,1J8I,R35A,gnn_edge_s42,-1
-0.7,0.6857967376708984,1J8I,R43A,gnn_edge_s42,-1
0.1,0.9084469079971312,1J8I,R9A,gnn_edge_s42,-1
1.44,0.1247094571590423,1JL9,A25C,gnn_edge_s42,-1
1.6969999999999998,4.1884870529174805,1L6H,F39A,gnn_edge_s42,-1
0.55,2.3380746841430664,1L6H,Y45A,gnn_edge_s42,-1
1.482,2.59360408782959,1L6H,Y48A,gnn_edge_s42,-1
1.39,1.3045493364334106,1N88,F21A,gnn_edge_s42,-1
1.39,2.260537624359131,1N88,I39A,gnn_edge_s42,-1
2.79,1.5013145208358765,1N88,I80A,gnn_edge_s42,-1
2.35,2.3172097206115723,1N88,I89A,gnn_edge_s42,-1
1.52,1.7239861488342283,1N88,I8V,gnn_edge_s42,-1
1.52,0.7419781684875488,1N88,L13A,gnn_edge_s42,-1
1.11,0.8338809013366699,1N88,L57A,gnn_edge_s42,-1
1.94,0.4558174014091491,1N88,V12A,gnn_edge_s42,-1
2.84,2.559355020523072,1N88,V30A,gnn_edge_s42,-1
2.82,2.7905611991882324,1N88,V43A,gnn_edge_s42,-1
2.83,1.7597728967666626,1N88,V49A,gnn_edge_s42,-1
3.24,2.110460996627808,1N88,V51A,gnn_edge_s42,-1
3.73,2.4377222061157227,1N88,V54A,gnn_edge_s42,-1
2.82,3.127242088317871,1N88,V81A,gnn_edge_s42,-1
3.1,2.3593711853027344,1N88,V83A,gnn_edge_s42,-1
-0.06,0.3507843613624573,1N88,Y18A,gnn_edge_s42,-1
4.61,1.198541522026062,1N88,Y26A,gnn_edge_s42,-1
1.2,1.0449206829071045,1O6X,A31G,gnn_edge_s42,-1
1.4,1.4456323385238647,1O6X,A50G,gnn_edge_s42,-1
-0.36,-0.0031414628028869,1O6X,D38A,gnn_edge_s42,-1
0.3,0.1162468194961547,1O6X,E14A,gnn_edge_s42,-1
1.42,0.8302198648452759,1O6X,E20G,gnn_edge_s42,-1
1.88,0.9295798540115356,1O6X,F39L,gnn_edge_s42,-1
0.98,1.1826528310775757,1O6X,F65A,gnn_edge_s42,-1
0.61,0.7053350210189819,1O6X,H51A,gnn_edge_s42,-1
0.43,1.6415014266967771,1O6X,I15V,gnn_edge_s42,-1
-0.42,1.301332712173462,1O6X,I23V,gnn_edge_s42,-1
1.31,1.829941868782044,1O6X,I71V,gnn_edge_s42,-1
1.31,1.0668267011642456,1O6X,I75A,gnn_edge_s42,-1
1.98,1.1017005443572998,1O6X,K41A,gnn_edge_s42,-1
0.97,2.0556282997131348,1O6X,L26V,gnn_edge_s42,-1
0.08,0.4752267897129059,1O6X,N58A,gnn_edge_s42,-1
0.49,0.5331391096115112,1O6X,Q60G,gnn_edge_s42,-1
1.1,1.2570359706878662,1O6X,V12A,gnn_edge_s42,-1
1.08,2.0216593742370605,1O6X,V52A,gnn_edge_s42,-1
1.1,1.0275771617889404,1O6X,V64G,gnn_edge_s42,-1
2.78,0.2334075570106506,1O6X,Y73L,gnn_edge_s42,-1
0.13,1.1947044134140017,1R6R,I88N,gnn_edge_s42,-1
2.81,1.0574259757995603,1R6R,L50S,gnn_edge_s42,-1
0.24,0.698512077331543,1R6R,L54S,gnn_edge_s42,-1
6.84,1.6024601459503174,1R6R,L81N,gnn_edge_s42,-1
4.493,1.880183458328247,2BJD,V84D,gnn_edge_s42,-1
4.517,1.709297776222229,2BJD,V84P,gnn_edge_s42,-1
2.103,0.6298991441726685,2BJD,Y86E,gnn_edge_s42,-1
0.012,1.125666856765747,2C9Q,Y79F,gnn_edge_s42,-1
1.233,1.8201498985290527,2C9Q,Y79W,gnn_edge_s42,-1
-0.12,1.1354011297225952,2CLR,H13F,gnn_edge_s42,-1
-2.605,0.2643157839775085,2CLR,H31F,gnn_edge_s42,-1
1.912,1.3237407207489014,2CLR,H51F,gnn_edge_s42,-1
2.629,0.8626667261123657,2CLR,H84A,gnn_edge_s42,-1
-0.89,0.7873626947402954,2DVV,Q443H,gnn_edge_s42,-1
0.02,0.6785646677017212,2DVV,R419W,gnn_edge_s42,-1
0.32,0.7385952472686768,2HBB,A22G,gnn_edge_s42,-1
1.79,2.1748743057250977,2HBB,A26G,gnn_edge_s42,-1
1.55,2.016353845596313,2HBB,A36G,gnn_edge_s42,-1
1.59,1.0769801139831543,2HBB,A39G,gnn_edge_s42,-1
0.33,0.1049641668796539,2HBB,A42G,gnn_edge_s42,-1
0.55,0.6789870262145996,2HBB,A46G,gnn_edge_s42,-1
0.22,0.2372698187828064,2HBB,A49G,gnn_edge_s42,-1
0.03,0.4307721555233001,2HBB,D23A,gnn_edge_s42,-1
0.79,0.6654199361801147,2HBB,D23N,gnn_edge_s42,-1
1.3,0.3767533004283905,2HBB,D8A,gnn_edge_s42,-1
0.38,0.3934656679630279,2HBB,D8N,gnn_edge_s42,-1
1.69,0.5315645933151245,2HBB,E17A,gnn_edge_s42,-1
0.33,0.3473989367485046,2HBB,E17Q,gnn_edge_s42,-1
0.41,0.3262573182582855,2HBB,E38A,gnn_edge_s42,-1
0.68,0.6630163192749023,2HBB,E38Q,gnn_edge_s42,-1
-0.07,0.0935239195823669,2HBB,E48Q,gnn_edge_s42,-1
2.84,1.8824598789215088,2HBB,F31A,gnn_edge_s42,-1
1.15,0.5727037191390991,2HBB,F5L,gnn_edge_s42,-1
-0.02,1.2780190706253052,2HBB,G24A,gnn_edge_s42,-1
1.02,0.6032403111457825,2HBB,G34A,gnn_edge_s42,-1
2.05,1.1543830633163452,2HBB,I18A,gnn_edge_s42,-1
0.07,0.8153131008148193,2HBB,I18V,gnn_edge_s42,-1
1.28,1.7766330242156982,2HBB,I37A,gnn_edge_s42,-1
-0.09,1.2447404861450195,2HBB,I37V,gnn_edge_s42,-1
0.59,1.3853158950805664,2HBB,I4V,gnn_edge_s42,-1
-0.13,0.2676208615303039,2HBB,K10E,gnn_edge_s42,-1
-0.47,0.3262451589107513,2HBB,K10M,gnn_edge_s42,-1
-0.61,0.4489965140819549,2HBB,K12A,gnn_edge_s42,-1
-0.03,0.6798759698867798,2HBB,K12G,gnn_edge_s42,-1
-1.8,0.1907344907522201,2HBB,K12M,gnn_edge_s42,-1
0.73,0.4751786589622497,2HBB,K14A,gnn_edge_s42,-1
1.3,0.3324462175369262,2HBB,K14G,gnn_edge_s42,-1
0.34,0.0848495811223983,2HBB,K14M,gnn_edge_s42,-1
1.74,0.01259745657444,2HBB,K15G,gnn_edge_s42,-1
0.44,-0.0747914612293243,2HBB,K15M,gnn_edge_s42,-1
-0.21,-0.075470358133316,2HBB,K7M,gnn_edge_s42,-1
2.76,2.1508607864379883,2HBB,L30A,gnn_edge_s42,-1
1.21,1.5457231998443604,2HBB,L35A,gnn_edge_s42,-1
1.73,1.0368837118148804,2HBB,L44A,gnn_edge_s42,-1
0.84,1.2070062160491943,2HBB,L47A,gnn_edge_s42,-1
3.1,1.5227482318878174,2HBB,L6A,gnn_edge_s42,-1
1.46,1.2999188899993896,2HBB,M1A,gnn_edge_s42,-1
0.8,-0.0491363704204559,2HBB,T40S,gnn_edge_s42,-1
2.33,1.5796313285827637,2HBB,V21A,gnn_edge_s42,-1
2.55,2.164645195007324,2HBB,V3A,gnn_edge_s42,-1
1.81,1.5643091201782229,2HBB,V9A,gnn_edge_s42,-1
2.54,0.7317832708358765,2JUC,C57D,gnn_edge_s42,-1
0.71,0.861555814743042,2JUC,C57S,gnn_edge_s42,-1
1.75,0.6937570571899414,2JUC,R18A,gnn_edge_s42,-1
-1.2,1.2831944227218628,2KJ3,D288A,gnn_edge_s42,-1
-1.9,0.3580818772315979,2KJ3,E272A,gnn_edge_s42,-1
0.8,1.8311634063720703,2KJ3,G278A,gnn_edge_s42,-1
-1.5,0.5856866836547852,2KJ3,K229A,gnn_edge_s42,-1
-1.0,2.111854314804077,2KJ3,L241A,gnn_edge_s42,-1
-1.4,0.4522237479686737,2KJ3,S273A,gnn_edge_s42,-1
-1.0,1.6933393478393557,2KJ3,V239A,gnn_edge_s42,-1
-1.0,1.141466498374939,2KJ3,V264A,gnn_edge_s42,-1
-0.2,1.6875542402267456,2KJ3,V267A,gnn_edge_s42,-1
0.24,1.3728169202804563,2MPC,A89T,gnn_edge_s42,-1
-0.62,0.406208723783493,2MPC,R42A,gnn_edge_s42,-1
-2.08,0.0953598916530609,2MPC,R42W,gnn_edge_s42,-1
0.6,0.6002424955368042,2N7Z,P88A,gnn_edge_s42,-1
-0.44,1.9301433563232424,2OUO,A420D,gnn_edge_s42,-1
2.43,1.3788713216781616,2PTL,A22G,gnn_edge_s42,-1
-0.1,0.8984240293502808,2PTL,A27P,gnn_edge_s42,-1
0.83,0.711077094078064,2PTL,A27V,gnn_edge_s42,-1
2.17,1.1659629344940186,2PTL,A34G,gnn_edge_s42,-1
-1.47,-0.1169303059577941,2PTL,A34V,gnn_edge_s42,-1
2.54,1.1374082565307615,2PTL,A43G,gnn_edge_s42,-1
3.1,2.2719783782958984,2PTL,A47G,gnn_edge_s42,-1
1.32,0.7114095687866211,2PTL,A49G,gnn_edge_s42,-1
3.12,2.273564338684082,2PTL,A51G,gnn_edge_s42,-1
0.49,0.9208530187606812,2PTL,A66G,gnn_edge_s42,-1
1.21,0.4635492265224457,2PTL,D52A,gnn_edge_s42,-1
2.14,0.4298008680343628,2PTL,D52G,gnn_edge_s42,-1
0.2,-0.1723450720310211,2PTL,D64A,gnn_edge_s42,-1
0.59,0.6243513822555542,2PTL,E35A,gnn_edge_s42,-1
1.19,0.4448799192905426,2PTL,E46G,gnn_edge_s42,-1
1.08,0.5270525217056274,2PTL,E46I,gnn_edge_s42,-1
0.23,1.2258732318878174,2PTL,E60A,gnn_edge_s42,-1
3.12,2.4647350311279297,2PTL,F26A,gnn_edge_s42,-1
0.68,2.131199836730957,2PTL,F26L,gnn_edge_s42,-1
4.15,1.5749729871749878,2PTL,F36A,gnn_edge_s42,-1
3.12,0.9895670413970948,2PTL,F36L,gnn_edge_s42,-1
3.08,1.7970972061157229,2PTL,F40G,gnn_edge_s42,-1
0.38,1.0611226558685305,2PTL,F40L,gnn_edge_s42,-1
3.34,1.9671589136123653,2PTL,F76L,gnn_edge_s42,-1
3.73,1.6397099494934082,2PTL,F76V,gnn_edge_s42,-1
1.52,0.3852620124816894,2PTL,G29A,gnn_edge_s42,-1
2.53,0.3168003559112549,2PTL,G29V,gnn_edge_s42,-1
2.08,1.0248438119888306,2PTL,G38A,gnn_edge_s42,-1
2.23,1.4168853759765625,2PTL,G59A,gnn_edge_s42,-1
2.04,1.4635237455368042,2PTL,G69A,gnn_edge_s42,-1
4.9,2.439145088195801,2PTL,I20A,gnn_edge_s42,-1
0.56,1.2799402475357056,2PTL,I20V,gnn_edge_s42,-1
1.37,1.69306743144989,2PTL,I25A,gnn_edge_s42,-1
0.47,0.8263403177261353,2PTL,I25V,gnn_edge_s42,-1
4.72,2.692315101623535,2PTL,I74A,gnn_edge_s42,-1
1.69,1.4857888221740725,2PTL,I74V,gnn_edge_s42,-1
0.92,1.4076488018035889,2PTL,K21A,gnn_edge_s42,-1
0.88,1.395332098007202,2PTL,K37A,gnn_edge_s42,-1
-0.16,1.210384726524353,2PTL,K42G,gnn_edge_s42,-1
-0.58,2.0950889587402344,2PTL,K55A,gnn_edge_s42,-1
-0.35,1.163662075996399,2PTL,K56A,gnn_edge_s42,-1
0.09,1.8446178436279297,2PTL,K68A,gnn_edge_s42,-1
0.45,0.6079568862915039,2PTL,K75A,gnn_edge_s42,-1
3.12,2.8807950019836426,2PTL,L24A,gnn_edge_s42,-1
2.44,2.260688304901123,2PTL,L54A,gnn_edge_s42,-1
3.77,2.1975064277648926,2PTL,L72A,gnn_edge_s42,-1
1.87,0.0775548368692398,2PTL,N23A,gnn_edge_s42,-1
1.78,1.0485422611236572,2PTL,N28A,gnn_edge_s42,-1
0.34,2.110736608505249,2PTL,N58A,gnn_edge_s42,-1
1.73,1.2397994995117188,2PTL,N73A,gnn_edge_s42,-1
0.3,0.9997438192367554,2PTL,S30A,gnn_edge_s42,-1
-0.41,0.8755722045898438,2PTL,S45A,gnn_edge_s42,-1
0.82,0.7992392778396606,2PTL,S45G,gnn_edge_s42,-1
1.63,1.6912646293640137,2PTL,T19A,gnn_edge_s42,-1
1.17,1.0145103931427002,2PTL,T31A,gnn_edge_s42,-1
1.11,1.258014440536499,2PTL,T33A,gnn_edge_s42,-1
1.25,0.9191440343856812,2PTL,T39A,gnn_edge_s42,-1
1.09,1.5500767230987549,2PTL,T44A,gnn_edge_s42,-1
0.17,1.057422161102295,2PTL,T53G,gnn_edge_s42,-1
0.97,0.7190912961959839,2PTL,T62A,gnn_edge_s42,-1
1.83,1.779468059539795,2PTL,T71A,gnn_edge_s42,-1
1.22,1.8652511835098269,2PTL,V18A,gnn_edge_s42,-1
0.92,1.535730242729187,2PTL,V63A,gnn_edge_s42,-1
1.14,1.2889244556427002,2PTL,V65A,gnn_edge_s42,-1
2.82,1.6147881746292114,2PTL,Y48A,gnn_edge_s42,-1
2.46,1.6571433544158936,2PTL,Y50A,gnn_edge_s42,-1
1.66,2.3285508155822754,2PTL,Y70A,gnn_edge_s42,-1
-0.43,1.3170571327209473,2PTL,Y70L,gnn_edge_s42,-1
-1.05,-0.0145528614521026,2RPN,E7L,gnn_edge_s42,-1
-0.39,0.8064548969268799,2RPN,V21K,gnn_edge_s42,-1
-0.3,0.1783220469951629,2WQG,D15A,gnn_edge_s42,-1
-0.1,0.5490045547485352,2WQG,D38A,gnn_edge_s42,-1
2.2,0.8665510416030884,2WQG,D39A,gnn_edge_s42,-1
2.6,1.4753235578536987,2WQG,D39N,gnn_edge_s42,-1
0.1,0.223767876625061,2WQG,E40Q,gnn_edge_s42,-1
0.4,0.6559275388717651,2WQG,E41G,gnn_edge_s42,-1
0.9,1.507680892944336,2WQG,I36A,gnn_edge_s42,-1
0.3,1.2680264711380005,2WQG,I36V,gnn_edge_s42,-1
0.4,0.1907647997140884,2WQG,K14A,gnn_edge_s42,-1
1.9,0.4509966075420379,2WQG,K14G,gnn_edge_s42,-1
0.3,0.4963785707950592,2WQG,K19A,gnn_edge_s42,-1
0.6,0.805336594581604,2WQG,K28A,gnn_edge_s42,-1
0.5,1.4803829193115234,2WQG,L13A,gnn_edge_s42,-1
1.3,1.6206494569778442,2WQG,L16A,gnn_edge_s42,-1
2.0,1.3698234558105469,2WQG,L8A,gnn_edge_s42,-1
0.6,0.6859027147293091,2WQG,Q12A,gnn_edge_s42,-1
2.0,0.7060604095458984,2WQG,Q12G,gnn_edge_s42,-1
-0.1,0.5206188559532166,2WQG,Q33A,gnn_edge_s42,-1
0.8,0.8182511329650879,2WQG,R34A,gnn_edge_s42,-1
0.6,0.5825656652450562,2WQG,S23A,gnn_edge_s42,-1
-0.1,0.2270423769950866,2WQG,S6A,gnn_edge_s42,-1
0.2,0.4153753817081451,2WQG,S6G,gnn_edge_s42,-1
-0.1,0.6657134294509888,2WQG,T9S,gnn_edge_s42,-1
0.1,1.0271605253219604,2WQG,V10A,gnn_edge_s42,-1
0.7,1.3084290027618408,2WQG,V10G,gnn_edge_s42,-1
-0.4,0.5122398138046265,2WQG,V11A,gnn_edge_s42,-1
-0.1,0.7909978628158569,2WQG,V11G,gnn_edge_s42,-1
0.5,1.3308861255645752,2WQG,V24A,gnn_edge_s42,-1
2.4,1.618541955947876,2WQG,Y5F,gnn_edge_s42,-1
0.74,0.8083049058914185,2ZTA,E11Q,gnn_edge_s42,-1
-0.2,0.7911789417266846,2ZTA,E20Q,gnn_edge_s42,-1
1.83,0.6509150266647339,2ZTA,E22Q,gnn_edge_s42,-1
0.41,0.8567070960998535,2ZTA,K15A,gnn_edge_s42,-1
0.91,0.3329276144504547,2ZTA,K27A,gnn_edge_s42,-1
0.06,0.5331107378005981,2ZTA,K28A,gnn_edge_s42,-1
0.39,0.6351763010025024,2ZTA,K8A,gnn_edge_s42,-1
1.66,0.6356567740440369,2ZTA,R25A,gnn_edge_s42,-1
1.506,1.4374430179595947,3BN0,I20V,gnn_edge_s42,-1
-0.43,1.9889451265335083,3C2I,F155S,gnn_edge_s42,-1
-0.47,1.0949558019638062,3C2I,T158A,gnn_edge_s42,-1
-0.25,0.6721481084823608,3C2I,T158M,gnn_edge_s42,-1
0.5,0.2089172303676605,3FIS,P61A,gnn_edge_s42,-1
-0.34,0.0911171212792396,3G1G,D155Y,gnn_edge_s42,-1
0.74,2.111505508422852,3G1G,F167Y,gnn_edge_s42,-1
0.17,0.7223888635635376,3G1G,I190V,gnn_edge_s42,-1
-1.32,0.3610103130340576,3G1G,R185W,gnn_edge_s42,-1
3.35,0.7686558961868286,3K82,E334L,gnn_edge_s42,-1
1.68,2.0954301357269287,3K82,E334Q,gnn_edge_s42,-1
-5.49,0.6855566501617432,3K82,E401R,gnn_edge_s42,-1
-1.194,0.8824100494384766,3MON,R39G,gnn_edge_s42,-1
2.866,0.6319913864135742,3MON,W3C,gnn_edge_s42,-1
3.25,2.3874728679656982,3O39,L32P,gnn_edge_s42,-1
-2.03,0.8172775506973267,3S92,H395R,gnn_edge_s42,-1
-0.574,0.5681273937225342,4N6V,H75W,gnn_edge_s42,-1
1.362,1.0287940502166748,4N6V,P36G,gnn_edge_s42,-1
-1.745,0.6099470853805542,4N6V,P79S,gnn_edge_s42,-1
0.71,1.0490306615829468,4YEE,V134T,gnn_edge_s42,-1
0.93,-0.1269653737545013,4YEF,T134V,gnn_edge_s42,-1
1.44,-0.0316679030656814,5JXB,D329G,gnn_edge_s42,-1
1.44,0.144251137971878,5JXB,D329P,gnn_edge_s42,-1
1.8,1.0249079465866089,1A0F,S11A,gnn_edge_s42,-1
2.69,0.6909170150756836,1A7V,A104H,gnn_edge_s42,-1
1.98,0.775062084197998,1A7V,A66H,gnn_edge_s42,-1
1.7,1.5186011791229248,1A7V,A91H,gnn_edge_s42,-1
1.36,0.3460712432861328,1A7V,D3H,gnn_edge_s42,-1
2.05,0.5960410833358765,1A7V,D58H,gnn_edge_s42,-1
3.01,0.9047247171401978,1A7V,E73H,gnn_edge_s42,-1
0.6,0.8055933713912964,1A7V,K13H,gnn_edge_s42,-1
2.88,0.984344482421875,1A7V,K20H,gnn_edge_s42,-1
1.36,0.7411047220230103,1A7V,K31H,gnn_edge_s42,-1
1.86,0.3456476926803589,1A7V,K39H,gnn_edge_s42,-1
2.02,0.5024658441543579,1A7V,K49H,gnn_edge_s42,-1
2.88,0.142078548669815,1A7V,K84H,gnn_edge_s42,-1
1.97,0.5847568511962891,1A7V,K97H,gnn_edge_s42,-1
0.821,0.8380236625671387,1BNL,D76A,gnn_edge_s42,-1
0.46,0.5001039505004883,1DIV,D23A,gnn_edge_s42,-1
0.58,0.798977255821228,1DIV,D23N,gnn_edge_s42,-1
0.3,0.4079186022281647,1DIV,D8N,gnn_edge_s42,-1
0.98,0.2759878635406494,1DIV,E100A,gnn_edge_s42,-1
1.52,0.5173324942588806,1DIV,E100G,gnn_edge_s42,-1
0.21,0.7575134038925171,1DIV,E17Q,gnn_edge_s42,-1
0.56,0.7150604724884033,1DIV,E38Q,gnn_edge_s42,-1
-0.03,0.8382766246795654,1DIV,E48Q,gnn_edge_s42,-1
-0.33,0.2752147614955902,1DIV,E54Q,gnn_edge_s42,-1
1.53,0.7962864637374878,1DIV,H106Q,gnn_edge_s42,-1
3.52,1.2251378297805786,1DIV,I115A,gnn_edge_s42,-1
2.22,2.061917304992676,1DIV,I4A,gnn_edge_s42,-1
0.59,1.3470624685287476,1DIV,I4V,gnn_edge_s42,-1
3.49,1.6670572757720947,1DIV,I79A,gnn_edge_s42,-1
3.19,1.2076613903045654,1DIV,I93A,gnn_edge_s42,-1
4.28,1.8359930515289309,1DIV,I98A,gnn_edge_s42,-1
-0.05,0.4820873737335205,1DIV,K10M,gnn_edge_s42,-1
-0.01,0.1899851113557815,1DIV,K14M,gnn_edge_s42,-1
0.31,0.0707922726869583,1DIV,K15M,gnn_edge_s42,-1
-0.35,0.3109890520572662,1DIV,K7M,gnn_edge_s42,-1
-0.61,0.5000402927398682,1DIV,K96A,gnn_edge_s42,-1
0.2,0.6731572151184082,1DIV,K96G,gnn_edge_s42,-1
2.37,1.905404090881348,1DIV,L102A,gnn_edge_s42,-1
2.33,1.159440279006958,1DIV,L108A,gnn_edge_s42,-1
3.21,1.267363429069519,1DIV,L110A,gnn_edge_s42,-1
0.82,0.7672204971313477,1DIV,L117A,gnn_edge_s42,-1
2.76,2.061056613922119,1DIV,L30A,gnn_edge_s42,-1
3.62,1.3140991926193235,1DIV,L30V,gnn_edge_s42,-1
3.1,1.0556154251098633,1DIV,L6A,gnn_edge_s42,-1
0.13,0.8224970102310181,1DIV,L6I,gnn_edge_s42,-1
0.41,0.6129443645477295,1DIV,L6V,gnn_edge_s42,-1
3.77,1.3630092144012451,1DIV,L72A,gnn_edge_s42,-1
1.46,1.6066679954528809,1DIV,M1A,gnn_edge_s42,-1
2.36,2.0958659648895264,1DIV,M1G,gnn_edge_s42,-1
2.33,1.9196537733078003,1DIV,V21A,gnn_edge_s42,-1
0.4,1.2363317012786863,1DIV,V21I,gnn_edge_s42,-1
1.23,1.2572588920593262,1DIV,V21L,gnn_edge_s42,-1
2.55,2.2227609157562256,1DIV,V3A,gnn_edge_s42,-1
0.31,1.5028367042541504,1DIV,V3I,gnn_edge_s42,-1
2.21,1.4514706134796145,1DIV,V3L,gnn_edge_s42,-1
3.7,0.1007516533136367,1DXX,K18N,gnn_edge_s42,-1
-0.6,1.8806904554367063,1FH5,S18N,gnn_edge_s42,-1
1.38,1.208860158920288,1FT8,L212V,gnn_edge_s42,-1
0.35,1.231447696685791,1FT8,L238I,gnn_edge_s42,-1
-0.27,1.0462214946746826,1FT8,M216L,gnn_edge_s42,-1
1.6,0.9438246488571168,1GWY,A8D,gnn_edge_s42,-1
3.3,3.3986639976501465,1ITM,C24T,gnn_edge_s42,-1
5.0,-0.0632258355617523,1ITM,C3T,gnn_edge_s42,-1
-1.4,0.8679636716842651,1ITM,W91S,gnn_edge_s42,-1
1.162,0.2235321402549743,1JLV,E64D,gnn_edge_s42,-1
2.3040000000000003,0.4925605058670044,1JLV,E64N,gnn_edge_s42,-1
2.302,0.3373849391937256,1JLV,E64Q,gnn_edge_s42,-1
-1.4,0.241819366812706,1LVM,E106G,gnn_edge_s42,-1
-0.43,1.0985945463180542,1LVM,K45F,gnn_edge_s42,-1
-0.0,1.07646381855011,1LVM,L56V,gnn_edge_s42,-1
-0.6,0.6146008968353271,1LVM,Q58F,gnn_edge_s42,-1
2.5,1.0802717208862305,1N18,E100G,gnn_edge_s42,-1
1.4,2.693209648132324,1N18,G85R,gnn_edge_s42,-1
-1.4,2.9858853816986084,1N18,H46R,gnn_edge_s42,-1
3.3,0.2342335730791092,1O1U,E110A,gnn_edge_s42,-1
1.2,0.8860419988632202,1O1U,N61A,gnn_edge_s42,-1
0.3,-0.0874041616916656,1O1U,Q51A,gnn_edge_s42,-1
-0.3,0.597640335559845,1O1U,Q99A,gnn_edge_s42,-1
1.2,0.7669107913970947,1O1U,T38A,gnn_edge_s42,-1
1.2,0.9330782890319824,1O1U,W49Y,gnn_edge_s42,-1
0.05,1.6845054626464844,1OSI,I11V,gnn_edge_s42,-1
-0.39,1.72776198387146,1OSI,S92F,gnn_edge_s42,-1
0.78,1.4995434284210205,1OSI,V15I,gnn_edge_s42,-1
1.53,2.2807631492614746,1PFL,A20T,gnn_edge_s42,-1
1.96,0.6049209833145142,1PFL,G117V,gnn_edge_s42,-1
3.53,2.389139175415039,1PFL,M113T,gnn_edge_s42,-1
-0.07,0.7166571617126465,1PFL,T108M,gnn_edge_s42,-1
0.3,1.015797734260559,1PRG,Q286P,gnn_edge_s42,-1
-0.06,0.7278589010238647,1PRG,R288H,gnn_edge_s42,-1
-0.03,0.8504691123962402,1PRG,V290M,gnn_edge_s42,-1
-0.8,0.5671690106391907,1SPD,C111S,gnn_edge_s42,-1
-0.1,0.979939579963684,1SPD,C6A,gnn_edge_s42,-1
2.9,1.189372181892395,1XWS,E124Q,gnn_edge_s42,-1
4.59,1.0219182968139648,1XWS,E135K,gnn_edge_s42,-1
3.22,1.164284348487854,1XWS,E142D,gnn_edge_s42,-1
3.3,1.3241746425628662,1XWS,Y53H,gnn_edge_s42,-1
0.86,0.4455237984657287,1XXN,N32D,gnn_edge_s42,-1
0.645,0.4137606620788574,1XXN,N54E,gnn_edge_s42,-1
-0.239,0.0068652480840682,1XXN,S22E,gnn_edge_s42,-1
0.645,0.695867657661438,1XXN,S27E,gnn_edge_s42,-1
-2.87,0.3471101522445678,1XZO,F42W,gnn_edge_s42,-1
2.89,1.3695958852767944,1XZO,W101F,gnn_edge_s42,-1
8.93,0.9448609352111816,1XZO,W36A,gnn_edge_s42,-1
4.25,0.7381818294525146,1XZO,W36F,gnn_edge_s42,-1
0.7170000000000001,1.1894166469573977,2ARF,H1069Q,gnn_edge_s42,-1
-1.07,-0.0767282247543335,2H3F,E12A,gnn_edge_s42,-1
-1.536,0.7258040904998779,2JIE,H104R,gnn_edge_s42,-1
0.209,-1.595216989517212,2JIE,Q22S,gnn_edge_s42,-1
1.246,0.8216379880905151,2JIE,S17A,gnn_edge_s42,-1
-0.951,0.9224811792373656,2JIE,S19A,gnn_edge_s42,-1
0.994,0.4194739758968353,2JIE,T18A,gnn_edge_s42,-1
-2.19,-1.015420913696289,2JIE,W123F,gnn_edge_s42,-1
-1.06,-0.609776496887207,2JIE,W123H,gnn_edge_s42,-1
3.443,2.7445385456085205,2JIE,Y21A,gnn_edge_s42,-1
-1.26,-0.2157123386859893,2KS4,D9A,gnn_edge_s42,-1
0.23,0.9987653493881226,2KS4,E2A,gnn_edge_s42,-1
1.57,1.5167107582092283,2LTB,L558P,gnn_edge_s42,-1
3.11,1.8536343574523928,2LTB,L569R,gnn_edge_s42,-1
3.34,0.9901714324951172,2LTB,M619K,gnn_edge_s42,-1
1.1,1.0459001064300537,2LTB,R533Q,gnn_edge_s42,-1
0.36,1.2447211742401123,2LTB,R555Q,gnn_edge_s42,-1
-1.79,0.7764085531234741,2LTB,R555W,gnn_edge_s42,-1
4.0,0.9166998863220216,2M5S,D302A,gnn_edge_s42,-1
2.0,2.1048479080200195,2M5S,H305A,gnn_edge_s42,-1
2.3,1.001412034034729,2NTE,R658C,gnn_edge_s42,-1
-0.5,-0.1291132569313049,2PR5,A33Y,gnn_edge_s42,-1
0.4,1.25919771194458,2PR5,A81M,gnn_edge_s42,-1
-0.3,0.5106296539306641,2PR5,D109E,gnn_edge_s42,-1
-0.3,0.0254767015576362,2PR5,H22K,gnn_edge_s42,-1
-1.2,0.0383023545145988,2PR5,H22W,gnn_edge_s42,-1
-2.9,0.4915905892848968,2PR5,M111F,gnn_edge_s42,-1
-0.9,0.279605507850647,2PR5,N107F,gnn_edge_s42,-1
-0.8,0.6229273080825806,2PR5,N107Y,gnn_edge_s42,-1
-1.1,0.5037893652915955,2PR5,N124F,gnn_edge_s42,-1
-2.6,1.2153031826019287,2PR5,N124Y,gnn_edge_s42,-1
-0.5,1.488854169845581,2PR5,T30M,gnn_edge_s42,-1
0.5,1.203538417816162,2PR5,T50M,gnn_edge_s42,-1
-0.2,0.2596849203109741,2PR5,T54Y,gnn_edge_s42,-1
-1.4,1.1213581562042236,2PR5,V120I,gnn_edge_s42,-1
-0.4,1.91868257522583,2PR5,V25I,gnn_edge_s42,-1
0.2,0.9462202787399292,2PR5,V88L,gnn_edge_s42,-1
0.7,1.3229968547821045,2PR5,V90I,gnn_edge_s42,-1
6.597,0.6153613328933716,2VY0,E53A,gnn_edge_s42,-1
-1.369,2.5983641147613525,3BCI,E96Q,gnn_edge_s42,-1
0.65,0.5062371492385864,3D3B,D118A,gnn_edge_s42,-1
0.6,0.4891040921211242,3D3B,D118E,gnn_edge_s42,-1
1.6,0.1277596354484558,3D3B,D118K,gnn_edge_s42,-1
1.34,0.3407346606254577,3D3B,D118N,gnn_edge_s42,-1
1.41,0.2309719324111938,3D3B,D118R,gnn_edge_s42,-1
-0.8,2.979773998260498,3ECU,H46R,gnn_edge_s42,-1
1.3,-0.1448307335376739,3S4M,D122Y,gnn_edge_s42,-1
2.5,0.1490893065929412,3S4M,G130V,gnn_edge_s42,-1
-0.096,1.4283140897750854,3S4M,I154F,gnn_edge_s42,-1
0.693,0.7664625644683838,3S4M,W155R,gnn_edge_s42,-1
-0.99,1.389100193977356,4BJX,A89V,gnn_edge_s42,-1
1.435,1.223381757736206,4BUQ,Y48A,gnn_edge_s42,-1
-0.1,1.03313148021698,4WAA,K65A,gnn_edge_s42,-1
2.07,1.0509098768234253,4WAA,K67A,gnn_edge_s42,-1
0.44,1.1938203573226929,4WAA,R27A,gnn_edge_s42,-1
-0.413,0.6692434549331665,5VP3,R39K,gnn_edge_s42,-1
1.745,1.285123586654663,1BA3,H461D,gnn_edge_s42,-1
-0.287,0.4126321077346802,1BA3,H489D,gnn_edge_s42,-1
0.287,0.3440586626529693,1BA3,H489K,gnn_edge_s42,-1
0.263,0.2462033927440643,1BA3,H489M,gnn_edge_s42,-1
1.81,1.0226062536239624,1DIV,V129A,gnn_edge_s42,-1
0.455,1.7784228324890137,1F8I,F345A,gnn_edge_s42,-1
-0.05,1.1415350437164309,1FT8,L349I,gnn_edge_s42,-1
-0.0,1.1889681816101074,1LVM,S135G,gnn_edge_s42,-1
0.88,1.337815284729004,1NM1,D187N,gnn_edge_s42,-1
1.9,0.9174817800521852,1NM1,D187Y,gnn_edge_s42,-1
2.4,3.308499813079834,1PRE,C159S,gnn_edge_s42,-1
4.2,1.379934787750244,1R2Y,R244E,gnn_edge_s42,-1
-0.358,0.5056521892547607,1XXN,N181R,gnn_edge_s42,-1
-3.02,1.2167316675186155,3D2A,M134E,gnn_edge_s42,-1
-3.34,1.0862033367156982,3D2A,M137P,gnn_edge_s42,-1
-2.11,1.1943024396896362,3D2A,S163P,gnn_edge_s42,-1
2.99,1.5033676624298096,5OAQ,Y429H,gnn_edge_s42,-1
0.7,0.9677073955535888,1BFM,M35W,gnn_global_s123,-1
0.4,0.9002118706703186,1BFM,M35Y,gnn_global_s123,-1
0.04,0.7196683883666992,1D5G,H71Y,gnn_global_s123,-1
-0.91,1.0973917245864868,1D5G,I20F,gnn_global_s123,-1
1.0,1.0339030027389526,1EKG,L198C,gnn_global_s123,-1
2.0,1.0274255275726318,1EKG,L200C,gnn_global_s123,-1
-1.0,0.8672344088554382,1EKG,L203C,gnn_global_s123,-1
2.6,0.6097897291183472,1EKG,S181F,gnn_global_s123,-1
-4.0,1.07142174243927,1FRD,H42R,gnn_global_s123,-1
1.1,1.1088600158691406,1FXA,E94D,gnn_global_s123,-1
0.4,1.0460017919540403,1FXA,E94K,gnn_global_s123,-1
-0.6,1.0167217254638672,1FXA,E94Q,gnn_global_s123,-1
-1.0,0.7933340668678284,1FXA,E95K,gnn_global_s123,-1
1.0,1.322345733642578,1FXA,F65A,gnn_global_s123,-1
0.9,1.2162381410598757,1FXA,F65I,gnn_global_s123,-1
0.6,1.3500077724456787,1FXA,F65W,gnn_global_s123,-1
0.5,1.2924624681472778,1FXA,F65Y,gnn_global_s123,-1
2.4,0.9428694248199464,1FXA,R42A,gnn_global_s123,-1
1.4,0.9827938079833984,1FXA,R42H,gnn_global_s123,-1
-0.1,1.1393481492996216,1FXA,T48A,gnn_global_s123,-1
1.22,1.7931681871414185,1GLU,C500A,gnn_global_s123,-1
1.963,0.8721997141838074,1GUA,A118G,gnn_global_s123,-1
1.951,0.6719250082969666,1GUA,A118L,gnn_global_s123,-1
2.149,0.9549518823623656,1GUA,A85G,gnn_global_s123,-1
0.863,0.9103491306304932,1GUA,A97G,gnn_global_s123,-1
-0.283,0.7751989960670471,1GUA,C81A,gnn_global_s123,-1
0.912,0.638884425163269,1GUA,C81I,gnn_global_s123,-1
0.08,0.6572102308273315,1GUA,C95A,gnn_global_s123,-1
1.759,0.9396531581878662,1GUA,C96A,gnn_global_s123,-1
0.043,0.7742403745651245,1GUA,C96L,gnn_global_s123,-1
0.337,0.8960272669792175,1GUA,C96M,gnn_global_s123,-1
0.706,0.4472636580467224,1GUA,D117A,gnn_global_s123,-1
0.855,0.6337990164756775,1GUA,D129A,gnn_global_s123,-1
0.493,0.3552560806274414,1GUA,D80A,gnn_global_s123,-1
-0.021,0.2656946182250976,1GUA,E104A,gnn_global_s123,-1
0.101,0.5641225576400757,1GUA,E124A,gnn_global_s123,-1
0.591,0.455262541770935,1GUA,E125A,gnn_global_s123,-1
3.274,1.2275524139404297,1GUA,I58A,gnn_global_s123,-1
1.2990000000000002,1.1133278608322144,1GUA,I58F,gnn_global_s123,-1
0.7709999999999999,1.064518928527832,1GUA,I58L,gnn_global_s123,-1
0.327,0.4760862588882446,1GUA,K109A,gnn_global_s123,-1
2.593,0.9635661840438844,1GUA,L112A,gnn_global_s123,-1
2.5340000000000003,1.0084441900253296,1GUA,L121A,gnn_global_s123,-1
3.405,1.0843020677566528,1GUA,L126A,gnn_global_s123,-1
3.46,1.09317147731781,1GUA,L62A,gnn_global_s123,-1
3.803,1.0592193603515625,1GUA,L78A,gnn_global_s123,-1
3.529,1.2616881132125854,1GUA,L82A,gnn_global_s123,-1
1.6,1.0989395380020142,1GUA,L82I,gnn_global_s123,-1
1.7,1.1812068223953247,1GUA,L82V,gnn_global_s123,-1
3.2260000000000004,1.1189254522323608,1GUA,L86A,gnn_global_s123,-1
1.575,0.9842296838760376,1GUA,L91A,gnn_global_s123,-1
0.961,0.6276100873947144,1GUA,M76A,gnn_global_s123,-1
-0.271,0.5447735786437988,1GUA,N56M,gnn_global_s123,-1
1.14,0.2808300852775574,1GUA,N64A,gnn_global_s123,-1
1.7080000000000002,0.5937238335609436,1GUA,P63A,gnn_global_s123,-1
0.0819999999999999,0.4937937259674072,1GUA,P93A,gnn_global_s123,-1
0.504,0.5385743379592896,1GUA,Q66A,gnn_global_s123,-1
0.693,0.6568973064422607,1GUA,R100A,gnn_global_s123,-1
-0.178,0.4174981713294983,1GUA,R59A,gnn_global_s123,-1
-1.078,0.6309605836868286,1GUA,R89L,gnn_global_s123,-1
1.5730000000000002,0.5154682993888855,1GUA,S77A,gnn_global_s123,-1
-0.581,0.538897693157196,1GUA,S77T,gnn_global_s123,-1
0.109,0.8958175182342529,1GUA,T68A,gnn_global_s123,-1
3.3680000000000003,1.153348088264465,1GUA,V128A,gnn_global_s123,-1
2.251,1.1094332933425903,1GUA,V60A,gnn_global_s123,-1
1.116,0.837668776512146,1GUA,V69A,gnn_global_s123,-1
1.77,1.059683918952942,1GUA,V70A,gnn_global_s123,-1
1.052,0.924526572227478,1GUA,V72A,gnn_global_s123,-1
0.8640000000000001,0.7728254795074463,1GUA,V72I,gnn_global_s123,-1
1.981,1.0963068008422852,1GUA,V98A,gnn_global_s123,-1
1.936,0.3061849474906921,1H0X,P18A,gnn_global_s123,-1
2.5810000000000004,0.1660124212503433,1H0X,P62A,gnn_global_s123,-1
2.09,1.6912137269973757,1HCQ,C67A,gnn_global_s123,-1
1.99,1.8234351873397827,1HCQ,C67S,gnn_global_s123,-1
-0.4,1.244281530380249,1IOJ,G15A,gnn_global_s123,-1
-0.5,0.6746259331703186,1IV7,A173C,gnn_global_s123,-1
2.5,0.7692244052886963,1IV7,F189C,gnn_global_s123,-1
1.9,0.8149265050888062,1IV7,L162C,gnn_global_s123,-1
-4.299,0.103030726313591,1IV9,S76Y,gnn_global_s123,-1
-0.1,0.7671313881874084,1J8I,K25A,gnn_global_s123,-1
-0.1,0.9105333089828492,1J8I,K66A,gnn_global_s123,-1
-0.8,0.976356029510498,1J8I,R23A,gnn_global_s123,-1
0.1,0.9743610620498656,1J8I,R35A,gnn_global_s123,-1
-0.7,0.9238975048065186,1J8I,R43A,gnn_global_s123,-1
0.1,0.8827932476997375,1J8I,R9A,gnn_global_s123,-1
1.44,1.810940504074097,1JL9,A25C,gnn_global_s123,-1
1.6969999999999998,2.0500376224517822,1L6H,F39A,gnn_global_s123,-1
0.55,1.6598985195159912,1L6H,Y45A,gnn_global_s123,-1
1.482,1.9359887838363647,1L6H,Y48A,gnn_global_s123,-1
1.39,0.7724711894989014,1N88,F21A,gnn_global_s123,-1
1.39,0.899523138999939,1N88,I39A,gnn_global_s123,-1
2.79,0.6429896354675293,1N88,I80A,gnn_global_s123,-1
2.35,0.8277477025985718,1N88,I89A,gnn_global_s123,-1
1.52,0.8386114835739136,1N88,I8V,gnn_global_s123,-1
1.52,0.8061297535896301,1N88,L13A,gnn_global_s123,-1
1.11,0.4869836568832397,1N88,L57A,gnn_global_s123,-1
1.94,0.7333160042762756,1N88,V12A,gnn_global_s123,-1
2.84,0.6893060207366943,1N88,V30A,gnn_global_s123,-1
2.82,0.8571590781211853,1N88,V43A,gnn_global_s123,-1
2.83,0.7109923362731934,1N88,V49A,gnn_global_s123,-1
3.24,0.6941980719566345,1N88,V51A,gnn_global_s123,-1
3.73,0.6868776082992554,1N88,V54A,gnn_global_s123,-1
2.82,0.8541581630706787,1N88,V81A,gnn_global_s123,-1
3.1,0.6802443861961365,1N88,V83A,gnn_global_s123,-1
-0.06,0.6748011708259583,1N88,Y18A,gnn_global_s123,-1
4.61,0.7156049013137817,1N88,Y26A,gnn_global_s123,-1
1.2,0.3934862017631531,1O6X,A31G,gnn_global_s123,-1
1.4,0.6436359882354736,1O6X,A50G,gnn_global_s123,-1
-0.36,0.2944564819335937,1O6X,D38A,gnn_global_s123,-1
0.3,0.4053568243980407,1O6X,E14A,gnn_global_s123,-1
1.42,0.1263812631368637,1O6X,E20G,gnn_global_s123,-1
1.88,0.6309669017791748,1O6X,F39L,gnn_global_s123,-1
0.98,0.593295156955719,1O6X,F65A,gnn_global_s123,-1
0.61,0.3704956769943237,1O6X,H51A,gnn_global_s123,-1
0.43,0.9025652408599854,1O6X,I15V,gnn_global_s123,-1
-0.42,0.5151709914207458,1O6X,I23V,gnn_global_s123,-1
1.31,0.6917150616645813,1O6X,I71V,gnn_global_s123,-1
1.31,0.727008581161499,1O6X,I75A,gnn_global_s123,-1
1.98,0.2417814880609512,1O6X,K41A,gnn_global_s123,-1
0.97,0.8998228311538696,1O6X,L26V,gnn_global_s123,-1
0.08,0.6219741106033325,1O6X,N58A,gnn_global_s123,-1
0.49,0.529944658279419,1O6X,Q60G,gnn_global_s123,-1
1.1,0.6584227085113525,1O6X,V12A,gnn_global_s123,-1
1.08,0.8301150798797607,1O6X,V52A,gnn_global_s123,-1
1.1,0.4967598915100097,1O6X,V64G,gnn_global_s123,-1
2.78,0.6081138253211975,1O6X,Y73L,gnn_global_s123,-1
0.13,0.270178735256195,1R6R,I88N,gnn_global_s123,-1
2.81,0.4714442491531372,1R6R,L50S,gnn_global_s123,-1
0.24,0.5919758081436157,1R6R,L54S,gnn_global_s123,-1
6.84,0.3987749814987182,1R6R,L81N,gnn_global_s123,-1
4.493,0.5774906873703003,2BJD,V84D,gnn_global_s123,-1
4.517,0.5424152612686157,2BJD,V84P,gnn_global_s123,-1
2.103,0.4218254685401916,2BJD,Y86E,gnn_global_s123,-1
0.012,1.5778626203536987,2C9Q,Y79F,gnn_global_s123,-1
1.233,1.6937605142593384,2C9Q,Y79W,gnn_global_s123,-1
-0.12,0.5923869609832764,2CLR,H13F,gnn_global_s123,-1
-2.605,0.7115143537521362,2CLR,H31F,gnn_global_s123,-1
1.912,0.6787768602371216,2CLR,H51F,gnn_global_s123,-1
2.629,0.8945729732513428,2CLR,H84A,gnn_global_s123,-1
-0.89,1.034082055091858,2DVV,Q443H,gnn_global_s123,-1
0.02,0.9786595106124878,2DVV,R419W,gnn_global_s123,-1
0.32,0.5416639447212219,2HBB,A22G,gnn_global_s123,-1
1.79,0.8942219018936157,2HBB,A26G,gnn_global_s123,-1
1.55,1.232297420501709,2HBB,A36G,gnn_global_s123,-1
1.59,1.0000418424606323,2HBB,A39G,gnn_global_s123,-1
0.33,0.3755578994750976,2HBB,A42G,gnn_global_s123,-1
0.55,0.4878700375556946,2HBB,A46G,gnn_global_s123,-1
0.22,0.3198773264884949,2HBB,A49G,gnn_global_s123,-1
0.03,0.0632539987564086,2HBB,D23A,gnn_global_s123,-1
0.79,0.1708638221025467,2HBB,D23N,gnn_global_s123,-1
1.3,-0.2400657385587692,2HBB,D8A,gnn_global_s123,-1
0.38,-0.1724449843168258,2HBB,D8N,gnn_global_s123,-1
1.69,0.0100262984633445,2HBB,E17A,gnn_global_s123,-1
0.33,0.0795230567455291,2HBB,E17Q,gnn_global_s123,-1
0.41,0.6602599620819092,2HBB,E38A,gnn_global_s123,-1
0.68,0.7219620943069458,2HBB,E38Q,gnn_global_s123,-1
-0.07,0.2428170889616012,2HBB,E48Q,gnn_global_s123,-1
2.84,0.979811429977417,2HBB,F31A,gnn_global_s123,-1
1.15,0.7370592355728149,2HBB,F5L,gnn_global_s123,-1
-0.02,0.2920058965682983,2HBB,G24A,gnn_global_s123,-1
1.02,0.6230342984199524,2HBB,G34A,gnn_global_s123,-1
2.05,0.8852411508560181,2HBB,I18A,gnn_global_s123,-1
0.07,0.7899993658065796,2HBB,I18V,gnn_global_s123,-1
1.28,1.242931842803955,2HBB,I37A,gnn_global_s123,-1
-0.09,1.1333791017532349,2HBB,I37V,gnn_global_s123,-1
0.59,1.1121467351913452,2HBB,I4V,gnn_global_s123,-1
-0.13,-0.0334081947803497,2HBB,K10E,gnn_global_s123,-1
-0.47,-0.157253235578537,2HBB,K10M,gnn_global_s123,-1
-0.61,0.4381898641586303,2HBB,K12A,gnn_global_s123,-1
-0.03,0.5036170482635498,2HBB,K12G,gnn_global_s123,-1
-1.8,0.4179189205169678,2HBB,K12M,gnn_global_s123,-1
0.73,-0.2225610911846161,2HBB,K14A,gnn_global_s123,-1
1.3,-0.2004436552524566,2HBB,K14G,gnn_global_s123,-1
0.34,-0.2013673186302185,2HBB,K14M,gnn_global_s123,-1
1.74,-0.005299724638462,2HBB,K15G,gnn_global_s123,-1
0.44,-0.0292306616902351,2HBB,K15M,gnn_global_s123,-1
-0.21,0.1160648316144943,2HBB,K7M,gnn_global_s123,-1
2.76,1.4057530164718628,2HBB,L30A,gnn_global_s123,-1
1.21,0.9791287183761596,2HBB,L35A,gnn_global_s123,-1
1.73,0.9882708787918092,2HBB,L44A,gnn_global_s123,-1
0.84,1.0154895782470703,2HBB,L47A,gnn_global_s123,-1
3.1,0.8536645174026489,2HBB,L6A,gnn_global_s123,-1
1.46,0.6547381281852722,2HBB,M1A,gnn_global_s123,-1
0.8,0.6686911582946777,2HBB,T40S,gnn_global_s123,-1
2.33,0.9663609266281128,2HBB,V21A,gnn_global_s123,-1
2.55,1.2679098844528198,2HBB,V3A,gnn_global_s123,-1
1.81,0.8023440837860107,2HBB,V9A,gnn_global_s123,-1
2.54,1.0857969522476196,2JUC,C57D,gnn_global_s123,-1
0.71,0.9943171739578248,2JUC,C57S,gnn_global_s123,-1
1.75,0.521683394908905,2JUC,R18A,gnn_global_s123,-1
-1.2,0.2036206573247909,2KJ3,D288A,gnn_global_s123,-1
-1.9,0.2008136063814163,2KJ3,E272A,gnn_global_s123,-1
0.8,0.6634250283241272,2KJ3,G278A,gnn_global_s123,-1
-1.5,0.3333085179328918,2KJ3,K229A,gnn_global_s123,-1
-1.0,0.9456896781921388,2KJ3,L241A,gnn_global_s123,-1
-1.4,0.3847689032554626,2KJ3,S273A,gnn_global_s123,-1
-1.0,0.9439237117767334,2KJ3,V239A,gnn_global_s123,-1
-1.0,0.7843800783157349,2KJ3,V264A,gnn_global_s123,-1
-0.2,0.9534670114517212,2KJ3,V267A,gnn_global_s123,-1
0.24,0.2789002060890198,2MPC,A89T,gnn_global_s123,-1
-0.62,-0.1946284770965576,2MPC,R42A,gnn_global_s123,-1
-2.08,-0.1985678076744079,2MPC,R42W,gnn_global_s123,-1
0.6,0.569195032119751,2N7Z,P88A,gnn_global_s123,-1
-0.44,0.9488849639892578,2OUO,A420D,gnn_global_s123,-1
2.43,0.8856399059295654,2PTL,A22G,gnn_global_s123,-1
-0.1,0.6010814905166626,2PTL,A27P,gnn_global_s123,-1
0.83,0.425037145614624,2PTL,A27V,gnn_global_s123,-1
2.17,0.7852948904037476,2PTL,A34G,gnn_global_s123,-1
-1.47,0.6690303087234497,2PTL,A34V,gnn_global_s123,-1
2.54,0.6833845376968384,2PTL,A43G,gnn_global_s123,-1
3.1,0.9139230251312256,2PTL,A47G,gnn_global_s123,-1
1.32,0.611292839050293,2PTL,A49G,gnn_global_s123,-1
3.12,0.893700361251831,2PTL,A51G,gnn_global_s123,-1
0.49,0.4707427024841308,2PTL,A66G,gnn_global_s123,-1
1.21,0.295809805393219,2PTL,D52A,gnn_global_s123,-1
2.14,0.3161997199058532,2PTL,D52G,gnn_global_s123,-1
0.2,0.3736081123352051,2PTL,D64A,gnn_global_s123,-1
0.59,0.2698569893836975,2PTL,E35A,gnn_global_s123,-1
1.19,0.4307053685188293,2PTL,E46G,gnn_global_s123,-1
1.08,0.2987927198410034,2PTL,E46I,gnn_global_s123,-1
0.23,0.1912530213594436,2PTL,E60A,gnn_global_s123,-1
3.12,0.6621991991996765,2PTL,F26A,gnn_global_s123,-1
0.68,0.5177170038223267,2PTL,F26L,gnn_global_s123,-1
4.15,0.7311403751373291,2PTL,F36A,gnn_global_s123,-1
3.12,0.6054550409317017,2PTL,F36L,gnn_global_s123,-1
3.08,0.7401254773139954,2PTL,F40G,gnn_global_s123,-1
0.38,0.5810579061508179,2PTL,F40L,gnn_global_s123,-1
3.34,0.6407044529914856,2PTL,F76L,gnn_global_s123,-1
3.73,0.7009825706481934,2PTL,F76V,gnn_global_s123,-1
1.52,0.3848361372947693,2PTL,G29A,gnn_global_s123,-1
2.53,0.3225577473640442,2PTL,G29V,gnn_global_s123,-1
2.08,0.37285977602005,2PTL,G38A,gnn_global_s123,-1
2.23,0.3103135228157043,2PTL,G59A,gnn_global_s123,-1
2.04,0.5817573070526123,2PTL,G69A,gnn_global_s123,-1
4.9,0.8969876766204834,2PTL,I20A,gnn_global_s123,-1
0.56,0.8101762533187866,2PTL,I20V,gnn_global_s123,-1
1.37,0.6326308250427246,2PTL,I25A,gnn_global_s123,-1
0.47,0.566179633140564,2PTL,I25V,gnn_global_s123,-1
4.72,1.0586763620376587,2PTL,I74A,gnn_global_s123,-1
1.69,0.978584885597229,2PTL,I74V,gnn_global_s123,-1
0.92,0.4634972214698791,2PTL,K21A,gnn_global_s123,-1
0.88,0.1634276062250137,2PTL,K37A,gnn_global_s123,-1
-0.16,0.3216145634651184,2PTL,K42G,gnn_global_s123,-1
-0.58,0.1272315233945846,2PTL,K55A,gnn_global_s123,-1
-0.35,0.1845182329416275,2PTL,K56A,gnn_global_s123,-1
0.09,0.3712183833122253,2PTL,K68A,gnn_global_s123,-1
0.45,0.4240916967391968,2PTL,K75A,gnn_global_s123,-1
3.12,1.019876480102539,2PTL,L24A,gnn_global_s123,-1
2.44,0.769107460975647,2PTL,L54A,gnn_global_s123,-1
3.77,0.9777548313140868,2PTL,L72A,gnn_global_s123,-1
1.87,0.4954769015312195,2PTL,N23A,gnn_global_s123,-1
1.78,0.3104749917984009,2PTL,N28A,gnn_global_s123,-1
0.34,0.3630731105804443,2PTL,N58A,gnn_global_s123,-1
1.73,0.4805486798286438,2PTL,N73A,gnn_global_s123,-1
0.3,0.3465517163276672,2PTL,S30A,gnn_global_s123,-1
-0.41,0.4360830783843994,2PTL,S45A,gnn_global_s123,-1
0.82,0.4550148248672485,2PTL,S45G,gnn_global_s123,-1
1.63,0.3886234164237976,2PTL,T19A,gnn_global_s123,-1
1.17,0.4300130605697632,2PTL,T31A,gnn_global_s123,-1
1.11,0.5093109607696533,2PTL,T33A,gnn_global_s123,-1
1.25,0.421303391456604,2PTL,T39A,gnn_global_s123,-1
1.09,0.6498405337333679,2PTL,T44A,gnn_global_s123,-1
0.17,0.4613200426101684,2PTL,T53G,gnn_global_s123,-1
0.97,0.4614070057868957,2PTL,T62A,gnn_global_s123,-1
1.83,0.5744221210479736,2PTL,T71A,gnn_global_s123,-1
1.22,0.6190057992935181,2PTL,V18A,gnn_global_s123,-1
0.92,0.7357043623924255,2PTL,V63A,gnn_global_s123,-1
1.14,0.6474205851554871,2PTL,V65A,gnn_global_s123,-1
2.82,0.7363425493240356,2PTL,Y48A,gnn_global_s123,-1
2.46,0.7755897045135498,2PTL,Y50A,gnn_global_s123,-1
1.66,0.6289806365966797,2PTL,Y70A,gnn_global_s123,-1
-0.43,0.4936733841896057,2PTL,Y70L,gnn_global_s123,-1
-1.05,0.6557316184043884,2RPN,E7L,gnn_global_s123,-1
-0.39,1.2256571054458618,2RPN,V21K,gnn_global_s123,-1
-0.3,0.6419821381568909,2WQG,D15A,gnn_global_s123,-1
-0.1,0.602210521697998,2WQG,D38A,gnn_global_s123,-1
2.2,0.771146297454834,2WQG,D39A,gnn_global_s123,-1
2.6,0.8884379863739014,2WQG,D39N,gnn_global_s123,-1
0.1,0.7213076949119568,2WQG,E40Q,gnn_global_s123,-1
0.4,0.6069076061248779,2WQG,E41G,gnn_global_s123,-1
0.9,1.2648135423660278,2WQG,I36A,gnn_global_s123,-1
0.3,1.152579426765442,2WQG,I36V,gnn_global_s123,-1
0.4,0.856925904750824,2WQG,K14A,gnn_global_s123,-1
1.9,0.893856406211853,2WQG,K14G,gnn_global_s123,-1
0.3,0.4931932687759399,2WQG,K19A,gnn_global_s123,-1
0.6,1.0769416093826294,2WQG,K28A,gnn_global_s123,-1
0.5,1.6370455026626587,2WQG,L13A,gnn_global_s123,-1
1.3,1.2474905252456665,2WQG,L16A,gnn_global_s123,-1
2.0,1.440740942955017,2WQG,L8A,gnn_global_s123,-1
0.6,0.9789873361587524,2WQG,Q12A,gnn_global_s123,-1
2.0,1.0179213285446167,2WQG,Q12G,gnn_global_s123,-1
-0.1,0.6971900463104248,2WQG,Q33A,gnn_global_s123,-1
0.8,0.9626885652542114,2WQG,R34A,gnn_global_s123,-1
0.6,0.7325424551963806,2WQG,S23A,gnn_global_s123,-1
-0.1,0.8174527883529663,2WQG,S6A,gnn_global_s123,-1
0.2,0.8382751941680908,2WQG,S6G,gnn_global_s123,-1
-0.1,1.310135006904602,2WQG,T9S,gnn_global_s123,-1
0.1,1.3975152969360352,2WQG,V10A,gnn_global_s123,-1
0.7,1.429601550102234,2WQG,V10G,gnn_global_s123,-1
-0.4,1.2115384340286257,2WQG,V11A,gnn_global_s123,-1
-0.1,1.2357922792434692,2WQG,V11G,gnn_global_s123,-1
0.5,1.107092261314392,2WQG,V24A,gnn_global_s123,-1
2.4,1.088493585586548,2WQG,Y5F,gnn_global_s123,-1
0.74,0.3994477391242981,2ZTA,E11Q,gnn_global_s123,-1
-0.2,0.5030784606933594,2ZTA,E20Q,gnn_global_s123,-1
1.83,0.5424143075942993,2ZTA,E22Q,gnn_global_s123,-1
0.41,0.2773762345314026,2ZTA,K15A,gnn_global_s123,-1
0.91,1.0090346336364746,2ZTA,K27A,gnn_global_s123,-1
0.06,0.3099708557128906,2ZTA,K28A,gnn_global_s123,-1
0.39,0.4796351194381714,2ZTA,K8A,gnn_global_s123,-1
1.66,0.6397168636322021,2ZTA,R25A,gnn_global_s123,-1
1.506,0.7155716419219971,3BN0,I20V,gnn_global_s123,-1
-0.43,1.6724190711975098,3C2I,F155S,gnn_global_s123,-1
-0.47,1.0609272718429563,3C2I,T158A,gnn_global_s123,-1
-0.25,1.061962366104126,3C2I,T158M,gnn_global_s123,-1
0.5,0.2872676849365234,3FIS,P61A,gnn_global_s123,-1
-0.34,0.750275731086731,3G1G,D155Y,gnn_global_s123,-1
0.74,1.2891547679901123,3G1G,F167Y,gnn_global_s123,-1
0.17,1.3463438749313354,3G1G,I190V,gnn_global_s123,-1
-1.32,0.943482518196106,3G1G,R185W,gnn_global_s123,-1
3.35,0.212512269616127,3K82,E334L,gnn_global_s123,-1
1.68,0.3461202979087829,3K82,E334Q,gnn_global_s123,-1
-5.49,0.3408905863761902,3K82,E401R,gnn_global_s123,-1
-1.194,0.3021981716156006,3MON,R39G,gnn_global_s123,-1
2.866,0.2855274677276611,3MON,W3C,gnn_global_s123,-1
3.25,0.7256761789321899,3O39,L32P,gnn_global_s123,-1
-2.03,0.7792240381240845,3S92,H395R,gnn_global_s123,-1
-0.574,0.1178440600633621,4N6V,H75W,gnn_global_s123,-1
1.362,0.2250164300203323,4N6V,P36G,gnn_global_s123,-1
-1.745,0.1414829194545745,4N6V,P79S,gnn_global_s123,-1
0.71,0.761827826499939,4YEE,V134T,gnn_global_s123,-1
0.93,0.4299060106277466,4YEF,T134V,gnn_global_s123,-1
1.44,0.0872605592012405,5JXB,D329G,gnn_global_s123,-1
1.44,0.132670059800148,5JXB,D329P,gnn_global_s123,-1
1.8,0.7172167301177979,1A0F,S11A,gnn_global_s123,-1
2.69,0.8643562197685242,1A7V,A104H,gnn_global_s123,-1
1.98,0.8747091293334961,1A7V,A66H,gnn_global_s123,-1
1.7,1.0548033714294434,1A7V,A91H,gnn_global_s123,-1
1.36,0.7003374099731445,1A7V,D3H,gnn_global_s123,-1
2.05,0.6395357251167297,1A7V,D58H,gnn_global_s123,-1
3.01,0.6387753486633301,1A7V,E73H,gnn_global_s123,-1
0.6,0.6346172094345093,1A7V,K13H,gnn_global_s123,-1
2.88,0.7535977363586426,1A7V,K20H,gnn_global_s123,-1
1.36,0.6549360156059265,1A7V,K31H,gnn_global_s123,-1
1.86,0.7904767990112305,1A7V,K39H,gnn_global_s123,-1
2.02,0.8137791752815247,1A7V,K49H,gnn_global_s123,-1
2.88,0.8548276424407959,1A7V,K84H,gnn_global_s123,-1
1.97,0.7801622152328491,1A7V,K97H,gnn_global_s123,-1
0.821,0.6873587369918823,1BNL,D76A,gnn_global_s123,-1
0.46,0.1428788006305694,1DIV,D23A,gnn_global_s123,-1
0.58,0.1893203109502792,1DIV,D23N,gnn_global_s123,-1
0.3,0.1434209197759628,1DIV,D8N,gnn_global_s123,-1
0.98,0.118462398648262,1DIV,E100A,gnn_global_s123,-1
1.52,0.1257832199335098,1DIV,E100G,gnn_global_s123,-1
0.21,0.189910277724266,1DIV,E17Q,gnn_global_s123,-1
0.56,0.4018480181694031,1DIV,E38Q,gnn_global_s123,-1
-0.03,0.1932180672883987,1DIV,E48Q,gnn_global_s123,-1
-0.33,0.0379184782505035,1DIV,E54Q,gnn_global_s123,-1
1.53,0.3446159362792969,1DIV,H106Q,gnn_global_s123,-1
3.52,0.4494649767875671,1DIV,I115A,gnn_global_s123,-1
2.22,0.6615208387374878,1DIV,I4A,gnn_global_s123,-1
0.59,0.6132844090461731,1DIV,I4V,gnn_global_s123,-1
3.49,0.5478068590164185,1DIV,I79A,gnn_global_s123,-1
3.19,0.5776731967926025,1DIV,I93A,gnn_global_s123,-1
4.28,0.6050997972488403,1DIV,I98A,gnn_global_s123,-1
-0.05,0.0618972927331924,1DIV,K10M,gnn_global_s123,-1
-0.01,0.013638325035572,1DIV,K14M,gnn_global_s123,-1
0.31,0.0326653718948364,1DIV,K15M,gnn_global_s123,-1
-0.35,0.1702433377504348,1DIV,K7M,gnn_global_s123,-1
-0.61,0.1253791600465774,1DIV,K96A,gnn_global_s123,-1
0.2,0.1332621723413467,1DIV,K96G,gnn_global_s123,-1
2.37,0.6127328872680664,1DIV,L102A,gnn_global_s123,-1
2.33,0.4770053625106811,1DIV,L108A,gnn_global_s123,-1
3.21,0.4273820519447326,1DIV,L110A,gnn_global_s123,-1
0.82,0.4665104150772095,1DIV,L117A,gnn_global_s123,-1
2.76,0.5771223306655884,1DIV,L30A,gnn_global_s123,-1
3.62,0.5272030830383301,1DIV,L30V,gnn_global_s123,-1
3.1,0.4280411601066589,1DIV,L6A,gnn_global_s123,-1
0.13,0.3524780869483948,1DIV,L6I,gnn_global_s123,-1
0.41,0.3935617804527282,1DIV,L6V,gnn_global_s123,-1
3.77,0.433251678943634,1DIV,L72A,gnn_global_s123,-1
1.46,0.4384097456932068,1DIV,M1A,gnn_global_s123,-1
2.36,0.4613580107688904,1DIV,M1G,gnn_global_s123,-1
2.33,0.5480613708496094,1DIV,V21A,gnn_global_s123,-1
0.4,0.4493973851203918,1DIV,V21I,gnn_global_s123,-1
1.23,0.4530155062675476,1DIV,V21L,gnn_global_s123,-1
2.55,0.6521247625350952,1DIV,V3A,gnn_global_s123,-1
0.31,0.5412405729293823,1DIV,V3I,gnn_global_s123,-1
2.21,0.5465326309204102,1DIV,V3L,gnn_global_s123,-1
3.7,0.1410425305366516,1DXX,K18N,gnn_global_s123,-1
-0.6,0.995705246925354,1FH5,S18N,gnn_global_s123,-1
1.38,0.9884711503982544,1FT8,L212V,gnn_global_s123,-1
0.35,0.884431004524231,1FT8,L238I,gnn_global_s123,-1
-0.27,0.8879445195198059,1FT8,M216L,gnn_global_s123,-1
1.6,0.5854198932647705,1GWY,A8D,gnn_global_s123,-1
3.3,0.2589528560638428,1ITM,C24T,gnn_global_s123,-1
5.0,0.181132897734642,1ITM,C3T,gnn_global_s123,-1
-1.4,0.2703321576118469,1ITM,W91S,gnn_global_s123,-1
1.162,0.4330395460128784,1JLV,E64D,gnn_global_s123,-1
2.3040000000000003,0.3828978538513183,1JLV,E64N,gnn_global_s123,-1
2.302,0.3674073219299316,1JLV,E64Q,gnn_global_s123,-1
-1.4,0.3714579939842224,1LVM,E106G,gnn_global_s123,-1
-0.43,0.4729607105255127,1LVM,K45F,gnn_global_s123,-1
-0.0,0.7359979748725891,1LVM,L56V,gnn_global_s123,-1
-0.6,0.6092013120651245,1LVM,Q58F,gnn_global_s123,-1
2.5,0.9445911645889282,1N18,E100G,gnn_global_s123,-1
1.4,1.1477450132369995,1N18,G85R,gnn_global_s123,-1
-1.4,1.1083356142044067,1N18,H46R,gnn_global_s123,-1
3.3,0.2946766018867492,1O1U,E110A,gnn_global_s123,-1
1.2,0.2288209348917007,1O1U,N61A,gnn_global_s123,-1
0.3,0.2573384046554565,1O1U,Q51A,gnn_global_s123,-1
-0.3,0.3700767755508423,1O1U,Q99A,gnn_global_s123,-1
1.2,0.3526630401611328,1O1U,T38A,gnn_global_s123,-1
1.2,0.4143790006637573,1O1U,W49Y,gnn_global_s123,-1
0.05,0.87354576587677,1OSI,I11V,gnn_global_s123,-1
-0.39,0.7225214242935181,1OSI,S92F,gnn_global_s123,-1
0.78,0.9484032392501832,1OSI,V15I,gnn_global_s123,-1
1.53,1.3866416215896606,1PFL,A20T,gnn_global_s123,-1
1.96,0.8865646719932556,1PFL,G117V,gnn_global_s123,-1
3.53,1.1458954811096191,1PFL,M113T,gnn_global_s123,-1
-0.07,1.0467780828475952,1PFL,T108M,gnn_global_s123,-1
0.3,0.4332554340362549,1PRG,Q286P,gnn_global_s123,-1
-0.06,0.471065878868103,1PRG,R288H,gnn_global_s123,-1
-0.03,0.5049614906311035,1PRG,V290M,gnn_global_s123,-1
-0.8,1.3267920017242432,1SPD,C111S,gnn_global_s123,-1
-0.1,1.4201430082321167,1SPD,C6A,gnn_global_s123,-1
2.9,0.3938824534416199,1XWS,E124Q,gnn_global_s123,-1
4.59,0.3968415260314941,1XWS,E135K,gnn_global_s123,-1
3.22,0.3549458384513855,1XWS,E142D,gnn_global_s123,-1
3.3,0.6656761169433594,1XWS,Y53H,gnn_global_s123,-1
0.86,0.6806640625,1XXN,N32D,gnn_global_s123,-1
0.645,0.6927779316902161,1XXN,N54E,gnn_global_s123,-1
-0.239,0.590250551700592,1XXN,S22E,gnn_global_s123,-1
0.645,0.7804642915725708,1XXN,S27E,gnn_global_s123,-1
-2.87,0.9872475862503052,1XZO,F42W,gnn_global_s123,-1
2.89,0.9357345104217528,1XZO,W101F,gnn_global_s123,-1
8.93,1.0162681341171265,1XZO,W36A,gnn_global_s123,-1
4.25,0.9542360305786132,1XZO,W36F,gnn_global_s123,-1
0.7170000000000001,1.0394004583358765,2ARF,H1069Q,gnn_global_s123,-1
-1.07,0.7452699542045593,2H3F,E12A,gnn_global_s123,-1
-1.536,0.4400719404220581,2JIE,H104R,gnn_global_s123,-1
0.209,0.4010730385780334,2JIE,Q22S,gnn_global_s123,-1
1.246,0.4416829347610473,2JIE,S17A,gnn_global_s123,-1
-0.951,0.3723146319389343,2JIE,S19A,gnn_global_s123,-1
0.994,0.5239104628562927,2JIE,T18A,gnn_global_s123,-1
-2.19,0.3964567184448242,2JIE,W123F,gnn_global_s123,-1
-1.06,0.4622768759727478,2JIE,W123H,gnn_global_s123,-1
3.443,0.5202332735061646,2JIE,Y21A,gnn_global_s123,-1
-1.26,0.3878520727157593,2KS4,D9A,gnn_global_s123,-1
0.23,0.4558174610137939,2KS4,E2A,gnn_global_s123,-1
1.57,0.919241428375244,2LTB,L558P,gnn_global_s123,-1
3.11,1.0775140523910522,2LTB,L569R,gnn_global_s123,-1
3.34,0.8215898275375366,2LTB,M619K,gnn_global_s123,-1
1.1,0.4810174107551574,2LTB,R533Q,gnn_global_s123,-1
0.36,0.6247335076332092,2LTB,R555Q,gnn_global_s123,-1
-1.79,0.5843019485473633,2LTB,R555W,gnn_global_s123,-1
4.0,0.7911052703857422,2M5S,D302A,gnn_global_s123,-1
2.0,0.9500629901885986,2M5S,H305A,gnn_global_s123,-1
2.3,0.4580235481262207,2NTE,R658C,gnn_global_s123,-1
-0.5,0.4223842620849609,2PR5,A33Y,gnn_global_s123,-1
0.4,0.550684928894043,2PR5,A81M,gnn_global_s123,-1
-0.3,0.5379394292831421,2PR5,D109E,gnn_global_s123,-1
-0.3,0.3190578818321228,2PR5,H22K,gnn_global_s123,-1
-1.2,0.2748891711235046,2PR5,H22W,gnn_global_s123,-1
-2.9,0.5042912364006042,2PR5,M111F,gnn_global_s123,-1
-0.9,0.497633695602417,2PR5,N107F,gnn_global_s123,-1
-0.8,0.5297123193740845,2PR5,N107Y,gnn_global_s123,-1
-1.1,0.3045701384544372,2PR5,N124F,gnn_global_s123,-1
-2.6,0.3226351141929626,2PR5,N124Y,gnn_global_s123,-1
-0.5,0.6344649791717529,2PR5,T30M,gnn_global_s123,-1
0.5,0.5313444137573242,2PR5,T50M,gnn_global_s123,-1
-0.2,0.4805359840393066,2PR5,T54Y,gnn_global_s123,-1
-1.4,0.6114393472671509,2PR5,V120I,gnn_global_s123,-1
-0.4,0.5225991010665894,2PR5,V25I,gnn_global_s123,-1
0.2,0.6493557691574097,2PR5,V88L,gnn_global_s123,-1
0.7,0.5847038626670837,2PR5,V90I,gnn_global_s123,-1
6.597,0.5131595730781555,2VY0,E53A,gnn_global_s123,-1
-1.369,0.5606091022491455,3BCI,E96Q,gnn_global_s123,-1
0.65,-0.0275460630655288,3D3B,D118A,gnn_global_s123,-1
0.6,0.0262871757149696,3D3B,D118E,gnn_global_s123,-1
1.6,0.0096392333507537,3D3B,D118K,gnn_global_s123,-1
1.34,0.0041665881872177,3D3B,D118N,gnn_global_s123,-1
1.41,-0.0191919207572937,3D3B,D118R,gnn_global_s123,-1
-0.8,1.065231442451477,3ECU,H46R,gnn_global_s123,-1
1.3,0.4627768993377685,3S4M,D122Y,gnn_global_s123,-1
2.5,0.668282687664032,3S4M,G130V,gnn_global_s123,-1
-0.096,0.8777797222137451,3S4M,I154F,gnn_global_s123,-1
0.693,0.5246847867965698,3S4M,W155R,gnn_global_s123,-1
-0.99,0.555163562297821,4BJX,A89V,gnn_global_s123,-1
1.435,0.98613440990448,4BUQ,Y48A,gnn_global_s123,-1
-0.1,0.4598235487937927,4WAA,K65A,gnn_global_s123,-1
2.07,0.4155900478363037,4WAA,K67A,gnn_global_s123,-1
0.44,0.2896941900253296,4WAA,R27A,gnn_global_s123,-1
-0.413,0.5841710567474365,5VP3,R39K,gnn_global_s123,-1
1.745,0.3597452640533447,1BA3,H461D,gnn_global_s123,-1
-0.287,0.31540447473526,1BA3,H489D,gnn_global_s123,-1
0.287,0.304792582988739,1BA3,H489K,gnn_global_s123,-1
0.263,0.2914554476737976,1BA3,H489M,gnn_global_s123,-1
1.81,0.2141317874193191,1DIV,V129A,gnn_global_s123,-1
0.455,0.3403194546699524,1F8I,F345A,gnn_global_s123,-1
-0.05,0.8620799779891968,1FT8,L349I,gnn_global_s123,-1
-0.0,0.6711599826812744,1LVM,S135G,gnn_global_s123,-1
0.88,0.3919813632965088,1NM1,D187N,gnn_global_s123,-1
1.9,0.3778451681137085,1NM1,D187Y,gnn_global_s123,-1
2.4,0.5725868940353394,1PRE,C159S,gnn_global_s123,-1
4.2,0.5902411937713623,1R2Y,R244E,gnn_global_s123,-1
-0.358,0.600559651851654,1XXN,N181R,gnn_global_s123,-1
-3.02,0.751894474029541,3D2A,M134E,gnn_global_s123,-1
-3.34,0.843453586101532,3D2A,M137P,gnn_global_s123,-1
-2.11,0.6873719096183777,3D2A,S163P,gnn_global_s123,-1
2.99,0.1093971878290176,5OAQ,Y429H,gnn_global_s123,-1
0.7,0.4151860773563385,1BFM,M35W,gnn_local_s123,-1
0.4,0.4405204057693481,1BFM,M35Y,gnn_local_s123,-1
0.04,0.6237687468528748,1D5G,H71Y,gnn_local_s123,-1
-0.91,1.3950510025024414,1D5G,I20F,gnn_local_s123,-1
1.0,1.4701792001724243,1EKG,L198C,gnn_local_s123,-1
2.0,1.4155749082565308,1EKG,L200C,gnn_local_s123,-1
-1.0,1.0829265117645264,1EKG,L203C,gnn_local_s123,-1
2.6,0.2646311223506927,1EKG,S181F,gnn_local_s123,-1
-4.0,0.6764540076255798,1FRD,H42R,gnn_local_s123,-1
1.1,1.0136345624923706,1FXA,E94D,gnn_local_s123,-1
0.4,0.5310894250869751,1FXA,E94K,gnn_local_s123,-1
-0.6,0.8520714044570923,1FXA,E94Q,gnn_local_s123,-1
-1.0,-0.0824019089341163,1FXA,E95K,gnn_local_s123,-1
1.0,1.5002785921096802,1FXA,F65A,gnn_local_s123,-1
0.9,0.950722336769104,1FXA,F65I,gnn_local_s123,-1
0.6,1.2637630701065063,1FXA,F65W,gnn_local_s123,-1
0.5,1.425331950187683,1FXA,F65Y,gnn_local_s123,-1
2.4,0.6028820872306824,1FXA,R42A,gnn_local_s123,-1
1.4,0.7194468379020691,1FXA,R42H,gnn_local_s123,-1
-0.1,1.1241203546524048,1FXA,T48A,gnn_local_s123,-1
1.22,1.696430802345276,1GLU,C500A,gnn_local_s123,-1
1.963,1.6056264638900757,1GUA,A118G,gnn_local_s123,-1
1.951,0.905777096748352,1GUA,A118L,gnn_local_s123,-1
2.149,1.282131552696228,1GUA,A85G,gnn_local_s123,-1
0.863,1.1614285707473757,1GUA,A97G,gnn_local_s123,-1
-0.283,1.2768466472625732,1GUA,C81A,gnn_local_s123,-1
0.912,0.5660765171051025,1GUA,C81I,gnn_local_s123,-1
0.08,0.6438090801239014,1GUA,C95A,gnn_local_s123,-1
1.759,1.6819974184036257,1GUA,C96A,gnn_local_s123,-1
0.043,1.1361571550369265,1GUA,C96L,gnn_local_s123,-1
0.337,1.3256207704544067,1GUA,C96M,gnn_local_s123,-1
0.706,-0.0694799646735191,1GUA,D117A,gnn_local_s123,-1
0.855,0.3636840879917145,1GUA,D129A,gnn_local_s123,-1
0.493,0.051677618175745,1GUA,D80A,gnn_local_s123,-1
-0.021,0.4124482870101928,1GUA,E104A,gnn_local_s123,-1
0.101,0.1735768914222717,1GUA,E124A,gnn_local_s123,-1
0.591,0.4722011983394623,1GUA,E125A,gnn_local_s123,-1
3.274,2.577260732650757,1GUA,I58A,gnn_local_s123,-1
1.2990000000000002,2.1815688610076904,1GUA,I58F,gnn_local_s123,-1
0.7709999999999999,2.0378808975219727,1GUA,I58L,gnn_local_s123,-1
0.327,0.3418750762939453,1GUA,K109A,gnn_local_s123,-1
2.593,1.1518744230270386,1GUA,L112A,gnn_local_s123,-1
2.5340000000000003,1.5770797729492188,1GUA,L121A,gnn_local_s123,-1
3.405,1.8284893035888672,1GUA,L126A,gnn_local_s123,-1
3.46,1.8568347692489624,1GUA,L62A,gnn_local_s123,-1
3.803,1.6677672863006592,1GUA,L78A,gnn_local_s123,-1
3.529,2.013315200805664,1GUA,L82A,gnn_local_s123,-1
1.6,1.306764006614685,1GUA,L82I,gnn_local_s123,-1
1.7,1.609500527381897,1GUA,L82V,gnn_local_s123,-1
3.2260000000000004,1.9426857233047483,1GUA,L86A,gnn_local_s123,-1
1.575,1.761696696281433,1GUA,L91A,gnn_local_s123,-1
0.961,0.4991967976093292,1GUA,M76A,gnn_local_s123,-1
-0.271,-0.0134018389508128,1GUA,N56M,gnn_local_s123,-1
1.14,0.3739025890827179,1GUA,N64A,gnn_local_s123,-1
1.7080000000000002,0.6443656086921692,1GUA,P63A,gnn_local_s123,-1
0.0819999999999999,0.3117314577102661,1GUA,P93A,gnn_local_s123,-1
0.504,0.6037955284118652,1GUA,Q66A,gnn_local_s123,-1
0.693,0.1847111731767654,1GUA,R100A,gnn_local_s123,-1
-0.178,0.5049394965171814,1GUA,R59A,gnn_local_s123,-1
-1.078,0.1236291825771331,1GUA,R89L,gnn_local_s123,-1
1.5730000000000002,0.5637904405593872,1GUA,S77A,gnn_local_s123,-1
-0.581,0.7151892781257629,1GUA,S77T,gnn_local_s123,-1
0.109,0.4798870682716369,1GUA,T68A,gnn_local_s123,-1
3.3680000000000003,2.049702882766724,1GUA,V128A,gnn_local_s123,-1
2.251,1.87161386013031,1GUA,V60A,gnn_local_s123,-1
1.116,1.3638478517532349,1GUA,V69A,gnn_local_s123,-1
1.77,1.7668195962905884,1GUA,V70A,gnn_local_s123,-1
1.052,1.7218471765518188,1GUA,V72A,gnn_local_s123,-1
0.8640000000000001,1.100211262702942,1GUA,V72I,gnn_local_s123,-1
1.981,1.5234887599945068,1GUA,V98A,gnn_local_s123,-1
1.936,0.0247747860848903,1H0X,P18A,gnn_local_s123,-1
2.5810000000000004,0.1526862829923629,1H0X,P62A,gnn_local_s123,-1
2.09,1.539993405342102,1HCQ,C67A,gnn_local_s123,-1
1.99,1.6841658353805542,1HCQ,C67S,gnn_local_s123,-1
-0.4,1.2931034564971924,1IOJ,G15A,gnn_local_s123,-1
-0.5,1.0495766401290894,1IV7,A173C,gnn_local_s123,-1
2.5,1.687505125999451,1IV7,F189C,gnn_local_s123,-1
1.9,1.5671695470809937,1IV7,L162C,gnn_local_s123,-1
-4.299,0.1932372748851776,1IV9,S76Y,gnn_local_s123,-1
-0.1,0.587804913520813,1J8I,K25A,gnn_local_s123,-1
-0.1,0.5108686685562134,1J8I,K66A,gnn_local_s123,-1
-0.8,0.6116542816162109,1J8I,R23A,gnn_local_s123,-1
0.1,0.8339856863021851,1J8I,R35A,gnn_local_s123,-1
-0.7,0.542975664138794,1J8I,R43A,gnn_local_s123,-1
0.1,0.4827372133731842,1J8I,R9A,gnn_local_s123,-1
1.44,-0.0931154265999794,1JL9,A25C,gnn_local_s123,-1
1.6969999999999998,2.097740650177002,1L6H,F39A,gnn_local_s123,-1
0.55,1.0946412086486816,1L6H,Y45A,gnn_local_s123,-1
1.482,1.5671272277832031,1L6H,Y48A,gnn_local_s123,-1
1.39,1.6077512502670288,1N88,F21A,gnn_local_s123,-1
1.39,2.022282838821411,1N88,I39A,gnn_local_s123,-1
2.79,1.2683656215667725,1N88,I80A,gnn_local_s123,-1
2.35,1.7021270990371704,1N88,I89A,gnn_local_s123,-1
1.52,1.7854703664779663,1N88,I8V,gnn_local_s123,-1
1.52,1.1031924486160278,1N88,L13A,gnn_local_s123,-1
1.11,0.8166724443435669,1N88,L57A,gnn_local_s123,-1
1.94,1.3767094612121582,1N88,V12A,gnn_local_s123,-1
2.84,1.8312747478485107,1N88,V30A,gnn_local_s123,-1
2.82,2.0939903259277344,1N88,V43A,gnn_local_s123,-1
2.83,1.2226535081863403,1N88,V49A,gnn_local_s123,-1
3.24,1.0829932689666748,1N88,V51A,gnn_local_s123,-1
3.73,1.3803220987319946,1N88,V54A,gnn_local_s123,-1
2.82,2.0077152252197266,1N88,V81A,gnn_local_s123,-1
3.1,1.3811428546905518,1N88,V83A,gnn_local_s123,-1
-0.06,0.5698354244232178,1N88,Y18A,gnn_local_s123,-1
4.61,1.5324534177780151,1N88,Y26A,gnn_local_s123,-1
1.2,0.9041427969932556,1O6X,A31G,gnn_local_s123,-1
1.4,1.0569628477096558,1O6X,A50G,gnn_local_s123,-1
-0.36,0.064179703593254,1O6X,D38A,gnn_local_s123,-1
0.3,-0.1140946969389915,1O6X,E14A,gnn_local_s123,-1
1.42,0.0825473144650459,1O6X,E20G,gnn_local_s123,-1
1.88,0.7455206513404846,1O6X,F39L,gnn_local_s123,-1
0.98,1.1243810653686523,1O6X,F65A,gnn_local_s123,-1
0.61,0.3172872066497803,1O6X,H51A,gnn_local_s123,-1
0.43,1.607215404510498,1O6X,I15V,gnn_local_s123,-1
-0.42,1.3151931762695312,1O6X,I23V,gnn_local_s123,-1
1.31,1.2696022987365725,1O6X,I71V,gnn_local_s123,-1
1.31,0.8925517797470093,1O6X,I75A,gnn_local_s123,-1
1.98,0.4168173372745514,1O6X,K41A,gnn_local_s123,-1
0.97,1.7300076484680176,1O6X,L26V,gnn_local_s123,-1
0.08,0.5328230857849121,1O6X,N58A,gnn_local_s123,-1
0.49,0.3215188682079315,1O6X,Q60G,gnn_local_s123,-1
1.1,1.0265940427780151,1O6X,V12A,gnn_local_s123,-1
1.08,1.5996564626693726,1O6X,V52A,gnn_local_s123,-1
1.1,1.2013559341430664,1O6X,V64G,gnn_local_s123,-1
2.78,0.2754672467708587,1O6X,Y73L,gnn_local_s123,-1
0.13,1.5176411867141724,1R6R,I88N,gnn_local_s123,-1
2.81,1.4205068349838257,1R6R,L50S,gnn_local_s123,-1
0.24,1.5711661577224731,1R6R,L54S,gnn_local_s123,-1
6.84,1.6293092966079712,1R6R,L81N,gnn_local_s123,-1
4.493,1.3300706148147583,2BJD,V84D,gnn_local_s123,-1
4.517,1.2546523809432983,2BJD,V84P,gnn_local_s123,-1
2.103,0.815624475479126,2BJD,Y86E,gnn_local_s123,-1
0.012,2.0300588607788086,2C9Q,Y79F,gnn_local_s123,-1
1.233,1.976212859153748,2C9Q,Y79W,gnn_local_s123,-1
-0.12,0.3643376231193542,2CLR,H13F,gnn_local_s123,-1
-2.605,0.2845303118228912,2CLR,H31F,gnn_local_s123,-1
1.912,0.1792490780353546,2CLR,H51F,gnn_local_s123,-1
2.629,1.1706722974777222,2CLR,H84A,gnn_local_s123,-1
-0.89,1.0057413578033447,2DVV,Q443H,gnn_local_s123,-1
0.02,0.6281656622886658,2DVV,R419W,gnn_local_s123,-1
0.32,0.4573916792869568,2HBB,A22G,gnn_local_s123,-1
1.79,1.4754811525344849,2HBB,A26G,gnn_local_s123,-1
1.55,1.380431056022644,2HBB,A36G,gnn_local_s123,-1
1.59,1.1429251432418823,2HBB,A39G,gnn_local_s123,-1
0.33,0.5829025506973267,2HBB,A42G,gnn_local_s123,-1
0.55,0.8766264915466309,2HBB,A46G,gnn_local_s123,-1
0.22,0.1785102039575576,2HBB,A49G,gnn_local_s123,-1
0.03,-0.4507879316806793,2HBB,D23A,gnn_local_s123,-1
0.79,-0.2682414948940277,2HBB,D23N,gnn_local_s123,-1
1.3,-0.0480666346848011,2HBB,D8A,gnn_local_s123,-1
0.38,-0.0601688362658023,2HBB,D8N,gnn_local_s123,-1
1.69,0.0478367395699024,2HBB,E17A,gnn_local_s123,-1
0.33,0.1250076293945312,2HBB,E17Q,gnn_local_s123,-1
0.41,0.3766421973705292,2HBB,E38A,gnn_local_s123,-1
0.68,0.7282236814498901,2HBB,E38Q,gnn_local_s123,-1
-0.07,-0.3342863023281097,2HBB,E48Q,gnn_local_s123,-1
2.84,1.2605624198913574,2HBB,F31A,gnn_local_s123,-1
1.15,0.8975630402565002,2HBB,F5L,gnn_local_s123,-1
-0.02,0.094616949558258,2HBB,G24A,gnn_local_s123,-1
1.02,0.2025128006935119,2HBB,G34A,gnn_local_s123,-1
2.05,0.8064837455749512,2HBB,I18A,gnn_local_s123,-1
0.07,0.2985117435455322,2HBB,I18V,gnn_local_s123,-1
1.28,1.659037947654724,2HBB,I37A,gnn_local_s123,-1
-0.09,1.2872376441955566,2HBB,I37V,gnn_local_s123,-1
0.59,1.2053978443145752,2HBB,I4V,gnn_local_s123,-1
-0.13,-0.4929644465446472,2HBB,K10E,gnn_local_s123,-1
-0.47,-0.4199550449848175,2HBB,K10M,gnn_local_s123,-1
-0.61,0.5529164671897888,2HBB,K12A,gnn_local_s123,-1
-0.03,0.8224276900291443,2HBB,K12G,gnn_local_s123,-1
-1.8,0.174835130572319,2HBB,K12M,gnn_local_s123,-1
0.73,-0.0086760846897959,2HBB,K14A,gnn_local_s123,-1
1.3,-0.067345306277275,2HBB,K14G,gnn_local_s123,-1
0.34,-0.3995431363582611,2HBB,K14M,gnn_local_s123,-1
1.74,-0.0070652617141604,2HBB,K15G,gnn_local_s123,-1
0.44,-0.5620000958442688,2HBB,K15M,gnn_local_s123,-1
-0.21,-0.3987545967102051,2HBB,K7M,gnn_local_s123,-1
2.76,1.7427338361740112,2HBB,L30A,gnn_local_s123,-1
1.21,1.342545986175537,2HBB,L35A,gnn_local_s123,-1
1.73,1.2655445337295532,2HBB,L44A,gnn_local_s123,-1
0.84,1.2987927198410034,2HBB,L47A,gnn_local_s123,-1
3.1,1.3216326236724854,2HBB,L6A,gnn_local_s123,-1
1.46,0.764111340045929,2HBB,M1A,gnn_local_s123,-1
0.8,0.3037714064121246,2HBB,T40S,gnn_local_s123,-1
2.33,1.3592966794967651,2HBB,V21A,gnn_local_s123,-1
2.55,1.775478720664978,2HBB,V3A,gnn_local_s123,-1
1.81,1.3540908098220823,2HBB,V9A,gnn_local_s123,-1
2.54,1.284150242805481,2JUC,C57D,gnn_local_s123,-1
0.71,0.9086319208145142,2JUC,C57S,gnn_local_s123,-1
1.75,0.6412900686264038,2JUC,R18A,gnn_local_s123,-1
-1.2,0.2556805610656738,2KJ3,D288A,gnn_local_s123,-1
-1.9,0.1799993216991424,2KJ3,E272A,gnn_local_s123,-1
0.8,0.8355250358581543,2KJ3,G278A,gnn_local_s123,-1
-1.5,0.0159950815141201,2KJ3,K229A,gnn_local_s123,-1
-1.0,1.6021180152893066,2KJ3,L241A,gnn_local_s123,-1
-1.4,0.9634409546852112,2KJ3,S273A,gnn_local_s123,-1
-1.0,1.876891732215881,2KJ3,V239A,gnn_local_s123,-1
-1.0,1.4268569946289062,2KJ3,V264A,gnn_local_s123,-1
-0.2,1.930761218070984,2KJ3,V267A,gnn_local_s123,-1
0.24,0.9714816808700562,2MPC,A89T,gnn_local_s123,-1
-0.62,-0.0913093984127044,2MPC,R42A,gnn_local_s123,-1
-2.08,-0.2751525938510895,2MPC,R42W,gnn_local_s123,-1
0.6,0.3727587163448334,2N7Z,P88A,gnn_local_s123,-1
-0.44,1.4988559484481812,2OUO,A420D,gnn_local_s123,-1
2.43,1.6366149187088013,2PTL,A22G,gnn_local_s123,-1
-0.1,0.6815170049667358,2PTL,A27P,gnn_local_s123,-1
0.83,-0.0147477490827441,2PTL,A27V,gnn_local_s123,-1
2.17,1.2992113828659058,2PTL,A34G,gnn_local_s123,-1
-1.47,0.7188143730163574,2PTL,A34V,gnn_local_s123,-1
2.54,1.5569555759429932,2PTL,A43G,gnn_local_s123,-1
3.1,1.7236955165863037,2PTL,A47G,gnn_local_s123,-1
1.32,0.8441120386123657,2PTL,A49G,gnn_local_s123,-1
3.12,1.5241814851760864,2PTL,A51G,gnn_local_s123,-1
0.49,0.354070246219635,2PTL,A66G,gnn_local_s123,-1
1.21,0.0962774008512497,2PTL,D52A,gnn_local_s123,-1
2.14,0.1086746901273727,2PTL,D52G,gnn_local_s123,-1
0.2,-0.2601745724678039,2PTL,D64A,gnn_local_s123,-1
0.59,-0.0353158377110958,2PTL,E35A,gnn_local_s123,-1
1.19,0.3550625741481781,2PTL,E46G,gnn_local_s123,-1
1.08,-0.2058315575122833,2PTL,E46I,gnn_local_s123,-1
0.23,0.1093600243330001,2PTL,E60A,gnn_local_s123,-1
3.12,1.6043047904968262,2PTL,F26A,gnn_local_s123,-1
0.68,1.067903995513916,2PTL,F26L,gnn_local_s123,-1
4.15,1.0737664699554443,2PTL,F36A,gnn_local_s123,-1
3.12,0.6550695896148682,2PTL,F36L,gnn_local_s123,-1
3.08,1.56437885761261,2PTL,F40G,gnn_local_s123,-1
0.38,0.7734700441360474,2PTL,F40L,gnn_local_s123,-1
3.34,1.1734840869903564,2PTL,F76L,gnn_local_s123,-1
3.73,1.2880443334579468,2PTL,F76V,gnn_local_s123,-1
1.52,-0.1009089648723602,2PTL,G29A,gnn_local_s123,-1
2.53,-0.3858870565891266,2PTL,G29V,gnn_local_s123,-1
2.08,0.5773986577987671,2PTL,G38A,gnn_local_s123,-1
2.23,0.5728726387023926,2PTL,G59A,gnn_local_s123,-1
2.04,0.4218290150165558,2PTL,G69A,gnn_local_s123,-1
4.9,2.1395039558410645,2PTL,I20A,gnn_local_s123,-1
0.56,1.74760103225708,2PTL,I20V,gnn_local_s123,-1
1.37,1.249054789543152,2PTL,I25A,gnn_local_s123,-1
0.47,0.7332247495651245,2PTL,I25V,gnn_local_s123,-1
4.72,1.839563250541687,2PTL,I74A,gnn_local_s123,-1
1.69,1.4612693786621094,2PTL,I74V,gnn_local_s123,-1
0.92,1.054961085319519,2PTL,K21A,gnn_local_s123,-1
0.88,0.3919820189476013,2PTL,K37A,gnn_local_s123,-1
-0.16,0.7157875895500183,2PTL,K42G,gnn_local_s123,-1
-0.58,0.6751195192337036,2PTL,K55A,gnn_local_s123,-1
-0.35,-0.068690076470375,2PTL,K56A,gnn_local_s123,-1
0.09,0.3875305652618408,2PTL,K68A,gnn_local_s123,-1
0.45,0.4299839437007904,2PTL,K75A,gnn_local_s123,-1
3.12,2.0205271244049072,2PTL,L24A,gnn_local_s123,-1
2.44,1.4550189971923828,2PTL,L54A,gnn_local_s123,-1
3.77,1.6913363933563232,2PTL,L72A,gnn_local_s123,-1
1.87,0.6259471774101257,2PTL,N23A,gnn_local_s123,-1
1.78,0.0865539237856864,2PTL,N28A,gnn_local_s123,-1
0.34,0.7125496864318848,2PTL,N58A,gnn_local_s123,-1
1.73,0.480122834444046,2PTL,N73A,gnn_local_s123,-1
0.3,0.2149128317832946,2PTL,S30A,gnn_local_s123,-1
-0.41,0.5130311846733093,2PTL,S45A,gnn_local_s123,-1
0.82,0.7485964298248291,2PTL,S45G,gnn_local_s123,-1
1.63,0.826842725276947,2PTL,T19A,gnn_local_s123,-1
1.17,0.1884437948465347,2PTL,T31A,gnn_local_s123,-1
1.11,0.3915295302867889,2PTL,T33A,gnn_local_s123,-1
1.25,0.4673076570034027,2PTL,T39A,gnn_local_s123,-1
1.09,0.92462420463562,2PTL,T44A,gnn_local_s123,-1
0.17,0.3210424482822418,2PTL,T53G,gnn_local_s123,-1
0.97,-0.381962388753891,2PTL,T62A,gnn_local_s123,-1
1.83,0.9637916684150696,2PTL,T71A,gnn_local_s123,-1
1.22,1.4329426288604736,2PTL,V18A,gnn_local_s123,-1
0.92,0.7508357763290405,2PTL,V63A,gnn_local_s123,-1
1.14,0.6368089914321899,2PTL,V65A,gnn_local_s123,-1
2.82,1.02894926071167,2PTL,Y48A,gnn_local_s123,-1
2.46,1.1190643310546875,2PTL,Y50A,gnn_local_s123,-1
1.66,1.323633074760437,2PTL,Y70A,gnn_local_s123,-1
-0.43,0.7843537330627441,2PTL,Y70L,gnn_local_s123,-1
-1.05,0.2027396261692047,2RPN,E7L,gnn_local_s123,-1
-0.39,0.9862644076347352,2RPN,V21K,gnn_local_s123,-1
-0.3,0.4047642052173614,2WQG,D15A,gnn_local_s123,-1
-0.1,0.6083125472068787,2WQG,D38A,gnn_local_s123,-1
2.2,0.774274468421936,2WQG,D39A,gnn_local_s123,-1
2.6,1.015605092048645,2WQG,D39N,gnn_local_s123,-1
0.1,0.5704936981201172,2WQG,E40Q,gnn_local_s123,-1
0.4,0.7020357847213745,2WQG,E41G,gnn_local_s123,-1
0.9,1.4049822092056274,2WQG,I36A,gnn_local_s123,-1
0.3,1.0470776557922363,2WQG,I36V,gnn_local_s123,-1
0.4,0.7507826089859009,2WQG,K14A,gnn_local_s123,-1
1.9,1.0433932542800903,2WQG,K14G,gnn_local_s123,-1
0.3,0.5487905740737915,2WQG,K19A,gnn_local_s123,-1
0.6,1.0452762842178345,2WQG,K28A,gnn_local_s123,-1
0.5,2.005650997161865,2WQG,L13A,gnn_local_s123,-1
1.3,1.5680270195007324,2WQG,L16A,gnn_local_s123,-1
2.0,1.43158757686615,2WQG,L8A,gnn_local_s123,-1
0.6,0.4531310498714447,2WQG,Q12A,gnn_local_s123,-1
2.0,0.6710241436958313,2WQG,Q12G,gnn_local_s123,-1
-0.1,0.6434494853019714,2WQG,Q33A,gnn_local_s123,-1
0.8,1.0574440956115725,2WQG,R34A,gnn_local_s123,-1
0.6,0.733513355255127,2WQG,S23A,gnn_local_s123,-1
-0.1,0.0906828492879867,2WQG,S6A,gnn_local_s123,-1
0.2,0.325121521949768,2WQG,S6G,gnn_local_s123,-1
-0.1,0.6450449228286743,2WQG,T9S,gnn_local_s123,-1
0.1,1.2545982599258425,2WQG,V10A,gnn_local_s123,-1
0.7,1.6432172060012815,2WQG,V10G,gnn_local_s123,-1
-0.4,0.857254147529602,2WQG,V11A,gnn_local_s123,-1
-0.1,1.4210213422775269,2WQG,V11G,gnn_local_s123,-1
0.5,1.420981764793396,2WQG,V24A,gnn_local_s123,-1
2.4,1.2302088737487793,2WQG,Y5F,gnn_local_s123,-1
0.74,0.0565557442605495,2ZTA,E11Q,gnn_local_s123,-1
-0.2,0.4018518030643463,2ZTA,E20Q,gnn_local_s123,-1
1.83,0.4839357435703277,2ZTA,E22Q,gnn_local_s123,-1
0.41,0.6922281980514526,2ZTA,K15A,gnn_local_s123,-1
0.91,0.1953282952308654,2ZTA,K27A,gnn_local_s123,-1
0.06,0.0928639397025108,2ZTA,K28A,gnn_local_s123,-1
0.39,0.4645121395587921,2ZTA,K8A,gnn_local_s123,-1
1.66,0.1110731810331344,2ZTA,R25A,gnn_local_s123,-1
1.506,1.3407727479934692,3BN0,I20V,gnn_local_s123,-1
-0.43,2.0375537872314453,3C2I,F155S,gnn_local_s123,-1
-0.47,0.9515630602836608,3C2I,T158A,gnn_local_s123,-1
-0.25,0.6344013810157776,3C2I,T158M,gnn_local_s123,-1
0.5,-0.1186711639165878,3FIS,P61A,gnn_local_s123,-1
-0.34,-0.7287285327911377,3G1G,D155Y,gnn_local_s123,-1
0.74,1.8200675249099727,3G1G,F167Y,gnn_local_s123,-1
0.17,1.3937290906906128,3G1G,I190V,gnn_local_s123,-1
-1.32,0.3427009880542755,3G1G,R185W,gnn_local_s123,-1
3.35,0.0436913706362247,3K82,E334L,gnn_local_s123,-1
1.68,0.7485411763191223,3K82,E334Q,gnn_local_s123,-1
-5.49,0.1133412569761276,3K82,E401R,gnn_local_s123,-1
-1.194,-0.075639970600605,3MON,R39G,gnn_local_s123,-1
2.866,-0.1613867133855819,3MON,W3C,gnn_local_s123,-1
3.25,1.60460102558136,3O39,L32P,gnn_local_s123,-1
-2.03,0.925268292427063,3S92,H395R,gnn_local_s123,-1
-0.574,-0.2667467296123504,4N6V,H75W,gnn_local_s123,-1
1.362,0.0846446305513382,4N6V,P36G,gnn_local_s123,-1
-1.745,-0.2129257321357727,4N6V,P79S,gnn_local_s123,-1
0.71,1.1628447771072388,4YEE,V134T,gnn_local_s123,-1
0.93,0.0180614627897739,4YEF,T134V,gnn_local_s123,-1
1.44,-0.3068414628505707,5JXB,D329G,gnn_local_s123,-1
1.44,-0.2020787596702575,5JXB,D329P,gnn_local_s123,-1
1.8,0.9594401121139526,1A0F,S11A,gnn_local_s123,-1
2.69,0.5494049191474915,1A7V,A104H,gnn_local_s123,-1
1.98,0.4803130030632019,1A7V,A66H,gnn_local_s123,-1
1.7,1.403866171836853,1A7V,A91H,gnn_local_s123,-1
1.36,0.1234754920005798,1A7V,D3H,gnn_local_s123,-1
2.05,0.0764518827199935,1A7V,D58H,gnn_local_s123,-1
3.01,0.1309164464473724,1A7V,E73H,gnn_local_s123,-1
0.6,0.2844674289226532,1A7V,K13H,gnn_local_s123,-1
2.88,0.6407223343849182,1A7V,K20H,gnn_local_s123,-1
1.36,0.3778428137302398,1A7V,K31H,gnn_local_s123,-1
1.86,0.0110366782173514,1A7V,K39H,gnn_local_s123,-1
2.02,0.3821399807929992,1A7V,K49H,gnn_local_s123,-1
2.88,0.8891198635101318,1A7V,K84H,gnn_local_s123,-1
1.97,0.6420259475708008,1A7V,K97H,gnn_local_s123,-1
0.821,0.2872508764266968,1BNL,D76A,gnn_local_s123,-1
0.46,-0.3670034110546112,1DIV,D23A,gnn_local_s123,-1
0.58,-0.1341169029474258,1DIV,D23N,gnn_local_s123,-1
0.3,-0.0408343411982059,1DIV,D8N,gnn_local_s123,-1
0.98,-0.1705019026994705,1DIV,E100A,gnn_local_s123,-1
1.52,0.0349233523011207,1DIV,E100G,gnn_local_s123,-1
0.21,0.2210643589496612,1DIV,E17Q,gnn_local_s123,-1
0.56,0.6125686168670654,1DIV,E38Q,gnn_local_s123,-1
-0.03,0.1988222599029541,1DIV,E48Q,gnn_local_s123,-1
-0.33,-0.0507188476622104,1DIV,E54Q,gnn_local_s123,-1
1.53,0.5446140766143799,1DIV,H106Q,gnn_local_s123,-1
3.52,0.954016923904419,1DIV,I115A,gnn_local_s123,-1
2.22,1.6997896432876587,1DIV,I4A,gnn_local_s123,-1
0.59,1.2594503164291382,1DIV,I4V,gnn_local_s123,-1
3.49,1.5259487628936768,1DIV,I79A,gnn_local_s123,-1
3.19,1.6289010047912598,1DIV,I93A,gnn_local_s123,-1
4.28,1.750754714012146,1DIV,I98A,gnn_local_s123,-1
-0.05,-0.3048140108585357,1DIV,K10M,gnn_local_s123,-1
-0.01,-0.1074384748935699,1DIV,K14M,gnn_local_s123,-1
0.31,-0.0264479406177997,1DIV,K15M,gnn_local_s123,-1
-0.35,-0.4342783391475677,1DIV,K7M,gnn_local_s123,-1
-0.61,-0.0353496260941028,1DIV,K96A,gnn_local_s123,-1
0.2,0.3249622881412506,1DIV,K96G,gnn_local_s123,-1
2.37,1.6742545366287231,1DIV,L102A,gnn_local_s123,-1
2.33,0.8817903399467468,1DIV,L108A,gnn_local_s123,-1
3.21,0.6532926559448242,1DIV,L110A,gnn_local_s123,-1
0.82,0.8555706143379211,1DIV,L117A,gnn_local_s123,-1
2.76,1.6708719730377195,1DIV,L30A,gnn_local_s123,-1
3.62,1.1559616327285769,1DIV,L30V,gnn_local_s123,-1
3.1,0.8516111969947815,1DIV,L6A,gnn_local_s123,-1
0.13,0.1219431459903717,1DIV,L6I,gnn_local_s123,-1
0.41,0.3090759217739105,1DIV,L6V,gnn_local_s123,-1
3.77,0.9676522612571716,1DIV,L72A,gnn_local_s123,-1
1.46,1.1334317922592163,1DIV,M1A,gnn_local_s123,-1
2.36,1.4136954545974731,1DIV,M1G,gnn_local_s123,-1
2.33,1.4180852174758911,1DIV,V21A,gnn_local_s123,-1
0.4,0.7144271731376648,1DIV,V21I,gnn_local_s123,-1
1.23,0.8305768966674805,1DIV,V21L,gnn_local_s123,-1
2.55,1.7872655391693115,1DIV,V3A,gnn_local_s123,-1
0.31,1.0818649530410769,1DIV,V3I,gnn_local_s123,-1
2.21,1.1708558797836304,1DIV,V3L,gnn_local_s123,-1
3.7,0.5683576464653015,1DXX,K18N,gnn_local_s123,-1
-0.6,1.1838616132736206,1FH5,S18N,gnn_local_s123,-1
1.38,0.9641598463058472,1FT8,L212V,gnn_local_s123,-1
0.35,0.6129780411720276,1FT8,L238I,gnn_local_s123,-1
-0.27,0.2321410179138183,1FT8,M216L,gnn_local_s123,-1
1.6,1.1970889568328855,1GWY,A8D,gnn_local_s123,-1
3.3,1.326500415802002,1ITM,C24T,gnn_local_s123,-1
5.0,0.0052642682567238,1ITM,C3T,gnn_local_s123,-1
-1.4,0.4094867706298828,1ITM,W91S,gnn_local_s123,-1
1.162,0.2394352108240127,1JLV,E64D,gnn_local_s123,-1
2.3040000000000003,0.1412138491868972,1JLV,E64N,gnn_local_s123,-1
2.302,0.1092479676008224,1JLV,E64Q,gnn_local_s123,-1
-1.4,0.2758012115955353,1LVM,E106G,gnn_local_s123,-1
-0.43,-0.0900529697537422,1LVM,K45F,gnn_local_s123,-1
-0.0,0.331597238779068,1LVM,L56V,gnn_local_s123,-1
-0.6,-0.4637216031551361,1LVM,Q58F,gnn_local_s123,-1
2.5,0.3230465650558471,1N18,E100G,gnn_local_s123,-1
1.4,0.9372925758361816,1N18,G85R,gnn_local_s123,-1
-1.4,0.8437578678131104,1N18,H46R,gnn_local_s123,-1
3.3,0.1598093807697296,1O1U,E110A,gnn_local_s123,-1
1.2,0.602103054523468,1O1U,N61A,gnn_local_s123,-1
0.3,0.4171474277973175,1O1U,Q51A,gnn_local_s123,-1
-0.3,0.5307087898254395,1O1U,Q99A,gnn_local_s123,-1
1.2,0.7704936265945435,1O1U,T38A,gnn_local_s123,-1
1.2,1.300120234489441,1O1U,W49Y,gnn_local_s123,-1
0.05,0.3554995656013489,1OSI,I11V,gnn_local_s123,-1
-0.39,0.7360237836837769,1OSI,S92F,gnn_local_s123,-1
0.78,0.5956609845161438,1OSI,V15I,gnn_local_s123,-1
1.53,2.270905017852783,1PFL,A20T,gnn_local_s123,-1
1.96,0.263952225446701,1PFL,G117V,gnn_local_s123,-1
3.53,2.077626943588257,1PFL,M113T,gnn_local_s123,-1
-0.07,0.280470997095108,1PFL,T108M,gnn_local_s123,-1
0.3,0.6516915559768677,1PRG,Q286P,gnn_local_s123,-1
-0.06,0.5430833101272583,1PRG,R288H,gnn_local_s123,-1
-0.03,0.9335938692092896,1PRG,V290M,gnn_local_s123,-1
-0.8,1.1189372539520264,1SPD,C111S,gnn_local_s123,-1
-0.1,1.2351864576339722,1SPD,C6A,gnn_local_s123,-1
2.9,0.4093041121959686,1XWS,E124Q,gnn_local_s123,-1
4.59,0.2397082448005676,1XWS,E135K,gnn_local_s123,-1
3.22,0.4425878822803497,1XWS,E142D,gnn_local_s123,-1
3.3,0.712664008140564,1XWS,Y53H,gnn_local_s123,-1
0.86,0.5331348180770874,1XXN,N32D,gnn_local_s123,-1
0.645,0.6296157836914062,1XXN,N54E,gnn_local_s123,-1
-0.239,0.716260552406311,1XXN,S22E,gnn_local_s123,-1
0.645,1.345219612121582,1XXN,S27E,gnn_local_s123,-1
-2.87,0.697073757648468,1XZO,F42W,gnn_local_s123,-1
2.89,1.2142988443374634,1XZO,W101F,gnn_local_s123,-1
8.93,1.0546685457229614,1XZO,W36A,gnn_local_s123,-1
4.25,0.6913676261901855,1XZO,W36F,gnn_local_s123,-1
0.7170000000000001,1.0162817239761353,2ARF,H1069Q,gnn_local_s123,-1
-1.07,0.0557220391929149,2H3F,E12A,gnn_local_s123,-1
-1.536,0.4805750548839569,2JIE,H104R,gnn_local_s123,-1
0.209,-0.5761591792106628,2JIE,Q22S,gnn_local_s123,-1
1.246,0.3488208651542663,2JIE,S17A,gnn_local_s123,-1
-0.951,0.0064719291403889,2JIE,S19A,gnn_local_s123,-1
0.994,0.1680150926113128,2JIE,T18A,gnn_local_s123,-1
-2.19,-0.5042271018028259,2JIE,W123F,gnn_local_s123,-1
-1.06,-0.1741060614585876,2JIE,W123H,gnn_local_s123,-1
3.443,0.8608519434928894,2JIE,Y21A,gnn_local_s123,-1
-1.26,0.1787205785512924,2KS4,D9A,gnn_local_s123,-1
0.23,0.3278386294841766,2KS4,E2A,gnn_local_s123,-1
1.57,1.6794089078903198,2LTB,L558P,gnn_local_s123,-1
3.11,1.8746222257614136,2LTB,L569R,gnn_local_s123,-1
3.34,0.5910819172859192,2LTB,M619K,gnn_local_s123,-1
1.1,0.3197487890720367,2LTB,R533Q,gnn_local_s123,-1
0.36,0.9375953674316406,2LTB,R555Q,gnn_local_s123,-1
-1.79,0.3823660910129547,2LTB,R555W,gnn_local_s123,-1
4.0,0.2358997017145156,2M5S,D302A,gnn_local_s123,-1
2.0,1.2170133590698242,2M5S,H305A,gnn_local_s123,-1
2.3,0.5889045000076294,2NTE,R658C,gnn_local_s123,-1
-0.5,-0.0587499476969242,2PR5,A33Y,gnn_local_s123,-1
0.4,0.9531670808792114,2PR5,A81M,gnn_local_s123,-1
-0.3,0.6234359741210938,2PR5,D109E,gnn_local_s123,-1
-0.3,-0.4750522077083587,2PR5,H22K,gnn_local_s123,-1
-1.2,-0.446143090724945,2PR5,H22W,gnn_local_s123,-1
-2.9,0.5475202202796936,2PR5,M111F,gnn_local_s123,-1
-0.9,0.0889820903539657,2PR5,N107F,gnn_local_s123,-1
-0.8,0.1197679936885833,2PR5,N107Y,gnn_local_s123,-1
-1.1,0.0676415562629699,2PR5,N124F,gnn_local_s123,-1
-2.6,0.2340712249279022,2PR5,N124Y,gnn_local_s123,-1
-0.5,1.0609307289123535,2PR5,T30M,gnn_local_s123,-1
0.5,0.9367671608924866,2PR5,T50M,gnn_local_s123,-1
-0.2,0.3633303344249725,2PR5,T54Y,gnn_local_s123,-1
-1.4,0.2600688636302948,2PR5,V120I,gnn_local_s123,-1
-0.4,0.7658142447471619,2PR5,V25I,gnn_local_s123,-1
0.2,1.0721923112869265,2PR5,V88L,gnn_local_s123,-1
0.7,0.6806216239929199,2PR5,V90I,gnn_local_s123,-1
6.597,-0.0812731981277465,2VY0,E53A,gnn_local_s123,-1
-1.369,0.7728478908538818,3BCI,E96Q,gnn_local_s123,-1
0.65,-0.0328299254179,3D3B,D118A,gnn_local_s123,-1
0.6,0.0717431306838989,3D3B,D118E,gnn_local_s123,-1
1.6,-0.163897305727005,3D3B,D118K,gnn_local_s123,-1
1.34,-0.1259833127260208,3D3B,D118N,gnn_local_s123,-1
1.41,-0.1719791144132614,3D3B,D118R,gnn_local_s123,-1
-0.8,0.8363165259361267,3ECU,H46R,gnn_local_s123,-1
1.3,-0.013852815143764,3S4M,D122Y,gnn_local_s123,-1
2.5,0.4131721556186676,3S4M,G130V,gnn_local_s123,-1
-0.096,0.7754206657409668,3S4M,I154F,gnn_local_s123,-1
0.693,0.728248119354248,3S4M,W155R,gnn_local_s123,-1
-0.99,0.2253635376691818,4BJX,A89V,gnn_local_s123,-1
1.435,1.043265700340271,4BUQ,Y48A,gnn_local_s123,-1
-0.1,0.7290787696838379,4WAA,K65A,gnn_local_s123,-1
2.07,0.6263488531112671,4WAA,K67A,gnn_local_s123,-1
0.44,0.4136828482151031,4WAA,R27A,gnn_local_s123,-1
-0.413,0.2294322252273559,5VP3,R39K,gnn_local_s123,-1
1.745,0.6620348691940308,1BA3,H461D,gnn_local_s123,-1
-0.287,0.2019417434930801,1BA3,H489D,gnn_local_s123,-1
0.287,0.170730173587799,1BA3,H489K,gnn_local_s123,-1
0.263,-0.1742960959672927,1BA3,H489M,gnn_local_s123,-1
1.81,0.729154646396637,1DIV,V129A,gnn_local_s123,-1
0.455,0.913463056087494,1F8I,F345A,gnn_local_s123,-1
-0.05,0.3146906197071075,1FT8,L349I,gnn_local_s123,-1
-0.0,0.4836387038230896,1LVM,S135G,gnn_local_s123,-1
0.88,0.3489902317523956,1NM1,D187N,gnn_local_s123,-1
1.9,0.1616338640451431,1NM1,D187Y,gnn_local_s123,-1
2.4,0.8266176581382751,1PRE,C159S,gnn_local_s123,-1
4.2,0.8777693510055542,1R2Y,R244E,gnn_local_s123,-1
-0.358,0.4164073169231415,1XXN,N181R,gnn_local_s123,-1
-3.02,0.8227458000183105,3D2A,M134E,gnn_local_s123,-1
-3.34,0.6323403716087341,3D2A,M137P,gnn_local_s123,-1
-2.11,0.230433702468872,3D2A,S163P,gnn_local_s123,-1
2.99,0.4340130984783172,5OAQ,Y429H,gnn_local_s123,-1
0.7,0.3737030923366546,1BFM,M35W,gnn_local_blosum_s123,-1
0.4,0.2814053297042846,1BFM,M35Y,gnn_local_blosum_s123,-1
0.04,0.4845671057701111,1D5G,H71Y,gnn_local_blosum_s123,-1
-0.91,1.4509291648864746,1D5G,I20F,gnn_local_blosum_s123,-1
1.0,1.142158031463623,1EKG,L198C,gnn_local_blosum_s123,-1
2.0,1.2503414154052734,1EKG,L200C,gnn_local_blosum_s123,-1
-1.0,0.959234356880188,1EKG,L203C,gnn_local_blosum_s123,-1
2.6,0.1770868003368377,1EKG,S181F,gnn_local_blosum_s123,-1
-4.0,0.5803755521774292,1FRD,H42R,gnn_local_blosum_s123,-1
1.1,0.9394302368164062,1FXA,E94D,gnn_local_blosum_s123,-1
0.4,0.5551093816757202,1FXA,E94K,gnn_local_blosum_s123,-1
-0.6,0.8299148082733154,1FXA,E94Q,gnn_local_blosum_s123,-1
-1.0,0.0030096769332885,1FXA,E95K,gnn_local_blosum_s123,-1
1.0,1.368619680404663,1FXA,F65A,gnn_local_blosum_s123,-1
0.9,0.8501782417297363,1FXA,F65I,gnn_local_blosum_s123,-1
0.6,1.160173416137695,1FXA,F65W,gnn_local_blosum_s123,-1
0.5,1.1574699878692627,1FXA,F65Y,gnn_local_blosum_s123,-1
2.4,0.4928852021694183,1FXA,R42A,gnn_local_blosum_s123,-1
1.4,0.5035861134529114,1FXA,R42H,gnn_local_blosum_s123,-1
-0.1,0.884769082069397,1FXA,T48A,gnn_local_blosum_s123,-1
1.22,1.576894760131836,1GLU,C500A,gnn_local_blosum_s123,-1
1.963,1.3478496074676514,1GUA,A118G,gnn_local_blosum_s123,-1
1.951,0.8127040863037109,1GUA,A118L,gnn_local_blosum_s123,-1
2.149,1.147576928138733,1GUA,A85G,gnn_local_blosum_s123,-1
0.863,1.0074691772460938,1GUA,A97G,gnn_local_blosum_s123,-1
-0.283,1.0148121118545532,1GUA,C81A,gnn_local_blosum_s123,-1
0.912,0.4841203391551971,1GUA,C81I,gnn_local_blosum_s123,-1
0.08,0.6711057424545288,1GUA,C95A,gnn_local_blosum_s123,-1
1.759,1.5707547664642334,1GUA,C96A,gnn_local_blosum_s123,-1
0.043,1.0268365144729614,1GUA,C96L,gnn_local_blosum_s123,-1
0.337,1.2370957136154177,1GUA,C96M,gnn_local_blosum_s123,-1
0.706,-0.1377629041671753,1GUA,D117A,gnn_local_blosum_s123,-1
0.855,0.4414630830287933,1GUA,D129A,gnn_local_blosum_s123,-1
0.493,-0.2590145468711853,1GUA,D80A,gnn_local_blosum_s123,-1
-0.021,0.0674470067024231,1GUA,E104A,gnn_local_blosum_s123,-1
0.101,0.173145592212677,1GUA,E124A,gnn_local_blosum_s123,-1
0.591,0.561284065246582,1GUA,E125A,gnn_local_blosum_s123,-1
3.274,2.38560438156128,1GUA,I58A,gnn_local_blosum_s123,-1
1.2990000000000002,2.0278358459472656,1GUA,I58F,gnn_local_blosum_s123,-1
0.7709999999999999,1.900130033493042,1GUA,I58L,gnn_local_blosum_s123,-1
0.327,0.5555826425552368,1GUA,K109A,gnn_local_blosum_s123,-1
2.593,1.0163074731826782,1GUA,L112A,gnn_local_blosum_s123,-1
2.5340000000000003,1.370518445968628,1GUA,L121A,gnn_local_blosum_s123,-1
3.405,1.649972677230835,1GUA,L126A,gnn_local_blosum_s123,-1
3.46,1.7515331506729126,1GUA,L62A,gnn_local_blosum_s123,-1
3.803,1.4344358444213867,1GUA,L78A,gnn_local_blosum_s123,-1
3.529,1.8843562602996824,1GUA,L82A,gnn_local_blosum_s123,-1
1.6,1.2818527221679688,1GUA,L82I,gnn_local_blosum_s123,-1
1.7,1.5824992656707764,1GUA,L82V,gnn_local_blosum_s123,-1
3.2260000000000004,1.798195481300354,1GUA,L86A,gnn_local_blosum_s123,-1
1.575,1.6144601106643677,1GUA,L91A,gnn_local_blosum_s123,-1
0.961,0.4435357749462127,1GUA,M76A,gnn_local_blosum_s123,-1
-0.271,-0.1742568016052246,1GUA,N56M,gnn_local_blosum_s123,-1
1.14,0.1502707302570343,1GUA,N64A,gnn_local_blosum_s123,-1
1.7080000000000002,0.5893012285232544,1GUA,P63A,gnn_local_blosum_s123,-1
0.0819999999999999,0.4552305340766907,1GUA,P93A,gnn_local_blosum_s123,-1
0.504,0.35751873254776,1GUA,Q66A,gnn_local_blosum_s123,-1
0.693,0.2229014188051223,1GUA,R100A,gnn_local_blosum_s123,-1
-0.178,0.4629421830177307,1GUA,R59A,gnn_local_blosum_s123,-1
-1.078,0.1821113228797912,1GUA,R89L,gnn_local_blosum_s123,-1
1.5730000000000002,0.4480586647987366,1GUA,S77A,gnn_local_blosum_s123,-1
-0.581,0.6435197591781616,1GUA,S77T,gnn_local_blosum_s123,-1
0.109,0.527369499206543,1GUA,T68A,gnn_local_blosum_s123,-1
3.3680000000000003,1.86041522026062,1GUA,V128A,gnn_local_blosum_s123,-1
2.251,1.6958839893341064,1GUA,V60A,gnn_local_blosum_s123,-1
1.116,1.3249472379684448,1GUA,V69A,gnn_local_blosum_s123,-1
1.77,1.6971945762634275,1GUA,V70A,gnn_local_blosum_s123,-1
1.052,1.6306461095809937,1GUA,V72A,gnn_local_blosum_s123,-1
0.8640000000000001,1.0615012645721436,1GUA,V72I,gnn_local_blosum_s123,-1
1.981,1.3026738166809082,1GUA,V98A,gnn_local_blosum_s123,-1
1.936,0.1188615709543228,1H0X,P18A,gnn_local_blosum_s123,-1
2.5810000000000004,0.3066101372241974,1H0X,P62A,gnn_local_blosum_s123,-1
2.09,1.6574983596801758,1HCQ,C67A,gnn_local_blosum_s123,-1
1.99,1.7381563186645508,1HCQ,C67S,gnn_local_blosum_s123,-1
-0.4,1.2605818510055542,1IOJ,G15A,gnn_local_blosum_s123,-1
-0.5,0.8396018743515015,1IV7,A173C,gnn_local_blosum_s123,-1
2.5,1.4879989624023438,1IV7,F189C,gnn_local_blosum_s123,-1
1.9,1.466951847076416,1IV7,L162C,gnn_local_blosum_s123,-1
-4.299,0.2138851433992386,1IV9,S76Y,gnn_local_blosum_s123,-1
-0.1,0.5502933263778687,1J8I,K25A,gnn_local_blosum_s123,-1
-0.1,0.4889316856861114,1J8I,K66A,gnn_local_blosum_s123,-1
-0.8,0.3088918328285217,1J8I,R23A,gnn_local_blosum_s123,-1
0.1,0.6423330307006836,1J8I,R35A,gnn_local_blosum_s123,-1
-0.7,0.3909083008766174,1J8I,R43A,gnn_local_blosum_s123,-1
0.1,0.2314105927944183,1J8I,R9A,gnn_local_blosum_s123,-1
1.44,0.0122554451227188,1JL9,A25C,gnn_local_blosum_s123,-1
1.6969999999999998,1.981119394302368,1L6H,F39A,gnn_local_blosum_s123,-1
0.55,1.060935378074646,1L6H,Y45A,gnn_local_blosum_s123,-1
1.482,1.629274606704712,1L6H,Y48A,gnn_local_blosum_s123,-1
1.39,1.5013582706451416,1N88,F21A,gnn_local_blosum_s123,-1
1.39,2.269524335861206,1N88,I39A,gnn_local_blosum_s123,-1
2.79,1.3325841426849363,1N88,I80A,gnn_local_blosum_s123,-1
2.35,1.594264030456543,1N88,I89A,gnn_local_blosum_s123,-1
1.52,1.801875591278076,1N88,I8V,gnn_local_blosum_s123,-1
1.52,0.9365798234939576,1N88,L13A,gnn_local_blosum_s123,-1
1.11,0.9661545753479004,1N88,L57A,gnn_local_blosum_s123,-1
1.94,1.2302322387695312,1N88,V12A,gnn_local_blosum_s123,-1
2.84,1.696655035018921,1N88,V30A,gnn_local_blosum_s123,-1
2.82,2.040613412857056,1N88,V43A,gnn_local_blosum_s123,-1
2.83,1.2429461479187012,1N88,V49A,gnn_local_blosum_s123,-1
3.24,1.2945952415466309,1N88,V51A,gnn_local_blosum_s123,-1
3.73,1.500658631324768,1N88,V54A,gnn_local_blosum_s123,-1
2.82,1.946523666381836,1N88,V81A,gnn_local_blosum_s123,-1
3.1,1.4576765298843384,1N88,V83A,gnn_local_blosum_s123,-1
-0.06,0.6376922130584717,1N88,Y18A,gnn_local_blosum_s123,-1
4.61,1.4081125259399414,1N88,Y26A,gnn_local_blosum_s123,-1
1.2,0.7877084016799927,1O6X,A31G,gnn_local_blosum_s123,-1
1.4,1.0093040466308594,1O6X,A50G,gnn_local_blosum_s123,-1
-0.36,0.0276429057121276,1O6X,D38A,gnn_local_blosum_s123,-1
0.3,-0.2669885456562042,1O6X,E14A,gnn_local_blosum_s123,-1
1.42,0.0866891592741012,1O6X,E20G,gnn_local_blosum_s123,-1
1.88,0.6677393913269043,1O6X,F39L,gnn_local_blosum_s123,-1
0.98,1.091066837310791,1O6X,F65A,gnn_local_blosum_s123,-1
0.61,0.0906810462474823,1O6X,H51A,gnn_local_blosum_s123,-1
0.43,1.512589931488037,1O6X,I15V,gnn_local_blosum_s123,-1
-0.42,1.1465693712234497,1O6X,I23V,gnn_local_blosum_s123,-1
1.31,1.0925135612487793,1O6X,I71V,gnn_local_blosum_s123,-1
1.31,0.7787182331085205,1O6X,I75A,gnn_local_blosum_s123,-1
1.98,0.1735687404870987,1O6X,K41A,gnn_local_blosum_s123,-1
0.97,1.6170248985290527,1O6X,L26V,gnn_local_blosum_s123,-1
0.08,0.5443551540374756,1O6X,N58A,gnn_local_blosum_s123,-1
0.49,0.2258487343788147,1O6X,Q60G,gnn_local_blosum_s123,-1
1.1,0.915032148361206,1O6X,V12A,gnn_local_blosum_s123,-1
1.08,1.4831515550613403,1O6X,V52A,gnn_local_blosum_s123,-1
1.1,0.9917532205581664,1O6X,V64G,gnn_local_blosum_s123,-1
2.78,0.2639188766479492,1O6X,Y73L,gnn_local_blosum_s123,-1
0.13,1.3863528966903689,1R6R,I88N,gnn_local_blosum_s123,-1
2.81,1.370665192604065,1R6R,L50S,gnn_local_blosum_s123,-1
0.24,1.6273536682128906,1R6R,L54S,gnn_local_blosum_s123,-1
6.84,1.5804414749145508,1R6R,L81N,gnn_local_blosum_s123,-1
4.493,1.2706269025802612,2BJD,V84D,gnn_local_blosum_s123,-1
4.517,1.1346113681793213,2BJD,V84P,gnn_local_blosum_s123,-1
2.103,0.8359024524688721,2BJD,Y86E,gnn_local_blosum_s123,-1
0.012,2.00079607963562,2C9Q,Y79F,gnn_local_blosum_s123,-1
1.233,1.972696304321289,2C9Q,Y79W,gnn_local_blosum_s123,-1
-0.12,0.3027811646461487,2CLR,H13F,gnn_local_blosum_s123,-1
-2.605,0.3621517121791839,2CLR,H31F,gnn_local_blosum_s123,-1
1.912,0.2112348079681396,2CLR,H51F,gnn_local_blosum_s123,-1
2.629,1.1291260719299316,2CLR,H84A,gnn_local_blosum_s123,-1
-0.89,0.8798786401748657,2DVV,Q443H,gnn_local_blosum_s123,-1
0.02,0.5281603336334229,2DVV,R419W,gnn_local_blosum_s123,-1
0.32,0.3074399828910827,2HBB,A22G,gnn_local_blosum_s123,-1
1.79,1.2033716440200806,2HBB,A26G,gnn_local_blosum_s123,-1
1.55,1.2655763626098633,2HBB,A36G,gnn_local_blosum_s123,-1
1.59,1.1090606451034546,2HBB,A39G,gnn_local_blosum_s123,-1
0.33,0.5197930335998535,2HBB,A42G,gnn_local_blosum_s123,-1
0.55,0.9465506076812744,2HBB,A46G,gnn_local_blosum_s123,-1
0.22,0.4752241373062134,2HBB,A49G,gnn_local_blosum_s123,-1
0.03,-0.3055618703365326,2HBB,D23A,gnn_local_blosum_s123,-1
0.79,-0.1829819679260254,2HBB,D23N,gnn_local_blosum_s123,-1
1.3,-0.0541264712810516,2HBB,D8A,gnn_local_blosum_s123,-1
0.38,0.0948897302150726,2HBB,D8N,gnn_local_blosum_s123,-1
1.69,-0.0102970302104949,2HBB,E17A,gnn_local_blosum_s123,-1
0.33,0.0078301429748535,2HBB,E17Q,gnn_local_blosum_s123,-1
0.41,0.343499481678009,2HBB,E38A,gnn_local_blosum_s123,-1
0.68,0.6468144655227661,2HBB,E38Q,gnn_local_blosum_s123,-1
-0.07,0.0044253319501876,2HBB,E48Q,gnn_local_blosum_s123,-1
2.84,1.0604041814804075,2HBB,F31A,gnn_local_blosum_s123,-1
1.15,0.7650538682937622,2HBB,F5L,gnn_local_blosum_s123,-1
-0.02,-0.0134817957878112,2HBB,G24A,gnn_local_blosum_s123,-1
1.02,0.3085715770721435,2HBB,G34A,gnn_local_blosum_s123,-1
2.05,0.9688116312026978,2HBB,I18A,gnn_local_blosum_s123,-1
0.07,0.5533781051635742,2HBB,I18V,gnn_local_blosum_s123,-1
1.28,1.5011582374572754,2HBB,I37A,gnn_local_blosum_s123,-1
-0.09,1.195962905883789,2HBB,I37V,gnn_local_blosum_s123,-1
0.59,1.2210010290145874,2HBB,I4V,gnn_local_blosum_s123,-1
-0.13,0.2126243710517883,2HBB,K10E,gnn_local_blosum_s123,-1
-0.47,-0.4550445973873138,2HBB,K10M,gnn_local_blosum_s123,-1
-0.61,0.4323582649230957,2HBB,K12A,gnn_local_blosum_s123,-1
-0.03,0.6028071641921997,2HBB,K12G,gnn_local_blosum_s123,-1
-1.8,0.0979243665933609,2HBB,K12M,gnn_local_blosum_s123,-1
0.73,-0.0024057626724243,2HBB,K14A,gnn_local_blosum_s123,-1
1.3,0.0817970931529998,2HBB,K14G,gnn_local_blosum_s123,-1
0.34,-0.3480988442897796,2HBB,K14M,gnn_local_blosum_s123,-1
1.74,0.199110597372055,2HBB,K15G,gnn_local_blosum_s123,-1
0.44,-0.2718511819839477,2HBB,K15M,gnn_local_blosum_s123,-1
-0.21,-0.175865888595581,2HBB,K7M,gnn_local_blosum_s123,-1
2.76,1.5620994567871094,2HBB,L30A,gnn_local_blosum_s123,-1
1.21,1.1444036960601809,2HBB,L35A,gnn_local_blosum_s123,-1
1.73,1.360222339630127,2HBB,L44A,gnn_local_blosum_s123,-1
0.84,1.5891392230987549,2HBB,L47A,gnn_local_blosum_s123,-1
3.1,1.1647169589996338,2HBB,L6A,gnn_local_blosum_s123,-1
1.46,0.8148881196975708,2HBB,M1A,gnn_local_blosum_s123,-1
0.8,0.3203127980232239,2HBB,T40S,gnn_local_blosum_s123,-1
2.33,1.2206891775131226,2HBB,V21A,gnn_local_blosum_s123,-1
2.55,1.665809154510498,2HBB,V3A,gnn_local_blosum_s123,-1
1.81,0.9661158323287964,2HBB,V9A,gnn_local_blosum_s123,-1
2.54,1.3185274600982666,2JUC,C57D,gnn_local_blosum_s123,-1
0.71,0.8902639150619507,2JUC,C57S,gnn_local_blosum_s123,-1
1.75,0.4213345944881439,2JUC,R18A,gnn_local_blosum_s123,-1
-1.2,0.0988288819789886,2KJ3,D288A,gnn_local_blosum_s123,-1
-1.9,0.0736449360847473,2KJ3,E272A,gnn_local_blosum_s123,-1
0.8,0.6657235622406006,2KJ3,G278A,gnn_local_blosum_s123,-1
-1.5,0.1217441260814666,2KJ3,K229A,gnn_local_blosum_s123,-1
-1.0,1.3649864196777344,2KJ3,L241A,gnn_local_blosum_s123,-1
-1.4,0.7020254135131836,2KJ3,S273A,gnn_local_blosum_s123,-1
-1.0,1.5414025783538818,2KJ3,V239A,gnn_local_blosum_s123,-1
-1.0,1.2277106046676636,2KJ3,V264A,gnn_local_blosum_s123,-1
-0.2,1.6383211612701416,2KJ3,V267A,gnn_local_blosum_s123,-1
0.24,0.8764827251434326,2MPC,A89T,gnn_local_blosum_s123,-1
-0.62,0.0670016705989837,2MPC,R42A,gnn_local_blosum_s123,-1
-2.08,-0.1711509525775909,2MPC,R42W,gnn_local_blosum_s123,-1
0.6,0.2301589548587799,2N7Z,P88A,gnn_local_blosum_s123,-1
-0.44,1.347649335861206,2OUO,A420D,gnn_local_blosum_s123,-1
2.43,1.351738452911377,2PTL,A22G,gnn_local_blosum_s123,-1
-0.1,0.7269742488861084,2PTL,A27P,gnn_local_blosum_s123,-1
0.83,0.0370034426450729,2PTL,A27V,gnn_local_blosum_s123,-1
2.17,0.9630149602890016,2PTL,A34G,gnn_local_blosum_s123,-1
-1.47,0.4380000829696655,2PTL,A34V,gnn_local_blosum_s123,-1
2.54,1.1981863975524902,2PTL,A43G,gnn_local_blosum_s123,-1
3.1,1.4547343254089355,2PTL,A47G,gnn_local_blosum_s123,-1
1.32,0.5936180353164673,2PTL,A49G,gnn_local_blosum_s123,-1
3.12,1.263553261756897,2PTL,A51G,gnn_local_blosum_s123,-1
0.49,0.1987727284431457,2PTL,A66G,gnn_local_blosum_s123,-1
1.21,0.109393298625946,2PTL,D52A,gnn_local_blosum_s123,-1
2.14,0.2050587087869644,2PTL,D52G,gnn_local_blosum_s123,-1
0.2,-0.2710231244564056,2PTL,D64A,gnn_local_blosum_s123,-1
0.59,-0.0717262774705886,2PTL,E35A,gnn_local_blosum_s123,-1
1.19,0.2472938895225525,2PTL,E46G,gnn_local_blosum_s123,-1
1.08,-0.3202166259288788,2PTL,E46I,gnn_local_blosum_s123,-1
0.23,-0.0614657700061798,2PTL,E60A,gnn_local_blosum_s123,-1
3.12,1.5693035125732422,2PTL,F26A,gnn_local_blosum_s123,-1
0.68,1.0201014280319214,2PTL,F26L,gnn_local_blosum_s123,-1
4.15,0.9100033044815063,2PTL,F36A,gnn_local_blosum_s123,-1
3.12,0.4314205646514892,2PTL,F36L,gnn_local_blosum_s123,-1
3.08,1.2667183876037598,2PTL,F40G,gnn_local_blosum_s123,-1
0.38,0.6786831617355347,2PTL,F40L,gnn_local_blosum_s123,-1
3.34,0.9484704732894896,2PTL,F76L,gnn_local_blosum_s123,-1
3.73,1.035597801208496,2PTL,F76V,gnn_local_blosum_s123,-1
1.52,0.0557126551866531,2PTL,G29A,gnn_local_blosum_s123,-1
2.53,-0.2342601120471954,2PTL,G29V,gnn_local_blosum_s123,-1
2.08,0.5373998880386353,2PTL,G38A,gnn_local_blosum_s123,-1
2.23,0.5975615978240967,2PTL,G59A,gnn_local_blosum_s123,-1
2.04,0.4268912374973297,2PTL,G69A,gnn_local_blosum_s123,-1
4.9,1.8710315227508545,2PTL,I20A,gnn_local_blosum_s123,-1
0.56,1.524954080581665,2PTL,I20V,gnn_local_blosum_s123,-1
1.37,1.1548027992248535,2PTL,I25A,gnn_local_blosum_s123,-1
0.47,0.6886804103851318,2PTL,I25V,gnn_local_blosum_s123,-1
4.72,1.543632984161377,2PTL,I74A,gnn_local_blosum_s123,-1
1.69,1.2661062479019165,2PTL,I74V,gnn_local_blosum_s123,-1
0.92,0.9291985034942628,2PTL,K21A,gnn_local_blosum_s123,-1
0.88,0.3209905624389648,2PTL,K37A,gnn_local_blosum_s123,-1
-0.16,0.5000052452087402,2PTL,K42G,gnn_local_blosum_s123,-1
-0.58,0.6031183004379272,2PTL,K55A,gnn_local_blosum_s123,-1
-0.35,-0.0512151420116424,2PTL,K56A,gnn_local_blosum_s123,-1
0.09,0.226936861872673,2PTL,K68A,gnn_local_blosum_s123,-1
0.45,0.5802265405654907,2PTL,K75A,gnn_local_blosum_s123,-1
3.12,1.8517489433288568,2PTL,L24A,gnn_local_blosum_s123,-1
2.44,1.3808425664901731,2PTL,L54A,gnn_local_blosum_s123,-1
3.77,1.4491088390350342,2PTL,L72A,gnn_local_blosum_s123,-1
1.87,0.540406346321106,2PTL,N23A,gnn_local_blosum_s123,-1
1.78,0.1778355985879898,2PTL,N28A,gnn_local_blosum_s123,-1
0.34,0.8611711263656616,2PTL,N58A,gnn_local_blosum_s123,-1
1.73,0.4662966430187225,2PTL,N73A,gnn_local_blosum_s123,-1
0.3,0.2888269424438476,2PTL,S30A,gnn_local_blosum_s123,-1
-0.41,0.482234388589859,2PTL,S45A,gnn_local_blosum_s123,-1
0.82,0.5699830651283264,2PTL,S45G,gnn_local_blosum_s123,-1
1.63,0.6298555135726929,2PTL,T19A,gnn_local_blosum_s123,-1
1.17,0.3150702118873596,2PTL,T31A,gnn_local_blosum_s123,-1
1.11,0.3614671528339386,2PTL,T33A,gnn_local_blosum_s123,-1
1.25,0.3553911745548248,2PTL,T39A,gnn_local_blosum_s123,-1
1.09,0.7512212991714478,2PTL,T44A,gnn_local_blosum_s123,-1
0.17,0.2022280097007751,2PTL,T53G,gnn_local_blosum_s123,-1
0.97,-0.4528867304325104,2PTL,T62A,gnn_local_blosum_s123,-1
1.83,0.8798308372497559,2PTL,T71A,gnn_local_blosum_s123,-1
1.22,1.235335350036621,2PTL,V18A,gnn_local_blosum_s123,-1
0.92,0.5300782918930054,2PTL,V63A,gnn_local_blosum_s123,-1
1.14,0.4516849517822265,2PTL,V65A,gnn_local_blosum_s123,-1
2.82,0.7968891859054565,2PTL,Y48A,gnn_local_blosum_s123,-1
2.46,1.0759066343307495,2PTL,Y50A,gnn_local_blosum_s123,-1
1.66,1.1783170700073242,2PTL,Y70A,gnn_local_blosum_s123,-1
-0.43,0.7337503433227539,2PTL,Y70L,gnn_local_blosum_s123,-1
-1.05,0.0183628052473068,2RPN,E7L,gnn_local_blosum_s123,-1
-0.39,0.9580997228622437,2RPN,V21K,gnn_local_blosum_s123,-1
-0.3,0.4847641885280609,2WQG,D15A,gnn_local_blosum_s123,-1
-0.1,0.4555026590824127,2WQG,D38A,gnn_local_blosum_s123,-1
2.2,0.7265301942825317,2WQG,D39A,gnn_local_blosum_s123,-1
2.6,0.9620864391326904,2WQG,D39N,gnn_local_blosum_s123,-1
0.1,0.5672122836112976,2WQG,E40Q,gnn_local_blosum_s123,-1
0.4,0.5589300394058228,2WQG,E41G,gnn_local_blosum_s123,-1
0.9,1.1707267761230469,2WQG,I36A,gnn_local_blosum_s123,-1
0.3,0.8392378091812134,2WQG,I36V,gnn_local_blosum_s123,-1
0.4,0.7684839963912964,2WQG,K14A,gnn_local_blosum_s123,-1
1.9,0.9730609655380248,2WQG,K14G,gnn_local_blosum_s123,-1
0.3,0.5163255929946899,2WQG,K19A,gnn_local_blosum_s123,-1
0.6,1.0909292697906494,2WQG,K28A,gnn_local_blosum_s123,-1
0.5,1.953902006149292,2WQG,L13A,gnn_local_blosum_s123,-1
1.3,1.4644660949707031,2WQG,L16A,gnn_local_blosum_s123,-1
2.0,1.4444513320922852,2WQG,L8A,gnn_local_blosum_s123,-1
0.6,0.4510383009910583,2WQG,Q12A,gnn_local_blosum_s123,-1
2.0,0.6524322032928467,2WQG,Q12G,gnn_local_blosum_s123,-1
-0.1,0.6694724559783936,2WQG,Q33A,gnn_local_blosum_s123,-1
0.8,0.9372555017471312,2WQG,R34A,gnn_local_blosum_s123,-1
0.6,0.6556464433670044,2WQG,S23A,gnn_local_blosum_s123,-1
-0.1,0.0975972414016723,2WQG,S6A,gnn_local_blosum_s123,-1
0.2,0.3415301144123077,2WQG,S6G,gnn_local_blosum_s123,-1
-0.1,0.7441589832305908,2WQG,T9S,gnn_local_blosum_s123,-1
0.1,1.3438537120819092,2WQG,V10A,gnn_local_blosum_s123,-1
0.7,1.6180684566497805,2WQG,V10G,gnn_local_blosum_s123,-1
-0.4,0.9903632402420044,2WQG,V11A,gnn_local_blosum_s123,-1
-0.1,1.2900892496109009,2WQG,V11G,gnn_local_blosum_s123,-1
0.5,1.353424310684204,2WQG,V24A,gnn_local_blosum_s123,-1
2.4,1.230605125427246,2WQG,Y5F,gnn_local_blosum_s123,-1
0.74,0.2225508689880371,2ZTA,E11Q,gnn_local_blosum_s123,-1
-0.2,0.3074625432491302,2ZTA,E20Q,gnn_local_blosum_s123,-1
1.83,0.5155036449432373,2ZTA,E22Q,gnn_local_blosum_s123,-1
0.41,0.4976968467235565,2ZTA,K15A,gnn_local_blosum_s123,-1
0.91,0.3667977452278137,2ZTA,K27A,gnn_local_blosum_s123,-1
0.06,0.2909095287322998,2ZTA,K28A,gnn_local_blosum_s123,-1
0.39,0.41108438372612,2ZTA,K8A,gnn_local_blosum_s123,-1
1.66,0.3222772479057312,2ZTA,R25A,gnn_local_blosum_s123,-1
1.506,1.2462210655212402,3BN0,I20V,gnn_local_blosum_s123,-1
-0.43,1.9154179096221924,3C2I,F155S,gnn_local_blosum_s123,-1
-0.47,0.8463730812072754,3C2I,T158A,gnn_local_blosum_s123,-1
-0.25,0.4529367387294769,3C2I,T158M,gnn_local_blosum_s123,-1
0.5,0.0113196969032287,3FIS,P61A,gnn_local_blosum_s123,-1
-0.34,-0.7546612024307251,3G1G,D155Y,gnn_local_blosum_s123,-1
0.74,1.6720231771469116,3G1G,F167Y,gnn_local_blosum_s123,-1
0.17,1.5944910049438477,3G1G,I190V,gnn_local_blosum_s123,-1
-1.32,0.3703740537166595,3G1G,R185W,gnn_local_blosum_s123,-1
3.35,0.466119110584259,3K82,E334L,gnn_local_blosum_s123,-1
1.68,0.8653334379196167,3K82,E334Q,gnn_local_blosum_s123,-1
-5.49,0.257641851902008,3K82,E401R,gnn_local_blosum_s123,-1
-1.194,-0.071911334991455,3MON,R39G,gnn_local_blosum_s123,-1
2.866,-0.272596925497055,3MON,W3C,gnn_local_blosum_s123,-1
3.25,1.3243826627731323,3O39,L32P,gnn_local_blosum_s123,-1
-2.03,0.8005715608596802,3S92,H395R,gnn_local_blosum_s123,-1
-0.574,-0.3630526065826416,4N6V,H75W,gnn_local_blosum_s123,-1
1.362,0.0073031038045883,4N6V,P36G,gnn_local_blosum_s123,-1
-1.745,-0.100606769323349,4N6V,P79S,gnn_local_blosum_s123,-1
0.71,1.0400302410125732,4YEE,V134T,gnn_local_blosum_s123,-1
0.93,0.0525134354829788,4YEF,T134V,gnn_local_blosum_s123,-1
1.44,-0.027073860168457,5JXB,D329G,gnn_local_blosum_s123,-1
1.44,0.0275724530220031,5JXB,D329P,gnn_local_blosum_s123,-1
1.8,0.9444597959518432,1A0F,S11A,gnn_local_blosum_s123,-1
2.69,0.4193101823329925,1A7V,A104H,gnn_local_blosum_s123,-1
1.98,0.2498037964105606,1A7V,A66H,gnn_local_blosum_s123,-1
1.7,1.4702644348144531,1A7V,A91H,gnn_local_blosum_s123,-1
1.36,0.1160933822393417,1A7V,D3H,gnn_local_blosum_s123,-1
2.05,-0.0105119347572326,1A7V,D58H,gnn_local_blosum_s123,-1
3.01,0.0240423381328582,1A7V,E73H,gnn_local_blosum_s123,-1
0.6,0.2909718453884125,1A7V,K13H,gnn_local_blosum_s123,-1
2.88,0.3308474123477936,1A7V,K20H,gnn_local_blosum_s123,-1
1.36,0.1796591132879257,1A7V,K31H,gnn_local_blosum_s123,-1
1.86,-0.0850746631622314,1A7V,K39H,gnn_local_blosum_s123,-1
2.02,0.3896343410015106,1A7V,K49H,gnn_local_blosum_s123,-1
2.88,0.7267593145370483,1A7V,K84H,gnn_local_blosum_s123,-1
1.97,0.5563352108001709,1A7V,K97H,gnn_local_blosum_s123,-1
0.821,0.3190178275108337,1BNL,D76A,gnn_local_blosum_s123,-1
0.46,-0.2938071191310882,1DIV,D23A,gnn_local_blosum_s123,-1
0.58,-0.1339237093925476,1DIV,D23N,gnn_local_blosum_s123,-1
0.3,0.0636647939682006,1DIV,D8N,gnn_local_blosum_s123,-1
0.98,-0.0777800232172012,1DIV,E100A,gnn_local_blosum_s123,-1
1.52,0.0262871235609054,1DIV,E100G,gnn_local_blosum_s123,-1
0.21,0.0904173552989959,1DIV,E17Q,gnn_local_blosum_s123,-1
0.56,0.542637825012207,1DIV,E38Q,gnn_local_blosum_s123,-1
-0.03,0.3434548377990722,1DIV,E48Q,gnn_local_blosum_s123,-1
-0.33,-0.0922721922397613,1DIV,E54Q,gnn_local_blosum_s123,-1
1.53,0.6214442253112793,1DIV,H106Q,gnn_local_blosum_s123,-1
3.52,1.036064863204956,1DIV,I115A,gnn_local_blosum_s123,-1
2.22,1.5248273611068726,1DIV,I4A,gnn_local_blosum_s123,-1
0.59,1.168160319328308,1DIV,I4V,gnn_local_blosum_s123,-1
3.49,1.4661630392074585,1DIV,I79A,gnn_local_blosum_s123,-1
3.19,1.5325703620910645,1DIV,I93A,gnn_local_blosum_s123,-1
4.28,1.676939606666565,1DIV,I98A,gnn_local_blosum_s123,-1
-0.05,-0.2930740714073181,1DIV,K10M,gnn_local_blosum_s123,-1
-0.01,-0.2577522695064544,1DIV,K14M,gnn_local_blosum_s123,-1
0.31,-0.1096161305904388,1DIV,K15M,gnn_local_blosum_s123,-1
-0.35,-0.3919075429439544,1DIV,K7M,gnn_local_blosum_s123,-1
-0.61,0.0244192630052566,1DIV,K96A,gnn_local_blosum_s123,-1
0.2,0.1879134774208068,1DIV,K96G,gnn_local_blosum_s123,-1
2.37,1.614657640457153,1DIV,L102A,gnn_local_blosum_s123,-1
2.33,0.9033122062683104,1DIV,L108A,gnn_local_blosum_s123,-1
3.21,0.6878945827484131,1DIV,L110A,gnn_local_blosum_s123,-1
0.82,0.8684535026550293,1DIV,L117A,gnn_local_blosum_s123,-1
2.76,1.3851070404052734,1DIV,L30A,gnn_local_blosum_s123,-1
3.62,0.9093952178955078,1DIV,L30V,gnn_local_blosum_s123,-1
3.1,0.6883457899093628,1DIV,L6A,gnn_local_blosum_s123,-1
0.13,0.074115365743637,1DIV,L6I,gnn_local_blosum_s123,-1
0.41,0.213553786277771,1DIV,L6V,gnn_local_blosum_s123,-1
3.77,1.0712217092514038,1DIV,L72A,gnn_local_blosum_s123,-1
1.46,1.0976535081863403,1DIV,M1A,gnn_local_blosum_s123,-1
2.36,1.273784875869751,1DIV,M1G,gnn_local_blosum_s123,-1
2.33,1.22662353515625,1DIV,V21A,gnn_local_blosum_s123,-1
0.4,0.5837308168411255,1DIV,V21I,gnn_local_blosum_s123,-1
1.23,0.7067253589630127,1DIV,V21L,gnn_local_blosum_s123,-1
2.55,1.5796003341674805,1DIV,V3A,gnn_local_blosum_s123,-1
0.31,0.9433646202087402,1DIV,V3I,gnn_local_blosum_s123,-1
2.21,1.0462260246276855,1DIV,V3L,gnn_local_blosum_s123,-1
3.7,0.2413399666547775,1DXX,K18N,gnn_local_blosum_s123,-1
-0.6,1.2186074256896973,1FH5,S18N,gnn_local_blosum_s123,-1
1.38,1.0730903148651123,1FT8,L212V,gnn_local_blosum_s123,-1
0.35,0.4303084015846252,1FT8,L238I,gnn_local_blosum_s123,-1
-0.27,0.2927378416061401,1FT8,M216L,gnn_local_blosum_s123,-1
1.6,1.1285507678985596,1GWY,A8D,gnn_local_blosum_s123,-1
3.3,1.2786190509796145,1ITM,C24T,gnn_local_blosum_s123,-1
5.0,-0.1566326916217804,1ITM,C3T,gnn_local_blosum_s123,-1
-1.4,0.3001224994659424,1ITM,W91S,gnn_local_blosum_s123,-1
1.162,0.1980993598699569,1JLV,E64D,gnn_local_blosum_s123,-1
2.3040000000000003,0.127829760313034,1JLV,E64N,gnn_local_blosum_s123,-1
2.302,0.1488622575998306,1JLV,E64Q,gnn_local_blosum_s123,-1
-1.4,0.9747105836868286,1LVM,E106G,gnn_local_blosum_s123,-1
-0.43,0.1391667574644088,1LVM,K45F,gnn_local_blosum_s123,-1
-0.0,0.3694463074207306,1LVM,L56V,gnn_local_blosum_s123,-1
-0.6,-0.4848184883594513,1LVM,Q58F,gnn_local_blosum_s123,-1
2.5,0.23505899310112,1N18,E100G,gnn_local_blosum_s123,-1
1.4,0.8782659769058228,1N18,G85R,gnn_local_blosum_s123,-1
-1.4,0.8458430767059326,1N18,H46R,gnn_local_blosum_s123,-1
3.3,0.1656345725059509,1O1U,E110A,gnn_local_blosum_s123,-1
1.2,0.596129298210144,1O1U,N61A,gnn_local_blosum_s123,-1
0.3,0.3741183280944824,1O1U,Q51A,gnn_local_blosum_s123,-1
-0.3,0.5060573220252991,1O1U,Q99A,gnn_local_blosum_s123,-1
1.2,0.6269900798797607,1O1U,T38A,gnn_local_blosum_s123,-1
1.2,1.1841537952423096,1O1U,W49Y,gnn_local_blosum_s123,-1
0.05,0.3000171780586242,1OSI,I11V,gnn_local_blosum_s123,-1
-0.39,0.5974196195602417,1OSI,S92F,gnn_local_blosum_s123,-1
0.78,0.7994331121444702,1OSI,V15I,gnn_local_blosum_s123,-1
1.53,2.036382913589477,1PFL,A20T,gnn_local_blosum_s123,-1
1.96,0.2562968730926513,1PFL,G117V,gnn_local_blosum_s123,-1
3.53,1.6679083108901978,1PFL,M113T,gnn_local_blosum_s123,-1
-0.07,0.3698089718818664,1PFL,T108M,gnn_local_blosum_s123,-1
0.3,0.5454690456390381,1PRG,Q286P,gnn_local_blosum_s123,-1
-0.06,0.3662749826908111,1PRG,R288H,gnn_local_blosum_s123,-1
-0.03,0.9211689233779908,1PRG,V290M,gnn_local_blosum_s123,-1
-0.8,0.9846454858779908,1SPD,C111S,gnn_local_blosum_s123,-1
-0.1,1.261177659034729,1SPD,C6A,gnn_local_blosum_s123,-1
2.9,0.5520354509353638,1XWS,E124Q,gnn_local_blosum_s123,-1
4.59,0.3629349768161773,1XWS,E135K,gnn_local_blosum_s123,-1
3.22,0.5747585296630859,1XWS,E142D,gnn_local_blosum_s123,-1
3.3,0.781856894493103,1XWS,Y53H,gnn_local_blosum_s123,-1
0.86,0.5234426259994507,1XXN,N32D,gnn_local_blosum_s123,-1
0.645,0.5395517349243164,1XXN,N54E,gnn_local_blosum_s123,-1
-0.239,0.5267583131790161,1XXN,S22E,gnn_local_blosum_s123,-1
0.645,1.0547990798950195,1XXN,S27E,gnn_local_blosum_s123,-1
-2.87,0.7194962501525879,1XZO,F42W,gnn_local_blosum_s123,-1
2.89,1.0798522233963013,1XZO,W101F,gnn_local_blosum_s123,-1
8.93,0.9271345138549804,1XZO,W36A,gnn_local_blosum_s123,-1
4.25,0.6060872077941895,1XZO,W36F,gnn_local_blosum_s123,-1
0.7170000000000001,1.0304206609725952,2ARF,H1069Q,gnn_local_blosum_s123,-1
-1.07,0.1621763855218887,2H3F,E12A,gnn_local_blosum_s123,-1
-1.536,0.5065215826034546,2JIE,H104R,gnn_local_blosum_s123,-1
0.209,-0.4458443224430084,2JIE,Q22S,gnn_local_blosum_s123,-1
1.246,0.2885644435882568,2JIE,S17A,gnn_local_blosum_s123,-1
-0.951,0.0680457055568695,2JIE,S19A,gnn_local_blosum_s123,-1
0.994,0.0623315870761871,2JIE,T18A,gnn_local_blosum_s123,-1
-2.19,-0.2448958754539489,2JIE,W123F,gnn_local_blosum_s123,-1
-1.06,-0.044537216424942,2JIE,W123H,gnn_local_blosum_s123,-1
3.443,0.7161228656768799,2JIE,Y21A,gnn_local_blosum_s123,-1
-1.26,0.2163024395704269,2KS4,D9A,gnn_local_blosum_s123,-1
0.23,0.2848158180713653,2KS4,E2A,gnn_local_blosum_s123,-1
1.57,1.6550381183624268,2LTB,L558P,gnn_local_blosum_s123,-1
3.11,1.7331448793411257,2LTB,L569R,gnn_local_blosum_s123,-1
3.34,0.5557109117507935,2LTB,M619K,gnn_local_blosum_s123,-1
1.1,0.4418926835060119,2LTB,R533Q,gnn_local_blosum_s123,-1
0.36,0.8286943435668945,2LTB,R555Q,gnn_local_blosum_s123,-1
-1.79,0.2191546708345413,2LTB,R555W,gnn_local_blosum_s123,-1
4.0,0.112841323018074,2M5S,D302A,gnn_local_blosum_s123,-1
2.0,1.1499037742614746,2M5S,H305A,gnn_local_blosum_s123,-1
2.3,0.3664712905883789,2NTE,R658C,gnn_local_blosum_s123,-1
-0.5,-0.0471918582916259,2PR5,A33Y,gnn_local_blosum_s123,-1
0.4,0.8042781352996826,2PR5,A81M,gnn_local_blosum_s123,-1
-0.3,0.5599995851516724,2PR5,D109E,gnn_local_blosum_s123,-1
-0.3,-0.2121752202510833,2PR5,H22K,gnn_local_blosum_s123,-1
-1.2,-0.4241139590740204,2PR5,H22W,gnn_local_blosum_s123,-1
-2.9,0.3940067887306213,2PR5,M111F,gnn_local_blosum_s123,-1
-0.9,0.0401543825864791,2PR5,N107F,gnn_local_blosum_s123,-1
-0.8,0.0104893147945404,2PR5,N107Y,gnn_local_blosum_s123,-1
-1.1,0.1227822601795196,2PR5,N124F,gnn_local_blosum_s123,-1
-2.6,0.2515623867511749,2PR5,N124Y,gnn_local_blosum_s123,-1
-0.5,1.0627853870391846,2PR5,T30M,gnn_local_blosum_s123,-1
0.5,0.754313588142395,2PR5,T50M,gnn_local_blosum_s123,-1
-0.2,0.2368173003196716,2PR5,T54Y,gnn_local_blosum_s123,-1
-1.4,0.245978757739067,2PR5,V120I,gnn_local_blosum_s123,-1
-0.4,0.5221717953681946,2PR5,V25I,gnn_local_blosum_s123,-1
0.2,1.0534815788269043,2PR5,V88L,gnn_local_blosum_s123,-1
0.7,0.4831598103046417,2PR5,V90I,gnn_local_blosum_s123,-1
6.597,0.0360947549343109,2VY0,E53A,gnn_local_blosum_s123,-1
-1.369,0.610620379447937,3BCI,E96Q,gnn_local_blosum_s123,-1
0.65,-0.2164261937141418,3D3B,D118A,gnn_local_blosum_s123,-1
0.6,0.1119817793369293,3D3B,D118E,gnn_local_blosum_s123,-1
1.6,-0.1573728621006012,3D3B,D118K,gnn_local_blosum_s123,-1
1.34,-0.1313063204288482,3D3B,D118N,gnn_local_blosum_s123,-1
1.41,-0.1977350413799286,3D3B,D118R,gnn_local_blosum_s123,-1
-0.8,0.8196959495544434,3ECU,H46R,gnn_local_blosum_s123,-1
1.3,0.3047681450843811,3S4M,D122Y,gnn_local_blosum_s123,-1
2.5,0.3156159818172455,3S4M,G130V,gnn_local_blosum_s123,-1
-0.096,0.7326267957687378,3S4M,I154F,gnn_local_blosum_s123,-1
0.693,0.6420830488204956,3S4M,W155R,gnn_local_blosum_s123,-1
-0.99,0.5174223184585571,4BJX,A89V,gnn_local_blosum_s123,-1
1.435,0.759199857711792,4BUQ,Y48A,gnn_local_blosum_s123,-1
-0.1,0.5644676685333252,4WAA,K65A,gnn_local_blosum_s123,-1
2.07,0.4579741060733795,4WAA,K67A,gnn_local_blosum_s123,-1
0.44,0.3799698650836944,4WAA,R27A,gnn_local_blosum_s123,-1
-0.413,0.2514195144176483,5VP3,R39K,gnn_local_blosum_s123,-1
1.745,0.5778143405914307,1BA3,H461D,gnn_local_blosum_s123,-1
-0.287,0.4419756233692169,1BA3,H489D,gnn_local_blosum_s123,-1
0.287,0.1981165707111358,1BA3,H489K,gnn_local_blosum_s123,-1
0.263,-0.2778660356998443,1BA3,H489M,gnn_local_blosum_s123,-1
1.81,0.4916630983352661,1DIV,V129A,gnn_local_blosum_s123,-1
0.455,0.8738161325454712,1F8I,F345A,gnn_local_blosum_s123,-1
-0.05,0.4429883956909179,1FT8,L349I,gnn_local_blosum_s123,-1
-0.0,0.4542087316513061,1LVM,S135G,gnn_local_blosum_s123,-1
0.88,0.2560492753982544,1NM1,D187N,gnn_local_blosum_s123,-1
1.9,0.0115382820367813,1NM1,D187Y,gnn_local_blosum_s123,-1
2.4,0.5785201787948608,1PRE,C159S,gnn_local_blosum_s123,-1
4.2,0.8796685934066772,1R2Y,R244E,gnn_local_blosum_s123,-1
-0.358,0.2024571597576141,1XXN,N181R,gnn_local_blosum_s123,-1
-3.02,0.6108520030975342,3D2A,M134E,gnn_local_blosum_s123,-1
-3.34,0.6232327222824097,3D2A,M137P,gnn_local_blosum_s123,-1
-2.11,0.0742563009262085,3D2A,S163P,gnn_local_blosum_s123,-1
2.99,0.2105874717235565,5OAQ,Y429H,gnn_local_blosum_s123,-1
0.7,0.9702909588813782,1BFM,M35W,gnn_edge_s123,-1
0.4,1.2275662422180176,1BFM,M35Y,gnn_edge_s123,-1
0.04,0.390174388885498,1D5G,H71Y,gnn_edge_s123,-1
-0.91,1.4349546432495115,1D5G,I20F,gnn_edge_s123,-1
1.0,2.0866470336914062,1EKG,L198C,gnn_edge_s123,-1
2.0,3.85863208770752,1EKG,L200C,gnn_edge_s123,-1
-1.0,2.8536131381988525,1EKG,L203C,gnn_edge_s123,-1
2.6,0.1945825815200805,1EKG,S181F,gnn_edge_s123,-1
-4.0,2.5073039531707764,1FRD,H42R,gnn_edge_s123,-1
1.1,2.144824981689453,1FXA,E94D,gnn_edge_s123,-1
0.4,2.499481201171875,1FXA,E94K,gnn_edge_s123,-1
-0.6,1.8840899467468264,1FXA,E94Q,gnn_edge_s123,-1
-1.0,-0.7810923457145691,1FXA,E95K,gnn_edge_s123,-1
1.0,2.299701690673828,1FXA,F65A,gnn_edge_s123,-1
0.9,0.3543452620506286,1FXA,F65I,gnn_edge_s123,-1
0.6,1.3998377323150637,1FXA,F65W,gnn_edge_s123,-1
0.5,2.675673246383667,1FXA,F65Y,gnn_edge_s123,-1
2.4,0.8846520781517029,1FXA,R42A,gnn_edge_s123,-1
1.4,0.7762513160705566,1FXA,R42H,gnn_edge_s123,-1
-0.1,2.520453691482544,1FXA,T48A,gnn_edge_s123,-1
1.22,2.643036365509033,1GLU,C500A,gnn_edge_s123,-1
1.963,2.4685583114624023,1GUA,A118G,gnn_edge_s123,-1
1.951,0.9161764979362488,1GUA,A118L,gnn_edge_s123,-1
2.149,1.7122340202331543,1GUA,A85G,gnn_edge_s123,-1
0.863,1.7087101936340332,1GUA,A97G,gnn_edge_s123,-1
-0.283,1.917388200759888,1GUA,C81A,gnn_edge_s123,-1
0.912,1.2512006759643557,1GUA,C81I,gnn_edge_s123,-1
0.08,0.9553090929985046,1GUA,C95A,gnn_edge_s123,-1
1.759,2.074686050415039,1GUA,C96A,gnn_edge_s123,-1
0.043,1.5342061519622805,1GUA,C96L,gnn_edge_s123,-1
0.337,1.4739835262298584,1GUA,C96M,gnn_edge_s123,-1
0.706,-0.2782739400863647,1GUA,D117A,gnn_edge_s123,-1
0.855,0.8227332234382629,1GUA,D129A,gnn_edge_s123,-1
0.493,0.472005546092987,1GUA,D80A,gnn_edge_s123,-1
-0.021,0.1716374456882476,1GUA,E104A,gnn_edge_s123,-1
0.101,0.4710083901882171,1GUA,E124A,gnn_edge_s123,-1
0.591,0.5742735266685486,1GUA,E125A,gnn_edge_s123,-1
3.274,4.367438316345215,1GUA,I58A,gnn_edge_s123,-1
1.2990000000000002,2.9773504734039307,1GUA,I58F,gnn_edge_s123,-1
0.7709999999999999,3.146008014678955,1GUA,I58L,gnn_edge_s123,-1
0.327,0.4082403182983398,1GUA,K109A,gnn_edge_s123,-1
2.593,1.9241015911102293,1GUA,L112A,gnn_edge_s123,-1
2.5340000000000003,2.1605398654937744,1GUA,L121A,gnn_edge_s123,-1
3.405,2.67192816734314,1GUA,L126A,gnn_edge_s123,-1
3.46,2.527303695678711,1GUA,L62A,gnn_edge_s123,-1
3.803,3.397899627685547,1GUA,L78A,gnn_edge_s123,-1
3.529,3.694351196289064,1GUA,L82A,gnn_edge_s123,-1
1.6,2.0663485527038574,1GUA,L82I,gnn_edge_s123,-1
1.7,2.6875481605529785,1GUA,L82V,gnn_edge_s123,-1
3.2260000000000004,2.92007064819336,1GUA,L86A,gnn_edge_s123,-1
1.575,2.8981661796569824,1GUA,L91A,gnn_edge_s123,-1
0.961,0.471648097038269,1GUA,M76A,gnn_edge_s123,-1
-0.271,0.8234599232673645,1GUA,N56M,gnn_edge_s123,-1
1.14,0.3870709538459778,1GUA,N64A,gnn_edge_s123,-1
1.7080000000000002,1.154228687286377,1GUA,P63A,gnn_edge_s123,-1
0.0819999999999999,1.575324535369873,1GUA,P93A,gnn_edge_s123,-1
0.504,1.1327693462371826,1GUA,Q66A,gnn_edge_s123,-1
0.693,0.6060169339179993,1GUA,R100A,gnn_edge_s123,-1
-0.178,0.6498585939407349,1GUA,R59A,gnn_edge_s123,-1
-1.078,0.8217564821243286,1GUA,R89L,gnn_edge_s123,-1
1.5730000000000002,1.2825376987457275,1GUA,S77A,gnn_edge_s123,-1
-0.581,1.2508463859558103,1GUA,S77T,gnn_edge_s123,-1
0.109,0.8435901999473572,1GUA,T68A,gnn_edge_s123,-1
3.3680000000000003,3.8072195053100586,1GUA,V128A,gnn_edge_s123,-1
2.251,3.3481922149658203,1GUA,V60A,gnn_edge_s123,-1
1.116,1.2280406951904297,1GUA,V69A,gnn_edge_s123,-1
1.77,2.350097179412842,1GUA,V70A,gnn_edge_s123,-1
1.052,2.5525293350219727,1GUA,V72A,gnn_edge_s123,-1
0.8640000000000001,2.0503604412078857,1GUA,V72I,gnn_edge_s123,-1
1.981,3.080651998519897,1GUA,V98A,gnn_edge_s123,-1
1.936,0.3417889475822449,1H0X,P18A,gnn_edge_s123,-1
2.5810000000000004,0.070130355656147,1H0X,P62A,gnn_edge_s123,-1
2.09,3.081416130065918,1HCQ,C67A,gnn_edge_s123,-1
1.99,3.784456729888916,1HCQ,C67S,gnn_edge_s123,-1
-0.4,1.3514013290405271,1IOJ,G15A,gnn_edge_s123,-1
-0.5,1.117544651031494,1IV7,A173C,gnn_edge_s123,-1
2.5,3.5240163803100586,1IV7,F189C,gnn_edge_s123,-1
1.9,1.899808883666992,1IV7,L162C,gnn_edge_s123,-1
-4.299,0.5614757537841797,1IV9,S76Y,gnn_edge_s123,-1
-0.1,2.0173261165618896,1J8I,K25A,gnn_edge_s123,-1
-0.1,1.5729711055755615,1J8I,K66A,gnn_edge_s123,-1
-0.8,1.0905470848083496,1J8I,R23A,gnn_edge_s123,-1
0.1,1.200450420379639,1J8I,R35A,gnn_edge_s123,-1
-0.7,0.5306483507156372,1J8I,R43A,gnn_edge_s123,-1
0.1,0.6845759749412537,1J8I,R9A,gnn_edge_s123,-1
1.44,-0.400398313999176,1JL9,A25C,gnn_edge_s123,-1
1.6969999999999998,5.083023548126221,1L6H,F39A,gnn_edge_s123,-1
0.55,3.2733874320983887,1L6H,Y45A,gnn_edge_s123,-1
1.482,2.7521629333496094,1L6H,Y48A,gnn_edge_s123,-1
1.39,1.016391038894653,1N88,F21A,gnn_edge_s123,-1
1.39,2.190765857696533,1N88,I39A,gnn_edge_s123,-1
2.79,1.4216930866241455,1N88,I80A,gnn_edge_s123,-1
2.35,3.122875690460205,1N88,I89A,gnn_edge_s123,-1
1.52,3.251171588897705,1N88,I8V,gnn_edge_s123,-1
1.52,1.7875263690948486,1N88,L13A,gnn_edge_s123,-1
1.11,1.0297856330871582,1N88,L57A,gnn_edge_s123,-1
1.94,1.507286787033081,1N88,V12A,gnn_edge_s123,-1
2.84,2.840838670730591,1N88,V30A,gnn_edge_s123,-1
2.82,2.8656392097473145,1N88,V43A,gnn_edge_s123,-1
2.83,0.7435916066169739,1N88,V49A,gnn_edge_s123,-1
3.24,1.601501226425171,1N88,V51A,gnn_edge_s123,-1
3.73,2.159158229827881,1N88,V54A,gnn_edge_s123,-1
2.82,3.893172264099121,1N88,V81A,gnn_edge_s123,-1
3.1,1.4753398895263672,1N88,V83A,gnn_edge_s123,-1
-0.06,0.9167508482933044,1N88,Y18A,gnn_edge_s123,-1
4.61,0.9385179877281188,1N88,Y26A,gnn_edge_s123,-1
1.2,0.9237523674964904,1O6X,A31G,gnn_edge_s123,-1
1.4,1.471545696258545,1O6X,A50G,gnn_edge_s123,-1
-0.36,-0.3088390231132507,1O6X,D38A,gnn_edge_s123,-1
0.3,0.0293971076607704,1O6X,E14A,gnn_edge_s123,-1
1.42,0.4343896508216858,1O6X,E20G,gnn_edge_s123,-1
1.88,1.3357031345367432,1O6X,F39L,gnn_edge_s123,-1
0.98,1.4219517707824707,1O6X,F65A,gnn_edge_s123,-1
0.61,0.425974428653717,1O6X,H51A,gnn_edge_s123,-1
0.43,1.9378724098205569,1O6X,I15V,gnn_edge_s123,-1
-0.42,1.651583909988403,1O6X,I23V,gnn_edge_s123,-1
1.31,1.2901668548583984,1O6X,I71V,gnn_edge_s123,-1
1.31,1.3794333934783936,1O6X,I75A,gnn_edge_s123,-1
1.98,0.4253864288330078,1O6X,K41A,gnn_edge_s123,-1
0.97,2.8045756816864014,1O6X,L26V,gnn_edge_s123,-1
0.08,0.6140975952148438,1O6X,N58A,gnn_edge_s123,-1
0.49,0.2531472146511078,1O6X,Q60G,gnn_edge_s123,-1
1.1,1.1338050365447998,1O6X,V12A,gnn_edge_s123,-1
1.08,2.942643165588379,1O6X,V52A,gnn_edge_s123,-1
1.1,0.2075986266136169,1O6X,V64G,gnn_edge_s123,-1
2.78,0.7482097744941711,1O6X,Y73L,gnn_edge_s123,-1
0.13,0.9068489074707032,1R6R,I88N,gnn_edge_s123,-1
2.81,1.8025925159454343,1R6R,L50S,gnn_edge_s123,-1
0.24,1.614760398864746,1R6R,L54S,gnn_edge_s123,-1
6.84,1.992215871810913,1R6R,L81N,gnn_edge_s123,-1
4.493,2.2094783782958984,2BJD,V84D,gnn_edge_s123,-1
4.517,1.8171088695526123,2BJD,V84P,gnn_edge_s123,-1
2.103,2.098597764968872,2BJD,Y86E,gnn_edge_s123,-1
0.012,2.856274604797364,2C9Q,Y79F,gnn_edge_s123,-1
1.233,2.8291983604431152,2C9Q,Y79W,gnn_edge_s123,-1
-0.12,-0.3107055127620697,2CLR,H13F,gnn_edge_s123,-1
-2.605,-0.1939746737480163,2CLR,H31F,gnn_edge_s123,-1
1.912,0.2395834326744079,2CLR,H51F,gnn_edge_s123,-1
2.629,2.052901029586792,2CLR,H84A,gnn_edge_s123,-1
-0.89,1.1004700660705566,2DVV,Q443H,gnn_edge_s123,-1
0.02,0.2721058130264282,2DVV,R419W,gnn_edge_s123,-1
0.32,1.2023882865905762,2HBB,A22G,gnn_edge_s123,-1
1.79,2.166443347930908,2HBB,A26G,gnn_edge_s123,-1
1.55,2.252781867980957,2HBB,A36G,gnn_edge_s123,-1
1.59,0.7334073781967163,2HBB,A39G,gnn_edge_s123,-1
0.33,0.0437722951173782,2HBB,A42G,gnn_edge_s123,-1
0.55,0.4574841260910034,2HBB,A46G,gnn_edge_s123,-1
0.22,-0.0011762380599975,2HBB,A49G,gnn_edge_s123,-1
0.03,0.5781372785568237,2HBB,D23A,gnn_edge_s123,-1
0.79,0.637454628944397,2HBB,D23N,gnn_edge_s123,-1
1.3,0.1194962710142135,2HBB,D8A,gnn_edge_s123,-1
0.38,0.0448898822069168,2HBB,D8N,gnn_edge_s123,-1
1.69,0.1636407673358917,2HBB,E17A,gnn_edge_s123,-1
0.33,0.0834616422653198,2HBB,E17Q,gnn_edge_s123,-1
0.41,0.3930950164794922,2HBB,E38A,gnn_edge_s123,-1
0.68,0.3338668048381805,2HBB,E38Q,gnn_edge_s123,-1
-0.07,0.1111063212156295,2HBB,E48Q,gnn_edge_s123,-1
2.84,2.0802321434021,2HBB,F31A,gnn_edge_s123,-1
1.15,0.8195179104804993,2HBB,F5L,gnn_edge_s123,-1
-0.02,0.7719083428382874,2HBB,G24A,gnn_edge_s123,-1
1.02,0.5262029767036438,2HBB,G34A,gnn_edge_s123,-1
2.05,1.202699899673462,2HBB,I18A,gnn_edge_s123,-1
0.07,0.7704401016235352,2HBB,I18V,gnn_edge_s123,-1
1.28,1.8383941650390625,2HBB,I37A,gnn_edge_s123,-1
-0.09,1.38891339302063,2HBB,I37V,gnn_edge_s123,-1
0.59,1.7832326889038086,2HBB,I4V,gnn_edge_s123,-1
-0.13,-0.3208822607994079,2HBB,K10E,gnn_edge_s123,-1
-0.47,-0.3516256511211395,2HBB,K10M,gnn_edge_s123,-1
-0.61,-0.1136857271194458,2HBB,K12A,gnn_edge_s123,-1
-0.03,0.4680708050727844,2HBB,K12G,gnn_edge_s123,-1
-1.8,0.7261236310005188,2HBB,K12M,gnn_edge_s123,-1
0.73,0.0255755931138992,2HBB,K14A,gnn_edge_s123,-1
1.3,-0.2211854457855224,2HBB,K14G,gnn_edge_s123,-1
0.34,-0.4242214560508728,2HBB,K14M,gnn_edge_s123,-1
1.74,-0.0201645791530609,2HBB,K15G,gnn_edge_s123,-1
0.44,-0.7240244746208191,2HBB,K15M,gnn_edge_s123,-1
-0.21,-0.1249973475933075,2HBB,K7M,gnn_edge_s123,-1
2.76,2.584641456604004,2HBB,L30A,gnn_edge_s123,-1
1.21,1.6664187908172607,2HBB,L35A,gnn_edge_s123,-1
1.73,1.1621534824371338,2HBB,L44A,gnn_edge_s123,-1
0.84,1.08819842338562,2HBB,L47A,gnn_edge_s123,-1
3.1,1.234924077987671,2HBB,L6A,gnn_edge_s123,-1
1.46,1.1058049201965332,2HBB,M1A,gnn_edge_s123,-1
0.8,0.1333667784929275,2HBB,T40S,gnn_edge_s123,-1
2.33,2.502848625183105,2HBB,V21A,gnn_edge_s123,-1
2.55,2.919461488723755,2HBB,V3A,gnn_edge_s123,-1
1.81,1.2512896060943604,2HBB,V9A,gnn_edge_s123,-1
2.54,0.5245139598846436,2JUC,C57D,gnn_edge_s123,-1
0.71,0.5142727494239807,2JUC,C57S,gnn_edge_s123,-1
1.75,0.6360751390457153,2JUC,R18A,gnn_edge_s123,-1
-1.2,0.7957193851470947,2KJ3,D288A,gnn_edge_s123,-1
-1.9,0.0056026428937911,2KJ3,E272A,gnn_edge_s123,-1
0.8,0.9389795064926147,2KJ3,G278A,gnn_edge_s123,-1
-1.5,0.4686418771743774,2KJ3,K229A,gnn_edge_s123,-1
-1.0,1.7273352146148682,2KJ3,L241A,gnn_edge_s123,-1
-1.4,0.795964777469635,2KJ3,S273A,gnn_edge_s123,-1
-1.0,2.4163217544555664,2KJ3,V239A,gnn_edge_s123,-1
-1.0,1.1929974555969238,2KJ3,V264A,gnn_edge_s123,-1
-0.2,2.056271553039551,2KJ3,V267A,gnn_edge_s123,-1
0.24,0.8833982348442078,2MPC,A89T,gnn_edge_s123,-1
-0.62,0.0079903900623321,2MPC,R42A,gnn_edge_s123,-1
-2.08,-0.2993767261505127,2MPC,R42W,gnn_edge_s123,-1
0.6,0.4362740516662597,2N7Z,P88A,gnn_edge_s123,-1
-0.44,2.209481239318848,2OUO,A420D,gnn_edge_s123,-1
2.43,0.5522703528404236,2PTL,A22G,gnn_edge_s123,-1
-0.1,0.7019319534301758,2PTL,A27P,gnn_edge_s123,-1
0.83,0.4762801229953766,2PTL,A27V,gnn_edge_s123,-1
2.17,0.4555622935295105,2PTL,A34G,gnn_edge_s123,-1
-1.47,0.1174130961298942,2PTL,A34V,gnn_edge_s123,-1
2.54,0.7650255560874939,2PTL,A43G,gnn_edge_s123,-1
3.1,1.120126724243164,2PTL,A47G,gnn_edge_s123,-1
1.32,0.764030933380127,2PTL,A49G,gnn_edge_s123,-1
3.12,1.5050878524780271,2PTL,A51G,gnn_edge_s123,-1
0.49,0.8651483654975891,2PTL,A66G,gnn_edge_s123,-1
1.21,0.8458223938941956,2PTL,D52A,gnn_edge_s123,-1
2.14,0.7228084206581116,2PTL,D52G,gnn_edge_s123,-1
0.2,-0.084540769457817,2PTL,D64A,gnn_edge_s123,-1
0.59,0.5896618962287903,2PTL,E35A,gnn_edge_s123,-1
1.19,0.1422776579856872,2PTL,E46G,gnn_edge_s123,-1
1.08,-0.3139798045158386,2PTL,E46I,gnn_edge_s123,-1
0.23,0.7143568396568298,2PTL,E60A,gnn_edge_s123,-1
3.12,1.4130072593688965,2PTL,F26A,gnn_edge_s123,-1
0.68,1.2749698162078855,2PTL,F26L,gnn_edge_s123,-1
4.15,1.3151891231536863,2PTL,F36A,gnn_edge_s123,-1
3.12,0.9042055010795592,2PTL,F36L,gnn_edge_s123,-1
3.08,1.7891099452972412,2PTL,F40G,gnn_edge_s123,-1
0.38,1.1249701976776123,2PTL,F40L,gnn_edge_s123,-1
3.34,1.223127841949463,2PTL,F76L,gnn_edge_s123,-1
3.73,1.3766520023345947,2PTL,F76V,gnn_edge_s123,-1
1.52,-0.4837097525596618,2PTL,G29A,gnn_edge_s123,-1
2.53,-0.3768736720085144,2PTL,G29V,gnn_edge_s123,-1
2.08,0.8906435966491699,2PTL,G38A,gnn_edge_s123,-1
2.23,0.937852382659912,2PTL,G59A,gnn_edge_s123,-1
2.04,1.7467260360717771,2PTL,G69A,gnn_edge_s123,-1
4.9,2.021337509155273,2PTL,I20A,gnn_edge_s123,-1
0.56,1.216891527175903,2PTL,I20V,gnn_edge_s123,-1
1.37,0.8936218023300171,2PTL,I25A,gnn_edge_s123,-1
0.47,0.7431928515434265,2PTL,I25V,gnn_edge_s123,-1
4.72,2.719041347503662,2PTL,I74A,gnn_edge_s123,-1
1.69,1.9660067558288568,2PTL,I74V,gnn_edge_s123,-1
0.92,0.7974614500999451,2PTL,K21A,gnn_edge_s123,-1
0.88,1.204977035522461,2PTL,K37A,gnn_edge_s123,-1
-0.16,1.2047688961029053,2PTL,K42G,gnn_edge_s123,-1
-0.58,1.206737756729126,2PTL,K55A,gnn_edge_s123,-1
-0.35,0.7495532035827637,2PTL,K56A,gnn_edge_s123,-1
0.09,1.8454577922821045,2PTL,K68A,gnn_edge_s123,-1
0.45,0.3241274058818817,2PTL,K75A,gnn_edge_s123,-1
3.12,1.944719076156616,2PTL,L24A,gnn_edge_s123,-1
2.44,2.2494242191314697,2PTL,L54A,gnn_edge_s123,-1
3.77,1.338101148605347,2PTL,L72A,gnn_edge_s123,-1
1.87,-0.244706243276596,2PTL,N23A,gnn_edge_s123,-1
1.78,0.8056900501251221,2PTL,N28A,gnn_edge_s123,-1
0.34,1.809523105621338,2PTL,N58A,gnn_edge_s123,-1
1.73,0.9567856192588806,2PTL,N73A,gnn_edge_s123,-1
0.3,0.7090392708778381,2PTL,S30A,gnn_edge_s123,-1
-0.41,1.049264669418335,2PTL,S45A,gnn_edge_s123,-1
0.82,0.8976971507072449,2PTL,S45G,gnn_edge_s123,-1
1.63,0.9515507817268372,2PTL,T19A,gnn_edge_s123,-1
1.17,0.5668602585792542,2PTL,T31A,gnn_edge_s123,-1
1.11,0.7253735065460205,2PTL,T33A,gnn_edge_s123,-1
1.25,0.4496215581893921,2PTL,T39A,gnn_edge_s123,-1
1.09,0.3459480404853821,2PTL,T44A,gnn_edge_s123,-1
0.17,0.9469971060752868,2PTL,T53G,gnn_edge_s123,-1
0.97,0.6965960264205933,2PTL,T62A,gnn_edge_s123,-1
1.83,1.0538644790649414,2PTL,T71A,gnn_edge_s123,-1
1.22,1.5899758338928225,2PTL,V18A,gnn_edge_s123,-1
0.92,1.5531413555145264,2PTL,V63A,gnn_edge_s123,-1
1.14,1.2394869327545166,2PTL,V65A,gnn_edge_s123,-1
2.82,1.3115646839141846,2PTL,Y48A,gnn_edge_s123,-1
2.46,1.4249427318572998,2PTL,Y50A,gnn_edge_s123,-1
1.66,2.493224859237671,2PTL,Y70A,gnn_edge_s123,-1
-0.43,1.94059157371521,2PTL,Y70L,gnn_edge_s123,-1
-1.05,-0.6292980909347534,2RPN,E7L,gnn_edge_s123,-1
-0.39,0.43500617146492,2RPN,V21K,gnn_edge_s123,-1
-0.3,0.2051915228366851,2WQG,D15A,gnn_edge_s123,-1
-0.1,0.3607953488826751,2WQG,D38A,gnn_edge_s123,-1
2.2,0.5995168685913086,2WQG,D39A,gnn_edge_s123,-1
2.6,1.4659576416015625,2WQG,D39N,gnn_edge_s123,-1
0.1,0.4411403834819793,2WQG,E40Q,gnn_edge_s123,-1
0.4,0.2989306449890136,2WQG,E41G,gnn_edge_s123,-1
0.9,2.127833604812622,2WQG,I36A,gnn_edge_s123,-1
0.3,1.84045672416687,2WQG,I36V,gnn_edge_s123,-1
0.4,0.5972318649291992,2WQG,K14A,gnn_edge_s123,-1
1.9,1.0142858028411863,2WQG,K14G,gnn_edge_s123,-1
0.3,0.22626993060112,2WQG,K19A,gnn_edge_s123,-1
0.6,1.653550148010254,2WQG,K28A,gnn_edge_s123,-1
0.5,3.08302640914917,2WQG,L13A,gnn_edge_s123,-1
1.3,2.3106985092163086,2WQG,L16A,gnn_edge_s123,-1
2.0,2.0449697971343994,2WQG,L8A,gnn_edge_s123,-1
0.6,0.7864101529121399,2WQG,Q12A,gnn_edge_s123,-1
2.0,1.059004783630371,2WQG,Q12G,gnn_edge_s123,-1
-0.1,0.5544435381889343,2WQG,Q33A,gnn_edge_s123,-1
0.8,1.1467657089233398,2WQG,R34A,gnn_edge_s123,-1
0.6,1.4162325859069824,2WQG,S23A,gnn_edge_s123,-1
-0.1,0.3554515242576599,2WQG,S6A,gnn_edge_s123,-1
0.2,0.552763044834137,2WQG,S6G,gnn_edge_s123,-1
-0.1,1.1737871170043943,2WQG,T9S,gnn_edge_s123,-1
0.1,1.507920503616333,2WQG,V10A,gnn_edge_s123,-1
0.7,1.97312331199646,2WQG,V10G,gnn_edge_s123,-1
-0.4,0.3510407507419586,2WQG,V11A,gnn_edge_s123,-1
-0.1,0.815783679485321,2WQG,V11G,gnn_edge_s123,-1
0.5,1.6481263637542725,2WQG,V24A,gnn_edge_s123,-1
2.4,1.8488585948944087,2WQG,Y5F,gnn_edge_s123,-1
0.74,0.9184795022010804,2ZTA,E11Q,gnn_edge_s123,-1
-0.2,0.6525639891624451,2ZTA,E20Q,gnn_edge_s123,-1
1.83,1.1340703964233398,2ZTA,E22Q,gnn_edge_s123,-1
0.41,1.1309599876403809,2ZTA,K15A,gnn_edge_s123,-1
0.91,0.6748244762420654,2ZTA,K27A,gnn_edge_s123,-1
0.06,0.6503573060035706,2ZTA,K28A,gnn_edge_s123,-1
0.39,1.0883033275604248,2ZTA,K8A,gnn_edge_s123,-1
1.66,0.9085285067558287,2ZTA,R25A,gnn_edge_s123,-1
1.506,2.332475185394287,3BN0,I20V,gnn_edge_s123,-1
-0.43,3.323305368423462,3C2I,F155S,gnn_edge_s123,-1
-0.47,1.0514919757843018,3C2I,T158A,gnn_edge_s123,-1
-0.25,0.5626710653305054,3C2I,T158M,gnn_edge_s123,-1
0.5,0.2409036606550216,3FIS,P61A,gnn_edge_s123,-1
-0.34,-0.3818680047988891,3G1G,D155Y,gnn_edge_s123,-1
0.74,2.456923484802246,3G1G,F167Y,gnn_edge_s123,-1
0.17,1.1953785419464111,3G1G,I190V,gnn_edge_s123,-1
-1.32,-0.0531027913093566,3G1G,R185W,gnn_edge_s123,-1
3.35,1.5092730522155762,3K82,E334L,gnn_edge_s123,-1
1.68,3.4568064212799072,3K82,E334Q,gnn_edge_s123,-1
-5.49,1.0688652992248535,3K82,E401R,gnn_edge_s123,-1
-1.194,1.090035915374756,3MON,R39G,gnn_edge_s123,-1
2.866,0.1815001368522644,3MON,W3C,gnn_edge_s123,-1
3.25,2.374713897705078,3O39,L32P,gnn_edge_s123,-1
-2.03,0.5753889679908752,3S92,H395R,gnn_edge_s123,-1
-0.574,0.0411925539374351,4N6V,H75W,gnn_edge_s123,-1
1.362,0.7399445176124573,4N6V,P36G,gnn_edge_s123,-1
-1.745,0.2264639288187027,4N6V,P79S,gnn_edge_s123,-1
0.71,2.033900022506714,4YEE,V134T,gnn_edge_s123,-1
0.93,0.6563141345977783,4YEF,T134V,gnn_edge_s123,-1
1.44,-0.3387374579906463,5JXB,D329G,gnn_edge_s123,-1
1.44,0.338152676820755,5JXB,D329P,gnn_edge_s123,-1
1.8,1.477146863937378,1A0F,S11A,gnn_edge_s123,-1
2.69,0.5675449967384338,1A7V,A104H,gnn_edge_s123,-1
1.98,0.4629015326499939,1A7V,A66H,gnn_edge_s123,-1
1.7,0.543177604675293,1A7V,A91H,gnn_edge_s123,-1
1.36,-0.2095775604248047,1A7V,D3H,gnn_edge_s123,-1
2.05,0.1086326912045478,1A7V,D58H,gnn_edge_s123,-1
3.01,0.5605736970901489,1A7V,E73H,gnn_edge_s123,-1
0.6,0.757297933101654,1A7V,K13H,gnn_edge_s123,-1
2.88,1.516653537750244,1A7V,K20H,gnn_edge_s123,-1
1.36,0.1291998028755188,1A7V,K31H,gnn_edge_s123,-1
1.86,-0.3752085566520691,1A7V,K39H,gnn_edge_s123,-1
2.02,0.1332612633705139,1A7V,K49H,gnn_edge_s123,-1
2.88,0.7766589522361755,1A7V,K84H,gnn_edge_s123,-1
1.97,-0.3357196450233459,1A7V,K97H,gnn_edge_s123,-1
0.821,0.7023875713348389,1BNL,D76A,gnn_edge_s123,-1
0.46,0.6867014765739441,1DIV,D23A,gnn_edge_s123,-1
0.58,0.7561898827552795,1DIV,D23N,gnn_edge_s123,-1
0.3,0.0454372018575668,1DIV,D8N,gnn_edge_s123,-1
0.98,-0.5181374549865723,1DIV,E100A,gnn_edge_s123,-1
1.52,-0.0503625124692916,1DIV,E100G,gnn_edge_s123,-1
0.21,0.4791024923324585,1DIV,E17Q,gnn_edge_s123,-1
0.56,0.2206933945417404,1DIV,E38Q,gnn_edge_s123,-1
-0.03,0.9356163144111632,1DIV,E48Q,gnn_edge_s123,-1
-0.33,0.3250724077224731,1DIV,E54Q,gnn_edge_s123,-1
1.53,1.092884540557861,1DIV,H106Q,gnn_edge_s123,-1
3.52,1.9421794414520264,1DIV,I115A,gnn_edge_s123,-1
2.22,2.585734367370605,1DIV,I4A,gnn_edge_s123,-1
0.59,2.0718936920166016,1DIV,I4V,gnn_edge_s123,-1
3.49,1.7685332298278809,1DIV,I79A,gnn_edge_s123,-1
3.19,1.778068780899048,1DIV,I93A,gnn_edge_s123,-1
4.28,2.469157695770264,1DIV,I98A,gnn_edge_s123,-1
-0.05,0.5315345525741577,1DIV,K10M,gnn_edge_s123,-1
-0.01,-0.3585297465324402,1DIV,K14M,gnn_edge_s123,-1
0.31,0.3747903108596802,1DIV,K15M,gnn_edge_s123,-1
-0.35,-0.4137976169586181,1DIV,K7M,gnn_edge_s123,-1
-0.61,0.4682505130767822,1DIV,K96A,gnn_edge_s123,-1
0.2,1.0327599048614502,1DIV,K96G,gnn_edge_s123,-1
2.37,2.3298110961914062,1DIV,L102A,gnn_edge_s123,-1
2.33,1.5401511192321775,1DIV,L108A,gnn_edge_s123,-1
3.21,1.8272967338562007,1DIV,L110A,gnn_edge_s123,-1
0.82,1.032672882080078,1DIV,L117A,gnn_edge_s123,-1
2.76,2.4801056385040283,1DIV,L30A,gnn_edge_s123,-1
3.62,1.8833606243133545,1DIV,L30V,gnn_edge_s123,-1
3.1,0.8458482623100281,1DIV,L6A,gnn_edge_s123,-1
0.13,0.7006716132164001,1DIV,L6I,gnn_edge_s123,-1
0.41,0.459138810634613,1DIV,L6V,gnn_edge_s123,-1
3.77,1.4278969764709473,1DIV,L72A,gnn_edge_s123,-1
1.46,0.922153651714325,1DIV,M1A,gnn_edge_s123,-1
2.36,1.369044065475464,1DIV,M1G,gnn_edge_s123,-1
2.33,2.5385470390319824,1DIV,V21A,gnn_edge_s123,-1
0.4,1.1992192268371582,1DIV,V21I,gnn_edge_s123,-1
1.23,1.7714383602142334,1DIV,V21L,gnn_edge_s123,-1
2.55,2.677506685256958,1DIV,V3A,gnn_edge_s123,-1
0.31,1.4678571224212646,1DIV,V3I,gnn_edge_s123,-1
2.21,1.865852117538452,1DIV,V3L,gnn_edge_s123,-1
3.7,0.5593422651290894,1DXX,K18N,gnn_edge_s123,-1
-0.6,0.4503570199012756,1FH5,S18N,gnn_edge_s123,-1
1.38,1.913682222366333,1FT8,L212V,gnn_edge_s123,-1
0.35,0.9340613484382628,1FT8,L238I,gnn_edge_s123,-1
-0.27,1.2059056758880615,1FT8,M216L,gnn_edge_s123,-1
1.6,0.6455797553062439,1GWY,A8D,gnn_edge_s123,-1
3.3,3.4784579277038574,1ITM,C24T,gnn_edge_s123,-1
5.0,-0.2430553138256073,1ITM,C3T,gnn_edge_s123,-1
-1.4,0.7804846167564392,1ITM,W91S,gnn_edge_s123,-1
1.162,-1.1597506999969482,1JLV,E64D,gnn_edge_s123,-1
2.3040000000000003,-1.1324758529663086,1JLV,E64N,gnn_edge_s123,-1
2.302,-2.0357887744903564,1JLV,E64Q,gnn_edge_s123,-1
-1.4,-0.6880002021789551,1LVM,E106G,gnn_edge_s123,-1
-0.43,0.633230447769165,1LVM,K45F,gnn_edge_s123,-1
-0.0,0.4503166675567627,1LVM,L56V,gnn_edge_s123,-1
-0.6,-0.0137993097305297,1LVM,Q58F,gnn_edge_s123,-1
2.5,0.2465121448040008,1N18,E100G,gnn_edge_s123,-1
1.4,2.095481634140014,1N18,G85R,gnn_edge_s123,-1
-1.4,2.5983433723449707,1N18,H46R,gnn_edge_s123,-1
3.3,0.1068669408559799,1O1U,E110A,gnn_edge_s123,-1
1.2,0.0958171635866165,1O1U,N61A,gnn_edge_s123,-1
0.3,-0.0934307128190994,1O1U,Q51A,gnn_edge_s123,-1
-0.3,0.570686936378479,1O1U,Q99A,gnn_edge_s123,-1
1.2,0.6136210560798645,1O1U,T38A,gnn_edge_s123,-1
1.2,1.5786216259002686,1O1U,W49Y,gnn_edge_s123,-1
0.05,1.130354642868042,1OSI,I11V,gnn_edge_s123,-1
-0.39,1.89985990524292,1OSI,S92F,gnn_edge_s123,-1
0.78,1.0103890895843506,1OSI,V15I,gnn_edge_s123,-1
1.53,2.827974796295166,1PFL,A20T,gnn_edge_s123,-1
1.96,-0.0409638732671737,1PFL,G117V,gnn_edge_s123,-1
3.53,2.1962060928344727,1PFL,M113T,gnn_edge_s123,-1
-0.07,0.0379499793052673,1PFL,T108M,gnn_edge_s123,-1
0.3,1.1312003135681152,1PRG,Q286P,gnn_edge_s123,-1
-0.06,0.7534462213516235,1PRG,R288H,gnn_edge_s123,-1
-0.03,1.0663686990737915,1PRG,V290M,gnn_edge_s123,-1
-0.8,2.093228340148926,1SPD,C111S,gnn_edge_s123,-1
-0.1,1.0240888595581057,1SPD,C6A,gnn_edge_s123,-1
2.9,0.139377936720848,1XWS,E124Q,gnn_edge_s123,-1
4.59,0.1848572939634323,1XWS,E135K,gnn_edge_s123,-1
3.22,0.0777310878038406,1XWS,E142D,gnn_edge_s123,-1
3.3,1.800872802734375,1XWS,Y53H,gnn_edge_s123,-1
0.86,0.9550307393074036,1XXN,N32D,gnn_edge_s123,-1
0.645,0.5094228982925415,1XXN,N54E,gnn_edge_s123,-1
-0.239,0.3303774893283844,1XXN,S22E,gnn_edge_s123,-1
0.645,0.825690507888794,1XXN,S27E,gnn_edge_s123,-1
-2.87,-1.14872407913208,1XZO,F42W,gnn_edge_s123,-1
2.89,1.887686967849732,1XZO,W101F,gnn_edge_s123,-1
8.93,2.132903575897217,1XZO,W36A,gnn_edge_s123,-1
4.25,1.548823356628418,1XZO,W36F,gnn_edge_s123,-1
0.7170000000000001,1.0564429759979248,2ARF,H1069Q,gnn_edge_s123,-1
-1.07,0.6033983826637268,2H3F,E12A,gnn_edge_s123,-1
-1.536,0.2801750898361206,2JIE,H104R,gnn_edge_s123,-1
0.209,0.0108308792114257,2JIE,Q22S,gnn_edge_s123,-1
1.246,0.4120948910713196,2JIE,S17A,gnn_edge_s123,-1
-0.951,-1.8745884895324707,2JIE,S19A,gnn_edge_s123,-1
0.994,-0.6007519364356995,2JIE,T18A,gnn_edge_s123,-1
-2.19,-1.868019342422485,2JIE,W123F,gnn_edge_s123,-1
-1.06,-1.3830804824829102,2JIE,W123H,gnn_edge_s123,-1
3.443,0.6352807283401489,2JIE,Y21A,gnn_edge_s123,-1
-1.26,0.1748875379562378,2KS4,D9A,gnn_edge_s123,-1
0.23,1.500349998474121,2KS4,E2A,gnn_edge_s123,-1
1.57,1.5165672302246094,2LTB,L558P,gnn_edge_s123,-1
3.11,2.2485885620117188,2LTB,L569R,gnn_edge_s123,-1
3.34,0.6157969832420349,2LTB,M619K,gnn_edge_s123,-1
1.1,0.5145050287246704,2LTB,R533Q,gnn_edge_s123,-1
0.36,1.41731595993042,2LTB,R555Q,gnn_edge_s123,-1
-1.79,0.506253182888031,2LTB,R555W,gnn_edge_s123,-1
4.0,1.2991361618041992,2M5S,D302A,gnn_edge_s123,-1
2.0,2.396287202835083,2M5S,H305A,gnn_edge_s123,-1
2.3,0.8165966272354126,2NTE,R658C,gnn_edge_s123,-1
-0.5,0.1565743386745453,2PR5,A33Y,gnn_edge_s123,-1
0.4,1.1815810203552246,2PR5,A81M,gnn_edge_s123,-1
-0.3,0.9377263188362122,2PR5,D109E,gnn_edge_s123,-1
-0.3,0.0420549064874649,2PR5,H22K,gnn_edge_s123,-1
-1.2,0.0794541835784912,2PR5,H22W,gnn_edge_s123,-1
-2.9,0.8939740657806396,2PR5,M111F,gnn_edge_s123,-1
-0.9,0.5883280038833618,2PR5,N107F,gnn_edge_s123,-1
-0.8,0.9638126492500304,2PR5,N107Y,gnn_edge_s123,-1
-1.1,0.4917144477367401,2PR5,N124F,gnn_edge_s123,-1
-2.6,1.5592739582061768,2PR5,N124Y,gnn_edge_s123,-1
-0.5,2.0537495613098145,2PR5,T30M,gnn_edge_s123,-1
0.5,2.257796049118042,2PR5,T50M,gnn_edge_s123,-1
-0.2,0.7322371602058411,2PR5,T54Y,gnn_edge_s123,-1
-1.4,1.4020769596099854,2PR5,V120I,gnn_edge_s123,-1
-0.4,1.832303524017334,2PR5,V25I,gnn_edge_s123,-1
0.2,1.68123459815979,2PR5,V88L,gnn_edge_s123,-1
0.7,1.187325954437256,2PR5,V90I,gnn_edge_s123,-1
6.597,0.3650780022144317,2VY0,E53A,gnn_edge_s123,-1
-1.369,1.1796517372131348,3BCI,E96Q,gnn_edge_s123,-1
0.65,-0.6320056319236755,3D3B,D118A,gnn_edge_s123,-1
0.6,-0.2111681699752807,3D3B,D118E,gnn_edge_s123,-1
1.6,-0.3348627686500549,3D3B,D118K,gnn_edge_s123,-1
1.34,-0.4915575981140136,3D3B,D118N,gnn_edge_s123,-1
1.41,-0.3154218196868896,3D3B,D118R,gnn_edge_s123,-1
-0.8,2.985489845275879,3ECU,H46R,gnn_edge_s123,-1
1.3,-0.4023881554603576,3S4M,D122Y,gnn_edge_s123,-1
2.5,-0.2869229316711426,3S4M,G130V,gnn_edge_s123,-1
-0.096,0.9259176850318908,3S4M,I154F,gnn_edge_s123,-1
0.693,-0.2517333328723907,3S4M,W155R,gnn_edge_s123,-1
-0.99,0.9699247479438782,4BJX,A89V,gnn_edge_s123,-1
1.435,1.638556957244873,4BUQ,Y48A,gnn_edge_s123,-1
-0.1,0.6415685415267944,4WAA,K65A,gnn_edge_s123,-1
2.07,1.4586758613586426,4WAA,K67A,gnn_edge_s123,-1
0.44,0.6325267553329468,4WAA,R27A,gnn_edge_s123,-1
-0.413,0.6209723353385925,5VP3,R39K,gnn_edge_s123,-1
1.745,1.5815989971160889,1BA3,H461D,gnn_edge_s123,-1
-0.287,-0.2787209749221802,1BA3,H489D,gnn_edge_s123,-1
0.287,-0.2703708410263061,1BA3,H489K,gnn_edge_s123,-1
0.263,-0.4570199847221374,1BA3,H489M,gnn_edge_s123,-1
1.81,0.4795736372470855,1DIV,V129A,gnn_edge_s123,-1
0.455,1.1105964183807373,1F8I,F345A,gnn_edge_s123,-1
-0.05,1.1218292713165283,1FT8,L349I,gnn_edge_s123,-1
-0.0,0.8808422088623047,1LVM,S135G,gnn_edge_s123,-1
0.88,0.1825290471315384,1NM1,D187N,gnn_edge_s123,-1
1.9,-0.09390589594841,1NM1,D187Y,gnn_edge_s123,-1
2.4,1.2595348358154297,1PRE,C159S,gnn_edge_s123,-1
4.2,3.0775222778320312,1R2Y,R244E,gnn_edge_s123,-1
-0.358,0.4857009053230285,1XXN,N181R,gnn_edge_s123,-1
-3.02,0.6528491377830505,3D2A,M134E,gnn_edge_s123,-1
-3.34,0.7749980092048645,3D2A,M137P,gnn_edge_s123,-1
-2.11,0.361196905374527,3D2A,S163P,gnn_edge_s123,-1
2.99,0.7212351560592651,5OAQ,Y429H,gnn_edge_s123,-1
0.7,1.2133615016937256,1BFM,M35W,gnn_global_s2024,-1
0.4,1.1428312063217163,1BFM,M35Y,gnn_global_s2024,-1
0.04,0.9905861020088196,1D5G,H71Y,gnn_global_s2024,-1
-0.91,1.3390130996704102,1D5G,I20F,gnn_global_s2024,-1
1.0,1.2572194337844849,1EKG,L198C,gnn_global_s2024,-1
2.0,1.2300580739974976,1EKG,L200C,gnn_global_s2024,-1
-1.0,1.0575767755508425,1EKG,L203C,gnn_global_s2024,-1
2.6,0.8276990652084351,1EKG,S181F,gnn_global_s2024,-1
-4.0,1.2063952684402466,1FRD,H42R,gnn_global_s2024,-1
1.1,1.3907183408737185,1FXA,E94D,gnn_global_s2024,-1
0.4,1.3514214754104614,1FXA,E94K,gnn_global_s2024,-1
-0.6,1.3108623027801514,1FXA,E94Q,gnn_global_s2024,-1
-1.0,1.0979405641555786,1FXA,E95K,gnn_global_s2024,-1
1.0,1.6173698902130127,1FXA,F65A,gnn_global_s2024,-1
0.9,1.5076934099197388,1FXA,F65I,gnn_global_s2024,-1
0.6,1.6133724451065063,1FXA,F65W,gnn_global_s2024,-1
0.5,1.5697773694992063,1FXA,F65Y,gnn_global_s2024,-1
2.4,1.2374460697174072,1FXA,R42A,gnn_global_s2024,-1
1.4,1.2574286460876465,1FXA,R42H,gnn_global_s2024,-1
-0.1,1.410422921180725,1FXA,T48A,gnn_global_s2024,-1
1.22,1.952502965927124,1GLU,C500A,gnn_global_s2024,-1
1.963,0.9857429265975952,1GUA,A118G,gnn_global_s2024,-1
1.951,0.801224946975708,1GUA,A118L,gnn_global_s2024,-1
2.149,1.107411503791809,1GUA,A85G,gnn_global_s2024,-1
0.863,1.012655258178711,1GUA,A97G,gnn_global_s2024,-1
-0.283,0.9558324217796326,1GUA,C81A,gnn_global_s2024,-1
0.912,0.818555474281311,1GUA,C81I,gnn_global_s2024,-1
0.08,0.733676552772522,1GUA,C95A,gnn_global_s2024,-1
1.759,1.0549472570419312,1GUA,C96A,gnn_global_s2024,-1
0.043,0.8763574361801147,1GUA,C96L,gnn_global_s2024,-1
0.337,0.9835336208343506,1GUA,C96M,gnn_global_s2024,-1
0.706,0.634199321269989,1GUA,D117A,gnn_global_s2024,-1
0.855,0.804806113243103,1GUA,D129A,gnn_global_s2024,-1
0.493,0.524437427520752,1GUA,D80A,gnn_global_s2024,-1
-0.021,0.4102725982666015,1GUA,E104A,gnn_global_s2024,-1
0.101,0.7506658434867859,1GUA,E124A,gnn_global_s2024,-1
0.591,0.6521410346031189,1GUA,E125A,gnn_global_s2024,-1
3.274,1.3864463567733765,1GUA,I58A,gnn_global_s2024,-1
1.2990000000000002,1.267077922821045,1GUA,I58F,gnn_global_s2024,-1
0.7709999999999999,1.217115044593811,1GUA,I58L,gnn_global_s2024,-1
0.327,0.6844339370727539,1GUA,K109A,gnn_global_s2024,-1
2.593,1.1396450996398926,1GUA,L112A,gnn_global_s2024,-1
2.5340000000000003,1.1685545444488523,1GUA,L121A,gnn_global_s2024,-1
3.405,1.2781403064727783,1GUA,L126A,gnn_global_s2024,-1
3.46,1.253292679786682,1GUA,L62A,gnn_global_s2024,-1
3.803,1.21151602268219,1GUA,L78A,gnn_global_s2024,-1
3.529,1.4419827461242676,1GUA,L82A,gnn_global_s2024,-1
1.6,1.270909547805786,1GUA,L82I,gnn_global_s2024,-1
1.7,1.3362594842910769,1GUA,L82V,gnn_global_s2024,-1
3.2260000000000004,1.258715033531189,1GUA,L86A,gnn_global_s2024,-1
1.575,1.0831419229507446,1GUA,L91A,gnn_global_s2024,-1
0.961,0.7882632613182068,1GUA,M76A,gnn_global_s2024,-1
-0.271,0.7061580419540405,1GUA,N56M,gnn_global_s2024,-1
1.14,0.452232152223587,1GUA,N64A,gnn_global_s2024,-1
1.7080000000000002,0.7576231956481934,1GUA,P63A,gnn_global_s2024,-1
0.0819999999999999,0.5979302525520325,1GUA,P93A,gnn_global_s2024,-1
0.504,0.7060871720314026,1GUA,Q66A,gnn_global_s2024,-1
0.693,0.8508276343345642,1GUA,R100A,gnn_global_s2024,-1
-0.178,0.6008983850479126,1GUA,R59A,gnn_global_s2024,-1
-1.078,0.8306844234466553,1GUA,R89L,gnn_global_s2024,-1
1.5730000000000002,0.6934090852737427,1GUA,S77A,gnn_global_s2024,-1
-0.581,0.7084203958511353,1GUA,S77T,gnn_global_s2024,-1
0.109,1.0747517347335815,1GUA,T68A,gnn_global_s2024,-1
3.3680000000000003,1.3199167251586914,1GUA,V128A,gnn_global_s2024,-1
2.251,1.303615927696228,1GUA,V60A,gnn_global_s2024,-1
1.116,1.0359742641448977,1GUA,V69A,gnn_global_s2024,-1
1.77,1.2519216537475586,1GUA,V70A,gnn_global_s2024,-1
1.052,1.1116358041763306,1GUA,V72A,gnn_global_s2024,-1
0.8640000000000001,0.9631580710411072,1GUA,V72I,gnn_global_s2024,-1
1.981,1.2700589895248413,1GUA,V98A,gnn_global_s2024,-1
1.936,0.6419439315795898,1H0X,P18A,gnn_global_s2024,-1
2.5810000000000004,0.421686053276062,1H0X,P62A,gnn_global_s2024,-1
2.09,1.7888318300247192,1HCQ,C67A,gnn_global_s2024,-1
1.99,1.871222972869873,1HCQ,C67S,gnn_global_s2024,-1
-0.4,1.3341389894485474,1IOJ,G15A,gnn_global_s2024,-1
-0.5,0.7095093727111816,1IV7,A173C,gnn_global_s2024,-1
2.5,0.8044126033782959,1IV7,F189C,gnn_global_s2024,-1
1.9,0.8579267859458923,1IV7,L162C,gnn_global_s2024,-1
-4.299,0.1389638632535934,1IV9,S76Y,gnn_global_s2024,-1
-0.1,0.9973029494285583,1J8I,K25A,gnn_global_s2024,-1
-0.1,1.087095856666565,1J8I,K66A,gnn_global_s2024,-1
-0.8,1.149107813835144,1J8I,R23A,gnn_global_s2024,-1
0.1,1.1483803987503052,1J8I,R35A,gnn_global_s2024,-1
-0.7,1.1219502687454224,1J8I,R43A,gnn_global_s2024,-1
0.1,1.0739436149597168,1J8I,R9A,gnn_global_s2024,-1
1.44,1.7231882810592651,1JL9,A25C,gnn_global_s2024,-1
1.6969999999999998,2.2858026027679443,1L6H,F39A,gnn_global_s2024,-1
0.55,1.932005286216736,1L6H,Y45A,gnn_global_s2024,-1
1.482,2.2236783504486084,1L6H,Y48A,gnn_global_s2024,-1
1.39,1.1202658414840698,1N88,F21A,gnn_global_s2024,-1
1.39,1.2473801374435425,1N88,I39A,gnn_global_s2024,-1
2.79,0.9879844188690186,1N88,I80A,gnn_global_s2024,-1
2.35,1.170155048370361,1N88,I89A,gnn_global_s2024,-1
1.52,1.199780821800232,1N88,I8V,gnn_global_s2024,-1
1.52,1.1384128332138062,1N88,L13A,gnn_global_s2024,-1
1.11,0.8311485648155212,1N88,L57A,gnn_global_s2024,-1
1.94,1.083211064338684,1N88,V12A,gnn_global_s2024,-1
2.84,1.0384544134140017,1N88,V30A,gnn_global_s2024,-1
2.82,1.221431016921997,1N88,V43A,gnn_global_s2024,-1
2.83,1.0391359329223633,1N88,V49A,gnn_global_s2024,-1
3.24,1.012184500694275,1N88,V51A,gnn_global_s2024,-1
3.73,1.055514931678772,1N88,V54A,gnn_global_s2024,-1
2.82,1.203057885169983,1N88,V81A,gnn_global_s2024,-1
3.1,0.9927353858947754,1N88,V83A,gnn_global_s2024,-1
-0.06,1.01250159740448,1N88,Y18A,gnn_global_s2024,-1
4.61,1.0835988521575928,1N88,Y26A,gnn_global_s2024,-1
1.2,0.5451465845108032,1O6X,A31G,gnn_global_s2024,-1
1.4,0.7563199996948242,1O6X,A50G,gnn_global_s2024,-1
-0.36,0.4488226771354675,1O6X,D38A,gnn_global_s2024,-1
0.3,0.5929195880889893,1O6X,E14A,gnn_global_s2024,-1
1.42,0.2798671722412109,1O6X,E20G,gnn_global_s2024,-1
1.88,0.755395770072937,1O6X,F39L,gnn_global_s2024,-1
0.98,0.807991623878479,1O6X,F65A,gnn_global_s2024,-1
0.61,0.53163743019104,1O6X,H51A,gnn_global_s2024,-1
0.43,1.0261695384979248,1O6X,I15V,gnn_global_s2024,-1
-0.42,0.6125955581665039,1O6X,I23V,gnn_global_s2024,-1
1.31,0.8380775451660156,1O6X,I71V,gnn_global_s2024,-1
1.31,0.8730354309082031,1O6X,I75A,gnn_global_s2024,-1
1.98,0.400140106678009,1O6X,K41A,gnn_global_s2024,-1
0.97,1.0479832887649536,1O6X,L26V,gnn_global_s2024,-1
0.08,0.781262993812561,1O6X,N58A,gnn_global_s2024,-1
0.49,0.6455898880958557,1O6X,Q60G,gnn_global_s2024,-1
1.1,0.8092893362045288,1O6X,V12A,gnn_global_s2024,-1
1.08,1.0085994005203247,1O6X,V52A,gnn_global_s2024,-1
1.1,0.6258611083030701,1O6X,V64G,gnn_global_s2024,-1
2.78,0.7922748923301697,1O6X,Y73L,gnn_global_s2024,-1
0.13,0.5053695440292358,1R6R,I88N,gnn_global_s2024,-1
2.81,0.7737557888031006,1R6R,L50S,gnn_global_s2024,-1
0.24,0.8027056455612183,1R6R,L54S,gnn_global_s2024,-1
6.84,0.6864640712738037,1R6R,L81N,gnn_global_s2024,-1
4.493,0.736623227596283,2BJD,V84D,gnn_global_s2024,-1
4.517,0.6980294585227966,2BJD,V84P,gnn_global_s2024,-1
2.103,0.5752608180046082,2BJD,Y86E,gnn_global_s2024,-1
0.012,1.89867639541626,2C9Q,Y79F,gnn_global_s2024,-1
1.233,1.97542417049408,2C9Q,Y79W,gnn_global_s2024,-1
-0.12,0.6311063766479492,2CLR,H13F,gnn_global_s2024,-1
-2.605,0.7315830588340759,2CLR,H31F,gnn_global_s2024,-1
1.912,0.7028684020042419,2CLR,H51F,gnn_global_s2024,-1
2.629,0.89481121301651,2CLR,H84A,gnn_global_s2024,-1
-0.89,1.136949062347412,2DVV,Q443H,gnn_global_s2024,-1
0.02,1.1065075397491455,2DVV,R419W,gnn_global_s2024,-1
0.32,0.7756765484809875,2HBB,A22G,gnn_global_s2024,-1
1.79,1.159124732017517,2HBB,A26G,gnn_global_s2024,-1
1.55,1.5432724952697754,2HBB,A36G,gnn_global_s2024,-1
1.59,1.2093275785446167,2HBB,A39G,gnn_global_s2024,-1
0.33,0.6035995483398438,2HBB,A42G,gnn_global_s2024,-1
0.55,0.707869827747345,2HBB,A46G,gnn_global_s2024,-1
0.22,0.4640161395072937,2HBB,A49G,gnn_global_s2024,-1
0.03,0.3555427491664886,2HBB,D23A,gnn_global_s2024,-1
0.79,0.4484800994396209,2HBB,D23N,gnn_global_s2024,-1
1.3,-0.0462305024266243,2HBB,D8A,gnn_global_s2024,-1
0.38,0.0098624676465988,2HBB,D8N,gnn_global_s2024,-1
1.69,0.240830659866333,2HBB,E17A,gnn_global_s2024,-1
0.33,0.2597003877162933,2HBB,E17Q,gnn_global_s2024,-1
0.41,0.95581316947937,2HBB,E38A,gnn_global_s2024,-1
0.68,0.970848560333252,2HBB,E38Q,gnn_global_s2024,-1
-0.07,0.4218251407146454,2HBB,E48Q,gnn_global_s2024,-1
2.84,1.237743616104126,2HBB,F31A,gnn_global_s2024,-1
1.15,1.0281518697738647,2HBB,F5L,gnn_global_s2024,-1
-0.02,0.5622003078460693,2HBB,G24A,gnn_global_s2024,-1
1.02,0.9079442024230956,2HBB,G34A,gnn_global_s2024,-1
2.05,1.0869392156600952,2HBB,I18A,gnn_global_s2024,-1
0.07,0.9524863958358764,2HBB,I18V,gnn_global_s2024,-1
1.28,1.5321670770645142,2HBB,I37A,gnn_global_s2024,-1
-0.09,1.4044984579086304,2HBB,I37V,gnn_global_s2024,-1
0.59,1.3502947092056274,2HBB,I4V,gnn_global_s2024,-1
-0.13,0.0684039443731308,2HBB,K10E,gnn_global_s2024,-1
-0.47,-0.0066170748323202,2HBB,K10M,gnn_global_s2024,-1
-0.61,0.7534216046333313,2HBB,K12A,gnn_global_s2024,-1
-0.03,0.794007420539856,2HBB,K12G,gnn_global_s2024,-1
-1.8,0.6932088136672974,2HBB,K12M,gnn_global_s2024,-1
0.73,-0.0532314404845237,2HBB,K14A,gnn_global_s2024,-1
1.3,-0.0296687446534633,2HBB,K14G,gnn_global_s2024,-1
0.34,-0.043825514614582,2HBB,K14M,gnn_global_s2024,-1
1.74,0.1973018497228622,2HBB,K15G,gnn_global_s2024,-1
0.44,0.1572185158729553,2HBB,K15M,gnn_global_s2024,-1
-0.21,0.3143991231918335,2HBB,K7M,gnn_global_s2024,-1
2.76,1.6743810176849363,2HBB,L30A,gnn_global_s2024,-1
1.21,1.233639121055603,2HBB,L35A,gnn_global_s2024,-1
1.73,1.195280909538269,2HBB,L44A,gnn_global_s2024,-1
0.84,1.2263270616531372,2HBB,L47A,gnn_global_s2024,-1
3.1,1.107304930686951,2HBB,L6A,gnn_global_s2024,-1
1.46,0.9518357515335084,2HBB,M1A,gnn_global_s2024,-1
0.8,0.8530888557434082,2HBB,T40S,gnn_global_s2024,-1
2.33,1.2539504766464231,2HBB,V21A,gnn_global_s2024,-1
2.55,1.5689986944198608,2HBB,V3A,gnn_global_s2024,-1
1.81,1.1179652214050293,2HBB,V9A,gnn_global_s2024,-1
2.54,1.0592703819274902,2JUC,C57D,gnn_global_s2024,-1
0.71,0.979650378227234,2JUC,C57S,gnn_global_s2024,-1
1.75,0.6062346696853638,2JUC,R18A,gnn_global_s2024,-1
-1.2,0.5357595682144165,2KJ3,D288A,gnn_global_s2024,-1
-1.9,0.5007569789886475,2KJ3,E272A,gnn_global_s2024,-1
0.8,1.0219048261642456,2KJ3,G278A,gnn_global_s2024,-1
-1.5,0.6107358932495117,2KJ3,K229A,gnn_global_s2024,-1
-1.0,1.2694083452224731,2KJ3,L241A,gnn_global_s2024,-1
-1.4,0.7367177605628967,2KJ3,S273A,gnn_global_s2024,-1
-1.0,1.289281964302063,2KJ3,V239A,gnn_global_s2024,-1
-1.0,1.1244592666625977,2KJ3,V264A,gnn_global_s2024,-1
-0.2,1.2986632585525513,2KJ3,V267A,gnn_global_s2024,-1
0.24,0.3762215971946716,2MPC,A89T,gnn_global_s2024,-1
-0.62,-0.0577366426587104,2MPC,R42A,gnn_global_s2024,-1
-2.08,-0.0682644248008728,2MPC,R42W,gnn_global_s2024,-1
0.6,0.7489678859710693,2N7Z,P88A,gnn_global_s2024,-1
-0.44,1.0456657409667969,2OUO,A420D,gnn_global_s2024,-1
2.43,1.1796104907989502,2PTL,A22G,gnn_global_s2024,-1
-0.1,0.7822837829589844,2PTL,A27P,gnn_global_s2024,-1
0.83,0.6358943581581116,2PTL,A27V,gnn_global_s2024,-1
2.17,1.0604287385940552,2PTL,A34G,gnn_global_s2024,-1
-1.47,0.9436641931533812,2PTL,A34V,gnn_global_s2024,-1
2.54,0.9131259918212892,2PTL,A43G,gnn_global_s2024,-1
3.1,1.2034093141555786,2PTL,A47G,gnn_global_s2024,-1
1.32,0.8485478162765503,2PTL,A49G,gnn_global_s2024,-1
3.12,1.1806498765945437,2PTL,A51G,gnn_global_s2024,-1
0.49,0.6601850986480713,2PTL,A66G,gnn_global_s2024,-1
1.21,0.5281991958618164,2PTL,D52A,gnn_global_s2024,-1
2.14,0.5516356229782104,2PTL,D52G,gnn_global_s2024,-1
0.2,0.5992376804351807,2PTL,D64A,gnn_global_s2024,-1
0.59,0.5205951929092407,2PTL,E35A,gnn_global_s2024,-1
1.19,0.7107410430908203,2PTL,E46G,gnn_global_s2024,-1
1.08,0.5850980281829834,2PTL,E46I,gnn_global_s2024,-1
0.23,0.4063698053359985,2PTL,E60A,gnn_global_s2024,-1
3.12,0.9493956565856934,2PTL,F26A,gnn_global_s2024,-1
0.68,0.8198588490486145,2PTL,F26L,gnn_global_s2024,-1
4.15,0.995769202709198,2PTL,F36A,gnn_global_s2024,-1
3.12,0.8871674537658691,2PTL,F36L,gnn_global_s2024,-1
3.08,0.9401988387107848,2PTL,F40G,gnn_global_s2024,-1
0.38,0.8059636950492859,2PTL,F40L,gnn_global_s2024,-1
3.34,0.9553691148757936,2PTL,F76L,gnn_global_s2024,-1
3.73,0.9908726215362548,2PTL,F76V,gnn_global_s2024,-1
1.52,0.6279215812683105,2PTL,G29A,gnn_global_s2024,-1
2.53,0.533656895160675,2PTL,G29V,gnn_global_s2024,-1
2.08,0.547157883644104,2PTL,G38A,gnn_global_s2024,-1
2.23,0.513570249080658,2PTL,G59A,gnn_global_s2024,-1
2.04,0.8220430612564087,2PTL,G69A,gnn_global_s2024,-1
4.9,1.1611146926879885,2PTL,I20A,gnn_global_s2024,-1
0.56,1.068290114402771,2PTL,I20V,gnn_global_s2024,-1
1.37,0.8843069076538086,2PTL,I25A,gnn_global_s2024,-1
0.47,0.8069387674331665,2PTL,I25V,gnn_global_s2024,-1
4.72,1.3255659341812134,2PTL,I74A,gnn_global_s2024,-1
1.69,1.250266432762146,2PTL,I74V,gnn_global_s2024,-1
0.92,0.761494517326355,2PTL,K21A,gnn_global_s2024,-1
0.88,0.3615764379501343,2PTL,K37A,gnn_global_s2024,-1
-0.16,0.5324937105178833,2PTL,K42G,gnn_global_s2024,-1
-0.58,0.3228339552879333,2PTL,K55A,gnn_global_s2024,-1
-0.35,0.4339590668678283,2PTL,K56A,gnn_global_s2024,-1
0.09,0.5944666266441345,2PTL,K68A,gnn_global_s2024,-1
0.45,0.6956772804260254,2PTL,K75A,gnn_global_s2024,-1
3.12,1.285639405250549,2PTL,L24A,gnn_global_s2024,-1
2.44,1.0422245264053345,2PTL,L54A,gnn_global_s2024,-1
3.77,1.2343188524246216,2PTL,L72A,gnn_global_s2024,-1
1.87,0.7964625358581543,2PTL,N23A,gnn_global_s2024,-1
1.78,0.5675432682037354,2PTL,N28A,gnn_global_s2024,-1
0.34,0.6516749858856201,2PTL,N58A,gnn_global_s2024,-1
1.73,0.7565848231315613,2PTL,N73A,gnn_global_s2024,-1
0.3,0.5826526880264282,2PTL,S30A,gnn_global_s2024,-1
-0.41,0.6869308948516846,2PTL,S45A,gnn_global_s2024,-1
0.82,0.7005980014801025,2PTL,S45G,gnn_global_s2024,-1
1.63,0.5687193274497986,2PTL,T19A,gnn_global_s2024,-1
1.17,0.6740292310714722,2PTL,T31A,gnn_global_s2024,-1
1.11,0.7621625661849976,2PTL,T33A,gnn_global_s2024,-1
1.25,0.6066964864730835,2PTL,T39A,gnn_global_s2024,-1
1.09,0.9021113514900208,2PTL,T44A,gnn_global_s2024,-1
0.17,0.7062253952026367,2PTL,T53G,gnn_global_s2024,-1
0.97,0.6486324071884155,2PTL,T62A,gnn_global_s2024,-1
1.83,0.8542487025260925,2PTL,T71A,gnn_global_s2024,-1
1.22,0.8354437947273254,2PTL,V18A,gnn_global_s2024,-1
0.92,0.9441382884979248,2PTL,V63A,gnn_global_s2024,-1
1.14,0.8315434455871582,2PTL,V65A,gnn_global_s2024,-1
2.82,0.9886345863342284,2PTL,Y48A,gnn_global_s2024,-1
2.46,1.0645411014556885,2PTL,Y50A,gnn_global_s2024,-1
1.66,0.8835372924804688,2PTL,Y70A,gnn_global_s2024,-1
-0.43,0.7596197128295898,2PTL,Y70L,gnn_global_s2024,-1
-1.05,0.8985967636108398,2RPN,E7L,gnn_global_s2024,-1
-0.39,1.4152899980545044,2RPN,V21K,gnn_global_s2024,-1
-0.3,0.7515256404876709,2WQG,D15A,gnn_global_s2024,-1
-0.1,0.6786639094352722,2WQG,D38A,gnn_global_s2024,-1
2.2,0.8336487412452698,2WQG,D39A,gnn_global_s2024,-1
2.6,0.9115591645240784,2WQG,D39N,gnn_global_s2024,-1
0.1,0.7096523642539978,2WQG,E40Q,gnn_global_s2024,-1
0.4,0.5806378126144409,2WQG,E41G,gnn_global_s2024,-1
0.9,1.2917296886444092,2WQG,I36A,gnn_global_s2024,-1
0.3,1.1291489601135254,2WQG,I36V,gnn_global_s2024,-1
0.4,0.9829083681106568,2WQG,K14A,gnn_global_s2024,-1
1.9,0.9896636009216307,2WQG,K14G,gnn_global_s2024,-1
0.3,0.6225007176399231,2WQG,K19A,gnn_global_s2024,-1
0.6,1.143529772758484,2WQG,K28A,gnn_global_s2024,-1
0.5,1.689002275466919,2WQG,L13A,gnn_global_s2024,-1
1.3,1.3374382257461548,2WQG,L16A,gnn_global_s2024,-1
2.0,1.4422627687454224,2WQG,L8A,gnn_global_s2024,-1
0.6,1.0521639585494995,2WQG,Q12A,gnn_global_s2024,-1
2.0,1.0637946128845217,2WQG,Q12G,gnn_global_s2024,-1
-0.1,0.7486367225646973,2WQG,Q33A,gnn_global_s2024,-1
0.8,1.087855100631714,2WQG,R34A,gnn_global_s2024,-1
0.6,0.8840581178665161,2WQG,S23A,gnn_global_s2024,-1
-0.1,0.8672693967819214,2WQG,S6A,gnn_global_s2024,-1
0.2,0.8652101159095764,2WQG,S6G,gnn_global_s2024,-1
-0.1,1.2552870512008667,2WQG,T9S,gnn_global_s2024,-1
0.1,1.4280167818069458,2WQG,V10A,gnn_global_s2024,-1
0.7,1.4324917793273926,2WQG,V10G,gnn_global_s2024,-1
-0.4,1.247113585472107,2WQG,V11A,gnn_global_s2024,-1
-0.1,1.2494949102401731,2WQG,V11G,gnn_global_s2024,-1
0.5,1.2412397861480713,2WQG,V24A,gnn_global_s2024,-1
2.4,1.1565359830856323,2WQG,Y5F,gnn_global_s2024,-1
0.74,0.5902918577194214,2ZTA,E11Q,gnn_global_s2024,-1
-0.2,0.7045595645904541,2ZTA,E20Q,gnn_global_s2024,-1
1.83,0.7117853164672852,2ZTA,E22Q,gnn_global_s2024,-1
0.41,0.512222170829773,2ZTA,K15A,gnn_global_s2024,-1
0.91,1.1646273136138916,2ZTA,K27A,gnn_global_s2024,-1
0.06,0.6799264550209045,2ZTA,K28A,gnn_global_s2024,-1
0.39,0.617184042930603,2ZTA,K8A,gnn_global_s2024,-1
1.66,0.9045528173446656,2ZTA,R25A,gnn_global_s2024,-1
1.506,1.0514451265335083,3BN0,I20V,gnn_global_s2024,-1
-0.43,1.708774447441101,3C2I,F155S,gnn_global_s2024,-1
-0.47,1.2462605237960815,3C2I,T158A,gnn_global_s2024,-1
-0.25,1.2268284559249878,3C2I,T158M,gnn_global_s2024,-1
0.5,0.438286542892456,3FIS,P61A,gnn_global_s2024,-1
-0.34,0.8588293790817261,3G1G,D155Y,gnn_global_s2024,-1
0.74,1.4127728939056396,3G1G,F167Y,gnn_global_s2024,-1
0.17,1.4562697410583496,3G1G,I190V,gnn_global_s2024,-1
-1.32,1.0228301286697388,3G1G,R185W,gnn_global_s2024,-1
3.35,0.4999492168426513,3K82,E334L,gnn_global_s2024,-1
1.68,0.611295223236084,3K82,E334Q,gnn_global_s2024,-1
-5.49,0.629285991191864,3K82,E401R,gnn_global_s2024,-1
-1.194,0.4418411254882812,3MON,R39G,gnn_global_s2024,-1
2.866,0.384387731552124,3MON,W3C,gnn_global_s2024,-1
3.25,0.9602063298225404,3O39,L32P,gnn_global_s2024,-1
-2.03,0.8443437218666077,3S92,H395R,gnn_global_s2024,-1
-0.574,0.2516828179359436,4N6V,H75W,gnn_global_s2024,-1
1.362,0.3224041163921356,4N6V,P36G,gnn_global_s2024,-1
-1.745,0.2975412011146545,4N6V,P79S,gnn_global_s2024,-1
0.71,0.9467964768409728,4YEE,V134T,gnn_global_s2024,-1
0.93,0.5863209962844849,4YEF,T134V,gnn_global_s2024,-1
1.44,0.3688467741012573,5JXB,D329G,gnn_global_s2024,-1
1.44,0.4007099568843841,5JXB,D329P,gnn_global_s2024,-1
1.8,1.0519815683364868,1A0F,S11A,gnn_global_s2024,-1
2.69,1.113265872001648,1A7V,A104H,gnn_global_s2024,-1
1.98,1.1202888488769531,1A7V,A66H,gnn_global_s2024,-1
1.7,1.3062914609909058,1A7V,A91H,gnn_global_s2024,-1
1.36,0.9597198963165284,1A7V,D3H,gnn_global_s2024,-1
2.05,0.9024407863616944,1A7V,D58H,gnn_global_s2024,-1
3.01,0.869978666305542,1A7V,E73H,gnn_global_s2024,-1
0.6,0.8947060108184814,1A7V,K13H,gnn_global_s2024,-1
2.88,1.001157283782959,1A7V,K20H,gnn_global_s2024,-1
1.36,0.8995017409324646,1A7V,K31H,gnn_global_s2024,-1
1.86,1.0407487154006958,1A7V,K39H,gnn_global_s2024,-1
2.02,1.0747132301330566,1A7V,K49H,gnn_global_s2024,-1
2.88,1.1021305322647097,1A7V,K84H,gnn_global_s2024,-1
1.97,1.0600789785385132,1A7V,K97H,gnn_global_s2024,-1
0.821,0.8182271718978882,1BNL,D76A,gnn_global_s2024,-1
0.46,0.4871472120285034,1DIV,D23A,gnn_global_s2024,-1
0.58,0.5260113477706909,1DIV,D23N,gnn_global_s2024,-1
0.3,0.4361855983734131,1DIV,D8N,gnn_global_s2024,-1
0.98,0.446580022573471,1DIV,E100A,gnn_global_s2024,-1
1.52,0.4455915093421936,1DIV,E100G,gnn_global_s2024,-1
0.21,0.4975258708000183,1DIV,E17Q,gnn_global_s2024,-1
0.56,0.7101441025733948,1DIV,E38Q,gnn_global_s2024,-1
-0.03,0.4873931407928467,1DIV,E48Q,gnn_global_s2024,-1
-0.33,0.3138043880462646,1DIV,E54Q,gnn_global_s2024,-1
1.53,0.6315973997116089,1DIV,H106Q,gnn_global_s2024,-1
3.52,0.7738429307937622,1DIV,I115A,gnn_global_s2024,-1
2.22,0.9854423999786376,1DIV,I4A,gnn_global_s2024,-1
0.59,0.9248270988464355,1DIV,I4V,gnn_global_s2024,-1
3.49,0.8272220492362976,1DIV,I79A,gnn_global_s2024,-1
3.19,0.8597530126571655,1DIV,I93A,gnn_global_s2024,-1
4.28,0.9171775579452516,1DIV,I98A,gnn_global_s2024,-1
-0.05,0.3508986234664917,1DIV,K10M,gnn_global_s2024,-1
-0.01,0.3132742047309875,1DIV,K14M,gnn_global_s2024,-1
0.31,0.3215517401695251,1DIV,K15M,gnn_global_s2024,-1
-0.35,0.4502634108066559,1DIV,K7M,gnn_global_s2024,-1
-0.61,0.4476813375949859,1DIV,K96A,gnn_global_s2024,-1
0.2,0.4487156867980957,1DIV,K96G,gnn_global_s2024,-1
2.37,0.9134318828582764,1DIV,L102A,gnn_global_s2024,-1
2.33,0.7656497955322266,1DIV,L108A,gnn_global_s2024,-1
3.21,0.7311409115791321,1DIV,L110A,gnn_global_s2024,-1
0.82,0.7479495406150818,1DIV,L117A,gnn_global_s2024,-1
2.76,0.9020355939865112,1DIV,L30A,gnn_global_s2024,-1
3.62,0.8471925258636475,1DIV,L30V,gnn_global_s2024,-1
3.1,0.7283802032470703,1DIV,L6A,gnn_global_s2024,-1
0.13,0.6529983282089233,1DIV,L6I,gnn_global_s2024,-1
0.41,0.6758008003234863,1DIV,L6V,gnn_global_s2024,-1
3.77,0.7093957662582397,1DIV,L72A,gnn_global_s2024,-1
1.46,0.7859131097793579,1DIV,M1A,gnn_global_s2024,-1
2.36,0.7978571057319641,1DIV,M1G,gnn_global_s2024,-1
2.33,0.8727416396141052,1DIV,V21A,gnn_global_s2024,-1
0.4,0.7858079075813293,1DIV,V21I,gnn_global_s2024,-1
1.23,0.7866734266281128,1DIV,V21L,gnn_global_s2024,-1
2.55,0.9855987429618835,1DIV,V3A,gnn_global_s2024,-1
0.31,0.8841406106948853,1DIV,V3I,gnn_global_s2024,-1
2.21,0.8857032060623169,1DIV,V3L,gnn_global_s2024,-1
3.7,0.3533703088760376,1DXX,K18N,gnn_global_s2024,-1
-0.6,1.186463713645935,1FH5,S18N,gnn_global_s2024,-1
1.38,1.1861084699630735,1FT8,L212V,gnn_global_s2024,-1
0.35,1.107194900512695,1FT8,L238I,gnn_global_s2024,-1
-0.27,1.1253503561019895,1FT8,M216L,gnn_global_s2024,-1
1.6,0.7371346950531006,1GWY,A8D,gnn_global_s2024,-1
3.3,0.4410386681556701,1ITM,C24T,gnn_global_s2024,-1
5.0,0.3065520524978637,1ITM,C3T,gnn_global_s2024,-1
-1.4,0.389088362455368,1ITM,W91S,gnn_global_s2024,-1
1.162,0.6357606649398804,1JLV,E64D,gnn_global_s2024,-1
2.3040000000000003,0.6038819551467896,1JLV,E64N,gnn_global_s2024,-1
2.302,0.5792171955108643,1JLV,E64Q,gnn_global_s2024,-1
-1.4,0.6892296075820923,1LVM,E106G,gnn_global_s2024,-1
-0.43,0.8281566500663757,1LVM,K45F,gnn_global_s2024,-1
-0.0,1.0561885833740234,1LVM,L56V,gnn_global_s2024,-1
-0.6,0.9373432397842408,1LVM,Q58F,gnn_global_s2024,-1
2.5,1.235636830329895,1N18,E100G,gnn_global_s2024,-1
1.4,1.4240210056304932,1N18,G85R,gnn_global_s2024,-1
-1.4,1.405910849571228,1N18,H46R,gnn_global_s2024,-1
3.3,0.5005318522453308,1O1U,E110A,gnn_global_s2024,-1
1.2,0.4804601073265075,1O1U,N61A,gnn_global_s2024,-1
0.3,0.4974695444107055,1O1U,Q51A,gnn_global_s2024,-1
-0.3,0.5758405923843384,1O1U,Q99A,gnn_global_s2024,-1
1.2,0.5430715084075928,1O1U,T38A,gnn_global_s2024,-1
1.2,0.6174787282943726,1O1U,W49Y,gnn_global_s2024,-1
0.05,1.1032363176345823,1OSI,I11V,gnn_global_s2024,-1
-0.39,1.0578709840774536,1OSI,S92F,gnn_global_s2024,-1
0.78,1.221615195274353,1OSI,V15I,gnn_global_s2024,-1
1.53,1.580880045890808,1PFL,A20T,gnn_global_s2024,-1
1.96,1.0590046644210815,1PFL,G117V,gnn_global_s2024,-1
3.53,1.3675694465637207,1PFL,M113T,gnn_global_s2024,-1
-0.07,1.2362648248672483,1PFL,T108M,gnn_global_s2024,-1
0.3,0.5339430570602417,1PRG,Q286P,gnn_global_s2024,-1
-0.06,0.5789533853530884,1PRG,R288H,gnn_global_s2024,-1
-0.03,0.6039870977401733,1PRG,V290M,gnn_global_s2024,-1
-0.8,1.5814646482467651,1SPD,C111S,gnn_global_s2024,-1
-0.1,1.720195174217224,1SPD,C6A,gnn_global_s2024,-1
2.9,0.5486831068992615,1XWS,E124Q,gnn_global_s2024,-1
4.59,0.6033613681793213,1XWS,E135K,gnn_global_s2024,-1
3.22,0.5539896488189697,1XWS,E142D,gnn_global_s2024,-1
3.3,0.8159040212631226,1XWS,Y53H,gnn_global_s2024,-1
0.86,0.8093730211257935,1XXN,N32D,gnn_global_s2024,-1
0.645,0.7864891290664673,1XXN,N54E,gnn_global_s2024,-1
-0.239,0.7283526659011841,1XXN,S22E,gnn_global_s2024,-1
0.645,0.8734709024429321,1XXN,S27E,gnn_global_s2024,-1
-2.87,1.1382187604904177,1XZO,F42W,gnn_global_s2024,-1
2.89,1.175207257270813,1XZO,W101F,gnn_global_s2024,-1
8.93,1.20091450214386,1XZO,W36A,gnn_global_s2024,-1
4.25,1.1322481632232666,1XZO,W36F,gnn_global_s2024,-1
0.7170000000000001,1.2757668495178225,2ARF,H1069Q,gnn_global_s2024,-1
-1.07,0.9411985874176024,2H3F,E12A,gnn_global_s2024,-1
-1.536,0.6877390742301941,2JIE,H104R,gnn_global_s2024,-1
0.209,0.6834039688110352,2JIE,Q22S,gnn_global_s2024,-1
1.246,0.7587647438049316,2JIE,S17A,gnn_global_s2024,-1
-0.951,0.6824064254760742,2JIE,S19A,gnn_global_s2024,-1
0.994,0.8253656625747681,2JIE,T18A,gnn_global_s2024,-1
-2.19,0.6610286831855774,2JIE,W123F,gnn_global_s2024,-1
-1.06,0.713887631893158,2JIE,W123H,gnn_global_s2024,-1
3.443,0.7741363048553467,2JIE,Y21A,gnn_global_s2024,-1
-1.26,0.6689234375953674,2KS4,D9A,gnn_global_s2024,-1
0.23,0.7220805883407593,2KS4,E2A,gnn_global_s2024,-1
1.57,1.1377848386764526,2LTB,L558P,gnn_global_s2024,-1
3.11,1.3676215410232544,2LTB,L569R,gnn_global_s2024,-1
3.34,1.0188096761703491,2LTB,M619K,gnn_global_s2024,-1
1.1,0.7341207265853882,2LTB,R533Q,gnn_global_s2024,-1
0.36,0.8637704849243164,2LTB,R555Q,gnn_global_s2024,-1
-1.79,0.8246150016784668,2LTB,R555W,gnn_global_s2024,-1
4.0,1.0247763395309448,2M5S,D302A,gnn_global_s2024,-1
2.0,1.1972602605819702,2M5S,H305A,gnn_global_s2024,-1
2.3,0.7035382986068726,2NTE,R658C,gnn_global_s2024,-1
-0.5,0.5518670082092285,2PR5,A33Y,gnn_global_s2024,-1
0.4,0.6648969650268555,2PR5,A81M,gnn_global_s2024,-1
-0.3,0.6390115022659302,2PR5,D109E,gnn_global_s2024,-1
-0.3,0.4385412335395813,2PR5,H22K,gnn_global_s2024,-1
-1.2,0.406071126461029,2PR5,H22W,gnn_global_s2024,-1
-2.9,0.6168537139892578,2PR5,M111F,gnn_global_s2024,-1
-0.9,0.6280227899551392,2PR5,N107F,gnn_global_s2024,-1
-0.8,0.6502692699432373,2PR5,N107Y,gnn_global_s2024,-1
-1.1,0.446100115776062,2PR5,N124F,gnn_global_s2024,-1
-2.6,0.4629070162773132,2PR5,N124Y,gnn_global_s2024,-1
-0.5,0.7903614044189453,2PR5,T30M,gnn_global_s2024,-1
0.5,0.7207134962081909,2PR5,T50M,gnn_global_s2024,-1
-0.2,0.5820749998092651,2PR5,T54Y,gnn_global_s2024,-1
-1.4,0.750830352306366,2PR5,V120I,gnn_global_s2024,-1
-0.4,0.6697818636894226,2PR5,V25I,gnn_global_s2024,-1
0.2,0.7859140634536743,2PR5,V88L,gnn_global_s2024,-1
0.7,0.7109552025794983,2PR5,V90I,gnn_global_s2024,-1
6.597,0.6443198323249817,2VY0,E53A,gnn_global_s2024,-1
-1.369,0.661481499671936,3BCI,E96Q,gnn_global_s2024,-1
0.65,0.1703655272722244,3D3B,D118A,gnn_global_s2024,-1
0.6,0.1893932670354843,3D3B,D118E,gnn_global_s2024,-1
1.6,0.1946910172700882,3D3B,D118K,gnn_global_s2024,-1
1.34,0.1987685561180114,3D3B,D118N,gnn_global_s2024,-1
1.41,0.1735997647047042,3D3B,D118R,gnn_global_s2024,-1
-0.8,1.3676294088363647,3ECU,H46R,gnn_global_s2024,-1
1.3,0.6715247631072998,3S4M,D122Y,gnn_global_s2024,-1
2.5,0.8701035976409912,3S4M,G130V,gnn_global_s2024,-1
-0.096,1.1390641927719116,3S4M,I154F,gnn_global_s2024,-1
0.693,0.7508823275566101,3S4M,W155R,gnn_global_s2024,-1
-0.99,0.5943478941917419,4BJX,A89V,gnn_global_s2024,-1
1.435,1.2029179334640503,4BUQ,Y48A,gnn_global_s2024,-1
-0.1,0.6579481363296509,4WAA,K65A,gnn_global_s2024,-1
2.07,0.6298568844795227,4WAA,K67A,gnn_global_s2024,-1
0.44,0.4719784259796142,4WAA,R27A,gnn_global_s2024,-1
-0.413,0.8585590720176697,5VP3,R39K,gnn_global_s2024,-1
1.745,0.6159423589706421,1BA3,H461D,gnn_global_s2024,-1
-0.287,0.5589147210121155,1BA3,H489D,gnn_global_s2024,-1
0.287,0.5518321394920349,1BA3,H489K,gnn_global_s2024,-1
0.263,0.5396080017089844,1BA3,H489M,gnn_global_s2024,-1
1.81,0.5347330570220947,1DIV,V129A,gnn_global_s2024,-1
0.455,0.54476398229599,1F8I,F345A,gnn_global_s2024,-1
-0.05,1.0860868692398071,1FT8,L349I,gnn_global_s2024,-1
-0.0,0.9972705841064452,1LVM,S135G,gnn_global_s2024,-1
0.88,0.619081974029541,1NM1,D187N,gnn_global_s2024,-1
1.9,0.6155734658241272,1NM1,D187Y,gnn_global_s2024,-1
2.4,0.7100608944892883,1PRE,C159S,gnn_global_s2024,-1
4.2,0.7888774275779724,1R2Y,R244E,gnn_global_s2024,-1
-0.358,0.7344688177108765,1XXN,N181R,gnn_global_s2024,-1
-3.02,0.7447463274002075,3D2A,M134E,gnn_global_s2024,-1
-3.34,0.8315133452415466,3D2A,M137P,gnn_global_s2024,-1
-2.11,0.729762852191925,3D2A,S163P,gnn_global_s2024,-1
2.99,0.3275023996829986,5OAQ,Y429H,gnn_global_s2024,-1
0.7,0.570917010307312,1BFM,M35W,gnn_local_s2024,-1
0.4,0.5596780180931091,1BFM,M35Y,gnn_local_s2024,-1
0.04,0.6039419174194336,1D5G,H71Y,gnn_local_s2024,-1
-0.91,1.5341801643371582,1D5G,I20F,gnn_local_s2024,-1
1.0,1.5031654834747314,1EKG,L198C,gnn_local_s2024,-1
2.0,1.492686152458191,1EKG,L200C,gnn_local_s2024,-1
-1.0,1.2032005786895752,1EKG,L203C,gnn_local_s2024,-1
2.6,0.5255563259124756,1EKG,S181F,gnn_local_s2024,-1
-4.0,0.7557172179222107,1FRD,H42R,gnn_local_s2024,-1
1.1,0.9119464755058287,1FXA,E94D,gnn_local_s2024,-1
0.4,0.5618029236793518,1FXA,E94K,gnn_local_s2024,-1
-0.6,0.7605606317520142,1FXA,E94Q,gnn_local_s2024,-1
-1.0,0.180332601070404,1FXA,E95K,gnn_local_s2024,-1
1.0,1.6411957740783691,1FXA,F65A,gnn_local_s2024,-1
0.9,1.076933979988098,1FXA,F65I,gnn_local_s2024,-1
0.6,1.3873904943466189,1FXA,F65W,gnn_local_s2024,-1
0.5,1.3411359786987305,1FXA,F65Y,gnn_local_s2024,-1
2.4,0.6718081831932068,1FXA,R42A,gnn_local_s2024,-1
1.4,0.6672716736793518,1FXA,R42H,gnn_local_s2024,-1
-0.1,1.1645396947860718,1FXA,T48A,gnn_local_s2024,-1
1.22,1.7447736263275146,1GLU,C500A,gnn_local_s2024,-1
1.963,1.6277058124542236,1GUA,A118G,gnn_local_s2024,-1
1.951,0.9707949757575988,1GUA,A118L,gnn_local_s2024,-1
2.149,1.4015332460403442,1GUA,A85G,gnn_local_s2024,-1
0.863,1.096650242805481,1GUA,A97G,gnn_local_s2024,-1
-0.283,1.3967444896697998,1GUA,C81A,gnn_local_s2024,-1
0.912,0.7934197187423706,1GUA,C81I,gnn_local_s2024,-1
0.08,0.7012650966644287,1GUA,C95A,gnn_local_s2024,-1
1.759,1.801949977874756,1GUA,C96A,gnn_local_s2024,-1
0.043,1.153832197189331,1GUA,C96L,gnn_local_s2024,-1
0.337,1.329513669013977,1GUA,C96M,gnn_local_s2024,-1
0.706,0.1270910203456878,1GUA,D117A,gnn_local_s2024,-1
0.855,0.496063232421875,1GUA,D129A,gnn_local_s2024,-1
0.493,0.180773377418518,1GUA,D80A,gnn_local_s2024,-1
-0.021,0.0347343757748603,1GUA,E104A,gnn_local_s2024,-1
0.101,0.4271962642669678,1GUA,E124A,gnn_local_s2024,-1
0.591,0.5586640238761902,1GUA,E125A,gnn_local_s2024,-1
3.274,2.605961799621582,1GUA,I58A,gnn_local_s2024,-1
1.2990000000000002,2.151568651199341,1GUA,I58F,gnn_local_s2024,-1
0.7709999999999999,1.9936761856079104,1GUA,I58L,gnn_local_s2024,-1
0.327,0.6029269099235535,1GUA,K109A,gnn_local_s2024,-1
2.593,1.2160135507583618,1GUA,L112A,gnn_local_s2024,-1
2.5340000000000003,1.6351689100265503,1GUA,L121A,gnn_local_s2024,-1
3.405,2.0417041778564453,1GUA,L126A,gnn_local_s2024,-1
3.46,2.0473451614379883,1GUA,L62A,gnn_local_s2024,-1
3.803,1.8352274894714355,1GUA,L78A,gnn_local_s2024,-1
3.529,2.318802118301392,1GUA,L82A,gnn_local_s2024,-1
1.6,1.6416620016098022,1GUA,L82I,gnn_local_s2024,-1
1.7,1.934476375579834,1GUA,L82V,gnn_local_s2024,-1
3.2260000000000004,2.136896133422852,1GUA,L86A,gnn_local_s2024,-1
1.575,1.8692775964736936,1GUA,L91A,gnn_local_s2024,-1
0.961,0.5578731298446655,1GUA,M76A,gnn_local_s2024,-1
-0.271,0.1794090718030929,1GUA,N56M,gnn_local_s2024,-1
1.14,0.2150724083185196,1GUA,N64A,gnn_local_s2024,-1
1.7080000000000002,0.6159961819648743,1GUA,P63A,gnn_local_s2024,-1
0.0819999999999999,0.4971877336502075,1GUA,P93A,gnn_local_s2024,-1
0.504,0.6966608762741089,1GUA,Q66A,gnn_local_s2024,-1
0.693,0.4651752710342407,1GUA,R100A,gnn_local_s2024,-1
-0.178,0.3907336592674255,1GUA,R59A,gnn_local_s2024,-1
-1.078,0.4826438426971435,1GUA,R89L,gnn_local_s2024,-1
1.5730000000000002,0.6497002243995667,1GUA,S77A,gnn_local_s2024,-1
-0.581,0.8277902007102966,1GUA,S77T,gnn_local_s2024,-1
0.109,0.7013342380523682,1GUA,T68A,gnn_local_s2024,-1
3.3680000000000003,2.3073952198028564,1GUA,V128A,gnn_local_s2024,-1
2.251,1.9997868537902832,1GUA,V60A,gnn_local_s2024,-1
1.116,1.402948021888733,1GUA,V69A,gnn_local_s2024,-1
1.77,1.879004001617432,1GUA,V70A,gnn_local_s2024,-1
1.052,1.813175797462464,1GUA,V72A,gnn_local_s2024,-1
0.8640000000000001,1.2461930513381958,1GUA,V72I,gnn_local_s2024,-1
1.981,1.7009313106536863,1GUA,V98A,gnn_local_s2024,-1
1.936,0.3414408564567566,1H0X,P18A,gnn_local_s2024,-1
2.5810000000000004,0.3122775554656982,1H0X,P62A,gnn_local_s2024,-1
2.09,1.6067732572555542,1HCQ,C67A,gnn_local_s2024,-1
1.99,1.71117103099823,1HCQ,C67S,gnn_local_s2024,-1
-0.4,1.3439866304397583,1IOJ,G15A,gnn_local_s2024,-1
-0.5,1.074085712432861,1IV7,A173C,gnn_local_s2024,-1
2.5,1.8015789985656736,1IV7,F189C,gnn_local_s2024,-1
1.9,1.5896857976913452,1IV7,L162C,gnn_local_s2024,-1
-4.299,0.3085840344429016,1IV9,S76Y,gnn_local_s2024,-1
-0.1,0.4734737575054168,1J8I,K25A,gnn_local_s2024,-1
-0.1,0.567605197429657,1J8I,K66A,gnn_local_s2024,-1
-0.8,0.6359090805053711,1J8I,R23A,gnn_local_s2024,-1
0.1,1.0025911331176758,1J8I,R35A,gnn_local_s2024,-1
-0.7,0.644736647605896,1J8I,R43A,gnn_local_s2024,-1
0.1,0.411587655544281,1J8I,R9A,gnn_local_s2024,-1
1.44,0.0717376917600631,1JL9,A25C,gnn_local_s2024,-1
1.6969999999999998,2.268028259277344,1L6H,F39A,gnn_local_s2024,-1
0.55,1.2869024276733398,1L6H,Y45A,gnn_local_s2024,-1
1.482,1.74419903755188,1L6H,Y48A,gnn_local_s2024,-1
1.39,1.7962547540664673,1N88,F21A,gnn_local_s2024,-1
1.39,2.1946070194244385,1N88,I39A,gnn_local_s2024,-1
2.79,1.3289432525634766,1N88,I80A,gnn_local_s2024,-1
2.35,2.043715715408325,1N88,I89A,gnn_local_s2024,-1
1.52,2.0294110774993896,1N88,I8V,gnn_local_s2024,-1
1.52,1.3797032833099363,1N88,L13A,gnn_local_s2024,-1
1.11,0.8229719400405884,1N88,L57A,gnn_local_s2024,-1
1.94,1.6495442390441897,1N88,V12A,gnn_local_s2024,-1
2.84,1.915605068206787,1N88,V30A,gnn_local_s2024,-1
2.82,2.275594472885132,1N88,V43A,gnn_local_s2024,-1
2.83,1.438025712966919,1N88,V49A,gnn_local_s2024,-1
3.24,1.2970666885375977,1N88,V51A,gnn_local_s2024,-1
3.73,1.5273176431655884,1N88,V54A,gnn_local_s2024,-1
2.82,2.1922354698181152,1N88,V81A,gnn_local_s2024,-1
3.1,1.6354601383209229,1N88,V83A,gnn_local_s2024,-1
-0.06,0.8770230412483215,1N88,Y18A,gnn_local_s2024,-1
4.61,1.721256971359253,1N88,Y26A,gnn_local_s2024,-1
1.2,0.9870139360427856,1O6X,A31G,gnn_local_s2024,-1
1.4,1.26767897605896,1O6X,A50G,gnn_local_s2024,-1
-0.36,0.3119747042655945,1O6X,D38A,gnn_local_s2024,-1
0.3,0.2171780467033386,1O6X,E14A,gnn_local_s2024,-1
1.42,0.396300733089447,1O6X,E20G,gnn_local_s2024,-1
1.88,1.0642677545547483,1O6X,F39L,gnn_local_s2024,-1
0.98,1.224470853805542,1O6X,F65A,gnn_local_s2024,-1
0.61,0.5855252742767334,1O6X,H51A,gnn_local_s2024,-1
0.43,1.9011855125427248,1O6X,I15V,gnn_local_s2024,-1
-0.42,1.3943092823028564,1O6X,I23V,gnn_local_s2024,-1
1.31,1.3869729042053225,1O6X,I71V,gnn_local_s2024,-1
1.31,1.0788512229919434,1O6X,I75A,gnn_local_s2024,-1
1.98,0.5862807035446167,1O6X,K41A,gnn_local_s2024,-1
0.97,2.02998423576355,1O6X,L26V,gnn_local_s2024,-1
0.08,0.9550660848617554,1O6X,N58A,gnn_local_s2024,-1
0.49,0.5784688591957092,1O6X,Q60G,gnn_local_s2024,-1
1.1,1.2552638053894043,1O6X,V12A,gnn_local_s2024,-1
1.08,1.864664554595948,1O6X,V52A,gnn_local_s2024,-1
1.1,1.23754620552063,1O6X,V64G,gnn_local_s2024,-1
2.78,0.514843225479126,1O6X,Y73L,gnn_local_s2024,-1
0.13,1.4236842393875122,1R6R,I88N,gnn_local_s2024,-1
2.81,1.5979421138763428,1R6R,L50S,gnn_local_s2024,-1
0.24,1.525496244430542,1R6R,L54S,gnn_local_s2024,-1
6.84,1.6759936809539795,1R6R,L81N,gnn_local_s2024,-1
4.493,1.550503492355347,2BJD,V84D,gnn_local_s2024,-1
4.517,1.460429310798645,2BJD,V84P,gnn_local_s2024,-1
2.103,0.8797269463539124,2BJD,Y86E,gnn_local_s2024,-1
0.012,2.161304473876953,2C9Q,Y79F,gnn_local_s2024,-1
1.233,2.28702449798584,2C9Q,Y79W,gnn_local_s2024,-1
-0.12,0.4712910950183868,2CLR,H13F,gnn_local_s2024,-1
-2.605,0.3692165017127991,2CLR,H31F,gnn_local_s2024,-1
1.912,0.522580087184906,2CLR,H51F,gnn_local_s2024,-1
2.629,1.36229407787323,2CLR,H84A,gnn_local_s2024,-1
-0.89,1.0424015522003174,2DVV,Q443H,gnn_local_s2024,-1
0.02,0.8180241584777832,2DVV,R419W,gnn_local_s2024,-1
0.32,0.5887038111686707,2HBB,A22G,gnn_local_s2024,-1
1.79,1.4443762302398682,2HBB,A26G,gnn_local_s2024,-1
1.55,1.4988882541656494,2HBB,A36G,gnn_local_s2024,-1
1.59,1.1053466796875,2HBB,A39G,gnn_local_s2024,-1
0.33,0.6051899194717407,2HBB,A42G,gnn_local_s2024,-1
0.55,0.9093097448349,2HBB,A46G,gnn_local_s2024,-1
0.22,0.4158121943473816,2HBB,A49G,gnn_local_s2024,-1
0.03,-0.0973718613386154,2HBB,D23A,gnn_local_s2024,-1
0.79,0.0128814838826656,2HBB,D23N,gnn_local_s2024,-1
1.3,-0.1706667840480804,2HBB,D8A,gnn_local_s2024,-1
0.38,-0.0110832676291465,2HBB,D8N,gnn_local_s2024,-1
1.69,0.0269722715020179,2HBB,E17A,gnn_local_s2024,-1
0.33,0.157611072063446,2HBB,E17Q,gnn_local_s2024,-1
0.41,0.6318261623382568,2HBB,E38A,gnn_local_s2024,-1
0.68,0.8441492319107056,2HBB,E38Q,gnn_local_s2024,-1
-0.07,0.0029957592487335,2HBB,E48Q,gnn_local_s2024,-1
2.84,1.4334344863891602,2HBB,F31A,gnn_local_s2024,-1
1.15,0.9007983803749084,2HBB,F5L,gnn_local_s2024,-1
-0.02,0.0748039484024047,2HBB,G24A,gnn_local_s2024,-1
1.02,0.472633421421051,2HBB,G34A,gnn_local_s2024,-1
2.05,0.9709973335266112,2HBB,I18A,gnn_local_s2024,-1
0.07,0.4022708833217621,2HBB,I18V,gnn_local_s2024,-1
1.28,1.8715581893920896,2HBB,I37A,gnn_local_s2024,-1
-0.09,1.4600491523742676,2HBB,I37V,gnn_local_s2024,-1
0.59,1.3492933511734009,2HBB,I4V,gnn_local_s2024,-1
-0.13,0.1049723029136657,2HBB,K10E,gnn_local_s2024,-1
-0.47,-0.6403909921646118,2HBB,K10M,gnn_local_s2024,-1
-0.61,0.5114556550979614,2HBB,K12A,gnn_local_s2024,-1
-0.03,0.8877984285354614,2HBB,K12G,gnn_local_s2024,-1
-1.8,0.2990446090698242,2HBB,K12M,gnn_local_s2024,-1
0.73,0.0051734074950218,2HBB,K14A,gnn_local_s2024,-1
1.3,0.168964222073555,2HBB,K14G,gnn_local_s2024,-1
0.34,-0.2153814882040023,2HBB,K14M,gnn_local_s2024,-1
1.74,0.2112152427434921,2HBB,K15G,gnn_local_s2024,-1
0.44,-0.2106522917747497,2HBB,K15M,gnn_local_s2024,-1
-0.21,0.0191132426261901,2HBB,K7M,gnn_local_s2024,-1
2.76,1.828972578048706,2HBB,L30A,gnn_local_s2024,-1
1.21,1.3920748233795166,2HBB,L35A,gnn_local_s2024,-1
1.73,1.5499626398086548,2HBB,L44A,gnn_local_s2024,-1
0.84,1.4371907711029053,2HBB,L47A,gnn_local_s2024,-1
3.1,1.3836791515350342,2HBB,L6A,gnn_local_s2024,-1
1.46,0.8334954977035522,2HBB,M1A,gnn_local_s2024,-1
0.8,0.4016833901405334,2HBB,T40S,gnn_local_s2024,-1
2.33,1.4063258171081543,2HBB,V21A,gnn_local_s2024,-1
2.55,1.805671215057373,2HBB,V3A,gnn_local_s2024,-1
1.81,1.2026348114013672,2HBB,V9A,gnn_local_s2024,-1
2.54,1.4478089809417725,2JUC,C57D,gnn_local_s2024,-1
0.71,0.9425703287124634,2JUC,C57S,gnn_local_s2024,-1
1.75,0.5642867684364319,2JUC,R18A,gnn_local_s2024,-1
-1.2,0.3203603327274322,2KJ3,D288A,gnn_local_s2024,-1
-1.9,0.3494638800621032,2KJ3,E272A,gnn_local_s2024,-1
0.8,0.817110538482666,2KJ3,G278A,gnn_local_s2024,-1
-1.5,0.2344619929790496,2KJ3,K229A,gnn_local_s2024,-1
-1.0,1.8583307266235352,2KJ3,L241A,gnn_local_s2024,-1
-1.4,0.7014495134353638,2KJ3,S273A,gnn_local_s2024,-1
-1.0,1.9686307907104488,2KJ3,V239A,gnn_local_s2024,-1
-1.0,1.5245180130004885,2KJ3,V264A,gnn_local_s2024,-1
-0.2,2.0673601627349854,2KJ3,V267A,gnn_local_s2024,-1
0.24,1.0279897451400757,2MPC,A89T,gnn_local_s2024,-1
-0.62,0.0658836290240287,2MPC,R42A,gnn_local_s2024,-1
-2.08,-0.1174919828772544,2MPC,R42W,gnn_local_s2024,-1
0.6,0.541113555431366,2N7Z,P88A,gnn_local_s2024,-1
-0.44,1.570516586303711,2OUO,A420D,gnn_local_s2024,-1
2.43,1.6904911994934082,2PTL,A22G,gnn_local_s2024,-1
-0.1,0.6368608474731445,2PTL,A27P,gnn_local_s2024,-1
0.83,0.1689613312482834,2PTL,A27V,gnn_local_s2024,-1
2.17,1.3620065450668335,2PTL,A34G,gnn_local_s2024,-1
-1.47,0.7430919408798218,2PTL,A34V,gnn_local_s2024,-1
2.54,1.467079997062683,2PTL,A43G,gnn_local_s2024,-1
3.1,1.7654410600662231,2PTL,A47G,gnn_local_s2024,-1
1.32,0.9244593381881714,2PTL,A49G,gnn_local_s2024,-1
3.12,1.5760942697525024,2PTL,A51G,gnn_local_s2024,-1
0.49,0.5527893900871277,2PTL,A66G,gnn_local_s2024,-1
1.21,0.3887311816215515,2PTL,D52A,gnn_local_s2024,-1
2.14,0.453666090965271,2PTL,D52G,gnn_local_s2024,-1
0.2,-0.1060543358325958,2PTL,D64A,gnn_local_s2024,-1
0.59,0.1929357498884201,2PTL,E35A,gnn_local_s2024,-1
1.19,0.5615599751472473,2PTL,E46G,gnn_local_s2024,-1
1.08,0.067422017455101,2PTL,E46I,gnn_local_s2024,-1
0.23,0.3495835065841675,2PTL,E60A,gnn_local_s2024,-1
3.12,1.5931367874145508,2PTL,F26A,gnn_local_s2024,-1
0.68,1.083986520767212,2PTL,F26L,gnn_local_s2024,-1
4.15,1.2152026891708374,2PTL,F36A,gnn_local_s2024,-1
3.12,0.7237163782119751,2PTL,F36L,gnn_local_s2024,-1
3.08,1.6557698249816897,2PTL,F40G,gnn_local_s2024,-1
0.38,0.8598431944847107,2PTL,F40L,gnn_local_s2024,-1
3.34,1.2671719789505005,2PTL,F76L,gnn_local_s2024,-1
3.73,1.3096394538879397,2PTL,F76V,gnn_local_s2024,-1
1.52,0.1343724131584167,2PTL,G29A,gnn_local_s2024,-1
2.53,-0.1335750818252563,2PTL,G29V,gnn_local_s2024,-1
2.08,0.6816083788871765,2PTL,G38A,gnn_local_s2024,-1
2.23,0.4794456362724304,2PTL,G59A,gnn_local_s2024,-1
2.04,0.4340328276157379,2PTL,G69A,gnn_local_s2024,-1
4.9,2.190625667572021,2PTL,I20A,gnn_local_s2024,-1
0.56,1.7540044784545898,2PTL,I20V,gnn_local_s2024,-1
1.37,1.3026788234710691,2PTL,I25A,gnn_local_s2024,-1
0.47,0.8249425292015076,2PTL,I25V,gnn_local_s2024,-1
4.72,1.903886079788208,2PTL,I74A,gnn_local_s2024,-1
1.69,1.5123472213745115,2PTL,I74V,gnn_local_s2024,-1
0.92,1.0628572702407837,2PTL,K21A,gnn_local_s2024,-1
0.88,0.4957255125045776,2PTL,K37A,gnn_local_s2024,-1
-0.16,0.7254019975662231,2PTL,K42G,gnn_local_s2024,-1
-0.58,0.7602069973945618,2PTL,K55A,gnn_local_s2024,-1
-0.35,0.1655738800764084,2PTL,K56A,gnn_local_s2024,-1
0.09,0.4307308793067932,2PTL,K68A,gnn_local_s2024,-1
0.45,0.5383238196372986,2PTL,K75A,gnn_local_s2024,-1
3.12,2.0962018966674805,2PTL,L24A,gnn_local_s2024,-1
2.44,1.4694223403930664,2PTL,L54A,gnn_local_s2024,-1
3.77,1.7849273681640625,2PTL,L72A,gnn_local_s2024,-1
1.87,0.6763741970062256,2PTL,N23A,gnn_local_s2024,-1
1.78,0.2601004242897033,2PTL,N28A,gnn_local_s2024,-1
0.34,0.7036014199256897,2PTL,N58A,gnn_local_s2024,-1
1.73,0.5006799697875977,2PTL,N73A,gnn_local_s2024,-1
0.3,0.3773947656154632,2PTL,S30A,gnn_local_s2024,-1
-0.41,0.6421000361442566,2PTL,S45A,gnn_local_s2024,-1
0.82,0.8502025604248047,2PTL,S45G,gnn_local_s2024,-1
1.63,0.7927026748657227,2PTL,T19A,gnn_local_s2024,-1
1.17,0.3500000834465027,2PTL,T31A,gnn_local_s2024,-1
1.11,0.5605661869049072,2PTL,T33A,gnn_local_s2024,-1
1.25,0.5301923155784607,2PTL,T39A,gnn_local_s2024,-1
1.09,1.0198155641555786,2PTL,T44A,gnn_local_s2024,-1
0.17,0.5265166163444519,2PTL,T53G,gnn_local_s2024,-1
0.97,-0.2475238442420959,2PTL,T62A,gnn_local_s2024,-1
1.83,0.9980533123016356,2PTL,T71A,gnn_local_s2024,-1
1.22,1.496368646621704,2PTL,V18A,gnn_local_s2024,-1
0.92,0.7877516746520996,2PTL,V63A,gnn_local_s2024,-1
1.14,0.6617918014526367,2PTL,V65A,gnn_local_s2024,-1
2.82,1.1284189224243164,2PTL,Y48A,gnn_local_s2024,-1
2.46,1.3221603631973269,2PTL,Y50A,gnn_local_s2024,-1
1.66,1.403872013092041,2PTL,Y70A,gnn_local_s2024,-1
-0.43,0.7942999601364136,2PTL,Y70L,gnn_local_s2024,-1
-1.05,0.2894566059112549,2RPN,E7L,gnn_local_s2024,-1
-0.39,1.0111678838729858,2RPN,V21K,gnn_local_s2024,-1
-0.3,0.4754873514175415,2WQG,D15A,gnn_local_s2024,-1
-0.1,0.761346697807312,2WQG,D38A,gnn_local_s2024,-1
2.2,0.9440408945083618,2WQG,D39A,gnn_local_s2024,-1
2.6,1.1455903053283691,2WQG,D39N,gnn_local_s2024,-1
0.1,0.7859187126159668,2WQG,E40Q,gnn_local_s2024,-1
0.4,0.8997862339019775,2WQG,E41G,gnn_local_s2024,-1
0.9,1.450984001159668,2WQG,I36A,gnn_local_s2024,-1
0.3,0.9895997047424316,2WQG,I36V,gnn_local_s2024,-1
0.4,0.8338887691497803,2WQG,K14A,gnn_local_s2024,-1
1.9,1.1218605041503906,2WQG,K14G,gnn_local_s2024,-1
0.3,0.6010039448738098,2WQG,K19A,gnn_local_s2024,-1
0.6,1.1438361406326294,2WQG,K28A,gnn_local_s2024,-1
0.5,2.1011838912963867,2WQG,L13A,gnn_local_s2024,-1
1.3,1.600849986076355,2WQG,L16A,gnn_local_s2024,-1
2.0,1.5218608379364014,2WQG,L8A,gnn_local_s2024,-1
0.6,0.6728634238243103,2WQG,Q12A,gnn_local_s2024,-1
2.0,0.8823278546333313,2WQG,Q12G,gnn_local_s2024,-1
-0.1,0.8075743317604065,2WQG,Q33A,gnn_local_s2024,-1
0.8,1.1090389490127563,2WQG,R34A,gnn_local_s2024,-1
0.6,0.7706886529922485,2WQG,S23A,gnn_local_s2024,-1
-0.1,0.2519330978393554,2WQG,S6A,gnn_local_s2024,-1
0.2,0.5326293110847473,2WQG,S6G,gnn_local_s2024,-1
-0.1,0.8592876195907593,2WQG,T9S,gnn_local_s2024,-1
0.1,1.474133014678955,2WQG,V10A,gnn_local_s2024,-1
0.7,1.8755351305007928,2WQG,V10G,gnn_local_s2024,-1
-0.4,1.0487816333770752,2WQG,V11A,gnn_local_s2024,-1
-0.1,1.599395990371704,2WQG,V11G,gnn_local_s2024,-1
0.5,1.505049228668213,2WQG,V24A,gnn_local_s2024,-1
2.4,1.406965255737305,2WQG,Y5F,gnn_local_s2024,-1
0.74,0.25543013215065,2ZTA,E11Q,gnn_local_s2024,-1
-0.2,0.4452852606773376,2ZTA,E20Q,gnn_local_s2024,-1
1.83,0.4389496147632599,2ZTA,E22Q,gnn_local_s2024,-1
0.41,0.5788540840148926,2ZTA,K15A,gnn_local_s2024,-1
0.91,0.3984502851963043,2ZTA,K27A,gnn_local_s2024,-1
0.06,0.2378793656826019,2ZTA,K28A,gnn_local_s2024,-1
0.39,0.5154545903205872,2ZTA,K8A,gnn_local_s2024,-1
1.66,0.368647038936615,2ZTA,R25A,gnn_local_s2024,-1
1.506,1.7170815467834473,3BN0,I20V,gnn_local_s2024,-1
-0.43,1.8921265602111816,3C2I,F155S,gnn_local_s2024,-1
-0.47,0.9719385504722596,3C2I,T158A,gnn_local_s2024,-1
-0.25,0.7587522268295288,3C2I,T158M,gnn_local_s2024,-1
0.5,0.2016888260841369,3FIS,P61A,gnn_local_s2024,-1
-0.34,-0.5326493978500366,3G1G,D155Y,gnn_local_s2024,-1
0.74,1.7418336868286133,3G1G,F167Y,gnn_local_s2024,-1
0.17,1.6815102100372314,3G1G,I190V,gnn_local_s2024,-1
-1.32,0.4810938835144043,3G1G,R185W,gnn_local_s2024,-1
3.35,0.4312910437583923,3K82,E334L,gnn_local_s2024,-1
1.68,0.9833860397338868,3K82,E334Q,gnn_local_s2024,-1
-5.49,0.2906113862991333,3K82,E401R,gnn_local_s2024,-1
-1.194,0.1921665072441101,3MON,R39G,gnn_local_s2024,-1
2.866,-0.1233161687850952,3MON,W3C,gnn_local_s2024,-1
3.25,1.540865182876587,3O39,L32P,gnn_local_s2024,-1
-2.03,1.19799542427063,3S92,H395R,gnn_local_s2024,-1
-0.574,-0.2149913609027862,4N6V,H75W,gnn_local_s2024,-1
1.362,0.4855257272720337,4N6V,P36G,gnn_local_s2024,-1
-1.745,0.1423545479774475,4N6V,P79S,gnn_local_s2024,-1
0.71,1.3828474283218384,4YEE,V134T,gnn_local_s2024,-1
0.93,0.2332629561424255,4YEF,T134V,gnn_local_s2024,-1
1.44,0.3487196564674377,5JXB,D329G,gnn_local_s2024,-1
1.44,0.3762944638729095,5JXB,D329P,gnn_local_s2024,-1
1.8,1.0468851327896118,1A0F,S11A,gnn_local_s2024,-1
2.69,0.4832074046134949,1A7V,A104H,gnn_local_s2024,-1
1.98,0.4135108590126037,1A7V,A66H,gnn_local_s2024,-1
1.7,1.0604459047317505,1A7V,A91H,gnn_local_s2024,-1
1.36,0.2038174867630005,1A7V,D3H,gnn_local_s2024,-1
2.05,0.2307549864053726,1A7V,D58H,gnn_local_s2024,-1
3.01,0.3471394777297973,1A7V,E73H,gnn_local_s2024,-1
0.6,0.3070191144943237,1A7V,K13H,gnn_local_s2024,-1
2.88,0.5404492616653442,1A7V,K20H,gnn_local_s2024,-1
1.36,0.3041490912437439,1A7V,K31H,gnn_local_s2024,-1
1.86,0.0313001573085784,1A7V,K39H,gnn_local_s2024,-1
2.02,0.2857236564159393,1A7V,K49H,gnn_local_s2024,-1
2.88,0.5510575771331787,1A7V,K84H,gnn_local_s2024,-1
1.97,0.5832803845405579,1A7V,K97H,gnn_local_s2024,-1
0.821,0.3835534155368805,1BNL,D76A,gnn_local_s2024,-1
0.46,0.018733873963356,1DIV,D23A,gnn_local_s2024,-1
0.58,0.1697819232940673,1DIV,D23N,gnn_local_s2024,-1
0.3,0.1860536336898803,1DIV,D8N,gnn_local_s2024,-1
0.98,0.0131956934928894,1DIV,E100A,gnn_local_s2024,-1
1.52,0.2083177268505096,1DIV,E100G,gnn_local_s2024,-1
0.21,0.2626525461673736,1DIV,E17Q,gnn_local_s2024,-1
0.56,0.7420006394386292,1DIV,E38Q,gnn_local_s2024,-1
-0.03,0.3447290658950805,1DIV,E48Q,gnn_local_s2024,-1
-0.33,-0.0814353302121162,1DIV,E54Q,gnn_local_s2024,-1
1.53,0.8710576295852661,1DIV,H106Q,gnn_local_s2024,-1
3.52,1.1347458362579346,1DIV,I115A,gnn_local_s2024,-1
2.22,1.8607587814331048,1DIV,I4A,gnn_local_s2024,-1
0.59,1.3764009475708008,1DIV,I4V,gnn_local_s2024,-1
3.49,1.724529266357422,1DIV,I79A,gnn_local_s2024,-1
3.19,1.7251629829406738,1DIV,I93A,gnn_local_s2024,-1
4.28,1.9020954370498653,1DIV,I98A,gnn_local_s2024,-1
-0.05,-0.1229668781161308,1DIV,K10M,gnn_local_s2024,-1
-0.01,-0.1084482967853546,1DIV,K14M,gnn_local_s2024,-1
0.31,0.0367511957883834,1DIV,K15M,gnn_local_s2024,-1
-0.35,-0.1439830362796783,1DIV,K7M,gnn_local_s2024,-1
-0.61,0.1385198682546615,1DIV,K96A,gnn_local_s2024,-1
0.2,0.3132461905479431,1DIV,K96G,gnn_local_s2024,-1
2.37,1.800292730331421,1DIV,L102A,gnn_local_s2024,-1
2.33,1.1253063678741455,1DIV,L108A,gnn_local_s2024,-1
3.21,0.8784619569778442,1DIV,L110A,gnn_local_s2024,-1
0.82,0.913410186767578,1DIV,L117A,gnn_local_s2024,-1
2.76,1.7829105854034424,1DIV,L30A,gnn_local_s2024,-1
3.62,1.2609779834747314,1DIV,L30V,gnn_local_s2024,-1
3.1,1.0190997123718262,1DIV,L6A,gnn_local_s2024,-1
0.13,0.3904829621315002,1DIV,L6I,gnn_local_s2024,-1
0.41,0.4758808612823486,1DIV,L6V,gnn_local_s2024,-1
3.77,1.1829240322113037,1DIV,L72A,gnn_local_s2024,-1
1.46,1.2064934968948364,1DIV,M1A,gnn_local_s2024,-1
2.36,1.6264140605926514,1DIV,M1G,gnn_local_s2024,-1
2.33,1.546736240386963,1DIV,V21A,gnn_local_s2024,-1
0.4,0.8245828151702881,1DIV,V21I,gnn_local_s2024,-1
1.23,0.940701961517334,1DIV,V21L,gnn_local_s2024,-1
2.55,1.910879135131836,1DIV,V3A,gnn_local_s2024,-1
0.31,1.1537994146347046,1DIV,V3I,gnn_local_s2024,-1
2.21,1.2458887100219729,1DIV,V3L,gnn_local_s2024,-1
3.7,0.4967735409736633,1DXX,K18N,gnn_local_s2024,-1
-0.6,1.2912333011627195,1FH5,S18N,gnn_local_s2024,-1
1.38,1.338159680366516,1FT8,L212V,gnn_local_s2024,-1
0.35,0.5797930359840393,1FT8,L238I,gnn_local_s2024,-1
-0.27,0.685836136341095,1FT8,M216L,gnn_local_s2024,-1
1.6,1.3371566534042358,1GWY,A8D,gnn_local_s2024,-1
3.3,1.3733737468719482,1ITM,C24T,gnn_local_s2024,-1
5.0,0.1233400851488113,1ITM,C3T,gnn_local_s2024,-1
-1.4,0.5938226580619812,1ITM,W91S,gnn_local_s2024,-1
1.162,0.3938834369182586,1JLV,E64D,gnn_local_s2024,-1
2.3040000000000003,0.3101084530353546,1JLV,E64N,gnn_local_s2024,-1
2.302,0.2589178383350372,1JLV,E64Q,gnn_local_s2024,-1
-1.4,0.7813757658004761,1LVM,E106G,gnn_local_s2024,-1
-0.43,0.3572924137115478,1LVM,K45F,gnn_local_s2024,-1
-0.0,0.6600963473320007,1LVM,L56V,gnn_local_s2024,-1
-0.6,-0.0834270566701889,1LVM,Q58F,gnn_local_s2024,-1
2.5,0.4340585470199585,1N18,E100G,gnn_local_s2024,-1
1.4,0.9547224640846252,1N18,G85R,gnn_local_s2024,-1
-1.4,0.8949054479598999,1N18,H46R,gnn_local_s2024,-1
3.3,0.4915522933006286,1O1U,E110A,gnn_local_s2024,-1
1.2,0.5688568949699402,1O1U,N61A,gnn_local_s2024,-1
0.3,0.4563747644424438,1O1U,Q51A,gnn_local_s2024,-1
-0.3,0.8529907464981079,1O1U,Q99A,gnn_local_s2024,-1
1.2,0.7991912961006165,1O1U,T38A,gnn_local_s2024,-1
1.2,1.3628954887390137,1O1U,W49Y,gnn_local_s2024,-1
0.05,0.6503583788871765,1OSI,I11V,gnn_local_s2024,-1
-0.39,0.6563587784767151,1OSI,S92F,gnn_local_s2024,-1
0.78,0.6037004590034485,1OSI,V15I,gnn_local_s2024,-1
1.53,2.6035521030426025,1PFL,A20T,gnn_local_s2024,-1
1.96,0.3938954472541809,1PFL,G117V,gnn_local_s2024,-1
3.53,2.0756139755249023,1PFL,M113T,gnn_local_s2024,-1
-0.07,0.7226213216781616,1PFL,T108M,gnn_local_s2024,-1
0.3,0.6726306080818176,1PRG,Q286P,gnn_local_s2024,-1
-0.06,0.5436910390853882,1PRG,R288H,gnn_local_s2024,-1
-0.03,0.9498215317726136,1PRG,V290M,gnn_local_s2024,-1
-0.8,1.1462762355804443,1SPD,C111S,gnn_local_s2024,-1
-0.1,1.4860272407531738,1SPD,C6A,gnn_local_s2024,-1
2.9,0.7532929182052612,1XWS,E124Q,gnn_local_s2024,-1
4.59,0.4778718650341034,1XWS,E135K,gnn_local_s2024,-1
3.22,0.5666918158531189,1XWS,E142D,gnn_local_s2024,-1
3.3,0.8182044625282288,1XWS,Y53H,gnn_local_s2024,-1
0.86,0.6860362887382507,1XXN,N32D,gnn_local_s2024,-1
0.645,0.6585608720779419,1XXN,N54E,gnn_local_s2024,-1
-0.239,0.7758937478065491,1XXN,S22E,gnn_local_s2024,-1
0.645,1.2128422260284424,1XXN,S27E,gnn_local_s2024,-1
-2.87,0.797397255897522,1XZO,F42W,gnn_local_s2024,-1
2.89,1.2296429872512815,1XZO,W101F,gnn_local_s2024,-1
8.93,1.253840088844299,1XZO,W36A,gnn_local_s2024,-1
4.25,0.7532387971878052,1XZO,W36F,gnn_local_s2024,-1
0.7170000000000001,1.4679877758026123,2ARF,H1069Q,gnn_local_s2024,-1
-1.07,0.3629609644412994,2H3F,E12A,gnn_local_s2024,-1
-1.536,0.3820154666900635,2JIE,H104R,gnn_local_s2024,-1
0.209,-0.0917415842413902,2JIE,Q22S,gnn_local_s2024,-1
1.246,0.3221256732940674,2JIE,S17A,gnn_local_s2024,-1
-0.951,0.3076721429824829,2JIE,S19A,gnn_local_s2024,-1
0.994,0.2294279336929321,2JIE,T18A,gnn_local_s2024,-1
-2.19,-0.0855884179472923,2JIE,W123F,gnn_local_s2024,-1
-1.06,0.1432947963476181,2JIE,W123H,gnn_local_s2024,-1
3.443,1.0927414894104004,2JIE,Y21A,gnn_local_s2024,-1
-1.26,0.5054139494895935,2KS4,D9A,gnn_local_s2024,-1
0.23,0.5498051643371582,2KS4,E2A,gnn_local_s2024,-1
1.57,1.8640044927597048,2LTB,L558P,gnn_local_s2024,-1
3.11,1.949629306793213,2LTB,L569R,gnn_local_s2024,-1
3.34,0.571923553943634,2LTB,M619K,gnn_local_s2024,-1
1.1,0.6414628028869629,2LTB,R533Q,gnn_local_s2024,-1
0.36,1.048952579498291,2LTB,R555Q,gnn_local_s2024,-1
-1.79,0.5336079001426697,2LTB,R555W,gnn_local_s2024,-1
4.0,0.2859233915805816,2M5S,D302A,gnn_local_s2024,-1
2.0,1.3449428081512451,2M5S,H305A,gnn_local_s2024,-1
2.3,0.6180324554443359,2NTE,R658C,gnn_local_s2024,-1
-0.5,0.0045755505561828,2PR5,A33Y,gnn_local_s2024,-1
0.4,0.9211989641189576,2PR5,A81M,gnn_local_s2024,-1
-0.3,0.8046411871910095,2PR5,D109E,gnn_local_s2024,-1
-0.3,-0.2150308340787887,2PR5,H22K,gnn_local_s2024,-1
-1.2,-0.2749879360198974,2PR5,H22W,gnn_local_s2024,-1
-2.9,0.5898793935775757,2PR5,M111F,gnn_local_s2024,-1
-0.9,0.2344037294387817,2PR5,N107F,gnn_local_s2024,-1
-0.8,0.2695416510105133,2PR5,N107Y,gnn_local_s2024,-1
-1.1,0.3103245794773102,2PR5,N124F,gnn_local_s2024,-1
-2.6,0.4088794589042663,2PR5,N124Y,gnn_local_s2024,-1
-0.5,1.1718409061431885,2PR5,T30M,gnn_local_s2024,-1
0.5,0.8953835964202881,2PR5,T50M,gnn_local_s2024,-1
-0.2,0.5689816474914551,2PR5,T54Y,gnn_local_s2024,-1
-1.4,0.4390065670013428,2PR5,V120I,gnn_local_s2024,-1
-0.4,0.8365046381950378,2PR5,V25I,gnn_local_s2024,-1
0.2,1.2312806844711304,2PR5,V88L,gnn_local_s2024,-1
0.7,0.7657811641693115,2PR5,V90I,gnn_local_s2024,-1
6.597,0.2501140236854553,2VY0,E53A,gnn_local_s2024,-1
-1.369,0.7179113626480103,3BCI,E96Q,gnn_local_s2024,-1
0.65,0.1697960346937179,3D3B,D118A,gnn_local_s2024,-1
0.6,0.4340171217918396,3D3B,D118E,gnn_local_s2024,-1
1.6,0.1774281859397888,3D3B,D118K,gnn_local_s2024,-1
1.34,0.2125751227140426,3D3B,D118N,gnn_local_s2024,-1
1.41,0.1500752717256546,3D3B,D118R,gnn_local_s2024,-1
-0.8,0.7989850044250488,3ECU,H46R,gnn_local_s2024,-1
1.3,0.4612698256969452,3S4M,D122Y,gnn_local_s2024,-1
2.5,0.4650110006332397,3S4M,G130V,gnn_local_s2024,-1
-0.096,1.056413173675537,3S4M,I154F,gnn_local_s2024,-1
0.693,0.5984639525413513,3S4M,W155R,gnn_local_s2024,-1
-0.99,0.6981984376907349,4BJX,A89V,gnn_local_s2024,-1
1.435,1.0998231172561646,4BUQ,Y48A,gnn_local_s2024,-1
-0.1,0.7433716058731079,4WAA,K65A,gnn_local_s2024,-1
2.07,0.7011277675628662,4WAA,K67A,gnn_local_s2024,-1
0.44,0.490395724773407,4WAA,R27A,gnn_local_s2024,-1
-0.413,0.4120750427246094,5VP3,R39K,gnn_local_s2024,-1
1.745,0.7482155561447144,1BA3,H461D,gnn_local_s2024,-1
-0.287,0.3791067004203796,1BA3,H489D,gnn_local_s2024,-1
0.287,-0.0166092067956924,1BA3,H489K,gnn_local_s2024,-1
0.263,-0.3733206391334533,1BA3,H489M,gnn_local_s2024,-1
1.81,0.622949481010437,1DIV,V129A,gnn_local_s2024,-1
0.455,1.216711401939392,1F8I,F345A,gnn_local_s2024,-1
-0.05,0.6085799336433411,1FT8,L349I,gnn_local_s2024,-1
-0.0,0.4155849814414978,1LVM,S135G,gnn_local_s2024,-1
0.88,0.5851349830627441,1NM1,D187N,gnn_local_s2024,-1
1.9,0.3679177165031433,1NM1,D187Y,gnn_local_s2024,-1
2.4,0.9828755855560304,1PRE,C159S,gnn_local_s2024,-1
4.2,0.9505703449249268,1R2Y,R244E,gnn_local_s2024,-1
-0.358,0.517314612865448,1XXN,N181R,gnn_local_s2024,-1
-3.02,0.9572044610977172,3D2A,M134E,gnn_local_s2024,-1
-3.34,0.5511061549186707,3D2A,M137P,gnn_local_s2024,-1
-2.11,0.3343487381935119,3D2A,S163P,gnn_local_s2024,-1
2.99,0.1898004412651062,5OAQ,Y429H,gnn_local_s2024,-1
0.7,0.7686703205108643,1BFM,M35W,gnn_local_blosum_s2024,-1
0.4,0.6453961133956909,1BFM,M35Y,gnn_local_blosum_s2024,-1
0.04,0.6856119632720947,1D5G,H71Y,gnn_local_blosum_s2024,-1
-0.91,1.6727203130722046,1D5G,I20F,gnn_local_blosum_s2024,-1
1.0,1.5227186679840088,1EKG,L198C,gnn_local_blosum_s2024,-1
2.0,1.5373680591583252,1EKG,L200C,gnn_local_blosum_s2024,-1
-1.0,1.1538604497909546,1EKG,L203C,gnn_local_blosum_s2024,-1
2.6,0.3871906995773315,1EKG,S181F,gnn_local_blosum_s2024,-1
-4.0,0.8876339197158813,1FRD,H42R,gnn_local_blosum_s2024,-1
1.1,1.1801320314407349,1FXA,E94D,gnn_local_blosum_s2024,-1
0.4,0.788547158241272,1FXA,E94K,gnn_local_blosum_s2024,-1
-0.6,1.057050347328186,1FXA,E94Q,gnn_local_blosum_s2024,-1
-1.0,0.0610392540693283,1FXA,E95K,gnn_local_blosum_s2024,-1
1.0,1.7862584590911863,1FXA,F65A,gnn_local_blosum_s2024,-1
0.9,1.2165647745132446,1FXA,F65I,gnn_local_blosum_s2024,-1
0.6,1.5805116891860962,1FXA,F65W,gnn_local_blosum_s2024,-1
0.5,1.5134685039520264,1FXA,F65Y,gnn_local_blosum_s2024,-1
2.4,0.5929840803146362,1FXA,R42A,gnn_local_blosum_s2024,-1
1.4,0.5488868951797485,1FXA,R42H,gnn_local_blosum_s2024,-1
-0.1,1.2347928285598757,1FXA,T48A,gnn_local_blosum_s2024,-1
1.22,1.8667672872543333,1GLU,C500A,gnn_local_blosum_s2024,-1
1.963,1.8326036930084229,1GUA,A118G,gnn_local_blosum_s2024,-1
1.951,1.1761795282363892,1GUA,A118L,gnn_local_blosum_s2024,-1
2.149,1.4028337001800537,1GUA,A85G,gnn_local_blosum_s2024,-1
0.863,1.3022171258926392,1GUA,A97G,gnn_local_blosum_s2024,-1
-0.283,1.4746612310409546,1GUA,C81A,gnn_local_blosum_s2024,-1
0.912,0.9354201555252076,1GUA,C81I,gnn_local_blosum_s2024,-1
0.08,0.9240878820419312,1GUA,C95A,gnn_local_blosum_s2024,-1
1.759,1.8235479593276973,1GUA,C96A,gnn_local_blosum_s2024,-1
0.043,1.2950085401535034,1GUA,C96L,gnn_local_blosum_s2024,-1
0.337,1.376408934593201,1GUA,C96M,gnn_local_blosum_s2024,-1
0.706,0.209830492734909,1GUA,D117A,gnn_local_blosum_s2024,-1
0.855,0.5932461023330688,1GUA,D129A,gnn_local_blosum_s2024,-1
0.493,0.2240420579910278,1GUA,D80A,gnn_local_blosum_s2024,-1
-0.021,0.3745622336864471,1GUA,E104A,gnn_local_blosum_s2024,-1
0.101,0.5470982789993286,1GUA,E124A,gnn_local_blosum_s2024,-1
0.591,0.8044255971908569,1GUA,E125A,gnn_local_blosum_s2024,-1
3.274,2.831977844238281,1GUA,I58A,gnn_local_blosum_s2024,-1
1.2990000000000002,2.3981409072875977,1GUA,I58F,gnn_local_blosum_s2024,-1
0.7709999999999999,2.2170510292053223,1GUA,I58L,gnn_local_blosum_s2024,-1
0.327,0.6939321756362915,1GUA,K109A,gnn_local_blosum_s2024,-1
2.593,1.463453769683838,1GUA,L112A,gnn_local_blosum_s2024,-1
2.5340000000000003,1.8545297384262085,1GUA,L121A,gnn_local_blosum_s2024,-1
3.405,2.095254898071289,1GUA,L126A,gnn_local_blosum_s2024,-1
3.46,2.057654857635498,1GUA,L62A,gnn_local_blosum_s2024,-1
3.803,1.9339162111282349,1GUA,L78A,gnn_local_blosum_s2024,-1
3.529,2.3761141300201416,1GUA,L82A,gnn_local_blosum_s2024,-1
1.6,1.7180545330047607,1GUA,L82I,gnn_local_blosum_s2024,-1
1.7,2.034583568572998,1GUA,L82V,gnn_local_blosum_s2024,-1
3.2260000000000004,2.114556312561035,1GUA,L86A,gnn_local_blosum_s2024,-1
1.575,1.755737066268921,1GUA,L91A,gnn_local_blosum_s2024,-1
0.961,0.8221886157989502,1GUA,M76A,gnn_local_blosum_s2024,-1
-0.271,0.1730005443096161,1GUA,N56M,gnn_local_blosum_s2024,-1
1.14,0.0753199011087417,1GUA,N64A,gnn_local_blosum_s2024,-1
1.7080000000000002,0.9034470319747924,1GUA,P63A,gnn_local_blosum_s2024,-1
0.0819999999999999,0.676834225654602,1GUA,P93A,gnn_local_blosum_s2024,-1
0.504,0.6916186809539795,1GUA,Q66A,gnn_local_blosum_s2024,-1
0.693,0.6059598922729492,1GUA,R100A,gnn_local_blosum_s2024,-1
-0.178,0.5825415849685669,1GUA,R59A,gnn_local_blosum_s2024,-1
-1.078,0.4435952603816986,1GUA,R89L,gnn_local_blosum_s2024,-1
1.5730000000000002,0.8343061208724976,1GUA,S77A,gnn_local_blosum_s2024,-1
-0.581,0.9747763872146606,1GUA,S77T,gnn_local_blosum_s2024,-1
0.109,0.9716428518295288,1GUA,T68A,gnn_local_blosum_s2024,-1
3.3680000000000003,2.269862651824951,1GUA,V128A,gnn_local_blosum_s2024,-1
2.251,2.0684471130371094,1GUA,V60A,gnn_local_blosum_s2024,-1
1.116,1.6397894620895386,1GUA,V69A,gnn_local_blosum_s2024,-1
1.77,2.08298397064209,1GUA,V70A,gnn_local_blosum_s2024,-1
1.052,1.8679484128952024,1GUA,V72A,gnn_local_blosum_s2024,-1
0.8640000000000001,1.2862812280654907,1GUA,V72I,gnn_local_blosum_s2024,-1
1.981,1.807709097862244,1GUA,V98A,gnn_local_blosum_s2024,-1
1.936,0.3288019299507141,1H0X,P18A,gnn_local_blosum_s2024,-1
2.5810000000000004,0.483062595129013,1H0X,P62A,gnn_local_blosum_s2024,-1
2.09,1.7828465700149536,1HCQ,C67A,gnn_local_blosum_s2024,-1
1.99,1.9223021268844604,1HCQ,C67S,gnn_local_blosum_s2024,-1
-0.4,1.6378508806228638,1IOJ,G15A,gnn_local_blosum_s2024,-1
-0.5,1.068570613861084,1IV7,A173C,gnn_local_blosum_s2024,-1
2.5,1.7752885818481443,1IV7,F189C,gnn_local_blosum_s2024,-1
1.9,1.6571199893951416,1IV7,L162C,gnn_local_blosum_s2024,-1
-4.299,0.3976371586322784,1IV9,S76Y,gnn_local_blosum_s2024,-1
-0.1,0.4649381935596466,1J8I,K25A,gnn_local_blosum_s2024,-1
-0.1,0.4718148410320282,1J8I,K66A,gnn_local_blosum_s2024,-1
-0.8,0.479487270116806,1J8I,R23A,gnn_local_blosum_s2024,-1
0.1,0.9195245504379272,1J8I,R35A,gnn_local_blosum_s2024,-1
-0.7,0.6340925693511963,1J8I,R43A,gnn_local_blosum_s2024,-1
0.1,0.3184778988361358,1J8I,R9A,gnn_local_blosum_s2024,-1
1.44,0.2598771452903747,1JL9,A25C,gnn_local_blosum_s2024,-1
1.6969999999999998,2.0081849098205566,1L6H,F39A,gnn_local_blosum_s2024,-1
0.55,1.0741605758666992,1L6H,Y45A,gnn_local_blosum_s2024,-1
1.482,1.70098614692688,1L6H,Y48A,gnn_local_blosum_s2024,-1
1.39,1.9132918119430544,1N88,F21A,gnn_local_blosum_s2024,-1
1.39,2.430649518966675,1N88,I39A,gnn_local_blosum_s2024,-1
2.79,1.4019155502319336,1N88,I80A,gnn_local_blosum_s2024,-1
2.35,2.0296471118927,1N88,I89A,gnn_local_blosum_s2024,-1
1.52,2.154545783996582,1N88,I8V,gnn_local_blosum_s2024,-1
1.52,1.4495185613632202,1N88,L13A,gnn_local_blosum_s2024,-1
1.11,0.8665467500686646,1N88,L57A,gnn_local_blosum_s2024,-1
1.94,1.647225022315979,1N88,V12A,gnn_local_blosum_s2024,-1
2.84,1.9476181268692017,1N88,V30A,gnn_local_blosum_s2024,-1
2.82,2.457022428512573,1N88,V43A,gnn_local_blosum_s2024,-1
2.83,1.599953293800354,1N88,V49A,gnn_local_blosum_s2024,-1
3.24,1.5411134958267212,1N88,V51A,gnn_local_blosum_s2024,-1
3.73,1.749164581298828,1N88,V54A,gnn_local_blosum_s2024,-1
2.82,2.334047317504883,1N88,V81A,gnn_local_blosum_s2024,-1
3.1,1.5413776636123655,1N88,V83A,gnn_local_blosum_s2024,-1
-0.06,1.0780680179595947,1N88,Y18A,gnn_local_blosum_s2024,-1
4.61,1.8379751443862915,1N88,Y26A,gnn_local_blosum_s2024,-1
1.2,0.9984488487243652,1O6X,A31G,gnn_local_blosum_s2024,-1
1.4,1.3390750885009766,1O6X,A50G,gnn_local_blosum_s2024,-1
-0.36,0.3420692980289459,1O6X,D38A,gnn_local_blosum_s2024,-1
0.3,-0.0152767598628997,1O6X,E14A,gnn_local_blosum_s2024,-1
1.42,0.4211412966251373,1O6X,E20G,gnn_local_blosum_s2024,-1
1.88,0.9680780172348022,1O6X,F39L,gnn_local_blosum_s2024,-1
0.98,1.2632797956466677,1O6X,F65A,gnn_local_blosum_s2024,-1
0.61,0.460560530424118,1O6X,H51A,gnn_local_blosum_s2024,-1
0.43,1.908772349357605,1O6X,I15V,gnn_local_blosum_s2024,-1
-0.42,1.2917715311050415,1O6X,I23V,gnn_local_blosum_s2024,-1
1.31,1.4191951751708984,1O6X,I71V,gnn_local_blosum_s2024,-1
1.31,1.0512580871582031,1O6X,I75A,gnn_local_blosum_s2024,-1
1.98,0.4062612652778625,1O6X,K41A,gnn_local_blosum_s2024,-1
0.97,1.962773442268372,1O6X,L26V,gnn_local_blosum_s2024,-1
0.08,0.8785545825958252,1O6X,N58A,gnn_local_blosum_s2024,-1
0.49,0.4986834824085235,1O6X,Q60G,gnn_local_blosum_s2024,-1
1.1,1.2915797233581543,1O6X,V12A,gnn_local_blosum_s2024,-1
1.08,1.8698155879974363,1O6X,V52A,gnn_local_blosum_s2024,-1
1.1,1.1558642387390137,1O6X,V64G,gnn_local_blosum_s2024,-1
2.78,0.5316579341888428,1O6X,Y73L,gnn_local_blosum_s2024,-1
0.13,1.541391134262085,1R6R,I88N,gnn_local_blosum_s2024,-1
2.81,1.6298153400421145,1R6R,L50S,gnn_local_blosum_s2024,-1
0.24,1.995538830757141,1R6R,L54S,gnn_local_blosum_s2024,-1
6.84,1.6473569869995115,1R6R,L81N,gnn_local_blosum_s2024,-1
4.493,1.406862735748291,2BJD,V84D,gnn_local_blosum_s2024,-1
4.517,1.270735740661621,2BJD,V84P,gnn_local_blosum_s2024,-1
2.103,0.9396435022354126,2BJD,Y86E,gnn_local_blosum_s2024,-1
0.012,2.0283660888671875,2C9Q,Y79F,gnn_local_blosum_s2024,-1
1.233,2.089551448822021,2C9Q,Y79W,gnn_local_blosum_s2024,-1
-0.12,0.3783703744411468,2CLR,H13F,gnn_local_blosum_s2024,-1
-2.605,0.5132910013198853,2CLR,H31F,gnn_local_blosum_s2024,-1
1.912,0.4996896684169769,2CLR,H51F,gnn_local_blosum_s2024,-1
2.629,1.251431584358215,2CLR,H84A,gnn_local_blosum_s2024,-1
-0.89,1.1027752161026,2DVV,Q443H,gnn_local_blosum_s2024,-1
0.02,0.8108117580413818,2DVV,R419W,gnn_local_blosum_s2024,-1
0.32,0.5533804893493652,2HBB,A22G,gnn_local_blosum_s2024,-1
1.79,1.4839855432510376,2HBB,A26G,gnn_local_blosum_s2024,-1
1.55,1.4933072328567505,2HBB,A36G,gnn_local_blosum_s2024,-1
1.59,1.458897590637207,2HBB,A39G,gnn_local_blosum_s2024,-1
0.33,0.5239512920379639,2HBB,A42G,gnn_local_blosum_s2024,-1
0.55,0.9875974655151368,2HBB,A46G,gnn_local_blosum_s2024,-1
0.22,0.5257465839385986,2HBB,A49G,gnn_local_blosum_s2024,-1
0.03,-0.134042888879776,2HBB,D23A,gnn_local_blosum_s2024,-1
0.79,-0.0792923271656036,2HBB,D23N,gnn_local_blosum_s2024,-1
1.3,-0.2099204063415527,2HBB,D8A,gnn_local_blosum_s2024,-1
0.38,-0.0308732390403747,2HBB,D8N,gnn_local_blosum_s2024,-1
1.69,0.0273889452219009,2HBB,E17A,gnn_local_blosum_s2024,-1
0.33,-0.0027603507041931,2HBB,E17Q,gnn_local_blosum_s2024,-1
0.41,0.6990371942520142,2HBB,E38A,gnn_local_blosum_s2024,-1
0.68,0.9654920101165771,2HBB,E38Q,gnn_local_blosum_s2024,-1
-0.07,0.2764907479286194,2HBB,E48Q,gnn_local_blosum_s2024,-1
2.84,1.4964309930801392,2HBB,F31A,gnn_local_blosum_s2024,-1
1.15,0.9932025671005248,2HBB,F5L,gnn_local_blosum_s2024,-1
-0.02,0.3965746462345123,2HBB,G24A,gnn_local_blosum_s2024,-1
1.02,0.6265014410018921,2HBB,G34A,gnn_local_blosum_s2024,-1
2.05,1.164833664894104,2HBB,I18A,gnn_local_blosum_s2024,-1
0.07,0.7216744422912598,2HBB,I18V,gnn_local_blosum_s2024,-1
1.28,1.9297198057174685,2HBB,I37A,gnn_local_blosum_s2024,-1
-0.09,1.55628764629364,2HBB,I37V,gnn_local_blosum_s2024,-1
0.59,1.539322018623352,2HBB,I4V,gnn_local_blosum_s2024,-1
-0.13,0.2210073769092559,2HBB,K10E,gnn_local_blosum_s2024,-1
-0.47,-0.6110306978225708,2HBB,K10M,gnn_local_blosum_s2024,-1
-0.61,0.6354931592941284,2HBB,K12A,gnn_local_blosum_s2024,-1
-0.03,0.8256746530532837,2HBB,K12G,gnn_local_blosum_s2024,-1
-1.8,0.2367787361145019,2HBB,K12M,gnn_local_blosum_s2024,-1
0.73,-0.034221738576889,2HBB,K14A,gnn_local_blosum_s2024,-1
1.3,0.0387534201145172,2HBB,K14G,gnn_local_blosum_s2024,-1
0.34,-0.5217595100402832,2HBB,K14M,gnn_local_blosum_s2024,-1
1.74,0.2706339061260223,2HBB,K15G,gnn_local_blosum_s2024,-1
0.44,-0.3776313364505768,2HBB,K15M,gnn_local_blosum_s2024,-1
-0.21,-0.1457073390483856,2HBB,K7M,gnn_local_blosum_s2024,-1
2.76,1.9199401140213013,2HBB,L30A,gnn_local_blosum_s2024,-1
1.21,1.3888593912124634,2HBB,L35A,gnn_local_blosum_s2024,-1
1.73,1.5859040021896362,2HBB,L44A,gnn_local_blosum_s2024,-1
0.84,1.7166012525558472,2HBB,L47A,gnn_local_blosum_s2024,-1
3.1,1.4762810468673706,2HBB,L6A,gnn_local_blosum_s2024,-1
1.46,0.91382896900177,2HBB,M1A,gnn_local_blosum_s2024,-1
0.8,0.4725120961666107,2HBB,T40S,gnn_local_blosum_s2024,-1
2.33,1.4539471864700315,2HBB,V21A,gnn_local_blosum_s2024,-1
2.55,2.0015783309936523,2HBB,V3A,gnn_local_blosum_s2024,-1
1.81,1.1166486740112305,2HBB,V9A,gnn_local_blosum_s2024,-1
2.54,1.323708415031433,2JUC,C57D,gnn_local_blosum_s2024,-1
0.71,1.113283634185791,2JUC,C57S,gnn_local_blosum_s2024,-1
1.75,0.7018915414810181,2JUC,R18A,gnn_local_blosum_s2024,-1
-1.2,0.3072952926158905,2KJ3,D288A,gnn_local_blosum_s2024,-1
-1.9,0.1975338757038116,2KJ3,E272A,gnn_local_blosum_s2024,-1
0.8,0.974416732788086,2KJ3,G278A,gnn_local_blosum_s2024,-1
-1.5,0.3686155378818512,2KJ3,K229A,gnn_local_blosum_s2024,-1
-1.0,1.7921981811523438,2KJ3,L241A,gnn_local_blosum_s2024,-1
-1.4,0.7416956424713135,2KJ3,S273A,gnn_local_blosum_s2024,-1
-1.0,1.987758755683899,2KJ3,V239A,gnn_local_blosum_s2024,-1
-1.0,1.6147726774215698,2KJ3,V264A,gnn_local_blosum_s2024,-1
-0.2,2.1569974422454834,2KJ3,V267A,gnn_local_blosum_s2024,-1
0.24,1.1553255319595337,2MPC,A89T,gnn_local_blosum_s2024,-1
-0.62,0.1532886922359466,2MPC,R42A,gnn_local_blosum_s2024,-1
-2.08,-0.1693016141653061,2MPC,R42W,gnn_local_blosum_s2024,-1
0.6,0.5444947481155396,2N7Z,P88A,gnn_local_blosum_s2024,-1
-0.44,1.4533110857009888,2OUO,A420D,gnn_local_blosum_s2024,-1
2.43,1.674384355545044,2PTL,A22G,gnn_local_blosum_s2024,-1
-0.1,0.5988632440567017,2PTL,A27P,gnn_local_blosum_s2024,-1
0.83,0.0894238352775573,2PTL,A27V,gnn_local_blosum_s2024,-1
2.17,1.3759156465530396,2PTL,A34G,gnn_local_blosum_s2024,-1
-1.47,0.9353190660476683,2PTL,A34V,gnn_local_blosum_s2024,-1
2.54,1.599080204963684,2PTL,A43G,gnn_local_blosum_s2024,-1
3.1,1.8896679878234863,2PTL,A47G,gnn_local_blosum_s2024,-1
1.32,0.9368637800216676,2PTL,A49G,gnn_local_blosum_s2024,-1
3.12,1.696577787399292,2PTL,A51G,gnn_local_blosum_s2024,-1
0.49,0.4449271261692047,2PTL,A66G,gnn_local_blosum_s2024,-1
1.21,0.3787251710891723,2PTL,D52A,gnn_local_blosum_s2024,-1
2.14,0.4675867855548858,2PTL,D52G,gnn_local_blosum_s2024,-1
0.2,-0.1596552729606628,2PTL,D64A,gnn_local_blosum_s2024,-1
0.59,0.1259056329727172,2PTL,E35A,gnn_local_blosum_s2024,-1
1.19,0.5239064693450928,2PTL,E46G,gnn_local_blosum_s2024,-1
1.08,-0.0508974939584732,2PTL,E46I,gnn_local_blosum_s2024,-1
0.23,0.3141897022724151,2PTL,E60A,gnn_local_blosum_s2024,-1
3.12,1.4125254154205322,2PTL,F26A,gnn_local_blosum_s2024,-1
0.68,1.0587986707687378,2PTL,F26L,gnn_local_blosum_s2024,-1
4.15,1.275884032249451,2PTL,F36A,gnn_local_blosum_s2024,-1
3.12,0.9118289947509766,2PTL,F36L,gnn_local_blosum_s2024,-1
3.08,1.6056032180786133,2PTL,F40G,gnn_local_blosum_s2024,-1
0.38,0.9736593961715698,2PTL,F40L,gnn_local_blosum_s2024,-1
3.34,1.2562609910964966,2PTL,F76L,gnn_local_blosum_s2024,-1
3.73,1.3094631433486938,2PTL,F76V,gnn_local_blosum_s2024,-1
1.52,-0.1546142101287841,2PTL,G29A,gnn_local_blosum_s2024,-1
2.53,-0.4548853039741516,2PTL,G29V,gnn_local_blosum_s2024,-1
2.08,0.7458040714263916,2PTL,G38A,gnn_local_blosum_s2024,-1
2.23,0.6385607719421387,2PTL,G59A,gnn_local_blosum_s2024,-1
2.04,0.6440173387527466,2PTL,G69A,gnn_local_blosum_s2024,-1
4.9,2.128042459487915,2PTL,I20A,gnn_local_blosum_s2024,-1
0.56,1.8342193365097048,2PTL,I20V,gnn_local_blosum_s2024,-1
1.37,1.1396523714065552,2PTL,I25A,gnn_local_blosum_s2024,-1
0.47,0.7808574438095093,2PTL,I25V,gnn_local_blosum_s2024,-1
4.72,1.957605004310608,2PTL,I74A,gnn_local_blosum_s2024,-1
1.69,1.6016292572021484,2PTL,I74V,gnn_local_blosum_s2024,-1
0.92,1.0127776861190796,2PTL,K21A,gnn_local_blosum_s2024,-1
0.88,0.3621852397918701,2PTL,K37A,gnn_local_blosum_s2024,-1
-0.16,0.6714764833450317,2PTL,K42G,gnn_local_blosum_s2024,-1
-0.58,0.7015199661254883,2PTL,K55A,gnn_local_blosum_s2024,-1
-0.35,0.101063072681427,2PTL,K56A,gnn_local_blosum_s2024,-1
0.09,0.3250216245651245,2PTL,K68A,gnn_local_blosum_s2024,-1
0.45,0.4389879405498504,2PTL,K75A,gnn_local_blosum_s2024,-1
3.12,2.065577507019043,2PTL,L24A,gnn_local_blosum_s2024,-1
2.44,1.5517971515655518,2PTL,L54A,gnn_local_blosum_s2024,-1
3.77,1.7611693143844604,2PTL,L72A,gnn_local_blosum_s2024,-1
1.87,0.7114280462265015,2PTL,N23A,gnn_local_blosum_s2024,-1
1.78,0.0929376482963562,2PTL,N28A,gnn_local_blosum_s2024,-1
0.34,0.829399824142456,2PTL,N58A,gnn_local_blosum_s2024,-1
1.73,0.549991250038147,2PTL,N73A,gnn_local_blosum_s2024,-1
0.3,0.210997849702835,2PTL,S30A,gnn_local_blosum_s2024,-1
-0.41,0.7205595970153809,2PTL,S45A,gnn_local_blosum_s2024,-1
0.82,0.860390305519104,2PTL,S45G,gnn_local_blosum_s2024,-1
1.63,0.7853195667266846,2PTL,T19A,gnn_local_blosum_s2024,-1
1.17,0.2065548002719879,2PTL,T31A,gnn_local_blosum_s2024,-1
1.11,0.6069329977035522,2PTL,T33A,gnn_local_blosum_s2024,-1
1.25,0.626569390296936,2PTL,T39A,gnn_local_blosum_s2024,-1
1.09,1.0575720071792605,2PTL,T44A,gnn_local_blosum_s2024,-1
0.17,0.4229276776313782,2PTL,T53G,gnn_local_blosum_s2024,-1
0.97,-0.2069616019725799,2PTL,T62A,gnn_local_blosum_s2024,-1
1.83,0.9701718091964722,2PTL,T71A,gnn_local_blosum_s2024,-1
1.22,1.3748937845230105,2PTL,V18A,gnn_local_blosum_s2024,-1
0.92,0.9560655355453492,2PTL,V63A,gnn_local_blosum_s2024,-1
1.14,0.7244629859924316,2PTL,V65A,gnn_local_blosum_s2024,-1
2.82,1.1871681213378906,2PTL,Y48A,gnn_local_blosum_s2024,-1
2.46,1.3859199285507202,2PTL,Y50A,gnn_local_blosum_s2024,-1
1.66,1.3319090604782104,2PTL,Y70A,gnn_local_blosum_s2024,-1
-0.43,0.9788820743560792,2PTL,Y70L,gnn_local_blosum_s2024,-1
-1.05,0.0905569791793823,2RPN,E7L,gnn_local_blosum_s2024,-1
-0.39,1.0003751516342163,2RPN,V21K,gnn_local_blosum_s2024,-1
-0.3,0.517166256904602,2WQG,D15A,gnn_local_blosum_s2024,-1
-0.1,0.7409361600875854,2WQG,D38A,gnn_local_blosum_s2024,-1
2.2,0.9494907855987548,2WQG,D39A,gnn_local_blosum_s2024,-1
2.6,1.0828005075454712,2WQG,D39N,gnn_local_blosum_s2024,-1
0.1,0.6599944829940796,2WQG,E40Q,gnn_local_blosum_s2024,-1
0.4,0.8012789487838745,2WQG,E41G,gnn_local_blosum_s2024,-1
0.9,1.475479245185852,2WQG,I36A,gnn_local_blosum_s2024,-1
0.3,1.118981957435608,2WQG,I36V,gnn_local_blosum_s2024,-1
0.4,0.8633511066436768,2WQG,K14A,gnn_local_blosum_s2024,-1
1.9,1.087133526802063,2WQG,K14G,gnn_local_blosum_s2024,-1
0.3,0.6599814891815186,2WQG,K19A,gnn_local_blosum_s2024,-1
0.6,1.233862042427063,2WQG,K28A,gnn_local_blosum_s2024,-1
0.5,2.071288585662842,2WQG,L13A,gnn_local_blosum_s2024,-1
1.3,1.5937358140945437,2WQG,L16A,gnn_local_blosum_s2024,-1
2.0,1.6331080198287964,2WQG,L8A,gnn_local_blosum_s2024,-1
0.6,0.6473484039306641,2WQG,Q12A,gnn_local_blosum_s2024,-1
2.0,0.8190339803695679,2WQG,Q12G,gnn_local_blosum_s2024,-1
-0.1,0.8530910015106201,2WQG,Q33A,gnn_local_blosum_s2024,-1
0.8,1.1882160902023315,2WQG,R34A,gnn_local_blosum_s2024,-1
0.6,0.9216041564941406,2WQG,S23A,gnn_local_blosum_s2024,-1
-0.1,0.3010736107826233,2WQG,S6A,gnn_local_blosum_s2024,-1
0.2,0.5918782949447632,2WQG,S6G,gnn_local_blosum_s2024,-1
-0.1,0.8147516250610352,2WQG,T9S,gnn_local_blosum_s2024,-1
0.1,1.5477805137634275,2WQG,V10A,gnn_local_blosum_s2024,-1
0.7,1.8138757944107056,2WQG,V10G,gnn_local_blosum_s2024,-1
-0.4,1.1187313795089722,2WQG,V11A,gnn_local_blosum_s2024,-1
-0.1,1.4256664514541626,2WQG,V11G,gnn_local_blosum_s2024,-1
0.5,1.4790105819702148,2WQG,V24A,gnn_local_blosum_s2024,-1
2.4,1.3179943561553955,2WQG,Y5F,gnn_local_blosum_s2024,-1
0.74,0.2585251033306122,2ZTA,E11Q,gnn_local_blosum_s2024,-1
-0.2,0.5243411064147949,2ZTA,E20Q,gnn_local_blosum_s2024,-1
1.83,0.7415304183959961,2ZTA,E22Q,gnn_local_blosum_s2024,-1
0.41,0.7258278131484985,2ZTA,K15A,gnn_local_blosum_s2024,-1
0.91,0.7438796758651733,2ZTA,K27A,gnn_local_blosum_s2024,-1
0.06,0.5138454437255859,2ZTA,K28A,gnn_local_blosum_s2024,-1
0.39,0.5913286209106445,2ZTA,K8A,gnn_local_blosum_s2024,-1
1.66,0.4866909086704254,2ZTA,R25A,gnn_local_blosum_s2024,-1
1.506,1.7107703685760498,3BN0,I20V,gnn_local_blosum_s2024,-1
-0.43,2.165897846221924,3C2I,F155S,gnn_local_blosum_s2024,-1
-0.47,0.9485028982162476,3C2I,T158A,gnn_local_blosum_s2024,-1
-0.25,0.5622817277908325,3C2I,T158M,gnn_local_blosum_s2024,-1
0.5,0.2468427419662475,3FIS,P61A,gnn_local_blosum_s2024,-1
-0.34,-0.6655571460723877,3G1G,D155Y,gnn_local_blosum_s2024,-1
0.74,1.7961505651474,3G1G,F167Y,gnn_local_blosum_s2024,-1
0.17,1.8033115863800049,3G1G,I190V,gnn_local_blosum_s2024,-1
-1.32,0.6156247854232788,3G1G,R185W,gnn_local_blosum_s2024,-1
3.35,0.5262672901153564,3K82,E334L,gnn_local_blosum_s2024,-1
1.68,0.9233232736587524,3K82,E334Q,gnn_local_blosum_s2024,-1
-5.49,0.342459112405777,3K82,E401R,gnn_local_blosum_s2024,-1
-1.194,0.3762337565422058,3MON,R39G,gnn_local_blosum_s2024,-1
2.866,-0.1352038383483886,3MON,W3C,gnn_local_blosum_s2024,-1
3.25,1.5209075212478638,3O39,L32P,gnn_local_blosum_s2024,-1
-2.03,1.147083759307861,3S92,H395R,gnn_local_blosum_s2024,-1
-0.574,-0.1084522604942321,4N6V,H75W,gnn_local_blosum_s2024,-1
1.362,0.3565723598003387,4N6V,P36G,gnn_local_blosum_s2024,-1
-1.745,-0.1173298358917236,4N6V,P79S,gnn_local_blosum_s2024,-1
0.71,1.163826823234558,4YEE,V134T,gnn_local_blosum_s2024,-1
0.93,-0.0119852572679519,4YEF,T134V,gnn_local_blosum_s2024,-1
1.44,0.152440920472145,5JXB,D329G,gnn_local_blosum_s2024,-1
1.44,0.2507682740688324,5JXB,D329P,gnn_local_blosum_s2024,-1
1.8,1.148788571357727,1A0F,S11A,gnn_local_blosum_s2024,-1
2.69,0.5905265808105469,1A7V,A104H,gnn_local_blosum_s2024,-1
1.98,0.4203961193561554,1A7V,A66H,gnn_local_blosum_s2024,-1
1.7,1.4072293043136597,1A7V,A91H,gnn_local_blosum_s2024,-1
1.36,0.3022211194038391,1A7V,D3H,gnn_local_blosum_s2024,-1
2.05,0.182876855134964,1A7V,D58H,gnn_local_blosum_s2024,-1
3.01,0.3243950307369232,1A7V,E73H,gnn_local_blosum_s2024,-1
0.6,0.3976792395114898,1A7V,K13H,gnn_local_blosum_s2024,-1
2.88,0.5886995792388916,1A7V,K20H,gnn_local_blosum_s2024,-1
1.36,0.5048292875289917,1A7V,K31H,gnn_local_blosum_s2024,-1
1.86,0.1895523369312286,1A7V,K39H,gnn_local_blosum_s2024,-1
2.02,0.634995698928833,1A7V,K49H,gnn_local_blosum_s2024,-1
2.88,0.8808138370513916,1A7V,K84H,gnn_local_blosum_s2024,-1
1.97,0.5224201679229736,1A7V,K97H,gnn_local_blosum_s2024,-1
0.821,0.447469562292099,1BNL,D76A,gnn_local_blosum_s2024,-1
0.46,0.0060926675796508,1DIV,D23A,gnn_local_blosum_s2024,-1
0.58,0.1022959947586059,1DIV,D23N,gnn_local_blosum_s2024,-1
0.3,0.2521727979183197,1DIV,D8N,gnn_local_blosum_s2024,-1
0.98,0.0030557513236999,1DIV,E100A,gnn_local_blosum_s2024,-1
1.52,0.1720539927482605,1DIV,E100G,gnn_local_blosum_s2024,-1
0.21,0.1732323467731475,1DIV,E17Q,gnn_local_blosum_s2024,-1
0.56,0.8704034090042114,1DIV,E38Q,gnn_local_blosum_s2024,-1
-0.03,0.3162157237529754,1DIV,E48Q,gnn_local_blosum_s2024,-1
-0.33,-0.4968867599964142,1DIV,E54Q,gnn_local_blosum_s2024,-1
1.53,1.0345889329910278,1DIV,H106Q,gnn_local_blosum_s2024,-1
3.52,1.24510395526886,1DIV,I115A,gnn_local_blosum_s2024,-1
2.22,1.970406174659729,1DIV,I4A,gnn_local_blosum_s2024,-1
0.59,1.5472139120101929,1DIV,I4V,gnn_local_blosum_s2024,-1
3.49,1.6985424757003784,1DIV,I79A,gnn_local_blosum_s2024,-1
3.19,1.8111201524734497,1DIV,I93A,gnn_local_blosum_s2024,-1
4.28,2.031455516815185,1DIV,I98A,gnn_local_blosum_s2024,-1
-0.05,-0.37368044257164,1DIV,K10M,gnn_local_blosum_s2024,-1
-0.01,-0.5377228260040283,1DIV,K14M,gnn_local_blosum_s2024,-1
0.31,-0.3372130692005157,1DIV,K15M,gnn_local_blosum_s2024,-1
-0.35,-0.2059520483016967,1DIV,K7M,gnn_local_blosum_s2024,-1
-0.61,0.1553704291582107,1DIV,K96A,gnn_local_blosum_s2024,-1
0.2,0.3610642552375793,1DIV,K96G,gnn_local_blosum_s2024,-1
2.37,2.002645492553711,1DIV,L102A,gnn_local_blosum_s2024,-1
2.33,1.3049843311309814,1DIV,L108A,gnn_local_blosum_s2024,-1
3.21,1.080045223236084,1DIV,L110A,gnn_local_blosum_s2024,-1
0.82,1.1058424711227417,1DIV,L117A,gnn_local_blosum_s2024,-1
2.76,1.7482138872146606,1DIV,L30A,gnn_local_blosum_s2024,-1
3.62,1.3343409299850464,1DIV,L30V,gnn_local_blosum_s2024,-1
3.1,1.0805572271347046,1DIV,L6A,gnn_local_blosum_s2024,-1
0.13,0.4889343082904815,1DIV,L6I,gnn_local_blosum_s2024,-1
0.41,0.6045843362808228,1DIV,L6V,gnn_local_blosum_s2024,-1
3.77,1.347563624382019,1DIV,L72A,gnn_local_blosum_s2024,-1
1.46,1.3444195985794067,1DIV,M1A,gnn_local_blosum_s2024,-1
2.36,1.517424702644348,1DIV,M1G,gnn_local_blosum_s2024,-1
2.33,1.6775792837142944,1DIV,V21A,gnn_local_blosum_s2024,-1
0.4,0.9808288812637328,1DIV,V21I,gnn_local_blosum_s2024,-1
1.23,1.0711489915847778,1DIV,V21L,gnn_local_blosum_s2024,-1
2.55,2.0804901123046875,1DIV,V3A,gnn_local_blosum_s2024,-1
0.31,1.3563066720962524,1DIV,V3I,gnn_local_blosum_s2024,-1
2.21,1.4581581354141235,1DIV,V3L,gnn_local_blosum_s2024,-1
3.7,0.3901859223842621,1DXX,K18N,gnn_local_blosum_s2024,-1
-0.6,1.3353722095489502,1FH5,S18N,gnn_local_blosum_s2024,-1
1.38,1.1232479810714722,1FT8,L212V,gnn_local_blosum_s2024,-1
0.35,1.0009098052978516,1FT8,L238I,gnn_local_blosum_s2024,-1
-0.27,0.4687119424343109,1FT8,M216L,gnn_local_blosum_s2024,-1
1.6,1.3442360162734983,1GWY,A8D,gnn_local_blosum_s2024,-1
3.3,1.3208801746368408,1ITM,C24T,gnn_local_blosum_s2024,-1
5.0,0.1475595831871032,1ITM,C3T,gnn_local_blosum_s2024,-1
-1.4,0.5315508842468262,1ITM,W91S,gnn_local_blosum_s2024,-1
1.162,0.3563237190246582,1JLV,E64D,gnn_local_blosum_s2024,-1
2.3040000000000003,0.3030993044376373,1JLV,E64N,gnn_local_blosum_s2024,-1
2.302,0.2245261371135711,1JLV,E64Q,gnn_local_blosum_s2024,-1
-1.4,0.9962706565856934,1LVM,E106G,gnn_local_blosum_s2024,-1
-0.43,0.4732307493686676,1LVM,K45F,gnn_local_blosum_s2024,-1
-0.0,0.7519303560256958,1LVM,L56V,gnn_local_blosum_s2024,-1
-0.6,-0.4028333127498626,1LVM,Q58F,gnn_local_blosum_s2024,-1
2.5,0.3887720108032226,1N18,E100G,gnn_local_blosum_s2024,-1
1.4,0.986659049987793,1N18,G85R,gnn_local_blosum_s2024,-1
-1.4,0.944208025932312,1N18,H46R,gnn_local_blosum_s2024,-1
3.3,0.3760755062103271,1O1U,E110A,gnn_local_blosum_s2024,-1
1.2,0.5525388717651367,1O1U,N61A,gnn_local_blosum_s2024,-1
0.3,0.4505222737789154,1O1U,Q51A,gnn_local_blosum_s2024,-1
-0.3,0.7191401720046997,1O1U,Q99A,gnn_local_blosum_s2024,-1
1.2,0.8494153022766113,1O1U,T38A,gnn_local_blosum_s2024,-1
1.2,1.3431836366653442,1O1U,W49Y,gnn_local_blosum_s2024,-1
0.05,0.5756063461303711,1OSI,I11V,gnn_local_blosum_s2024,-1
-0.39,0.6406691074371338,1OSI,S92F,gnn_local_blosum_s2024,-1
0.78,1.0175936222076416,1OSI,V15I,gnn_local_blosum_s2024,-1
1.53,2.3981428146362305,1PFL,A20T,gnn_local_blosum_s2024,-1
1.96,0.2506880164146423,1PFL,G117V,gnn_local_blosum_s2024,-1
3.53,1.84473729133606,1PFL,M113T,gnn_local_blosum_s2024,-1
-0.07,0.5568739175796509,1PFL,T108M,gnn_local_blosum_s2024,-1
0.3,0.6419193744659424,1PRG,Q286P,gnn_local_blosum_s2024,-1
-0.06,0.5165529251098633,1PRG,R288H,gnn_local_blosum_s2024,-1
-0.03,1.1660428047180176,1PRG,V290M,gnn_local_blosum_s2024,-1
-0.8,1.3178342580795288,1SPD,C111S,gnn_local_blosum_s2024,-1
-0.1,1.6570050716400146,1SPD,C6A,gnn_local_blosum_s2024,-1
2.9,0.728104829788208,1XWS,E124Q,gnn_local_blosum_s2024,-1
4.59,0.579827070236206,1XWS,E135K,gnn_local_blosum_s2024,-1
3.22,0.6430332660675049,1XWS,E142D,gnn_local_blosum_s2024,-1
3.3,0.997157335281372,1XWS,Y53H,gnn_local_blosum_s2024,-1
0.86,0.597608208656311,1XXN,N32D,gnn_local_blosum_s2024,-1
0.645,0.7932819128036499,1XXN,N54E,gnn_local_blosum_s2024,-1
-0.239,0.5844249725341797,1XXN,S22E,gnn_local_blosum_s2024,-1
0.645,1.3121418952941897,1XXN,S27E,gnn_local_blosum_s2024,-1
-2.87,0.7869530916213989,1XZO,F42W,gnn_local_blosum_s2024,-1
2.89,1.340471863746643,1XZO,W101F,gnn_local_blosum_s2024,-1
8.93,1.2806978225708008,1XZO,W36A,gnn_local_blosum_s2024,-1
4.25,0.8174532651901245,1XZO,W36F,gnn_local_blosum_s2024,-1
0.7170000000000001,1.108418345451355,2ARF,H1069Q,gnn_local_blosum_s2024,-1
-1.07,0.4994436204433441,2H3F,E12A,gnn_local_blosum_s2024,-1
-1.536,0.4229500889778137,2JIE,H104R,gnn_local_blosum_s2024,-1
0.209,-0.6980711221694946,2JIE,Q22S,gnn_local_blosum_s2024,-1
1.246,0.4980545938014984,2JIE,S17A,gnn_local_blosum_s2024,-1
-0.951,-0.1179816126823425,2JIE,S19A,gnn_local_blosum_s2024,-1
0.994,0.1121851056814193,2JIE,T18A,gnn_local_blosum_s2024,-1
-2.19,-0.535880446434021,2JIE,W123F,gnn_local_blosum_s2024,-1
-1.06,-0.3005355298519134,2JIE,W123H,gnn_local_blosum_s2024,-1
3.443,0.8222290277481079,2JIE,Y21A,gnn_local_blosum_s2024,-1
-1.26,0.4648982584476471,2KS4,D9A,gnn_local_blosum_s2024,-1
0.23,0.6356220245361328,2KS4,E2A,gnn_local_blosum_s2024,-1
1.57,1.7054319381713867,2LTB,L558P,gnn_local_blosum_s2024,-1
3.11,1.9699453115463257,2LTB,L569R,gnn_local_blosum_s2024,-1
3.34,0.726656436920166,2LTB,M619K,gnn_local_blosum_s2024,-1
1.1,0.5993708372116089,2LTB,R533Q,gnn_local_blosum_s2024,-1
0.36,0.7942016124725342,2LTB,R555Q,gnn_local_blosum_s2024,-1
-1.79,0.5029447078704834,2LTB,R555W,gnn_local_blosum_s2024,-1
4.0,0.1736675500869751,2M5S,D302A,gnn_local_blosum_s2024,-1
2.0,1.4080774784088137,2M5S,H305A,gnn_local_blosum_s2024,-1
2.3,0.3733277320861816,2NTE,R658C,gnn_local_blosum_s2024,-1
-0.5,0.0829740166664123,2PR5,A33Y,gnn_local_blosum_s2024,-1
0.4,1.041571021080017,2PR5,A81M,gnn_local_blosum_s2024,-1
-0.3,0.899528980255127,2PR5,D109E,gnn_local_blosum_s2024,-1
-0.3,-0.3000393807888031,2PR5,H22K,gnn_local_blosum_s2024,-1
-1.2,-0.3960739374160766,2PR5,H22W,gnn_local_blosum_s2024,-1
-2.9,0.8178256750106812,2PR5,M111F,gnn_local_blosum_s2024,-1
-0.9,0.3973210155963897,2PR5,N107F,gnn_local_blosum_s2024,-1
-0.8,0.4705597460269928,2PR5,N107Y,gnn_local_blosum_s2024,-1
-1.1,0.1871083676815033,2PR5,N124F,gnn_local_blosum_s2024,-1
-2.6,0.3234390914440155,2PR5,N124Y,gnn_local_blosum_s2024,-1
-0.5,1.3032375574111938,2PR5,T30M,gnn_local_blosum_s2024,-1
0.5,1.0625470876693726,2PR5,T50M,gnn_local_blosum_s2024,-1
-0.2,0.5933048725128174,2PR5,T54Y,gnn_local_blosum_s2024,-1
-1.4,0.572821855545044,2PR5,V120I,gnn_local_blosum_s2024,-1
-0.4,0.8154137134552002,2PR5,V25I,gnn_local_blosum_s2024,-1
0.2,1.4471954107284546,2PR5,V88L,gnn_local_blosum_s2024,-1
0.7,0.8351846933364868,2PR5,V90I,gnn_local_blosum_s2024,-1
6.597,0.2242361605167389,2VY0,E53A,gnn_local_blosum_s2024,-1
-1.369,0.7081785202026367,3BCI,E96Q,gnn_local_blosum_s2024,-1
0.65,0.1538198888301849,3D3B,D118A,gnn_local_blosum_s2024,-1
0.6,0.2380765974521637,3D3B,D118E,gnn_local_blosum_s2024,-1
1.6,0.0645035654306411,3D3B,D118K,gnn_local_blosum_s2024,-1
1.34,0.0533645153045654,3D3B,D118N,gnn_local_blosum_s2024,-1
1.41,0.0941127687692642,3D3B,D118R,gnn_local_blosum_s2024,-1
-0.8,0.8964110612869263,3ECU,H46R,gnn_local_blosum_s2024,-1
1.3,0.5311688184738159,3S4M,D122Y,gnn_local_blosum_s2024,-1
2.5,0.5722701549530029,3S4M,G130V,gnn_local_blosum_s2024,-1
-0.096,1.0326495170593262,3S4M,I154F,gnn_local_blosum_s2024,-1
0.693,0.6832870244979858,3S4M,W155R,gnn_local_blosum_s2024,-1
-0.99,0.5130876302719116,4BJX,A89V,gnn_local_blosum_s2024,-1
1.435,1.0001603364944458,4BUQ,Y48A,gnn_local_blosum_s2024,-1
-0.1,1.0829344987869265,4WAA,K65A,gnn_local_blosum_s2024,-1
2.07,0.693536639213562,4WAA,K67A,gnn_local_blosum_s2024,-1
0.44,0.2668671309947967,4WAA,R27A,gnn_local_blosum_s2024,-1
-0.413,0.2422610223293304,5VP3,R39K,gnn_local_blosum_s2024,-1
1.745,0.7702600955963135,1BA3,H461D,gnn_local_blosum_s2024,-1
-0.287,0.4970018565654754,1BA3,H489D,gnn_local_blosum_s2024,-1
0.287,-0.1248362064361572,1BA3,H489K,gnn_local_blosum_s2024,-1
0.263,-0.3711881935596466,1BA3,H489M,gnn_local_blosum_s2024,-1
1.81,0.4283627569675445,1DIV,V129A,gnn_local_blosum_s2024,-1
0.455,1.0576626062393188,1F8I,F345A,gnn_local_blosum_s2024,-1
-0.05,0.7036404609680176,1FT8,L349I,gnn_local_blosum_s2024,-1
-0.0,0.77617347240448,1LVM,S135G,gnn_local_blosum_s2024,-1
0.88,0.5088808536529541,1NM1,D187N,gnn_local_blosum_s2024,-1
1.9,0.2526699602603912,1NM1,D187Y,gnn_local_blosum_s2024,-1
2.4,0.7692022323608398,1PRE,C159S,gnn_local_blosum_s2024,-1
4.2,0.9016668796539308,1R2Y,R244E,gnn_local_blosum_s2024,-1
-0.358,0.2920804917812347,1XXN,N181R,gnn_local_blosum_s2024,-1
-3.02,0.862127423286438,3D2A,M134E,gnn_local_blosum_s2024,-1
-3.34,0.7611684799194336,3D2A,M137P,gnn_local_blosum_s2024,-1
-2.11,0.3776620924472809,3D2A,S163P,gnn_local_blosum_s2024,-1
2.99,0.1445041298866272,5OAQ,Y429H,gnn_local_blosum_s2024,-1
0.7,0.5918678045272827,1BFM,M35W,gnn_edge_s2024,-1
0.4,0.8152623176574707,1BFM,M35Y,gnn_edge_s2024,-1
0.04,0.8921782970428467,1D5G,H71Y,gnn_edge_s2024,-1
-0.91,0.8610079288482666,1D5G,I20F,gnn_edge_s2024,-1
1.0,1.1644920110702517,1EKG,L198C,gnn_edge_s2024,-1
2.0,1.5220232009887695,1EKG,L200C,gnn_edge_s2024,-1
-1.0,1.8234652280807493,1EKG,L203C,gnn_edge_s2024,-1
2.6,1.133726954460144,1EKG,S181F,gnn_edge_s2024,-1
-4.0,1.4970927238464355,1FRD,H42R,gnn_edge_s2024,-1
1.1,0.4895888864994049,1FXA,E94D,gnn_edge_s2024,-1
0.4,0.5941698551177979,1FXA,E94K,gnn_edge_s2024,-1
-0.6,1.5495096445083618,1FXA,E94Q,gnn_edge_s2024,-1
-1.0,-0.4881217777729034,1FXA,E95K,gnn_edge_s2024,-1
1.0,1.2545602321624756,1FXA,F65A,gnn_edge_s2024,-1
0.9,0.7551288604736328,1FXA,F65I,gnn_edge_s2024,-1
0.6,1.0850152969360352,1FXA,F65W,gnn_edge_s2024,-1
0.5,1.440393090248108,1FXA,F65Y,gnn_edge_s2024,-1
2.4,0.7094719409942627,1FXA,R42A,gnn_edge_s2024,-1
1.4,0.911564826965332,1FXA,R42H,gnn_edge_s2024,-1
-0.1,1.6687134504318235,1FXA,T48A,gnn_edge_s2024,-1
1.22,1.8043779134750368,1GLU,C500A,gnn_edge_s2024,-1
1.963,1.4228349924087524,1GUA,A118G,gnn_edge_s2024,-1
1.951,0.8170539140701294,1GUA,A118L,gnn_edge_s2024,-1
2.149,1.1006559133529663,1GUA,A85G,gnn_edge_s2024,-1
0.863,1.2405180931091309,1GUA,A97G,gnn_edge_s2024,-1
-0.283,1.1820253133773804,1GUA,C81A,gnn_edge_s2024,-1
0.912,0.7856181859970093,1GUA,C81I,gnn_edge_s2024,-1
0.08,0.7706024646759033,1GUA,C95A,gnn_edge_s2024,-1
1.759,1.2710721492767334,1GUA,C96A,gnn_edge_s2024,-1
0.043,0.99597430229187,1GUA,C96L,gnn_edge_s2024,-1
0.337,0.8313249349594116,1GUA,C96M,gnn_edge_s2024,-1
0.706,0.073912039399147,1GUA,D117A,gnn_edge_s2024,-1
0.855,1.2543836832046509,1GUA,D129A,gnn_edge_s2024,-1
0.493,-0.5742653608322144,1GUA,D80A,gnn_edge_s2024,-1
-0.021,0.1910116076469421,1GUA,E104A,gnn_edge_s2024,-1
0.101,0.6825467348098755,1GUA,E124A,gnn_edge_s2024,-1
0.591,0.9228435754776,1GUA,E125A,gnn_edge_s2024,-1
3.274,2.3893373012542725,1GUA,I58A,gnn_edge_s2024,-1
1.2990000000000002,1.4214435815811155,1GUA,I58F,gnn_edge_s2024,-1
0.7709999999999999,1.3778536319732666,1GUA,I58L,gnn_edge_s2024,-1
0.327,0.825027346611023,1GUA,K109A,gnn_edge_s2024,-1
2.593,1.038977861404419,1GUA,L112A,gnn_edge_s2024,-1
2.5340000000000003,1.1824166774749756,1GUA,L121A,gnn_edge_s2024,-1
3.405,1.393128752708435,1GUA,L126A,gnn_edge_s2024,-1
3.46,1.4674776792526243,1GUA,L62A,gnn_edge_s2024,-1
3.803,1.7742995023727417,1GUA,L78A,gnn_edge_s2024,-1
3.529,1.7043057680130005,1GUA,L82A,gnn_edge_s2024,-1
1.6,1.101325750350952,1GUA,L82I,gnn_edge_s2024,-1
1.7,1.140276551246643,1GUA,L82V,gnn_edge_s2024,-1
3.2260000000000004,1.80687952041626,1GUA,L86A,gnn_edge_s2024,-1
1.575,2.0640926361083984,1GUA,L91A,gnn_edge_s2024,-1
0.961,0.4097346067428589,1GUA,M76A,gnn_edge_s2024,-1
-0.271,0.9741779565811156,1GUA,N56M,gnn_edge_s2024,-1
1.14,0.2054203748703003,1GUA,N64A,gnn_edge_s2024,-1
1.7080000000000002,1.3599005937576294,1GUA,P63A,gnn_edge_s2024,-1
0.0819999999999999,1.4412702322006226,1GUA,P93A,gnn_edge_s2024,-1
0.504,0.886572003364563,1GUA,Q66A,gnn_edge_s2024,-1
0.693,0.7739700078964233,1GUA,R100A,gnn_edge_s2024,-1
-0.178,0.7413562536239624,1GUA,R59A,gnn_edge_s2024,-1
-1.078,0.6939330101013184,1GUA,R89L,gnn_edge_s2024,-1
1.5730000000000002,0.0203527212142944,1GUA,S77A,gnn_edge_s2024,-1
-0.581,0.5375131368637085,1GUA,S77T,gnn_edge_s2024,-1
0.109,0.8641960620880127,1GUA,T68A,gnn_edge_s2024,-1
3.3680000000000003,2.2055084705352783,1GUA,V128A,gnn_edge_s2024,-1
2.251,1.4996073246002195,1GUA,V60A,gnn_edge_s2024,-1
1.116,1.2172908782958984,1GUA,V69A,gnn_edge_s2024,-1
1.77,1.6396771669387815,1GUA,V70A,gnn_edge_s2024,-1
1.052,2.199390888214112,1GUA,V72A,gnn_edge_s2024,-1
0.8640000000000001,1.2423216104507446,1GUA,V72I,gnn_edge_s2024,-1
1.981,1.4262285232543943,1GUA,V98A,gnn_edge_s2024,-1
1.936,0.413271427154541,1H0X,P18A,gnn_edge_s2024,-1
2.5810000000000004,0.1595944464206695,1H0X,P62A,gnn_edge_s2024,-1
2.09,1.4970430135726929,1HCQ,C67A,gnn_edge_s2024,-1
1.99,1.492273449897766,1HCQ,C67S,gnn_edge_s2024,-1
-0.4,1.4002199172973633,1IOJ,G15A,gnn_edge_s2024,-1
-0.5,0.7415808439254761,1IV7,A173C,gnn_edge_s2024,-1
2.5,1.838501214981079,1IV7,F189C,gnn_edge_s2024,-1
1.9,1.5915838479995728,1IV7,L162C,gnn_edge_s2024,-1
-4.299,0.2182699590921402,1IV9,S76Y,gnn_edge_s2024,-1
-0.1,1.4795597791671753,1J8I,K25A,gnn_edge_s2024,-1
-0.1,1.0888447761535645,1J8I,K66A,gnn_edge_s2024,-1
-0.8,0.7382004261016846,1J8I,R23A,gnn_edge_s2024,-1
0.1,0.7055251598358154,1J8I,R35A,gnn_edge_s2024,-1
-0.7,0.650666356086731,1J8I,R43A,gnn_edge_s2024,-1
0.1,0.4352301061153412,1J8I,R9A,gnn_edge_s2024,-1
1.44,0.6283626556396484,1JL9,A25C,gnn_edge_s2024,-1
1.6969999999999998,2.619591236114502,1L6H,F39A,gnn_edge_s2024,-1
0.55,0.9210801124572754,1L6H,Y45A,gnn_edge_s2024,-1
1.482,0.9996113777160645,1L6H,Y48A,gnn_edge_s2024,-1
1.39,1.1564706563949585,1N88,F21A,gnn_edge_s2024,-1
1.39,2.782334327697754,1N88,I39A,gnn_edge_s2024,-1
2.79,1.8128284215927124,1N88,I80A,gnn_edge_s2024,-1
2.35,1.4735976457595823,1N88,I89A,gnn_edge_s2024,-1
1.52,2.136594772338867,1N88,I8V,gnn_edge_s2024,-1
1.52,0.6689977645874023,1N88,L13A,gnn_edge_s2024,-1
1.11,1.0116097927093506,1N88,L57A,gnn_edge_s2024,-1
1.94,0.8670467138290405,1N88,V12A,gnn_edge_s2024,-1
2.84,2.698519706726074,1N88,V30A,gnn_edge_s2024,-1
2.82,1.7423579692840576,1N88,V43A,gnn_edge_s2024,-1
2.83,1.2275148630142212,1N88,V49A,gnn_edge_s2024,-1
3.24,1.521574854850769,1N88,V51A,gnn_edge_s2024,-1
3.73,2.199556827545166,1N88,V54A,gnn_edge_s2024,-1
2.82,2.78149938583374,1N88,V81A,gnn_edge_s2024,-1
3.1,1.9456788301467896,1N88,V83A,gnn_edge_s2024,-1
-0.06,0.4638387560844421,1N88,Y18A,gnn_edge_s2024,-1
4.61,1.798378348350525,1N88,Y26A,gnn_edge_s2024,-1
1.2,1.2249455451965332,1O6X,A31G,gnn_edge_s2024,-1
1.4,0.8550000190734863,1O6X,A50G,gnn_edge_s2024,-1
-0.36,0.3584266304969787,1O6X,D38A,gnn_edge_s2024,-1
0.3,0.3254298567771911,1O6X,E14A,gnn_edge_s2024,-1
1.42,0.0472727790474891,1O6X,E20G,gnn_edge_s2024,-1
1.88,0.4875741600990295,1O6X,F39L,gnn_edge_s2024,-1
0.98,1.1169637441635132,1O6X,F65A,gnn_edge_s2024,-1
0.61,0.8133047819137573,1O6X,H51A,gnn_edge_s2024,-1
0.43,1.396499514579773,1O6X,I15V,gnn_edge_s2024,-1
-0.42,1.4701067209243774,1O6X,I23V,gnn_edge_s2024,-1
1.31,1.402943730354309,1O6X,I71V,gnn_edge_s2024,-1
1.31,0.777072548866272,1O6X,I75A,gnn_edge_s2024,-1
1.98,0.1594694405794143,1O6X,K41A,gnn_edge_s2024,-1
0.97,1.4399126768112185,1O6X,L26V,gnn_edge_s2024,-1
0.08,0.490383505821228,1O6X,N58A,gnn_edge_s2024,-1
0.49,0.4720987379550934,1O6X,Q60G,gnn_edge_s2024,-1
1.1,0.7376253604888916,1O6X,V12A,gnn_edge_s2024,-1
1.08,1.0874886512756348,1O6X,V52A,gnn_edge_s2024,-1
1.1,0.3788540363311767,1O6X,V64G,gnn_edge_s2024,-1
2.78,0.4816653132438659,1O6X,Y73L,gnn_edge_s2024,-1
0.13,0.5332916975021362,1R6R,I88N,gnn_edge_s2024,-1
2.81,0.4823225438594818,1R6R,L50S,gnn_edge_s2024,-1
0.24,0.4893078207969665,1R6R,L54S,gnn_edge_s2024,-1
6.84,1.3060959577560425,1R6R,L81N,gnn_edge_s2024,-1
4.493,1.0646867752075195,2BJD,V84D,gnn_edge_s2024,-1
4.517,0.9960932731628418,2BJD,V84P,gnn_edge_s2024,-1
2.103,0.7822538614273071,2BJD,Y86E,gnn_edge_s2024,-1
0.012,1.5511568784713743,2C9Q,Y79F,gnn_edge_s2024,-1
1.233,2.332012414932251,2C9Q,Y79W,gnn_edge_s2024,-1
-0.12,0.3100652992725372,2CLR,H13F,gnn_edge_s2024,-1
-2.605,0.4601602554321289,2CLR,H31F,gnn_edge_s2024,-1
1.912,1.0656077861785889,2CLR,H51F,gnn_edge_s2024,-1
2.629,1.5340242385864258,2CLR,H84A,gnn_edge_s2024,-1
-0.89,1.6621333360671997,2DVV,Q443H,gnn_edge_s2024,-1
0.02,1.0456342697143557,2DVV,R419W,gnn_edge_s2024,-1
0.32,0.4097930192947387,2HBB,A22G,gnn_edge_s2024,-1
1.79,1.0647257566452026,2HBB,A26G,gnn_edge_s2024,-1
1.55,1.631633162498474,2HBB,A36G,gnn_edge_s2024,-1
1.59,0.8908730745315552,2HBB,A39G,gnn_edge_s2024,-1
0.33,0.0589916706085205,2HBB,A42G,gnn_edge_s2024,-1
0.55,0.5955653190612793,2HBB,A46G,gnn_edge_s2024,-1
0.22,0.2149206399917602,2HBB,A49G,gnn_edge_s2024,-1
0.03,0.1044467538595199,2HBB,D23A,gnn_edge_s2024,-1
0.79,0.237213522195816,2HBB,D23N,gnn_edge_s2024,-1
1.3,0.3911662101745605,2HBB,D8A,gnn_edge_s2024,-1
0.38,0.5576379299163818,2HBB,D8N,gnn_edge_s2024,-1
1.69,0.6008344292640686,2HBB,E17A,gnn_edge_s2024,-1
0.33,0.6713138818740845,2HBB,E17Q,gnn_edge_s2024,-1
0.41,1.1721314191818235,2HBB,E38A,gnn_edge_s2024,-1
0.68,1.2882723808288574,2HBB,E38Q,gnn_edge_s2024,-1
-0.07,0.4839523732662201,2HBB,E48Q,gnn_edge_s2024,-1
2.84,1.4742530584335327,2HBB,F31A,gnn_edge_s2024,-1
1.15,0.878747820854187,2HBB,F5L,gnn_edge_s2024,-1
-0.02,0.2249197512865066,2HBB,G24A,gnn_edge_s2024,-1
1.02,0.5981824398040771,2HBB,G34A,gnn_edge_s2024,-1
2.05,1.1404746770858765,2HBB,I18A,gnn_edge_s2024,-1
0.07,0.8906002044677734,2HBB,I18V,gnn_edge_s2024,-1
1.28,1.3760112524032593,2HBB,I37A,gnn_edge_s2024,-1
-0.09,1.127903938293457,2HBB,I37V,gnn_edge_s2024,-1
0.59,1.3283215761184692,2HBB,I4V,gnn_edge_s2024,-1
-0.13,-0.2354891002178192,2HBB,K10E,gnn_edge_s2024,-1
-0.47,-0.1660198867321014,2HBB,K10M,gnn_edge_s2024,-1
-0.61,0.8856282234191895,2HBB,K12A,gnn_edge_s2024,-1
-0.03,1.0557254552841189,2HBB,K12G,gnn_edge_s2024,-1
-1.8,0.6528034806251526,2HBB,K12M,gnn_edge_s2024,-1
0.73,0.3399677276611328,2HBB,K14A,gnn_edge_s2024,-1
1.3,0.3905046582221985,2HBB,K14G,gnn_edge_s2024,-1
0.34,0.2958594262599945,2HBB,K14M,gnn_edge_s2024,-1
1.74,0.1843874156475067,2HBB,K15G,gnn_edge_s2024,-1
0.44,0.2713426947593689,2HBB,K15M,gnn_edge_s2024,-1
-0.21,0.3080013692378998,2HBB,K7M,gnn_edge_s2024,-1
2.76,1.7353754043579102,2HBB,L30A,gnn_edge_s2024,-1
1.21,1.3908822536468506,2HBB,L35A,gnn_edge_s2024,-1
1.73,1.2392295598983765,2HBB,L44A,gnn_edge_s2024,-1
0.84,1.154453158378601,2HBB,L47A,gnn_edge_s2024,-1
3.1,1.204093337059021,2HBB,L6A,gnn_edge_s2024,-1
1.46,0.8785713911056519,2HBB,M1A,gnn_edge_s2024,-1
0.8,0.53380286693573,2HBB,T40S,gnn_edge_s2024,-1
2.33,1.8874355554580688,2HBB,V21A,gnn_edge_s2024,-1
2.55,2.072638511657715,2HBB,V3A,gnn_edge_s2024,-1
1.81,1.3246721029281616,2HBB,V9A,gnn_edge_s2024,-1
2.54,0.5921667814254761,2JUC,C57D,gnn_edge_s2024,-1
0.71,0.4986980259418487,2JUC,C57S,gnn_edge_s2024,-1
1.75,0.5363006591796875,2JUC,R18A,gnn_edge_s2024,-1
-1.2,0.5782902240753174,2KJ3,D288A,gnn_edge_s2024,-1
-1.9,0.1224503070116043,2KJ3,E272A,gnn_edge_s2024,-1
0.8,1.8326107263565063,2KJ3,G278A,gnn_edge_s2024,-1
-1.5,0.2914282083511352,2KJ3,K229A,gnn_edge_s2024,-1
-1.0,1.7160545587539673,2KJ3,L241A,gnn_edge_s2024,-1
-1.4,0.8395391702651978,2KJ3,S273A,gnn_edge_s2024,-1
-1.0,1.4225126504898071,2KJ3,V239A,gnn_edge_s2024,-1
-1.0,1.4798039197921753,2KJ3,V264A,gnn_edge_s2024,-1
-0.2,1.4936009645462036,2KJ3,V267A,gnn_edge_s2024,-1
0.24,0.5798441171646118,2MPC,A89T,gnn_edge_s2024,-1
-0.62,0.5118653774261475,2MPC,R42A,gnn_edge_s2024,-1
-2.08,0.0711808055639267,2MPC,R42W,gnn_edge_s2024,-1
0.6,0.493434876203537,2N7Z,P88A,gnn_edge_s2024,-1
-0.44,1.6328765153884888,2OUO,A420D,gnn_edge_s2024,-1
2.43,0.7318921089172363,2PTL,A22G,gnn_edge_s2024,-1
-0.1,0.4208193719387054,2PTL,A27P,gnn_edge_s2024,-1
0.83,0.8501737117767334,2PTL,A27V,gnn_edge_s2024,-1
2.17,0.9626797437667848,2PTL,A34G,gnn_edge_s2024,-1
-1.47,1.1096779108047483,2PTL,A34V,gnn_edge_s2024,-1
2.54,1.1737005710601809,2PTL,A43G,gnn_edge_s2024,-1
3.1,1.512908935546875,2PTL,A47G,gnn_edge_s2024,-1
1.32,0.8116869926452637,2PTL,A49G,gnn_edge_s2024,-1
3.12,1.575558066368103,2PTL,A51G,gnn_edge_s2024,-1
0.49,0.1928144246339798,2PTL,A66G,gnn_edge_s2024,-1
1.21,0.7388490438461304,2PTL,D52A,gnn_edge_s2024,-1
2.14,0.7713191509246826,2PTL,D52G,gnn_edge_s2024,-1
0.2,0.4013558626174927,2PTL,D64A,gnn_edge_s2024,-1
0.59,0.716438889503479,2PTL,E35A,gnn_edge_s2024,-1
1.19,0.6211823225021362,2PTL,E46G,gnn_edge_s2024,-1
1.08,0.5866527557373047,2PTL,E46I,gnn_edge_s2024,-1
0.23,0.7061450481414795,2PTL,E60A,gnn_edge_s2024,-1
3.12,1.9825303554534912,2PTL,F26A,gnn_edge_s2024,-1
0.68,1.5170966386795044,2PTL,F26L,gnn_edge_s2024,-1
4.15,1.1207720041275024,2PTL,F36A,gnn_edge_s2024,-1
3.12,0.9483318328857422,2PTL,F36L,gnn_edge_s2024,-1
3.08,1.1172114610671997,2PTL,F40G,gnn_edge_s2024,-1
0.38,1.35350501537323,2PTL,F40L,gnn_edge_s2024,-1
3.34,1.658660054206848,2PTL,F76L,gnn_edge_s2024,-1
3.73,1.8828190565109253,2PTL,F76V,gnn_edge_s2024,-1
1.52,0.2905455827713012,2PTL,G29A,gnn_edge_s2024,-1
2.53,0.4992510378360748,2PTL,G29V,gnn_edge_s2024,-1
2.08,1.063130497932434,2PTL,G38A,gnn_edge_s2024,-1
2.23,0.7370254993438721,2PTL,G59A,gnn_edge_s2024,-1
2.04,1.5153852701187134,2PTL,G69A,gnn_edge_s2024,-1
4.9,1.6847082376480105,2PTL,I20A,gnn_edge_s2024,-1
0.56,2.008007287979126,2PTL,I20V,gnn_edge_s2024,-1
1.37,1.3520492315292358,2PTL,I25A,gnn_edge_s2024,-1
0.47,0.9674015045166016,2PTL,I25V,gnn_edge_s2024,-1
4.72,2.3889875411987305,2PTL,I74A,gnn_edge_s2024,-1
1.69,2.038726091384888,2PTL,I74V,gnn_edge_s2024,-1
0.92,0.998115301132202,2PTL,K21A,gnn_edge_s2024,-1
0.88,0.7645350694656372,2PTL,K37A,gnn_edge_s2024,-1
-0.16,0.5185011029243469,2PTL,K42G,gnn_edge_s2024,-1
-0.58,1.347129464149475,2PTL,K55A,gnn_edge_s2024,-1
-0.35,1.1664023399353027,2PTL,K56A,gnn_edge_s2024,-1
0.09,1.5441433191299438,2PTL,K68A,gnn_edge_s2024,-1
0.45,0.842779278755188,2PTL,K75A,gnn_edge_s2024,-1
3.12,2.413327693939209,2PTL,L24A,gnn_edge_s2024,-1
2.44,2.249138355255127,2PTL,L54A,gnn_edge_s2024,-1
3.77,1.15290629863739,2PTL,L72A,gnn_edge_s2024,-1
1.87,0.0776490271091461,2PTL,N23A,gnn_edge_s2024,-1
1.78,0.7917360067367554,2PTL,N28A,gnn_edge_s2024,-1
0.34,1.3144534826278689,2PTL,N58A,gnn_edge_s2024,-1
1.73,0.5203992128372192,2PTL,N73A,gnn_edge_s2024,-1
0.3,0.679732084274292,2PTL,S30A,gnn_edge_s2024,-1
-0.41,0.7604327201843262,2PTL,S45A,gnn_edge_s2024,-1
0.82,0.8546010255813599,2PTL,S45G,gnn_edge_s2024,-1
1.63,1.159223556518555,2PTL,T19A,gnn_edge_s2024,-1
1.17,0.297010987997055,2PTL,T31A,gnn_edge_s2024,-1
1.11,0.8368291854858398,2PTL,T33A,gnn_edge_s2024,-1
1.25,1.0971261262893677,2PTL,T39A,gnn_edge_s2024,-1
1.09,0.961876630783081,2PTL,T44A,gnn_edge_s2024,-1
0.17,0.7625164985656738,2PTL,T53G,gnn_edge_s2024,-1
0.97,0.6762937307357788,2PTL,T62A,gnn_edge_s2024,-1
1.83,0.952147364616394,2PTL,T71A,gnn_edge_s2024,-1
1.22,1.1165920495986938,2PTL,V18A,gnn_edge_s2024,-1
0.92,1.412423014640808,2PTL,V63A,gnn_edge_s2024,-1
1.14,1.2838793992996216,2PTL,V65A,gnn_edge_s2024,-1
2.82,1.617704153060913,2PTL,Y48A,gnn_edge_s2024,-1
2.46,1.391403317451477,2PTL,Y50A,gnn_edge_s2024,-1
1.66,1.9665366411209104,2PTL,Y70A,gnn_edge_s2024,-1
-0.43,1.1817907094955444,2PTL,Y70L,gnn_edge_s2024,-1
-1.05,0.2584486007690429,2RPN,E7L,gnn_edge_s2024,-1
-0.39,0.3903878629207611,2RPN,V21K,gnn_edge_s2024,-1
-0.3,0.7351452112197876,2WQG,D15A,gnn_edge_s2024,-1
-0.1,0.8304140567779541,2WQG,D38A,gnn_edge_s2024,-1
2.2,1.023017168045044,2WQG,D39A,gnn_edge_s2024,-1
2.6,1.3965598344802856,2WQG,D39N,gnn_edge_s2024,-1
0.1,0.4022476971149444,2WQG,E40Q,gnn_edge_s2024,-1
0.4,0.9130007028579712,2WQG,E41G,gnn_edge_s2024,-1
0.9,1.523502230644226,2WQG,I36A,gnn_edge_s2024,-1
0.3,1.4792224168777466,2WQG,I36V,gnn_edge_s2024,-1
0.4,0.8259130716323853,2WQG,K14A,gnn_edge_s2024,-1
1.9,0.8497695922851562,2WQG,K14G,gnn_edge_s2024,-1
0.3,0.4881069958209991,2WQG,K19A,gnn_edge_s2024,-1
0.6,1.4151710271835327,2WQG,K28A,gnn_edge_s2024,-1
0.5,1.707944631576538,2WQG,L13A,gnn_edge_s2024,-1
1.3,1.2178162336349487,2WQG,L16A,gnn_edge_s2024,-1
2.0,1.3987990617752075,2WQG,L8A,gnn_edge_s2024,-1
0.6,0.848075270652771,2WQG,Q12A,gnn_edge_s2024,-1
2.0,0.8852735757827759,2WQG,Q12G,gnn_edge_s2024,-1
-0.1,0.7308382987976074,2WQG,Q33A,gnn_edge_s2024,-1
0.8,1.3403578996658323,2WQG,R34A,gnn_edge_s2024,-1
0.6,1.0740910768508911,2WQG,S23A,gnn_edge_s2024,-1
-0.1,0.513266921043396,2WQG,S6A,gnn_edge_s2024,-1
0.2,0.5664968490600586,2WQG,S6G,gnn_edge_s2024,-1
-0.1,0.9847692251205444,2WQG,T9S,gnn_edge_s2024,-1
0.1,1.338548183441162,2WQG,V10A,gnn_edge_s2024,-1
0.7,1.5553745031356812,2WQG,V10G,gnn_edge_s2024,-1
-0.4,0.7318189144134521,2WQG,V11A,gnn_edge_s2024,-1
-0.1,0.7106937170028687,2WQG,V11G,gnn_edge_s2024,-1
0.5,1.219056487083435,2WQG,V24A,gnn_edge_s2024,-1
2.4,1.1875790357589722,2WQG,Y5F,gnn_edge_s2024,-1
0.74,0.5845619440078735,2ZTA,E11Q,gnn_edge_s2024,-1
-0.2,0.837882399559021,2ZTA,E20Q,gnn_edge_s2024,-1
1.83,0.7889691591262817,2ZTA,E22Q,gnn_edge_s2024,-1
0.41,0.5774925947189331,2ZTA,K15A,gnn_edge_s2024,-1
0.91,0.6950092315673828,2ZTA,K27A,gnn_edge_s2024,-1
0.06,0.5128672122955322,2ZTA,K28A,gnn_edge_s2024,-1
0.39,0.7290065288543701,2ZTA,K8A,gnn_edge_s2024,-1
1.66,0.6738530397415161,2ZTA,R25A,gnn_edge_s2024,-1
1.506,1.580992579460144,3BN0,I20V,gnn_edge_s2024,-1
-0.43,2.192671298980713,3C2I,F155S,gnn_edge_s2024,-1
-0.47,1.1455178260803225,3C2I,T158A,gnn_edge_s2024,-1
-0.25,0.7473750114440918,3C2I,T158M,gnn_edge_s2024,-1
0.5,0.2738836705684662,3FIS,P61A,gnn_edge_s2024,-1
-0.34,-0.4589180052280426,3G1G,D155Y,gnn_edge_s2024,-1
0.74,1.6792296171188354,3G1G,F167Y,gnn_edge_s2024,-1
0.17,0.7144278287887573,3G1G,I190V,gnn_edge_s2024,-1
-1.32,0.2650721371173858,3G1G,R185W,gnn_edge_s2024,-1
3.35,1.1372841596603394,3K82,E334L,gnn_edge_s2024,-1
1.68,2.375272512435913,3K82,E334Q,gnn_edge_s2024,-1
-5.49,1.252267837524414,3K82,E401R,gnn_edge_s2024,-1
-1.194,0.6838223934173584,3MON,R39G,gnn_edge_s2024,-1
2.866,0.0585610568523407,3MON,W3C,gnn_edge_s2024,-1
3.25,2.2089169025421143,3O39,L32P,gnn_edge_s2024,-1
-2.03,0.5860763788223267,3S92,H395R,gnn_edge_s2024,-1
-0.574,0.1933875381946563,4N6V,H75W,gnn_edge_s2024,-1
1.362,0.777782678604126,4N6V,P36G,gnn_edge_s2024,-1
-1.745,0.2559427320957184,4N6V,P79S,gnn_edge_s2024,-1
0.71,1.2159347534179688,4YEE,V134T,gnn_edge_s2024,-1
0.93,0.7675157785415649,4YEF,T134V,gnn_edge_s2024,-1
1.44,0.0519795566797256,5JXB,D329G,gnn_edge_s2024,-1
1.44,-0.4182972013950348,5JXB,D329P,gnn_edge_s2024,-1
1.8,0.973873257637024,1A0F,S11A,gnn_edge_s2024,-1
2.69,0.6372653245925903,1A7V,A104H,gnn_edge_s2024,-1
1.98,0.4583875238895416,1A7V,A66H,gnn_edge_s2024,-1
1.7,0.6614450216293335,1A7V,A91H,gnn_edge_s2024,-1
1.36,0.8713583946228027,1A7V,D3H,gnn_edge_s2024,-1
2.05,0.4737971723079681,1A7V,D58H,gnn_edge_s2024,-1
3.01,0.4219834208488464,1A7V,E73H,gnn_edge_s2024,-1
0.6,0.617644727230072,1A7V,K13H,gnn_edge_s2024,-1
2.88,0.7802071571350098,1A7V,K20H,gnn_edge_s2024,-1
1.36,0.5547412633895874,1A7V,K31H,gnn_edge_s2024,-1
1.86,0.4672683775424957,1A7V,K39H,gnn_edge_s2024,-1
2.02,0.328292042016983,1A7V,K49H,gnn_edge_s2024,-1
2.88,1.3144487142562866,1A7V,K84H,gnn_edge_s2024,-1
1.97,0.4341268241405487,1A7V,K97H,gnn_edge_s2024,-1
0.821,1.1037479639053345,1BNL,D76A,gnn_edge_s2024,-1
0.46,0.1968922764062881,1DIV,D23A,gnn_edge_s2024,-1
0.58,0.2796456515789032,1DIV,D23N,gnn_edge_s2024,-1
0.3,0.5712552666664124,1DIV,D8N,gnn_edge_s2024,-1
0.98,0.1123429760336875,1DIV,E100A,gnn_edge_s2024,-1
1.52,0.317758709192276,1DIV,E100G,gnn_edge_s2024,-1
0.21,1.0261400938034058,1DIV,E17Q,gnn_edge_s2024,-1
0.56,1.0100154876708984,1DIV,E38Q,gnn_edge_s2024,-1
-0.03,0.6558401584625244,1DIV,E48Q,gnn_edge_s2024,-1
-0.33,0.2739794254302978,1DIV,E54Q,gnn_edge_s2024,-1
1.53,0.9593034982681274,1DIV,H106Q,gnn_edge_s2024,-1
3.52,1.0013233423233032,1DIV,I115A,gnn_edge_s2024,-1
2.22,1.8103779554367063,1DIV,I4A,gnn_edge_s2024,-1
0.59,1.4423329830169678,1DIV,I4V,gnn_edge_s2024,-1
3.49,1.11226487159729,1DIV,I79A,gnn_edge_s2024,-1
3.19,0.8002711534500122,1DIV,I93A,gnn_edge_s2024,-1
4.28,1.1407761573791504,1DIV,I98A,gnn_edge_s2024,-1
-0.05,0.5122447609901428,1DIV,K10M,gnn_edge_s2024,-1
-0.01,0.3543074429035187,1DIV,K14M,gnn_edge_s2024,-1
0.31,0.5068727731704712,1DIV,K15M,gnn_edge_s2024,-1
-0.35,0.3260804116725921,1DIV,K7M,gnn_edge_s2024,-1
-0.61,0.1921783685684204,1DIV,K96A,gnn_edge_s2024,-1
0.2,0.2791205644607544,1DIV,K96G,gnn_edge_s2024,-1
2.37,1.347453474998474,1DIV,L102A,gnn_edge_s2024,-1
2.33,0.7888628244400024,1DIV,L108A,gnn_edge_s2024,-1
3.21,0.7801955938339233,1DIV,L110A,gnn_edge_s2024,-1
0.82,0.5350921154022217,1DIV,L117A,gnn_edge_s2024,-1
2.76,1.6319159269332886,1DIV,L30A,gnn_edge_s2024,-1
3.62,1.2295464277267456,1DIV,L30V,gnn_edge_s2024,-1
3.1,0.6057024002075195,1DIV,L6A,gnn_edge_s2024,-1
0.13,0.4263381063938141,1DIV,L6I,gnn_edge_s2024,-1
0.41,0.4757440984249115,1DIV,L6V,gnn_edge_s2024,-1
3.77,1.059130072593689,1DIV,L72A,gnn_edge_s2024,-1
1.46,1.3084142208099363,1DIV,M1A,gnn_edge_s2024,-1
2.36,1.2706962823867798,1DIV,M1G,gnn_edge_s2024,-1
2.33,1.2936936616897583,1DIV,V21A,gnn_edge_s2024,-1
0.4,0.8365827798843384,1DIV,V21I,gnn_edge_s2024,-1
1.23,0.814990758895874,1DIV,V21L,gnn_edge_s2024,-1
2.55,1.584795594215393,1DIV,V3A,gnn_edge_s2024,-1
0.31,0.9070117473602296,1DIV,V3I,gnn_edge_s2024,-1
2.21,0.9020404815673828,1DIV,V3L,gnn_edge_s2024,-1
3.7,0.7251739501953125,1DXX,K18N,gnn_edge_s2024,-1
-0.6,0.9060505628585817,1FH5,S18N,gnn_edge_s2024,-1
1.38,0.8563762903213501,1FT8,L212V,gnn_edge_s2024,-1
0.35,0.6971648931503296,1FT8,L238I,gnn_edge_s2024,-1
-0.27,0.7502732276916504,1FT8,M216L,gnn_edge_s2024,-1
1.6,0.4872712790966034,1GWY,A8D,gnn_edge_s2024,-1
3.3,2.356295824050904,1ITM,C24T,gnn_edge_s2024,-1
5.0,-0.0115342438220977,1ITM,C3T,gnn_edge_s2024,-1
-1.4,0.3811573982238769,1ITM,W91S,gnn_edge_s2024,-1
1.162,0.1491758972406387,1JLV,E64D,gnn_edge_s2024,-1
2.3040000000000003,0.262100875377655,1JLV,E64N,gnn_edge_s2024,-1
2.302,0.2370266169309616,1JLV,E64Q,gnn_edge_s2024,-1
-1.4,0.2822476625442505,1LVM,E106G,gnn_edge_s2024,-1
-0.43,1.5991370677947998,1LVM,K45F,gnn_edge_s2024,-1
-0.0,1.4720468521118164,1LVM,L56V,gnn_edge_s2024,-1
-0.6,0.8316248655319214,1LVM,Q58F,gnn_edge_s2024,-1
2.5,0.6583080887794495,1N18,E100G,gnn_edge_s2024,-1
1.4,2.334836006164551,1N18,G85R,gnn_edge_s2024,-1
-1.4,2.684542894363404,1N18,H46R,gnn_edge_s2024,-1
3.3,0.7942581176757812,1O1U,E110A,gnn_edge_s2024,-1
1.2,0.5871999263763428,1O1U,N61A,gnn_edge_s2024,-1
0.3,0.2195874601602554,1O1U,Q51A,gnn_edge_s2024,-1
-0.3,0.8478463888168335,1O1U,Q99A,gnn_edge_s2024,-1
1.2,1.2715201377868652,1O1U,T38A,gnn_edge_s2024,-1
1.2,0.9707537889480592,1O1U,W49Y,gnn_edge_s2024,-1
0.05,1.5140867233276367,1OSI,I11V,gnn_edge_s2024,-1
-0.39,2.244187593460083,1OSI,S92F,gnn_edge_s2024,-1
0.78,1.4464722871780396,1OSI,V15I,gnn_edge_s2024,-1
1.53,1.8702008724212649,1PFL,A20T,gnn_edge_s2024,-1
1.96,0.7812833786010742,1PFL,G117V,gnn_edge_s2024,-1
3.53,1.7156492471694946,1PFL,M113T,gnn_edge_s2024,-1
-0.07,0.5290478467941284,1PFL,T108M,gnn_edge_s2024,-1
0.3,1.0954596996307373,1PRG,Q286P,gnn_edge_s2024,-1
-0.06,0.7121514081954956,1PRG,R288H,gnn_edge_s2024,-1
-0.03,0.7279255390167236,1PRG,V290M,gnn_edge_s2024,-1
-0.8,1.380263328552246,1SPD,C111S,gnn_edge_s2024,-1
-0.1,0.8389892578125,1SPD,C6A,gnn_edge_s2024,-1
2.9,0.9558995962142944,1XWS,E124Q,gnn_edge_s2024,-1
4.59,0.5660097002983093,1XWS,E135K,gnn_edge_s2024,-1
3.22,0.4476881623268127,1XWS,E142D,gnn_edge_s2024,-1
3.3,1.0298826694488523,1XWS,Y53H,gnn_edge_s2024,-1
0.86,-0.0189347714185714,1XXN,N32D,gnn_edge_s2024,-1
0.645,0.4996139705181122,1XXN,N54E,gnn_edge_s2024,-1
-0.239,-0.206289917230606,1XXN,S22E,gnn_edge_s2024,-1
0.645,0.9663748741149902,1XXN,S27E,gnn_edge_s2024,-1
-2.87,0.5031713247299194,1XZO,F42W,gnn_edge_s2024,-1
2.89,1.5687133073806765,1XZO,W101F,gnn_edge_s2024,-1
8.93,1.0617319345474243,1XZO,W36A,gnn_edge_s2024,-1
4.25,1.0172767639160156,1XZO,W36F,gnn_edge_s2024,-1
0.7170000000000001,1.428714632987976,2ARF,H1069Q,gnn_edge_s2024,-1
-1.07,0.2212778925895691,2H3F,E12A,gnn_edge_s2024,-1
-1.536,0.4104177355766296,2JIE,H104R,gnn_edge_s2024,-1
0.209,-1.0038233995437622,2JIE,Q22S,gnn_edge_s2024,-1
1.246,0.2823657989501953,2JIE,S17A,gnn_edge_s2024,-1
-0.951,0.0768255516886711,2JIE,S19A,gnn_edge_s2024,-1
0.994,-0.1134980916976928,2JIE,T18A,gnn_edge_s2024,-1
-2.19,-1.2073203325271606,2JIE,W123F,gnn_edge_s2024,-1
-1.06,-0.3501916229724884,2JIE,W123H,gnn_edge_s2024,-1
3.443,2.5204615592956543,2JIE,Y21A,gnn_edge_s2024,-1
-1.26,0.3788952231407165,2KS4,D9A,gnn_edge_s2024,-1
0.23,1.1501047611236572,2KS4,E2A,gnn_edge_s2024,-1
1.57,0.8401484489440918,2LTB,L558P,gnn_edge_s2024,-1
3.11,1.117010235786438,2LTB,L569R,gnn_edge_s2024,-1
3.34,0.3416364789009094,2LTB,M619K,gnn_edge_s2024,-1
1.1,0.7019435167312622,2LTB,R533Q,gnn_edge_s2024,-1
0.36,0.8096739053726196,2LTB,R555Q,gnn_edge_s2024,-1
-1.79,0.5591492652893066,2LTB,R555W,gnn_edge_s2024,-1
4.0,1.2052855491638184,2M5S,D302A,gnn_edge_s2024,-1
2.0,2.0086700916290283,2M5S,H305A,gnn_edge_s2024,-1
2.3,0.8614816665649414,2NTE,R658C,gnn_edge_s2024,-1
-0.5,-0.0740681439638137,2PR5,A33Y,gnn_edge_s2024,-1
0.4,0.4737278521060943,2PR5,A81M,gnn_edge_s2024,-1
-0.3,0.4030078649520874,2PR5,D109E,gnn_edge_s2024,-1
-0.3,0.1404605507850647,2PR5,H22K,gnn_edge_s2024,-1
-1.2,0.0029383897781372,2PR5,H22W,gnn_edge_s2024,-1
-2.9,0.6131391525268555,2PR5,M111F,gnn_edge_s2024,-1
-0.9,0.3998933136463165,2PR5,N107F,gnn_edge_s2024,-1
-0.8,0.5762742757797241,2PR5,N107Y,gnn_edge_s2024,-1
-1.1,0.6374169588088989,2PR5,N124F,gnn_edge_s2024,-1
-2.6,0.5534933805465698,2PR5,N124Y,gnn_edge_s2024,-1
-0.5,1.496557593345642,2PR5,T30M,gnn_edge_s2024,-1
0.5,1.843514323234558,2PR5,T50M,gnn_edge_s2024,-1
-0.2,0.707929253578186,2PR5,T54Y,gnn_edge_s2024,-1
-1.4,0.6076170206069946,2PR5,V120I,gnn_edge_s2024,-1
-0.4,0.9950811862945556,2PR5,V25I,gnn_edge_s2024,-1
0.2,0.7495203018188477,2PR5,V88L,gnn_edge_s2024,-1
0.7,0.7000267505645752,2PR5,V90I,gnn_edge_s2024,-1
6.597,0.4704849123954773,2VY0,E53A,gnn_edge_s2024,-1
-1.369,1.7929104566574097,3BCI,E96Q,gnn_edge_s2024,-1
0.65,-0.4756099879741668,3D3B,D118A,gnn_edge_s2024,-1
0.6,-0.1140044331550598,3D3B,D118E,gnn_edge_s2024,-1
1.6,-0.1652074456214904,3D3B,D118K,gnn_edge_s2024,-1
1.34,-0.2540140748023987,3D3B,D118N,gnn_edge_s2024,-1
1.41,-0.2162680923938751,3D3B,D118R,gnn_edge_s2024,-1
-0.8,3.161370038986206,3ECU,H46R,gnn_edge_s2024,-1
1.3,0.1071932911872863,3S4M,D122Y,gnn_edge_s2024,-1
2.5,0.903529167175293,3S4M,G130V,gnn_edge_s2024,-1
-0.096,1.5317537784576416,3S4M,I154F,gnn_edge_s2024,-1
0.693,0.8450428247451782,3S4M,W155R,gnn_edge_s2024,-1
-0.99,0.7584788799285889,4BJX,A89V,gnn_edge_s2024,-1
1.435,0.6827691793441772,4BUQ,Y48A,gnn_edge_s2024,-1
-0.1,0.8057658672332764,4WAA,K65A,gnn_edge_s2024,-1
2.07,1.1867258548736572,4WAA,K67A,gnn_edge_s2024,-1
0.44,0.9450033903121948,4WAA,R27A,gnn_edge_s2024,-1
-0.413,0.7123289108276367,5VP3,R39K,gnn_edge_s2024,-1
1.745,1.2031368017196655,1BA3,H461D,gnn_edge_s2024,-1
-0.287,0.1223596632480621,1BA3,H489D,gnn_edge_s2024,-1
0.287,0.1556081622838974,1BA3,H489K,gnn_edge_s2024,-1
0.263,-0.1089599430561065,1BA3,H489M,gnn_edge_s2024,-1
1.81,0.9548040628433228,1DIV,V129A,gnn_edge_s2024,-1
0.455,1.0986049175262451,1F8I,F345A,gnn_edge_s2024,-1
-0.05,0.6856861114501953,1FT8,L349I,gnn_edge_s2024,-1
-0.0,1.5079524517059326,1LVM,S135G,gnn_edge_s2024,-1
0.88,0.6110906600952148,1NM1,D187N,gnn_edge_s2024,-1
1.9,0.4368095397949219,1NM1,D187Y,gnn_edge_s2024,-1
2.4,-1.3111149072647097,1PRE,C159S,gnn_edge_s2024,-1
4.2,0.7209337949752808,1R2Y,R244E,gnn_edge_s2024,-1
-0.358,0.6125166416168213,1XXN,N181R,gnn_edge_s2024,-1
-3.02,-0.0289484113454818,3D2A,M134E,gnn_edge_s2024,-1
-3.34,0.1869989335536956,3D2A,M137P,gnn_edge_s2024,-1
-2.11,0.4295163452625274,3D2A,S163P,gnn_edge_s2024,-1
2.99,1.1997219324111938,5OAQ,Y429H,gnn_edge_s2024,-1
0.7,0.918215274810791,1BFM,M35W,gnn_local_cb_s42,42
0.4,1.2277634143829346,1BFM,M35Y,gnn_local_cb_s42,42
0.04,1.0652843713760376,1D5G,H71Y,gnn_local_cb_s42,42
-0.91,1.3278521299362183,1D5G,I20F,gnn_local_cb_s42,42
1.0,1.4342533349990845,1EKG,L198C,gnn_local_cb_s42,42
2.0,1.6957664489746094,1EKG,L200C,gnn_local_cb_s42,42
-1.0,1.5888174772262573,1EKG,L203C,gnn_local_cb_s42,42
2.6,0.6864719986915588,1EKG,S181F,gnn_local_cb_s42,42
-4.0,0.588718831539154,1FRD,H42R,gnn_local_cb_s42,42
1.1,1.426786184310913,1FXA,E94D,gnn_local_cb_s42,42
0.4,1.130359411239624,1FXA,E94K,gnn_local_cb_s42,42
-0.6,1.3686635494232178,1FXA,E94Q,gnn_local_cb_s42,42
-1.0,0.432262122631073,1FXA,E95K,gnn_local_cb_s42,42
1.0,1.337669849395752,1FXA,F65A,gnn_local_cb_s42,42
0.9,0.5254392623901367,1FXA,F65I,gnn_local_cb_s42,42
0.6,1.21507728099823,1FXA,F65W,gnn_local_cb_s42,42
0.5,1.5877647399902344,1FXA,F65Y,gnn_local_cb_s42,42
2.4,0.5811846852302551,1FXA,R42A,gnn_local_cb_s42,42
1.4,0.9953911304473877,1FXA,R42H,gnn_local_cb_s42,42
-0.1,0.7938486933708191,1FXA,T48A,gnn_local_cb_s42,42
1.22,1.943063497543335,1GLU,C500A,gnn_local_cb_s42,42
1.963,1.6663379669189453,1GUA,A118G,gnn_local_cb_s42,42
1.951,0.9110696911811829,1GUA,A118L,gnn_local_cb_s42,42
2.149,1.2569794654846191,1GUA,A85G,gnn_local_cb_s42,42
0.863,0.9155141115188599,1GUA,A97G,gnn_local_cb_s42,42
-0.283,1.6335937976837158,1GUA,C81A,gnn_local_cb_s42,42
0.912,0.926914632320404,1GUA,C81I,gnn_local_cb_s42,42
0.08,0.8200317025184631,1GUA,C95A,gnn_local_cb_s42,42
1.759,1.6078943014144897,1GUA,C96A,gnn_local_cb_s42,42
0.043,0.9864155650138855,1GUA,C96L,gnn_local_cb_s42,42
0.337,1.2689164876937866,1GUA,C96M,gnn_local_cb_s42,42
0.706,0.298412561416626,1GUA,D117A,gnn_local_cb_s42,42
0.855,0.14121314883232117,1GUA,D129A,gnn_local_cb_s42,42
0.493,0.37867793440818787,1GUA,D80A,gnn_local_cb_s42,42
-0.021,0.23298390209674835,1GUA,E104A,gnn_local_cb_s42,42
0.101,0.36432164907455444,1GUA,E124A,gnn_local_cb_s42,42
0.591,0.7692675590515137,1GUA,E125A,gnn_local_cb_s42,42
3.274,2.5004749298095703,1GUA,I58A,gnn_local_cb_s42,42
1.2990000000000002,2.114530086517334,1GUA,I58F,gnn_local_cb_s42,42
0.7709999999999999,1.8784983158111572,1GUA,I58L,gnn_local_cb_s42,42
0.327,0.6003711819648743,1GUA,K109A,gnn_local_cb_s42,42
2.593,1.3580801486968994,1GUA,L112A,gnn_local_cb_s42,42
2.5340000000000003,1.9375754594802856,1GUA,L121A,gnn_local_cb_s42,42
3.405,2.0728416442871094,1GUA,L126A,gnn_local_cb_s42,42
3.46,1.9400465488433838,1GUA,L62A,gnn_local_cb_s42,42
3.803,1.7468335628509521,1GUA,L78A,gnn_local_cb_s42,42
3.529,2.0560154914855957,1GUA,L82A,gnn_local_cb_s42,42
1.6,1.3300318717956543,1GUA,L82I,gnn_local_cb_s42,42
1.7,1.7499099969863892,1GUA,L82V,gnn_local_cb_s42,42
3.2260000000000004,1.8806829452514648,1GUA,L86A,gnn_local_cb_s42,42
1.575,1.8044270277023315,1GUA,L91A,gnn_local_cb_s42,42
0.961,1.3532047271728516,1GUA,M76A,gnn_local_cb_s42,42
-0.271,0.04505932703614235,1GUA,N56M,gnn_local_cb_s42,42
1.14,0.35304227471351624,1GUA,N64A,gnn_local_cb_s42,42
1.7080000000000002,0.6765322089195251,1GUA,P63A,gnn_local_cb_s42,42
0.0819999999999999,0.9508460760116577,1GUA,P93A,gnn_local_cb_s42,42
0.504,0.635786771774292,1GUA,Q66A,gnn_local_cb_s42,42
0.693,0.8281989693641663,1GUA,R100A,gnn_local_cb_s42,42
-0.178,0.8063204884529114,1GUA,R59A,gnn_local_cb_s42,42
-1.078,0.20235592126846313,1GUA,R89L,gnn_local_cb_s42,42
1.5730000000000002,0.7563766837120056,1GUA,S77A,gnn_local_cb_s42,42
-0.581,0.8983332514762878,1GUA,S77T,gnn_local_cb_s42,42
0.109,0.988926351070404,1GUA,T68A,gnn_local_cb_s42,42
3.3680000000000003,1.9062325954437256,1GUA,V128A,gnn_local_cb_s42,42
2.251,2.217867136001587,1GUA,V60A,gnn_local_cb_s42,42
1.116,1.385730266571045,1GUA,V69A,gnn_local_cb_s42,42
1.77,1.6883156299591064,1GUA,V70A,gnn_local_cb_s42,42
1.052,2.029387950897217,1GUA,V72A,gnn_local_cb_s42,42
0.8640000000000001,1.271909475326538,1GUA,V72I,gnn_local_cb_s42,42
1.981,1.808105230331421,1GUA,V98A,gnn_local_cb_s42,42
1.936,-0.05061536654829979,1H0X,P18A,gnn_local_cb_s42,42
2.5810000000000004,0.3831818699836731,1H0X,P62A,gnn_local_cb_s42,42
2.09,2.034229040145874,1HCQ,C67A,gnn_local_cb_s42,42
1.99,2.263672351837158,1HCQ,C67S,gnn_local_cb_s42,42
-0.4,1.5489866733551025,1IOJ,G15A,gnn_local_cb_s42,42
-0.5,1.418224573135376,1IV7,A173C,gnn_local_cb_s42,42
2.5,1.642054557800293,1IV7,F189C,gnn_local_cb_s42,42
1.9,1.739795446395874,1IV7,L162C,gnn_local_cb_s42,42
-4.299,0.6686407327651978,1IV9,S76Y,gnn_local_cb_s42,42
-0.1,0.9126349091529846,1J8I,K25A,gnn_local_cb_s42,42
-0.1,1.027687907218933,1J8I,K66A,gnn_local_cb_s42,42
-0.8,0.6230422258377075,1J8I,R23A,gnn_local_cb_s42,42
0.1,0.7244599461555481,1J8I,R35A,gnn_local_cb_s42,42
-0.7,0.3787795901298523,1J8I,R43A,gnn_local_cb_s42,42
0.1,0.19419991970062256,1J8I,R9A,gnn_local_cb_s42,42
1.44,0.23981764912605286,1JL9,A25C,gnn_local_cb_s42,42
1.6969999999999998,2.544252634048462,1L6H,F39A,gnn_local_cb_s42,42
0.55,1.881594181060791,1L6H,Y45A,gnn_local_cb_s42,42
1.482,1.4388835430145264,1L6H,Y48A,gnn_local_cb_s42,42
1.39,1.6994729042053223,1N88,F21A,gnn_local_cb_s42,42
1.39,2.6447715759277344,1N88,I39A,gnn_local_cb_s42,42
2.79,1.7184299230575562,1N88,I80A,gnn_local_cb_s42,42
2.35,2.2455620765686035,1N88,I89A,gnn_local_cb_s42,42
1.52,2.059739112854004,1N88,I8V,gnn_local_cb_s42,42
1.52,1.3606258630752563,1N88,L13A,gnn_local_cb_s42,42
1.11,0.9102073907852173,1N88,L57A,gnn_local_cb_s42,42
1.94,1.1385440826416016,1N88,V12A,gnn_local_cb_s42,42
2.84,1.8970904350280762,1N88,V30A,gnn_local_cb_s42,42
2.82,2.3528895378112793,1N88,V43A,gnn_local_cb_s42,42
2.83,1.5346691608428955,1N88,V49A,gnn_local_cb_s42,42
3.24,1.6369822025299072,1N88,V51A,gnn_local_cb_s42,42
3.73,1.384691596031189,1N88,V54A,gnn_local_cb_s42,42
2.82,2.2136623859405518,1N88,V81A,gnn_local_cb_s42,42
3.1,1.928307294845581,1N88,V83A,gnn_local_cb_s42,42
-0.06,1.1578595638275146,1N88,Y18A,gnn_local_cb_s42,42
4.61,1.9968149662017822,1N88,Y26A,gnn_local_cb_s42,42
1.2,0.7054569721221924,1O6X,A31G,gnn_local_cb_s42,42
1.4,1.4909087419509888,1O6X,A50G,gnn_local_cb_s42,42
-0.36,0.20742979645729065,1O6X,D38A,gnn_local_cb_s42,42
0.3,0.3973313570022583,1O6X,E14A,gnn_local_cb_s42,42
1.42,0.5905358195304871,1O6X,E20G,gnn_local_cb_s42,42
1.88,0.8338560461997986,1O6X,F39L,gnn_local_cb_s42,42
0.98,1.4835879802703857,1O6X,F65A,gnn_local_cb_s42,42
0.61,0.7000190615653992,1O6X,H51A,gnn_local_cb_s42,42
0.43,1.9989712238311768,1O6X,I15V,gnn_local_cb_s42,42
-0.42,1.5394366979599,1O6X,I23V,gnn_local_cb_s42,42
1.31,1.4576027393341064,1O6X,I71V,gnn_local_cb_s42,42
1.31,1.2977794408798218,1O6X,I75A,gnn_local_cb_s42,42
1.98,0.5602464079856873,1O6X,K41A,gnn_local_cb_s42,42
0.97,1.5793358087539673,1O6X,L26V,gnn_local_cb_s42,42
0.08,0.790499746799469,1O6X,N58A,gnn_local_cb_s42,42
0.49,0.6593701243400574,1O6X,Q60G,gnn_local_cb_s42,42
1.1,1.2659516334533691,1O6X,V12A,gnn_local_cb_s42,42
1.08,1.6018469333648682,1O6X,V52A,gnn_local_cb_s42,42
1.1,1.6386204957962036,1O6X,V64G,gnn_local_cb_s42,42
2.78,0.15799590945243835,1O6X,Y73L,gnn_local_cb_s42,42
0.13,1.5470876693725586,1R6R,I88N,gnn_local_cb_s42,42
2.81,1.6064691543579102,1R6R,L50S,gnn_local_cb_s42,42
0.24,1.6250178813934326,1R6R,L54S,gnn_local_cb_s42,42
6.84,1.5907379388809204,1R6R,L81N,gnn_local_cb_s42,42
4.493,1.695704698562622,2BJD,V84D,gnn_local_cb_s42,42
4.517,1.415513038635254,2BJD,V84P,gnn_local_cb_s42,42
2.103,1.1418226957321167,2BJD,Y86E,gnn_local_cb_s42,42
0.012,1.9171602725982666,2C9Q,Y79F,gnn_local_cb_s42,42
1.233,1.9981430768966675,2C9Q,Y79W,gnn_local_cb_s42,42
-0.12,0.6017781496047974,2CLR,H13F,gnn_local_cb_s42,42
-2.605,0.5761027932167053,2CLR,H31F,gnn_local_cb_s42,42
1.912,0.37673014402389526,2CLR,H51F,gnn_local_cb_s42,42
2.629,1.2904614210128784,2CLR,H84A,gnn_local_cb_s42,42
-0.89,1.1399540901184082,2DVV,Q443H,gnn_local_cb_s42,42
0.02,0.491835355758667,2DVV,R419W,gnn_local_cb_s42,42
0.32,0.5341264009475708,2HBB,A22G,gnn_local_cb_s42,42
1.79,1.6334679126739502,2HBB,A26G,gnn_local_cb_s42,42
1.55,1.4231986999511719,2HBB,A36G,gnn_local_cb_s42,42
1.59,1.0465959310531616,2HBB,A39G,gnn_local_cb_s42,42
0.33,0.7243523597717285,2HBB,A42G,gnn_local_cb_s42,42
0.55,1.1017849445343018,2HBB,A46G,gnn_local_cb_s42,42
0.22,0.731544554233551,2HBB,A49G,gnn_local_cb_s42,42
0.03,0.10082954168319702,2HBB,D23A,gnn_local_cb_s42,42
0.79,0.4038267135620117,2HBB,D23N,gnn_local_cb_s42,42
1.3,0.16307476162910461,2HBB,D8A,gnn_local_cb_s42,42
0.38,0.300193727016449,2HBB,D8N,gnn_local_cb_s42,42
1.69,0.20252501964569092,2HBB,E17A,gnn_local_cb_s42,42
0.33,0.3806924521923065,2HBB,E17Q,gnn_local_cb_s42,42
0.41,0.46470221877098083,2HBB,E38A,gnn_local_cb_s42,42
0.68,0.8666924834251404,2HBB,E38Q,gnn_local_cb_s42,42
-0.07,0.42886456847190857,2HBB,E48Q,gnn_local_cb_s42,42
2.84,1.2524843215942383,2HBB,F31A,gnn_local_cb_s42,42
1.15,1.1494228839874268,2HBB,F5L,gnn_local_cb_s42,42
-0.02,0.20406019687652588,2HBB,G24A,gnn_local_cb_s42,42
1.02,0.1913820058107376,2HBB,G34A,gnn_local_cb_s42,42
2.05,0.9391942024230957,2HBB,I18A,gnn_local_cb_s42,42
0.07,0.5635479092597961,2HBB,I18V,gnn_local_cb_s42,42
1.28,1.2861665487289429,2HBB,I37A,gnn_local_cb_s42,42
-0.09,1.029429316520691,2HBB,I37V,gnn_local_cb_s42,42
0.59,1.3385958671569824,2HBB,I4V,gnn_local_cb_s42,42
-0.13,0.3282385468482971,2HBB,K10E,gnn_local_cb_s42,42
-0.47,-0.13513776659965515,2HBB,K10M,gnn_local_cb_s42,42
-0.61,0.46411237120628357,2HBB,K12A,gnn_local_cb_s42,42
-0.03,0.6141959428787231,2HBB,K12G,gnn_local_cb_s42,42
-1.8,0.30548715591430664,2HBB,K12M,gnn_local_cb_s42,42
0.73,0.34316834807395935,2HBB,K14A,gnn_local_cb_s42,42
1.3,0.4975893497467041,2HBB,K14G,gnn_local_cb_s42,42
0.34,0.1831488311290741,2HBB,K14M,gnn_local_cb_s42,42
1.74,0.3870675563812256,2HBB,K15G,gnn_local_cb_s42,42
0.44,0.024167660623788834,2HBB,K15M,gnn_local_cb_s42,42
-0.21,0.14806333184242249,2HBB,K7M,gnn_local_cb_s42,42
2.76,1.7303886413574219,2HBB,L30A,gnn_local_cb_s42,42
1.21,1.1309003829956055,2HBB,L35A,gnn_local_cb_s42,42
1.73,1.374728798866272,2HBB,L44A,gnn_local_cb_s42,42
0.84,1.4114365577697754,2HBB,L47A,gnn_local_cb_s42,42
3.1,1.0173145532608032,2HBB,L6A,gnn_local_cb_s42,42
1.46,0.6558656096458435,2HBB,M1A,gnn_local_cb_s42,42
0.8,0.2692580819129944,2HBB,T40S,gnn_local_cb_s42,42
2.33,1.2761409282684326,2HBB,V21A,gnn_local_cb_s42,42
2.55,1.4739105701446533,2HBB,V3A,gnn_local_cb_s42,42
1.81,1.2375375032424927,2HBB,V9A,gnn_local_cb_s42,42
2.54,1.6767488718032837,2JUC,C57D,gnn_local_cb_s42,42
0.71,1.3072841167449951,2JUC,C57S,gnn_local_cb_s42,42
1.75,0.5363527536392212,2JUC,R18A,gnn_local_cb_s42,42
-1.2,0.25324341654777527,2KJ3,D288A,gnn_local_cb_s42,42
-1.9,0.38470491766929626,2KJ3,E272A,gnn_local_cb_s42,42
0.8,0.7519609332084656,2KJ3,G278A,gnn_local_cb_s42,42
-1.5,0.25965026021003723,2KJ3,K229A,gnn_local_cb_s42,42
-1.0,1.2241098880767822,2KJ3,L241A,gnn_local_cb_s42,42
-1.4,1.12021803855896,2KJ3,S273A,gnn_local_cb_s42,42
-1.0,1.5000855922698975,2KJ3,V239A,gnn_local_cb_s42,42
-1.0,1.444802165031433,2KJ3,V264A,gnn_local_cb_s42,42
-0.2,1.7522763013839722,2KJ3,V267A,gnn_local_cb_s42,42
0.24,1.1325603723526,2MPC,A89T,gnn_local_cb_s42,42
-0.62,0.21732988953590393,2MPC,R42A,gnn_local_cb_s42,42
-2.08,0.01735881343483925,2MPC,R42W,gnn_local_cb_s42,42
0.6,0.47780558466911316,2N7Z,P88A,gnn_local_cb_s42,42
-0.44,1.7044798135757446,2OUO,A420D,gnn_local_cb_s42,42
2.43,1.758202314376831,2PTL,A22G,gnn_local_cb_s42,42
-0.1,1.0680744647979736,2PTL,A27P,gnn_local_cb_s42,42
0.83,0.21538516879081726,2PTL,A27V,gnn_local_cb_s42,42
2.17,1.2931431531906128,2PTL,A34G,gnn_local_cb_s42,42
-1.47,0.7336682677268982,2PTL,A34V,gnn_local_cb_s42,42
2.54,1.817492127418518,2PTL,A43G,gnn_local_cb_s42,42
3.1,1.8514729738235474,2PTL,A47G,gnn_local_cb_s42,42
1.32,0.7847735285758972,2PTL,A49G,gnn_local_cb_s42,42
3.12,1.5903819799423218,2PTL,A51G,gnn_local_cb_s42,42
0.49,0.5801597833633423,2PTL,A66G,gnn_local_cb_s42,42
1.21,0.027808967977762222,2PTL,D52A,gnn_local_cb_s42,42
2.14,0.21573138236999512,2PTL,D52G,gnn_local_cb_s42,42
0.2,0.16982194781303406,2PTL,D64A,gnn_local_cb_s42,42
0.59,0.26491615176200867,2PTL,E35A,gnn_local_cb_s42,42
1.19,0.5965203046798706,2PTL,E46G,gnn_local_cb_s42,42
1.08,-0.07026679813861847,2PTL,E46I,gnn_local_cb_s42,42
0.23,0.312416672706604,2PTL,E60A,gnn_local_cb_s42,42
3.12,1.4826840162277222,2PTL,F26A,gnn_local_cb_s42,42
0.68,0.7695948481559753,2PTL,F26L,gnn_local_cb_s42,42
4.15,1.4101324081420898,2PTL,F36A,gnn_local_cb_s42,42
3.12,1.083167552947998,2PTL,F36L,gnn_local_cb_s42,42
3.08,1.7590522766113281,2PTL,F40G,gnn_local_cb_s42,42
0.38,1.0302518606185913,2PTL,F40L,gnn_local_cb_s42,42
3.34,1.244584321975708,2PTL,F76L,gnn_local_cb_s42,42
3.73,1.4301190376281738,2PTL,F76V,gnn_local_cb_s42,42
1.52,-0.1125035434961319,2PTL,G29A,gnn_local_cb_s42,42
2.53,-0.39515239000320435,2PTL,G29V,gnn_local_cb_s42,42
2.08,1.1715614795684814,2PTL,G38A,gnn_local_cb_s42,42
2.23,0.5442894697189331,2PTL,G59A,gnn_local_cb_s42,42
2.04,0.15245629847049713,2PTL,G69A,gnn_local_cb_s42,42
4.9,2.1758902072906494,2PTL,I20A,gnn_local_cb_s42,42
0.56,1.872582197189331,2PTL,I20V,gnn_local_cb_s42,42
1.37,1.279294490814209,2PTL,I25A,gnn_local_cb_s42,42
0.47,0.928485631942749,2PTL,I25V,gnn_local_cb_s42,42
4.72,1.999598741531372,2PTL,I74A,gnn_local_cb_s42,42
1.69,1.7314879894256592,2PTL,I74V,gnn_local_cb_s42,42
0.92,1.0801968574523926,2PTL,K21A,gnn_local_cb_s42,42
0.88,0.9700387120246887,2PTL,K37A,gnn_local_cb_s42,42
-0.16,0.9982964396476746,2PTL,K42G,gnn_local_cb_s42,42
-0.58,0.5437757968902588,2PTL,K55A,gnn_local_cb_s42,42
-0.35,0.05546443536877632,2PTL,K56A,gnn_local_cb_s42,42
0.09,-0.14918580651283264,2PTL,K68A,gnn_local_cb_s42,42
0.45,0.39114195108413696,2PTL,K75A,gnn_local_cb_s42,42
3.12,1.693411946296692,2PTL,L24A,gnn_local_cb_s42,42
2.44,1.2590649127960205,2PTL,L54A,gnn_local_cb_s42,42
3.77,1.9589558839797974,2PTL,L72A,gnn_local_cb_s42,42
1.87,0.9380413293838501,2PTL,N23A,gnn_local_cb_s42,42
1.78,-0.18264685571193695,2PTL,N28A,gnn_local_cb_s42,42
0.34,0.889853835105896,2PTL,N58A,gnn_local_cb_s42,42
1.73,0.35364100337028503,2PTL,N73A,gnn_local_cb_s42,42
0.3,0.08651891350746155,2PTL,S30A,gnn_local_cb_s42,42
-0.41,0.448117196559906,2PTL,S45A,gnn_local_cb_s42,42
0.82,0.7492671012878418,2PTL,S45G,gnn_local_cb_s42,42
1.63,0.6526586413383484,2PTL,T19A,gnn_local_cb_s42,42
1.17,0.33741986751556396,2PTL,T31A,gnn_local_cb_s42,42
1.11,0.36095061898231506,2PTL,T33A,gnn_local_cb_s42,42
1.25,0.5638208389282227,2PTL,T39A,gnn_local_cb_s42,42
1.09,0.9226731657981873,2PTL,T44A,gnn_local_cb_s42,42
0.17,0.3868319094181061,2PTL,T53G,gnn_local_cb_s42,42
0.97,0.007696803659200668,2PTL,T62A,gnn_local_cb_s42,42
1.83,0.8333227038383484,2PTL,T71A,gnn_local_cb_s42,42
1.22,1.6588526964187622,2PTL,V18A,gnn_local_cb_s42,42
0.92,0.860063374042511,2PTL,V63A,gnn_local_cb_s42,42
1.14,0.6796529293060303,2PTL,V65A,gnn_local_cb_s42,42
2.82,1.0070714950561523,2PTL,Y48A,gnn_local_cb_s42,42
2.46,1.0189496278762817,2PTL,Y50A,gnn_local_cb_s42,42
1.66,1.1955747604370117,2PTL,Y70A,gnn_local_cb_s42,42
-0.43,0.631065309047699,2PTL,Y70L,gnn_local_cb_s42,42
-1.05,0.2899237275123596,2RPN,E7L,gnn_local_cb_s42,42
-0.39,1.4574778079986572,2RPN,V21K,gnn_local_cb_s42,42
-0.3,0.7325887084007263,2WQG,D15A,gnn_local_cb_s42,42
-0.1,1.009035348892212,2WQG,D38A,gnn_local_cb_s42,42
2.2,1.0937778949737549,2WQG,D39A,gnn_local_cb_s42,42
2.6,1.2628196477890015,2WQG,D39N,gnn_local_cb_s42,42
0.1,1.2805347442626953,2WQG,E40Q,gnn_local_cb_s42,42
0.4,1.1489077806472778,2WQG,E41G,gnn_local_cb_s42,42
0.9,2.0554754734039307,2WQG,I36A,gnn_local_cb_s42,42
0.3,1.6928410530090332,2WQG,I36V,gnn_local_cb_s42,42
0.4,1.0630009174346924,2WQG,K14A,gnn_local_cb_s42,42
1.9,1.213034749031067,2WQG,K14G,gnn_local_cb_s42,42
0.3,0.6668232083320618,2WQG,K19A,gnn_local_cb_s42,42
0.6,1.0009138584136963,2WQG,K28A,gnn_local_cb_s42,42
0.5,2.4734559059143066,2WQG,L13A,gnn_local_cb_s42,42
1.3,1.7421401739120483,2WQG,L16A,gnn_local_cb_s42,42
2.0,1.7654578685760498,2WQG,L8A,gnn_local_cb_s42,42
0.6,0.8630678653717041,2WQG,Q12A,gnn_local_cb_s42,42
2.0,1.0032806396484375,2WQG,Q12G,gnn_local_cb_s42,42
-0.1,1.0243613719940186,2WQG,Q33A,gnn_local_cb_s42,42
0.8,1.3162217140197754,2WQG,R34A,gnn_local_cb_s42,42
0.6,0.7446454167366028,2WQG,S23A,gnn_local_cb_s42,42
-0.1,0.5949839353561401,2WQG,S6A,gnn_local_cb_s42,42
0.2,0.7411455512046814,2WQG,S6G,gnn_local_cb_s42,42
-0.1,0.7555553317070007,2WQG,T9S,gnn_local_cb_s42,42
0.1,1.4084696769714355,2WQG,V10A,gnn_local_cb_s42,42
0.7,1.6449387073516846,2WQG,V10G,gnn_local_cb_s42,42
-0.4,1.30134916305542,2WQG,V11A,gnn_local_cb_s42,42
-0.1,1.5670981407165527,2WQG,V11G,gnn_local_cb_s42,42
0.5,1.476641058921814,2WQG,V24A,gnn_local_cb_s42,42
2.4,1.0669807195663452,2WQG,Y5F,gnn_local_cb_s42,42
0.74,0.7694739699363708,2ZTA,E11Q,gnn_local_cb_s42,42
-0.2,0.5533263087272644,2ZTA,E20Q,gnn_local_cb_s42,42
1.83,0.592931866645813,2ZTA,E22Q,gnn_local_cb_s42,42
0.41,0.5918328166007996,2ZTA,K15A,gnn_local_cb_s42,42
0.91,0.42252644896507263,2ZTA,K27A,gnn_local_cb_s42,42
0.06,0.30441322922706604,2ZTA,K28A,gnn_local_cb_s42,42
0.39,0.8750230669975281,2ZTA,K8A,gnn_local_cb_s42,42
1.66,0.5808222889900208,2ZTA,R25A,gnn_local_cb_s42,42
1.506,1.800288200378418,3BN0,I20V,gnn_local_cb_s42,42
-0.43,2.3299405574798584,3C2I,F155S,gnn_local_cb_s42,42
-0.47,1.3179491758346558,3C2I,T158A,gnn_local_cb_s42,42
-0.25,0.9545004963874817,3C2I,T158M,gnn_local_cb_s42,42
0.5,0.5479889512062073,3FIS,P61A,gnn_local_cb_s42,42
-0.34,-0.17409881949424744,3G1G,D155Y,gnn_local_cb_s42,42
0.74,2.1367363929748535,3G1G,F167Y,gnn_local_cb_s42,42
0.17,1.5028059482574463,3G1G,I190V,gnn_local_cb_s42,42
-1.32,0.6645192503929138,3G1G,R185W,gnn_local_cb_s42,42
3.35,0.08335807919502258,3K82,E334L,gnn_local_cb_s42,42
1.68,0.8131869435310364,3K82,E334Q,gnn_local_cb_s42,42
-5.49,0.6332697868347168,3K82,E401R,gnn_local_cb_s42,42
-1.194,-0.22991663217544556,3MON,R39G,gnn_local_cb_s42,42
2.866,0.5047854781150818,3MON,W3C,gnn_local_cb_s42,42
3.25,1.7066400051116943,3O39,L32P,gnn_local_cb_s42,42
-2.03,1.185866355895996,3S92,H395R,gnn_local_cb_s42,42
-0.574,0.10467097163200378,4N6V,H75W,gnn_local_cb_s42,42
1.362,0.43870455026626587,4N6V,P36G,gnn_local_cb_s42,42
-1.745,-0.18671277165412903,4N6V,P79S,gnn_local_cb_s42,42
0.71,1.49675452709198,4YEE,V134T,gnn_local_cb_s42,42
0.93,0.36907660961151123,4YEF,T134V,gnn_local_cb_s42,42
1.44,0.2605232298374176,5JXB,D329G,gnn_local_cb_s42,42
1.44,0.2970779538154602,5JXB,D329P,gnn_local_cb_s42,42
1.8,1.0746500492095947,1A0F,S11A,gnn_local_cb_s42,42
2.69,0.8661319613456726,1A7V,A104H,gnn_local_cb_s42,42
1.98,0.3726755976676941,1A7V,A66H,gnn_local_cb_s42,42
1.7,1.331782341003418,1A7V,A91H,gnn_local_cb_s42,42
1.36,0.622501790523529,1A7V,D3H,gnn_local_cb_s42,42
2.05,0.6573428511619568,1A7V,D58H,gnn_local_cb_s42,42
3.01,0.6557038426399231,1A7V,E73H,gnn_local_cb_s42,42
0.6,0.9128380417823792,1A7V,K13H,gnn_local_cb_s42,42
2.88,0.9635999798774719,1A7V,K20H,gnn_local_cb_s42,42
1.36,0.676302969455719,1A7V,K31H,gnn_local_cb_s42,42
1.86,0.9737964272499084,1A7V,K39H,gnn_local_cb_s42,42
2.02,0.8804365992546082,1A7V,K49H,gnn_local_cb_s42,42
2.88,1.0565977096557617,1A7V,K84H,gnn_local_cb_s42,42
1.97,0.8362112641334534,1A7V,K97H,gnn_local_cb_s42,42
0.821,0.3512534201145172,1BNL,D76A,gnn_local_cb_s42,42
0.46,0.1443711668252945,1DIV,D23A,gnn_local_cb_s42,42
0.58,0.5220187306404114,1DIV,D23N,gnn_local_cb_s42,42
0.3,0.3051784634590149,1DIV,D8N,gnn_local_cb_s42,42
0.98,0.22334712743759155,1DIV,E100A,gnn_local_cb_s42,42
1.52,0.4345966875553131,1DIV,E100G,gnn_local_cb_s42,42
0.21,0.47776564955711365,1DIV,E17Q,gnn_local_cb_s42,42
0.56,0.2951439917087555,1DIV,E38Q,gnn_local_cb_s42,42
-0.03,0.4724141061306,1DIV,E48Q,gnn_local_cb_s42,42
-0.33,0.4710187017917633,1DIV,E54Q,gnn_local_cb_s42,42
1.53,0.9399348497390747,1DIV,H106Q,gnn_local_cb_s42,42
3.52,1.3663805723190308,1DIV,I115A,gnn_local_cb_s42,42
2.22,1.7107722759246826,1DIV,I4A,gnn_local_cb_s42,42
0.59,1.3551287651062012,1DIV,I4V,gnn_local_cb_s42,42
3.49,1.447603702545166,1DIV,I79A,gnn_local_cb_s42,42
3.19,1.4838565587997437,1DIV,I93A,gnn_local_cb_s42,42
4.28,2.09810209274292,1DIV,I98A,gnn_local_cb_s42,42
-0.05,-0.18130922317504883,1DIV,K10M,gnn_local_cb_s42,42
-0.01,0.2811594307422638,1DIV,K14M,gnn_local_cb_s42,42
0.31,0.14139007031917572,1DIV,K15M,gnn_local_cb_s42,42
-0.35,0.37505364418029785,1DIV,K7M,gnn_local_cb_s42,42
-0.61,0.19034186005592346,1DIV,K96A,gnn_local_cb_s42,42
0.2,0.46046140789985657,1DIV,K96G,gnn_local_cb_s42,42
2.37,1.7034118175506592,1DIV,L102A,gnn_local_cb_s42,42
2.33,0.9010077714920044,1DIV,L108A,gnn_local_cb_s42,42
3.21,1.0746065378189087,1DIV,L110A,gnn_local_cb_s42,42
0.82,1.0733575820922852,1DIV,L117A,gnn_local_cb_s42,42
2.76,1.7993693351745605,1DIV,L30A,gnn_local_cb_s42,42
3.62,1.4511488676071167,1DIV,L30V,gnn_local_cb_s42,42
3.1,1.2183904647827148,1DIV,L6A,gnn_local_cb_s42,42
0.13,0.5482680201530457,1DIV,L6I,gnn_local_cb_s42,42
0.41,0.8226774334907532,1DIV,L6V,gnn_local_cb_s42,42
3.77,0.9594196081161499,1DIV,L72A,gnn_local_cb_s42,42
1.46,0.9510620832443237,1DIV,M1A,gnn_local_cb_s42,42
2.36,1.290158987045288,1DIV,M1G,gnn_local_cb_s42,42
2.33,1.240216612815857,1DIV,V21A,gnn_local_cb_s42,42
0.4,0.5269908308982849,1DIV,V21I,gnn_local_cb_s42,42
1.23,0.6907526850700378,1DIV,V21L,gnn_local_cb_s42,42
2.55,1.5246343612670898,1DIV,V3A,gnn_local_cb_s42,42
0.31,0.7795280814170837,1DIV,V3I,gnn_local_cb_s42,42
2.21,0.9582523703575134,1DIV,V3L,gnn_local_cb_s42,42
3.7,0.9761610627174377,1DXX,K18N,gnn_local_cb_s42,42
-0.6,1.3991031646728516,1FH5,S18N,gnn_local_cb_s42,42
1.38,1.3243534564971924,1FT8,L212V,gnn_local_cb_s42,42
0.35,0.5271327495574951,1FT8,L238I,gnn_local_cb_s42,42
-0.27,0.6570555567741394,1FT8,M216L,gnn_local_cb_s42,42
1.6,1.4863474369049072,1GWY,A8D,gnn_local_cb_s42,42
3.3,1.5191078186035156,1ITM,C24T,gnn_local_cb_s42,42
5.0,0.20001910626888275,1ITM,C3T,gnn_local_cb_s42,42
-1.4,0.7531324028968811,1ITM,W91S,gnn_local_cb_s42,42
1.162,0.18767786026000977,1JLV,E64D,gnn_local_cb_s42,42
2.3040000000000003,0.16304072737693787,1JLV,E64N,gnn_local_cb_s42,42
2.302,0.19639092683792114,1JLV,E64Q,gnn_local_cb_s42,42
-1.4,0.6252753138542175,1LVM,E106G,gnn_local_cb_s42,42
-0.43,0.24767208099365234,1LVM,K45F,gnn_local_cb_s42,42
-0.0,1.2966725826263428,1LVM,L56V,gnn_local_cb_s42,42
-0.6,-0.032906096428632736,1LVM,Q58F,gnn_local_cb_s42,42
2.5,0.22447887063026428,1N18,E100G,gnn_local_cb_s42,42
1.4,1.0635762214660645,1N18,G85R,gnn_local_cb_s42,42
-1.4,1.4978280067443848,1N18,H46R,gnn_local_cb_s42,42
3.3,0.46344202756881714,1O1U,E110A,gnn_local_cb_s42,42
1.2,0.7111642956733704,1O1U,N61A,gnn_local_cb_s42,42
0.3,0.8479233384132385,1O1U,Q51A,gnn_local_cb_s42,42
-0.3,0.7877773642539978,1O1U,Q99A,gnn_local_cb_s42,42
1.2,1.3193190097808838,1O1U,T38A,gnn_local_cb_s42,42
1.2,1.249782919883728,1O1U,W49Y,gnn_local_cb_s42,42
0.05,0.7853694558143616,1OSI,I11V,gnn_local_cb_s42,42
-0.39,0.658538281917572,1OSI,S92F,gnn_local_cb_s42,42
0.78,1.0714912414550781,1OSI,V15I,gnn_local_cb_s42,42
1.53,2.469613790512085,1PFL,A20T,gnn_local_cb_s42,42
1.96,0.6603429913520813,1PFL,G117V,gnn_local_cb_s42,42
3.53,2.7221155166625977,1PFL,M113T,gnn_local_cb_s42,42
-0.07,0.9984726905822754,1PFL,T108M,gnn_local_cb_s42,42
0.3,1.0756783485412598,1PRG,Q286P,gnn_local_cb_s42,42
-0.06,1.075857162475586,1PRG,R288H,gnn_local_cb_s42,42
-0.03,1.338976502418518,1PRG,V290M,gnn_local_cb_s42,42
-0.8,1.232958436012268,1SPD,C111S,gnn_local_cb_s42,42
-0.1,1.01493239402771,1SPD,C6A,gnn_local_cb_s42,42
2.9,1.0163370370864868,1XWS,E124Q,gnn_local_cb_s42,42
4.59,0.7729117274284363,1XWS,E135K,gnn_local_cb_s42,42
3.22,1.2384415864944458,1XWS,E142D,gnn_local_cb_s42,42
3.3,1.5318994522094727,1XWS,Y53H,gnn_local_cb_s42,42
0.86,0.647735059261322,1XXN,N32D,gnn_local_cb_s42,42
0.645,0.6847651600837708,1XXN,N54E,gnn_local_cb_s42,42
-0.239,0.8780620098114014,1XXN,S22E,gnn_local_cb_s42,42
0.645,1.6547372341156006,1XXN,S27E,gnn_local_cb_s42,42
-2.87,1.2273926734924316,1XZO,F42W,gnn_local_cb_s42,42
2.89,0.939882218837738,1XZO,W101F,gnn_local_cb_s42,42
8.93,0.8228176236152649,1XZO,W36A,gnn_local_cb_s42,42
4.25,0.4439626932144165,1XZO,W36F,gnn_local_cb_s42,42
0.7170000000000001,1.7609403133392334,2ARF,H1069Q,gnn_local_cb_s42,42
-1.07,0.4823143482208252,2H3F,E12A,gnn_local_cb_s42,42
-1.536,1.131138563156128,2JIE,H104R,gnn_local_cb_s42,42
0.209,0.6040399074554443,2JIE,Q22S,gnn_local_cb_s42,42
1.246,0.285455584526062,2JIE,S17A,gnn_local_cb_s42,42
-0.951,0.5740406513214111,2JIE,S19A,gnn_local_cb_s42,42
0.994,0.6836844086647034,2JIE,T18A,gnn_local_cb_s42,42
-2.19,-0.10157455503940582,2JIE,W123F,gnn_local_cb_s42,42
-1.06,0.415486603975296,2JIE,W123H,gnn_local_cb_s42,42
3.443,0.9627848267555237,2JIE,Y21A,gnn_local_cb_s42,42
-1.26,0.38670778274536133,2KS4,D9A,gnn_local_cb_s42,42
0.23,0.5888386368751526,2KS4,E2A,gnn_local_cb_s42,42
1.57,2.338160514831543,2LTB,L558P,gnn_local_cb_s42,42
3.11,1.8747798204421997,2LTB,L569R,gnn_local_cb_s42,42
3.34,0.3151279091835022,2LTB,M619K,gnn_local_cb_s42,42
1.1,0.9161813855171204,2LTB,R533Q,gnn_local_cb_s42,42
0.36,1.8524595499038696,2LTB,R555Q,gnn_local_cb_s42,42
-1.79,1.1801695823669434,2LTB,R555W,gnn_local_cb_s42,42
4.0,0.7083632349967957,2M5S,D302A,gnn_local_cb_s42,42
2.0,1.7985985279083252,2M5S,H305A,gnn_local_cb_s42,42
2.3,1.0338090658187866,2NTE,R658C,gnn_local_cb_s42,42
-0.5,0.3140924572944641,2PR5,A33Y,gnn_local_cb_s42,42
0.4,0.8100866675376892,2PR5,A81M,gnn_local_cb_s42,42
-0.3,0.6340196132659912,2PR5,D109E,gnn_local_cb_s42,42
-0.3,-0.2499556839466095,2PR5,H22K,gnn_local_cb_s42,42
-1.2,-0.5896819233894348,2PR5,H22W,gnn_local_cb_s42,42
-2.9,0.6951870322227478,2PR5,M111F,gnn_local_cb_s42,42
-0.9,0.05251086875796318,2PR5,N107F,gnn_local_cb_s42,42
-0.8,0.37159085273742676,2PR5,N107Y,gnn_local_cb_s42,42
-1.1,0.25641539692878723,2PR5,N124F,gnn_local_cb_s42,42
-2.6,0.467883437871933,2PR5,N124Y,gnn_local_cb_s42,42
-0.5,0.9820091724395752,2PR5,T30M,gnn_local_cb_s42,42
0.5,1.1248012781143188,2PR5,T50M,gnn_local_cb_s42,42
-0.2,0.8859267830848694,2PR5,T54Y,gnn_local_cb_s42,42
-1.4,0.47123152017593384,2PR5,V120I,gnn_local_cb_s42,42
-0.4,0.7626237273216248,2PR5,V25I,gnn_local_cb_s42,42
0.2,1.1452116966247559,2PR5,V88L,gnn_local_cb_s42,42
0.7,0.5109736323356628,2PR5,V90I,gnn_local_cb_s42,42
6.597,0.3281252980232239,2VY0,E53A,gnn_local_cb_s42,42
-1.369,1.1021307706832886,3BCI,E96Q,gnn_local_cb_s42,42
0.65,0.05822928622364998,3D3B,D118A,gnn_local_cb_s42,42
0.6,0.24080340564250946,3D3B,D118E,gnn_local_cb_s42,42
1.6,0.10562857985496521,3D3B,D118K,gnn_local_cb_s42,42
1.34,0.2607276141643524,3D3B,D118N,gnn_local_cb_s42,42
1.41,0.21095207333564758,3D3B,D118R,gnn_local_cb_s42,42
-0.8,1.4295494556427002,3ECU,H46R,gnn_local_cb_s42,42
1.3,0.5351036190986633,3S4M,D122Y,gnn_local_cb_s42,42
2.5,0.5558216571807861,3S4M,G130V,gnn_local_cb_s42,42
-0.096,1.5513317584991455,3S4M,I154F,gnn_local_cb_s42,42
0.693,1.5011014938354492,3S4M,W155R,gnn_local_cb_s42,42
-0.99,0.6384036540985107,4BJX,A89V,gnn_local_cb_s42,42
1.435,1.2787418365478516,4BUQ,Y48A,gnn_local_cb_s42,42
-0.1,0.31040340662002563,4WAA,K65A,gnn_local_cb_s42,42
2.07,0.5510339736938477,4WAA,K67A,gnn_local_cb_s42,42
0.44,0.8013719916343689,4WAA,R27A,gnn_local_cb_s42,42
-0.413,0.6813286542892456,5VP3,R39K,gnn_local_cb_s42,42
1.745,1.2716286182403564,1BA3,H461D,gnn_local_cb_s42,42
-0.287,0.8215689063072205,1BA3,H489D,gnn_local_cb_s42,42
0.287,0.4994983971118927,1BA3,H489K,gnn_local_cb_s42,42
0.263,0.14526335895061493,1BA3,H489M,gnn_local_cb_s42,42
1.81,0.8778535723686218,1DIV,V129A,gnn_local_cb_s42,42
0.455,1.0213887691497803,1F8I,F345A,gnn_local_cb_s42,42
-0.05,0.4554831385612488,1FT8,L349I,gnn_local_cb_s42,42
-0.0,0.526478111743927,1LVM,S135G,gnn_local_cb_s42,42
0.88,0.6852990388870239,1NM1,D187N,gnn_local_cb_s42,42
1.9,0.38511452078819275,1NM1,D187Y,gnn_local_cb_s42,42
2.4,1.4652211666107178,1PRE,C159S,gnn_local_cb_s42,42
4.2,1.2259953022003174,1R2Y,R244E,gnn_local_cb_s42,42
-0.358,0.44297337532043457,1XXN,N181R,gnn_local_cb_s42,42
-3.02,0.9591391682624817,3D2A,M134E,gnn_local_cb_s42,42
-3.34,0.8313550353050232,3D2A,M137P,gnn_local_cb_s42,42
-2.11,0.18947899341583252,3D2A,S163P,gnn_local_cb_s42,42
2.99,0.0626504123210907,5OAQ,Y429H,gnn_local_cb_s42,42
0.7,0.6555975675582886,1BFM,M35W,gnn_local_cb_s123,123
0.4,0.8763196468353271,1BFM,M35Y,gnn_local_cb_s123,123
0.04,0.7200089693069458,1D5G,H71Y,gnn_local_cb_s123,123
-0.91,1.210249662399292,1D5G,I20F,gnn_local_cb_s123,123
1.0,1.2356679439544678,1EKG,L198C,gnn_local_cb_s123,123
2.0,1.4282888174057007,1EKG,L200C,gnn_local_cb_s123,123
-1.0,1.2641578912734985,1EKG,L203C,gnn_local_cb_s123,123
2.6,0.5841054916381836,1EKG,S181F,gnn_local_cb_s123,123
-4.0,0.5843715667724609,1FRD,H42R,gnn_local_cb_s123,123
1.1,0.969018816947937,1FXA,E94D,gnn_local_cb_s123,123
0.4,0.7649524211883545,1FXA,E94K,gnn_local_cb_s123,123
-0.6,0.902755856513977,1FXA,E94Q,gnn_local_cb_s123,123
-1.0,0.34114769101142883,1FXA,E95K,gnn_local_cb_s123,123
1.0,1.2283457517623901,1FXA,F65A,gnn_local_cb_s123,123
0.9,0.588066816329956,1FXA,F65I,gnn_local_cb_s123,123
0.6,0.9309839010238647,1FXA,F65W,gnn_local_cb_s123,123
0.5,1.329386591911316,1FXA,F65Y,gnn_local_cb_s123,123
2.4,0.7137141227722168,1FXA,R42A,gnn_local_cb_s123,123
1.4,0.953734278678894,1FXA,R42H,gnn_local_cb_s123,123
-0.1,0.7110501527786255,1FXA,T48A,gnn_local_cb_s123,123
1.22,1.833657145500183,1GLU,C500A,gnn_local_cb_s123,123
1.963,1.3274197578430176,1GUA,A118G,gnn_local_cb_s123,123
1.951,0.703231692314148,1GUA,A118L,gnn_local_cb_s123,123
2.149,1.1833335161209106,1GUA,A85G,gnn_local_cb_s123,123
0.863,0.8704349994659424,1GUA,A97G,gnn_local_cb_s123,123
-0.283,1.144492506980896,1GUA,C81A,gnn_local_cb_s123,123
0.912,0.5922060012817383,1GUA,C81I,gnn_local_cb_s123,123
0.08,0.6741381883621216,1GUA,C95A,gnn_local_cb_s123,123
1.759,1.3952890634536743,1GUA,C96A,gnn_local_cb_s123,123
0.043,0.7998117208480835,1GUA,C96L,gnn_local_cb_s123,123
0.337,0.9996860027313232,1GUA,C96M,gnn_local_cb_s123,123
0.706,0.14359630644321442,1GUA,D117A,gnn_local_cb_s123,123
0.855,0.16507013142108917,1GUA,D129A,gnn_local_cb_s123,123
0.493,0.15487143397331238,1GUA,D80A,gnn_local_cb_s123,123
-0.021,0.2520710229873657,1GUA,E104A,gnn_local_cb_s123,123
0.101,0.32217973470687866,1GUA,E124A,gnn_local_cb_s123,123
0.591,0.6188716888427734,1GUA,E125A,gnn_local_cb_s123,123
3.274,2.1674721240997314,1GUA,I58A,gnn_local_cb_s123,123
1.2990000000000002,1.8186782598495483,1GUA,I58F,gnn_local_cb_s123,123
0.7709999999999999,1.6198033094406128,1GUA,I58L,gnn_local_cb_s123,123
0.327,0.5440863370895386,1GUA,K109A,gnn_local_cb_s123,123
2.593,1.2056533098220825,1GUA,L112A,gnn_local_cb_s123,123
2.5340000000000003,1.6983219385147095,1GUA,L121A,gnn_local_cb_s123,123
3.405,1.8354763984680176,1GUA,L126A,gnn_local_cb_s123,123
3.46,1.6421655416488647,1GUA,L62A,gnn_local_cb_s123,123
3.803,1.2987114191055298,1GUA,L78A,gnn_local_cb_s123,123
3.529,1.70626962184906,1GUA,L82A,gnn_local_cb_s123,123
1.6,1.0896104574203491,1GUA,L82I,gnn_local_cb_s123,123
1.7,1.3825434446334839,1GUA,L82V,gnn_local_cb_s123,123
3.2260000000000004,1.7509933710098267,1GUA,L86A,gnn_local_cb_s123,123
1.575,1.6178538799285889,1GUA,L91A,gnn_local_cb_s123,123
0.961,0.903680682182312,1GUA,M76A,gnn_local_cb_s123,123
-0.271,-0.07420063018798828,1GUA,N56M,gnn_local_cb_s123,123
1.14,0.20683428645133972,1GUA,N64A,gnn_local_cb_s123,123
1.7080000000000002,0.49451926350593567,1GUA,P63A,gnn_local_cb_s123,123
0.0819999999999999,0.7122735977172852,1GUA,P93A,gnn_local_cb_s123,123
0.504,0.43277600407600403,1GUA,Q66A,gnn_local_cb_s123,123
0.693,0.7601668834686279,1GUA,R100A,gnn_local_cb_s123,123
-0.178,0.6354038715362549,1GUA,R59A,gnn_local_cb_s123,123
-1.078,0.13297078013420105,1GUA,R89L,gnn_local_cb_s123,123
1.5730000000000002,0.38164040446281433,1GUA,S77A,gnn_local_cb_s123,123
-0.581,0.4950105845928192,1GUA,S77T,gnn_local_cb_s123,123
0.109,0.7169469594955444,1GUA,T68A,gnn_local_cb_s123,123
3.3680000000000003,1.7756861448287964,1GUA,V128A,gnn_local_cb_s123,123
2.251,1.9597142934799194,1GUA,V60A,gnn_local_cb_s123,123
1.116,1.2046617269515991,1GUA,V69A,gnn_local_cb_s123,123
1.77,1.5067400932312012,1GUA,V70A,gnn_local_cb_s123,123
1.052,1.6495893001556396,1GUA,V72A,gnn_local_cb_s123,123
0.8640000000000001,1.0106676816940308,1GUA,V72I,gnn_local_cb_s123,123
1.981,1.659141182899475,1GUA,V98A,gnn_local_cb_s123,123
1.936,-0.17081089317798615,1H0X,P18A,gnn_local_cb_s123,123
2.5810000000000004,0.21236810088157654,1H0X,P62A,gnn_local_cb_s123,123
2.09,1.862516164779663,1HCQ,C67A,gnn_local_cb_s123,123
1.99,2.0187315940856934,1HCQ,C67S,gnn_local_cb_s123,123
-0.4,1.1264795064926147,1IOJ,G15A,gnn_local_cb_s123,123
-0.5,1.220570683479309,1IV7,A173C,gnn_local_cb_s123,123
2.5,1.3828316926956177,1IV7,F189C,gnn_local_cb_s123,123
1.9,1.5544425249099731,1IV7,L162C,gnn_local_cb_s123,123
-4.299,0.4550420939922333,1IV9,S76Y,gnn_local_cb_s123,123
-0.1,0.6787286996841431,1J8I,K25A,gnn_local_cb_s123,123
-0.1,0.6486005783081055,1J8I,K66A,gnn_local_cb_s123,123
-0.8,0.5091875791549683,1J8I,R23A,gnn_local_cb_s123,123
0.1,0.6186906099319458,1J8I,R35A,gnn_local_cb_s123,123
-0.7,0.2687447965145111,1J8I,R43A,gnn_local_cb_s123,123
0.1,0.1489076465368271,1J8I,R9A,gnn_local_cb_s123,123
1.44,0.15090411901474,1JL9,A25C,gnn_local_cb_s123,123
1.6969999999999998,2.3220784664154053,1L6H,F39A,gnn_local_cb_s123,123
0.55,1.3090616464614868,1L6H,Y45A,gnn_local_cb_s123,123
1.482,0.9383927583694458,1L6H,Y48A,gnn_local_cb_s123,123
1.39,1.547754168510437,1N88,F21A,gnn_local_cb_s123,123
1.39,2.1499176025390625,1N88,I39A,gnn_local_cb_s123,123
2.79,1.6075643301010132,1N88,I80A,gnn_local_cb_s123,123
2.35,2.076996326446533,1N88,I89A,gnn_local_cb_s123,123
1.52,1.593258023262024,1N88,I8V,gnn_local_cb_s123,123
1.52,1.218553066253662,1N88,L13A,gnn_local_cb_s123,123
1.11,0.6857007741928101,1N88,L57A,gnn_local_cb_s123,123
1.94,0.9865320920944214,1N88,V12A,gnn_local_cb_s123,123
2.84,1.5570446252822876,1N88,V30A,gnn_local_cb_s123,123
2.82,2.158287286758423,1N88,V43A,gnn_local_cb_s123,123
2.83,1.4793262481689453,1N88,V49A,gnn_local_cb_s123,123
3.24,1.5651923418045044,1N88,V51A,gnn_local_cb_s123,123
3.73,1.3040112257003784,1N88,V54A,gnn_local_cb_s123,123
2.82,1.9776209592819214,1N88,V81A,gnn_local_cb_s123,123
3.1,1.777742624282837,1N88,V83A,gnn_local_cb_s123,123
-0.06,1.0223214626312256,1N88,Y18A,gnn_local_cb_s123,123
4.61,1.8572736978530884,1N88,Y26A,gnn_local_cb_s123,123
1.2,0.5346726179122925,1O6X,A31G,gnn_local_cb_s123,123
1.4,1.1346909999847412,1O6X,A50G,gnn_local_cb_s123,123
-0.36,-0.011782802641391754,1O6X,D38A,gnn_local_cb_s123,123
0.3,0.21217885613441467,1O6X,E14A,gnn_local_cb_s123,123
1.42,0.39587488770484924,1O6X,E20G,gnn_local_cb_s123,123
1.88,0.5343296527862549,1O6X,F39L,gnn_local_cb_s123,123
0.98,1.2362724542617798,1O6X,F65A,gnn_local_cb_s123,123
0.61,0.4521133601665497,1O6X,H51A,gnn_local_cb_s123,123
0.43,1.5754679441452026,1O6X,I15V,gnn_local_cb_s123,123
-0.42,1.1360005140304565,1O6X,I23V,gnn_local_cb_s123,123
1.31,1.1414896249771118,1O6X,I71V,gnn_local_cb_s123,123
1.31,1.119537353515625,1O6X,I75A,gnn_local_cb_s123,123
1.98,0.3243076503276825,1O6X,K41A,gnn_local_cb_s123,123
0.97,1.290488600730896,1O6X,L26V,gnn_local_cb_s123,123
0.08,0.530410647392273,1O6X,N58A,gnn_local_cb_s123,123
0.49,0.36755403876304626,1O6X,Q60G,gnn_local_cb_s123,123
1.1,1.0409568548202515,1O6X,V12A,gnn_local_cb_s123,123
1.08,1.221413493156433,1O6X,V52A,gnn_local_cb_s123,123
1.1,1.3969573974609375,1O6X,V64G,gnn_local_cb_s123,123
2.78,0.19875440001487732,1O6X,Y73L,gnn_local_cb_s123,123
0.13,1.2027519941329956,1R6R,I88N,gnn_local_cb_s123,123
2.81,1.2396279573440552,1R6R,L50S,gnn_local_cb_s123,123
0.24,1.4143037796020508,1R6R,L54S,gnn_local_cb_s123,123
6.84,1.2319244146347046,1R6R,L81N,gnn_local_cb_s123,123
4.493,1.5088813304901123,2BJD,V84D,gnn_local_cb_s123,123
4.517,1.2369223833084106,2BJD,V84P,gnn_local_cb_s123,123
2.103,1.0323220491409302,2BJD,Y86E,gnn_local_cb_s123,123
0.012,1.7114102840423584,2C9Q,Y79F,gnn_local_cb_s123,123
1.233,1.7195087671279907,2C9Q,Y79W,gnn_local_cb_s123,123
-0.12,0.5668871402740479,2CLR,H13F,gnn_local_cb_s123,123
-2.605,0.5695070028305054,2CLR,H31F,gnn_local_cb_s123,123
1.912,0.3802109658718109,2CLR,H51F,gnn_local_cb_s123,123
2.629,0.9898631572723389,2CLR,H84A,gnn_local_cb_s123,123
-0.89,0.9755263328552246,2DVV,Q443H,gnn_local_cb_s123,123
0.02,0.48033997416496277,2DVV,R419W,gnn_local_cb_s123,123
0.32,0.26120421290397644,2HBB,A22G,gnn_local_cb_s123,123
1.79,1.299966812133789,2HBB,A26G,gnn_local_cb_s123,123
1.55,1.3212565183639526,2HBB,A36G,gnn_local_cb_s123,123
1.59,0.9610257148742676,2HBB,A39G,gnn_local_cb_s123,123
0.33,0.5276037454605103,2HBB,A42G,gnn_local_cb_s123,123
0.55,0.7984764575958252,2HBB,A46G,gnn_local_cb_s123,123
0.22,0.4782811105251312,2HBB,A49G,gnn_local_cb_s123,123
0.03,0.023981764912605286,2HBB,D23A,gnn_local_cb_s123,123
0.79,0.18644964694976807,2HBB,D23N,gnn_local_cb_s123,123
1.3,-0.023457065224647522,2HBB,D8A,gnn_local_cb_s123,123
0.38,0.09231391549110413,2HBB,D8N,gnn_local_cb_s123,123
1.69,0.01848500221967697,2HBB,E17A,gnn_local_cb_s123,123
0.33,0.16866186261177063,2HBB,E17Q,gnn_local_cb_s123,123
0.41,0.426801472902298,2HBB,E38A,gnn_local_cb_s123,123
0.68,0.6980093717575073,2HBB,E38Q,gnn_local_cb_s123,123
-0.07,0.3066990077495575,2HBB,E48Q,gnn_local_cb_s123,123
2.84,1.0890225172042847,2HBB,F31A,gnn_local_cb_s123,123
1.15,0.9582923650741577,2HBB,F5L,gnn_local_cb_s123,123
-0.02,0.11494548618793488,2HBB,G24A,gnn_local_cb_s123,123
1.02,0.18705685436725616,2HBB,G34A,gnn_local_cb_s123,123
2.05,0.8638232946395874,2HBB,I18A,gnn_local_cb_s123,123
0.07,0.522479772567749,2HBB,I18V,gnn_local_cb_s123,123
1.28,1.2925266027450562,2HBB,I37A,gnn_local_cb_s123,123
-0.09,0.9863865375518799,2HBB,I37V,gnn_local_cb_s123,123
0.59,1.2662171125411987,2HBB,I4V,gnn_local_cb_s123,123
-0.13,0.12293261289596558,2HBB,K10E,gnn_local_cb_s123,123
-0.47,-0.2736714482307434,2HBB,K10M,gnn_local_cb_s123,123
-0.61,0.24910786747932434,2HBB,K12A,gnn_local_cb_s123,123
-0.03,0.42686453461647034,2HBB,K12G,gnn_local_cb_s123,123
-1.8,0.11870647966861725,2HBB,K12M,gnn_local_cb_s123,123
0.73,0.09038101136684418,2HBB,K14A,gnn_local_cb_s123,123
1.3,0.2435113489627838,2HBB,K14G,gnn_local_cb_s123,123
0.34,-0.029880672693252563,2HBB,K14M,gnn_local_cb_s123,123
1.74,0.19463571906089783,2HBB,K15G,gnn_local_cb_s123,123
0.44,-0.14202117919921875,2HBB,K15M,gnn_local_cb_s123,123
-0.21,-0.06196145713329315,2HBB,K7M,gnn_local_cb_s123,123
2.76,1.5653231143951416,2HBB,L30A,gnn_local_cb_s123,123
1.21,1.0400012731552124,2HBB,L35A,gnn_local_cb_s123,123
1.73,1.3224761486053467,2HBB,L44A,gnn_local_cb_s123,123
0.84,1.3110185861587524,2HBB,L47A,gnn_local_cb_s123,123
3.1,0.8814716339111328,2HBB,L6A,gnn_local_cb_s123,123
1.46,0.5508322715759277,2HBB,M1A,gnn_local_cb_s123,123
0.8,0.1898556649684906,2HBB,T40S,gnn_local_cb_s123,123
2.33,1.0980312824249268,2HBB,V21A,gnn_local_cb_s123,123
2.55,1.3621612787246704,2HBB,V3A,gnn_local_cb_s123,123
1.81,0.8561415672302246,2HBB,V9A,gnn_local_cb_s123,123
2.54,1.1896926164627075,2JUC,C57D,gnn_local_cb_s123,123
0.71,0.8900882005691528,2JUC,C57S,gnn_local_cb_s123,123
1.75,0.37180203199386597,2JUC,R18A,gnn_local_cb_s123,123
-1.2,0.31213489174842834,2KJ3,D288A,gnn_local_cb_s123,123
-1.9,0.25505468249320984,2KJ3,E272A,gnn_local_cb_s123,123
0.8,0.4746241867542267,2KJ3,G278A,gnn_local_cb_s123,123
-1.5,0.024004079401493073,2KJ3,K229A,gnn_local_cb_s123,123
-1.0,0.8748999834060669,2KJ3,L241A,gnn_local_cb_s123,123
-1.4,0.7723983526229858,2KJ3,S273A,gnn_local_cb_s123,123
-1.0,1.109840989112854,2KJ3,V239A,gnn_local_cb_s123,123
-1.0,0.8199871778488159,2KJ3,V264A,gnn_local_cb_s123,123
-0.2,1.3351377248764038,2KJ3,V267A,gnn_local_cb_s123,123
0.24,0.8392667770385742,2MPC,A89T,gnn_local_cb_s123,123
-0.62,0.08926334977149963,2MPC,R42A,gnn_local_cb_s123,123
-2.08,-0.060343772172927856,2MPC,R42W,gnn_local_cb_s123,123
0.6,0.4322015345096588,2N7Z,P88A,gnn_local_cb_s123,123
-0.44,1.5311943292617798,2OUO,A420D,gnn_local_cb_s123,123
2.43,1.547750473022461,2PTL,A22G,gnn_local_cb_s123,123
-0.1,0.811414361000061,2PTL,A27P,gnn_local_cb_s123,123
0.83,0.14877921342849731,2PTL,A27V,gnn_local_cb_s123,123
2.17,1.078824520111084,2PTL,A34G,gnn_local_cb_s123,123
-1.47,0.5737175941467285,2PTL,A34V,gnn_local_cb_s123,123
2.54,1.4295674562454224,2PTL,A43G,gnn_local_cb_s123,123
3.1,1.629493236541748,2PTL,A47G,gnn_local_cb_s123,123
1.32,0.6275780200958252,2PTL,A49G,gnn_local_cb_s123,123
3.12,1.3848103284835815,2PTL,A51G,gnn_local_cb_s123,123
0.49,0.4137217402458191,2PTL,A66G,gnn_local_cb_s123,123
1.21,0.045043230056762695,2PTL,D52A,gnn_local_cb_s123,123
2.14,0.15690205991268158,2PTL,D52G,gnn_local_cb_s123,123
0.2,0.15480494499206543,2PTL,D64A,gnn_local_cb_s123,123
0.59,0.22891244292259216,2PTL,E35A,gnn_local_cb_s123,123
1.19,0.42838725447654724,2PTL,E46G,gnn_local_cb_s123,123
1.08,-0.04132933169603348,2PTL,E46I,gnn_local_cb_s123,123
0.23,0.17177347838878632,2PTL,E60A,gnn_local_cb_s123,123
3.12,1.2817636728286743,2PTL,F26A,gnn_local_cb_s123,123
0.68,0.6877992153167725,2PTL,F26L,gnn_local_cb_s123,123
4.15,1.3515857458114624,2PTL,F36A,gnn_local_cb_s123,123
3.12,0.8524203300476074,2PTL,F36L,gnn_local_cb_s123,123
3.08,1.4268202781677246,2PTL,F40G,gnn_local_cb_s123,123
0.38,0.6403604745864868,2PTL,F40L,gnn_local_cb_s123,123
3.34,1.0243388414382935,2PTL,F76L,gnn_local_cb_s123,123
3.73,1.1318974494934082,2PTL,F76V,gnn_local_cb_s123,123
1.52,-0.1353607475757599,2PTL,G29A,gnn_local_cb_s123,123
2.53,-0.3795894682407379,2PTL,G29V,gnn_local_cb_s123,123
2.08,0.887933611869812,2PTL,G38A,gnn_local_cb_s123,123
2.23,0.40753117203712463,2PTL,G59A,gnn_local_cb_s123,123
2.04,0.021571561694145203,2PTL,G69A,gnn_local_cb_s123,123
4.9,2.0004608631134033,2PTL,I20A,gnn_local_cb_s123,123
0.56,1.667728304862976,2PTL,I20V,gnn_local_cb_s123,123
1.37,1.2061935663223267,2PTL,I25A,gnn_local_cb_s123,123
0.47,0.8387676477432251,2PTL,I25V,gnn_local_cb_s123,123
4.72,1.9710673093795776,2PTL,I74A,gnn_local_cb_s123,123
1.69,1.6539214849472046,2PTL,I74V,gnn_local_cb_s123,123
0.92,0.9253441095352173,2PTL,K21A,gnn_local_cb_s123,123
0.88,0.7205748558044434,2PTL,K37A,gnn_local_cb_s123,123
-0.16,0.7125793695449829,2PTL,K42G,gnn_local_cb_s123,123
-0.58,0.39072275161743164,2PTL,K55A,gnn_local_cb_s123,123
-0.35,-0.027931705117225647,2PTL,K56A,gnn_local_cb_s123,123
0.09,-0.23844875395298004,2PTL,K68A,gnn_local_cb_s123,123
0.45,0.4333818256855011,2PTL,K75A,gnn_local_cb_s123,123
3.12,1.614500880241394,2PTL,L24A,gnn_local_cb_s123,123
2.44,1.0248087644577026,2PTL,L54A,gnn_local_cb_s123,123
3.77,1.770218014717102,2PTL,L72A,gnn_local_cb_s123,123
1.87,0.8034543991088867,2PTL,N23A,gnn_local_cb_s123,123
1.78,-0.1329011619091034,2PTL,N28A,gnn_local_cb_s123,123
0.34,0.6674450635910034,2PTL,N58A,gnn_local_cb_s123,123
1.73,0.3159395754337311,2PTL,N73A,gnn_local_cb_s123,123
0.3,0.06877728551626205,2PTL,S30A,gnn_local_cb_s123,123
-0.41,0.45311662554740906,2PTL,S45A,gnn_local_cb_s123,123
0.82,0.5788596868515015,2PTL,S45G,gnn_local_cb_s123,123
1.63,0.4165714979171753,2PTL,T19A,gnn_local_cb_s123,123
1.17,0.25816723704338074,2PTL,T31A,gnn_local_cb_s123,123
1.11,0.30373111367225647,2PTL,T33A,gnn_local_cb_s123,123
1.25,0.41470131278038025,2PTL,T39A,gnn_local_cb_s123,123
1.09,0.8011746406555176,2PTL,T44A,gnn_local_cb_s123,123
0.17,0.2582683265209198,2PTL,T53G,gnn_local_cb_s123,123
0.97,0.024275749921798706,2PTL,T62A,gnn_local_cb_s123,123
1.83,0.5677902698516846,2PTL,T71A,gnn_local_cb_s123,123
1.22,1.2668031454086304,2PTL,V18A,gnn_local_cb_s123,123
0.92,0.8249778747558594,2PTL,V63A,gnn_local_cb_s123,123
1.14,0.5179497003555298,2PTL,V65A,gnn_local_cb_s123,123
2.82,0.9829200506210327,2PTL,Y48A,gnn_local_cb_s123,123
2.46,1.0235812664031982,2PTL,Y50A,gnn_local_cb_s123,123
1.66,0.7975515127182007,2PTL,Y70A,gnn_local_cb_s123,123
-0.43,0.4039227366447449,2PTL,Y70L,gnn_local_cb_s123,123
-1.05,0.16882339119911194,2RPN,E7L,gnn_local_cb_s123,123
-0.39,1.0536295175552368,2RPN,V21K,gnn_local_cb_s123,123
-0.3,0.6125279664993286,2WQG,D15A,gnn_local_cb_s123,123
-0.1,0.7809070348739624,2WQG,D38A,gnn_local_cb_s123,123
2.2,0.8364319801330566,2WQG,D39A,gnn_local_cb_s123,123
2.6,0.9407980442047119,2WQG,D39N,gnn_local_cb_s123,123
0.1,0.9472640752792358,2WQG,E40Q,gnn_local_cb_s123,123
0.4,0.8997230529785156,2WQG,E41G,gnn_local_cb_s123,123
0.9,1.6036227941513062,2WQG,I36A,gnn_local_cb_s123,123
0.3,1.3401591777801514,2WQG,I36V,gnn_local_cb_s123,123
0.4,1.0615657567977905,2WQG,K14A,gnn_local_cb_s123,123
1.9,1.2533576488494873,2WQG,K14G,gnn_local_cb_s123,123
0.3,0.544938325881958,2WQG,K19A,gnn_local_cb_s123,123
0.6,0.8774014711380005,2WQG,K28A,gnn_local_cb_s123,123
0.5,2.236509084701538,2WQG,L13A,gnn_local_cb_s123,123
1.3,1.4223096370697021,2WQG,L16A,gnn_local_cb_s123,123
2.0,1.5246144533157349,2WQG,L8A,gnn_local_cb_s123,123
0.6,0.8375636339187622,2WQG,Q12A,gnn_local_cb_s123,123
2.0,0.9959632158279419,2WQG,Q12G,gnn_local_cb_s123,123
-0.1,0.8248591423034668,2WQG,Q33A,gnn_local_cb_s123,123
0.8,1.1251426935195923,2WQG,R34A,gnn_local_cb_s123,123
0.6,0.6769813299179077,2WQG,S23A,gnn_local_cb_s123,123
-0.1,0.5355762243270874,2WQG,S6A,gnn_local_cb_s123,123
0.2,0.6959158182144165,2WQG,S6G,gnn_local_cb_s123,123
-0.1,0.7449485063552856,2WQG,T9S,gnn_local_cb_s123,123
0.1,1.2991236448287964,2WQG,V10A,gnn_local_cb_s123,123
0.7,1.5708293914794922,2WQG,V10G,gnn_local_cb_s123,123
-0.4,1.1555031538009644,2WQG,V11A,gnn_local_cb_s123,123
-0.1,1.4430330991744995,2WQG,V11G,gnn_local_cb_s123,123
0.5,1.4366525411605835,2WQG,V24A,gnn_local_cb_s123,123
2.4,1.0841022729873657,2WQG,Y5F,gnn_local_cb_s123,123
0.74,0.5006566047668457,2ZTA,E11Q,gnn_local_cb_s123,123
-0.2,0.5056062936782837,2ZTA,E20Q,gnn_local_cb_s123,123
1.83,0.5029306411743164,2ZTA,E22Q,gnn_local_cb_s123,123
0.41,0.46608951687812805,2ZTA,K15A,gnn_local_cb_s123,123
0.91,0.3884466886520386,2ZTA,K27A,gnn_local_cb_s123,123
0.06,0.2707782983779907,2ZTA,K28A,gnn_local_cb_s123,123
0.39,0.5230280160903931,2ZTA,K8A,gnn_local_cb_s123,123
1.66,0.44958260655403137,2ZTA,R25A,gnn_local_cb_s123,123
1.506,1.5515353679656982,3BN0,I20V,gnn_local_cb_s123,123
-0.43,2.003330945968628,3C2I,F155S,gnn_local_cb_s123,123
-0.47,1.0042856931686401,3C2I,T158A,gnn_local_cb_s123,123
-0.25,0.7334500551223755,3C2I,T158M,gnn_local_cb_s123,123
0.5,0.309904545545578,3FIS,P61A,gnn_local_cb_s123,123
-0.34,-0.09808652102947235,3G1G,D155Y,gnn_local_cb_s123,123
0.74,1.9269280433654785,3G1G,F167Y,gnn_local_cb_s123,123
0.17,1.2869645357131958,3G1G,I190V,gnn_local_cb_s123,123
-1.32,0.6155844926834106,3G1G,R185W,gnn_local_cb_s123,123
3.35,-0.015499308705329895,3K82,E334L,gnn_local_cb_s123,123
1.68,0.44768062233924866,3K82,E334Q,gnn_local_cb_s123,123
-5.49,0.41465458273887634,3K82,E401R,gnn_local_cb_s123,123
-1.194,-0.2830673158168793,3MON,R39G,gnn_local_cb_s123,123
2.866,0.16825520992279053,3MON,W3C,gnn_local_cb_s123,123
3.25,1.279136300086975,3O39,L32P,gnn_local_cb_s123,123
-2.03,1.0165871381759644,3S92,H395R,gnn_local_cb_s123,123
-0.574,0.05229927599430084,4N6V,H75W,gnn_local_cb_s123,123
1.362,0.10930496454238892,4N6V,P36G,gnn_local_cb_s123,123
-1.745,-0.246499165892601,4N6V,P79S,gnn_local_cb_s123,123
0.71,1.263267159461975,4YEE,V134T,gnn_local_cb_s123,123
0.93,0.3151824474334717,4YEF,T134V,gnn_local_cb_s123,123
1.44,-0.03853580355644226,5JXB,D329G,gnn_local_cb_s123,123
1.44,0.024785056710243225,5JXB,D329P,gnn_local_cb_s123,123
1.8,1.115380048751831,1A0F,S11A,gnn_local_cb_s123,123
2.69,0.6562609672546387,1A7V,A104H,gnn_local_cb_s123,123
1.98,0.3714626729488373,1A7V,A66H,gnn_local_cb_s123,123
1.7,1.3723856210708618,1A7V,A91H,gnn_local_cb_s123,123
1.36,0.40360864996910095,1A7V,D3H,gnn_local_cb_s123,123
2.05,0.4710231125354767,1A7V,D58H,gnn_local_cb_s123,123
3.01,0.399662047624588,1A7V,E73H,gnn_local_cb_s123,123
0.6,0.702689528465271,1A7V,K13H,gnn_local_cb_s123,123
2.88,0.8141239881515503,1A7V,K20H,gnn_local_cb_s123,123
1.36,0.44636300206184387,1A7V,K31H,gnn_local_cb_s123,123
1.86,0.7806400060653687,1A7V,K39H,gnn_local_cb_s123,123
2.02,0.7030816078186035,1A7V,K49H,gnn_local_cb_s123,123
2.88,1.070566177368164,1A7V,K84H,gnn_local_cb_s123,123
1.97,0.5967174768447876,1A7V,K97H,gnn_local_cb_s123,123
0.821,0.21657875180244446,1BNL,D76A,gnn_local_cb_s123,123
0.46,-0.03649883717298508,1DIV,D23A,gnn_local_cb_s123,123
0.58,0.1738552302122116,1DIV,D23N,gnn_local_cb_s123,123
0.3,0.03475525230169296,1DIV,D8N,gnn_local_cb_s123,123
0.98,0.027082093060016632,1DIV,E100A,gnn_local_cb_s123,123
1.52,0.19119101762771606,1DIV,E100G,gnn_local_cb_s123,123
0.21,0.24981871247291565,1DIV,E17Q,gnn_local_cb_s123,123
0.56,0.257578045129776,1DIV,E38Q,gnn_local_cb_s123,123
-0.03,0.3955562114715576,1DIV,E48Q,gnn_local_cb_s123,123
-0.33,0.7753220796585083,1DIV,E54Q,gnn_local_cb_s123,123
1.53,0.6359078884124756,1DIV,H106Q,gnn_local_cb_s123,123
3.52,0.8950504064559937,1DIV,I115A,gnn_local_cb_s123,123
2.22,1.6176233291625977,1DIV,I4A,gnn_local_cb_s123,123
0.59,1.248317837715149,1DIV,I4V,gnn_local_cb_s123,123
3.49,1.3045005798339844,1DIV,I79A,gnn_local_cb_s123,123
3.19,1.323248028755188,1DIV,I93A,gnn_local_cb_s123,123
4.28,1.6426674127578735,1DIV,I98A,gnn_local_cb_s123,123
-0.05,-0.35154202580451965,1DIV,K10M,gnn_local_cb_s123,123
-0.01,0.08398324251174927,1DIV,K14M,gnn_local_cb_s123,123
0.31,0.08690512180328369,1DIV,K15M,gnn_local_cb_s123,123
-0.35,0.10108757019042969,1DIV,K7M,gnn_local_cb_s123,123
-0.61,0.006289735436439514,1DIV,K96A,gnn_local_cb_s123,123
0.2,0.19023548066616058,1DIV,K96G,gnn_local_cb_s123,123
2.37,1.3733779191970825,1DIV,L102A,gnn_local_cb_s123,123
2.33,0.676557183265686,1DIV,L108A,gnn_local_cb_s123,123
3.21,0.6778290271759033,1DIV,L110A,gnn_local_cb_s123,123
0.82,0.8972437381744385,1DIV,L117A,gnn_local_cb_s123,123
2.76,1.5030438899993896,1DIV,L30A,gnn_local_cb_s123,123
3.62,1.1327821016311646,1DIV,L30V,gnn_local_cb_s123,123
3.1,0.9038807153701782,1DIV,L6A,gnn_local_cb_s123,123
0.13,0.34443116188049316,1DIV,L6I,gnn_local_cb_s123,123
0.41,0.5568749904632568,1DIV,L6V,gnn_local_cb_s123,123
3.77,0.6869329214096069,1DIV,L72A,gnn_local_cb_s123,123
1.46,0.7483360767364502,1DIV,M1A,gnn_local_cb_s123,123
2.36,1.0268268585205078,1DIV,M1G,gnn_local_cb_s123,123
2.33,1.0156949758529663,1DIV,V21A,gnn_local_cb_s123,123
0.4,0.36471840739250183,1DIV,V21I,gnn_local_cb_s123,123
1.23,0.48345693945884705,1DIV,V21L,gnn_local_cb_s123,123
2.55,1.4221034049987793,1DIV,V3A,gnn_local_cb_s123,123
0.31,0.7642215490341187,1DIV,V3I,gnn_local_cb_s123,123
2.21,0.8534764051437378,1DIV,V3L,gnn_local_cb_s123,123
3.7,0.6554595232009888,1DXX,K18N,gnn_local_cb_s123,123
-0.6,1.209924340248108,1FH5,S18N,gnn_local_cb_s123,123
1.38,1.060263752937317,1FT8,L212V,gnn_local_cb_s123,123
0.35,0.5109446048736572,1FT8,L238I,gnn_local_cb_s123,123
-0.27,0.642450213432312,1FT8,M216L,gnn_local_cb_s123,123
1.6,1.2515945434570312,1GWY,A8D,gnn_local_cb_s123,123
3.3,0.988298773765564,1ITM,C24T,gnn_local_cb_s123,123
5.0,-0.027215033769607544,1ITM,C3T,gnn_local_cb_s123,123
-1.4,0.6144458055496216,1ITM,W91S,gnn_local_cb_s123,123
1.162,0.10977886617183685,1JLV,E64D,gnn_local_cb_s123,123
2.3040000000000003,0.0739896297454834,1JLV,E64N,gnn_local_cb_s123,123
2.302,0.1117352545261383,1JLV,E64Q,gnn_local_cb_s123,123
-1.4,0.4158393144607544,1LVM,E106G,gnn_local_cb_s123,123
-0.43,0.15382063388824463,1LVM,K45F,gnn_local_cb_s123,123
-0.0,1.0426474809646606,1LVM,L56V,gnn_local_cb_s123,123
-0.6,-0.07558158040046692,1LVM,Q58F,gnn_local_cb_s123,123
2.5,0.28653407096862793,1N18,E100G,gnn_local_cb_s123,123
1.4,0.8268868923187256,1N18,G85R,gnn_local_cb_s123,123
-1.4,1.2569633722305298,1N18,H46R,gnn_local_cb_s123,123
3.3,0.24915781617164612,1O1U,E110A,gnn_local_cb_s123,123
1.2,0.49971523880958557,1O1U,N61A,gnn_local_cb_s123,123
0.3,0.5484687089920044,1O1U,Q51A,gnn_local_cb_s123,123
-0.3,0.578554630279541,1O1U,Q99A,gnn_local_cb_s123,123
1.2,0.8815282583236694,1O1U,T38A,gnn_local_cb_s123,123
1.2,0.8501477241516113,1O1U,W49Y,gnn_local_cb_s123,123
0.05,0.6158933639526367,1OSI,I11V,gnn_local_cb_s123,123
-0.39,0.493298202753067,1OSI,S92F,gnn_local_cb_s123,123
0.78,0.9526205062866211,1OSI,V15I,gnn_local_cb_s123,123
1.53,1.9758211374282837,1PFL,A20T,gnn_local_cb_s123,123
1.96,0.4514845907688141,1PFL,G117V,gnn_local_cb_s123,123
3.53,2.257392168045044,1PFL,M113T,gnn_local_cb_s123,123
-0.07,0.565974235534668,1PFL,T108M,gnn_local_cb_s123,123
0.3,0.7174897193908691,1PRG,Q286P,gnn_local_cb_s123,123
-0.06,0.8589538335800171,1PRG,R288H,gnn_local_cb_s123,123
-0.03,1.110155701637268,1PRG,V290M,gnn_local_cb_s123,123
-0.8,1.0890122652053833,1SPD,C111S,gnn_local_cb_s123,123
-0.1,0.7367410659790039,1SPD,C6A,gnn_local_cb_s123,123
2.9,0.8065521717071533,1XWS,E124Q,gnn_local_cb_s123,123
4.59,0.5691131353378296,1XWS,E135K,gnn_local_cb_s123,123
3.22,0.7648112773895264,1XWS,E142D,gnn_local_cb_s123,123
3.3,1.4254587888717651,1XWS,Y53H,gnn_local_cb_s123,123
0.86,0.42478451132774353,1XXN,N32D,gnn_local_cb_s123,123
0.645,0.5533605813980103,1XXN,N54E,gnn_local_cb_s123,123
-0.239,0.5018043518066406,1XXN,S22E,gnn_local_cb_s123,123
0.645,1.022194266319275,1XXN,S27E,gnn_local_cb_s123,123
-2.87,0.9231449365615845,1XZO,F42W,gnn_local_cb_s123,123
2.89,0.7758843898773193,1XZO,W101F,gnn_local_cb_s123,123
8.93,0.7497221231460571,1XZO,W36A,gnn_local_cb_s123,123
4.25,0.47527459263801575,1XZO,W36F,gnn_local_cb_s123,123
0.7170000000000001,1.4500558376312256,2ARF,H1069Q,gnn_local_cb_s123,123
-1.07,0.3196844160556793,2H3F,E12A,gnn_local_cb_s123,123
-1.536,0.657508134841919,2JIE,H104R,gnn_local_cb_s123,123
0.209,0.30830803513526917,2JIE,Q22S,gnn_local_cb_s123,123
1.246,0.12768685817718506,2JIE,S17A,gnn_local_cb_s123,123
-0.951,0.3791747987270355,2JIE,S19A,gnn_local_cb_s123,123
0.994,0.4458974301815033,2JIE,T18A,gnn_local_cb_s123,123
-2.19,-0.11288010329008102,2JIE,W123F,gnn_local_cb_s123,123
-1.06,0.24204584956169128,2JIE,W123H,gnn_local_cb_s123,123
3.443,0.6091928482055664,2JIE,Y21A,gnn_local_cb_s123,123
-1.26,0.2922411262989044,2KS4,D9A,gnn_local_cb_s123,123
0.23,0.3921740651130676,2KS4,E2A,gnn_local_cb_s123,123
1.57,1.7924689054489136,2LTB,L558P,gnn_local_cb_s123,123
3.11,1.6531734466552734,2LTB,L569R,gnn_local_cb_s123,123
3.34,0.4354088306427002,2LTB,M619K,gnn_local_cb_s123,123
1.1,0.6103705167770386,2LTB,R533Q,gnn_local_cb_s123,123
0.36,1.3930507898330688,2LTB,R555Q,gnn_local_cb_s123,123
-1.79,0.8724806308746338,2LTB,R555W,gnn_local_cb_s123,123
4.0,0.5178738832473755,2M5S,D302A,gnn_local_cb_s123,123
2.0,1.5054644346237183,2M5S,H305A,gnn_local_cb_s123,123
2.3,0.7179216146469116,2NTE,R658C,gnn_local_cb_s123,123
-0.5,0.12346777319908142,2PR5,A33Y,gnn_local_cb_s123,123
0.4,0.5244948863983154,2PR5,A81M,gnn_local_cb_s123,123
-0.3,0.5177046060562134,2PR5,D109E,gnn_local_cb_s123,123
-0.3,-0.32828888297080994,2PR5,H22K,gnn_local_cb_s123,123
-1.2,-0.427247017621994,2PR5,H22W,gnn_local_cb_s123,123
-2.9,0.4577431380748749,2PR5,M111F,gnn_local_cb_s123,123
-0.9,0.1155395656824112,2PR5,N107F,gnn_local_cb_s123,123
-0.8,0.32950901985168457,2PR5,N107Y,gnn_local_cb_s123,123
-1.1,0.16444146633148193,2PR5,N124F,gnn_local_cb_s123,123
-2.6,0.3346138298511505,2PR5,N124Y,gnn_local_cb_s123,123
-0.5,0.6968235969543457,2PR5,T30M,gnn_local_cb_s123,123
0.5,0.7379571199417114,2PR5,T50M,gnn_local_cb_s123,123
-0.2,0.47592130303382874,2PR5,T54Y,gnn_local_cb_s123,123
-1.4,0.5772236585617065,2PR5,V120I,gnn_local_cb_s123,123
-0.4,0.4579513967037201,2PR5,V25I,gnn_local_cb_s123,123
0.2,0.8660606145858765,2PR5,V88L,gnn_local_cb_s123,123
0.7,0.5062702894210815,2PR5,V90I,gnn_local_cb_s123,123
6.597,0.15674321353435516,2VY0,E53A,gnn_local_cb_s123,123
-1.369,0.8841500282287598,3BCI,E96Q,gnn_local_cb_s123,123
0.65,0.03815846145153046,3D3B,D118A,gnn_local_cb_s123,123
0.6,0.12069550156593323,3D3B,D118E,gnn_local_cb_s123,123
1.6,-0.013738013803958893,3D3B,D118K,gnn_local_cb_s123,123
1.34,0.16640004515647888,3D3B,D118N,gnn_local_cb_s123,123
1.41,0.18148493766784668,3D3B,D118R,gnn_local_cb_s123,123
-0.8,1.2573028802871704,3ECU,H46R,gnn_local_cb_s123,123
1.3,0.3887653648853302,3S4M,D122Y,gnn_local_cb_s123,123
2.5,0.4125681221485138,3S4M,G130V,gnn_local_cb_s123,123
-0.096,1.125002145767212,3S4M,I154F,gnn_local_cb_s123,123
0.693,1.1414567232131958,3S4M,W155R,gnn_local_cb_s123,123
-0.99,0.6021299362182617,4BJX,A89V,gnn_local_cb_s123,123
1.435,0.855065107345581,4BUQ,Y48A,gnn_local_cb_s123,123
-0.1,0.1652636080980301,4WAA,K65A,gnn_local_cb_s123,123
2.07,0.3946110010147095,4WAA,K67A,gnn_local_cb_s123,123
0.44,0.7953523397445679,4WAA,R27A,gnn_local_cb_s123,123
-0.413,0.5350824594497681,5VP3,R39K,gnn_local_cb_s123,123
1.745,0.979434609413147,1BA3,H461D,gnn_local_cb_s123,123
-0.287,0.44011202454566956,1BA3,H489D,gnn_local_cb_s123,123
0.287,0.2355005443096161,1BA3,H489K,gnn_local_cb_s123,123
0.263,-0.009434737265110016,1BA3,H489M,gnn_local_cb_s123,123
1.81,0.4787748157978058,1DIV,V129A,gnn_local_cb_s123,123
0.455,0.8507415056228638,1F8I,F345A,gnn_local_cb_s123,123
-0.05,0.4460088312625885,1FT8,L349I,gnn_local_cb_s123,123
-0.0,0.2922414541244507,1LVM,S135G,gnn_local_cb_s123,123
0.88,0.45223698019981384,1NM1,D187N,gnn_local_cb_s123,123
1.9,0.2732439935207367,1NM1,D187Y,gnn_local_cb_s123,123
2.4,1.0104594230651855,1PRE,C159S,gnn_local_cb_s123,123
4.2,0.9562524557113647,1R2Y,R244E,gnn_local_cb_s123,123
-0.358,0.2526330351829529,1XXN,N181R,gnn_local_cb_s123,123
-3.02,0.8290205001831055,3D2A,M134E,gnn_local_cb_s123,123
-3.34,0.7222510576248169,3D2A,M137P,gnn_local_cb_s123,123
-2.11,0.1839061975479126,3D2A,S163P,gnn_local_cb_s123,123
2.99,0.19290536642074585,5OAQ,Y429H,gnn_local_cb_s123,123
0.7,0.7186203002929688,1BFM,M35W,gnn_local_cb_s2024,2024
0.4,0.8901678323745728,1BFM,M35Y,gnn_local_cb_s2024,2024
0.04,0.8794370889663696,1D5G,H71Y,gnn_local_cb_s2024,2024
-0.91,1.2177280187606812,1D5G,I20F,gnn_local_cb_s2024,2024
1.0,1.4202134609222412,1EKG,L198C,gnn_local_cb_s2024,2024
2.0,1.6041029691696167,1EKG,L200C,gnn_local_cb_s2024,2024
-1.0,1.4212985038757324,1EKG,L203C,gnn_local_cb_s2024,2024
2.6,0.6507071256637573,1EKG,S181F,gnn_local_cb_s2024,2024
-4.0,0.19330677390098572,1FRD,H42R,gnn_local_cb_s2024,2024
1.1,1.2798545360565186,1FXA,E94D,gnn_local_cb_s2024,2024
0.4,0.9378587603569031,1FXA,E94K,gnn_local_cb_s2024,2024
-0.6,1.1205226182937622,1FXA,E94Q,gnn_local_cb_s2024,2024
-1.0,0.37475335597991943,1FXA,E95K,gnn_local_cb_s2024,2024
1.0,0.9600893259048462,1FXA,F65A,gnn_local_cb_s2024,2024
0.9,0.356414258480072,1FXA,F65I,gnn_local_cb_s2024,2024
0.6,0.6618516445159912,1FXA,F65W,gnn_local_cb_s2024,2024
0.5,1.1447741985321045,1FXA,F65Y,gnn_local_cb_s2024,2024
2.4,0.26682281494140625,1FXA,R42A,gnn_local_cb_s2024,2024
1.4,0.7155932188034058,1FXA,R42H,gnn_local_cb_s2024,2024
-0.1,0.4359259605407715,1FXA,T48A,gnn_local_cb_s2024,2024
1.22,2.036097288131714,1GLU,C500A,gnn_local_cb_s2024,2024
1.963,1.7047810554504395,1GUA,A118G,gnn_local_cb_s2024,2024
1.951,0.9621957540512085,1GUA,A118L,gnn_local_cb_s2024,2024
2.149,1.185422658920288,1GUA,A85G,gnn_local_cb_s2024,2024
0.863,0.5509284138679504,1GUA,A97G,gnn_local_cb_s2024,2024
-0.283,1.3949453830718994,1GUA,C81A,gnn_local_cb_s2024,2024
0.912,0.8724007606506348,1GUA,C81I,gnn_local_cb_s2024,2024
0.08,0.3583086133003235,1GUA,C95A,gnn_local_cb_s2024,2024
1.759,1.1814101934432983,1GUA,C96A,gnn_local_cb_s2024,2024
0.043,0.4998292326927185,1GUA,C96L,gnn_local_cb_s2024,2024
0.337,0.7049134969711304,1GUA,C96M,gnn_local_cb_s2024,2024
0.706,0.13393212854862213,1GUA,D117A,gnn_local_cb_s2024,2024
0.855,-0.07371213287115097,1GUA,D129A,gnn_local_cb_s2024,2024
0.493,0.15417563915252686,1GUA,D80A,gnn_local_cb_s2024,2024
-0.021,0.28353098034858704,1GUA,E104A,gnn_local_cb_s2024,2024
0.101,0.4191795587539673,1GUA,E124A,gnn_local_cb_s2024,2024
0.591,0.686850368976593,1GUA,E125A,gnn_local_cb_s2024,2024
3.274,2.2777886390686035,1GUA,I58A,gnn_local_cb_s2024,2024
1.2990000000000002,1.862566351890564,1GUA,I58F,gnn_local_cb_s2024,2024
0.7709999999999999,1.706021785736084,1GUA,I58L,gnn_local_cb_s2024,2024
0.327,0.6574685573577881,1GUA,K109A,gnn_local_cb_s2024,2024
2.593,1.294823408126831,1GUA,L112A,gnn_local_cb_s2024,2024
2.5340000000000003,1.8839585781097412,1GUA,L121A,gnn_local_cb_s2024,2024
3.405,1.903564214706421,1GUA,L126A,gnn_local_cb_s2024,2024
3.46,1.8160812854766846,1GUA,L62A,gnn_local_cb_s2024,2024
3.803,1.5939693450927734,1GUA,L78A,gnn_local_cb_s2024,2024
3.529,1.763040542602539,1GUA,L82A,gnn_local_cb_s2024,2024
1.6,1.1739870309829712,1GUA,L82I,gnn_local_cb_s2024,2024
1.7,1.3838870525360107,1GUA,L82V,gnn_local_cb_s2024,2024
3.2260000000000004,1.7617981433868408,1GUA,L86A,gnn_local_cb_s2024,2024
1.575,1.6028152704238892,1GUA,L91A,gnn_local_cb_s2024,2024
0.961,1.0999605655670166,1GUA,M76A,gnn_local_cb_s2024,2024
-0.271,0.10558267682790756,1GUA,N56M,gnn_local_cb_s2024,2024
1.14,0.44684112071990967,1GUA,N64A,gnn_local_cb_s2024,2024
1.7080000000000002,0.5805710554122925,1GUA,P63A,gnn_local_cb_s2024,2024
0.0819999999999999,0.6788424253463745,1GUA,P93A,gnn_local_cb_s2024,2024
0.504,0.6527092456817627,1GUA,Q66A,gnn_local_cb_s2024,2024
0.693,0.8258223533630371,1GUA,R100A,gnn_local_cb_s2024,2024
-0.178,0.6402962803840637,1GUA,R59A,gnn_local_cb_s2024,2024
-1.078,0.13700608909130096,1GUA,R89L,gnn_local_cb_s2024,2024
1.5730000000000002,0.4694432020187378,1GUA,S77A,gnn_local_cb_s2024,2024
-0.581,0.785521924495697,1GUA,S77T,gnn_local_cb_s2024,2024
0.109,0.772415041923523,1GUA,T68A,gnn_local_cb_s2024,2024
3.3680000000000003,1.7932988405227661,1GUA,V128A,gnn_local_cb_s2024,2024
2.251,2.0055480003356934,1GUA,V60A,gnn_local_cb_s2024,2024
1.116,1.1622848510742188,1GUA,V69A,gnn_local_cb_s2024,2024
1.77,1.6117243766784668,1GUA,V70A,gnn_local_cb_s2024,2024
1.052,1.8694548606872559,1GUA,V72A,gnn_local_cb_s2024,2024
0.8640000000000001,1.2219328880310059,1GUA,V72I,gnn_local_cb_s2024,2024
1.981,1.6241092681884766,1GUA,V98A,gnn_local_cb_s2024,2024
1.936,-0.13403359055519104,1H0X,P18A,gnn_local_cb_s2024,2024
2.5810000000000004,0.46551620960235596,1H0X,P62A,gnn_local_cb_s2024,2024
2.09,2.055823802947998,1HCQ,C67A,gnn_local_cb_s2024,2024
1.99,2.338491201400757,1HCQ,C67S,gnn_local_cb_s2024,2024
-0.4,1.1408593654632568,1IOJ,G15A,gnn_local_cb_s2024,2024
-0.5,1.3792321681976318,1IV7,A173C,gnn_local_cb_s2024,2024
2.5,1.5533829927444458,1IV7,F189C,gnn_local_cb_s2024,2024
1.9,1.7716312408447266,1IV7,L162C,gnn_local_cb_s2024,2024
-4.299,0.51328444480896,1IV9,S76Y,gnn_local_cb_s2024,2024
-0.1,0.6444831490516663,1J8I,K25A,gnn_local_cb_s2024,2024
-0.1,0.7327351570129395,1J8I,K66A,gnn_local_cb_s2024,2024
-0.8,0.510120689868927,1J8I,R23A,gnn_local_cb_s2024,2024
0.1,0.6915407776832581,1J8I,R35A,gnn_local_cb_s2024,2024
-0.7,0.2807059586048126,1J8I,R43A,gnn_local_cb_s2024,2024
0.1,0.12444988638162613,1J8I,R9A,gnn_local_cb_s2024,2024
1.44,0.27491745352745056,1JL9,A25C,gnn_local_cb_s2024,2024
1.6969999999999998,2.4721968173980713,1L6H,F39A,gnn_local_cb_s2024,2024
0.55,1.8384809494018555,1L6H,Y45A,gnn_local_cb_s2024,2024
1.482,1.399933099746704,1L6H,Y48A,gnn_local_cb_s2024,2024
1.39,1.6399669647216797,1N88,F21A,gnn_local_cb_s2024,2024
1.39,2.3669283390045166,1N88,I39A,gnn_local_cb_s2024,2024
2.79,1.6553239822387695,1N88,I80A,gnn_local_cb_s2024,2024
2.35,2.21244740486145,1N88,I89A,gnn_local_cb_s2024,2024
1.52,1.6549885272979736,1N88,I8V,gnn_local_cb_s2024,2024
1.52,1.1293808221817017,1N88,L13A,gnn_local_cb_s2024,2024
1.11,0.6606955528259277,1N88,L57A,gnn_local_cb_s2024,2024
1.94,0.8758988976478577,1N88,V12A,gnn_local_cb_s2024,2024
2.84,1.7618541717529297,1N88,V30A,gnn_local_cb_s2024,2024
2.82,2.271486282348633,1N88,V43A,gnn_local_cb_s2024,2024
2.83,1.5007362365722656,1N88,V49A,gnn_local_cb_s2024,2024
3.24,1.5456997156143188,1N88,V51A,gnn_local_cb_s2024,2024
3.73,1.264998435974121,1N88,V54A,gnn_local_cb_s2024,2024
2.82,2.0165538787841797,1N88,V81A,gnn_local_cb_s2024,2024
3.1,1.7743161916732788,1N88,V83A,gnn_local_cb_s2024,2024
-0.06,0.9822940230369568,1N88,Y18A,gnn_local_cb_s2024,2024
4.61,1.9421374797821045,1N88,Y26A,gnn_local_cb_s2024,2024
1.2,0.45208901166915894,1O6X,A31G,gnn_local_cb_s2024,2024
1.4,1.5935027599334717,1O6X,A50G,gnn_local_cb_s2024,2024
-0.36,0.1394748091697693,1O6X,D38A,gnn_local_cb_s2024,2024
0.3,0.3053462505340576,1O6X,E14A,gnn_local_cb_s2024,2024
1.42,0.3437497913837433,1O6X,E20G,gnn_local_cb_s2024,2024
1.88,0.7168048024177551,1O6X,F39L,gnn_local_cb_s2024,2024
0.98,1.233948826789856,1O6X,F65A,gnn_local_cb_s2024,2024
0.61,0.5673365592956543,1O6X,H51A,gnn_local_cb_s2024,2024
0.43,1.896723747253418,1O6X,I15V,gnn_local_cb_s2024,2024
-0.42,1.4802591800689697,1O6X,I23V,gnn_local_cb_s2024,2024
1.31,1.2942607402801514,1O6X,I71V,gnn_local_cb_s2024,2024
1.31,1.2591077089309692,1O6X,I75A,gnn_local_cb_s2024,2024
1.98,0.30715635418891907,1O6X,K41A,gnn_local_cb_s2024,2024
0.97,1.5227328538894653,1O6X,L26V,gnn_local_cb_s2024,2024
0.08,0.33551740646362305,1O6X,N58A,gnn_local_cb_s2024,2024
0.49,0.17677262425422668,1O6X,Q60G,gnn_local_cb_s2024,2024
1.1,1.211531400680542,1O6X,V12A,gnn_local_cb_s2024,2024
1.08,1.4364176988601685,1O6X,V52A,gnn_local_cb_s2024,2024
1.1,1.3606157302856445,1O6X,V64G,gnn_local_cb_s2024,2024
2.78,0.21545371413230896,1O6X,Y73L,gnn_local_cb_s2024,2024
0.13,1.4440739154815674,1R6R,I88N,gnn_local_cb_s2024,2024
2.81,0.9274060130119324,1R6R,L50S,gnn_local_cb_s2024,2024
0.24,1.0407451391220093,1R6R,L54S,gnn_local_cb_s2024,2024
6.84,1.4702534675598145,1R6R,L81N,gnn_local_cb_s2024,2024
4.493,1.7092926502227783,2BJD,V84D,gnn_local_cb_s2024,2024
4.517,1.5163452625274658,2BJD,V84P,gnn_local_cb_s2024,2024
2.103,1.2006032466888428,2BJD,Y86E,gnn_local_cb_s2024,2024
0.012,1.9656568765640259,2C9Q,Y79F,gnn_local_cb_s2024,2024
1.233,2.0381920337677,2C9Q,Y79W,gnn_local_cb_s2024,2024
-0.12,0.5194194316864014,2CLR,H13F,gnn_local_cb_s2024,2024
-2.605,0.5783442854881287,2CLR,H31F,gnn_local_cb_s2024,2024
1.912,0.27885404229164124,2CLR,H51F,gnn_local_cb_s2024,2024
2.629,1.0867977142333984,2CLR,H84A,gnn_local_cb_s2024,2024
-0.89,1.0624123811721802,2DVV,Q443H,gnn_local_cb_s2024,2024
0.02,0.48172715306282043,2DVV,R419W,gnn_local_cb_s2024,2024
0.32,0.28121456503868103,2HBB,A22G,gnn_local_cb_s2024,2024
1.79,1.5812251567840576,2HBB,A26G,gnn_local_cb_s2024,2024
1.55,1.4786866903305054,2HBB,A36G,gnn_local_cb_s2024,2024
1.59,1.1686530113220215,2HBB,A39G,gnn_local_cb_s2024,2024
0.33,0.5887067914009094,2HBB,A42G,gnn_local_cb_s2024,2024
0.55,0.9079964756965637,2HBB,A46G,gnn_local_cb_s2024,2024
0.22,0.548223614692688,2HBB,A49G,gnn_local_cb_s2024,2024
0.03,-0.028716571629047394,2HBB,D23A,gnn_local_cb_s2024,2024
0.79,0.20795473456382751,2HBB,D23N,gnn_local_cb_s2024,2024
1.3,-0.010870829224586487,2HBB,D8A,gnn_local_cb_s2024,2024
0.38,0.05942728370428085,2HBB,D8N,gnn_local_cb_s2024,2024
1.69,0.14677995443344116,2HBB,E17A,gnn_local_cb_s2024,2024
0.33,0.231976717710495,2HBB,E17Q,gnn_local_cb_s2024,2024
0.41,0.40578579902648926,2HBB,E38A,gnn_local_cb_s2024,2024
0.68,0.8038633465766907,2HBB,E38Q,gnn_local_cb_s2024,2024
-0.07,0.41342294216156006,2HBB,E48Q,gnn_local_cb_s2024,2024
2.84,1.1888728141784668,2HBB,F31A,gnn_local_cb_s2024,2024
1.15,1.0250850915908813,2HBB,F5L,gnn_local_cb_s2024,2024
-0.02,0.07966669648885727,2HBB,G24A,gnn_local_cb_s2024,2024
1.02,0.16262033581733704,2HBB,G34A,gnn_local_cb_s2024,2024
2.05,1.1364268064498901,2HBB,I18A,gnn_local_cb_s2024,2024
0.07,0.6804924011230469,2HBB,I18V,gnn_local_cb_s2024,2024
1.28,1.5241789817810059,2HBB,I37A,gnn_local_cb_s2024,2024
-0.09,1.1797854900360107,2HBB,I37V,gnn_local_cb_s2024,2024
0.59,1.503387451171875,2HBB,I4V,gnn_local_cb_s2024,2024
-0.13,0.04761362448334694,2HBB,K10E,gnn_local_cb_s2024,2024
-0.47,-0.576553225517273,2HBB,K10M,gnn_local_cb_s2024,2024
-0.61,0.2945891320705414,2HBB,K12A,gnn_local_cb_s2024,2024
-0.03,0.46442916989326477,2HBB,K12G,gnn_local_cb_s2024,2024
-1.8,-0.027859605848789215,2HBB,K12M,gnn_local_cb_s2024,2024
0.73,0.1319592297077179,2HBB,K14A,gnn_local_cb_s2024,2024
1.3,0.19956454634666443,2HBB,K14G,gnn_local_cb_s2024,2024
0.34,-0.18585321307182312,2HBB,K14M,gnn_local_cb_s2024,2024
1.74,0.19544470310211182,2HBB,K15G,gnn_local_cb_s2024,2024
0.44,-0.16381299495697021,2HBB,K15M,gnn_local_cb_s2024,2024
-0.21,-0.02874702960252762,2HBB,K7M,gnn_local_cb_s2024,2024
2.76,1.8128976821899414,2HBB,L30A,gnn_local_cb_s2024,2024
1.21,1.1649442911148071,2HBB,L35A,gnn_local_cb_s2024,2024
1.73,1.5376819372177124,2HBB,L44A,gnn_local_cb_s2024,2024
0.84,1.5875422954559326,2HBB,L47A,gnn_local_cb_s2024,2024
3.1,1.0153831243515015,2HBB,L6A,gnn_local_cb_s2024,2024
1.46,0.6396509408950806,2HBB,M1A,gnn_local_cb_s2024,2024
0.8,0.15805594623088837,2HBB,T40S,gnn_local_cb_s2024,2024
2.33,1.2956799268722534,2HBB,V21A,gnn_local_cb_s2024,2024
2.55,1.6376879215240479,2HBB,V3A,gnn_local_cb_s2024,2024
1.81,1.060570478439331,2HBB,V9A,gnn_local_cb_s2024,2024
2.54,1.3735332489013672,2JUC,C57D,gnn_local_cb_s2024,2024
0.71,1.0175026655197144,2JUC,C57S,gnn_local_cb_s2024,2024
1.75,0.3601181209087372,2JUC,R18A,gnn_local_cb_s2024,2024
-1.2,0.2881675064563751,2KJ3,D288A,gnn_local_cb_s2024,2024
-1.9,0.3550454378128052,2KJ3,E272A,gnn_local_cb_s2024,2024
0.8,0.5713717937469482,2KJ3,G278A,gnn_local_cb_s2024,2024
-1.5,0.09039359539747238,2KJ3,K229A,gnn_local_cb_s2024,2024
-1.0,1.0102850198745728,2KJ3,L241A,gnn_local_cb_s2024,2024
-1.4,0.8921366930007935,2KJ3,S273A,gnn_local_cb_s2024,2024
-1.0,1.2202473878860474,2KJ3,V239A,gnn_local_cb_s2024,2024
-1.0,1.2058944702148438,2KJ3,V264A,gnn_local_cb_s2024,2024
-0.2,1.5976417064666748,2KJ3,V267A,gnn_local_cb_s2024,2024
0.24,0.8566446304321289,2MPC,A89T,gnn_local_cb_s2024,2024
-0.62,0.17873793840408325,2MPC,R42A,gnn_local_cb_s2024,2024
-2.08,-0.1019103154540062,2MPC,R42W,gnn_local_cb_s2024,2024
0.6,0.43715015053749084,2N7Z,P88A,gnn_local_cb_s2024,2024
-0.44,1.493643045425415,2OUO,A420D,gnn_local_cb_s2024,2024
2.43,1.7838045358657837,2PTL,A22G,gnn_local_cb_s2024,2024
-0.1,0.848743200302124,2PTL,A27P,gnn_local_cb_s2024,2024
0.83,0.20416855812072754,2PTL,A27V,gnn_local_cb_s2024,2024
2.17,1.2084765434265137,2PTL,A34G,gnn_local_cb_s2024,2024
-1.47,0.6346415281295776,2PTL,A34V,gnn_local_cb_s2024,2024
2.54,1.753091812133789,2PTL,A43G,gnn_local_cb_s2024,2024
3.1,1.9795464277267456,2PTL,A47G,gnn_local_cb_s2024,2024
1.32,0.7750474214553833,2PTL,A49G,gnn_local_cb_s2024,2024
3.12,1.7077383995056152,2PTL,A51G,gnn_local_cb_s2024,2024
0.49,0.5737321376800537,2PTL,A66G,gnn_local_cb_s2024,2024
1.21,0.03651737421751022,2PTL,D52A,gnn_local_cb_s2024,2024
2.14,0.17021432518959045,2PTL,D52G,gnn_local_cb_s2024,2024
0.2,0.12880396842956543,2PTL,D64A,gnn_local_cb_s2024,2024
0.59,0.24846842885017395,2PTL,E35A,gnn_local_cb_s2024,2024
1.19,0.41174930334091187,2PTL,E46G,gnn_local_cb_s2024,2024
1.08,-0.08302526921033859,2PTL,E46I,gnn_local_cb_s2024,2024
0.23,0.2018127143383026,2PTL,E60A,gnn_local_cb_s2024,2024
3.12,1.2984905242919922,2PTL,F26A,gnn_local_cb_s2024,2024
0.68,0.6138567924499512,2PTL,F26L,gnn_local_cb_s2024,2024
4.15,1.5477087497711182,2PTL,F36A,gnn_local_cb_s2024,2024
3.12,1.0906031131744385,2PTL,F36L,gnn_local_cb_s2024,2024
3.08,1.7966504096984863,2PTL,F40G,gnn_local_cb_s2024,2024
0.38,0.9375569820404053,2PTL,F40L,gnn_local_cb_s2024,2024
3.34,1.0297850370407104,2PTL,F76L,gnn_local_cb_s2024,2024
3.73,1.2508329153060913,2PTL,F76V,gnn_local_cb_s2024,2024
1.52,-0.17949408292770386,2PTL,G29A,gnn_local_cb_s2024,2024
2.53,-0.316625714302063,2PTL,G29V,gnn_local_cb_s2024,2024
2.08,1.034522294998169,2PTL,G38A,gnn_local_cb_s2024,2024
2.23,0.4117654263973236,2PTL,G59A,gnn_local_cb_s2024,2024
2.04,-0.004341043531894684,2PTL,G69A,gnn_local_cb_s2024,2024
4.9,2.32427716255188,2PTL,I20A,gnn_local_cb_s2024,2024
0.56,1.9681453704833984,2PTL,I20V,gnn_local_cb_s2024,2024
1.37,1.2274764776229858,2PTL,I25A,gnn_local_cb_s2024,2024
0.47,0.8403663039207458,2PTL,I25V,gnn_local_cb_s2024,2024
4.72,2.1655263900756836,2PTL,I74A,gnn_local_cb_s2024,2024
1.69,1.777612328529358,2PTL,I74V,gnn_local_cb_s2024,2024
0.92,0.9818642735481262,2PTL,K21A,gnn_local_cb_s2024,2024
0.88,0.7522071599960327,2PTL,K37A,gnn_local_cb_s2024,2024
-0.16,0.7470414042472839,2PTL,K42G,gnn_local_cb_s2024,2024
-0.58,0.42138391733169556,2PTL,K55A,gnn_local_cb_s2024,2024
-0.35,0.08003153651952744,2PTL,K56A,gnn_local_cb_s2024,2024
0.09,-0.08351520448923111,2PTL,K68A,gnn_local_cb_s2024,2024
0.45,0.3518536686897278,2PTL,K75A,gnn_local_cb_s2024,2024
3.12,1.7251877784729004,2PTL,L24A,gnn_local_cb_s2024,2024
2.44,1.296133041381836,2PTL,L54A,gnn_local_cb_s2024,2024
3.77,1.9344462156295776,2PTL,L72A,gnn_local_cb_s2024,2024
1.87,0.7993724346160889,2PTL,N23A,gnn_local_cb_s2024,2024
1.78,-0.25081610679626465,2PTL,N28A,gnn_local_cb_s2024,2024
0.34,0.6865070462226868,2PTL,N58A,gnn_local_cb_s2024,2024
1.73,0.29359859228134155,2PTL,N73A,gnn_local_cb_s2024,2024
0.3,0.03784560412168503,2PTL,S30A,gnn_local_cb_s2024,2024
-0.41,0.3792031705379486,2PTL,S45A,gnn_local_cb_s2024,2024
0.82,0.6116862297058105,2PTL,S45G,gnn_local_cb_s2024,2024
1.63,0.47987058758735657,2PTL,T19A,gnn_local_cb_s2024,2024
1.17,0.2548239529132843,2PTL,T31A,gnn_local_cb_s2024,2024
1.11,0.31348365545272827,2PTL,T33A,gnn_local_cb_s2024,2024
1.25,0.45079636573791504,2PTL,T39A,gnn_local_cb_s2024,2024
1.09,0.8654403686523438,2PTL,T44A,gnn_local_cb_s2024,2024
0.17,0.17392835021018982,2PTL,T53G,gnn_local_cb_s2024,2024
0.97,-0.01167086511850357,2PTL,T62A,gnn_local_cb_s2024,2024
1.83,0.6177429556846619,2PTL,T71A,gnn_local_cb_s2024,2024
1.22,1.6091663837432861,2PTL,V18A,gnn_local_cb_s2024,2024
0.92,0.8961517810821533,2PTL,V63A,gnn_local_cb_s2024,2024
1.14,0.5658108592033386,2PTL,V65A,gnn_local_cb_s2024,2024
2.82,1.102975606918335,2PTL,Y48A,gnn_local_cb_s2024,2024
2.46,1.1439669132232666,2PTL,Y50A,gnn_local_cb_s2024,2024
1.66,1.0651546716690063,2PTL,Y70A,gnn_local_cb_s2024,2024
-0.43,0.5293746590614319,2PTL,Y70L,gnn_local_cb_s2024,2024
-1.05,0.08254096657037735,2RPN,E7L,gnn_local_cb_s2024,2024
-0.39,1.215362310409546,2RPN,V21K,gnn_local_cb_s2024,2024
-0.3,0.5647425651550293,2WQG,D15A,gnn_local_cb_s2024,2024
-0.1,0.8032538294792175,2WQG,D38A,gnn_local_cb_s2024,2024
2.2,0.739373505115509,2WQG,D39A,gnn_local_cb_s2024,2024
2.6,0.9177391529083252,2WQG,D39N,gnn_local_cb_s2024,2024
0.1,0.91737300157547,2WQG,E40Q,gnn_local_cb_s2024,2024
0.4,0.5947500467300415,2WQG,E41G,gnn_local_cb_s2024,2024
0.9,1.7598249912261963,2WQG,I36A,gnn_local_cb_s2024,2024
0.3,1.3855195045471191,2WQG,I36V,gnn_local_cb_s2024,2024
0.4,0.8976381421089172,2WQG,K14A,gnn_local_cb_s2024,2024
1.9,1.1813982725143433,2WQG,K14G,gnn_local_cb_s2024,2024
0.3,0.5199469327926636,2WQG,K19A,gnn_local_cb_s2024,2024
0.6,0.7804870009422302,2WQG,K28A,gnn_local_cb_s2024,2024
0.5,2.361330509185791,2WQG,L13A,gnn_local_cb_s2024,2024
1.3,1.5183334350585938,2WQG,L16A,gnn_local_cb_s2024,2024
2.0,1.452338457107544,2WQG,L8A,gnn_local_cb_s2024,2024
0.6,0.5702681541442871,2WQG,Q12A,gnn_local_cb_s2024,2024
2.0,0.8659210205078125,2WQG,Q12G,gnn_local_cb_s2024,2024
-0.1,0.7695390582084656,2WQG,Q33A,gnn_local_cb_s2024,2024
0.8,1.0897904634475708,2WQG,R34A,gnn_local_cb_s2024,2024
0.6,0.6314723491668701,2WQG,S23A,gnn_local_cb_s2024,2024
-0.1,0.3658548593521118,2WQG,S6A,gnn_local_cb_s2024,2024
0.2,0.5727498531341553,2WQG,S6G,gnn_local_cb_s2024,2024
-0.1,0.45877575874328613,2WQG,T9S,gnn_local_cb_s2024,2024
0.1,1.2747976779937744,2WQG,V10A,gnn_local_cb_s2024,2024
0.7,1.602806568145752,2WQG,V10G,gnn_local_cb_s2024,2024
-0.4,1.097289800643921,2WQG,V11A,gnn_local_cb_s2024,2024
-0.1,1.4422638416290283,2WQG,V11G,gnn_local_cb_s2024,2024
0.5,1.4090583324432373,2WQG,V24A,gnn_local_cb_s2024,2024
2.4,1.049716591835022,2WQG,Y5F,gnn_local_cb_s2024,2024
0.74,0.6624301671981812,2ZTA,E11Q,gnn_local_cb_s2024,2024
-0.2,0.519355833530426,2ZTA,E20Q,gnn_local_cb_s2024,2024
1.83,0.5492739677429199,2ZTA,E22Q,gnn_local_cb_s2024,2024
0.41,0.4711626172065735,2ZTA,K15A,gnn_local_cb_s2024,2024
0.91,0.32728156447410583,2ZTA,K27A,gnn_local_cb_s2024,2024
0.06,0.21153786778450012,2ZTA,K28A,gnn_local_cb_s2024,2024
0.39,0.6304239630699158,2ZTA,K8A,gnn_local_cb_s2024,2024
1.66,0.44698959589004517,2ZTA,R25A,gnn_local_cb_s2024,2024
1.506,1.756485939025879,3BN0,I20V,gnn_local_cb_s2024,2024
-0.43,2.3175528049468994,3C2I,F155S,gnn_local_cb_s2024,2024
-0.47,0.9913077354431152,3C2I,T158A,gnn_local_cb_s2024,2024
-0.25,0.598548948764801,3C2I,T158M,gnn_local_cb_s2024,2024
0.5,0.3524581491947174,3FIS,P61A,gnn_local_cb_s2024,2024
-0.34,-0.18650010228157043,3G1G,D155Y,gnn_local_cb_s2024,2024
0.74,2.046283721923828,3G1G,F167Y,gnn_local_cb_s2024,2024
0.17,1.4473755359649658,3G1G,I190V,gnn_local_cb_s2024,2024
-1.32,0.3043082058429718,3G1G,R185W,gnn_local_cb_s2024,2024
3.35,-0.0005042329430580139,3K82,E334L,gnn_local_cb_s2024,2024
1.68,0.4822675585746765,3K82,E334Q,gnn_local_cb_s2024,2024
-5.49,0.4827326536178589,3K82,E401R,gnn_local_cb_s2024,2024
-1.194,-0.23932132124900818,3MON,R39G,gnn_local_cb_s2024,2024
2.866,0.36314696073532104,3MON,W3C,gnn_local_cb_s2024,2024
3.25,1.548118233680725,3O39,L32P,gnn_local_cb_s2024,2024
-2.03,1.0342744588851929,3S92,H395R,gnn_local_cb_s2024,2024
-0.574,-0.010748282074928284,4N6V,H75W,gnn_local_cb_s2024,2024
1.362,0.2366098165512085,4N6V,P36G,gnn_local_cb_s2024,2024
-1.745,-0.16888993978500366,4N6V,P79S,gnn_local_cb_s2024,2024
0.71,1.3411157131195068,4YEE,V134T,gnn_local_cb_s2024,2024
0.93,0.37855952978134155,4YEF,T134V,gnn_local_cb_s2024,2024
1.44,0.0011357367038726807,5JXB,D329G,gnn_local_cb_s2024,2024
1.44,-0.004253886640071869,5JXB,D329P,gnn_local_cb_s2024,2024
1.8,0.9436815977096558,1A0F,S11A,gnn_local_cb_s2024,2024
2.69,0.8190950751304626,1A7V,A104H,gnn_local_cb_s2024,2024
1.98,0.3526618182659149,1A7V,A66H,gnn_local_cb_s2024,2024
1.7,1.186431884765625,1A7V,A91H,gnn_local_cb_s2024,2024
1.36,0.551842212677002,1A7V,D3H,gnn_local_cb_s2024,2024
2.05,0.5482273101806641,1A7V,D58H,gnn_local_cb_s2024,2024
3.01,0.6348834037780762,1A7V,E73H,gnn_local_cb_s2024,2024
0.6,0.7792561650276184,1A7V,K13H,gnn_local_cb_s2024,2024
2.88,0.7739095687866211,1A7V,K20H,gnn_local_cb_s2024,2024
1.36,0.5502414107322693,1A7V,K31H,gnn_local_cb_s2024,2024
1.86,0.8115618824958801,1A7V,K39H,gnn_local_cb_s2024,2024
2.02,0.7558826804161072,1A7V,K49H,gnn_local_cb_s2024,2024
2.88,0.8699146509170532,1A7V,K84H,gnn_local_cb_s2024,2024
1.97,0.6590255498886108,1A7V,K97H,gnn_local_cb_s2024,2024
0.821,0.3014495372772217,1BNL,D76A,gnn_local_cb_s2024,2024
0.46,-0.12823796272277832,1DIV,D23A,gnn_local_cb_s2024,2024
0.58,0.16445454955101013,1DIV,D23N,gnn_local_cb_s2024,2024
0.3,0.09873929619789124,1DIV,D8N,gnn_local_cb_s2024,2024
0.98,0.1818068027496338,1DIV,E100A,gnn_local_cb_s2024,2024
1.52,0.306628942489624,1DIV,E100G,gnn_local_cb_s2024,2024
0.21,0.23148971796035767,1DIV,E17Q,gnn_local_cb_s2024,2024
0.56,0.3753071129322052,1DIV,E38Q,gnn_local_cb_s2024,2024
-0.03,0.4496726989746094,1DIV,E48Q,gnn_local_cb_s2024,2024
-0.33,0.5915793180465698,1DIV,E54Q,gnn_local_cb_s2024,2024
1.53,0.664374053478241,1DIV,H106Q,gnn_local_cb_s2024,2024
3.52,1.3083611726760864,1DIV,I115A,gnn_local_cb_s2024,2024
2.22,1.8612916469573975,1DIV,I4A,gnn_local_cb_s2024,2024
0.59,1.4354406595230103,1DIV,I4V,gnn_local_cb_s2024,2024
3.49,1.3789159059524536,1DIV,I79A,gnn_local_cb_s2024,2024
3.19,1.465057134628296,1DIV,I93A,gnn_local_cb_s2024,2024
4.28,2.1601004600524902,1DIV,I98A,gnn_local_cb_s2024,2024
-0.05,-0.8191220760345459,1DIV,K10M,gnn_local_cb_s2024,2024
-0.01,-0.15644201636314392,1DIV,K14M,gnn_local_cb_s2024,2024
0.31,-0.2114679217338562,1DIV,K15M,gnn_local_cb_s2024,2024
-0.35,-0.07946013659238815,1DIV,K7M,gnn_local_cb_s2024,2024
-0.61,0.1643866002559662,1DIV,K96A,gnn_local_cb_s2024,2024
0.2,0.3240571618080139,1DIV,K96G,gnn_local_cb_s2024,2024
2.37,1.516132116317749,1DIV,L102A,gnn_local_cb_s2024,2024
2.33,0.7147124409675598,1DIV,L108A,gnn_local_cb_s2024,2024
3.21,0.8764547109603882,1DIV,L110A,gnn_local_cb_s2024,2024
0.82,0.8340263366699219,1DIV,L117A,gnn_local_cb_s2024,2024
2.76,1.6076420545578003,1DIV,L30A,gnn_local_cb_s2024,2024
3.62,1.166124939918518,1DIV,L30V,gnn_local_cb_s2024,2024
3.1,1.044740080833435,1DIV,L6A,gnn_local_cb_s2024,2024
0.13,0.3045926094055176,1DIV,L6I,gnn_local_cb_s2024,2024
0.41,0.6139093637466431,1DIV,L6V,gnn_local_cb_s2024,2024
3.77,0.8751819133758545,1DIV,L72A,gnn_local_cb_s2024,2024
1.46,0.7546863555908203,1DIV,M1A,gnn_local_cb_s2024,2024
2.36,1.1941601037979126,1DIV,M1G,gnn_local_cb_s2024,2024
2.33,1.0717557668685913,1DIV,V21A,gnn_local_cb_s2024,2024
0.4,0.26938849687576294,1DIV,V21I,gnn_local_cb_s2024,2024
1.23,0.425871342420578,1DIV,V21L,gnn_local_cb_s2024,2024
2.55,1.5701875686645508,1DIV,V3A,gnn_local_cb_s2024,2024
0.31,0.7644374370574951,1DIV,V3I,gnn_local_cb_s2024,2024
2.21,0.9093381762504578,1DIV,V3L,gnn_local_cb_s2024,2024
3.7,0.732681930065155,1DXX,K18N,gnn_local_cb_s2024,2024
-0.6,1.2228556871414185,1FH5,S18N,gnn_local_cb_s2024,2024
1.38,1.265540361404419,1FT8,L212V,gnn_local_cb_s2024,2024
0.35,0.29803919792175293,1FT8,L238I,gnn_local_cb_s2024,2024
-0.27,0.6974830031394958,1FT8,M216L,gnn_local_cb_s2024,2024
1.6,1.431774377822876,1GWY,A8D,gnn_local_cb_s2024,2024
3.3,1.2195935249328613,1ITM,C24T,gnn_local_cb_s2024,2024
5.0,0.1977151334285736,1ITM,C3T,gnn_local_cb_s2024,2024
-1.4,0.74214768409729,1ITM,W91S,gnn_local_cb_s2024,2024
1.162,0.058272652328014374,1JLV,E64D,gnn_local_cb_s2024,2024
2.3040000000000003,0.0831090435385704,1JLV,E64N,gnn_local_cb_s2024,2024
2.302,0.1433621346950531,1JLV,E64Q,gnn_local_cb_s2024,2024
-1.4,0.8918470144271851,1LVM,E106G,gnn_local_cb_s2024,2024
-0.43,0.4052433371543884,1LVM,K45F,gnn_local_cb_s2024,2024
-0.0,1.2565946578979492,1LVM,L56V,gnn_local_cb_s2024,2024
-0.6,-0.007981814444065094,1LVM,Q58F,gnn_local_cb_s2024,2024
2.5,0.18622523546218872,1N18,E100G,gnn_local_cb_s2024,2024
1.4,0.9186278581619263,1N18,G85R,gnn_local_cb_s2024,2024
-1.4,1.2552207708358765,1N18,H46R,gnn_local_cb_s2024,2024
3.3,0.25818684697151184,1O1U,E110A,gnn_local_cb_s2024,2024
1.2,0.5248129367828369,1O1U,N61A,gnn_local_cb_s2024,2024
0.3,0.6031917333602905,1O1U,Q51A,gnn_local_cb_s2024,2024
-0.3,0.5144906044006348,1O1U,Q99A,gnn_local_cb_s2024,2024
1.2,1.0933902263641357,1O1U,T38A,gnn_local_cb_s2024,2024
1.2,1.0890235900878906,1O1U,W49Y,gnn_local_cb_s2024,2024
0.05,0.7131050825119019,1OSI,I11V,gnn_local_cb_s2024,2024
-0.39,0.7690609097480774,1OSI,S92F,gnn_local_cb_s2024,2024
0.78,0.9943453073501587,1OSI,V15I,gnn_local_cb_s2024,2024
1.53,2.09627103805542,1PFL,A20T,gnn_local_cb_s2024,2024
1.96,0.6335370540618896,1PFL,G117V,gnn_local_cb_s2024,2024
3.53,2.582775115966797,1PFL,M113T,gnn_local_cb_s2024,2024
-0.07,0.5984992384910583,1PFL,T108M,gnn_local_cb_s2024,2024
0.3,0.8070566654205322,1PRG,Q286P,gnn_local_cb_s2024,2024
-0.06,0.6410400867462158,1PRG,R288H,gnn_local_cb_s2024,2024
-0.03,1.191949725151062,1PRG,V290M,gnn_local_cb_s2024,2024
-0.8,1.1809192895889282,1SPD,C111S,gnn_local_cb_s2024,2024
-0.1,0.5603960752487183,1SPD,C6A,gnn_local_cb_s2024,2024
2.9,0.8469133377075195,1XWS,E124Q,gnn_local_cb_s2024,2024
4.59,0.6488872766494751,1XWS,E135K,gnn_local_cb_s2024,2024
3.22,0.8651038408279419,1XWS,E142D,gnn_local_cb_s2024,2024
3.3,1.4939258098602295,1XWS,Y53H,gnn_local_cb_s2024,2024
0.86,0.3598748743534088,1XXN,N32D,gnn_local_cb_s2024,2024
0.645,0.3972489833831787,1XXN,N54E,gnn_local_cb_s2024,2024
-0.239,0.32023730874061584,1XXN,S22E,gnn_local_cb_s2024,2024
0.645,1.0001682043075562,1XXN,S27E,gnn_local_cb_s2024,2024
-2.87,1.2269114255905151,1XZO,F42W,gnn_local_cb_s2024,2024
2.89,0.9164730310440063,1XZO,W101F,gnn_local_cb_s2024,2024
8.93,0.8787113428115845,1XZO,W36A,gnn_local_cb_s2024,2024
4.25,0.5063847899436951,1XZO,W36F,gnn_local_cb_s2024,2024
0.7170000000000001,1.6841366291046143,2ARF,H1069Q,gnn_local_cb_s2024,2024
-1.07,0.25943371653556824,2H3F,E12A,gnn_local_cb_s2024,2024
-1.536,0.7116828560829163,2JIE,H104R,gnn_local_cb_s2024,2024
0.209,0.24726757407188416,2JIE,Q22S,gnn_local_cb_s2024,2024
1.246,0.1874370574951172,2JIE,S17A,gnn_local_cb_s2024,2024
-0.951,0.3545280694961548,2JIE,S19A,gnn_local_cb_s2024,2024
0.994,0.39243200421333313,2JIE,T18A,gnn_local_cb_s2024,2024
-2.19,-0.14453735947608948,2JIE,W123F,gnn_local_cb_s2024,2024
-1.06,0.2170793116092682,2JIE,W123H,gnn_local_cb_s2024,2024
3.443,0.5858147144317627,2JIE,Y21A,gnn_local_cb_s2024,2024
-1.26,0.3242591321468353,2KS4,D9A,gnn_local_cb_s2024,2024
0.23,0.34075942635536194,2KS4,E2A,gnn_local_cb_s2024,2024
1.57,2.0491390228271484,2LTB,L558P,gnn_local_cb_s2024,2024
3.11,1.8025195598602295,2LTB,L569R,gnn_local_cb_s2024,2024
3.34,0.12201162427663803,2LTB,M619K,gnn_local_cb_s2024,2024
1.1,0.7783305644989014,2LTB,R533Q,gnn_local_cb_s2024,2024
0.36,1.615687370300293,2LTB,R555Q,gnn_local_cb_s2024,2024
-1.79,1.0930920839309692,2LTB,R555W,gnn_local_cb_s2024,2024
4.0,0.5489846467971802,2M5S,D302A,gnn_local_cb_s2024,2024
2.0,1.6261882781982422,2M5S,H305A,gnn_local_cb_s2024,2024
2.3,0.9129630327224731,2NTE,R658C,gnn_local_cb_s2024,2024
-0.5,0.18222099542617798,2PR5,A33Y,gnn_local_cb_s2024,2024
0.4,0.8057034015655518,2PR5,A81M,gnn_local_cb_s2024,2024
-0.3,0.6543899774551392,2PR5,D109E,gnn_local_cb_s2024,2024
-0.3,-0.46229445934295654,2PR5,H22K,gnn_local_cb_s2024,2024
-1.2,-0.4213312864303589,2PR5,H22W,gnn_local_cb_s2024,2024
-2.9,0.5734637975692749,2PR5,M111F,gnn_local_cb_s2024,2024
-0.9,0.2862372398376465,2PR5,N107F,gnn_local_cb_s2024,2024
-0.8,0.4664750397205353,2PR5,N107Y,gnn_local_cb_s2024,2024
-1.1,0.37408071756362915,2PR5,N124F,gnn_local_cb_s2024,2024
-2.6,0.4815749526023865,2PR5,N124Y,gnn_local_cb_s2024,2024
-0.5,0.8271902203559875,2PR5,T30M,gnn_local_cb_s2024,2024
0.5,0.8983868360519409,2PR5,T50M,gnn_local_cb_s2024,2024
-0.2,0.556297779083252,2PR5,T54Y,gnn_local_cb_s2024,2024
-1.4,0.642815351486206,2PR5,V120I,gnn_local_cb_s2024,2024
-0.4,0.6819512844085693,2PR5,V25I,gnn_local_cb_s2024,2024
0.2,1.1452946662902832,2PR5,V88L,gnn_local_cb_s2024,2024
0.7,0.6613498330116272,2PR5,V90I,gnn_local_cb_s2024,2024
6.597,0.09290590137243271,2VY0,E53A,gnn_local_cb_s2024,2024
-1.369,1.0108799934387207,3BCI,E96Q,gnn_local_cb_s2024,2024
0.65,-0.11076536029577255,3D3B,D118A,gnn_local_cb_s2024,2024
0.6,0.1646621823310852,3D3B,D118E,gnn_local_cb_s2024,2024
1.6,-0.10145562142133713,3D3B,D118K,gnn_local_cb_s2024,2024
1.34,0.054974429309368134,3D3B,D118N,gnn_local_cb_s2024,2024
1.41,0.06654756516218185,3D3B,D118R,gnn_local_cb_s2024,2024
-0.8,1.245430588722229,3ECU,H46R,gnn_local_cb_s2024,2024
1.3,0.3274332582950592,3S4M,D122Y,gnn_local_cb_s2024,2024
2.5,0.19059288501739502,3S4M,G130V,gnn_local_cb_s2024,2024
-0.096,1.2360975742340088,3S4M,I154F,gnn_local_cb_s2024,2024
0.693,1.2828724384307861,3S4M,W155R,gnn_local_cb_s2024,2024
-0.99,0.5405352711677551,4BJX,A89V,gnn_local_cb_s2024,2024
1.435,1.0612730979919434,4BUQ,Y48A,gnn_local_cb_s2024,2024
-0.1,0.32811784744262695,4WAA,K65A,gnn_local_cb_s2024,2024
2.07,0.35373204946517944,4WAA,K67A,gnn_local_cb_s2024,2024
0.44,0.6880899667739868,4WAA,R27A,gnn_local_cb_s2024,2024
-0.413,0.594924807548523,5VP3,R39K,gnn_local_cb_s2024,2024
1.745,1.3450130224227905,1BA3,H461D,gnn_local_cb_s2024,2024
-0.287,0.5256850719451904,1BA3,H489D,gnn_local_cb_s2024,2024
0.287,0.3083280324935913,1BA3,H489K,gnn_local_cb_s2024,2024
0.263,-0.03210136294364929,1BA3,H489M,gnn_local_cb_s2024,2024
1.81,0.5631871223449707,1DIV,V129A,gnn_local_cb_s2024,2024
0.455,0.7765229940414429,1F8I,F345A,gnn_local_cb_s2024,2024
-0.05,0.33949899673461914,1FT8,L349I,gnn_local_cb_s2024,2024
-0.0,0.5128298401832581,1LVM,S135G,gnn_local_cb_s2024,2024
0.88,0.5731927752494812,1NM1,D187N,gnn_local_cb_s2024,2024
1.9,0.36520978808403015,1NM1,D187Y,gnn_local_cb_s2024,2024
2.4,1.1641912460327148,1PRE,C159S,gnn_local_cb_s2024,2024
4.2,1.0755717754364014,1R2Y,R244E,gnn_local_cb_s2024,2024
-0.358,0.23386842012405396,1XXN,N181R,gnn_local_cb_s2024,2024
-3.02,0.9042166471481323,3D2A,M134E,gnn_local_cb_s2024,2024
-3.34,0.7687138915061951,3D2A,M137P,gnn_local_cb_s2024,2024
-2.11,0.10465903580188751,3D2A,S163P,gnn_local_cb_s2024,2024
2.99,0.09433764219284058,5OAQ,Y429H,gnn_local_cb_s2024,2024
