pdb_id,mutation_code,ddg,ph,temperature,method,effect,source_pmid,measure,_chain,_pdb_res_idx
1WQ5,E49M,-4.6,7.0,298.95,GdnHCl,stabilizing,378988.0,CD,A,48
1WQ5,E49Q,2.5,7.0,298.95,GdnHCl,destabilizing,378988.0,CD,A,48
2LZM,W138Y,1.71,2.2,298.15,Thermal,destabilizing,911878.0,CD,A,137
1TUP,C242S,3.07,7.2,283.15,Unavailable,destabilizing,1203434.0,Unavailable,A,148
1TUP,F134L,4.78,7.2,283.15,Unavailable,destabilizing,1203434.0,Unavailable,A,40
1TUP,F270C,4.54,7.2,283.15,Unavailable,destabilizing,1203434.0,Unavailable,A,176
1TUP,I195T,4.12,7.2,283.15,Unavailable,destabilizing,1203434.0,Unavailable,A,101
1TUP,I232T,3.19,7.2,283.15,Unavailable,destabilizing,1203434.0,Unavailable,A,138
1TUP,I255F,3.29,7.2,283.15,Unavailable,destabilizing,1203434.0,Unavailable,A,161
1TUP,L145Q,2.98,7.2,283.15,Unavailable,destabilizing,1203434.0,Unavailable,A,51
1TUP,M237I,3.18,7.2,283.15,Unavailable,destabilizing,1203434.0,Unavailable,A,143
1TUP,P151S,4.49,7.2,283.15,Unavailable,destabilizing,1203434.0,Unavailable,A,57
1TUP,R175A,0.73,7.2,283.15,Unavailable,destabilizing,1203434.0,Unavailable,A,81
1TUP,R248Q,1.87,7.2,283.15,Unavailable,destabilizing,1203434.0,Unavailable,A,154
1TUP,V157F,3.88,7.2,283.15,Unavailable,destabilizing,1203434.0,Unavailable,A,63
2LZM,E128A,-0.16,2.02,313.9,Thermal,stabilizing,1304917.0,CD,A,127
2LZM,V131A,-0.27,2.02,313.9,Thermal,stabilizing,1304917.0,CD,A,130
2LZM,L133A,4.19,2.02,313.9,Thermal,destabilizing,1304917.0,CD,A,132
2RN2,S68G,2.2,5.5,298.15,Urea,destabilizing,1317795.0,CD,A,67
2RN2,S68A,-0.19,5.5,298.15,Urea,destabilizing,1317795.0,CD,A,67
2RN2,S68T,-0.1,5.5,298.15,Urea,destabilizing,1317795.0,CD,A,67
2RN2,S68V,-1.29,5.5,298.15,Urea,stabilizing,1317795.0,CD,A,67
2RN2,S68L,1.0,5.5,298.15,Urea,destabilizing,1317795.0,CD,A,67
2RN2,S68G,2.2,3.0,322.95,Thermal,destabilizing,1317795.0,CD,A,67
2RN2,S68A,-0.19,3.0,322.95,Thermal,destabilizing,1317795.0,CD,A,67
2RN2,S68T,-0.1,3.0,322.95,Thermal,destabilizing,1317795.0,CD,A,67
2RN2,S68V,-1.29,3.0,322.95,Thermal,stabilizing,1317795.0,CD,A,67
2RN2,S68L,1.0,3.0,322.95,Thermal,destabilizing,1317795.0,CD,A,67
1I5T,Y67F,1.96,7.0,288.15,GdnHCl,destabilizing,1326327.0,Fluorescence,A,66
1I5T,P30A,5.39,7.0,288.15,GdnHCl,destabilizing,1326327.0,Fluorescence,A,29
2RN2,H62P,-0.74,5.5,298.15,Thermal,stabilizing,1328237.0,CD,A,61
2RN2,H62P,1.0,3.0,322.95,Thermal,destabilizing,1328237.0,CD,A,61
2RN2,Q113P,-0.2,3.0,322.95,Thermal,stabilizing,1328237.0,CD,A,112
2RN2,A125T,0.1,3.0,322.95,Thermal,destabilizing,1328237.0,CD,A,124
2RN2,Q113P,0.6,5.5,325.15,Thermal,destabilizing,1328237.0,CD,A,112
2RN2,A125T,-0.0,5.5,325.15,Thermal,stabilizing,1328237.0,CD,A,124
2RN2,K91R,-0.2,3.0,322.95,Thermal,stabilizing,1331044.0,CD,A,90
2RN2,K91R,-0.0,5.5,322.95,Thermal,stabilizing,1331044.0,CD,A,90
2RN2,D94E,0.4,3.0,322.95,Thermal,destabilizing,1331044.0,CD,A,93
2RN2,D94E,0.4,5.5,322.95,Thermal,destabilizing,1331044.0,CD,A,93
2RN2,K95G,-1.7,3.0,322.95,Thermal,stabilizing,1331044.0,CD,A,94
2RN2,K95G,-1.9,5.5,322.95,Thermal,stabilizing,1331044.0,CD,A,94
2RN2,K95A,-0.1,3.0,322.95,Thermal,stabilizing,1331044.0,CD,A,94
2RN2,K95A,-0.1,5.5,322.95,Thermal,stabilizing,1331044.0,CD,A,94
2RN2,K95N,-0.9,3.0,322.95,Thermal,stabilizing,1331044.0,CD,A,94
2RN2,K95N,-0.9,5.5,322.95,Thermal,stabilizing,1331044.0,CD,A,94
1YCC,C102T,-2.3,7.2,300.15,GdnHCl,stabilizing,1334426.0,CD,A,105
1YCC,V20C,1.1,7.2,300.15,GdnHCl,destabilizing,1334426.0,CD,A,24
1RTB,P93S,2.1,4.2,329.2,Thermal,destabilizing,1338975.0,CD,A,92
1RTB,P114A,3.2,4.2,329.2,Thermal,destabilizing,1338975.0,CD,A,113
1RTB,P114G,2.8,4.2,329.2,Thermal,destabilizing,1338975.0,CD,A,113
1RTB,P93A,2.7,4.2,329.2,Thermal,destabilizing,1338975.0,CD,A,92
2CBR,R131Q,-3.7,7.0,327.15,Thermal,stabilizing,1377826.0,CD,A,130
2CBR,R111Q,-3.0,7.0,327.15,Thermal,stabilizing,1377826.0,CD,A,110
4LYZ,E35Q,0.53,3.5,308.15,GdnHCl,destabilizing,1390669.0,CD,A,34
4LYZ,E35A,-1.46,3.5,308.15,GdnHCl,stabilizing,1390669.0,CD,A,34
4LYZ,E35H,3.43,3.5,308.15,GdnHCl,destabilizing,1390669.0,CD,A,34
4LYZ,E35Q,0.47,4.0,308.15,GdnHCl,destabilizing,1390669.0,CD,A,34
4LYZ,E35A,-1.14,4.0,308.15,GdnHCl,stabilizing,1390669.0,CD,A,34
4LYZ,E35H,3.13,4.0,308.15,GdnHCl,destabilizing,1390669.0,CD,A,34
4LYZ,E35Q,0.43,4.5,308.15,GdnHCl,destabilizing,1390669.0,CD,A,34
4LYZ,E35A,-0.86,4.5,308.15,GdnHCl,stabilizing,1390669.0,CD,A,34
4LYZ,E35H,2.76,4.5,308.15,GdnHCl,destabilizing,1390669.0,CD,A,34
4LYZ,E35Q,-0.15,5.0,308.15,GdnHCl,stabilizing,1390669.0,CD,A,34
4LYZ,E35A,-1.55,5.0,308.15,GdnHCl,stabilizing,1390669.0,CD,A,34
4LYZ,E35H,1.56,5.0,308.15,GdnHCl,destabilizing,1390669.0,CD,A,34
4LYZ,E35Q,-0.48,5.5,308.15,GdnHCl,stabilizing,1390669.0,CD,A,34
4LYZ,E35A,-1.77,5.5,308.15,GdnHCl,stabilizing,1390669.0,CD,A,34
4LYZ,E35H,0.61,5.5,308.15,GdnHCl,destabilizing,1390669.0,CD,A,34
1BNI,T6P,3.19,6.3,298.15,Urea,destabilizing,1404368.0,Fluorescence,A,3
1BNI,D8G,1.235,6.3,298.15,Urea,destabilizing,1404368.0,Fluorescence,A,5
1BNI,D8S,0.835,6.3,298.15,Urea,destabilizing,1404368.0,Fluorescence,A,5
1BNI,D12G,0.9725,6.3,298.15,Urea,destabilizing,1404368.0,Fluorescence,A,9
1BNI,D12S,0.775,6.3,298.15,Urea,destabilizing,1404368.0,Fluorescence,A,9
1BNI,T16G,1.48,6.3,298.15,Urea,destabilizing,1404368.0,Fluorescence,A,13
1BNI,T16A,0.385,6.3,298.15,Urea,destabilizing,1404368.0,Fluorescence,A,13
1BNI,Y17G,4.4575,6.3,298.15,Urea,destabilizing,1404368.0,Fluorescence,A,14
1BNI,Y17S,2.285,6.3,298.15,Urea,destabilizing,1404368.0,Fluorescence,A,14
1BNI,H18G,0.795,6.3,298.15,Urea,destabilizing,1404368.0,Fluorescence,A,15
1BNI,H18A,2.0125,6.3,298.15,Urea,destabilizing,1404368.0,Fluorescence,A,15
1BNI,H18S,2.19,6.3,298.15,Urea,destabilizing,1404368.0,Fluorescence,A,15
1BNI,H18N,1.74,6.3,298.15,Urea,destabilizing,1404368.0,Fluorescence,A,15
1BNI,H18D,2.38,6.3,298.15,Urea,destabilizing,1404368.0,Fluorescence,A,15
1BNI,H18K,1.0525,6.3,298.15,Urea,destabilizing,1404368.0,Fluorescence,A,15
1BNI,H18R,1.085,6.3,298.15,Urea,destabilizing,1404368.0,Fluorescence,A,15
1BNI,T26D,0.04,6.3,298.15,Urea,destabilizing,1404368.0,Fluorescence,A,23
1BNI,K27G,0.2825,6.3,298.15,Urea,destabilizing,1404368.0,Fluorescence,A,24
1BNI,S28G,0.475,6.3,298.15,Urea,destabilizing,1404368.0,Fluorescence,A,25
1BNI,S28A,-0.505,6.3,298.15,Urea,stabilizing,1404368.0,Fluorescence,A,25
1BNI,E29G,1.8975,6.3,298.15,Urea,destabilizing,1404368.0,Fluorescence,A,26
1BNI,E29A,1.2925,6.3,298.15,Urea,destabilizing,1404368.0,Fluorescence,A,26
1BNI,E29S,1.215,6.3,298.15,Urea,destabilizing,1404368.0,Fluorescence,A,26
1BNI,Q31G,1.04,6.3,298.15,Urea,destabilizing,1404368.0,Fluorescence,A,28
1BNI,Q31S,-0.0,6.3,298.15,Urea,stabilizing,1404368.0,Fluorescence,A,28
1BNI,Q31A,0.0425,6.3,298.15,Urea,destabilizing,1404368.0,Fluorescence,A,28
1BNI,G34A,2.91,6.3,298.15,Urea,destabilizing,1404368.0,Fluorescence,A,31
1BNI,G34S,3.05,6.3,298.15,Urea,destabilizing,1404368.0,Fluorescence,A,31
1BNI,G34N,2.725,6.3,298.15,Urea,destabilizing,1404368.0,Fluorescence,A,31
1BNI,G34D,3.295,6.3,298.15,Urea,destabilizing,1404368.0,Fluorescence,A,31
1BNI,G34H,2.475,6.3,298.15,Urea,destabilizing,1404368.0,Fluorescence,A,31
1BNI,G34K,2.91,6.3,298.15,Urea,destabilizing,1404368.0,Fluorescence,A,31
1BNI,G34R,2.61,6.3,298.15,Urea,destabilizing,1404368.0,Fluorescence,A,31
1BNI,G34T,3.285,6.3,298.15,Urea,destabilizing,1404368.0,Fluorescence,A,31
1BNI,A32R,0.15,6.3,298.15,Urea,destabilizing,1404369.0,Fluorescence,A,29
1BNI,A32K,0.15,6.3,298.15,Urea,destabilizing,1404369.0,Fluorescence,A,29
1BNI,A32M,0.19,6.3,298.15,Urea,destabilizing,1404369.0,Fluorescence,A,29
1BNI,A32L,0.11,6.3,298.15,Urea,destabilizing,1404369.0,Fluorescence,A,29
1BNI,A32S,0.28,6.3,298.15,Urea,destabilizing,1404369.0,Fluorescence,A,29
1BNI,A32Q,0.425,6.3,298.15,Urea,destabilizing,1404369.0,Fluorescence,A,29
1BNI,A32E,0.235,6.3,298.15,Urea,destabilizing,1404369.0,Fluorescence,A,29
1BNI,A32N,0.515,6.3,298.15,Urea,destabilizing,1404369.0,Fluorescence,A,29
1BNI,A32F,0.565,6.3,298.15,Urea,destabilizing,1404369.0,Fluorescence,A,29
1BNI,A32D,0.555,6.3,298.15,Urea,destabilizing,1404369.0,Fluorescence,A,29
1BNI,A32H,0.75,6.3,298.15,Urea,destabilizing,1404369.0,Fluorescence,A,29
1BNI,A32T,0.645,6.3,298.15,Urea,destabilizing,1404369.0,Fluorescence,A,29
1BNI,A32I,0.74,6.3,298.15,Urea,destabilizing,1404369.0,Fluorescence,A,29
1BNI,A32Y,0.75,6.3,298.15,Urea,destabilizing,1404369.0,Fluorescence,A,29
1BNI,A32V,0.62,6.3,298.15,Urea,destabilizing,1404369.0,Fluorescence,A,29
1BNI,A32G,0.8425,6.3,298.15,Urea,destabilizing,1404369.0,Fluorescence,A,29
1BNI,A32W,1.07,6.3,298.15,Urea,destabilizing,1404369.0,Fluorescence,A,29
1BNI,A32C,1.425,6.3,298.15,Urea,destabilizing,1404369.0,Fluorescence,A,29
1BNI,A32P,4.11,6.3,298.15,Urea,destabilizing,1404369.0,Fluorescence,A,29
4LYZ,N46D,-0.46,3.5,308.15,GdnHCl,stabilizing,1420152.0,CD,A,45
4LYZ,N46D,-0.03,4.0,308.15,GdnHCl,stabilizing,1420152.0,CD,A,45
4LYZ,N46D,0.69,4.5,308.15,GdnHCl,destabilizing,1420152.0,CD,A,45
4LYZ,N46D,0.76,5.0,308.15,GdnHCl,destabilizing,1420152.0,CD,A,45
4LYZ,N46D,0.84,5.5,308.15,GdnHCl,destabilizing,1420152.0,CD,A,45
1BP2,F22Y,-1.5,8.0,303.15,GdnHCl,stabilizing,1420172.0,CD,A,21
1BP2,F22I,-2.7,8.0,303.15,GdnHCl,stabilizing,1420172.0,CD,A,21
1BP2,F22A,-0.5,8.0,303.15,GdnHCl,stabilizing,1420172.0,CD,A,21
1BP2,F106Y,-0.6,8.0,303.15,GdnHCl,stabilizing,1420172.0,CD,A,105
1BP2,F106I,-1.9,8.0,303.15,GdnHCl,stabilizing,1420172.0,CD,A,105
1BP2,F106A,0.9,8.0,298.15,GdnHCl,destabilizing,1420172.0,CD,A,105
2LZM,I3E,1.77,2.0,311.9,Thermal,destabilizing,1420185.0,DSC,A,2
2LZM,I3F,1.49,2.0,311.9,Thermal,destabilizing,1420185.0,DSC,A,2
2LZM,I3L,-0.85,2.0,311.9,Thermal,stabilizing,1420185.0,DSC,A,2
2LZM,I3P,2.96,2.0,311.9,Thermal,destabilizing,1420185.0,DSC,A,2
2LZM,I3T,2.45,2.0,311.9,Thermal,destabilizing,1420185.0,DSC,A,2
2LZM,I3E,1.71,2.5,319.31,Thermal,destabilizing,1420185.0,DSC,A,2
2LZM,I3F,1.09,2.5,319.31,Thermal,destabilizing,1420185.0,DSC,A,2
2LZM,I3L,-1.01,2.5,319.31,Thermal,stabilizing,1420185.0,DSC,A,2
2LZM,I3P,2.97,2.5,319.31,Thermal,destabilizing,1420185.0,DSC,A,2
2LZM,I3T,2.28,2.5,319.31,Thermal,destabilizing,1420185.0,DSC,A,2
2LZM,I3E,1.53,3.0,326.71,Thermal,destabilizing,1420185.0,DSC,A,2
2LZM,I3F,0.53,3.0,326.71,Thermal,destabilizing,1420185.0,DSC,A,2
2LZM,I3P,2.53,3.0,326.71,Thermal,destabilizing,1420185.0,DSC,A,2
2LZM,I3T,1.81,3.0,326.71,Thermal,destabilizing,1420185.0,DSC,A,2
2LZM,I3L,-1.16,3.0,326.71,Thermal,stabilizing,1420185.0,DSC,A,2
2LZM,K60P,0.1,2.0,315.05,Thermal,destabilizing,1457724.0,CD,A,59
2LZM,G77A,-0.4,2.0,315.05,Thermal,destabilizing,1457724.0,CD,A,76
2LZM,A82P,0.3,2.0,315.05,Thermal,destabilizing,1457724.0,CD,A,81
2LZM,A93P,0.1,2.0,315.05,Thermal,destabilizing,1457724.0,CD,A,92
2LZM,G113A,0.1,2.0,315.05,Thermal,destabilizing,1457724.0,CD,A,112
2LZM,K60P,-0.0,6.5,337.85,Thermal,destabilizing,1457724.0,CD,A,59
2LZM,G77A,0.4,6.5,337.85,Thermal,destabilizing,1457724.0,CD,A,76
2LZM,A82P,0.8,6.5,337.85,Thermal,destabilizing,1457724.0,CD,A,81
2LZM,A93P,0.1,6.5,337.85,Thermal,destabilizing,1457724.0,CD,A,92
2LZM,G113A,0.3,6.5,337.85,Thermal,destabilizing,1457724.0,CD,A,112
1LZ1,C77A,4.6,3.0,330.15,Thermal,destabilizing,1525170.0,DSC,A,76
2WSY,F22L,1.05,7.8,298.15,Urea,destabilizing,1540577.0,CD,A,21
2WSY,F22V,3.44,7.8,298.15,Urea,destabilizing,1540577.0,CD,A,21
2WSY,F22I,4.58,7.8,298.15,Urea,destabilizing,1540577.0,CD,A,21
1BNI,G34H,2.6,4.4,298.15,Urea,destabilizing,1540580.0,NMR,A,31
1BNI,T6H,2.65,4.4,298.15,Urea,destabilizing,1540580.0,NMR,A,3
1BNI,D54N,2.59,4.4,298.15,Urea,destabilizing,1540580.0,NMR,A,51
1BNI,W94L,0.64,8.9,298.15,Urea,destabilizing,1540580.0,NMR,A,91
1BNI,G34H,3.15,8.9,298.15,Urea,destabilizing,1540580.0,NMR,A,31
1BNI,T6H,1.56,8.9,298.15,Urea,destabilizing,1540580.0,NMR,A,3
1BNI,D54N,2.32,8.9,298.15,Urea,destabilizing,1540580.0,NMR,A,51
2LZM,L46A,2.7,3.01,324.95,Thermal,destabilizing,1553543.0,CD,A,45
2LZM,L118A,3.5,3.01,324.95,Thermal,destabilizing,1553543.0,CD,A,117
2LZM,L121A,2.7,3.01,324.95,Thermal,destabilizing,1553543.0,CD,A,120
2LZM,L99A,5.0,3.01,324.95,Thermal,destabilizing,1553543.0,CD,A,98
2LZM,L133A,4.3,3.01,324.95,Thermal,destabilizing,1553543.0,CD,A,132
2LZM,F153A,3.5,3.01,324.95,Thermal,destabilizing,1553543.0,CD,A,152
2LZM,T59N,0.6,2.0,314.15,Thermal,destabilizing,1567817.0,CD,A,58
2LZM,T59S,0.7,2.0,314.15,Thermal,destabilizing,1567817.0,CD,A,58
2LZM,T59D,0.9,2.0,314.15,Thermal,destabilizing,1567817.0,CD,A,58
2LZM,T59G,2.2,2.0,314.15,Thermal,destabilizing,1567817.0,CD,A,58
2LZM,T59V,2.8,2.0,314.15,Thermal,destabilizing,1567817.0,CD,A,58
2LZM,T59A,2.8,2.0,314.15,Thermal,destabilizing,1567817.0,CD,A,58
2LZM,T59N,1.1,6.5,336.15,Thermal,destabilizing,1567817.0,CD,A,58
2LZM,T59S,0.2,6.5,336.15,Thermal,destabilizing,1567817.0,CD,A,58
2LZM,T59D,1.2,6.5,336.15,Thermal,destabilizing,1567817.0,CD,A,58
2LZM,T59G,1.6,6.5,336.15,Thermal,destabilizing,1567817.0,CD,A,58
2LZM,T59V,1.5,6.5,336.15,Thermal,destabilizing,1567817.0,CD,A,58
2LZM,T59A,1.5,6.5,336.15,Thermal,destabilizing,1567817.0,CD,A,58
1LRP,V36I,-1.0,7.0,298.15,GdnHCl,stabilizing,1567879.0,CD,A,32
1LRP,V36I,-0.6,7.0,278.15,GdnHCl,stabilizing,1567879.0,CD,A,32
1LRP,M40A,2.0,7.0,298.15,GdnHCl,destabilizing,1567879.0,CD,A,36
1LRP,M40A,2.1,7.0,278.15,GdnHCl,destabilizing,1567879.0,CD,A,36
1BNI,D8A,0.99,6.3,298.15,Urea,destabilizing,1569552.0,Fluorescence,A,5
1BNI,R110A,0.46,6.3,298.15,Urea,destabilizing,1569552.0,Fluorescence,A,107
1BNI,D12A,0.34,6.3,298.15,Urea,destabilizing,1569552.0,Fluorescence,A,9
1BNI,W94Y,1.27,5.8,298.15,Urea,destabilizing,1569555.0,Fluorescence,A,91
1BNI,W94F,1.06,5.8,298.15,Urea,destabilizing,1569555.0,Fluorescence,A,91
1BNI,W94L,1.59,5.8,298.15,Urea,destabilizing,1569555.0,Fluorescence,A,91
1BNI,H18G,0.98,5.8,298.15,Urea,destabilizing,1569555.0,Fluorescence,A,15
1BNI,W94Y,0.99,9.0,298.15,Urea,destabilizing,1569555.0,Fluorescence,A,91
1BNI,W94F,0.6,9.0,298.15,Urea,destabilizing,1569555.0,Fluorescence,A,91
1BNI,W94L,0.66,9.0,298.15,Urea,destabilizing,1569555.0,Fluorescence,A,91
1BNI,H18G,-0.51,9.0,298.15,Urea,stabilizing,1569555.0,Fluorescence,A,15
1BNI,I4V,0.681666667,6.3,298.15,Urea,destabilizing,1569557.0,Fluorescence,A,1
1BNI,I4A,1.135,6.3,298.15,Urea,destabilizing,1569557.0,Fluorescence,A,1
1BNI,N5A,1.885,6.3,298.15,Urea,destabilizing,1569557.0,Fluorescence,A,2
1BNI,T6G,1.151666667,6.3,298.15,Urea,destabilizing,1569557.0,Fluorescence,A,3
1BNI,T6A,2.2425,6.3,298.15,Urea,destabilizing,1569557.0,Fluorescence,A,3
1BNI,D8A,0.951666667,6.3,298.15,Urea,destabilizing,1569557.0,Fluorescence,A,5
1BNI,V10T,2.435,6.3,298.15,Urea,destabilizing,1569557.0,Fluorescence,A,7
1BNI,V10A,3.488333333,6.3,298.15,Urea,destabilizing,1569557.0,Fluorescence,A,7
1BNI,D12A,0.18875,6.3,298.15,Urea,destabilizing,1569557.0,Fluorescence,A,9
1BNI,Y13A,3.5675,6.3,298.15,Urea,destabilizing,1569557.0,Fluorescence,A,10
1BNI,L14A,4.32,6.3,298.15,Urea,destabilizing,1569557.0,Fluorescence,A,11
1BNI,T16S,1.695,6.3,298.15,Urea,destabilizing,1569557.0,Fluorescence,A,13
1BNI,T16R,-0.576666667,6.3,298.15,Urea,stabilizing,1569557.0,Fluorescence,A,13
1BNI,Y17A,2.19,6.3,298.15,Urea,destabilizing,1569557.0,Fluorescence,A,14
1BNI,N23A,2.316666667,6.3,298.15,Urea,destabilizing,1569557.0,Fluorescence,A,20
1BNI,Y24F,-0.045,6.3,298.15,Urea,stabilizing,1569557.0,Fluorescence,A,21
1BNI,I25V,1.088333333,6.3,298.15,Urea,destabilizing,1569557.0,Fluorescence,A,22
1BNI,I25A,3.59,6.3,298.15,Urea,destabilizing,1569557.0,Fluorescence,A,22
1BNI,T26G,1.418333333,6.3,298.15,Urea,destabilizing,1569557.0,Fluorescence,A,23
1BNI,T26A,1.99125,6.3,298.15,Urea,destabilizing,1569557.0,Fluorescence,A,23
1BNI,K27G,0.2825,6.3,298.15,Urea,destabilizing,1569557.0,Fluorescence,A,24
1BNI,E29G,1.8975,6.3,298.15,Urea,destabilizing,1569557.0,Fluorescence,A,26
1BNI,Q31S,-0.0,6.3,298.15,Urea,stabilizing,1569557.0,Fluorescence,A,28
1BNI,Q31A,0.0425,6.3,298.15,Urea,destabilizing,1569557.0,Fluorescence,A,28
1BNI,L33Q,1.3275,6.3,298.15,Urea,destabilizing,1569557.0,Fluorescence,A,30
1BNI,V36A,1.3666666669999998,6.3,298.15,Urea,destabilizing,1569557.0,Fluorescence,A,33
1BNI,V36T,1.125,6.3,298.15,Urea,destabilizing,1569557.0,Fluorescence,A,33
1BNI,N41D,2.53,6.3,298.15,Urea,destabilizing,1569557.0,Fluorescence,A,38
1BNI,V45A,1.678333333,6.3,298.15,Urea,destabilizing,1569557.0,Fluorescence,A,42
1BNI,V45T,2.356666667,6.3,298.15,Urea,destabilizing,1569557.0,Fluorescence,A,42
1BNI,I51V,1.705,6.3,298.15,Urea,destabilizing,1569557.0,Fluorescence,A,48
1BNI,I51A,4.71,6.3,298.15,Urea,destabilizing,1569557.0,Fluorescence,A,48
1BNI,D54A,3.075,6.3,298.15,Urea,destabilizing,1569557.0,Fluorescence,A,51
1BNI,D54N,2.436,6.3,298.15,Urea,destabilizing,1569557.0,Fluorescence,A,51
1BNI,I55V,0.358333333,6.3,298.15,Urea,destabilizing,1569557.0,Fluorescence,A,52
1BNI,I55A,1.285,6.3,298.15,Urea,destabilizing,1569557.0,Fluorescence,A,52
1BNI,I55T,0.96,6.3,298.15,Urea,destabilizing,1569557.0,Fluorescence,A,52
1BNI,N58A,2.23,6.3,298.15,Urea,destabilizing,1569557.0,Fluorescence,A,55
1BNI,N58D,-0.4025,6.3,298.15,Urea,stabilizing,1569557.0,Fluorescence,A,55
1BNI,K62R,0.43,6.3,298.15,Urea,destabilizing,1569557.0,Fluorescence,A,59
1BNI,I76V,0.8633333329999999,6.3,298.15,Urea,destabilizing,1569557.0,Fluorescence,A,73
1BNI,I76A,1.66,6.3,298.15,Urea,destabilizing,1569557.0,Fluorescence,A,73
1BNI,N77A,1.688333333,6.3,298.15,Urea,destabilizing,1569557.0,Fluorescence,A,74
1BNI,Y78F,1.3733333330000002,6.3,298.15,Urea,destabilizing,1569557.0,Fluorescence,A,75
1BNI,N84A,2.018333333,6.3,298.15,Urea,destabilizing,1569557.0,Fluorescence,A,81
1BNI,I88V,1.445,6.3,298.15,Urea,destabilizing,1569557.0,Fluorescence,A,85
1BNI,I88A,4.246666667,6.3,298.15,Urea,destabilizing,1569557.0,Fluorescence,A,85
1BNI,L89V,0.241666667,6.3,298.15,Urea,destabilizing,1569557.0,Fluorescence,A,86
1BNI,L89T,2.78,6.3,298.15,Urea,destabilizing,1569557.0,Fluorescence,A,86
1BNI,S91A,2.008333333,6.3,298.15,Urea,destabilizing,1569557.0,Fluorescence,A,88
1BNI,S92A,2.85,6.3,298.15,Urea,destabilizing,1569557.0,Fluorescence,A,89
1BNI,I96V,0.954,6.3,298.15,Urea,destabilizing,1569557.0,Fluorescence,A,93
1BNI,I96A,3.17,6.3,298.15,Urea,destabilizing,1569557.0,Fluorescence,A,93
1BNI,T99V,2.9,6.3,298.15,Urea,destabilizing,1569557.0,Fluorescence,A,96
1BNI,Y103F,0.045,6.3,298.15,Urea,destabilizing,1569557.0,Fluorescence,A,100
1BNI,T105V,2.223333333,6.3,298.15,Urea,destabilizing,1569557.0,Fluorescence,A,102
1BNI,I109V,0.795,6.3,298.15,Urea,destabilizing,1569557.0,Fluorescence,A,106
1BNI,I109A,1.7683333330000002,6.3,298.15,Urea,destabilizing,1569557.0,Fluorescence,A,106
1BNI,R110A,0.3616666670000001,6.3,298.15,Urea,destabilizing,1569557.0,Fluorescence,A,107
1BNI,L14A,4.32,6.3,298.15,Urea,destabilizing,1569558.0,Fluorescence,A,11
1BNI,Y13A,3.71,6.3,298.15,Urea,destabilizing,1569558.0,Fluorescence,A,10
1BNI,V10A,3.4,6.3,298.15,Urea,destabilizing,1569558.0,Fluorescence,A,7
1BNI,T99V,2.99,6.3,298.15,Urea,destabilizing,1569558.0,Fluorescence,A,96
1BNI,D54A,2.97,6.3,298.15,Urea,destabilizing,1569558.0,Fluorescence,A,51
1BNI,S92A,2.8,6.3,298.15,Urea,destabilizing,1569558.0,Fluorescence,A,89
1BNI,N41D,2.52,6.3,298.15,Urea,destabilizing,1569558.0,Fluorescence,A,38
1BNI,V10T,2.48,6.3,298.15,Urea,destabilizing,1569558.0,Fluorescence,A,7
1BNI,Y17A,2.43,6.3,298.15,Urea,destabilizing,1569558.0,Fluorescence,A,14
1BNI,D54N,2.4,6.3,298.15,Urea,destabilizing,1569558.0,Fluorescence,A,51
1BNI,V45T,2.32,6.3,298.15,Urea,destabilizing,1569558.0,Fluorescence,A,42
1BNI,N23A,2.25,6.3,298.15,Urea,destabilizing,1569558.0,Fluorescence,A,20
1BNI,T105V,2.25,6.3,298.15,Urea,destabilizing,1569558.0,Fluorescence,A,102
1BNI,N58A,2.17,6.3,298.15,Urea,destabilizing,1569558.0,Fluorescence,A,55
1BNI,T6A,2.15,6.3,298.15,Urea,destabilizing,1569558.0,Fluorescence,A,3
1BNI,N84A,2.02,6.3,298.15,Urea,destabilizing,1569558.0,Fluorescence,A,81
1BNI,S91A,1.94,6.3,298.15,Urea,destabilizing,1569558.0,Fluorescence,A,88
1BNI,T26A,1.93,6.3,298.15,Urea,destabilizing,1569558.0,Fluorescence,A,23
1BNI,N5A,1.85,6.3,298.15,Urea,destabilizing,1569558.0,Fluorescence,A,2
1BNI,I51V,1.8,6.3,298.15,Urea,destabilizing,1569558.0,Fluorescence,A,48
1BNI,E29G,1.76,6.3,298.15,Urea,destabilizing,1569558.0,Fluorescence,A,26
1BNI,V45A,1.72,6.3,298.15,Urea,destabilizing,1569558.0,Fluorescence,A,42
1BNI,T16S,1.7,6.3,298.15,Urea,destabilizing,1569558.0,Fluorescence,A,13
1BNI,N77A,1.66,6.3,298.15,Urea,destabilizing,1569558.0,Fluorescence,A,74
1BNI,H18Q,1.44,6.3,298.15,Urea,destabilizing,1569558.0,Fluorescence,A,15
1BNI,T26G,1.42,6.3,298.15,Urea,destabilizing,1569558.0,Fluorescence,A,23
1BNI,Y78F,1.35,6.3,298.15,Urea,destabilizing,1569558.0,Fluorescence,A,75
1BNI,I88V,1.34,6.3,298.15,Urea,destabilizing,1569558.0,Fluorescence,A,85
1BNI,L33Q,1.3,6.3,298.15,Urea,destabilizing,1569558.0,Fluorescence,A,30
1BNI,V36A,1.27,6.3,298.15,Urea,destabilizing,1569558.0,Fluorescence,A,33
1BNI,T6G,1.21,6.3,298.15,Urea,destabilizing,1569558.0,Fluorescence,A,3
1BNI,V36T,1.15,6.3,298.15,Urea,destabilizing,1569558.0,Fluorescence,A,33
1BNI,I25V,1.12,6.3,298.15,Urea,destabilizing,1569558.0,Fluorescence,A,22
1BNI,I76V,0.82,6.3,298.15,Urea,destabilizing,1569558.0,Fluorescence,A,73
1BNI,I109V,0.76,6.3,298.15,Urea,destabilizing,1569558.0,Fluorescence,A,106
1BNI,I4V,0.67,6.3,298.15,Urea,destabilizing,1569558.0,Fluorescence,A,1
1BNI,K62R,0.43,6.3,298.15,Urea,destabilizing,1569558.0,Fluorescence,A,59
1BNI,I55V,0.3,6.3,298.15,Urea,destabilizing,1569558.0,Fluorescence,A,52
1BNI,T16R,-0.47,6.3,298.15,Urea,stabilizing,1569558.0,Fluorescence,A,13
1BNI,L89V,0.03,6.3,298.15,Urea,destabilizing,1569559.0,Fluorescence,A,86
1BNI,K62R,0.43,6.3,298.15,Urea,destabilizing,1569559.0,Fluorescence,A,59
1BNI,D8A,0.6,6.3,298.15,Urea,destabilizing,1569559.0,Fluorescence,A,5
1BNI,I4V,0.67,6.3,298.15,Urea,destabilizing,1569559.0,Fluorescence,A,1
1BNI,I109V,0.82,6.3,298.15,Urea,destabilizing,1569559.0,Fluorescence,A,106
1BNI,I76V,0.88,6.3,298.15,Urea,destabilizing,1569559.0,Fluorescence,A,73
1BNI,I55T,1.0,6.3,298.15,Urea,destabilizing,1569559.0,Fluorescence,A,52
1BNI,D8G,1.0,6.3,298.15,Urea,destabilizing,1569559.0,Fluorescence,A,5
1BNI,V36T,1.15,6.3,298.15,Urea,destabilizing,1569559.0,Fluorescence,A,33
1BNI,I4A,1.165,6.3,298.15,Urea,destabilizing,1569559.0,Fluorescence,A,1
1BNI,I25V,1.18,6.3,298.15,Urea,destabilizing,1569559.0,Fluorescence,A,22
1BNI,I55A,1.28,6.3,298.15,Urea,destabilizing,1569559.0,Fluorescence,A,52
1BNI,V36A,1.34,6.3,298.15,Urea,destabilizing,1569559.0,Fluorescence,A,33
1BNI,I109A,1.4,6.3,298.15,Urea,destabilizing,1569559.0,Fluorescence,A,106
1BNI,I76A,1.6,6.3,298.15,Urea,destabilizing,1569559.0,Fluorescence,A,73
1BNI,V45A,1.83,6.3,298.15,Urea,destabilizing,1569559.0,Fluorescence,A,42
1BNI,I51V,1.85,6.3,298.15,Urea,destabilizing,1569559.0,Fluorescence,A,48
1BNI,N77A,1.88,6.3,298.15,Urea,destabilizing,1569559.0,Fluorescence,A,74
1BNI,E29G,1.9,6.3,298.15,Urea,destabilizing,1569559.0,Fluorescence,A,26
1BNI,S91A,1.93,6.3,298.15,Urea,destabilizing,1569559.0,Fluorescence,A,88
1BNI,N5A,2.06,6.3,298.15,Urea,destabilizing,1569559.0,Fluorescence,A,2
1BNI,N58A,2.17,6.3,298.15,Urea,destabilizing,1569559.0,Fluorescence,A,55
1BNI,N84A,2.24,6.3,298.15,Urea,destabilizing,1569559.0,Fluorescence,A,81
1BNI,T105V,2.25,6.3,298.15,Urea,destabilizing,1569559.0,Fluorescence,A,102
1BNI,I96A,2.37,6.3,298.15,Urea,destabilizing,1569559.0,Fluorescence,A,93
1BNI,D54N,2.42,6.3,298.15,Urea,destabilizing,1569559.0,Fluorescence,A,51
1BNI,V45T,2.44,6.3,298.15,Urea,destabilizing,1569559.0,Fluorescence,A,42
1BNI,N23A,2.5,6.3,298.15,Urea,destabilizing,1569559.0,Fluorescence,A,20
1BNI,N41D,2.51,6.3,298.15,Urea,destabilizing,1569559.0,Fluorescence,A,38
1BNI,L89T,2.55,6.3,298.15,Urea,destabilizing,1569559.0,Fluorescence,A,86
1BNI,V10T,2.58,6.3,298.15,Urea,destabilizing,1569559.0,Fluorescence,A,7
1BNI,S92A,2.74,6.3,298.15,Urea,destabilizing,1569559.0,Fluorescence,A,89
1BNI,I88A,2.76,6.3,298.15,Urea,destabilizing,1569559.0,Fluorescence,A,85
1BNI,D54A,3.1,6.3,298.15,Urea,destabilizing,1569559.0,Fluorescence,A,51
1BNI,V10A,3.63,6.3,298.15,Urea,destabilizing,1569559.0,Fluorescence,A,7
2LZM,M102L,0.74,3.01,324.91,Thermal,destabilizing,1569571.0,CD,A,101
2LZM,V111F,1.43,3.01,324.91,Thermal,destabilizing,1569571.0,CD,A,110
2LZM,V111I,0.69,3.01,324.91,Thermal,destabilizing,1569571.0,CD,A,110
2LZM,V111F,1.69,5.7,338.04,Thermal,destabilizing,1569571.0,CD,A,110
2LZM,V111I,0.85,5.7,338.04,Thermal,destabilizing,1569571.0,CD,A,110
2LZM,M102L,0.82,5.7,338.04,Thermal,destabilizing,1569571.0,CD,A,101
2LZM,N40A,-0.43,3.0,324.8,Thermal,stabilizing,1570293.0,CD,A,39
2LZM,K43A,0.96,3.0,324.8,Thermal,destabilizing,1570293.0,CD,A,42
2LZM,S44A,-0.44,3.0,324.8,Thermal,stabilizing,1570293.0,CD,A,43
2LZM,E45A,-0.55,3.0,324.8,Thermal,stabilizing,1570293.0,CD,A,44
2LZM,L46A,2.62,3.0,324.8,Thermal,destabilizing,1570293.0,CD,A,45
2LZM,D47A,0.28,3.0,324.8,Thermal,destabilizing,1570293.0,CD,A,46
2LZM,K48A,0.32,3.0,324.8,Thermal,destabilizing,1570293.0,CD,A,47
2LZM,N40A,-0.32,6.7,335.35,Thermal,stabilizing,1570293.0,CD,A,39
2LZM,K43A,1.03,6.7,335.35,Thermal,destabilizing,1570293.0,CD,A,42
2LZM,S44A,-0.34,6.7,335.35,Thermal,stabilizing,1570293.0,CD,A,43
2LZM,E45A,-0.01,6.7,335.35,Thermal,stabilizing,1570293.0,CD,A,44
2LZM,L46A,1.86,6.7,335.35,Thermal,destabilizing,1570293.0,CD,A,45
2LZM,D47A,0.95,6.7,335.35,Thermal,destabilizing,1570293.0,CD,A,46
2LZM,K48A,0.56,6.7,335.35,Thermal,destabilizing,1570293.0,CD,A,47
1BNI,R59A,-0.64,6.3,298.15,Urea,stabilizing,1602471.0,Fluorescence,A,56
1BNI,K27A,-0.445,6.3,298.15,Urea,stabilizing,1602471.0,Fluorescence,A,24
1BNI,H102A,0.24,6.3,298.15,Urea,destabilizing,1602471.0,Fluorescence,A,99
1BNI,N58D,-0.4025,6.3,298.15,Urea,stabilizing,1602471.0,Fluorescence,A,55
1BNI,S57A,-0.15,6.3,298.15,Urea,stabilizing,1602471.0,Fluorescence,A,54
1BNI,Y103F,0.045,6.3,298.15,Urea,destabilizing,1602471.0,Fluorescence,A,100
1BNI,Q104A,0.135,6.3,298.15,Urea,destabilizing,1602471.0,Fluorescence,A,101
1BNI,D54N,2.67,6.3,298.15,Urea,destabilizing,1602471.0,Fluorescence,A,51
1BNI,E73A,2.4,6.3,298.15,Urea,destabilizing,1602471.0,Fluorescence,A,70
4LYZ,W108Q,3.59,3.5,308.15,GdnHCl,destabilizing,1610799.0,Fluorescence,A,107
4LYZ,W108Q,3.61,4.0,308.15,GdnHCl,destabilizing,1610799.0,Fluorescence,A,107
4LYZ,W108Q,4.0,4.5,308.15,GdnHCl,destabilizing,1610799.0,Fluorescence,A,107
4LYZ,W108Q,3.55,5.0,308.15,GdnHCl,destabilizing,1610799.0,Fluorescence,A,107
4LYZ,W108Q,3.44,5.5,308.15,GdnHCl,destabilizing,1610799.0,Fluorescence,A,107
4LYZ,W108Y,1.27,5.0,308.15,GdnHCl,destabilizing,1610799.0,Fluorescence,A,107
4LYZ,W108Y,1.31,5.5,308.15,GdnHCl,destabilizing,1610799.0,Fluorescence,A,107
4LYZ,W108Y,1.36,4.5,308.15,GdnHCl,destabilizing,1610799.0,Fluorescence,A,107
4LYZ,W108Y,1.41,3.5,308.15,GdnHCl,destabilizing,1610799.0,Fluorescence,A,107
4LYZ,W108Y,1.42,4.0,308.15,GdnHCl,destabilizing,1610799.0,Fluorescence,A,107
1RX4,P66A,-1.3,7.8,288.15,Urea,stabilizing,1610817.0,Abs,A,65
1RX4,R44L,-1.4,7.8,288.15,Urea,stabilizing,1610817.0,Abs,A,43
1STN,A94G,2.4,7.0,293.15,GdnHCl,destabilizing,1610820.0,Fluorescence,A,88
1STN,A94V,1.3,7.0,293.15,GdnHCl,destabilizing,1610820.0,Fluorescence,A,88
1STN,S141G,0.4,7.0,293.15,GdnHCl,destabilizing,1610820.0,Fluorescence,A,135
1STN,S141A,0.9,7.0,293.15,GdnHCl,destabilizing,1610820.0,Fluorescence,A,135
1STN,N68G,0.5,7.0,293.15,GdnHCl,destabilizing,1610820.0,Fluorescence,A,62
1STN,Q30G,0.9,7.0,293.15,GdnHCl,destabilizing,1610820.0,Fluorescence,A,24
1STN,P11G,1.0,7.0,293.15,GdnHCl,destabilizing,1610820.0,Fluorescence,A,5
1STN,S59G,1.1,7.0,293.15,GdnHCl,destabilizing,1610820.0,Fluorescence,A,53
1STN,T13G,1.1,7.0,293.15,GdnHCl,destabilizing,1610820.0,Fluorescence,A,7
1LZ1,P71G,1.6,2.8,341.95,Thermal,destabilizing,1643041.0,DSC,A,70
1LZ1,P103G,0.1,2.8,341.95,Thermal,destabilizing,1643041.0,DSC,A,102
1LZ1,D91P,0.4,2.8,341.95,Thermal,destabilizing,1643041.0,DSC,A,90
1LZ1,A47P,-0.1,2.8,341.95,Thermal,stabilizing,1643041.0,DSC,A,46
1LZ1,V110P,-0.5,2.8,341.95,Thermal,stabilizing,1643041.0,DSC,A,109
2RN2,H62A,-0.37,5.5,298.15,GdnHCl,stabilizing,1645658.0,Fluorescence,A,61
2RN2,H83A,-0.105,5.5,298.15,GdnHCl,stabilizing,1645658.0,Fluorescence,A,82
2RN2,H114A,2.63,5.5,298.15,GdnHCl,destabilizing,1645658.0,Fluorescence,A,113
2RN2,H124A,-0.325,5.5,298.15,GdnHCl,stabilizing,1645658.0,Fluorescence,A,123
2RN2,H127A,0.41,5.5,298.15,GdnHCl,destabilizing,1645658.0,Fluorescence,A,126
1YCC,N52I,-4.3,6.0,319.65,Thermal,stabilizing,1646814.0,Abs,A,56
1YCC,C102A,-2.9,6.0,319.65,Thermal,stabilizing,1646814.0,Abs,A,105
1YCC,C102S,-2.8,6.0,319.65,Thermal,stabilizing,1646814.0,Abs,A,105
1C2R,K12D,1.2,7.5,298.15,GdnHCl,destabilizing,1654091.0,CD,A,11
1C2R,K14E,1.1,7.5,298.15,GdnHCl,destabilizing,1654091.0,CD,A,13
1C2R,K32E,-0.3,7.5,298.15,GdnHCl,stabilizing,1654091.0,CD,A,31
1AMQ,C191S,1.8,7.5,298.15,Urea,destabilizing,1731883.0,DSC,A,179
1AMQ,C192A,1.6,7.5,298.15,Urea,destabilizing,1731883.0,DSC,A,180
1AMQ,C270A,2.5,7.5,298.15,Urea,destabilizing,1731883.0,DSC,A,257
1AMQ,C401A,-3.2,7.5,298.15,Urea,stabilizing,1731883.0,DSC,A,388
1AMQ,C82A,1.3,7.5,298.15,Urea,destabilizing,1731883.0,DSC,A,76
1AMQ,C191A,2.2,7.5,298.15,Urea,destabilizing,1731883.0,DSC,A,179
1RN1,Y11F,2.11,7.0,298.15,Urea,destabilizing,1731929.0,Fluorescence,A,10
1RN1,Y42F,-1.14,7.0,298.15,Urea,stabilizing,1731929.0,Fluorescence,A,41
1RN1,Y56F,0.78,7.0,298.15,Urea,destabilizing,1731929.0,Fluorescence,A,54
1RN1,Y57F,0.5,7.0,298.15,Urea,destabilizing,1731929.0,Fluorescence,A,55
1RN1,Y68F,1.36,7.0,298.15,Urea,destabilizing,1731929.0,Fluorescence,A,66
1RN1,S12A,1.23,7.0,298.15,Urea,destabilizing,1731929.0,Fluorescence,A,11
1RN1,S17A,-0.67,7.0,298.15,Urea,stabilizing,1731929.0,Fluorescence,A,16
1RN1,S64A,1.44,7.0,298.15,Urea,destabilizing,1731929.0,Fluorescence,A,62
1RN1,N9A,-0.9,7.0,298.15,Urea,stabilizing,1731929.0,Fluorescence,A,8
1RN1,N36A,0.03,7.0,298.15,Urea,destabilizing,1731929.0,Fluorescence,A,35
1RN1,N44A,-2.026666667,7.0,298.15,Urea,stabilizing,1731929.0,Fluorescence,A,43
1RN1,N81A,-2.87,7.0,298.15,Urea,stabilizing,1731929.0,Fluorescence,A,79
1RN1,Y11F,-2.03,7.0,324.05,Thermal,destabilizing,1731929.0,Fluorescence,A,10
1RN1,Y42F,1.15,7.0,324.05,Thermal,destabilizing,1731929.0,Fluorescence,A,41
1RN1,Y56F,-0.71,7.0,324.05,Thermal,destabilizing,1731929.0,Fluorescence,A,54
1RN1,Y57F,-0.44,7.0,324.05,Thermal,destabilizing,1731929.0,Fluorescence,A,55
1RN1,Y68F,-1.35,7.0,324.05,Thermal,destabilizing,1731929.0,Fluorescence,A,66
1RN1,S12A,-1.08,7.0,324.05,Thermal,destabilizing,1731929.0,Fluorescence,A,11
1RN1,S17A,0.57,7.0,324.05,Thermal,destabilizing,1731929.0,Fluorescence,A,16
1RN1,S64A,-1.56,7.0,324.05,Thermal,destabilizing,1731929.0,Fluorescence,A,62
1RN1,N9A,-0.71,7.0,324.05,Thermal,destabilizing,1731929.0,Fluorescence,A,8
1RN1,N36A,-0.0,7.0,324.05,Thermal,stabilizing,1731929.0,Fluorescence,A,35
1RN1,N44A,-1.86,7.0,324.05,Thermal,destabilizing,1731929.0,Fluorescence,A,43
1RN1,N81A,-2.91,7.0,324.05,Thermal,destabilizing,1731929.0,Fluorescence,A,79
2LZM,A74P,5.7,3.5,330.65,Thermal,destabilizing,1733941.0,CD,A,73
2LZM,A74P,5.0,4.0,335.35,Thermal,destabilizing,1733941.0,CD,A,73
2LZM,A74P,4.6,6.5,336.05,Thermal,destabilizing,1733941.0,CD,A,73
2LZM,A74P,4.5,5.5,338.85,Thermal,destabilizing,1733941.0,CD,A,73
2LZM,Q69P,3.3,2.0,311.65,Thermal,destabilizing,1733941.0,CD,A,68
2LZM,Q69P,2.9,6.5,336.35,Thermal,destabilizing,1733941.0,CD,A,68
2LZM,D72P,2.7,6.5,336.55,Thermal,destabilizing,1733941.0,CD,A,71
2LZM,D72P,2.6,2.0,311.65,Thermal,destabilizing,1733941.0,CD,A,71
2LZM,A82P,0.07,2.0,311.95,Thermal,destabilizing,1737020.0,DSC,A,81
2LZM,A93P,-0.03,2.0,311.95,Thermal,stabilizing,1737020.0,DSC,A,92
2LZM,G113A,-0.5,2.0,311.95,Thermal,stabilizing,1737020.0,DSC,A,112
2LZM,A82P,-0.51,2.5,319.35,Thermal,stabilizing,1737020.0,DSC,A,81
2LZM,A93P,-0.51,2.5,319.35,Thermal,stabilizing,1737020.0,DSC,A,92
2LZM,G113A,-0.54,2.5,319.35,Thermal,stabilizing,1737020.0,DSC,A,112
2LZM,A93P,-1.1,3.0,326.75,Thermal,stabilizing,1737020.0,DSC,A,92
2LZM,G113A,-0.54,3.0,326.75,Thermal,stabilizing,1737020.0,DSC,A,112
2LZM,A82P,-1.27,3.0,326.75,Thermal,stabilizing,1737020.0,DSC,A,81
2LZM,M102K,8.9,3.0,324.75,Thermal,destabilizing,1747370.0,CD,A,101
2LZM,L133D,4.9,3.0,324.75,Thermal,destabilizing,1747370.0,CD,A,132
2LZM,L133D,5.5,4.4,337.75,Thermal,destabilizing,1747370.0,CD,A,132
2LZM,M102K,6.9,5.3,338.45,Thermal,destabilizing,1747370.0,CD,A,101
2LZM,L133D,5.7,6.5,335.05,Thermal,destabilizing,1747370.0,CD,A,132
2LZM,M102K,2.2,10.4,321.05,Thermal,destabilizing,1747370.0,CD,A,101
2LZM,L133D,3.7,10.4,321.05,Thermal,destabilizing,1747370.0,CD,A,132
1ANK,D84H,1.4,7.2,324.95,Thermal,destabilizing,1748642.0,DSC,A,83
1ANK,G85V,2.4,7.2,324.95,Thermal,destabilizing,1748642.0,DSC,A,84
1ANK,F86L,0.8,7.2,324.95,Thermal,destabilizing,1748642.0,DSC,A,85
3PGK,H388Q,0.84,6.5,298.15,GdnHCl,destabilizing,1765074.0,CD,A,387
1P2P,N89D,0.19,7.0,293.15,GdnHCl,destabilizing,1817255.0,Abs,A,88
1C2R,Y75F,2.7,7.5,293.15,GdnHCl,destabilizing,1850617.0,CD,A,74
1C2R,Y75C,3.05,7.5,293.15,GdnHCl,destabilizing,1850617.0,CD,A,74
2LZM,T115E,0.5,2.0,313.55,Thermal,destabilizing,1854726.0,CD,A,114
2LZM,T115E,0.2,3.0,325.75,Thermal,destabilizing,1854726.0,CD,A,114
2LZM,T115E,0.1,4.0,336.75,Thermal,destabilizing,1854726.0,CD,A,114
2LZM,T115E,-0.0,5.5,339.85,Thermal,stabilizing,1854726.0,CD,A,114
2LZM,T115E,-0.3,6.5,337.75,Thermal,stabilizing,1854726.0,CD,A,114
2LZM,Q123E,-0.3,2.0,313.55,Thermal,stabilizing,1854726.0,CD,A,122
2LZM,Q123E,-0.1,5.5,339.85,Thermal,stabilizing,1854726.0,CD,A,122
2LZM,Q123E,-0.4,6.5,337.65,Thermal,stabilizing,1854726.0,CD,A,122
2LZM,N144E,-0.2,2.0,313.55,Thermal,stabilizing,1854726.0,CD,A,143
2LZM,N144E,-0.5,5.5,339.85,Thermal,stabilizing,1854726.0,CD,A,143
2LZM,N144E,-0.5,6.5,337.65,Thermal,stabilizing,1854726.0,CD,A,143
2LZM,K60H,0.8,2.0,301.65,Thermal,destabilizing,1854726.0,CD,A,59
2LZM,K60H,0.1,6.5,336.15,Thermal,destabilizing,1854726.0,CD,A,59
2LZM,S90H,1.0,2.0,301.65,Thermal,destabilizing,1854726.0,CD,A,89
2LZM,S90H,1.1,5.5,338.55,Thermal,destabilizing,1854726.0,CD,A,89
2LZM,S90H,1.1,6.5,336.15,Thermal,destabilizing,1854726.0,CD,A,89
2LZM,K83H,0.5,2.0,301.65,Thermal,destabilizing,1854726.0,CD,A,82
2LZM,K83H,0.4,6.5,336.15,Thermal,destabilizing,1854726.0,CD,A,82
2TRX,D26A,-4.6,8.5,298.15,GdnHCl,stabilizing,1854757.0,CD,A,25
2TRX,D26A,-4.4,8.0,298.15,GdnHCl,stabilizing,1854757.0,CD,A,25
2TRX,D26A,-4.2,7.5,298.15,GdnHCl,stabilizing,1854757.0,CD,A,25
2TRX,D26A,-3.7,7.0,298.15,GdnHCl,stabilizing,1854757.0,CD,A,25
1RX4,V88A,-0.2,7.2,293.15,Urea,stabilizing,1868058.0,CD,A,87
1RX4,V88I,1.73,7.2,293.15,Urea,destabilizing,1868058.0,CD,A,87
1BNI,S28E,-0.505,6.3,298.15,Urea,stabilizing,1870131.0,Fluorescence,A,25
1BNI,A32K,-0.306,6.3,298.15,Urea,stabilizing,1870131.0,Fluorescence,A,29
2DRI,V50E,3.5,7.7,298.15,GuHCI,destabilizing,1904869.0,Fluorescence,A,49
2DRI,A27T,3.3,7.7,298.15,GuHCI,destabilizing,1904869.0,Fluorescence,A,26
2LZM,S38D,-0.1,2.0,314.05,Thermal,destabilizing,1911773.0,CD,A,37
2LZM,N116D,-0.1,2.0,314.05,Thermal,destabilizing,1911773.0,CD,A,115
2LZM,R119M,-0.3,2.0,314.05,Thermal,destabilizing,1911773.0,CD,A,118
2LZM,N144D,-0.1,2.0,314.05,Thermal,destabilizing,1911773.0,CD,A,143
2LZM,S38D,0.6,6.9,339.25,Thermal,destabilizing,1911773.0,CD,A,37
2LZM,N116D,0.6,5.7,339.25,Thermal,destabilizing,1911773.0,CD,A,115
2LZM,R119M,0.1,5.7,339.25,Thermal,destabilizing,1911773.0,CD,A,118
2LZM,N144D,0.5,6.9,339.25,Thermal,destabilizing,1911773.0,CD,A,143
2LZM,D92N,0.1,2.0,312.65,Thermal,destabilizing,1911773.0,CD,A,91
2LZM,T109D,0.3,2.0,312.65,Thermal,destabilizing,1911773.0,CD,A,108
2LZM,T109N,-0.0,2.0,312.65,Thermal,destabilizing,1911773.0,CD,A,108
2LZM,N144H,0.6,2.0,312.65,Thermal,destabilizing,1911773.0,CD,A,143
2LZM,S38N,0.1,2.0,312.65,Thermal,destabilizing,1911773.0,CD,A,37
2LZM,D92N,-1.4,6.7,335.55,Thermal,destabilizing,1911773.0,CD,A,91
2LZM,T109D,0.6,6.7,335.55,Thermal,destabilizing,1911773.0,CD,A,108
2LZM,T109N,0.1,6.7,335.55,Thermal,destabilizing,1911773.0,CD,A,108
2LZM,N144H,0.3,6.7,335.55,Thermal,destabilizing,1911773.0,CD,A,143
2LZM,T115E,0.3,6.5,339.25,Thermal,destabilizing,1911773.0,CD,A,114
2LZM,T115E,-0.5,2.0,314.05,Thermal,destabilizing,1911773.0,CD,A,114
1LZ1,P71G,1.2,3.0,298.15,GdnHCl,destabilizing,1911779.0,CD,A,70
1LZ1,P103G,-0.0,3.0,298.15,GdnHCl,stabilizing,1911779.0,CD,A,102
1LZ1,A47P,-1.1,3.0,298.15,GdnHCl,stabilizing,1911779.0,CD,A,46
1LZ1,D91P,0.8,3.0,298.15,GdnHCl,destabilizing,1911779.0,CD,A,90
1LZ1,V110P,-2.4,3.0,298.15,GdnHCl,stabilizing,1911779.0,CD,A,109
1STN,V66M,0.2,7.0,293.15,GdnHCl,destabilizing,1920420.0,Fluorescence,A,60
1STN,V66M,0.1,8.8,293.15,GdnHCl,destabilizing,1920420.0,Fluorescence,A,60
1STN,V66M,0.1,9.6,293.15,GdnHCl,destabilizing,1920420.0,Fluorescence,A,60
1STN,V66K,5.2,8.8,293.15,GdnHCl,destabilizing,1920420.0,Fluorescence,A,60
1STN,V66K,4.5,9.6,293.15,GdnHCl,destabilizing,1920420.0,Fluorescence,A,60
1STN,V66K,3.2,10.0,293.15,GdnHCl,destabilizing,1920420.0,Fluorescence,A,60
1STN,V66K,2.1,10.4,293.15,GdnHCl,destabilizing,1920420.0,Fluorescence,A,60
1STN,V66K,4.9,9.2,293.15,GdnHCl,destabilizing,1920420.0,Fluorescence,A,60
1STN,V66K,5.8,8.4,293.15,GdnHCl,destabilizing,1920420.0,Fluorescence,A,60
1STN,V66K,6.2,8.0,293.15,GdnHCl,destabilizing,1920420.0,Fluorescence,A,60
1STN,V66K,7.2,7.5,293.15,GdnHCl,destabilizing,1920420.0,Fluorescence,A,60
1STN,V66K,7.5,7.0,293.15,GdnHCl,destabilizing,1920420.0,Fluorescence,A,60
2LZM,A98V,4.9,3.0,313.15,Thermal,destabilizing,1920439.0,CD,A,97
2LZM,T152S,2.6,3.0,313.15,Thermal,destabilizing,1920439.0,CD,A,151
2LZM,V149C,2.2,3.0,313.15,Thermal,destabilizing,1920439.0,CD,A,148
2LZM,K16E,-0.5,2.8,324.05,Thermal,destabilizing,1942034.0,CD,A,15
2LZM,R119E,-0.2,2.8,324.05,Thermal,destabilizing,1942034.0,CD,A,118
2LZM,K135E,-0.2,2.8,324.05,Thermal,destabilizing,1942034.0,CD,A,134
2LZM,K147E,0.1,2.8,324.05,Thermal,destabilizing,1942034.0,CD,A,146
2LZM,R154E,0.2,2.8,324.05,Thermal,destabilizing,1942034.0,CD,A,153
2LZM,K16E,0.5,5.3,339.85,Thermal,destabilizing,1942034.0,CD,A,15
2LZM,R119E,-0.04,5.3,339.85,Thermal,stabilizing,1942034.0,CD,A,118
2LZM,K135E,-1.0,5.3,339.85,Thermal,destabilizing,1942034.0,CD,A,134
2LZM,K147E,-0.7,5.3,339.85,Thermal,destabilizing,1942034.0,CD,A,146
2LZM,R154E,-1.1,5.3,339.85,Thermal,destabilizing,1942034.0,CD,A,153
2TRX,P34S,-2.4,8.7,296.15,Urea,stabilizing,1961723.0,Abs,A,33
1RN1,E58A,-0.71,8.01,298.15,Urea,stabilizing,1980207.0,Fluorescence,A,56
1RN1,E58A,0.64,6.01,298.15,Urea,destabilizing,1980207.0,Fluorescence,A,56
2LZM,M6I,4.78,7.0,295.15,Urea,destabilizing,1988046.0,Gel electrophoresis,A,5
2LZM,Y25G,4.55,7.0,295.15,Urea,destabilizing,1988046.0,Gel electrophoresis,A,24
2LZM,P37A,-0.0,7.0,295.15,Urea,stabilizing,1988046.0,Gel electrophoresis,A,36
2LZM,S38D,1.2,7.0,295.15,Urea,destabilizing,1988046.0,Gel electrophoresis,A,37
2LZM,G51D,2.63,7.0,295.15,Urea,destabilizing,1988046.0,Gel electrophoresis,A,50
2LZM,C54Y,5.02,7.0,295.15,Urea,destabilizing,1988046.0,Gel electrophoresis,A,53
2LZM,I58Y,3.11,7.0,295.15,Urea,destabilizing,1988046.0,Gel electrophoresis,A,57
2LZM,G77A,1.2,7.0,295.15,Urea,destabilizing,1988046.0,Gel electrophoresis,A,76
2LZM,A82P,0.72,7.0,295.15,Urea,destabilizing,1988046.0,Gel electrophoresis,A,81
2LZM,P86G,1.91,7.0,295.15,Urea,destabilizing,1988046.0,Gel electrophoresis,A,85
2LZM,L91P,8.13,7.0,295.15,Urea,destabilizing,1988046.0,Gel electrophoresis,A,90
2LZM,A98T,3.83,7.0,295.15,Urea,destabilizing,1988046.0,Gel electrophoresis,A,97
2LZM,A98V,5.02,7.0,295.15,Urea,destabilizing,1988046.0,Gel electrophoresis,A,97
2LZM,V103A,1.91,7.0,295.15,Urea,destabilizing,1988046.0,Gel electrophoresis,A,102
2LZM,Q105G,3.11,7.0,295.15,Urea,destabilizing,1988046.0,Gel electrophoresis,A,104
2LZM,W126R,5.74,7.0,295.15,Urea,destabilizing,1988046.0,Gel electrophoresis,A,125
2LZM,W138Y,2.87,7.0,295.15,Urea,destabilizing,1988046.0,Gel electrophoresis,A,137
2LZM,A146I,4.31,7.0,295.15,Urea,destabilizing,1988046.0,Gel electrophoresis,A,145
2LZM,A146T,2.87,7.0,295.15,Urea,destabilizing,1988046.0,Gel electrophoresis,A,145
2LZM,A146V,4.31,7.0,295.15,Urea,destabilizing,1988046.0,Gel electrophoresis,A,145
2LZM,V149A,2.87,7.0,295.15,Urea,destabilizing,1988046.0,Gel electrophoresis,A,148
2LZM,F153C,3.11,7.0,295.15,Urea,destabilizing,1988046.0,Gel electrophoresis,A,152
2LZM,G156D,4.07,7.0,295.15,Urea,destabilizing,1988046.0,Gel electrophoresis,A,155
2LZM,T157D,2.39,7.0,295.15,Urea,destabilizing,1988046.0,Gel electrophoresis,A,156
2LZM,T157F,4.07,7.0,295.15,Urea,destabilizing,1988046.0,Gel electrophoresis,A,156
2LZM,A160T,4.55,7.0,295.15,Urea,destabilizing,1988046.0,Gel electrophoresis,A,159
2LZM,T157I,2.1,2.0,311.95,Thermal,destabilizing,1993203.0,DSC,A,156
2LZM,T157I,-1.9,2.5,319.35,Thermal,stabilizing,1993203.0,DSC,A,156
2LZM,T157L,-1.7,2.0,311.95,Thermal,stabilizing,1993203.0,DSC,A,156
2LZM,T157L,-1.7,2.5,319.35,Thermal,stabilizing,1993203.0,DSC,A,156
2LZM,T157L,-1.7,3.0,326.75,Thermal,stabilizing,1993203.0,DSC,A,156
2LZM,T157V,-1.7,2.0,311.95,Thermal,stabilizing,1993203.0,DSC,A,156
2LZM,T157V,-1.6,2.5,319.35,Thermal,stabilizing,1993203.0,DSC,A,156
2LZM,T157E,-1.5,2.0,311.95,Thermal,stabilizing,1993203.0,DSC,A,156
2LZM,T157I,-1.5,3.0,326.75,Thermal,stabilizing,1993203.0,DSC,A,156
2LZM,T157N,-1.2,3.0,326.75,Thermal,stabilizing,1993203.0,DSC,A,156
2LZM,T157V,-1.2,3.0,326.75,Thermal,stabilizing,1993203.0,DSC,A,156
2LZM,T157N,-1.1,2.5,319.35,Thermal,stabilizing,1993203.0,DSC,A,156
2LZM,T157R,-1.1,2.0,311.95,Thermal,stabilizing,1993203.0,DSC,A,156
2LZM,T157N,-1.0,2.0,311.95,Thermal,stabilizing,1993203.0,DSC,A,156
2LZM,T157A,-0.9,2.5,319.35,Thermal,stabilizing,1993203.0,DSC,A,156
2LZM,T157R,-0.6,2.5,319.35,Thermal,stabilizing,1993203.0,DSC,A,156
2LZM,T157A,-0.5,3.0,326.75,Thermal,stabilizing,1993203.0,DSC,A,156
2LZM,T157R,0.3,3.0,326.75,Thermal,destabilizing,1993203.0,DSC,A,156
2LZM,T157E,-0.8,3.0,326.75,Thermal,stabilizing,1993203.0,DSC,A,156
2LZM,T157A,-1.1,2.0,311.95,Thermal,stabilizing,1993203.0,DSC,A,156
2LZM,T157E,-1.3,2.5,319.35,Thermal,stabilizing,1993203.0,DSC,A,156
2LZM,V131A,-0.26,2.0,313.95,Thermal,stabilizing,1998663.0,CD,A,130
2LZM,E128A,-0.16,2.0,313.95,Thermal,stabilizing,1998663.0,CD,A,127
1VQB,V35A,1.7,7.0,298.15,GdnHCl,destabilizing,2000379.0,CD,A,34
1VQB,V35C,0.5,7.0,298.15,GdnHCl,destabilizing,2000379.0,CD,A,34
1VQB,I47A,5.8,7.0,298.15,GdnHCl,destabilizing,2000379.0,CD,A,46
1VQB,I47C,3.5,7.0,298.15,GdnHCl,destabilizing,2000379.0,CD,A,46
1VQB,I47V,2.0,7.0,298.15,GdnHCl,destabilizing,2000379.0,CD,A,46
1VQB,I47L,0.4,7.0,298.15,GdnHCl,destabilizing,2000379.0,CD,A,46
1VQB,I47M,1.7,7.0,298.15,GdnHCl,destabilizing,2000379.0,CD,A,46
1VQB,I47F,1.2,7.0,298.15,GdnHCl,destabilizing,2000379.0,CD,A,46
1VQB,V35L,1.0,7.0,298.15,GdnHCl,destabilizing,2000379.0,CD,A,34
1VQB,V35I,0.6,7.0,298.15,GdnHCl,destabilizing,2000379.0,CD,A,34
1VQB,V35M,1.1,7.0,298.15,GdnHCl,destabilizing,2000379.0,CD,A,34
1VQB,V35F,2.7,7.0,298.15,GdnHCl,destabilizing,2000379.0,CD,A,34
1WQ5,P132G,0.6,7.0,298.15,GdnHCl,destabilizing,2008436.0,CD,A,123
1WQ5,P132G,0.78,9.0,327.25,Thermal,destabilizing,2008436.0,DSC,A,123
1WQ5,P132A,0.92,9.0,327.25,Thermal,destabilizing,2008436.0,DSC,A,123
1WQ5,P28G,1.6,7.0,298.15,GdnHCl,destabilizing,2008436.0,CD,A,27
1WQ5,P207A,1.64,9.0,327.25,Thermal,destabilizing,2008436.0,DSC,A,196
1WQ5,P207A,1.8,7.0,298.15,GdnHCl,destabilizing,2008436.0,CD,A,196
1WQ5,P96A,2.0,9.0,327.25,Thermal,destabilizing,2008436.0,DSC,A,87
1WQ5,P28A,2.5,7.0,298.15,GdnHCl,destabilizing,2008436.0,CD,A,27
1BNI,Y17F,0.44,6.3,298.15,Urea,destabilizing,2010920.0,Fluorescence,A,14
1BNI,Y13F,0.52,6.3,298.15,Urea,destabilizing,2010920.0,Fluorescence,A,10
1BNI,Y17A,2.21,6.3,298.15,Urea,destabilizing,2010920.0,Fluorescence,A,14
1BNI,Y13A,3.69,6.3,298.15,Urea,destabilizing,2010920.0,Fluorescence,A,10
1STN,E43D,-0.2,7.0,293.15,GdnHCl,stabilizing,2015219.0,Fluorescence,A,37
1BVC,A130L,2.3,7.5,273.15,Urea,destabilizing,2021603.0,CD,A,129
1BVC,A130K,3.7,7.5,273.15,Urea,destabilizing,2021603.0,CD,A,129
1BVC,F123T,3.5,7.5,273.15,Urea,destabilizing,2021603.0,CD,A,122
1BNI,Y13A,3.71,6.3,298.15,Urea,destabilizing,2023260.0,Fluorescence,A,10
1BNI,Y17A,2.26,6.3,298.15,Urea,destabilizing,2023260.0,Fluorescence,A,14
1VQB,E30F,-2.1,7.0,298.15,GdnHCl,stabilizing,2038057.0,CD,A,29
1VQB,E30M,-0.7,7.0,298.15,GdnHCl,stabilizing,2038057.0,CD,A,29
1VQB,C33S,4.2,7.0,298.15,GdnHCl,destabilizing,2038057.0,CD,A,32
1VQB,D36C,2.0,7.0,298.15,GdnHCl,destabilizing,2038057.0,CD,A,35
1VQB,D36N,1.0,7.0,298.15,GdnHCl,destabilizing,2038057.0,CD,A,35
1VQB,I47T,7.4,7.0,298.15,GdnHCl,destabilizing,2038057.0,CD,A,46
1VQB,D50H,1.5,7.0,298.15,GdnHCl,destabilizing,2038057.0,CD,A,49
1VQB,F68L,4.2,7.0,298.15,GdnHCl,destabilizing,2038057.0,CD,A,67
1VQB,K69H,1.2,7.0,298.15,GdnHCl,destabilizing,2038057.0,CD,A,68
1VQB,K69M,-0.2,7.0,298.15,GdnHCl,stabilizing,2038057.0,CD,A,68
1VQB,V70C,3.1,7.0,298.15,GdnHCl,destabilizing,2038057.0,CD,A,69
1VQB,V70P,5.0,7.0,298.15,GdnHCl,destabilizing,2038057.0,CD,A,69
1LRP,P78A,1.6,7.0,328.15,Thermal,destabilizing,2148681.0,CD,A,74
1WQ5,G211V,-0.25,7.8,298.15,Urea,stabilizing,2185841.0,CD,A,200
1WQ5,G211R,0.05,7.8,277.15,Urea,destabilizing,2185841.0,CD,A,200
1WQ5,G211E,0.2,7.8,298.15,Urea,destabilizing,2185841.0,CD,A,200
1WQ5,G211D,0.25,7.8,298.15,Urea,destabilizing,2185841.0,CD,A,200
1WQ5,G211S,0.35,7.8,298.15,Urea,destabilizing,2185841.0,CD,A,200
1WQ5,G211W,0.6,7.8,298.15,Urea,destabilizing,2185841.0,CD,A,200
2CI2,R67A,1.4,4.2,323.15,GdnHCl,destabilizing,2207072.0,Fluorescence,I,48
1IGV,E17Q,-0.38,7.0,298.15,Urea,stabilizing,2217161.0,CD,A,16
1IGV,D19N,-0.74,7.0,298.15,Urea,stabilizing,2217161.0,CD,A,18
1IGV,E26Q,-0.09,7.0,298.15,Urea,stabilizing,2217161.0,CD,A,25
1BNI,D12A,-0.43,6.3,298.15,Urea,stabilizing,2248951.0,Fluorescence,A,9
1BNI,T16R,0.48,6.3,298.15,Urea,destabilizing,2248951.0,Fluorescence,A,13
1SPD,C111S,-0.8,7.8,348.05,Thermal,stabilizing,2254318.0,DSC,A,110
1SPD,C6A,-0.1,7.8,348.05,Thermal,stabilizing,2254318.0,DSC,A,5
1STN,L7A,1.6,7.0,293.15,GdnHCl,destabilizing,2261461.0,Fluorescence,A,1
1STN,L7G,1.5,7.0,293.15,GdnHCl,destabilizing,2261461.0,Fluorescence,A,1
1STN,L14A,2.3,7.0,293.15,GdnHCl,destabilizing,2261461.0,Fluorescence,A,8
1STN,L14G,3.7,7.0,293.15,GdnHCl,destabilizing,2261461.0,Fluorescence,A,8
1STN,L25A,2.7,7.0,293.15,GdnHCl,destabilizing,2261461.0,Fluorescence,A,19
1STN,L25G,4.5,7.0,293.15,GdnHCl,destabilizing,2261461.0,Fluorescence,A,19
1STN,L36A,3.55,7.0,293.15,GdnHCl,destabilizing,2261461.0,Fluorescence,A,30
1STN,L36G,5.35,7.0,293.15,GdnHCl,destabilizing,2261461.0,Fluorescence,A,30
1STN,L37A,1.75,7.0,293.15,GdnHCl,destabilizing,2261461.0,Fluorescence,A,31
1STN,L37G,3.85,7.0,293.15,GdnHCl,destabilizing,2261461.0,Fluorescence,A,31
1STN,L38A,1.65,7.0,293.15,GdnHCl,destabilizing,2261461.0,Fluorescence,A,32
1STN,L38G,0.55,7.0,293.15,GdnHCl,destabilizing,2261461.0,Fluorescence,A,32
1STN,L89A,2.6,7.0,293.15,GdnHCl,destabilizing,2261461.0,Fluorescence,A,83
1STN,L89G,3.2,7.0,293.15,GdnHCl,destabilizing,2261461.0,Fluorescence,A,83
1STN,L103A,4.6,7.0,293.15,GdnHCl,destabilizing,2261461.0,Fluorescence,A,97
1STN,L103G,6.6,7.0,293.15,GdnHCl,destabilizing,2261461.0,Fluorescence,A,97
1STN,L108A,5.8,7.0,293.15,GdnHCl,destabilizing,2261461.0,Fluorescence,A,102
1STN,L108G,7.2,7.0,293.15,GdnHCl,destabilizing,2261461.0,Fluorescence,A,102
1STN,L125A,4.9,7.0,293.15,GdnHCl,destabilizing,2261461.0,Fluorescence,A,119
1STN,L125G,7.0,7.0,293.15,GdnHCl,destabilizing,2261461.0,Fluorescence,A,119
1STN,L137A,2.3,7.0,293.15,GdnHCl,destabilizing,2261461.0,Fluorescence,A,131
1STN,L137G,4.6,7.0,293.15,GdnHCl,destabilizing,2261461.0,Fluorescence,A,131
1STN,V23A,2.9,7.0,293.15,GdnHCl,destabilizing,2261461.0,Fluorescence,A,17
1STN,V23G,5.6,7.0,293.15,GdnHCl,destabilizing,2261461.0,Fluorescence,A,17
1STN,V39A,2.2,7.0,293.15,GdnHCl,destabilizing,2261461.0,Fluorescence,A,33
1STN,V39G,4.7,7.0,293.15,GdnHCl,destabilizing,2261461.0,Fluorescence,A,33
1STN,V51A,0.25,7.0,293.15,GdnHCl,destabilizing,2261461.0,Fluorescence,A,45
1STN,V51G,0.35,7.0,293.15,GdnHCl,destabilizing,2261461.0,Fluorescence,A,45
1STN,V66A,2.2,7.0,293.15,GdnHCl,destabilizing,2261461.0,Fluorescence,A,60
1STN,V66G,4.4,7.0,293.15,GdnHCl,destabilizing,2261461.0,Fluorescence,A,60
1STN,V74A,3.1,7.0,293.15,GdnHCl,destabilizing,2261461.0,Fluorescence,A,68
1STN,V74G,6.6,7.0,293.15,GdnHCl,destabilizing,2261461.0,Fluorescence,A,68
1STN,V99A,3.2,7.0,293.15,GdnHCl,destabilizing,2261461.0,Fluorescence,A,93
1STN,V99G,5.0,7.0,293.15,GdnHCl,destabilizing,2261461.0,Fluorescence,A,93
1STN,V104A,2.9,7.0,293.15,GdnHCl,destabilizing,2261461.0,Fluorescence,A,98
1STN,V104G,6.5,7.0,293.15,GdnHCl,destabilizing,2261461.0,Fluorescence,A,98
1STN,V111A,4.45,7.0,293.15,GdnHCl,destabilizing,2261461.0,Fluorescence,A,105
1STN,V111G,4.9,7.0,293.15,GdnHCl,destabilizing,2261461.0,Fluorescence,A,105
1STN,V114A,-0.0,7.0,293.15,GdnHCl,stabilizing,2261461.0,Fluorescence,A,108
1STN,V114G,0.2,7.0,293.15,GdnHCl,destabilizing,2261461.0,Fluorescence,A,108
1STN,I15V,0.8,7.0,293.15,GdnHCl,destabilizing,2261461.0,Fluorescence,A,9
1STN,I15A,2.65,7.0,293.15,GdnHCl,destabilizing,2261461.0,Fluorescence,A,9
1STN,I15G,3.3,7.0,293.15,GdnHCl,destabilizing,2261461.0,Fluorescence,A,9
1STN,I18V,1.1,7.0,293.15,GdnHCl,destabilizing,2261461.0,Fluorescence,A,12
1STN,I18A,2.5,7.0,293.15,GdnHCl,destabilizing,2261461.0,Fluorescence,A,12
1STN,I18G,2.55,7.0,293.15,GdnHCl,destabilizing,2261461.0,Fluorescence,A,12
1STN,I72V,1.8,7.0,293.15,GdnHCl,destabilizing,2261461.0,Fluorescence,A,66
1STN,I72A,5.1,7.0,293.15,GdnHCl,destabilizing,2261461.0,Fluorescence,A,66
1STN,I72G,6.5,7.0,293.15,GdnHCl,destabilizing,2261461.0,Fluorescence,A,66
1STN,I92V,0.45,7.0,293.15,GdnHCl,destabilizing,2261461.0,Fluorescence,A,86
1STN,I92A,4.0,7.0,293.15,GdnHCl,destabilizing,2261461.0,Fluorescence,A,86
1STN,I92G,6.6,7.0,293.15,GdnHCl,destabilizing,2261461.0,Fluorescence,A,86
1STN,I139V,1.5,7.0,293.15,GdnHCl,destabilizing,2261461.0,Fluorescence,A,133
1STN,I139A,3.5,7.0,293.15,GdnHCl,destabilizing,2261461.0,Fluorescence,A,133
1STN,I139G,4.4,7.0,293.15,GdnHCl,destabilizing,2261461.0,Fluorescence,A,133
1STN,M26A,1.5,7.0,293.15,GdnHCl,destabilizing,2261461.0,Fluorescence,A,20
1STN,M26G,2.2,7.0,293.15,GdnHCl,destabilizing,2261461.0,Fluorescence,A,20
1STN,M32A,1.7,7.0,293.15,GdnHCl,destabilizing,2261461.0,Fluorescence,A,26
1STN,M32G,2.4,7.0,293.15,GdnHCl,destabilizing,2261461.0,Fluorescence,A,26
1STN,M65A,2.0,7.0,293.15,GdnHCl,destabilizing,2261461.0,Fluorescence,A,59
1STN,M65G,4.6,7.0,293.15,GdnHCl,destabilizing,2261461.0,Fluorescence,A,59
1STN,M98A,4.6,7.0,293.15,GdnHCl,destabilizing,2261461.0,Fluorescence,A,92
1STN,M98G,4.5,7.0,293.15,GdnHCl,destabilizing,2261461.0,Fluorescence,A,92
1STN,Y27G,5.45,7.0,293.15,GdnHCl,destabilizing,2261461.0,Fluorescence,A,21
1STN,Y54A,2.15,7.0,293.15,GdnHCl,destabilizing,2261461.0,Fluorescence,A,48
1STN,Y54G,1.85,7.0,293.15,GdnHCl,destabilizing,2261461.0,Fluorescence,A,48
1STN,Y85A,0.4,7.0,293.15,GdnHCl,destabilizing,2261461.0,Fluorescence,A,79
1STN,Y85G,1.0,7.0,293.15,GdnHCl,destabilizing,2261461.0,Fluorescence,A,79
1STN,Y91A,5.3,7.0,293.15,GdnHCl,destabilizing,2261461.0,Fluorescence,A,85
1STN,Y91G,6.7,7.0,293.15,GdnHCl,destabilizing,2261461.0,Fluorescence,A,85
1STN,Y93A,6.5,7.0,293.15,GdnHCl,destabilizing,2261461.0,Fluorescence,A,87
1STN,Y93G,7.5,7.0,293.15,GdnHCl,destabilizing,2261461.0,Fluorescence,A,87
1STN,Y113A,-0.05,7.0,293.15,GdnHCl,stabilizing,2261461.0,Fluorescence,A,107
1STN,Y113G,0.25,7.0,293.15,GdnHCl,destabilizing,2261461.0,Fluorescence,A,107
1STN,Y115A,0.3,7.0,293.15,GdnHCl,destabilizing,2261461.0,Fluorescence,A,109
1STN,Y115G,0.7,7.0,293.15,GdnHCl,destabilizing,2261461.0,Fluorescence,A,109
1STN,F34A,3.7,7.0,293.15,GdnHCl,destabilizing,2261461.0,Fluorescence,A,28
1STN,F34G,6.2,7.0,293.15,GdnHCl,destabilizing,2261461.0,Fluorescence,A,28
1STN,F61A,2.35,7.0,293.15,GdnHCl,destabilizing,2261461.0,Fluorescence,A,55
1STN,F61G,4.75,7.0,293.15,GdnHCl,destabilizing,2261461.0,Fluorescence,A,55
1STN,F76A,4.05,7.0,293.15,GdnHCl,destabilizing,2261461.0,Fluorescence,A,70
1STN,F76G,4.7,7.0,293.15,GdnHCl,destabilizing,2261461.0,Fluorescence,A,70
1STN,Y27A,-4.2,7.0,293.15,GdnHCl,stabilizing,2261461.0,Fluorescence,A,21
1BNI,D12A,0.34,6.3,298.15,Urea,destabilizing,2266554.0,Fluorescence,A,9
1BNI,R110A,0.46,6.3,298.15,Urea,destabilizing,2266554.0,Fluorescence,A,107
1BNI,D8A,0.99,6.3,298.15,Urea,destabilizing,2266554.0,Fluorescence,A,5
5CRO,Y26D,-2.7,7.0,318.15,Thermal,stabilizing,2314475.0,CD,O,25
5CRO,Y26C,-2.2,7.0,318.15,Thermal,stabilizing,2314475.0,CD,O,25
5CRO,Y26H,-1.9,7.0,318.15,Thermal,stabilizing,2314475.0,CD,O,25
5CRO,Y26Q,-1.4,7.0,318.15,Thermal,stabilizing,2314475.0,CD,O,25
5CRO,Y26W,0.1,7.0,318.15,Thermal,destabilizing,2314475.0,CD,O,25
5CRO,Y26L,-1.1,7.0,318.15,Thermal,stabilizing,2314475.0,CD,O,25
5CRO,Y26V,-0.9,7.0,318.15,Thermal,stabilizing,2314475.0,CD,O,25
5CRO,Y26F,-0.4,7.0,318.15,Thermal,stabilizing,2314475.0,CD,O,25
2LZM,V131A,-0.15,2.03,314.62,Thermal,stabilizing,2326253.0,CD,A,130
2LZM,V131T,0.11,2.03,314.62,Thermal,destabilizing,2326253.0,CD,A,130
2LZM,A41V,-0.42,2.03,314.62,Thermal,stabilizing,2326253.0,CD,A,40
2LZM,V131A,-0.3,2.83,324.25,Thermal,stabilizing,2326253.0,CD,A,130
2LZM,V131T,0.05,2.83,324.25,Thermal,destabilizing,2326253.0,CD,A,130
2LZM,A41V,-0.45,2.83,324.25,Thermal,stabilizing,2326253.0,CD,A,40
2LZM,H31N,4.0,5.5,339.15,Thermal,destabilizing,2337607.0,CD,A,30
1STN,H124L,-0.7,5.2,313.15,Thermal,stabilizing,2372535.0,NMR,A,118
1STN,H46Y,-0.0,5.38,313.15,Thermal,destabilizing,2372535.0,NMR,A,40
1STN,I18M,0.2,5.42,313.15,Thermal,destabilizing,2372535.0,NMR,A,12
1STN,L89F,1.2,5.38,313.15,Thermal,destabilizing,2372535.0,NMR,A,83
1STN,V23F,1.5,5.35,313.15,Thermal,destabilizing,2372535.0,NMR,A,17
1STN,G79S,1.8,5.28,313.15,Thermal,destabilizing,2372535.0,NMR,A,73
1STN,I18G,2.6,7.0,293.15,GdnHCl,destabilizing,2381904.0,Fluorescence,A,12
1STN,T33S,1.25,7.0,293.15,GdnHCl,destabilizing,2381904.0,Fluorescence,A,27
1STN,L36A,3.55,7.0,293.15,GdnHCl,destabilizing,2381904.0,Fluorescence,A,30
1STN,L36G,5.35,7.0,293.15,GdnHCl,destabilizing,2381904.0,Fluorescence,A,30
1STN,L37A,1.75,7.0,293.15,GdnHCl,destabilizing,2381904.0,Fluorescence,A,31
1STN,L37G,3.85,7.0,293.15,GdnHCl,destabilizing,2381904.0,Fluorescence,A,31
1STN,A60G,1.45,7.0,293.15,GdnHCl,destabilizing,2381904.0,Fluorescence,A,54
1STN,A60V,2.85,7.0,293.15,GdnHCl,destabilizing,2381904.0,Fluorescence,A,54
1STN,F61A,2.35,7.0,293.15,GdnHCl,destabilizing,2381904.0,Fluorescence,A,55
1STN,F61G,4.75,7.0,293.15,GdnHCl,destabilizing,2381904.0,Fluorescence,A,55
1STN,T62A,2.4,7.0,293.15,GdnHCl,destabilizing,2381904.0,Fluorescence,A,56
1STN,T62G,3.45,7.0,293.15,GdnHCl,destabilizing,2381904.0,Fluorescence,A,56
1STN,E73A,1.6,7.0,293.15,GdnHCl,destabilizing,2381904.0,Fluorescence,A,67
1STN,F76A,4.05,7.0,293.15,GdnHCl,destabilizing,2381904.0,Fluorescence,A,70
1STN,F76G,4.7,7.0,293.15,GdnHCl,destabilizing,2381904.0,Fluorescence,A,70
1STN,D77A,3.133333333,7.0,293.15,GdnHCl,destabilizing,2381904.0,Fluorescence,A,71
1STN,D77G,2.2,7.0,293.15,GdnHCl,destabilizing,2381904.0,Fluorescence,A,71
1STN,G79S,2.64,7.0,293.15,GdnHCl,destabilizing,2381904.0,Fluorescence,A,73
1STN,D83A,3.85,7.0,293.15,GdnHCl,destabilizing,2381904.0,Fluorescence,A,77
1STN,D83G,2.75,7.0,293.15,GdnHCl,destabilizing,2381904.0,Fluorescence,A,77
1STN,A90S,2.0,7.0,293.15,GdnHCl,destabilizing,2381904.0,Fluorescence,A,84
1STN,Y91S,5.3,7.0,293.15,GdnHCl,destabilizing,2381904.0,Fluorescence,A,85
1STN,D95A,3.6,7.0,293.15,GdnHCl,destabilizing,2381904.0,Fluorescence,A,89
1STN,D95G,3.1,7.0,293.15,GdnHCl,destabilizing,2381904.0,Fluorescence,A,89
1STN,L103A,4.6,7.0,293.15,GdnHCl,destabilizing,2381904.0,Fluorescence,A,97
1STN,N118D,2.45,7.0,293.15,GdnHCl,destabilizing,2381904.0,Fluorescence,A,112
1TPK,V65I,-0.3,4.5,337.45,Thermal,stabilizing,2502177.0,DSC,A,69
1TPK,V65T,1.0,4.5,337.45,Thermal,destabilizing,2502177.0,DSC,A,69
1TPK,V65L,1.9,4.5,337.45,Thermal,destabilizing,2502177.0,DSC,A,69
1TPK,V65A,2.0,4.5,337.45,Thermal,destabilizing,2502177.0,DSC,A,69
1TPK,V65M,2.2,4.5,337.45,Thermal,destabilizing,2502177.0,DSC,A,69
1TPK,V65S,2.4,4.5,337.45,Thermal,destabilizing,2502177.0,DSC,A,69
2LZM,N55G,0.5,2.0,315.05,Thermal,destabilizing,2511328.0,CD,A,54
2LZM,K124G,-0.0,2.0,315.05,Thermal,stabilizing,2511328.0,CD,A,123
2LZM,N55G,0.6,6.5,337.85,Thermal,destabilizing,2511328.0,CD,A,54
2LZM,K124G,0.1,6.5,337.85,Thermal,destabilizing,2511328.0,CD,A,123
1CLW,G323D,0.4,7.4,361.55,Thermal,destabilizing,2525128.0,DSC,A,210
1CLW,T235I,1.6,7.4,361.55,Thermal,destabilizing,2525128.0,DSC,A,122
1CLW,G177R,2.1,7.4,361.55,Thermal,destabilizing,2525128.0,DSC,A,64
1CLW,E309V,2.3,7.4,361.55,Thermal,destabilizing,2525128.0,DSC,A,196
1CLW,G244R,4.0,7.4,361.55,Thermal,destabilizing,2525128.0,DSC,A,131
1CLW,R285K,10.3,7.4,361.55,Thermal,destabilizing,2525128.0,DSC,A,172
1CLW,R382S,17.4,7.4,361.55,Thermal,destabilizing,2525128.0,DSC,A,269
1ANK,R88G,0.2,7.4,324.95,Thermal,destabilizing,2542263.0,DSC,A,87
1RX4,W74F,1.2,7.8,288.15,Urea,destabilizing,2622906.0,Abs,A,73
1RX4,V75C,0.05,7.8,288.15,Urea,destabilizing,2655702.0,CD,A,74
1RX4,V75S,0.8,7.8,288.15,Urea,destabilizing,2655702.0,CD,A,74
1RX4,V75H,1.85,7.8,288.15,Urea,destabilizing,2655702.0,CD,A,74
1RX4,V75H,1.6,6.5,288.15,Urea,destabilizing,2655702.0,CD,A,74
1RX4,V75I,1.65,7.8,288.15,Urea,destabilizing,2655702.0,CD,A,74
1RX4,V75R,2.0,7.8,288.15,Urea,destabilizing,2655702.0,CD,A,74
1RX4,V75Y,1.8,7.8,288.15,Urea,destabilizing,2655702.0,CD,A,74
1RX4,V75A,0.05,7.8,288.15,Urea,destabilizing,2655702.0,CD,A,74
1RN1,E58A,0.835,7.0,298.15,Urea,destabilizing,2663837.0,Fluorescence,A,56
1RN1,Q25K,-0.93,7.0,321.75,Thermal,stabilizing,2663837.0,Fluorescence,A,24
1RN1,E58A,0.78,7.0,321.75,Thermal,destabilizing,2663837.0,Fluorescence,A,56
1RN1,Q25K,-0.855,7.0,298.15,Urea,stabilizing,2663837.0,Fluorescence,A,24
1BNI,I88V,0.954,6.3,298.15,Urea,destabilizing,2669964.0,Fluorescence,A,85
1BNI,I96A,1.445,6.3,298.15,Urea,destabilizing,2669964.0,Fluorescence,A,93
1BNI,I88A,3.17,6.3,298.15,Urea,destabilizing,2669964.0,Fluorescence,A,85
1BNI,L14A,4.246666667,6.3,298.15,Urea,destabilizing,2669964.0,Fluorescence,A,11
1BNI,I96V,0.9,6.3,321.15,Thermal,destabilizing,2669964.0,Fluorescence,A,93
1BNI,I96V,0.95,6.3,298.15,GdnHCl,destabilizing,2669964.0,Fluorescence,A,93
1BNI,I88V,1.1,6.3,321.15,Thermal,destabilizing,2669964.0,Fluorescence,A,85
1BNI,I96A,3.2,6.3,321.15,Thermal,destabilizing,2669964.0,Fluorescence,A,93
1BNI,I88A,3.9,6.3,321.15,Thermal,destabilizing,2669964.0,Fluorescence,A,85
1BNI,L14A,4.2,6.3,321.15,Thermal,destabilizing,2669964.0,Fluorescence,A,11
2LZM,L133F,0.2,1.99,314.55,Thermal,destabilizing,2682639.0,CD,A,132
2LZM,A129V,0.8,1.99,314.55,Thermal,destabilizing,2682639.0,CD,A,128
2LZM,L133F,0.3,2.86,325.25,Thermal,destabilizing,2682639.0,CD,A,132
2LZM,A129V,0.7,2.86,325.25,Thermal,destabilizing,2682639.0,CD,A,128
1SUP,N218S,-1.07,8.0,331.95,Thermal,stabilizing,2684274.0,DSC,A,217
1SUP,G169A,-0.3,8.0,331.95,Thermal,stabilizing,2684274.0,DSC,A,168
1SUP,M50F,-0.48,8.0,331.95,Thermal,stabilizing,2684274.0,DSC,A,49
1SUP,Y217K,-0.72,8.0,331.95,Thermal,stabilizing,2684274.0,DSC,A,216
1SUP,Q206C,-1.25,8.0,331.95,Thermal,stabilizing,2684274.0,DSC,A,205
1SUP,N76D,-0.45,8.0,331.95,Thermal,stabilizing,2684274.0,DSC,A,75
1RX4,L28R,-0.5,7.8,288.15,Urea,stabilizing,2692706.0,Abs,A,27
1RX4,E139K,2.36,7.8,288.15,Urea,destabilizing,2692706.0,Abs,A,138
1RX4,E139Q,0.89,7.8,288.15,Urea,destabilizing,2692706.0,Abs,A,138
1BNI,T6A,2.23,6.3,298.15,Urea,destabilizing,2739734.0,Fluorescence,A,3
1BNI,T26A,2.14,6.3,298.15,Urea,destabilizing,2739734.0,Fluorescence,A,23
1BNI,H18Q,1.52,6.3,298.15,Urea,destabilizing,2739734.0,Fluorescence,A,15
1BNI,T16S,1.87,6.3,298.15,Urea,destabilizing,2739734.0,Fluorescence,A,13
1BNI,Y78F,1.5,6.3,298.15,Urea,destabilizing,2739734.0,Fluorescence,A,75
1BNI,L14A,4.8,6.3,298.15,Urea,destabilizing,2739734.0,Fluorescence,A,11
1BNI,I88V,1.49,6.3,298.15,Urea,destabilizing,2739734.0,Fluorescence,A,85
1BNI,I88A,4.46,6.3,298.15,Urea,destabilizing,2739734.0,Fluorescence,A,85
1BNI,I96V,0.98,6.3,298.15,Urea,destabilizing,2739734.0,Fluorescence,A,93
1BNI,I96A,3.52,6.3,298.15,Urea,destabilizing,2739734.0,Fluorescence,A,93
5CRO,Q16L,-2.8,3.0,318.15,Thermal,stabilizing,2780540.0,CD,O,15
5CRO,Y26C,-2.2,3.0,318.15,Thermal,stabilizing,2780540.0,CD,O,25
5CRO,A36S,-0.4,3.0,318.15,Thermal,stabilizing,2780540.0,CD,O,35
1YEA,P71T,0.8,7.2,293.15,GdnHCl,destabilizing,2822088.0,Fluorescence,A,79
1YEA,P76G,1.2,6.0,293.15,GdnHCl,destabilizing,2851328.0,Fluorescence,A,83
1WQ5,E49M,-2.85,7.8,298.15,Urea,stabilizing,2872918.0,CD,A,48
1WQ5,G234D,-1.7,7.8,298.15,Urea,stabilizing,2872918.0,CD,A,223
1WQ5,G211E,-1.4,7.8,298.15,Urea,stabilizing,2872918.0,CD,A,200
1WQ5,F22L,-0.7,7.8,298.15,Urea,stabilizing,2872918.0,CD,A,21
1WQ5,G234K,-0.1,7.8,298.15,Urea,stabilizing,2872918.0,CD,A,223
1ARR,K24T,1.2,7.5,298.15,GdnHCl,destabilizing,2928323.0,CD,A,23
1ARR,L19Q,1.8,7.5,298.15,GdnHCl,destabilizing,2928323.0,CD,A,18
1YCC,P71V,1.0,6.0,293.15,GdnHCl,destabilizing,3026439.0,Fluorescence,A,75
1YCC,P71T,1.7,6.0,293.15,GdnHCl,destabilizing,3026439.0,Fluorescence,A,75
1YCC,P71I,1.7,6.0,293.15,GdnHCl,destabilizing,3026439.0,Fluorescence,A,75
1LRP,Y88C,-2.5,8.0,333.15,Thermal,stabilizing,3061460.0,DSC,A,84
2LZM,T157I,2.9,2.0,315.15,Thermal,destabilizing,3118211.0,CD,A,156
2LZM,T157S,0.66,2.0,315.15,Thermal,destabilizing,3118211.0,CD,A,156
2LZM,T157D,1.1,2.0,315.15,Thermal,destabilizing,3118211.0,CD,A,156
2LZM,T157G,1.1,2.0,315.15,Thermal,destabilizing,3118211.0,CD,A,156
2LZM,T157C,1.3,2.0,315.15,Thermal,destabilizing,3118211.0,CD,A,156
2LZM,T157H,2.1,2.0,315.15,Thermal,destabilizing,3118211.0,CD,A,156
2LZM,T157F,2.4,2.0,315.15,Thermal,destabilizing,3118211.0,CD,A,156
2LZM,T157V,1.6,2.0,315.15,Thermal,destabilizing,3118211.0,CD,A,156
2LZM,T157E,1.5,2.0,315.15,Thermal,destabilizing,3118211.0,CD,A,156
2LZM,T157A,1.4,2.0,315.15,Thermal,destabilizing,3118211.0,CD,A,156
2LZM,T157L,1.3,2.0,315.15,Thermal,destabilizing,3118211.0,CD,A,156
2LZM,T157R,1.3,2.0,315.15,Thermal,destabilizing,3118211.0,CD,A,156
2LZM,T157N,0.45,2.0,315.15,Thermal,destabilizing,3118211.0,CD,A,156
1STN,G88V,0.12,7.0,293.15,GdnHCl,destabilizing,3167015.0,Fluorescence,A,82
1STN,V66L,0.12,7.0,293.15,GdnHCl,destabilizing,3167015.0,Fluorescence,A,60
1STN,A69T,2.676666667,7.0,293.15,GdnHCl,destabilizing,3167015.0,Fluorescence,A,63
2LZM,C54V,0.7,6.5,343.15,Thermal,destabilizing,3277175.0,CD,A,53
2LZM,C54T,-0.3,6.5,343.15,Thermal,stabilizing,3277175.0,CD,A,53
2LZM,R96H,2.8,6.5,343.15,Thermal,destabilizing,3277175.0,CD,A,95
2LZM,A146T,1.5,6.5,343.15,Thermal,destabilizing,3277175.0,CD,A,145
1WQ5,E49I,-1.24,9.0,298.15,GdnHCl,stabilizing,3299367.0,CD,A,48
1WQ5,E49L,-1.04,9.0,298.15,GdnHCl,stabilizing,3299367.0,CD,A,48
1WQ5,E49V,-1.01,9.0,298.15,GdnHCl,stabilizing,3299367.0,CD,A,48
1WQ5,E49P,-0.8,9.0,298.15,GdnHCl,stabilizing,3299367.0,CD,A,48
1WQ5,E49H,-0.67,9.0,298.15,GdnHCl,stabilizing,3299367.0,CD,A,48
1WQ5,E49G,-0.6,9.0,298.15,GdnHCl,stabilizing,3299367.0,CD,A,48
1WQ5,E49A,-0.59,9.0,298.15,GdnHCl,stabilizing,3299367.0,CD,A,48
1WQ5,E49Q,-0.54,9.0,298.15,GdnHCl,stabilizing,3299367.0,CD,A,48
1WQ5,E49M,-0.52,9.0,298.15,GdnHCl,stabilizing,3299367.0,CD,A,48
1WQ5,E49I,-0.46,7.0,298.15,GdnHCl,stabilizing,3299367.0,CD,A,48
1WQ5,E49L,-0.44,7.0,298.15,GdnHCl,stabilizing,3299367.0,CD,A,48
1WQ5,E49K,-0.39,9.0,298.15,GdnHCl,stabilizing,3299367.0,CD,A,48
1WQ5,E49H,-0.33,7.0,298.15,GdnHCl,stabilizing,3299367.0,CD,A,48
1WQ5,E49N,-0.27,9.0,298.15,GdnHCl,stabilizing,3299367.0,CD,A,48
1WQ5,E49Y,-0.26,9.0,298.15,GdnHCl,stabilizing,3299367.0,CD,A,48
1WQ5,E49K,-0.2,7.0,298.15,GdnHCl,stabilizing,3299367.0,CD,A,48
1WQ5,E49V,-0.14,7.0,298.15,GdnHCl,stabilizing,3299367.0,CD,A,48
1WQ5,E49S,-0.09,9.0,298.15,GdnHCl,stabilizing,3299367.0,CD,A,48
1WQ5,E49G,-0.08,7.0,298.15,GdnHCl,stabilizing,3299367.0,CD,A,48
1WQ5,E49C,-0.01,7.0,298.15,GdnHCl,stabilizing,3299367.0,CD,A,48
1WQ5,E49P,-0.0,7.0,298.15,GdnHCl,stabilizing,3299367.0,CD,A,48
1WQ5,E49F,0.02,9.0,298.15,GdnHCl,destabilizing,3299367.0,CD,A,48
1WQ5,E49D,0.03,9.0,298.15,GdnHCl,destabilizing,3299367.0,CD,A,48
1WQ5,E49M,0.05,7.0,298.15,GdnHCl,destabilizing,3299367.0,CD,A,48
1WQ5,E49A,0.08,7.0,298.15,GdnHCl,destabilizing,3299367.0,CD,A,48
1WQ5,E49C,0.13,9.0,298.15,GdnHCl,destabilizing,3299367.0,CD,A,48
1WQ5,E49Y,0.17,7.0,298.15,GdnHCl,destabilizing,3299367.0,CD,A,48
1WQ5,E49Q,0.23,7.0,298.15,GdnHCl,destabilizing,3299367.0,CD,A,48
1WQ5,E49T,0.26,9.0,298.15,GdnHCl,destabilizing,3299367.0,CD,A,48
1WQ5,E49S,0.59,7.0,298.15,GdnHCl,destabilizing,3299367.0,CD,A,48
1WQ5,E49T,0.62,7.0,298.15,GdnHCl,destabilizing,3299367.0,CD,A,48
1WQ5,E49N,0.69,7.0,298.15,GdnHCl,destabilizing,3299367.0,CD,A,48
1WQ5,E49D,0.8,7.0,298.15,GdnHCl,destabilizing,3299367.0,CD,A,48
1WQ5,E49F,0.86,7.0,298.15,GdnHCl,destabilizing,3299367.0,CD,A,48
1WQ5,E49W,0.97,7.0,298.15,GdnHCl,destabilizing,3299367.0,CD,A,48
1WQ5,E49W,1.1,9.0,298.15,GdnHCl,destabilizing,3299367.0,CD,A,48
1RX4,D27N,-1.4,7.8,288.15,Urea,stabilizing,3300767.0,Fluorescence,A,26
1RX4,L28R,-1.405,7.8,288.15,Urea,stabilizing,3300767.0,Fluorescence,A,27
1RX4,F31V,1.5,7.8,288.15,Urea,destabilizing,3300767.0,Fluorescence,A,30
1RX4,R44L,-1.45,7.8,288.15,Urea,stabilizing,3300767.0,Fluorescence,A,43
1RX4,T113V,1.2,7.8,288.15,Urea,destabilizing,3300767.0,Fluorescence,A,112
1RX4,E139K,1.335,7.8,288.15,Urea,destabilizing,3300767.0,Fluorescence,A,138
2TRX,P76A,3.9,7.0,298.15,GdnHCl,destabilizing,3322388.0,CD,A,75
2TRX,P34S,0.1,7.0,298.15,GdnHCl,destabilizing,3322388.0,CD,A,33
1BNI,I96V,1.1,6.3,298.15,Urea,destabilizing,3386721.0,Fluorescence,A,93
1BNI,I96A,4.0,6.3,298.15,Urea,destabilizing,3386721.0,Fluorescence,A,93
1BNI,F7L,4.35,6.15,298.15,Urea,destabilizing,3386721.0,Fluorescence,A,4
2LZM,I3Y,2.7,2.0,315.05,Thermal,destabilizing,3405287.0,CD,A,2
2LZM,I3V,0.6,2.0,315.05,Thermal,destabilizing,3405287.0,CD,A,2
2LZM,I3M,0.3,2.0,315.05,Thermal,destabilizing,3405287.0,CD,A,2
2LZM,I3A,1.1,2.0,315.05,Thermal,destabilizing,3405287.0,CD,A,2
2LZM,I3S,1.9,2.0,315.05,Thermal,destabilizing,3405287.0,CD,A,2
2LZM,I3G,1.8,2.0,315.05,Thermal,destabilizing,3405287.0,CD,A,2
2LZM,I3D,1.8,2.0,315.05,Thermal,destabilizing,3405287.0,CD,A,2
2LZM,I3W,2.8,6.5,337.85,Thermal,destabilizing,3405287.0,CD,A,2
2LZM,I3Y,2.3,6.5,337.85,Thermal,destabilizing,3405287.0,CD,A,2
2LZM,I3F,1.1,6.5,337.85,Thermal,destabilizing,3405287.0,CD,A,2
2LZM,I3L,-0.4,6.5,337.85,Thermal,stabilizing,3405287.0,CD,A,2
2LZM,I3V,0.4,6.5,337.85,Thermal,destabilizing,3405287.0,CD,A,2
2LZM,I3M,0.9,6.5,337.85,Thermal,destabilizing,3405287.0,CD,A,2
2LZM,I3A,0.7,6.5,337.85,Thermal,destabilizing,3405287.0,CD,A,2
2LZM,I3T,2.3,6.5,337.85,Thermal,destabilizing,3405287.0,CD,A,2
2LZM,I3S,1.7,6.5,337.85,Thermal,destabilizing,3405287.0,CD,A,2
2LZM,I3G,2.1,6.5,337.85,Thermal,destabilizing,3405287.0,CD,A,2
2LZM,I3E,2.0,6.5,337.85,Thermal,destabilizing,3405287.0,CD,A,2
2LZM,I3D,3.2,6.5,337.85,Thermal,destabilizing,3405287.0,CD,A,2
2LZM,I3C,-1.2,6.5,337.85,Thermal,stabilizing,3405287.0,CD,A,2
2LZM,I3C,-1.0,2.0,315.05,Thermal,stabilizing,3405287.0,CD,A,2
2LZM,I3L,-0.9,2.0,315.05,Thermal,stabilizing,3405287.0,CD,A,2
2LZM,I3F,1.0,2.0,315.05,Thermal,destabilizing,3405287.0,CD,A,2
2LZM,I3E,1.1,2.0,315.05,Thermal,destabilizing,3405287.0,CD,A,2
2LZM,I3T,1.7,2.0,315.05,Thermal,destabilizing,3405287.0,CD,A,2
2LZM,I3W,3.6,2.0,315.05,Thermal,destabilizing,3405287.0,CD,A,2
1IGV,P20G,1.19,7.1,298.15,Urea,destabilizing,3409879.0,CD,A,19
1IGV,Y13F,1.19,7.1,298.15,Urea,destabilizing,3409879.0,CD,A,12
1IGV,E17Q,-0.48,7.1,298.15,Urea,stabilizing,3409879.0,CD,A,16
1LRP,G48A,-0.87,8.0,326.55,Thermal,stabilizing,3449850.0,DSC,A,44
1LRP,G48N,-0.79,8.0,326.55,Thermal,stabilizing,3449850.0,DSC,A,44
1LRP,G48S,-0.68,8.0,326.55,Thermal,stabilizing,3449850.0,DSC,A,44
1LRP,G46A,-0.66,8.0,326.55,Thermal,stabilizing,3449850.0,DSC,A,42
1STN,V66L,0.2,7.0,293.15,GdnHCl,destabilizing,3449854.0,Fluorescence,A,60
1STN,G79S,2.6,7.0,293.15,GdnHCl,destabilizing,3449854.0,Fluorescence,A,73
1STN,G88V,1.0,7.0,293.15,GdnHCl,destabilizing,3449854.0,Fluorescence,A,82
1STN,I18M,0.6,7.0,293.15,GdnHCl,destabilizing,3449854.0,Fluorescence,A,12
1STN,A69T,2.7,7.0,293.15,GdnHCl,destabilizing,3449854.0,Fluorescence,A,63
1STN,A90S,2.0,7.0,293.15,GdnHCl,destabilizing,3449854.0,Fluorescence,A,84
2LZM,A82P,-0.8,6.5,337.85,Thermal,stabilizing,3477797.0,CD,A,81
2LZM,G77A,-0.4,6.5,337.85,Thermal,stabilizing,3477797.0,CD,A,76
2LZM,A82P,-0.3,2.0,315.05,Thermal,stabilizing,3477797.0,CD,A,81
2LZM,G77A,0.4,2.0,315.05,Thermal,destabilizing,3477797.0,CD,A,76
1WQ5,G211E,-0.43,7.8,298.15,Urea,stabilizing,3539187.0,Abs,A,200
1WQ5,Y175C,0.1,7.8,298.15,Urea,destabilizing,3539187.0,Abs,A,166
2LZM,G156D,1.4,2.0,315.05,Thermal,destabilizing,3680274.0,CD,A,155
2LZM,G156D,2.3,6.5,337.85,Thermal,destabilizing,3680274.0,CD,A,155
2LZM,T157I,2.1,4.0,335.95,Thermal,destabilizing,3681997.0,CD,A,156
2LZM,T157I,1.2,6.0,337.65,Thermal,destabilizing,3681997.0,CD,A,156
2LZM,M6I,1.38,6.0,338.65,Thermal,destabilizing,3689874.0,CD,A,5
2LZM,C54T,-1.36,6.0,338.65,Thermal,stabilizing,3689874.0,CD,A,53
2LZM,R96H,2.82,6.0,338.65,Thermal,destabilizing,3689874.0,CD,A,95
2LZM,A160T,1.65,6.0,338.65,Thermal,destabilizing,3689874.0,CD,A,159
1BLC,D179N,0.435406699,6.5,293.15,GdnHCl,destabilizing,3877172.0,CD,A,145
6DS9,E41Q,-0.2,8.5,298.15,GdnHCl,stabilizing,6183058.0,MCD,A,39
1LRP,A66T,2.99,8.0,324.65,Thermal,destabilizing,6237363.0,DSC,A,62
1LRP,Y22H,2.25,8.0,324.65,Thermal,destabilizing,6237363.0,DSC,A,18
1LRP,I84S,2.25,8.0,324.65,Thermal,destabilizing,6237363.0,DSC,A,80
1LRP,A49V,1.22,8.0,324.65,Thermal,destabilizing,6237363.0,DSC,A,45
1LRP,Q44Y,0.02,8.0,324.65,Thermal,destabilizing,6237363.0,DSC,A,40
1LRP,K4Q,-0.43,8.0,324.65,Thermal,stabilizing,6237363.0,DSC,A,0
1LRP,Q33Y,-1.32,8.0,324.65,Thermal,stabilizing,6237363.0,DSC,A,29
2LZM,M102V,3.0,3.0,320.15,Thermal,destabilizing,6726809.0,CD,A,101
2LZM,R96H,3.3,3.0,320.15,Thermal,destabilizing,6726809.0,CD,A,95
2LZM,A146T,2.29,3.0,320.15,Thermal,destabilizing,6726809.0,CD,A,145
2LZM,E128K,1.16,3.0,320.15,Thermal,destabilizing,6726809.0,CD,A,127
1WQ5,E49V,-4.5,9.0,298.15,GdnHCl,stabilizing,6757449.0,CD,A,48
1WQ5,E49M,-4.5,7.0,298.15,GdnHCl,stabilizing,6757449.0,CD,A,48
1WQ5,E49Q,-3.6,9.0,298.15,GdnHCl,stabilizing,6757449.0,CD,A,48
1WQ5,E49M,-3.5,9.0,298.15,GdnHCl,stabilizing,6757449.0,CD,A,48
1WQ5,E49V,-3.2,7.0,298.15,GdnHCl,stabilizing,6757449.0,CD,A,48
1WQ5,E49S,-3.1,9.0,298.15,GdnHCl,stabilizing,6757449.0,CD,A,48
1WQ5,E49Y,-1.9,9.0,298.15,GdnHCl,stabilizing,6757449.0,CD,A,48
1WQ5,E49V,-0.9,5.5,298.15,GdnHCl,stabilizing,6757449.0,CD,A,48
1WQ5,E49M,-0.7,5.5,298.15,GdnHCl,stabilizing,6757449.0,CD,A,48
1WQ5,E49Y,-0.0,7.0,298.15,GdnHCl,stabilizing,6757449.0,CD,A,48
1WQ5,E49Y,0.4,5.5,298.15,GdnHCl,destabilizing,6757449.0,CD,A,48
1WQ5,E49S,1.3,5.5,298.15,GdnHCl,destabilizing,6757449.0,CD,A,48
1WQ5,E49S,1.4,7.0,298.15,GdnHCl,destabilizing,6757449.0,CD,A,48
1WQ5,E49Q,2.4,5.5,298.15,GdnHCl,destabilizing,6757449.0,CD,A,48
1WQ5,E49Q,2.5,7.0,298.15,GdnHCl,destabilizing,6757449.0,CD,A,48
1WQ5,E49Q,-2.6,9.3,298.15,Thermal,stabilizing,6816746.0,DSC,A,48
1WQ5,E49S,-1.3,9.3,298.15,Thermal,stabilizing,6816746.0,DSC,A,48
1WQ5,E49S,1.05,7.0,298.15,Thermal,destabilizing,6816746.0,DSC,A,48
1WQ5,E49Q,1.75,7.0,298.15,Thermal,destabilizing,6816746.0,DSC,A,48
1WQ5,G211E,-0.6,7.8,330.95,Thermal,stabilizing,6992862.0,DSC,A,200
1WQ5,G211R,-0.1,7.8,330.95,Thermal,stabilizing,6992862.0,DSC,A,200
2LZM,E128K,2.28,3.0,332.0,Thermal,destabilizing,7306671.0,CD,A,127
2LZM,W138Y,3.0,2.0,310.0,Thermal,destabilizing,7306671.0,CD,A,137
2LZM,A146T,4.12,3.0,332.0,Thermal,destabilizing,7306671.0,CD,A,145
2LZM,R96H,4.45,3.0,332.0,Thermal,destabilizing,7306671.0,CD,A,95
2LZM,M102V,4.67,3.0,332.0,Thermal,destabilizing,7306671.0,CD,A,101
1LZ1,I23V,0.36,2.7,338.05,Thermal,destabilizing,7473760.0,DSC,A,22
1LZ1,I56V,1.2,2.7,338.05,Thermal,destabilizing,7473760.0,DSC,A,55
1LZ1,I59V,1.1,2.7,338.05,Thermal,destabilizing,7473760.0,DSC,A,58
1LZ1,I89V,0.48,2.7,338.05,Thermal,destabilizing,7473760.0,DSC,A,88
1LZ1,I106V,0.72,2.7,338.05,Thermal,destabilizing,7473760.0,DSC,A,105
1CEY,F14N,-2.9,8.0,298.15,Urea,stabilizing,7479708.0,CD,A,12
1CEY,A80G,-0.6,8.0,298.15,Urea,stabilizing,7479708.0,CD,A,78
1CEY,A90G,-0.5,8.0,298.15,Urea,stabilizing,7479708.0,CD,A,88
1CEY,A48G,-0.2,8.0,298.15,Urea,stabilizing,7479708.0,CD,A,46
1CEY,A88G,-0.1,8.0,298.15,Urea,stabilizing,7479708.0,CD,A,86
1CEY,A74G,0.3,8.0,298.15,Urea,destabilizing,7479708.0,CD,A,72
1CEY,A77G,0.3,8.0,298.15,Urea,destabilizing,7479708.0,CD,A,75
1CEY,A99G,0.5,8.0,298.15,Urea,destabilizing,7479708.0,CD,A,97
1CEY,A114G,0.5,8.0,298.15,Urea,destabilizing,7479708.0,CD,A,112
1CEY,A113G,0.8,8.0,298.15,Urea,destabilizing,7479708.0,CD,A,111
1CEY,A101G,1.0,8.0,298.15,Urea,destabilizing,7479708.0,CD,A,99
1BTA,L51V,0.6,8.0,283.15,Urea,destabilizing,7479862.0,CD,A,50
1BTA,I5V,1.0,8.0,283.15,Urea,destabilizing,7479862.0,CD,A,4
1BTA,L16V,1.1,8.0,283.15,Urea,destabilizing,7479862.0,CD,A,15
1BTA,L34V,1.1,8.0,283.15,Urea,destabilizing,7479862.0,CD,A,33
2CI2,K21A,0.795,6.25,298.15,GdnHCl,destabilizing,7490748.0,Fluorescence,I,2
2CI2,K21M,0.7,6.25,298.15,GdnHCl,destabilizing,7490748.0,Fluorescence,I,2
2CI2,P25A,-0.915,6.25,298.15,GdnHCl,stabilizing,7490748.0,Fluorescence,I,6
2CI2,E26A,0.75,6.25,298.15,GdnHCl,destabilizing,7490748.0,Fluorescence,I,7
2CI2,E26Q,0.595,6.25,298.15,GdnHCl,destabilizing,7490748.0,Fluorescence,I,7
2CI2,K30A,0.39,6.25,298.15,GdnHCl,destabilizing,7490748.0,Fluorescence,I,11
2CI2,S31G,0.43,6.25,298.15,GdnHCl,destabilizing,7490748.0,Fluorescence,I,12
2CI2,S31A,0.955,6.25,298.15,GdnHCl,destabilizing,7490748.0,Fluorescence,I,12
2CI2,E33Q,0.345,6.25,298.15,GdnHCl,destabilizing,7490748.0,Fluorescence,I,14
2CI2,E33D,0.645,6.25,298.15,GdnHCl,destabilizing,7490748.0,Fluorescence,I,14
2CI2,E33N,0.49,6.25,298.15,GdnHCl,destabilizing,7490748.0,Fluorescence,I,14
2CI2,E34Q,0.575,6.25,298.15,GdnHCl,destabilizing,7490748.0,Fluorescence,I,15
2CI2,E34D,0.19,6.25,298.15,GdnHCl,destabilizing,7490748.0,Fluorescence,I,15
2CI2,E34N,0.575,6.25,298.15,GdnHCl,destabilizing,7490748.0,Fluorescence,I,15
2CI2,A35G,1.25,6.25,298.15,GdnHCl,destabilizing,7490748.0,Fluorescence,I,16
2CI2,K36A,0.81,6.25,298.15,GdnHCl,destabilizing,7490748.0,Fluorescence,I,17
2CI2,K36G,2.165,6.25,298.15,GdnHCl,destabilizing,7490748.0,Fluorescence,I,17
2CI2,K37A,0.39,6.25,298.15,GdnHCl,destabilizing,7490748.0,Fluorescence,I,18
2CI2,K37G,1.285,6.25,298.15,GdnHCl,destabilizing,7490748.0,Fluorescence,I,18
2CI2,V38A,0.275,6.25,298.15,GdnHCl,destabilizing,7490748.0,Fluorescence,I,19
2CI2,I39V,1.135,6.25,298.15,GdnHCl,destabilizing,7490748.0,Fluorescence,I,20
2CI2,L40A,1.27,6.25,298.15,GdnHCl,destabilizing,7490748.0,Fluorescence,I,21
2CI2,L40G,1.735,6.25,298.15,GdnHCl,destabilizing,7490748.0,Fluorescence,I,21
2CI2,Q41A,0.28,6.25,298.15,GdnHCl,destabilizing,7490748.0,Fluorescence,I,22
2CI2,Q41G,0.76,6.25,298.15,GdnHCl,destabilizing,7490748.0,Fluorescence,I,22
2CI2,D42A,1.005,6.25,298.15,GdnHCl,destabilizing,7490748.0,Fluorescence,I,23
2CI2,K43A,1.25,6.25,298.15,GdnHCl,destabilizing,7490748.0,Fluorescence,I,24
2CI2,K43G,3.34,6.25,298.15,GdnHCl,destabilizing,7490748.0,Fluorescence,I,24
2CI2,P44A,1.49,6.25,298.15,GdnHCl,destabilizing,7490748.0,Fluorescence,I,25
2CI2,E45A,0.55,6.25,298.15,GdnHCl,destabilizing,7490748.0,Fluorescence,I,26
2CI2,L51A,2.055,6.25,298.15,GdnHCl,destabilizing,7490748.0,Fluorescence,I,32
2CI2,L51I,0.635,6.25,298.15,GdnHCl,destabilizing,7490748.0,Fluorescence,I,32
2CI2,L51V,0.76,6.25,298.15,GdnHCl,destabilizing,7490748.0,Fluorescence,I,32
2CI2,P52A,0.375,6.25,298.15,GdnHCl,destabilizing,7490748.0,Fluorescence,I,33
2CI2,T55S,0.5,6.25,298.15,GdnHCl,destabilizing,7490748.0,Fluorescence,I,36
2CI2,T55V,1.165,6.25,298.15,GdnHCl,destabilizing,7490748.0,Fluorescence,I,36
2CI2,T55A,0.595,6.25,298.15,GdnHCl,destabilizing,7490748.0,Fluorescence,I,36
2CI2,I56A,0.655,6.25,298.15,GdnHCl,destabilizing,7490748.0,Fluorescence,I,37
2CI2,V57A,1.07,6.25,298.15,GdnHCl,destabilizing,7490748.0,Fluorescence,I,38
2CI2,E60A,0.91,6.25,298.15,GdnHCl,destabilizing,7490748.0,Fluorescence,I,41
2CI2,R62A,0.8,6.25,298.15,GdnHCl,destabilizing,7490748.0,Fluorescence,I,43
2CI2,D64A,0.91,6.25,298.15,GdnHCl,destabilizing,7490748.0,Fluorescence,I,45
2CI2,F69L,2.015,6.25,298.15,GdnHCl,destabilizing,7490748.0,Fluorescence,I,50
2CI2,F69V,1.9,6.25,298.15,GdnHCl,destabilizing,7490748.0,Fluorescence,I,50
2CI2,F69A,3.525,6.25,298.15,GdnHCl,destabilizing,7490748.0,Fluorescence,I,50
2CI2,D71A,3.275,6.25,298.15,GdnHCl,destabilizing,7490748.0,Fluorescence,I,52
2CI2,K72N,0.603,6.25,298.15,GdnHCl,destabilizing,7490748.0,Fluorescence,I,53
2CI2,N75D,1.36,6.25,298.15,GdnHCl,destabilizing,7490748.0,Fluorescence,I,56
2CI2,N75A,1.025,6.25,298.15,GdnHCl,destabilizing,7490748.0,Fluorescence,I,56
2CI2,P80A,3.42,6.25,298.15,GdnHCl,destabilizing,7490748.0,Fluorescence,I,61
2LZM,R14K,0.03,5.4,338.3,Thermal,destabilizing,7507755.0,CD,A,13
2LZM,E22K,-0.57,5.4,338.3,Thermal,stabilizing,7507755.0,CD,A,21
2LZM,T26S,-0.57,5.4,338.3,Thermal,stabilizing,7507755.0,CD,A,25
2LZM,N40D,-0.44,5.4,338.3,Thermal,stabilizing,7507755.0,CD,A,39
2LZM,A41D,-0.29,5.4,338.3,Thermal,stabilizing,7507755.0,CD,A,40
2LZM,R80K,0.17,5.4,338.3,Thermal,destabilizing,7507755.0,CD,A,79
2LZM,A93T,-0.06,5.4,338.3,Thermal,stabilizing,7507755.0,CD,A,92
2LZM,G113E,-0.3,5.4,338.3,Thermal,stabilizing,7507755.0,CD,A,112
2LZM,R119H,0.29,5.4,338.3,Thermal,destabilizing,7507755.0,CD,A,118
2LZM,T151S,-0.39,5.4,338.3,Thermal,stabilizing,7507755.0,CD,A,150
2LZM,F153L,-0.35,5.4,338.3,Thermal,stabilizing,7507755.0,CD,A,152
2LZM,N163D,0.21,5.4,338.3,Thermal,destabilizing,7507755.0,CD,A,162
1BPI,R1A,0.5,7.0,312.15,Thermal,destabilizing,7540212.0,DSC,A,0
1BPI,P2A,1.3,7.0,312.15,Thermal,destabilizing,7540212.0,DSC,A,1
1BPI,D3A,-0.2,7.0,312.15,Thermal,stabilizing,7540212.0,DSC,A,2
1BPI,F4A,3.0,7.0,312.15,Thermal,destabilizing,7540212.0,DSC,A,3
1BPI,L6A,0.6,7.0,312.15,Thermal,destabilizing,7540212.0,DSC,A,5
1BPI,E7A,1.5,7.0,312.15,Thermal,destabilizing,7540212.0,DSC,A,6
1BPI,P8A,0.3,7.0,312.15,Thermal,destabilizing,7540212.0,DSC,A,7
1BPI,P9A,0.8,7.0,312.15,Thermal,destabilizing,7540212.0,DSC,A,8
1BPI,Y10A,1.2,7.0,312.15,Thermal,destabilizing,7540212.0,DSC,A,9
1BPI,T11A,-0.0,7.0,312.15,Thermal,destabilizing,7540212.0,DSC,A,10
1BPI,G12A,1.8,7.0,312.15,Thermal,destabilizing,7540212.0,DSC,A,11
1BPI,P13A,1.2,7.0,312.15,Thermal,destabilizing,7540212.0,DSC,A,12
1BPI,K15A,0.4,7.0,312.15,Thermal,destabilizing,7540212.0,DSC,A,14
1BPI,R17A,0.3,7.0,312.15,Thermal,destabilizing,7540212.0,DSC,A,16
1BPI,I18A,1.5,7.0,312.15,Thermal,destabilizing,7540212.0,DSC,A,17
1BPI,I19A,2.1,7.0,312.15,Thermal,destabilizing,7540212.0,DSC,A,18
1BPI,R20A,1.8,7.0,312.15,Thermal,destabilizing,7540212.0,DSC,A,19
1BPI,F22A,2.0,7.0,312.15,Thermal,destabilizing,7540212.0,DSC,A,21
1BPI,N24A,2.2,7.0,312.15,Thermal,destabilizing,7540212.0,DSC,A,23
1BPI,K26A,-0.0,7.0,312.15,Thermal,destabilizing,7540212.0,DSC,A,25
1BPI,G28A,1.0,7.0,312.15,Thermal,destabilizing,7540212.0,DSC,A,27
1BPI,L29A,-0.0,7.0,312.15,Thermal,stabilizing,7540212.0,DSC,A,28
1BPI,Q31A,1.0,7.0,312.15,Thermal,destabilizing,7540212.0,DSC,A,30
1BPI,T32A,0.1,7.0,312.15,Thermal,destabilizing,7540212.0,DSC,A,31
1BPI,V34A,1.2,7.0,312.15,Thermal,destabilizing,7540212.0,DSC,A,33
1BPI,Y35A,1.1,7.0,312.15,Thermal,destabilizing,7540212.0,DSC,A,34
1BPI,G36A,2.1,7.0,312.15,Thermal,destabilizing,7540212.0,DSC,A,35
1BPI,G37A,2.3,7.0,312.15,Thermal,destabilizing,7540212.0,DSC,A,36
1BPI,R39A,-0.0,7.0,312.15,Thermal,stabilizing,7540212.0,DSC,A,38
1BPI,K41A,0.4,7.0,312.15,Thermal,destabilizing,7540212.0,DSC,A,40
1BPI,R42A,0.5,7.0,312.15,Thermal,destabilizing,7540212.0,DSC,A,41
1BPI,N44A,3.3,7.0,312.15,Thermal,destabilizing,7540212.0,DSC,A,43
1BPI,K46A,-0.1,7.0,312.15,Thermal,stabilizing,7540212.0,DSC,A,45
1BPI,S47A,1.6,7.0,312.15,Thermal,destabilizing,7540212.0,DSC,A,46
1BPI,E49A,0.2,7.0,312.15,Thermal,destabilizing,7540212.0,DSC,A,48
1BPI,D50A,0.4,7.0,312.15,Thermal,destabilizing,7540212.0,DSC,A,49
1BPI,M52A,1.7,7.0,312.15,Thermal,destabilizing,7540212.0,DSC,A,51
1BPI,R53A,0.1,7.0,312.15,Thermal,destabilizing,7540212.0,DSC,A,52
1BPI,T54A,0.1,7.0,312.15,Thermal,destabilizing,7540212.0,DSC,A,53
1BPI,G56A,0.2,7.0,312.15,Thermal,destabilizing,7540212.0,DSC,A,55
1BPI,G57A,0.2,7.0,312.15,Thermal,destabilizing,7540212.0,DSC,A,56
1VQB,E30F,2.0,7.0,298.15,GdnHCl,destabilizing,7547934.0,CD,A,29
1VQB,M77I,1.6,7.0,298.15,GdnHCl,destabilizing,7547934.0,CD,A,76
1VQB,M77V,1.2,7.0,298.15,GdnHCl,destabilizing,7547934.0,CD,A,76
1VQB,C33A,0.5,7.0,298.15,GdnHCl,destabilizing,7547934.0,CD,A,32
1VQB,C33I,0.9,7.0,298.15,GdnHCl,destabilizing,7547934.0,CD,A,32
1VQB,C33L,2.6,7.0,298.15,GdnHCl,destabilizing,7547934.0,CD,A,32
1VQB,C33S,4.3,7.0,298.15,GdnHCl,destabilizing,7547934.0,CD,A,32
1VQB,C33T,4.6,7.0,298.15,GdnHCl,destabilizing,7547934.0,CD,A,32
1VQB,V35T,5.3,7.0,298.15,GdnHCl,destabilizing,7547934.0,CD,A,34
1VQB,L37A,7.7,7.0,298.15,GdnHCl,destabilizing,7547934.0,CD,A,36
1VQB,L37C,4.6,7.0,298.15,GdnHCl,destabilizing,7547934.0,CD,A,36
1VQB,L37I,1.4,7.0,298.15,GdnHCl,destabilizing,7547934.0,CD,A,36
1VQB,L37T,5.2,7.0,298.15,GdnHCl,destabilizing,7547934.0,CD,A,36
1VQB,L37V,3.5,7.0,298.15,GdnHCl,destabilizing,7547934.0,CD,A,36
1VQB,V45A,2.1,7.0,298.15,GdnHCl,destabilizing,7547934.0,CD,A,44
1VQB,V45L,3.0,7.0,298.15,GdnHCl,destabilizing,7547934.0,CD,A,44
1VQB,V45T,3.5,7.0,298.15,GdnHCl,destabilizing,7547934.0,CD,A,44
1VQB,I47A,7.1,7.0,298.15,GdnHCl,destabilizing,7547934.0,CD,A,46
1VQB,L49A,6.1,7.0,298.15,GdnHCl,destabilizing,7547934.0,CD,A,48
1VQB,L49C,4.1,7.0,298.15,GdnHCl,destabilizing,7547934.0,CD,A,48
1VQB,L49I,1.9,7.0,298.15,GdnHCl,destabilizing,7547934.0,CD,A,48
1VQB,L49T,5.7,7.0,298.15,GdnHCl,destabilizing,7547934.0,CD,A,48
1VQB,L49V,2.9,7.0,298.15,GdnHCl,destabilizing,7547934.0,CD,A,48
1VQB,V63C,4.1,7.0,298.15,GdnHCl,destabilizing,7547934.0,CD,A,62
1VQB,V63T,5.0,7.0,298.15,GdnHCl,destabilizing,7547934.0,CD,A,62
1VQB,S67C,3.7,7.0,298.15,GdnHCl,destabilizing,7547934.0,CD,A,66
1VQB,S67T,1.6,7.0,298.15,GdnHCl,destabilizing,7547934.0,CD,A,66
1VQB,F68V,5.0,7.0,298.15,GdnHCl,destabilizing,7547934.0,CD,A,67
1VQB,I78C,4.4,7.0,298.15,GdnHCl,destabilizing,7547934.0,CD,A,77
1VQB,I78T,6.6,7.0,298.15,GdnHCl,destabilizing,7547934.0,CD,A,77
1VQB,I78V,1.3,7.0,298.15,GdnHCl,destabilizing,7547934.0,CD,A,77
1VQB,L81C,3.7,7.0,298.15,GdnHCl,destabilizing,7547934.0,CD,A,80
1VQB,L81T,5.1,7.0,298.15,GdnHCl,destabilizing,7547934.0,CD,A,80
1VQB,L81V,0.2,7.0,298.15,GdnHCl,destabilizing,7547934.0,CD,A,80
1VQB,V19C,0.3,7.0,298.15,GdnHCl,destabilizing,7547934.0,CD,A,18
1VQB,V19T,0.6,7.0,298.15,GdnHCl,destabilizing,7547934.0,CD,A,18
1VQB,K24V,-0.8,7.0,298.15,GdnHCl,stabilizing,7547934.0,CD,A,23
1VQB,Y26R,0.4,7.0,298.15,GdnHCl,destabilizing,7547934.0,CD,A,25
1VQB,E30M,-0.6,7.0,298.15,GdnHCl,stabilizing,7547934.0,CD,A,29
1VQB,E30N,1.1,7.0,298.15,GdnHCl,destabilizing,7547934.0,CD,A,29
1VQB,L32H,0.9,7.0,298.15,GdnHCl,destabilizing,7547934.0,CD,A,31
1VQB,L32R,1.6,7.0,298.15,GdnHCl,destabilizing,7547934.0,CD,A,31
1VQB,L32W,-2.8,7.0,298.15,GdnHCl,stabilizing,7547934.0,CD,A,31
1VQB,D36C,2.1,7.0,298.15,GdnHCl,destabilizing,7547934.0,CD,A,35
1VQB,E40C,1.6,7.0,298.15,GdnHCl,destabilizing,7547934.0,CD,A,39
1VQB,E40T,0.4,7.0,298.15,GdnHCl,destabilizing,7547934.0,CD,A,39
1VQB,Y41A,0.4,7.0,298.15,GdnHCl,destabilizing,7547934.0,CD,A,40
1VQB,V43C,2.1,7.0,298.15,GdnHCl,destabilizing,7547934.0,CD,A,42
1VQB,V43T,1.6,7.0,298.15,GdnHCl,destabilizing,7547934.0,CD,A,42
1VQB,T48C,0.8,7.0,298.15,GdnHCl,destabilizing,7547934.0,CD,A,47
1VQB,T48V,-0.0,7.0,298.15,GdnHCl,stabilizing,7547934.0,CD,A,47
1VQB,D50H,1.6,7.0,298.15,GdnHCl,destabilizing,7547934.0,CD,A,49
1VQB,T62C,0.7,7.0,298.15,GdnHCl,destabilizing,7547934.0,CD,A,61
1VQB,T62V,-1.3,7.0,298.15,GdnHCl,stabilizing,7547934.0,CD,A,61
1VQB,K69H,1.3,7.0,298.15,GdnHCl,destabilizing,7547934.0,CD,A,68
1VQB,K69M,-0.1,7.0,298.15,GdnHCl,stabilizing,7547934.0,CD,A,68
1VQB,V70C,3.3,7.0,298.15,GdnHCl,destabilizing,7547934.0,CD,A,69
1VQB,V70P,5.1,7.0,298.15,GdnHCl,destabilizing,7547934.0,CD,A,69
1VQB,V70T,3.5,7.0,298.15,GdnHCl,destabilizing,7547934.0,CD,A,69
1VQB,M77A,2.1,7.0,298.15,GdnHCl,destabilizing,7547934.0,CD,A,76
1VQB,M77C,-0.0,7.0,298.15,GdnHCl,stabilizing,7547934.0,CD,A,76
1VQB,M77F,0.2,7.0,298.15,GdnHCl,destabilizing,7547934.0,CD,A,76
1VQB,M77L,1.2,7.0,298.15,GdnHCl,destabilizing,7547934.0,CD,A,76
1VQB,M77T,0.8,7.0,298.15,GdnHCl,destabilizing,7547934.0,CD,A,76
1VQB,F73W,0.8,7.0,298.15,GdnHCl,destabilizing,7547934.0,CD,A,72
1VQB,V45C,-0.0,7.0,298.15,GdnHCl,stabilizing,7547934.0,CD,A,44
1VQB,C33V,0.2,7.0,298.15,GdnHCl,destabilizing,7547934.0,CD,A,32
1VQB,Y41F,0.6,7.0,298.15,GdnHCl,destabilizing,7547934.0,CD,A,40
1VQB,V35I,0.7,7.0,298.15,GdnHCl,destabilizing,7547934.0,CD,A,34
1VQB,I47L,0.7,7.0,298.15,GdnHCl,destabilizing,7547934.0,CD,A,46
1VQB,V35M,1.1,7.0,298.15,GdnHCl,destabilizing,7547934.0,CD,A,34
1VQB,V35C,1.5,7.0,298.15,GdnHCl,destabilizing,7547934.0,CD,A,34
1VQB,R82C,1.5,7.0,298.15,GdnHCl,destabilizing,7547934.0,CD,A,81
1VQB,I47F,2.0,7.0,298.15,GdnHCl,destabilizing,7547934.0,CD,A,46
1VQB,I47M,2.2,7.0,298.15,GdnHCl,destabilizing,7547934.0,CD,A,46
1VQB,V35A,2.3,7.0,298.15,GdnHCl,destabilizing,7547934.0,CD,A,34
1VQB,I47V,2.6,7.0,298.15,GdnHCl,destabilizing,7547934.0,CD,A,46
1VQB,V35L,2.7,7.0,298.15,GdnHCl,destabilizing,7547934.0,CD,A,34
1VQB,V35F,3.2,7.0,298.15,GdnHCl,destabilizing,7547934.0,CD,A,34
1VQB,C33M,3.5,7.0,298.15,GdnHCl,destabilizing,7547934.0,CD,A,32
1VQB,I47C,5.3,7.0,298.15,GdnHCl,destabilizing,7547934.0,CD,A,46
1VQB,I47T,7.6,7.0,298.15,GdnHCl,destabilizing,7547934.0,CD,A,46
1YEA,N52I,-3.5,6.0,293.15,GdnHCl,stabilizing,7548046.0,DSC,A,60
1YEA,P25G,0.8,6.0,293.15,GdnHCl,destabilizing,7548046.0,DSC,A,33
1YEA,P76G,1.1,6.0,293.15,GdnHCl,destabilizing,7548046.0,DSC,A,83
1YEA,H33N,1.3,6.0,293.15,GdnHCl,destabilizing,7548046.0,DSC,A,41
1I5T,H26V,3.78,7.2,298.15,Urea,destabilizing,7548170.0,Abs,A,25
1I5T,N52I,3.14,7.2,298.15,Urea,destabilizing,7548170.0,Abs,A,51
1I5T,H33F,-0.67,7.2,298.15,Urea,stabilizing,7548170.0,Abs,A,32
1I5T,P30A,5.74,7.2,298.15,Urea,destabilizing,7548170.0,Abs,A,29
1I5T,P30V,5.0,7.2,298.15,Urea,destabilizing,7548170.0,Abs,A,29
1I5T,Y67F,2.31,7.2,298.15,Urea,destabilizing,7548170.0,Abs,A,66
3MBP,W10A,4.3062200960000006,7.6,298.15,GdnHCl,destabilizing,7549876.0,Fluorescence,A,9
3MBP,A276G,1.886883,7.6,298.15,GdnHCl,destabilizing,7549876.0,Fluorescence,A,275
3PGK,W333Y,1.4,7.5,298.15,GdnHCl,destabilizing,7577989.0,CD,A,332
3PGK,W308Y,0.77,7.5,298.15,GdnHCl,destabilizing,7577989.0,CD,A,307
3PGK,F194W,0.64,7.5,298.15,GdnHCl,destabilizing,7577989.0,CD,A,193
3PGK,Y122W,1.29,7.5,298.15,GdnHCl,destabilizing,7577989.0,CD,A,121
3PGK,Y48W,1.77,7.5,298.15,GdnHCl,destabilizing,7577989.0,CD,A,47
3PGK,L399W,2.68,7.5,298.15,GdnHCl,destabilizing,7577989.0,CD,A,398
1STN,V99T,3.3,7.0,293.15,GdnHCl,destabilizing,7577991.0,Fluorescence,A,93
1STN,V104T,2.5,7.0,293.15,GdnHCl,destabilizing,7577991.0,Fluorescence,A,98
1STN,V111T,2.3,7.0,293.15,GdnHCl,destabilizing,7577991.0,Fluorescence,A,105
1STN,V114T,0.3,7.0,293.15,GdnHCl,destabilizing,7577991.0,Fluorescence,A,108
1STN,V23S,4.7,7.0,293.15,GdnHCl,destabilizing,7577991.0,Fluorescence,A,17
1STN,V39S,2.4,7.0,293.15,GdnHCl,destabilizing,7577991.0,Fluorescence,A,33
1STN,V51S,0.1,7.0,293.15,GdnHCl,destabilizing,7577991.0,Fluorescence,A,45
1STN,V66S,3.1,7.0,293.15,GdnHCl,destabilizing,7577991.0,Fluorescence,A,60
1STN,V74S,5.4,7.0,293.15,GdnHCl,destabilizing,7577991.0,Fluorescence,A,68
1STN,V99S,5.1,7.0,293.15,GdnHCl,destabilizing,7577991.0,Fluorescence,A,93
1STN,V104S,4.9,7.0,293.15,GdnHCl,destabilizing,7577991.0,Fluorescence,A,98
1STN,V111S,4.8,7.0,293.15,GdnHCl,destabilizing,7577991.0,Fluorescence,A,105
1STN,V114S,-0.0,7.0,293.15,GdnHCl,stabilizing,7577991.0,Fluorescence,A,108
1STN,Y27F,-0.4,7.0,293.15,GdnHCl,stabilizing,7577991.0,Fluorescence,A,21
1STN,Y54F,0.5,7.0,293.15,GdnHCl,destabilizing,7577991.0,Fluorescence,A,48
1STN,Y85F,-0.2,7.0,293.15,GdnHCl,stabilizing,7577991.0,Fluorescence,A,79
1STN,Y91F,2.4,7.0,293.15,GdnHCl,destabilizing,7577991.0,Fluorescence,A,85
1STN,Y93F,2.0,7.0,293.15,GdnHCl,destabilizing,7577991.0,Fluorescence,A,87
1STN,Y113F,-0.0,7.0,293.15,GdnHCl,stabilizing,7577991.0,Fluorescence,A,107
1STN,Y115F,-0.1,7.0,293.15,GdnHCl,stabilizing,7577991.0,Fluorescence,A,109
1STN,Y27L,-1.5,7.0,293.15,GdnHCl,stabilizing,7577991.0,Fluorescence,A,21
1STN,Y54L,3.4,7.0,293.15,GdnHCl,destabilizing,7577991.0,Fluorescence,A,48
1STN,Y85L,0.1,7.0,293.15,GdnHCl,destabilizing,7577991.0,Fluorescence,A,79
1STN,Y91L,3.9,7.0,293.15,GdnHCl,destabilizing,7577991.0,Fluorescence,A,85
1STN,Y93L,4.5,7.0,293.15,GdnHCl,destabilizing,7577991.0,Fluorescence,A,87
1STN,Y113L,-0.2,7.0,293.15,GdnHCl,stabilizing,7577991.0,Fluorescence,A,107
1STN,Y115L,0.3,7.0,293.15,GdnHCl,destabilizing,7577991.0,Fluorescence,A,109
1STN,T13S,0.3,7.0,293.15,GdnHCl,destabilizing,7577991.0,Fluorescence,A,7
1STN,T22S,0.6,7.0,293.15,GdnHCl,destabilizing,7577991.0,Fluorescence,A,16
1STN,T33S,-1.25,7.0,293.15,GdnHCl,stabilizing,7577991.0,Fluorescence,A,27
1STN,T41S,1.1,7.0,293.15,GdnHCl,destabilizing,7577991.0,Fluorescence,A,35
1STN,T44S,-0.0,7.0,293.15,GdnHCl,stabilizing,7577991.0,Fluorescence,A,38
1STN,T62S,2.1,7.0,293.15,GdnHCl,destabilizing,7577991.0,Fluorescence,A,56
1STN,T82S,0.7,7.0,293.15,GdnHCl,destabilizing,7577991.0,Fluorescence,A,76
1STN,T120S,0.6,7.0,293.15,GdnHCl,destabilizing,7577991.0,Fluorescence,A,114
1STN,T13V,0.4,7.0,293.15,GdnHCl,destabilizing,7577991.0,Fluorescence,A,7
1STN,T22V,0.9,7.0,293.15,GdnHCl,destabilizing,7577991.0,Fluorescence,A,16
1STN,T33V,-0.4,7.0,293.15,GdnHCl,stabilizing,7577991.0,Fluorescence,A,27
1STN,T41V,-0.8,7.0,293.15,GdnHCl,stabilizing,7577991.0,Fluorescence,A,35
1STN,T44V,-0.1,7.0,293.15,GdnHCl,stabilizing,7577991.0,Fluorescence,A,38
1STN,T62V,0.2,7.0,293.15,GdnHCl,destabilizing,7577991.0,Fluorescence,A,56
1STN,T82V,-0.2,7.0,293.15,GdnHCl,stabilizing,7577991.0,Fluorescence,A,76
1STN,T120V,1.8,7.0,293.15,GdnHCl,destabilizing,7577991.0,Fluorescence,A,114
1STN,T13C,1.4,7.0,293.15,GdnHCl,destabilizing,7577991.0,Fluorescence,A,7
1STN,T22C,0.9,7.0,293.15,GdnHCl,destabilizing,7577991.0,Fluorescence,A,16
1STN,T33C,1.2,7.0,293.15,GdnHCl,destabilizing,7577991.0,Fluorescence,A,27
1STN,T41C,-0.6,7.0,293.15,GdnHCl,stabilizing,7577991.0,Fluorescence,A,35
1STN,T44C,0.2,7.0,293.15,GdnHCl,destabilizing,7577991.0,Fluorescence,A,38
1STN,T62C,1.1,7.0,293.15,GdnHCl,destabilizing,7577991.0,Fluorescence,A,56
1STN,T82C,0.1,7.0,293.15,GdnHCl,destabilizing,7577991.0,Fluorescence,A,76
1STN,T120C,1.7,7.0,293.15,GdnHCl,destabilizing,7577991.0,Fluorescence,A,114
1STN,V111A,-3.6,7.0,293.15,GdnHCl,stabilizing,7577991.0,Fluorescence,A,105
1STN,V51T,-0.2,7.0,293.15,GdnHCl,stabilizing,7577991.0,Fluorescence,A,45
1STN,V39T,1.3,7.0,293.15,GdnHCl,destabilizing,7577991.0,Fluorescence,A,33
1STN,V66T,1.3,7.0,293.15,GdnHCl,destabilizing,7577991.0,Fluorescence,A,60
1STN,V23T,3.2,7.0,293.15,GdnHCl,destabilizing,7577991.0,Fluorescence,A,17
1STN,V74T,3.8,7.0,293.15,GdnHCl,destabilizing,7577991.0,Fluorescence,A,68
1BNI,E73A,2.5,6.3,298.15,Thermal,destabilizing,7626612.0,Fluorescence,A,70
1BNI,D54N,2.6,6.3,298.15,Thermal,destabilizing,7626612.0,Fluorescence,A,51
1BNI,D54A,3.3,6.3,298.15,Thermal,destabilizing,7626612.0,Fluorescence,A,51
1BNI,D75N,5.0,6.3,298.15,Thermal,destabilizing,7626612.0,Fluorescence,A,72
1WQ5,F258W,-0.23,7.8,296.15,Urea,stabilizing,7629069.0,Abs,A,247
1WQ5,F139W,0.07,7.8,296.15,Urea,destabilizing,7629069.0,Abs,A,130
2AKY,N169D,2.1531100480000003,7.5,298.15,Thermal,destabilizing,7635152.0,Fluorescence,A,166
2AKY,T77H,2.1531100480000003,7.5,298.15,Thermal,destabilizing,7635152.0,Fluorescence,A,74
2AKY,V8I,1.196172249,7.5,298.15,Thermal,destabilizing,7635152.0,Fluorescence,A,5
2AKY,I213F,1.913875598,7.5,298.15,Thermal,destabilizing,7635152.0,Fluorescence,A,210
1POH,S31A,0.33492823,7.0,303.15,Urea,destabilizing,7663349.0,CD,A,30
4LYZ,K13D,6.698564593,9.5,293.15,Thermal,destabilizing,7664875.0,CD,A,12
4LYZ,G49N,0.956937799,9.5,293.15,Thermal,destabilizing,7664875.0,CD,A,48
4LYZ,P70N,2.1531100480000003,9.5,293.15,Thermal,destabilizing,7664875.0,CD,A,69
4LYZ,C94A,4.784688995,9.5,293.15,Thermal,destabilizing,7664875.0,CD,A,93
4LYZ,N103D,-0.23923445,9.5,293.15,Thermal,stabilizing,7664875.0,CD,A,102
4LYZ,M105T,0.23923445,9.5,293.15,Thermal,destabilizing,7664875.0,CD,A,104
1BPI,G12D,4.3,8.7,298.15,"GSSG, GSH",destabilizing,7681323.0,HPLC,A,11
1BPI,G12V,4.1,8.7,298.15,"GSSG, GSH",destabilizing,7681323.0,HPLC,A,11
1BPI,P13A,1.6,8.7,298.15,"GSSG, GSH",destabilizing,7681323.0,HPLC,A,12
1BPI,P13S,1.4,8.7,298.15,"GSSG, GSH",destabilizing,7681323.0,HPLC,A,12
1BPI,A16T,1.7,8.7,298.15,"GSSG, GSH",destabilizing,7681323.0,HPLC,A,15
1BPI,A16V,1.3,8.7,298.15,"GSSG, GSH",destabilizing,7681323.0,HPLC,A,15
1BPI,F33I,2.4,8.7,298.15,"GSSG, GSH",destabilizing,7681323.0,HPLC,A,32
1BPI,F33L,1.3,8.7,298.15,"GSSG, GSH",destabilizing,7681323.0,HPLC,A,32
1BPI,Y35A,4.7,8.7,298.15,"GSSG, GSH",destabilizing,7681323.0,HPLC,A,34
1BPI,Y35D,3.8,8.7,298.15,"GSSG, GSH",destabilizing,7681323.0,HPLC,A,34
1BPI,Y35F,0.6,8.7,298.15,"GSSG, GSH",destabilizing,7681323.0,HPLC,A,34
1BPI,Y35G,5.0,8.7,298.15,"GSSG, GSH",destabilizing,7681323.0,HPLC,A,34
1BPI,Y35L,3.7,8.7,298.15,"GSSG, GSH",destabilizing,7681323.0,HPLC,A,34
1BPI,Y35N,3.7,8.7,298.15,"GSSG, GSH",destabilizing,7681323.0,HPLC,A,34
1BPI,G36D,2.8,8.7,298.15,"GSSG, GSH",destabilizing,7681323.0,HPLC,A,35
1BPI,G37A,2.2,8.7,298.15,"GSSG, GSH",destabilizing,7681323.0,HPLC,A,36
1BPI,G37D,1.7,8.7,298.15,"GSSG, GSH",destabilizing,7681323.0,HPLC,A,36
1BPI,G36S,0.7,4.6,345.75,Thermal,destabilizing,7683491.0,CD,A,35
1BPI,Y23A,-7.0,3.5,303.15,Thermal,stabilizing,7686069.0,DSC,A,22
1BPI,F22A,1.2,2.0,298.15,Thermal,destabilizing,7686069.0,DSC,A,21
1BPI,Y23A,5.9,2.0,298.15,Thermal,destabilizing,7686069.0,DSC,A,22
1BPI,Y35G,5.0,2.0,298.15,Thermal,destabilizing,7686069.0,DSC,A,34
1BPI,N43G,5.7,2.0,298.15,Thermal,destabilizing,7686069.0,DSC,A,42
1BPI,F45A,6.9,2.0,298.15,Thermal,destabilizing,7686069.0,DSC,A,44
1BPI,F22A,2.1,3.5,303.15,Thermal,destabilizing,7686069.0,DSC,A,21
1BPI,Y35G,5.7,3.5,303.15,Thermal,destabilizing,7686069.0,DSC,A,34
1BPI,N43G,6.0,3.5,303.15,Thermal,destabilizing,7686069.0,DSC,A,42
1BPI,F45A,7.2,3.5,303.15,Thermal,destabilizing,7686069.0,DSC,A,44
1BPI,Y35G,5.0,2.0,298.15,Thermal,destabilizing,7690587.0,DSC,A,34
1BPI,G37A,4.9,2.0,298.15,Thermal,destabilizing,7690587.0,DSC,A,36
1BPI,N43G,5.7,2.0,298.15,Thermal,destabilizing,7690587.0,DSC,A,42
1BPI,N44G,4.7,2.0,298.15,Thermal,destabilizing,7690587.0,DSC,A,43
2CI2,T22V,0.32,6.3,298.15,GdnHCl,destabilizing,7727432.0,Fluorescence,I,3
2CI2,T22A,0.85,6.3,298.15,GdnHCl,destabilizing,7727432.0,Fluorescence,I,3
2CI2,T22G,1.16,6.3,298.15,GdnHCl,destabilizing,7727432.0,Fluorescence,I,3
2CI2,I49V,-0.08,6.3,298.15,GdnHCl,stabilizing,7727432.0,Fluorescence,I,30
2CI2,I49A,2.12,6.3,298.15,GdnHCl,destabilizing,7727432.0,Fluorescence,I,30
2CI2,I49G,3.52,6.3,298.15,GdnHCl,destabilizing,7727432.0,Fluorescence,I,30
2CI2,I49T,1.34,6.3,298.15,GdnHCl,destabilizing,7727432.0,Fluorescence,I,30
2CI2,V53T,1.03,6.3,298.15,GdnHCl,destabilizing,7727432.0,Fluorescence,I,34
2CI2,V53A,0.64,6.3,298.15,GdnHCl,destabilizing,7727432.0,Fluorescence,I,34
2CI2,V53G,2.43,6.3,298.15,GdnHCl,destabilizing,7727432.0,Fluorescence,I,34
2CI2,A77G,1.88,6.3,298.15,GdnHCl,destabilizing,7727432.0,Fluorescence,I,58
2CI2,V79T,0.38,6.3,298.15,GdnHCl,destabilizing,7727432.0,Fluorescence,I,60
2CI2,V79A,1.51,6.3,298.15,GdnHCl,destabilizing,7727432.0,Fluorescence,I,60
2CI2,V79G,3.24,6.3,298.15,GdnHCl,destabilizing,7727432.0,Fluorescence,I,60
2CI2,V82T,1.15,6.3,298.15,GdnHCl,destabilizing,7727432.0,Fluorescence,I,63
2CI2,V82A,1.45,6.3,298.15,GdnHCl,destabilizing,7727432.0,Fluorescence,I,63
2CI2,V82G,3.5,6.3,298.15,GdnHCl,destabilizing,7727432.0,Fluorescence,I,63
1BNI,Y17G,4.07,6.3,298.15,Urea,destabilizing,7756312.0,Fluorescence,A,14
1BNI,Y17A,2.05,6.3,298.15,Urea,destabilizing,7756312.0,Fluorescence,A,14
1BNI,D12G,0.88,6.3,298.15,Urea,destabilizing,7756312.0,Fluorescence,A,9
1BNI,K27A,0.53,6.3,298.15,Urea,destabilizing,7756312.0,Fluorescence,A,24
1BNI,D12A,0.28,6.3,298.15,Urea,destabilizing,7756312.0,Fluorescence,A,9
1BNI,H18G,-0.89,6.3,298.15,Urea,stabilizing,7756312.0,Fluorescence,A,15
1BNI,A32G,-0.91,6.3,298.15,Urea,stabilizing,7756312.0,Fluorescence,A,29
1BNI,E29A,-1.36,6.3,298.15,Urea,stabilizing,7756312.0,Fluorescence,A,26
1BNI,H18A,-2.15,6.3,298.15,Urea,stabilizing,7756312.0,Fluorescence,A,15
2RN2,H62A,-0.37,5.5,298.15,GdnHCl,stabilizing,7764048.0,CD,A,61
2RN2,H83A,-0.105,5.5,298.15,GdnHCl,stabilizing,7764048.0,CD,A,82
2RN2,H124A,-0.325,5.5,298.15,GdnHCl,stabilizing,7764048.0,CD,A,123
2RN2,H127A,0.41,5.5,298.15,GdnHCl,destabilizing,7764048.0,CD,A,126
2RN2,H62A,-0.58,8.2,298.15,GdnHCl,stabilizing,7764048.0,CD,A,61
2RN2,H83A,0.09,8.2,298.15,GdnHCl,destabilizing,7764048.0,CD,A,82
2RN2,H124A,-0.05,8.2,298.15,GdnHCl,stabilizing,7764048.0,CD,A,123
2RN2,H127A,0.31,8.2,298.15,GdnHCl,destabilizing,7764048.0,CD,A,126
1YCC,N52L,-4.73,7.0,295.15,GdnHCl,stabilizing,7766619.0,Fluorescence,A,56
1YCC,N52I,-4.1,7.0,295.15,GdnHCl,stabilizing,7766619.0,Fluorescence,A,56
1YCC,N52M,-4.04,7.0,295.15,GdnHCl,stabilizing,7766619.0,Fluorescence,A,56
1YCC,N52I,-3.14,4.6,322.35,Thermal,stabilizing,7766619.0,DSC,A,56
1YCC,N52I,-3.03,4.0,318.55,Thermal,stabilizing,7766619.0,DSC,A,56
1YCC,N52A,-2.97,7.0,295.15,GdnHCl,stabilizing,7766619.0,Fluorescence,A,56
1YCC,N52M,-2.91,4.0,318.55,Thermal,stabilizing,7766619.0,DSC,A,56
1YCC,N52I,-2.62,3.5,313.25,Thermal,stabilizing,7766619.0,DSC,A,56
1YCC,N52L,-2.56,4.6,322.35,Thermal,stabilizing,7766619.0,DSC,A,56
1YCC,N52V,-2.44,4.0,318.55,Thermal,stabilizing,7766619.0,DSC,A,56
1YCC,N52M,-2.25,4.6,322.35,Thermal,stabilizing,7766619.0,DSC,A,56
1YCC,N52V,-2.02,7.0,295.15,GdnHCl,stabilizing,7766619.0,Fluorescence,A,56
1YCC,N52I,-2.02,5.0,336.45,Thermal,stabilizing,7766619.0,DSC,A,56
1YCC,N52T,-1.9,7.0,295.15,GdnHCl,stabilizing,7766619.0,Fluorescence,A,56
1YCC,N52V,-1.67,4.6,322.35,Thermal,stabilizing,7766619.0,DSC,A,56
1YCC,N52T,-1.01,4.0,318.55,Thermal,stabilizing,7766619.0,DSC,A,56
1YCC,N52T,-0.98,3.5,313.25,Thermal,stabilizing,7766619.0,DSC,A,56
1YCC,N52S,-0.74,4.0,318.55,Thermal,stabilizing,7766619.0,DSC,A,56
1YCC,N52A,-0.63,4.6,322.35,Thermal,stabilizing,7766619.0,DSC,A,56
1YCC,N52T,-0.59,4.6,322.35,Thermal,stabilizing,7766619.0,DSC,A,56
1YCC,N52S,0.05,4.6,322.35,Thermal,destabilizing,7766619.0,DSC,A,56
1YCC,N52F,0.06,7.0,295.15,GdnHCl,destabilizing,7766619.0,Fluorescence,A,56
1YCC,N52Q,0.08,4.6,322.35,Thermal,destabilizing,7766619.0,DSC,A,56
1YCC,N52S,0.37,7.0,295.15,GdnHCl,destabilizing,7766619.0,Fluorescence,A,56
1YCC,N52T,0.53,5.0,336.45,Thermal,destabilizing,7766619.0,DSC,A,56
1YCC,N52Q,0.84,7.0,295.15,GdnHCl,destabilizing,7766619.0,Fluorescence,A,56
1YCC,N52H,1.27,4.6,322.35,Thermal,destabilizing,7766619.0,DSC,A,56
1YCC,N52S,1.29,5.0,336.45,Thermal,destabilizing,7766619.0,DSC,A,56
1YCC,N52H,1.7,7.0,295.15,GdnHCl,destabilizing,7766619.0,Fluorescence,A,56
1YCC,N52I,-4.1,7.0,295.15,GdnHCl,stabilizing,7766620.0,DSC,A,56
1YCC,N52I,-3.14,4.6,335.35,Thermal,stabilizing,7766620.0,DSC,A,56
1YCC,N52I,-3.14,4.6,310.15,Thermal,stabilizing,7766620.0,DSC,A,56
1YCC,G6A,3.5,7.0,295.15,GdnHCl,destabilizing,7766620.0,DSC,A,10
1FRD,H42R,-2.0,7.5,298.15,GdnHCl,stabilizing,7773177.0,CD,A,41
1FXA,E95K,-1.0,7.5,298.15,GdnHCl,stabilizing,7773177.0,CD,A,94
1FXA,F65W,0.6,7.5,298.15,GdnHCl,destabilizing,7773177.0,CD,A,64
1FXA,T48A,-0.1,7.5,298.15,GdnHCl,stabilizing,7773177.0,CD,A,47
1FXA,F65Y,0.5,7.5,298.15,GdnHCl,destabilizing,7773177.0,CD,A,64
1FXA,E94Q,-0.6,7.5,298.15,GdnHCl,stabilizing,7773177.0,CD,A,93
1FXA,E94K,0.4,7.5,298.15,GdnHCl,destabilizing,7773177.0,CD,A,93
1FXA,E94D,1.1,7.5,298.15,GdnHCl,destabilizing,7773177.0,CD,A,93
1FXA,R42A,2.4,7.5,298.15,GdnHCl,destabilizing,7773177.0,CD,A,41
1FXA,F65A,1.0,7.5,298.15,GdnHCl,destabilizing,7773177.0,CD,A,64
1FXA,F65I,0.9,7.5,298.15,GdnHCl,destabilizing,7773177.0,CD,A,64
1FXA,R42H,1.4,7.5,298.15,GdnHCl,destabilizing,7773177.0,CD,A,41
3SSI,M103V,1.35,3.2,326.51,Thermal,destabilizing,7783215.0,DSC,A,97
3SSI,M103I,2.01,3.2,326.51,Thermal,destabilizing,7783215.0,DSC,A,97
3SSI,M103L,-0.77,3.2,326.51,Thermal,stabilizing,7783215.0,DSC,A,97
3SSI,M103A,2.32,7.0,355.36,Thermal,destabilizing,7783215.0,DSC,A,97
3SSI,M103V,1.84,7.0,355.36,Thermal,destabilizing,7783215.0,DSC,A,97
3SSI,M103I,1.89,7.0,355.36,Thermal,destabilizing,7783215.0,DSC,A,97
3SSI,M103L,-0.15,7.0,355.36,Thermal,stabilizing,7783215.0,DSC,A,97
3SSI,M103A,2.8,9.5,353.85,Thermal,destabilizing,7783215.0,DSC,A,97
3SSI,M103V,2.22,9.5,353.85,Thermal,destabilizing,7783215.0,DSC,A,97
3SSI,M103I,2.29,9.5,353.85,Thermal,destabilizing,7783215.0,DSC,A,97
3SSI,M103L,0.29,9.5,353.85,Thermal,destabilizing,7783215.0,DSC,A,97
3SSI,M103A,1.35,3.2,326.51,Thermal,destabilizing,7783215.0,DSC,A,97
3SSI,M103G,6.82,7.0,355.36,Thermal,destabilizing,7783215.0,DSC,A,97
3SSI,M103G,7.1,9.5,353.85,Thermal,destabilizing,7783215.0,DSC,A,97
3SSI,V13G,10.3,7.0,355.36,Thermal,destabilizing,7783216.0,DSC,A,7
3SSI,V13F,5.69,7.0,355.36,Thermal,destabilizing,7783216.0,DSC,A,7
3SSI,V13I,0.84,7.0,355.36,Thermal,destabilizing,7783216.0,DSC,A,7
3SSI,V13L,2.21,7.0,355.36,Thermal,destabilizing,7783216.0,DSC,A,7
3SSI,V13M,5.92,7.0,355.36,Thermal,destabilizing,7783216.0,DSC,A,7
3SSI,V13A,6.93,9.5,355.36,Thermal,destabilizing,7783216.0,DSC,A,7
3SSI,V13G,9.31,9.5,355.36,Thermal,destabilizing,7783216.0,DSC,A,7
3SSI,V13F,5.33,9.5,355.36,Thermal,destabilizing,7783216.0,DSC,A,7
3SSI,V13I,0.94,9.5,355.36,Thermal,destabilizing,7783216.0,DSC,A,7
3SSI,V13L,2.52,9.5,355.36,Thermal,destabilizing,7783216.0,DSC,A,7
3SSI,V13M,5.43,9.5,355.36,Thermal,destabilizing,7783216.0,DSC,A,7
3SSI,V13A,6.78,7.0,355.36,Thermal,destabilizing,7783216.0,DSC,A,7
3SSI,M73K,-1.27,3.2,326.51,Thermal,stabilizing,7783217.0,DSC,A,67
3SSI,M73D,-1.08,3.2,326.51,Thermal,stabilizing,7783217.0,DSC,A,67
3SSI,M73E,-0.35,3.2,326.51,Thermal,stabilizing,7783217.0,DSC,A,67
3SSI,M73G,0.21,3.2,326.51,Thermal,destabilizing,7783217.0,DSC,A,67
3SSI,M73A,-0.54,3.2,326.51,Thermal,stabilizing,7783217.0,DSC,A,67
3SSI,M73V,0.46,3.2,326.51,Thermal,destabilizing,7783217.0,DSC,A,67
3SSI,M73L,0.13,3.2,326.51,Thermal,destabilizing,7783217.0,DSC,A,67
3SSI,M73I,0.73,3.2,326.51,Thermal,destabilizing,7783217.0,DSC,A,67
3SSI,M73D,-1.6,7.0,326.51,Thermal,stabilizing,7783217.0,DSC,A,67
3SSI,M73E,-1.05,7.0,326.51,Thermal,stabilizing,7783217.0,DSC,A,67
3SSI,M73G,0.06,7.0,326.51,Thermal,destabilizing,7783217.0,DSC,A,67
3SSI,M73A,-0.55,7.0,326.51,Thermal,stabilizing,7783217.0,DSC,A,67
3SSI,M73V,0.66,7.0,326.51,Thermal,destabilizing,7783217.0,DSC,A,67
3SSI,M73L,0.25,7.0,326.51,Thermal,destabilizing,7783217.0,DSC,A,67
3SSI,M73I,0.94,7.0,326.51,Thermal,destabilizing,7783217.0,DSC,A,67
3SSI,M73K,-0.35,7.0,326.51,Thermal,stabilizing,7783217.0,DSC,A,67
3SSI,M73D,-1.25,9.5,326.51,Thermal,stabilizing,7783217.0,DSC,A,67
3SSI,M73E,-0.56,9.5,326.51,Thermal,stabilizing,7783217.0,DSC,A,67
3SSI,M73G,0.49,9.5,326.51,Thermal,destabilizing,7783217.0,DSC,A,67
3SSI,M73A,-0.13,9.5,326.51,Thermal,stabilizing,7783217.0,DSC,A,67
3SSI,M73V,0.95,9.5,326.51,Thermal,destabilizing,7783217.0,DSC,A,67
3SSI,M73L,0.55,9.5,326.51,Thermal,destabilizing,7783217.0,DSC,A,67
3SSI,M73I,1.28,9.5,326.51,Thermal,destabilizing,7783217.0,DSC,A,67
3SSI,M73K,-0.05,9.5,326.51,Thermal,stabilizing,7783217.0,DSC,A,67
2RN2,G23A,-0.7,3.0,324.05,Thermal,stabilizing,7794925.0,CD,A,22
2RN2,D134H,-0.5,3.0,324.05,Thermal,stabilizing,7794925.0,CD,A,133
2RN2,G23A,-0.5,5.5,325.65,Thermal,stabilizing,7794925.0,CD,A,22
2RN2,D134H,-1.9,5.5,325.65,Thermal,stabilizing,7794925.0,CD,A,133
1RCH,D134N,-1.9,5.5,325.65,Thermal,stabilizing,7794925.0,CD,A,133
2RN2,K95G,-1.7,3.0,333.05,Thermal,stabilizing,7794925.0,CD,A,94
2RN2,V74L,-1.1,3.0,324.05,Thermal,stabilizing,7794925.0,CD,A,73
2RN2,H62P,-1.1,5.5,325.65,Thermal,stabilizing,7794925.0,CD,A,61
2RN2,H62P,-1.0,3.0,324.05,Thermal,stabilizing,7794925.0,CD,A,61
2RN2,V74L,-0.9,5.5,325.65,Thermal,stabilizing,7794925.0,CD,A,73
1RX4,G121A,-0.5,7.0,288.15,Urea,stabilizing,7798183.0,CD,A,120
1RX4,G121C,-0.09,7.0,288.15,Urea,stabilizing,7798183.0,CD,A,120
1RX4,G121D,-0.19,7.0,288.15,Urea,stabilizing,7798183.0,CD,A,120
1RX4,G121V,0.99,7.0,288.15,Urea,destabilizing,7798183.0,CD,A,120
1RX4,G121H,0.11,7.0,288.15,Urea,destabilizing,7798183.0,CD,A,120
1RX4,G121L,0.63,7.0,288.15,Urea,destabilizing,7798183.0,CD,A,120
1RX4,G121Y,0.2,7.0,288.15,Urea,destabilizing,7798183.0,CD,A,120
1RX4,G121S,-0.01,7.0,288.15,Urea,stabilizing,7798183.0,CD,A,120
3PGK,W333F,-2.2,7.5,295.15,GdnHCl,stabilizing,7819231.0,CD,A,332
3PGK,W308Y,3.6,7.5,295.15,GdnHCl,destabilizing,7819231.0,CD,A,307
1ARR,P8L,-2.55,7.5,326.55,Thermal,stabilizing,7827088.0,CD,A,7
1ARR,P8L,-2.49,7.5,298.15,GdnHCl,stabilizing,7827088.0,Fluorescence,A,7
1ARR,P8L,-2.4,7.5,293.15,GdnHCl,stabilizing,7827088.0,Fluorescence,A,7
1BNI,S91A,1.27,4.4,298.15,Thermal,destabilizing,7831279.0,DSC,A,88
1BNI,I88V,1.47,4.4,298.15,Thermal,destabilizing,7831279.0,DSC,A,85
1BNI,I96V,1.175,4.4,298.15,Thermal,destabilizing,7831279.0,DSC,A,93
1BNI,I51V,1.86,4.4,298.15,Thermal,destabilizing,7831279.0,DSC,A,48
1BNI,T16R,-0.2,4.4,298.15,Thermal,stabilizing,7831279.0,DSC,A,13
1BNI,T26G,2.08,4.4,298.15,Thermal,destabilizing,7831279.0,DSC,A,23
1BNI,S92A,2.83,4.4,298.15,Thermal,destabilizing,7831279.0,DSC,A,89
1BNI,R83Q,1.58,4.4,298.15,Thermal,destabilizing,7831279.0,DSC,A,80
1BNI,R69M,2.86,4.4,298.15,Thermal,destabilizing,7831279.0,DSC,A,66
1BNI,D22M,0.27,4.4,298.15,Thermal,destabilizing,7831279.0,DSC,A,19
1BNI,D12G,0.78,4.4,298.15,Thermal,destabilizing,7831279.0,DSC,A,9
1BNI,D8A,0.69,4.4,298.15,Thermal,destabilizing,7831279.0,DSC,A,5
1BNI,D54N,2.46,4.4,298.15,Thermal,destabilizing,7831279.0,DSC,A,51
2LZM,E11F,-1.7,5.4,339.63,Thermal,stabilizing,7831309.0,CD,A,10
2LZM,E11M,-1.6,5.4,339.63,Thermal,stabilizing,7831309.0,CD,A,10
2LZM,E11A,-1.1,5.4,339.63,Thermal,stabilizing,7831309.0,CD,A,10
2LZM,G30A,-0.1,5.4,339.63,Thermal,stabilizing,7831309.0,CD,A,29
2LZM,G30F,1.5,5.4,339.63,Thermal,destabilizing,7831309.0,CD,A,29
2LZM,S117V,-2.0,5.4,339.63,Thermal,stabilizing,7831309.0,CD,A,116
2LZM,S117I,-1.7,5.4,339.63,Thermal,stabilizing,7831309.0,CD,A,116
2LZM,N132M,-1.5,5.4,339.63,Thermal,stabilizing,7831309.0,CD,A,131
2LZM,N132F,-1.3,5.4,339.63,Thermal,stabilizing,7831309.0,CD,A,131
2LZM,N132I,-1.2,5.4,339.63,Thermal,stabilizing,7831309.0,CD,A,131
2LZM,E11H,-0.1,5.4,338.25,Thermal,stabilizing,7831309.0,CD,A,10
2LZM,E11N,0.1,5.4,338.25,Thermal,destabilizing,7831309.0,CD,A,10
2LZM,D20N,-1.3,5.4,338.25,Thermal,stabilizing,7831309.0,CD,A,19
2LZM,D20T,-0.9,5.4,338.25,Thermal,stabilizing,7831309.0,CD,A,19
2LZM,D20S,-0.7,5.4,338.25,Thermal,stabilizing,7831309.0,CD,A,19
2LZM,D20A,0.3,5.4,338.25,Thermal,destabilizing,7831309.0,CD,A,19
2LZM,S117F,-1.1,5.4,339.63,Thermal,stabilizing,7831309.0,CD,A,116
1STN,G88W,-8.8,7.0,293.15,Thermal,stabilizing,7849061.0,DSC,A,82
1STN,E75A,-0.3,7.0,293.15,Thermal,destabilizing,7849061.0,DSC,A,69
1STN,K24G,1.7,7.0,293.15,Thermal,destabilizing,7849061.0,DSC,A,18
1STN,L7A,2.0,7.0,293.15,Thermal,destabilizing,7849061.0,DSC,A,1
1STN,G79S,2.7,7.0,293.15,Thermal,destabilizing,7849061.0,DSC,A,73
1STN,E75G,5.7,7.0,293.15,Thermal,destabilizing,7849061.0,DSC,A,69
1STN,V23A,7.2,7.0,293.15,Thermal,destabilizing,7849061.0,DSC,A,17
1STN,L137A,8.0,7.0,293.15,Thermal,destabilizing,7849061.0,DSC,A,131
1STN,A69T,8.7,7.0,293.15,Thermal,destabilizing,7849061.0,DSC,A,63
2TRX,L78K,3.9,7.0,358.47,Thermal,destabilizing,7857925.0,DSC,A,77
2TRX,L78R,4.0,7.0,358.47,Thermal,destabilizing,7857925.0,DSC,A,77
1CAH,W5F,2.5,7.5,296.15,GdnHCl,destabilizing,7857926.0,Fluorescence,A,2
1CAH,W16F,4.5,7.5,296.15,GdnHCl,destabilizing,7857926.0,Fluorescence,A,13
2LZM,T115A,0.14,3.01,324.8,Thermal,destabilizing,7869383.0,CD,A,114
2LZM,N116A,-0.17,3.01,324.8,Thermal,stabilizing,7869383.0,CD,A,115
2LZM,S117A,-1.27,3.01,324.8,Thermal,stabilizing,7869383.0,CD,A,116
2LZM,L118A,3.5,3.01,324.8,Thermal,destabilizing,7869383.0,CD,A,117
2LZM,R119A,0.18,3.01,324.8,Thermal,destabilizing,7869383.0,CD,A,118
2LZM,M120A,0.2,3.01,324.8,Thermal,destabilizing,7869383.0,CD,A,119
2LZM,Q122A,0.24,3.01,324.8,Thermal,destabilizing,7869383.0,CD,A,121
2LZM,Q123A,0.22,3.01,324.8,Thermal,destabilizing,7869383.0,CD,A,122
2LZM,L121A,2.7,3.01,324.8,Thermal,destabilizing,7869383.0,CD,A,120
1YCC,A7Y,-0.07,2.1,,Thermal,stabilizing,7880808.0,CD,A,11
1YCC,L94I,0.155,2.1,,Thermal,destabilizing,7880808.0,CD,A,97
1YCC,A7L,0.23,2.1,,Thermal,destabilizing,7880808.0,CD,A,11
1YCC,Y97F,0.255,2.1,,Thermal,destabilizing,7880808.0,CD,A,100
1YCC,F10Y,0.895,2.1,,Thermal,destabilizing,7880808.0,CD,A,14
1YCC,F10W,1.315,2.1,,Thermal,destabilizing,7880808.0,CD,A,14
1YCC,L94I,-0.33,4.6,325.8,Thermal,stabilizing,7880822.0,CD,A,97
1YCC,Y97F,-0.24,4.6,325.8,Thermal,stabilizing,7880822.0,CD,A,100
1YCC,F10Y,0.47,4.6,325.8,Thermal,destabilizing,7880822.0,CD,A,14
1YCC,L94V,1.06,4.6,325.8,Thermal,destabilizing,7880822.0,CD,A,97
1YCC,F10I,1.14,4.6,325.8,Thermal,destabilizing,7880822.0,CD,A,14
1YCC,F10W,1.3,4.6,325.8,Thermal,destabilizing,7880822.0,CD,A,14
1YCC,L94T,3.05,4.6,325.8,Thermal,destabilizing,7880822.0,CD,A,97
1YCC,F10M,3.52,4.6,325.8,Thermal,destabilizing,7880822.0,CD,A,14
1YCC,L94A,3.58,4.6,325.8,Thermal,destabilizing,7880822.0,CD,A,97
1YCC,Y97A,4.87,4.6,325.8,Thermal,destabilizing,7880822.0,CD,A,100
1YCC,K73L,0.03,7.5,298.15,GdnHCl,destabilizing,7893716.0,CD,A,76
1YCC,K73R,0.03,7.5,298.15,GdnHCl,destabilizing,7893716.0,CD,A,76
1YCC,K73A,0.45,7.5,298.15,GdnHCl,destabilizing,7893716.0,CD,A,76
1YCC,K73G,0.74,7.5,298.15,GdnHCl,destabilizing,7893716.0,CD,A,76
1YCC,K73I,1.19,7.5,298.15,GdnHCl,destabilizing,7893716.0,CD,A,76
1YCC,K73V,1.38,7.5,298.15,GdnHCl,destabilizing,7893716.0,CD,A,76
2CI2,K43A,0.64,6.3,298.15,GdnHCl,destabilizing,7908135.0,DSC,I,24
2CI2,E45A,0.57,6.3,298.15,GdnHCl,destabilizing,7908135.0,DSC,I,26
2CI2,P44A,1.93,6.3,298.15,GdnHCl,destabilizing,7908135.0,DSC,I,25
2CI2,K43A,0.26,4.15,347.45,Thermal,destabilizing,7908135.0,CD,I,24
2CI2,E45A,0.82,4.15,347.45,Thermal,destabilizing,7908135.0,CD,I,26
2CI2,P44A,1.82,4.15,347.45,Thermal,destabilizing,7908135.0,CD,I,25
2LZM,N68A,-0.05,2.5,320.95,Thermal,stabilizing,7918421.0,CD,A,67
2LZM,S44A,-0.44,2.5,320.95,Thermal,stabilizing,7918421.0,CD,A,43
2RN2,G23A,-0.5,5.5,325.85,Thermal,stabilizing,7929430.0,CD,A,22
2RN2,A24V,-0.88,5.5,325.85,Thermal,stabilizing,7929430.0,CD,A,23
2RN2,H62R,-0.36,5.5,325.85,Thermal,stabilizing,7929430.0,CD,A,61
2RN2,H62P,-1.1,5.5,325.85,Thermal,stabilizing,7929430.0,CD,A,61
2RN2,H62D,0.17,5.5,325.85,Thermal,destabilizing,7929430.0,CD,A,61
2RN2,K117R,-0.03,5.5,325.85,Thermal,stabilizing,7929430.0,CD,A,116
2RN2,E119V,-0.74,5.5,325.85,Thermal,stabilizing,7929430.0,CD,A,118
2RN2,R41C,-0.44,5.5,325.85,Thermal,stabilizing,7929430.0,CD,A,40
2RN2,K95N,-0.88,5.5,325.85,Thermal,stabilizing,7929430.0,CD,A,94
2RN2,E135K,0.22,5.5,325.85,Thermal,destabilizing,7929430.0,CD,A,134
2RN2,A24V,-0.73,3.0,323.25,Thermal,stabilizing,7929430.0,CD,A,23
2RN2,A52V,-1.7,3.0,323.25,Thermal,stabilizing,7929430.0,CD,A,51
2RN2,H62R,0.03,3.0,323.25,Thermal,destabilizing,7929430.0,CD,A,61
2RN2,H62P,-1.0,3.0,323.25,Thermal,stabilizing,7929430.0,CD,A,61
2RN2,H62D,-0.67,3.0,323.25,Thermal,stabilizing,7929430.0,CD,A,61
2RN2,Q76L,-0.24,3.0,323.25,Thermal,stabilizing,7929430.0,CD,A,75
2RN2,Q80L,-0.3,3.0,323.25,Thermal,stabilizing,7929430.0,CD,A,79
2RN2,K117R,0.06,3.0,323.25,Thermal,destabilizing,7929430.0,CD,A,116
2RN2,E119V,-0.09,3.0,323.25,Thermal,stabilizing,7929430.0,CD,A,118
2RN2,R41C,-0.12,3.0,323.25,Thermal,stabilizing,7929430.0,CD,A,40
2RN2,K95N,-0.88,3.0,323.25,Thermal,stabilizing,7929430.0,CD,A,94
2RN2,E135K,1.1,3.0,323.25,Thermal,destabilizing,7929430.0,CD,A,134
2RN2,G23A,-0.7,3.0,323.25,Thermal,stabilizing,7929430.0,CD,A,22
2CI2,E33Q,0.31,6.25,298.15,GdnHCl,destabilizing,7937708.0,Fluorescence,I,14
2CI2,S31G,0.09,3.5,298.15,Thermal,destabilizing,7937708.0,DSC,I,12
2CI2,S31A,1.03,3.0,298.15,Thermal,destabilizing,7937708.0,DSC,I,12
2CI2,E33N,0.48,6.25,298.15,GdnHCl,destabilizing,7937708.0,Fluorescence,I,14
2CI2,E33D,0.72,6.25,298.15,GdnHCl,destabilizing,7937708.0,Fluorescence,I,14
2CI2,E34Q,0.76,6.25,298.15,GdnHCl,destabilizing,7937708.0,Fluorescence,I,15
2CI2,S31G,0.82,6.25,298.15,GdnHCl,destabilizing,7937708.0,Fluorescence,I,12
2CI2,S31A,0.92,6.25,298.15,GdnHCl,destabilizing,7937708.0,Fluorescence,I,12
2CI2,E34N,1.1,6.25,298.15,GdnHCl,destabilizing,7937708.0,Fluorescence,I,15
2CI2,T58D,0.03,6.3,298.15,GdnHCl,destabilizing,7947796.0,Fluorescence,I,39
2CI2,T58A,0.67,6.3,298.15,GdnHCl,destabilizing,7947796.0,Fluorescence,I,39
2CI2,E60A,1.05,6.3,298.15,GdnHCl,destabilizing,7947796.0,Fluorescence,I,41
3SSI,D83N,0.98,9.5,353.85,Thermal,destabilizing,7981212.0,DSC,A,77
3SSI,D83N,0.878,7.0,355.36,Thermal,destabilizing,7981212.0,DSC,A,77
3SSI,D83N,0.7040000000000001,3.0,319.73,Thermal,destabilizing,7981212.0,DSC,A,77
3SSI,D83C,0.478,9.5,353.85,Thermal,destabilizing,7981212.0,DSC,A,77
3SSI,D83C,0.028,7.0,355.36,Thermal,destabilizing,7981212.0,DSC,A,77
3SSI,D83N,-0.6829999999999999,3.2,326.51,Thermal,destabilizing,7981212.0,DSC,A,77
3SSI,D83C,-0.968,3.0,319.73,Thermal,stabilizing,7981212.0,DSC,A,77
3SSI,D83C,-1.273,3.2,326.51,Thermal,stabilizing,7981212.0,DSC,A,77
2IMM,A15L,-1.363636364,7.4,293.15,GdnHCl,stabilizing,8028003.0,Fluorescence,A,14
2IMM,N90Q,-1.052631579,7.4,293.15,GdnHCl,stabilizing,8028003.0,Fluorescence,A,95
2IMM,F32Y,-0.38277512,7.4,293.15,GdnHCl,stabilizing,8028003.0,Fluorescence,A,37
2IMM,L106I,-0.358851675,7.4,293.15,GdnHCl,stabilizing,8028003.0,Fluorescence,A,111
2IMM,T63S,-0.28708134,7.4,293.15,GdnHCl,stabilizing,8028003.0,Fluorescence,A,68
2IMM,M21I,-0.23923445,7.4,293.15,GdnHCl,stabilizing,8028003.0,Fluorescence,A,20
2IMM,K24R,0.167464115,7.4,293.15,GdnHCl,destabilizing,8028003.0,Fluorescence,A,23
2IMM,M21L,0.311004785,7.4,293.15,GdnHCl,destabilizing,8028003.0,Fluorescence,A,20
2IMM,A100G,-0.023923445,7.4,293.15,GdnHCl,stabilizing,8028003.0,Fluorescence,A,105
2IMM,P43S,0.167464115,7.4,293.15,GdnHCl,destabilizing,8028003.0,Fluorescence,A,48
2IMM,Q79E,0.406698565,7.4,293.15,GdnHCl,destabilizing,8028003.0,Fluorescence,A,84
1YCC,C102T,-4.084267,7.0,303.15,Urea,stabilizing,8033888.0,Fluorescence,A,105
1B0O,W19Y,6.9,7.1,303.15,GdnHCl,destabilizing,8043610.0,CD,A,17
1YCC,C102A,-1.62,5.0,320.55,Thermal,stabilizing,8049222.0,DSC,A,105
1YCC,C102A,-1.11,6.0,323.85,Thermal,stabilizing,8049222.0,DSC,A,105
3HHR,S71T,0.195,8.0,293.15,GdnHCl,destabilizing,8060992.0,CD,A,70
3HHR,S71A,1.115,8.0,293.15,GdnHCl,destabilizing,8060992.0,CD,A,70
3HHR,S71V,1.255,8.0,293.15,GdnHCl,destabilizing,8060992.0,CD,A,70
3HHR,S71Q,1.37,8.0,293.15,GdnHCl,destabilizing,8060992.0,CD,A,70
3HHR,E74D,1.265,8.0,293.15,GdnHCl,destabilizing,8060992.0,CD,A,73
3HHR,E74Q,0.71,8.0,293.15,GdnHCl,destabilizing,8060992.0,CD,A,73
3HHR,E74A,0.95,8.0,293.15,GdnHCl,destabilizing,8060992.0,CD,A,73
3HHR,E74S,1.01,8.0,293.15,GdnHCl,destabilizing,8060992.0,CD,A,73
3HHR,E74T,1.135,8.0,293.15,GdnHCl,destabilizing,8060992.0,CD,A,73
3HHR,E74L,1.015,8.0,293.15,GdnHCl,destabilizing,8060992.0,CD,A,73
1STN,V66A,-0.026864245,7.0,315.35,Thermal,destabilizing,8069223.0,DSC,A,60
1STN,V66A,0.145542543,8.0,315.55,Thermal,destabilizing,8069223.0,DSC,A,60
1STN,V66A,0.364388145,6.0,314.35,Thermal,destabilizing,8069223.0,DSC,A,60
1STN,V66A,-0.035157744,5.0,309.45,Thermal,destabilizing,8069223.0,DSC,A,60
1STN,V66L,-3.7,7.0,293.15,Thermal,stabilizing,8075087.0,DSC,A,60
1STN,G88V,-3.6,7.0,293.15,Thermal,stabilizing,8075087.0,DSC,A,82
1STN,E75V,2.3,7.0,293.15,Thermal,destabilizing,8075087.0,DSC,A,69
1STN,V66W,4.9,7.0,293.15,Thermal,destabilizing,8075087.0,DSC,A,60
1STN,V66A,9.0,7.0,293.15,Thermal,destabilizing,8075087.0,DSC,A,60
1A23,C30S,-1.8,7.5,298.15,Urea,stabilizing,8110795.0,CD,A,29
1A23,C33S,-1.1,7.5,298.15,Urea,stabilizing,8110795.0,CD,A,32
2LZM,L39A,0.9,5.45,,Thermal,destabilizing,8114100.0,CD,A,38
2LZM,N40A,-0.2,5.45,326.15,Thermal,stabilizing,8114100.0,CD,A,39
2LZM,A42K,3.7,5.45,326.15,Thermal,destabilizing,8114100.0,CD,A,41
2LZM,K43A,1.1,5.45,326.15,Thermal,destabilizing,8114100.0,CD,A,42
2LZM,L46A,2.1,5.45,326.15,Thermal,destabilizing,8114100.0,CD,A,45
3PGK,W308F,3.67,7.5,298.15,GdnHCl,destabilizing,8117679.0,Fluorescence,A,307
3PGK,W333F,3.985,7.5,298.15,GdnHCl,destabilizing,8117679.0,Fluorescence,A,332
1RN1,Y24W,-1.242,6.0,298.15,Thermal,stabilizing,8125111.0,DSC,A,23
1RN1,Y45W,-0.7404,6.0,298.15,Thermal,destabilizing,8125111.0,DSC,B,43
1RN1,Y42W,0.1433,6.0,298.15,Thermal,destabilizing,8125111.0,DSC,A,41
1RN1,H40T,0.2627,6.0,298.15,Thermal,destabilizing,8125111.0,DSC,A,39
1RN1,H92A,0.621,6.0,298.15,Thermal,destabilizing,8125111.0,DSC,A,90
1RN1,W59Y,0.9315,6.0,298.15,Thermal,destabilizing,8125111.0,DSC,A,57
2RN2,D134H,-1.94,5.5,326.25,Thermal,stabilizing,8125123.0,CD,A,133
2RN2,D134N,-0.89,5.5,326.25,Thermal,stabilizing,8125123.0,CD,A,133
2RN2,D134E,-0.86,5.5,326.25,Thermal,stabilizing,8125123.0,CD,A,133
2RN2,D134Q,-1.32,5.5,326.25,Thermal,stabilizing,8125123.0,CD,A,133
2RN2,D134S,-1.08,5.5,326.25,Thermal,stabilizing,8125123.0,CD,A,133
2RN2,D134T,-1.08,5.5,326.25,Thermal,stabilizing,8125123.0,CD,A,133
2RN2,D134V,-1.12,5.5,326.25,Thermal,stabilizing,8125123.0,CD,A,133
2RN2,D134I,-1.27,5.5,326.25,Thermal,stabilizing,8125123.0,CD,A,133
2RN2,D134L,-1.51,5.5,326.25,Thermal,stabilizing,8125123.0,CD,A,133
2RN2,D134A,-1.51,5.5,326.25,Thermal,stabilizing,8125123.0,CD,A,133
2RN2,D134E,-0.72,3.0,323.15,Thermal,stabilizing,8125123.0,CD,A,133
2RN2,D134Q,-0.48,3.0,323.15,Thermal,stabilizing,8125123.0,CD,A,133
2RN2,D134S,-0.26,3.0,323.15,Thermal,stabilizing,8125123.0,CD,A,133
2RN2,D134T,-0.12,3.0,323.15,Thermal,stabilizing,8125123.0,CD,A,133
2RN2,D134V,-0.31,3.0,323.15,Thermal,stabilizing,8125123.0,CD,A,133
2RN2,D134I,-0.69,3.0,323.15,Thermal,stabilizing,8125123.0,CD,A,133
2RN2,D134L,-1.15,3.0,323.15,Thermal,stabilizing,8125123.0,CD,A,133
2RN2,D134A,-0.89,3.0,323.15,Thermal,stabilizing,8125123.0,CD,A,133
2RN2,D134H,-0.53,3.0,323.15,Thermal,stabilizing,8125123.0,CD,A,133
2RN2,D134N,0.1,3.0,323.15,Thermal,destabilizing,8125123.0,CD,A,133
1C5G,R53E,1.2,6.6,323.35,Thermal,destabilizing,8142362.0,CD,A,29
1C5G,E373R,0.3,6.6,323.35,Thermal,destabilizing,8142362.0,CD,A,349
1C5G,E373P,-0.3,6.6,323.35,Thermal,stabilizing,8142362.0,CD,A,349
1QLP,F51C,-3.01,6.5,296.15,Urea,stabilizing,8144550.0,Fluorescence,A,28
1BVC,H93G,-0.02,7.0,273.15,Urea,stabilizing,8158639.0,CD,A,92
1BVC,H82Q,0.025,7.0,273.15,Urea,destabilizing,8158639.0,CD,A,81
1BVC,H97Q,0.055,7.0,273.15,Urea,destabilizing,8158639.0,CD,A,96
1BVC,H113Q,0.13,7.0,273.15,Urea,destabilizing,8158639.0,CD,A,112
1BVC,H64Q,0.225,7.0,273.15,Urea,destabilizing,8158639.0,CD,A,63
1BVC,H24V,0.26,7.0,273.15,Urea,destabilizing,8158639.0,CD,A,23
1BVC,H48Q,0.31,7.0,273.15,Urea,destabilizing,8158639.0,CD,A,47
1BVC,H119F,0.34,7.0,273.15,Urea,destabilizing,8158639.0,CD,A,118
1BVC,H36Q,0.65,7.0,273.15,Urea,destabilizing,8158639.0,CD,A,35
1PGA,T53G,1.21,5.2,333.15,Thermal,destabilizing,8180173.0,CD,A,52
1PGA,T53D,0.85,5.2,333.15,Thermal,destabilizing,8180173.0,CD,A,52
1PGA,T53E,-0.23,5.2,333.15,Thermal,stabilizing,8180173.0,CD,A,52
1PGA,T53K,-0.35,5.2,333.15,Thermal,stabilizing,8180173.0,CD,A,52
1PGA,T53H,-0.37,5.2,333.15,Thermal,stabilizing,8180173.0,CD,A,52
1PGA,T53Q,-0.38,5.2,333.15,Thermal,stabilizing,8180173.0,CD,A,52
1PGA,T53R,-0.4,5.2,333.15,Thermal,stabilizing,8180173.0,CD,A,52
1PGA,T53L,-0.45,5.2,333.15,Thermal,stabilizing,8180173.0,CD,A,52
1PGA,T53N,-0.52,5.2,333.15,Thermal,stabilizing,8180173.0,CD,A,52
1PGA,T53C,-0.78,5.2,333.15,Thermal,stabilizing,8180173.0,CD,A,52
1PGA,T53S,-0.87,5.2,333.15,Thermal,stabilizing,8180173.0,CD,A,52
1PGA,T53M,-0.9,5.2,333.15,Thermal,stabilizing,8180173.0,CD,A,52
1PGA,T53V,-0.94,5.2,333.15,Thermal,stabilizing,8180173.0,CD,A,52
1PGA,T53W,-1.04,5.2,333.15,Thermal,stabilizing,8180173.0,CD,A,52
1PGA,T53F,-1.08,5.2,333.15,Thermal,stabilizing,8180173.0,CD,A,52
1PGA,T53I,-1.25,5.2,333.15,Thermal,stabilizing,8180173.0,CD,A,52
1PGA,T53T,-1.36,5.2,333.15,Thermal,stabilizing,8180173.0,CD,A,52
1PGA,T53Y,-1.63,5.2,333.15,Thermal,stabilizing,8180173.0,CD,A,52
1CEY,F14N,-2.9,7.0,298.15,Urea,stabilizing,8180214.0,CD,A,12
1REI,R61N,-3.9,7.5,298.15,GdnHCl,stabilizing,8202506.0,Fluorescence,A,60
1REI,A84T,2.5,7.5,298.15,GdnHCl,destabilizing,8202506.0,Fluorescence,A,83
1REI,G57E,1.0,7.5,298.15,GdnHCl,destabilizing,8202506.0,Fluorescence,A,56
1REI,G68D,0.1,7.5,298.15,GdnHCl,destabilizing,8202506.0,Fluorescence,A,67
1REI,L78T,0.8,7.5,298.15,GdnHCl,destabilizing,8202506.0,Fluorescence,A,77
1REI,Y49F,0.6,7.5,298.15,GdnHCl,destabilizing,8202506.0,Fluorescence,A,48
1CAH,P202A,1.1,7.5,296.15,GdnHCl,destabilizing,8218160.0,Abs,A,198
2IFB,I23C,-0.91,7.2,293.15,GdnHCl,stabilizing,8218166.0,Fluorescence,A,22
2IFB,V60C,-0.8,7.2,293.15,GdnHCl,stabilizing,8218166.0,Fluorescence,A,59
2IFB,L89C,0.6,7.2,293.15,GdnHCl,destabilizing,8218166.0,Fluorescence,A,88
2IFB,A104C,-2.54,7.2,293.15,GdnHCl,stabilizing,8218166.0,Fluorescence,A,103
2IFB,I23C,-1.9,9.6,293.15,GdnHCl,stabilizing,8218166.0,Fluorescence,A,22
2IFB,S53C,-1.5,9.6,293.15,GdnHCl,stabilizing,8218166.0,Fluorescence,A,52
2IFB,V60C,-0.59,9.6,293.15,GdnHCl,stabilizing,8218166.0,Fluorescence,A,59
2IFB,L72C,0.12,9.6,293.15,GdnHCl,destabilizing,8218166.0,Fluorescence,A,71
2IFB,L89C,1.69,9.6,293.15,GdnHCl,destabilizing,8218166.0,Fluorescence,A,88
2IFB,A104C,-1.51,9.6,293.15,GdnHCl,stabilizing,8218166.0,Fluorescence,A,103
2IFB,S53C,-0.58,7.2,293.15,GdnHCl,stabilizing,8218166.0,Fluorescence,A,52
2IFB,L72C,0.14,7.2,293.15,GdnHCl,destabilizing,8218166.0,Fluorescence,A,71
2CI2,V66A,4.925,6.3,298.15,GdnHCl,destabilizing,8218191.0,Fluorescence,I,47
2CI2,L68A,3.69,6.3,298.15,GdnHCl,destabilizing,8218191.0,Fluorescence,I,49
2CI2,V70A,1.54,6.3,298.15,GdnHCl,destabilizing,8218191.0,Fluorescence,I,51
2CI2,V38A,0.46,3.0,298.15,Thermal,destabilizing,8218191.0,DSC,I,19
2CI2,I39V,1.2,3.0,298.15,Thermal,destabilizing,8218191.0,DSC,I,20
2CI2,I39V,1.16,3.5,298.15,Thermal,destabilizing,8218191.0,DSC,I,20
2CI2,I48V,0.92,3.5,298.15,Thermal,destabilizing,8218191.0,DSC,I,29
2CI2,I48A,3.89,3.5,298.15,Thermal,destabilizing,8218191.0,DSC,I,29
2CI2,V66A,4.91,3.5,298.15,Thermal,destabilizing,8218191.0,DSC,I,47
2CI2,L68A,3.74,3.5,298.15,Thermal,destabilizing,8218191.0,DSC,I,49
2CI2,V70A,2.17,3.0,298.15,Thermal,destabilizing,8218191.0,DSC,I,51
2CI2,I76V,-0.09,3.0,298.15,Thermal,stabilizing,8218191.0,DSC,I,57
2CI2,I76A,4.23,3.0,298.15,Thermal,destabilizing,8218191.0,DSC,I,57
2CI2,I76A,4.34,3.5,298.15,Thermal,destabilizing,8218191.0,DSC,I,57
2CI2,I76V,-0.065,6.3,298.15,GdnHCl,stabilizing,8218191.0,Fluorescence,I,57
2CI2,V38A,0.23,6.3,298.15,GdnHCl,destabilizing,8218191.0,Fluorescence,I,19
2CI2,I48V,0.92,6.3,298.15,GdnHCl,destabilizing,8218191.0,Fluorescence,I,29
2CI2,I39V,1.09,6.3,298.15,GdnHCl,destabilizing,8218191.0,Fluorescence,I,20
2CI2,L27A,2.275,6.3,298.15,GdnHCl,destabilizing,8218191.0,Fluorescence,I,8
2CI2,L27A,2.66,3.0,298.15,Thermal,destabilizing,8218191.0,DSC,I,8
2CI2,I48A,3.62,6.3,298.15,GdnHCl,destabilizing,8218191.0,Fluorescence,I,29
2CI2,I76A,4.17,6.3,298.15,GdnHCl,destabilizing,8218191.0,Fluorescence,I,57
2LZM,A41S,0.6,3.0,324.7,Thermal,destabilizing,8218201.0,CD,A,40
2LZM,A42S,2.3,3.0,324.7,Thermal,destabilizing,8218201.0,CD,A,41
2LZM,A49S,0.5,3.0,324.7,Thermal,destabilizing,8218201.0,CD,A,48
2LZM,A73S,0.4,3.0,324.7,Thermal,destabilizing,8218201.0,CD,A,72
2LZM,A82S,0.3,3.0,324.7,Thermal,destabilizing,8218201.0,CD,A,81
2LZM,A93S,0.2,3.0,324.7,Thermal,destabilizing,8218201.0,CD,A,92
2LZM,A98S,2.5,3.0,324.7,Thermal,destabilizing,8218201.0,CD,A,97
2LZM,A130S,1.0,3.0,324.7,Thermal,destabilizing,8218201.0,CD,A,129
2LZM,A134S,0.1,3.0,324.7,Thermal,destabilizing,8218201.0,CD,A,133
2LZM,V75T,1.3,3.0,324.7,Thermal,destabilizing,8218201.0,CD,A,74
2LZM,V87T,1.6,3.0,324.7,Thermal,destabilizing,8218201.0,CD,A,86
2LZM,V149T,2.8,3.0,324.7,Thermal,destabilizing,8218201.0,CD,A,148
1BVC,L29A,2.37,11.0,349.65,Thermal,destabilizing,8251481.0,DSC,A,28
1BVC,L135V,2.25,11.0,349.65,Thermal,destabilizing,8251481.0,DSC,A,134
1BVC,I111A,1.84,11.0,349.65,Thermal,destabilizing,8251481.0,DSC,A,110
1BVC,L29V,1.72,11.0,349.65,Thermal,destabilizing,8251481.0,DSC,A,28
1BVC,L135I,1.54,11.0,349.65,Thermal,destabilizing,8251481.0,DSC,A,134
1BVC,I28A,1.33,11.0,349.65,Thermal,destabilizing,8251481.0,DSC,A,27
1BVC,L69A,1.18,11.0,349.65,Thermal,destabilizing,8251481.0,DSC,A,68
1BVC,I111M,1.14,11.0,349.65,Thermal,destabilizing,8251481.0,DSC,A,110
1BVC,L29I,1.12,11.0,349.65,Thermal,destabilizing,8251481.0,DSC,A,28
1BVC,I142A,1.1,11.0,349.65,Thermal,destabilizing,8251481.0,DSC,A,141
1BVC,L49I,0.8,11.0,349.65,Thermal,destabilizing,8251481.0,DSC,A,48
1BVC,L135M,0.79,11.0,349.65,Thermal,destabilizing,8251481.0,DSC,A,134
1BVC,I111L,0.64,11.0,349.65,Thermal,destabilizing,8251481.0,DSC,A,110
1BVC,I28M,0.56,11.0,349.65,Thermal,destabilizing,8251481.0,DSC,A,27
1BVC,I28L,0.55,11.0,349.65,Thermal,destabilizing,8251481.0,DSC,A,27
1BVC,I142V,0.12,11.0,349.65,Thermal,destabilizing,8251481.0,DSC,A,141
1BVC,L69V,0.1,11.0,349.65,Thermal,destabilizing,8251481.0,DSC,A,68
1BVC,L69I,0.02,11.0,349.65,Thermal,destabilizing,8251481.0,DSC,A,68
1BVC,L69M,-0.0,11.0,349.65,Thermal,stabilizing,8251481.0,DSC,A,68
1BVC,I28V,-0.04,11.0,349.65,Thermal,stabilizing,8251481.0,DSC,A,27
1BVC,L29M,-0.12,11.0,349.65,Thermal,destabilizing,8251481.0,DSC,A,28
1BVC,I142L,-0.63,11.0,349.65,Thermal,stabilizing,8251481.0,DSC,A,141
1BVC,I142M,-0.93,11.0,349.65,Thermal,stabilizing,8251481.0,DSC,A,141
1RX4,C85S,0.3,7.8,288.15,Urea,destabilizing,8257692.0,CD,A,84
1RX4,C152E,0.3,7.8,288.15,Urea,destabilizing,8257692.0,CD,A,151
1BNI,I76T,2.69,6.3,298.15,Urea,destabilizing,8257694.0,Fluorescence,A,73
1STN,D21A,-0.7,7.0,293.15,GdnHCl,stabilizing,8289248.0,Fluorescence,A,15
1STN,G50A,-0.3,7.0,293.15,GdnHCl,stabilizing,8289248.0,Fluorescence,A,44
1STN,D21G,-0.3,7.0,293.15,GdnHCl,stabilizing,8289248.0,Fluorescence,A,15
1STN,K45A,-0.3,7.0,293.15,GdnHCl,stabilizing,8289248.0,Fluorescence,A,39
1STN,K45G,-0.2,7.0,293.15,GdnHCl,stabilizing,8289248.0,Fluorescence,A,39
1STN,N138G,-0.2,7.0,293.15,GdnHCl,stabilizing,8289248.0,Fluorescence,A,132
1STN,Y113A,-0.1,7.0,293.15,GdnHCl,stabilizing,8289248.0,Fluorescence,A,107
1STN,K136G,-0.1,7.0,293.15,GdnHCl,stabilizing,8289248.0,Fluorescence,A,130
1STN,D19A,0.1,7.0,293.15,GdnHCl,destabilizing,8289248.0,Fluorescence,A,13
1STN,E52A,0.1,7.0,293.15,GdnHCl,destabilizing,8289248.0,Fluorescence,A,46
1STN,Y113G,0.2,7.0,293.15,GdnHCl,destabilizing,8289248.0,Fluorescence,A,107
1STN,V51A,0.2,7.0,293.15,GdnHCl,destabilizing,8289248.0,Fluorescence,A,45
1STN,K16A,0.2,7.0,293.15,GdnHCl,destabilizing,8289248.0,Fluorescence,A,10
1STN,K49G,0.2,7.0,293.15,GdnHCl,destabilizing,8289248.0,Fluorescence,A,43
1STN,V51G,0.3,7.0,293.15,GdnHCl,destabilizing,8289248.0,Fluorescence,A,45
1STN,D19G,0.3,7.0,293.15,GdnHCl,destabilizing,8289248.0,Fluorescence,A,13
1STN,K49A,0.3,7.0,293.15,GdnHCl,destabilizing,8289248.0,Fluorescence,A,43
1STN,E52G,0.4,7.0,293.15,GdnHCl,destabilizing,8289248.0,Fluorescence,A,46
1STN,L38G,0.5,7.0,293.15,GdnHCl,destabilizing,8289248.0,Fluorescence,A,32
1STN,G86A,0.5,7.0,293.15,GdnHCl,destabilizing,8289248.0,Fluorescence,A,80
1STN,K136A,0.7,7.0,293.15,GdnHCl,destabilizing,8289248.0,Fluorescence,A,130
1STN,K28A,0.7,7.0,293.15,GdnHCl,destabilizing,8289248.0,Fluorescence,A,22
1STN,K28G,0.7,7.0,293.15,GdnHCl,destabilizing,8289248.0,Fluorescence,A,22
1STN,K16G,0.7,7.0,293.15,GdnHCl,destabilizing,8289248.0,Fluorescence,A,10
1STN,N138A,1.0,7.0,293.15,GdnHCl,destabilizing,8289248.0,Fluorescence,A,132
1STN,G29A,1.2,7.0,293.15,GdnHCl,destabilizing,8289248.0,Fluorescence,A,23
1STN,N119A,1.2,7.0,293.15,GdnHCl,destabilizing,8289248.0,Fluorescence,A,113
1STN,N119G,1.2,7.0,293.15,GdnHCl,destabilizing,8289248.0,Fluorescence,A,113
1STN,L38A,1.6,7.0,293.15,GdnHCl,destabilizing,8289248.0,Fluorescence,A,32
1STN,G96A,1.7,7.0,293.15,GdnHCl,destabilizing,8289248.0,Fluorescence,A,90
1STN,Y54G,1.8,7.0,293.15,GdnHCl,destabilizing,8289248.0,Fluorescence,A,48
1STN,N118G,1.8,7.0,293.15,GdnHCl,destabilizing,8289248.0,Fluorescence,A,112
1STN,N118A,2.0,7.0,293.15,GdnHCl,destabilizing,8289248.0,Fluorescence,A,112
1STN,Y54A,2.1,7.0,293.15,GdnHCl,destabilizing,8289248.0,Fluorescence,A,48
1STN,D77G,2.2,7.0,293.15,GdnHCl,destabilizing,8289248.0,Fluorescence,A,71
1STN,G79A,2.3,7.0,293.15,GdnHCl,destabilizing,8289248.0,Fluorescence,A,73
1STN,I15A,2.6,7.0,293.15,GdnHCl,destabilizing,8289248.0,Fluorescence,A,9
1STN,D95G,2.7,7.0,293.15,GdnHCl,destabilizing,8289248.0,Fluorescence,A,89
1STN,D77A,3.1,7.0,293.15,GdnHCl,destabilizing,8289248.0,Fluorescence,A,71
1STN,D95A,3.3,7.0,293.15,GdnHCl,destabilizing,8289248.0,Fluorescence,A,89
1STN,I15G,3.3,7.0,293.15,GdnHCl,destabilizing,8289248.0,Fluorescence,A,9
1STN,G107A,4.4,7.0,293.15,GdnHCl,destabilizing,8289248.0,Fluorescence,A,101
2LZM,S44A,-0.43,3.01,324.83,Thermal,stabilizing,8289284.0,CD,A,43
2LZM,S44L,-0.39,3.01,324.83,Thermal,stabilizing,8289284.0,CD,A,43
2LZM,S44M,-0.33,3.01,324.83,Thermal,stabilizing,8289284.0,CD,A,43
2LZM,S44I,-0.31,3.01,324.83,Thermal,stabilizing,8289284.0,CD,A,43
2LZM,S44Q,-0.27,3.01,324.83,Thermal,stabilizing,8289284.0,CD,A,43
2LZM,S44R,-0.24,3.01,324.83,Thermal,stabilizing,8289284.0,CD,A,43
2LZM,S44K,-0.2,3.01,324.83,Thermal,stabilizing,8289284.0,CD,A,43
2LZM,S44Y,-0.19,3.01,324.83,Thermal,stabilizing,8289284.0,CD,A,43
2LZM,S44V,-0.1,3.01,324.83,Thermal,stabilizing,8289284.0,CD,A,43
2LZM,S44F,-0.06,3.01,324.83,Thermal,stabilizing,8289284.0,CD,A,43
2LZM,S44W,-0.05,3.01,324.83,Thermal,stabilizing,8289284.0,CD,A,43
2LZM,S44H,-0.04,3.01,324.83,Thermal,stabilizing,8289284.0,CD,A,43
2LZM,S44T,-0.01,3.01,324.83,Thermal,stabilizing,8289284.0,CD,A,43
2LZM,S44E,-0.0,3.01,324.83,Thermal,stabilizing,8289284.0,CD,A,43
2LZM,S44D,0.11,3.01,324.83,Thermal,destabilizing,8289284.0,CD,A,43
2LZM,S44C,0.11,3.01,324.83,Thermal,destabilizing,8289284.0,CD,A,43
2LZM,S44N,0.14,3.01,324.83,Thermal,destabilizing,8289284.0,CD,A,43
2LZM,S44G,0.53,3.01,324.83,Thermal,destabilizing,8289284.0,CD,A,43
2LZM,S44P,3.03,3.01,324.83,Thermal,destabilizing,8289284.0,CD,A,43
2LZM,V131A,-0.26,3.01,326.23,Thermal,stabilizing,8289284.0,CD,A,130
2LZM,V131L,-0.09,3.01,326.23,Thermal,stabilizing,8289284.0,CD,A,130
2LZM,V131M,-0.12,3.01,326.23,Thermal,stabilizing,8289284.0,CD,A,130
2LZM,V131I,-0.16,3.01,326.23,Thermal,stabilizing,8289284.0,CD,A,130
2LZM,V131T,0.12,3.01,326.23,Thermal,destabilizing,8289284.0,CD,A,130
2LZM,V131E,-0.2,3.01,326.23,Thermal,stabilizing,8289284.0,CD,A,130
2LZM,V131S,0.05,3.01,326.23,Thermal,destabilizing,8289284.0,CD,A,130
2LZM,V131D,-0.08,3.01,326.23,Thermal,stabilizing,8289284.0,CD,A,130
2LZM,V131G,0.68,3.01,326.23,Thermal,destabilizing,8289284.0,CD,A,130
1STN,V66W,3.185,7.0,293.15,GdnHCl,destabilizing,8355268.0,Fluorescence,A,60
1STN,K70W,0.495,7.0,293.15,GdnHCl,destabilizing,8355268.0,Fluorescence,A,64
1STN,G88W,0.955,7.0,293.15,GdnHCl,destabilizing,8355268.0,Fluorescence,A,82
1BVC,I142A,1.92,9.6,355.35,Thermal,destabilizing,8358293.0,CD,A,141
1BVC,L137A,1.78,9.6,355.35,Thermal,destabilizing,8358293.0,CD,A,136
1BVC,L149A,1.6,9.6,355.35,Thermal,destabilizing,8358293.0,CD,A,148
1BVC,V114A,1.45,9.6,355.35,Thermal,destabilizing,8358293.0,CD,A,113
1BVC,T51A,1.41,9.6,355.35,Thermal,destabilizing,8358293.0,CD,A,50
1BVC,G23A,1.12,9.6,355.35,Thermal,destabilizing,8358293.0,CD,A,22
1BVC,V13A,0.67,9.6,355.35,Thermal,destabilizing,8358293.0,CD,A,12
1BVC,L11A,0.44,9.6,355.35,Thermal,destabilizing,8358293.0,CD,A,10
1BVC,L9A,0.41,9.6,355.35,Thermal,destabilizing,8358293.0,CD,A,8
1BVC,T67A,0.26,9.6,355.35,Thermal,destabilizing,8358293.0,CD,A,66
1BVC,S117A,0.26,9.6,355.35,Thermal,destabilizing,8358293.0,CD,A,116
1BVC,H116A,-0.16,9.6,355.35,Thermal,stabilizing,8358293.0,CD,A,115
1BVC,P88A,-0.59,9.6,355.35,Thermal,stabilizing,8358293.0,CD,A,87
1BVC,V66A,-0.75,9.6,355.35,Thermal,stabilizing,8358293.0,CD,A,65
1BVC,G129A,-1.05,9.6,355.35,Thermal,stabilizing,8358293.0,CD,A,128
1BNI,Q15I,-1.19,6.3,298.15,Urea,stabilizing,8377205.0,Fluorescence,A,12
1BNI,T16R,-0.53,6.3,298.15,Urea,stabilizing,8377205.0,Fluorescence,A,13
1BNI,H18K,1.0525,6.3,298.15,Urea,destabilizing,8377205.0,Fluorescence,A,15
1BNI,K19R,-0.54,6.3,298.15,Urea,stabilizing,8377205.0,Fluorescence,A,16
1BNI,E29Q,0.11,6.3,298.15,Urea,destabilizing,8377205.0,Fluorescence,A,26
1BNI,Q31S,0.25,6.3,298.15,Urea,destabilizing,8377205.0,Fluorescence,A,28
1BNI,D44E,0.11,6.3,298.15,Urea,destabilizing,8377205.0,Fluorescence,A,41
1BNI,I55V,0.29,6.3,298.15,Urea,destabilizing,8377205.0,Fluorescence,A,52
1BNI,K62R,0.48,6.3,298.15,Urea,destabilizing,8377205.0,Fluorescence,A,59
1BNI,G65S,-0.74,6.3,298.15,Urea,stabilizing,8377205.0,Fluorescence,A,62
1BNI,K66A,-0.59,6.3,298.15,Urea,stabilizing,8377205.0,Fluorescence,A,63
1BNI,T79V,-0.24,6.3,298.15,Urea,stabilizing,8377205.0,Fluorescence,A,76
1BNI,S85A,-0.08,6.3,298.15,Urea,stabilizing,8377205.0,Fluorescence,A,82
1BNI,I88L,0.16,6.3,298.15,Urea,destabilizing,8377205.0,Fluorescence,A,85
1BNI,L89V,0.27,6.3,298.15,Urea,destabilizing,8377205.0,Fluorescence,A,86
1BNI,Q104A,0.21,6.3,298.15,Urea,destabilizing,8377205.0,Fluorescence,A,101
1BNI,K108R,-0.84,6.3,298.15,Urea,stabilizing,8377205.0,Fluorescence,A,105
1VQB,I6V,0.7,7.0,298.15,GdnHCl,destabilizing,8378307.0,CD,A,5
1VQB,F13T,0.7,7.0,298.15,GdnHCl,destabilizing,8378307.0,CD,A,12
1VQB,L28V,-1.1,7.0,298.15,GdnHCl,stabilizing,8378307.0,CD,A,27
1VQB,E30F,-2.0,7.0,298.15,GdnHCl,stabilizing,8378307.0,CD,A,29
1VQB,L32Y,-1.0,7.0,298.15,GdnHCl,stabilizing,8378307.0,CD,A,31
1VQB,C33M,3.5,7.0,298.15,GdnHCl,destabilizing,8378307.0,CD,A,32
1VQB,C33V,0.2,7.0,298.15,GdnHCl,destabilizing,8378307.0,CD,A,32
1VQB,V35A,2.2,7.0,298.15,GdnHCl,destabilizing,8378307.0,CD,A,34
1VQB,V35C,1.4,7.0,298.15,GdnHCl,destabilizing,8378307.0,CD,A,34
1VQB,V35F,3.2,7.0,298.15,GdnHCl,destabilizing,8378307.0,CD,A,34
1VQB,V35I,0.7,7.0,298.15,GdnHCl,destabilizing,8378307.0,CD,A,34
1VQB,V35L,2.7,7.0,298.15,GdnHCl,destabilizing,8378307.0,CD,A,34
1VQB,V35M,1.1,7.0,298.15,GdnHCl,destabilizing,8378307.0,CD,A,34
1VQB,Y41F,0.6,7.0,298.15,GdnHCl,destabilizing,8378307.0,CD,A,40
1VQB,V45C,0.1,7.0,298.15,GdnHCl,destabilizing,8378307.0,CD,A,44
1VQB,I47C,5.3,7.0,298.15,GdnHCl,destabilizing,8378307.0,CD,A,46
1VQB,I47F,2.0,7.0,298.15,GdnHCl,destabilizing,8378307.0,CD,A,46
1VQB,I47L,0.7,7.0,298.15,GdnHCl,destabilizing,8378307.0,CD,A,46
1VQB,I47M,2.2,7.0,298.15,GdnHCl,destabilizing,8378307.0,CD,A,46
1VQB,I47V,2.6,7.0,298.15,GdnHCl,destabilizing,8378307.0,CD,A,46
1VQB,H64C,-0.5,7.0,298.15,GdnHCl,stabilizing,8378307.0,CD,A,63
1VQB,L65P,1.5,7.0,298.15,GdnHCl,destabilizing,8378307.0,CD,A,64
1VQB,F68L,4.3,7.0,298.15,GdnHCl,destabilizing,8378307.0,CD,A,67
1VQB,F73W,-0.8,7.0,298.15,GdnHCl,stabilizing,8378307.0,CD,A,72
1VQB,M77I,-1.6,7.0,298.15,GdnHCl,stabilizing,8378307.0,CD,A,76
1VQB,M77V,-1.2,7.0,298.15,GdnHCl,stabilizing,8378307.0,CD,A,76
1VQB,R82C,1.5,7.0,298.15,GdnHCl,destabilizing,8378307.0,CD,A,81
1VQB,A86T,0.7,7.0,298.15,GdnHCl,destabilizing,8378307.0,CD,A,85
1VQB,A86V,-0.5,7.0,298.15,GdnHCl,stabilizing,8378307.0,CD,A,85
1CYC,K73M,1.0,7.5,298.15,GdnHCl,destabilizing,8380333.0,CD,A,72
1CYC,K73Y,1.05,7.5,298.15,GdnHCl,destabilizing,8380333.0,CD,A,72
1CYC,K73F,1.15,7.5,298.15,GdnHCl,destabilizing,8380333.0,CD,A,72
1CYC,K73W,1.43,7.5,298.15,GdnHCl,destabilizing,8380333.0,CD,A,72
2RN2,V74L,-1.1,3.0,322.95,Thermal,stabilizing,8390295.0,CD,A,73
2RN2,V74I,-0.7,3.0,322.95,Thermal,stabilizing,8390295.0,CD,A,73
2RN2,V74A,2.2,3.0,322.95,Thermal,destabilizing,8390295.0,CD,A,73
2RN2,V74L,-0.9,5.5,325.15,Thermal,stabilizing,8390295.0,CD,A,73
2RN2,V74I,-0.6,5.5,325.15,Thermal,stabilizing,8390295.0,CD,A,73
2RN2,V74A,3.4,5.5,325.15,Thermal,destabilizing,8390295.0,CD,A,73
1AAR,F45W,-0.345,5.0,298.15,GdnHCl,stabilizing,8392867.0,CD,A,44
2RN2,G77A,0.9,3.0,322.95,Thermal,destabilizing,8393706.0,CD,A,76
1IOB,T9A,2.1,6.5,298.15,GdnHCl,destabilizing,8394358.0,Fluorescence,A,8
1IOB,T9L,3.1,6.5,298.15,GdnHCl,destabilizing,8394358.0,Fluorescence,A,8
1IOB,T9G,3.7,6.5,298.15,GdnHCl,destabilizing,8394358.0,Fluorescence,A,8
1IOB,K97R,3.1,6.5,298.15,GdnHCl,destabilizing,8394358.0,Fluorescence,A,96
1IOB,K97G,2.1,6.5,298.15,GdnHCl,destabilizing,8394358.0,Fluorescence,A,96
1IOB,K97V,-0.85,6.5,298.15,GdnHCl,destabilizing,8394358.0,Fluorescence,A,96
1IOB,T9Q,1.9,6.5,298.15,GdnHCl,destabilizing,8394358.0,Fluorescence,A,8
1STN,V23F,2.3,7.0,293.15,GdnHCl,destabilizing,8399139.0,Fluorescence,A,17
1STN,V66L,0.12,7.0,293.15,GdnHCl,destabilizing,8399139.0,Fluorescence,A,60
1STN,E75V,2.31,7.0,293.15,GdnHCl,destabilizing,8399139.0,Fluorescence,A,69
1STN,G79D,2.28,7.0,293.15,GdnHCl,destabilizing,8399139.0,Fluorescence,A,73
1STN,G79S,2.64,7.0,293.15,GdnHCl,destabilizing,8399139.0,Fluorescence,A,73
1STN,G88V,0.94,7.0,293.15,GdnHCl,destabilizing,8399139.0,Fluorescence,A,82
1STN,P117L,-0.2,7.0,293.15,GdnHCl,stabilizing,8399139.0,Fluorescence,A,111
1STN,N118D,2.45,7.0,293.15,GdnHCl,destabilizing,8399139.0,Fluorescence,A,112
1STN,I18M,0.625,7.0,293.15,GdnHCl,destabilizing,8399139.0,Fluorescence,A,12
1STN,T33S,1.25,7.0,293.15,GdnHCl,destabilizing,8399139.0,Fluorescence,A,27
1STN,A69T,2.676666667,7.0,293.15,GdnHCl,destabilizing,8399139.0,Fluorescence,A,63
1STN,A90S,2.0,7.0,293.15,GdnHCl,destabilizing,8399139.0,Fluorescence,A,84
1ZNJ,T8H,-1.76,8.0,298.15,GdnHCl,stabilizing,8399225.0,CD,A,7
1ZNJ,T8R,-1.25,8.0,298.15,GdnHCl,stabilizing,8399225.0,CD,A,7
1ZNJ,F25H,-1.0,8.0,298.15,GdnHCl,stabilizing,8399225.0,CD,B,24
1ZNJ,F25D,-0.6,8.0,298.15,GdnHCl,stabilizing,8399225.0,CD,B,24
1ZNJ,T8A,-0.16,8.0,298.15,GdnHCl,stabilizing,8399225.0,CD,A,7
1ZNJ,S9D,-0.1,8.0,298.15,GdnHCl,stabilizing,8399225.0,CD,A,8
1ZNJ,Y26T,0.3,8.0,298.15,GdnHCl,destabilizing,8399225.0,CD,B,25
2LZM,S117F,-1.4,3.0,324.85,Thermal,stabilizing,8401213.0,CD,A,116
2LZM,S117F,-1.1,5.4,338.24,Thermal,stabilizing,8401213.0,CD,A,116
3MBP,T345I,-0.7,7.6,298.15,Urea,stabilizing,8407916.0,Fluorescence,A,344
3MBP,D55N,-0.0,7.6,298.15,Urea,stabilizing,8407916.0,Fluorescence,A,54
3MBP,V8G,1.1,7.6,298.15,Urea,destabilizing,8407916.0,Fluorescence,A,7
3MBP,A276G,1.694976077,7.6,298.15,Urea,destabilizing,8407916.0,Fluorescence,A,275
3MBP,G19C,2.3,7.6,298.15,Urea,destabilizing,8407916.0,Fluorescence,A,18
3MBP,Y283D,3.2,7.6,298.15,Urea,destabilizing,8407916.0,Fluorescence,A,282
1CAH,C206S,-0.8,7.5,296.15,GdnHCl,stabilizing,8418842.0,Abs,A,202
2CI2,I39L,1.96,7.0,303.15,GdnHCl,destabilizing,8422372.0,Fluorescence,I,20
2CI2,R67A,1.21,7.0,303.15,GdnHCl,destabilizing,8422372.0,Fluorescence,I,48
2CI2,I39V,1.17,7.0,303.15,GdnHCl,destabilizing,8422372.0,Fluorescence,I,20
2LZM,F153L,-0.3,5.7,338.03,Thermal,stabilizing,8433369.0,CD,A,152
2LZM,L99F,0.4,3.01,324.91,Thermal,destabilizing,8433369.0,CD,A,98
2LZM,F153I,0.5,3.01,324.91,Thermal,destabilizing,8433369.0,CD,A,152
2LZM,L99M,0.6,5.7,338.03,Thermal,destabilizing,8433369.0,CD,A,98
2LZM,F153M,0.6,5.7,338.03,Thermal,destabilizing,8433369.0,CD,A,152
2LZM,L99M,0.7,3.01,324.91,Thermal,destabilizing,8433369.0,CD,A,98
2LZM,L99A,5.0,3.01,324.91,Thermal,destabilizing,8433369.0,CD,A,98
2LZM,F153L,-0.2,3.01,324.91,Thermal,stabilizing,8433369.0,CD,A,152
2LZM,F153M,0.8,3.01,324.91,Thermal,destabilizing,8433369.0,CD,A,152
2LZM,L99A,4.5,5.7,338.03,Thermal,destabilizing,8433369.0,CD,A,98
2LZM,L99V,2.0,5.7,338.03,Thermal,destabilizing,8433369.0,CD,A,98
2LZM,L99I,1.5,5.7,338.03,Thermal,destabilizing,8433369.0,CD,A,98
2LZM,L99F,0.3,5.7,338.03,Thermal,destabilizing,8433369.0,CD,A,98
2LZM,F153A,3.8,5.7,338.03,Thermal,destabilizing,8433369.0,CD,A,152
2LZM,F153V,1.8,5.7,338.03,Thermal,destabilizing,8433369.0,CD,A,152
2LZM,F153I,0.2,5.7,338.03,Thermal,destabilizing,8433369.0,CD,A,152
2LZM,L99I,1.4,3.01,324.91,Thermal,destabilizing,8433369.0,CD,A,98
2LZM,F153V,1.8,3.01,324.91,Thermal,destabilizing,8433369.0,CD,A,152
2LZM,L99V,2.3,3.01,324.91,Thermal,destabilizing,8433369.0,CD,A,98
2LZM,F153A,3.5,3.01,324.91,Thermal,destabilizing,8433369.0,CD,A,152
1STN,P117G,-1.6,7.0,273.15,GdnSCN,stabilizing,8448112.0,Fluorescence,A,111
1STN,P117T,-1.1,7.0,273.15,GdnSCN,stabilizing,8448112.0,Fluorescence,A,111
1STN,P31A,0.6,7.0,273.15,GdnSCN,destabilizing,8448112.0,Fluorescence,A,25
1RX4,G121V,1.105,7.0,288.15,Urea,destabilizing,8454578.0,CD,A,120
1RX4,G121L,0.505,7.0,288.15,Urea,destabilizing,8454578.0,CD,A,120
2LZM,Q105A,0.9,2.1,315.15,Thermal,destabilizing,8460110.0,CD,A,104
2LZM,Q105E,0.5,2.1,315.15,Thermal,destabilizing,8460110.0,CD,A,104
2LZM,Q105G,1.7,2.1,315.15,Thermal,destabilizing,8460110.0,CD,A,104
2LZM,Q105A,0.6,5.8,339.45,Thermal,destabilizing,8460110.0,CD,A,104
2LZM,Q105E,1.1,5.8,339.45,Thermal,destabilizing,8460110.0,CD,A,104
2LZM,Q105G,1.5,5.8,339.45,Thermal,destabilizing,8460110.0,CD,A,104
4LYZ,D101P,2.4,5.5,308.15,GdnHCl,destabilizing,8475043.0,CD,A,100
4LYZ,G102P,0.1,5.5,308.15,GdnHCl,destabilizing,8475043.0,CD,A,101
2WSY,A18V,-0.2,7.8,298.15,Urea,stabilizing,8504078.0,CD,A,17
2WSY,I232V,0.7,7.8,298.15,Urea,destabilizing,8504078.0,CD,A,202
2WSY,L209V,0.8,7.8,298.15,Urea,destabilizing,8504078.0,CD,A,180
2WSY,A18G,1.5,7.8,298.15,Urea,destabilizing,8504078.0,CD,A,17
2WSY,Y175Q,2.1,7.8,298.15,Urea,destabilizing,8504078.0,CD,A,165
1RN1,P39A,4.95,5.0,283.15,GdnHCl,destabilizing,8515459.0,Fluorescence,A,38
1RN1,P39A,5.12,5.0,298.15,GdnHCl,destabilizing,8515459.0,Fluorescence,A,38
1RN1,P39A,4.33,8.0,283.15,GdnHCl,destabilizing,8515459.0,Fluorescence,A,38
1RN1,P39A,4.33,0.0,283.15,GdnHCl,destabilizing,8515459.0,Fluorescence,A,38
1STN,L25A,2.6,7.0,324.55,Thermal,destabilizing,8518730.0,DSC,A,19
1STN,V66L,-0.8,7.0,324.55,Thermal,stabilizing,8518730.0,DSC,A,60
1STN,G79S,1.3,7.0,324.55,Thermal,destabilizing,8518730.0,DSC,A,73
1STN,G88V,-0.5,7.0,324.55,Thermal,stabilizing,8518730.0,DSC,A,82
1STN,A90S,2.5,7.0,324.55,Thermal,destabilizing,8518730.0,DSC,A,84
1STN,H124L,-1.3,7.0,324.55,Thermal,stabilizing,8518730.0,DSC,A,118
1STN,L25A,2.8,5.0,320.15,Thermal,destabilizing,8518730.0,DSC,A,19
1STN,V66L,-0.6,5.0,320.15,Thermal,stabilizing,8518730.0,DSC,A,60
1STN,G79S,1.2,5.0,320.15,Thermal,destabilizing,8518730.0,DSC,A,73
1STN,G88V,-0.6,5.0,320.15,Thermal,stabilizing,8518730.0,DSC,A,82
1STN,A90S,2.6,5.0,320.15,Thermal,destabilizing,8518730.0,DSC,A,84
1STN,H124L,-1.9,5.0,320.15,Thermal,stabilizing,8518730.0,DSC,A,118
4LYZ,S91T,-0.99,6.4,347.15,Thermal,stabilizing,8535241.0,CD,A,90
4LYZ,S91V,0.08,6.4,347.15,Thermal,destabilizing,8535241.0,CD,A,90
4LYZ,S91A,0.15,6.4,347.15,Thermal,destabilizing,8535241.0,CD,A,90
4LYZ,T40S,0.27,6.4,347.15,Thermal,destabilizing,8535241.0,CD,A,39
4LYZ,I55L,0.45,6.4,347.15,Thermal,destabilizing,8535241.0,CD,A,54
4LYZ,I55V,0.91,6.4,347.15,Thermal,destabilizing,8535241.0,CD,A,54
4LYZ,T40I,2.2,6.4,347.15,Thermal,destabilizing,8535241.0,CD,A,39
4LYZ,I55M,2.27,6.4,347.15,Thermal,destabilizing,8535241.0,CD,A,54
4LYZ,S91D,2.31,6.4,347.15,Thermal,destabilizing,8535241.0,CD,A,90
4LYZ,I55F,2.46,6.4,347.15,Thermal,destabilizing,8535241.0,CD,A,54
4LYZ,S91Y,3.07,6.4,347.15,Thermal,destabilizing,8535241.0,CD,A,90
4LYZ,I55A,4.4,6.4,347.15,Thermal,destabilizing,8535241.0,CD,A,54
4LYZ,I55T,4.96,6.4,347.15,Thermal,destabilizing,8535241.0,CD,A,54
4LYZ,I55T,3.3,5.0,298.15,GdnHCl,destabilizing,8535241.0,CD,A,54
4LYZ,F3Y,0.45,6.4,347.15,Thermal,destabilizing,8535242.0,CD,A,2
4LYZ,H15L,-0.76,6.4,347.15,Thermal,stabilizing,8535242.0,CD,A,14
4LYZ,N19K,1.06,6.4,347.15,Thermal,destabilizing,8535242.0,CD,A,18
4LYZ,R21Q,0.15,6.4,347.15,Thermal,destabilizing,8535242.0,CD,A,20
4LYZ,F34Y,-0.19,6.4,347.15,Thermal,stabilizing,8535242.0,CD,A,33
4LYZ,R68K,0.04,6.4,347.15,Thermal,destabilizing,8535242.0,CD,A,67
4LYZ,R73K,-0.23,6.4,347.15,Thermal,stabilizing,8535242.0,CD,A,72
4LYZ,N77H,0.38,6.4,347.15,Thermal,destabilizing,8535242.0,CD,A,76
4LYZ,D101G,-0.45,6.4,347.15,Thermal,stabilizing,8535242.0,CD,A,100
4LYZ,G102V,0.04,6.4,347.15,Thermal,destabilizing,8535242.0,CD,A,101
4LYZ,G102R,-0.38,6.4,347.15,Thermal,stabilizing,8535242.0,CD,A,101
4LYZ,R114H,-0.68,6.4,347.15,Thermal,stabilizing,8535242.0,CD,A,113
4LYZ,Q121H,0.45,6.4,347.15,Thermal,destabilizing,8535242.0,CD,A,120
4LYZ,A31V,-1.2,6.4,347.15,Thermal,stabilizing,8535242.0,CD,A,30
4LYZ,A31I,-1.4,6.4,347.15,Thermal,stabilizing,8535242.0,CD,A,30
4LYZ,A31L,-1.8,6.4,347.15,Thermal,stabilizing,8535242.0,CD,A,30
4LYZ,D101S,-0.87,6.4,347.15,Thermal,stabilizing,8535242.0,CD,A,100
4LYZ,D101A,-0.76,6.4,347.15,Thermal,stabilizing,8535242.0,CD,A,100
4LYZ,D101F,-0.72,6.4,347.15,Thermal,stabilizing,8535242.0,CD,A,100
4LYZ,D101K,-0.19,6.4,347.15,Thermal,stabilizing,8535242.0,CD,A,100
4LYZ,D101N,-0.04,6.4,347.15,Thermal,stabilizing,8535242.0,CD,A,100
4LYZ,D101E,-0.0,6.4,347.15,Thermal,stabilizing,8535242.0,CD,A,100
4LYZ,D101Q,0.08,6.4,347.15,Thermal,destabilizing,8535242.0,CD,A,100
4LYZ,D101R,-0.27,6.4,347.15,Thermal,stabilizing,8535242.0,CD,A,100
1AXB,E104K,-0.3,7.0,298.15,GdnHCl,stabilizing,8539251.0,Fluorescence,A,78
1ROP,L41V,2.53,6.0,298.15,Thermal,destabilizing,8539253.0,DSC,A,40
1ROP,L41A,6.12,6.0,298.15,Thermal,destabilizing,8539253.0,DSC,A,40
1ROP,D30G,-2.0,7.0,342.15,Thermal,stabilizing,8548455.0,CD,A,29
1ROP,D30Q,-1.8,7.0,342.15,Thermal,stabilizing,8548455.0,CD,A,29
1ROP,D30E,-1.0,7.0,342.15,Thermal,stabilizing,8548455.0,CD,A,29
1ROP,D30S,-1.0,7.0,342.15,Thermal,stabilizing,8548455.0,CD,A,29
1ROP,D30K,-0.9,7.0,342.15,Thermal,stabilizing,8548455.0,CD,A,29
1ROP,D30H,-0.9,7.0,342.15,Thermal,stabilizing,8548455.0,CD,A,29
1ROP,D30C,-0.8,7.0,342.15,Thermal,stabilizing,8548455.0,CD,A,29
1ROP,D30R,-0.8,7.0,342.15,Thermal,stabilizing,8548455.0,CD,A,29
1ROP,D30N,-0.8,7.0,342.15,Thermal,stabilizing,8548455.0,CD,A,29
1ROP,D30M,-0.6,7.0,342.15,Thermal,stabilizing,8548455.0,CD,A,29
1ROP,D30A,-0.3,7.0,342.15,Thermal,stabilizing,8548455.0,CD,A,29
1ROP,D30Y,-0.2,7.0,342.15,Thermal,stabilizing,8548455.0,CD,A,29
1ROP,D30L,0.1,7.0,342.15,Thermal,destabilizing,8548455.0,CD,A,29
1ROP,D30F,0.1,7.0,342.15,Thermal,destabilizing,8548455.0,CD,A,29
1ROP,D30T,0.4,7.0,342.15,Thermal,destabilizing,8548455.0,CD,A,29
1ROP,D30V,0.4,7.0,342.15,Thermal,destabilizing,8548455.0,CD,A,29
1ROP,D30W,0.4,7.0,342.15,Thermal,destabilizing,8548455.0,CD,A,29
1ROP,D30I,0.8,7.0,342.15,Thermal,destabilizing,8548455.0,CD,A,29
1ROP,D30P,1.6,7.0,342.15,Thermal,destabilizing,8548455.0,CD,A,29
1UBQ,V26L,-0.3,5.0,298.15,GdnHCl,stabilizing,8564547.0,Fluorescence,A,25
1UBQ,V26I,-1.1,5.0,298.15,GdnHCl,stabilizing,8564547.0,Fluorescence,A,25
1UBQ,V26A,3.3,5.0,298.15,GdnHCl,destabilizing,8564547.0,Fluorescence,A,25
1UBQ,V26G,6.3,5.0,298.15,GdnHCl,destabilizing,8564547.0,Fluorescence,A,25
2HPR,S46D,-0.74,7.0,303.15,Urea,stabilizing,8580838.0,CD,A,44
2HPR,S46D,-0.7,7.0,346.75,Thermal,stabilizing,8580838.0,CD,A,44
1STN,K70F,-0.0,7.0,293.15,GdnHCl,stabilizing,8580845.0,Fluorescence,A,64
1STN,G29C,1.1,7.0,293.15,GdnHCl,destabilizing,8580845.0,Fluorescence,A,23
1STN,G50C,0.8,7.0,293.15,GdnHCl,destabilizing,8580845.0,Fluorescence,A,44
1STN,E57C,0.7,7.0,293.15,GdnHCl,destabilizing,8580845.0,Fluorescence,A,51
1STN,A60C,1.2,7.0,293.15,GdnHCl,destabilizing,8580845.0,Fluorescence,A,54
1STN,K70C,0.5,7.0,293.15,GdnHCl,destabilizing,8580845.0,Fluorescence,A,64
1STN,K78C,0.4,7.0,293.15,GdnHCl,destabilizing,8580845.0,Fluorescence,A,72
1STN,R105C,2.7,7.0,293.15,GdnHCl,destabilizing,8580845.0,Fluorescence,A,99
1STN,A112C,0.8,7.0,293.15,GdnHCl,destabilizing,8580845.0,Fluorescence,A,106
1STN,K134C,0.7,7.0,293.15,GdnHCl,destabilizing,8580845.0,Fluorescence,A,128
1STN,K134F,0.3,7.0,293.15,GdnHCl,destabilizing,8580845.0,Fluorescence,A,128
1STN,K78F,-0.1,7.0,293.15,GdnHCl,destabilizing,8580845.0,Fluorescence,A,72
1STN,G50F,0.4,7.0,293.15,GdnHCl,destabilizing,8580845.0,Fluorescence,A,44
1STN,E57F,0.9,7.0,293.15,GdnHCl,destabilizing,8580845.0,Fluorescence,A,51
1STN,G29F,1.1,7.0,293.15,GdnHCl,destabilizing,8580845.0,Fluorescence,A,23
1STN,A112F,1.3,7.0,293.15,GdnHCl,destabilizing,8580845.0,Fluorescence,A,106
1STN,R105F,3.1,7.0,293.15,GdnHCl,destabilizing,8580845.0,Fluorescence,A,99
1N0J,I58T,2.7,7.8,343.15,Thermal,destabilizing,8605177.0,DSC,A,57
1AKK,L94I,-0.2,7.0,283.15,GdnHCl,stabilizing,8611545.0,Fluorescence,A,93
1AKK,L94V,0.8,7.0,283.15,GdnHCl,destabilizing,8611545.0,Fluorescence,A,93
1AKK,L94A,3.5,7.0,283.15,GdnHCl,destabilizing,8611545.0,Fluorescence,A,93
1BVC,W7F,0.9,7.8,277.15,Urea,destabilizing,8612074.0,CD,A,6
1BVC,W14F,1.1,7.8,277.15,Urea,destabilizing,8612074.0,CD,A,13
1BVC,M131A,2.2,7.8,277.15,Urea,destabilizing,8612074.0,CD,A,130
1BVC,F123K,2.1,7.8,277.15,Urea,destabilizing,8612074.0,CD,A,122
1BVC,A130K,2.1,7.8,277.15,Urea,destabilizing,8612074.0,CD,A,129
1BVC,A130L,0.9,7.8,277.15,Urea,destabilizing,8612074.0,CD,A,129
1BVC,H36Q,0.8,7.8,277.15,Urea,destabilizing,8612074.0,CD,A,35
1BVC,V68T,0.6,7.8,277.15,Urea,destabilizing,8612074.0,CD,A,67
1DFO,W385F,1.5,7.5,303.15,Urea,destabilizing,8621691.0,Fluorescence,A,383
1DFO,W16F,1.1,7.5,303.15,Urea,destabilizing,8621691.0,Fluorescence,A,14
1STN,K110A,1.3,7.0,293.15,GdnHCl,destabilizing,8639591.0,Fluorescence,A,104
1STN,K110G,2.7,7.0,293.15,GdnHCl,destabilizing,8639591.0,Fluorescence,A,104
1STN,K127A,-0.2,7.0,293.15,GdnHCl,stabilizing,8639591.0,Fluorescence,A,121
1STN,K127G,0.7,7.0,293.15,GdnHCl,destabilizing,8639591.0,Fluorescence,A,121
1BNI,R69S,2.72,6.3,298.15,Urea,destabilizing,8639630.0,Fluorescence,A,66
1BNI,D93N,4.11,6.3,298.15,Urea,destabilizing,8639630.0,Fluorescence,A,90
1BNI,R69K,3.13,6.3,298.15,Urea,destabilizing,8639630.0,CD,A,66
1BNI,R69M,2.12,6.3,298.15,Urea,destabilizing,8639630.0,Fluorescence,A,66
1BNI,R83K,4.13,6.3,298.15,Urea,destabilizing,8639630.0,Fluorescence,A,80
1BNI,R83Q,2.05,6.3,298.15,Urea,destabilizing,8639630.0,Fluorescence,A,80
1BNI,D75N,4.9,6.3,298.15,Urea,destabilizing,8639630.0,Fluorescence,A,72
1WQ5,I95A,0.3,7.8,298.15,Urea,destabilizing,8639683.0,NMR,A,86
1WQ5,Y102A,2.8,7.8,298.15,Urea,destabilizing,8639683.0,NMR,A,93
1WQ5,P96A,3.3,7.8,298.15,Urea,destabilizing,8639683.0,NMR,A,87
1WQ5,L100A,3.5,7.8,298.15,Urea,destabilizing,8639683.0,NMR,A,91
1WQ5,P93S,4.1,7.8,298.15,Urea,destabilizing,8639683.0,NMR,A,84
1WQ5,H244A,4.2,7.8,278.15,Urea,destabilizing,8639683.0,NMR,A,233
1YEA,N52I,-2.0,6.0,298.15,Thermal,stabilizing,8639684.0,DSC,A,60
1YEA,N52I,-2.4,6.0,325.55,Thermal,stabilizing,8639684.0,DSC,A,60
1QLP,F51L,-2.1,6.5,298.15,Urea,stabilizing,8646533.0,CD,A,28
1QLP,S381A,-1.0,6.5,298.15,Urea,stabilizing,8646533.0,CD,A,358
1QLP,T59A,-1.0,6.5,298.15,Urea,stabilizing,8646533.0,CD,A,36
1QLP,T68A,-1.0,6.5,298.15,Urea,stabilizing,8646533.0,CD,A,45
1QLP,A70G,-1.6,6.5,298.15,Urea,stabilizing,8646533.0,CD,A,47
1QLP,M374I,-2.3,6.5,298.15,Urea,stabilizing,8646533.0,CD,A,351
1QLP,K387R,-1.0,6.5,298.15,Urea,stabilizing,8646533.0,CD,A,364
1STN,M32L,0.8,7.0,293.15,GdnHCl,destabilizing,8648619.0,Fluorescence,A,26
1STN,M32I,0.6,7.0,293.15,GdnHCl,destabilizing,8648619.0,Fluorescence,A,26
1YCC,N52I,-3.0,4.6,300.15,GdnHCl,stabilizing,8652517.0,CD,A,56
2HMB,F16Y,3.444976077,8.0,298.15,Urea,destabilizing,8660291.0,Fluorescence,A,15
2HMB,F57S,3.636363636000001,8.0,298.15,Urea,destabilizing,8660291.0,Fluorescence,A,56
2HMB,Y128F,3.827751196,8.0,298.15,Urea,destabilizing,8660291.0,Fluorescence,A,127
2HMB,T40E,3.277511962,8.0,298.15,Urea,destabilizing,8660291.0,Fluorescence,A,39
2HMB,T40Q,4.3779904310000015,8.0,298.15,Urea,destabilizing,8660291.0,Fluorescence,A,39
2HMB,T40V,1.842105263,8.0,298.15,Urea,destabilizing,8660291.0,Fluorescence,A,39
2HMB,R106T,3.540669856,8.0,298.15,Urea,destabilizing,8660291.0,Fluorescence,A,105
2HMB,R126K,4.66507177,8.0,298.15,Urea,destabilizing,8660291.0,Fluorescence,A,125
2HMB,R126Q,0.622009569,8.0,298.15,Urea,destabilizing,8660291.0,Fluorescence,A,125
1HTI,Q179D,-1.5,8.0,298.15,Urea,stabilizing,8672446.0,Fluorescence,A,178
1HTI,K193A,-1.0,8.0,298.15,Urea,stabilizing,8672446.0,Fluorescence,A,192
1HTI,A215P,-0.6,8.0,298.15,Urea,stabilizing,8672446.0,Fluorescence,A,214
1HTI,Q179A,-0.1,8.0,298.15,Urea,stabilizing,8672446.0,Fluorescence,A,178
1HTI,S105D,1.3,8.0,298.15,Urea,destabilizing,8672446.0,Fluorescence,A,104
1ARR,S44A,-0.98,7.5,298.15,GdnHCl,stabilizing,8672461.0,CD,A,43
1ARR,N29A,-0.66,7.5,298.15,GdnHCl,stabilizing,8672461.0,CD,A,28
1ARR,E48A,-0.13,7.5,298.15,GdnHCl,stabilizing,8672461.0,CD,A,47
1STN,V66W,0.6,7.0,326.25,Thermal,destabilizing,8672513.0,CD,A,60
1STN,V66W,4.02,7.0,293.15,GdnHCl,destabilizing,8672513.0,CD,A,60
1IDS,G152A,4.3,7.9,296.15,GdnHCl,destabilizing,8674528.0,Fluorescence,A,150
2LZM,L121A,2.3,5.4,338.45,Thermal,destabilizing,8676387.0,CD,A,120
2LZM,A129L,1.3,5.4,338.45,Thermal,destabilizing,8676387.0,CD,A,128
2LZM,A129M,1.9,5.4,338.45,Thermal,destabilizing,8676387.0,CD,A,128
2LZM,F153A,3.4,5.4,338.45,Thermal,destabilizing,8676387.0,CD,A,152
1BTA,C40A,-0.1,7.0,298.15,GdnHCl,stabilizing,8679642.0,CD,A,39
1BTA,C82A,0.6,7.0,298.15,GdnHCl,destabilizing,8679642.0,CD,A,81
4LYZ,T118P,2.0,5.5,308.15,GdnHCl,destabilizing,8720127.0,Fluorescence,A,117
1RX4,G67A,-0.52,7.0,288.15,Urea,stabilizing,8743572.0,CD,A,66
1RX4,G67C,0.36,7.0,288.15,Urea,destabilizing,8743572.0,CD,A,66
1RX4,G67D,0.14,7.0,288.15,Urea,destabilizing,8743572.0,CD,A,66
1RX4,G67V,0.94,7.0,288.15,Urea,destabilizing,8743572.0,CD,A,66
1RX4,G67L,0.44,7.0,288.15,Urea,destabilizing,8743572.0,CD,A,66
1RX4,G67T,0.21,7.0,288.15,Urea,destabilizing,8743572.0,CD,A,66
1RX4,G67S,-0.07,7.0,288.15,Urea,stabilizing,8743572.0,CD,A,66
1STN,H124L,-1.15,5.5,313.0,Thermal,destabilizing,8756688.0,NMR,A,118
1STN,H124L,0.41,5.5,294.5,GdnHCl,destabilizing,8756688.0,NMR,A,118
2LZM,S38D,-0.22,3.0,326.57,Thermal,stabilizing,8771182.0,CD,A,37
2LZM,A82P,-0.45,3.0,326.57,Thermal,stabilizing,8771182.0,CD,A,81
2LZM,N144D,-0.4,3.0,326.57,Thermal,stabilizing,8771182.0,CD,A,143
2LZM,I3L,-0.83,3.0,326.57,Thermal,stabilizing,8771182.0,CD,A,2
2LZM,V131A,-0.33,3.0,326.57,Thermal,stabilizing,8771182.0,CD,A,130
2LZM,A41V,-0.41,3.0,326.57,Thermal,stabilizing,8771182.0,CD,A,40
2LZM,N116D,-0.34,3.0,326.57,Thermal,stabilizing,8771182.0,CD,A,115
2LZM,S38D,-0.6,5.4,339.66,Thermal,stabilizing,8771182.0,CD,A,37
2LZM,A82P,-0.57,5.4,339.66,Thermal,stabilizing,8771182.0,CD,A,81
2LZM,N144D,-0.41,5.4,339.66,Thermal,stabilizing,8771182.0,CD,A,143
2LZM,I3L,-0.7,5.4,339.66,Thermal,stabilizing,8771182.0,CD,A,2
2LZM,V131A,-0.39,5.4,339.66,Thermal,stabilizing,8771182.0,CD,A,130
2LZM,A41V,-0.3,5.4,339.66,Thermal,stabilizing,8771182.0,CD,A,40
2LZM,N116D,-0.6,5.4,339.66,Thermal,stabilizing,8771182.0,CD,A,115
4LYZ,G49A,1.92,5.5,308.15,GdnHCl,destabilizing,8771183.0,Fluorescence,A,48
4LYZ,G67A,1.27,5.5,308.15,GdnHCl,destabilizing,8771183.0,Fluorescence,A,66
1POH,S46D,-1.45,7.0,303.15,Urea,stabilizing,8784180.0,CD,A,45
1POH,S46N,-0.4,7.0,303.15,Urea,stabilizing,8784180.0,CD,A,45
1POH,S46A,1.0,7.0,303.15,Urea,destabilizing,8784180.0,CD,A,45
1BPI,K15A,-2.0,8.0,295.15,Thermal,stabilizing,8784199.0,CD,A,14
1BPI,G36A,-0.9,8.0,295.15,Thermal,stabilizing,8784199.0,CD,A,35
1BPI,Y35A,-0.8,8.0,295.15,Thermal,stabilizing,8784199.0,CD,A,34
1BPI,G37A,-0.8,8.0,295.15,Thermal,stabilizing,8784199.0,CD,A,36
1BPI,G12A,-0.6,8.0,295.15,Thermal,stabilizing,8784199.0,CD,A,11
1BPI,R17A,-0.5,8.0,295.15,Thermal,stabilizing,8784199.0,CD,A,16
1BPI,R20A,-0.3,8.0,295.15,Thermal,stabilizing,8784199.0,CD,A,19
1BPI,T11A,-0.2,8.0,295.15,Thermal,stabilizing,8784199.0,CD,A,10
1BPI,R39A,-0.2,8.0,295.15,Thermal,stabilizing,8784199.0,CD,A,38
1BPI,I19A,-0.1,8.0,295.15,Thermal,stabilizing,8784199.0,CD,A,18
1BPI,K46A,-0.1,8.0,295.15,Thermal,stabilizing,8784199.0,CD,A,45
1BPI,V34A,-0.0,8.0,295.15,Thermal,stabilizing,8784199.0,CD,A,33
1BPI,P13A,0.1,8.0,295.15,Thermal,destabilizing,8784199.0,CD,A,12
1WQ5,C81V,0.692653,9.0,323.15,Thermal,destabilizing,8795042.0,DSC,A,72
1WQ5,C154A,1.027038,9.0,323.15,Thermal,destabilizing,8795042.0,DSC,A,145
1WQ5,C154V,1.122576,9.0,323.15,Thermal,destabilizing,8795042.0,DSC,A,145
1WQ5,C118S,1.313653,9.0,323.15,Thermal,destabilizing,8795042.0,DSC,A,109
1WQ5,C118V,1.337538,9.0,323.15,Thermal,destabilizing,8795042.0,DSC,A,109
1WQ5,C118A,1.361422,9.0,323.15,Thermal,destabilizing,8795042.0,DSC,A,109
1WQ5,C81S,1.409191,9.0,323.15,Thermal,destabilizing,8795042.0,DSC,A,72
1WQ5,C81A,1.576384,9.0,323.15,Thermal,destabilizing,8795042.0,DSC,A,72
1WQ5,C154S,1.719691,9.0,323.15,Thermal,destabilizing,8795042.0,DSC,A,145
1WQ5,C81G,2.269037,9.0,323.15,Thermal,destabilizing,8795042.0,DSC,A,72
1HFY,T29I,-0.12,2.0,293.15,Urea,stabilizing,8819981.0,CD,A,28
1HFY,A30T,0.06,2.0,293.15,Urea,destabilizing,8819981.0,CD,A,29
1HFY,A30I,-0.3,2.0,293.15,Urea,stabilizing,8819981.0,CD,A,29
1HFY,T33I,-0.18,2.0,293.15,Urea,stabilizing,8819981.0,CD,A,32
1OIA,Y13F,0.7,7.0,295.15,GdnHCl,destabilizing,8844847.0,CD,A,10
1OIA,Y13T,1.3,7.0,295.15,GdnHCl,destabilizing,8844847.0,CD,A,10
1OIA,Y31F,-0.0,7.0,295.15,GdnHCl,stabilizing,8844847.0,CD,A,28
1OIA,Y31S,2.3,7.0,295.15,GdnHCl,destabilizing,8844847.0,CD,A,28
1OIA,Y78F,-0.1,7.0,295.15,GdnHCl,stabilizing,8844847.0,CD,A,75
1OIA,Y78D,5.1,7.0,295.15,GdnHCl,destabilizing,8844847.0,CD,A,75
1OIA,Y86F,2.6,7.0,295.15,GdnHCl,destabilizing,8844847.0,CD,A,83
1OIA,Y86T,2.9,7.0,295.15,GdnHCl,destabilizing,8844847.0,CD,A,83
1RTB,Y97F,3.54,5.0,336.45,Thermal,destabilizing,8844858.0,Abs,A,96
1RTB,Y97A,12.0,5.0,336.45,Thermal,destabilizing,8844858.0,Abs,A,96
1RTB,Y97G,11.7,5.0,336.45,Thermal,destabilizing,8844858.0,Abs,A,96
2LZM,L91P,10.98,7.0,298.15,Urea,destabilizing,8845764.0,CD,A,90
2LZM,L66P,12.23,7.0,298.15,Urea,destabilizing,8845764.0,CD,A,65
1GLM,G137A,1.578947368,4.5,298.15,GdnHCl,destabilizing,8862550.0,CD,A,135
1GLM,G139A,3.253588517,4.5,298.15,GdnHCl,destabilizing,8862550.0,CD,A,137
1GLM,G251A,0.023923445,4.5,298.15,GdnHCl,destabilizing,8862550.0,CD,A,249
1GLM,G383A,0.43062201,4.5,298.15,GdnHCl,destabilizing,8862550.0,CD,A,381
1AYF,H56Q,1.66507177,8.5,310.15,Thermal,destabilizing,8880913.0,DSC,A,50
1AYF,H56T,1.193779904,8.5,310.15,Thermal,destabilizing,8880913.0,DSC,A,50
1AYF,H56R,1.160287081,8.5,310.15,Thermal,destabilizing,8880913.0,DSC,A,50
1AYF,T54S,-0.045454545,8.5,310.15,Thermal,stabilizing,8880913.0,DSC,A,48
1AYF,T54A,1.30861244,8.5,310.15,Thermal,destabilizing,8880913.0,DSC,A,48
1AYF,Y82S,0.327751196,8.5,310.15,Thermal,destabilizing,8880913.0,DSC,A,76
1AYF,Y82L,0.35645933,8.5,310.15,Thermal,destabilizing,8880913.0,DSC,A,76
1AYF,Y82F,0.014354067,8.5,310.15,Thermal,destabilizing,8880913.0,DSC,A,76
1AYF,Y82W,0.210526316,8.5,310.15,Thermal,destabilizing,8880913.0,DSC,A,76
1AYF,C95S,-0.964114833,8.5,310.15,Thermal,stabilizing,8880913.0,DSC,A,89
1AYF,D76E,-0.454545455,8.5,310.15,Thermal,stabilizing,8880913.0,DSC,A,70
1PGA,T53D,0.9,5.2,293.15,GdnHCl,destabilizing,8897601.0,CD,A,52
1PGA,T53A,-0.1,5.2,293.15,GdnHCl,stabilizing,8897601.0,CD,A,52
1PGA,T53E,0.1,5.2,293.15,GdnHCl,destabilizing,8897601.0,CD,A,52
1PGA,T53R,0.1,5.2,293.15,GdnHCl,destabilizing,8897601.0,CD,A,52
1PGA,T53I,-0.1,5.2,293.15,GdnHCl,stabilizing,8897601.0,CD,A,52
2LZM,I78M,1.5,5.42,338.45,Thermal,destabilizing,8901549.0,CD,A,77
2LZM,L84M,1.9,5.42,338.45,Thermal,destabilizing,8901549.0,CD,A,83
2LZM,L91M,0.8,5.42,338.45,Thermal,destabilizing,8901549.0,CD,A,90
2LZM,L99M,0.4,5.42,338.45,Thermal,destabilizing,8901549.0,CD,A,98
2LZM,I100M,1.6,5.42,338.45,Thermal,destabilizing,8901549.0,CD,A,99
2LZM,V103M,1.2,5.42,338.45,Thermal,destabilizing,8901549.0,CD,A,102
2LZM,L118M,0.7,5.42,338.45,Thermal,destabilizing,8901549.0,CD,A,117
2LZM,L121M,0.8,5.42,338.45,Thermal,destabilizing,8901549.0,CD,A,120
2LZM,L133M,0.4,5.42,338.45,Thermal,destabilizing,8901549.0,CD,A,132
2LZM,F153M,0.6,5.42,338.45,Thermal,destabilizing,8901549.0,CD,A,152
1DFO,W385F,2.85,7.5,303.15,Urea,destabilizing,8910307.0,Fluorescence,A,383
1DFO,W183Y,3.4,7.5,303.15,Urea,destabilizing,8910307.0,Fluorescence,A,181
1DFO,W16Y,3.55,7.5,303.15,Urea,destabilizing,8910307.0,Fluorescence,A,14
1RN1,P73V,1.5311004780000002,5.0,283.15,GdnHCl,destabilizing,8917450.0,Fluorescence,A,71
1RN1,P73V,2.129186603,5.0,298.15,GdnHCl,destabilizing,8917450.0,Fluorescence,A,71
1RN1,P73V,1.958537,2.0,320.45,GdnHCl,destabilizing,8917450.0,Fluorescence,A,71
1RN1,P73V,1.862999,3.0,325.95,GdnHCl,destabilizing,8917450.0,Fluorescence,A,71
1RN1,P73V,1.719691,6.0,329.05,GdnHCl,destabilizing,8917450.0,Fluorescence,A,71
1RN1,P73V,1.81523,5.0,333.15,GdnHCl,destabilizing,8917450.0,Fluorescence,A,71
1RN1,P73V,1.910768,4.0,330.35,GdnHCl,destabilizing,8917450.0,Fluorescence,A,71
1RN1,P73V,1.910768,7.0,324.75,GdnHCl,destabilizing,8917450.0,Fluorescence,A,71
1RN1,P73V,1.958537,8.0,323.15,GdnHCl,destabilizing,8917450.0,Fluorescence,A,71
1AKK,L94V,0.84,2.0,283.15,Acid,destabilizing,8946855.0,Fluorescence,A,93
1AKK,L94V,1.2,2.0,356.15,Thermal,destabilizing,8946855.0,CD,A,93
1AKK,L94A,2.8,2.0,283.15,Acid,destabilizing,8946855.0,Fluorescence,A,93
2RN2,D10N,-1.57,9.0,320.15,Thermal,stabilizing,8955106.0,CD,A,9
2RN2,D10A,-4.0,9.0,320.15,Thermal,stabilizing,8955106.0,CD,A,9
2RN2,D10E,-1.0,9.0,320.15,Thermal,stabilizing,8955106.0,CD,A,9
2RN2,D10S,-2.7,9.0,320.15,Thermal,stabilizing,8955106.0,CD,A,9
2RN2,D10H,-2.4,9.0,320.15,Thermal,stabilizing,8955106.0,CD,A,9
2RN2,E48Q,-0.3,9.0,320.15,Thermal,stabilizing,8955106.0,CD,A,47
2RN2,E48A,0.3,9.0,320.15,Thermal,destabilizing,8955106.0,CD,A,47
2RN2,E48D,0.2,9.0,320.15,Thermal,destabilizing,8955106.0,CD,A,47
2RN2,D70N,-1.6,9.0,320.15,Thermal,stabilizing,8955106.0,CD,A,69
2RN2,D70A,-1.1,9.0,320.15,Thermal,stabilizing,8955106.0,CD,A,69
2RN2,D70E,-0.1,9.0,320.15,Thermal,stabilizing,8955106.0,CD,A,69
2RN2,D134N,-1.8,9.0,320.15,Thermal,stabilizing,8955106.0,CD,A,133
2RN2,D10N,0.7,3.0,323.15,Thermal,destabilizing,8955106.0,CD,A,9
2RN2,D10A,-2.4,3.0,323.15,Thermal,stabilizing,8955106.0,CD,A,9
2RN2,D10E,-1.1,3.0,323.15,Thermal,stabilizing,8955106.0,CD,A,9
2RN2,D10S,-0.7,3.0,323.15,Thermal,stabilizing,8955106.0,CD,A,9
2RN2,D10H,-0.4,3.0,323.15,Thermal,stabilizing,8955106.0,CD,A,9
2RN2,E48Q,0.1,3.0,323.15,Thermal,destabilizing,8955106.0,CD,A,47
2RN2,E48A,0.1,3.0,323.15,Thermal,destabilizing,8955106.0,CD,A,47
2RN2,E48D,-0.2,3.0,323.15,Thermal,stabilizing,8955106.0,CD,A,47
2RN2,D70N,0.3,3.0,323.15,Thermal,destabilizing,8955106.0,CD,A,69
2RN2,D70A,0.1,3.0,323.15,Thermal,destabilizing,8955106.0,CD,A,69
2RN2,D70E,-0.5,3.0,323.15,Thermal,stabilizing,8955106.0,CD,A,69
2RN2,D134N,0.1,3.0,323.15,Thermal,destabilizing,8955106.0,CD,A,133
2RN2,D134A,-0.845,3.0,323.15,Thermal,stabilizing,8955106.0,CD,A,133
1PGA,I6L,1.16,5.4,298.15,GdnHCl,destabilizing,8977129.0,Fluorescence,A,5
1LZ1,I56T,3.64,2.67,338.05,Thermal,destabilizing,9010773.0,DSC,A,55
1LZ1,I59S,3.58269,2.67,338.05,Thermal,destabilizing,9010773.0,DSC,A,58
1LZ1,V2A,1.51,2.7,338.05,Thermal,destabilizing,9020766.0,DSC,A,1
1LZ1,V74A,0.36,2.7,338.05,Thermal,destabilizing,9020766.0,DSC,A,73
1LZ1,V93A,0.74,2.7,338.05,Thermal,destabilizing,9020766.0,DSC,A,92
1LZ1,V99A,0.98,2.7,338.05,Thermal,destabilizing,9020766.0,DSC,A,98
1LZ1,V100A,0.26,2.7,338.05,Thermal,destabilizing,9020766.0,DSC,A,99
1LZ1,V110A,-0.53,2.7,338.05,Thermal,stabilizing,9020766.0,DSC,A,109
1LZ1,V121A,1.44,2.7,338.05,Thermal,destabilizing,9020766.0,DSC,A,120
1LZ1,V125A,1.32,2.7,338.05,Thermal,destabilizing,9020766.0,DSC,A,124
1LZ1,V130A,0.84,2.7,338.05,Thermal,destabilizing,9020766.0,DSC,A,129
1WQ5,P132A,0.3105,7.0,298.15,GdnHCl,destabilizing,9020793.0,CD,A,123
1WQ5,P96A,0.382154,7.0,298.15,GdnHCl,destabilizing,9020793.0,CD,A,87
1WQ5,P28A,0.525461,7.0,298.15,GdnHCl,destabilizing,9020793.0,CD,A,27
1WQ5,P207A,0.812076,7.0,298.15,GdnHCl,destabilizing,9020793.0,CD,A,196
1AXB,C77S,1.68,7.0,298.15,GdnHCl,destabilizing,9020874.0,CD,A,51
2IFB,L64A,2.07,7.4,293.15,GdnHCl,destabilizing,9041638.0,CD,A,63
2IFB,L64G,2.63,7.4,293.15,GdnHCl,destabilizing,9041638.0,CD,A,63
2IFB,G65A,1.33,7.4,293.15,GdnHCl,destabilizing,9041638.0,CD,A,64
1YCC,K73V,-0.1,4.5,298.0,Thermal,stabilizing,9070448.0,CD,A,76
1YCC,K73I,0.4,4.5,298.0,Thermal,destabilizing,9070448.0,CD,A,76
1YCC,K73I,1.19,7.5,298.0,GdnHCl,destabilizing,9070448.0,CD,A,76
1YCC,K73V,1.38,7.5,298.0,GdnHCl,destabilizing,9070448.0,CD,A,76
1YCC,K73W,1.43,7.5,298.0,GdnHCl,destabilizing,9070448.0,CD,A,76
1YCC,K73W,1.6,4.5,298.0,Thermal,destabilizing,9070448.0,CD,A,76
1CEY,V10T,2.8,7.0,298.15,Urea,destabilizing,9079363.0,"CD,Fluorescence",A,8
1CEY,V11T,5.3,7.0,298.15,Urea,destabilizing,9079363.0,"CD,Fluorescence",A,9
1CEY,V21T,8.3,7.0,298.15,Urea,destabilizing,9079363.0,"CD,Fluorescence",A,19
1CEY,N23G,8.5,7.0,298.15,Urea,destabilizing,9079363.0,"CD,Fluorescence",A,21
1CEY,V33T,7.0,7.0,298.15,Urea,destabilizing,9079363.0,"CD,Fluorescence",A,31
1CEY,A36G,5.4,7.0,298.15,Urea,destabilizing,9079363.0,"CD,Fluorescence",A,34
1CEY,D38A,6.6,7.0,298.15,Urea,destabilizing,9079363.0,"CD,Fluorescence",A,36
1CEY,D38G,7.5,7.0,298.15,Urea,destabilizing,9079363.0,"CD,Fluorescence",A,36
1CEY,G39A,7.5,7.0,298.15,Urea,destabilizing,9079363.0,"CD,Fluorescence",A,37
1CEY,V40T,7.8,7.0,298.15,Urea,destabilizing,9079363.0,"CD,Fluorescence",A,38
1CEY,A42G,6.2,7.0,298.15,Urea,destabilizing,9079363.0,"CD,Fluorescence",A,40
1CEY,V54T,3.7,7.0,298.15,Urea,destabilizing,9079363.0,"CD,Fluorescence",A,52
1CEY,I55V,7.0,7.0,298.15,Urea,destabilizing,9079363.0,"CD,Fluorescence",A,53
1CEY,D64A,7.5,7.0,298.15,Urea,destabilizing,9079363.0,"CD,Fluorescence",A,62
1CEY,I72V,7.0,7.0,298.15,Urea,destabilizing,9079363.0,"CD,Fluorescence",A,70
1CEY,G76A,9.0,7.0,298.15,Urea,destabilizing,9079363.0,"CD,Fluorescence",A,74
1CEY,V83T,5.0,7.0,298.15,Urea,destabilizing,9079363.0,"CD,Fluorescence",A,81
1CEY,A97G,7.1,7.0,298.15,Urea,destabilizing,9079363.0,"CD,Fluorescence",A,95
1CEY,A98G,7.2,7.0,298.15,Urea,destabilizing,9079363.0,"CD,Fluorescence",A,96
1CEY,A103G,6.8,7.0,298.15,Urea,destabilizing,9079363.0,"CD,Fluorescence",A,101
1CEY,V108T,7.5,7.0,298.15,Urea,destabilizing,9079363.0,"CD,Fluorescence",A,106
1CEY,T112A,7.0,7.0,298.15,Urea,destabilizing,9079363.0,"CD,Fluorescence",A,110
1CEY,T112G,7.5,7.0,298.15,Urea,destabilizing,9079363.0,"CD,Fluorescence",A,110
1CEY,I123V,7.7,7.0,298.15,Urea,destabilizing,9079363.0,"CD,Fluorescence",A,121
1CEY,D12A,-2.5,7.0,298.15,Urea,stabilizing,9079363.0,"CD,Fluorescence",A,10
1CEY,D13A,-2.7,7.0,298.15,Urea,stabilizing,9079363.0,"CD,Fluorescence",A,11
1CEY,F14A,-0.8,7.0,298.15,Urea,stabilizing,9079363.0,"CD,Fluorescence",A,12
1CEY,D57A,-3.4,7.0,298.15,Urea,stabilizing,9079363.0,"CD,Fluorescence",A,55
1CEY,P61G,0.6,7.0,298.15,Urea,destabilizing,9079363.0,"CD,Fluorescence",A,59
1CEY,A74G,0.3,7.0,298.15,Urea,destabilizing,9079363.0,"CD,Fluorescence",A,72
1CEY,A99G,0.5,7.0,298.15,Urea,destabilizing,9079363.0,"CD,Fluorescence",A,97
1CEY,A101G,1.0,7.0,298.15,Urea,destabilizing,9079363.0,"CD,Fluorescence",A,99
1CEY,A113G,1.3,7.0,298.15,Urea,destabilizing,9079363.0,"CD,Fluorescence",A,111
1CEY,A114G,0.8,7.0,298.15,Urea,destabilizing,9079363.0,"CD,Fluorescence",A,112
1CEY,F14N,-2.9,7.0,298.15,Urea,stabilizing,9079363.0,"CD,Fluorescence",A,12
1REI,Q38D,1.2,7.5,298.15,GdnHCl,destabilizing,9079368.0,Fluorescence,A,37
1REI,Q89R,1.8,7.5,298.15,GdnHCl,destabilizing,9079368.0,Fluorescence,A,88
1REI,R61N,3.5,7.5,298.15,GdnHCl,destabilizing,9079368.0,Fluorescence,A,60
1REI,F73L,-0.979923518,7.5,298.15,Urea,stabilizing,9080189.0,CD,A,72
1REI,T39K,-1.266730402,7.5,298.15,Urea,stabilizing,9080189.0,CD,A,38
1REI,Y32H,-1.338432122,7.5,298.15,Urea,stabilizing,9080189.0,CD,A,31
1REI,Y71F,-1.290630975,7.5,298.15,Urea,stabilizing,9080189.0,CD,A,70
1CYO,F35Y,-1.03,7.0,303.15,Urea,stabilizing,9215576.0,Abs,A,34
1CYO,F35L,1.87,7.0,303.15,Urea,destabilizing,9215576.0,Abs,A,34
1CYO,F35Y,-0.79,7.0,339.35,Thermal,stabilizing,9215576.0,Abs,A,34
1CYO,F35L,1.87,7.0,339.35,Thermal,destabilizing,9215576.0,Abs,A,34
1CYO,F35H,2.82,7.0,339.35,Thermal,destabilizing,9215576.0,Abs,A,34
1CYO,F35Y,0.549346,7.0,349.85,Thermal,destabilizing,9215576.0,Abs,A,34
1CYO,F35L,1.982422,7.0,349.85,Thermal,destabilizing,9215576.0,Abs,A,34
1CYO,F35H,3.988728,7.0,349.85,Thermal,destabilizing,9215576.0,Abs,A,34
2RN2,A52I,-1.9,3.2,326.15,Thermal,stabilizing,9228039.0,CD,A,51
2RN2,A52V,-1.7,3.2,326.15,Thermal,stabilizing,9228039.0,CD,A,51
2RN2,A52L,-1.3,3.2,326.15,Thermal,stabilizing,9228039.0,CD,A,51
2RN2,A52C,-0.8,3.2,326.15,Thermal,stabilizing,9228039.0,CD,A,51
2RN2,A52M,-0.5,3.2,326.15,Thermal,stabilizing,9228039.0,CD,A,51
2RN2,A52F,0.5,3.2,326.15,Thermal,destabilizing,9228039.0,CD,A,51
2RN2,A52T,0.8,3.2,326.15,Thermal,destabilizing,9228039.0,CD,A,51
2RN2,A52Q,1.2,3.2,326.15,Thermal,destabilizing,9228039.0,CD,A,51
2RN2,A52E,1.5,3.2,326.15,Thermal,destabilizing,9228039.0,CD,A,51
2RN2,A52P,1.6,3.2,326.15,Thermal,destabilizing,9228039.0,CD,A,51
2RN2,A52S,1.8,3.2,326.15,Thermal,destabilizing,9228039.0,CD,A,51
2RN2,A52N,1.8,3.2,326.15,Thermal,destabilizing,9228039.0,CD,A,51
2RN2,A52D,1.9,3.2,326.15,Thermal,destabilizing,9228039.0,CD,A,51
2RN2,A52Y,2.3,3.2,326.15,Thermal,destabilizing,9228039.0,CD,A,51
2RN2,A52G,2.7,3.2,326.15,Thermal,destabilizing,9228039.0,CD,A,51
2RN2,A52H,3.6,3.2,326.15,Thermal,destabilizing,9228039.0,CD,A,51
2RN2,A52K,5.9,3.2,326.15,Thermal,destabilizing,9228039.0,CD,A,51
1BNI,E73F,2.1,6.3,298.15,Urea,destabilizing,9231905.0,Fluorescence,A,70
1BNI,E73Q,2.7,6.3,298.15,Urea,destabilizing,9231905.0,Fluorescence,A,70
1BNI,E73W,2.2,6.3,298.15,Urea,destabilizing,9231905.0,Fluorescence,A,70
1AJ3,W22F,1.11,7.5,298.15,Urea,destabilizing,9261107.0,Fluorescence,A,12
1RN1,A21N,-0.34,2.5,273.15,Urea,stabilizing,9283083.0,CD,A,20
1RN1,A21D,-0.33,2.5,273.15,Urea,stabilizing,9283083.0,CD,A,20
1RN1,A21E,-0.05,2.5,273.15,Urea,stabilizing,9283083.0,CD,A,20
1RN1,A21L,0.13,2.5,273.15,Urea,destabilizing,9283083.0,CD,A,20
1RN1,A21M,0.15,2.5,273.15,Urea,destabilizing,9283083.0,CD,A,20
1RN1,A21H,0.17,7.0,273.15,Urea,destabilizing,9283083.0,CD,A,20
1RN1,A21Q,0.26,2.5,273.15,Urea,destabilizing,9283083.0,CD,A,20
1RN1,A21W,0.3,2.5,273.15,Urea,destabilizing,9283083.0,CD,A,20
1RN1,A21Y,0.39,2.5,273.15,Urea,destabilizing,9283083.0,CD,A,20
1RN1,A21Q,0.4,7.0,273.15,Urea,destabilizing,9283083.0,CD,A,20
1RN1,A21S,0.4,7.0,273.15,Urea,destabilizing,9283083.0,CD,A,20
1RN1,A21R,0.41,2.5,273.15,Urea,destabilizing,9283083.0,CD,A,20
1RN1,A21I,0.44,2.5,273.15,Urea,destabilizing,9283083.0,CD,A,20
1RN1,A21S,0.49,2.5,273.15,Urea,destabilizing,9283083.0,CD,A,20
1RN1,A21K,0.51,2.5,273.15,Urea,destabilizing,9283083.0,CD,A,20
1RN1,A21H,0.56,2.5,273.15,Urea,destabilizing,9283083.0,CD,A,20
1RN1,A21F,0.57,2.5,273.15,Urea,destabilizing,9283083.0,CD,A,20
1RN1,A21T,0.57,2.5,273.15,Urea,destabilizing,9283083.0,CD,A,20
1RN1,A21V,0.66,2.5,273.15,Urea,destabilizing,9283083.0,CD,A,20
1RN1,A21E,0.69,7.0,273.15,Urea,destabilizing,9283083.0,CD,A,20
1RN1,A21D,0.71,7.0,273.15,Urea,destabilizing,9283083.0,CD,A,20
1RN1,A21C,0.74,2.5,273.15,Urea,destabilizing,9283083.0,CD,A,20
1RN1,A21G,0.9,2.5,273.15,Urea,destabilizing,9283083.0,CD,A,20
1A23,H32S,5.2,6.3,303.15,Thermal,destabilizing,9300489.0,Fluorescence,A,31
1A23,H32Y,0.5,6.3,319.6,Thermal,destabilizing,9300489.0,Fluorescence,A,31
1A23,H32L,4.6,6.3,319.6,Thermal,destabilizing,9300489.0,Fluorescence,A,31
1A23,H32S,3.6,6.3,319.6,Thermal,destabilizing,9300489.0,Fluorescence,A,31
1A23,H32L,5.3,7.0,303.15,Thermal,destabilizing,9300489.0,Fluorescence,A,31
1A23,H32Y,6.8,7.0,303.15,Thermal,destabilizing,9300489.0,Fluorescence,A,31
1STN,Y27A,2.8,7.0,293.15,GdnHCl,destabilizing,9315853.0,Fluorescence,A,21
1STN,Y27C,2.9,7.0,293.15,GdnHCl,destabilizing,9315853.0,Fluorescence,A,21
1STN,Y27D,5.4,7.0,293.15,GdnHCl,destabilizing,9315853.0,Fluorescence,A,21
1STN,Y27E,5.0,7.0,293.15,GdnHCl,destabilizing,9315853.0,Fluorescence,A,21
1STN,Y27F,0.4,7.0,293.15,GdnHCl,destabilizing,9315853.0,Fluorescence,A,21
1STN,Y27G,5.45,7.0,293.15,GdnHCl,destabilizing,9315853.0,Fluorescence,A,21
1STN,Y27H,1.6,7.0,293.15,GdnHCl,destabilizing,9315853.0,Fluorescence,A,21
1STN,Y27I,2.5,7.0,293.15,GdnHCl,destabilizing,9315853.0,Fluorescence,A,21
1STN,Y27K,3.9,7.0,293.15,GdnHCl,destabilizing,9315853.0,Fluorescence,A,21
1STN,Y27L,1.5,7.0,293.15,GdnHCl,destabilizing,9315853.0,Fluorescence,A,21
1STN,Y27M,2.0,7.0,293.15,GdnHCl,destabilizing,9315853.0,Fluorescence,A,21
1STN,Y27N,4.0,7.0,293.15,GdnHCl,destabilizing,9315853.0,Fluorescence,A,21
1STN,Y27P,6.1,7.0,293.15,GdnHCl,destabilizing,9315853.0,Fluorescence,A,21
1STN,Y27Q,3.2,7.0,293.15,GdnHCl,destabilizing,9315853.0,Fluorescence,A,21
1STN,Y27R,2.9,7.0,293.15,GdnHCl,destabilizing,9315853.0,Fluorescence,A,21
1STN,Y27S,3.0,7.0,293.15,GdnHCl,destabilizing,9315853.0,Fluorescence,A,21
1STN,Y27T,3.3,7.0,293.15,GdnHCl,destabilizing,9315853.0,Fluorescence,A,21
1STN,Y27V,3.0,7.0,293.15,GdnHCl,destabilizing,9315853.0,Fluorescence,A,21
1STN,Y27W,0.6,7.0,293.15,GdnHCl,destabilizing,9315853.0,Fluorescence,A,21
1BTA,C82A,-0.48,7.4,298.15,Thermal,destabilizing,9336842.0,DSC,A,81
5CRO,F58W,-2.4,7.0,298.15,GdnHCl,stabilizing,9344748.0,CD,O,57
1LZ1,I23A,2.54,2.7,338.05,Thermal,destabilizing,9398521.0,DSC,A,22
1LZ1,I56A,3.71,2.7,338.05,Thermal,destabilizing,9398521.0,DSC,A,55
1LZ1,I59A,1.72,2.7,338.05,Thermal,destabilizing,9398521.0,DSC,A,58
1LZ1,I89A,2.7,2.7,338.05,Thermal,destabilizing,9398521.0,DSC,A,88
1LZ1,I106A,0.93,2.7,338.05,Thermal,destabilizing,9398521.0,DSC,A,105
1LZ1,I59G,3.83,2.7,338.05,Thermal,destabilizing,9398521.0,DSC,A,58
1TUP,R175H,3.01,7.2,283.15,Urea,destabilizing,9405613.0,Fluorescence,A,81
1TUP,C242S,3.5,7.2,283.15,Urea,destabilizing,9405613.0,Fluorescence,A,148
1TUP,R248Q,3.07,7.2,283.15,Urea,destabilizing,9405613.0,Fluorescence,A,154
1TUP,R249S,1.87,7.2,283.15,Urea,destabilizing,9405613.0,Fluorescence,A,155
1TUP,R273H,2.0,7.2,283.15,Urea,destabilizing,9405613.0,Fluorescence,A,179
1BU4,H92A,1.04,6.0,298.15,Urea,destabilizing,9466938.0,Fluorescence,A,91
1BU4,H92A,0.09,9.0,298.15,Urea,destabilizing,9466938.0,Fluorescence,A,91
1BU4,H92N,1.74,6.0,298.15,Urea,destabilizing,9466938.0,Fluorescence,A,91
1BU4,H92N,0.88,9.0,298.15,Urea,destabilizing,9466938.0,Fluorescence,A,91
1BU4,H92Q,0.57,6.0,298.15,Urea,destabilizing,9466938.0,Fluorescence,A,91
1BU4,H92Q,-0.64,9.0,298.15,Urea,stabilizing,9466938.0,Fluorescence,A,91
1BU4,N9A,0.84,7.0,288.15,Urea,destabilizing,9466938.0,Fluorescence,A,8
1BU4,N9A,0.76,7.0,298.15,Urea,destabilizing,9466938.0,Fluorescence,A,8
1BU4,N9A,0.59,7.0,308.15,Urea,destabilizing,9466938.0,Fluorescence,A,8
1BU4,T93A,0.86,7.0,288.15,Urea,destabilizing,9466938.0,Fluorescence,A,92
1BU4,T93A,0.7,7.0,298.15,Urea,destabilizing,9466938.0,Fluorescence,A,92
1BU4,T93A,0.6,7.0,308.15,Urea,destabilizing,9466938.0,Fluorescence,A,92
1YCC,P76G,0.78,4.6,326.65,Thermal,destabilizing,9485396.0,CD,A,79
1YCC,P76R,0.97,4.6,326.65,Thermal,destabilizing,9485396.0,CD,A,79
1YCC,P76V,1.07,4.6,326.65,Thermal,destabilizing,9485396.0,CD,A,79
1YCC,P76S,1.89,4.6,326.65,Thermal,destabilizing,9485396.0,CD,A,79
1YCC,P76Y,2.07,4.6,326.65,Thermal,destabilizing,9485396.0,CD,A,79
1YCC,P76W,2.38,4.6,326.65,Thermal,destabilizing,9485396.0,CD,A,79
1YCC,P76L,3.44,4.6,326.65,Thermal,destabilizing,9485396.0,CD,A,79
2LZM,I17A,2.7,3.0,324.8,Thermal,destabilizing,9514271.0,CD,A,16
2LZM,I27A,3.1,3.0,324.8,Thermal,destabilizing,9514271.0,CD,A,26
2LZM,I29A,2.6,3.0,324.8,Thermal,destabilizing,9514271.0,CD,A,28
2LZM,I50A,2.0,3.0,324.8,Thermal,destabilizing,9514271.0,CD,A,49
2LZM,I58A,3.2,3.0,324.8,Thermal,destabilizing,9514271.0,CD,A,57
2LZM,I78A,1.6,3.0,324.8,Thermal,destabilizing,9514271.0,CD,A,77
2LZM,I100A,3.4,3.0,324.8,Thermal,destabilizing,9514271.0,CD,A,99
2LZM,V71A,1.5,3.0,324.8,Thermal,destabilizing,9514271.0,CD,A,70
2LZM,V87A,1.7,3.0,324.8,Thermal,destabilizing,9514271.0,CD,A,86
2LZM,V94A,1.8,3.0,324.8,Thermal,destabilizing,9514271.0,CD,A,93
2LZM,V103A,2.2,3.0,324.8,Thermal,destabilizing,9514271.0,CD,A,102
2LZM,V111A,1.3,3.0,324.8,Thermal,destabilizing,9514271.0,CD,A,110
2LZM,V149A,3.2,3.0,324.8,Thermal,destabilizing,9514271.0,CD,A,148
2LZM,M6A,1.9,3.0,324.8,Thermal,destabilizing,9514271.0,CD,A,5
2LZM,M106A,2.3,3.0,324.8,Thermal,destabilizing,9514271.0,CD,A,105
2LZM,F67A,1.9,3.0,324.8,Thermal,destabilizing,9514271.0,CD,A,66
2LZM,F104A,3.1,3.0,324.8,Thermal,destabilizing,9514271.0,CD,A,103
2LZM,L7A,2.6,3.0,324.8,Thermal,destabilizing,9514271.0,CD,A,6
2LZM,L33A,3.6,3.0,324.8,Thermal,destabilizing,9514271.0,CD,A,32
2LZM,L66A,3.9,3.0,324.8,Thermal,destabilizing,9514271.0,CD,A,65
2LZM,L84A,3.9,3.0,324.8,Thermal,destabilizing,9514271.0,CD,A,83
2LZM,L91A,3.1,3.0,324.8,Thermal,destabilizing,9514271.0,CD,A,90
1CSP,F27A,0.76,7.0,298.15,Urea,destabilizing,9533624.0,CD,A,26
1CSP,F17A,1.53,7.0,298.15,Urea,destabilizing,9533624.0,CD,A,16
1CSP,F15A,2.27,7.0,298.15,Urea,destabilizing,9533624.0,CD,A,14
1CSP,F38A,-0.15,7.0,298.15,Urea,stabilizing,9533624.0,CD,A,37
1CSP,F27A,0.69,7.0,333.15,Thermal,destabilizing,9533624.0,CD,A,26
1CSP,F17A,1.34,7.0,333.15,Thermal,destabilizing,9533624.0,CD,A,16
1CSP,F15A,1.67,7.0,333.15,Thermal,destabilizing,9533624.0,CD,A,14
1CSP,F38A,-0.31,7.0,333.15,Thermal,stabilizing,9533624.0,CD,A,37
1N0J,Y34F,-12.7,7.8,343.15,Thermal,stabilizing,9537987.0,DSC,A,33
1N0J,Y34F,-3.1,7.8,362.05,Thermal,stabilizing,9537987.0,DSC,A,33
1N0J,Q143N,-2.79,7.8,343.15,Thermal,stabilizing,9537988.0,DSC,A,142
1N0J,Q143N,-0.06,7.8,362.05,Thermal,stabilizing,9537988.0,DSC,A,142
2LZM,M6L,2.8,3.0,320.15,Thermal,destabilizing,9541409.0,CD,A,5
2LZM,M106L,-0.5,3.0,320.15,Thermal,stabilizing,9541409.0,CD,A,105
2LZM,M120L,-0.5,3.0,320.15,Thermal,stabilizing,9541409.0,CD,A,119
2LZM,M106K,3.4,3.0,320.15,Thermal,destabilizing,9541409.0,CD,A,105
2LZM,M120K,1.6,3.0,320.15,Thermal,destabilizing,9541409.0,CD,A,119
1BNI,D8A,0.6,6.3,298.15,Thermal,destabilizing,9551101.0,CD,A,5
1BNI,I96V,0.8,6.3,298.15,Thermal,destabilizing,9551101.0,CD,A,93
1BNI,D8G,1.1,6.3,298.15,Thermal,destabilizing,9551101.0,CD,A,5
1BNI,D12G,1.1,6.3,298.15,Thermal,destabilizing,9551101.0,CD,A,9
1BNI,I88V,1.4,6.3,298.15,Thermal,destabilizing,9551101.0,CD,A,85
1BNI,V36A,1.5,6.3,298.15,Thermal,destabilizing,9551101.0,CD,A,33
1BNI,T6G,1.6,6.3,298.15,Thermal,destabilizing,9551101.0,CD,A,3
1BNI,H18N,1.8,6.3,298.15,Thermal,destabilizing,9551101.0,CD,A,15
1BNI,I4A,1.9,6.3,298.15,Thermal,destabilizing,9551101.0,CD,A,1
1BNI,N58A,2.2,6.3,298.15,Thermal,destabilizing,9551101.0,CD,A,55
1BNI,T105V,2.4,6.3,298.15,Thermal,destabilizing,9551101.0,CD,A,102
1BNI,S91A,2.6,6.3,298.15,Thermal,destabilizing,9551101.0,CD,A,88
1BNI,S92A,3.0,6.3,298.15,Thermal,destabilizing,9551101.0,CD,A,89
1BNI,N41A,4.0,6.3,298.15,Thermal,destabilizing,9551101.0,CD,A,38
1FKJ,V24A,3.19,7.5,298.15,Urea,destabilizing,9558354.0,Fluorescence,A,23
1FKJ,E61A,0.84,7.5,298.15,Urea,destabilizing,9558354.0,Fluorescence,A,60
1FKJ,E61G,2.49,7.5,298.15,Urea,destabilizing,9558354.0,Fluorescence,A,60
1MJC,F31L,0.66,7.0,298.15,Urea,destabilizing,9565753.0,CD,A,29
1MJC,F20L,0.31,7.0,298.15,Urea,destabilizing,9565753.0,CD,A,18
1MJC,F18L,1.0,7.0,298.15,Urea,destabilizing,9565753.0,CD,A,16
1MJC,F31S,1.03,7.0,298.15,Urea,destabilizing,9565753.0,CD,A,29
1MJC,F20S,1.16,7.0,298.15,Urea,destabilizing,9565753.0,CD,A,18
1MJC,F18S,1.54,7.0,298.15,Urea,destabilizing,9565753.0,CD,A,16
1STN,K9F,1.2,7.0,293.15,GdnHCl,destabilizing,9578580.0,Fluorescence,A,3
1STN,P11F,0.6,7.0,293.15,GdnHCl,destabilizing,9578580.0,Fluorescence,A,5
1STN,K16F,0.5,7.0,293.15,GdnHCl,destabilizing,9578580.0,Fluorescence,A,10
1STN,D19F,1.5,7.0,293.15,GdnHCl,destabilizing,9578580.0,Fluorescence,A,13
1STN,K24F,0.6,7.0,293.15,GdnHCl,destabilizing,9578580.0,Fluorescence,A,18
1STN,K28F,0.9,7.0,293.15,GdnHCl,destabilizing,9578580.0,Fluorescence,A,22
1STN,G29F,1.25,7.0,293.15,GdnHCl,destabilizing,9578580.0,Fluorescence,A,23
1STN,P47F,0.3,7.0,293.15,GdnHCl,destabilizing,9578580.0,Fluorescence,A,41
1STN,K48F,0.5,7.0,293.15,GdnHCl,destabilizing,9578580.0,Fluorescence,A,42
1STN,K49F,-0.0,7.0,293.15,GdnHCl,stabilizing,9578580.0,Fluorescence,A,43
1STN,G50F,0.6,7.0,293.15,GdnHCl,destabilizing,9578580.0,Fluorescence,A,44
1STN,E52F,0.7,7.0,293.15,GdnHCl,destabilizing,9578580.0,Fluorescence,A,46
1STN,E57F,0.8,7.0,293.15,GdnHCl,destabilizing,9578580.0,Fluorescence,A,51
1STN,S59F,-0.0,7.0,293.15,GdnHCl,stabilizing,9578580.0,Fluorescence,A,53
1STN,A60F,0.8,7.0,293.15,GdnHCl,destabilizing,9578580.0,Fluorescence,A,54
1STN,K63F,2.0,7.0,293.15,GdnHCl,destabilizing,9578580.0,Fluorescence,A,57
1STN,K64F,0.3,7.0,293.15,GdnHCl,destabilizing,9578580.0,Fluorescence,A,58
1STN,M65F,1.6,7.0,293.15,GdnHCl,destabilizing,9578580.0,Fluorescence,A,59
1STN,E67F,1.4,7.0,293.15,GdnHCl,destabilizing,9578580.0,Fluorescence,A,61
1STN,K70F,0.1,7.0,293.15,GdnHCl,destabilizing,9578580.0,Fluorescence,A,64
1STN,K71F,-0.0,7.0,293.15,GdnHCl,stabilizing,9578580.0,Fluorescence,A,65
1STN,E73F,1.1,7.0,293.15,GdnHCl,destabilizing,9578580.0,Fluorescence,A,67
1STN,Q80F,0.7,7.0,293.15,GdnHCl,destabilizing,9578580.0,Fluorescence,A,74
1STN,D83F,5.2,7.0,293.15,GdnHCl,destabilizing,9578580.0,Fluorescence,A,77
1STN,K84F,0.9,7.0,293.15,GdnHCl,destabilizing,9578580.0,Fluorescence,A,78
1STN,Y85F,0.2,7.0,293.15,GdnHCl,destabilizing,9578580.0,Fluorescence,A,79
1STN,G86F,2.0,7.0,293.15,GdnHCl,destabilizing,9578580.0,Fluorescence,A,80
1STN,D95F,5.3,7.0,293.15,GdnHCl,destabilizing,9578580.0,Fluorescence,A,89
1STN,G96F,3.0,7.0,293.15,GdnHCl,destabilizing,9578580.0,Fluorescence,A,90
1STN,K97F,0.7,7.0,293.15,GdnHCl,destabilizing,9578580.0,Fluorescence,A,91
1STN,E101F,3.1,7.0,293.15,GdnHCl,destabilizing,9578580.0,Fluorescence,A,95
1STN,A102F,1.9,7.0,293.15,GdnHCl,destabilizing,9578580.0,Fluorescence,A,96
1STN,R105F,3.1,7.0,293.15,GdnHCl,destabilizing,9578580.0,Fluorescence,A,99
1STN,A112F,1.45,7.0,293.15,GdnHCl,destabilizing,9578580.0,Fluorescence,A,106
1STN,Y113F,-0.0,7.0,293.15,GdnHCl,stabilizing,9578580.0,Fluorescence,A,107
1STN,Y115F,0.1,7.0,293.15,GdnHCl,destabilizing,9578580.0,Fluorescence,A,109
1STN,K116F,0.1,7.0,293.15,GdnHCl,destabilizing,9578580.0,Fluorescence,A,110
1STN,P117F,-0.3,7.0,293.15,GdnHCl,stabilizing,9578580.0,Fluorescence,A,111
1STN,E122F,0.8,7.0,293.15,GdnHCl,destabilizing,9578580.0,Fluorescence,A,116
1STN,Q123F,0.7,7.0,293.15,GdnHCl,destabilizing,9578580.0,Fluorescence,A,117
1STN,H124F,-0.3,7.0,293.15,GdnHCl,stabilizing,9578580.0,Fluorescence,A,118
1STN,K127F,0.3,7.0,293.15,GdnHCl,destabilizing,9578580.0,Fluorescence,A,121
1STN,S128F,1.0,7.0,293.15,GdnHCl,destabilizing,9578580.0,Fluorescence,A,122
1STN,E129F,4.0,7.0,293.15,GdnHCl,destabilizing,9578580.0,Fluorescence,A,123
1STN,Q131F,0.7,7.0,293.15,GdnHCl,destabilizing,9578580.0,Fluorescence,A,125
1STN,K133F,1.4,7.0,293.15,GdnHCl,destabilizing,9578580.0,Fluorescence,A,127
1STN,K134F,0.4,7.0,293.15,GdnHCl,destabilizing,9578580.0,Fluorescence,A,128
1STN,E135F,1.2,7.0,293.15,GdnHCl,destabilizing,9578580.0,Fluorescence,A,129
1STN,K136F,1.2,7.0,293.15,GdnHCl,destabilizing,9578580.0,Fluorescence,A,130
1G6N,S128P,-0.14,7.9,293.15,Thermal,stabilizing,9588945.0,CD,A,121
1G6N,S128A,0.26,7.9,293.15,Thermal,destabilizing,9588945.0,CD,A,121
1BVC,A125L,-0.6,4.2,277.15,Urea,stabilizing,9601047.0,"CD, Fluorescence",A,124
1BVC,A130K,3.7,7.5,273.15,Urea,destabilizing,9601047.0,"CD, Fluorescence",A,129
1BVC,A130K,2.1,7.8,277.15,Urea,destabilizing,9601047.0,"CD, Fluorescence",A,129
1BVC,A130L,2.3,7.5,273.15,Urea,destabilizing,9601047.0,"CD, Fluorescence",A,129
1BVC,A130L,0.9,7.8,277.15,Urea,destabilizing,9601047.0,"CD, Fluorescence",A,129
1BVC,A144L,-0.4,4.2,277.15,Urea,stabilizing,9601047.0,"CD, Fluorescence",A,143
1BVC,A15L,-0.1,4.2,277.15,Urea,stabilizing,9601047.0,"CD, Fluorescence",A,14
1BVC,D122A,-0.0,4.0,277.35,Urea,stabilizing,9601047.0,"CD, Fluorescence",A,121
1BVC,D20A,0.06,4.0,277.35,Urea,destabilizing,9601047.0,"CD, Fluorescence",A,19
1BVC,D44A,0.15,4.0,298.15,Urea,destabilizing,9601047.0,"CD, Fluorescence",A,43
1BVC,D60A,0.1,4.0,298.15,Urea,destabilizing,9601047.0,"CD, Fluorescence",A,59
1BVC,E109A,-0.36,4.2,277.15,Urea,stabilizing,9601047.0,"CD, Fluorescence",A,108
1BVC,E109G,0.96,4.2,277.15,Urea,destabilizing,9601047.0,"CD, Fluorescence",A,108
1BVC,E18A,0.7,4.0,298.15,Urea,destabilizing,9601047.0,"CD, Fluorescence",A,17
1BVC,E4A,0.7,4.0,298.15,Urea,destabilizing,9601047.0,"CD, Fluorescence",A,3
1BVC,F106A,0.7,4.2,277.15,Urea,destabilizing,9601047.0,"CD, Fluorescence",A,105
1BVC,F123A,1.1,4.2,277.15,Urea,destabilizing,9601047.0,"CD, Fluorescence",A,122
1BVC,F123K,2.1,7.8,277.15,Urea,destabilizing,9601047.0,"CD, Fluorescence",A,122
1BVC,F123T,3.5,7.5,273.15,Urea,destabilizing,9601047.0,"CD, Fluorescence",A,122
1BVC,G129A,1.05,9.6,355.35,Urea,destabilizing,9601047.0,"CD, Fluorescence",A,128
1BVC,G23A,-1.12,9.6,355.35,Urea,stabilizing,9601047.0,"CD, Fluorescence",A,22
1BVC,H116A,0.16,9.6,355.35,Urea,destabilizing,9601047.0,"CD, Fluorescence",A,115
1BVC,H36Q,-0.1,4.0,277.35,Urea,stabilizing,9601047.0,"CD, Fluorescence",A,35
1BVC,H36Q,0.8,7.8,277.15,Urea,destabilizing,9601047.0,"CD, Fluorescence",A,35
1BVC,I111A,1.84,11.0,349.65,Urea,destabilizing,9601047.0,"CD, Fluorescence",A,110
1BVC,I111L,0.64,11.0,349.65,Urea,destabilizing,9601047.0,"CD, Fluorescence",A,110
1BVC,I111M,1.14,11.0,349.65,Urea,destabilizing,9601047.0,"CD, Fluorescence",A,110
1BVC,I142A,1.1,11.0,349.65,Urea,destabilizing,9601047.0,"CD, Fluorescence",A,141
1BVC,I142A,-1.92,9.6,355.35,Urea,stabilizing,9601047.0,"CD, Fluorescence",A,141
1BVC,I142L,-0.63,11.0,349.65,Urea,stabilizing,9601047.0,"CD, Fluorescence",A,141
1BVC,I142M,-0.93,11.0,349.65,Urea,stabilizing,9601047.0,"CD, Fluorescence",A,141
1BVC,I142V,0.12,11.0,349.65,Urea,destabilizing,9601047.0,"CD, Fluorescence",A,141
1BVC,I28A,1.33,11.0,349.65,Urea,destabilizing,9601047.0,"CD, Fluorescence",A,27
1BVC,I28A,-0.08,4.1,298.15,Urea,stabilizing,9601047.0,"CD, Fluorescence",A,27
1BVC,I28A,2.06,6.0,298.15,Urea,destabilizing,9601047.0,"CD, Fluorescence",A,27
1BVC,I28L,0.55,11.0,349.65,Urea,destabilizing,9601047.0,"CD, Fluorescence",A,27
1BVC,I28M,0.56,11.0,349.65,Urea,destabilizing,9601047.0,"CD, Fluorescence",A,27
1BVC,I28V,-0.04,11.0,349.65,Urea,stabilizing,9601047.0,"CD, Fluorescence",A,27
1BVC,I30A,-0.21,4.1,298.15,Urea,stabilizing,9601047.0,"CD, Fluorescence",A,29
1BVC,I30A,1.9,6.0,298.15,Urea,destabilizing,9601047.0,"CD, Fluorescence",A,29
1BVC,K133A,0.49,4.0,277.35,Urea,destabilizing,9601047.0,"CD, Fluorescence",A,132
1BVC,K140A,-0.6,4.2,277.15,Urea,stabilizing,9601047.0,"CD, Fluorescence",A,139
1BVC,K140A,0.3,4.0,277.35,Urea,destabilizing,9601047.0,"CD, Fluorescence",A,139
1BVC,K147A,0.43,4.0,277.35,Urea,destabilizing,9601047.0,"CD, Fluorescence",A,146
1BVC,K56A,0.25,4.0,298.15,Urea,destabilizing,9601047.0,"CD, Fluorescence",A,55
1BVC,K77A,0.05,4.0,298.15,Urea,destabilizing,9601047.0,"CD, Fluorescence",A,76
1BVC,L115A,1.4,4.2,277.15,Urea,destabilizing,9601047.0,"CD, Fluorescence",A,114
1BVC,L11A,0.6,4.2,277.15,Urea,destabilizing,9601047.0,"CD, Fluorescence",A,10
1BVC,L11A,-0.44,9.6,355.35,Urea,stabilizing,9601047.0,"CD, Fluorescence",A,10
1BVC,L135A,1.7,4.2,277.15,Urea,destabilizing,9601047.0,"CD, Fluorescence",A,134
1BVC,L135I,1.54,11.0,349.65,Urea,destabilizing,9601047.0,"CD, Fluorescence",A,134
1BVC,L135M,0.79,11.0,349.65,Urea,destabilizing,9601047.0,"CD, Fluorescence",A,134
1BVC,L135V,2.25,11.0,349.65,Urea,destabilizing,9601047.0,"CD, Fluorescence",A,134
1BVC,L137A,0.3,4.2,277.15,Urea,destabilizing,9601047.0,"CD, Fluorescence",A,136
1BVC,L137A,-1.78,9.6,355.35,Urea,stabilizing,9601047.0,"CD, Fluorescence",A,136
1BVC,L149A,-1.6,9.6,355.35,Urea,stabilizing,9601047.0,"CD, Fluorescence",A,148
1BVC,L29A,2.37,11.0,349.65,Urea,destabilizing,9601047.0,"CD, Fluorescence",A,28
1BVC,L29A,0.09,4.1,298.15,Urea,destabilizing,9601047.0,"CD, Fluorescence",A,28
1BVC,L29A,0.39,6.0,298.15,Urea,destabilizing,9601047.0,"CD, Fluorescence",A,28
1BVC,L29I,1.12,11.0,349.65,Urea,destabilizing,9601047.0,"CD, Fluorescence",A,28
1BVC,L29M,-0.12,11.0,349.65,Urea,stabilizing,9601047.0,"CD, Fluorescence",A,28
1BVC,L29V,1.72,11.0,349.65,Urea,destabilizing,9601047.0,"CD, Fluorescence",A,28
1BVC,L32A,0.01,4.1,298.15,Urea,destabilizing,9601047.0,"CD, Fluorescence",A,31
1BVC,L32A,2.04,6.0,298.15,Urea,destabilizing,9601047.0,"CD, Fluorescence",A,31
1BVC,L49I,0.8,11.0,349.65,Urea,destabilizing,9601047.0,"CD, Fluorescence",A,48
1BVC,L69A,1.18,11.0,349.65,Urea,destabilizing,9601047.0,"CD, Fluorescence",A,68
1BVC,L69I,0.02,11.0,349.65,Urea,destabilizing,9601047.0,"CD, Fluorescence",A,68
1BVC,L69M,-0.0,11.0,349.65,Urea,stabilizing,9601047.0,"CD, Fluorescence",A,68
1BVC,L69V,0.1,11.0,349.65,Urea,destabilizing,9601047.0,"CD, Fluorescence",A,68
1BVC,L9A,-0.41,9.6,355.35,Urea,stabilizing,9601047.0,"CD, Fluorescence",A,8
1BVC,M131A,2.2,7.8,277.15,Urea,destabilizing,9601047.0,"CD, Fluorescence",A,130
1BVC,P88A,0.59,9.6,355.35,Urea,destabilizing,9601047.0,"CD, Fluorescence",A,87
1BVC,Q8A,-1.07,4.2,277.15,Urea,stabilizing,9601047.0,"CD, Fluorescence",A,7
1BVC,Q8G,0.63,4.2,277.15,Urea,destabilizing,9601047.0,"CD, Fluorescence",A,7
1BVC,R118A,0.23,4.0,277.35,Urea,destabilizing,9601047.0,"CD, Fluorescence",A,117
1BVC,R139A,0.75,4.0,277.35,Urea,destabilizing,9601047.0,"CD, Fluorescence",A,138
1BVC,R31A,0.39,4.0,277.35,Urea,destabilizing,9601047.0,"CD, Fluorescence",A,30
1BVC,S117A,-0.26,9.6,355.35,Urea,stabilizing,9601047.0,"CD, Fluorescence",A,116
1BVC,T51A,-1.41,9.6,355.35,Urea,stabilizing,9601047.0,"CD, Fluorescence",A,50
1BVC,T67A,-0.26,9.6,355.35,Urea,stabilizing,9601047.0,"CD, Fluorescence",A,66
1BVC,V114A,-1.45,9.6,355.35,Urea,stabilizing,9601047.0,"CD, Fluorescence",A,113
1BVC,V13A,-0.0,4.2,277.15,Urea,stabilizing,9601047.0,"CD, Fluorescence",A,12
1BVC,V13A,-0.67,9.6,355.35,Urea,stabilizing,9601047.0,"CD, Fluorescence",A,12
1BVC,V66A,0.75,9.6,355.35,Urea,destabilizing,9601047.0,"CD, Fluorescence",A,65
1BVC,V68T,0.6,7.8,277.15,Urea,destabilizing,9601047.0,"CD, Fluorescence",A,67
1BVC,W14F,1.1,7.8,277.15,Urea,destabilizing,9601047.0,"CD, Fluorescence",A,13
1BVC,W7F,0.9,7.8,277.15,Urea,destabilizing,9601047.0,"CD, Fluorescence",A,6
1IGV,L6V,2.200956938,7.0,298.15,Urea,destabilizing,9636033.0,CD,A,5
1IGV,F10A,4.832535885,7.0,298.15,Urea,destabilizing,9636033.0,CD,A,9
1IGV,L23A,3.732057416,7.0,298.15,Urea,destabilizing,9636033.0,CD,A,22
1IGV,L23G,4.282296651,7.0,298.15,Urea,destabilizing,9636033.0,CD,A,22
1IGV,L28A,2.703349282,7.0,298.15,Urea,destabilizing,9636033.0,CD,A,27
1IGV,V61A,3.779904306,7.0,298.15,Urea,destabilizing,9636033.0,CD,A,60
1IGV,V61G,4.354066986,7.0,298.15,Urea,destabilizing,9636033.0,CD,A,60
1IGV,F66W,2.344497608,7.0,298.15,Urea,destabilizing,9636033.0,CD,A,65
1IGV,F66A,4.976076555,7.0,298.15,Urea,destabilizing,9636033.0,CD,A,65
1IGV,V70L,1.196172249,7.0,298.15,Urea,destabilizing,9636033.0,CD,A,69
1IGV,I73V,1.5311004780000002,7.0,298.15,Urea,destabilizing,9636033.0,CD,A,72
1FC1,Q347A,1.1,7.4,293.15,GdnHCl,destabilizing,9649307.0,CD,A,109
1FC1,Y349A,0.7,7.4,293.15,GdnHCl,destabilizing,9649307.0,CD,A,111
1FC1,T350A,0.1,7.4,293.15,GdnHCl,destabilizing,9649307.0,CD,A,112
1FC1,L351A,1.3,7.4,293.15,GdnHCl,destabilizing,9649307.0,CD,A,113
1FC1,T366A,2.3,7.4,293.15,GdnHCl,destabilizing,9649307.0,CD,A,128
1FC1,L368A,2.2,7.4,293.15,GdnHCl,destabilizing,9649307.0,CD,A,130
1FC1,K370A,1.1,7.4,293.15,GdnHCl,destabilizing,9649307.0,CD,A,132
1FC1,K392A,0.4,7.4,293.15,GdnHCl,destabilizing,9649307.0,CD,A,154
1FC1,T394A,0.6,7.4,293.15,GdnHCl,destabilizing,9649307.0,CD,A,156
1FC1,P395A,3.2,7.4,293.15,GdnHCl,destabilizing,9649307.0,CD,A,157
1FC1,V397A,0.6,7.4,293.15,GdnHCl,destabilizing,9649307.0,CD,A,159
1FC1,L398A,0.1,7.4,293.15,GdnHCl,destabilizing,9649307.0,CD,A,160
1FC1,D399A,0.7,7.4,293.15,GdnHCl,destabilizing,9649307.0,CD,A,161
1FC1,F405A,2.5,7.4,293.15,GdnHCl,destabilizing,9649307.0,CD,A,167
1FC1,Y407A,2.1,7.4,293.15,GdnHCl,destabilizing,9649307.0,CD,A,169
1FC1,K409A,2.4,7.4,293.15,GdnHCl,destabilizing,9649307.0,CD,A,171
1LZ1,Y20F,0.5,2.7,338.05,Thermal,destabilizing,9649316.0,DSC,A,19
1LZ1,Y38F,0.19,2.7,338.05,Thermal,destabilizing,9649316.0,DSC,A,37
1LZ1,Y45F,-0.07,2.7,338.05,Thermal,stabilizing,9649316.0,DSC,A,44
1LZ1,Y54F,0.96,2.7,338.05,Thermal,destabilizing,9649316.0,DSC,A,53
1LZ1,Y63F,0.24,2.7,338.05,Thermal,destabilizing,9649316.0,DSC,A,62
1LZ1,Y124F,0.36,2.7,338.05,Thermal,destabilizing,9649316.0,DSC,A,123
1FEP,E250C,-9.79,7.0,298.15,GdnHCl,stabilizing,9655352.0,ESR,A,239
1FEP,G252C,-7.93,7.0,298.15,GdnHCl,stabilizing,9655352.0,ESR,A,241
1FEP,S246C,-7.77,7.0,298.15,GdnHCl,stabilizing,9655352.0,ESR,A,235
1FEP,L244C,-6.88,7.0,298.15,GdnHCl,stabilizing,9655352.0,ESR,A,233
1FEP,E248C,-6.83,7.0,298.15,GdnHCl,stabilizing,9655352.0,ESR,A,237
1FEP,S254C,-5.94,7.0,298.15,GdnHCl,stabilizing,9655352.0,ESR,A,243
1FEP,Q256C,-2.28,7.0,298.15,GdnHCl,stabilizing,9655352.0,ESR,A,245
1LZ1,I23V,0.41,2.7,322.35,Thermal,destabilizing,9677301.0,DSC,A,22
1LZ1,I56V,1.34,2.7,322.35,Thermal,destabilizing,9677301.0,DSC,A,55
1LZ1,I59V,0.93,2.7,322.35,Thermal,destabilizing,9677301.0,DSC,A,58
1LZ1,I89V,0.35,2.7,322.35,Thermal,destabilizing,9677301.0,DSC,A,88
1LZ1,I106V,0.98,2.7,322.35,Thermal,destabilizing,9677301.0,DSC,A,105
1LZ1,V2A,1.51,2.7,322.35,Thermal,destabilizing,9677301.0,DSC,A,1
1LZ1,V74A,0.43,2.7,322.35,Thermal,destabilizing,9677301.0,DSC,A,73
1LZ1,V93A,1.0,2.7,322.35,Thermal,destabilizing,9677301.0,DSC,A,92
1LZ1,V99A,0.89,2.7,322.35,Thermal,destabilizing,9677301.0,DSC,A,98
1LZ1,V100A,0.57,2.7,322.35,Thermal,destabilizing,9677301.0,DSC,A,99
1LZ1,V110A,-0.07,2.7,322.35,Thermal,stabilizing,9677301.0,DSC,A,109
1LZ1,V121A,1.75,2.7,322.35,Thermal,destabilizing,9677301.0,DSC,A,120
1LZ1,V125A,1.6,2.7,322.35,Thermal,destabilizing,9677301.0,DSC,A,124
1LZ1,V130A,1.12,2.7,322.35,Thermal,destabilizing,9677301.0,DSC,A,129
1RTB,P93G,2.2,6.0,334.75,Thermal,destabilizing,9684895.0,Abs,A,92
1RTB,P114G,3.3,6.0,334.75,Thermal,destabilizing,9684895.0,Abs,A,113
1RTB,P93G,2.6,6.0,334.95,Thermal,destabilizing,9684895.0,DSC,A,92
1RTB,P114G,3.6,6.0,334.95,Thermal,destabilizing,9684895.0,DSC,A,113
1HUE,A27S,1.19,7.0,337.05,Thermal,destabilizing,9685334.0,CD,A,26
1HUE,S31T,-0.41,7.0,337.05,Thermal,stabilizing,9685334.0,CD,A,30
1HUE,V42I,0.82,7.0,337.05,Thermal,destabilizing,9685334.0,CD,A,41
1HUE,A56S,0.13,7.0,337.05,Thermal,destabilizing,9685334.0,CD,A,55
1HUE,M69I,-0.0,7.0,337.05,Thermal,stabilizing,9685334.0,CD,A,68
1STN,V66L,0.8,5.5,294.15,pressure,destabilizing,9792110.0,Fluorescence,A,60
1STN,V66A,1.0,7.0,294.15,pressure,destabilizing,9792110.0,Fluorescence,A,60
1STN,V66G,1.2,7.0,294.15,pressure,destabilizing,9792110.0,Fluorescence,A,60
1O6X,V12A,1.45,7.0,298.15,Urea,destabilizing,9799641.0,Fluorescence,A,11
1O6X,E14A,0.35,7.0,298.15,Urea,destabilizing,9799641.0,Fluorescence,A,13
1O6X,I15V,0.465,7.0,298.15,Urea,destabilizing,9799641.0,Fluorescence,A,14
1O6X,E20G,1.21,7.0,298.15,Urea,destabilizing,9799641.0,Fluorescence,A,19
1O6X,I23V,-0.16,7.0,298.15,Urea,stabilizing,9799641.0,Fluorescence,A,22
1O6X,L26V,1.135,7.0,298.15,Urea,destabilizing,9799641.0,Fluorescence,A,25
1O6X,A31G,0.85,7.0,298.15,Urea,destabilizing,9799641.0,Fluorescence,A,30
1O6X,D38A,-0.18,7.0,298.15,Urea,stabilizing,9799641.0,Fluorescence,A,37
1O6X,F39L,1.99,7.0,298.15,Urea,destabilizing,9799641.0,Fluorescence,A,38
1O6X,K41A,2.14,7.0,298.15,Urea,destabilizing,9799641.0,Fluorescence,A,40
1O6X,A50G,1.55,7.0,298.15,Urea,destabilizing,9799641.0,Fluorescence,A,49
1O6X,H51A,0.705,7.0,298.15,Urea,destabilizing,9799641.0,Fluorescence,A,50
1O6X,V52A,1.09,7.0,298.15,Urea,destabilizing,9799641.0,Fluorescence,A,51
1O6X,N58A,0.24,7.0,298.15,Urea,destabilizing,9799641.0,Fluorescence,A,57
1O6X,Q60G,0.445,7.0,298.15,Urea,destabilizing,9799641.0,Fluorescence,A,59
1O6X,V64G,0.8,7.0,298.15,Urea,destabilizing,9799641.0,Fluorescence,A,63
1O6X,F65A,1.29,7.0,298.15,Urea,destabilizing,9799641.0,Fluorescence,A,64
1O6X,I71V,1.405,7.0,298.15,Urea,destabilizing,9799641.0,Fluorescence,A,70
1O6X,Y73L,2.94,7.0,298.15,Urea,destabilizing,9799641.0,Fluorescence,A,72
1O6X,I75A,1.605,7.0,298.15,Urea,destabilizing,9799641.0,Fluorescence,A,74
1RGG,N39S,2.3,7.0,321.55,Thermal,destabilizing,9819211.0,CD,A,38
1RGG,N39A,2.2,7.0,321.55,Thermal,destabilizing,9819211.0,CD,A,38
1RN1,N44D,0.5,2.7,298.15,Urea,destabilizing,9819211.0,CD,A,43
1RGG,N39D,1.5,7.0,321.55,Thermal,destabilizing,9819211.0,CD,A,38
1RN1,N44S,1.5,7.0,323.95,Thermal,destabilizing,9819211.0,CD,A,43
1RN1,N44D,1.6,7.0,323.95,Thermal,destabilizing,9819211.0,CD,A,43
1RN1,N44A,1.6,7.0,323.95,Thermal,destabilizing,9819211.0,CD,A,43
1RN1,N44S,1.9,7.0,298.15,Urea,destabilizing,9819211.0,CD,A,43
1RN1,N44D,2.0,7.0,298.15,Urea,destabilizing,9819211.0,CD,A,43
1TUP,N268D,-0.92,7.2,283.15,Urea,stabilizing,9843948.0,"DSC, Fluorescence",A,174
1TUP,A129D,0.7,7.2,283.15,Urea,destabilizing,9843948.0,"DSC, Fluorescence",A,35
1TUP,A129E,0.38,7.2,283.15,Urea,destabilizing,9843948.0,"DSC, Fluorescence",A,35
1TUP,A129S,0.19,7.2,283.15,Urea,destabilizing,9843948.0,"DSC, Fluorescence",A,35
1TUP,C182S,-0.16,7.2,283.15,Urea,stabilizing,9843948.0,"DSC, Fluorescence",A,88
1TUP,D148E,0.43,7.2,283.15,Urea,destabilizing,9843948.0,"DSC, Fluorescence",A,54
1TUP,D148S,-0.22,7.2,283.15,Urea,stabilizing,9843948.0,"DSC, Fluorescence",A,54
1TUP,D228E,-0.05,7.2,283.15,Urea,stabilizing,9843948.0,"DSC, Fluorescence",A,134
1TUP,L201P,-0.35,7.2,283.15,Urea,stabilizing,9843948.0,"DSC, Fluorescence",A,107
1TUP,L206S,0.1,7.2,283.15,Urea,destabilizing,9843948.0,"DSC, Fluorescence",A,112
1TUP,M133L,-0.3,7.2,283.15,Urea,stabilizing,9843948.0,"DSC, Fluorescence",A,39
1TUP,N239Y,-1.49,7.2,283.15,Urea,stabilizing,9843948.0,"DSC, Fluorescence",A,145
1TUP,Q104H,-0.24,7.2,283.15,Urea,stabilizing,9843948.0,"DSC, Fluorescence",A,10
1TUP,Q104P,-0.11,7.2,283.15,Urea,stabilizing,9843948.0,"DSC, Fluorescence",A,10
1TUP,Q165K,1.27,7.2,283.15,Urea,destabilizing,9843948.0,"DSC, Fluorescence",A,71
1TUP,Q167E,0.43,7.2,283.15,Urea,destabilizing,9843948.0,"DSC, Fluorescence",A,73
1TUP,R174K,0.22,7.2,283.15,Urea,destabilizing,9843948.0,"DSC, Fluorescence",A,80
1TUP,S260P,0.32,7.2,283.15,Urea,destabilizing,9843948.0,"DSC, Fluorescence",A,166
1TUP,T150P,0.08,7.2,283.15,Urea,destabilizing,9843948.0,"DSC, Fluorescence",A,56
1TUP,V203A,-0.49,7.2,283.15,Urea,stabilizing,9843948.0,"DSC, Fluorescence",A,109
1TUP,Y236F,-0.27,7.2,283.15,Urea,stabilizing,9843948.0,"DSC, Fluorescence",A,142
1OIA,Y13F,1.3,7.0,295.15,GdnHCl,destabilizing,9878401.0,NMR,A,10
1OIA,F56W,-1.1,7.0,295.15,GdnHCl,stabilizing,9878401.0,NMR,A,53
1OIA,F56Y,-0.2,7.0,295.15,GdnHCl,stabilizing,9878401.0,NMR,A,53
1OIA,Q54E,-0.3,7.0,295.15,GdnHCl,stabilizing,9878401.0,NMR,A,51
1OIA,Q54N,0.6,7.0,295.15,GdnHCl,destabilizing,9878401.0,NMR,A,51
1YCC,K73H,1.01,4.5,298.15,GdnHCl,destabilizing,9890932.0,CD,A,76
1YCC,K73H,1.01,4.0,298.15,GdnHCl,destabilizing,9890932.0,CD,A,76
1YCC,K73H,1.17,5.0,298.15,GdnHCl,destabilizing,9890932.0,CD,A,76
1YCC,K73H,1.27,7.2,298.15,GdnHCl,destabilizing,9890932.0,CD,A,76
1YCC,K73H,1.58,5.8,298.15,GdnHCl,destabilizing,9890932.0,CD,A,76
1YCC,K73H,1.92,6.5,298.15,GdnHCl,destabilizing,9890932.0,CD,A,76
1YCC,K73H,1.98,7.5,298.15,GdnHCl,destabilizing,9890932.0,CD,A,76
1YCC,K73H,2.06,6.12,298.15,GdnHCl,destabilizing,9890932.0,CD,A,76
1RTB,D121N,0.76,1.2,298.15,Thermal,destabilizing,9922164.0,Abs,A,120
1RTB,D121A,0.72,1.2,298.15,Thermal,destabilizing,9922164.0,Abs,A,120
1RTB,H119A,-1.1,1.2,298.15,Thermal,stabilizing,9922164.0,Abs,A,118
1RTB,D121N,1.9,6.0,298.15,Thermal,destabilizing,9922164.0,Abs,A,120
1RTB,D121A,2.2,6.0,298.15,Thermal,destabilizing,9922164.0,Abs,A,120
1RTB,H119A,-0.2,6.0,298.15,Thermal,stabilizing,9922164.0,Abs,A,118
1CDC,V30A,4.88,7.0,298.15,GdnHCl,destabilizing,9931001.0,Fluorescence,B,26
1CDC,L16V,2.2,7.0,298.15,GdnHCl,destabilizing,9931001.0,Fluorescence,B,12
1CDC,I18V,1.17,7.0,298.15,GdnHCl,destabilizing,9931001.0,Fluorescence,B,14
1CDC,A40G,1.71,7.0,298.15,GdnHCl,destabilizing,9931001.0,Fluorescence,B,36
1CDC,L50V,-0.37,7.0,298.15,GdnHCl,stabilizing,9931001.0,Fluorescence,B,46
1CDC,I57V,0.43,7.0,298.15,GdnHCl,destabilizing,9931001.0,Fluorescence,B,53
1CDC,V78A,3.01,7.0,298.15,GdnHCl,destabilizing,9931001.0,Fluorescence,B,74
1CDC,L89V,0.14,7.0,298.15,GdnHCl,destabilizing,9931001.0,Fluorescence,B,85
1CDC,L95V,0.75,7.0,298.15,GdnHCl,destabilizing,9931001.0,Fluorescence,B,91
2TS1,I52L,-1.33,7.78,298.15,Urea,stabilizing,9973571.0,Fluorescence,A,51
2TS1,M55L,-0.21,7.78,341.65,Urea,stabilizing,9973571.0,Fluorescence,A,54
2TS1,L105V,0.65,7.78,298.15,Urea,destabilizing,9973571.0,Fluorescence,A,104
2TS1,T51P,0.68,7.78,298.15,Urea,destabilizing,9973571.0,Fluorescence,A,50
1CHK,W28F,3.56,7.0,315.85,Thermal,destabilizing,9989221.0,CD,A,27
1CHK,W101F,3.91,7.0,315.85,Thermal,destabilizing,9989221.0,CD,A,100
1CHK,W227F,2.97,7.0,315.85,Thermal,destabilizing,9989221.0,CD,A,226
1CHK,W28F,1.76,7.0,325.35,Thermal,destabilizing,9989221.0,CD,A,27
1CHK,W101F,1.89,7.0,325.35,Thermal,destabilizing,9989221.0,CD,A,100
1CHK,W227F,1.31,7.0,325.35,Thermal,destabilizing,9989221.0,CD,A,226
1CHK,W28F,4.43,7.0,316.35,Thermal,destabilizing,9989221.0,Fluorescence,A,27
1CHK,W227F,2.51,7.0,316.35,Thermal,destabilizing,9989221.0,Fluorescence,A,226
1CHK,W101F,4.27,7.0,316.35,Thermal,destabilizing,9989221.0,Fluorescence,A,100
2ABD,D21A,-0.01,5.3,278.15,GdnHCl,stabilizing,10029532.0,Fluorescence,A,20
2ABD,L25A,1.52,5.3,278.15,GdnHCl,destabilizing,10029532.0,Fluorescence,A,24
2ABD,Y28A,2.495,5.3,278.15,GdnHCl,destabilizing,10029532.0,Fluorescence,A,27
2ABD,Y28F,1.16,5.3,278.15,GdnHCl,destabilizing,10029532.0,Fluorescence,A,27
2ABD,Y28N,2.35,5.3,278.15,GdnHCl,destabilizing,10029532.0,Fluorescence,A,27
2ABD,Y31N,1.245,5.3,278.15,GdnHCl,destabilizing,10029532.0,Fluorescence,A,30
2ABD,K32A,1.315,5.3,278.15,GdnHCl,destabilizing,10029532.0,Fluorescence,A,31
2ABD,K32R,2.025,5.3,278.15,GdnHCl,destabilizing,10029532.0,Fluorescence,A,31
2ABD,K32E,1.575,5.3,278.15,GdnHCl,destabilizing,10029532.0,Fluorescence,A,31
2ABD,Q33A,3.345,5.3,278.15,GdnHCl,destabilizing,10029532.0,Fluorescence,A,32
2ABD,A34G,1.325,5.3,278.15,GdnHCl,destabilizing,10029532.0,Fluorescence,A,33
2ABD,T35A,1.185,5.3,278.15,GdnHCl,destabilizing,10029532.0,Fluorescence,A,34
2ABD,P44A,1.315,5.3,278.15,GdnHCl,destabilizing,10029532.0,Fluorescence,A,43
2ABD,K52M,-0.33,5.3,278.15,GdnHCl,stabilizing,10029532.0,Fluorescence,A,51
2ABD,K54A,1.135,5.3,278.15,GdnHCl,destabilizing,10029532.0,Fluorescence,A,53
2ABD,K54M,-0.025,5.3,278.15,GdnHCl,stabilizing,10029532.0,Fluorescence,A,53
2ABD,E67A,0.58,5.3,278.15,GdnHCl,destabilizing,10029532.0,Fluorescence,A,66
2ABD,Y73A,4.67,5.3,278.15,GdnHCl,destabilizing,10029532.0,Fluorescence,A,72
2ABD,Y73F,-0.15,5.3,278.15,GdnHCl,stabilizing,10029532.0,Fluorescence,A,72
2ABD,V77A,1.34,5.3,278.15,GdnHCl,destabilizing,10029532.0,Fluorescence,A,76
2ABD,L80A,4.135,5.3,278.15,GdnHCl,destabilizing,10029532.0,Fluorescence,A,79
2ABD,D21H,0.56,5.3,278.15,GdnHCl,destabilizing,10029532.0,Fluorescence,A,20
2ABD,P19A,0.99,5.3,278.15,GdnHCl,destabilizing,10029532.0,Fluorescence,A,18
2ABD,V12A,1.595,5.3,278.15,GdnHCl,destabilizing,10029532.0,Fluorescence,A,11
2ABD,A9G,1.905,5.3,278.15,GdnHCl,destabilizing,10029532.0,Fluorescence,A,8
2ABD,F5A,2.575,5.3,278.15,GdnHCl,destabilizing,10029532.0,Fluorescence,A,4
2ABD,L15A,3.335,5.3,278.15,GdnHCl,destabilizing,10029532.0,Fluorescence,A,14
2TRT,R128E,0.621,7.5,295.15,Urea,destabilizing,10037732.0,CD,A,126
1SAK,E336A,-3.0,7.0,298.15,GdnHCl,stabilizing,10048932.0,CD,A,17
1SAK,K351A,-2.5,7.0,298.15,GdnHCl,stabilizing,10048932.0,CD,A,32
1SAK,E346A,0.4,7.0,298.15,GdnHCl,destabilizing,10048932.0,CD,A,27
1SAK,E343A,1.1,7.0,298.15,GdnHCl,destabilizing,10048932.0,CD,A,24
1SAK,Q331A,1.4,7.0,298.15,GdnHCl,destabilizing,10048932.0,CD,A,12
1SAK,R342A,1.4,7.0,298.15,GdnHCl,destabilizing,10048932.0,CD,A,23
1SAK,E326A,1.6,7.0,298.15,GdnHCl,destabilizing,10048932.0,CD,A,7
1SAK,E339A,1.8,7.0,298.15,GdnHCl,destabilizing,10048932.0,CD,A,20
1SAK,R335A,2.1,7.0,298.15,GdnHCl,destabilizing,10048932.0,CD,A,16
1SAK,L350A,2.1,7.0,298.15,GdnHCl,destabilizing,10048932.0,CD,A,31
1SAK,D352A,2.2,7.0,298.15,GdnHCl,destabilizing,10048932.0,CD,A,33
1SAK,A347G,2.7,7.0,298.15,GdnHCl,destabilizing,10048932.0,CD,A,28
1SAK,F341L,3.1,7.0,298.15,GdnHCl,destabilizing,10048932.0,CD,A,22
1SAK,T329A,3.6,7.0,298.15,GdnHCl,destabilizing,10048932.0,CD,A,10
1SAK,N345A,3.7,7.0,298.15,GdnHCl,destabilizing,10048932.0,CD,A,26
1SAK,E349A,3.8,7.0,298.15,GdnHCl,destabilizing,10048932.0,CD,A,30
1SAK,R333A,3.9,7.0,298.15,GdnHCl,destabilizing,10048932.0,CD,A,14
1SAK,I332V,4.8,7.0,298.15,GdnHCl,destabilizing,10048932.0,CD,A,13
1SAK,M340A,6.4,7.0,298.15,GdnHCl,destabilizing,10048932.0,CD,A,21
1SAK,F328A,7.2,7.0,298.15,GdnHCl,destabilizing,10048932.0,CD,A,9
1SAK,F338A,7.2,7.0,298.15,GdnHCl,destabilizing,10048932.0,CD,A,19
1SAK,R337A,9.3,7.0,298.15,GdnHCl,destabilizing,10048932.0,CD,A,18
1BVC,A125L,-0.6,5.0,298.15,Urea,stabilizing,10051585.0,CD,A,124
1BVC,A125L,-0.4,4.2,277.15,Urea,stabilizing,10051585.0,CD,A,124
1BVC,A144L,-0.4,5.0,298.15,Urea,stabilizing,10051585.0,CD,A,143
1BVC,A15L,-0.2,4.2,277.15,Urea,stabilizing,10051585.0,CD,A,14
1BVC,A144L,-0.1,4.2,277.15,Urea,stabilizing,10051585.0,CD,A,143
1BVC,A15L,-0.1,5.0,298.15,Urea,stabilizing,10051585.0,CD,A,14
1BVC,V13A,-0.0,5.0,298.15,Urea,stabilizing,10051585.0,CD,A,12
1BVC,V13A,0.1,4.2,277.15,Urea,destabilizing,10051585.0,CD,A,12
1BVC,L137A,0.1,4.2,277.15,Urea,destabilizing,10051585.0,CD,A,136
1BVC,F106A,0.2,4.2,277.15,Urea,destabilizing,10051585.0,CD,A,105
1BVC,F123A,0.3,4.2,277.15,Urea,destabilizing,10051585.0,CD,A,122
1BVC,L137A,0.3,5.0,298.15,Urea,destabilizing,10051585.0,CD,A,136
1BVC,L11A,0.5,4.2,277.15,Urea,destabilizing,10051585.0,CD,A,10
1BVC,L11A,0.6,5.0,298.15,Urea,destabilizing,10051585.0,CD,A,10
1BVC,F106A,0.7,5.0,298.15,Urea,destabilizing,10051585.0,CD,A,105
1BVC,L135A,0.8,4.2,277.15,Urea,destabilizing,10051585.0,CD,A,134
1BVC,L115A,1.0,4.2,277.15,Urea,destabilizing,10051585.0,CD,A,114
1BVC,F123A,1.1,5.0,298.15,Urea,destabilizing,10051585.0,CD,A,122
1BVC,L115A,1.4,5.0,298.15,Urea,destabilizing,10051585.0,CD,A,114
1BVC,L135A,1.7,5.0,298.15,Urea,destabilizing,10051585.0,CD,A,134
1BNI,G53A,3.4,6.3,327.25,Thermal,destabilizing,10064710.0,DSC,A,50
1BNI,G52A,5.3,6.3,327.25,Thermal,destabilizing,10064710.0,DSC,A,49
1BNI,G53V,7.8,6.3,327.25,Thermal,destabilizing,10064710.0,DSC,A,50
1BNI,G52V,8.4,6.3,327.25,Thermal,destabilizing,10064710.0,DSC,A,49
1POH,K49E,-2.1,7.0,336.55,Thermal,stabilizing,10064718.0,CD,A,48
1POH,K49E,-1.9,7.0,303.15,Urea,stabilizing,10064718.0,CD,A,48
1CSP,F17A,0.81,7.0,318.15,Thermal,destabilizing,10074340.0,CD,A,16
1CSP,F15A,0.96,7.0,318.15,Thermal,destabilizing,10074340.0,CD,A,14
1CSP,F27A,0.6323763960000001,7.0,318.15,Thermal,destabilizing,10074340.0,CD,A,26
1IR3,W1175F,-0.6,7.0,297.15,GdnHCl,stabilizing,10074361.0,Fluorescence,A,191
1AG2,T183A,4.62,7.0,298.15,Urea,destabilizing,10079068.0,CD,A,59
1AG2,R208H,1.44,7.0,298.15,Urea,destabilizing,10079068.0,CD,A,84
1AG2,V180I,0.5,7.0,298.15,Urea,destabilizing,10079068.0,CD,A,56
1AG2,M129V,0.33,7.0,298.15,Urea,destabilizing,10079068.0,CD,A,5
1AG2,F198S,2.46,7.0,298.15,Urea,destabilizing,10079068.0,CD,A,74
1AG2,V210I,0.26,7.0,298.15,Urea,destabilizing,10079068.0,CD,A,86
1AG2,Q217R,2.13,7.0,298.15,Urea,destabilizing,10079068.0,CD,A,93
1AG2,E200K,0.14,7.0,298.15,Urea,destabilizing,10079068.0,CD,A,76
1AG2,T190V,0.17,7.0,298.15,Urea,destabilizing,10079068.0,CD,A,66
1LVE,T94H,-0.7,7.5,298.15,GdnHCl,stabilizing,10091653.0,Fluorescence,A,99
1LVE,S97T,0.3,7.5,298.15,GdnHCl,destabilizing,10091653.0,Fluorescence,A,102
1LVE,Y96P,1.6,7.5,298.15,GdnHCl,destabilizing,10091653.0,Fluorescence,A,101
1LVE,K30T,1.3,7.5,298.15,GdnHCl,destabilizing,10091653.0,Fluorescence,A,35
1LVE,L15P,1.5,7.5,298.15,GdnHCl,destabilizing,10091653.0,Fluorescence,A,14
1LVE,N28F,3.1,7.5,298.15,GdnHCl,destabilizing,10091653.0,Fluorescence,A,33
1LVE,S29N,0.2,7.5,298.15,GdnHCl,destabilizing,10091653.0,Fluorescence,A,34
1LVE,I106L,1.2,7.5,298.15,GdnHCl,destabilizing,10091653.0,Fluorescence,A,111
1LVE,K30R,1.0,7.5,298.15,GdnHCl,destabilizing,10091653.0,Fluorescence,A,35
1LVE,P40L,1.7,7.5,298.15,GdnHCl,destabilizing,10091653.0,Fluorescence,A,45
1LVE,Q89H,0.8,7.5,298.15,GdnHCl,destabilizing,10091653.0,Fluorescence,A,94
1LVE,Y96Q,1.0,7.5,298.15,GdnHCl,destabilizing,10091653.0,Fluorescence,A,101
1SAK,M340I,-0.7,7.0,298.15,GdnHCl,stabilizing,10097082.0,CD,A,21
1SAK,L344I,1.2,7.0,298.15,GdnHCl,destabilizing,10097082.0,CD,A,25
1SAK,F341L,3.3,7.0,298.15,GdnHCl,destabilizing,10097082.0,CD,A,22
1SAK,F328L,3.5,7.0,298.15,GdnHCl,destabilizing,10097082.0,CD,A,9
1SAK,I332V,5.0,7.0,298.15,GdnHCl,destabilizing,10097082.0,CD,A,13
1SAK,L330F,5.2,7.0,298.15,GdnHCl,destabilizing,10097082.0,CD,A,11
1SAK,L344F,6.1,7.0,298.15,GdnHCl,destabilizing,10097082.0,CD,A,25
1SAK,F341I,6.9,7.0,298.15,GdnHCl,destabilizing,10097082.0,CD,A,22
1A23,P151A,3.019013,7.0,303.15,Thermal,destabilizing,10210189.0,DSC,A,150
1XAS,W274A,-3.296075,6.0,333.15,Activity,stabilizing,10235626.0,CD,A,269
1XAS,W266F,-2.722844,6.0,333.15,Activity,stabilizing,10235626.0,CD,A,261
1XAS,Y172S,-2.627306,6.0,333.15,Activity,stabilizing,10235626.0,CD,A,167
1XAS,W274H,-2.340691,6.0,333.15,Activity,stabilizing,10235626.0,CD,A,269
1XAS,Y172A,-2.292922,6.0,333.15,Activity,stabilizing,10235626.0,CD,A,167
1XAS,W85H,-1.624153,6.0,333.15,Activity,stabilizing,10235626.0,CD,A,80
1XAS,W274F,-1.576384,6.0,333.15,Activity,stabilizing,10235626.0,CD,A,269
1XAS,W85A,-1.241999,6.0,333.15,Activity,stabilizing,10235626.0,CD,A,80
1XAS,W85F,-0.621,6.0,333.15,Activity,stabilizing,10235626.0,CD,A,80
1XAS,Y172F,-0.621,6.0,333.15,Activity,stabilizing,10235626.0,CD,A,167
1XAS,W274F,-0.43062201,7.0,341.15,Thermal,stabilizing,10235626.0,CD,A,269
1XAS,W274H,-0.14354067,7.0,341.15,Thermal,stabilizing,10235626.0,CD,A,269
1XAS,W85A,-1.076555024,6.0,341.15,Thermal,stabilizing,10235626.0,CD,A,80
1XAS,W85F,2.200956938,6.0,341.15,Thermal,destabilizing,10235626.0,CD,A,80
1XAS,W85H,0.526315789,6.0,341.15,Thermal,destabilizing,10235626.0,CD,A,80
1XAS,Y172A,2.775119617,6.0,341.15,Thermal,destabilizing,10235626.0,CD,A,167
1XAS,Y172F,0.502392344,6.0,341.15,Thermal,destabilizing,10235626.0,CD,A,167
1XAS,Y172S,-0.861244019,6.0,341.15,Thermal,stabilizing,10235626.0,CD,A,167
1XAS,W266A,2.583732057,6.0,341.15,Thermal,destabilizing,10235626.0,CD,A,261
1XAS,W266F,1.818181818,6.0,341.15,Thermal,destabilizing,10235626.0,CD,A,261
1XAS,W266H,3.995215311,6.0,341.15,Thermal,destabilizing,10235626.0,CD,A,261
1XAS,W274A,-2.272727273,6.0,341.15,Thermal,stabilizing,10235626.0,CD,A,269
1LZ1,S61A,1.362332696,2.7,338.05,Thermal,destabilizing,10350481.0,DSC,A,60
1LZ1,S36A,1.12332696,2.7,338.05,Thermal,destabilizing,10350481.0,DSC,A,35
1LZ1,S24A,0.52581262,2.7,338.05,Thermal,destabilizing,10350481.0,DSC,A,23
1LZ1,S51A,0.239005736,2.7,338.05,Thermal,destabilizing,10350481.0,DSC,A,50
1LZ1,S82A,-0.382409178,2.7,338.05,Thermal,stabilizing,10350481.0,DSC,A,81
1LZ1,S80A,-0.4780114720000001,2.7,338.05,Thermal,stabilizing,10350481.0,DSC,A,79
1AG2,F175W,0.08,7.0,295.15,Urea,destabilizing,10360358.0,CD,A,51
1AG2,F175W,1.478457,7.0,277.15,Urea,destabilizing,10360358.0,CD,A,51
2ABD,L80A,4.57,5.3,278.15,GdnHCl,destabilizing,10360367.0,Fluorescence,A,79
2ABD,Y73A,4.51,5.3,278.15,GdnHCl,destabilizing,10360367.0,Fluorescence,A,72
2ABD,L15A,3.57,5.3,278.15,GdnHCl,destabilizing,10360367.0,Fluorescence,A,14
2ABD,Q33A,3.03,5.3,278.15,GdnHCl,destabilizing,10360367.0,Fluorescence,A,32
2ABD,F5A,2.63,5.3,278.15,GdnHCl,destabilizing,10360367.0,Fluorescence,A,4
2ABD,Y28A,2.52,5.3,278.15,GdnHCl,destabilizing,10360367.0,Fluorescence,A,27
2ABD,Y28N,2.47,5.3,278.15,GdnHCl,destabilizing,10360367.0,Fluorescence,A,27
2ABD,K32R,2.22,5.3,278.15,GdnHCl,destabilizing,10360367.0,Fluorescence,A,31
2ABD,L25A,2.02,5.3,278.15,GdnHCl,destabilizing,10360367.0,Fluorescence,A,24
2ABD,A9G,2.0,5.3,278.15,GdnHCl,destabilizing,10360367.0,Fluorescence,A,8
2ABD,K32A,1.61,5.3,278.15,GdnHCl,destabilizing,10360367.0,Fluorescence,A,31
2ABD,V77A,1.54,5.3,278.15,GdnHCl,destabilizing,10360367.0,Fluorescence,A,76
2ABD,V12A,1.5,5.3,278.15,GdnHCl,destabilizing,10360367.0,Fluorescence,A,11
2ABD,K32E,1.47,5.3,278.15,GdnHCl,destabilizing,10360367.0,Fluorescence,A,31
2ABD,K54A,1.41,5.3,278.15,GdnHCl,destabilizing,10360367.0,Fluorescence,A,53
2ABD,T35A,1.28,5.3,278.15,GdnHCl,destabilizing,10360367.0,Fluorescence,A,34
2ABD,Y28F,1.26,5.3,278.15,GdnHCl,destabilizing,10360367.0,Fluorescence,A,27
2ABD,P44A,1.23,5.3,278.15,GdnHCl,destabilizing,10360367.0,Fluorescence,A,43
2ABD,A34G,1.08,5.3,278.15,GdnHCl,destabilizing,10360367.0,Fluorescence,A,33
2ABD,Y31N,0.97,5.3,278.15,GdnHCl,destabilizing,10360367.0,Fluorescence,A,30
2ABD,P19A,0.91,5.3,278.15,GdnHCl,destabilizing,10360367.0,Fluorescence,A,18
2ABD,E67A,0.8,5.3,278.15,GdnHCl,destabilizing,10360367.0,Fluorescence,A,66
2ABD,D21A,0.4,5.3,278.15,GdnHCl,destabilizing,10360367.0,Fluorescence,A,20
2ABD,K54M,0.22,5.3,278.15,GdnHCl,destabilizing,10360367.0,Fluorescence,A,53
2ABD,F26A,1.53,5.3,278.15,GdnHCl,destabilizing,10360367.0,Fluorescence,A,25
2ABD,I39A,1.06,5.3,278.15,GdnHCl,destabilizing,10360367.0,Fluorescence,A,38
2ABD,A69G,1.55,5.3,278.15,GdnHCl,destabilizing,10360367.0,Fluorescence,A,68
2ABD,I74A,1.34,5.3,278.15,GdnHCl,destabilizing,10360367.0,Fluorescence,A,73
2ABD,Y73F,-0.03,5.3,278.15,GdnHCl,stabilizing,10360367.0,Fluorescence,A,72
2ABD,K52M,-0.48,5.3,278.15,GdnHCl,stabilizing,10360367.0,Fluorescence,A,51
1YCC,C102T,-0.8,6.0,330.25,Thermal,stabilizing,10366726.0,DSC,A,105
1YCC,C102T,-0.5,4.7,324.55,Thermal,stabilizing,10366726.0,DSC,A,105
1FLV,H34A,-1.77,8.5,298.15,Urea,stabilizing,10388575.0,Fluorescence,A,32
1FLV,Y47F,-1.07,8.5,298.15,Urea,stabilizing,10388575.0,Fluorescence,A,45
1FLV,H34A,-0.83,6.0,298.15,Urea,stabilizing,10388575.0,Fluorescence,A,32
1FLV,Y47F,-0.59,6.0,298.15,Urea,stabilizing,10388575.0,Fluorescence,A,45
1FLV,F7L,-0.04,6.0,298.15,Urea,stabilizing,10388575.0,Fluorescence,A,5
1FLV,F7L,0.23,8.5,298.15,Urea,destabilizing,10388575.0,Fluorescence,A,5
1P2P,H48N,2.28,7.0,293.15,GdnHCl,destabilizing,10388847.0,Fluorescence,A,47
1P2P,H48Q,1.03,7.0,293.15,GdnHCl,destabilizing,10388847.0,Fluorescence,A,47
1P2P,H48K,3.21,7.0,293.15,GdnHCl,destabilizing,10388847.0,Fluorescence,A,47
1QND,C71S,1.91,6.8,293.15,GdnHCl,destabilizing,10407148.0,CD,A,70
1PDO,W12F,-3.59,7.4,295.15,GdnHCl,stabilizing,10422843.0,Fluorescence,A,10
1PDO,W33F,2.15,7.4,295.15,GdnHCl,destabilizing,10422843.0,Fluorescence,A,31
1PDO,W69F,4.3,7.4,295.15,GdnHCl,destabilizing,10422843.0,Fluorescence,A,67
1BVC,E18A,-0.7,4.0,298.15,Urea,stabilizing,10423259.0,CD,A,17
1BVC,E4A,-0.7,4.0,298.15,Urea,stabilizing,10423259.0,CD,A,3
1BVC,K56A,-0.25,4.0,298.15,Urea,stabilizing,10423259.0,CD,A,55
1BVC,D44A,-0.2,4.0,298.15,Urea,stabilizing,10423259.0,Fluorescence,A,43
1BVC,D60A,-0.15,4.0,298.15,Urea,stabilizing,10423259.0,Fluorescence,A,59
1BVC,K77A,-0.02,4.0,298.15,Urea,stabilizing,10423259.0,Fluorescence,A,76
1HFZ,H32Y,-0.071770335,7.4,298.15,Thermal,stabilizing,10436084.0,CD,A,32
1HFZ,H32A,2.129186603,7.4,298.15,Thermal,destabilizing,10436084.0,CD,A,32
1HFZ,L110H,-1.387559809,7.4,298.15,Thermal,stabilizing,10436084.0,CD,A,110
1HFZ,L110R,-0.43062201,7.4,298.15,Thermal,stabilizing,10436084.0,CD,A,110
1HFZ,L110E,0.19138756,7.4,298.15,Thermal,destabilizing,10436084.0,CD,A,110
1HFZ,Q117A,0.956937799,7.4,298.15,Thermal,destabilizing,10436084.0,CD,A,117
1HFZ,W118Y,1.172248804,7.4,298.15,Thermal,destabilizing,10436084.0,CD,A,118
1HFZ,W118H,0.5980861239999999,7.4,298.15,Thermal,destabilizing,10436084.0,CD,A,118
1HFZ,A106S,1.052631579,7.4,298.15,Thermal,destabilizing,10436084.0,CD,A,106
1HFZ,H107Y,0.19138756,7.4,298.15,Thermal,destabilizing,10436084.0,CD,A,107
1HFZ,H107A,0.7894736840000001,7.4,298.15,Thermal,destabilizing,10436084.0,CD,A,107
1HFZ,H107W,1.722488038,7.4,298.15,Thermal,destabilizing,10436084.0,CD,A,107
1HFZ,K114N,-2.655502392,7.4,298.15,Thermal,stabilizing,10436084.0,CD,A,114
1HFZ,K114Q,0.5980861239999999,7.4,298.15,Thermal,destabilizing,10436084.0,CD,A,114
1HFZ,K114E,0.645933014,7.4,298.15,Thermal,destabilizing,10436084.0,CD,A,114
1HFZ,V42N,0.23923445,7.4,298.15,Thermal,destabilizing,10436084.0,CD,A,42
1HFZ,V42A,0.933014354,7.4,298.15,Thermal,destabilizing,10436084.0,CD,A,42
1HFZ,V42G,1.148325359,7.4,298.15,Thermal,destabilizing,10436084.0,CD,A,42
1HFZ,Q54A,0.406698565,7.4,298.15,Thermal,destabilizing,10436084.0,CD,A,54
1HFZ,I59W,0.933014354,7.4,298.15,Thermal,destabilizing,10436084.0,CD,A,59
1HFZ,Y103P,0.215311005,7.4,298.15,Thermal,destabilizing,10436084.0,CD,A,103
1HFZ,Y103A,2.392344498,7.4,298.15,Thermal,destabilizing,10436084.0,CD,A,103
1HFZ,W104Y,2.440191388,7.4,298.15,Thermal,destabilizing,10436084.0,CD,A,104
1FKJ,V2A,2.43,7.5,298.15,Urea,destabilizing,10438631.0,Fluorescence,A,1
1FKJ,V4A,2.78,7.5,298.15,Urea,destabilizing,10438631.0,Fluorescence,A,3
1FKJ,I7V,0.92,7.5,298.15,Urea,destabilizing,10438631.0,Fluorescence,A,6
1FKJ,T21A,1.6,7.5,298.15,Urea,destabilizing,10438631.0,Fluorescence,A,20
1FKJ,T21S,1.44,7.5,298.15,Urea,destabilizing,10438631.0,Fluorescence,A,20
1FKJ,T21V,-0.86,7.5,298.15,Urea,stabilizing,10438631.0,Fluorescence,A,20
1FKJ,V23A,2.97,7.5,298.15,Urea,destabilizing,10438631.0,Fluorescence,A,22
1FKJ,V24A,3.19,7.5,298.15,Urea,destabilizing,10438631.0,Fluorescence,A,23
1FKJ,T27A,1.97,7.5,298.15,Urea,destabilizing,10438631.0,Fluorescence,A,26
1FKJ,T27S,1.49,7.5,298.15,Urea,destabilizing,10438631.0,Fluorescence,A,26
1FKJ,T27V,-0.23,7.5,298.15,Urea,stabilizing,10438631.0,Fluorescence,A,26
1FKJ,F36A,3.54,7.5,298.15,Urea,destabilizing,10438631.0,Fluorescence,A,35
1FKJ,L50A,2.57,7.5,298.15,Urea,destabilizing,10438631.0,Fluorescence,A,49
1FKJ,V55A,2.13,7.5,298.15,Urea,destabilizing,10438631.0,Fluorescence,A,54
1FKJ,I56A,2.48,7.5,298.15,Urea,destabilizing,10438631.0,Fluorescence,A,55
1FKJ,I56T,1.81,7.5,298.15,Urea,destabilizing,10438631.0,Fluorescence,A,55
1FKJ,I56D,3.16,7.5,298.15,Urea,destabilizing,10438631.0,Fluorescence,A,55
1FKJ,R57A,0.81,7.5,298.15,Urea,destabilizing,10438631.0,Fluorescence,A,56
1FKJ,R57G,2.29,7.5,298.15,Urea,destabilizing,10438631.0,Fluorescence,A,56
1FKJ,E60A,2.13,7.5,298.15,Urea,destabilizing,10438631.0,Fluorescence,A,59
1FKJ,E60G,2.84,7.5,298.15,Urea,destabilizing,10438631.0,Fluorescence,A,59
1FKJ,E61A,0.84,7.5,298.15,Urea,destabilizing,10438631.0,Fluorescence,A,60
1FKJ,E61G,2.49,7.5,298.15,Urea,destabilizing,10438631.0,Fluorescence,A,60
1FKJ,V63A,2.97,7.5,298.15,Urea,destabilizing,10438631.0,Fluorescence,A,62
1FKJ,T75A,2.6,7.5,298.15,Urea,destabilizing,10438631.0,Fluorescence,A,74
1FKJ,T75V,0.81,7.5,298.15,Urea,destabilizing,10438631.0,Fluorescence,A,74
1FKJ,I76V,0.76,7.5,298.15,Urea,destabilizing,10438631.0,Fluorescence,A,75
1FKJ,I76A,3.81,7.5,298.15,Urea,destabilizing,10438631.0,Fluorescence,A,75
1FKJ,I91V,0.38,7.5,298.15,Urea,destabilizing,10438631.0,Fluorescence,A,90
1FKJ,I91A,1.54,7.5,298.15,Urea,destabilizing,10438631.0,Fluorescence,A,90
1FKJ,L97A,3.56,7.5,298.15,Urea,destabilizing,10438631.0,Fluorescence,A,96
1FKJ,V98A,2.16,7.5,298.15,Urea,destabilizing,10438631.0,Fluorescence,A,97
1FKJ,V101A,2.75,7.5,298.15,Urea,destabilizing,10438631.0,Fluorescence,A,100
1FKJ,L106A,2.32,7.5,298.15,Urea,destabilizing,10438631.0,Fluorescence,A,105
2RN2,D10A,-3.3,5.5,298.15,Urea,stabilizing,10467093.0,CD,A,9
2RN2,I53A,2.1,5.5,298.15,Urea,destabilizing,10467093.0,CD,A,52
2RN2,Q105G,2.2,5.5,298.15,Urea,destabilizing,10467093.0,CD,A,104
2RN2,R27A,2.2,5.5,298.15,Urea,destabilizing,10467093.0,CD,A,26
2RN2,Q105G,-0.15,5.5,320.95,Thermal,destabilizing,10467093.0,CD,A,104
2RN2,D10A,1.34,5.5,320.95,Thermal,destabilizing,10467093.0,CD,A,9
2RN2,R27A,1.34,5.5,320.95,Thermal,destabilizing,10467093.0,CD,A,26
2RN2,I53A,4.67,5.5,320.95,Thermal,destabilizing,10467093.0,CD,A,52
1FKJ,I76V,0.76,7.5,298.15,Urea,destabilizing,10467094.0,Fluorescence,A,75
1FKJ,R57A,0.81,7.5,298.15,Urea,destabilizing,10467094.0,Fluorescence,A,56
1FKJ,E61A,0.84,7.5,298.15,Urea,destabilizing,10467094.0,Fluorescence,A,60
1FKJ,I7V,0.92,7.5,298.15,Urea,destabilizing,10467094.0,Fluorescence,A,6
1FKJ,E60A,2.12,7.5,298.15,Urea,destabilizing,10467094.0,Fluorescence,A,59
1FKJ,V98A,2.15,7.5,298.15,Urea,destabilizing,10467094.0,Fluorescence,A,97
1FKJ,R57G,2.28,7.5,298.15,Urea,destabilizing,10467094.0,Fluorescence,A,56
1FKJ,E61G,2.48,7.5,298.15,Urea,destabilizing,10467094.0,Fluorescence,A,60
1FKJ,V101A,2.73,7.5,298.15,Urea,destabilizing,10467094.0,Fluorescence,A,100
1FKJ,E60G,2.83,7.5,298.15,Urea,destabilizing,10467094.0,Fluorescence,A,59
1FKJ,V63A,2.96,7.5,298.15,Urea,destabilizing,10467094.0,Fluorescence,A,62
1FKJ,L97A,3.54,7.5,298.15,Urea,destabilizing,10467094.0,Fluorescence,A,96
1STN,M26G,0.9,5.2,298.15,GdnHCl,destabilizing,10467101.0,Fluorescence,A,20
1STN,E75A,1.7,5.6,298.15,GdnHCl,destabilizing,10467101.0,Fluorescence,A,69
1STN,D77A,1.7,5.2,298.15,GdnHCl,destabilizing,10467101.0,Fluorescence,A,71
1STN,V23A,1.8,5.2,298.15,GdnHCl,destabilizing,10467101.0,Fluorescence,A,17
1STN,E75A,2.0,5.2,298.15,GdnHCl,destabilizing,10467101.0,Fluorescence,A,69
1STN,V23A,2.1,5.6,298.15,GdnHCl,destabilizing,10467101.0,Fluorescence,A,17
1STN,E75A,2.2,7.0,293.15,GdnHCl,destabilizing,10467101.0,Fluorescence,A,69
1STN,M26G,2.2,7.0,293.15,GdnHCl,destabilizing,10467101.0,Fluorescence,A,20
1STN,V23A,2.9,7.0,293.15,GdnHCl,destabilizing,10467101.0,Fluorescence,A,17
1STN,D77A,3.1,7.0,293.15,GdnHCl,destabilizing,10467101.0,Fluorescence,A,71
1STN,M26G,3.1,5.6,298.15,GdnHCl,destabilizing,10467101.0,Fluorescence,A,20
1STN,D77A,3.6,5.6,298.15,GdnHCl,destabilizing,10467101.0,Fluorescence,A,71
1LZ1,A32L,0.09569378,2.7,338.05,Thermal,destabilizing,10469827.0,DSC,A,31
1LZ1,E35L,0.526315789,2.7,338.05,Thermal,destabilizing,10469827.0,DSC,A,34
1LZ1,G37Q,0.263157895,2.7,338.05,Thermal,destabilizing,10469827.0,DSC,A,36
1LZ1,R50G,-0.263157895,2.7,338.05,Thermal,stabilizing,10469827.0,DSC,A,49
1LZ1,Q58G,-1.866028708,2.7,338.05,Thermal,stabilizing,10469827.0,DSC,A,57
1LZ1,V74S,0.38277512,2.7,338.05,Thermal,destabilizing,10469827.0,DSC,A,73
1LZ1,H78G,0.119617225,2.7,338.05,Thermal,destabilizing,10469827.0,DSC,A,77
1LZ1,A96M,-0.023923445,2.7,338.05,Thermal,stabilizing,10469827.0,DSC,A,95
1LZ1,V100F,1.6507177030000002,2.7,338.05,Thermal,destabilizing,10469827.0,DSC,A,99
3BLS,Y150F,0.7,6.8,327.75,Thermal,destabilizing,10493583.0,CD (far-UV),A,146
3BLS,Y150F,1.0,6.8,298.15,GdnHCl,destabilizing,10493583.0,CD,A,146
1RN1,D49A,0.5,7.0,298.15,Urea,destabilizing,10493585.0,CD,A,47
1RN1,D49A,-0.4,2.5,298.15,Urea,stabilizing,10493585.0,CD,A,47
1RGG,D25K,0.9,7.0,320.35,Thermal,destabilizing,10493585.0,CD,A,24
1RGG,E74K,1.1,7.0,320.35,Thermal,destabilizing,10493585.0,CD,A,73
1NM1,D187N,0.88,7.2,298.15,Urea,destabilizing,10500162.0,Fluorescence,A,175
1NM1,D187Y,1.9,7.2,288.15,Urea,destabilizing,10500162.0,Fluorescence,A,175
1LZ1,T40A,1.50473,2.7,338.05,Thermal,destabilizing,10504240.0,DSC,A,39
1LZ1,T70A,1.480845,2.7,338.05,Thermal,destabilizing,10504240.0,DSC,A,69
1LZ1,T40V,1.337538,2.7,338.05,Thermal,destabilizing,10504240.0,DSC,A,39
1LZ1,T52A,0.907615,2.7,338.05,Thermal,destabilizing,10504240.0,DSC,A,51
1LZ1,T52V,0.8598459999999999,2.7,338.05,Thermal,destabilizing,10504240.0,DSC,A,51
1LZ1,T70V,0.692653,2.7,338.05,Thermal,destabilizing,10504240.0,DSC,A,69
1LZ1,T43A,0.358269,2.7,338.05,Thermal,destabilizing,10504240.0,DSC,A,42
1LZ1,T11V,-0.3105,2.7,338.05,Thermal,stabilizing,10504240.0,DSC,A,10
1LZ1,T11A,-0.382154,2.7,338.05,Thermal,stabilizing,10504240.0,DSC,A,10
1LZ1,T43V,-0.955384,2.7,338.05,Thermal,stabilizing,10504240.0,DSC,A,42
5AZU,I7S,3.0,7.2,293.15,GdnHCl,destabilizing,10504393.0,"CD, Fluorescence",A,6
5AZU,F110S,3.7,7.2,293.15,GdnHCl,destabilizing,10504393.0,"CD, Fluorescence",A,109
1CYO,V61Y,1.3375376,7.0,298.15,Urea,destabilizing,10508399.0,Abs,A,60
1CYO,V61K,2.38846,7.0,298.15,Urea,destabilizing,10508399.0,Abs,A,60
1CYO,V61H,1.6002682,7.0,298.15,Urea,destabilizing,10508399.0,Abs,A,60
1CYO,V61E,1.0509224,7.0,298.15,Urea,destabilizing,10508399.0,Abs,A,60
1CYO,V61Y,1.2897684,7.0,340.35,Thermal,destabilizing,10508399.0,Abs,A,60
1CYO,V61K,2.3406908,7.0,340.35,Thermal,destabilizing,10508399.0,Abs,A,60
1CYO,V61H,1.6241528,7.0,340.35,Thermal,destabilizing,10508399.0,Abs,A,60
1CYO,V61E,1.0986916000000002,7.0,340.35,Thermal,destabilizing,10508399.0,Abs,A,60
2LZM,E108V,-1.2,3.0,324.85,Thermal,stabilizing,10512706.0,CD,A,107
2LZM,L99A,4.6,3.0,324.85,Thermal,destabilizing,10512706.0,CD,A,98
2LZM,L99G,7.4,3.0,324.85,Thermal,destabilizing,10512706.0,CD,A,98
2LZM,E108V,-0.7,5.4,338.35,Thermal,stabilizing,10512706.0,CD,A,107
2LZM,L99A,4.0,5.4,338.35,Thermal,destabilizing,10512706.0,CD,A,98
2LZM,L99G,6.3,5.4,338.35,Thermal,destabilizing,10512706.0,CD,A,98
1MBG,V103A,2.3205741630000003,7.5,298.15,Thermal,destabilizing,10525414.0,CD,A,13
1MBG,V103I,-0.6937799040000001,7.5,298.15,Thermal,stabilizing,10525414.0,CD,A,13
1MBG,V103L,-2.440191388,7.5,298.15,Thermal,stabilizing,10525414.0,CD,A,13
1MBG,V103A,2.32,7.5,312.75,Thermal,destabilizing,10525414.0,CD,A,13
1MBG,V103I,-0.69,7.5,312.75,Thermal,stabilizing,10525414.0,CD,A,13
1MBG,V103L,-2.44,7.5,312.75,Thermal,stabilizing,10525414.0,CD,A,13
1RN1,D76S,3.1,7.0,323.95,Thermal,destabilizing,10529213.0,DSC,A,74
1RN1,D76A,3.8,7.0,323.95,Thermal,destabilizing,10529213.0,DSC,A,74
1RN1,D76N,3.51,7.0,298.15,Urea,destabilizing,10529213.0,DSC,A,74
1RN1,D76N,3.19,7.0,293.15,Urea,destabilizing,10529213.0,DSC,A,74
1RN1,D76N,3.09,7.0,288.15,Urea,destabilizing,10529213.0,DSC,A,74
1RN1,D76N,2.87,7.0,283.15,Urea,destabilizing,10529213.0,DSC,A,74
1RN1,D76N,2.77,7.0,278.15,Urea,destabilizing,10529213.0,DSC,A,74
1RN1,D76N,3.1,7.0,323.95,Thermal,destabilizing,10529213.0,DSC,A,74
1RN1,D76S,3.3,7.0,288.15,Urea,destabilizing,10529213.0,DSC,A,74
1RN1,D76A,3.7,7.0,288.15,Urea,destabilizing,10529213.0,DSC,A,74
1APS,Y11F,-0.43062201,5.5,301.15,Urea,stabilizing,10542090.0,Fluorescence,A,10
1APS,Y11I,2.224880383,5.5,301.15,Urea,destabilizing,10542090.0,Fluorescence,A,10
1APS,V13A,2.631578947,5.5,301.15,Urea,destabilizing,10542090.0,Fluorescence,A,12
1APS,V17A,1.842105263,5.5,301.15,Urea,destabilizing,10542090.0,Fluorescence,A,16
1APS,V20A,0.28708134,5.5,301.15,Urea,destabilizing,10542090.0,Fluorescence,A,19
1APS,F22L,1.291866029,5.5,301.15,Urea,destabilizing,10542090.0,Fluorescence,A,21
1APS,Y25A,0.23923445,5.5,301.15,Urea,destabilizing,10542090.0,Fluorescence,A,24
1APS,E29D,3.468899522,5.5,301.15,Urea,destabilizing,10542090.0,Fluorescence,A,28
1APS,A30G,1.6507177030000002,5.5,301.15,Urea,destabilizing,10542090.0,Fluorescence,A,29
1APS,V36A,2.535885167,5.5,301.15,Urea,destabilizing,10542090.0,Fluorescence,A,35
1APS,W38F,0.023923445,5.5,301.15,Urea,destabilizing,10542090.0,Fluorescence,A,37
1APS,V39A,1.626794258,5.5,301.15,Urea,destabilizing,10542090.0,Fluorescence,A,38
1APS,T42A,1.842105263,5.5,301.15,Urea,destabilizing,10542090.0,Fluorescence,A,41
1APS,G45A,1.722488038,5.5,301.15,Urea,destabilizing,10542090.0,Fluorescence,A,44
1APS,V47A,1.866028708,5.5,301.15,Urea,destabilizing,10542090.0,Fluorescence,A,46
1APS,V51A,1.889952153,5.5,301.15,Urea,destabilizing,10542090.0,Fluorescence,A,50
1APS,P54A,0.454545455,5.5,301.15,Urea,destabilizing,10542090.0,Fluorescence,A,53
1APS,M61A,3.971291866,5.5,301.15,Urea,destabilizing,10542090.0,Fluorescence,A,60
1APS,W64A,1.507177033,5.5,301.15,Urea,destabilizing,10542090.0,Fluorescence,A,63
1APS,L65V,5.358851675,5.5,301.15,Urea,destabilizing,10542090.0,Fluorescence,A,64
1APS,P71A,1.6028708130000002,5.5,301.15,Urea,destabilizing,10542090.0,Fluorescence,A,70
1APS,I75V,1.411483254,5.5,301.15,Urea,destabilizing,10542090.0,Fluorescence,A,74
1APS,T78S,1.411483254,5.5,301.15,Urea,destabilizing,10542090.0,Fluorescence,A,77
1APS,E83D,1.507177033,5.5,301.15,Urea,destabilizing,10542090.0,Fluorescence,A,82
1APS,I86V,1.770334928,5.5,301.15,Urea,destabilizing,10542090.0,Fluorescence,A,85
1APS,L89A,1.674641148,5.5,301.15,Urea,destabilizing,10542090.0,Fluorescence,A,88
1APS,F94L,4.330143541,5.5,301.15,Urea,destabilizing,10542090.0,Fluorescence,A,93
4HXJ,T85A,0.64,6.0,295.15,GdnHCl,destabilizing,10542092.0,"CD, Fluorescence",A,3
4HXJ,F86A,0.84,6.0,295.15,GdnHCl,destabilizing,10542092.0,"CD, Fluorescence",A,4
4HXJ,F86I,1.65,6.0,295.15,GdnHCl,destabilizing,10542092.0,"CD, Fluorescence",A,4
4HXJ,V87A,1.64,6.0,295.15,GdnHCl,destabilizing,10542092.0,"CD, Fluorescence",A,5
4HXJ,A88G,1.0,6.0,295.15,GdnHCl,destabilizing,10542092.0,"CD, Fluorescence",A,6
4HXJ,L89A,1.49,6.0,295.15,GdnHCl,destabilizing,10542092.0,"CD, Fluorescence",A,7
4HXJ,Y90A,0.31,6.0,295.15,GdnHCl,destabilizing,10542092.0,"CD, Fluorescence",A,8
4HXJ,D91A,0.43,6.0,295.15,GdnHCl,destabilizing,10542092.0,"CD, Fluorescence",A,9
4HXJ,Y92A,-0.26,6.0,295.15,GdnHCl,stabilizing,10542092.0,"CD, Fluorescence",A,10
4HXJ,Y92F,0.18,6.0,295.15,GdnHCl,destabilizing,10542092.0,"CD, Fluorescence",A,10
4HXJ,S94A,-0.52,6.0,295.15,GdnHCl,stabilizing,10542092.0,"CD, Fluorescence",A,12
4HXJ,R95A,0.07,6.0,295.15,GdnHCl,destabilizing,10542092.0,"CD, Fluorescence",A,13
4HXJ,T96A,-0.06,6.0,295.15,GdnHCl,stabilizing,10542092.0,"CD, Fluorescence",A,14
4HXJ,T98A,0.01,6.0,295.15,GdnHCl,destabilizing,10542092.0,"CD, Fluorescence",A,16
4HXJ,D99A,0.56,6.0,295.15,GdnHCl,destabilizing,10542092.0,"CD, Fluorescence",A,17
4HXJ,L100A,1.79,6.0,295.15,GdnHCl,destabilizing,10542092.0,"CD, Fluorescence",A,18
4HXJ,S101A,0.82,6.0,295.15,GdnHCl,destabilizing,10542092.0,"CD, Fluorescence",A,19
4HXJ,F102A,1.97,6.0,295.15,GdnHCl,destabilizing,10542092.0,"CD, Fluorescence",A,20
4HXJ,K103A,0.44,6.0,295.15,GdnHCl,destabilizing,10542092.0,"CD, Fluorescence",A,21
4HXJ,K104A,0.09,6.0,295.15,GdnHCl,destabilizing,10542092.0,"CD, Fluorescence",A,22
4HXJ,G105A,1.66,6.0,295.15,GdnHCl,destabilizing,10542092.0,"CD, Fluorescence",A,23
4HXJ,E106A,1.94,6.0,295.15,GdnHCl,destabilizing,10542092.0,"CD, Fluorescence",A,24
4HXJ,R107A,0.32,6.0,295.15,GdnHCl,destabilizing,10542092.0,"CD, Fluorescence",A,25
4HXJ,L108A,2.26,6.0,295.15,GdnHCl,destabilizing,10542092.0,"CD, Fluorescence",A,26
4HXJ,L108V,1.21,6.0,295.15,GdnHCl,destabilizing,10542092.0,"CD, Fluorescence",A,26
4HXJ,Q109A,0.21,6.0,295.15,GdnHCl,destabilizing,10542092.0,"CD, Fluorescence",A,27
4HXJ,I110A,0.32,6.0,295.15,GdnHCl,destabilizing,10542092.0,"CD, Fluorescence",A,28
4HXJ,I110V,0.09,6.0,295.15,GdnHCl,destabilizing,10542092.0,"CD, Fluorescence",A,28
4HXJ,V111A,0.77,6.0,295.15,GdnHCl,destabilizing,10542092.0,"CD, Fluorescence",A,29
4HXJ,N112A,0.2,6.0,295.15,GdnHCl,destabilizing,10542092.0,"CD, Fluorescence",A,30
4HXJ,N113A,-0.07,6.0,295.15,GdnHCl,stabilizing,10542092.0,"CD, Fluorescence",A,31
4HXJ,G116A,0.28,6.0,295.15,GdnHCl,destabilizing,10542092.0,"CD, Fluorescence",A,34
4HXJ,W118A,1.29,6.0,295.15,GdnHCl,destabilizing,10542092.0,"CD, Fluorescence",A,36
4HXJ,W119A,1.2,6.0,295.15,GdnHCl,destabilizing,10542092.0,"CD, Fluorescence",A,37
4HXJ,W119I,0.77,6.0,295.15,GdnHCl,destabilizing,10542092.0,"CD, Fluorescence",A,37
4HXJ,L120A,1.64,6.0,295.15,GdnHCl,destabilizing,10542092.0,"CD, Fluorescence",A,38
4HXJ,A121G,0.92,6.0,295.15,GdnHCl,destabilizing,10542092.0,"CD, Fluorescence",A,39
4HXJ,H122A,0.62,6.0,295.15,GdnHCl,destabilizing,10542092.0,"CD, Fluorescence",A,40
4HXJ,S123A,1.46,6.0,295.15,GdnHCl,destabilizing,10542092.0,"CD, Fluorescence",A,41
4HXJ,L124A,0.61,6.0,295.15,GdnHCl,destabilizing,10542092.0,"CD, Fluorescence",A,42
4HXJ,S125A,-0.18,6.0,295.15,GdnHCl,stabilizing,10542092.0,"CD, Fluorescence",A,43
4HXJ,T126A,1.79,6.0,295.15,GdnHCl,destabilizing,10542092.0,"CD, Fluorescence",A,44
4HXJ,G127A,1.21,6.0,295.15,GdnHCl,destabilizing,10542092.0,"CD, Fluorescence",A,45
4HXJ,Q128A,0.35,6.0,295.15,GdnHCl,destabilizing,10542092.0,"CD, Fluorescence",A,46
4HXJ,T129A,1.11,6.0,295.15,GdnHCl,destabilizing,10542092.0,"CD, Fluorescence",A,47
4HXJ,G130A,1.81,6.0,295.15,GdnHCl,destabilizing,10542092.0,"CD, Fluorescence",A,48
4HXJ,Y131A,1.52,6.0,295.15,GdnHCl,destabilizing,10542092.0,"CD, Fluorescence",A,49
4HXJ,I132A,1.84,6.0,295.15,GdnHCl,destabilizing,10542092.0,"CD, Fluorescence",A,50
4HXJ,P133A,1.36,6.0,295.15,GdnHCl,destabilizing,10542092.0,"CD, Fluorescence",A,51
4HXJ,S134A,-0.24,6.0,295.15,GdnHCl,stabilizing,10542092.0,"CD, Fluorescence",A,52
4HXJ,N135A,0.14,6.0,295.15,GdnHCl,destabilizing,10542092.0,"CD, Fluorescence",A,53
4HXJ,Y136A,-0.23,6.0,295.15,GdnHCl,stabilizing,10542092.0,"CD, Fluorescence",A,54
4HXJ,V137A,1.18,6.0,295.15,GdnHCl,destabilizing,10542092.0,"CD, Fluorescence",A,55
4HXJ,A138G,0.53,6.0,295.15,GdnHCl,destabilizing,10542092.0,"CD, Fluorescence",A,56
4HXJ,P139A,0.14,6.0,295.15,GdnHCl,destabilizing,10542092.0,"CD, Fluorescence",A,57
4HXJ,S140A,-0.44,6.0,295.15,GdnHCl,stabilizing,10542092.0,"CD, Fluorescence",A,58
4HXJ,D141A,-0.13,6.0,295.15,GdnHCl,stabilizing,10542092.0,"CD, Fluorescence",A,59
1L63,I50M,0.4,5.4,338.45,Thermal,destabilizing,10545167.0,"CD, Fluorescence",A,49
1L63,F104M,0.4,5.4,338.45,Thermal,destabilizing,10545167.0,"CD, Fluorescence",A,103
1L63,V111M,0.7,5.4,338.45,Thermal,destabilizing,10545167.0,"CD, Fluorescence",A,110
1L63,V111A,1.0,5.4,338.45,Thermal,destabilizing,10545167.0,"CD, Fluorescence",A,110
1L63,L66M,1.0,5.4,338.45,Thermal,destabilizing,10545167.0,"CD, Fluorescence",A,65
1L63,I78A,1.2,5.4,338.45,Thermal,destabilizing,10545167.0,"CD, Fluorescence",A,77
1L63,V87A,1.5,5.4,338.45,Thermal,destabilizing,10545167.0,"CD, Fluorescence",A,86
1L63,M6A,1.6,5.4,338.45,Thermal,destabilizing,10545167.0,"CD, Fluorescence",A,5
1L63,I50A,1.6,5.4,338.45,Thermal,destabilizing,10545167.0,"CD, Fluorescence",A,49
1L63,V103A,1.6,5.4,338.45,Thermal,destabilizing,10545167.0,"CD, Fluorescence",A,102
1L63,I100M,1.6,5.4,338.45,Thermal,destabilizing,10545167.0,"CD, Fluorescence",A,99
1L63,M106A,1.9,5.4,338.45,Thermal,destabilizing,10545167.0,"CD, Fluorescence",A,105
1L63,A129M,1.9,5.4,338.45,Thermal,destabilizing,10545167.0,"CD, Fluorescence",A,128
1L63,L33M,2.0,5.4,338.45,Thermal,destabilizing,10545167.0,"CD, Fluorescence",A,32
1L63,L121A,2.2,5.4,338.45,Thermal,destabilizing,10545167.0,"CD, Fluorescence",A,120
1L63,I17M,2.2,5.4,338.45,Thermal,destabilizing,10545167.0,"CD, Fluorescence",A,16
1L63,L7A,2.3,5.4,338.45,Thermal,destabilizing,10545167.0,"CD, Fluorescence",A,6
1L63,I17A,2.3,5.4,338.45,Thermal,destabilizing,10545167.0,"CD, Fluorescence",A,16
1L63,V87M,2.3,5.4,338.45,Thermal,destabilizing,10545167.0,"CD, Fluorescence",A,86
1L63,I100A,2.5,5.4,338.45,Thermal,destabilizing,10545167.0,"CD, Fluorescence",A,99
1L63,L91A,2.6,5.4,338.45,Thermal,destabilizing,10545167.0,"CD, Fluorescence",A,90
1L63,F104A,2.7,5.4,338.45,Thermal,destabilizing,10545167.0,"CD, Fluorescence",A,103
1L63,V149M,2.8,5.4,338.45,Thermal,destabilizing,10545167.0,"CD, Fluorescence",A,148
1L63,L33A,2.9,5.4,338.45,Thermal,destabilizing,10545167.0,"CD, Fluorescence",A,32
1L63,M102A,2.9,5.4,338.45,Thermal,destabilizing,10545167.0,"CD, Fluorescence",A,101
1L63,I27M,3.1,5.4,338.45,Thermal,destabilizing,10545167.0,"CD, Fluorescence",A,26
1L63,L118A,3.2,5.4,338.45,Thermal,destabilizing,10545167.0,"CD, Fluorescence",A,117
1L63,V149A,3.2,5.4,338.45,Thermal,destabilizing,10545167.0,"CD, Fluorescence",A,148
1L63,L66A,3.3,5.4,338.45,Thermal,destabilizing,10545167.0,"CD, Fluorescence",A,65
1L63,F153A,3.4,5.4,338.45,Thermal,destabilizing,10545167.0,"CD, Fluorescence",A,152
1L63,L84A,3.7,5.4,338.45,Thermal,destabilizing,10545167.0,"CD, Fluorescence",A,83
1L63,L99A,4.1,5.4,338.45,Thermal,destabilizing,10545167.0,"CD, Fluorescence",A,98
1IOJ,G15A,-0.4,7.6,323.15,Thermal,stabilizing,10548051.0,CD,A,14
1LZ1,I56A,3.7,2.7,338.05,Thermal,destabilizing,10556244.0,DSC,A,55
1LZ1,I56V,1.2,2.7,338.05,Thermal,destabilizing,10556244.0,DSC,A,55
1LZ1,I56L,0.1,2.7,338.05,Thermal,destabilizing,10556244.0,DSC,A,55
1LZ1,I56M,1.77,2.7,338.05,Thermal,destabilizing,10556244.0,DSC,A,55
1LZ1,I56F,4.09,2.7,338.05,Thermal,destabilizing,10556244.0,DSC,A,55
1LZ1,I56T,3.63,2.7,338.05,Thermal,destabilizing,10556244.0,DSC,A,55
1LZ1,I59G,3.82,2.7,338.05,Thermal,destabilizing,10556244.0,DSC,A,58
1LZ1,I59A,1.72,2.7,338.05,Thermal,destabilizing,10556244.0,DSC,A,58
1LZ1,I59V,1.1,2.7,338.05,Thermal,destabilizing,10556244.0,DSC,A,58
1LZ1,I59L,-0.0,2.7,338.05,Thermal,stabilizing,10556244.0,DSC,A,58
1LZ1,I59M,1.29,2.7,338.05,Thermal,destabilizing,10556244.0,DSC,A,58
1LZ1,I59F,0.81,2.7,338.05,Thermal,destabilizing,10556244.0,DSC,A,58
1LZ1,I59S,3.59,2.7,338.05,Thermal,destabilizing,10556244.0,DSC,A,58
1LZ1,I59T,2.22,2.7,338.05,Thermal,destabilizing,10556244.0,DSC,A,58
1LZ1,I59Y,3.78,2.7,338.05,Thermal,destabilizing,10556244.0,DSC,A,58
1AM7,H31D,1.6,7.0,298.15,Thermal,destabilizing,10556513.0,Fluorescence,A,29
1AM7,H48N,5.0,7.0,298.15,Thermal,destabilizing,10556513.0,Fluorescence,A,46
1LZ1,K1M,0.119423,2.7,338.05,Thermal,destabilizing,10561612.0,DSC,A,0
1LZ1,K1A,0.597115,2.7,338.05,Thermal,destabilizing,10561612.0,DSC,A,0
1PGA,T53F,-4.61,5.2,298.15,Thermal,stabilizing,10574793.0,CD,A,52
1PGA,T53Y,-4.29,5.2,336.15,Thermal,stabilizing,10574793.0,CD,A,52
1PGA,T53Y,-4.1,5.2,298.15,Thermal,stabilizing,10574793.0,CD,A,52
1PGA,T53F,-4.1,5.2,336.15,Thermal,stabilizing,10574793.0,CD,A,52
1PGA,T53I,-3.81,5.2,336.15,Thermal,stabilizing,10574793.0,CD,A,52
1PGA,T53V,-3.38,5.2,336.15,Thermal,stabilizing,10574793.0,CD,A,52
1PGA,T53I,-3.3,5.2,298.15,Thermal,stabilizing,10574793.0,CD,A,52
1PGA,T53V,-2.8,5.2,298.15,Thermal,stabilizing,10574793.0,CD,A,52
1PGA,I6N,-2.07,5.2,298.15,Thermal,stabilizing,10574793.0,CD,A,5
1PGA,I6T,-2.0,5.2,298.15,Thermal,stabilizing,10574793.0,CD,A,5
1PGA,I6N,-1.82,5.2,336.15,Thermal,stabilizing,10574793.0,CD,A,5
1PGA,I6T,-1.76,5.2,336.15,Thermal,stabilizing,10574793.0,CD,A,5
1PRE,C159S,2.4,7.4,298.15,Urea,destabilizing,10593978.0,Fluorescence,A,157
1AAR,R42E,-1.626794258,5.0,298.15,Urea,stabilizing,10600102.0,CD,A,41
1AAR,H68Q,-0.550239234,5.0,298.15,Urea,stabilizing,10600102.0,CD,A,67
1AAR,K6E,-0.526315789,5.0,298.15,Urea,stabilizing,10600102.0,CD,A,5
1AAR,K6Q,-0.263157895,5.0,298.15,Urea,stabilizing,10600102.0,CD,A,5
1AAR,H68E,-0.7655502390000001,5.0,298.15,Urea,stabilizing,10600102.0,CD,A,67
1AAR,R72Q,0.33492823,5.0,298.15,Urea,destabilizing,10600102.0,CD,A,71
1AAR,K29N,1.483253589,5.0,298.15,Urea,destabilizing,10600102.0,CD,A,28
1AAR,K29Q,1.674641148,5.0,298.15,Urea,destabilizing,10600102.0,CD,A,28
1AAR,K27Q,1.913875598,5.0,298.15,Urea,destabilizing,10600102.0,CD,A,26
1RN1,A21G,1.1,7.4,298.15,Urea,destabilizing,10600109.0,Fluorescence,A,20
1RN1,G23A,1.2,7.4,298.15,Urea,destabilizing,10600109.0,Fluorescence,A,22
451C,V78I,-0.06,5.0,298.15,GdnHCl,stabilizing,10608805.0,CD,A,77
451C,F7A,-1.1,5.0,323.55,Thermal,stabilizing,10608805.0,CD,A,6
451C,V13M,-0.4,5.0,323.55,Thermal,stabilizing,10608805.0,CD,A,12
451C,F34Y,-1.9,5.0,323.55,Thermal,stabilizing,10608805.0,CD,A,33
451C,Q37R,-0.5,5.0,323.55,Thermal,stabilizing,10608805.0,CD,A,36
451C,E43Y,-0.6,5.0,323.55,Thermal,stabilizing,10608805.0,CD,A,42
451C,V78I,-1.0,5.0,323.55,Thermal,stabilizing,10608805.0,CD,A,77
2LZM,A98C,1.0,3.0,313.15,Thermal,destabilizing,10623513.0,CD,A,97
2LZM,A129F,1.2,3.0,313.15,Thermal,destabilizing,10623513.0,CD,A,128
2LZM,A129L,1.4,3.0,313.15,Thermal,destabilizing,10623513.0,CD,A,128
2LZM,A129M,2.2,3.0,313.15,Thermal,destabilizing,10623513.0,CD,A,128
2LZM,A129W,2.2,3.0,313.15,Thermal,destabilizing,10623513.0,CD,A,128
2LZM,A42V,2.7,3.0,313.15,Thermal,destabilizing,10623513.0,CD,A,41
2LZM,A42I,3.1,3.0,313.15,Thermal,destabilizing,10623513.0,CD,A,41
2LZM,A98V,3.2,3.0,313.15,Thermal,destabilizing,10623513.0,CD,A,97
2LZM,A98M,3.2,3.0,313.15,Thermal,destabilizing,10623513.0,CD,A,97
2LZM,A42L,3.4,3.0,313.15,Thermal,destabilizing,10623513.0,CD,A,41
2LZM,A42F,3.6,3.0,313.15,Thermal,destabilizing,10623513.0,CD,A,41
2LZM,A98L,4.3,3.0,313.15,Thermal,destabilizing,10623513.0,CD,A,97
2LZM,A98I,4.9,3.0,313.15,Thermal,destabilizing,10623513.0,CD,A,97
2LZM,A98W,5.7,3.0,313.15,Thermal,destabilizing,10623513.0,CD,A,97
2LZM,A98F,5.9,3.0,313.15,Thermal,destabilizing,10623513.0,CD,A,97
1HNG,Y76F,1.49,5.0,298.15,Urea,destabilizing,10623553.0,Fluorescence,A,74
1TEN,Y869A,1.88,5.0,298.15,Urea,destabilizing,10623553.0,Fluorescence,A,67
1WIT,Y73F,2.15,7.0,293.15,Urea,destabilizing,10623553.0,Fluorescence,A,72
1TEN,Y869F,3.22,5.0,298.15,Urea,destabilizing,10623553.0,Fluorescence,A,67
1CYO,V45E,2.675075,7.0,339.85,Thermal,destabilizing,10631476.0,Abs,A,44
1CYO,V45E,2.054076,7.0,350.75,Thermal,destabilizing,10631476.0,Abs,A,44
1CYO,V45Y,1.576384,7.0,350.75,Thermal,destabilizing,10631476.0,Abs,A,44
1CYO,V45Y,1.528614,7.0,339.85,Thermal,destabilizing,10631476.0,Abs,A,44
1CYO,V45H,1.385307,7.0,350.75,Thermal,destabilizing,10631476.0,Abs,A,44
1CYO,V45H,1.337538,7.0,339.85,Thermal,destabilizing,10631476.0,Abs,A,44
1CYO,V45G,1.910768,7.0,298.15,Urea,destabilizing,10631476.0,Abs,A,44
1CYO,V45H,1.648037,7.0,298.15,Urea,destabilizing,10631476.0,Abs,A,44
1CYO,V45T,0.955384,7.0,298.15,Urea,destabilizing,10631476.0,Abs,A,44
1YCC,F82Y,0.7,6.0,298.15,Thermal,destabilizing,10631980.0,DSC,A,85
1YCC,F82Y,1.01,6.0,333.15,Thermal,destabilizing,10631980.0,DSC,A,85
1YCC,L85A,2.8,6.0,298.15,Thermal,destabilizing,10631980.0,DSC,A,88
1YCC,L85A,2.9,6.0,333.15,Thermal,destabilizing,10631980.0,DSC,A,88
1TUP,N239Y,-1.37,7.2,283.15,Urea,stabilizing,10654936.0,NMR,A,145
1TUP,G245S,1.22,7.2,283.15,Urea,destabilizing,10654936.0,NMR,A,151
1TUP,R249S,1.69,7.2,283.15,Urea,destabilizing,10654936.0,NMR,A,155
1TUP,V143A,3.34,7.2,283.15,Urea,destabilizing,10654936.0,NMR,A,49
1TUP,H168R,2.75,7.2,283.15,Urea,destabilizing,10654936.0,NMR,A,74
1TUP,N268D,-1.21,7.2,283.15,Urea,stabilizing,10654936.0,NMR,A,174
1TUP,T123A,0.13,7.2,283.15,Urea,destabilizing,10654936.0,NMR,A,29
1RX4,I155V,-0.14,7.8,288.15,Urea,stabilizing,10656786.0,CD,A,154
1RX4,I2V,0.72,7.8,288.15,Urea,destabilizing,10656786.0,CD,A,1
1RX4,I61L,1.46,7.8,288.15,Urea,destabilizing,10656786.0,CD,A,60
1RX4,I61V,1.84,7.8,288.15,Urea,destabilizing,10656786.0,CD,A,60
1RX4,I91L,2.43,7.8,288.15,Urea,destabilizing,10656786.0,CD,A,90
1RX4,I91V,2.49,7.8,288.15,Urea,destabilizing,10656786.0,CD,A,90
1RX4,I94L,0.7,7.8,288.15,Urea,destabilizing,10656786.0,CD,A,93
1RX4,I94V,0.78,7.8,288.15,Urea,destabilizing,10656786.0,CD,A,93
1RX4,L112I,0.14,7.8,288.15,Urea,destabilizing,10656786.0,CD,A,111
1RX4,L112V,1.66,7.8,288.15,Urea,destabilizing,10656786.0,CD,A,111
1RX4,I155L,1.94,7.8,288.15,Urea,destabilizing,10656786.0,CD,A,154
2IFB,V60N,0.755,7.0,298.15,Urea,destabilizing,10692339.0,CD,A,59
1AMQ,C191S,1.9,7.5,298.15,Urea,destabilizing,10708649.0,Activity,A,179
1AMQ,C191F,1.6,7.5,298.15,Urea,destabilizing,10708649.0,Activity,A,179
1AMQ,C191W,3.9,7.5,298.15,Urea,destabilizing,10708649.0,Activity,A,179
1AMQ,C191Y,2.3,7.5,298.15,Urea,destabilizing,10708649.0,Activity,A,179
1C2R,P35A,2.0,7.5,303.15,GdnHCl,destabilizing,10747794.0,CD,A,34
1C2R,G34S,2.2,7.5,303.15,GdnHCl,destabilizing,10747794.0,CD,A,33
1K9Q,W39F,-0.239,6.1,323.15,Thermal,stabilizing,10764597.0,"CD, Fluorescence",A,34
1OH0,Y16F,4.4,7.0,298.15,Urea,destabilizing,10769113.0,CD,A,13
1OH0,Y32F,-0.0,7.0,298.15,Urea,stabilizing,10769113.0,CD,A,29
1OH0,Y57F,3.5,7.0,298.15,Urea,destabilizing,10769113.0,CD,A,54
1OH0,V101L,3.8,7.0,298.15,Urea,destabilizing,10769113.0,CD,A,98
2PTL,V18A,1.283333333,7.0,295.15,GuHCI,destabilizing,10801362.0,"CD, Fluorescence",A,17
2PTL,T19A,1.716666667,7.0,295.15,GuHCI,destabilizing,10801362.0,"CD, Fluorescence",A,18
2PTL,I20A,4.63,7.0,295.15,GuHCI,destabilizing,10801362.0,"CD, Fluorescence",A,19
2PTL,I20V,0.6266666670000001,7.0,295.15,GuHCI,destabilizing,10801362.0,"CD, Fluorescence",A,19
2PTL,K21A,0.903333333,7.0,295.15,GuHCI,destabilizing,10801362.0,"CD, Fluorescence",A,20
2PTL,A22G,2.376666667,7.0,295.15,GuHCI,destabilizing,10801362.0,"CD, Fluorescence",A,21
2PTL,N23A,1.786666667,7.0,295.15,GuHCI,destabilizing,10801362.0,"CD, Fluorescence",A,22
2PTL,L24A,2.833333333,7.0,295.15,GuHCI,destabilizing,10801362.0,"CD, Fluorescence",A,23
2PTL,I25A,1.293333333,7.0,295.15,GuHCI,destabilizing,10801362.0,"CD, Fluorescence",A,24
2PTL,I25V,0.44,7.0,295.15,GuHCI,destabilizing,10801362.0,"CD, Fluorescence",A,24
2PTL,F26A,2.976666667,7.0,295.15,GuHCI,destabilizing,10801362.0,"CD, Fluorescence",A,25
2PTL,F26L,0.593333333,7.0,295.15,GuHCI,destabilizing,10801362.0,"CD, Fluorescence",A,25
2PTL,A27P,-0.0,7.0,295.15,GuHCI,stabilizing,10801362.0,"CD, Fluorescence",A,26
2PTL,A27V,0.993333333,7.0,295.15,GuHCI,destabilizing,10801362.0,"CD, Fluorescence",A,26
2PTL,N28A,1.74,7.0,295.15,GuHCI,destabilizing,10801362.0,"CD, Fluorescence",A,27
2PTL,G29A,1.56,7.0,295.15,GuHCI,destabilizing,10801362.0,"CD, Fluorescence",A,28
2PTL,G29V,2.64,7.0,295.15,GuHCI,destabilizing,10801362.0,"CD, Fluorescence",A,28
2PTL,S30A,0.246666667,7.0,295.15,GuHCI,destabilizing,10801362.0,"CD, Fluorescence",A,29
2PTL,T31A,1.17,7.0,295.15,GuHCI,destabilizing,10801362.0,"CD, Fluorescence",A,30
2PTL,T33A,1.043333333,7.0,295.15,GuHCI,destabilizing,10801362.0,"CD, Fluorescence",A,32
2PTL,A34G,2.156666667,7.0,295.15,GuHCI,destabilizing,10801362.0,"CD, Fluorescence",A,33
2PTL,A34V,-1.233333333,7.0,295.15,GuHCI,stabilizing,10801362.0,"CD, Fluorescence",A,33
2PTL,E35A,0.6333333329999999,7.0,295.15,GuHCI,destabilizing,10801362.0,"CD, Fluorescence",A,34
2PTL,F36A,4.916666667,7.0,295.15,GuHCI,destabilizing,10801362.0,"CD, Fluorescence",A,35
2PTL,F36L,3.216666667,7.0,295.15,GuHCI,destabilizing,10801362.0,"CD, Fluorescence",A,35
2PTL,K37A,0.913333333,7.0,295.15,GuHCI,destabilizing,10801362.0,"CD, Fluorescence",A,36
2PTL,G38A,1.983333333,7.0,295.15,GuHCI,destabilizing,10801362.0,"CD, Fluorescence",A,37
2PTL,T39A,1.146666667,7.0,295.15,GuHCI,destabilizing,10801362.0,"CD, Fluorescence",A,38
2PTL,F40G,3.126666667,7.0,295.15,GuHCI,destabilizing,10801362.0,"CD, Fluorescence",A,39
2PTL,F40L,0.406666667,7.0,295.15,GuHCI,destabilizing,10801362.0,"CD, Fluorescence",A,39
2PTL,K42G,-0.04,7.0,295.15,GuHCI,stabilizing,10801362.0,"CD, Fluorescence",A,41
2PTL,A43G,2.506666667,7.0,295.15,GuHCI,destabilizing,10801362.0,"CD, Fluorescence",A,42
2PTL,T44A,1.14,7.0,295.15,GuHCI,destabilizing,10801362.0,"CD, Fluorescence",A,43
2PTL,S45A,-0.363333333,7.0,295.15,GuHCI,stabilizing,10801362.0,"CD, Fluorescence",A,44
2PTL,S45G,0.793333333,7.0,295.15,GuHCI,destabilizing,10801362.0,"CD, Fluorescence",A,44
2PTL,E46G,1.12,7.0,295.15,GuHCI,destabilizing,10801362.0,"CD, Fluorescence",A,45
2PTL,E46I,1.113333333,7.0,295.15,GuHCI,destabilizing,10801362.0,"CD, Fluorescence",A,45
2PTL,A47G,3.26,7.0,295.15,GuHCI,destabilizing,10801362.0,"CD, Fluorescence",A,46
2PTL,Y48A,2.81,7.0,295.15,GuHCI,destabilizing,10801362.0,"CD, Fluorescence",A,47
2PTL,A49G,1.25,7.0,295.15,GuHCI,destabilizing,10801362.0,"CD, Fluorescence",A,48
2PTL,Y50A,2.48,7.0,295.15,GuHCI,destabilizing,10801362.0,"CD, Fluorescence",A,49
2PTL,A51G,3.233333333,7.0,295.15,GuHCI,destabilizing,10801362.0,"CD, Fluorescence",A,50
2PTL,D52A,1.103333333,7.0,295.15,GuHCI,destabilizing,10801362.0,"CD, Fluorescence",A,51
2PTL,D52G,2.0133333330000003,7.0,295.15,GuHCI,destabilizing,10801362.0,"CD, Fluorescence",A,51
2PTL,T53G,0.206666667,7.0,295.15,GuHCI,destabilizing,10801362.0,"CD, Fluorescence",A,52
2PTL,L54A,2.313333333,7.0,295.15,GuHCI,destabilizing,10801362.0,"CD, Fluorescence",A,53
2PTL,K55A,-0.46,7.0,295.15,GuHCI,stabilizing,10801362.0,"CD, Fluorescence",A,54
2PTL,K56A,-0.206666667,7.0,295.15,GuHCI,stabilizing,10801362.0,"CD, Fluorescence",A,55
2PTL,N58A,0.353333333,7.0,295.15,GuHCI,destabilizing,10801362.0,"CD, Fluorescence",A,57
2PTL,G59A,2.023333333,7.0,295.15,GuHCI,destabilizing,10801362.0,"CD, Fluorescence",A,58
2PTL,E60A,0.18,7.0,295.15,GuHCI,destabilizing,10801362.0,"CD, Fluorescence",A,59
2PTL,T62A,1.156666667,7.0,295.15,GuHCI,destabilizing,10801362.0,"CD, Fluorescence",A,61
2PTL,V63A,0.91,7.0,295.15,GuHCI,destabilizing,10801362.0,"CD, Fluorescence",A,62
2PTL,D64A,0.116666667,7.0,295.15,GuHCI,destabilizing,10801362.0,"CD, Fluorescence",A,63
2PTL,V65A,1.03,7.0,295.15,GuHCI,destabilizing,10801362.0,"CD, Fluorescence",A,64
2PTL,A66G,0.543333333,7.0,295.15,GuHCI,destabilizing,10801362.0,"CD, Fluorescence",A,65
2PTL,K68A,0.103333333,7.0,295.15,GuHCI,destabilizing,10801362.0,"CD, Fluorescence",A,67
2PTL,G69A,2.093333333,7.0,295.15,GuHCI,destabilizing,10801362.0,"CD, Fluorescence",A,68
2PTL,Y70A,1.5566666669999998,7.0,295.15,GuHCI,destabilizing,10801362.0,"CD, Fluorescence",A,69
2PTL,Y70L,-0.12,7.0,295.15,GuHCI,stabilizing,10801362.0,"CD, Fluorescence",A,69
2PTL,T71A,1.746666667,7.0,295.15,GuHCI,destabilizing,10801362.0,"CD, Fluorescence",A,70
2PTL,L72A,3.696666667,7.0,295.15,GuHCI,destabilizing,10801362.0,"CD, Fluorescence",A,71
2PTL,N73A,1.62,7.0,295.15,GuHCI,destabilizing,10801362.0,"CD, Fluorescence",A,72
2PTL,I74A,4.743333333,7.0,295.15,GuHCI,destabilizing,10801362.0,"CD, Fluorescence",A,73
2PTL,I74V,1.5866666669999998,7.0,295.15,GuHCI,destabilizing,10801362.0,"CD, Fluorescence",A,73
2PTL,K75A,0.47,7.0,295.15,GuHCI,destabilizing,10801362.0,"CD, Fluorescence",A,74
2PTL,F76L,3.173333333,7.0,295.15,GuHCI,destabilizing,10801362.0,"CD, Fluorescence",A,75
2PTL,F76V,3.71,7.0,295.15,GuHCI,destabilizing,10801362.0,"CD, Fluorescence",A,75
1C9O,Y15F,0.04784689,7.0,343.15,Thermal,destabilizing,10802734.0,CD,A,14
1C9O,G23Q,0.28708134,7.0,343.15,Thermal,destabilizing,10802734.0,CD,A,22
1C9O,S24D,-0.215311005,7.0,343.15,Thermal,stabilizing,10802734.0,CD,A,23
1C9O,T31S,-0.167464115,7.0,343.15,Thermal,stabilizing,10802734.0,CD,A,30
1C9O,E46A,0.215311005,7.0,343.15,Thermal,destabilizing,10802734.0,CD,A,45
1C9O,Q53E,0.09569378,7.0,343.15,Thermal,destabilizing,10802734.0,CD,A,52
1C9O,V64T,0.263157895,7.0,343.15,Thermal,destabilizing,10802734.0,CD,A,63
1C9O,L66E,1.2440191390000002,7.0,343.15,Thermal,destabilizing,10802734.0,CD,A,65
1C9O,L66A,0.07,7.0,343.15,Thermal,destabilizing,10802734.0,CD,A,65
1PGA,D47A,-0.358851675,7.0,298.15,Thermal,stabilizing,10828973.0,CD,A,46
1PGA,V54A,0.09569378,7.0,298.15,Thermal,destabilizing,10828973.0,CD,A,53
1PGA,K50A,0.454545455,7.0,298.15,Thermal,destabilizing,10828973.0,CD,A,49
1PGA,T49A,0.861244019,7.0,298.15,Thermal,destabilizing,10828973.0,CD,A,48
1PGA,D46A,1.363636364,7.0,298.15,Thermal,destabilizing,10828973.0,CD,A,45
2AFG,C83S,2.07796,6.6,312.6,Thermal,destabilizing,10852713.0,DSC,A,73
2AFG,C117S,0.262731,6.6,312.6,Thermal,destabilizing,10852713.0,DSC,A,107
2AFG,H93G,-1.600268,6.6,312.6,Thermal,stabilizing,10852713.0,DSC,A,83
2AFG,C83S,1.910768,6.6,298.0,Thermal,destabilizing,10852713.0,DSC,A,73
2AFG,C117S,0.621,6.6,298.0,Thermal,destabilizing,10852713.0,DSC,A,107
2AFG,H93G,-0.549346,6.6,298.0,Thermal,stabilizing,10852713.0,DSC,A,83
2AFG,C16S,2.890037,6.6,298.0,GdnHCl,destabilizing,10852713.0,DSC,A,6
2k7j,A29E,-0.406038,5.5,301.15,Urea,stabilizing,10884358.0,Fluorescence,A,28
2k7j,G31A,-1.7435759999999998,5.5,301.15,Urea,stabilizing,10884358.0,Fluorescence,A,30
1ARR,Q9G,-0.68,7.5,298.15,Urea,stabilizing,10889040.0,CD,A,8
1ARR,R13G,-0.36,7.5,298.15,Urea,stabilizing,10889040.0,CD,A,12
1ARR,R16G,1.55,7.5,298.15,Urea,destabilizing,10889040.0,CD,A,15
1ARR,E17G,1.19,7.5,298.15,Urea,destabilizing,10889040.0,CD,A,16
1ARR,D20G,2.79,7.5,298.15,Urea,destabilizing,10889040.0,CD,A,19
1ARR,R23G,2.14,7.5,298.15,Urea,destabilizing,10889040.0,CD,A,22
1ARR,K24G,2.45,7.5,298.15,Urea,destabilizing,10889040.0,CD,A,23
1ARR,E27G,0.75,7.5,298.15,Urea,destabilizing,10889040.0,CD,A,26
1ARR,E28G,1.69,7.5,298.15,Urea,destabilizing,10889040.0,CD,A,27
1ARR,N34G,-0.64,7.5,298.15,Urea,stabilizing,10889040.0,CD,A,33
1ARR,S35G,0.46,7.5,298.15,Urea,destabilizing,10889040.0,CD,A,34
1ARR,Q39G,1.22,7.5,298.15,Urea,destabilizing,10889040.0,CD,A,38
1ARR,K46G,1.6,7.5,298.15,Urea,destabilizing,10889040.0,CD,A,45
1ARR,K47G,1.16,7.5,298.15,Urea,destabilizing,10889040.0,CD,A,46
1ARR,E48G,2.59,7.5,298.15,Urea,destabilizing,10889040.0,CD,A,47
1LZ1,Q58G,-1.862999,2.7,338.05,Thermal,stabilizing,10913274.0,DSC,A,57
1LZ1,R50G,-0.262731,2.7,338.05,Thermal,stabilizing,10913274.0,DSC,A,49
1LZ1,H78G,0.119423,2.7,338.05,Thermal,destabilizing,10913274.0,DSC,A,77
1LZ1,Q58G,-2.0574162680000003,4.0,283.15,GdnHCl,stabilizing,10913274.0,DSC,A,57
1LZ1,H78G,0.526315789,4.0,283.15,GdnHCl,destabilizing,10913274.0,CD,A,77
1LZ1,R50G,-0.526315789,4.0,283.15,GdnHCl,stabilizing,10913274.0,CD,A,49
1LZ1,G37Q,0.861244019,4.0,283.15,GdnHCl,destabilizing,10913274.0,CD,A,36
1LZ1,G37Q,0.262731,2.7,338.05,Thermal,destabilizing,10913274.0,DSC,A,36
1ONC,M23L,2.511961722,2.0,298.15,Thermal,destabilizing,10913282.0,DSC,A,21
1ONC,M23L,2.296650718,2.5,298.15,Thermal,destabilizing,10913282.0,DSC,A,21
1ONC,M23L,2.775119617,3.0,298.15,Thermal,destabilizing,10913282.0,DSC,A,21
1ONC,M23L,2.894736842,3.5,298.15,Thermal,destabilizing,10913282.0,DSC,A,21
1ONC,M23L,2.4162679430000003,4.0,298.15,Thermal,destabilizing,10913282.0,DSC,A,21
1ONC,M23L,2.655502392,5.0,298.15,Thermal,destabilizing,10913282.0,DSC,A,21
1ONC,M23L,2.783094099,6.0,298.15,Thermal,destabilizing,10913282.0,DSC,A,21
1ONC,M23L,2.224880383,7.0,298.15,Thermal,destabilizing,10913282.0,DSC,A,21
1ONC,M23L,2.392344498,8.0,298.15,Thermal,destabilizing,10913282.0,DSC,A,21
1SCE,P58A,0.35,7.5,298.15,Urea,destabilizing,10926502.0,Fluorescence,A,52
1SCE,P44A,3.04,7.5,298.15,Urea,destabilizing,10926502.0,Fluorescence,A,38
1SCE,P52A,2.57,7.5,298.15,Urea,destabilizing,10926502.0,Fluorescence,A,46
1SCE,S28A,0.34,7.5,298.15,Urea,destabilizing,10926502.0,Fluorescence,A,22
1SCE,P20A,0.3,7.5,298.15,Urea,destabilizing,10926502.0,Fluorescence,A,14
1SCE,V89A,0.24,7.5,298.15,Urea,destabilizing,10926502.0,Fluorescence,A,83
1SCE,P7A,0.2,7.5,298.15,Urea,destabilizing,10926502.0,Fluorescence,A,1
1SCE,P92A,-0.07,7.5,298.15,Urea,stabilizing,10926502.0,Fluorescence,A,86
1SCE,P92G,-0.07,7.5,298.15,Urea,stabilizing,10926502.0,Fluorescence,A,86
1SCE,V89G,-0.81,7.5,298.15,Urea,stabilizing,10926502.0,Fluorescence,A,83
1SCE,S28G,-0.89,7.5,298.15,Urea,stabilizing,10926502.0,Fluorescence,A,22
1SCE,P90A,-1.19,7.5,298.15,Urea,stabilizing,10926502.0,Fluorescence,A,84
1SCE,P90G,-1.33,7.5,298.15,Urea,stabilizing,10926502.0,Fluorescence,A,84
1SCE,P29A,-0.23,7.5,298.15,Urea,stabilizing,10926502.0,Fluorescence,A,23
1BPI,A16G,0.26,3.0,298.15,Thermal,destabilizing,10926503.0,CD,A,15
1BPI,A16L,-0.6,3.0,298.15,Thermal,stabilizing,10926503.0,CD,A,15
1BPI,A16R,0.17,3.0,298.15,Thermal,destabilizing,10926503.0,CD,A,15
1BPI,A16S,0.21,3.0,298.15,Thermal,destabilizing,10926503.0,CD,A,15
1BPI,A16V,4.3,3.0,298.15,Thermal,destabilizing,10926503.0,CD,A,15
1BPI,A16W,0.64,3.0,298.15,Thermal,destabilizing,10926503.0,CD,A,15
1PGA,A20G,2.39,6.0,295.15,GdnHCl,destabilizing,10932252.0,CD,A,19
1PGA,A26G,2.96,6.0,295.15,GdnHCl,destabilizing,10932252.0,CD,A,25
1PGA,A34G,2.48,6.0,295.15,GdnHCl,destabilizing,10932252.0,CD,A,33
1PGA,D22A,1.75,6.0,295.15,GdnHCl,destabilizing,10932252.0,CD,A,21
1PGA,D46A,1.74,6.0,295.15,GdnHCl,destabilizing,10932252.0,CD,A,45
1PGA,D47A,-0.49,6.0,295.15,GdnHCl,stabilizing,10932252.0,CD,A,46
1PGA,E15A,0.47,6.0,295.15,GdnHCl,destabilizing,10932252.0,CD,A,14
1PGA,F30L,1.42,6.0,295.15,GdnHCl,destabilizing,10932252.0,CD,A,29
1PGA,F52L,3.54,6.0,295.15,GdnHCl,destabilizing,10932252.0,CD,A,51
1PGA,G41A,2.84,6.0,295.15,GdnHCl,destabilizing,10932252.0,CD,A,40
1PGA,I6A,2.09,6.0,295.15,GdnHCl,destabilizing,10932252.0,CD,A,5
1PGA,K28G,0.05,6.0,295.15,GdnHCl,destabilizing,10932252.0,CD,A,27
1PGA,K31G,2.02,6.0,295.15,GdnHCl,destabilizing,10932252.0,CD,A,30
1PGA,L7A,1.85,6.0,295.15,GdnHCl,destabilizing,10932252.0,CD,A,6
1PGA,N35G,2.5,6.0,295.15,GdnHCl,destabilizing,10932252.0,CD,A,34
1PGA,N37A,-0.17,6.0,295.15,GdnHCl,stabilizing,10932252.0,CD,A,36
1PGA,Q32G,1.0,6.0,295.15,GdnHCl,destabilizing,10932252.0,CD,A,31
1PGA,T11A,0.6,6.0,295.15,GdnHCl,destabilizing,10932252.0,CD,A,10
1PGA,T16A,0.38,6.0,295.15,GdnHCl,destabilizing,10932252.0,CD,A,15
1PGA,T18A,0.46,6.0,295.15,GdnHCl,destabilizing,10932252.0,CD,A,17
1PGA,T25A,-0.22,6.0,295.15,GdnHCl,stabilizing,10932252.0,CD,A,24
1PGA,T49A,0.72,6.0,295.15,GdnHCl,destabilizing,10932252.0,CD,A,48
1PGA,T51A,1.87,6.0,295.15,GdnHCl,destabilizing,10932252.0,CD,A,50
1PGA,T53A,1.91,6.0,295.15,GdnHCl,destabilizing,10932252.0,CD,A,52
1PGA,V29A,0.7,6.0,295.15,GdnHCl,destabilizing,10932252.0,CD,A,28
1PGA,V39A,1.72,6.0,295.15,GdnHCl,destabilizing,10932252.0,CD,A,38
1PGA,V54A,2.93,6.0,295.15,GdnHCl,destabilizing,10932252.0,CD,A,53
1PGA,Y33A,0.92,6.0,295.15,GdnHCl,destabilizing,10932252.0,CD,A,32
1PGA,Y3L,1.62,6.0,295.15,GdnHCl,destabilizing,10932252.0,CD,A,2
1PGA,Y45L,3.34,6.0,295.15,GdnHCl,destabilizing,10932252.0,CD,A,44
2LZM,R119E,-0.0,5.3,298.15,Thermal,stabilizing,10933506.0,CD,A,118
1RN1,D49H,-1.1,7.0,298.15,Thermal,stabilizing,10933506.0,CD,A,47
1RGG,E41K,1.2,7.0,298.15,Thermal,destabilizing,10933506.0,CD,A,40
1RGG,E74K,-1.1,7.0,298.15,Thermal,stabilizing,10933506.0,CD,A,73
1RGG,D17K,1.1,7.0,298.15,Thermal,destabilizing,10933506.0,CD,A,16
1RGG,D25H,-0.9,7.0,298.15,Thermal,stabilizing,10933506.0,CD,A,24
2LZM,K147E,0.7,5.3,298.15,Thermal,destabilizing,10933506.0,CD,A,146
2LZM,K135E,1.0,5.3,298.15,Thermal,destabilizing,10933506.0,CD,A,134
1TTG,I34A,5.02,5.0,298.15,Urea,destabilizing,10986129.0,CD,A,33
1TTG,Y32A,4.165,5.0,298.15,Urea,destabilizing,10986129.0,CD,A,31
1TTG,I59A,3.66,5.0,298.15,Urea,destabilizing,10986129.0,CD,A,58
1TTG,L62A,2.94,5.0,298.15,Urea,destabilizing,10986129.0,CD,A,61
1TTG,A57G,2.81,5.0,298.15,Urea,destabilizing,10986129.0,CD,A,56
1TTG,Y32L,2.605,5.0,298.15,Urea,destabilizing,10986129.0,CD,A,31
1TTG,V50A,2.42,5.0,298.15,Urea,destabilizing,10986129.0,CD,A,49
1TTG,Y36A,2.29,5.0,298.15,Urea,destabilizing,10986129.0,CD,A,35
1TTG,F48A,2.16,5.0,298.15,Urea,destabilizing,10986129.0,CD,A,47
1TTG,W22F,1.94,5.0,298.15,Urea,destabilizing,10986129.0,CD,A,21
1TTG,L8A,1.64,5.0,298.15,Urea,destabilizing,10986129.0,CD,A,7
1TEN,E887A,-1.61,5.0,298.15,Urea,stabilizing,10986129.0,CD,A,85
1TTG,V29A,1.45,5.0,298.15,Urea,destabilizing,10986129.0,CD,A,28
1TTG,V10A,1.38,5.0,298.15,Urea,destabilizing,10986129.0,CD,A,9
1TTG,I59V,1.12,5.0,298.15,Urea,destabilizing,10986129.0,CD,A,58
1TTG,A13G,0.93,5.0,298.15,Urea,destabilizing,10986129.0,CD,A,12
1TTG,L18A,0.87,5.0,298.15,Urea,destabilizing,10986129.0,CD,A,17
1TTG,I20A,0.74,5.0,298.15,Urea,destabilizing,10986129.0,CD,A,19
1TTG,V66A,0.67,5.0,298.15,Urea,destabilizing,10986129.0,CD,A,65
1TTG,P25A,0.48,5.0,298.15,Urea,destabilizing,10986129.0,CD,A,24
1TTG,I20V,0.41,5.0,298.15,Urea,destabilizing,10986129.0,CD,A,19
1TTG,I34V,0.41,5.0,298.15,Urea,destabilizing,10986129.0,CD,A,33
1TTG,P64A,0.41,5.0,298.15,Urea,destabilizing,10986129.0,CD,A,63
1TTG,Y32F,0.41,5.0,298.15,Urea,destabilizing,10986129.0,CD,A,31
1TEN,S875A,-0.04,5.0,298.15,Urea,stabilizing,10986129.0,CD,A,73
1TTG,P5A,-0.11,5.0,298.15,Urea,stabilizing,10986129.0,CD,A,4
1TEN,P884A,0.11,5.0,298.15,Urea,destabilizing,10986129.0,CD,A,82
1TEN,I821V,0.23,5.0,298.15,Urea,destabilizing,10986129.0,CD,A,19
1TEN,E887G,0.34,5.0,298.15,Urea,destabilizing,10986129.0,CD,A,85
1TEN,I860V,0.83,5.0,298.15,Urea,destabilizing,10986129.0,CD,A,58
1TEN,P865A,0.93,5.0,298.15,Urea,destabilizing,10986129.0,CD,A,63
1TEN,A885G,1.09,5.0,298.15,Urea,destabilizing,10986129.0,CD,A,83
1TEN,T867S,1.22,5.0,298.15,Urea,destabilizing,10986129.0,CD,A,65
1TEN,V811A,1.36,5.0,298.15,Urea,destabilizing,10986129.0,CD,A,9
1TEN,I830A,1.38,5.0,298.15,Urea,destabilizing,10986129.0,CD,A,28
1TEN,Y858A,1.38,5.0,298.15,Urea,destabilizing,10986129.0,CD,A,56
1TEN,P826A,1.73,5.0,298.15,Urea,destabilizing,10986129.0,CD,A,24
1TEN,I860A,2.06,5.0,298.15,Urea,destabilizing,10986129.0,CD,A,58
1TEN,I849A,2.19,5.0,298.15,Urea,destabilizing,10986129.0,CD,A,47
1TEN,S882A,2.28,5.0,298.15,Urea,destabilizing,10986129.0,CD,A,80
1TEN,P806A,2.74,5.0,298.15,Urea,destabilizing,10986129.0,CD,A,4
1TEN,A819G,2.8,5.0,298.15,Urea,destabilizing,10986129.0,CD,A,17
1TEN,V871A,2.81,5.0,298.15,Urea,destabilizing,10986129.0,CD,A,69
1TEN,I809A,2.86,5.0,298.15,Urea,destabilizing,10986129.0,CD,A,7
1TEN,L851A,2.99,5.0,298.15,Urea,destabilizing,10986129.0,CD,A,49
1TEN,L873A,3.06,5.0,298.15,Urea,destabilizing,10986129.0,CD,A,71
1TEN,Y869F,3.13,5.0,298.15,Urea,destabilizing,10986129.0,CD,A,67
1TEN,I821A,3.67,5.0,298.15,Urea,destabilizing,10986129.0,CD,A,19
1TEN,Y858G,4.14,5.0,298.15,Urea,destabilizing,10986129.0,CD,A,56
1TEN,L863A,4.22,5.0,298.15,Urea,destabilizing,10986129.0,CD,A,61
1TEN,Y837A,4.22,5.0,298.15,Urea,destabilizing,10986129.0,CD,A,35
1TEN,L835A,4.29,5.0,298.15,Urea,destabilizing,10986129.0,CD,A,33
1TEN,F889A,5.43,5.0,298.15,Urea,destabilizing,10986129.0,CD,A,87
1LZ1,E7Q,-0.09569378,2.2,338.15,Thermal,stabilizing,11015217.0,DSC,A,6
1LZ1,D18N,0.526315789,2.2,338.15,Thermal,destabilizing,11015217.0,DSC,A,17
1LZ1,D49N,-0.0,2.2,338.15,Thermal,stabilizing,11015217.0,DSC,A,48
1LZ1,D67N,0.23923445,2.2,338.15,Thermal,destabilizing,11015217.0,DSC,A,66
1LZ1,D102N,-0.167464115,2.2,338.15,Thermal,stabilizing,11015217.0,DSC,A,101
1LZ1,D120N,-0.09569378,2.2,338.15,Thermal,stabilizing,11015217.0,DSC,A,119
1LZ1,E7Q,1.435406699,4.0,338.15,Thermal,destabilizing,11015217.0,DSC,A,6
1LZ1,D18N,1.6985645930000002,4.0,338.15,Thermal,destabilizing,11015217.0,DSC,A,17
1LZ1,D49N,1.004784689,4.0,338.15,Thermal,destabilizing,11015217.0,DSC,A,48
1LZ1,D67N,2.248803828,4.0,338.15,Thermal,destabilizing,11015217.0,DSC,A,66
1LZ1,D102N,0.669856459,4.0,338.15,Thermal,destabilizing,11015217.0,DSC,A,101
1LZ1,D120N,0.669856459,4.0,338.15,Thermal,destabilizing,11015217.0,DSC,A,119
1LZ1,E7Q,0.43062201,2.3,338.15,Thermal,destabilizing,11015217.0,DSC,A,6
1LZ1,D67N,0.263157895,2.3,338.15,Thermal,destabilizing,11015217.0,DSC,A,66
1LZ1,D102N,-0.14354067,2.3,338.15,Thermal,stabilizing,11015217.0,DSC,A,101
1LZ1,D120N,-0.19138756,2.3,338.15,Thermal,stabilizing,11015217.0,DSC,A,119
1LZ1,E7Q,1.291866029,4.5,338.15,Thermal,destabilizing,11015217.0,DSC,A,6
1LZ1,D67N,1.6985645930000002,4.5,338.15,Thermal,destabilizing,11015217.0,DSC,A,66
1LZ1,D102N,-0.071770335,4.5,338.15,Thermal,stabilizing,11015217.0,DSC,A,101
1LZ1,D120N,-0.04784689,4.5,338.15,Thermal,stabilizing,11015217.0,DSC,A,119
1STN,H124L,-1.5,7.0,293.15,GdnHCl,stabilizing,11023780.0,Fluorescence,A,118
1STN,D21N,-1.4,7.0,293.15,GdnHCl,stabilizing,11023780.0,Fluorescence,A,15
1STN,D21K,-1.0,7.0,293.15,GdnHCl,stabilizing,11023780.0,Fluorescence,A,15
1STN,T41I,-0.7,7.0,293.15,GdnHCl,stabilizing,11023780.0,Fluorescence,A,35
1STN,S128A,-0.7,7.0,293.15,GdnHCl,stabilizing,11023780.0,Fluorescence,A,122
1STN,S59A,-0.5,7.0,293.15,GdnHCl,stabilizing,11023780.0,Fluorescence,A,53
1STN,T33V,-0.4,7.0,293.15,GdnHCl,stabilizing,11023780.0,Fluorescence,A,27
1CEY,D57A,-3.3,7.0,298.15,Urea,stabilizing,11023787.0,Fluorescence,A,55
1CEY,D13A,-2.7,7.0,298.15,Urea,stabilizing,11023787.0,Fluorescence,A,11
1CEY,D12A,-2.5,7.0,298.15,Urea,stabilizing,11023787.0,Fluorescence,A,10
1LZ1,V2G,2.296650718,2.7,338.05,Thermal,destabilizing,11087397.0,DSC,A,1
1LZ1,V2I,-1.100478469,2.7,338.05,Thermal,stabilizing,11087397.0,DSC,A,1
1LZ1,V2L,0.04784689,2.7,338.05,Thermal,destabilizing,11087397.0,DSC,A,1
1LZ1,V2M,0.311004785,6.3,338.05,Thermal,destabilizing,11087397.0,DSC,A,1
1LZ1,V2F,0.861244019,6.3,338.05,Thermal,destabilizing,11087397.0,DSC,A,1
1LZ1,V74G,0.215311005,6.3,338.05,Thermal,destabilizing,11087397.0,DSC,A,73
1LZ1,V74I,-0.454545455,2.7,338.05,Thermal,stabilizing,11087397.0,DSC,A,73
1LZ1,V74L,-0.19138756,2.7,338.05,Thermal,stabilizing,11087397.0,DSC,A,73
1LZ1,V74M,-0.645933014,2.7,338.05,Thermal,stabilizing,11087397.0,DSC,A,73
1LZ1,V74F,0.28708134,2.7,338.05,Thermal,destabilizing,11087397.0,DSC,A,73
1LZ1,V110G,-0.4784689,2.7,338.05,Thermal,stabilizing,11087397.0,DSC,A,109
1LZ1,V110I,-0.861244019,2.7,338.05,Thermal,stabilizing,11087397.0,DSC,A,109
1LZ1,V110L,-0.071770335,2.7,338.05,Thermal,stabilizing,11087397.0,DSC,A,109
1LZ1,V110M,-0.526315789,2.7,338.05,Thermal,stabilizing,11087397.0,DSC,A,109
1LZ1,V110F,0.04784689,2.7,338.05,Thermal,destabilizing,11087397.0,DSC,A,109
1LZ2,V2A,1.5047,2.7,338.05,Thermal,destabilizing,11087397.0,DSC,A,1
1HFY,T29I,-4.4,7.0,298.15,GdnHCl,stabilizing,11093260.0,CD,A,28
1HFY,A30T,-1.7,7.0,298.15,GdnHCl,stabilizing,11093260.0,CD,A,29
1HFY,A30I,-2.4,7.0,298.15,GdnHCl,stabilizing,11093260.0,CD,A,29
1HFY,T33I,1.1,7.0,298.15,GdnHCl,destabilizing,11093260.0,CD,A,32
4LYZ,G49A,1.886883,2.7,338.75,Thermal,destabilizing,11112507.0,DSC,A,48
4LYZ,G67A,0.979269,2.7,338.75,Thermal,destabilizing,11112507.0,DSC,A,66
4LYZ,G71A,0.382154,2.7,338.75,Thermal,destabilizing,11112507.0,DSC,A,70
4LYZ,G102A,-0.0238846,2.7,338.75,Thermal,stabilizing,11112507.0,DSC,A,101
4LYZ,G117A,1.456961,2.7,338.75,Thermal,destabilizing,11112507.0,DSC,A,116
1LZ1,D67H,4.545454545,4.0,283.15,GdnHCl,destabilizing,11121116.0,CD,A,66
1LZ1,I56T,6.674641147999999,4.0,283.15,GdnHCl,destabilizing,11121116.0,CD,A,55
1BNZ,V4A,2.12,6.1,298.15,GdnHCl,destabilizing,11124040.0,Fluorescence,A,3
1BNZ,K7A,0.27,6.1,298.15,GdnHCl,destabilizing,11124040.0,Fluorescence,A,6
1BNZ,E12A,0.29,6.1,298.15,GdnHCl,destabilizing,11124040.0,Fluorescence,A,11
1BNZ,V15A,2.29,6.1,298.15,GdnHCl,destabilizing,11124040.0,Fluorescence,A,14
1BNZ,I17A,1.21,6.1,298.15,GdnHCl,destabilizing,11124040.0,Fluorescence,A,16
1BNZ,S18A,0.13,6.1,298.15,GdnHCl,destabilizing,11124040.0,Fluorescence,A,17
1BNZ,V23A,0.23,6.1,298.15,GdnHCl,destabilizing,11124040.0,Fluorescence,A,22
1BNZ,R25A,0.38,6.1,298.15,GdnHCl,destabilizing,11124040.0,Fluorescence,A,24
1BNZ,G27A,0.76,6.1,298.15,GdnHCl,destabilizing,11124040.0,Fluorescence,A,26
1BNZ,I30A,2.72,6.1,298.15,GdnHCl,destabilizing,11124040.0,Fluorescence,A,29
1BNZ,S31A,-0.72,6.1,298.15,GdnHCl,stabilizing,11124040.0,Fluorescence,A,30
1BNZ,F32A,2.31,6.1,298.15,GdnHCl,destabilizing,11124040.0,Fluorescence,A,31
1BNZ,D35A,0.54,6.1,298.15,GdnHCl,destabilizing,11124040.0,Fluorescence,A,34
1BNZ,G37A,0.56,6.1,298.15,GdnHCl,destabilizing,11124040.0,Fluorescence,A,36
1BNZ,T41A,0.84,6.1,298.15,GdnHCl,destabilizing,11124040.0,Fluorescence,A,40
1BNZ,R43A,0.56,6.1,298.15,GdnHCl,destabilizing,11124040.0,Fluorescence,A,42
1BNZ,A45G,1.27,6.1,298.15,GdnHCl,destabilizing,11124040.0,Fluorescence,A,44
1BNZ,V46A,1.63,6.1,298.15,GdnHCl,destabilizing,11124040.0,Fluorescence,A,45
1BNZ,S47A,-0.18,6.1,298.15,GdnHCl,stabilizing,11124040.0,Fluorescence,A,46
1BNZ,A51G,2.1,6.1,298.15,GdnHCl,destabilizing,11124040.0,Fluorescence,A,50
1BNZ,L55A,3.92,6.1,298.15,GdnHCl,destabilizing,11124040.0,Fluorescence,A,54
1BNZ,L56A,1.45,6.1,298.15,GdnHCl,destabilizing,11124040.0,Fluorescence,A,55
1BNZ,Q57G,0.43,6.1,298.15,GdnHCl,destabilizing,11124040.0,Fluorescence,A,56
1BNZ,L59A,0.67,6.1,298.15,GdnHCl,destabilizing,11124040.0,Fluorescence,A,58
1H56,D58A,-2.2,5.5,298.15,GdnHCl,stabilizing,11148032.0,NMR,A,56
1H56,D58A,-5.4,6.6,298.15,GdnHCl,stabilizing,11148032.0,NMR,A,56
1H56,D58A,-3.3,7.7,298.15,GdnHCl,stabilizing,11148032.0,NMR,A,56
1H56,E55A,-0.7,5.5,298.15,GdnHCl,stabilizing,11148032.0,NMR,A,53
1H56,E55A,-1.6,6.6,298.15,GdnHCl,stabilizing,11148032.0,NMR,A,53
1H56,E55A,1.4,7.7,298.15,GdnHCl,destabilizing,11148032.0,NMR,A,53
1H56,E68A,0.4,5.5,298.15,GdnHCl,destabilizing,11148032.0,NMR,A,66
1H56,E68A,-5.7,6.6,298.15,GdnHCl,stabilizing,11148032.0,NMR,A,66
1H56,E68A,-1.8,7.7,298.15,GdnHCl,stabilizing,11148032.0,NMR,A,66
1H56,K70A,-4.0,5.5,298.15,GdnHCl,stabilizing,11148032.0,NMR,A,68
1H56,K70A,-9.5,6.6,298.15,GdnHCl,stabilizing,11148032.0,NMR,A,68
1H56,K70A,-5.0,7.7,298.15,GdnHCl,stabilizing,11148032.0,NMR,A,68
1ITM,W91S,-1.4,7.0,298.15,GdnHCl,stabilizing,11164263.0,CD,A,91
1IOB,R4Q,1.0,6.5,298.15,GdnHCl,destabilizing,11254388.0,Fluorescence,A,3
1IOB,R4P,0.4,6.5,298.15,GdnHCl,destabilizing,11254388.0,Fluorescence,A,3
1IOB,L6A,3.1,6.5,298.15,GdnHCl,destabilizing,11254388.0,Fluorescence,A,5
1IOB,N7G,2.6,6.5,298.15,GdnHCl,destabilizing,11254388.0,Fluorescence,A,6
1IOB,N7D,-0.43,6.5,298.15,GdnHCl,stabilizing,11254388.0,Fluorescence,A,6
1IOB,C8A,2.52,6.5,298.15,GdnHCl,destabilizing,11254388.0,Fluorescence,A,7
1IOB,C8S,4.8,6.5,298.15,GdnHCl,destabilizing,11254388.0,Fluorescence,A,7
1IOB,T9G,3.7,6.5,298.15,GdnHCl,destabilizing,11254388.0,Fluorescence,A,8
1IOB,T9Q,3.4,6.5,298.15,GdnHCl,destabilizing,11254388.0,Fluorescence,A,8
1IOB,L10A,5.1,6.5,298.15,GdnHCl,destabilizing,11254388.0,Fluorescence,A,9
1TIN,T43A,1.0,2.5,323.15,Thermal,destabilizing,11266603.0,DSC,A,42
1TIN,R52A,2.0,2.5,323.15,Thermal,destabilizing,11266603.0,DSC,A,51
1TIN,R52Q,2.0,2.5,323.15,Thermal,destabilizing,11266603.0,DSC,A,51
1TIN,P4G,2.0,2.5,323.15,Thermal,destabilizing,11266603.0,DSC,A,3
1TIN,R50A,3.0,2.5,323.15,Thermal,destabilizing,11266603.0,DSC,A,49
1TIN,R50K,3.0,2.5,323.15,Thermal,destabilizing,11266603.0,DSC,A,49
1CFD,K75A,-0.6,7.2,298.15,GdnHCl,stabilizing,11266616.0,CD,A,74
1CFD,K75I,-1.7,7.2,298.15,GdnHCl,stabilizing,11266616.0,CD,A,74
1CFD,Q41A,0.1,7.2,298.15,GdnHCl,destabilizing,11266616.0,CD,A,40
1CFD,Q41L,-1.3,7.2,298.15,GdnHCl,stabilizing,11266616.0,CD,A,40
4LYZ,M12L,0.57,2.7,339.15,Thermal,destabilizing,11266617.0,DSC,A,11
4LYZ,M12F,-0.28,2.7,339.15,Thermal,stabilizing,11266617.0,DSC,A,11
2A36,T22G,-2.4,6.0,298.15,Thermal,stabilizing,11273710.0,CD,A,21
2A36,T22D,-1.5,6.0,298.15,Thermal,stabilizing,11273710.0,CD,A,21
2A36,T22N,-1.3,6.0,298.15,Thermal,stabilizing,11273710.0,CD,A,21
2A36,T22F,-1.3,6.0,298.15,Thermal,stabilizing,11273710.0,CD,A,21
2A36,T22S,-0.6,6.0,298.15,Thermal,destabilizing,11273710.0,CD,A,21
2A36,T22A,-0.4,6.0,298.15,Thermal,stabilizing,11273710.0,CD,A,21
2A36,T22L,-0.6,6.0,298.15,Thermal,destabilizing,11273710.0,CD,A,21
2A36,T22K,-0.0,6.0,298.15,Thermal,stabilizing,11273710.0,CD,A,21
1LZ1,L8T,3.725998,2.7,338.05,Thermal,destabilizing,11294653.0,DSC,A,7
1LZ1,A9S,0.0238846,2.7,338.05,Thermal,destabilizing,11294653.0,DSC,A,8
1LZ1,A32S,0.02285608,2.7,338.05,Thermal,destabilizing,11294653.0,DSC,A,31
1LZ1,A92S,-0.125708,2.7,338.05,Thermal,stabilizing,11294653.0,DSC,A,91
1LZ1,V93T,0.06285421,2.7,338.05,Thermal,destabilizing,11294653.0,DSC,A,92
1LZ1,A96S,0.06285421,2.7,338.05,Thermal,destabilizing,11294653.0,DSC,A,95
1LZ1,V99T,0.445693,2.7,338.05,Thermal,destabilizing,11294653.0,DSC,A,98
1LZ1,V100T,0.09142431,2.7,338.05,Thermal,destabilizing,11294653.0,DSC,A,99
2LZM,I58T,3.4,5.4,332.15,Thermal,destabilizing,11316887.0,CD,A,57
2LZM,N101A,1.5,5.4,332.15,Thermal,destabilizing,11316887.0,CD,A,100
2LZM,Q105M,1.2,5.4,332.15,Thermal,destabilizing,11316887.0,CD,A,104
2LZM,V149A,3.1,5.4,332.15,Thermal,destabilizing,11316887.0,CD,A,148
2LZM,V149S,4.4,5.4,332.15,Thermal,destabilizing,11316887.0,CD,A,148
2LZM,V149C,2.0,5.4,332.15,Thermal,destabilizing,11316887.0,CD,A,148
2LZM,V149T,3.0,5.4,332.15,Thermal,destabilizing,11316887.0,CD,A,148
2LZM,V149I,0.1,5.4,332.15,Thermal,destabilizing,11316887.0,CD,A,148
2LZM,V149G,4.9,5.4,332.15,Thermal,destabilizing,11316887.0,CD,A,148
2LZM,T152A,1.5,5.4,332.15,Thermal,destabilizing,11316887.0,CD,A,151
2LZM,T152S,2.0,5.4,332.15,Thermal,destabilizing,11316887.0,CD,A,151
2LZM,T152C,0.5,5.4,332.15,Thermal,destabilizing,11316887.0,CD,A,151
2LZM,T152V,-0.2,5.4,332.15,Thermal,stabilizing,11316887.0,CD,A,151
2LZM,T152I,0.4,5.4,332.15,Thermal,destabilizing,11316887.0,CD,A,151
1BVC,Q8A,-0.98,4.2,277.15,Urea,stabilizing,11318652.0,Fluorescence,A,7
1BVC,K140A,-0.475,4.2,277.15,Urea,stabilizing,11318652.0,Fluorescence,A,139
1BVC,E109A,-0.265,4.2,277.15,Urea,stabilizing,11318652.0,Fluorescence,A,108
1BVC,Q8G,0.565,4.2,277.15,Urea,destabilizing,11318652.0,Fluorescence,A,7
1BVC,E109G,0.925,4.2,277.15,Urea,destabilizing,11318652.0,Fluorescence,A,108
3MBP,W62E,-0.4,7.5,298.15,GdnHCl,stabilizing,11344330.0,CD,A,61
3MBP,A63E,-1.8,7.5,298.15,GdnHCl,stabilizing,11344330.0,CD,A,62
3MBP,Y155E,2.7,7.5,298.15,GdnHCl,destabilizing,11344330.0,CD,A,154
3MBP,Y210A,-1.1,7.5,298.15,GdnHCl,stabilizing,11344330.0,CD,A,209
3MBP,W230E,3.1,7.5,298.15,GdnHCl,destabilizing,11344330.0,CD,A,229
3MBP,W232E,7.5,7.5,298.15,GdnHCl,destabilizing,11344330.0,CD,A,231
3MBP,Y242E,7.2,7.5,298.15,GdnHCl,destabilizing,11344330.0,CD,A,241
3MBP,I317E,5.8,7.5,298.15,GdnHCl,destabilizing,11344330.0,CD,A,316
3MBP,W340E,2.3,7.5,298.15,GdnHCl,destabilizing,11344330.0,CD,A,339
451C,E70Q,0.9,7.0,283.15,Urea,destabilizing,11399087.0,Fluorescence,A,69
451C,W56F,1.9,7.0,283.15,Urea,destabilizing,11399087.0,Fluorescence,A,55
451C,W77F,1.2,7.0,283.15,Urea,destabilizing,11399087.0,Fluorescence,A,76
451C,E70V,2.0,7.0,283.15,Urea,destabilizing,11399087.0,Fluorescence,A,69
1RHG,G149A,-2.29,7.0,298.15,GdnHCl,stabilizing,11406632.0,CD,A,121
1RHG,G150A,-2.86,7.0,298.15,GdnHCl,stabilizing,11406632.0,CD,A,122
1RHG,G26A,-3.06,7.0,298.15,GdnHCl,stabilizing,11406632.0,CD,A,17
1RHG,G28A,-2.66,7.0,298.15,GdnHCl,stabilizing,11406632.0,CD,A,19
1RHG,G73A,-1.44,7.0,298.15,GdnHCl,stabilizing,11406632.0,CD,A,55
1RHG,G81A,1.68,7.0,298.15,GdnHCl,destabilizing,11406632.0,CD,A,63
1RHG,G87A,1.86,7.0,298.15,GdnHCl,destabilizing,11406632.0,CD,A,69
1QLP,A31V,-0.6,6.5,298.15,GdnHCl,stabilizing,11420446.0,Fluorescence,A,8
1QLP,A31I,-0.9,6.5,298.15,GdnHCl,stabilizing,11420446.0,Fluorescence,A,8
1QLP,A31L,-0.9,6.5,298.15,GdnHCl,stabilizing,11420446.0,Fluorescence,A,8
1QLP,A31P,-2.5,6.5,298.15,GdnHCl,stabilizing,11420446.0,Fluorescence,A,8
1QLP,V55I,0.2,6.5,298.15,GdnHCl,destabilizing,11420446.0,Fluorescence,A,32
1QLP,V55L,0.3,6.5,298.15,GdnHCl,destabilizing,11420446.0,Fluorescence,A,32
1QLP,V145I,-0.2,6.5,298.15,GdnHCl,stabilizing,11420446.0,Fluorescence,A,122
1QLP,V145L,0.7,6.5,298.15,GdnHCl,destabilizing,11420446.0,Fluorescence,A,122
1QLP,V173L,0.6,6.5,298.15,GdnHCl,destabilizing,11420446.0,Fluorescence,A,150
1QLP,A183V,-3.8,6.5,298.15,GdnHCl,stabilizing,11420446.0,Fluorescence,A,160
1QLP,A183I,-1.8,6.5,298.15,GdnHCl,stabilizing,11420446.0,Fluorescence,A,160
1QLP,V173I,-0.5,6.5,298.15,GdnHCl,stabilizing,11420446.0,Fluorescence,A,150
1QLP,A183L,-1.4,6.5,298.15,GdnHCl,stabilizing,11420446.0,Fluorescence,A,160
1QLP,A183F,-1.5,6.5,298.15,GdnHCl,stabilizing,11420446.0,Fluorescence,A,160
1QLP,A248V,-2.3,6.5,298.15,GdnHCl,stabilizing,11420446.0,Fluorescence,A,225
1QLP,A248I,-2.2,6.5,298.15,GdnHCl,stabilizing,11420446.0,Fluorescence,A,225
1QLP,A248L,-1.5,6.5,298.15,GdnHCl,stabilizing,11420446.0,Fluorescence,A,225
1QLP,A248F,-1.8,6.5,298.15,GdnHCl,stabilizing,11420446.0,Fluorescence,A,225
1QLP,A250V,0.4,6.5,298.15,GdnHCl,destabilizing,11420446.0,Fluorescence,A,227
1QLP,A250I,0.4,6.5,298.15,GdnHCl,destabilizing,11420446.0,Fluorescence,A,227
1QLP,A250L,1.0,6.5,298.15,GdnHCl,destabilizing,11420446.0,Fluorescence,A,227
1QLP,A284V,-0.8,6.5,298.15,GdnHCl,stabilizing,11420446.0,Fluorescence,A,261
1QLP,A284I,-0.0,6.5,298.15,GdnHCl,stabilizing,11420446.0,Fluorescence,A,261
1QLP,V321I,-0.6,6.5,298.15,GdnHCl,stabilizing,11420446.0,Fluorescence,A,298
1QLP,V321L,1.2,6.5,298.15,GdnHCl,destabilizing,11420446.0,Fluorescence,A,298
1QLP,V364I,-0.4,6.5,298.15,GdnHCl,stabilizing,11420446.0,Fluorescence,A,341
1QLP,V364L,0.3,6.5,298.15,GdnHCl,destabilizing,11420446.0,Fluorescence,A,341
1K9Q,L30Y,-0.355,7.0,338.15,Thermal,stabilizing,11420447.0,Fluorescence,A,25
1K9Q,D34T,-0.38,7.0,338.15,Thermal,stabilizing,11420447.0,Fluorescence,A,29
1K9Q,A20R,-0.745,7.0,338.15,Thermal,stabilizing,11420447.0,Fluorescence,A,15
1STN,M32I,0.5,7.0,293.15,GdnHCl,destabilizing,11438757.0,Fluorescence,A,26
1STN,M26I,0.9,7.0,293.15,GdnHCl,destabilizing,11438757.0,Fluorescence,A,20
1STN,M65I,1.5,7.0,293.15,GdnHCl,destabilizing,11438757.0,Fluorescence,A,59
1STN,M98I,4.4,7.0,293.15,GdnHCl,destabilizing,11438757.0,Fluorescence,A,92
1STN,M26L,0.5,7.0,293.15,GdnHCl,destabilizing,11438757.0,Fluorescence,A,20
1STN,M65L,0.8,7.0,293.15,GdnHCl,destabilizing,11438757.0,Fluorescence,A,59
1STN,M32L,0.7,7.0,293.15,GdnHCl,destabilizing,11438757.0,Fluorescence,A,26
1STN,M26A,1.4,7.0,293.15,GdnHCl,destabilizing,11438757.0,Fluorescence,A,20
1STN,M32A,1.6,7.0,293.15,GdnHCl,destabilizing,11438757.0,Fluorescence,A,26
1STN,M65A,1.9,7.0,293.15,GdnHCl,destabilizing,11438757.0,Fluorescence,A,59
1STN,M26G,2.1,7.0,293.15,GdnHCl,destabilizing,11438757.0,Fluorescence,A,20
1STN,M32G,2.3,7.0,293.15,GdnHCl,destabilizing,11438757.0,Fluorescence,A,26
1STN,M98G,4.4,7.0,293.15,GdnHCl,destabilizing,11438757.0,Fluorescence,A,92
1STN,M98A,4.5,7.0,293.15,GdnHCl,destabilizing,11438757.0,Fluorescence,A,92
1STN,M65G,4.5,7.0,293.15,GdnHCl,destabilizing,11438757.0,Fluorescence,A,59
1BU4,D49A,-0.668769,7.0,298.15,Urea,stabilizing,11453993.0,Absorsance,A,48
1BU4,D15A,0.191204589,7.0,298.15,Urea,destabilizing,11453993.0,Absorsance,A,14
1BU4,D29A,0.621414914,7.0,298.15,Urea,destabilizing,11453993.0,Absorsance,A,28
1LZ1,R21A,-1.313653,2.7,338.05,Thermal,stabilizing,11455596.0,DSC,A,20
1LZ1,R21G,-1.146461,2.7,338.05,Thermal,stabilizing,11455596.0,DSC,A,20
1LZ1,Y38A,2.483998,2.7,338.05,Thermal,destabilizing,11455596.0,DSC,A,37
1LZ1,Y38G,2.316806,2.7,338.05,Thermal,destabilizing,11455596.0,DSC,A,37
1LZ1,R50A,-0.429923,2.7,338.05,Thermal,stabilizing,11455596.0,DSC,A,49
1LZ1,Q58A,-0.907615,2.7,338.05,Thermal,stabilizing,11455596.0,DSC,A,57
1LZ1,H78A,0.143308,2.7,338.05,Thermal,destabilizing,11455596.0,DSC,A,77
1LZ1,N118A,-0.191077,2.7,338.05,Thermal,stabilizing,11455596.0,DSC,A,117
1LZ1,N118G,-0.0477692,2.7,338.05,Thermal,stabilizing,11455596.0,DSC,A,117
451C,E70V,-0.3,7.0,283.15,GdnHCl,stabilizing,11468365.0,Fluorescence,A,69
451C,E70Q,0.2,7.0,283.15,GdnHCl,destabilizing,11468365.0,Fluorescence,A,69
4LYZ,I58M,1.18,5.5,308.15,GdnHCl,destabilizing,11477222.0,Fluorescence,A,57
4LYZ,I78M,0.9,5.5,308.15,GdnHCl,destabilizing,11477222.0,Fluorescence,A,77
4LYZ,I98M,0.9,5.5,308.15,GdnHCl,destabilizing,11477222.0,Fluorescence,A,97
4GWT,E12Q,0.54,7.0,298.15,Thermal,destabilizing,11478867.0,"CD, Fluorescence",A,6
4GWT,R14F,1.1,7.0,298.15,Thermal,destabilizing,11478867.0,"CD, Fluorescence",A,8
4GWT,S16T,0.465,7.0,298.15,Thermal,destabilizing,11478867.0,"CD, Fluorescence",A,10
1IGV,N21D,1.051625239,7.0,298.25,Urea,destabilizing,11502182.0,Fluorescence,A,20
1IGV,P43M,0.382409178,7.0,298.25,Urea,destabilizing,11502182.0,Fluorescence,A,42
2TRX,D26I,-3.1,7.0,298.15,Thermal,stabilizing,11513583.0,CD,A,25
2TRX,C32A,3.7,7.0,298.15,Thermal,destabilizing,11513583.0,CD,A,31
2TRX,C35A,3.1,7.0,298.15,Thermal,destabilizing,11513583.0,CD,A,34
2TRX,T66L,1.4,7.0,298.15,Thermal,destabilizing,11513583.0,CD,A,65
2TRX,T77V,1.1,7.0,298.15,Thermal,destabilizing,11513583.0,CD,A,76
1RN1,V16A,2.19,7.0,298.15,Thermal,destabilizing,11513591.0,DSC,A,15
1RN1,V89T,3.07,7.0,298.15,Urea,destabilizing,11513591.0,CD,A,87
1RN1,V78T,3.1,7.0,298.15,Thermal,destabilizing,11513591.0,DSC,A,76
1RN1,V89C,3.54,7.0,298.15,Urea,destabilizing,11513591.0,CD,A,87
1RN1,V16T,3.65,7.0,298.15,Urea,destabilizing,11513591.0,CD,A,15
1RN1,V78C,3.67,7.0,298.15,Urea,destabilizing,11513591.0,CD,A,76
1RN1,V78A,4.08,7.0,298.15,Urea,destabilizing,11513591.0,CD,A,76
1RN1,V16C,4.68,7.0,298.15,Thermal,destabilizing,11513591.0,DSC,A,15
1RN1,V16S,4.685,7.0,298.15,Urea,destabilizing,11513591.0,CD,A,15
1RN1,V78S,4.73,7.0,298.15,Urea,destabilizing,11513591.0,CD,A,76
1RN1,V89S,4.87,7.0,298.15,Urea,destabilizing,11513591.0,CD,A,87
1CFD,D50G,0.65,7.4,298.15,Thermal,destabilizing,11514666.0,CD,A,49
1CFD,E54K,-0.318,7.4,298.15,Thermal,stabilizing,11514666.0,CD,A,53
1CFD,G40E,1.57,7.4,298.15,Thermal,destabilizing,11514666.0,CD,A,39
1CFD,G59S,0.816,7.4,298.15,Thermal,destabilizing,11514666.0,CD,A,58
1HFY,T29V,-1.86,7.0,298.15,Thermal,stabilizing,11536356.0,CD,A,28
1HFY,T29I,-3.23,7.0,298.15,Thermal,stabilizing,11536356.0,CD,A,28
1MBG,V103L,-0.476076555,6.88,278.15,Pressure,stabilizing,11536365.0,NMR,A,13
1RGG,Y30F,-0.4,7.0,298.15,Thermal,stabilizing,11554795.0,CD,A,29
1RGG,Y80F,1.5,7.0,298.15,Thermal,destabilizing,11554795.0,CD,A,79
1RGG,Y81F,1.2,7.0,298.15,Thermal,destabilizing,11554795.0,CD,A,80
1RGG,Y86F,0.3,7.0,298.15,Thermal,destabilizing,11554795.0,CD,A,85
1RGG,Y49F,0.2,7.0,298.15,Thermal,destabilizing,11554795.0,CD,A,48
1RGG,Y51F,2.3,7.0,298.15,Thermal,destabilizing,11554795.0,CD,A,50
1RGG,Y52F,3.6,7.0,298.15,Thermal,destabilizing,11554795.0,CD,A,51
1RGG,Y55F,0.6,7.0,298.15,Thermal,destabilizing,11554795.0,CD,A,54
1MGR,Y11F,0.6,7.0,298.15,Thermal,destabilizing,11554795.0,CD,A,8
1MGR,Y33F,-0.5,7.0,298.15,Thermal,stabilizing,11554795.0,CD,A,30
1MGR,Y54F,2.6,7.0,298.15,Thermal,destabilizing,11554795.0,CD,A,51
1MGR,Y55F,2.1,7.0,298.15,Thermal,destabilizing,11554795.0,CD,A,52
1MGR,Y58F,0.7,7.0,298.15,Thermal,destabilizing,11554795.0,CD,A,55
1MGR,Y83F,1.5,7.0,298.15,Thermal,destabilizing,11554795.0,CD,A,80
1MGR,Y84F,1.0,7.0,298.15,Thermal,destabilizing,11554795.0,CD,A,81
1MGR,Y89F,-0.0,7.0,298.15,Thermal,stabilizing,11554795.0,CD,A,86
1MJC,T68W,-0.7,7.0,298.15,GdnHCl,stabilizing,11567094.0,Fluorescence,A,66
1MJC,Y42W,-0.15,7.0,298.15,GdnHCl,stabilizing,11567094.0,Fluorescence,A,40
1MJC,S52W,0.2,7.0,298.15,GdnHCl,destabilizing,11567094.0,Fluorescence,A,50
1UBQ,E18D,-0.08,3.0,298.15,GdnHCl,stabilizing,11567097.0,Fluorescence,A,17
1OSI,V126M,2.25,7.0,313.15,Thermal,destabilizing,11579229.0,CD,A,125
1OSI,V15I,0.78,7.0,313.15,Thermal,destabilizing,11579229.0,CD,A,14
1OSI,I11V,0.05,7.0,313.15,Thermal,destabilizing,11579229.0,CD,A,10
1OSI,S92F,-0.39,7.0,313.15,Thermal,stabilizing,11579229.0,CD,A,91
1LZ1,G16A,1.385307,2.7,338.05,Thermal,destabilizing,11599030.0,DSC,A,15
1LZ1,G19A,1.7674599999999998,2.7,338.05,Thermal,destabilizing,11599030.0,DSC,A,18
1LZ1,G22A,1.791345,2.7,338.05,Thermal,destabilizing,11599030.0,DSC,A,21
1LZ1,G37A,0.286615,2.7,338.05,Thermal,destabilizing,11599030.0,DSC,A,36
1LZ1,G48A,-0.453807,2.7,338.05,Thermal,stabilizing,11599030.0,DSC,A,47
1LZ1,G68A,0.119423,2.7,338.05,Thermal,destabilizing,11599030.0,DSC,A,67
1LZ1,G72A,0.358269,2.7,338.05,Thermal,destabilizing,11599030.0,DSC,A,71
1LZ1,G105A,0.621,2.7,338.05,Thermal,destabilizing,11599030.0,DSC,A,104
1LZ1,G127A,0.549346,2.7,338.05,Thermal,destabilizing,11599030.0,DSC,A,126
1LZ1,G129A,-0.143308,2.7,338.05,Thermal,stabilizing,11599030.0,DSC,A,128
1CFD,L39F,1.1,7.2,298.15,Thermal,destabilizing,11601997.0,CD,A,38
1QLP,W238F,-1.2,7.8,298.15,GdnSCN,stabilizing,11700071.0,Fluorescence,A,215
1QLP,W194F,-0.0,7.8,298.15,GdnSCN,stabilizing,11700071.0,Fluorescence,A,171
1STN,I139L,0.1,7.0,293.15,GdnHCl,destabilizing,11705391.0,Fluorescence,A,133
1STN,I139M,0.4,7.0,293.15,GdnHCl,destabilizing,11705391.0,Fluorescence,A,133
1STN,I15L,0.6,7.0,293.15,GdnHCl,destabilizing,11705391.0,Fluorescence,A,9
1STN,I15M,0.3,7.0,293.15,GdnHCl,destabilizing,11705391.0,Fluorescence,A,9
1STN,I18L,0.2,7.0,293.15,GdnHCl,destabilizing,11705391.0,Fluorescence,A,12
1STN,I18M,0.7,7.0,293.15,GdnHCl,destabilizing,11705391.0,Fluorescence,A,12
1STN,I72L,0.2,7.0,293.15,GdnHCl,destabilizing,11705391.0,Fluorescence,A,66
1STN,I72M,1.8,7.0,293.15,GdnHCl,destabilizing,11705391.0,Fluorescence,A,66
1STN,I92L,0.6,7.0,293.15,GdnHCl,destabilizing,11705391.0,Fluorescence,A,86
1STN,I92M,1.6,7.0,293.15,GdnHCl,destabilizing,11705391.0,Fluorescence,A,86
1STN,I92V,0.4,7.0,293.15,GdnHCl,destabilizing,11705391.0,Fluorescence,A,86
1STN,L103I,1.1,7.0,293.15,GdnHCl,destabilizing,11705391.0,Fluorescence,A,97
1STN,L103V,2.0,7.0,293.15,GdnHCl,destabilizing,11705391.0,Fluorescence,A,97
1STN,L108I,3.4,7.0,293.15,GdnHCl,destabilizing,11705391.0,Fluorescence,A,102
1STN,L108V,3.9,7.0,293.15,GdnHCl,destabilizing,11705391.0,Fluorescence,A,102
1STN,L125I,1.0,7.0,293.15,GdnHCl,destabilizing,11705391.0,Fluorescence,A,119
1STN,L125V,2.3,7.0,293.15,GdnHCl,destabilizing,11705391.0,Fluorescence,A,119
1STN,L137I,0.8,7.0,293.15,GdnHCl,destabilizing,11705391.0,Fluorescence,A,131
1STN,L137V,1.4,7.0,293.15,GdnHCl,destabilizing,11705391.0,Fluorescence,A,131
1STN,L14I,1.5,7.0,293.15,GdnHCl,destabilizing,11705391.0,Fluorescence,A,8
1STN,L14V,1.5,7.0,293.15,GdnHCl,destabilizing,11705391.0,Fluorescence,A,8
1STN,L25I,1.7,7.0,293.15,GdnHCl,destabilizing,11705391.0,Fluorescence,A,19
1STN,L25V,1.8,7.0,293.15,GdnHCl,destabilizing,11705391.0,Fluorescence,A,19
1STN,L36I,3.1,7.0,293.15,GdnHCl,destabilizing,11705391.0,Fluorescence,A,30
1STN,L36V,3.5,7.0,293.15,GdnHCl,destabilizing,11705391.0,Fluorescence,A,30
1STN,L37I,2.0,7.0,293.15,GdnHCl,destabilizing,11705391.0,Fluorescence,A,31
1STN,L37V,3.0,7.0,293.15,GdnHCl,destabilizing,11705391.0,Fluorescence,A,31
1STN,L38I,2.1,7.0,293.15,GdnHCl,destabilizing,11705391.0,Fluorescence,A,32
1STN,L38V,0.2,7.0,293.15,GdnHCl,destabilizing,11705391.0,Fluorescence,A,32
1STN,L7I,0.9,7.0,293.15,GdnHCl,destabilizing,11705391.0,Fluorescence,A,1
1STN,L7V,1.4,7.0,293.15,GdnHCl,destabilizing,11705391.0,Fluorescence,A,1
1STN,L89I,1.1,7.0,293.15,GdnHCl,destabilizing,11705391.0,Fluorescence,A,83
1STN,L89V,1.4,7.0,293.15,GdnHCl,destabilizing,11705391.0,Fluorescence,A,83
1STN,T120I,1.7,7.0,293.15,GdnHCl,destabilizing,11705391.0,Fluorescence,A,114
1STN,T13I,0.1,7.0,293.15,GdnHCl,destabilizing,11705391.0,Fluorescence,A,7
1STN,T22I,0.7,7.0,293.15,GdnHCl,destabilizing,11705391.0,Fluorescence,A,16
1STN,T33I,-0.6,7.0,293.15,GdnHCl,stabilizing,11705391.0,Fluorescence,A,27
1STN,T41I,-0.7,7.0,293.15,GdnHCl,stabilizing,11705391.0,Fluorescence,A,35
1STN,T44I,0.6,7.0,293.15,GdnHCl,destabilizing,11705391.0,Fluorescence,A,38
1STN,T62I,1.7,7.0,293.15,GdnHCl,destabilizing,11705391.0,Fluorescence,A,56
1STN,T82I,-0.5,7.0,293.15,GdnHCl,stabilizing,11705391.0,Fluorescence,A,76
1STN,V104I,-0.2,7.0,293.15,GdnHCl,stabilizing,11705391.0,Fluorescence,A,98
1STN,V104L,0.8,7.0,293.15,GdnHCl,destabilizing,11705391.0,Fluorescence,A,98
1STN,V111I,0.7,7.0,293.15,GdnHCl,destabilizing,11705391.0,Fluorescence,A,105
1STN,V111L,0.9,7.0,293.15,GdnHCl,destabilizing,11705391.0,Fluorescence,A,105
1STN,V114I,0.1,7.0,293.15,GdnHCl,destabilizing,11705391.0,Fluorescence,A,108
1STN,V114L,1.1,7.0,293.15,GdnHCl,destabilizing,11705391.0,Fluorescence,A,108
1STN,V23I,0.2,7.0,293.15,GdnHCl,destabilizing,11705391.0,Fluorescence,A,17
1STN,V23L,0.1,7.0,293.15,GdnHCl,destabilizing,11705391.0,Fluorescence,A,17
1STN,V39I,-0.1,7.0,293.15,GdnHCl,stabilizing,11705391.0,Fluorescence,A,33
1STN,V39L,0.9,7.0,293.15,GdnHCl,destabilizing,11705391.0,Fluorescence,A,33
1STN,V51I,-0.1,7.0,293.15,GdnHCl,stabilizing,11705391.0,Fluorescence,A,45
1STN,V51L,0.2,7.0,293.15,GdnHCl,destabilizing,11705391.0,Fluorescence,A,45
1STN,V66I,1.0,7.0,293.15,GdnHCl,destabilizing,11705391.0,Fluorescence,A,60
1STN,V66L,0.3,7.0,293.15,GdnHCl,destabilizing,11705391.0,Fluorescence,A,60
1STN,V74I,1.8,7.0,293.15,GdnHCl,destabilizing,11705391.0,Fluorescence,A,68
1STN,V74L,1.2,7.0,293.15,GdnHCl,destabilizing,11705391.0,Fluorescence,A,68
1STN,V99I,0.2,7.0,293.15,GdnHCl,destabilizing,11705391.0,Fluorescence,A,93
1STN,V99L,0.3,7.0,293.15,GdnHCl,destabilizing,11705391.0,Fluorescence,A,93
2AFG,V109L,0.57323,6.6,313.2,Thermal,destabilizing,11714927.0,DSC,A,99
2AFG,L44P,-0.692653,6.6,313.2,Thermal,destabilizing,11714927.0,DSC,A,34
2AFG,L73V,1.456961,6.6,313.2,Thermal,destabilizing,11714927.0,DSC,A,63
1DIL,A53L,-0.81,7.0,298.15,GdnHCl,stabilizing,11742108.0,CD,A,51
1DIL,A69V,-0.62,7.0,298.15,GdnHCl,stabilizing,11742108.0,CD,A,67
1LVE,M4L,-1.1,7.5,298.15,GdnHCl,stabilizing,11751325.0,Fluorescence,A,3
1LVE,K39T,2.6,7.5,298.15,GdnHCl,destabilizing,11751325.0,Fluorescence,A,44
1C9O,Y15F,0.0477692,7.0,343.15,Thermal,destabilizing,11800561.0,CD,A,14
1C9O,V64T,0.262731,7.0,343.15,Thermal,destabilizing,11800561.0,CD,A,63
1C9O,T31S,-0.167192,7.0,343.15,Thermal,stabilizing,11800561.0,CD,A,30
1C9O,S24D,-0.214961,7.0,343.15,Thermal,stabilizing,11800561.0,CD,A,23
1C9O,R3L,0.9321224,7.0,343.15,Thermal,destabilizing,11800561.0,CD,A,2
1C9O,R3K,0.191204,7.0,343.15,Thermal,destabilizing,11800561.0,CD,A,2
1C9O,R3E,2.746729,7.0,343.15,Thermal,destabilizing,11800561.0,CD,A,2
1C9O,R3A,1.888145,7.0,343.15,Thermal,destabilizing,11800561.0,CD,A,2
1C9O,Q53E,0.0955384,7.0,343.15,Thermal,destabilizing,11800561.0,CD,A,52
1C9O,Q2L,-0.549346,7.0,343.15,Thermal,stabilizing,11800561.0,CD,A,1
1C9O,N11S,-0.334384,7.0,343.15,Thermal,stabilizing,11800561.0,CD,A,10
1C9O,L66E,1.241999,7.0,343.15,Thermal,destabilizing,11800561.0,CD,A,65
1C9O,G23Q,0.286615,7.0,343.15,Thermal,destabilizing,11800561.0,CD,A,22
1CSP,E66L,-1.770334928,7.0,343.15,Thermal,stabilizing,11800561.0,CD,A,65
1C9O,E46A,0.214961,7.0,343.15,Thermal,destabilizing,11800561.0,CD,A,45
1CSP,E3R,-2.655502392,7.0,343.15,Thermal,stabilizing,11800561.0,CD,A,2
1CSP,E3L,-1.6028708130000002,7.0,343.15,Thermal,stabilizing,11800561.0,CD,A,2
1C9O,E21A,0.2868069,7.0,343.15,Thermal,destabilizing,11800561.0,CD,A,20
1CSP,A46E,0.28708134,7.0,343.15,Thermal,destabilizing,11800561.0,CD,A,45
1C9O,Y15F,0.0955384,7.0,298.15,GdnHCl,destabilizing,11800561.0,CD,A,14
1C9O,V64T,0.3105,7.0,298.15,GdnHCl,destabilizing,11800561.0,CD,A,63
1C9O,T31S,-0.0477692,7.0,298.15,GdnHCl,stabilizing,11800561.0,CD,A,30
1C9O,S24D,-0.0955384,7.0,298.15,GdnHCl,stabilizing,11800561.0,CD,A,23
1C9O,R3L,-0.334384,7.0,298.15,GdnHCl,stabilizing,11800561.0,CD,A,2
1C9O,R3E,0.8359610000000001,7.0,298.15,GdnHCl,destabilizing,11800561.0,CD,A,2
1C9O,Q53E,-0.0238846,7.0,298.15,GdnHCl,stabilizing,11800561.0,CD,A,52
1C9O,Q2L,-0.406038,7.0,298.15,GdnHCl,stabilizing,11800561.0,CD,A,1
1C9O,N11S,-0.0,7.0,298.15,GdnHCl,stabilizing,11800561.0,CD,A,10
1C9O,L66E,0.8359610000000001,7.0,298.15,GdnHCl,destabilizing,11800561.0,CD,A,65
1C9O,G23Q,-0.0,7.0,298.15,GdnHCl,stabilizing,11800561.0,CD,A,22
1CSP,E66L,-1.339712919,7.0,298.15,GdnHCl,stabilizing,11800561.0,CD,A,65
1C9O,E46A,-0.0955384,7.0,298.15,GdnHCl,stabilizing,11800561.0,CD,A,45
1CSP,E3R,-0.885167464,7.0,298.15,GdnHCl,stabilizing,11800561.0,CD,A,2
1EL1,I56L,0.238846,4.5,339.55,Thermal,destabilizing,11809927.0,DSC,A,56
1EL1,A93S,0.262731,4.5,339.55,Thermal,destabilizing,11809927.0,DSC,A,93
1EL1,V109K,0.429923,4.5,339.55,Thermal,destabilizing,11809927.0,DSC,A,109
1EL1,H21G,0.477692,4.5,339.55,Thermal,destabilizing,11809927.0,DSC,A,21
1QM4,R265H,-10.61,8.0,298.15,Urea,stabilizing,11815619.0,Fluorescence,A,236
1BPI,Y21A,3.9,2.0,293.15,GdnHCl,destabilizing,11841216.0,CD,A,20
1BPI,F22A,1.0,2.0,293.15,GdnHCl,destabilizing,11841216.0,CD,A,21
1BPI,Y23A,6.0,2.0,293.15,GdnHCl,destabilizing,11841216.0,CD,A,22
1BPI,G37A,2.7,2.0,293.15,GdnHCl,destabilizing,11841216.0,CD,A,36
1BPI,F45A,6.8,2.0,293.15,GdnHCl,destabilizing,11841216.0,CD,A,44
1UWO,M7A,5.263157895,7.2,298.15,GdnHCl,destabilizing,11888280.0,CD,A,6
1UWO,L3S,2.775119617,7.2,298.15,GdnHCl,destabilizing,11888280.0,CD,A,2
1UWO,L3A,1.196172249,7.2,298.15,GdnHCl,destabilizing,11888280.0,CD,A,2
1UWO,I11A,4.138755981,7.2,298.15,GdnHCl,destabilizing,11888280.0,CD,A,10
1UWO,F14A,7.535885167000001,7.2,298.15,GdnHCl,destabilizing,11888280.0,CD,A,13
1LUC,A81H,2.5,7.0,298.15,Urea,destabilizing,11900533.0,CD,A,80
1LUC,H82A,2.8,7.0,298.15,Urea,destabilizing,11900533.0,CD,A,81
1IFB,G44P,1.9,7.3,293.15,GdnHCl,destabilizing,11900547.0,Fluorescence,A,43
1IFB,G65P,2.5,7.3,293.15,GdnHCl,destabilizing,11900547.0,Fluorescence,A,64
1IFB,G99P,1.5,7.3,293.15,GdnHCl,destabilizing,11900547.0,Fluorescence,A,98
1IFB,G110P,-0.0,7.3,293.15,GdnHCl,stabilizing,11900547.0,Fluorescence,A,109
1IFB,G121P,3.8,7.3,293.15,GdnHCl,destabilizing,11900547.0,Fluorescence,A,120
1BPI,R39M,5.7,4.3,298.15,Thermal,destabilizing,11910035.0,DSC,A,38
1BPI,T32M,6.3,4.3,298.15,Thermal,destabilizing,11910035.0,DSC,A,31
1BPI,F22M,7.2,4.3,298.15,Thermal,destabilizing,11910035.0,DSC,A,21
1BPI,T54M,8.1,4.3,298.15,Thermal,destabilizing,11910035.0,DSC,A,53
1BPI,L29M,8.5,4.3,298.15,Thermal,destabilizing,11910035.0,DSC,A,28
1BPI,T11M,8.7,4.3,298.15,Thermal,destabilizing,11910035.0,DSC,A,10
1BPI,L6M,8.8,4.3,298.15,Thermal,destabilizing,11910035.0,DSC,A,5
1BPI,E49M,11.4,4.3,298.15,Thermal,destabilizing,11910035.0,DSC,A,48
1BPI,R53M,12.4,4.3,298.15,Thermal,destabilizing,11910035.0,DSC,A,52
1BPI,K46M,12.7,4.3,298.15,Thermal,destabilizing,11910035.0,DSC,A,45
1RTB,F46V,-0.114646,5.5,331.15,Thermal,destabilizing,11926818.0,Abs,A,45
1RTB,F46E,0.124797,5.5,331.15,Thermal,destabilizing,11926818.0,Abs,A,45
1RTB,F46K,0.580754,5.5,331.15,Thermal,destabilizing,11926818.0,Abs,A,45
1QLP,Y160A,0.1,7.8,298.15,GdnHCl,destabilizing,11926819.0,CD,A,137
1QLP,Y160W,-1.3,7.8,298.15,GdnHCl,stabilizing,11926819.0,CD,A,137
1LZ1,V2I,-1.098692,2.7,338.05,Thermal,stabilizing,11927576.0,DSC,A,1
1LZ1,V110I,-0.8598459999999999,2.7,338.05,Thermal,stabilizing,11927576.0,DSC,A,109
1LZ1,V74M,-0.644884,2.7,338.05,Thermal,stabilizing,11927576.0,DSC,A,73
1LZ1,V110A,-0.525461,2.7,338.05,Thermal,stabilizing,11927576.0,DSC,A,109
1LZ1,V110M,-0.525461,2.7,338.05,Thermal,stabilizing,11927576.0,DSC,A,109
1LZ1,V110G,-0.477692,2.7,338.05,Thermal,stabilizing,11927576.0,DSC,A,109
1LZ1,V74I,-0.453807,2.7,338.05,Thermal,stabilizing,11927576.0,DSC,A,73
1LZ1,V74L,-0.191077,2.7,338.05,Thermal,stabilizing,11927576.0,DSC,A,73
1LZ1,V110L,-0.0716538,2.7,338.05,Thermal,stabilizing,11927576.0,DSC,A,109
1LZ1,V2L,0.0477692,2.7,338.05,Thermal,destabilizing,11927576.0,DSC,A,1
1LZ1,V110F,0.0477692,2.7,338.05,Thermal,destabilizing,11927576.0,DSC,A,109
1LZ1,V74G,0.214961,2.7,338.05,Thermal,destabilizing,11927576.0,DSC,A,73
1LZ1,V74F,0.286615,2.7,338.05,Thermal,destabilizing,11927576.0,DSC,A,73
1LZ1,V2M,0.3105,2.7,338.05,Thermal,destabilizing,11927576.0,DSC,A,1
1LZ1,V74A,0.358269,2.7,338.05,Thermal,destabilizing,11927576.0,DSC,A,73
1LZ1,V2F,0.8598459999999999,2.7,338.05,Thermal,destabilizing,11927576.0,DSC,A,1
1LZ1,V2S,1.409191,2.7,338.05,Thermal,destabilizing,11927576.0,DSC,A,1
1LZ1,V2Y,0.358269,2.7,338.05,Thermal,destabilizing,11927576.0,DSC,A,1
1LZ1,V2D,1.433076,2.7,338.05,Thermal,destabilizing,11927576.0,DSC,A,1
1LZ1,V2N,1.337538,2.7,338.05,Thermal,destabilizing,11927576.0,DSC,A,1
1LZ1,V2R,0.382154,2.7,338.05,Thermal,destabilizing,11927576.0,DSC,A,1
1LZ1,V74S,0.382154,2.7,338.05,Thermal,destabilizing,11927576.0,DSC,A,73
1LZ1,V74Y,0.238846,2.7,338.05,Thermal,destabilizing,11927576.0,DSC,A,73
1LZ1,V74D,0.429923,2.7,338.05,Thermal,destabilizing,11927576.0,DSC,A,73
1LZ1,V74N,0.334384,2.7,338.05,Thermal,destabilizing,11927576.0,DSC,A,73
1LZ1,V74R,0.0716538,2.7,338.05,Thermal,destabilizing,11927576.0,DSC,A,73
1LZ1,V110Y,0.143308,2.7,338.05,Thermal,destabilizing,11927576.0,DSC,A,109
1LZ1,V110D,-0.167192,2.7,338.05,Thermal,stabilizing,11927576.0,DSC,A,109
1LZ1,V110N,-0.0716538,2.7,338.05,Thermal,stabilizing,11927576.0,DSC,A,109
1LZ1,V110R,-0.8837299999999999,2.7,338.05,Thermal,stabilizing,11927576.0,DSC,A,109
1LZ1,V2A,1.50473,2.7,338.05,Thermal,destabilizing,11927576.0,DSC,A,1
1LZ1,V2G,2.292922,2.7,338.05,Thermal,destabilizing,11927576.0,DSC,A,1
1SHG,K59F,0.92,7.0,298.0,Urea,destabilizing,11959988.0,Fluorescence,A,53
1SHG,Y13F,0.025,7.0,298.15,Urea,destabilizing,11959988.0,Fluorescence,A,7
1SHG,Y57F,0.067,7.0,298.15,Urea,destabilizing,11959988.0,Fluorescence,A,51
1SHG,F52Y,-0.44,7.0,298.0,Urea,stabilizing,11959988.0,Fluorescence,A,46
1SHG,K59Y,0.84,7.0,298.0,Urea,destabilizing,11959988.0,Fluorescence,A,53
1SHG,Y13F,2.53,7.0,298.0,Urea,destabilizing,11959988.0,Fluorescence,A,7
1SHG,Y57F,2.57,7.0,298.0,Urea,destabilizing,11959988.0,Fluorescence,A,51
1SHG,K18F,2.33,7.0,298.0,Urea,destabilizing,11959988.0,Fluorescence,A,12
5AZU,H117G,2.36842105,7.0,293.15,GdnHCl,destabilizing,11964251.0,CD,A,116
5AZU,H46G,2.63,7.0,293.15,GdnHCl,destabilizing,11964251.0,CD,A,45
5AZU,C3S,5.473231358,7.0,298.15,GuHCl,destabilizing,12007613.0,Fluorescence,A,2
1A43,C218S,2.3,7.3,298.15,GdnHCl,destabilizing,12051856.0,Fluorescence,A,70
1A43,C218S,2.8,7.3,298.15,GdnHCl,destabilizing,12051856.0,Fluorescence,A,70
1A43,G156A,1.0,7.3,298.15,GdnHCl,destabilizing,12051856.0,Fluorescence,A,8
1A43,G156A,2.8,7.3,298.15,GdnHCl,destabilizing,12051856.0,Fluorescence,A,8
1A43,E159D,2.1,7.3,298.15,GdnHCl,destabilizing,12051856.0,Fluorescence,A,11
1A43,E159D,4.9,7.3,298.15,GdnHCl,destabilizing,12051856.0,Fluorescence,A,11
1A43,R167A,3.0,7.3,298.15,GdnHCl,destabilizing,12051856.0,Fluorescence,A,19
1A43,R167A,3.1,7.3,298.15,GdnHCl,destabilizing,12051856.0,Fluorescence,A,19
1A43,W184A,0.7,7.3,298.15,GdnHCl,destabilizing,12051856.0,CD,A,36
1GLU,C500A,1.08,6.5,298.15,GdmCl,destabilizing,12051939.0,fluorescence / CD,A,66
1HCQ,C67A,2.09,6.5,298.15,GdmCl,destabilizing,12051939.0,fluorescence / CD,A,66
1HCQ,C67S,1.99,6.5,298.15,GdmCl,destabilizing,12051939.0,fluorescence / CD,A,66
1TTG,P82A,0.42,5.0,298.15,Urea,destabilizing,12054791.0,CD,A,81
1TTG,P87A,0.21,5.0,298.15,Urea,destabilizing,12054791.0,CD,A,86
1LVE,Q38N,1.1,7.5,298.15,GdnHCl,destabilizing,12070321.0,Fluorescence,A,43
1LVE,Q89N,1.6,7.5,298.15,GdnHCl,destabilizing,12070321.0,Fluorescence,A,94
1OTR,L67A,2.822966507,3.75,323.15,Thermal,destabilizing,12079391.0,DSC,B,66
1OTR,V5N,5.38277512,3.75,323.15,Thermal,destabilizing,12079391.0,DSC,B,4
1OTR,L67N,3.397129187,3.75,323.15,Thermal,destabilizing,12079391.0,DSC,B,66
1OTR,L67S,3.301435407,3.75,323.15,Thermal,destabilizing,12079391.0,DSC,B,66
1OTR,L67T,2.918660287,3.75,323.15,Thermal,destabilizing,12079391.0,DSC,B,66
1OTR,V5A,3.014354067,3.75,323.15,Thermal,destabilizing,12079391.0,DSC,B,4
1OTR,V5T,3.732057416,3.75,323.15,Thermal,destabilizing,12079391.0,DSC,B,4
1TIT,C63S,2.08,7.3,298.15,GdnHCl,destabilizing,12080133.0,Fluorescence,A,62
451C,V78I,-1.11,3.6,335.75,Thermal,stabilizing,12082163.0,DSC,A,77
1CM2,K49R,0.15,7.0,298.15,Urea,destabilizing,12144791.0,CD,A,48
1CM2,K49N,-0.35,7.0,298.15,Urea,stabilizing,12144791.0,CD,A,48
1CM2,K49S,-1.1,7.0,298.15,Urea,stabilizing,12144791.0,CD,A,48
1CM2,K49D,-1.65,7.0,298.15,Urea,stabilizing,12144791.0,CD,A,48
1CM2,K49Q,-1.55,7.0,298.15,Urea,stabilizing,12144791.0,CD,A,48
1CM2,K49E,-2.0,7.0,298.15,Urea,stabilizing,12144791.0,CD,A,48
1CM2,K49M,-1.0,7.0,298.15,Urea,stabilizing,12144791.0,CD,A,48
1CM2,K49G,-1.1,7.0,298.15,Urea,stabilizing,12144791.0,CD,A,48
1CM2,K49A,-1.5,7.0,298.15,Urea,stabilizing,12144791.0,CD,A,48
1KKM,G49K,0.9,7.0,298.15,Urea,destabilizing,12144791.0,CD,H,46
1KKM,G49E,-1.3,7.0,298.15,Urea,stabilizing,12144791.0,CD,H,46
1KKM,G49A,-0.85,7.0,298.15,Urea,stabilizing,12144791.0,CD,H,46
1AV1,L141R,0.65,7.4,298.15,Thermal,destabilizing,12173940.0,CD,A,98
1AYF,F11W,0.8038277509999999,7.5,293.15,GdnHCl,destabilizing,12206673.0,Fluorescence,A,5
1AYF,F43W,1.21291866,7.5,293.15,GdnHCl,destabilizing,12206673.0,Fluorescence,A,37
1AYF,F59W,2.377990431,7.5,293.15,GdnHCl,destabilizing,12206673.0,Fluorescence,A,53
1AYF,F64W,0.325358852,7.5,293.15,GdnHCl,destabilizing,12206673.0,Fluorescence,A,58
1AYF,Y82W,0.002392344,7.5,293.15,GdnHCl,destabilizing,12206673.0,Fluorescence,A,76
1STN,S141A,0.12,7.0,313.15,Thermal,destabilizing,12211005.0,CD,A,135
1WQ5,P28G,1.66,7.8,298.15,Urea,destabilizing,12215410.0,CD,A,27
1WQ5,P28A,4.12,7.8,298.15,Urea,destabilizing,12215410.0,CD,A,27
1OTR,E34A,-0.071770335,3.0,338.15,Thermal,stabilizing,12215419.0,DSC,A,28
1OTR,E34C,-0.909090909,3.0,338.15,Thermal,stabilizing,12215419.0,DSC,A,28
1OTR,E34D,0.215311005,3.0,338.15,Thermal,destabilizing,12215419.0,DSC,A,28
1OTR,E34F,-0.7177033490000001,3.0,338.15,Thermal,stabilizing,12215419.0,DSC,A,28
1OTR,E34G,-1.387559809,3.0,338.15,Thermal,destabilizing,12215419.0,DSC,A,28
1OTR,E34H,3.923444976,3.0,338.15,Thermal,destabilizing,12215419.0,DSC,A,28
1OTR,E34I,-1.6507177030000002,3.0,338.15,Thermal,stabilizing,12215419.0,DSC,A,28
1OTR,E34K,2.1531100480000003,3.0,338.15,Thermal,destabilizing,12215419.0,DSC,A,28
1OTR,E34L,-1.363636364,3.0,338.15,Thermal,stabilizing,12215419.0,DSC,A,28
1OTR,E34N,1.124401914,3.0,338.15,Thermal,destabilizing,12215419.0,DSC,A,28
1OTR,E34P,2.129186603,3.0,338.15,Thermal,destabilizing,12215419.0,DSC,A,28
1OTR,E34Q,1.4593301440000002,3.0,338.15,Thermal,destabilizing,12215419.0,DSC,A,28
1OTR,E34S,-0.119617225,3.0,338.15,Thermal,stabilizing,12215419.0,DSC,A,28
1OTR,E34T,-1.507177033,3.0,338.15,Thermal,stabilizing,12215419.0,DSC,A,28
1OTR,E34V,-0.861244019,3.0,338.15,Thermal,stabilizing,12215419.0,DSC,A,28
1OTR,E34W,-1.315789474,3.0,338.15,Thermal,stabilizing,12215419.0,DSC,A,28
1OTR,E34Y,-0.406698565,3.0,338.15,Thermal,stabilizing,12215419.0,DSC,A,28
2N53,V136A,1.36,4.5,298.15,Thermal,destabilizing,12270715.0,"CD,DSC, Fluorescence",A,44
2N53,V136A,0.45,5.0,298.15,Thermal,destabilizing,12270715.0,"CD,DSC, Fluorescence",A,44
1TIT,V13A,2.37,7.4,298.15,GdnHCl,destabilizing,12270718.0,CD,A,12
1TIT,I23A,2.89,7.4,298.15,GdnHCl,destabilizing,12270718.0,CD,A,22
1TIT,L41A,2.67,7.4,298.15,GdnHCl,destabilizing,12270718.0,CD,A,40
1TIT,L58A,3.61,7.4,298.15,GdnHCl,destabilizing,12270718.0,CD,A,57
1TIT,L60A,5.27,7.4,298.15,GdnHCl,destabilizing,12270718.0,CD,A,59
1TIT,F73L,3.06,7.4,298.15,GdnHCl,destabilizing,12270718.0,CD,A,72
1TIT,V86A,4.78,7.4,298.15,GdnHCl,destabilizing,12270718.0,CD,A,85
1IHB,F71N,-0.71,7.5,298.15,Urea,stabilizing,12370184.0,CD,A,66
1IHB,F92N,1.08,7.5,298.15,Urea,destabilizing,12370184.0,CD,A,87
1IHB,F82Q,0.46,7.5,298.15,Urea,destabilizing,12370184.0,CD,A,77
1IHB,F37H,1.24,7.5,298.15,Urea,destabilizing,12370184.0,CD,A,32
1IHB,R55V,0.32,7.5,298.15,Urea,destabilizing,12370184.0,CD,A,50
1DKT,I6V,0.56,7.5,283.15,Urea,destabilizing,12473461.0,Fluorescence,A,1
1DKT,Y8A,0.34,7.5,283.15,Urea,destabilizing,12473461.0,Fluorescence,A,3
1DKT,S9A,0.34,7.5,283.15,Urea,destabilizing,12473461.0,Fluorescence,A,4
1DKT,K11A,-0.51,7.5,283.15,Urea,stabilizing,12473461.0,Fluorescence,A,6
1DKT,F17L,2.79,7.5,283.15,Urea,destabilizing,12473461.0,Fluorescence,A,12
1DKT,E18A,1.25,7.5,283.15,Urea,destabilizing,12473461.0,Fluorescence,A,13
1DKT,V22A,1.53,7.5,283.15,Urea,destabilizing,12473461.0,Fluorescence,A,17
1DKT,V32A,1.13,7.5,283.15,Urea,destabilizing,12473461.0,Fluorescence,A,27
1DKT,S39A,0.83,7.5,283.15,Urea,destabilizing,12473461.0,Fluorescence,A,34
1DKT,L46A,2.07,7.5,283.15,Urea,destabilizing,12473461.0,Fluorescence,A,41
1DKT,V55A,1.06,7.5,283.15,Urea,destabilizing,12473461.0,Fluorescence,A,50
1DKT,V55G,2.1,7.5,283.15,Urea,destabilizing,12473461.0,Fluorescence,A,50
1DKT,M58L,0.52,7.5,283.15,Urea,destabilizing,12473461.0,Fluorescence,A,53
1DKT,P62A,-1.4,7.5,283.15,Urea,stabilizing,12473461.0,Fluorescence,A,57
1DKT,P64A,0.42,7.5,283.15,Urea,destabilizing,12473461.0,Fluorescence,A,59
1DKT,H65A,0.6,7.5,283.15,Urea,destabilizing,12473461.0,Fluorescence,A,60
1DKT,L67A,2.03,7.5,283.15,Urea,destabilizing,12473461.0,Fluorescence,A,62
1DKT,R70A,2.8,7.5,283.15,Urea,destabilizing,12473461.0,Fluorescence,A,65
1DKT,R71A,0.68,7.5,283.15,Urea,destabilizing,12473461.0,Fluorescence,A,66
1DKT,F69L,2.49,7.5,283.15,Urea,destabilizing,12473461.0,Fluorescence,A,64
1DKT,L24A,3.28,7.5,283.15,Urea,destabilizing,12473461.0,Fluorescence,A,19
1ARR,V25A,-0.04,7.5,298.15,Urea,stabilizing,12487987.0,CD,A,24
1ARR,V18A,0.79,7.5,298.15,Urea,destabilizing,12487987.0,CD,A,17
1ARR,L19A,0.82,7.5,298.15,Urea,destabilizing,12487987.0,CD,A,18
1ARR,G30A,1.29,7.5,298.15,Urea,destabilizing,12487987.0,CD,A,29
1ARR,L12A,1.32,7.5,298.15,Urea,destabilizing,12487987.0,CD,A,11
1ARR,I37V,1.37,7.5,298.15,Urea,destabilizing,12487987.0,CD,A,36
1ARR,V33A,1.77,7.5,298.15,Urea,destabilizing,12487987.0,CD,A,32
1ARR,F45A,2.7,7.5,298.15,Urea,destabilizing,12487987.0,CD,A,44
1ARR,M42A,2.97,7.5,298.15,Urea,destabilizing,12487987.0,CD,A,41
1ARR,Y38A,3.0,7.5,298.15,Urea,destabilizing,12487987.0,CD,A,37
1ARR,V22A,3.02,7.5,298.15,Urea,destabilizing,12487987.0,CD,A,21
1ARR,V41A,3.71,7.5,298.15,Urea,destabilizing,12487987.0,CD,A,40
1ARR,S32A,3.76,7.5,298.15,Urea,destabilizing,12487987.0,CD,A,31
2LZM,S38A,0.77,3.0,326.55,Thermal,destabilizing,12487988.0,CD,A,37
1QLP,S330R,2.02,7.8,298.15,Urea,destabilizing,12498804.0,Fluorescence,A,307
1QLP,K331T,0.43,7.8,298.15,Urea,destabilizing,12498804.0,Fluorescence,A,308
1QLP,K331V,-0.65,7.8,298.15,Urea,stabilizing,12498804.0,Fluorescence,A,308
1QLP,K331I,-0.77,7.8,298.15,Urea,stabilizing,12498804.0,Fluorescence,A,308
1QLP,K331F,-1.31,7.8,298.15,Urea,stabilizing,12498804.0,Fluorescence,A,308
1B26,K193A,-0.98,7.0,293.15,GdnHCl,stabilizing,12501181.0,CD,A,189
1B26,K193A,-0.23,7.0,342.65,Thermal,stabilizing,12501181.0,CD,A,189
1B26,E231A,0.17,7.0,342.65,Thermal,destabilizing,12501181.0,CD,A,227
1B26,R190A,0.32,7.0,293.15,Urea,destabilizing,12501181.0,CD,A,186
1B26,R190A,0.34,7.0,342.65,Thermal,destabilizing,12501181.0,CD,A,186
1B26,E231A,0.35,7.0,293.15,Urea,destabilizing,12501181.0,CD,A,227
1STN,K110E,-0.8,7.0,293.15,GdnHCl,stabilizing,12549934.0,Fluorescence,A,104
1STN,K110Q,-0.3,7.0,293.15,GdnHCl,stabilizing,12549934.0,Fluorescence,A,104
1RX4,G95A,1.3,7.8,288.15,Urea,destabilizing,12559923.0,CD,A,94
1DIV,K12M,-0.98,5.4,338.45,Urea,stabilizing,12589767.0,CD,A,11
1DIV,K12M,-0.59,5.4,298.15,GdnHCl,stabilizing,12589767.0,CD,A,11
1YCC,K27Q,1.719691,7.0,298.15,GdnHCl,destabilizing,12590607.0,CD,A,31
1YCC,K11Q,2.38846,7.0,298.15,GdnHCl,destabilizing,12590607.0,CD,A,15
1YCC,K22Q,2.794498,7.0,298.15,GdnHCl,destabilizing,12590607.0,CD,A,26
1YCC,K27H,4.9,7.0,298.15,GdnHCl,destabilizing,12590607.0,CD,A,31
1YCC,K22H,10.4,7.0,298.15,GdnHCl,destabilizing,12590607.0,CD,A,26
1FKJ,W59F,-2.72,7.5,298.15,Urea,stabilizing,12600203.0,Fluorescence,A,58
1FKJ,W59L,-2.35,7.5,298.15,Urea,stabilizing,12600203.0,Fluorescence,A,58
1TUP,R248Q,-0.74,6.8,283.15,Urea,stabilizing,12600206.0,"NMR, Fluorescence",A,154
1TUP,R249S,-0.34,6.8,283.15,Urea,stabilizing,12600206.0,"NMR, Fluorescence",A,155
1TUP,G245S,0.56,6.8,283.15,Urea,destabilizing,12600206.0,"NMR, Fluorescence",A,151
1TUP,R175H,0.6,6.8,283.15,Urea,destabilizing,12600206.0,"NMR, Fluorescence",A,81
1TUP,R282Q,2.05,6.8,283.15,Urea,destabilizing,12600206.0,"NMR, Fluorescence",A,188
1LZ1,I59A,1.315789474,2.7,322.35,Thermal,destabilizing,12646687.0,DSC,A,58
1E0L,Y11R,-0.633814532,7.0,298.15,Thermal,stabilizing,12651955.0,fluorescence,A,10
1E0L,Y19L,1.281500956,7.0,298.15,Thermal,destabilizing,12651955.0,fluorescence,A,18
1E0L,W30A,0.972734226,7.0,298.15,Thermal,destabilizing,12651955.0,fluorescence,A,29
1E0L,W30F,-0.523386711,7.0,298.15,Thermal,stabilizing,12651955.0,fluorescence,A,29
1NVO,L13A,5.6,5.5,298.15,GdnHCl,destabilizing,12655072.0,NMR,A,12
1NVO,L13G,10.8,5.5,298.15,GdnHCl,destabilizing,12655072.0,NMR,A,12
1OTR,E34S,0.5980861239999999,5.0,298.15,Urea,destabilizing,12662936.0,CD,A,28
1OTR,E34L,-0.956937799,5.0,298.15,Urea,stabilizing,12662936.0,CD,A,28
1OTR,E34D,1.004784689,5.0,298.15,Urea,destabilizing,12662936.0,CD,A,28
1SHG,D48G,-0.979269,2.0,298.0,Thermal,stabilizing,12684010.0,DSC,A,42
1SHG,D48G,-0.692653,2.5,298.0,Thermal,stabilizing,12684010.0,DSC,A,42
1SHG,D48G,-0.57323,3.0,298.0,Thermal,stabilizing,12684010.0,DSC,A,42
1SHG,D48G,-1.050922,3.5,298.0,Thermal,stabilizing,12684010.0,DSC,A,42
1RX4,I155V,-0.0,7.8,288.15,Urea,stabilizing,12684013.0,CD,A,154
1RX4,G15A,-0.7,7.8,288.15,Urea,stabilizing,12684013.0,CD,A,14
1RX4,P21L,0.1,7.8,288.15,Urea,destabilizing,12684013.0,CD,A,20
1RX4,W22L,-0.1,7.8,288.15,Urea,stabilizing,12684013.0,CD,A,21
1RX4,L24V,1.9,7.8,288.15,Urea,destabilizing,12684013.0,CD,A,23
1RX4,F31A,1.9,7.8,288.15,Urea,destabilizing,12684013.0,CD,A,30
1RX4,T35A,1.1,7.8,288.15,Urea,destabilizing,12684013.0,CD,A,34
1RX4,G43A,0.4,7.8,288.15,Urea,destabilizing,12684013.0,CD,A,42
1RX4,R44A,1.4,7.8,288.15,Urea,destabilizing,12684013.0,CD,A,43
1RX4,L54V,-0.4,7.8,288.15,Urea,stabilizing,12684013.0,CD,A,53
1RX4,D122A,1.6,7.8,288.15,Urea,destabilizing,12684013.0,CD,A,121
1RX4,I155A,3.91,7.8,288.15,Urea,destabilizing,12684013.0,CD,A,154
1RX4,I155L,2.535,7.8,288.15,Urea,destabilizing,12684013.0,CD,A,154
1RHG,E33A,2.1,4.0,298.15,GdnHCl,destabilizing,12717025.0,CD,A,24
1RHG,E46A,2.1,4.0,298.15,GdnHCl,destabilizing,12717025.0,CD,A,37
1RHG,L50E,2.3,4.0,298.15,GdnHCl,destabilizing,12717025.0,CD,A,41
1RHG,E33A,-0.8,7.0,298.15,GdnHCl,stabilizing,12717025.0,CD,A,24
1RHG,E46A,1.3,7.0,298.15,GdnHCl,destabilizing,12717025.0,CD,A,37
1RHG,L50E,-0.5,7.0,298.15,GdnHCl,stabilizing,12717025.0,CD,A,41
1POH,F29W,1.12332696,7.0,293.15,GdnHCl,destabilizing,12718529.0,"DSC, CD, Fluorescence",A,28
1POH,F2W,-0.167304015,7.0,293.15,GdnHCl,destabilizing,12718529.0,"DSC, CD, Fluorescence",A,1
1POH,F48W,0.119502868,7.0,293.15,GdnHCl,destabilizing,12718529.0,"DSC, CD, Fluorescence",A,47
1KDX,Y640F,-0.0,6.0,298.15,Urea,stabilizing,12795599.0,CD,A,54
1DIV,D23N,0.72,5.4,298.15,Urea,destabilizing,12795600.0,CD,A,22
1DIV,D23A,0.46,5.4,298.15,Urea,destabilizing,12795600.0,CD,A,22
1RGG,T18V,1.4,7.0,321.55,Thermal,destabilizing,12799387.0,CD,A,17
1RGG,T56V,1.9,7.0,321.55,Thermal,destabilizing,12799387.0,CD,A,55
1RGG,T67V,-0.0,7.0,321.55,Thermal,destabilizing,12799387.0,CD,A,66
1RGG,T82V,1.7,7.0,321.55,Thermal,destabilizing,12799387.0,CD,A,81
1RGG,T5V,-0.0,7.0,321.55,Thermal,stabilizing,12799387.0,CD,A,4
1RGG,T16V,-0.3,7.0,321.55,Thermal,stabilizing,12799387.0,CD,A,15
1RGG,T59V,1.7,7.0,321.55,Thermal,destabilizing,12799387.0,CD,A,58
1RGG,T72V,0.2,7.0,321.55,Thermal,destabilizing,12799387.0,CD,A,71
1RGG,V2T,0.9,7.0,321.55,Thermal,destabilizing,12799387.0,CD,A,1
1RGG,V36T,1.3,7.0,321.55,Thermal,destabilizing,12799387.0,CD,A,35
1RGG,V43T,0.5,7.0,321.55,Thermal,destabilizing,12799387.0,CD,A,42
1RGG,V57T,4.4,7.0,321.55,Thermal,destabilizing,12799387.0,CD,A,56
1YCC,H33Y,0.2985575,7.0,298.15,GdnHCl,destabilizing,12809517.0,CD,A,37
1YCC,H26Y,1.9585372,7.0,298.15,GdnHCl,destabilizing,12809517.0,CD,A,30
1SHG,D48G,-1.7,7.0,298.15,Urea,stabilizing,12824493.0,"NMR, Fluorescence",A,42
1QGV,G126D,1.71,7.82,293.15,GdnHCl,destabilizing,12911302.0,CD,A,118
1KFW,G92P,-0.502392344,7.5,289.15,Thermal,stabilizing,12915727.0,Fluorescence,A,82
1KFW,N197K,-0.813397129,7.5,289.15,Thermal,stabilizing,12915727.0,Fluorescence,A,187
1KFW,G253P,0.645933014,7.5,289.15,Thermal,destabilizing,12915727.0,Fluorescence,A,243
1KFW,G405Q,-0.622009569,7.5,289.15,Thermal,destabilizing,12915727.0,Fluorescence,A,395
1RTB,F46L,3.200536,6.0,298.0,Thermal,destabilizing,12962489.0,CD,A,45
1RTB,F46V,4.538074,6.0,298.0,Thermal,destabilizing,12962489.0,CD,A,45
1RTB,F46A,6.3533040000000005,6.0,298.0,Thermal,destabilizing,12962489.0,CD,A,45
2LZM,T152V,0.2,5.35,334.15,Thermal,destabilizing,12963380.0,CD,A,151
2LZM,I78V,0.8,5.35,334.15,Thermal,destabilizing,12963380.0,CD,A,77
2LZM,L118I,1.2,5.35,334.15,Thermal,destabilizing,12963380.0,CD,A,117
2LZM,V87I,0.3,5.35,334.15,Thermal,destabilizing,12963380.0,CD,A,86
2LZM,I100V,0.4,5.35,334.15,Thermal,destabilizing,12963380.0,CD,A,99
2LZM,M102L,1.0,5.35,334.15,Thermal,destabilizing,12963380.0,CD,A,101
2LZM,V103I,0.5,5.35,334.15,Thermal,destabilizing,12963380.0,CD,A,102
2LZM,M106I,-0.2,5.35,334.15,Thermal,stabilizing,12963380.0,CD,A,105
2LZM,V111A,1.1,5.35,334.15,Thermal,destabilizing,12963380.0,CD,A,110
2LZM,M120Y,0.1,5.35,334.15,Thermal,destabilizing,12963380.0,CD,A,119
2LZM,L133F,0.3,5.35,334.15,Thermal,destabilizing,12963380.0,CD,A,132
2LZM,V149I,-0.0,5.35,334.15,Thermal,destabilizing,12963380.0,CD,A,148
1RGG,Q38A,-1.0,7.0,322.15,Thermal,stabilizing,14500895.0,DSC,A,37
1RGG,E41K,0.7,7.0,322.15,Thermal,destabilizing,14500895.0,DSC,A,40
1RGG,E54Q,1.7,7.0,322.15,Thermal,destabilizing,14500895.0,DSC,A,53
1RGG,R65A,1.0,7.0,322.15,Thermal,destabilizing,14500895.0,DSC,A,64
1RGG,E74K,-0.9,7.0,322.15,Thermal,stabilizing,14500895.0,DSC,A,73
1RGG,H85Q,-0.0,7.0,322.15,Thermal,stabilizing,14500895.0,DSC,A,84
1RGG,Q38A,0.4,5.5,328.75,Thermal,destabilizing,14500895.0,DSC,A,37
1RGG,E41K,-1.5,5.5,328.75,Thermal,destabilizing,14500895.0,DSC,A,40
1RGG,E54Q,-2.3,5.5,328.75,Thermal,destabilizing,14500895.0,DSC,A,53
1RGG,R65A,-1.3,5.5,328.75,Thermal,destabilizing,14500895.0,DSC,A,64
1RGG,E74K,0.1,5.5,328.75,Thermal,destabilizing,14500895.0,DSC,A,73
1RGG,H85Q,-0.0,5.5,328.75,Thermal,destabilizing,14500895.0,DSC,A,84
1BNI,S91A,1.8,6.8,303.15,GdnHCl,destabilizing,14516751.0,Hydrogen exchange,A,88
1BNI,N58A,1.8,6.8,303.15,GdnHCl,destabilizing,14516751.0,Hydrogen exchange,A,55
3PGK,W308F,-0.597115,6.2,293.15,Thermal,stabilizing,14516752.0,CD,A,307
3PGK,W333F,-0.334384,6.2,293.15,Thermal,stabilizing,14516752.0,CD,A,332
1W99,I189L,0.32,10.0,298.15,GdnHCl,destabilizing,14529489.0,CD,A,105
1W99,L175V,10.49,10.0,298.15,GdnHCl,destabilizing,14529489.0,CD,A,91
1BVC,I28A,-2.06,6.0,298.15,Urea,stabilizing,14607120.0,CD,A,27
1BVC,L32A,-2.04,6.0,298.15,Urea,stabilizing,14607120.0,CD,A,31
1BVC,I30A,-1.9,6.0,298.15,Urea,stabilizing,14607120.0,CD,A,29
1BVC,L29A,-0.39,6.0,298.15,Urea,stabilizing,14607120.0,CD,A,28
1BVC,L29A,-0.09,4.1,298.15,Urea,stabilizing,14607120.0,CD,A,28
1BVC,L32A,-0.01,4.1,298.15,Urea,stabilizing,14607120.0,CD,A,31
1BVC,I28A,0.08,4.1,298.15,Urea,destabilizing,14607120.0,CD,A,27
1BVC,I30A,0.21,4.1,298.15,Urea,destabilizing,14607120.0,CD,A,29
2AFG,C117V,-0.0238846,7.5,298.15,GdnHCl,destabilizing,14627732.0,"DSC, Fluorescence",A,107
2AFG,L111I,-0.0,7.5,298.15,GdnHCl,destabilizing,14627732.0,"DSC, Fluorescence",A,101
3MBP,P48S,-0.4,7.1,310.15,Urea,stabilizing,14635128.0,Isothermal denaturation,A,47
3MBP,P48S,0.3,7.1,295.15,Urea,destabilizing,14635128.0,Isothermal denaturation,A,47
3MBP,P48S,0.4,7.1,303.15,Urea,destabilizing,14635128.0,Isothermal denaturation,A,47
3MBP,P133S,0.4,7.1,283.15,Urea,destabilizing,14635128.0,Isothermal denaturation,A,132
3MBP,P133S,-1.5,7.1,287.15,Urea,stabilizing,14635128.0,Isothermal denaturation,A,132
3MBP,P133S,-0.0,7.1,295.15,Urea,stabilizing,14635128.0,Isothermal denaturation,A,132
3MBP,P133S,1.4,7.1,303.15,Urea,destabilizing,14635128.0,Isothermal denaturation,A,132
3MBP,P133S,0.3,7.1,310.15,Urea,destabilizing,14635128.0,Isothermal denaturation,A,132
3MBP,P159A,1.5,7.1,283.15,Urea,destabilizing,14635128.0,Isothermal denaturation,A,158
3MBP,P159A,0.7,7.1,287.15,Urea,destabilizing,14635128.0,Isothermal denaturation,A,158
3MBP,P159A,1.0,7.1,295.15,Urea,destabilizing,14635128.0,Isothermal denaturation,A,158
3MBP,P159A,1.1,7.1,303.15,Urea,destabilizing,14635128.0,Isothermal denaturation,A,158
3MBP,P159A,-1.3,7.1,310.15,Urea,stabilizing,14635128.0,Isothermal denaturation,A,158
3MBP,P159S,1.8,7.1,283.15,Urea,destabilizing,14635128.0,Isothermal denaturation,A,158
3MBP,P159S,1.9,7.1,287.15,Urea,destabilizing,14635128.0,Isothermal denaturation,A,158
3MBP,P159S,1.7,7.1,295.15,Urea,destabilizing,14635128.0,Isothermal denaturation,A,158
3MBP,P159S,1.0,7.1,303.15,Urea,destabilizing,14635128.0,Isothermal denaturation,A,158
3MBP,P159S,0.4,7.1,310.15,Urea,destabilizing,14635128.0,Isothermal denaturation,A,158
3MBP,P48S,0.8,7.1,283.15,Urea,destabilizing,14635128.0,Isothermal denaturation,A,47
3MBP,P48S,-0.5,7.1,287.15,Urea,stabilizing,14635128.0,Isothermal denaturation,A,47
3MBP,P48S,-0.3,7.4,336.15,Thermal,stabilizing,14635128.0,DSC,A,47
3MBP,P133S,2.1,7.4,336.15,Thermal,destabilizing,14635128.0,DSC,A,132
3MBP,P159S,2.1,7.4,336.15,Thermal,destabilizing,14635128.0,DSC,A,158
3MBP,P48A,-0.5,7.4,336.15,Thermal,stabilizing,14635128.0,DSC,A,47
3MBP,P133A,0.3,7.4,336.15,Thermal,destabilizing,14635128.0,DSC,A,132
3MBP,P159A,1.8,7.4,336.15,Thermal,destabilizing,14635128.0,DSC,A,158
2BRD,M56A,-1.4,6.0,298.15,SDS,stabilizing,14659758.0,Abs,A,49
2BRD,V49A,-0.7,6.0,298.15,SDS,stabilizing,14659758.0,Abs,A,42
2BRD,L61A,-0.7,6.0,298.15,SDS,stabilizing,14659758.0,Abs,A,54
2BRD,L62A,-0.5,6.0,298.15,SDS,stabilizing,14659758.0,Abs,A,55
2BRD,L58A,-0.3,6.0,298.15,SDS,stabilizing,14659758.0,Abs,A,51
2BRD,P50A,-0.1,6.0,298.15,SDS,stabilizing,14659758.0,Abs,A,43
2BRD,S59A,-0.1,6.0,298.15,SDS,stabilizing,14659758.0,Abs,A,52
2BRD,L48A,0.1,6.0,298.15,SDS,destabilizing,14659758.0,Abs,A,41
2BRD,T55A,0.1,6.0,298.15,SDS,destabilizing,14659758.0,Abs,A,48
2BRD,P37A,0.2,6.0,298.15,SDS,destabilizing,14659758.0,Abs,A,30
2BRD,S35A,0.3,6.0,298.15,SDS,destabilizing,14659758.0,Abs,A,28
2BRD,K40A,0.3,6.0,298.15,SDS,destabilizing,14659758.0,Abs,A,33
2BRD,D38A,0.5,6.0,298.15,SDS,destabilizing,14659758.0,Abs,A,31
2BRD,M60A,0.8,6.0,298.15,SDS,destabilizing,14659758.0,Abs,A,53
2BRD,D36A,0.9,6.0,298.15,SDS,destabilizing,14659758.0,Abs,A,29
2BRD,T47A,1.0,6.0,298.15,SDS,destabilizing,14659758.0,Abs,A,40
2BRD,F54A,1.0,6.0,298.15,SDS,destabilizing,14659758.0,Abs,A,47
2BRD,Y43A,1.3,6.0,298.15,SDS,destabilizing,14659758.0,Abs,A,36
2BRD,I52A,1.4,6.0,298.15,SDS,destabilizing,14659758.0,Abs,A,45
2BRD,K41A,1.6,6.0,298.15,SDS,destabilizing,14659758.0,Abs,A,34
2BRD,F42A,1.6,6.0,298.15,SDS,destabilizing,14659758.0,Abs,A,35
2BRD,I45A,1.9,6.0,298.15,SDS,destabilizing,14659758.0,Abs,A,38
2BRD,T46A,2.2,6.0,298.15,SDS,destabilizing,14659758.0,Abs,A,39
2BRD,Y57A,3.7,6.0,298.15,SDS,destabilizing,14659758.0,Abs,A,50
1OIA,G53A,3.2,7.0,295.15,GdnHCl,destabilizing,14672656.0,NMR,A,50
1OIA,G53V,-0.2,7.0,295.15,GdnHCl,stabilizing,14672656.0,NMR,A,50
2RN2,I53V,0.2,5.5,298.15,Urea,destabilizing,14672667.0,CD,A,52
2RN2,I53L,1.4,5.5,298.15,Urea,destabilizing,14672667.0,CD,A,52
2RN2,I53F,3.9,5.5,298.15,Urea,destabilizing,14672667.0,CD,A,52
2RN2,I53D,4.1,5.5,298.15,Urea,destabilizing,14672667.0,CD,A,52
1KA6,G93D,0.63,7.4,330.95,Thermal,destabilizing,14674764.0,CD,A,92
1KA6,F87S,1.14,7.4,330.95,Thermal,destabilizing,14674764.0,CD,A,86
1KA6,E67D,1.31,7.4,330.95,Thermal,destabilizing,14674764.0,CD,A,66
1KA6,Y54C,1.42,7.4,330.95,Thermal,destabilizing,14674764.0,CD,A,53
1KA6,R55L,1.63,7.4,330.95,Thermal,destabilizing,14674764.0,CD,A,54
1KA6,L31P,1.71,7.4,330.95,Thermal,destabilizing,14674764.0,CD,A,30
4N6V,P36G,1.362332696,6.0,298.15,thermal,destabilizing,14691222.0,CD,2,28
4N6V,H75W,-0.573613767,6.0,298.15,thermal,stabilizing,14691222.0,CD,2,67
4N6V,P79S,-1.744741874,6.0,298.15,thermal,stabilizing,14691222.0,CD,2,71
1C9O,F38W,-0.02390057,7.0,298.15,GdnHCl,stabilizing,14729346.0,Fluorescence,A,37
1C9O,E50W,-0.07170172,7.0,298.15,GdnHCl,stabilizing,14729346.0,Fluorescence,A,49
2ADA,W161F,-8.7,7.4,293.15,Urea,stabilizing,14769019.0,NMR,A,157
2ADA,W264F,-8.64,7.4,293.15,Urea,stabilizing,14769019.0,NMR,A,260
2ADA,W272F,-8.11,7.4,293.15,Urea,stabilizing,14769019.0,NMR,A,268
2ADA,W117F,-6.52,7.4,293.15,Urea,stabilizing,14769019.0,NMR,A,113
1SSO,I29V,0.4,7.0,323.15,Thermal,destabilizing,15005619.0,DSC,A,28
1AZP,V30I,-0.7,7.0,323.15,Thermal,stabilizing,15005619.0,DSC,A,29
1YPI,C126S,8.6,8.5,300.15,Thermal,destabilizing,15023076.0,CD,A,124
1YPI,C126S,8.0,7.4,298.15,Thermal,destabilizing,15023076.0,CD,A,124
1YPI,C126A,4.9,8.5,300.15,Thermal,destabilizing,15023076.0,CD,A,124
1BNI,D12A,-1.1,6.3,298.15,Thermal,destabilizing,15035606.0,CD,A,9
1BNI,E73G,5.4,6.3,298.15,Thermal,destabilizing,15035606.0,CD,A,70
1BNI,I55G,3.1,6.3,298.15,Thermal,destabilizing,15035606.0,CD,A,52
1BNI,I88G,7.4,6.3,298.15,Thermal,destabilizing,15035606.0,CD,A,85
1BNI,I96G,5.7,6.3,298.15,Thermal,destabilizing,15035606.0,CD,A,93
1BNI,L89G,7.0,6.3,298.15,Thermal,destabilizing,15035606.0,CD,A,86
1BNI,L95G,4.7,6.3,298.15,Thermal,destabilizing,15035606.0,CD,A,92
1BNI,Q15A,0.2,6.3,298.15,Thermal,destabilizing,15035606.0,CD,A,12
1BNI,Q15G,1.6,6.3,298.15,Thermal,destabilizing,15035606.0,CD,A,12
1BNI,R72G,2.5,6.3,298.15,Thermal,destabilizing,15035606.0,CD,A,69
1BNI,T100G,2.8,6.3,298.15,Thermal,destabilizing,15035606.0,CD,A,97
1BNI,Y13G,6.4,6.3,298.15,Thermal,destabilizing,15035606.0,CD,A,10
1BNI,Y97G,6.6,6.3,298.15,Thermal,destabilizing,15035606.0,CD,A,94
1BNI,Y17A,1.9,6.3,298.15,Thermal,destabilizing,15035606.0,CD,A,14
1BNI,Y13A,3.7,6.3,298.15,Thermal,destabilizing,15035606.0,CD,A,10
1BNI,Y17G,4.9,6.3,298.15,Thermal,destabilizing,15035606.0,CD,A,14
2ZTA,K8A,0.39,7.0,288.15,Urea,destabilizing,15037063.0,CD,A,7
2ZTA,E11Q,0.74,7.0,288.15,Urea,destabilizing,15037063.0,CD,A,10
2ZTA,K15A,0.41,7.0,288.15,Urea,destabilizing,15037063.0,CD,A,14
2ZTA,E20Q,-0.2,7.0,288.15,Urea,stabilizing,15037063.0,CD,A,19
2ZTA,E22Q,1.83,7.0,288.15,Urea,destabilizing,15037063.0,CD,A,21
2ZTA,R25A,1.66,7.0,288.15,Urea,destabilizing,15037063.0,CD,A,24
2ZTA,K27A,0.91,7.0,288.15,Urea,destabilizing,15037063.0,CD,A,26
2ZTA,K28A,0.06,7.0,288.15,Urea,destabilizing,15037063.0,CD,A,27
2SPZ,A29G,0.46,5.0,310.15,Unavailable,destabilizing,15044721.0,"CD, Fluorescence",A,28
2SPZ,F13W,0.25,5.0,310.15,Unavailable,destabilizing,15044721.0,"CD, Fluorescence",A,12
2TRX,D9R,1.93833652,7.5,355.15,GnHCl,destabilizing,15049690.0,CD,A,8
2TRX,D9M,0.771988528,7.5,355.15,GnHCl,destabilizing,15049690.0,CD,A,8
2TRX,K69L,1.515296367,7.5,355.15,GnHCl,destabilizing,15049690.0,CD,A,68
2TRX,D9A,1.070745698,7.5,355.15,GnHCl,destabilizing,15049690.0,CD,A,8
2TRX,D10R,0.932122371,7.5,355.15,GnHCl,destabilizing,15049690.0,CD,A,9
2TRX,R73A,-0.0,7.5,355.15,GnHCl,stabilizing,15049690.0,CD,A,72
2TRX,D20R,-0.423040153,7.5,355.15,GnHCl,stabilizing,15049690.0,CD,A,19
2TRX,E85R,-1.082695985,7.5,355.15,GnHCl,stabilizing,15049690.0,CD,A,84
1STN,W140H,0.4,7.0,293.15,Thermal,destabilizing,15066439.0,CD,A,134
1STN,W140F,0.6,7.0,293.15,Thermal,destabilizing,15066439.0,CD,A,134
1STN,W140Y,1.1,7.0,293.15,Thermal,destabilizing,15066439.0,CD,A,134
1STN,W140L,4.5,7.0,293.15,Thermal,destabilizing,15066439.0,CD,A,134
1G6N,D138A,0.3,7.8,298.15,GdnHCl,destabilizing,15096034.0,CD,A,131
1G6N,D138G,-0.9,7.8,298.15,GdnHCl,stabilizing,15096034.0,CD,A,131
1G6N,D138K,1.3,7.8,298.15,GdnHCl,destabilizing,15096034.0,CD,A,131
1G6N,D138L,0.5,7.8,298.15,GdnHCl,destabilizing,15096034.0,CD,A,131
1G6N,D138Q,0.1,7.8,298.15,GdnHCl,destabilizing,15096034.0,CD,A,131
1G6N,D138S,-0.9,7.8,298.15,GdnHCl,stabilizing,15096034.0,CD,A,131
1G6N,D138T,-0.0,7.8,298.15,GdnHCl,stabilizing,15096034.0,CD,A,131
1G6N,D138V,-1.0,7.8,298.15,GdnHCl,stabilizing,15096034.0,CD,A,131
1DIV,K12M,-1.9,5.4,298.15,Urea,stabilizing,15099748.0,CD,A,11
1N88,I8V,1.52,6.3,298.15,GdnHCl,destabilizing,15136744.0,Fluorescence,A,7
1N88,V12A,1.94,6.3,298.15,GdnHCl,destabilizing,15136744.0,Fluorescence,A,11
1N88,L13A,1.52,6.3,298.15,GdnHCl,destabilizing,15136744.0,Fluorescence,A,12
1N88,Y18A,-0.06,6.3,298.15,GdnHCl,stabilizing,15136744.0,Fluorescence,A,17
1N88,F21A,1.39,6.3,298.15,GdnHCl,destabilizing,15136744.0,Fluorescence,A,20
1N88,Y26A,4.61,6.3,298.15,GdnHCl,destabilizing,15136744.0,Fluorescence,A,25
1N88,V30A,2.84,6.3,298.15,GdnHCl,destabilizing,15136744.0,Fluorescence,A,29
1N88,I39A,1.39,6.3,298.15,GdnHCl,destabilizing,15136744.0,Fluorescence,A,38
1N88,V43A,2.82,6.3,298.15,GdnHCl,destabilizing,15136744.0,Fluorescence,A,42
1N88,V49A,2.83,6.3,298.15,GdnHCl,destabilizing,15136744.0,Fluorescence,A,48
1N88,V51A,3.24,6.3,298.15,GdnHCl,destabilizing,15136744.0,Fluorescence,A,50
1N88,V54A,3.73,6.3,298.15,GdnHCl,destabilizing,15136744.0,Fluorescence,A,53
1N88,L57A,1.11,6.3,298.15,GdnHCl,destabilizing,15136744.0,Fluorescence,A,56
1N88,I80A,2.79,6.3,298.15,GdnHCl,destabilizing,15136744.0,Fluorescence,A,79
1N88,V81A,2.82,6.3,298.15,GdnHCl,destabilizing,15136744.0,Fluorescence,A,80
1N88,V83A,3.1,6.3,298.15,GdnHCl,destabilizing,15136744.0,Fluorescence,A,82
1N88,I89A,2.35,6.3,298.15,GdnHCl,destabilizing,15136744.0,Fluorescence,A,88
1RGG,A23K,-0.3,7.0,320.55,Thermal,stabilizing,15213245.0,CD,A,22
1RGG,I22K,3.4,7.0,320.55,Thermal,destabilizing,15213245.0,CD,A,21
1RGG,L19K,3.4,7.0,320.55,Thermal,destabilizing,15213245.0,CD,A,18
1HFY,V90A,-0.73,7.0,298.15,GdnHCl,stabilizing,15276846.0,CD,A,89
1HFY,W118F,0.36,7.0,298.15,GdnHCl,destabilizing,15276846.0,CD,A,117
1HFY,L110A,0.63,7.0,298.15,GdnHCl,destabilizing,15276846.0,CD,A,109
1HFY,I89V,0.64,7.0,298.15,GdnHCl,destabilizing,15276846.0,CD,A,88
1HFY,V8A,0.85,7.0,298.15,GdnHCl,destabilizing,15276846.0,CD,A,7
1HFY,L96A,1.14,7.0,298.15,GdnHCl,destabilizing,15276846.0,CD,A,95
1HFY,D87N,1.29,7.0,298.15,GdnHCl,destabilizing,15276846.0,CD,A,86
1HFY,L105A,1.31,7.0,298.15,GdnHCl,destabilizing,15276846.0,CD,A,104
1HFY,I55V,1.38,7.0,298.15,GdnHCl,destabilizing,15276846.0,CD,A,54
1HFY,I95V,1.42,7.0,298.15,GdnHCl,destabilizing,15276846.0,CD,A,94
1HFY,Y103F,1.63,7.0,298.15,GdnHCl,destabilizing,15276846.0,CD,A,102
1HFY,K93A,1.71,7.0,298.15,GdnHCl,destabilizing,15276846.0,CD,A,92
1HFY,V27A,2.31,7.0,298.15,GdnHCl,destabilizing,15276846.0,CD,A,26
1HFY,W60A,2.55,7.0,298.15,GdnHCl,destabilizing,15276846.0,CD,A,59
1HFY,L52A,3.06,7.0,298.15,GdnHCl,destabilizing,15276846.0,CD,A,51
1HFY,L12A,3.75,7.0,298.15,GdnHCl,destabilizing,15276846.0,CD,A,11
1IMQ,V19L,1.818181818,6.0,283.15,Urea,destabilizing,15313622.0,Fluorescence,A,18
1IMQ,V37L,0.263157895,6.0,283.15,Urea,destabilizing,15313622.0,Fluorescence,A,36
1IMQ,V71I,-0.071770335,6.0,283.15,Urea,stabilizing,15313622.0,Fluorescence,A,70
1IMQ,E41V,-0.885167464,6.0,283.15,Urea,stabilizing,15313622.0,Fluorescence,A,40
1IMQ,A25G,0.14354067,6.0,283.15,Urea,destabilizing,15313622.0,Fluorescence,A,24
1IMQ,E31L,0.669856459,6.0,283.15,Urea,destabilizing,15313622.0,Fluorescence,A,30
1IMQ,V34L,-0.33492823,6.0,283.15,Urea,stabilizing,15313622.0,Fluorescence,A,33
1IMQ,V68I,0.813397129,6.0,283.15,Urea,destabilizing,15313622.0,Fluorescence,A,67
2CI2,V82S,1.3,6.3,298.15,GdnHCl,destabilizing,15319428.0,"CD, Fluorescence",I,63
1CAH,H107Y,9.2,7.5,277.15,GdnHCl,destabilizing,15327960.0,Fluorescence,A,104
2LZM,E108V,-1.4,3.02,324.75,Thermal,stabilizing,15340171.0,CD,A,107
2LZM,G28A,2.0,3.02,324.75,Thermal,destabilizing,15340171.0,CD,A,27
1BTA,R75L,-0.7,8.0,298.15,Urea,stabilizing,15350126.0,Fluorescence,A,74
1BTA,R75Q,0.3666666670000001,8.0,298.15,Urea,destabilizing,15350126.0,Fluorescence,A,74
1BTA,K78Q,-0.333333333,8.0,298.15,Urea,stabilizing,15350126.0,Fluorescence,A,77
1BTA,K21A,1.0,8.0,298.15,Urea,destabilizing,15350126.0,Fluorescence,A,20
1BTA,K78A,0.033333333,8.0,298.15,Urea,destabilizing,15350126.0,Fluorescence,A,77
1BTA,K21Q,1.033333333,8.0,298.15,Urea,destabilizing,15350126.0,Fluorescence,A,20
1BTA,K22Q,0.9,8.0,298.15,Urea,destabilizing,15350126.0,Fluorescence,A,21
1BTA,E57K,0.7333333329999999,8.0,298.15,Urea,destabilizing,15350126.0,Fluorescence,A,56
1BTA,K60E,1.1,8.0,298.15,Urea,destabilizing,15350126.0,Fluorescence,A,59
1BTA,K60L,-0.6,8.0,298.15,Urea,stabilizing,15350126.0,Fluorescence,A,59
1B5M,D60R,-0.334384,7.2,298.15,Thermal,stabilizing,15379561.0,Abs,A,57
1B5M,P81A,0.644884,7.2,298.15,Thermal,destabilizing,15379561.0,Abs,A,78
5AZU,C112S,0.717017208,7.0,298.15,GdmCl,destabilizing,15388858.0,Fluorescence,A,111
5AZU,C112A,3.346080306,7.0,298.15,GdmCl,destabilizing,15388858.0,Fluorescence,A,111
1ACB,V14A,1.038,7.0,298.15,GdnHCl,destabilizing,15449934.0,Fluorescence,I,6
2AFG,H21Y,-1.01,7.3,293.15,GdnHCl,stabilizing,15469994.0,Fluorescence,A,11
2AFG,L44F,-0.87,7.3,293.15,GdnHCl,stabilizing,15469994.0,Fluorescence,A,34
2AFG,H102Y,-0.44,7.3,293.15,GdnHCl,stabilizing,15469994.0,Fluorescence,A,92
2AFG,F108Y,-0.94,7.3,293.15,GdnHCl,stabilizing,15469994.0,Fluorescence,A,98
2AFG,V109I,-0.06,7.3,293.15,GdnHCl,stabilizing,15469994.0,Fluorescence,A,99
2AFG,H21Y,-0.754,7.3,312.95,Thermal,stabilizing,15469994.0,Fluorescence,A,11
2AFG,L44F,-0.31,7.3,312.95,Thermal,stabilizing,15469994.0,Fluorescence,A,34
2AFG,H102Y,-0.399,7.3,312.95,Thermal,stabilizing,15469994.0,Fluorescence,A,92
2AFG,F108Y,-0.331,7.3,312.95,Thermal,stabilizing,15469994.0,Fluorescence,A,98
2AFG,V109I,0.079,7.3,312.95,Thermal,destabilizing,15469994.0,Fluorescence,A,99
2AFG,H21Y,-0.385,7.3,313.85,Thermal,stabilizing,15469994.0,CD,A,11
2AFG,L44F,-0.467,7.3,313.85,Thermal,stabilizing,15469994.0,CD,A,34
2AFG,H102Y,-0.096,7.3,313.85,Thermal,stabilizing,15469994.0,CD,A,92
2AFG,F108Y,-0.334,7.3,313.85,Thermal,stabilizing,15469994.0,CD,A,98
2AFG,V109I,0.108,7.3,313.85,Thermal,destabilizing,15469994.0,CD,A,99
1AJ3,P61A,-0.4,7.0,298.15,Urea,stabilizing,15504411.0,CD,A,51
1AJ3,W95F,2.1,7.0,298.15,Urea,destabilizing,15504411.0,CD,A,85
1FTG,E40K,-2.21,7.0,298.15,Urea,stabilizing,15504413.0,Fluorescence,A,38
1FTG,E20K,-1.6,7.0,298.15,Urea,stabilizing,15504413.0,Fluorescence,A,18
1FTG,E72K,-1.28,7.0,298.15,Urea,stabilizing,15504413.0,Fluorescence,A,70
1FTG,D126K,-1.01,7.0,298.15,Urea,stabilizing,15504413.0,Fluorescence,A,124
1FTG,D75K,-1.0,7.0,298.15,Urea,stabilizing,15504413.0,Fluorescence,A,73
1FTG,E61K,-0.88,7.0,298.15,Urea,stabilizing,15504413.0,Fluorescence,A,59
1FTG,D126K,-0.71,7.0,312.0,Thermal,stabilizing,15504413.0,CD,A,124
1FTG,D126K,-0.58,7.0,317.3,Thermal,stabilizing,15504413.0,CD,A,124
1FTG,E61K,-0.46,7.0,317.3,Thermal,stabilizing,15504413.0,CD,A,59
1FTG,E40K,-0.4,7.0,312.0,Thermal,stabilizing,15504413.0,CD,A,38
1FTG,D75K,-0.25,7.0,312.0,Thermal,stabilizing,15504413.0,CD,A,73
1FTG,E72K,-0.13,7.0,317.3,Thermal,stabilizing,15504413.0,CD,A,70
1FTG,E72K,-0.07,7.0,312.0,Thermal,stabilizing,15504413.0,CD,A,70
1FTG,E40K,-0.06,7.0,317.3,Thermal,stabilizing,15504413.0,CD,A,38
1FTG,D75K,-0.01,7.0,317.3,Thermal,stabilizing,15504413.0,CD,A,73
1FTG,D150K,0.01,7.0,317.3,Thermal,destabilizing,15504413.0,CD,A,148
1FTG,E20K,-0.14,7.0,317.3,Thermal,destabilizing,15504413.0,CD,A,18
1FTG,D65K,0.2,7.0,317.3,Thermal,destabilizing,15504413.0,CD,A,63
1FTG,E20K,-0.24,7.0,312.0,Thermal,stabilizing,15504413.0,CD,A,18
1FTG,D65K,0.26,7.0,298.15,Urea,destabilizing,15504413.0,Fluorescence,A,63
1FTG,D150K,0.28,7.0,298.15,Urea,destabilizing,15504413.0,Fluorescence,A,148
1FTG,D150K,0.6,7.0,312.0,Thermal,destabilizing,15504413.0,CD,A,148
1FTG,L6A,3.53,7.0,298.15,Urea,destabilizing,15504414.0,CD,A,4
1FTG,I22V,1.94,7.0,298.15,Urea,destabilizing,15504414.0,CD,A,20
1FTG,V31A,2.39,7.0,298.15,Urea,destabilizing,15504414.0,CD,A,29
1FTG,D43A,-0.09,7.0,298.15,Urea,stabilizing,15504414.0,CD,A,41
1FTG,I51V,1.98,7.0,298.15,Urea,destabilizing,15504414.0,CD,A,49
1FTG,I52V,1.38,7.0,298.15,Urea,destabilizing,15504414.0,CD,A,50
1FTG,S71A,0.65,7.0,298.15,Urea,destabilizing,15504414.0,CD,A,69
1FTG,A84G,2.17,7.0,298.15,Urea,destabilizing,15504414.0,CD,A,82
1FTG,N97A,0.83,7.0,298.15,Urea,destabilizing,15504414.0,CD,A,95
1FTG,Q99A,-1.72,7.0,298.15,Urea,stabilizing,15504414.0,CD,A,97
1FTG,I104V,0.67,7.0,298.15,Urea,destabilizing,15504414.0,CD,A,102
1FTG,S110A,1.03,7.0,298.15,Urea,destabilizing,15504414.0,CD,A,108
1FTG,V117A,2.05,7.0,298.15,Urea,destabilizing,15504414.0,CD,A,115
1FTG,T122S,0.37,7.0,298.15,Urea,destabilizing,15504414.0,CD,A,120
1FTG,V139A,1.51,7.0,298.15,Urea,destabilizing,15504414.0,CD,A,137
1FTG,L143A,0.14,7.0,298.15,Urea,destabilizing,15504414.0,CD,A,141
1FTG,I156V,3.6,7.0,298.15,Urea,destabilizing,15504414.0,CD,A,154
1FTG,V160A,2.46,7.0,298.15,Urea,destabilizing,15504414.0,CD,A,158
1FTG,L6A,1.11,7.0,317.3,Thermal,destabilizing,15504414.0,CD,A,4
1FTG,I22V,0.67,7.0,317.3,Thermal,destabilizing,15504414.0,CD,A,20
1FTG,V31A,0.46,7.0,317.3,Thermal,destabilizing,15504414.0,CD,A,29
1FTG,D43A,-0.04,7.0,317.3,Thermal,stabilizing,15504414.0,CD,A,41
1FTG,I51V,0.41,7.0,317.3,Thermal,destabilizing,15504414.0,CD,A,49
1FTG,I52V,0.18,7.0,317.3,Thermal,destabilizing,15504414.0,CD,A,50
1FTG,S71A,0.11,7.0,317.3,Thermal,destabilizing,15504414.0,CD,A,69
1FTG,A84G,0.47,7.0,317.3,Thermal,destabilizing,15504414.0,CD,A,82
1FTG,N97A,0.22,7.0,317.3,Thermal,destabilizing,15504414.0,CD,A,95
1FTG,Q99A,-0.85,7.0,317.3,Thermal,stabilizing,15504414.0,CD,A,97
1FTG,I104V,0.38,7.0,317.3,Thermal,destabilizing,15504414.0,CD,A,102
1FTG,S110A,0.18,7.0,317.3,Thermal,destabilizing,15504414.0,CD,A,108
1FTG,V117A,0.95,7.0,317.3,Thermal,destabilizing,15504414.0,CD,A,115
1FTG,T122S,-0.65,7.0,317.3,Thermal,stabilizing,15504414.0,CD,A,120
1FTG,V139A,0.6,7.0,317.3,Thermal,destabilizing,15504414.0,CD,A,137
1FTG,L143A,0.15,7.0,317.3,Thermal,destabilizing,15504414.0,CD,A,141
1FTG,I156V,0.69,7.0,317.3,Thermal,destabilizing,15504414.0,CD,A,154
1FTG,V160A,0.73,7.0,317.3,Thermal,destabilizing,15504414.0,CD,A,158
1DIV,H144Q,0.82,5.45,298.15,Urea,destabilizing,15567419.0,Fluorescence,A,143
1DIV,H134Q,0.97,5.45,298.15,Urea,destabilizing,15567419.0,Fluorescence,A,133
1DIV,H144Q,1.07,8.0,298.15,Urea,destabilizing,15567419.0,Fluorescence,A,143
1DIV,H106Q,1.14,5.45,298.15,Urea,destabilizing,15567419.0,Fluorescence,A,105
1DIV,H134Q,2.08,8.0,298.15,Urea,destabilizing,15567419.0,Fluorescence,A,133
1DIV,H106Q,2.3,8.0,298.15,Urea,destabilizing,15567419.0,Fluorescence,A,105
2RN4,D10P,-2.9,7.1,298.15,GdnHCl,stabilizing,15709759.0,CD,A,9
1y4y,F29W,0.86,7.0,298.15,Urea,destabilizing,15713472.0,CD,A,27
1HK0,F56A,0.6,7.0,310.15,GdnHCl,destabilizing,15722442.0,Fluorescence,X,55
1HK0,I81A,1.3,7.0,310.15,GdnHCl,destabilizing,15722442.0,Fluorescence,X,80
1HK0,V132A,1.9,7.0,310.15,GdnHCl,destabilizing,15722442.0,Fluorescence,X,130
1HK0,M43A,0.35,7.0,310.15,GdnHCl,destabilizing,15722442.0,Fluorescence,X,42
1HK0,L145A,1.3,7.0,310.15,GdnHCl,destabilizing,15722442.0,Fluorescence,X,143
1HK0,V170A,-1.3,7.0,310.15,GdnHCl,stabilizing,15722442.0,Fluorescence,X,168
2IFB,F68C,-0.05,7.0,298.15,Urea,stabilizing,15723553.0,"CD, Fluorescence",A,67
2IFB,F93S,1.39,7.0,298.15,Urea,destabilizing,15723553.0,"CD, Fluorescence",A,92
1RX4,I155V,0.58,7.8,288.15,Urea,destabilizing,15740745.0,Fluorescence,A,154
1RX4,I155L,2.27,7.8,288.15,Urea,destabilizing,15740745.0,Fluorescence,A,154
1RX4,I155D,4.1,7.8,288.15,Urea,destabilizing,15740745.0,Fluorescence,A,154
1RX4,I155E,3.26,7.8,288.15,Urea,destabilizing,15740745.0,Fluorescence,A,154
1RX4,I155K,3.35,7.8,288.15,Urea,destabilizing,15740745.0,Fluorescence,A,154
1RX4,I155Q,3.86,7.8,288.15,Urea,destabilizing,15740745.0,Fluorescence,A,154
1RX4,I155R,3.28,7.8,288.15,Urea,destabilizing,15740745.0,Fluorescence,A,154
1RX4,I155S,3.93,7.8,288.15,Urea,destabilizing,15740745.0,Fluorescence,A,154
1RX4,I155T,3.3,7.8,288.15,Urea,destabilizing,15740745.0,Fluorescence,A,154
1RX4,I155W,4.31,7.8,288.15,Urea,destabilizing,15740745.0,Fluorescence,A,154
1RX4,I155Y,3.64,7.8,288.15,Urea,destabilizing,15740745.0,Fluorescence,A,154
1RX4,N59C,0.02,7.8,288.15,Urea,destabilizing,15740745.0,Fluorescence,A,58
1RX4,N59E,2.09,7.8,288.15,Urea,destabilizing,15740745.0,Fluorescence,A,58
1RX4,N59G,2.92,7.8,288.15,Urea,destabilizing,15740745.0,Fluorescence,A,58
1RX4,N59H,1.75,7.8,288.15,Urea,destabilizing,15740745.0,Fluorescence,A,58
1RX4,N59I,0.11,7.8,288.15,Urea,destabilizing,15740745.0,Fluorescence,A,58
1RX4,N59K,2.22,7.8,288.15,Urea,destabilizing,15740745.0,Fluorescence,A,58
1RX4,N59L,0.03,7.8,288.15,Urea,destabilizing,15740745.0,Fluorescence,A,58
1RX4,N59M,0.27,7.8,288.15,Urea,destabilizing,15740745.0,Fluorescence,A,58
1RX4,N59P,1.34,7.8,288.15,Urea,destabilizing,15740745.0,Fluorescence,A,58
1RX4,N59Q,0.92,7.8,288.15,Urea,destabilizing,15740745.0,Fluorescence,A,58
1RX4,N59S,1.88,7.8,288.15,Urea,destabilizing,15740745.0,Fluorescence,A,58
1RX4,N59T,0.32,7.8,288.15,Urea,destabilizing,15740745.0,Fluorescence,A,58
1RX4,N59V,-0.22,7.8,288.15,Urea,stabilizing,15740745.0,Fluorescence,A,58
1RX4,N59W,1.6,7.8,288.15,Urea,destabilizing,15740745.0,Fluorescence,A,58
1RX4,S148A,0.47,7.8,288.15,Urea,destabilizing,15740745.0,Fluorescence,A,147
1RX4,S148E,0.52,7.8,288.15,Urea,destabilizing,15740745.0,Fluorescence,A,147
1RX4,S148K,0.26,7.8,288.15,Urea,destabilizing,15740745.0,Fluorescence,A,147
1RX4,S148N,0.89,7.8,288.15,Urea,destabilizing,15740745.0,Fluorescence,A,147
1RX4,S148P,0.26,7.8,288.15,Urea,destabilizing,15740745.0,Fluorescence,A,147
1RX4,S148R,0.75,7.8,288.15,Urea,destabilizing,15740745.0,Fluorescence,A,147
1RX4,S148T,0.51,7.8,288.15,Urea,destabilizing,15740745.0,Fluorescence,A,147
1RX4,S148V,0.33,7.8,288.15,Urea,destabilizing,15740745.0,Fluorescence,A,147
1RX4,V40A,1.55,7.8,288.15,Urea,destabilizing,15740745.0,Fluorescence,A,39
1RX4,V40F,2.15,7.8,288.15,Urea,destabilizing,15740745.0,Fluorescence,A,39
1RX4,V40H,3.27,7.8,288.15,Urea,destabilizing,15740745.0,Fluorescence,A,39
1RX4,V40I,0.85,7.8,288.15,Urea,destabilizing,15740745.0,Fluorescence,A,39
1RX4,V40L,1.35,7.8,288.15,Urea,destabilizing,15740745.0,Fluorescence,A,39
1RX4,V40M,2.0,7.8,288.15,Urea,destabilizing,15740745.0,Fluorescence,A,39
1RX4,V40N,2.17,7.8,288.15,Urea,destabilizing,15740745.0,Fluorescence,A,39
1RX4,V40R,1.72,7.8,288.15,Urea,destabilizing,15740745.0,Fluorescence,A,39
1RX4,V40S,2.52,7.8,288.15,Urea,destabilizing,15740745.0,Fluorescence,A,39
1RX4,W30A,2.33,7.8,288.15,Urea,destabilizing,15740745.0,Fluorescence,A,29
1RX4,W30E,2.89,7.8,288.15,Urea,destabilizing,15740745.0,Fluorescence,A,29
1RX4,W30H,2.78,7.8,288.15,Urea,destabilizing,15740745.0,Fluorescence,A,29
1RX4,W30M,2.03,7.8,288.15,Urea,destabilizing,15740745.0,Fluorescence,A,29
1RX4,W30N,2.52,7.8,288.15,Urea,destabilizing,15740745.0,Fluorescence,A,29
1RX4,W30R,2.49,7.8,288.15,Urea,destabilizing,15740745.0,Fluorescence,A,29
1RX4,W30S,2.74,7.8,288.15,Urea,destabilizing,15740745.0,Fluorescence,A,29
1RX4,W30Y,2.16,7.8,288.15,Urea,destabilizing,15740745.0,Fluorescence,A,29
1RX4,I155A,3.82,7.8,288.15,Urea,destabilizing,15740745.0,Fluorescence,A,154
5AZU,V95A,0.597115,7.0,298.15,GdnHCl,destabilizing,15753320.0,CD,A,94
5AZU,L33A,0.957,7.0,298.15,GdnHCl,destabilizing,15753320.0,CD,A,32
5AZU,V31A,1.19423,7.0,298.15,GdnHCl,destabilizing,15753320.0,CD,A,30
5AZU,L50A,1.671922,7.0,298.15,GdnHCl,destabilizing,15753320.0,CD,A,49
5AZU,F97A,2.39,7.0,298.15,GdnHCl,destabilizing,15753320.0,CD,A,96
5AZU,Y108A,2.99,7.0,298.15,GdnHCl,destabilizing,15753320.0,CD,A,107
5AZU,F110A,3.35,7.0,298.15,GdnHCl,destabilizing,15753320.0,CD,A,109
5AZU,W48A,5.02,7.0,298.15,GdnHCl,destabilizing,15753320.0,CD,A,47
3DV0,V135A,1.5,5.5,325.0,Thermal,destabilizing,15769475.0,CD,A,131
3DV0,A165G,0.9,5.5,325.0,Thermal,destabilizing,15769475.0,CD,A,161
1CSP,S48R,-1.578947368,7.0,343.15,Thermal,stabilizing,15784264.0,CD,A,47
1CSP,M1R,-1.7464114830000002,7.0,343.15,Thermal,stabilizing,15784264.0,CD,A,0
1CSP,K65I,-1.5311004780000002,7.0,343.15,Thermal,stabilizing,15784264.0,CD,A,64
1CSP,E66K,-2.177033493,7.0,343.15,Thermal,stabilizing,15784264.0,CD,A,65
1CSP,E43S,-0.28708134,7.0,343.15,Thermal,stabilizing,15784264.0,CD,A,42
1CSP,E3K,-2.751196172,7.0,343.15,Thermal,stabilizing,15784264.0,CD,A,2
1CSP,A46K,-1.411483254,7.0,343.15,Thermal,stabilizing,15784264.0,CD,A,45
5AZU,F110S,4.4,7.5,293.15,GdnHCl,destabilizing,15792978.0,Fluorescence,A,109
5AZU,I7S,3.8,7.5,293.15,GdnHCl,destabilizing,15792978.0,Fluorescence,A,6
1OH0,W92A,3.1,7.0,298.15,Urea,destabilizing,15819891.0,Fluorescence,A,89
5EMZ,I3V,1.18,7.4,298.15,GdnHCl,destabilizing,15857839.0,Fluorescence,A,2
5EMZ,I3A,3.18,7.4,298.15,GdnHCl,destabilizing,15857839.0,Fluorescence,A,2
5EMZ,V5A,2.41,7.4,298.15,GdnHCl,destabilizing,15857839.0,Fluorescence,A,4
5EMZ,T7A,1.37,7.4,298.15,GdnHCl,destabilizing,15857839.0,Fluorescence,A,6
5EMZ,T9A,-0.06,7.4,298.15,GdnHCl,stabilizing,15857839.0,Fluorescence,A,8
5EMZ,I13V,1.16,7.4,298.15,GdnHCl,destabilizing,15857839.0,Fluorescence,A,12
5EMZ,I13A,3.4,7.4,298.15,GdnHCl,destabilizing,15857839.0,Fluorescence,A,12
5EMZ,L15A,3.85,7.4,298.15,GdnHCl,destabilizing,15857839.0,Fluorescence,A,14
5EMZ,V17A,1.65,7.4,298.15,GdnHCl,destabilizing,15857839.0,Fluorescence,A,16
5EMZ,D21N,0.85,7.4,298.15,GdnHCl,destabilizing,15857839.0,Fluorescence,A,20
5EMZ,T22A,1.74,7.4,298.15,GdnHCl,destabilizing,15857839.0,Fluorescence,A,21
5EMZ,I23V,0.45,7.4,298.15,GdnHCl,destabilizing,15857839.0,Fluorescence,A,22
5EMZ,I23A,2.78,7.4,298.15,GdnHCl,destabilizing,15857839.0,Fluorescence,A,22
5EMZ,I23G,3.58,7.4,298.15,GdnHCl,destabilizing,15857839.0,Fluorescence,A,22
5EMZ,V26A,3.37,7.4,298.15,GdnHCl,destabilizing,15857839.0,Fluorescence,A,25
5EMZ,K27A,2.56,7.4,298.15,GdnHCl,destabilizing,15857839.0,Fluorescence,A,26
5EMZ,A28G,0.52,7.4,298.15,GdnHCl,destabilizing,15857839.0,Fluorescence,A,27
5EMZ,I30V,1.21,7.4,298.15,GdnHCl,destabilizing,15857839.0,Fluorescence,A,29
5EMZ,I30A,3.22,7.4,298.15,GdnHCl,destabilizing,15857839.0,Fluorescence,A,29
5EMZ,Q41A,1.46,7.4,298.15,GdnHCl,destabilizing,15857839.0,Fluorescence,A,40
5EMZ,L43A,4.36,7.4,298.15,GdnHCl,destabilizing,15857839.0,Fluorescence,A,42
5EMZ,L50A,2.73,7.4,298.15,GdnHCl,destabilizing,15857839.0,Fluorescence,A,49
5EMZ,L56A,4.05,7.4,298.15,GdnHCl,destabilizing,15857839.0,Fluorescence,A,55
5EMZ,I61V,1.12,7.4,298.15,GdnHCl,destabilizing,15857839.0,Fluorescence,A,60
5EMZ,I61A,3.23,7.4,298.15,GdnHCl,destabilizing,15857839.0,Fluorescence,A,60
5EMZ,L67A,2.57,7.4,298.15,GdnHCl,destabilizing,15857839.0,Fluorescence,A,66
5EMZ,L69A,3.05,7.4,298.15,GdnHCl,destabilizing,15857839.0,Fluorescence,A,68
1HFY,W118F,0.525461,7.5,298.15,Thermal,destabilizing,15861407.0,Fluorescence,A,117
1HFY,W60F,1.791345,7.5,298.15,Thermal,destabilizing,15861407.0,Fluorescence,A,59
1BOY,R200W,-0.6,7.5,296.15,GdnHCl,stabilizing,15865421.0,Fluorescence,A,197
1UZC,W11F,0.2,5.7,283.0,Urea,destabilizing,15935381.0,Fluorescence,A,8
1UZC,T13S,-0.1,5.7,283.0,Urea,stabilizing,15935381.0,Fluorescence,A,10
1UZC,T13A,1.0,5.7,283.0,Urea,destabilizing,15935381.0,Fluorescence,A,10
1UZC,E15A,0.3,5.7,283.0,Urea,destabilizing,15935381.0,Fluorescence,A,12
1UZC,E15G,1.0,5.7,283.0,Urea,destabilizing,15935381.0,Fluorescence,A,12
1UZC,A17G,0.6,5.7,283.0,Urea,destabilizing,15935381.0,Fluorescence,A,14
1UZC,Q19A,0.2,5.7,283.0,Urea,destabilizing,15935381.0,Fluorescence,A,16
1UZC,Q19G,1.3,5.7,283.0,Urea,destabilizing,15935381.0,Fluorescence,A,16
1UZC,A20G,2.4,5.7,283.0,Urea,destabilizing,15935381.0,Fluorescence,A,17
1UZC,L24A,1.0,5.7,283.0,Urea,destabilizing,15935381.0,Fluorescence,A,21
1UZC,K26A,-0.1,5.7,283.0,Urea,stabilizing,15935381.0,Fluorescence,A,23
1UZC,K26G,0.8,5.7,283.0,Urea,destabilizing,15935381.0,Fluorescence,A,23
1UZC,E27A,0.6,5.7,283.0,Urea,destabilizing,15935381.0,Fluorescence,A,24
1UZC,E27G,1.6,5.7,283.0,Urea,destabilizing,15935381.0,Fluorescence,A,24
1UZC,V30A,3.3,5.7,283.0,Urea,destabilizing,15935381.0,Fluorescence,A,27
1UZC,P31G,1.1,5.7,283.0,Urea,destabilizing,15935381.0,Fluorescence,A,28
1UZC,S32A,-0.0,5.7,283.0,Urea,stabilizing,15935381.0,Fluorescence,A,29
1UZC,N33G,0.4,5.7,283.0,Urea,destabilizing,15935381.0,Fluorescence,A,30
1UZC,S35A,1.0,5.7,283.0,Urea,destabilizing,15935381.0,Fluorescence,A,32
1UZC,W36F,-0.6,5.7,283.0,Urea,stabilizing,15935381.0,Fluorescence,A,33
1UZC,Q38A,0.3,5.7,283.0,Urea,destabilizing,15935381.0,Fluorescence,A,35
1UZC,Q38G,1.6,5.7,283.0,Urea,destabilizing,15935381.0,Fluorescence,A,35
1UZC,A39G,1.9,5.7,283.0,Urea,destabilizing,15935381.0,Fluorescence,A,36
1UZC,M42A,1.6,5.7,283.0,Urea,destabilizing,15935381.0,Fluorescence,A,39
1UZC,I43V,1.3,5.7,283.0,Urea,destabilizing,15935381.0,Fluorescence,A,40
1UZC,I44V,0.3,5.7,283.0,Urea,destabilizing,15935381.0,Fluorescence,A,41
1UZC,I44A,0.2,5.7,283.0,Urea,destabilizing,15935381.0,Fluorescence,A,41
1UZC,I44G,0.3,5.7,283.0,Urea,destabilizing,15935381.0,Fluorescence,A,41
1UZC,D46N,2.3,5.7,283.0,Urea,destabilizing,15935381.0,Fluorescence,A,43
1UZC,P47G,0.9,5.7,283.0,Urea,destabilizing,15935381.0,Fluorescence,A,44
1UZC,Y49F,0.3,5.7,283.0,Urea,destabilizing,15935381.0,Fluorescence,A,46
1UZC,Y49A,2.6,5.7,283.0,Urea,destabilizing,15935381.0,Fluorescence,A,46
1UZC,S50A,0.2,5.7,283.0,Urea,destabilizing,15935381.0,Fluorescence,A,47
1UZC,S50G,0.1,5.7,283.0,Urea,destabilizing,15935381.0,Fluorescence,A,47
1UZC,A51G,1.1,5.7,283.0,Urea,destabilizing,15935381.0,Fluorescence,A,48
1UZC,L52A,2.9,5.7,283.0,Urea,destabilizing,15935381.0,Fluorescence,A,49
1UZC,A53G,0.3,5.7,283.0,Urea,destabilizing,15935381.0,Fluorescence,A,50
1UZC,S56A,0.5,5.7,283.0,Urea,destabilizing,15935381.0,Fluorescence,A,53
1UZC,S56G,0.5,5.7,283.0,Urea,destabilizing,15935381.0,Fluorescence,A,53
1UZC,K58A,2.1,5.7,283.0,Urea,destabilizing,15935381.0,Fluorescence,A,55
1UZC,Q60A,-0.2,5.7,283.0,Urea,stabilizing,15935381.0,Fluorescence,A,57
1UZC,Q60G,0.8,5.7,283.0,Urea,destabilizing,15935381.0,Fluorescence,A,57
1UZC,A61G,2.2,5.7,283.0,Urea,destabilizing,15935381.0,Fluorescence,A,58
1UZC,A64G,0.9,5.7,283.0,Urea,destabilizing,15935381.0,Fluorescence,A,61
1UZC,Y65F,0.8,5.7,283.0,Urea,destabilizing,15935381.0,Fluorescence,A,62
1UZC,V67A,-0.6,5.7,283.0,Urea,stabilizing,15935381.0,Fluorescence,A,64
1UZC,V67G,0.1,5.7,283.0,Urea,destabilizing,15935381.0,Fluorescence,A,64
1LS4,T31A,-0.6,7.4,298.15,GdnHCl,stabilizing,15952787.0,CD,A,30
1LS4,T144A,1.32,7.4,298.15,GdnHCl,destabilizing,15952787.0,CD,A,143
1LS4,L17K,1.36,7.4,298.15,GdnHCl,destabilizing,15952787.0,CD,A,16
1LS4,A140K,1.69,7.4,298.15,GdnHCl,destabilizing,15952787.0,CD,A,139
1RIS,V6A,1.7,8.0,298.15,GdnHCl,destabilizing,16002092.0,Fluorescence,A,5
1RIS,I8A,2.9,8.0,298.15,GdnHCl,destabilizing,16002092.0,Fluorescence,A,7
1RIS,L21A,-1.2,8.0,298.15,GdnHCl,stabilizing,16002092.0,Fluorescence,A,20
1RIS,E22Q,0.4,8.0,298.15,GdnHCl,destabilizing,16002092.0,Fluorescence,A,21
1RIS,I26A,2.8,8.0,298.15,GdnHCl,destabilizing,16002092.0,Fluorescence,A,25
1RIS,Y33A,-0.6,8.0,298.15,GdnHCl,stabilizing,16002092.0,Fluorescence,A,32
1RIS,A35G,0.2,8.0,298.15,GdnHCl,destabilizing,16002092.0,Fluorescence,A,34
1RIS,V37A,3.0,8.0,298.15,GdnHCl,destabilizing,16002092.0,Fluorescence,A,36
1RIS,L48A,0.3,8.0,298.15,GdnHCl,destabilizing,16002092.0,Fluorescence,A,47
1RIS,I52A,1.0,8.0,298.15,GdnHCl,destabilizing,16002092.0,Fluorescence,A,51
1RIS,F60A,-0.3,8.0,298.15,GdnHCl,stabilizing,16002092.0,Fluorescence,A,59
1RIS,V65A,2.3,8.0,298.15,GdnHCl,destabilizing,16002092.0,Fluorescence,A,64
1RIS,L75A,0.7,8.0,298.15,GdnHCl,destabilizing,16002092.0,Fluorescence,A,74
1RIS,L79A,2.7,8.0,298.15,GdnHCl,destabilizing,16002092.0,Fluorescence,A,78
1RIS,V85A,2.9,8.0,298.15,GdnHCl,destabilizing,16002092.0,Fluorescence,A,84
1RIS,V88A,1.2,8.0,298.15,GdnHCl,destabilizing,16002092.0,Fluorescence,A,87
1WQ5,L127A,0.64,7.8,298.15,Urea,destabilizing,16023136.0,CD,A,118
1WQ5,L50A,1.5,7.8,298.15,Urea,destabilizing,16023136.0,CD,A,49
1WQ5,L176A,2.01,7.8,298.15,Urea,destabilizing,16023136.0,CD,A,167
1WQ5,L99A,2.04,7.8,298.15,Urea,destabilizing,16023136.0,CD,A,90
1WQ5,I37A,2.21,7.8,298.15,Urea,destabilizing,16023136.0,CD,A,36
5AZU,V5A,0.955384,7.0,298.15,GdnHCl,destabilizing,16042382.0,"Fluorescence, CD",A,4
5AZU,V95A,0.955384,7.0,298.15,GdnHCl,destabilizing,16042382.0,"Fluorescence, CD",A,94
5AZU,I81A,1.433076,7.0,298.15,GdnHCl,destabilizing,16042382.0,"Fluorescence, CD",A,80
5AZU,V22A,1.671922,7.0,298.15,GdnHCl,destabilizing,16042382.0,"Fluorescence, CD",A,21
5AZU,V31A,1.671922,7.0,298.15,GdnHCl,destabilizing,16042382.0,"Fluorescence, CD",A,30
5AZU,L33A,1.671922,7.0,298.15,GdnHCl,destabilizing,16042382.0,"Fluorescence, CD",A,32
5AZU,A82G,1.671922,7.0,298.15,GdnHCl,destabilizing,16042382.0,"Fluorescence, CD",A,81
5AZU,L125A,1.671922,7.0,298.15,GdnHCl,destabilizing,16042382.0,"Fluorescence, CD",A,124
5AZU,L50A,1.791345,7.0,298.15,GdnHCl,destabilizing,16042382.0,"Fluorescence, CD",A,49
5AZU,I20A,2.38846,7.0,298.15,GdnHCl,destabilizing,16042382.0,"Fluorescence, CD",A,19
5AZU,F97A,2.627306,7.0,298.15,GdnHCl,destabilizing,16042382.0,"Fluorescence, CD",A,96
5AZU,M121A,2.866152,7.0,298.15,GdnHCl,destabilizing,16042382.0,"Fluorescence, CD",A,120
5AZU,V60G,3.104998,7.0,298.15,GdnHCl,destabilizing,16042382.0,"Fluorescence, CD",A,59
5AZU,I7A,3.3438440000000003,7.0,298.15,GdnHCl,destabilizing,16042382.0,"Fluorescence, CD",A,6
5AZU,W48A,3.3438440000000003,7.0,298.15,GdnHCl,destabilizing,16042382.0,"Fluorescence, CD",A,47
5AZU,Y108A,3.58269,7.0,298.15,GdnHCl,destabilizing,16042382.0,"Fluorescence, CD",A,107
5AZU,F110A,5.015766,7.0,298.15,GdnHCl,destabilizing,16042382.0,"Fluorescence, CD",A,109
1HK0,M147A,0.55,7.0,310.15,GdnHCl,destabilizing,16046626.0,Fluorescence,X,145
1HK0,R79A,1.15,7.0,310.15,GdnHCl,destabilizing,16046626.0,Fluorescence,X,78
1HK0,Q54A,-0.25,7.0,310.15,GdnHCl,stabilizing,16046626.0,Fluorescence,X,53
1HK0,Q143A,0.2,7.0,310.15,GdnHCl,destabilizing,16046626.0,Fluorescence,X,141
2AFG,F108Y,-3.8,7.5,313.45,GdnHCl,stabilizing,16126225.0,CD,A,98
2AFG,F108Y,-3.7,7.5,312.95,GdnHCl,stabilizing,16126225.0,Fluorescence,A,98
2AFG,S47I,-1.9,7.5,312.95,GdnHCl,stabilizing,16126225.0,Fluorescence,A,37
2AFG,H93G,-1.8,7.5,313.45,GdnHCl,stabilizing,16126225.0,CD,A,83
2AFG,H93G,-1.7,7.5,312.95,GdnHCl,stabilizing,16126225.0,Fluorescence,A,83
2AFG,Q40P,-1.5,7.5,312.95,GdnHCl,stabilizing,16126225.0,Fluorescence,A,30
2AFG,L44F,-0.5,7.5,313.45,GdnHCl,stabilizing,16126225.0,CD,A,34
2AFG,L44F,-0.3,7.5,312.95,GdnHCl,stabilizing,16126225.0,Fluorescence,A,34
2AFG,Q40P,-1.8,7.5,313.45,GdnHCl,stabilizing,16126225.0,CD,A,30
2AFG,S47I,-2.2,7.5,313.45,GdnHCl,stabilizing,16126225.0,CD,A,37
1SHF,V138G,3.771378,7.0,298.15,GdnHCl,destabilizing,16142914.0,Fluorescence,A,54
1SHF,V138T,2.3215830000000004,7.0,298.15,GdnHCl,destabilizing,16142914.0,Fluorescence,A,54
1SHF,V138A,2.073183,7.0,298.15,GdnHCl,destabilizing,16142914.0,Fluorescence,A,54
1SHF,V138M,0.508742,7.0,298.15,GdnHCl,destabilizing,16142914.0,Fluorescence,A,54
1SHF,V138F,0.03585086,7.0,298.15,GdnHCl,destabilizing,16142914.0,Fluorescence,A,54
1SHF,V138H,-0.016730402,7.0,298.15,GdnHCl,stabilizing,16142914.0,Fluorescence,A,54
1SHF,V138L,-0.040630975,7.0,298.15,GdnHCl,stabilizing,16142914.0,Fluorescence,A,54
1SHF,V138S,4.165869981,7.0,298.15,GdnHCl,destabilizing,16142914.0,Fluorescence,A,54
1SHF,V138W,-0.131453155,7.0,298.15,GdnHCl,stabilizing,16142914.0,Fluorescence,A,54
1AYI,A13N,0.334608031,7.0,283.15,Thermal,destabilizing,16159282.0,CD,A,12
1DIV,K12M,-2.03,5.45,298.15,Urea,stabilizing,16165156.0,CD,A,11
1DIV,K7M,-0.35,5.45,298.15,Urea,stabilizing,16165156.0,CD,A,6
1DIV,E54Q,-0.33,5.45,298.15,Urea,stabilizing,16165156.0,CD,A,53
1DIV,K10M,-0.05,5.45,298.15,Urea,stabilizing,16165156.0,CD,A,9
1DIV,E48Q,-0.03,5.45,298.15,Urea,stabilizing,16165156.0,CD,A,47
1DIV,K14M,-0.01,5.45,298.15,Urea,stabilizing,16165156.0,CD,A,13
1DIV,E17Q,0.21,5.45,298.15,Urea,destabilizing,16165156.0,CD,A,16
1DIV,D8N,0.3,5.45,298.15,Urea,destabilizing,16165156.0,CD,A,7
1DIV,K15M,0.31,5.45,298.15,Urea,destabilizing,16165156.0,CD,A,14
1DIV,E38Q,0.56,5.45,298.15,Urea,destabilizing,16165156.0,CD,A,37
1DIV,D23N,0.58,5.45,298.15,Urea,destabilizing,16165156.0,CD,A,22
1HFY,T38A,1.3,7.0,331.95,Thermal,destabilizing,16236317.0,CD,A,37
1DIV,L6I,0.13,5.5,298.15,Urea,destabilizing,16246369.0,CD,A,5
1DIV,V3I,0.31,5.5,298.15,Urea,destabilizing,16246369.0,CD,A,2
1DIV,V21I,0.4,5.5,298.15,Urea,destabilizing,16246369.0,CD,A,20
1DIV,L6V,0.41,5.5,298.15,Urea,destabilizing,16246369.0,CD,A,5
1DIV,I4V,0.59,5.5,298.15,Urea,destabilizing,16246369.0,CD,A,3
1DIV,V21L,1.23,5.5,298.15,Urea,destabilizing,16246369.0,CD,A,20
1DIV,M1A,1.46,5.5,298.15,Urea,destabilizing,16246369.0,CD,A,0
1DIV,V3L,2.21,5.5,298.15,Urea,destabilizing,16246369.0,CD,A,2
1DIV,I4A,2.22,5.5,298.15,Urea,destabilizing,16246369.0,CD,A,3
1DIV,V21A,2.33,5.5,298.15,Urea,destabilizing,16246369.0,CD,A,20
1DIV,M1G,2.36,5.5,298.15,Urea,destabilizing,16246369.0,CD,A,0
1DIV,V3A,2.55,5.5,298.15,Urea,destabilizing,16246369.0,CD,A,2
1DIV,L30A,2.76,5.5,298.15,Urea,destabilizing,16246369.0,CD,A,29
1DIV,L6A,3.1,5.5,298.15,Urea,destabilizing,16246369.0,CD,A,5
1DIV,L30V,3.62,5.5,298.15,Urea,destabilizing,16246369.0,CD,A,29
1CYO,S71L,-0.8,7.0,298.15,GdnHCl,stabilizing,16246823.0,CD,A,70
3FIS,P61A,0.5,7.4,331.25,Thermal,destabilizing,16274219.0,CD,A,35
1JL9,S9C,1.51,8.4,295.15,GdnHCl,destabilizing,16274250.0,RP-HPLC,A,3
1JL9,A25C,1.44,8.4,295.15,GdnHCl,destabilizing,16274250.0,RP-HPLC,A,19
1HFY,W118F,-0.1578947369999999,7.5,298.15,GdnHCl,stabilizing,16285716.0,CD,A,117
1HFY,W104F,2.272727273,7.5,298.15,GdnHCl,destabilizing,16285716.0,CD,A,103
1HFY,W60F,1.270334928,7.5,298.15,GdnHCl,destabilizing,16285716.0,CD,A,59
1HFY,W26F,2.401913876,7.5,298.15,GdnHCl,destabilizing,16285716.0,CD,A,25
1RGG,D79F,-3.0,7.0,325.75,Thermal,stabilizing,16288913.0,CD,A,78
1RGG,D79Y,-2.9,7.0,325.75,Thermal,stabilizing,16288913.0,CD,A,78
1RGG,D79A,-2.8,7.0,325.75,Thermal,stabilizing,16288913.0,CD,A,78
1RGG,D79I,-2.9,7.0,325.75,Thermal,stabilizing,16288913.0,CD,A,78
1RGG,D79R,-2.7,7.0,325.75,Thermal,stabilizing,16288913.0,CD,A,78
1RGG,D79L,-2.7,7.0,325.75,Thermal,stabilizing,16288913.0,CD,A,78
1RGG,D79K,-2.3,7.0,325.75,Thermal,stabilizing,16288913.0,CD,A,78
1RGG,D79W,-2.3,7.0,325.75,Thermal,stabilizing,16288913.0,CD,A,78
1RGG,D79H,-1.8,7.0,325.75,Thermal,stabilizing,16288913.0,CD,A,78
1RGG,D79N,-1.8,7.0,325.75,Thermal,stabilizing,16288913.0,CD,A,78
1RGG,D79E,0.3,7.0,325.75,Thermal,destabilizing,16288913.0,CD,A,78
1RGG,Q94K,-0.3,7.0,325.75,Thermal,stabilizing,16288913.0,CD,A,93
1RGG,D33A,6.2,7.0,325.75,Thermal,destabilizing,16288913.0,CD,A,32
1RGG,D79N,1.2,3.0,311.75,Thermal,destabilizing,16288913.0,CD,A,78
1RGG,D79A,0.3,3.0,311.75,Thermal,destabilizing,16288913.0,CD,A,78
1RGG,D79F,0.3,3.0,311.75,Thermal,destabilizing,16288913.0,CD,A,78
1RGG,Q94K,-0.2,3.0,311.75,Thermal,stabilizing,16288913.0,CD,A,93
1RGG,D79N,-2.3,8.5,319.05,Thermal,stabilizing,16288913.0,CD,A,78
1RGG,D79A,-3.3,8.5,319.05,Thermal,stabilizing,16288913.0,CD,A,78
1RGG,D79F,-3.7,8.5,319.05,Thermal,stabilizing,16288913.0,CD,A,78
1RGG,Q94K,-1.1,8.5,319.05,Thermal,stabilizing,16288913.0,CD,A,93
2A36,T22G,-3.6,6.0,293.15,GdnHCl,stabilizing,16300404.0,Fluorescence,A,21
1QQV,H41Y,-1.5,4.0,298.15,Urea,stabilizing,16337228.0,CD,A,31
1QQV,H41Y,-1.1,6.5,298.15,Urea,stabilizing,16337228.0,CD,A,31
1H7M,D2A,0.526315789,7.4,298.15,GdnHCl,destabilizing,16363795.0,CD,A,3
1H7M,E6A,0.7655502390000001,7.4,298.15,GdnHCl,destabilizing,16363795.0,CD,A,7
1H7M,R8A,0.7655502390000001,7.4,298.15,GdnHCl,destabilizing,16363795.0,CD,A,9
1H7M,K9A,0.28708134,7.4,298.15,GdnHCl,destabilizing,16363795.0,CD,A,10
1H7M,D12A,-0.23923445,7.4,298.15,GdnHCl,stabilizing,16363795.0,CD,A,13
1H7M,K15A,0.909090909,7.4,298.15,GdnHCl,destabilizing,16363795.0,CD,A,16
1H7M,R21A,-0.071770335,7.4,298.15,GdnHCl,destabilizing,16363795.0,CD,A,22
1H7M,K22A,-0.43062201,7.4,298.15,GdnHCl,stabilizing,16363795.0,CD,A,23
1H7M,K28A,1.196172249,7.4,298.15,GdnHCl,destabilizing,16363795.0,CD,A,29
1H7M,K33A,-0.119617225,7.4,298.15,GdnHCl,destabilizing,16363795.0,CD,A,34
1H7M,R39A,0.071770335,7.4,298.15,GdnHCl,destabilizing,16363795.0,CD,A,40
1H7M,R42A,-0.33492823,7.4,298.15,GdnHCl,stabilizing,16363795.0,CD,A,43
1H7M,D44A,-0.04784689,7.4,298.15,GdnHCl,stabilizing,16363795.0,CD,A,45
1H7M,K46A,1.100478469,7.4,298.15,GdnHCl,destabilizing,16363795.0,CD,A,47
1H7M,E47A,0.04784689,7.4,298.15,GdnHCl,destabilizing,16363795.0,CD,A,48
1H7M,D48A,-0.358851675,7.4,298.15,GdnHCl,stabilizing,16363795.0,CD,A,49
1H7M,E50A,-0.574162679,7.4,298.15,GdnHCl,stabilizing,16363795.0,CD,A,51
1H7M,R54A,0.263157895,7.4,298.15,GdnHCl,destabilizing,16363795.0,CD,A,55
1H7M,E62A,1.291866029,7.4,298.15,GdnHCl,destabilizing,16363795.0,CD,A,63
1H7M,E64A,0.263157895,7.4,298.15,GdnHCl,destabilizing,16363795.0,CD,A,65
1H7M,E69A,0.7416267940000001,7.4,298.15,GdnHCl,destabilizing,16363795.0,CD,A,70
1H7M,R76A,-0.19138756,7.4,298.15,GdnHCl,destabilizing,16363795.0,CD,A,77
1H7M,H78A,0.502392344,7.4,298.15,GdnHCl,destabilizing,16363795.0,CD,A,79
1H7M,D87A,1.363636364,7.4,298.15,GdnHCl,destabilizing,16363795.0,CD,A,88
1H7M,E90A,0.406698565,7.4,298.15,GdnHCl,destabilizing,16363795.0,CD,A,91
1H7M,R92A,0.311004785,7.4,298.15,GdnHCl,destabilizing,16363795.0,CD,A,93
1FTG,I21A,0.02,7.0,298.2,Urea,destabilizing,16364364.0,Fluorescence,A,19
1FTG,I21A,0.02,7.0,316.4,Thermal,destabilizing,16364364.0,"Fluorescence, CD",A,19
1FTG,I21G,-0.01,7.0,298.2,Urea,stabilizing,16364364.0,Fluorescence,A,19
1FTG,L50A,-0.02,7.0,316.4,Thermal,stabilizing,16364364.0,"Fluorescence, CD",A,48
1FTG,L50A,-0.05,7.0,298.2,Urea,stabilizing,16364364.0,Fluorescence,A,48
1FTG,V83I,-0.05,7.0,316.4,Thermal,stabilizing,16364364.0,"Fluorescence, CD",A,81
1FTG,V83I,-0.06,7.0,298.2,Urea,stabilizing,16364364.0,Fluorescence,A,81
1FTG,Q111G,-0.1,7.0,298.2,Urea,stabilizing,16364364.0,Fluorescence,A,109
1FTG,E107A,-0.15,7.0,316.4,Thermal,stabilizing,16364364.0,"Fluorescence, CD",A,105
1FTG,A101V,-0.16,7.0,316.4,Thermal,stabilizing,16364364.0,"Fluorescence, CD",A,99
1FTG,I21G,-0.17,7.0,316.4,Thermal,stabilizing,16364364.0,"Fluorescence, CD",A,19
1FTG,E40K,-0.17,7.0,316.4,Thermal,stabilizing,16364364.0,"Fluorescence, CD",A,38
1FTG,V18I,-0.19,7.0,316.4,Thermal,stabilizing,16364364.0,"Fluorescence, CD",A,16
1FTG,A101V,-0.22,7.0,298.2,Urea,stabilizing,16364364.0,Fluorescence,A,99
1FTG,Q111G,-0.22,7.0,316.4,Thermal,stabilizing,16364364.0,"Fluorescence, CD",A,109
1FTG,E107A,-0.23,7.0,298.2,Urea,stabilizing,16364364.0,Fluorescence,A,105
1FTG,Q99A,-0.24,7.0,298.2,Urea,stabilizing,16364364.0,Fluorescence,A,97
1FTG,V18I,-0.27,7.0,298.2,Urea,stabilizing,16364364.0,Fluorescence,A,16
1FTG,E20K,-0.27,7.0,316.4,Thermal,stabilizing,16364364.0,"Fluorescence, CD",A,18
1FTG,E20K,-0.28,7.0,298.2,Urea,stabilizing,16364364.0,Fluorescence,A,18
1FTG,E72K,-0.29,7.0,298.2,Urea,stabilizing,16364364.0,Fluorescence,A,70
1FTG,D75K,-0.31,7.0,298.2,Urea,stabilizing,16364364.0,Fluorescence,A,73
1FTG,E72K,-0.33,7.0,316.4,Thermal,stabilizing,16364364.0,"Fluorescence, CD",A,70
1FTG,E40K,-0.38,7.0,298.2,Urea,stabilizing,16364364.0,Fluorescence,A,38
1FTG,G68A,-0.38,7.0,316.4,Thermal,stabilizing,16364364.0,"Fluorescence, CD",A,66
1FTG,D75K,-0.4,7.0,316.4,Thermal,stabilizing,16364364.0,"Fluorescence, CD",A,73
1FTG,Q99A,-0.43,7.0,316.4,Thermal,stabilizing,16364364.0,"Fluorescence, CD",A,97
1FTG,G68A,-0.45,7.0,298.2,Urea,stabilizing,16364364.0,Fluorescence,A,66
1ITM,C24T,3.0,6.0,288.15,Urea,destabilizing,16373475.0,Fluorescence,A,24
1ITM,C24T,3.1,6.0,293.15,Urea,destabilizing,16373475.0,Fluorescence,A,24
1ITM,C24T,3.3,6.0,298.15,Urea,destabilizing,16373475.0,Fluorescence,A,24
1ITM,C24T,3.0,6.0,303.15,Urea,destabilizing,16373475.0,Fluorescence,A,24
1ITM,C24T,2.5,6.0,278.15,Urea,destabilizing,16373475.0,Fluorescence,A,24
1ITM,C3T,5.0,6.0,288.15,Urea,destabilizing,16373475.0,Fluorescence,A,3
1ITM,C3T,4.6,6.0,293.15,Urea,destabilizing,16373475.0,Fluorescence,A,3
1ITM,C3T,5.0,6.0,298.15,Urea,destabilizing,16373475.0,Fluorescence,A,3
1ITM,C3T,4.6,6.0,303.15,Urea,destabilizing,16373475.0,Fluorescence,A,3
1ITM,C3T,4.2,6.0,278.15,Urea,destabilizing,16373475.0,Fluorescence,A,3
1O1U,E110A,3.3,7.2,298.15,Urea,destabilizing,16411748.0,NMR,A,109
1O1U,N61A,1.2,7.2,298.15,Urea,destabilizing,16411748.0,NMR,A,60
1O1U,Q51A,0.3,7.2,298.15,Urea,destabilizing,16411748.0,NMR,A,50
1O1U,Q99A,-0.3,7.2,298.15,Urea,stabilizing,16411748.0,NMR,A,98
1O1U,T38A,1.2,7.2,298.15,Urea,destabilizing,16411748.0,NMR,A,37
1O1U,W49Y,1.2,7.2,298.15,Urea,destabilizing,16411748.0,NMR,A,48
1RTB,Y92A,0.6,8.0,288.15,Thermal,destabilizing,16433537.0,Enzyme activity,A,91
1RTB,Y92G,1.4,8.0,288.15,Thermal,destabilizing,16433537.0,Enzyme activity,A,91
1RTB,Y92L,1.5,8.0,288.15,Thermal,destabilizing,16433537.0,Enzyme activity,A,91
1AKK,H33N,-1.0,5.0,288.15,GdnHCl,stabilizing,16473367.0,"Abs, CD, Fluorescence",A,32
1GSB,F56S,0.5,6.5,293.15,Urea,destabilizing,16475815.0,CD,A,55
1AYI,I22V,0.884321224,7.0,283.15,Urea,destabilizing,16475816.0,Fluorescence,A,21
1AYI,I44V,-0.693116635,7.0,283.15,Urea,stabilizing,16475816.0,Fluorescence,A,43
1AYI,I68V,-0.239005736,7.0,283.15,Urea,stabilizing,16475816.0,Fluorescence,A,67
1AYI,L34A,0.621414914,7.0,283.15,Urea,destabilizing,16475816.0,Fluorescence,A,33
1AYI,L38A,1.649139579,7.0,283.15,Urea,destabilizing,16475816.0,Fluorescence,A,37
1AYI,L3A,-0.286806883,7.0,283.15,Urea,stabilizing,16475816.0,Fluorescence,A,2
1AYI,L53A,1.792543021,7.0,283.15,Urea,destabilizing,16475816.0,Fluorescence,A,52
1AYI,V16A,0.215105163,7.0,283.15,Urea,destabilizing,16475816.0,Fluorescence,A,15
1AYI,V42A,-0.52581262,7.0,283.15,Urea,stabilizing,16475816.0,Fluorescence,A,41
1AYI,V69A,-0.334608031,7.0,283.15,Urea,stabilizing,16475816.0,Fluorescence,A,68
1IFB,W6Y,0.93,7.0,298.15,Urea,destabilizing,16489754.0,Fluorescence,A,5
1IFB,W82Y,-0.09,7.0,298.15,Urea,stabilizing,16489754.0,Fluorescence,A,81
1IFB,F68A,-1.38,7.0,298.15,Urea,stabilizing,16489754.0,Fluorescence,A,67
1IFB,F93A,2.42,7.0,298.15,Urea,destabilizing,16489754.0,Fluorescence,A,92
2N7Z,P88A,0.6,8.0,298.15,Urea,destabilizing,16501221.0,CD,A,87
5AZU,I20V,0.38277512,7.0,298.15,GdnHCl,destabilizing,16522792.0,CD,A,19
5AZU,I20A,1.555023923,7.0,298.15,GdnHCl,destabilizing,16522792.0,CD,A,19
5AZU,I20T,2.392344498,7.0,298.15,GdnHCl,destabilizing,16522792.0,CD,A,19
5AZU,V22A,1.43,7.0,298.15,GdnHCl,destabilizing,16522792.0,CD,A,21
5AZU,V22T,0.957,7.0,298.15,GdnHCl,destabilizing,16522792.0,CD,A,21
5AZU,V31T,1.076555024,7.0,298.15,GdnHCl,destabilizing,16522792.0,CD,A,30
5AZU,L50V,0.358851675,7.0,298.15,GdnHCl,destabilizing,16522792.0,CD,A,49
5AZU,L50T,2.344497608,7.0,298.15,GdnHCl,destabilizing,16522792.0,CD,A,49
5AZU,I81V,0.071770335,7.0,298.15,GdnHCl,destabilizing,16522792.0,CD,A,80
5AZU,I81A,2.392344498,7.0,298.15,GdnHCl,destabilizing,16522792.0,CD,A,80
5AZU,I81T,2.511961722,7.0,298.15,GdnHCl,destabilizing,16522792.0,CD,A,80
5AZU,V95T,-0.956937799,7.0,298.15,GdnHCl,stabilizing,16522792.0,CD,A,94
1ONC,F28T,5.311004785,5.5,293.15,Thermal,destabilizing,16533040.0,DSC,A,26
1ONC,F28A,5.0,5.5,293.15,Thermal,destabilizing,16533040.0,DSC,A,26
1ONC,F36Y,4.66507177,5.5,293.15,Thermal,destabilizing,16533040.0,DSC,A,34
1RTB,V63G,3.5,5.0,313.15,Thermal,destabilizing,16542150.0,Abs,A,62
1RTB,V63A,2.026315789,5.0,313.15,Thermal,destabilizing,16542150.0,Abs,A,62
1RTB,V57L,2.370813397,5.0,313.15,Thermal,destabilizing,16542150.0,Abs,A,56
1RTB,V57I,1.299043062,5.0,313.15,Thermal,destabilizing,16542150.0,Abs,A,56
1RTB,V57G,5.523923445,5.0,313.15,Thermal,destabilizing,16542150.0,Abs,A,56
1RTB,V57A,2.8540669860000003,5.0,313.15,Thermal,destabilizing,16542150.0,Abs,A,56
1RTB,V54L,1.086124402,5.0,313.15,Thermal,destabilizing,16542150.0,Abs,A,53
1RTB,V54I,1.947368421,5.0,313.15,Thermal,destabilizing,16542150.0,Abs,A,53
1RTB,V54G,4.870813397,5.0,313.15,Thermal,destabilizing,16542150.0,Abs,A,53
1RTB,V54A,2.581339713,5.0,313.15,Thermal,destabilizing,16542150.0,Abs,A,53
1RTB,V47G,7.346889952000001,5.0,313.15,Thermal,destabilizing,16542150.0,Abs,A,46
1RTB,V47A,3.803827751,5.0,313.15,Thermal,destabilizing,16542150.0,Abs,A,46
1RTB,V118G,2.775119617,5.0,313.15,Thermal,destabilizing,16542150.0,Abs,A,117
1RTB,V118A,1.923444976,5.0,313.15,Thermal,destabilizing,16542150.0,Abs,A,117
1RTB,V116G,1.184210526,5.0,313.15,Thermal,destabilizing,16542150.0,Abs,A,115
1RTB,V116A,0.66507177,5.0,313.15,Thermal,destabilizing,16542150.0,Abs,A,115
1RTB,V108L,0.7009569379999999,5.0,313.15,Thermal,destabilizing,16542150.0,Abs,A,107
1RTB,V108I,0.435406699,5.0,313.15,Thermal,destabilizing,16542150.0,Abs,A,107
1RTB,V108G,7.289473684,5.0,313.15,Thermal,destabilizing,16542150.0,Abs,A,107
1RTB,V108A,4.203349282,5.0,313.15,Thermal,destabilizing,16542150.0,Abs,A,107
1RTB,I81V,0.428229665,5.0,313.15,Thermal,destabilizing,16542150.0,Abs,A,80
1RTB,I81G,4.8062200960000006,5.0,313.15,Thermal,destabilizing,16542150.0,Abs,A,80
1RTB,I81A,2.990430622,5.0,313.15,Thermal,destabilizing,16542150.0,Abs,A,80
1RTB,I107V,0.078947368,5.0,313.15,Thermal,destabilizing,16542150.0,Abs,A,106
1RTB,I107L,2.196172249,5.0,313.15,Thermal,destabilizing,16542150.0,Abs,A,106
1RTB,I107A,2.846889952,5.0,313.15,Thermal,destabilizing,16542150.0,Abs,A,106
1RTB,I106V,0.801435407,5.0,313.15,Thermal,destabilizing,16542150.0,Abs,A,105
1RTB,I106L,1.789473684,5.0,313.15,Thermal,destabilizing,16542150.0,Abs,A,105
1RTB,I106A,4.375598086,5.0,313.15,Thermal,destabilizing,16542150.0,Abs,A,105
1RTB,A64G,0.435406699,5.0,313.15,Thermal,destabilizing,16542150.0,Abs,A,63
1RTB,A109G,0.43062201,5.0,313.15,Thermal,destabilizing,16542150.0,Abs,A,108
1PGA,T2P,2.7,5.5,298.15,Thermal,destabilizing,16549401.0,CD,A,1
1PGA,G9P,2.4,5.5,298.15,Thermal,destabilizing,16549401.0,CD,A,8
1PGA,K10P,0.2,5.5,298.15,Thermal,destabilizing,16549401.0,CD,A,9
1PGA,V21P,-0.5,5.5,298.15,Thermal,stabilizing,16549401.0,CD,A,20
1PGA,A23P,0.3,5.5,298.15,Thermal,destabilizing,16549401.0,CD,A,22
1PGA,A24P,0.5,5.5,298.15,Thermal,destabilizing,16549401.0,CD,A,23
1PGA,T25P,2.8,5.5,298.15,Thermal,destabilizing,16549401.0,CD,A,24
1PGA,V29P,3.5,5.5,298.15,Thermal,destabilizing,16549401.0,CD,A,28
1PGA,D36P,3.1,5.5,298.15,Thermal,destabilizing,16549401.0,CD,A,35
1PGA,A48P,0.7,5.5,298.15,Thermal,destabilizing,16549401.0,CD,A,47
1FLV,V18I,-1.03,7.0,317.45,Urea,stabilizing,16563433.0,Fluorescence,A,16
1FLV,V18L,-0.6,7.0,317.45,Urea,stabilizing,16563433.0,Fluorescence,A,16
1FLV,V83I,-0.13,7.0,317.45,Urea,stabilizing,16563433.0,Fluorescence,A,81
1FLV,A101L,-0.08,7.0,317.45,Urea,stabilizing,16563433.0,Fluorescence,A,99
1FLV,G87A,0.13,7.0,317.45,Urea,destabilizing,16563433.0,Fluorescence,A,85
1FLV,G87V,0.13,7.0,317.45,Urea,destabilizing,16563433.0,Fluorescence,A,85
1FLV,A101V,0.32,7.0,317.45,Urea,destabilizing,16563433.0,Fluorescence,A,99
1FLV,G87L,0.64,7.0,317.45,Urea,destabilizing,16563433.0,Fluorescence,A,85
1FLV,V18I,-0.48,7.0,384.62,Thermal,stabilizing,16563433.0,"Abs, CD, Fluorescence",A,16
1FLV,G87V,-0.12,7.0,384.62,Thermal,stabilizing,16563433.0,"Abs, CD, Fluorescence",A,85
1FLV,V18L,-0.065,7.0,384.62,Thermal,stabilizing,16563433.0,"Abs, CD, Fluorescence",A,16
1FLV,V83I,0.02,7.0,384.62,Thermal,destabilizing,16563433.0,"Abs, CD, Fluorescence",A,81
1FLV,G87A,0.09,7.0,384.62,Thermal,destabilizing,16563433.0,"Abs, CD, Fluorescence",A,85
1FLV,G87L,0.21,7.0,384.62,Thermal,destabilizing,16563433.0,"Abs, CD, Fluorescence",A,85
1FLV,A101L,0.53,7.0,384.62,Thermal,destabilizing,16563433.0,"Abs, CD, Fluorescence",A,99
1FLV,A101V,0.69,7.0,384.62,Thermal,destabilizing,16563433.0,"Abs, CD, Fluorescence",A,99
1CUN,Q115A,-0.0,7.0,298.15,Urea,stabilizing,16618492.0,Fluorescence,A,108
1CUN,K152A,-0.0,7.0,298.15,Urea,stabilizing,16618492.0,Fluorescence,A,145
1CUN,V163A,-0.0,7.0,298.15,Urea,stabilizing,16618492.0,Fluorescence,A,156
1CUN,S201A,-0.0,7.0,298.15,Urea,stabilizing,16618492.0,Fluorescence,A,194
1CUN,A191G,0.9,7.0,298.15,Urea,destabilizing,16618492.0,Fluorescence,A,184
1CUN,G198A,0.9,7.0,298.15,Urea,destabilizing,16618492.0,Fluorescence,A,191
1CUN,Q115G,1.0,7.0,298.15,Urea,destabilizing,16618492.0,Fluorescence,A,108
1CUN,A156G,1.0,7.0,298.15,Urea,destabilizing,16618492.0,Fluorescence,A,149
1CUN,V163G,1.0,7.0,298.15,Urea,destabilizing,16618492.0,Fluorescence,A,156
1CUN,S201G,1.0,7.0,298.15,Urea,destabilizing,16618492.0,Fluorescence,A,194
1CUN,A212G,1.1,7.0,298.15,Urea,destabilizing,16618492.0,Fluorescence,A,205
1CUN,V171A,1.2,7.0,298.15,Urea,destabilizing,16618492.0,Fluorescence,A,164
1CUN,A119G,1.3,7.0,298.15,Urea,destabilizing,16618492.0,Fluorescence,A,112
1CUN,A126G,1.3,7.0,298.15,Urea,destabilizing,16618492.0,Fluorescence,A,119
1CUN,I128A,1.3,7.0,298.15,Urea,destabilizing,16618492.0,Fluorescence,A,121
1CUN,K152G,1.3,7.0,298.15,Urea,destabilizing,16618492.0,Fluorescence,A,145
1CUN,F157L,1.4,7.0,298.15,Urea,destabilizing,16618492.0,Fluorescence,A,150
1CUN,A173G,1.6,7.0,298.15,Urea,destabilizing,16618492.0,Fluorescence,A,166
1CUN,A206G,1.8,7.0,298.15,Urea,destabilizing,16618492.0,Fluorescence,A,199
1CUN,F117L,2.1,7.0,298.15,Urea,destabilizing,16618492.0,Fluorescence,A,110
1CUN,M193A,2.2,7.0,298.15,Urea,destabilizing,16618492.0,Fluorescence,A,186
1CUN,I128V,2.4,7.0,298.15,Urea,destabilizing,16618492.0,Fluorescence,A,121
1CUN,H164A,2.9,7.0,298.15,Urea,destabilizing,16618492.0,Fluorescence,A,157
1CUN,L214A,3.2,7.0,298.15,Urea,destabilizing,16618492.0,Fluorescence,A,207
1CUN,L203A,3.7,7.0,298.15,Urea,destabilizing,16618492.0,Fluorescence,A,196
1CUN,L196A,4.1,7.0,298.15,Urea,destabilizing,16618492.0,Fluorescence,A,189
1egl,V14A,1.671922,7.0,298.15,Thermal,destabilizing,16705642.0,DSC,A,13
1egl,V54A,2.364575,7.0,298.15,Thermal,destabilizing,16705642.0,DSC,A,53
1egl,V14A,1.648037,2.5,298.15,Thermal,destabilizing,16705642.0,DSC,A,13
1egl,V54A,2.101845,2.5,298.15,Thermal,destabilizing,16705642.0,DSC,A,53
1egl,V14A,1.7674599999999998,2.75,298.15,Thermal,destabilizing,16705642.0,DSC,A,13
1egl,V54A,2.1973830000000003,2.75,298.15,Thermal,destabilizing,16705642.0,DSC,A,53
1egl,V14A,1.81523,3.0,298.15,Thermal,destabilizing,16705642.0,DSC,A,13
1egl,V54A,2.245152,3.0,298.15,Thermal,destabilizing,16705642.0,DSC,A,53
1egl,V14A,1.81523,3.25,298.15,Thermal,destabilizing,16705642.0,DSC,A,13
1egl,V54A,2.316806,3.25,298.15,Thermal,destabilizing,16705642.0,DSC,A,53
1egl,V14A,1.671922,3.5,298.15,Thermal,destabilizing,16705642.0,DSC,A,13
1egl,V54A,2.1973830000000003,3.5,298.15,Thermal,destabilizing,16705642.0,DSC,A,53
1C9O,N55K,-0.09569378,7.0,348.15,Thermal,stabilizing,16720692.0,CD,A,54
1C9O,E36K,0.19138756,7.0,348.15,Thermal,destabilizing,16720692.0,CD,A,35
1C9O,E50K,0.502392344,7.0,348.15,Thermal,destabilizing,16720692.0,CD,A,49
1C9O,E12K,0.43062201,7.0,348.15,Thermal,destabilizing,16720692.0,CD,A,11
1C9O,R56E,-0.7655502390000001,7.0,348.15,Thermal,stabilizing,16720692.0,CD,A,55
1C9O,H29E,0.7655502390000001,7.0,348.15,Thermal,destabilizing,16720692.0,DSC,A,28
1C9O,E46K,0.645933014,7.0,348.15,Thermal,destabilizing,16720692.0,DSC,A,45
1C9O,E21K,0.263157895,7.0,348.15,Thermal,destabilizing,16720692.0,CD,A,20
1TUP,G245S,1.2,7.2,283.15,Urea,destabilizing,16754663.0,"DSC, Fluorescence",A,151
1TUP,R175H,3.5,7.2,283.15,Urea,destabilizing,16754663.0,"DSC, Fluorescence",A,81
1TUP,R249S,2.0,7.2,283.15,Urea,destabilizing,16754663.0,"DSC, Fluorescence",A,155
1TUP,R273H,0.3,7.2,283.15,Urea,destabilizing,16754663.0,"DSC, Fluorescence",A,179
1TUP,R282W,3.3,7.2,283.15,Urea,destabilizing,16754663.0,"DSC, Fluorescence",A,188
1TUP,V143A,3.5,7.2,283.15,Urea,destabilizing,16754663.0,"DSC, Fluorescence",A,49
1FTG,I21A,-0.37,7.0,317.3,Thermal,stabilizing,16755589.0,CD,A,19
1FTG,G68A,-0.36,7.0,317.3,Thermal,stabilizing,16755589.0,CD,A,66
1FTG,E107A,0.03,7.0,317.3,Thermal,destabilizing,16755589.0,CD,A,105
1FTG,Q111G,0.29,7.0,317.3,Thermal,destabilizing,16755589.0,CD,A,109
1FTG,Q111A,0.41,7.0,317.3,Thermal,destabilizing,16755589.0,CD,A,109
1FTG,E107G,1.02,7.0,317.3,Thermal,destabilizing,16755589.0,CD,A,105
1FTG,I21G,1.33,7.0,317.3,Thermal,destabilizing,16755589.0,CD,A,19
1FTG,E107A,-0.52,7.0,298.15,Urea,stabilizing,16755589.0,CD,A,105
1FTG,E107G,0.2,7.0,298.15,Urea,destabilizing,16755589.0,CD,A,105
1FTG,G68A,-0.55,7.0,298.15,Urea,stabilizing,16755589.0,CD,A,66
1FTG,I21A,-0.45,7.0,298.15,Urea,stabilizing,16755589.0,CD,A,19
1FTG,I21G,0.74,7.0,298.15,Urea,destabilizing,16755589.0,CD,A,19
1FTG,Q111A,0.23,7.0,298.15,Urea,destabilizing,16755589.0,CD,A,109
1FTG,Q111G,0.3,7.0,298.15,Urea,destabilizing,16755589.0,CD,A,109
3S4M,W155R,0.693116635,7.0,298.15,GdnHCl,destabilizing,16787388.0,CD,A,66
3S4M,I154F,-0.095602294,7.0,298.15,GdnHCl,stabilizing,16787388.0,CD,A,65
2JYS,Q8R,0.16,6.0,310.15,Urea,destabilizing,16799151.0,Activity,A,0
2JYS,H22L,0.27,6.0,310.15,Urea,destabilizing,16799151.0,Activity,A,14
2JYS,S25T,-0.44,6.0,310.15,Urea,stabilizing,16799151.0,Activity,A,17
2JYS,T28D,-0.06,6.0,310.15,Urea,stabilizing,16799151.0,Activity,A,20
2JYS,Q8R,-0.12,7.2,310.15,Urea,stabilizing,16799151.0,Activity,A,0
2JYS,H22L,-0.41,7.2,310.15,Urea,stabilizing,16799151.0,Activity,A,14
2JYS,S25T,-0.49,7.2,310.15,Urea,stabilizing,16799151.0,Activity,A,17
2JYS,T28D,-0.05,7.2,310.15,Urea,stabilizing,16799151.0,Activity,A,20
1FTG,A84G,2.17,7.0,298.15,Urea,destabilizing,16877708.0,CD,A,82
1FTG,I109A,3.89,7.0,298.15,Urea,destabilizing,16877708.0,CD,A,107
1FTG,I156V,3.6,7.0,298.15,Urea,destabilizing,16877708.0,CD,A,154
1FTG,I22V,1.94,7.0,298.15,Urea,destabilizing,16877708.0,CD,A,20
1FTG,I51V,1.98,7.0,298.15,Urea,destabilizing,16877708.0,CD,A,49
1FTG,I52V,1.38,7.0,298.15,Urea,destabilizing,16877708.0,CD,A,50
1FTG,L105A,2.69,7.0,298.15,Urea,destabilizing,16877708.0,CD,A,103
1FTG,L143A,0.14,7.0,298.15,Urea,destabilizing,16877708.0,CD,A,141
1FTG,L50A,2.82,7.0,298.15,Urea,destabilizing,16877708.0,CD,A,48
1FTG,L6A,3.53,7.0,298.15,Urea,destabilizing,16877708.0,CD,A,4
1FTG,V117A,2.05,7.0,298.15,Urea,destabilizing,16877708.0,CD,A,115
1FTG,V139A,1.51,7.0,298.15,Urea,destabilizing,16877708.0,CD,A,137
1FTG,V160A,2.46,7.0,298.15,Urea,destabilizing,16877708.0,CD,A,158
1FTG,V31A,2.39,7.0,298.15,Urea,destabilizing,16877708.0,CD,A,29
1FTG,W66F,0.83,7.0,298.15,Urea,destabilizing,16877708.0,CD,A,64
1DIV,K12M,-1.73,5.5,298.15,Urea,stabilizing,16906769.0,CD,A,11
1DIV,F5V,3.99,5.5,298.15,Urea,destabilizing,16906769.0,CD,A,4
2TRX,D2E,-0.023900574,7.0,298.15,Urea,stabilizing,16935299.0,DSC,A,1
2TRX,D9E,1.362332696,7.0,298.15,Urea,destabilizing,16935299.0,DSC,A,8
2TRX,D10E,0.167304015,7.0,298.15,Urea,destabilizing,16935299.0,DSC,A,9
2TRX,D13E,-0.191204589,7.0,298.15,Urea,stabilizing,16935299.0,DSC,A,12
2TRX,D43E,-0.573613767,7.0,298.15,Urea,stabilizing,16935299.0,DSC,A,42
2TRX,D47E,-0.286806883,7.0,298.15,Urea,stabilizing,16935299.0,DSC,A,46
2TRX,D61E,0.621414914,7.0,298.15,Urea,destabilizing,16935299.0,DSC,A,60
2TRX,D104E,0.334608031,7.0,298.15,Urea,destabilizing,16935299.0,DSC,A,103
2TRX,E30D,0.215105163,7.0,298.15,Urea,destabilizing,16935299.0,DSC,A,29
2TRX,E44D,0.6453154879999999,7.0,298.15,Urea,destabilizing,16935299.0,DSC,A,43
2TRX,E48D,1.075525813,7.0,298.15,Urea,destabilizing,16935299.0,DSC,A,47
2TRX,E85D,0.86042065,7.0,298.15,Urea,destabilizing,16935299.0,DSC,A,84
2TRX,E101D,-0.119502868,7.0,298.15,Urea,stabilizing,16935299.0,DSC,A,100
2TRX,I4V,0.26290631,7.0,298.15,Urea,destabilizing,16935299.0,DSC,A,3
2TRX,I5V,0.693116635,7.0,298.15,Urea,destabilizing,16935299.0,DSC,A,4
2TRX,I23V,-0.26290631,7.0,298.15,Urea,stabilizing,16935299.0,DSC,A,22
2TRX,I38V,0.956022945,7.0,298.15,Urea,destabilizing,16935299.0,DSC,A,37
2TRX,I41V,0.6453154879999999,7.0,298.15,Urea,destabilizing,16935299.0,DSC,A,40
2TRX,I45V,0.7887189290000001,7.0,298.15,Urea,destabilizing,16935299.0,DSC,A,44
2TRX,I60V,0.191204589,7.0,298.15,Urea,destabilizing,16935299.0,DSC,A,59
2TRX,I72V,0.023900574,7.0,298.15,Urea,destabilizing,16935299.0,DSC,A,71
2TRX,I75V,0.717017208,7.0,298.15,Urea,destabilizing,16935299.0,DSC,A,74
1RTB,A4S,0.22,7.1,335.95,Thermal,destabilizing,16953565.0,Abs,A,3
1RTB,A5S,-0.08,7.1,335.95,Thermal,stabilizing,16953565.0,Abs,A,4
1RTB,S123A,-1.14,7.1,335.95,Thermal,stabilizing,16953565.0,Abs,A,122
1RTB,A4S,0.51,7.0,334.85,Thermal,destabilizing,16953565.0,CD,A,3
1RTB,A5S,0.37,7.0,334.85,Thermal,destabilizing,16953565.0,CD,A,4
1RTB,S123A,-0.46,7.0,334.85,Thermal,stabilizing,16953565.0,CD,A,122
1RTB,A4S,0.62,7.1,334.55,Thermal,destabilizing,16953565.0,CD,A,3
1RTB,A5S,0.52,7.1,334.55,Thermal,destabilizing,16953565.0,CD,A,4
1RTB,S123A,-0.47,7.1,334.55,Thermal,stabilizing,16953565.0,CD,A,122
5AZU,H46G,-2.627306,7.0,298.15,GdnHCl,stabilizing,16962971.0,Fluorescence,A,45
5AZU,V5A,-0.0,7.0,298.15,GdnHCl,stabilizing,16962971.0,Fluorescence,A,4
5AZU,I7A,3.110047847,7.0,298.15,GdnHCl,destabilizing,16962971.0,Fluorescence,A,6
5AZU,V60G,3.110047847,7.0,298.15,GdnHCl,destabilizing,16962971.0,Fluorescence,A,59
5AZU,A82G,3.110047847,7.0,298.15,GdnHCl,destabilizing,16962971.0,Fluorescence,A,81
5AZU,L125A,0.71770334,7.0,298.15,GdnHCl,destabilizing,16962971.0,Fluorescence,A,124
1D5G,H71Y,0.04,6.8,298.15,GdnHCl,destabilizing,17011581.0,"NMR, Fluorescence",A,70
1D5G,I20F,-0.91,6.8,298.15,GdnHCl,stabilizing,17011581.0,"NMR, Fluorescence",A,19
1TUP,Y220C,4.0,7.2,283.15,Urea,destabilizing,17015838.0,NMR,A,126
5AZU,F110S,6.4,7.5,313.15,GdnHCl,destabilizing,17038664.0,Fluorescence,A,109
5AZU,I7S,6.4,7.5,313.15,GdnHCl,destabilizing,17038664.0,Fluorescence,A,6
1IO2,D7N,-1.674641148,9.0,323.15,GdnHCl,stabilizing,17042484.0,CD,A,6
1IO2,E8A,-2.655502392,9.0,323.15,GdnHCl,stabilizing,17042484.0,CD,A,7
1IO2,E8Q,-0.5980861239999999,9.0,323.15,GdnHCl,stabilizing,17042484.0,CD,A,7
1IO2,D105A,-1.578947368,9.0,323.15,GdnHCl,stabilizing,17042484.0,CD,A,104
1IO2,D135A,-2.559808612,9.0,323.15,GdnHCl,stabilizing,17042484.0,CD,A,134
1FNF,L1408P,0.02,7.0,298.15,GdnHCl,destabilizing,17065159.0,Fluorescence,A,266
1JLV,E64Q,2.3016252390000003,6.5,315.15,Thermal,destabilizing,17100654.0,CD,A,63
1JLV,E64D,1.161567878,6.5,315.15,Thermal,destabilizing,17100654.0,CD,A,63
1JLV,E64N,2.304015296,6.5,315.15,Thermal,destabilizing,17100654.0,CD,A,63
1IRO,V24I,-0.36,9.08,380.15,Thermal,stabilizing,17118523.0,NMR,A,23
1IRO,I33L,-0.76,9.08,380.15,Thermal,stabilizing,17118523.0,NMR,A,32
1STN,V114S,2.1,7.0,326.15,Thermal,destabilizing,17134819.0,Fluorescence,A,108
1STN,Y27F,2.1,7.0,326.15,Thermal,destabilizing,17134819.0,Fluorescence,A,21
1STN,V51S,2.8,7.0,326.15,Thermal,destabilizing,17134819.0,Fluorescence,A,45
1STN,V114T,2.9,7.0,326.15,Thermal,destabilizing,17134819.0,Fluorescence,A,108
1STN,V111T,3.2,7.0,326.15,Thermal,destabilizing,17134819.0,Fluorescence,A,105
1STN,V39S,3.9,7.0,326.15,Thermal,destabilizing,17134819.0,Fluorescence,A,33
1STN,Y91F,3.9,7.0,326.15,Thermal,destabilizing,17134819.0,Fluorescence,A,85
1STN,V66S,4.2,7.0,326.15,Thermal,destabilizing,17134819.0,Fluorescence,A,60
1Z1I,W31F,-0.17,7.7,303.15,GdnHCl,stabilizing,17142288.0,Fluorescence,A,30
1CSP,E42K,-0.051834131,7.5,328.15,Thermal,stabilizing,17188709.0,CD,A,41
1CSP,D25Q,0.76953748,7.5,328.15,Thermal,destabilizing,17188709.0,CD,A,24
1CSP,E12K,0.4784689,7.5,328.15,Thermal,destabilizing,17188709.0,CD,A,11
1CSP,E19K,0.614035088,7.5,328.15,Thermal,destabilizing,17188709.0,CD,A,18
1CSP,E19Q,0.251196172,7.5,328.15,Thermal,destabilizing,17188709.0,CD,A,18
1CSP,E3Q,-1.096491228,7.5,328.15,Thermal,stabilizing,17188709.0,CD,A,2
1CSP,E3R,-2.332535885,7.5,328.15,Thermal,stabilizing,17188709.0,CD,A,2
1CSP,E42Q,0.155502392,7.5,328.15,Thermal,destabilizing,17188709.0,CD,A,41
1CSP,K65E,1.913875598,7.5,328.15,Thermal,destabilizing,17188709.0,CD,A,64
1CSP,K65Q,0.550239234,7.5,328.15,Thermal,destabilizing,17188709.0,CD,A,64
1CSP,N10D,-0.406698565,7.5,328.15,Thermal,stabilizing,17188709.0,CD,A,9
1CSP,N10K,1.467304625,7.5,328.15,Thermal,destabilizing,17188709.0,CD,A,9
1CSP,N55D,-0.462519936,7.5,328.15,Thermal,stabilizing,17188709.0,CD,A,54
1CSP,N55K,0.039872408,7.5,328.15,Thermal,destabilizing,17188709.0,CD,A,54
1CSP,R56Q,-0.263157895,7.5,328.15,Thermal,stabilizing,17188709.0,CD,A,55
1CSP,S48E,-0.039872408,7.5,328.15,Thermal,destabilizing,17188709.0,CD,A,47
1CSP,S48K,-0.6738436999999999,7.5,328.15,Thermal,stabilizing,17188709.0,CD,A,47
1CSP,V20K,2.035486443,7.5,328.15,Thermal,destabilizing,17188709.0,CD,A,19
1CSP,V20Q,1.897926635,7.5,328.15,Thermal,destabilizing,17188709.0,CD,A,19
1CSP,D24K,0.462519936,7.5,328.15,Thermal,destabilizing,17188709.0,CD,A,23
1CSP,D24N,0.665869219,7.5,328.15,Thermal,destabilizing,17188709.0,CD,A,23
1CSP,D25K,1.311802233,7.5,328.15,Thermal,destabilizing,17188709.0,CD,A,24
1CSP,E21K,0.1475279109999999,7.5,328.15,Thermal,destabilizing,17188709.0,CD,A,20
1CSP,E21Q,0.326953748,7.5,328.15,Thermal,destabilizing,17188709.0,CD,A,20
1CSP,E43K,-0.227272727,7.5,328.15,Thermal,stabilizing,17188709.0,CD,A,42
1CSP,E43Q,-0.051834131,7.5,328.15,Thermal,stabilizing,17188709.0,CD,A,42
1CSP,E50K,0.283094099,7.5,328.15,Thermal,destabilizing,17188709.0,CD,A,49
1CSP,E50Q,1.140350877,7.5,328.15,Thermal,destabilizing,17188709.0,CD,A,49
1CSP,E53K,0.19138756,7.5,328.15,Thermal,destabilizing,17188709.0,CD,A,52
1CSP,E53Q,-0.203349282,7.5,328.15,Thermal,stabilizing,17188709.0,CD,A,52
1CSP,K13E,0.366826156,7.5,328.15,Thermal,destabilizing,17188709.0,CD,A,12
1CSP,K13Q,0.167464115,7.5,328.15,Thermal,destabilizing,17188709.0,CD,A,12
1CSP,K39E,0.235247209,7.5,328.15,Thermal,destabilizing,17188709.0,CD,A,38
1CSP,K39Q,0.067783094,7.5,328.15,Thermal,destabilizing,17188709.0,CD,A,38
1CSP,K5E,3.492822967,7.5,328.15,Thermal,destabilizing,17188709.0,CD,A,4
1CSP,K5Q,2.200956938,7.5,328.15,Thermal,destabilizing,17188709.0,CD,A,4
1MSI,D36A,-0.905,7.0,298.15,Urea,stabilizing,17189482.0,Fluorescence,A,36
1MSI,D58N,0.06,7.0,298.15,Urea,destabilizing,17189482.0,Fluorescence,A,58
1MSI,E25A,0.02,7.0,298.15,Urea,destabilizing,17189482.0,Fluorescence,A,25
1MSI,R47A,0.555,7.0,298.15,Urea,destabilizing,17189482.0,Fluorescence,A,47
1MSI,R23A,0.7,7.0,298.15,Urea,destabilizing,17189482.0,Fluorescence,A,23
1MSI,R39A,0.69,7.0,298.15,Urea,destabilizing,17189482.0,Fluorescence,A,39
1A0F,S11A,1.8,6.5,329.83,GdmCl,destabilizing,17223798.0,CD,A,10
1DIV,L72A,3.665,8.0,298.15,Urea,destabilizing,17240985.0,CD,A,71
1DIV,I79A,3.515,8.0,298.15,Urea,destabilizing,17240985.0,CD,A,78
1DIV,I93A,3.265,8.0,298.15,Urea,destabilizing,17240985.0,CD,A,92
1DIV,I98A,4.5,8.0,298.15,Urea,destabilizing,17240985.0,CD,A,97
1DIV,L102A,2.55,8.0,298.15,Urea,destabilizing,17240985.0,CD,A,101
1DIV,H106Q,2.35,8.0,298.15,Urea,destabilizing,17240985.0,CD,A,105
1DIV,L108A,2.44,8.0,298.15,Urea,destabilizing,17240985.0,CD,A,107
1DIV,L110A,3.165,8.0,298.15,Urea,destabilizing,17240985.0,CD,A,109
1DIV,I115A,3.635,8.0,298.15,Urea,destabilizing,17240985.0,CD,A,114
1DIV,L117A,0.6,8.0,298.15,Urea,destabilizing,17240985.0,CD,A,116
1DIV,I121A,3.075,8.0,298.15,Urea,destabilizing,17240985.0,CD,A,120
1DIV,V129A,1.73,8.0,298.15,Urea,destabilizing,17240985.0,CD,A,128
1DIV,V131A,1.665,8.0,298.15,Urea,destabilizing,17240985.0,CD,A,130
1DIV,L133A,2.945,8.0,298.15,Urea,destabilizing,17240985.0,CD,A,132
1DIV,H134Q,2.13,8.0,298.15,Urea,destabilizing,17240985.0,CD,A,133
1DIV,V137A,2.195,8.0,298.15,Urea,destabilizing,17240985.0,CD,A,136
1DIV,L141A,3.525,8.0,298.15,Urea,destabilizing,17240985.0,CD,A,140
1DIV,V143A,3.285,8.0,298.15,Urea,destabilizing,17240985.0,CD,A,142
1DIV,H144Q,1.12,8.0,298.15,Urea,destabilizing,17240985.0,CD,A,143
1DIV,V145A,1.925,8.0,298.15,Urea,destabilizing,17240985.0,CD,A,144
1DIV,K96G,0.515,8.0,298.15,Urea,destabilizing,17240985.0,CD,A,95
1DIV,K96A,-1.01,8.0,298.15,Urea,stabilizing,17240985.0,CD,A,95
1DIV,E100G,1.95,8.0,298.15,Urea,destabilizing,17240985.0,CD,A,99
1DIV,E100A,0.935,8.0,298.15,Urea,destabilizing,17240985.0,CD,A,99
2DRI,S103A,-0.08,7.0,330.65,Thermal,stabilizing,17242374.0,CD,A,102
2DRI,I132A,-0.57,7.0,330.65,Thermal,destabilizing,17242374.0,CD,A,131
2DRI,Q235A,-0.83,7.0,330.65,Thermal,stabilizing,17242374.0,CD,A,234
2DRI,N13A,-1.0,7.0,330.65,Thermal,stabilizing,17242374.0,CD,A,12
2DRI,S9A,-1.3,7.0,330.65,Thermal,destabilizing,17242374.0,CD,A,8
2DRI,N190A,-2.0,7.0,330.65,Thermal,destabilizing,17242374.0,CD,A,189
2DRI,F15A,-3.1,7.0,330.65,Thermal,destabilizing,17242374.0,CD,A,14
2DRI,N64A,-3.2,7.0,330.65,Thermal,destabilizing,17242374.0,CD,A,63
1VII,D44N,0.74,5.0,298.15,Urea,destabilizing,17338549.0,CD,A,3
1VII,F47L,2.7,5.0,298.15,Urea,destabilizing,17338549.0,CD,A,6
1VII,R55M,1.03,5.0,298.15,Urea,destabilizing,17338549.0,CD,A,14
2LZM,I27A,3.15,6.0,298.15,Urea,destabilizing,17400925.0,CD,A,26
2LZM,A42G,3.2,6.0,298.15,Urea,destabilizing,17400925.0,CD,A,41
2LZM,I50A,2.9,6.0,298.15,Urea,destabilizing,17400925.0,CD,A,49
2LZM,L7A,3.9,6.0,298.15,Urea,destabilizing,17400925.0,CD,A,6
2LZM,V87A,2.8,6.0,298.15,Urea,destabilizing,17400925.0,CD,A,86
2LZM,L121A,4.2,6.0,298.15,Urea,destabilizing,17400925.0,CD,A,120
2LZM,A130G,2.1,6.0,298.15,Urea,destabilizing,17400925.0,CD,A,129
2LZM,I150V,2.1,6.0,298.15,Urea,destabilizing,17400925.0,CD,A,149
1UBQ,I61V,0.3,7.4,310.15,GdnHCl,destabilizing,17434659.0,Fluorescence,A,60
1UBQ,K27A,3.15,7.4,310.15,GdnHCl,destabilizing,17434659.0,Fluorescence,A,26
1UBQ,I13A,3.55,7.4,310.15,GdnHCl,destabilizing,17434659.0,Fluorescence,A,12
4BLM,S126C,-1.5,6.0,342.05,Thermal,stabilizing,17496026.0,CD,A,92
4BLM,S126C,0.9,7.0,295.15,Urea,destabilizing,17496026.0,"CD, Fluorescence, Thiol reactivity",A,92
4BLM,S265C,1.2,7.0,295.15,Urea,destabilizing,17496026.0,"CD, Fluorescence, Thiol reactivity",A,229
4BLM,S265C,2.6,6.0,342.05,Thermal,destabilizing,17496026.0,CD,A,229
1BNL,D76A,0.820574163,7.4,293.15,GdnHCl,destabilizing,17544408.0,Fluorescence,A,75
1QJP,Y168A,0.2,9.2,310.15,Urea,destabilizing,17564441.0,Fluorescence,A,133
1QJP,F51A,1.2,9.2,310.15,Urea,destabilizing,17564441.0,Fluorescence,A,37
1QJP,W15A,2.0,9.2,310.15,Urea,destabilizing,17564441.0,Fluorescence,A,14
1QJP,W57A,2.0,9.2,310.15,Urea,destabilizing,17564441.0,Fluorescence,A,43
1QJP,F123A,2.1,9.2,310.15,Urea,destabilizing,17564441.0,Fluorescence,A,102
1QJP,F170A,2.4,9.2,310.15,Urea,destabilizing,17564441.0,Fluorescence,A,135
1QJP,Y55A,2.5,9.2,310.15,Urea,destabilizing,17564441.0,Fluorescence,A,41
1QJP,Y129A,2.7,9.2,310.15,Urea,destabilizing,17564441.0,Fluorescence,A,108
1QJP,W143A,3.1,9.2,310.15,Urea,destabilizing,17564441.0,Fluorescence,A,122
1QJP,Y141A,3.3,9.2,310.15,Urea,destabilizing,17564441.0,Fluorescence,A,120
1QJP,W7A,3.6,9.2,310.15,Urea,destabilizing,17564441.0,Fluorescence,A,6
1QJP,Y43A,3.8,9.2,310.15,Urea,destabilizing,17564441.0,Fluorescence,A,29
1JY0,K12C,-1.959847036,6.6,298.15,GdnHCl,stabilizing,17570396.0,Fluorescence,A,14
1JY0,K12T,-1.242829828,6.6,298.15,GdnHCl,stabilizing,17570396.0,Fluorescence,A,14
1JY0,K12V,-1.601338432,6.6,298.15,GdnHCl,stabilizing,17570396.0,Fluorescence,A,14
1JY0,P134C,-1.410133843,6.6,298.15,GdnHCl,stabilizing,17570396.0,Fluorescence,A,136
1JY0,P134T,-1.410133843,6.6,298.15,GdnHCl,stabilizing,17570396.0,Fluorescence,A,136
1JY0,P134V,-1.147227533,6.6,298.15,GdnHCl,stabilizing,17570396.0,Fluorescence,A,136
1UBQ,K29N,1.2,5.0,283.15,GdnHCl,destabilizing,17572441.0,CD,A,28
1UBQ,K29Q,0.2,5.0,283.15,GdnHCl,destabilizing,17572441.0,CD,A,28
1UBQ,R42E,-0.3,5.0,283.15,GdnHCl,stabilizing,17572441.0,CD,A,41
1UBQ,V26A,2.5,5.0,283.15,GdnHCl,destabilizing,17572441.0,CD,A,25
1UBQ,V26G,5.1,5.0,283.15,GdnHCl,destabilizing,17572441.0,CD,A,25
1RTB,S75A,2.5,7.4,334.25,Thermal,destabilizing,17656580.0,CD,A,74
1RTB,S75T,2.8,7.4,334.25,Thermal,destabilizing,17656580.0,CD,A,74
1L6H,F39A,1.696940727,7.0,298.15,Thermal,destabilizing,17729272.0,CD,A,38
1L6H,Y45A,0.549713193,7.0,298.15,Thermal,destabilizing,17729272.0,CD,A,44
1L6H,Y48A,1.481835564,7.0,298.15,Thermal,destabilizing,17729272.0,CD,A,47
1PGA,T16I,-1.34,7.0,353.15,Thermal,stabilizing,17868696.0,CD,A,15
1PGA,T18I,-0.67,7.0,353.15,Thermal,stabilizing,17868696.0,CD,A,17
1PGA,T18L,-0.33,7.0,353.15,Thermal,stabilizing,17868696.0,CD,A,17
1PGA,T25E,-0.48,7.0,353.15,Thermal,stabilizing,17868696.0,CD,A,24
1PGA,V29F,-0.41,7.0,353.15,Thermal,stabilizing,17868696.0,CD,A,28
1PGA,V29K,0.52,7.0,353.15,Thermal,destabilizing,17868696.0,CD,A,28
1LVM,K45F,-0.43,8.0,298.15,Thermal,destabilizing,17905838.0,CD,A,52
1LVM,L56V,-0.0,8.0,298.15,Thermal,stabilizing,17905838.0,CD,A,63
1LVM,Q58F,-0.6,8.0,298.15,Thermal,stabilizing,17905838.0,CD,A,65
1LVM,E106G,-1.4,8.0,298.15,Thermal,stabilizing,17905838.0,CD,A,113
1LVM,S135G,-0.0,8.0,298.15,Thermal,stabilizing,17905838.0,CD,A,142
2VY0,D287A,5.975143403,7.0,293.15,GdnHCl,destabilizing,17999688.0,"CD, Fluorescence",A,253
2VY0,E53A,6.596558317,7.0,293.15,GdnHCl,destabilizing,17999688.0,"CD, Fluorescence",A,19
1BFM,M35W,0.7,7.2,298.15,GdnHCl,destabilizing,18096639.0,CD,A,34
1BFM,M35Y,0.4,7.2,298.15,GdnHCl,destabilizing,18096639.0,CD,A,34
1AXB,W290F,2.38846,7.0,298.15,GdnHCl,destabilizing,18171085.0,Fluorescence,A,262
1CAH,E117A,-0.8,7.5,277.15,GdnHCl,stabilizing,18189416.0,Fluorescence,A,114
1CAH,H107F,-1.4,7.5,277.15,GdnHCl,stabilizing,18189416.0,Fluorescence,A,104
1CAH,H107N,-2.8,7.5,277.15,GdnHCl,stabilizing,18189416.0,Fluorescence,A,104
1CAH,H107Y,-3.0,7.5,277.15,GdnHCl,stabilizing,18189416.0,Fluorescence,A,104
1CAH,H107A,-3.2,7.5,277.15,GdnHCl,stabilizing,18189416.0,Fluorescence,A,104
1B10,F175W,0.4780114720000001,5.5,298.15,Urea,destabilizing,18279390.0,Fluorescence,A,50
1B10,F175W,1.673040153,7.0,298.15,Urea,destabilizing,18279390.0,Fluorescence,A,50
1B10,F198W,0.717017208,5.5,298.15,Urea,destabilizing,18279390.0,Fluorescence,A,73
1B10,F198W,1.434034417,7.0,298.15,Urea,destabilizing,18279390.0,Fluorescence,A,73
5AZU,C112S,-1.91,7.5,258.15,GdnHCl,stabilizing,18293933.0,Fluorescence,A,111
5AZU,C112S,-1.54,7.5,293.15,GdnHCl,stabilizing,18293933.0,Fluorescence,A,111
1K5U,D28A,1.792543021,6.6,298.15,GdnHCl,destabilizing,18308335.0,Fluorescence,A,18
1K5U,D68A,0.7648183559999999,6.6,298.15,GdnHCl,destabilizing,18308335.0,Fluorescence,A,58
1K5U,D68N,-0.334608031,6.6,298.15,GdnHCl,stabilizing,18308335.0,Fluorescence,A,58
1K5U,D70A,-0.023900574,6.6,298.15,GdnHCl,stabilizing,18308335.0,Fluorescence,A,60
1K5U,D70N,-0.59751434,6.6,298.15,GdnHCl,stabilizing,18308335.0,Fluorescence,A,60
1K5U,K112A,-0.310707457,6.6,298.15,GdnHCl,stabilizing,18308335.0,Fluorescence,A,102
1K5U,K112D,-1.027724665,6.6,298.15,GdnHCl,stabilizing,18308335.0,Fluorescence,A,102
1K5U,K112D,-1.577437859,6.6,298.15,GdnHCl,stabilizing,18308335.0,Fluorescence,A,102
1K5U,L26A,0.7648183559999999,6.6,298.15,GdnHCl,destabilizing,18308335.0,Fluorescence,A,16
1K5U,L26D,1.314531549,6.6,298.15,GdnHCl,destabilizing,18308335.0,Fluorescence,A,16
1K5U,L26N,-1.051625239,6.6,298.15,GdnHCl,stabilizing,18308335.0,Fluorescence,A,16
1K5U,N114A,1.840344168,6.6,298.15,GdnHCl,destabilizing,18308335.0,Fluorescence,A,104
2BJD,V84D,4.493307839,5.5,298.15,GdnHCl,destabilizing,18335927.0,CD,A,72
2BJD,V84P,4.5172084130000005,5.5,298.15,GdnHCl,destabilizing,18335927.0,CD,A,72
2BJD,Y86E,2.103250478,5.5,298.15,GdnHCl,destabilizing,18335927.0,CD,A,74
1IO2,L92A,2.870813397,9.0,323.15,GdnHCl,destabilizing,18353366.0,CD,A,91
1IO2,L33A,4.545454545,9.0,323.15,GdnHCl,destabilizing,18353366.0,CD,A,32
1IO2,L147A,2.607655502,9.0,323.15,GdnHCl,destabilizing,18353366.0,CD,A,146
1IO2,L118A,5.263157895,9.0,323.15,GdnHCl,destabilizing,18353366.0,CD,A,117
1IO2,I6A,2.918660287,9.0,323.15,GdnHCl,destabilizing,18353366.0,CD,A,5
1IO2,I56A,3.971291866,9.0,323.15,GdnHCl,destabilizing,18353366.0,CD,A,55
1IO2,I20A,4.425837321,9.0,323.15,GdnHCl,destabilizing,18353366.0,CD,A,19
1IO2,I15A,2.129186603,9.0,323.15,GdnHCl,destabilizing,18353366.0,CD,A,14
1IO2,I102A,4.0430622010000015,9.0,323.15,GdnHCl,destabilizing,18353366.0,CD,A,101
1DPM,H257L,3.33,8.3,298.15,Urea,destabilizing,18434422.0,Fluorescence,A,222
3BN0,I20V,1.505736138,5.5,295.65,Urea,destabilizing,18471828.0,"CD, Fluorescence",A,18
3S4M,D122Y,1.3,7.0,298.15,Thermal,destabilizing,18537827.0,CD,A,33
3S4M,G130V,2.5,7.0,298.15,Thermal,destabilizing,18537827.0,CD,A,41
2ZAJ,D23S,-0.07762495,7.0,319.95,Thermal,stabilizing,18562638.0,CD,A,22
2ZAJ,D23S,0.161221,7.0,333.15,Thermal,destabilizing,18562638.0,CD,A,22
1Y9X,K40N,3.1,7.0,310.15,Thermal,destabilizing,18571501.0,DSC,A,39
1Y9X,V53E,4.8,7.0,310.15,Thermal,destabilizing,18571501.0,DSC,A,52
1TTG,L19T,-0.3,6.0,303.15,GdnHCl,stabilizing,18674545.0,Fluorescence,A,18
2ARF,H1069Q,0.717017208,7.0,293.15,Urea,destabilizing,18692069.0,CD,A,37
1Y9X,E36A,3.608986616,7.0,298.15,Urea,destabilizing,18779322.0,CD,A,35
1Y9X,E36A,2.222753346,7.0,353.15,Urea,destabilizing,18779322.0,CD,A,35
1Y9X,E36Q,2.724665392,7.0,298.15,Urea,destabilizing,18779322.0,CD,A,35
1Y9X,E36Q,1.266730402,7.0,353.15,Urea,destabilizing,18779322.0,CD,A,35
1Y9X,E54A,2.270554493,7.0,298.15,Urea,destabilizing,18779322.0,CD,A,53
1Y9X,E54A,0.693116635,7.0,353.15,Urea,destabilizing,18779322.0,CD,A,53
1Y9X,E54Q,2.24665392,7.0,298.15,Urea,destabilizing,18779322.0,CD,A,53
1Y9X,E54Q,1.12332696,7.0,353.15,Urea,destabilizing,18779322.0,CD,A,53
1Y9X,K68A,1.027724665,7.0,298.15,Urea,destabilizing,18779322.0,CD,A,67
1Y9X,K68A,-0.023900574,7.0,353.15,Urea,stabilizing,18779322.0,CD,A,67
1Y9X,K68L,-1.673040153,7.0,298.15,Urea,stabilizing,18779322.0,CD,A,67
1Y9X,K68L,-0.119502868,7.0,353.15,Urea,stabilizing,18779322.0,CD,A,67
1Y9X,R57A,1.362332696,7.0,298.15,Urea,destabilizing,18779322.0,CD,A,56
1Y9X,R57A,0.7887189290000001,7.0,353.15,Urea,destabilizing,18779322.0,CD,A,56
1Y9X,R57L,-1.290630975,7.0,298.15,Urea,stabilizing,18779322.0,CD,A,56
1Y9X,R57L,-0.956022945,7.0,353.15,Urea,stabilizing,18779322.0,CD,A,56
1Y9X,K97A,1.696940727,6.8,308.15,GdnHCl,destabilizing,18851941.0,"CD, Fluorescence",A,96
1Y9X,K97E,2.485659656,6.8,308.15,GdnHCl,destabilizing,18851941.0,"CD, Fluorescence",A,96
1Y9X,R95Q,-0.119502868,6.8,308.15,GdnHCl,stabilizing,18851941.0,"CD, Fluorescence",A,94
451C,V78I,-1.485622,5.0,298.15,GdnHCl,stabilizing,18957274.0,CD,A,77
451C,V78I,-1.04784689,3.6,298.15,GdnHCl,stabilizing,18957274.0,CD,A,77
451C,F34Y,-1.332535885,5.0,298.15,GdnHCl,stabilizing,18957274.0,CD,A,33
451C,F34Y,-0.277511962,3.6,298.15,GdnHCl,stabilizing,18957274.0,CD,A,33
451C,E43Y,-1.129186603,5.0,298.15,GdnHCl,stabilizing,18957274.0,CD,A,42
451C,E43Y,-0.088516746,3.6,298.15,GdnHCl,stabilizing,18957274.0,CD,A,42
1RIL,L107E,6.0,5.0,298.15,GdnHCl,destabilizing,19004768.0,Fluorescence,A,106
1RIL,L107E,7.0,7.0,298.15,GdnHCl,destabilizing,19004768.0,Fluorescence,A,106
1RIL,L107K,3.4,10.0,298.15,GdnHCl,destabilizing,19004768.0,Fluorescence,A,106
1RIL,L107K,6.6,7.0,298.15,GdnHCl,destabilizing,19004768.0,Fluorescence,A,106
1RIL,L67E,3.2,5.0,298.15,GdnHCl,destabilizing,19004768.0,Fluorescence,A,65
1RIL,L67E,5.7,7.0,298.15,GdnHCl,destabilizing,19004768.0,Fluorescence,A,65
1RIL,L67K,3.5,10.0,298.15,GdnHCl,destabilizing,19004768.0,Fluorescence,A,65
1RIL,L67K,7.8,7.0,298.15,GdnHCl,destabilizing,19004768.0,Fluorescence,A,65
1RIL,L7E,2.4,5.0,298.15,GdnHCl,destabilizing,19004768.0,Fluorescence,A,5
1RIL,L7E,8.4,7.0,298.15,GdnHCl,destabilizing,19004768.0,Fluorescence,A,5
1RIL,L7K,8.0,10.0,298.15,GdnHCl,destabilizing,19004768.0,Fluorescence,A,5
1RIL,T9E,1.9,5.0,298.15,GdnHCl,destabilizing,19004768.0,Fluorescence,A,7
1RIL,T9E,9.3,7.0,298.15,GdnHCl,destabilizing,19004768.0,Fluorescence,A,7
1RIL,T9K,2.1,10.0,298.15,GdnHCl,destabilizing,19004768.0,Fluorescence,A,7
1RIL,T9K,10.0,7.0,298.15,GdnHCl,destabilizing,19004768.0,Fluorescence,A,7
1RIL,V133E,3.5,5.0,298.15,GdnHCl,destabilizing,19004768.0,Fluorescence,A,132
1RIL,V133E,4.1,7.0,298.15,GdnHCl,destabilizing,19004768.0,Fluorescence,A,132
1RIL,V133K,4.0,10.0,298.15,GdnHCl,destabilizing,19004768.0,Fluorescence,A,132
1RIL,V133K,3.8,7.0,298.15,GdnHCl,destabilizing,19004768.0,Fluorescence,A,132
1RIL,V65E,6.2,5.0,298.15,GdnHCl,destabilizing,19004768.0,Fluorescence,A,63
1RIL,V65E,10.2,7.0,298.15,GdnHCl,destabilizing,19004768.0,Fluorescence,A,63
1RIL,V65K,9.0,10.0,298.15,GdnHCl,destabilizing,19004768.0,Fluorescence,A,63
1RIL,V65K,11.6,7.0,298.15,GdnHCl,destabilizing,19004768.0,Fluorescence,A,63
3BDC,A109D,6.0,5.0,298.15,GdnHCl,destabilizing,19004768.0,Fluorescence,A,96
3BDC,A109D,8.2,7.0,298.15,GdnHCl,destabilizing,19004768.0,Fluorescence,A,96
3BDC,A109E,5.0,5.0,298.15,GdnHCl,destabilizing,19004768.0,Fluorescence,A,96
3BDC,A109E,6.5,7.0,298.15,GdnHCl,destabilizing,19004768.0,Fluorescence,A,96
3BDC,A109K,3.0,10.0,298.15,GdnHCl,destabilizing,19004768.0,Fluorescence,A,96
3BDC,A109K,4.3,7.0,298.15,GdnHCl,destabilizing,19004768.0,Fluorescence,A,96
3BDC,A132D,7.2,5.0,298.15,GdnHCl,destabilizing,19004768.0,Fluorescence,A,119
3BDC,A132D,9.8,7.0,298.15,GdnHCl,destabilizing,19004768.0,Fluorescence,A,119
3BDC,A132E,5.8,5.0,298.15,GdnHCl,destabilizing,19004768.0,Fluorescence,A,119
3BDC,A132E,8.2,7.0,298.15,GdnHCl,destabilizing,19004768.0,Fluorescence,A,119
3BDC,A132K,5.5,10.0,298.15,GdnHCl,destabilizing,19004768.0,Fluorescence,A,119
3BDC,A132K,6.2,7.0,298.15,GdnHCl,destabilizing,19004768.0,Fluorescence,A,119
3BDC,A58D,4.6,5.0,298.15,GdnHCl,destabilizing,19004768.0,Fluorescence,A,45
3BDC,A58D,7.2,7.0,298.15,GdnHCl,destabilizing,19004768.0,Fluorescence,A,45
3BDC,A58E,4.3,5.0,298.15,GdnHCl,destabilizing,19004768.0,Fluorescence,A,45
3BDC,A58E,5.8,7.0,298.15,GdnHCl,destabilizing,19004768.0,Fluorescence,A,45
3BDC,A58K,3.5,10.0,298.15,GdnHCl,destabilizing,19004768.0,Fluorescence,A,45
3BDC,A58K,4.2,7.0,298.15,GdnHCl,destabilizing,19004768.0,Fluorescence,A,45
3BDC,A90D,5.8,5.0,298.15,GdnHCl,destabilizing,19004768.0,Fluorescence,A,77
3BDC,A90D,8.0,7.0,298.15,GdnHCl,destabilizing,19004768.0,Fluorescence,A,77
3BDC,A90E,7.1,5.0,298.15,GdnHCl,destabilizing,19004768.0,Fluorescence,A,77
3BDC,A90E,8.1,7.0,298.15,GdnHCl,destabilizing,19004768.0,Fluorescence,A,77
3BDC,A90K,5.6,10.0,298.15,GdnHCl,destabilizing,19004768.0,Fluorescence,A,77
3BDC,A90K,7.6,7.0,298.15,GdnHCl,destabilizing,19004768.0,Fluorescence,A,77
3BDC,F34D,5.7,5.0,298.15,GdnHCl,destabilizing,19004768.0,Fluorescence,A,27
3BDC,F34D,7.8,7.0,298.15,GdnHCl,destabilizing,19004768.0,Fluorescence,A,27
3BDC,F34E,5.4,5.0,298.15,GdnHCl,destabilizing,19004768.0,Fluorescence,A,27
3BDC,F34E,7.5,7.0,298.15,GdnHCl,destabilizing,19004768.0,Fluorescence,A,27
3BDC,F34K,4.3,10.0,298.15,GdnHCl,destabilizing,19004768.0,Fluorescence,A,27
3BDC,F34K,7.7,7.0,298.15,GdnHCl,destabilizing,19004768.0,Fluorescence,A,27
3BDC,G20D,4.0,5.0,298.15,GdnHCl,destabilizing,19004768.0,Fluorescence,A,13
3BDC,G20D,4.3,7.0,298.15,GdnHCl,destabilizing,19004768.0,Fluorescence,A,13
3BDC,G20E,3.6,5.0,298.15,GdnHCl,destabilizing,19004768.0,Fluorescence,A,13
3BDC,G20E,4.3,7.0,298.15,GdnHCl,destabilizing,19004768.0,Fluorescence,A,13
3BDC,G20K,2.5,10.0,298.15,GdnHCl,destabilizing,19004768.0,Fluorescence,A,13
3BDC,G20K,2.5,7.0,298.15,GdnHCl,destabilizing,19004768.0,Fluorescence,A,13
3BDC,I72D,5.6,5.0,298.15,GdnHCl,destabilizing,19004768.0,Fluorescence,A,59
3BDC,I72D,7.7,7.0,298.15,GdnHCl,destabilizing,19004768.0,Fluorescence,A,59
3BDC,I72E,5.5,5.0,298.15,GdnHCl,destabilizing,19004768.0,Fluorescence,A,59
3BDC,I72E,7.3,7.0,298.15,GdnHCl,destabilizing,19004768.0,Fluorescence,A,59
3BDC,I72K,4.5,10.0,298.15,GdnHCl,destabilizing,19004768.0,Fluorescence,A,59
3BDC,I72K,6.4,7.0,298.15,GdnHCl,destabilizing,19004768.0,Fluorescence,A,59
3BDC,I92D,8.6,5.0,298.15,GdnHCl,destabilizing,19004768.0,Fluorescence,A,79
3BDC,I92D,10.7,7.0,298.15,GdnHCl,destabilizing,19004768.0,Fluorescence,A,79
3BDC,I92E,5.9,5.0,298.15,GdnHCl,destabilizing,19004768.0,Fluorescence,A,79
3BDC,I92E,7.9,7.0,298.15,GdnHCl,destabilizing,19004768.0,Fluorescence,A,79
3BDC,I92K,5.1,10.0,298.15,GdnHCl,destabilizing,19004768.0,Fluorescence,A,79
3BDC,I92K,9.3,7.0,298.15,GdnHCl,destabilizing,19004768.0,Fluorescence,A,79
3BDC,L103D,5.7,5.0,298.15,GdnHCl,destabilizing,19004768.0,Fluorescence,A,90
3BDC,L103D,8.2,7.0,298.15,GdnHCl,destabilizing,19004768.0,Fluorescence,A,90
3BDC,L103E,4.2,5.0,298.15,GdnHCl,destabilizing,19004768.0,Fluorescence,A,90
3BDC,L103E,6.2,7.0,298.15,GdnHCl,destabilizing,19004768.0,Fluorescence,A,90
3BDC,L103K,3.2,10.0,298.15,GdnHCl,destabilizing,19004768.0,Fluorescence,A,90
3BDC,L103K,5.8,7.0,298.15,GdnHCl,destabilizing,19004768.0,Fluorescence,A,90
3BDC,L125D,7.6,5.0,298.15,GdnHCl,destabilizing,19004768.0,Fluorescence,A,112
3BDC,L125D,9.7,7.0,298.15,GdnHCl,destabilizing,19004768.0,Fluorescence,A,112
3BDC,L125E,4.6,5.0,298.15,GdnHCl,destabilizing,19004768.0,Fluorescence,A,112
3BDC,L125E,6.7,7.0,298.15,GdnHCl,destabilizing,19004768.0,Fluorescence,A,112
3BDC,L125K,4.1,10.0,298.15,GdnHCl,destabilizing,19004768.0,Fluorescence,A,112
3BDC,L125K,7.7,7.0,298.15,GdnHCl,destabilizing,19004768.0,Fluorescence,A,112
3BDC,L25D,7.3,5.0,298.15,GdnHCl,destabilizing,19004768.0,Fluorescence,A,18
3BDC,L25D,9.5,7.0,298.15,GdnHCl,destabilizing,19004768.0,Fluorescence,A,18
3BDC,L25E,6.4,5.0,298.15,GdnHCl,destabilizing,19004768.0,Fluorescence,A,18
3BDC,L25E,8.8,7.0,298.15,GdnHCl,destabilizing,19004768.0,Fluorescence,A,18
3BDC,L25K,3.9,10.0,298.15,GdnHCl,destabilizing,19004768.0,Fluorescence,A,18
3BDC,L25K,8.0,7.0,298.15,GdnHCl,destabilizing,19004768.0,Fluorescence,A,18
3BDC,L36D,6.3,5.0,298.15,GdnHCl,destabilizing,19004768.0,Fluorescence,A,29
3BDC,L36D,9.0,7.0,298.15,GdnHCl,destabilizing,19004768.0,Fluorescence,A,29
3BDC,L36E,4.6,5.0,298.15,GdnHCl,destabilizing,19004768.0,Fluorescence,A,29
3BDC,L36E,6.4,7.0,298.15,GdnHCl,destabilizing,19004768.0,Fluorescence,A,29
3BDC,L36K,3.4,10.0,298.15,GdnHCl,destabilizing,19004768.0,Fluorescence,A,29
3BDC,L36K,7.2,7.0,298.15,GdnHCl,destabilizing,19004768.0,Fluorescence,A,29
3BDC,L37D,3.0,5.0,298.15,GdnHCl,destabilizing,19004768.0,Fluorescence,A,30
3BDC,L37D,3.4,7.0,298.15,GdnHCl,destabilizing,19004768.0,Fluorescence,A,30
3BDC,L37E,2.7,5.0,298.15,GdnHCl,destabilizing,19004768.0,Fluorescence,A,30
3BDC,L37E,3.0,7.0,298.15,GdnHCl,destabilizing,19004768.0,Fluorescence,A,30
3BDC,L37K,2.2,10.0,298.15,GdnHCl,destabilizing,19004768.0,Fluorescence,A,30
3BDC,L37K,3.1,7.0,298.15,GdnHCl,destabilizing,19004768.0,Fluorescence,A,30
3BDC,L38D,0.8,5.0,298.15,GdnHCl,destabilizing,19004768.0,Fluorescence,A,31
3BDC,L38D,3.3,7.0,298.15,GdnHCl,destabilizing,19004768.0,Fluorescence,A,31
3BDC,L38E,2.3,5.0,298.15,GdnHCl,destabilizing,19004768.0,Fluorescence,A,31
3BDC,L38E,4.6,7.0,298.15,GdnHCl,destabilizing,19004768.0,Fluorescence,A,31
3BDC,L38K,2.6,10.0,298.15,GdnHCl,destabilizing,19004768.0,Fluorescence,A,31
3BDC,L38K,2.8,7.0,298.15,GdnHCl,destabilizing,19004768.0,Fluorescence,A,31
3BDC,N100D,2.9,5.0,298.15,GdnHCl,destabilizing,19004768.0,Fluorescence,A,87
3BDC,N100D,5.0,7.0,298.15,GdnHCl,destabilizing,19004768.0,Fluorescence,A,87
3BDC,N100E,1.3,5.0,298.15,GdnHCl,destabilizing,19004768.0,Fluorescence,A,87
3BDC,N100E,3.4,7.0,298.15,GdnHCl,destabilizing,19004768.0,Fluorescence,A,87
3BDC,N100K,8.6,10.0,298.15,GdnHCl,destabilizing,19004768.0,Fluorescence,A,87
3BDC,N100K,10.6,7.0,298.15,GdnHCl,destabilizing,19004768.0,Fluorescence,A,87
3BDC,N118D,-0.6,5.0,298.15,GdnHCl,stabilizing,19004768.0,Fluorescence,A,105
3BDC,N118D,1.6,7.0,298.15,GdnHCl,destabilizing,19004768.0,Fluorescence,A,105
3BDC,N118E,1.9,5.0,298.15,GdnHCl,destabilizing,19004768.0,Fluorescence,A,105
3BDC,N118E,2.2,7.0,298.15,GdnHCl,destabilizing,19004768.0,Fluorescence,A,105
3BDC,N118K,1.3,10.0,298.15,GdnHCl,destabilizing,19004768.0,Fluorescence,A,105
3BDC,N118K,2.1,7.0,298.15,GdnHCl,destabilizing,19004768.0,Fluorescence,A,105
3BDC,T41D,3.0,5.0,298.15,GdnHCl,destabilizing,19004768.0,Fluorescence,A,34
3BDC,T41D,3.7,7.0,298.15,GdnHCl,destabilizing,19004768.0,Fluorescence,A,34
3BDC,T41E,2.7,5.0,298.15,GdnHCl,destabilizing,19004768.0,Fluorescence,A,34
3BDC,T41E,3.7,7.0,298.15,GdnHCl,destabilizing,19004768.0,Fluorescence,A,34
3BDC,T41K,1.5,10.0,298.15,GdnHCl,destabilizing,19004768.0,Fluorescence,A,34
3BDC,T41K,2.3,7.0,298.15,GdnHCl,destabilizing,19004768.0,Fluorescence,A,34
3BDC,T62D,4.6,5.0,298.15,GdnHCl,destabilizing,19004768.0,Fluorescence,A,49
3BDC,T62D,6.5,7.0,298.15,GdnHCl,destabilizing,19004768.0,Fluorescence,A,49
3BDC,T62E,3.2,5.0,298.15,GdnHCl,destabilizing,19004768.0,Fluorescence,A,49
3BDC,T62E,5.4,7.0,298.15,GdnHCl,destabilizing,19004768.0,Fluorescence,A,49
3BDC,T62K,1.3,10.0,298.15,GdnHCl,destabilizing,19004768.0,Fluorescence,A,49
3BDC,T62K,4.2,7.0,298.15,GdnHCl,destabilizing,19004768.0,Fluorescence,A,49
3BDC,V104D,5.3,5.0,298.15,GdnHCl,destabilizing,19004768.0,Fluorescence,A,91
3BDC,V104D,7.9,7.0,298.15,GdnHCl,destabilizing,19004768.0,Fluorescence,A,91
3BDC,V104E,2.9,5.0,298.15,GdnHCl,destabilizing,19004768.0,Fluorescence,A,91
3BDC,V104E,5.3,7.0,298.15,GdnHCl,destabilizing,19004768.0,Fluorescence,A,91
3BDC,V104K,5.4,10.0,298.15,GdnHCl,destabilizing,19004768.0,Fluorescence,A,91
3BDC,V104K,8.3,7.0,298.15,GdnHCl,destabilizing,19004768.0,Fluorescence,A,91
3BDC,V23D,5.4,5.0,298.15,GdnHCl,destabilizing,19004768.0,Fluorescence,A,16
3BDC,V23D,7.1,7.0,298.15,GdnHCl,destabilizing,19004768.0,Fluorescence,A,16
3BDC,V23E,5.1,5.0,298.15,GdnHCl,destabilizing,19004768.0,Fluorescence,A,16
3BDC,V23E,7.0,7.0,298.15,GdnHCl,destabilizing,19004768.0,Fluorescence,A,16
3BDC,V23K,3.4,10.0,298.15,GdnHCl,destabilizing,19004768.0,Fluorescence,A,16
3BDC,V23K,7.3,7.0,298.15,GdnHCl,destabilizing,19004768.0,Fluorescence,A,16
3BDC,V39D,3.0,5.0,298.15,GdnHCl,destabilizing,19004768.0,Fluorescence,A,32
3BDC,V39D,5.2,7.0,298.15,GdnHCl,destabilizing,19004768.0,Fluorescence,A,32
3BDC,V39E,4.3,5.0,298.15,GdnHCl,destabilizing,19004768.0,Fluorescence,A,32
3BDC,V39E,5.4,7.0,298.15,GdnHCl,destabilizing,19004768.0,Fluorescence,A,32
3BDC,V39K,5.6,10.0,298.15,GdnHCl,destabilizing,19004768.0,Fluorescence,A,32
3BDC,V39K,7.2,7.0,298.15,GdnHCl,destabilizing,19004768.0,Fluorescence,A,32
3BDC,V66D,5.2,5.0,298.15,GdnHCl,destabilizing,19004768.0,Fluorescence,A,53
3BDC,V66D,7.4,7.0,298.15,GdnHCl,destabilizing,19004768.0,Fluorescence,A,53
3BDC,V66E,3.3,5.0,298.15,GdnHCl,destabilizing,19004768.0,Fluorescence,A,53
3BDC,V66E,5.5,7.0,298.15,GdnHCl,destabilizing,19004768.0,Fluorescence,A,53
3BDC,V66K,3.9,10.0,298.15,GdnHCl,destabilizing,19004768.0,Fluorescence,A,53
3BDC,V66K,7.7,7.0,298.15,GdnHCl,destabilizing,19004768.0,Fluorescence,A,53
3BDC,V74D,7.3,5.0,298.15,GdnHCl,destabilizing,19004768.0,Fluorescence,A,61
3BDC,V74D,9.8,7.0,298.15,GdnHCl,destabilizing,19004768.0,Fluorescence,A,61
3BDC,V74E,6.1,5.0,298.15,GdnHCl,destabilizing,19004768.0,Fluorescence,A,61
3BDC,V74E,7.9,7.0,298.15,GdnHCl,destabilizing,19004768.0,Fluorescence,A,61
3BDC,V74K,4.0,10.0,298.15,GdnHCl,destabilizing,19004768.0,Fluorescence,A,61
3BDC,V74K,7.3,7.0,298.15,GdnHCl,destabilizing,19004768.0,Fluorescence,A,61
3BDC,V99D,5.6,5.0,298.15,GdnHCl,destabilizing,19004768.0,Fluorescence,A,86
3BDC,V99D,8.7,7.0,298.15,GdnHCl,destabilizing,19004768.0,Fluorescence,A,86
3BDC,V99E,5.6,5.0,298.15,GdnHCl,destabilizing,19004768.0,Fluorescence,A,86
3BDC,V99E,7.5,7.0,298.15,GdnHCl,destabilizing,19004768.0,Fluorescence,A,86
3BDC,V99K,5.1,10.0,298.15,GdnHCl,destabilizing,19004768.0,Fluorescence,A,86
3BDC,V99K,8.9,7.0,298.15,GdnHCl,destabilizing,19004768.0,Fluorescence,A,86
3BDC,Y91D,6.4,5.0,298.15,GdnHCl,destabilizing,19004768.0,Fluorescence,A,78
3BDC,Y91D,8.1,7.0,298.15,GdnHCl,destabilizing,19004768.0,Fluorescence,A,78
3BDC,Y91E,5.5,5.0,298.15,GdnHCl,destabilizing,19004768.0,Fluorescence,A,78
3BDC,Y91E,8.2,7.0,298.15,GdnHCl,destabilizing,19004768.0,Fluorescence,A,78
3BDC,Y91K,5.6,10.0,298.15,GdnHCl,destabilizing,19004768.0,Fluorescence,A,78
3BDC,Y91K,6.8,7.0,298.15,GdnHCl,destabilizing,19004768.0,Fluorescence,A,78
1AMQ,N294D,-0.4,7.5,298.15,Urea,stabilizing,19099423.0,Fluorescence,A,281
1AMQ,T10A,1.3,7.5,298.15,Urea,destabilizing,19099423.0,Fluorescence,A,5
1AMQ,E7A,3.4,7.5,298.15,Urea,destabilizing,19099423.0,Fluorescence,A,2
1AMQ,R266M,3.6,7.5,298.15,Urea,destabilizing,19099423.0,Fluorescence,A,253
1AMQ,N294R,4.3,7.5,298.15,Urea,destabilizing,19099423.0,Fluorescence,A,281
1AMQ,K68E,4.85,7.5,298.15,Urea,destabilizing,19099423.0,Fluorescence,A,62
1AMQ,I9A,5.0,7.5,298.15,Urea,destabilizing,19099423.0,Fluorescence,A,4
1AMQ,K68M,5.05,7.5,298.15,Urea,destabilizing,19099423.0,Fluorescence,A,62
1AMQ,N297R,5.15,7.5,298.15,Urea,destabilizing,19099423.0,Fluorescence,A,284
1AMQ,D15A,5.6,7.5,298.15,Urea,destabilizing,19099423.0,Fluorescence,A,10
1AMQ,E265Q,5.85,7.5,298.15,Urea,destabilizing,19099423.0,Fluorescence,A,252
1AMQ,R266K,6.3,7.5,298.15,Urea,destabilizing,19099423.0,Fluorescence,A,253
1AMQ,F6A,7.35,7.5,298.15,Urea,destabilizing,19099423.0,Fluorescence,A,1
1AMQ,E265K,7.35,7.5,298.15,Urea,destabilizing,19099423.0,Fluorescence,A,252
1W4H,H142W,0.1,7.0,298.15,GdnHCl,destabilizing,19136014.0,CD,A,16
1W4H,L131W,0.7,7.0,298.15,GdnHCl,destabilizing,19136014.0,CD,A,5
1W4H,A130W,-0.6,7.0,298.15,GdnHCl,stabilizing,19136014.0,CD,A,4
1G3P,D160A,0.26290631,7.0,288.15,Urea,destabilizing,19232524.0,Fluorescence,A,133
1G3P,D160C,0.095602294,7.0,288.15,Urea,destabilizing,19232524.0,Fluorescence,A,133
1G3P,D160E,0.358508604,7.0,288.15,Urea,destabilizing,19232524.0,Fluorescence,A,133
1G3P,D160F,0.358508604,7.0,288.15,Urea,destabilizing,19232524.0,Fluorescence,A,133
1G3P,D160G,0.669216061,7.0,288.15,Urea,destabilizing,19232524.0,Fluorescence,A,133
1G3P,D160H,-0.047801147,7.0,288.15,Urea,stabilizing,19232524.0,Fluorescence,A,133
1G3P,D160I,0.932122371,7.0,288.15,Urea,destabilizing,19232524.0,Fluorescence,A,133
1G3P,D160K,0.334608031,7.0,288.15,Urea,destabilizing,19232524.0,Fluorescence,A,133
1G3P,D160L,0.549713193,7.0,288.15,Urea,destabilizing,19232524.0,Fluorescence,A,133
1G3P,D160M,0.5019120460000001,7.0,288.15,Urea,destabilizing,19232524.0,Fluorescence,A,133
1G3P,D160N,-0.071701721,7.0,288.15,Urea,stabilizing,19232524.0,Fluorescence,A,133
1G3P,D160P,0.6453154879999999,7.0,288.15,Urea,destabilizing,19232524.0,Fluorescence,A,133
1G3P,D160Q,0.4780114720000001,7.0,288.15,Urea,destabilizing,19232524.0,Fluorescence,A,133
1G3P,D160R,0.669216061,7.0,288.15,Urea,destabilizing,19232524.0,Fluorescence,A,133
1G3P,D160S,0.286806883,7.0,288.15,Urea,destabilizing,19232524.0,Fluorescence,A,133
1G3P,D160T,0.740917782,7.0,288.15,Urea,destabilizing,19232524.0,Fluorescence,A,133
1G3P,D160V,1.12332696,7.0,288.15,Urea,destabilizing,19232524.0,Fluorescence,A,133
1G3P,D160W,0.167304015,7.0,288.15,Urea,destabilizing,19232524.0,Fluorescence,A,133
1G3P,D160Y,0.071701721,7.0,288.15,Urea,destabilizing,19232524.0,Fluorescence,A,133
1H0X,P18A,1.935946463,7.0,298.15,Urea,destabilizing,19262980.0,CD,A,9
1H0X,P62A,2.58126195,7.0,298.15,Urea,destabilizing,19262980.0,CD,A,53
2CRK,D122A,0.48,8.0,298.15,GdnHCl,destabilizing,19263506.0,CD,A,114
2CRK,D122N,1.19,8.0,298.15,GdnHCl,destabilizing,19263506.0,CD,A,114
1VII,F47L,2.15,5.0,298.15,Urea,destabilizing,19354264.0,CD,A,6
1VII,F51L,1.99,5.0,298.15,Urea,destabilizing,19354264.0,CD,A,10
1VII,F58L,2.38,5.0,298.15,Urea,destabilizing,19354264.0,CD,A,17
1VII,W64L,1.42,5.0,298.15,Urea,destabilizing,19354264.0,CD,A,23
2LZM,K85A,-0.1,3.05,326.35,Thermal,stabilizing,19384988.0,CD,A,84
2LZM,R96K,-0.0,5.35,339.75,Thermal,destabilizing,19384988.0,CD,A,95
2LZM,R96Q,0.3,5.35,339.75,Thermal,destabilizing,19384988.0,CD,A,95
2LZM,D89A,0.5,5.35,339.75,Thermal,destabilizing,19384988.0,CD,A,88
2LZM,R96K,0.5,3.05,326.35,Thermal,destabilizing,19384988.0,CD,A,95
2LZM,K85A,0.6,5.35,339.75,Thermal,destabilizing,19384988.0,CD,A,84
2LZM,R96Q,0.7,3.05,326.35,Thermal,destabilizing,19384988.0,CD,A,95
2LZM,D89A,0.7,3.05,326.35,Thermal,destabilizing,19384988.0,CD,A,88
2LZM,R96E,1.9,3.05,326.35,Thermal,destabilizing,19384988.0,CD,A,95
2LZM,R96A,2.0,5.35,339.75,Thermal,destabilizing,19384988.0,CD,A,95
2LZM,R96A,2.0,3.05,326.35,Thermal,destabilizing,19384988.0,CD,A,95
2LZM,R96D,2.3,3.05,326.35,Thermal,destabilizing,19384988.0,CD,A,95
2LZM,R96V,2.4,5.35,339.75,Thermal,destabilizing,19384988.0,CD,A,95
2LZM,R96E,2.5,5.35,339.75,Thermal,destabilizing,19384988.0,CD,A,95
2LZM,R96V,2.5,3.05,326.35,Thermal,destabilizing,19384988.0,CD,A,95
2LZM,R96M,2.5,3.05,326.35,Thermal,destabilizing,19384988.0,CD,A,95
2LZM,R96S,2.6,5.35,339.75,Thermal,destabilizing,19384988.0,CD,A,95
2LZM,R96G,2.6,5.35,339.75,Thermal,destabilizing,19384988.0,CD,A,95
2LZM,R96M,2.7,5.35,339.75,Thermal,destabilizing,19384988.0,CD,A,95
2LZM,R96T,2.8,5.35,339.75,Thermal,destabilizing,19384988.0,CD,A,95
2LZM,R96S,2.8,3.05,326.35,Thermal,destabilizing,19384988.0,CD,A,95
2LZM,R96I,2.8,3.05,326.35,Thermal,destabilizing,19384988.0,CD,A,95
2LZM,R96C,2.9,5.35,339.75,Thermal,destabilizing,19384988.0,CD,A,95
2LZM,R96I,2.9,5.35,339.75,Thermal,destabilizing,19384988.0,CD,A,95
2LZM,R96C,2.9,3.05,326.35,Thermal,destabilizing,19384988.0,CD,A,95
2LZM,R96N,3.0,5.35,339.75,Thermal,destabilizing,19384988.0,CD,A,95
2LZM,R96H,3.1,5.35,339.75,Thermal,destabilizing,19384988.0,CD,A,95
2LZM,R96T,3.1,3.05,326.35,Thermal,destabilizing,19384988.0,CD,A,95
2LZM,R96L,3.2,5.35,339.75,Thermal,destabilizing,19384988.0,CD,A,95
2LZM,R96G,3.2,3.05,326.35,Thermal,destabilizing,19384988.0,CD,A,95
2LZM,R96L,3.2,3.05,326.35,Thermal,destabilizing,19384988.0,CD,A,95
2LZM,R96N,3.3,3.05,326.35,Thermal,destabilizing,19384988.0,CD,A,95
2LZM,R96D,3.5,5.35,339.75,Thermal,destabilizing,19384988.0,CD,A,95
2LZM,R96H,3.8,3.05,326.35,Thermal,destabilizing,19384988.0,CD,A,95
2LZM,R96F,4.2,5.35,339.75,Thermal,destabilizing,19384988.0,CD,A,95
2LZM,R96F,4.2,3.05,326.35,Thermal,destabilizing,19384988.0,CD,A,95
2LZM,R96W,4.2,3.05,326.35,Thermal,destabilizing,19384988.0,CD,A,95
2LZM,R96W,4.5,5.35,339.75,Thermal,destabilizing,19384988.0,CD,A,95
2LZM,R96Y,4.5,3.05,326.35,Thermal,destabilizing,19384988.0,CD,A,95
2LZM,R96Y,4.7,5.35,339.75,Thermal,destabilizing,19384988.0,CD,A,95
2LZM,R96P,5.5,5.35,339.75,Thermal,destabilizing,19384988.0,CD,A,95
2LZM,R96P,6.0,3.05,326.35,Thermal,destabilizing,19384988.0,CD,A,95
2Q98,H27A,-0.09,5.8,298.15,Urea,stabilizing,19384991.0,Fluorescence,A,18
2Q98,H30A,-3.1,5.8,298.15,Urea,stabilizing,19384991.0,Fluorescence,A,21
2Q98,H46A,0.11,5.8,298.15,Urea,destabilizing,19384991.0,Fluorescence,A,37
2Q98,H59A,-2.26,5.8,298.15,Urea,stabilizing,19384991.0,Fluorescence,A,50
2Q98,H97A,-1.07,5.8,298.15,Urea,stabilizing,19384991.0,Fluorescence,A,88
2Q98,H138A,-2.04,5.8,298.15,Urea,stabilizing,19384991.0,Fluorescence,A,129
2Q98,H173A,-0.24,5.8,298.15,Urea,stabilizing,19384991.0,Fluorescence,A,164
2Q98,H180A,-1.39,5.8,298.15,Urea,stabilizing,19384991.0,Fluorescence,A,171
2Q98,H195A,0.03,5.8,298.15,Urea,destabilizing,19384991.0,Fluorescence,A,186
2Q98,H27A,-1.29,7.8,298.15,Urea,stabilizing,19384991.0,Fluorescence,A,18
2Q98,H30A,-2.05,7.8,298.15,Urea,stabilizing,19384991.0,Fluorescence,A,21
2Q98,H46A,-1.55,7.8,298.15,Urea,stabilizing,19384991.0,Fluorescence,A,37
2Q98,H59A,0.02,7.8,298.15,Urea,destabilizing,19384991.0,Fluorescence,A,50
2Q98,H97A,-0.33,7.8,298.15,Urea,stabilizing,19384991.0,Fluorescence,A,88
2Q98,H138A,-0.58,7.8,298.15,Urea,stabilizing,19384991.0,Fluorescence,A,129
2Q98,H173A,0.35,7.8,298.15,Urea,destabilizing,19384991.0,Fluorescence,A,164
2Q98,H180A,0.04,7.8,298.15,Urea,destabilizing,19384991.0,Fluorescence,A,171
2Q98,H195A,-0.12,7.8,298.15,Urea,stabilizing,19384991.0,Fluorescence,A,186
1W4H,L167A,1.18,7.0,321.8,Thermal,destabilizing,19445954.0,CD,A,41
1W4H,P133A,-0.38,7.0,327.3,Thermal,stabilizing,19445954.0,CD,A,7
1W4H,H166A,-0.06,7.0,327.3,Thermal,stabilizing,19445954.0,CD,A,40
1W4H,I135V,0.03,7.0,327.3,Thermal,destabilizing,19445954.0,CD,A,9
1W4H,A130G,0.04,7.0,327.3,Thermal,destabilizing,19445954.0,CD,A,4
1W4H,A168G,0.07,7.0,327.3,Thermal,destabilizing,19445954.0,CD,A,42
1W4H,T152S,0.29,7.0,327.3,Thermal,destabilizing,19445954.0,CD,A,26
1W4H,A134G,0.32,7.0,283.0,GdnHCl,destabilizing,19445954.0,CD,A,8
1W4H,A134G,0.37,7.0,327.3,Thermal,destabilizing,19445954.0,CD,A,8
1W4H,A148G,0.43,7.0,327.3,Thermal,destabilizing,19445954.0,CD,A,22
1W4H,S132G,0.47,7.0,327.3,Thermal,destabilizing,19445954.0,CD,A,6
1W4H,A148G,0.52,7.0,283.0,GdnHCl,destabilizing,19445954.0,CD,A,22
1W4H,A146G,0.56,7.0,283.0,GdnHCl,destabilizing,19445954.0,CD,A,20
1W4H,L167A,0.57,7.0,327.3,Thermal,destabilizing,19445954.0,CD,A,41
1W4H,S132G,0.57,7.0,283.0,GdnHCl,destabilizing,19445954.0,CD,A,6
1W4H,A146G,0.58,7.0,327.3,Thermal,destabilizing,19445954.0,CD,A,20
1W4H,L167A,0.6,7.0,283.0,GdnHCl,destabilizing,19445954.0,CD,A,41
1W4H,I149V,0.7,7.0,283.0,GdnHCl,destabilizing,19445954.0,CD,A,23
1W4H,I149V,0.75,7.0,327.3,Thermal,destabilizing,19445954.0,CD,A,23
1W4H,V154G,0.84,7.0,327.3,Thermal,destabilizing,19445954.0,CD,A,28
1W4H,L131A,0.9,7.0,283.0,GdnHCl,destabilizing,19445954.0,CD,A,5
1W4H,A140G,0.93,7.0,283.0,GdnHCl,destabilizing,19445954.0,CD,A,14
1W4H,L131A,0.94,7.0,327.3,Thermal,destabilizing,19445954.0,CD,A,5
1W4H,V154G,0.98,7.0,283.0,GdnHCl,destabilizing,19445954.0,CD,A,28
1W4H,A140G,1.02,7.0,327.3,Thermal,destabilizing,19445954.0,CD,A,14
1W4H,I135A,1.24,7.0,283.0,GdnHCl,destabilizing,19445954.0,CD,A,9
1W4H,T159S,1.32,7.0,283.0,GdnHCl,destabilizing,19445954.0,CD,A,33
1W4H,T152A,1.36,7.0,327.3,Thermal,destabilizing,19445954.0,CD,A,26
1W4H,L144A,1.37,7.0,283.0,GdnHCl,destabilizing,19445954.0,CD,A,18
1W4H,H166G,1.58,7.0,327.3,Thermal,destabilizing,19445954.0,CD,A,40
1W4H,L138A,1.6,7.0,283.0,GdnHCl,destabilizing,19445954.0,CD,A,12
1W4H,I135A,1.63,7.0,327.3,Thermal,destabilizing,19445954.0,CD,A,9
1W4H,T159S,1.63,7.0,327.3,Thermal,destabilizing,19445954.0,CD,A,33
1W4H,L138A,1.67,7.0,327.3,Thermal,destabilizing,19445954.0,CD,A,12
1W4H,T152A,1.68,7.0,283.0,GdnHCl,destabilizing,19445954.0,CD,A,26
1W4H,H166G,1.87,7.0,283.0,GdnHCl,destabilizing,19445954.0,CD,A,40
1W4H,L144A,1.9,7.0,327.3,Thermal,destabilizing,19445954.0,CD,A,18
1W4H,V163A,2.02,7.0,327.3,Thermal,destabilizing,19445954.0,CD,A,37
1W4H,L158A,2.12,7.0,327.3,Thermal,destabilizing,19445954.0,CD,A,32
1W4H,D162N,3.1,7.0,327.3,Thermal,destabilizing,19445954.0,CD,A,36
1W4H,L139A,3.5,7.0,327.3,Thermal,destabilizing,19445954.0,CD,A,13
3D2A,M134E,-0.66,7.2,298.15,GdnHCl,stabilizing,19472328.0,CD,A,131
3D2A,M137P,-0.98,7.2,298.15,GdnHCl,stabilizing,19472328.0,CD,A,134
3D2A,S163P,0.25,7.2,298.15,GdnHCl,destabilizing,19472328.0,CD,A,160
1PGA,E15V,-0.382409178,7.0,343.15,GdnHCl,stabilizing,19527728.0,CD,A,14
1PGA,N37L,-1.434034417,7.0,343.15,GdnHCl,stabilizing,19527728.0,CD,A,36
1PGA,T16L,-1.075525813,7.0,343.15,GdnHCl,stabilizing,19527728.0,CD,A,15
1PGA,T18I,-0.7648183559999999,7.0,343.15,GdnHCl,stabilizing,19527728.0,CD,A,17
1PIN,K6A,-0.15,7.0,313.15,Thermal,stabilizing,19565466.0,CD,A,0
1PIN,L7A,1.72,7.0,313.15,Thermal,destabilizing,19565466.0,CD,A,1
1PIN,L7I,0.85,7.0,313.15,Thermal,destabilizing,19565466.0,CD,A,1
1PIN,L7V,1.26,7.0,313.15,Thermal,destabilizing,19565466.0,CD,A,1
1PIN,L7N,0.9,7.0,313.15,Thermal,destabilizing,19565466.0,CD,A,1
1PIN,P8A,0.97,7.0,313.15,Thermal,destabilizing,19565466.0,CD,A,2
1PIN,P8G,0.92,7.0,313.15,Thermal,destabilizing,19565466.0,CD,A,2
1PIN,P9A,0.19,7.0,313.15,Thermal,destabilizing,19565466.0,CD,A,3
1PIN,P9G,0.49,7.0,313.15,Thermal,destabilizing,19565466.0,CD,A,3
1PIN,G10A,0.85,7.0,313.15,Thermal,destabilizing,19565466.0,CD,A,4
1PIN,W11F,1.93,7.0,313.15,Thermal,destabilizing,19565466.0,CD,A,5
1PIN,E12A,0.48,7.0,313.15,Thermal,destabilizing,19565466.0,CD,A,6
1PIN,K13A,0.02,7.0,313.15,Thermal,destabilizing,19565466.0,CD,A,7
1PIN,R14A,1.63,7.0,313.15,Thermal,destabilizing,19565466.0,CD,A,8
1PIN,M15A,0.59,7.0,313.15,Thermal,destabilizing,19565466.0,CD,A,9
1PIN,S16A,0.44,7.0,313.15,Thermal,destabilizing,19565466.0,CD,A,10
1PIN,S16G,0.92,7.0,313.15,Thermal,destabilizing,19565466.0,CD,A,10
1PIN,R17A,-0.0,7.0,313.15,Thermal,stabilizing,19565466.0,CD,A,11
1PIN,R17G,0.22,7.0,313.15,Thermal,destabilizing,19565466.0,CD,A,11
1PIN,S18A,-0.03,7.0,313.15,Thermal,destabilizing,19565466.0,CD,A,12
1PIN,S18G,-0.02,7.0,313.15,Thermal,destabilizing,19565466.0,CD,A,12
1PIN,S19A,0.14,7.0,313.15,Thermal,destabilizing,19565466.0,CD,A,13
1PIN,S19G,-0.01,7.0,313.15,Thermal,destabilizing,19565466.0,CD,A,13
1PIN,G20A,0.86,7.0,313.15,Thermal,destabilizing,19565466.0,CD,A,14
1PIN,R21A,0.65,7.0,313.15,Thermal,destabilizing,19565466.0,CD,A,15
1PIN,R21G,0.67,7.0,313.15,Thermal,destabilizing,19565466.0,CD,A,15
1PIN,V22A,0.26,7.0,313.15,Thermal,destabilizing,19565466.0,CD,A,16
1PIN,Y23A,1.08,7.0,313.15,Thermal,destabilizing,19565466.0,CD,A,17
1PIN,Y23L,1.18,7.0,313.15,Thermal,destabilizing,19565466.0,CD,A,17
1PIN,Y23F,0.52,7.0,313.15,Thermal,destabilizing,19565466.0,CD,A,17
1PIN,Y24F,0.66,7.0,313.15,Thermal,destabilizing,19565466.0,CD,A,18
1PIN,Y24W,0.56,7.0,313.15,Thermal,destabilizing,19565466.0,CD,A,18
1PIN,F25A,2.14,7.0,313.15,Thermal,destabilizing,19565466.0,CD,A,19
1PIN,F25L,1.37,7.0,313.15,Thermal,destabilizing,19565466.0,CD,A,19
1PIN,F25Y,-0.22,7.0,313.15,Thermal,stabilizing,19565466.0,CD,A,19
1PIN,N26D,1.88,7.0,313.15,Thermal,destabilizing,19565466.0,CD,A,20
1PIN,H27A,0.12,7.0,313.15,Thermal,destabilizing,19565466.0,CD,A,21
1PIN,H27G,0.68,7.0,313.15,Thermal,destabilizing,19565466.0,CD,A,21
1PIN,I28A,0.36,7.0,313.15,Thermal,destabilizing,19565466.0,CD,A,22
1PIN,I28G,0.48,7.0,313.15,Thermal,destabilizing,19565466.0,CD,A,22
1PIN,T29A,1.25,7.0,313.15,Thermal,destabilizing,19565466.0,CD,A,23
1PIN,T29G,1.99,7.0,313.15,Thermal,destabilizing,19565466.0,CD,A,23
1PIN,T29S,0.65,7.0,313.15,Thermal,destabilizing,19565466.0,CD,A,23
1PIN,T29D,1.33,7.0,313.15,Thermal,destabilizing,19565466.0,CD,A,23
1PIN,N30A,0.47,7.0,313.15,Thermal,destabilizing,19565466.0,CD,A,24
1PIN,N30G,-0.53,7.0,313.15,Thermal,stabilizing,19565466.0,CD,A,24
1PIN,A31G,1.49,7.0,313.15,Thermal,destabilizing,19565466.0,CD,A,25
1PIN,S32A,0.26,7.0,313.15,Thermal,destabilizing,19565466.0,CD,A,26
1PIN,S32G,0.81,7.0,313.15,Thermal,destabilizing,19565466.0,CD,A,26
1PIN,Q33A,0.57,7.0,313.15,Thermal,destabilizing,19565466.0,CD,A,27
1PIN,W34A,0.4,7.0,313.15,Thermal,destabilizing,19565466.0,CD,A,28
1PIN,W34F,0.1,7.0,313.15,Thermal,destabilizing,19565466.0,CD,A,28
1PIN,E35A,0.73,7.0,313.15,Thermal,destabilizing,19565466.0,CD,A,29
1PIN,R36A,0.29,7.0,313.15,Thermal,destabilizing,19565466.0,CD,A,30
1PIN,S38A,-0.05,7.0,313.15,Thermal,stabilizing,19565466.0,CD,A,32
1PIN,S38G,0.08,7.0,313.15,Thermal,destabilizing,19565466.0,CD,A,32
1A7V,A104H,2.69,6.5,298.15,GdnHCl,destabilizing,19647747.0,CD,A,103
1A7V,K97H,1.97,6.5,298.15,GdnHCl,destabilizing,19647747.0,CD,A,96
1A7V,A91H,1.7,6.5,298.15,GdnHCl,destabilizing,19647747.0,CD,A,90
1A7V,K84H,2.88,6.5,298.15,GdnHCl,destabilizing,19647747.0,CD,A,83
1A7V,E73H,3.01,6.5,298.15,GdnHCl,destabilizing,19647747.0,CD,A,72
1A7V,A66H,1.98,6.5,298.15,GdnHCl,destabilizing,19647747.0,CD,A,65
1A7V,D58H,2.05,6.5,298.15,GdnHCl,destabilizing,19647747.0,CD,A,57
1A7V,K49H,2.02,6.5,298.15,GdnHCl,destabilizing,19647747.0,CD,A,48
1A7V,K39H,1.86,6.5,298.15,GdnHCl,destabilizing,19647747.0,CD,A,38
1A7V,K31H,1.36,6.5,298.15,GdnHCl,destabilizing,19647747.0,CD,A,30
1A7V,K20H,2.88,6.5,298.15,GdnHCl,destabilizing,19647747.0,CD,A,19
1A7V,K13H,0.6,6.5,298.15,GdnHCl,destabilizing,19647747.0,CD,A,12
1A7V,D3H,1.37,6.5,298.15,GdnHCl,destabilizing,19647747.0,CD,A,2
3MBP,I108A,3.15,8.0,298.15,Urea,destabilizing,19683000.0,CD,A,107
3MBP,I226A,4.95,8.0,298.15,Urea,destabilizing,19683000.0,CD,A,225
3MBP,I59A,1.2,8.0,298.15,Urea,destabilizing,19683000.0,CD,A,58
3MBP,L115A,3.1,8.0,298.15,Urea,destabilizing,19683000.0,CD,A,114
3MBP,L147A,3.0,8.0,298.15,Urea,destabilizing,19683000.0,CD,A,146
3MBP,I161A,3.0333333330000003,8.0,298.15,Urea,destabilizing,19683000.0,CD,A,160
3MBP,L192A,3.1,8.0,298.15,Urea,destabilizing,19683000.0,CD,A,191
3MBP,L195A,4.2,8.0,298.15,Urea,destabilizing,19683000.0,CD,A,194
3MBP,V347A,2.0,8.0,298.15,Urea,destabilizing,19683000.0,CD,A,346
3MBP,L361A,2.0,8.0,298.15,Urea,destabilizing,19683000.0,CD,A,360
2AFG,C83A,1.38623327,7.5,298.15,GdnHCl,destabilizing,19683004.0,Fluorescence,A,73
2AFG,C83S,1.577437859,7.5,298.15,GdnHCl,destabilizing,19683004.0,Fluorescence,A,73
2AFG,C83T,1.45793499,7.5,298.15,GdnHCl,destabilizing,19683004.0,Fluorescence,A,73
2AFG,C83V,2.84416826,7.5,298.15,GdnHCl,destabilizing,19683004.0,Fluorescence,A,73
2PTL,L24A,2.939770554,7.0,293.15,GdnHCl,destabilizing,19683005.0,Fluorescence,A,23
2PTL,F36A,4.851816444,7.0,293.15,GdnHCl,destabilizing,19683005.0,Fluorescence,A,35
2PTL,A51G,3.274378585,7.0,293.15,GdnHCl,destabilizing,19683005.0,Fluorescence,A,50
2PTL,V65A,1.099426386,7.0,293.15,GdnHCl,destabilizing,19683005.0,Fluorescence,A,64
2PTL,I74V,0.167304015,7.0,293.15,GdnHCl,destabilizing,19683005.0,Fluorescence,A,73
2PTL,L24F,-0.621414914,7.0,293.15,GdnHCl,stabilizing,19683005.0,Fluorescence,A,23
2PTL,I74F,-1.314531549,7.0,293.15,GdnHCl,stabilizing,19683005.0,Fluorescence,A,73
2AFG,L44F,-0.716538,6.6,312.9,Thermal,stabilizing,19695265.0,DSC,A,34
2AFG,F132W,-0.286615,6.6,312.9,Thermal,stabilizing,19695265.0,DSC,A,122
2AFG,F85W,0.0716538,6.6,312.9,Thermal,destabilizing,19695265.0,DSC,A,75
2AFG,L44W,-0.57323,6.6,298.0,GdnHCl,stabilizing,19695265.0,"CD, Fluorescence",A,34
2AFG,F85W,-0.0955384,6.6,298.0,GdnHCl,stabilizing,19695265.0,"CD, Fluorescence",A,75
2AFG,C117V,0.286615,6.6,298.0,GdnHCl,destabilizing,19695265.0,"CD, Fluorescence",A,107
2AFG,C117I,0.358269,6.6,298.0,GdnHCl,destabilizing,19695265.0,"CD, Fluorescence",A,107
2AFG,F132W,0.382154,6.6,298.0,GdnHCl,destabilizing,19695265.0,"CD, Fluorescence",A,122
2AFG,V31W,0.955384,6.6,298.0,GdnHCl,destabilizing,19695265.0,"CD, Fluorescence",A,21
1PGA,F52A,1.073,7.0,333.15,Thermal,destabilizing,19711980.0,CD,A,51
1PGA,F52G,2.273,7.0,333.15,Thermal,destabilizing,19711980.0,CD,A,51
1PGA,F52L,0.56,7.0,333.15,Thermal,destabilizing,19711980.0,CD,A,51
2ABD,A9G,2.0,8.0,298.15,GdnHCl,destabilizing,19788195.0,Fluorescence,A,8
2ABD,L15A,3.56,8.0,298.15,GdnHCl,destabilizing,19788195.0,Fluorescence,A,14
2ABD,L25A,2.02,8.0,298.15,GdnHCl,destabilizing,19788195.0,Fluorescence,A,24
2ABD,L80A,4.57,8.0,298.15,GdnHCl,destabilizing,19788195.0,Fluorescence,A,79
2ABD,P44A,1.23,8.0,298.15,GdnHCl,destabilizing,19788195.0,Fluorescence,A,43
2ABD,V12A,1.5,8.0,298.15,GdnHCl,destabilizing,19788195.0,Fluorescence,A,11
2ABD,Y73A,4.51,8.0,298.15,GdnHCl,destabilizing,19788195.0,Fluorescence,A,72
3D3B,D118N,1.34,7.5,328.15,Thermal,destabilizing,19854945.0,CD,A,117
3D3B,D118A,0.65,7.5,328.15,Thermal,destabilizing,19854945.0,CD,A,117
3D3B,D118R,1.41,7.5,328.15,Thermal,destabilizing,19854945.0,CD,A,117
3D3B,D118E,0.6,7.5,328.15,Thermal,destabilizing,19854945.0,CD,A,117
3D3B,D118K,1.6,7.5,328.15,Thermal,destabilizing,19854945.0,CD,A,117
3F6R,A19G,2.676864245,7.0,293.15,Urea,destabilizing,19913555.0,CD,A,17
3F6R,E109A,2.796367113,7.0,293.15,Urea,destabilizing,19913555.0,CD,A,107
3F6R,F55A,4.397705545,7.0,293.15,Urea,destabilizing,19913555.0,CD,A,53
3F6R,I120A,4.899617591,7.0,293.15,Urea,destabilizing,19913555.0,CD,A,118
3F6R,L124A,4.373804971,7.0,293.15,Urea,destabilizing,19913555.0,CD,A,122
3F6R,L36A,2.318355641,7.0,293.15,Urea,destabilizing,19913555.0,CD,A,34
3F6R,L5A,2.533460803,7.0,293.15,Urea,destabilizing,19913555.0,CD,A,3
3F6R,L74A,4.7801147230000005,7.0,293.15,Urea,destabilizing,19913555.0,CD,A,72
3F6R,V137A,4.756214149,7.0,293.15,Urea,destabilizing,19913555.0,CD,A,135
3F6R,V33A,2.676864245,7.0,293.15,Urea,destabilizing,19913555.0,CD,A,31
3F6R,V53A,3.035372849,7.0,293.15,Urea,destabilizing,19913555.0,CD,A,51
3F6R,V7A,2.1749521990000003,7.0,293.15,Urea,destabilizing,19913555.0,CD,A,5
3F6R,V88A,3.130975143,7.0,293.15,Urea,destabilizing,19913555.0,CD,A,86
1TIT,Y9P,2.2,7.4,298.15,GdnHCl,destabilizing,20095049.0,CD,A,8
1TIT,Y9G,0.8,7.4,298.15,GdnHCl,destabilizing,20095049.0,CD,A,8
1TIT,Y9F,0.4,7.4,298.15,GdnHCl,destabilizing,20095049.0,CD,A,8
1TIT,Y9S,0.2,7.4,298.15,GdnHCl,destabilizing,20095049.0,CD,A,8
1THQ,Y87F,1.368588,8.0,298.15,Urea,destabilizing,20133664.0,CD,A,70
1THQ,Y23A,0.905226,8.0,298.15,Urea,destabilizing,20133664.0,CD,A,16
1THQ,Y153A,0.5541229999999999,8.0,298.15,Urea,destabilizing,20133664.0,CD,A,136
1THQ,W51A,0.446642,8.0,298.15,Urea,destabilizing,20133664.0,CD,A,34
1THQ,W17A,0.984046,8.0,298.15,Urea,destabilizing,20133664.0,CD,A,10
1THQ,T137A,0.508742,8.0,298.15,Urea,destabilizing,20133664.0,CD,A,120
1THQ,T108A,0.40365,8.0,298.15,Urea,destabilizing,20133664.0,CD,A,91
1THQ,S58A,1.25633,8.0,298.15,Urea,destabilizing,20133664.0,CD,A,41
1THQ,S130A,1.270661,8.0,298.15,Urea,destabilizing,20133664.0,CD,A,113
1THQ,R94A,1.531003,8.0,298.15,Urea,destabilizing,20133664.0,CD,A,77
1THQ,Q160A,-0.181523,8.0,298.15,Urea,stabilizing,20133664.0,CD,A,143
1THQ,Q139A,0.967326,8.0,298.15,Urea,destabilizing,20133664.0,CD,A,122
1THQ,M72A,0.34155,8.0,298.15,Urea,destabilizing,20133664.0,CD,A,55
1THQ,M157A,0.766696,8.0,298.15,Urea,destabilizing,20133664.0,CD,A,140
1THQ,L105A,0.761919,8.0,298.15,Urea,destabilizing,20133664.0,CD,A,88
1THQ,F55A,1.046145,8.0,298.15,Urea,destabilizing,20133664.0,CD,A,38
1THQ,E90A,0.6616029999999999,8.0,298.15,Urea,destabilizing,20133664.0,CD,A,73
1THQ,D24N,0.60428,8.0,298.15,Urea,destabilizing,20133664.0,CD,A,17
1THQ,A85G,0.8646229999999999,8.0,298.15,Urea,destabilizing,20133664.0,CD,A,68
2DRI,L62C,2.7,7.6,298.15,Thermal,destabilizing,20194783.0,Activity,A,61
2DRI,A188C,1.8,7.6,298.15,Thermal,destabilizing,20194783.0,Activity,A,187
1STN,F34C,2.8,7.6,293.15,Thermal,destabilizing,20194783.0,Activity,A,28
1STN,L36C,2.9,7.6,293.15,Thermal,destabilizing,20194783.0,Activity,A,30
1RGG,R40E,-0.3,3.0,298.15,Urea,stabilizing,20198681.0,CD,A,39
1RGG,R40E,0.4,7.0,298.15,Urea,destabilizing,20198681.0,CD,A,39
3ECU,A4V,7.2,7.4,298.15,GdnHCl,destabilizing,20232802.0,"CD, Fluorescence",A,3
1G3P,F136V,3.70458891,7.0,313.15,Urea,destabilizing,20394751.0,fluorescence,A,109
1G3P,Q137N,1.792543021,7.0,313.15,Urea,destabilizing,20394751.0,fluorescence,A,110
1G3P,N138G,-0.7648183559999999,7.0,313.15,Urea,stabilizing,20394751.0,fluorescence,A,111
1G3P,N139K,0.430210325,7.0,313.15,Urea,destabilizing,20394751.0,fluorescence,A,112
1G3P,N139V,2.031548757,7.0,313.15,Urea,destabilizing,20394751.0,fluorescence,A,112
1G3P,F136V,3.824091778,7.0,288.15,Urea,destabilizing,20394751.0,fluorescence,A,109
1G3P,Q137N,1.959847036,7.0,288.15,Urea,destabilizing,20394751.0,fluorescence,A,110
1G3P,N138G,-0.932122371,7.0,288.15,Urea,stabilizing,20394751.0,fluorescence,A,111
1G3P,N139K,0.59751434,7.0,288.15,Urea,destabilizing,20394751.0,fluorescence,A,112
1G3P,N139V,2.748565966,7.0,288.15,Urea,destabilizing,20394751.0,fluorescence,A,112
1G3P,R144V,-0.7648183559999999,7.0,313.15,Urea,stabilizing,20394751.0,fluorescence,A,117
1G3P,Q145N,-0.26290631,7.0,313.15,Urea,stabilizing,20394751.0,fluorescence,A,118
1G3P,A147K,0.286806883,7.0,313.15,Urea,destabilizing,20394751.0,fluorescence,A,120
1G3P,R144V,-0.908221797,7.0,288.15,Urea,stabilizing,20394751.0,fluorescence,A,117
1G3P,Q145N,-0.621414914,7.0,288.15,Urea,stabilizing,20394751.0,fluorescence,A,118
1G3P,A147K,0.382409178,7.0,288.15,Urea,destabilizing,20394751.0,fluorescence,A,120
1FTG,A84G,2.42,7.0,298.15,Urea,destabilizing,20457259.0,Fluorescence,A,82
1FTG,D150K,0.53,7.0,298.15,Urea,destabilizing,20457259.0,Fluorescence,A,148
1FTG,D43A,0.18,7.0,298.15,Urea,destabilizing,20457259.0,Fluorescence,A,41
1FTG,D65K,0.51,7.0,298.15,Urea,destabilizing,20457259.0,Fluorescence,A,63
1FTG,D75K,-0.75,7.0,298.15,Urea,stabilizing,20457259.0,Fluorescence,A,73
1FTG,E20K,-1.3,7.0,298.15,Urea,stabilizing,20457259.0,Fluorescence,A,18
1FTG,E72K,-1.04,7.0,298.15,Urea,stabilizing,20457259.0,Fluorescence,A,70
1FTG,I104V,0.91,7.0,298.15,Urea,destabilizing,20457259.0,Fluorescence,A,102
1FTG,I156V,3.85,7.0,298.15,Urea,destabilizing,20457259.0,Fluorescence,A,154
1FTG,I22V,2.19,7.0,298.15,Urea,destabilizing,20457259.0,Fluorescence,A,20
1FTG,I51V,2.23,7.0,298.15,Urea,destabilizing,20457259.0,Fluorescence,A,49
1FTG,I52V,1.64,7.0,298.15,Urea,destabilizing,20457259.0,Fluorescence,A,50
1FTG,K81M,2.43,7.0,298.15,Urea,destabilizing,20457259.0,Fluorescence,A,79
1FTG,L143A,0.39,7.0,298.15,Urea,destabilizing,20457259.0,Fluorescence,A,141
1FTG,L6A,3.78,7.0,298.15,Urea,destabilizing,20457259.0,Fluorescence,A,4
1FTG,Q63L,-0.13,7.0,298.15,Urea,stabilizing,20457259.0,Fluorescence,A,61
1FTG,Q99A,-1.46,7.0,298.15,Urea,stabilizing,20457259.0,Fluorescence,A,97
1FTG,Q99L,-0.41,7.0,298.15,Urea,stabilizing,20457259.0,Fluorescence,A,97
1FTG,S110A,1.28,7.0,298.15,Urea,destabilizing,20457259.0,Fluorescence,A,108
1FTG,S71A,0.91,7.0,298.15,Urea,destabilizing,20457259.0,Fluorescence,A,69
1FTG,T122S,0.62,7.0,298.15,Urea,destabilizing,20457259.0,Fluorescence,A,120
1FTG,V117A,2.3,7.0,298.15,Urea,destabilizing,20457259.0,Fluorescence,A,115
1FTG,V139A,1.76,7.0,298.15,Urea,destabilizing,20457259.0,Fluorescence,A,137
1FTG,V160A,2.71,7.0,298.15,Urea,destabilizing,20457259.0,Fluorescence,A,158
1FTG,V31A,2.65,7.0,298.15,Urea,destabilizing,20457259.0,Fluorescence,A,29
1FTG,Y85F,1.46,7.0,298.15,Urea,destabilizing,20457259.0,Fluorescence,A,83
1FTG,Y8F,0.99,7.0,298.15,Urea,destabilizing,20457259.0,Fluorescence,A,6
1FKJ,F99L,0.92,7.5,295.15,GdnHCl,destabilizing,20552687.0,Fluorescence,A,98
1VII,P62A,1.27,5.0,298.15,Urea,destabilizing,20570680.0,CD,A,21
1VII,W64A,0.97,5.0,298.15,Urea,destabilizing,20570680.0,CD,A,23
1VII,W64K,1.35,5.0,298.15,Urea,destabilizing,20570680.0,CD,A,23
1VII,W64L,1.36,5.0,298.15,Urea,destabilizing,20570680.0,CD,A,23
2RLK,S13A,0.974173508,5.2,303.15,Thermal,destabilizing,20666415.0,CD,A,12
2RLK,P14A,0.366422968,5.2,303.15,Thermal,destabilizing,20666415.0,CD,A,13
2RLK,Y21A,0.315006135,5.2,303.15,Thermal,destabilizing,20666415.0,CD,A,20
2RLK,Y27A,0.988291807,5.2,303.15,Thermal,destabilizing,20666415.0,CD,A,26
1STN,G20E,3.2,3.9,293.15,GdnHCl,destabilizing,20798341.0,Fluorescence,A,14
1STN,G20E,3.5,4.9,293.15,GdnHCl,destabilizing,20798341.0,Fluorescence,A,14
1STN,G20E,3.7,6.0,293.15,GdnHCl,destabilizing,20798341.0,Fluorescence,A,14
1STN,G20E,4.1,7.9,293.15,GdnHCl,destabilizing,20798341.0,Fluorescence,A,14
1STN,G20E,3.8,9.1,293.15,GdnHCl,destabilizing,20798341.0,Fluorescence,A,14
1STN,V23E,4.4,3.9,293.15,GdnHCl,destabilizing,20798341.0,Fluorescence,A,17
1STN,V23E,5.1,5.0,293.15,GdnHCl,destabilizing,20798341.0,Fluorescence,A,17
1STN,V23E,6.0,6.0,293.15,GdnHCl,destabilizing,20798341.0,Fluorescence,A,17
1STN,V23E,7.5,7.9,293.15,GdnHCl,destabilizing,20798341.0,Fluorescence,A,17
1STN,V23E,7.5,9.1,293.15,GdnHCl,destabilizing,20798341.0,Fluorescence,A,17
1STN,L25E,5.9,3.9,293.15,GdnHCl,destabilizing,20798341.0,Fluorescence,A,19
1STN,L25E,6.4,5.0,293.15,GdnHCl,destabilizing,20798341.0,Fluorescence,A,19
1STN,L25E,7.6,6.0,293.15,GdnHCl,destabilizing,20798341.0,Fluorescence,A,19
1STN,L25E,9.8,8.0,293.15,GdnHCl,destabilizing,20798341.0,Fluorescence,A,19
1STN,L25E,9.5,9.0,293.15,GdnHCl,destabilizing,20798341.0,Fluorescence,A,19
1STN,F34E,3.9,3.9,293.15,GdnHCl,destabilizing,20798341.0,Fluorescence,A,28
1STN,F34E,5.4,5.0,293.15,GdnHCl,destabilizing,20798341.0,Fluorescence,A,28
1STN,F34E,6.5,6.0,293.15,GdnHCl,destabilizing,20798341.0,Fluorescence,A,28
1STN,F34E,8.1,7.9,293.15,GdnHCl,destabilizing,20798341.0,Fluorescence,A,28
1STN,F34E,7.9,9.0,293.15,GdnHCl,destabilizing,20798341.0,Fluorescence,A,28
1STN,L36E,4.7,3.9,293.15,GdnHCl,destabilizing,20798341.0,Fluorescence,A,30
1STN,L36E,4.2,4.4,293.15,GdnHCl,destabilizing,20798341.0,Fluorescence,A,30
1STN,L36E,4.6,5.0,293.15,GdnHCl,destabilizing,20798341.0,Fluorescence,A,30
1STN,L36E,5.3,6.0,293.15,GdnHCl,destabilizing,20798341.0,Fluorescence,A,30
1STN,L36E,7.5,7.9,293.15,GdnHCl,destabilizing,20798341.0,Fluorescence,A,30
1STN,L36E,8.4,9.0,293.15,GdnHCl,destabilizing,20798341.0,Fluorescence,A,30
1STN,L36E,8.8,9.9,293.15,GdnHCl,destabilizing,20798341.0,Fluorescence,A,30
1STN,L37E,2.1,3.9,293.15,GdnHCl,destabilizing,20798341.0,Fluorescence,A,31
1STN,L37E,2.7,5.0,293.15,GdnHCl,destabilizing,20798341.0,Fluorescence,A,31
1STN,L37E,3.2,6.0,293.15,GdnHCl,destabilizing,20798341.0,Fluorescence,A,31
1STN,L37E,3.1,8.0,293.15,GdnHCl,destabilizing,20798341.0,Fluorescence,A,31
1STN,L38E,1.2,3.9,293.15,GdnHCl,destabilizing,20798341.0,Fluorescence,A,32
1STN,L38E,2.0,4.5,293.15,GdnHCl,destabilizing,20798341.0,Fluorescence,A,32
1STN,L38E,2.3,5.0,293.15,GdnHCl,destabilizing,20798341.0,Fluorescence,A,32
1STN,L38E,3.4,5.9,293.15,GdnHCl,destabilizing,20798341.0,Fluorescence,A,32
1STN,L38E,4.6,7.9,293.15,GdnHCl,destabilizing,20798341.0,Fluorescence,A,32
1STN,L38E,4.6,9.0,293.15,GdnHCl,destabilizing,20798341.0,Fluorescence,A,32
1STN,V39E,3.9,3.9,293.15,GdnHCl,destabilizing,20798341.0,Fluorescence,A,33
1STN,V39E,4.2,4.9,293.15,GdnHCl,destabilizing,20798341.0,Fluorescence,A,33
1STN,V39E,4.7,6.0,293.15,GdnHCl,destabilizing,20798341.0,Fluorescence,A,33
1STN,V39E,6.6,7.9,293.15,GdnHCl,destabilizing,20798341.0,Fluorescence,A,33
1STN,V39E,7.2,9.1,293.15,GdnHCl,destabilizing,20798341.0,Fluorescence,A,33
1STN,T41E,2.1,3.9,293.15,GdnHCl,destabilizing,20798341.0,Fluorescence,A,35
1STN,T41E,2.6,5.0,293.15,GdnHCl,destabilizing,20798341.0,Fluorescence,A,35
1STN,T41E,3.0,6.0,293.15,GdnHCl,destabilizing,20798341.0,Fluorescence,A,35
1STN,T41E,4.3,8.0,293.15,GdnHCl,destabilizing,20798341.0,Fluorescence,A,35
1STN,T41E,4.0,9.0,293.15,GdnHCl,destabilizing,20798341.0,Fluorescence,A,35
1STN,A58E,3.8,3.9,293.15,GdnHCl,destabilizing,20798341.0,Fluorescence,A,52
1STN,A58E,4.5,4.9,293.15,GdnHCl,destabilizing,20798341.0,Fluorescence,A,52
1STN,A58E,4.8,5.9,293.15,GdnHCl,destabilizing,20798341.0,Fluorescence,A,52
1STN,A58E,6.9,8.0,293.15,GdnHCl,destabilizing,20798341.0,Fluorescence,A,52
1STN,A58E,6.9,9.0,293.15,GdnHCl,destabilizing,20798341.0,Fluorescence,A,52
1STN,A58E,6.4,9.9,293.15,GdnHCl,destabilizing,20798341.0,Fluorescence,A,52
1STN,T62E,2.5,3.9,293.15,GdnHCl,destabilizing,20798341.0,Fluorescence,A,56
1STN,T62E,3.2,5.0,293.15,GdnHCl,destabilizing,20798341.0,Fluorescence,A,56
1STN,T62E,4.2,6.0,293.15,GdnHCl,destabilizing,20798341.0,Fluorescence,A,56
1STN,T62E,6.3,7.9,293.15,GdnHCl,destabilizing,20798341.0,Fluorescence,A,56
1STN,T62E,6.7,9.0,293.15,GdnHCl,destabilizing,20798341.0,Fluorescence,A,56
1STN,T62E,6.5,9.9,293.15,GdnHCl,destabilizing,20798341.0,Fluorescence,A,56
1STN,I72E,4.7,3.9,293.15,GdnHCl,destabilizing,20798341.0,Fluorescence,A,66
1STN,I72E,5.4,4.9,293.15,GdnHCl,destabilizing,20798341.0,Fluorescence,A,66
1STN,I72E,6.5,6.0,293.15,GdnHCl,destabilizing,20798341.0,Fluorescence,A,66
1STN,I72E,8.2,8.0,293.15,GdnHCl,destabilizing,20798341.0,Fluorescence,A,66
1STN,I72E,8.5,9.0,293.15,GdnHCl,destabilizing,20798341.0,Fluorescence,A,66
1STN,V74E,5.4,3.9,293.15,GdnHCl,destabilizing,20798341.0,Fluorescence,A,68
1STN,V74E,6.1,5.0,293.15,GdnHCl,destabilizing,20798341.0,Fluorescence,A,68
1STN,V74E,6.8,6.0,293.15,GdnHCl,destabilizing,20798341.0,Fluorescence,A,68
1STN,V74E,9.2,7.9,293.15,GdnHCl,destabilizing,20798341.0,Fluorescence,A,68
1STN,V74E,9.4,9.0,293.15,GdnHCl,destabilizing,20798341.0,Fluorescence,A,68
1STN,V74E,9.1,9.9,293.15,GdnHCl,destabilizing,20798341.0,Fluorescence,A,68
1STN,A90E,7.5,3.9,293.15,GdnHCl,destabilizing,20798341.0,Fluorescence,A,84
1STN,A90E,7.1,4.9,293.15,GdnHCl,destabilizing,20798341.0,Fluorescence,A,84
1STN,A90E,7.7,5.9,293.15,GdnHCl,destabilizing,20798341.0,Fluorescence,A,84
1STN,A90E,8.6,8.0,293.15,GdnHCl,destabilizing,20798341.0,Fluorescence,A,84
1STN,A90E,8.2,9.1,293.15,GdnHCl,destabilizing,20798341.0,Fluorescence,A,84
1STN,Y91E,5.0,3.9,293.15,GdnHCl,destabilizing,20798341.0,Fluorescence,A,85
1STN,Y91E,5.4,4.9,293.15,GdnHCl,destabilizing,20798341.0,Fluorescence,A,85
1STN,Y91E,7.3,6.0,293.15,GdnHCl,destabilizing,20798341.0,Fluorescence,A,85
1STN,Y91E,8.7,7.9,293.15,GdnHCl,destabilizing,20798341.0,Fluorescence,A,85
1STN,Y91E,8.6,9.0,293.15,GdnHCl,destabilizing,20798341.0,Fluorescence,A,85
1STN,I92E,5.6,3.9,293.15,GdnHCl,destabilizing,20798341.0,Fluorescence,A,86
1STN,I92E,5.8,4.9,293.15,GdnHCl,destabilizing,20798341.0,Fluorescence,A,86
1STN,I92E,6.7,6.0,293.15,GdnHCl,destabilizing,20798341.0,Fluorescence,A,86
1STN,I92E,9.2,7.9,293.15,GdnHCl,destabilizing,20798341.0,Fluorescence,A,86
1STN,I92E,10.1,9.0,293.15,GdnHCl,destabilizing,20798341.0,Fluorescence,A,86
1STN,V99E,4.8,3.9,293.15,GdnHCl,destabilizing,20798341.0,Fluorescence,A,93
1STN,V99E,5.5,4.9,293.15,GdnHCl,destabilizing,20798341.0,Fluorescence,A,93
1STN,V99E,6.4,6.0,293.15,GdnHCl,destabilizing,20798341.0,Fluorescence,A,93
1STN,V99E,8.7,7.9,293.15,GdnHCl,destabilizing,20798341.0,Fluorescence,A,93
1STN,V99E,9.5,9.0,293.15,GdnHCl,destabilizing,20798341.0,Fluorescence,A,93
1STN,N100E,-0.1,3.9,293.15,GdnHCl,stabilizing,20798341.0,Fluorescence,A,94
1STN,N100E,1.2,5.0,293.15,GdnHCl,destabilizing,20798341.0,Fluorescence,A,94
1STN,N100E,2.4,6.0,293.15,GdnHCl,destabilizing,20798341.0,Fluorescence,A,94
1STN,N100E,4.4,8.0,293.15,GdnHCl,destabilizing,20798341.0,Fluorescence,A,94
1STN,N100E,4.5,9.0,293.15,GdnHCl,destabilizing,20798341.0,Fluorescence,A,94
1STN,L103E,3.8,3.9,293.15,GdnHCl,destabilizing,20798341.0,Fluorescence,A,97
1STN,L103E,4.2,5.0,293.15,GdnHCl,destabilizing,20798341.0,Fluorescence,A,97
1STN,L103E,5.1,6.0,293.15,GdnHCl,destabilizing,20798341.0,Fluorescence,A,97
1STN,L103E,7.2,8.0,293.15,GdnHCl,destabilizing,20798341.0,Fluorescence,A,97
1STN,L103E,8.2,9.0,293.15,GdnHCl,destabilizing,20798341.0,Fluorescence,A,97
1STN,V104E,2.0,3.9,293.15,GdnHCl,destabilizing,20798341.0,Fluorescence,A,98
1STN,V104E,2.8,4.9,293.15,GdnHCl,destabilizing,20798341.0,Fluorescence,A,98
1STN,V104E,3.2,5.5,293.15,GdnHCl,destabilizing,20798341.0,Fluorescence,A,98
1STN,V104E,4.1,6.0,293.15,GdnHCl,destabilizing,20798341.0,Fluorescence,A,98
1STN,V104E,6.5,8.0,293.15,GdnHCl,destabilizing,20798341.0,Fluorescence,A,98
1STN,V104E,7.4,9.0,293.15,GdnHCl,destabilizing,20798341.0,Fluorescence,A,98
1STN,A109E,4.4,3.9,293.15,GdnHCl,destabilizing,20798341.0,Fluorescence,A,103
1STN,A109E,5.0,5.0,293.15,GdnHCl,destabilizing,20798341.0,Fluorescence,A,103
1STN,A109E,5.5,6.0,293.15,GdnHCl,destabilizing,20798341.0,Fluorescence,A,103
1STN,A109E,7.7,7.9,293.15,GdnHCl,destabilizing,20798341.0,Fluorescence,A,103
1STN,A109E,8.1,9.1,293.15,GdnHCl,destabilizing,20798341.0,Fluorescence,A,103
1STN,N118E,1.9,5.0,293.15,GdnHCl,destabilizing,20798341.0,Fluorescence,A,112
1STN,N118E,1.9,9.0,293.15,GdnHCl,destabilizing,20798341.0,Fluorescence,A,112
1STN,L125E,4.0,3.9,293.15,GdnHCl,destabilizing,20798341.0,Fluorescence,A,119
1STN,L125E,4.6,5.0,293.15,GdnHCl,destabilizing,20798341.0,Fluorescence,A,119
1STN,L125E,5.8,6.0,293.15,GdnHCl,destabilizing,20798341.0,Fluorescence,A,119
1STN,L125E,8.2,7.9,293.15,GdnHCl,destabilizing,20798341.0,Fluorescence,A,119
1STN,L125E,9.1,9.0,293.15,GdnHCl,destabilizing,20798341.0,Fluorescence,A,119
1STN,A132E,5.8,4.9,293.15,GdnHCl,destabilizing,20798341.0,Fluorescence,A,126
1STN,A132E,6.8,6.0,293.15,GdnHCl,destabilizing,20798341.0,Fluorescence,A,126
1STN,A132E,8.2,7.9,293.15,GdnHCl,destabilizing,20798341.0,Fluorescence,A,126
1STN,A132E,8.5,9.0,293.15,GdnHCl,destabilizing,20798341.0,Fluorescence,A,126
2GNQ,S62A,9.0,7.5,298.15,GdnHCl,destabilizing,20939513.0,CD,A,43
2GNQ,S146A,8.5,7.5,298.15,GdnHCl,destabilizing,20939513.0,CD,A,127
2GNQ,S188A,8.7,7.5,298.15,GdnHCl,destabilizing,20939513.0,CD,A,169
2GNQ,D192E,8.0,7.5,298.15,GdnHCl,destabilizing,20939513.0,CD,A,173
2GNQ,W330F,4.5,7.5,298.15,GdnHCl,destabilizing,20939513.0,CD,A,311
2GNQ,W330Y,4.6,7.5,298.15,GdnHCl,destabilizing,20939513.0,CD,A,311
2GNQ,D324E,4.14,7.5,298.15,GdnHCl,destabilizing,20939513.0,CD,A,305
1HK0,M69Q,-0.4,3.0,293.15,Urea,stabilizing,21184609.0,DSC,X,68
1HK0,S130P,0.3,3.0,293.15,Urea,destabilizing,21184609.0,DSC,X,128
2JOF,D9E,0.291586998,7.0,300.15,Thermal,destabilizing,21222485.0,CD,A,8
2JOF,R16K,0.56166348,7.0,300.15,Thermal,destabilizing,21222485.0,CD,A,15
2JOF,D9E,0.043021033,2.5,300.15,Thermal,destabilizing,21222485.0,CD,A,8
3ECU,H46R,-0.8,7.8,298.15,Thermal,stabilizing,21257910.0,CD,A,45
3ECU,H46R,-0.8,7.8,310.15,Thermal,stabilizing,21257910.0,CD,A,45
1N18,E100G,2.5,7.8,298.15,Thermal,destabilizing,21257910.0,CD,A,99
1N18,E100G,2.4,7.8,310.15,Thermal,destabilizing,21257910.0,CD,A,99
1N18,G85R,1.4,7.8,298.15,Thermal,destabilizing,21257910.0,CD,A,84
1N18,G85R,1.2,7.8,310.15,Thermal,destabilizing,21257910.0,CD,A,84
1N18,H46R,-1.4,7.8,298.15,Thermal,stabilizing,21257910.0,CD,A,45
1N18,H46R,-1.3,7.8,310.15,Thermal,stabilizing,21257910.0,CD,A,45
1N18,V148I,-0.1,7.8,298.15,Thermal,stabilizing,21257910.0,CD,A,147
1N18,V148I,-0.4,7.8,310.15,Thermal,stabilizing,21257910.0,CD,A,147
1NFI,T164L,-0.8,7.5,283.15,Urea,stabilizing,21329696.0,Fluorescence,A,144
1NFI,T164L,-0.4,7.5,283.15,Urea,stabilizing,21329696.0,Fluorescence,A,144
1L8W,S213A,0.6,7.0,298.15,Urea,destabilizing,21377472.0,CD,A,141
1L8W,S123A,0.7,7.0,298.15,Urea,destabilizing,21377472.0,CD,A,51
1VII,F47A,2.3,7.0,347.85,Urea,destabilizing,21377472.0,CD,A,6
1VII,F51A,2.3,7.0,298.15,Urea,destabilizing,21377472.0,CD,A,10
1VII,F51A,1.8,7.0,347.85,Urea,destabilizing,21377472.0,CD,A,10
1VII,F58A,3.3,7.0,347.85,Urea,destabilizing,21377472.0,CD,A,17
1VII,L42A,1.4,7.0,298.15,Urea,destabilizing,21377472.0,CD,A,1
1VII,L42A,1.0,7.0,347.85,Urea,destabilizing,21377472.0,CD,A,1
1VII,L61A,2.1,7.0,347.85,Urea,destabilizing,21377472.0,CD,A,20
1VII,L69A,1.6,7.0,298.15,Urea,destabilizing,21377472.0,CD,A,28
1VII,L69A,1.4,7.0,347.85,Urea,destabilizing,21377472.0,CD,A,28
1VII,L75A,0.5,7.0,298.15,Urea,destabilizing,21377472.0,CD,A,34
1VII,L75A,0.5,7.0,347.85,Urea,destabilizing,21377472.0,CD,A,34
1VII,M53A,2.8,7.0,347.85,Urea,destabilizing,21377472.0,CD,A,12
1VII,V50A,0.7,7.0,298.15,Urea,destabilizing,21377472.0,CD,A,9
1VII,V50A,0.5,7.0,347.85,Urea,destabilizing,21377472.0,CD,A,9
1RGG,I22V,1.48,7.0,321.55,Urea,destabilizing,21377472.0,CD,A,21
1RGG,I58V,-0.0,7.0,321.55,Urea,stabilizing,21377472.0,CD,A,57
1RGG,I70V,0.94,7.0,321.55,Urea,destabilizing,21377472.0,CD,A,69
1RGG,I71V,0.13,7.0,321.55,Urea,destabilizing,21377472.0,CD,A,70
1RGG,I92V,1.0,7.0,321.55,Urea,destabilizing,21377472.0,CD,A,91
1RGG,L11A,3.08,7.0,321.55,Urea,destabilizing,21377472.0,CD,A,10
1RGG,L19A,3.65,7.0,321.55,Urea,destabilizing,21377472.0,CD,A,18
1RGG,L21A,0.41,7.0,321.55,Urea,destabilizing,21377472.0,CD,A,20
1RGG,L8A,1.34,7.0,321.55,Urea,destabilizing,21377472.0,CD,A,7
1RGG,L91A,0.84,7.0,321.55,Urea,destabilizing,21377472.0,CD,A,90
1BU4,I61V,2.1,7.0,298.15,Urea,destabilizing,21377472.0,CD,A,60
1BU4,I90V,1.0,7.0,298.15,Urea,destabilizing,21377472.0,CD,A,89
1BU4,L86A,4.4,7.0,298.15,Urea,destabilizing,21377472.0,CD,A,85
1BU4,V78A,4.2,5.0,298.15,Urea,destabilizing,21377472.0,CD,A,77
1QQV,H41Y,-1.3,7.0,298.15,GdnHCl,stabilizing,21449557.0,CD,A,31
1QQV,K70M,-0.5,7.0,298.15,GdnHCl,stabilizing,21449557.0,CD,A,60
1H7M,E62A,1.529636711,5.4,298.15,Urea,destabilizing,21720566.0,CD,A,63
1H7M,E62A,1.505736138,5.4,308.15,Urea,destabilizing,21720566.0,CD,A,63
1H7M,E62A,1.601338432,5.4,318.15,Urea,destabilizing,21720566.0,CD,A,63
1H7M,E62A,1.792543021,5.4,328.15,Urea,destabilizing,21720566.0,CD,A,63
1H7M,E62A,2.055449331,5.4,338.15,Urea,destabilizing,21720566.0,CD,A,63
1H7M,E62A,2.103250478,5.4,348.15,Urea,destabilizing,21720566.0,CD,A,63
1H7M,E6A,1.768642447,5.4,298.15,Urea,destabilizing,21720566.0,CD,A,7
1H7M,E6A,1.744741874,5.4,308.15,Urea,destabilizing,21720566.0,CD,A,7
1H7M,E6A,1.649139579,5.4,318.15,Urea,destabilizing,21720566.0,CD,A,7
1H7M,E6A,1.792543021,5.4,328.15,Urea,destabilizing,21720566.0,CD,A,7
1H7M,E6A,1.816443595,5.4,338.15,Urea,destabilizing,21720566.0,CD,A,7
1H7M,E6A,1.553537285,5.4,348.15,Urea,destabilizing,21720566.0,CD,A,7
1H7M,E90A,0.52581262,5.4,298.15,Urea,destabilizing,21720566.0,CD,A,91
1H7M,E90A,0.549713193,5.4,308.15,Urea,destabilizing,21720566.0,CD,A,91
1H7M,E90A,0.621414914,5.4,318.15,Urea,destabilizing,21720566.0,CD,A,91
1H7M,E90A,0.430210325,5.4,328.15,Urea,destabilizing,21720566.0,CD,A,91
1H7M,E90A,0.573613767,5.4,338.15,Urea,destabilizing,21720566.0,CD,A,91
1H7M,E90A,0.26290631,5.4,348.15,Urea,destabilizing,21720566.0,CD,A,91
1H7M,K46A,1.218929254,5.4,298.15,Urea,destabilizing,21720566.0,CD,A,47
1H7M,K46A,1.266730402,5.4,308.15,Urea,destabilizing,21720566.0,CD,A,47
1H7M,K46A,1.362332696,5.4,318.15,Urea,destabilizing,21720566.0,CD,A,47
1H7M,K46A,1.577437859,5.4,328.15,Urea,destabilizing,21720566.0,CD,A,47
1H7M,K46A,1.816443595,5.4,338.15,Urea,destabilizing,21720566.0,CD,A,47
1H7M,K46A,1.816443595,5.4,348.15,Urea,destabilizing,21720566.0,CD,A,47
1H7M,K46M,0.908221797,5.4,298.15,Urea,destabilizing,21720566.0,CD,A,47
1H7M,K46M,1.051625239,5.4,308.15,Urea,destabilizing,21720566.0,CD,A,47
1H7M,K46M,0.979923518,5.4,318.15,Urea,destabilizing,21720566.0,CD,A,47
1H7M,K46M,1.075525813,5.4,328.15,Urea,destabilizing,21720566.0,CD,A,47
1H7M,K46M,1.003824092,5.4,338.15,Urea,destabilizing,21720566.0,CD,A,47
1H7M,K46M,0.8365200759999999,5.4,348.15,Urea,destabilizing,21720566.0,CD,A,47
1H7M,R92A,0.239005736,5.4,298.15,Urea,destabilizing,21720566.0,CD,A,93
1H7M,R92A,0.334608031,5.4,308.15,Urea,destabilizing,21720566.0,CD,A,93
1H7M,R92A,0.26290631,5.4,318.15,Urea,destabilizing,21720566.0,CD,A,93
1H7M,R92A,-0.0,5.4,328.15,Urea,stabilizing,21720566.0,CD,A,93
1H7M,R92A,0.382409178,5.4,338.15,Urea,destabilizing,21720566.0,CD,A,93
1H7M,R92A,0.430210325,5.4,348.15,Urea,destabilizing,21720566.0,CD,A,93
1H7M,R92M,-0.071701721,5.4,298.15,Urea,stabilizing,21720566.0,CD,A,93
1H7M,R92M,-0.095602294,5.4,308.15,Urea,stabilizing,21720566.0,CD,A,93
1H7M,R92M,-0.071701721,5.4,318.15,Urea,stabilizing,21720566.0,CD,A,93
1H7M,R92M,-0.119502868,5.4,328.15,Urea,stabilizing,21720566.0,CD,A,93
1H7M,R92M,0.143403442,5.4,338.15,Urea,destabilizing,21720566.0,CD,A,93
1H7M,R92M,0.310707457,5.4,348.15,Urea,destabilizing,21720566.0,CD,A,93
2LCP,W103F,-0.65,7.2,310.15,GdnHCl,stabilizing,22227393.0,Fluorescence,A,102
2LCP,R102Q,-0.58,7.2,310.15,GdnHCl,stabilizing,22227393.0,Fluorescence,A,101
2LCP,W30F,0.48,7.2,310.15,GdnHCl,destabilizing,22227393.0,Fluorescence,A,29
1QQV,L61G,3.31,7.0,293.15,Urea,destabilizing,22467489.0,CD,A,51
3FIL,L37N,1.266730402,7.0,298.15,GdnHCl,destabilizing,22509974.0,Fluorescence,A,35
1RTB,D83A,0.4780114720000001,8.0,337.15,Thermal,destabilizing,22594773.0,CD,A,82
1RTB,D83E,-1.935946463,8.0,337.15,Thermal,stabilizing,22594773.0,CD,A,82
1RTB,D83N,-0.095602294,8.0,337.15,Thermal,stabilizing,22594773.0,CD,A,82
1UBQ,A28W,-1.7208413,7.0,303.15,GdnHCl,stabilizing,22683996.0,Fluorescence,A,27
1UBQ,D32W,0.4780114720000001,7.0,303.15,GdnHCl,destabilizing,22683996.0,Fluorescence,A,31
1UBQ,D39W,-1.768642447,7.0,303.15,GdnHCl,stabilizing,22683996.0,Fluorescence,A,38
1UBQ,E16W,-1.45793499,7.0,303.15,GdnHCl,stabilizing,22683996.0,Fluorescence,A,15
1UBQ,E24W,-1.314531549,7.0,303.15,GdnHCl,stabilizing,22683996.0,Fluorescence,A,23
1UBQ,E51W,0.239005736,7.0,303.15,GdnHCl,destabilizing,22683996.0,Fluorescence,A,50
1UBQ,E64W,1.362332696,7.0,303.15,GdnHCl,destabilizing,22683996.0,Fluorescence,A,63
1UBQ,F45W,-0.167304015,7.0,303.15,GdnHCl,stabilizing,22683996.0,Fluorescence,A,44
1UBQ,F4W,0.047801147,7.0,303.15,GdnHCl,destabilizing,22683996.0,Fluorescence,A,3
1UBQ,G35W,2.031548757,7.0,303.15,GdnHCl,destabilizing,22683996.0,Fluorescence,A,34
1UBQ,G53W,-0.549713193,7.0,303.15,GdnHCl,stabilizing,22683996.0,Fluorescence,A,52
1UBQ,H68W,0.812619503,7.0,303.15,GdnHCl,destabilizing,22683996.0,Fluorescence,A,67
1UBQ,K48W,0.932122371,7.0,303.15,GdnHCl,destabilizing,22683996.0,Fluorescence,A,47
1UBQ,L71W,0.26290631,7.0,303.15,GdnHCl,destabilizing,22683996.0,Fluorescence,A,70
1UBQ,L73W,-0.047801147,7.0,303.15,GdnHCl,stabilizing,22683996.0,Fluorescence,A,72
1UBQ,L8W,1.027724665,7.0,303.15,GdnHCl,destabilizing,22683996.0,Fluorescence,A,7
1UBQ,M1W,-2.103250478,7.0,303.15,GdnHCl,stabilizing,22683996.0,Fluorescence,A,0
1UBQ,N60W,0.717017208,7.0,303.15,GdnHCl,destabilizing,22683996.0,Fluorescence,A,59
1UBQ,Q62W,-0.382409178,7.0,303.15,GdnHCl,stabilizing,22683996.0,Fluorescence,A,61
1UBQ,R42W,-0.286806883,7.0,303.15,GdnHCl,stabilizing,22683996.0,Fluorescence,A,41
1UBQ,R54W,-1.051625239,7.0,303.15,GdnHCl,stabilizing,22683996.0,Fluorescence,A,53
1UBQ,S20W,1.195028681,7.0,303.15,GdnHCl,destabilizing,22683996.0,Fluorescence,A,19
1UBQ,S57W,0.023900574,7.0,303.15,GdnHCl,destabilizing,22683996.0,Fluorescence,A,56
1UBQ,T12W,-0.382409178,7.0,303.15,GdnHCl,stabilizing,22683996.0,Fluorescence,A,11
1UBQ,T66W,0.239005736,7.0,303.15,GdnHCl,destabilizing,22683996.0,Fluorescence,A,65
1UBQ,V70W,-0.023900574,7.0,303.15,GdnHCl,stabilizing,22683996.0,Fluorescence,A,69
1UBQ,Y59W,0.573613767,7.0,303.15,GdnHCl,destabilizing,22683996.0,Fluorescence,A,58
3G1G,D155Y,-0.34,7.0,298.15,GdnHCl,stabilizing,23011855.0,"CD, Fluorescence",A,4
3G1G,F167Y,0.74,7.0,298.15,GdnHCl,destabilizing,23011855.0,"CD, Fluorescence",A,16
3G1G,R185W,-1.32,7.0,298.15,GdnHCl,stabilizing,23011855.0,"CD, Fluorescence",A,34
3G1G,I190V,0.17,7.0,298.15,GdnHCl,destabilizing,23011855.0,"CD, Fluorescence",A,39
1BTL,E48L,-0.08,7.0,308.15,Thermal,stabilizing,23017428.0,CD,A,22
1BTL,G78A,-0.39,7.0,308.15,Thermal,stabilizing,23017428.0,CD,A,52
1BTL,S82H,-0.58,7.0,308.15,Thermal,stabilizing,23017428.0,CD,A,56
1BTL,F60Y,-0.68,7.0,308.15,Thermal,stabilizing,23017428.0,CD,A,34
1BTL,G92D,-1.09,7.0,308.15,Thermal,stabilizing,23017428.0,CD,A,66
1K9Q,D34T,-0.46,7.0,323.15,Thermal,stabilizing,23035249.0,CD,A,29
1K9Q,I33R,0.1,7.0,323.15,Thermal,destabilizing,23035249.0,CD,A,28
1K9Q,L30I,-0.87,7.0,323.15,Thermal,stabilizing,23035249.0,CD,A,25
1K9Q,Q35K,-0.23,7.0,323.15,Thermal,stabilizing,23035249.0,CD,A,30
1K9Q,T36R,0.31,7.0,323.15,Thermal,destabilizing,23035249.0,CD,A,31
1J8I,R9A,0.1,6.0,298.15,Urea,destabilizing,23102260.0,Fluorescence,A,8
1J8I,R23A,-0.8,6.0,298.15,Urea,stabilizing,23102260.0,Fluorescence,A,22
1J8I,K25A,-0.1,6.0,298.15,Urea,stabilizing,23102260.0,Fluorescence,A,24
1J8I,R35A,0.1,6.0,298.15,Urea,destabilizing,23102260.0,Fluorescence,A,34
1J8I,R43A,-0.7,6.0,298.15,Urea,stabilizing,23102260.0,Fluorescence,A,42
1J8I,K66A,-0.1,6.0,298.15,Urea,stabilizing,23102260.0,Fluorescence,A,65
1BKS,C81N,2.42,7.8,298.15,Urea,destabilizing,23293932.0,CD,A,80
1BKS,L176N,7.41,7.8,298.15,Urea,destabilizing,23293932.0,CD,A,175
1BKS,L50N,6.28,7.8,298.15,Urea,destabilizing,23293932.0,CD,A,49
1BKS,L99N,4.15,7.8,298.15,Urea,destabilizing,23293932.0,CD,A,98
1RTB,S21P,0.7887189290000001,8.0,323.15,GdnHCl,destabilizing,23395613.0,CD,A,20
1XWS,Y53H,3.3,7.5,283.15,Urea,destabilizing,23755147.0,CD,A,20
1XWS,E124Q,2.9,7.5,283.15,Urea,destabilizing,23755147.0,CD,A,91
1XWS,E135K,4.59,7.5,283.15,Urea,destabilizing,23755147.0,CD,A,102
1XWS,E142D,3.22,7.5,283.15,Urea,destabilizing,23755147.0,CD,A,109
2PR5,H22K,-0.3,7.9,298.15,Thermal,stabilizing,23861663.0,Fluorescence,A,1
2PR5,H22W,-1.2,7.9,298.15,Thermal,destabilizing,23861663.0,Fluorescence,A,1
2PR5,V25I,-0.4,7.9,298.15,Thermal,stabilizing,23861663.0,Fluorescence,A,4
2PR5,T30M,-0.5,7.9,298.15,Thermal,stabilizing,23861663.0,Fluorescence,A,9
2PR5,A33Y,-0.5,7.9,298.15,Thermal,destabilizing,23861663.0,Fluorescence,A,12
2PR5,T50M,0.5,7.9,298.15,Thermal,destabilizing,23861663.0,Fluorescence,A,29
2PR5,T54Y,-0.2,7.9,298.15,Thermal,stabilizing,23861663.0,Fluorescence,A,33
2PR5,A81M,0.4,7.9,298.15,Thermal,destabilizing,23861663.0,Fluorescence,A,60
2PR5,V88L,0.2,7.9,298.15,Thermal,destabilizing,23861663.0,Fluorescence,A,67
2PR5,V90I,0.7,7.9,298.15,Thermal,destabilizing,23861663.0,Fluorescence,A,69
2PR5,N107F,-0.9,7.9,298.15,Thermal,stabilizing,23861663.0,Fluorescence,A,86
2PR5,N107Y,-0.8,7.9,298.15,Thermal,stabilizing,23861663.0,Fluorescence,A,86
2PR5,D109E,-0.3,7.9,298.15,Thermal,stabilizing,23861663.0,Fluorescence,A,88
2PR5,M111F,-2.9,7.9,298.15,Thermal,stabilizing,23861663.0,Fluorescence,A,90
2PR5,V120I,-1.4,7.9,298.15,Thermal,stabilizing,23861663.0,Fluorescence,A,99
2PR5,N124F,-1.1,7.9,298.15,Thermal,stabilizing,23861663.0,Fluorescence,A,103
2PR5,N124Y,-2.6,7.9,298.15,Thermal,stabilizing,23861663.0,Fluorescence,A,103
1QM0,V209M,-2.700764818,7.0,298.15,GdnHCl,stabilizing,23871665.0,Fluorescence,A,84
1QLP,A70G,-1.39,6.5,327.15,Urea,stabilizing,24090883.0,Fluorescence,A,47
1QLP,F51C,-3.6,6.5,327.15,Urea,stabilizing,24090883.0,Fluorescence,A,28
1QLP,F51L,-1.76,6.5,327.15,Urea,stabilizing,24090883.0,Fluorescence,A,28
1QLP,M358V,-0.63,6.5,327.15,Urea,stabilizing,24090883.0,Fluorescence,A,335
1QLP,M374I,-1.26,6.5,327.15,Urea,stabilizing,24090883.0,Fluorescence,A,351
3DVI,H92D,0.6,7.4,277.15,Urea,destabilizing,24157440.0,"CD, Fluorescence",A,92
3DVI,P101Q,0.1,7.4,277.15,Urea,destabilizing,24157440.0,"CD, Fluorescence",A,101
3DVI,I34N,-2.2,7.4,277.15,Urea,stabilizing,24157440.0,"CD, Fluorescence",A,34
2MMX,F2S,1.9,7.4,298.15,GndHCl,destabilizing,24321098.0,Fluorescence,A,1
2MMX,F2A,1.9,7.4,298.15,GndHCl,destabilizing,24321098.0,Fluorescence,A,1
2MMX,F2L,1.2,7.4,298.15,GndHCl,destabilizing,24321098.0,Fluorescence,A,1
2MMX,F2P,2.5,7.4,298.15,GndHCl,destabilizing,24321098.0,Fluorescence,A,1
2MMX,F2W,1.3,7.4,298.15,GndHCl,destabilizing,24321098.0,Fluorescence,A,1
2C9Q,Y79F,0.011950287,7.4,308.15,GdnHCl,destabilizing,24327203.0,"CD,Fluorescence",A,78
2C9Q,Y79W,1.233269598,7.4,308.15,GdnHCl,destabilizing,24327203.0,"CD,Fluorescence",A,78
3O39,L32P,3.25,7.4,298.15,Thermal,destabilizing,24497545.0,CD,A,3
3O39,Q49L,0.05,7.4,298.15,Thermal,destabilizing,24497545.0,CD,A,20
3O39,H96L,0.58,7.4,298.15,Thermal,destabilizing,24497545.0,CD,A,67
3O39,Q100L,2.0,7.4,298.15,Thermal,destabilizing,24497545.0,CD,A,71
3O39,F115L,1.64,7.4,298.15,Thermal,destabilizing,24497545.0,CD,A,86
3O39,F115I,1.81,7.4,298.15,Thermal,destabilizing,24497545.0,CD,A,86
1FT8,L212V,1.38,7.0,298.15,Urea,destabilizing,24535093.0,fluorescence,A,91
1FT8,M216L,-0.27,7.0,298.15,Urea,stabilizing,24535093.0,fluorescence,A,95
1FT8,L238I,0.35,7.0,298.15,Urea,destabilizing,24535093.0,fluorescence,A,117
1FT8,I264V,0.64,7.0,298.15,Urea,destabilizing,24535093.0,fluorescence,A,143
1FT8,L267I,0.11,7.0,298.15,Urea,destabilizing,24535093.0,fluorescence,A,146
1FT8,V287A,0.16,7.0,298.15,Urea,destabilizing,24535093.0,fluorescence,A,166
1FT8,L293I,0.8,7.0,298.15,Urea,destabilizing,24535093.0,fluorescence,A,172
1FT8,L293V,1.41,7.0,298.15,Urea,destabilizing,24535093.0,fluorescence,A,172
1FT8,L315A,1.65,7.0,298.15,Urea,destabilizing,24535093.0,fluorescence,A,194
1FT8,L317I,0.85,7.0,298.15,Urea,destabilizing,24535093.0,fluorescence,A,196
1FT8,S339A,-0.32,7.0,298.15,Urea,stabilizing,24535093.0,fluorescence,A,218
1FT8,L348I,0.53,7.0,298.15,Urea,destabilizing,24535093.0,fluorescence,A,227
1FT8,L349I,-0.05,7.0,298.15,Urea,stabilizing,24535093.0,fluorescence,A,228
1RGG,N20A,-0.0,7.0,321.55,Urea,stabilizing,24591301.0,CD,A,19
1RGG,S24A,0.2,7.0,321.55,Urea,destabilizing,24591301.0,CD,A,23
1RGG,S31A,-0.4,7.0,321.55,Urea,stabilizing,24591301.0,CD,A,30
1RGG,S3A,0.3,7.0,321.55,Urea,destabilizing,24591301.0,CD,A,2
1RGG,S42A,-0.1,7.0,321.55,Urea,stabilizing,24591301.0,CD,A,41
1RGG,S48A,-0.5,7.0,321.55,Urea,stabilizing,24591301.0,CD,A,47
1RGG,S90A,-0.2,7.0,321.55,Urea,stabilizing,24591301.0,CD,A,89
1RGG,S9A,1.3,7.0,321.55,Urea,destabilizing,24591301.0,CD,A,8
1RGG,T95A,0.6,7.0,321.55,Urea,destabilizing,24591301.0,CD,A,94
1BU4,T93V,1.1,7.0,298.15,Urea,destabilizing,24591301.0,CD,A,92
1BU4,T91A,3.3,7.0,298.15,Urea,destabilizing,24591301.0,CD,A,90
1BU4,T91V,3.65,7.0,298.15,Urea,destabilizing,24591301.0,CD,A,90
1QQV,S43A,0.8,7.0,340.15,Urea,destabilizing,24591301.0,CD,A,33
1QQV,T54V,1.1,7.0,340.15,Urea,destabilizing,24591301.0,CD,A,44
1HK0,C41T,1.8,3.0,298.15,Urea,destabilizing,24722670.0,Fluorescence,X,40
1HK0,H22T,-1.4,3.0,298.15,Urea,stabilizing,24722670.0,Fluorescence,X,21
1HK0,L53E,-0.7,3.0,298.15,Urea,stabilizing,24722670.0,Fluorescence,X,52
1HK0,M69F,-1.5,3.0,298.15,Urea,stabilizing,24722670.0,Fluorescence,X,68
1HK0,M69Q,-1.2,3.0,298.15,Urea,stabilizing,24722670.0,Fluorescence,X,68
1HK0,M69W,-0.5,3.0,298.15,Urea,stabilizing,24722670.0,Fluorescence,X,68
1HK0,S130H,1.5,3.0,298.15,Urea,destabilizing,24722670.0,Fluorescence,X,128
1HK0,S130P,0.5,3.0,298.15,Urea,destabilizing,24722670.0,Fluorescence,X,128
1HK0,S130T,1.2,3.0,298.15,Urea,destabilizing,24722670.0,Fluorescence,X,128
5NP8,I47N,3.3,7.4,298.15,Thermal,destabilizing,24838780.0,CD,A,42
5NP8,L89P,4.2,7.4,298.15,Thermal,destabilizing,24838780.0,CD,A,84
5NP8,C316R,5.9,7.4,298.15,Thermal,destabilizing,24838780.0,CD,A,311
5NP8,S320N,5.7,7.4,298.15,Thermal,destabilizing,24838780.0,CD,A,315
5NP8,A354P,4.9,7.4,298.15,Thermal,destabilizing,24838780.0,CD,A,349
3K82,E334L,3.35,7.5,,Thermal,destabilizing,24845085.0,DSC,A,28
3K82,E334Q,1.68,7.5,,Thermal,destabilizing,24845085.0,DSC,A,28
3K82,E401R,-5.49,7.5,,Thermal,stabilizing,24845085.0,DSC,A,95
2KJ3,G278A,0.4,7.0,298.15,GdnHCl,destabilizing,24945274.0,Fluorescence,A,61
2KJ3,V267A,-0.0,7.0,298.15,GdnHCl,stabilizing,24945274.0,Fluorescence,A,50
2KJ3,V239A,-1.0,7.0,298.15,GdnHCl,stabilizing,24945274.0,Fluorescence,A,22
2KJ3,L241A,-1.0,7.0,298.15,GdnHCl,stabilizing,24945274.0,Fluorescence,A,24
2KJ3,V264A,-1.1,7.0,298.15,GdnHCl,stabilizing,24945274.0,Fluorescence,A,47
2KJ3,D288A,-1.2,7.0,298.15,GdnHCl,stabilizing,24945274.0,Fluorescence,A,71
2KJ3,S273A,-1.4,7.0,298.15,GdnHCl,stabilizing,24945274.0,Fluorescence,A,56
2KJ3,K229A,-1.5,7.0,298.15,GdnHCl,stabilizing,24945274.0,Fluorescence,A,12
2KJ3,E272A,-1.9,7.0,298.15,GdnHCl,stabilizing,24945274.0,Fluorescence,A,55
2K3K,Y10F,-1.4,7.0,295.15,"GdnHCl, Urea",stabilizing,24988355.0,"CD, Fluorescence",A,9
2K3K,F53Y,-0.5,7.0,295.15,"GdnHCl, Urea",stabilizing,24988355.0,"CD, Fluorescence",A,52
2MPC,R42W,-2.08,7.5,298.15,Urea,stabilizing,25006247.0,CD,A,38
2MPC,A89T,0.24,7.5,298.15,Urea,destabilizing,25006247.0,CD,A,85
2MPC,R42A,-0.62,7.5,298.15,Urea,stabilizing,25006247.0,CD,A,38
1FH5,I3E,2.868068834,7.4,298.15,GdnHCl,destabilizing,25096580.0,CD,L,1
1FH5,T103S,0.956022945,7.4,298.15,GdnHCl,destabilizing,25096580.0,CD,L,101
1OPG,E2I,-0.669216061,7.4,298.15,GdnHCl,stabilizing,25096580.0,CD,L,1
1OPG,S102T,-0.717017208,7.4,298.15,GdnHCl,stabilizing,25096580.0,CD,L,101
2JOF,P19A,2.820267686,7.0,300.15,Thermal,destabilizing,25184759.0,CD,A,18
2JOF,S14A,1.434034417,7.0,300.15,Thermal,destabilizing,25184759.0,CD,A,13
2JOF,P17A,0.6453154879999999,7.0,300.15,Thermal,destabilizing,25184759.0,CD,A,16
2JOF,P18A,0.239005736,7.0,300.15,Thermal,destabilizing,25184759.0,CD,A,17
2JOF,S14A,1.290630975,7.0,320.15,Thermal,destabilizing,25184759.0,CD,A,13
2JOF,P17A,0.5019120460000001,7.0,320.15,Thermal,destabilizing,25184759.0,CD,A,16
2JOF,P18A,0.358508604,7.0,320.15,Thermal,destabilizing,25184759.0,CD,A,17
5T43,C153S,2.6,7.3,298.15,Urea,destabilizing,25223802.0,CD,A,152
1RX4,L112V,1.7,8.0,298.15,Urea,destabilizing,25252157.0,CD,A,111
1RX4,I61A,1.6,8.0,298.15,Urea,destabilizing,25252157.0,CD,A,60
1RX4,I91A,0.6,8.0,298.15,Urea,destabilizing,25252157.0,CD,A,90
1RX4,L110V,1.0,8.0,298.15,Urea,destabilizing,25252157.0,CD,A,109
1RX4,L156A,2.9,8.0,298.15,Urea,destabilizing,25252157.0,CD,A,155
1RX4,L4A,3.7,8.0,298.15,Urea,destabilizing,25252157.0,CD,A,3
1RX4,L8A,2.1,8.0,298.15,Urea,destabilizing,25252157.0,CD,A,7
1RX4,V136A,0.9,8.0,298.15,Urea,destabilizing,25252157.0,CD,A,135
2AFG,C117A,-0.430210325,7.5,298.15,GdnHCl,stabilizing,25312595.0,Fluorescence,A,107
2AFG,C117S,0.239005736,7.5,298.15,GdnHCl,destabilizing,25312595.0,Fluorescence,A,107
2AFG,C117T,0.310707457,7.5,298.15,GdnHCl,destabilizing,25312595.0,Fluorescence,A,107
2AFG,C117V,-0.0,7.5,298.15,GdnHCl,stabilizing,25312595.0,Fluorescence,A,107
1DXX,K18N,3.7,7.0,298.15,Urea,destabilizing,25340340.0,Fluorescence,A,9
1AG2,E196K,0.191204589,4.0,332.95,Thermal,destabilizing,25416551.0,CD,A,72
1AG2,E196K,0.430210325,5.5,339.85,Thermal,destabilizing,25416551.0,CD,A,72
1AG2,E196K,0.26290631,7.0,339.45,Thermal,destabilizing,25416551.0,CD,A,72
1AG2,F198H,0.8365200759999999,4.0,332.95,Thermal,destabilizing,25416551.0,CD,A,74
1AG2,F198H,1.792543021,5.5,339.85,Thermal,destabilizing,25416551.0,CD,A,74
1AG2,F198H,1.888145315,7.0,339.45,Thermal,destabilizing,25416551.0,CD,A,74
1AG2,H187R,-0.167304015,4.0,332.95,Thermal,stabilizing,25416551.0,CD,A,63
1AG2,H187R,0.740917782,5.5,339.85,Thermal,destabilizing,25416551.0,CD,A,63
1AG2,H187R,0.7648183559999999,7.0,339.45,Thermal,destabilizing,25416551.0,CD,A,63
1AG2,H187Y,-1.003824092,4.0,332.95,Thermal,stabilizing,25416551.0,CD,A,63
1AG2,H187Y,-0.7887189290000001,5.5,339.85,Thermal,stabilizing,25416551.0,CD,A,63
1AG2,H187Y,-0.6453154879999999,7.0,339.45,Thermal,stabilizing,25416551.0,CD,A,63
1AG2,Y155H,-0.0,4.0,332.95,Thermal,stabilizing,25416551.0,CD,A,31
1AG2,Y155H,-0.239005736,5.5,339.85,Thermal,stabilizing,25416551.0,CD,A,31
1AG2,Y155H,-0.4780114720000001,7.0,339.45,Thermal,stabilizing,25416551.0,CD,A,31
2TRX,L94A,0.7,7.0,298.15,GdnHCl,destabilizing,25463044.0,"CD, Fluorescence",A,93
2TRX,L99A,2.3,7.0,298.15,GdnHCl,destabilizing,25463044.0,"CD, Fluorescence",A,98
2TRX,E101G,0.9,7.0,298.15,GdnHCl,destabilizing,25463044.0,"CD, Fluorescence",A,100
2TRX,F102A,3.0,7.0,298.15,GdnHCl,destabilizing,25463044.0,"CD, Fluorescence",A,101
2TRX,L103A,3.9,7.0,298.15,GdnHCl,destabilizing,25463044.0,"CD, Fluorescence",A,102
2TRX,N106A,0.3,7.0,298.15,GdnHCl,destabilizing,25463044.0,"CD, Fluorescence",A,105
2TRX,L107A,2.3,7.0,298.15,GdnHCl,destabilizing,25463044.0,"CD, Fluorescence",A,106
1FTG,E20K,-1.47,7.0,298.15,Urea,stabilizing,25774740.0,Fluorescence,A,18
1FTG,E72K,-1.21,7.0,298.15,Urea,stabilizing,25774740.0,Fluorescence,A,70
1FTG,A142V,-0.56,7.0,298.15,Urea,stabilizing,25774740.0,Fluorescence,A,140
1FTG,D100N,0.06,7.0,298.15,Urea,destabilizing,25774740.0,Fluorescence,A,98
1FTG,D126K,-0.93,7.0,298.15,Urea,stabilizing,25774740.0,Fluorescence,A,124
1FTG,E61K,-0.83,7.0,298.15,Urea,stabilizing,25774740.0,Fluorescence,A,59
1FTG,I59A,-1.05,7.0,298.15,Urea,stabilizing,25774740.0,Fluorescence,A,57
1FTG,I92A,1.39,7.0,298.15,Urea,destabilizing,25774740.0,Fluorescence,A,90
1NMV,W11L,-1.0,7.0,298.15,GdnHCl,destabilizing,25837727.0,CD,A,10
1NMV,W34L,1.19,7.0,298.15,GdnHCl,destabilizing,25837727.0,CD,A,33
1NMV,W73L,0.478,7.0,298.15,GdnHCl,destabilizing,25837727.0,CD,A,72
4Q0M,W301F,-0.95124283,8.0,333.15,GdnCl.,stabilizing,25862541.0,Fluorescence,A,301
4Q0M,W60F,0.910611855,8.0,333.15,GdnCl.,destabilizing,25862541.0,Fluorescence,A,60
1PFL,C70G,5.15,7.0,298.15,Thermal,destabilizing,26056300.0,Fluorescence,A,69
1PFL,M113T,3.53,7.0,298.15,Thermal,destabilizing,26056300.0,Fluorescence,A,112
1PFL,E116G,0.14,7.0,298.15,Thermal,destabilizing,26056300.0,Fluorescence,A,115
1PFL,G117V,3.34,7.0,298.15,Thermal,destabilizing,26056300.0,Fluorescence,A,116
2WQG,Y5F,2.4,6.0,322.15,Urea,destabilizing,26073259.0,"CD, Fluorescence",A,4
2WQG,S6A,-0.1,6.0,322.15,Urea,stabilizing,26073259.0,"CD, Fluorescence",A,5
2WQG,S6G,0.2,6.0,322.15,Urea,destabilizing,26073259.0,"CD, Fluorescence",A,5
2WQG,L8A,2.0,6.0,322.15,Urea,destabilizing,26073259.0,"CD, Fluorescence",A,7
2WQG,T9S,-0.1,6.0,322.15,Urea,stabilizing,26073259.0,"CD, Fluorescence",A,8
2WQG,V10A,0.1,6.0,322.15,Urea,destabilizing,26073259.0,"CD, Fluorescence",A,9
2WQG,V10G,0.7,6.0,322.15,Urea,destabilizing,26073259.0,"CD, Fluorescence",A,9
2WQG,V11A,-0.4,6.0,322.15,Urea,stabilizing,26073259.0,"CD, Fluorescence",A,10
2WQG,V11G,-0.1,6.0,322.15,Urea,stabilizing,26073259.0,"CD, Fluorescence",A,10
2WQG,Q12A,0.6,6.0,322.15,Urea,destabilizing,26073259.0,"CD, Fluorescence",A,11
2WQG,Q12G,2.0,6.0,322.15,Urea,destabilizing,26073259.0,"CD, Fluorescence",A,11
2WQG,L13A,0.5,6.0,322.15,Urea,destabilizing,26073259.0,"CD, Fluorescence",A,12
2WQG,K14A,0.4,6.0,322.15,Urea,destabilizing,26073259.0,"CD, Fluorescence",A,13
2WQG,K14G,1.9,6.0,322.15,Urea,destabilizing,26073259.0,"CD, Fluorescence",A,13
2WQG,D15A,-0.3,6.0,322.15,Urea,stabilizing,26073259.0,"CD, Fluorescence",A,14
2WQG,L16A,1.3,6.0,322.15,Urea,destabilizing,26073259.0,"CD, Fluorescence",A,15
2WQG,K19A,0.3,6.0,322.15,Urea,destabilizing,26073259.0,"CD, Fluorescence",A,18
2WQG,S23A,0.6,6.0,322.15,Urea,destabilizing,26073259.0,"CD, Fluorescence",A,22
2WQG,V24A,0.5,6.0,322.15,Urea,destabilizing,26073259.0,"CD, Fluorescence",A,23
2WQG,K28A,0.6,6.0,322.15,Urea,destabilizing,26073259.0,"CD, Fluorescence",A,27
2WQG,Q33A,-0.1,6.0,322.15,Urea,stabilizing,26073259.0,"CD, Fluorescence",A,32
2WQG,R34A,0.8,6.0,322.15,Urea,destabilizing,26073259.0,"CD, Fluorescence",A,33
2WQG,I36A,0.9,6.0,322.15,Urea,destabilizing,26073259.0,"CD, Fluorescence",A,35
2WQG,I36V,0.3,6.0,322.15,Urea,destabilizing,26073259.0,"CD, Fluorescence",A,35
2WQG,D38A,-0.1,6.0,322.15,Urea,stabilizing,26073259.0,"CD, Fluorescence",A,37
2WQG,D39A,2.2,6.0,322.15,Urea,destabilizing,26073259.0,"CD, Fluorescence",A,38
2WQG,D39N,2.6,6.0,322.15,Urea,destabilizing,26073259.0,"CD, Fluorescence",A,38
2WQG,E40Q,0.1,6.0,322.15,Urea,destabilizing,26073259.0,"CD, Fluorescence",A,39
2WQG,E41G,0.4,6.0,322.15,Urea,destabilizing,26073259.0,"CD, Fluorescence",A,40
1PFL,E116G,-0.154,7.4,298.15,Urea,stabilizing,26226631.0,CD,A,115
1PFL,M113T,2.52,7.4,298.15,Urea,destabilizing,26226631.0,CD,A,112
1PFL,G117V,1.96,7.4,298.15,Urea,destabilizing,26226631.0,CD,A,116
1PFL,C70G,0.59,7.4,298.15,Urea,destabilizing,26226631.0,CD,A,69
3DVF,Q96Y,1.06,7.0,277.15,"Urea,Thermal",destabilizing,26300552.0,"CD, Fluorescence",A,95
3DVF,R65S,0.12,7.0,277.15,"Urea,Thermal",destabilizing,26300552.0,"CD, Fluorescence",A,64
3DVF,H70D,1.45,7.0,277.15,"Urea,Thermal",destabilizing,26300552.0,"CD, Fluorescence",A,69
3DVF,H32Y,2.54,7.0,277.15,"Urea,Thermal",destabilizing,26300552.0,"CD, Fluorescence",A,31
2NTE,R658C,2.3,7.5,283.15,GdnHCl,destabilizing,26307947.0,Fluorescence,A,90
2NTE,I738V,2.0,7.5,283.15,GdnHCl,destabilizing,26307947.0,Fluorescence,A,170
3C2I,T158M,0.25,7.5,298.15,Urea,destabilizing,26418480.0,CD,A,67
3C2I,R133C,0.365,7.5,298.15,Urea,destabilizing,26418480.0,CD,A,42
3C2I,R106W,0.04,7.5,298.15,Urea,destabilizing,26418480.0,CD,A,15
3C2I,P152R,1.46,7.5,298.15,Urea,destabilizing,26418480.0,CD,A,61
3C2I,S134C,1.045,7.5,298.15,Urea,destabilizing,26418480.0,CD,A,43
3C2I,R106Q,0.12,7.5,298.15,Urea,destabilizing,26418480.0,CD,A,15
3C2I,D156E,0.875,7.5,298.15,Urea,destabilizing,26418480.0,CD,A,65
3C2I,R133H,0.235,7.5,298.15,Urea,destabilizing,26418480.0,CD,A,42
3C2I,L100V,1.105,7.5,298.15,Urea,destabilizing,26418480.0,CD,A,9
3C2I,F155S,0.43,7.5,298.15,Urea,destabilizing,26418480.0,CD,A,64
3C2I,T158A,0.47,7.5,298.15,Urea,destabilizing,26418480.0,CD,A,67
3C2I,R111G,-0.425,7.5,298.15,Urea,stabilizing,26418480.0,CD,A,20
2EWN,G196A,-0.4,7.5,293.15,Unavailable,stabilizing,26678378.0,ITC,A,193
2EWN,E140A,0.2,7.5,293.15,Unavailable,destabilizing,26678378.0,ITC,A,137
2EWN,G281A,0.2,7.5,293.15,Unavailable,destabilizing,26678378.0,ITC,A,278
2EWN,P143A,0.3,7.5,293.15,Unavailable,destabilizing,26678378.0,ITC,A,140
2EWN,D197A,0.3,7.5,293.15,Unavailable,destabilizing,26678378.0,ITC,A,194
2EWN,I280A,0.3,7.5,293.15,Unavailable,destabilizing,26678378.0,ITC,A,277
2EWN,K283A,0.3,7.5,293.15,Unavailable,destabilizing,26678378.0,ITC,A,280
2EWN,T195A,0.4,7.5,293.15,Unavailable,destabilizing,26678378.0,ITC,A,192
2EWN,G142A,2.95,7.5,293.15,Unavailable,destabilizing,26678378.0,ITC,A,139
2RPN,E7L,-1.05,8.0,303.15,GuHCI,stabilizing,26745729.0,"CD, Fluorescence",A,6
2RPN,V21K,-0.39,8.0,303.15,GuHCI,stabilizing,26745729.0,"CD, Fluorescence",A,20
5CG0,L100A,-0.81,6.0,,Thermal,stabilizing,26785700.0,CD,A,78
5CG0,L350A,0.7,6.0,,Thermal,destabilizing,26785700.0,CD,A,328
5CG0,L389A,-0.67,6.0,,Thermal,stabilizing,26785700.0,CD,A,367
5CG0,Y390A,0.34,6.0,,Thermal,destabilizing,26785700.0,CD,A,368
5CG0,N391A,23.21,6.0,,Thermal,destabilizing,26785700.0,CD,A,369
5CG0,S247A,0.05,6.0,,Thermal,destabilizing,26785700.0,CD,A,225
5CG0,N249A,0.94,6.0,,Thermal,destabilizing,26785700.0,CD,A,227
5CG0,F251A,0.67,6.0,,Thermal,destabilizing,26785700.0,CD,A,229
5CG0,F334A,1.11,6.0,,Thermal,destabilizing,26785700.0,CD,A,312
5CG0,S358A,0.63,6.0,,Thermal,destabilizing,26785700.0,CD,A,336
5CG0,K366A,1.25,6.0,,Thermal,destabilizing,26785700.0,CD,A,344
5CG0,Y420A,1.42,6.0,,Thermal,destabilizing,26785700.0,CD,A,398
5CG0,D260A,0.67,6.0,,Thermal,destabilizing,26785700.0,CD,A,238
5CG0,E261A,-0.53,6.0,,Thermal,destabilizing,26785700.0,CD,A,239
5CG0,M262F,-0.53,6.0,,Thermal,destabilizing,26785700.0,CD,A,240
5CG0,A263F,0.43,6.0,,Thermal,destabilizing,26785700.0,CD,A,241
5CG0,E265A,-0.43,6.0,,Thermal,destabilizing,26785700.0,CD,A,243
5CG0,L335A,0.84,6.0,,Thermal,destabilizing,26785700.0,CD,A,313
5CG0,V336F,2.14,6.0,,Thermal,destabilizing,26785700.0,CD,A,314
5CG0,S337F,0.75,6.0,,Thermal,destabilizing,26785700.0,CD,A,315
5VP3,R39K,-0.413479924,8.0,298.15,Urea,stabilizing,26803749.0,Fluorescence,A,38
5VP3,S128G,0.377629063,8.0,298.15,Urea,destabilizing,26803749.0,Fluorescence,A,127
5VP3,V183T,-0.353728489,8.0,298.15,Urea,stabilizing,26803749.0,Fluorescence,A,182
1FH5,D71N,0.145,7.0,298.15,GdnHCl,destabilizing,26827727.0,CD,L,69
1FH5,G58E,1.27,7.0,298.15,GdnHCl,destabilizing,26827727.0,CD,L,56
1FH5,S21N,-0.6,7.0,298.15,GdnHCl,stabilizing,26827727.0,CD,L,19
4GWT,K6M,-0.0846177,7.0,313.15,Thermal,stabilizing,26880334.0,Fluorescence,A,0
4GWT,K13V,-0.219836,7.0,313.15,Thermal,stabilizing,26880334.0,Fluorescence,A,7
4GWT,K13Y,0.667734,7.0,313.15,Thermal,destabilizing,26880334.0,Fluorescence,A,7
4GWT,R14L,0.916212,7.0,313.15,Thermal,destabilizing,26880334.0,Fluorescence,A,8
4GWT,R21H,0.7392340000000001,7.0,313.15,Thermal,destabilizing,26880334.0,Fluorescence,A,15
4GWT,S38T,0.128027,7.0,313.15,Thermal,destabilizing,26880334.0,Fluorescence,A,32
1XXN,N32D,0.8598459999999999,6.5,328.15,Thermal,destabilizing,26955749.0,CD,A,31
1XXN,S27E,0.644884,6.5,328.15,Thermal,destabilizing,26955749.0,CD,A,26
1XXN,N54E,0.644884,6.5,328.15,Thermal,destabilizing,26955749.0,CD,A,53
1XXN,S22E,-0.238846,6.5,328.15,Thermal,stabilizing,26955749.0,CD,A,21
1XXN,N181R,-0.358269,6.5,328.15,Thermal,stabilizing,26955749.0,CD,A,180
2M5S,D302A,4.0,7.6,293.15,Urea,destabilizing,27006399.0,CD,A,80
2M5S,H305A,2.0,7.6,293.15,Urea,destabilizing,27006399.0,CD,A,83
1PFL,Q138L,-1.82,7.4,298.15,Urea,stabilizing,27101547.0,CD,A,137
1PFL,A20T,1.53,7.4,298.15,Urea,destabilizing,27101547.0,CD,A,19
1PFL,T108M,-0.07,7.4,298.15,Urea,stabilizing,27101547.0,CD,A,107
1G6P,L40A,3.874282983,7.4,296.15,GdnHCl,destabilizing,27338140.0,Fluorescence,A,39
1G6P,V62A,2.908699809,7.4,296.15,GdnHCl,destabilizing,27338140.0,Fluorescence,A,61
1FKJ,D32N,-0.08,6.5,294.65,Urea,stabilizing,27381026.0,"CD, Fluorescence",A,31
1FKJ,D37S,0.44,6.5,294.65,Urea,destabilizing,27381026.0,"CD, Fluorescence",A,36
1FKJ,E31Q,-0.03,6.5,294.65,Urea,stabilizing,27381026.0,"CD, Fluorescence",A,30
1FKJ,H94N,-0.66,6.5,294.65,Urea,stabilizing,27381026.0,"CD, Fluorescence",A,93
1FKJ,K105N,-0.14,6.5,294.65,Urea,stabilizing,27381026.0,"CD, Fluorescence",A,104
1FKJ,K17D,1.91,6.5,294.65,Urea,destabilizing,27381026.0,"CD, Fluorescence",A,16
1FKJ,K44E,-0.13,6.5,294.65,Urea,stabilizing,27381026.0,"CD, Fluorescence",A,43
1FKJ,M49R,-0.14,6.5,294.65,Urea,stabilizing,27381026.0,"CD, Fluorescence",A,48
1FKJ,Q3E,0.34,6.5,294.65,Urea,destabilizing,27381026.0,"CD, Fluorescence",A,2
1FKJ,Q70D,2.67,6.5,294.65,Urea,destabilizing,27381026.0,"CD, Fluorescence",A,69
1FKJ,R18K,-0.2,6.5,294.65,Urea,stabilizing,27381026.0,"CD, Fluorescence",A,17
1FKJ,R42A,0.64,6.5,294.65,Urea,destabilizing,27381026.0,"CD, Fluorescence",A,41
1FKJ,R57K,0.3,6.5,294.65,Urea,destabilizing,27381026.0,"CD, Fluorescence",A,56
1FKJ,S67E,1.55,6.5,294.65,Urea,destabilizing,27381026.0,"CD, Fluorescence",A,66
1FKJ,T21K,1.27,6.5,294.65,Urea,destabilizing,27381026.0,"CD, Fluorescence",A,20
1FKJ,T96D,2.92,6.5,294.65,Urea,destabilizing,27381026.0,"CD, Fluorescence",A,95
1X0J,D160N,4.1,7.5,283.15,Urea,destabilizing,27403962.0,"CD, Fluorescence",A,87
1X0J,D160Y,4.02,7.5,283.15,Urea,destabilizing,27403962.0,"CD, Fluorescence",A,87
1X0J,D161N,2.21,7.5,283.15,Urea,destabilizing,27403962.0,"CD, Fluorescence",A,88
1X0J,D161Y,3.38,7.5,283.15,Urea,destabilizing,27403962.0,"CD, Fluorescence",A,88
1X0J,E140K,3.48,7.5,283.15,Urea,destabilizing,27403962.0,"CD, Fluorescence",A,67
1X0J,R100L,5.22,7.5,283.15,Urea,destabilizing,27403962.0,"CD, Fluorescence",A,27
1X0J,Y153H,6.49,7.5,283.15,Urea,destabilizing,27403962.0,"CD, Fluorescence",A,80
2DVV,Q443H,-0.89,7.5,283.15,Urea,destabilizing,27403962.0,"CD, Fluorescence",A,99
2DVV,R419W,0.02,7.5,283.15,Urea,destabilizing,27403962.0,"CD, Fluorescence",A,75
3S92,H395R,-2.03,7.5,283.15,Urea,destabilizing,27403962.0,"CD, Fluorescence",A,88
4BJX,A89V,-0.99,7.5,283.15,Urea,stabilizing,27403962.0,"CD, Fluorescence",A,47
2OUO,A420D,-0.44,7.5,283.15,Urea,destabilizing,27403962.0,"CD, Fluorescence",A,71
4HE7,A19D,0.24,7.6,298.15,Urea,destabilizing,27616457.0,Fluorescence,A,17
4HE7,A19K,0.46,7.6,298.15,Urea,destabilizing,27616457.0,Fluorescence,A,17
4HE7,A19G,-0.06,7.6,298.15,Urea,stabilizing,27616457.0,Fluorescence,A,17
2LSB,Q212P,1.23,7.0,298.15,GdnHCl,destabilizing,27649893.0,CD,A,122
2LSB,D178N,0.38,7.0,298.15,GdnHCl,destabilizing,27649893.0,CD,A,88
2LSB,P105L,0.2,7.0,298.15,GdnHCl,destabilizing,27649893.0,CD,A,15
2LSB,V203I,-0.06,7.0,298.15,GdnHCl,stabilizing,27649893.0,CD,A,113
2H3F,E12A,-1.07,7.0,298.15,Urea,stabilizing,27907055.0,CD,A,10
1QGD,D143K,6.384,7.0,295.15,Thermal,destabilizing,28145457.0,Enzyme Activity,A,141
1QGD,H192P,0.537,7.0,295.15,Thermal,destabilizing,28145457.0,Enzyme Activity,A,190
1PRG,Q286P,0.3,8.0,283.15,Urea,destabilizing,28208577.0,CD,A,79
1PRG,R288H,-0.06,8.0,283.15,Urea,stabilizing,28208577.0,CD,A,81
1PRG,V290M,-0.03,8.0,283.15,Urea,stabilizing,28208577.0,CD,A,83
1PRG,R357A,-0.19,8.0,283.15,Urea,destabilizing,28208577.0,CD,A,150
1PRG,F360L,0.4,8.0,283.15,Urea,destabilizing,28208577.0,CD,A,153
1PRG,P467L,-0.11,8.0,283.15,Urea,stabilizing,28208577.0,CD,A,260
1PRG,E460K,0.17,8.0,283.15,Urea,destabilizing,28208577.0,CD,A,253
4BUQ,Y48A,1.435,7.4,298.15,GdmCl,destabilizing,28250938.0,Fluorescence,A,47
4BUQ,Y137A,-0.89,7.4,298.15,GdmCl,stabilizing,28250938.0,Fluorescence,A,136
1F8I,F345A,0.41,8.0,298.15,GdnHCl,destabilizing,28432345.0,"CD, Fluorescence",A,344
2IN9,V67L,-2.5,7.0,298.15,GdnHCl,stabilizing,28488863.0,Fluorescence,A,66
2HBB,M1A,1.46,5.5,298.15,GdnHCl,destabilizing,28494951.0,CD,A,0
2HBB,V3A,2.55,5.5,298.15,GdnHCl,destabilizing,28494951.0,CD,A,2
2HBB,I4V,0.59,5.5,298.15,GdnHCl,destabilizing,28494951.0,CD,A,3
2HBB,F5L,1.15,5.5,298.15,GdnHCl,destabilizing,28494951.0,CD,A,4
2HBB,L6A,3.1,5.5,298.15,GdnHCl,destabilizing,28494951.0,CD,A,5
2HBB,K7M,-0.21,5.5,298.15,GdnHCl,stabilizing,28494951.0,CD,A,6
2HBB,D8N,0.38,5.5,298.15,GdnHCl,destabilizing,28494951.0,CD,A,7
2HBB,D8A,1.3,5.5,298.15,GdnHCl,destabilizing,28494951.0,CD,A,7
2HBB,V9A,1.81,5.5,298.15,GdnHCl,destabilizing,28494951.0,CD,A,8
2HBB,K10M,-0.47,5.5,298.15,GdnHCl,stabilizing,28494951.0,CD,A,9
2HBB,K10E,-0.13,5.5,298.15,GdnHCl,stabilizing,28494951.0,CD,A,9
2HBB,K12M,-1.8,5.5,298.15,GdnHCl,stabilizing,28494951.0,CD,A,11
2HBB,K12A,-0.61,5.5,298.15,GdnHCl,stabilizing,28494951.0,CD,A,11
2HBB,K12G,-0.03,5.5,298.15,GdnHCl,stabilizing,28494951.0,CD,A,11
2HBB,K14M,0.34,5.5,298.15,GdnHCl,destabilizing,28494951.0,CD,A,13
2HBB,K14A,0.73,5.5,298.15,GdnHCl,destabilizing,28494951.0,CD,A,13
2HBB,K14G,1.3,5.5,298.15,GdnHCl,destabilizing,28494951.0,CD,A,13
2HBB,K15M,0.44,5.5,298.15,GdnHCl,destabilizing,28494951.0,CD,A,14
2HBB,K15G,1.74,5.5,298.15,GdnHCl,destabilizing,28494951.0,CD,A,14
2HBB,E17Q,0.33,5.5,298.15,GdnHCl,destabilizing,28494951.0,CD,A,16
2HBB,E17A,1.69,5.5,298.15,GdnHCl,destabilizing,28494951.0,CD,A,16
2HBB,I18V,0.07,5.5,298.15,GdnHCl,destabilizing,28494951.0,CD,A,17
2HBB,I18A,2.05,5.5,298.15,GdnHCl,destabilizing,28494951.0,CD,A,17
2HBB,V21A,2.33,5.5,298.15,GdnHCl,destabilizing,28494951.0,CD,A,20
2HBB,A22G,0.32,5.5,298.15,GdnHCl,destabilizing,28494951.0,CD,A,21
2HBB,D23N,0.79,5.5,298.15,GdnHCl,destabilizing,28494951.0,CD,A,22
2HBB,D23A,0.03,5.5,298.15,GdnHCl,destabilizing,28494951.0,CD,A,22
2HBB,G24A,-0.02,5.5,298.15,GdnHCl,stabilizing,28494951.0,CD,A,23
2HBB,A26G,1.79,5.5,298.15,GdnHCl,destabilizing,28494951.0,CD,A,25
2HBB,L30A,2.76,5.5,298.15,GdnHCl,destabilizing,28494951.0,CD,A,29
2HBB,F31A,2.84,5.5,298.15,GdnHCl,destabilizing,28494951.0,CD,A,30
2HBB,G34A,1.02,5.5,298.15,GdnHCl,destabilizing,28494951.0,CD,A,33
2HBB,L35A,1.21,5.5,298.15,GdnHCl,destabilizing,28494951.0,CD,A,34
2HBB,A36G,1.55,5.5,298.15,GdnHCl,destabilizing,28494951.0,CD,A,35
2HBB,I37V,-0.09,5.5,298.15,GdnHCl,stabilizing,28494951.0,CD,A,36
2HBB,I37A,1.28,5.5,298.15,GdnHCl,destabilizing,28494951.0,CD,A,36
2HBB,E38Q,0.68,5.5,298.15,GdnHCl,destabilizing,28494951.0,CD,A,37
2HBB,E38A,0.41,5.5,298.15,GdnHCl,destabilizing,28494951.0,CD,A,37
2HBB,A39G,1.59,5.5,298.15,GdnHCl,destabilizing,28494951.0,CD,A,38
2HBB,T40S,0.8,5.5,298.15,GdnHCl,destabilizing,28494951.0,CD,A,39
2HBB,A42G,0.33,5.5,298.15,GdnHCl,destabilizing,28494951.0,CD,A,41
2HBB,L44A,1.73,5.5,298.15,GdnHCl,destabilizing,28494951.0,CD,A,43
2HBB,A46G,0.55,5.5,298.15,GdnHCl,destabilizing,28494951.0,CD,A,45
2HBB,L47A,0.84,5.5,298.15,GdnHCl,destabilizing,28494951.0,CD,A,46
2HBB,E48Q,-0.07,5.5,298.15,GdnHCl,stabilizing,28494951.0,CD,A,47
2HBB,A49G,0.22,5.5,298.15,GdnHCl,destabilizing,28494951.0,CD,A,48
2HBB,I4A,1.46,5.5,298.15,GdnHCl,destabilizing,28494951.0,CD,A,3
1BA3,H461D,1.744741874,7.8,298.15,Thermal,destabilizing,28711358.0,DSC,A,456
1BA3,H489K,0.286806883,7.8,298.15,Thermal,destabilizing,28711358.0,DSC,A,484
1BA3,H489D,-0.286806883,7.8,298.15,Thermal,stabilizing,28711358.0,DSC,A,484
1BA3,H489M,0.26290631,7.8,298.15,Thermal,destabilizing,28711358.0,DSC,A,484
1IV7,C141A,-0.5,8.0,298.15,GdnHCl,stabilizing,28714672.0,Fluorescence,B,40
1IV7,A173C,-0.5,8.0,298.15,GdnHCl,stabilizing,28714672.0,Fluorescence,B,72
1IV7,A119C,0.7,8.0,298.15,GdnHCl,destabilizing,28714672.0,Fluorescence,B,18
1IV7,L162C,1.9,8.0,298.15,GdnHCl,destabilizing,28714672.0,Fluorescence,B,61
1IV7,F189C,2.5,8.0,298.15,GdnHCl,destabilizing,28714672.0,Fluorescence,B,88
1IV7,L132A,2.0,8.0,298.15,GdnHCl,destabilizing,28714672.0,Fluorescence,B,31
1HRC,L94V,2.07,6.0,298.15,GdmCl,destabilizing,28851624.0,"CD, Optical Probes",A,93
1HRC,L94I,1.68,6.0,298.15,GdmCl,destabilizing,28851624.0,"CD, Optical Probes",A,93
3ZCF,Y48H,5.56,6.5,288.15,GdmCl,destabilizing,29083920.0,CD (Far-UV),A,47
3ZCF,G41S,3.9,6.5,288.15,GdmCl,destabilizing,29083920.0,CD (Far-UV),A,40
1XZO,F42W,-2.87,7.0,298.15,Urea,stabilizing,29131589.0,CD,A,39
1XZO,W101F,2.89,7.0,298.15,Urea,destabilizing,29131589.0,CD,A,98
1XZO,W36A,8.93,7.0,298.15,Urea,destabilizing,29131589.0,CD,A,33
1XZO,W36F,4.25,7.0,298.15,Urea,destabilizing,29131589.0,CD,A,33
2JUC,R18A,1.75,5.7,298.15,Urea,destabilizing,29132128.0,Fluorescence,A,13
2JUC,C57D,2.55,5.7,298.15,Urea,destabilizing,29132128.0,Fluorescence,A,52
2JUC,C57S,0.71,5.7,298.15,Urea,destabilizing,29132128.0,Fluorescence,A,52
2KS4,E2A,-0.23,7.4,,Thermal,stabilizing,29138096.0,Isothermal titration calorimetry,A,1
2KS4,D9A,1.26,7.4,,Thermal,destabilizing,29138096.0,Isothermal titration calorimetry,A,8
1GWY,A8D,-1.6,7.4,,Thermal,stabilizing,29138096.0,Isothermal titration calorimetry,A,7
4YEE,V134T,0.71,7.5,298.15,GdmCl,destabilizing,29193585.0,Fluorescence,A,59
4YEF,T134V,0.93,7.5,298.15,GdmCl,destabilizing,29193585.0,Fluorescence,A,57
1WPQ,Q295N,2.7,7.5,298.15,Activity,destabilizing,29337541.0,Enzyme Activity,A,293
1WPQ,Q295A,1.7,7.5,298.15,Activity,destabilizing,29337541.0,Enzyme Activity,A,293
1WPQ,Q295S,0.6,7.5,298.15,Activity,destabilizing,29337541.0,Enzyme Activity,A,293
1WPQ,Q295G,0.4,7.5,298.15,Activity,destabilizing,29337541.0,Enzyme Activity,A,293
4NC0,T54R,-0.2,7.4,303.15,Thermal,destabilizing,29396522.0,DSF,A,35
4NC0,T54W,0.37,7.4,303.15,Thermal,destabilizing,29396522.0,DSF,A,35
4NC0,T54Y,0.43,7.4,303.15,Thermal,destabilizing,29396522.0,DSF,A,35
4NC0,S53R,1.45,7.4,303.15,Thermal,destabilizing,29396522.0,DSF,A,34
1EY0,L36K,-3.3,10.4,298.15,GdnHCl,stabilizing,29466010.0,Fluorescence,A,30
1EY0,V23E,-4.5,3.9,298.15,GdnHCl,stabilizing,29466010.0,Fluorescence,A,17
1EY0,L36E,-4.7,3.9,298.15,GdnHCl,stabilizing,29466010.0,Fluorescence,A,30
1EY0,L36E,-6.4,7.0,298.15,GdnHCl,stabilizing,29466010.0,Fluorescence,A,30
1EY0,V23E,-6.9,7.0,298.15,GdnHCl,stabilizing,29466010.0,Fluorescence,A,17
1EY0,L36K,-7.2,7.0,298.15,GdnHCl,stabilizing,29466010.0,Fluorescence,A,30
1EY0,V23K,-7.3,7.0,298.15,GdnHCl,stabilizing,29466010.0,Fluorescence,A,17
2LTB,R533Q,1.1,7.4,298.15,Urea,destabilizing,29524512.0,"CD, DSF",A,33
2LTB,R555Q,0.36,7.4,298.15,Urea,destabilizing,29524512.0,"CD, DSF",A,55
2LTB,R555W,-1.79,7.4,298.15,Urea,stabilizing,29524512.0,"CD, DSF",A,55
2LTB,M619K,3.34,7.4,298.15,Urea,destabilizing,29524512.0,"CD, DSF",A,119
2LTB,L569R,3.11,7.4,298.15,Urea,destabilizing,29524512.0,"CD, DSF",A,69
2LTB,L558P,1.57,7.4,298.15,Urea,destabilizing,29524512.0,"CD, DSF",A,58
5TR5,P37L,0.28708134,7.0,278.15,Urea,destabilizing,29530980.0,CD,A,36
5TR5,G12R,0.311004785,7.0,278.15,Urea,destabilizing,29530980.0,CD,A,11
5TR5,R33Q,0.645933014,7.0,278.15,Urea,destabilizing,29530980.0,CD,A,32
5TR5,T55I,-0.23923445,7.0,278.15,Urea,stabilizing,29530980.0,CD,A,54
5TR5,I44A,1.148325359,7.0,278.15,Urea,destabilizing,29530980.0,CD,A,43
3FFN,D187N,0.9,7.0,298.15,GdnCl,destabilizing,29637772.0,Fluorescence,A,164
1WPQ,R269A,-9.1,7.5,298.15,GdnHCL,stabilizing,29927590.0,UV,A,267
1WPQ,N270A,-5.6,7.5,298.15,GdnHCL,stabilizing,29927590.0,UV,A,268
2JUC,K23C,-3.31,5.7,298.0,GdnHCl,stabilizing,29966079.0,"CD, Fluorescence, DSC",A,18
1ABZ,L32V,4.6,2.3,298.0,Thermal,destabilizing,29985619.0,CD,A,31
1ABZ,L11V,1.8,2.3,298.0,Thermal,destabilizing,29985619.0,CD,A,10
1ABZ,E15L,0.2,2.3,298.0,Thermal,destabilizing,29985619.0,CD,A,14
1ABZ,E15F,-0.2,2.3,298.0,Thermal,stabilizing,29985619.0,CD,A,14
1ABZ,E35L,-0.8,2.3,298.0,Thermal,stabilizing,29985619.0,CD,A,34
1R2Y,R244E,-4.2,6.8,310.15,Thermal,destabilizing,30032016.0,CD,A,242
2JHO,L115A,-0.87,4.2,284.15,Urea,stabilizing,30133301.0,"CD, Fluorescence",A,114
2JHO,L135A,-0.84,4.2,284.15,Urea,stabilizing,30133301.0,"CD, Fluorescence",A,134
2JHO,I111A,-0.76,4.2,284.15,Urea,stabilizing,30133301.0,"CD, Fluorescence",A,110
2JHO,M131A,-0.73,4.2,284.15,Urea,stabilizing,30133301.0,"CD, Fluorescence",A,130
2JHO,F33A,-0.65,4.2,284.15,Urea,stabilizing,30133301.0,"CD, Fluorescence",A,32
2JHO,V10A,-0.39,4.2,284.15,Urea,stabilizing,30133301.0,"CD, Fluorescence",A,9
2JHO,V17A,-0.19,4.2,284.15,Urea,stabilizing,30133301.0,"CD, Fluorescence",A,16
2JHO,L76A,-0.01,4.2,284.15,Urea,stabilizing,30133301.0,"CD, Fluorescence",A,75
2JHO,I28A,0.02,4.2,284.15,Urea,destabilizing,30133301.0,"CD, Fluorescence",A,27
2JHO,F46A,0.31,4.2,284.15,Urea,destabilizing,30133301.0,"CD, Fluorescence",A,45
2JHO,M55A,0.33,4.2,284.15,Urea,destabilizing,30133301.0,"CD, Fluorescence",A,54
2JHO,L69A,0.35,4.2,284.15,Urea,destabilizing,30133301.0,"CD, Fluorescence",A,68
1iv9,S76Y,-4.299228,5.5,298.15,Thermal,stabilizing,30143736.0,CD,A,75
6DS9,E41Q,-0.2,8.5,298.15,GdnHCl,stabilizing,30226758.0,MCD,A,39
3GDL,S154A,5.8,7.1,298.15,Activity,destabilizing,30475611.0,Enzyme Activity,A,149
3GDL,R235A,5.6,7.1,298.15,Activity,destabilizing,30475611.0,Enzyme Activity,A,230
3GDL,Y217F,2.4,7.1,298.15,Activity,destabilizing,30475611.0,Enzyme Activity,A,212
3GDL,Q215A,2.2,7.1,298.15,Activity,destabilizing,30475611.0,Enzyme Activity,A,210
1SS8,K4E,1.4,7.5,298.15,Urea,destabilizing,30661519.0,CD,A,2
1SS8,D523K,1.1,7.5,298.15,Urea,destabilizing,30661519.0,CD,A,521
1SS8,D473C,0.1,7.5,298.15,Urea,destabilizing,30661519.0,CD,A,471
1r6r,L50S,2.81,6.0,298.15,Urea,destabilizing,30808916.0,fluorescence,A,29
1r6r,L54S,0.24,6.0,298.15,Urea,destabilizing,30808916.0,fluorescence,A,33
1r6r,L81N,6.84,6.0,298.15,Urea,destabilizing,30808916.0,fluorescence,A,60
1r6r,I88N,0.13,6.0,298.15,Urea,destabilizing,30808916.0,fluorescence,A,67
5oaq,Y429H,2.99,7.4,298.0,Unavailable,destabilizing,30903741.0,ITC,A,198
3l15,Y442H,3.23,7.4,298.0,Unavailable,destabilizing,30903741.0,ITC,A,188
1EKG,D104G,-0.6,8.0,293.15,Urea,stabilizing,31074541.0,CD,A,14
1EKG,A107V,0.5,8.0,293.15,Urea,destabilizing,31074541.0,CD,A,17
1EKG,F109L,3.0,8.0,293.15,Urea,destabilizing,31074541.0,CD,A,19
1EKG,Y123S,3.9,8.0,293.15,Urea,destabilizing,31074541.0,CD,A,33
1EKG,S161I,2.6,8.0,293.15,Urea,destabilizing,31074541.0,CD,A,71
1EKG,S181F,2.6,8.0,293.15,Urea,destabilizing,31074541.0,CD,A,91
1EKG,S202F,0.1,8.0,293.15,Urea,destabilizing,31074541.0,CD,A,112
1PGA,M01A,-0.14,6.5,310.15,GdnHCl,stabilizing,31371509.0,Fluorescence,A,0
1PGA,M01D,-0.38,6.5,310.15,GdnHCl,stabilizing,31371509.0,Fluorescence,A,0
1PGA,M01E,-0.64,6.5,310.15,GdnHCl,stabilizing,31371509.0,Fluorescence,A,0
1PGA,M01F,-1.14,6.5,310.15,GdnHCl,stabilizing,31371509.0,Fluorescence,A,0
1PGA,M01G,-0.3,6.5,310.15,GdnHCl,stabilizing,31371509.0,Fluorescence,A,0
1PGA,M01H,-0.67,6.5,310.15,GdnHCl,stabilizing,31371509.0,Fluorescence,A,0
1PGA,M01I,-0.43,6.5,310.15,GdnHCl,stabilizing,31371509.0,Fluorescence,A,0
1PGA,M01K,-0.27,6.5,310.15,GdnHCl,stabilizing,31371509.0,Fluorescence,A,0
1PGA,M01L,-0.46,6.5,310.15,GdnHCl,stabilizing,31371509.0,Fluorescence,A,0
1PGA,T02A,0.47,6.5,310.15,GdnHCl,destabilizing,31371509.0,Fluorescence,A,1
1PGA,T02D,0.55,6.5,310.15,GdnHCl,destabilizing,31371509.0,Fluorescence,A,1
1PGA,T02E,-0.13,6.5,310.15,GdnHCl,stabilizing,31371509.0,Fluorescence,A,1
1PGA,T02F,-0.3,6.5,310.15,GdnHCl,stabilizing,31371509.0,Fluorescence,A,1
1PGA,T02G,0.67,6.5,310.15,GdnHCl,destabilizing,31371509.0,Fluorescence,A,1
1PGA,T02H,0.13,6.5,310.15,GdnHCl,destabilizing,31371509.0,Fluorescence,A,1
1PGA,T02I,-1.0,6.5,310.15,GdnHCl,stabilizing,31371509.0,Fluorescence,A,1
1PGA,T02K,-0.31,6.5,310.15,GdnHCl,stabilizing,31371509.0,Fluorescence,A,1
1PGA,T02L,-0.54,6.5,310.15,GdnHCl,stabilizing,31371509.0,Fluorescence,A,1
1PGA,T02M,-1.0,6.5,310.15,GdnHCl,stabilizing,31371509.0,Fluorescence,A,1
1PGA,T02N,0.14,6.5,310.15,GdnHCl,destabilizing,31371509.0,Fluorescence,A,1
1PGA,T02P,0.27,6.5,310.15,GdnHCl,destabilizing,31371509.0,Fluorescence,A,1
1PGA,T02R,-0.09,6.5,310.15,GdnHCl,stabilizing,31371509.0,Fluorescence,A,1
1PGA,T02S,-0.06,6.5,310.15,GdnHCl,stabilizing,31371509.0,Fluorescence,A,1
1PGA,Y03A,4.0,6.5,310.15,GdnHCl,destabilizing,31371509.0,Fluorescence,A,2
1PGA,Y03D,4.0,6.5,310.15,GdnHCl,destabilizing,31371509.0,Fluorescence,A,2
1PGA,Y03E,4.0,6.5,310.15,GdnHCl,destabilizing,31371509.0,Fluorescence,A,2
1PGA,Y03F,-0.55,6.5,310.15,GdnHCl,stabilizing,31371509.0,Fluorescence,A,2
1PGA,Y03G,1.44,6.5,310.15,GdnHCl,destabilizing,31371509.0,Fluorescence,A,2
1PGA,Y03H,4.0,6.5,310.15,GdnHCl,destabilizing,31371509.0,Fluorescence,A,2
1PGA,Y03I,3.29,6.5,310.15,GdnHCl,destabilizing,31371509.0,Fluorescence,A,2
1PGA,Y03K,-0.88,6.5,310.15,GdnHCl,stabilizing,31371509.0,Fluorescence,A,2
1PGA,Y03L,3.31,6.5,310.15,GdnHCl,destabilizing,31371509.0,Fluorescence,A,2
1PGA,Y03M,2.6,6.5,310.15,GdnHCl,destabilizing,31371509.0,Fluorescence,A,2
1PGA,Y03N,4.0,6.5,310.15,GdnHCl,destabilizing,31371509.0,Fluorescence,A,2
1PGA,Y03P,4.0,6.5,310.15,GdnHCl,destabilizing,31371509.0,Fluorescence,A,2
1PGA,Y03Q,4.0,6.5,310.15,GdnHCl,destabilizing,31371509.0,Fluorescence,A,2
1PGA,Y03R,1.22,6.5,310.15,GdnHCl,destabilizing,31371509.0,Fluorescence,A,2
1PGA,Y03S,4.0,6.5,310.15,GdnHCl,destabilizing,31371509.0,Fluorescence,A,2
1PGA,Y03T,4.0,6.5,310.15,GdnHCl,destabilizing,31371509.0,Fluorescence,A,2
1PGA,Y03V,4.0,6.5,310.15,GdnHCl,destabilizing,31371509.0,Fluorescence,A,2
1PGA,K04A,0.34,6.5,310.15,GdnHCl,destabilizing,31371509.0,Fluorescence,A,3
1PGA,K04D,2.05,6.5,310.15,GdnHCl,destabilizing,31371509.0,Fluorescence,A,3
1PGA,K04E,1.36,6.5,310.15,GdnHCl,destabilizing,31371509.0,Fluorescence,A,3
1PGA,K04F,-1.04,6.5,310.15,GdnHCl,stabilizing,31371509.0,Fluorescence,A,3
1PGA,K04G,1.23,6.5,310.15,GdnHCl,destabilizing,31371509.0,Fluorescence,A,3
1PGA,K04H,-0.74,6.5,310.15,GdnHCl,stabilizing,31371509.0,Fluorescence,A,3
1PGA,K04I,-1.08,6.5,310.15,GdnHCl,stabilizing,31371509.0,Fluorescence,A,3
1PGA,L05A,2.01,6.5,310.15,GdnHCl,destabilizing,31371509.0,Fluorescence,A,4
1PGA,L05D,4.0,6.5,310.15,GdnHCl,destabilizing,31371509.0,Fluorescence,A,4
1PGA,L05E,4.0,6.5,310.15,GdnHCl,destabilizing,31371509.0,Fluorescence,A,4
1PGA,L05F,0.47,6.5,310.15,GdnHCl,destabilizing,31371509.0,Fluorescence,A,4
1PGA,L05G,4.0,6.5,310.15,GdnHCl,destabilizing,31371509.0,Fluorescence,A,4
1PGA,L05H,4.0,6.5,310.15,GdnHCl,destabilizing,31371509.0,Fluorescence,A,4
1PGA,L05I,1.34,6.5,310.15,GdnHCl,destabilizing,31371509.0,Fluorescence,A,4
1PGA,L05K,4.0,6.5,310.15,GdnHCl,destabilizing,31371509.0,Fluorescence,A,4
1PGA,I06A,1.25,6.5,310.15,GdnHCl,destabilizing,31371509.0,Fluorescence,A,5
1PGA,I06D,1.97,6.5,310.15,GdnHCl,destabilizing,31371509.0,Fluorescence,A,5
1PGA,I06E,1.03,6.5,310.15,GdnHCl,destabilizing,31371509.0,Fluorescence,A,5
1PGA,I06F,0.1,6.5,310.15,GdnHCl,destabilizing,31371509.0,Fluorescence,A,5
1PGA,I06G,3.08,6.5,310.15,GdnHCl,destabilizing,31371509.0,Fluorescence,A,5
1PGA,I06H,1.06,6.5,310.15,GdnHCl,destabilizing,31371509.0,Fluorescence,A,5
1PGA,L07A,1.4,6.5,310.15,GdnHCl,destabilizing,31371509.0,Fluorescence,A,6
1PGA,L07D,3.11,6.5,310.15,GdnHCl,destabilizing,31371509.0,Fluorescence,A,6
1PGA,L07E,2.79,6.5,310.15,GdnHCl,destabilizing,31371509.0,Fluorescence,A,6
1PGA,L07F,-0.26,6.5,310.15,GdnHCl,stabilizing,31371509.0,Fluorescence,A,6
1PGA,L07G,4.0,6.5,310.15,GdnHCl,destabilizing,31371509.0,Fluorescence,A,6
1PGA,L07H,1.59,6.5,310.15,GdnHCl,destabilizing,31371509.0,Fluorescence,A,6
1PGA,L7I,-0.97,6.5,310.15,GdnHCl,stabilizing,31371509.0,Fluorescence,A,6
1PGA,L07K,2.76,6.5,310.15,GdnHCl,destabilizing,31371509.0,Fluorescence,A,6
1PGA,N08A,0.28,6.5,310.15,GdnHCl,destabilizing,31371509.0,Fluorescence,A,7
1PGA,N08D,-0.19,6.5,310.15,GdnHCl,stabilizing,31371509.0,Fluorescence,A,7
1PGA,N08E,0.01,6.5,310.15,GdnHCl,destabilizing,31371509.0,Fluorescence,A,7
1PGA,N08F,-0.35,6.5,310.15,GdnHCl,stabilizing,31371509.0,Fluorescence,A,7
1PGA,N08G,0.85,6.5,310.15,GdnHCl,destabilizing,31371509.0,Fluorescence,A,7
1PGA,N08H,-0.24,6.5,310.15,GdnHCl,stabilizing,31371509.0,Fluorescence,A,7
1PGA,N08I,-0.56,6.5,310.15,GdnHCl,stabilizing,31371509.0,Fluorescence,A,7
1PGA,N08K,-0.45,6.5,310.15,GdnHCl,stabilizing,31371509.0,Fluorescence,A,7
1PGA,N08L,-0.95,6.5,310.15,GdnHCl,stabilizing,31371509.0,Fluorescence,A,7
1PGA,N08M,-0.37,6.5,310.15,GdnHCl,stabilizing,31371509.0,Fluorescence,A,7
1PGA,G09A,0.25,6.5,310.15,GdnHCl,destabilizing,31371509.0,Fluorescence,A,8
1PGA,G09D,2.5,6.5,310.15,GdnHCl,destabilizing,31371509.0,Fluorescence,A,8
1PGA,G09E,2.0,6.5,310.15,GdnHCl,destabilizing,31371509.0,Fluorescence,A,8
1PGA,G09F,-0.0,6.5,310.15,GdnHCl,stabilizing,31371509.0,Fluorescence,A,8
1PGA,K10A,-0.22,6.5,310.15,GdnHCl,stabilizing,31371509.0,Fluorescence,A,9
1PGA,K10D,0.5,6.5,310.15,GdnHCl,destabilizing,31371509.0,Fluorescence,A,9
1PGA,K10E,-0.55,6.5,310.15,GdnHCl,stabilizing,31371509.0,Fluorescence,A,9
1PGA,K10F,-0.22,6.5,310.15,GdnHCl,stabilizing,31371509.0,Fluorescence,A,9
1PGA,K10G,0.35,6.5,310.15,GdnHCl,destabilizing,31371509.0,Fluorescence,A,9
1PGA,K10H,-0.15,6.5,310.15,GdnHCl,stabilizing,31371509.0,Fluorescence,A,9
1PGA,K10I,-0.56,6.5,310.15,GdnHCl,stabilizing,31371509.0,Fluorescence,A,9
1PGA,T11A,-0.24,6.5,310.15,GdnHCl,stabilizing,31371509.0,Fluorescence,A,10
1PGA,T11D,-0.46,6.5,310.15,GdnHCl,stabilizing,31371509.0,Fluorescence,A,10
1PGA,T11E,-0.46,6.5,310.15,GdnHCl,stabilizing,31371509.0,Fluorescence,A,10
1PGA,T11F,-0.76,6.5,310.15,GdnHCl,stabilizing,31371509.0,Fluorescence,A,10
1PGA,T11G,0.01,6.5,310.15,GdnHCl,destabilizing,31371509.0,Fluorescence,A,10
1PGA,T11H,-0.42,6.5,310.15,GdnHCl,stabilizing,31371509.0,Fluorescence,A,10
1PGA,T11I,-0.56,6.5,310.15,GdnHCl,stabilizing,31371509.0,Fluorescence,A,10
1PGA,T11K,-0.35,6.5,310.15,GdnHCl,stabilizing,31371509.0,Fluorescence,A,10
1PGA,T11L,-0.38,6.5,310.15,GdnHCl,stabilizing,31371509.0,Fluorescence,A,10
1PGA,T11M,-0.39,6.5,310.15,GdnHCl,stabilizing,31371509.0,Fluorescence,A,10
1PGA,T11N,-0.17,6.5,310.15,GdnHCl,stabilizing,31371509.0,Fluorescence,A,10
1PGA,T11P,1.03,6.5,310.15,GdnHCl,destabilizing,31371509.0,Fluorescence,A,10
1PGA,T11Q,-0.59,6.5,310.15,GdnHCl,stabilizing,31371509.0,Fluorescence,A,10
1PGA,T11R,-0.39,6.5,310.15,GdnHCl,stabilizing,31371509.0,Fluorescence,A,10
1PGA,T11S,-0.3,6.5,310.15,GdnHCl,stabilizing,31371509.0,Fluorescence,A,10
1PGA,L12A,0.28,6.5,310.15,GdnHCl,destabilizing,31371509.0,Fluorescence,A,11
1PGA,L12D,0.68,6.5,310.15,GdnHCl,destabilizing,31371509.0,Fluorescence,A,11
1PGA,L12E,0.25,6.5,310.15,GdnHCl,destabilizing,31371509.0,Fluorescence,A,11
1PGA,L12F,-1.26,6.5,310.15,GdnHCl,stabilizing,31371509.0,Fluorescence,A,11
1PGA,L12G,0.28,6.5,310.15,GdnHCl,destabilizing,31371509.0,Fluorescence,A,11
1PGA,L12H,-0.28,6.5,310.15,GdnHCl,stabilizing,31371509.0,Fluorescence,A,11
1PGA,L12I,-0.99,6.5,310.15,GdnHCl,stabilizing,31371509.0,Fluorescence,A,11
1PGA,L12K,-0.6,6.5,310.15,GdnHCl,stabilizing,31371509.0,Fluorescence,A,11
1PGA,K13A,-0.21,6.5,310.15,GdnHCl,stabilizing,31371509.0,Fluorescence,A,12
1PGA,K13D,0.45,6.5,310.15,GdnHCl,destabilizing,31371509.0,Fluorescence,A,12
1PGA,K13E,-0.02,6.5,310.15,GdnHCl,stabilizing,31371509.0,Fluorescence,A,12
1PGA,K13F,-0.64,6.5,310.15,GdnHCl,stabilizing,31371509.0,Fluorescence,A,12
1PGA,K13G,0.35,6.5,310.15,GdnHCl,destabilizing,31371509.0,Fluorescence,A,12
1PGA,K13H,-0.45,6.5,310.15,GdnHCl,stabilizing,31371509.0,Fluorescence,A,12
1PGA,K13I,-0.23,6.5,310.15,GdnHCl,stabilizing,31371509.0,Fluorescence,A,12
1PGA,G14A,-0.51,6.5,310.15,GdnHCl,stabilizing,31371509.0,Fluorescence,A,13
1PGA,G14D,-0.1,6.5,310.15,GdnHCl,stabilizing,31371509.0,Fluorescence,A,13
1PGA,G14E,-0.53,6.5,310.15,GdnHCl,stabilizing,31371509.0,Fluorescence,A,13
1PGA,G14F,-0.67,6.5,310.15,GdnHCl,stabilizing,31371509.0,Fluorescence,A,13
1PGA,E15A,-0.42,6.5,310.15,GdnHCl,stabilizing,31371509.0,Fluorescence,A,14
1PGA,E15D,0.19,6.5,310.15,GdnHCl,destabilizing,31371509.0,Fluorescence,A,14
1PGA,T16A,-0.26,6.5,310.15,GdnHCl,stabilizing,31371509.0,Fluorescence,A,15
1PGA,T16D,1.04,6.5,310.15,GdnHCl,destabilizing,31371509.0,Fluorescence,A,15
1PGA,T16E,0.23,6.5,310.15,GdnHCl,destabilizing,31371509.0,Fluorescence,A,15
1PGA,T16G,-1.85,6.5,310.15,GdnHCl,stabilizing,31371509.0,Fluorescence,A,15
1PGA,T16H,1.21,6.5,310.15,GdnHCl,destabilizing,31371509.0,Fluorescence,A,15
1PGA,T16I,-0.51,6.5,310.15,GdnHCl,stabilizing,31371509.0,Fluorescence,A,15
1PGA,T16K,-1.01,6.5,310.15,GdnHCl,stabilizing,31371509.0,Fluorescence,A,15
1PGA,T16L,-0.32,6.5,310.15,GdnHCl,stabilizing,31371509.0,Fluorescence,A,15
1PGA,T16M,-0.97,6.5,310.15,GdnHCl,stabilizing,31371509.0,Fluorescence,A,15
1PGA,T16N,-0.7,6.5,310.15,GdnHCl,stabilizing,31371509.0,Fluorescence,A,15
1PGA,T16P,0.14,6.5,310.15,GdnHCl,destabilizing,31371509.0,Fluorescence,A,15
1PGA,T16Q,1.99,6.5,310.15,GdnHCl,destabilizing,31371509.0,Fluorescence,A,15
1PGA,T16R,-0.33,6.5,310.15,GdnHCl,stabilizing,31371509.0,Fluorescence,A,15
1PGA,T16S,-0.55,6.5,310.15,GdnHCl,stabilizing,31371509.0,Fluorescence,A,15
1PGA,T17D,0.21,6.5,310.15,GdnHCl,destabilizing,31371509.0,Fluorescence,A,16
1PGA,T17E,0.32,6.5,310.15,GdnHCl,destabilizing,31371509.0,Fluorescence,A,16
1PGA,T17F,-0.33,6.5,310.15,GdnHCl,stabilizing,31371509.0,Fluorescence,A,16
1PGA,T17G,-0.68,6.5,310.15,GdnHCl,stabilizing,31371509.0,Fluorescence,A,16
1PGA,T17H,1.05,6.5,310.15,GdnHCl,destabilizing,31371509.0,Fluorescence,A,16
1PGA,T17I,0.05,6.5,310.15,GdnHCl,destabilizing,31371509.0,Fluorescence,A,16
1PGA,T17K,-0.06,6.5,310.15,GdnHCl,stabilizing,31371509.0,Fluorescence,A,16
1PGA,T17L,0.08,6.5,310.15,GdnHCl,destabilizing,31371509.0,Fluorescence,A,16
1PGA,T17M,0.07,6.5,310.15,GdnHCl,destabilizing,31371509.0,Fluorescence,A,16
1PGA,T17N,-0.06,6.5,310.15,GdnHCl,stabilizing,31371509.0,Fluorescence,A,16
1PGA,T17P,0.13,6.5,310.15,GdnHCl,destabilizing,31371509.0,Fluorescence,A,16
1PGA,T17Q,2.08,6.5,310.15,GdnHCl,destabilizing,31371509.0,Fluorescence,A,16
1PGA,T17R,-0.28,6.5,310.15,GdnHCl,stabilizing,31371509.0,Fluorescence,A,16
1PGA,T17S,-0.21,6.5,310.15,GdnHCl,stabilizing,31371509.0,Fluorescence,A,16
1PGA,T17A,-0.39,6.5,310.15,GdnHCl,stabilizing,31371509.0,Fluorescence,A,16
1PGA,T18D,-0.22,6.5,310.15,GdnHCl,stabilizing,31371509.0,Fluorescence,A,17
1PGA,T18E,1.79,6.5,310.15,GdnHCl,destabilizing,31371509.0,Fluorescence,A,17
1PGA,T18F,0.67,6.5,310.15,GdnHCl,destabilizing,31371509.0,Fluorescence,A,17
1PGA,T18G,-0.56,6.5,310.15,GdnHCl,stabilizing,31371509.0,Fluorescence,A,17
1PGA,T18H,1.74,6.5,310.15,GdnHCl,destabilizing,31371509.0,Fluorescence,A,17
1PGA,T18I,0.42,6.5,310.15,GdnHCl,destabilizing,31371509.0,Fluorescence,A,17
1PGA,T18K,-0.84,6.5,310.15,GdnHCl,stabilizing,31371509.0,Fluorescence,A,17
1PGA,T18L,0.95,6.5,310.15,GdnHCl,destabilizing,31371509.0,Fluorescence,A,17
1PGA,T18M,-0.8,6.5,310.15,GdnHCl,stabilizing,31371509.0,Fluorescence,A,17
1PGA,T18N,-0.62,6.5,310.15,GdnHCl,stabilizing,31371509.0,Fluorescence,A,17
1PGA,T18P,0.87,6.5,310.15,GdnHCl,destabilizing,31371509.0,Fluorescence,A,17
1PGA,T18Q,4.0,6.5,310.15,GdnHCl,destabilizing,31371509.0,Fluorescence,A,17
1PGA,T18R,0.59,6.5,310.15,GdnHCl,destabilizing,31371509.0,Fluorescence,A,17
1PGA,T18S,0.44,6.5,310.15,GdnHCl,destabilizing,31371509.0,Fluorescence,A,17
1PGA,T18A,0.78,6.5,310.15,GdnHCl,destabilizing,31371509.0,Fluorescence,A,17
1PGA,E19D,-0.05,6.5,310.15,GdnHCl,stabilizing,31371509.0,Fluorescence,A,18
1PGA,V21D,-0.42,6.5,310.15,GdnHCl,stabilizing,31371509.0,Fluorescence,A,20
1PGA,V21E,-0.46,6.5,310.15,GdnHCl,stabilizing,31371509.0,Fluorescence,A,20
1PGA,V21F,-0.76,6.5,310.15,GdnHCl,stabilizing,31371509.0,Fluorescence,A,20
1PGA,V21G,-1.1,6.5,310.15,GdnHCl,stabilizing,31371509.0,Fluorescence,A,20
1PGA,V21H,-0.19,6.5,310.15,GdnHCl,stabilizing,31371509.0,Fluorescence,A,20
1PGA,V21I,-0.19,6.5,310.15,GdnHCl,stabilizing,31371509.0,Fluorescence,A,20
1PGA,V21K,-0.54,6.5,310.15,GdnHCl,stabilizing,31371509.0,Fluorescence,A,20
1PGA,V21L,-0.54,6.5,310.15,GdnHCl,stabilizing,31371509.0,Fluorescence,A,20
1PGA,V21M,-0.41,6.5,310.15,GdnHCl,stabilizing,31371509.0,Fluorescence,A,20
1PGA,V21N,-0.52,6.5,310.15,GdnHCl,stabilizing,31371509.0,Fluorescence,A,20
1PGA,V21P,-0.5,6.5,310.15,GdnHCl,stabilizing,31371509.0,Fluorescence,A,20
1PGA,V21Q,-0.83,6.5,310.15,GdnHCl,stabilizing,31371509.0,Fluorescence,A,20
1PGA,V21R,-0.27,6.5,310.15,GdnHCl,stabilizing,31371509.0,Fluorescence,A,20
1PGA,V21S,-0.51,6.5,310.15,GdnHCl,stabilizing,31371509.0,Fluorescence,A,20
1PGA,V21T,-0.44,6.5,310.15,GdnHCl,stabilizing,31371509.0,Fluorescence,A,20
1PGA,T25D,-0.85,6.5,310.15,GdnHCl,stabilizing,31371509.0,Fluorescence,A,24
1PGA,T25E,-0.23,6.5,310.15,GdnHCl,stabilizing,31371509.0,Fluorescence,A,24
1PGA,T25F,-0.62,6.5,310.15,GdnHCl,stabilizing,31371509.0,Fluorescence,A,24
1PGA,T25G,-0.39,6.5,310.15,GdnHCl,stabilizing,31371509.0,Fluorescence,A,24
1PGA,T25H,-0.17,6.5,310.15,GdnHCl,stabilizing,31371509.0,Fluorescence,A,24
1PGA,T25I,-0.67,6.5,310.15,GdnHCl,stabilizing,31371509.0,Fluorescence,A,24
1PGA,T25K,0.35,6.5,310.15,GdnHCl,destabilizing,31371509.0,Fluorescence,A,24
1PGA,T25L,0.08,6.5,310.15,GdnHCl,destabilizing,31371509.0,Fluorescence,A,24
1PGA,T25M,0.06,6.5,310.15,GdnHCl,destabilizing,31371509.0,Fluorescence,A,24
1PGA,T25N,-0.2,6.5,310.15,GdnHCl,stabilizing,31371509.0,Fluorescence,A,24
1PGA,T25P,-0.02,6.5,310.15,GdnHCl,stabilizing,31371509.0,Fluorescence,A,24
1PGA,T25Q,2.1,6.5,310.15,GdnHCl,destabilizing,31371509.0,Fluorescence,A,24
1PGA,T25R,-0.47,6.5,310.15,GdnHCl,stabilizing,31371509.0,Fluorescence,A,24
1PGA,T25S,-0.03,6.5,310.15,GdnHCl,stabilizing,31371509.0,Fluorescence,A,24
1PGA,E27D,-0.41,6.5,310.15,GdnHCl,stabilizing,31371509.0,Fluorescence,A,26
1PGA,K28D,-0.57,6.5,310.15,GdnHCl,stabilizing,31371509.0,Fluorescence,A,27
1PGA,K28E,-0.1,6.5,310.15,GdnHCl,stabilizing,31371509.0,Fluorescence,A,27
1PGA,K28F,-0.56,6.5,310.15,GdnHCl,stabilizing,31371509.0,Fluorescence,A,27
1PGA,K28G,-0.27,6.5,310.15,GdnHCl,stabilizing,31371509.0,Fluorescence,A,27
1PGA,K28H,0.01,6.5,310.15,GdnHCl,destabilizing,31371509.0,Fluorescence,A,27
1PGA,K28I,-0.07,6.5,310.15,GdnHCl,stabilizing,31371509.0,Fluorescence,A,27
1PGA,V29D,-0.14,6.5,310.15,GdnHCl,stabilizing,31371509.0,Fluorescence,A,28
1PGA,V29E,0.22,6.5,310.15,GdnHCl,destabilizing,31371509.0,Fluorescence,A,28
1PGA,V29F,-0.12,6.5,310.15,GdnHCl,stabilizing,31371509.0,Fluorescence,A,28
1PGA,V29G,-0.59,6.5,310.15,GdnHCl,stabilizing,31371509.0,Fluorescence,A,28
1PGA,V29H,0.91,6.5,310.15,GdnHCl,destabilizing,31371509.0,Fluorescence,A,28
1PGA,V29I,-0.16,6.5,310.15,GdnHCl,stabilizing,31371509.0,Fluorescence,A,28
1PGA,V29K,-0.68,6.5,310.15,GdnHCl,stabilizing,31371509.0,Fluorescence,A,28
1PGA,V29L,-0.33,6.5,310.15,GdnHCl,stabilizing,31371509.0,Fluorescence,A,28
1PGA,V29M,-0.29,6.5,310.15,GdnHCl,stabilizing,31371509.0,Fluorescence,A,28
1PGA,V29N,-0.14,6.5,310.15,GdnHCl,stabilizing,31371509.0,Fluorescence,A,28
1PGA,V29P,0.22,6.5,310.15,GdnHCl,destabilizing,31371509.0,Fluorescence,A,28
1PGA,V29Q,2.72,6.5,310.15,GdnHCl,destabilizing,31371509.0,Fluorescence,A,28
1PGA,V29R,-0.38,6.5,310.15,GdnHCl,stabilizing,31371509.0,Fluorescence,A,28
1PGA,V29S,-0.44,6.5,310.15,GdnHCl,stabilizing,31371509.0,Fluorescence,A,28
1PGA,V29T,0.17,6.5,310.15,GdnHCl,destabilizing,31371509.0,Fluorescence,A,28
1PGA,F30D,3.04,6.5,310.15,GdnHCl,destabilizing,31371509.0,Fluorescence,A,29
1PGA,F30E,0.5,6.5,310.15,GdnHCl,destabilizing,31371509.0,Fluorescence,A,29
1PGA,K31D,0.44,6.5,310.15,GdnHCl,destabilizing,31371509.0,Fluorescence,A,30
1PGA,K31E,4.0,6.5,310.15,GdnHCl,destabilizing,31371509.0,Fluorescence,A,30
1PGA,K31F,0.78,6.5,310.15,GdnHCl,destabilizing,31371509.0,Fluorescence,A,30
1PGA,K31G,0.22,6.5,310.15,GdnHCl,destabilizing,31371509.0,Fluorescence,A,30
1PGA,K31H,1.16,6.5,310.15,GdnHCl,destabilizing,31371509.0,Fluorescence,A,30
1PGA,K31I,4.0,6.5,310.15,GdnHCl,destabilizing,31371509.0,Fluorescence,A,30
1PGA,Q32D,-0.16,6.5,310.15,GdnHCl,stabilizing,31371509.0,Fluorescence,A,31
1PGA,Q32E,-0.05,6.5,310.15,GdnHCl,stabilizing,31371509.0,Fluorescence,A,31
1PGA,Q32F,-0.38,6.5,310.15,GdnHCl,stabilizing,31371509.0,Fluorescence,A,31
1PGA,Q32G,0.32,6.5,310.15,GdnHCl,destabilizing,31371509.0,Fluorescence,A,31
1PGA,Q32H,0.42,6.5,310.15,GdnHCl,destabilizing,31371509.0,Fluorescence,A,31
1PGA,Q32I,0.2,6.5,310.15,GdnHCl,destabilizing,31371509.0,Fluorescence,A,31
1PGA,Q32K,-0.11,6.5,310.15,GdnHCl,stabilizing,31371509.0,Fluorescence,A,31
1PGA,Q32L,-0.58,6.5,310.15,GdnHCl,stabilizing,31371509.0,Fluorescence,A,31
1PGA,Q32M,-0.14,6.5,310.15,GdnHCl,stabilizing,31371509.0,Fluorescence,A,31
1PGA,Q32N,-0.5,6.5,310.15,GdnHCl,stabilizing,31371509.0,Fluorescence,A,31
1PGA,Q32P,0.01,6.5,310.15,GdnHCl,destabilizing,31371509.0,Fluorescence,A,31
1PGA,Y33D,1.77,6.5,310.15,GdnHCl,destabilizing,31371509.0,Fluorescence,A,32
1PGA,Y33E,4.0,6.5,310.15,GdnHCl,destabilizing,31371509.0,Fluorescence,A,32
1PGA,Y33F,1.74,6.5,310.15,GdnHCl,destabilizing,31371509.0,Fluorescence,A,32
1PGA,Y33G,-0.29,6.5,310.15,GdnHCl,stabilizing,31371509.0,Fluorescence,A,32
1PGA,Y33H,3.46,6.5,310.15,GdnHCl,destabilizing,31371509.0,Fluorescence,A,32
1PGA,Y33I,1.44,6.5,310.15,GdnHCl,destabilizing,31371509.0,Fluorescence,A,32
1PGA,Y33K,0.14,6.5,310.15,GdnHCl,destabilizing,31371509.0,Fluorescence,A,32
1PGA,Y33L,1.53,6.5,310.15,GdnHCl,destabilizing,31371509.0,Fluorescence,A,32
1PGA,Y33M,0.72,6.5,310.15,GdnHCl,destabilizing,31371509.0,Fluorescence,A,32
1PGA,Y33N,0.6,6.5,310.15,GdnHCl,destabilizing,31371509.0,Fluorescence,A,32
1PGA,Y33P,1.95,6.5,310.15,GdnHCl,destabilizing,31371509.0,Fluorescence,A,32
1PGA,Y33Q,4.0,6.5,310.15,GdnHCl,destabilizing,31371509.0,Fluorescence,A,32
1PGA,Y33R,1.34,6.5,310.15,GdnHCl,destabilizing,31371509.0,Fluorescence,A,32
1PGA,Y33S,1.72,6.5,310.15,GdnHCl,destabilizing,31371509.0,Fluorescence,A,32
1PGA,Y33T,2.09,6.5,310.15,GdnHCl,destabilizing,31371509.0,Fluorescence,A,32
1PGA,Y33V,1.64,6.5,310.15,GdnHCl,destabilizing,31371509.0,Fluorescence,A,32
1PGA,N35D,-0.59,6.5,310.15,GdnHCl,stabilizing,31371509.0,Fluorescence,A,34
1PGA,N35E,-0.16,6.5,310.15,GdnHCl,stabilizing,31371509.0,Fluorescence,A,34
1PGA,N35F,-0.75,6.5,310.15,GdnHCl,stabilizing,31371509.0,Fluorescence,A,34
1PGA,N35G,-1.0,6.5,310.15,GdnHCl,stabilizing,31371509.0,Fluorescence,A,34
1PGA,N35H,-0.11,6.5,310.15,GdnHCl,stabilizing,31371509.0,Fluorescence,A,34
1PGA,N35I,-0.04,6.5,310.15,GdnHCl,stabilizing,31371509.0,Fluorescence,A,34
1PGA,N35K,-0.68,6.5,310.15,GdnHCl,stabilizing,31371509.0,Fluorescence,A,34
1PGA,N35L,-1.04,6.5,310.15,GdnHCl,stabilizing,31371509.0,Fluorescence,A,34
1PGA,N35M,-0.85,6.5,310.15,GdnHCl,stabilizing,31371509.0,Fluorescence,A,34
1PGA,N37D,-0.36,6.5,310.15,GdnHCl,stabilizing,31371509.0,Fluorescence,A,36
1PGA,N37E,1.12,6.5,310.15,GdnHCl,destabilizing,31371509.0,Fluorescence,A,36
1PGA,N37F,-0.0,6.5,310.15,GdnHCl,stabilizing,31371509.0,Fluorescence,A,36
1PGA,N37G,-1.01,6.5,310.15,GdnHCl,stabilizing,31371509.0,Fluorescence,A,36
1PGA,N37H,0.94,6.5,310.15,GdnHCl,destabilizing,31371509.0,Fluorescence,A,36
1PGA,N37I,-0.7,6.5,310.15,GdnHCl,stabilizing,31371509.0,Fluorescence,A,36
1PGA,N37K,-0.57,6.5,310.15,GdnHCl,stabilizing,31371509.0,Fluorescence,A,36
1PGA,N37L,-1.02,6.5,310.15,GdnHCl,stabilizing,31371509.0,Fluorescence,A,36
1PGA,N37M,-0.95,6.5,310.15,GdnHCl,stabilizing,31371509.0,Fluorescence,A,36
1PGA,G38D,0.29,6.5,310.15,GdnHCl,destabilizing,31371509.0,Fluorescence,A,37
1PGA,G38E,-0.05,6.5,310.15,GdnHCl,stabilizing,31371509.0,Fluorescence,A,37
1PGA,G38F,0.13,6.5,310.15,GdnHCl,destabilizing,31371509.0,Fluorescence,A,37
1PGA,V39D,1.18,6.5,310.15,GdnHCl,destabilizing,31371509.0,Fluorescence,A,38
1PGA,V39E,3.41,6.5,310.15,GdnHCl,destabilizing,31371509.0,Fluorescence,A,38
1PGA,V39F,0.27,6.5,310.15,GdnHCl,destabilizing,31371509.0,Fluorescence,A,38
1PGA,V39G,-0.67,6.5,310.15,GdnHCl,stabilizing,31371509.0,Fluorescence,A,38
1PGA,V39H,2.29,6.5,310.15,GdnHCl,destabilizing,31371509.0,Fluorescence,A,38
1PGA,V39I,1.57,6.5,310.15,GdnHCl,destabilizing,31371509.0,Fluorescence,A,38
1PGA,V39L,1.96,6.5,310.15,GdnHCl,destabilizing,31371509.0,Fluorescence,A,38
1PGA,V39M,-0.27,6.5,310.15,GdnHCl,stabilizing,31371509.0,Fluorescence,A,38
1PGA,V39N,0.27,6.5,310.15,GdnHCl,destabilizing,31371509.0,Fluorescence,A,38
1PGA,V39P,4.0,6.5,310.15,GdnHCl,destabilizing,31371509.0,Fluorescence,A,38
1PGA,V39Q,2.31,6.5,310.15,GdnHCl,destabilizing,31371509.0,Fluorescence,A,38
1PGA,V39R,1.52,6.5,310.15,GdnHCl,destabilizing,31371509.0,Fluorescence,A,38
1PGA,V39S,2.04,6.5,310.15,GdnHCl,destabilizing,31371509.0,Fluorescence,A,38
1PGA,V39T,1.7,6.5,310.15,GdnHCl,destabilizing,31371509.0,Fluorescence,A,38
1PGA,G41D,-0.49,6.5,310.15,GdnHCl,stabilizing,31371509.0,Fluorescence,A,40
1PGA,G41E,4.0,6.5,310.15,GdnHCl,destabilizing,31371509.0,Fluorescence,A,40
1PGA,G41F,4.0,6.5,310.15,GdnHCl,destabilizing,31371509.0,Fluorescence,A,40
1PGA,E42D,-0.68,6.5,310.15,GdnHCl,stabilizing,31371509.0,Fluorescence,A,41
1PGA,T44D,-0.4,6.5,310.15,GdnHCl,stabilizing,31371509.0,Fluorescence,A,43
1PGA,T44E,0.06,6.5,310.15,GdnHCl,destabilizing,31371509.0,Fluorescence,A,43
1PGA,T44F,-0.27,6.5,310.15,GdnHCl,stabilizing,31371509.0,Fluorescence,A,43
1PGA,T44G,-0.09,6.5,310.15,GdnHCl,stabilizing,31371509.0,Fluorescence,A,43
1PGA,T44H,0.18,6.5,310.15,GdnHCl,destabilizing,31371509.0,Fluorescence,A,43
1PGA,T44I,-0.31,6.5,310.15,GdnHCl,stabilizing,31371509.0,Fluorescence,A,43
1PGA,T44K,-0.52,6.5,310.15,GdnHCl,stabilizing,31371509.0,Fluorescence,A,43
1PGA,T44L,-0.21,6.5,310.15,GdnHCl,stabilizing,31371509.0,Fluorescence,A,43
1PGA,T44M,-0.07,6.5,310.15,GdnHCl,stabilizing,31371509.0,Fluorescence,A,43
1PGA,T44N,0.11,6.5,310.15,GdnHCl,destabilizing,31371509.0,Fluorescence,A,43
1PGA,T44P,-0.0,6.5,310.15,GdnHCl,stabilizing,31371509.0,Fluorescence,A,43
1PGA,T44Q,4.0,6.5,310.15,GdnHCl,destabilizing,31371509.0,Fluorescence,A,43
1PGA,T44R,-0.22,6.5,310.15,GdnHCl,stabilizing,31371509.0,Fluorescence,A,43
1PGA,T44S,-0.11,6.5,310.15,GdnHCl,stabilizing,31371509.0,Fluorescence,A,43
1PGA,Y45E,1.05,6.5,310.15,GdnHCl,destabilizing,31371509.0,Fluorescence,A,44
1PGA,Y45F,4.0,6.5,310.15,GdnHCl,destabilizing,31371509.0,Fluorescence,A,44
1PGA,Y45G,0.05,6.5,310.15,GdnHCl,destabilizing,31371509.0,Fluorescence,A,44
1PGA,Y45H,4.0,6.5,310.15,GdnHCl,destabilizing,31371509.0,Fluorescence,A,44
1PGA,Y45I,4.0,6.5,310.15,GdnHCl,destabilizing,31371509.0,Fluorescence,A,44
1PGA,Y45K,2.24,6.5,310.15,GdnHCl,destabilizing,31371509.0,Fluorescence,A,44
1PGA,Y45L,3.12,6.5,310.15,GdnHCl,destabilizing,31371509.0,Fluorescence,A,44
1PGA,Y45M,1.79,6.5,310.15,GdnHCl,destabilizing,31371509.0,Fluorescence,A,44
1PGA,Y45N,2.49,6.5,310.15,GdnHCl,destabilizing,31371509.0,Fluorescence,A,44
1PGA,Y45P,4.0,6.5,310.15,GdnHCl,destabilizing,31371509.0,Fluorescence,A,44
1PGA,Y45Q,4.0,6.5,310.15,GdnHCl,destabilizing,31371509.0,Fluorescence,A,44
1PGA,Y45R,4.0,6.5,310.15,GdnHCl,destabilizing,31371509.0,Fluorescence,A,44
1PGA,Y45S,2.22,6.5,310.15,GdnHCl,destabilizing,31371509.0,Fluorescence,A,44
1PGA,Y45T,2.97,6.5,310.15,GdnHCl,destabilizing,31371509.0,Fluorescence,A,44
1PGA,Y45V,4.0,6.5,310.15,GdnHCl,destabilizing,31371509.0,Fluorescence,A,44
1PGA,D47A,-0.22,6.5,310.15,GdnHCl,stabilizing,31371509.0,Fluorescence,A,46
1PGA,T49D,0.56,6.5,310.15,GdnHCl,destabilizing,31371509.0,Fluorescence,A,48
1PGA,T49E,0.84,6.5,310.15,GdnHCl,destabilizing,31371509.0,Fluorescence,A,48
1PGA,T49F,0.35,6.5,310.15,GdnHCl,destabilizing,31371509.0,Fluorescence,A,48
1PGA,T49G,0.69,6.5,310.15,GdnHCl,destabilizing,31371509.0,Fluorescence,A,48
1PGA,T49H,0.91,6.5,310.15,GdnHCl,destabilizing,31371509.0,Fluorescence,A,48
1PGA,T49I,0.47,6.5,310.15,GdnHCl,destabilizing,31371509.0,Fluorescence,A,48
1PGA,T49K,0.33,6.5,310.15,GdnHCl,destabilizing,31371509.0,Fluorescence,A,48
1PGA,T49L,0.03,6.5,310.15,GdnHCl,destabilizing,31371509.0,Fluorescence,A,48
1PGA,T49M,-0.21,6.5,310.15,GdnHCl,stabilizing,31371509.0,Fluorescence,A,48
1PGA,T49N,0.45,6.5,310.15,GdnHCl,destabilizing,31371509.0,Fluorescence,A,48
1PGA,T49P,-0.07,6.5,310.15,GdnHCl,stabilizing,31371509.0,Fluorescence,A,48
1PGA,T49Q,4.0,6.5,310.15,GdnHCl,destabilizing,31371509.0,Fluorescence,A,48
1PGA,T49R,0.39,6.5,310.15,GdnHCl,destabilizing,31371509.0,Fluorescence,A,48
1PGA,T49S,0.47,6.5,310.15,GdnHCl,destabilizing,31371509.0,Fluorescence,A,48
1PGA,K50D,0.19,6.5,310.15,GdnHCl,destabilizing,31371509.0,Fluorescence,A,49
1PGA,K50E,1.33,6.5,310.15,GdnHCl,destabilizing,31371509.0,Fluorescence,A,49
1PGA,K50F,1.09,6.5,310.15,GdnHCl,destabilizing,31371509.0,Fluorescence,A,49
1PGA,K50G,-0.34,6.5,310.15,GdnHCl,stabilizing,31371509.0,Fluorescence,A,49
1PGA,K50H,0.23,6.5,310.15,GdnHCl,destabilizing,31371509.0,Fluorescence,A,49
1PGA,K50I,-0.82,6.5,310.15,GdnHCl,stabilizing,31371509.0,Fluorescence,A,49
1PGA,T51D,1.1,6.5,310.15,GdnHCl,destabilizing,31371509.0,Fluorescence,A,50
1PGA,T51E,3.31,6.5,310.15,GdnHCl,destabilizing,31371509.0,Fluorescence,A,50
1PGA,T51F,0.76,6.5,310.15,GdnHCl,destabilizing,31371509.0,Fluorescence,A,50
1PGA,T51G,4.0,6.5,310.15,GdnHCl,destabilizing,31371509.0,Fluorescence,A,50
1PGA,T51H,2.48,6.5,310.15,GdnHCl,destabilizing,31371509.0,Fluorescence,A,50
1PGA,T51I,2.16,6.5,310.15,GdnHCl,destabilizing,31371509.0,Fluorescence,A,50
1PGA,T51K,0.3,6.5,310.15,GdnHCl,destabilizing,31371509.0,Fluorescence,A,50
1PGA,T51L,1.38,6.5,310.15,GdnHCl,destabilizing,31371509.0,Fluorescence,A,50
1PGA,T51M,1.05,6.5,310.15,GdnHCl,destabilizing,31371509.0,Fluorescence,A,50
1PGA,T51N,0.98,6.5,310.15,GdnHCl,destabilizing,31371509.0,Fluorescence,A,50
1PGA,T51P,2.19,6.5,310.15,GdnHCl,destabilizing,31371509.0,Fluorescence,A,50
1PGA,T51Q,4.0,6.5,310.15,GdnHCl,destabilizing,31371509.0,Fluorescence,A,50
1PGA,T51R,1.03,6.5,310.15,GdnHCl,destabilizing,31371509.0,Fluorescence,A,50
1PGA,T51S,1.85,6.5,310.15,GdnHCl,destabilizing,31371509.0,Fluorescence,A,50
1PGA,F52D,4.0,6.5,310.15,GdnHCl,destabilizing,31371509.0,Fluorescence,A,51
1PGA,F52E,4.0,6.5,310.15,GdnHCl,destabilizing,31371509.0,Fluorescence,A,51
1PGA,T53D,1.18,6.5,310.15,GdnHCl,destabilizing,31371509.0,Fluorescence,A,52
1PGA,T53E,1.7,6.5,310.15,GdnHCl,destabilizing,31371509.0,Fluorescence,A,52
1PGA,T53F,0.25,6.5,310.15,GdnHCl,destabilizing,31371509.0,Fluorescence,A,52
1PGA,T53G,0.02,6.5,310.15,GdnHCl,destabilizing,31371509.0,Fluorescence,A,52
1PGA,T53H,4.0,6.5,310.15,GdnHCl,destabilizing,31371509.0,Fluorescence,A,52
1PGA,T53I,0.98,6.5,310.15,GdnHCl,destabilizing,31371509.0,Fluorescence,A,52
1PGA,T53K,0.05,6.5,310.15,GdnHCl,destabilizing,31371509.0,Fluorescence,A,52
1PGA,T53L,0.45,6.5,310.15,GdnHCl,destabilizing,31371509.0,Fluorescence,A,52
1PGA,T53M,0.37,6.5,310.15,GdnHCl,destabilizing,31371509.0,Fluorescence,A,52
1PGA,T53N,-0.15,6.5,310.15,GdnHCl,stabilizing,31371509.0,Fluorescence,A,52
1PGA,T53P,0.65,6.5,310.15,GdnHCl,destabilizing,31371509.0,Fluorescence,A,52
1PGA,T53Q,4.0,6.5,310.15,GdnHCl,destabilizing,31371509.0,Fluorescence,A,52
1PGA,T53R,0.35,6.5,310.15,GdnHCl,destabilizing,31371509.0,Fluorescence,A,52
1PGA,T53S,0.27,6.5,310.15,GdnHCl,destabilizing,31371509.0,Fluorescence,A,52
1PGA,V54D,1.89,6.5,310.15,GdnHCl,destabilizing,31371509.0,Fluorescence,A,53
1PGA,V54E,2.67,6.5,310.15,GdnHCl,destabilizing,31371509.0,Fluorescence,A,53
1PGA,V54F,4.0,6.5,310.15,GdnHCl,destabilizing,31371509.0,Fluorescence,A,53
1PGA,V54G,1.64,6.5,310.15,GdnHCl,destabilizing,31371509.0,Fluorescence,A,53
1PGA,V54H,4.0,6.5,310.15,GdnHCl,destabilizing,31371509.0,Fluorescence,A,53
1PGA,V54I,4.0,6.5,310.15,GdnHCl,destabilizing,31371509.0,Fluorescence,A,53
1PGA,V54K,-0.26,6.5,310.15,GdnHCl,stabilizing,31371509.0,Fluorescence,A,53
1PGA,V54L,4.0,6.5,310.15,GdnHCl,destabilizing,31371509.0,Fluorescence,A,53
1PGA,V54M,0.08,6.5,310.15,GdnHCl,destabilizing,31371509.0,Fluorescence,A,53
1PGA,V54N,0.68,6.5,310.15,GdnHCl,destabilizing,31371509.0,Fluorescence,A,53
1PGA,V54P,4.0,6.5,310.15,GdnHCl,destabilizing,31371509.0,Fluorescence,A,53
1PGA,V54Q,-0.42,6.5,310.15,GdnHCl,stabilizing,31371509.0,Fluorescence,A,53
1PGA,V54R,2.91,6.5,310.15,GdnHCl,destabilizing,31371509.0,Fluorescence,A,53
1PGA,V54S,4.0,6.5,310.15,GdnHCl,destabilizing,31371509.0,Fluorescence,A,53
1PGA,V54T,1.54,6.5,310.15,GdnHCl,destabilizing,31371509.0,Fluorescence,A,53
1PGA,T55D,0.7,6.5,310.15,GdnHCl,destabilizing,31371509.0,Fluorescence,A,54
1PGA,T55E,0.33,6.5,310.15,GdnHCl,destabilizing,31371509.0,Fluorescence,A,54
1PGA,T55F,0.36,6.5,310.15,GdnHCl,destabilizing,31371509.0,Fluorescence,A,54
1PGA,T55G,0.19,6.5,310.15,GdnHCl,destabilizing,31371509.0,Fluorescence,A,54
1PGA,T55H,0.98,6.5,310.15,GdnHCl,destabilizing,31371509.0,Fluorescence,A,54
1PGA,T55I,0.66,6.5,310.15,GdnHCl,destabilizing,31371509.0,Fluorescence,A,54
1PGA,T55K,0.24,6.5,310.15,GdnHCl,destabilizing,31371509.0,Fluorescence,A,54
1PGA,T55L,0.64,6.5,310.15,GdnHCl,destabilizing,31371509.0,Fluorescence,A,54
1PGA,T55M,0.3,6.5,310.15,GdnHCl,destabilizing,31371509.0,Fluorescence,A,54
1PGA,T55N,0.48,6.5,310.15,GdnHCl,destabilizing,31371509.0,Fluorescence,A,54
1PGA,T55P,-0.34,6.5,310.15,GdnHCl,stabilizing,31371509.0,Fluorescence,A,54
1PGA,T55Q,4.0,6.5,310.15,GdnHCl,destabilizing,31371509.0,Fluorescence,A,54
1PGA,T55R,0.04,6.5,310.15,GdnHCl,destabilizing,31371509.0,Fluorescence,A,54
1PGA,T55S,0.13,6.5,310.15,GdnHCl,destabilizing,31371509.0,Fluorescence,A,54
1PGA,E56D,0.18,6.5,310.15,GdnHCl,destabilizing,31371509.0,Fluorescence,A,55
1PGA,E56F,0.1,6.5,310.15,GdnHCl,destabilizing,31371509.0,Fluorescence,A,55
1PGA,E56G,-1.03,6.5,310.15,GdnHCl,stabilizing,31371509.0,Fluorescence,A,55
1PGA,E56H,0.32,6.5,310.15,GdnHCl,destabilizing,31371509.0,Fluorescence,A,55
1PGA,E56I,1.06,6.5,310.15,GdnHCl,destabilizing,31371509.0,Fluorescence,A,55
1PGA,E56K,-0.02,6.5,310.15,GdnHCl,stabilizing,31371509.0,Fluorescence,A,55
1PGA,E56L,1.04,6.5,310.15,GdnHCl,destabilizing,31371509.0,Fluorescence,A,55
1PGA,E56M,0.14,6.5,310.15,GdnHCl,destabilizing,31371509.0,Fluorescence,A,55
1PGA,E56N,0.29,6.5,310.15,GdnHCl,destabilizing,31371509.0,Fluorescence,A,55
1PGA,E56P,-0.13,6.5,310.15,GdnHCl,stabilizing,31371509.0,Fluorescence,A,55
1PGA,E56Q,0.66,6.5,310.15,GdnHCl,destabilizing,31371509.0,Fluorescence,A,55
1PGA,E56R,-0.21,6.5,310.15,GdnHCl,stabilizing,31371509.0,Fluorescence,A,55
1PGA,E56S,1.34,6.5,310.15,GdnHCl,destabilizing,31371509.0,Fluorescence,A,55
1PGA,E56T,0.17,6.5,310.15,GdnHCl,destabilizing,31371509.0,Fluorescence,A,55
1PGA,E56V,0.2,6.5,310.15,GdnHCl,destabilizing,31371509.0,Fluorescence,A,55
1PGA,E56Y,0.25,6.5,310.15,GdnHCl,destabilizing,31371509.0,Fluorescence,A,55
1PGA,T55Y,0.23,6.5,310.15,GdnHCl,destabilizing,31371509.0,Fluorescence,A,54
1PGA,T53Y,0.11,6.5,310.15,GdnHCl,destabilizing,31371509.0,Fluorescence,A,52
1PGA,F52H,4.0,6.5,310.15,GdnHCl,destabilizing,31371509.0,Fluorescence,A,51
1PGA,F52I,2.66,6.5,310.15,GdnHCl,destabilizing,31371509.0,Fluorescence,A,51
1PGA,F52K,0.24,6.5,310.15,GdnHCl,destabilizing,31371509.0,Fluorescence,A,51
1PGA,F52L,4.0,6.5,310.15,GdnHCl,destabilizing,31371509.0,Fluorescence,A,51
1PGA,F52M,2.53,6.5,310.15,GdnHCl,destabilizing,31371509.0,Fluorescence,A,51
1PGA,F52N,2.71,6.5,310.15,GdnHCl,destabilizing,31371509.0,Fluorescence,A,51
1PGA,F52P,4.0,6.5,310.15,GdnHCl,destabilizing,31371509.0,Fluorescence,A,51
1PGA,F52Q,1.72,6.5,310.15,GdnHCl,destabilizing,31371509.0,Fluorescence,A,51
1PGA,F52R,4.0,6.5,310.15,GdnHCl,destabilizing,31371509.0,Fluorescence,A,51
1PGA,F52S,4.0,6.5,310.15,GdnHCl,destabilizing,31371509.0,Fluorescence,A,51
1PGA,F52T,4.0,6.5,310.15,GdnHCl,destabilizing,31371509.0,Fluorescence,A,51
1PGA,F52V,4.0,6.5,310.15,GdnHCl,destabilizing,31371509.0,Fluorescence,A,51
1PGA,F52Y,2.99,6.5,310.15,GdnHCl,destabilizing,31371509.0,Fluorescence,A,51
1PGA,T51Y,0.5,6.5,310.15,GdnHCl,destabilizing,31371509.0,Fluorescence,A,50
1PGA,K50M,-0.55,6.5,310.15,GdnHCl,stabilizing,31371509.0,Fluorescence,A,49
1PGA,K50N,0.05,6.5,310.15,GdnHCl,destabilizing,31371509.0,Fluorescence,A,49
1PGA,K50P,-0.38,6.5,310.15,GdnHCl,stabilizing,31371509.0,Fluorescence,A,49
1PGA,K50Q,4.0,6.5,310.15,GdnHCl,destabilizing,31371509.0,Fluorescence,A,49
1PGA,K50R,-1.17,6.5,310.15,GdnHCl,stabilizing,31371509.0,Fluorescence,A,49
1PGA,K50S,-0.76,6.5,310.15,GdnHCl,stabilizing,31371509.0,Fluorescence,A,49
1PGA,K50T,0.29,6.5,310.15,GdnHCl,destabilizing,31371509.0,Fluorescence,A,49
1PGA,K50V,1.17,6.5,310.15,GdnHCl,destabilizing,31371509.0,Fluorescence,A,49
1PGA,K50Y,1.35,6.5,310.15,GdnHCl,destabilizing,31371509.0,Fluorescence,A,49
1PGA,T49Y,0.5,6.5,310.15,GdnHCl,destabilizing,31371509.0,Fluorescence,A,48
1PGA,A48E,-0.35,6.5,310.15,GdnHCl,stabilizing,31371509.0,Fluorescence,A,47
1PGA,A48F,-0.46,6.5,310.15,GdnHCl,stabilizing,31371509.0,Fluorescence,A,47
1PGA,A48G,-0.0,6.5,310.15,GdnHCl,stabilizing,31371509.0,Fluorescence,A,47
1PGA,A48H,0.12,6.5,310.15,GdnHCl,destabilizing,31371509.0,Fluorescence,A,47
1PGA,A48I,0.08,6.5,310.15,GdnHCl,destabilizing,31371509.0,Fluorescence,A,47
1PGA,A48K,-0.07,6.5,310.15,GdnHCl,stabilizing,31371509.0,Fluorescence,A,47
1PGA,A48L,-0.5,6.5,310.15,GdnHCl,stabilizing,31371509.0,Fluorescence,A,47
1PGA,A48M,-0.51,6.5,310.15,GdnHCl,stabilizing,31371509.0,Fluorescence,A,47
1PGA,A48N,0.04,6.5,310.15,GdnHCl,destabilizing,31371509.0,Fluorescence,A,47
1PGA,A48P,-0.13,6.5,310.15,GdnHCl,stabilizing,31371509.0,Fluorescence,A,47
1PGA,A48Q,-0.01,6.5,310.15,GdnHCl,stabilizing,31371509.0,Fluorescence,A,47
1PGA,A48R,-0.54,6.5,310.15,GdnHCl,stabilizing,31371509.0,Fluorescence,A,47
1PGA,A48S,-0.12,6.5,310.15,GdnHCl,stabilizing,31371509.0,Fluorescence,A,47
1PGA,A48T,-0.29,6.5,310.15,GdnHCl,stabilizing,31371509.0,Fluorescence,A,47
1PGA,A48V,-0.16,6.5,310.15,GdnHCl,stabilizing,31371509.0,Fluorescence,A,47
1PGA,A48Y,-0.33,6.5,310.15,GdnHCl,stabilizing,31371509.0,Fluorescence,A,47
1PGA,D47F,-0.69,6.5,310.15,GdnHCl,stabilizing,31371509.0,Fluorescence,A,46
1PGA,D47G,-0.58,6.5,310.15,GdnHCl,stabilizing,31371509.0,Fluorescence,A,46
1PGA,D47H,-0.25,6.5,310.15,GdnHCl,stabilizing,31371509.0,Fluorescence,A,46
1PGA,D47I,0.17,6.5,310.15,GdnHCl,destabilizing,31371509.0,Fluorescence,A,46
1PGA,D47K,-0.74,6.5,310.15,GdnHCl,stabilizing,31371509.0,Fluorescence,A,46
1PGA,D47L,-0.33,6.5,310.15,GdnHCl,stabilizing,31371509.0,Fluorescence,A,46
1PGA,D47M,0.33,6.5,310.15,GdnHCl,destabilizing,31371509.0,Fluorescence,A,46
1PGA,D47N,0.75,6.5,310.15,GdnHCl,destabilizing,31371509.0,Fluorescence,A,46
1PGA,D47P,-0.35,6.5,310.15,GdnHCl,stabilizing,31371509.0,Fluorescence,A,46
1PGA,D47Q,-0.9,6.5,310.15,GdnHCl,stabilizing,31371509.0,Fluorescence,A,46
1PGA,D47R,-0.58,6.5,310.15,GdnHCl,stabilizing,31371509.0,Fluorescence,A,46
1PGA,D47S,-0.18,6.5,310.15,GdnHCl,stabilizing,31371509.0,Fluorescence,A,46
1PGA,D47T,-0.46,6.5,310.15,GdnHCl,stabilizing,31371509.0,Fluorescence,A,46
1PGA,D47V,0.07,6.5,310.15,GdnHCl,destabilizing,31371509.0,Fluorescence,A,46
1PGA,D47Y,0.01,6.5,310.15,GdnHCl,destabilizing,31371509.0,Fluorescence,A,46
1PGA,D46F,0.05,6.5,310.15,GdnHCl,destabilizing,31371509.0,Fluorescence,A,45
1PGA,D46G,0.52,6.5,310.15,GdnHCl,destabilizing,31371509.0,Fluorescence,A,45
1PGA,D46H,2.67,6.5,310.15,GdnHCl,destabilizing,31371509.0,Fluorescence,A,45
1PGA,D46I,0.84,6.5,310.15,GdnHCl,destabilizing,31371509.0,Fluorescence,A,45
1PGA,D46K,0.57,6.5,310.15,GdnHCl,destabilizing,31371509.0,Fluorescence,A,45
1PGA,D46L,0.61,6.5,310.15,GdnHCl,destabilizing,31371509.0,Fluorescence,A,45
1PGA,D46M,0.53,6.5,310.15,GdnHCl,destabilizing,31371509.0,Fluorescence,A,45
1PGA,D46N,0.84,6.5,310.15,GdnHCl,destabilizing,31371509.0,Fluorescence,A,45
1PGA,D46P,-0.47,6.5,310.15,GdnHCl,stabilizing,31371509.0,Fluorescence,A,45
1PGA,D46Q,4.0,6.5,310.15,GdnHCl,destabilizing,31371509.0,Fluorescence,A,45
1PGA,D46R,0.38,6.5,310.15,GdnHCl,destabilizing,31371509.0,Fluorescence,A,45
1PGA,D46S,1.72,6.5,310.15,GdnHCl,destabilizing,31371509.0,Fluorescence,A,45
1PGA,D46T,0.2,6.5,310.15,GdnHCl,destabilizing,31371509.0,Fluorescence,A,45
1PGA,D46V,0.8,6.5,310.15,GdnHCl,destabilizing,31371509.0,Fluorescence,A,45
1PGA,D46Y,0.51,6.5,310.15,GdnHCl,destabilizing,31371509.0,Fluorescence,A,45
1PGA,D46E,1.31,6.5,310.15,GdnHCl,destabilizing,31371509.0,Fluorescence,A,45
1PGA,T44Y,0.1,6.5,310.15,GdnHCl,destabilizing,31371509.0,Fluorescence,A,43
1PGA,E42G,-0.63,6.5,310.15,GdnHCl,stabilizing,31371509.0,Fluorescence,A,41
1PGA,E42H,0.88,6.5,310.15,GdnHCl,destabilizing,31371509.0,Fluorescence,A,41
1PGA,E42I,-0.03,6.5,310.15,GdnHCl,stabilizing,31371509.0,Fluorescence,A,41
1PGA,E42K,-1.19,6.5,310.15,GdnHCl,stabilizing,31371509.0,Fluorescence,A,41
1PGA,E42L,-0.65,6.5,310.15,GdnHCl,stabilizing,31371509.0,Fluorescence,A,41
1PGA,E42M,-0.61,6.5,310.15,GdnHCl,stabilizing,31371509.0,Fluorescence,A,41
1PGA,E42N,-0.42,6.5,310.15,GdnHCl,stabilizing,31371509.0,Fluorescence,A,41
1PGA,E42P,-0.25,6.5,310.15,GdnHCl,stabilizing,31371509.0,Fluorescence,A,41
1PGA,E42Q,1.26,6.5,310.15,GdnHCl,destabilizing,31371509.0,Fluorescence,A,41
1PGA,E42R,-0.71,6.5,310.15,GdnHCl,stabilizing,31371509.0,Fluorescence,A,41
1PGA,E42S,-0.55,6.5,310.15,GdnHCl,stabilizing,31371509.0,Fluorescence,A,41
1PGA,E42T,-0.01,6.5,310.15,GdnHCl,stabilizing,31371509.0,Fluorescence,A,41
1PGA,E42V,-0.13,6.5,310.15,GdnHCl,stabilizing,31371509.0,Fluorescence,A,41
1PGA,E42Y,-0.28,6.5,310.15,GdnHCl,stabilizing,31371509.0,Fluorescence,A,41
1PGA,G41I,4.0,6.5,310.15,GdnHCl,destabilizing,31371509.0,Fluorescence,A,40
1PGA,G41K,-0.58,6.5,310.15,GdnHCl,stabilizing,31371509.0,Fluorescence,A,40
1PGA,G41L,2.41,6.5,310.15,GdnHCl,destabilizing,31371509.0,Fluorescence,A,40
1PGA,G41M,4.0,6.5,310.15,GdnHCl,destabilizing,31371509.0,Fluorescence,A,40
1PGA,G41N,-0.19,6.5,310.15,GdnHCl,stabilizing,31371509.0,Fluorescence,A,40
1PGA,G41P,4.0,6.5,310.15,GdnHCl,destabilizing,31371509.0,Fluorescence,A,40
1PGA,G41Q,4.0,6.5,310.15,GdnHCl,destabilizing,31371509.0,Fluorescence,A,40
1PGA,G41R,4.0,6.5,310.15,GdnHCl,destabilizing,31371509.0,Fluorescence,A,40
1PGA,G41S,-0.43,6.5,310.15,GdnHCl,stabilizing,31371509.0,Fluorescence,A,40
1PGA,G41T,4.0,6.5,310.15,GdnHCl,destabilizing,31371509.0,Fluorescence,A,40
1PGA,G41V,4.0,6.5,310.15,GdnHCl,destabilizing,31371509.0,Fluorescence,A,40
1PGA,G41Y,4.0,6.5,310.15,GdnHCl,destabilizing,31371509.0,Fluorescence,A,40
1PGA,D40F,-0.5,6.5,310.15,GdnHCl,stabilizing,31371509.0,Fluorescence,A,39
1PGA,D40G,-0.82,6.5,310.15,GdnHCl,stabilizing,31371509.0,Fluorescence,A,39
1PGA,D40H,0.16,6.5,310.15,GdnHCl,destabilizing,31371509.0,Fluorescence,A,39
1PGA,D40I,4.0,6.5,310.15,GdnHCl,destabilizing,31371509.0,Fluorescence,A,39
1PGA,D40K,-0.59,6.5,310.15,GdnHCl,stabilizing,31371509.0,Fluorescence,A,39
1PGA,D40L,-0.55,6.5,310.15,GdnHCl,stabilizing,31371509.0,Fluorescence,A,39
1PGA,D40M,-0.17,6.5,310.15,GdnHCl,stabilizing,31371509.0,Fluorescence,A,39
1PGA,D40N,-0.46,6.5,310.15,GdnHCl,stabilizing,31371509.0,Fluorescence,A,39
1PGA,D40P,-0.67,6.5,310.15,GdnHCl,stabilizing,31371509.0,Fluorescence,A,39
1PGA,D40Q,1.72,6.5,310.15,GdnHCl,destabilizing,31371509.0,Fluorescence,A,39
1PGA,D40R,-0.72,6.5,310.15,GdnHCl,stabilizing,31371509.0,Fluorescence,A,39
1PGA,D40S,-0.55,6.5,310.15,GdnHCl,stabilizing,31371509.0,Fluorescence,A,39
1PGA,D40T,-0.56,6.5,310.15,GdnHCl,stabilizing,31371509.0,Fluorescence,A,39
1PGA,D40V,-0.57,6.5,310.15,GdnHCl,stabilizing,31371509.0,Fluorescence,A,39
1PGA,D40Y,-0.59,6.5,310.15,GdnHCl,stabilizing,31371509.0,Fluorescence,A,39
1PGA,G38I,-0.5,6.5,310.15,GdnHCl,stabilizing,31371509.0,Fluorescence,A,37
1PGA,G38K,1.44,6.5,310.15,GdnHCl,destabilizing,31371509.0,Fluorescence,A,37
1PGA,G38L,-0.29,6.5,310.15,GdnHCl,stabilizing,31371509.0,Fluorescence,A,37
1PGA,G38M,-0.04,6.5,310.15,GdnHCl,stabilizing,31371509.0,Fluorescence,A,37
1PGA,G38N,0.47,6.5,310.15,GdnHCl,destabilizing,31371509.0,Fluorescence,A,37
1PGA,G38P,-0.3,6.5,310.15,GdnHCl,stabilizing,31371509.0,Fluorescence,A,37
1PGA,G38Q,2.74,6.5,310.15,GdnHCl,destabilizing,31371509.0,Fluorescence,A,37
1PGA,G38R,-0.19,6.5,310.15,GdnHCl,stabilizing,31371509.0,Fluorescence,A,37
1PGA,G38S,0.42,6.5,310.15,GdnHCl,destabilizing,31371509.0,Fluorescence,A,37
1PGA,G38T,0.17,6.5,310.15,GdnHCl,destabilizing,31371509.0,Fluorescence,A,37
1PGA,G38V,1.01,6.5,310.15,GdnHCl,destabilizing,31371509.0,Fluorescence,A,37
1PGA,G38Y,1.31,6.5,310.15,GdnHCl,destabilizing,31371509.0,Fluorescence,A,37
1PGA,N37Q,3.69,6.5,310.15,GdnHCl,destabilizing,31371509.0,Fluorescence,A,36
1PGA,N37R,-0.94,6.5,310.15,GdnHCl,stabilizing,31371509.0,Fluorescence,A,36
1PGA,N37S,-0.42,6.5,310.15,GdnHCl,stabilizing,31371509.0,Fluorescence,A,36
1PGA,N37T,-0.22,6.5,310.15,GdnHCl,stabilizing,31371509.0,Fluorescence,A,36
1PGA,N37V,-0.08,6.5,310.15,GdnHCl,stabilizing,31371509.0,Fluorescence,A,36
1PGA,N37Y,-0.48,6.5,310.15,GdnHCl,stabilizing,31371509.0,Fluorescence,A,36
1PGA,D36F,-1.05,6.5,310.15,GdnHCl,stabilizing,31371509.0,Fluorescence,A,35
1PGA,D36G,0.06,6.5,310.15,GdnHCl,destabilizing,31371509.0,Fluorescence,A,35
1PGA,D36H,0.95,6.5,310.15,GdnHCl,destabilizing,31371509.0,Fluorescence,A,35
1PGA,D36I,0.09,6.5,310.15,GdnHCl,destabilizing,31371509.0,Fluorescence,A,35
1PGA,D36K,-0.28,6.5,310.15,GdnHCl,stabilizing,31371509.0,Fluorescence,A,35
1PGA,D36L,-0.2,6.5,310.15,GdnHCl,stabilizing,31371509.0,Fluorescence,A,35
1PGA,D36M,-0.29,6.5,310.15,GdnHCl,stabilizing,31371509.0,Fluorescence,A,35
1PGA,D36N,-0.5,6.5,310.15,GdnHCl,stabilizing,31371509.0,Fluorescence,A,35
1PGA,D36P,-0.49,6.5,310.15,GdnHCl,stabilizing,31371509.0,Fluorescence,A,35
1PGA,D36Q,2.7,6.5,310.15,GdnHCl,destabilizing,31371509.0,Fluorescence,A,35
1PGA,D36R,-0.41,6.5,310.15,GdnHCl,stabilizing,31371509.0,Fluorescence,A,35
1PGA,D36S,-0.41,6.5,310.15,GdnHCl,stabilizing,31371509.0,Fluorescence,A,35
1PGA,D36T,-0.46,6.5,310.15,GdnHCl,stabilizing,31371509.0,Fluorescence,A,35
1PGA,D36V,0.2,6.5,310.15,GdnHCl,destabilizing,31371509.0,Fluorescence,A,35
1PGA,D36Y,-0.3,6.5,310.15,GdnHCl,stabilizing,31371509.0,Fluorescence,A,35
1PGA,N35Q,4.0,6.5,310.15,GdnHCl,destabilizing,31371509.0,Fluorescence,A,34
1PGA,N35R,-0.84,6.5,310.15,GdnHCl,stabilizing,31371509.0,Fluorescence,A,34
1PGA,N35S,-0.33,6.5,310.15,GdnHCl,stabilizing,31371509.0,Fluorescence,A,34
1PGA,N35T,-0.76,6.5,310.15,GdnHCl,stabilizing,31371509.0,Fluorescence,A,34
1PGA,N35V,-0.48,6.5,310.15,GdnHCl,stabilizing,31371509.0,Fluorescence,A,34
1PGA,N35Y,-0.42,6.5,310.15,GdnHCl,stabilizing,31371509.0,Fluorescence,A,34
1PGA,A34E,4.0,6.5,310.15,GdnHCl,destabilizing,31371509.0,Fluorescence,A,33
1PGA,A34F,2.6,6.5,310.15,GdnHCl,destabilizing,31371509.0,Fluorescence,A,33
1PGA,A34G,1.85,6.5,310.15,GdnHCl,destabilizing,31371509.0,Fluorescence,A,33
1PGA,A34H,1.46,6.5,310.15,GdnHCl,destabilizing,31371509.0,Fluorescence,A,33
1PGA,A34I,3.19,6.5,310.15,GdnHCl,destabilizing,31371509.0,Fluorescence,A,33
1PGA,A34K,0.67,6.5,310.15,GdnHCl,destabilizing,31371509.0,Fluorescence,A,33
1PGA,A34L,2.81,6.5,310.15,GdnHCl,destabilizing,31371509.0,Fluorescence,A,33
1PGA,A34M,-0.11,6.5,310.15,GdnHCl,stabilizing,31371509.0,Fluorescence,A,33
1PGA,A34N,0.45,6.5,310.15,GdnHCl,destabilizing,31371509.0,Fluorescence,A,33
1PGA,A34P,1.46,6.5,310.15,GdnHCl,destabilizing,31371509.0,Fluorescence,A,33
1PGA,A34Q,4.0,6.5,310.15,GdnHCl,destabilizing,31371509.0,Fluorescence,A,33
1PGA,A34R,2.33,6.5,310.15,GdnHCl,destabilizing,31371509.0,Fluorescence,A,33
1PGA,A34S,2.93,6.5,310.15,GdnHCl,destabilizing,31371509.0,Fluorescence,A,33
1PGA,A34T,0.53,6.5,310.15,GdnHCl,destabilizing,31371509.0,Fluorescence,A,33
1PGA,A34V,0.38,6.5,310.15,GdnHCl,destabilizing,31371509.0,Fluorescence,A,33
1PGA,A34Y,-0.02,6.5,310.15,GdnHCl,stabilizing,31371509.0,Fluorescence,A,33
1PGA,Q32S,-0.39,6.5,310.15,GdnHCl,stabilizing,31371509.0,Fluorescence,A,31
1PGA,Q32T,-0.2,6.5,310.15,GdnHCl,stabilizing,31371509.0,Fluorescence,A,31
1PGA,Q32V,-0.32,6.5,310.15,GdnHCl,stabilizing,31371509.0,Fluorescence,A,31
1PGA,Q32Y,0.13,6.5,310.15,GdnHCl,destabilizing,31371509.0,Fluorescence,A,31
1PGA,K31M,-0.17,6.5,310.15,GdnHCl,stabilizing,31371509.0,Fluorescence,A,30
1PGA,K31N,-0.39,6.5,310.15,GdnHCl,stabilizing,31371509.0,Fluorescence,A,30
1PGA,K31P,0.58,6.5,310.15,GdnHCl,destabilizing,31371509.0,Fluorescence,A,30
1PGA,K31Q,4.0,6.5,310.15,GdnHCl,destabilizing,31371509.0,Fluorescence,A,30
1PGA,K31R,-0.45,6.5,310.15,GdnHCl,stabilizing,31371509.0,Fluorescence,A,30
1PGA,K31S,4.0,6.5,310.15,GdnHCl,destabilizing,31371509.0,Fluorescence,A,30
1PGA,K31T,0.72,6.5,310.15,GdnHCl,destabilizing,31371509.0,Fluorescence,A,30
1PGA,K31V,0.48,6.5,310.15,GdnHCl,destabilizing,31371509.0,Fluorescence,A,30
1PGA,K31Y,-0.19,6.5,310.15,GdnHCl,stabilizing,31371509.0,Fluorescence,A,30
1PGA,F30H,4.0,6.5,310.15,GdnHCl,destabilizing,31371509.0,Fluorescence,A,29
1PGA,F30I,4.0,6.5,310.15,GdnHCl,destabilizing,31371509.0,Fluorescence,A,29
1PGA,F30K,4.0,6.5,310.15,GdnHCl,destabilizing,31371509.0,Fluorescence,A,29
1PGA,F30L,4.0,6.5,310.15,GdnHCl,destabilizing,31371509.0,Fluorescence,A,29
1PGA,F30M,0.48,6.5,310.15,GdnHCl,destabilizing,31371509.0,Fluorescence,A,29
1PGA,F30N,1.66,6.5,310.15,GdnHCl,destabilizing,31371509.0,Fluorescence,A,29
1PGA,F30P,4.0,6.5,310.15,GdnHCl,destabilizing,31371509.0,Fluorescence,A,29
1PGA,F30Q,4.0,6.5,310.15,GdnHCl,destabilizing,31371509.0,Fluorescence,A,29
1PGA,F30R,4.0,6.5,310.15,GdnHCl,destabilizing,31371509.0,Fluorescence,A,29
1PGA,F30S,0.28,6.5,310.15,GdnHCl,destabilizing,31371509.0,Fluorescence,A,29
1PGA,F30T,4.0,6.5,310.15,GdnHCl,destabilizing,31371509.0,Fluorescence,A,29
1PGA,F30V,4.0,6.5,310.15,GdnHCl,destabilizing,31371509.0,Fluorescence,A,29
1PGA,F30Y,2.53,6.5,310.15,GdnHCl,destabilizing,31371509.0,Fluorescence,A,29
1PGA,K28M,-0.31,6.5,310.15,GdnHCl,stabilizing,31371509.0,Fluorescence,A,27
1PGA,K28N,-0.58,6.5,310.15,GdnHCl,stabilizing,31371509.0,Fluorescence,A,27
1PGA,K28P,-0.44,6.5,310.15,GdnHCl,stabilizing,31371509.0,Fluorescence,A,27
1PGA,K28Q,1.23,6.5,310.15,GdnHCl,destabilizing,31371509.0,Fluorescence,A,27
1PGA,K28R,-0.61,6.5,310.15,GdnHCl,stabilizing,31371509.0,Fluorescence,A,27
1PGA,K28S,-0.91,6.5,310.15,GdnHCl,stabilizing,31371509.0,Fluorescence,A,27
1PGA,K28T,-0.36,6.5,310.15,GdnHCl,stabilizing,31371509.0,Fluorescence,A,27
1PGA,K28V,-0.19,6.5,310.15,GdnHCl,stabilizing,31371509.0,Fluorescence,A,27
1PGA,K28Y,-0.23,6.5,310.15,GdnHCl,stabilizing,31371509.0,Fluorescence,A,27
1PGA,E27H,-1.92,6.5,310.15,GdnHCl,stabilizing,31371509.0,Fluorescence,A,26
1PGA,E27I,-0.01,6.5,310.15,GdnHCl,stabilizing,31371509.0,Fluorescence,A,26
1PGA,E27K,4.0,6.5,310.15,GdnHCl,destabilizing,31371509.0,Fluorescence,A,26
1PGA,E27M,-0.1,6.5,310.15,GdnHCl,stabilizing,31371509.0,Fluorescence,A,26
1PGA,E27N,-0.83,6.5,310.15,GdnHCl,stabilizing,31371509.0,Fluorescence,A,26
1PGA,E27P,-1.82,6.5,310.15,GdnHCl,stabilizing,31371509.0,Fluorescence,A,26
1PGA,E27Q,-0.93,6.5,310.15,GdnHCl,stabilizing,31371509.0,Fluorescence,A,26
1PGA,E27R,1.64,6.5,310.15,GdnHCl,destabilizing,31371509.0,Fluorescence,A,26
1PGA,E27S,4.0,6.5,310.15,GdnHCl,destabilizing,31371509.0,Fluorescence,A,26
1PGA,E27T,-0.44,6.5,310.15,GdnHCl,stabilizing,31371509.0,Fluorescence,A,26
1PGA,E27V,-0.44,6.5,310.15,GdnHCl,stabilizing,31371509.0,Fluorescence,A,26
1PGA,E27Y,0.36,6.5,310.15,GdnHCl,destabilizing,31371509.0,Fluorescence,A,26
1PGA,A26G,4.0,6.5,310.15,GdnHCl,destabilizing,31371509.0,Fluorescence,A,25
1PGA,A26H,4.0,6.5,310.15,GdnHCl,destabilizing,31371509.0,Fluorescence,A,25
1PGA,A26I,4.0,6.5,310.15,GdnHCl,destabilizing,31371509.0,Fluorescence,A,25
1PGA,A26K,4.0,6.5,310.15,GdnHCl,destabilizing,31371509.0,Fluorescence,A,25
1PGA,A26L,4.0,6.5,310.15,GdnHCl,destabilizing,31371509.0,Fluorescence,A,25
1PGA,A26M,4.0,6.5,310.15,GdnHCl,destabilizing,31371509.0,Fluorescence,A,25
1PGA,A26N,4.0,6.5,310.15,GdnHCl,destabilizing,31371509.0,Fluorescence,A,25
1PGA,A26P,4.0,6.5,310.15,GdnHCl,destabilizing,31371509.0,Fluorescence,A,25
1PGA,A26Q,4.0,6.5,310.15,GdnHCl,destabilizing,31371509.0,Fluorescence,A,25
1PGA,A26R,4.0,6.5,310.15,GdnHCl,destabilizing,31371509.0,Fluorescence,A,25
1PGA,A26S,4.0,6.5,310.15,GdnHCl,destabilizing,31371509.0,Fluorescence,A,25
1PGA,A26T,4.0,6.5,310.15,GdnHCl,destabilizing,31371509.0,Fluorescence,A,25
1PGA,A26V,4.0,6.5,310.15,GdnHCl,destabilizing,31371509.0,Fluorescence,A,25
1PGA,A26Y,2.33,6.5,310.15,GdnHCl,destabilizing,31371509.0,Fluorescence,A,25
1PGA,A24G,-0.27,6.5,310.15,GdnHCl,stabilizing,31371509.0,Fluorescence,A,23
1PGA,A24H,-0.67,6.5,310.15,GdnHCl,stabilizing,31371509.0,Fluorescence,A,23
1PGA,A24I,-0.62,6.5,310.15,GdnHCl,stabilizing,31371509.0,Fluorescence,A,23
1PGA,A24K,-0.15,6.5,310.15,GdnHCl,stabilizing,31371509.0,Fluorescence,A,23
1PGA,A24L,0.39,6.5,310.15,GdnHCl,destabilizing,31371509.0,Fluorescence,A,23
1PGA,A24M,-0.55,6.5,310.15,GdnHCl,stabilizing,31371509.0,Fluorescence,A,23
1PGA,A24N,-0.78,6.5,310.15,GdnHCl,stabilizing,31371509.0,Fluorescence,A,23
1PGA,A24P,-0.27,6.5,310.15,GdnHCl,stabilizing,31371509.0,Fluorescence,A,23
1PGA,A24Q,-0.41,6.5,310.15,GdnHCl,stabilizing,31371509.0,Fluorescence,A,23
1PGA,A24R,0.24,6.5,310.15,GdnHCl,destabilizing,31371509.0,Fluorescence,A,23
1PGA,A24S,0.19,6.5,310.15,GdnHCl,destabilizing,31371509.0,Fluorescence,A,23
1PGA,A24T,-0.05,6.5,310.15,GdnHCl,stabilizing,31371509.0,Fluorescence,A,23
1PGA,A24V,-0.54,6.5,310.15,GdnHCl,stabilizing,31371509.0,Fluorescence,A,23
1PGA,A24Y,-0.22,6.5,310.15,GdnHCl,stabilizing,31371509.0,Fluorescence,A,23
1PGA,A24D,-0.44,6.5,310.15,GdnHCl,stabilizing,31371509.0,Fluorescence,A,23
1PGA,A23G,0.44,6.5,310.15,GdnHCl,destabilizing,31371509.0,Fluorescence,A,22
1PGA,A23H,-0.04,6.5,310.15,GdnHCl,stabilizing,31371509.0,Fluorescence,A,22
1PGA,A23I,-0.59,6.5,310.15,GdnHCl,stabilizing,31371509.0,Fluorescence,A,22
1PGA,A23K,0.83,6.5,310.15,GdnHCl,destabilizing,31371509.0,Fluorescence,A,22
1PGA,A23L,0.2,6.5,310.15,GdnHCl,destabilizing,31371509.0,Fluorescence,A,22
1PGA,A23M,-0.56,6.5,310.15,GdnHCl,stabilizing,31371509.0,Fluorescence,A,22
1PGA,A23N,-0.48,6.5,310.15,GdnHCl,stabilizing,31371509.0,Fluorescence,A,22
1PGA,A23P,-0.22,6.5,310.15,GdnHCl,stabilizing,31371509.0,Fluorescence,A,22
1PGA,A23Q,-0.51,6.5,310.15,GdnHCl,stabilizing,31371509.0,Fluorescence,A,22
1PGA,A23R,0.19,6.5,310.15,GdnHCl,destabilizing,31371509.0,Fluorescence,A,22
1PGA,A23S,0.14,6.5,310.15,GdnHCl,destabilizing,31371509.0,Fluorescence,A,22
1PGA,A23T,-0.8,6.5,310.15,GdnHCl,stabilizing,31371509.0,Fluorescence,A,22
1PGA,A23V,-0.59,6.5,310.15,GdnHCl,stabilizing,31371509.0,Fluorescence,A,22
1PGA,A23Y,-0.16,6.5,310.15,GdnHCl,stabilizing,31371509.0,Fluorescence,A,22
1PGA,A23D,-0.32,6.5,310.15,GdnHCl,stabilizing,31371509.0,Fluorescence,A,22
1PGA,A23E,-0.38,6.5,310.15,GdnHCl,stabilizing,31371509.0,Fluorescence,A,22
1PGA,A23F,-0.38,6.5,310.15,GdnHCl,stabilizing,31371509.0,Fluorescence,A,22
1PGA,D22H,0.82,6.5,310.15,GdnHCl,destabilizing,31371509.0,Fluorescence,A,21
1PGA,D22I,1.08,6.5,310.15,GdnHCl,destabilizing,31371509.0,Fluorescence,A,21
1PGA,D22K,1.03,6.5,310.15,GdnHCl,destabilizing,31371509.0,Fluorescence,A,21
1PGA,D22L,0.99,6.5,310.15,GdnHCl,destabilizing,31371509.0,Fluorescence,A,21
1PGA,D22M,2.21,6.5,310.15,GdnHCl,destabilizing,31371509.0,Fluorescence,A,21
1PGA,D22N,1.22,6.5,310.15,GdnHCl,destabilizing,31371509.0,Fluorescence,A,21
1PGA,D22P,1.18,6.5,310.15,GdnHCl,destabilizing,31371509.0,Fluorescence,A,21
1PGA,D22Q,1.35,6.5,310.15,GdnHCl,destabilizing,31371509.0,Fluorescence,A,21
1PGA,D22R,-0.21,6.5,310.15,GdnHCl,stabilizing,31371509.0,Fluorescence,A,21
1PGA,D22S,2.93,6.5,310.15,GdnHCl,destabilizing,31371509.0,Fluorescence,A,21
1PGA,D22T,1.21,6.5,310.15,GdnHCl,destabilizing,31371509.0,Fluorescence,A,21
1PGA,D22V,1.47,6.5,310.15,GdnHCl,destabilizing,31371509.0,Fluorescence,A,21
1PGA,D22Y,-0.62,6.5,310.15,GdnHCl,stabilizing,31371509.0,Fluorescence,A,21
1PGA,A20G,1.65,6.5,310.15,GdnHCl,destabilizing,31371509.0,Fluorescence,A,19
1PGA,A20H,0.58,6.5,310.15,GdnHCl,destabilizing,31371509.0,Fluorescence,A,19
1PGA,A20I,1.73,6.5,310.15,GdnHCl,destabilizing,31371509.0,Fluorescence,A,19
1PGA,A20K,1.11,6.5,310.15,GdnHCl,destabilizing,31371509.0,Fluorescence,A,19
1PGA,A20L,1.91,6.5,310.15,GdnHCl,destabilizing,31371509.0,Fluorescence,A,19
1PGA,A20M,1.86,6.5,310.15,GdnHCl,destabilizing,31371509.0,Fluorescence,A,19
1PGA,A20N,1.77,6.5,310.15,GdnHCl,destabilizing,31371509.0,Fluorescence,A,19
1PGA,A20P,2.03,6.5,310.15,GdnHCl,destabilizing,31371509.0,Fluorescence,A,19
1PGA,A20Q,1.43,6.5,310.15,GdnHCl,destabilizing,31371509.0,Fluorescence,A,19
1PGA,A20R,2.85,6.5,310.15,GdnHCl,destabilizing,31371509.0,Fluorescence,A,19
1PGA,A20S,3.48,6.5,310.15,GdnHCl,destabilizing,31371509.0,Fluorescence,A,19
1PGA,A20T,-0.12,6.5,310.15,GdnHCl,stabilizing,31371509.0,Fluorescence,A,19
1PGA,A20V,1.47,6.5,310.15,GdnHCl,destabilizing,31371509.0,Fluorescence,A,19
1PGA,A20Y,0.2,6.5,310.15,GdnHCl,destabilizing,31371509.0,Fluorescence,A,19
1PGA,E19I,-0.84,6.5,310.15,GdnHCl,stabilizing,31371509.0,Fluorescence,A,18
1PGA,E19K,1.47,6.5,310.15,GdnHCl,destabilizing,31371509.0,Fluorescence,A,18
1PGA,E19L,-0.02,6.5,310.15,GdnHCl,stabilizing,31371509.0,Fluorescence,A,18
1PGA,E19M,-0.93,6.5,310.15,GdnHCl,stabilizing,31371509.0,Fluorescence,A,18
1PGA,E19N,-0.42,6.5,310.15,GdnHCl,stabilizing,31371509.0,Fluorescence,A,18
1PGA,E19P,-0.37,6.5,310.15,GdnHCl,stabilizing,31371509.0,Fluorescence,A,18
1PGA,E19Q,-0.19,6.5,310.15,GdnHCl,stabilizing,31371509.0,Fluorescence,A,18
1PGA,E19R,-0.64,6.5,310.15,GdnHCl,stabilizing,31371509.0,Fluorescence,A,18
1PGA,E19S,0.78,6.5,310.15,GdnHCl,destabilizing,31371509.0,Fluorescence,A,18
1PGA,E19T,-0.52,6.5,310.15,GdnHCl,stabilizing,31371509.0,Fluorescence,A,18
1PGA,E19V,-0.72,6.5,310.15,GdnHCl,stabilizing,31371509.0,Fluorescence,A,18
1PGA,E19Y,-0.11,6.5,310.15,GdnHCl,stabilizing,31371509.0,Fluorescence,A,18
1PGA,T17Y,-0.18,6.5,310.15,GdnHCl,stabilizing,31371509.0,Fluorescence,A,16
1PGA,T16Y,-0.5,6.5,310.15,GdnHCl,stabilizing,31371509.0,Fluorescence,A,15
1PGA,T16V,-1.31,6.5,310.15,GdnHCl,stabilizing,31371509.0,Fluorescence,A,15
1PGA,E15I,-0.57,6.5,310.15,GdnHCl,stabilizing,31371509.0,Fluorescence,A,14
1PGA,E15K,0.22,6.5,310.15,GdnHCl,destabilizing,31371509.0,Fluorescence,A,14
1PGA,E15L,0.25,6.5,310.15,GdnHCl,destabilizing,31371509.0,Fluorescence,A,14
1PGA,E15M,-0.6,6.5,310.15,GdnHCl,stabilizing,31371509.0,Fluorescence,A,14
1PGA,E15N,-0.13,6.5,310.15,GdnHCl,stabilizing,31371509.0,Fluorescence,A,14
1PGA,E15P,-0.16,6.5,310.15,GdnHCl,stabilizing,31371509.0,Fluorescence,A,14
1PGA,E15Q,-0.72,6.5,310.15,GdnHCl,stabilizing,31371509.0,Fluorescence,A,14
1PGA,E15R,-0.16,6.5,310.15,GdnHCl,stabilizing,31371509.0,Fluorescence,A,14
1PGA,E15S,1.98,6.5,310.15,GdnHCl,destabilizing,31371509.0,Fluorescence,A,14
1PGA,E15T,-0.87,6.5,310.15,GdnHCl,stabilizing,31371509.0,Fluorescence,A,14
1PGA,E15V,-0.28,6.5,310.15,GdnHCl,stabilizing,31371509.0,Fluorescence,A,14
1PGA,E15Y,-0.17,6.5,310.15,GdnHCl,stabilizing,31371509.0,Fluorescence,A,14
1PGA,G14L,-0.08,6.5,310.15,GdnHCl,stabilizing,31371509.0,Fluorescence,A,13
1PGA,G14M,-0.81,6.5,310.15,GdnHCl,stabilizing,31371509.0,Fluorescence,A,13
1PGA,G14N,-0.72,6.5,310.15,GdnHCl,stabilizing,31371509.0,Fluorescence,A,13
1PGA,G14P,-1.25,6.5,310.15,GdnHCl,stabilizing,31371509.0,Fluorescence,A,13
1PGA,G14Q,-0.94,6.5,310.15,GdnHCl,stabilizing,31371509.0,Fluorescence,A,13
1PGA,G14R,-0.03,6.5,310.15,GdnHCl,stabilizing,31371509.0,Fluorescence,A,13
1PGA,G14S,0.88,6.5,310.15,GdnHCl,destabilizing,31371509.0,Fluorescence,A,13
1PGA,G14T,-0.52,6.5,310.15,GdnHCl,stabilizing,31371509.0,Fluorescence,A,13
1PGA,G14V,-0.87,6.5,310.15,GdnHCl,stabilizing,31371509.0,Fluorescence,A,13
1PGA,G14Y,-0.51,6.5,310.15,GdnHCl,stabilizing,31371509.0,Fluorescence,A,13
1PGA,K13P,0.06,6.5,310.15,GdnHCl,destabilizing,31371509.0,Fluorescence,A,12
1PGA,K13Q,-0.32,6.5,310.15,GdnHCl,stabilizing,31371509.0,Fluorescence,A,12
1PGA,K13R,-0.01,6.5,310.15,GdnHCl,stabilizing,31371509.0,Fluorescence,A,12
1PGA,K13S,0.99,6.5,310.15,GdnHCl,destabilizing,31371509.0,Fluorescence,A,12
1PGA,K13T,-1.07,6.5,310.15,GdnHCl,stabilizing,31371509.0,Fluorescence,A,12
1PGA,K13V,-0.33,6.5,310.15,GdnHCl,stabilizing,31371509.0,Fluorescence,A,12
1PGA,K13Y,-0.57,6.5,310.15,GdnHCl,stabilizing,31371509.0,Fluorescence,A,12
1PGA,L12Q,-0.34,6.5,310.15,GdnHCl,stabilizing,31371509.0,Fluorescence,A,11
1PGA,L12R,-0.09,6.5,310.15,GdnHCl,stabilizing,31371509.0,Fluorescence,A,11
1PGA,L12S,1.23,6.5,310.15,GdnHCl,destabilizing,31371509.0,Fluorescence,A,11
1PGA,L12T,-0.14,6.5,310.15,GdnHCl,stabilizing,31371509.0,Fluorescence,A,11
1PGA,L12V,-0.24,6.5,310.15,GdnHCl,stabilizing,31371509.0,Fluorescence,A,11
1PGA,K10Q,-0.72,6.5,310.15,GdnHCl,stabilizing,31371509.0,Fluorescence,A,9
1PGA,K10R,-0.25,6.5,310.15,GdnHCl,stabilizing,31371509.0,Fluorescence,A,9
1PGA,K10S,-0.1,6.5,310.15,GdnHCl,stabilizing,31371509.0,Fluorescence,A,9
1PGA,K10T,0.18,6.5,310.15,GdnHCl,destabilizing,31371509.0,Fluorescence,A,9
1PGA,K10V,-0.11,6.5,310.15,GdnHCl,stabilizing,31371509.0,Fluorescence,A,9
1PGA,K10Y,-0.65,6.5,310.15,GdnHCl,stabilizing,31371509.0,Fluorescence,A,9
1PGA,G09M,1.22,6.5,310.15,GdnHCl,destabilizing,31371509.0,Fluorescence,A,8
1PGA,G09N,0.59,6.5,310.15,GdnHCl,destabilizing,31371509.0,Fluorescence,A,8
1PGA,G09P,1.23,6.5,310.15,GdnHCl,destabilizing,31371509.0,Fluorescence,A,8
1PGA,G09Q,-0.32,6.5,310.15,GdnHCl,stabilizing,31371509.0,Fluorescence,A,8
1PGA,G09R,0.55,6.5,310.15,GdnHCl,destabilizing,31371509.0,Fluorescence,A,8
1PGA,G09S,1.29,6.5,310.15,GdnHCl,destabilizing,31371509.0,Fluorescence,A,8
1PGA,G09T,2.38,6.5,310.15,GdnHCl,destabilizing,31371509.0,Fluorescence,A,8
1PGA,G09V,1.06,6.5,310.15,GdnHCl,destabilizing,31371509.0,Fluorescence,A,8
1PGA,G09Y,0.88,6.5,310.15,GdnHCl,destabilizing,31371509.0,Fluorescence,A,8
1PGA,N08T,1.45,6.5,310.15,GdnHCl,destabilizing,31371509.0,Fluorescence,A,7
1PGA,N08V,-0.29,6.5,310.15,GdnHCl,stabilizing,31371509.0,Fluorescence,A,7
1PGA,N08Y,-0.64,6.5,310.15,GdnHCl,stabilizing,31371509.0,Fluorescence,A,7
1PGA,L07R,-0.5,6.5,310.15,GdnHCl,stabilizing,31371509.0,Fluorescence,A,6
1PGA,L07S,4.0,6.5,310.15,GdnHCl,destabilizing,31371509.0,Fluorescence,A,6
1PGA,L07T,2.88,6.5,310.15,GdnHCl,destabilizing,31371509.0,Fluorescence,A,6
1PGA,L07V,1.54,6.5,310.15,GdnHCl,destabilizing,31371509.0,Fluorescence,A,6
1PGA,L07Y,2.07,6.5,310.15,GdnHCl,destabilizing,31371509.0,Fluorescence,A,6
1PGA,I06P,0.47,6.5,310.15,GdnHCl,destabilizing,31371509.0,Fluorescence,A,5
1PGA,I06Q,0.11,6.5,310.15,GdnHCl,destabilizing,31371509.0,Fluorescence,A,5
1PGA,I06R,0.5,6.5,310.15,GdnHCl,destabilizing,31371509.0,Fluorescence,A,5
1PGA,I06S,0.8,6.5,310.15,GdnHCl,destabilizing,31371509.0,Fluorescence,A,5
1PGA,I06T,4.0,6.5,310.15,GdnHCl,destabilizing,31371509.0,Fluorescence,A,5
1PGA,I06V,0.58,6.5,310.15,GdnHCl,destabilizing,31371509.0,Fluorescence,A,5
1PGA,I06Y,0.66,6.5,310.15,GdnHCl,destabilizing,31371509.0,Fluorescence,A,5
1PGA,L05R,0.68,6.5,310.15,GdnHCl,destabilizing,31371509.0,Fluorescence,A,4
1PGA,L05S,4.0,6.5,310.15,GdnHCl,destabilizing,31371509.0,Fluorescence,A,4
1PGA,L05T,1.65,6.5,310.15,GdnHCl,destabilizing,31371509.0,Fluorescence,A,4
1PGA,L05V,4.0,6.5,310.15,GdnHCl,destabilizing,31371509.0,Fluorescence,A,4
1PGA,L05Y,-0.72,6.5,310.15,GdnHCl,stabilizing,31371509.0,Fluorescence,A,4
1PGA,K04Q,0.21,6.5,310.15,GdnHCl,destabilizing,31371509.0,Fluorescence,A,3
1PGA,K04R,-0.49,6.5,310.15,GdnHCl,stabilizing,31371509.0,Fluorescence,A,3
1PGA,K04S,0.21,6.5,310.15,GdnHCl,destabilizing,31371509.0,Fluorescence,A,3
1PGA,K04T,4.0,6.5,310.15,GdnHCl,destabilizing,31371509.0,Fluorescence,A,3
1PGA,K04V,0.17,6.5,310.15,GdnHCl,destabilizing,31371509.0,Fluorescence,A,3
1PGA,K04Y,-0.77,6.5,310.15,GdnHCl,stabilizing,31371509.0,Fluorescence,A,3
1PGA,M1N,-0.43,6.5,310.15,GdnHCl,stabilizing,31371509.0,Fluorescence,A,0
1PGA,M1P,-0.06,6.5,310.15,GdnHCl,stabilizing,31371509.0,Fluorescence,A,0
1PGA,M1Q,-0.4,6.5,310.15,GdnHCl,stabilizing,31371509.0,Fluorescence,A,0
1PGA,M1R,-0.51,6.5,310.15,GdnHCl,stabilizing,31371509.0,Fluorescence,A,0
1NEY,I170A,0.6,7.0,298.15,Thermal,destabilizing,31508957.0,CD,A,167
1NEY,L230A,0.8,7.0,298.15,Thermal,destabilizing,31508957.0,CD,A,227
1NEY,K12G,3.7,7.0,298.15,Thermal,destabilizing,31508957.0,CD,A,10
1NEY,E97A,-0.2,7.0,298.15,Thermal,stabilizing,31508957.0,CD,A,95
1NEY,E97D,-0.1,7.0,298.15,Thermal,stabilizing,31508957.0,CD,A,95
1NEY,E97Q,-0.1,7.0,298.15,Thermal,stabilizing,31508957.0,CD,A,95
12CA,H94Y,1.17,7.5,298.15,GdnHCl,destabilizing,31778702.0,Fluorescence,A,89
1EKG,L198C,1.0,7.0,298.15,Urea,destabilizing,31932621.0,fluorescence,A,108
1EKG,L200C,2.0,7.0,298.15,Urea,destabilizing,31932621.0,fluorescence,A,110
1EKG,L203C,-1.0,7.0,298.15,Urea,stabilizing,31932621.0,fluorescence,A,113
2V0U,C450A,-0.48,7.0,293.15,Urea,stabilizing,32126442.0,fluorescence,A,49
2JIE,N223Y,5.729996718,7.5,298.15,Thermal,destabilizing,32258884.0,"PTS, Fluorescence",A,219
2JIE,E167A,4.246926329,7.5,298.15,Thermal,destabilizing,32258884.0,"PTS, Fluorescence",A,163
2JIE,N223R,3.976287872,7.5,298.15,Thermal,destabilizing,32258884.0,"PTS, Fluorescence",A,219
2JIE,N223G,3.461741839,7.5,298.15,Thermal,destabilizing,32258884.0,"PTS, Fluorescence",A,219
2JIE,T221A,3.188511067,7.5,298.15,Thermal,destabilizing,32258884.0,"PTS, Fluorescence",A,217
2JIE,C170A,2.99705144,7.5,298.15,Thermal,destabilizing,32258884.0,"PTS, Fluorescence",A,166
2JIE,W402R,2.6148032000000003,7.5,298.15,Thermal,destabilizing,32258884.0,"PTS, Fluorescence",A,398
2JIE,N223H,2.583458502,7.5,298.15,Thermal,destabilizing,32258884.0,"PTS, Fluorescence",A,219
2JIE,C170Q,2.580500112,7.5,298.15,Thermal,destabilizing,32258884.0,"PTS, Fluorescence",A,166
2JIE,W123F,2.189934449,7.5,298.15,Thermal,destabilizing,32258884.0,"PTS, Fluorescence",A,119
2JIE,H104R,1.536371945,7.5,298.15,Thermal,destabilizing,32258884.0,"PTS, Fluorescence",A,100
2JIE,I247E,1.240538196,7.5,298.15,Thermal,destabilizing,32258884.0,"PTS, Fluorescence",A,243
2JIE,Y297A,1.071962454,7.5,298.15,Thermal,destabilizing,32258884.0,"PTS, Fluorescence",A,293
2JIE,W123H,1.059660089,7.5,298.15,Thermal,destabilizing,32258884.0,"PTS, Fluorescence",A,119
2JIE,I247N,0.973881603,7.5,298.15,Thermal,destabilizing,32258884.0,"PTS, Fluorescence",A,243
2JIE,S19A,0.951072454,7.5,298.15,Thermal,destabilizing,32258884.0,"PTS, Fluorescence",A,15
2JIE,S403A,0.919920897,7.5,298.15,Thermal,destabilizing,32258884.0,"PTS, Fluorescence",A,399
2JIE,E426S,0.869791078,7.5,298.15,Thermal,destabilizing,32258884.0,"PTS, Fluorescence",A,422
2JIE,E409A,0.824977228,7.5,298.15,Thermal,destabilizing,32258884.0,"PTS, Fluorescence",A,405
2JIE,W412Y,0.599397648,7.5,298.15,Thermal,destabilizing,32258884.0,"PTS, Fluorescence",A,408
2JIE,N407A,0.464181723,7.5,298.15,Thermal,destabilizing,32258884.0,"PTS, Fluorescence",A,403
2JIE,L174R,0.336463094,7.5,298.15,Thermal,destabilizing,32258884.0,"PTS, Fluorescence",A,170
2JIE,R243D,0.212940232,7.5,298.15,Thermal,destabilizing,32258884.0,"PTS, Fluorescence",A,239
2JIE,N407C,0.142981537,7.5,298.15,Thermal,destabilizing,32258884.0,"PTS, Fluorescence",A,403
2JIE,N296C,-0.017277815,7.5,298.15,Thermal,stabilizing,32258884.0,"PTS, Fluorescence",A,292
2JIE,F418A,-0.16498366,7.5,298.15,Thermal,stabilizing,32258884.0,"PTS, Fluorescence",A,414
2JIE,R243A,-0.165893498,7.5,298.15,Thermal,stabilizing,32258884.0,"PTS, Fluorescence",A,239
2JIE,Q22S,-0.208761239,7.5,298.15,Thermal,destabilizing,32258884.0,"PTS, Fluorescence",A,18
2JIE,W402C,-0.359538952,7.5,298.15,Thermal,stabilizing,32258884.0,"PTS, Fluorescence",A,398
2JIE,N223A,-0.671447366,7.5,298.15,Thermal,destabilizing,32258884.0,"PTS, Fluorescence",A,219
2JIE,L174A,-0.7904751590000001,7.5,298.15,Thermal,destabilizing,32258884.0,"PTS, Fluorescence",A,170
2JIE,E409D,-0.90911325,7.5,298.15,Thermal,destabilizing,32258884.0,"PTS, Fluorescence",A,405
2JIE,W328R,-0.949616067,7.5,298.15,Thermal,destabilizing,32258884.0,"PTS, Fluorescence",A,324
2JIE,T18A,-0.993660065,7.5,298.15,Thermal,destabilizing,32258884.0,"PTS, Fluorescence",A,14
2JIE,W328A,-1.158718273,7.5,298.15,Thermal,destabilizing,32258884.0,"PTS, Fluorescence",A,324
2JIE,S17A,-1.245945817,7.5,298.15,Thermal,destabilizing,32258884.0,"PTS, Fluorescence",A,13
2JIE,M326A,-1.298163468,7.5,298.15,Thermal,destabilizing,32258884.0,"PTS, Fluorescence",A,322
2JIE,S334A,-1.453940887,7.5,298.15,Thermal,destabilizing,32258884.0,"PTS, Fluorescence",A,330
2JIE,R243K,-1.463324109,7.5,298.15,Thermal,destabilizing,32258884.0,"PTS, Fluorescence",A,239
2JIE,E225H,-1.514968656,7.5,298.15,Thermal,destabilizing,32258884.0,"PTS, Fluorescence",A,221
2JIE,Y297F,-1.852888713,7.5,298.15,Thermal,destabilizing,32258884.0,"PTS, Fluorescence",A,293
2JIE,E157D,-2.074732457,7.5,298.15,Thermal,stabilizing,32258884.0,"PTS, Fluorescence",A,153
2JIE,N296A,-2.249965035,7.5,298.15,Thermal,stabilizing,32258884.0,"PTS, Fluorescence",A,292
2JIE,W328H,-2.573463904,7.5,298.15,Thermal,destabilizing,32258884.0,"PTS, Fluorescence",A,324
2JIE,W328C,-2.664000834,7.5,298.15,Thermal,destabilizing,32258884.0,"PTS, Fluorescence",A,324
2JIE,T355A,-2.960923778,7.5,298.15,Thermal,destabilizing,32258884.0,"PTS, Fluorescence",A,351
2JIE,N166C,-2.964126611,7.5,298.15,Thermal,destabilizing,32258884.0,"PTS, Fluorescence",A,162
2JIE,N166A,-3.396750147,7.5,298.15,Thermal,destabilizing,32258884.0,"PTS, Fluorescence",A,162
2JIE,Y21A,-3.4428578510000003,7.5,298.15,Thermal,destabilizing,32258884.0,"PTS, Fluorescence",A,17
2JIE,M224A,-4.097723755,7.5,298.15,Thermal,destabilizing,32258884.0,"PTS, Fluorescence",A,220
2JIE,E225A,-4.3600235660000015,7.5,298.15,Thermal,destabilizing,32258884.0,"PTS, Fluorescence",A,221
1BP2,H48N,3.0,8.0,303.15,GdnHCl,destabilizing,,CD,A,47
1BP2,H48Q,0.6,8.0,303.15,GdnHCl,destabilizing,,CD,A,47
1BP2,H48A,3.1,8.0,303.15,GdnHCl,destabilizing,,CD,A,47
1VII,F47L,2.7,5.0,298.15,"Thermal, Urea",destabilizing,,CD,A,6
1VII,R55M,1.03,5.0,298.15,"Thermal, Urea",destabilizing,,CD,A,14
1VII,D44N,0.74,5.0,298.15,"Thermal, Urea",destabilizing,,CD,A,3
1VII,E45Q,0.37,5.0,298.15,"Thermal, Urea",destabilizing,,CD,A,4
1VII,D46N,0.84,5.0,298.15,"Thermal, Urea",destabilizing,,CD,A,5
1VII,K48M,-0.87,5.0,298.15,"Thermal, Urea",stabilizing,,CD,A,7
1VII,K48M,-0.89,5.0,298.15,"Thermal, Urea",stabilizing,,CD,A,7
1VII,R55K,0.36,5.0,298.15,"Thermal, Urea",destabilizing,,CD,A,14
1VII,K65M,-0.65,5.0,298.15,"Thermal, Urea",stabilizing,,CD,A,24
1VII,K70M,-1.15,5.0,298.15,"Thermal, Urea",stabilizing,,CD,A,29
1VII,K70E,0.02,5.0,298.15,"Thermal, Urea",destabilizing,,CD,A,29
1VII,K71M,0.22,5.0,298.15,"Thermal, Urea",destabilizing,,CD,A,30
1VII,E72Q,0.25,5.0,298.15,"Thermal, Urea",destabilizing,,CD,A,31
1VII,K73M,0.17,5.0,298.15,"Thermal, Urea",destabilizing,,CD,A,32
1VII,K48M,-0.73,3.0,298.15,"Thermal, Urea",stabilizing,,CD,A,7
1VII,K48M,-0.75,3.5,298.15,"Thermal, Urea",stabilizing,,CD,A,7
1VII,K48M,-0.64,4.0,298.15,"Thermal, Urea",stabilizing,,CD,A,7
1VII,K48M,-0.66,4.5,298.15,"Thermal, Urea",stabilizing,,CD,A,7
1VII,K48M,-0.79,5.5,298.15,"Thermal, Urea",stabilizing,,CD,A,7
1VII,K48M,-0.91,6.0,298.15,"Thermal, Urea",stabilizing,,CD,A,7
1VII,N68A,-0.94,5.0,298.15,"Thermal, Urea",stabilizing,,CD,A,27
1ARR,P8A,-2.9,7.5,298.15,Thermal,stabilizing,7664079.0,CD,A,7
1ARR,S35A,-0.2,7.5,298.15,Thermal,stabilizing,7664079.0,CD,A,34
1ARR,N11A,-0.5,7.5,298.15,Thermal,stabilizing,7664079.0,CD,A,10
1ARR,K6A,-0.4,7.5,298.15,Thermal,stabilizing,7664079.0,CD,A,5
1ARR,R16A,-0.2,7.5,298.15,Thermal,stabilizing,7664079.0,CD,A,15
1ARR,M4A,-0.2,7.5,298.15,Thermal,stabilizing,7664079.0,CD,A,3
1ARR,E27A,-0.4,7.5,298.15,Thermal,destabilizing,7664079.0,CD,A,26
1ARR,K2A,-0.1,7.5,298.15,Thermal,destabilizing,7664079.0,CD,A,1
1ARR,Q9A,0.1,7.5,298.15,Thermal,destabilizing,7664079.0,CD,A,8
1ARR,G3A,-0.3,7.5,298.15,Thermal,destabilizing,7664079.0,CD,A,2
1ARR,M1A,0.1,7.5,298.15,Thermal,destabilizing,7664079.0,CD,A,0
1ARR,S5A,-0.1,7.5,298.15,Thermal,destabilizing,7664079.0,CD,A,4
1ARR,R13A,0.6,7.5,298.15,Thermal,destabilizing,7664079.0,CD,A,12
1ARR,E17A,0.5,7.5,298.15,Thermal,destabilizing,7664079.0,CD,A,16
1ARR,E43A,0.3,7.5,298.15,Thermal,destabilizing,7664079.0,CD,A,42
1ARR,M7A,0.6,7.5,298.15,Thermal,destabilizing,7664079.0,CD,A,6
1ARR,D20A,0.8,7.5,298.15,Thermal,destabilizing,7664079.0,CD,A,19
1ARR,L19A,1.725,7.5,298.15,Thermal,destabilizing,7664079.0,CD,A,18
1ARR,F10A,2.7,7.5,298.15,Thermal,destabilizing,7664079.0,CD,A,9
1ARR,N34A,-0.0,7.5,298.15,Thermal,stabilizing,7664079.0,CD,A,33
1ARR,Q39A,-0.1,7.5,298.15,Thermal,stabilizing,7664079.0,CD,A,38
1ARR,G52A,-0.2,7.5,298.15,Thermal,stabilizing,7664079.0,CD,A,51
1ARR,K46A,-0.0,7.5,298.15,Thermal,destabilizing,7664079.0,CD,A,45
1ARR,R23A,1.1,7.5,298.15,Thermal,destabilizing,7664079.0,CD,A,22
1ARR,K24A,0.6,7.5,298.15,Thermal,destabilizing,7664079.0,CD,A,23
1ARR,E28A,0.5,7.5,298.15,Thermal,destabilizing,7664079.0,CD,A,27
1ARR,I51A,1.9,7.5,298.15,Thermal,destabilizing,7664079.0,CD,A,50
1ARR,G49A,2.0,7.5,298.15,Thermal,destabilizing,7664079.0,CD,A,48
1ARR,G30A,2.225,7.5,298.15,Thermal,destabilizing,7664079.0,CD,A,29
1ARR,R50A,1.9,7.5,298.15,Thermal,destabilizing,7664079.0,CD,A,49
1ARR,K47A,1.8,7.5,298.15,Thermal,destabilizing,7664079.0,CD,A,46
1ARR,P15A,1.9,7.5,298.15,Thermal,destabilizing,7664079.0,CD,A,14
1ARR,S44A,1.6,7.5,298.15,Thermal,destabilizing,7664079.0,CD,A,43
1ARR,N29A,1.6,7.5,298.15,Thermal,destabilizing,7664079.0,CD,A,28
1ARR,E48A,2.4,7.5,298.15,Thermal,destabilizing,7664079.0,CD,A,47
1ARR,L12A,2.7,7.5,298.15,Thermal,destabilizing,7664079.0,CD,A,11
1ARR,L21A,3.4,7.5,298.15,Thermal,destabilizing,7664079.0,CD,A,20
1ARR,R31A,3.4,7.5,298.15,Thermal,destabilizing,7664079.0,CD,A,30
1ARR,M42A,3.325,7.5,298.15,Thermal,destabilizing,7664079.0,CD,A,41
1ARR,Y38A,3.48,7.5,298.15,Thermal,destabilizing,7664079.0,CD,A,37
1ARR,W14A,4.0,7.5,298.15,Thermal,destabilizing,7664079.0,CD,A,13
1ARR,R40A,4.6,7.5,298.15,Thermal,destabilizing,7664079.0,CD,A,39
1ARR,V25A,0.4,7.5,298.15,Thermal,destabilizing,7664079.0,CD,A,24
1ARR,V18A,0.5,7.5,298.15,Thermal,destabilizing,7664079.0,CD,A,17
1ARR,V33A,2.1,7.5,298.15,Thermal,destabilizing,7664079.0,CD,A,32
1ARR,S32A,3.8,7.5,298.15,Thermal,destabilizing,7664079.0,CD,A,31
1A5E,W15D,-0.17,8.5,293.15,Urea,stabilizing,12614625.0,CD,A,14
1A5E,L37S,-0.71,8.5,293.15,Urea,stabilizing,12614625.0,CD,A,36
1A5E,L121R,-0.66,8.5,293.15,Urea,stabilizing,12614625.0,CD,A,120
