pdb_id,mutation_code,ddg,ph,temperature,method,effect,source_pmid,measure,_chain,_pdb_res_idx
1WQ5,E49M,-4.6,7.0,298.95,GdnHCl,stabilizing,378988.0,CD,A,48
1WQ5,E49Q,2.5,7.0,298.95,GdnHCl,destabilizing,378988.0,CD,A,48
1TUP,C242S,3.07,7.2,283.15,Unavailable,destabilizing,1203434.0,Unavailable,A,148
1TUP,F134L,4.78,7.2,283.15,Unavailable,destabilizing,1203434.0,Unavailable,A,40
1TUP,F270C,4.54,7.2,283.15,Unavailable,destabilizing,1203434.0,Unavailable,A,176
1TUP,I195T,4.12,7.2,283.15,Unavailable,destabilizing,1203434.0,Unavailable,A,101
1TUP,I232T,3.19,7.2,283.15,Unavailable,destabilizing,1203434.0,Unavailable,A,138
1TUP,I255F,3.29,7.2,283.15,Unavailable,destabilizing,1203434.0,Unavailable,A,161
1TUP,L145Q,2.98,7.2,283.15,Unavailable,destabilizing,1203434.0,Unavailable,A,51
1TUP,M237I,3.18,7.2,283.15,Unavailable,destabilizing,1203434.0,Unavailable,A,143
1TUP,P151S,4.49,7.2,283.15,Unavailable,destabilizing,1203434.0,Unavailable,A,57
1TUP,R175A,0.73,7.2,283.15,Unavailable,destabilizing,1203434.0,Unavailable,A,81
1TUP,R248Q,1.87,7.2,283.15,Unavailable,destabilizing,1203434.0,Unavailable,A,154
1TUP,V157F,3.88,7.2,283.15,Unavailable,destabilizing,1203434.0,Unavailable,A,63
1I5T,Y67F,1.96,7.0,288.15,GdnHCl,destabilizing,1326327.0,Fluorescence,A,66
1I5T,P30A,5.39,7.0,288.15,GdnHCl,destabilizing,1326327.0,Fluorescence,A,29
1YCC,C102T,-2.3,7.2,300.15,GdnHCl,stabilizing,1334426.0,CD,A,105
1YCC,V20C,1.1,7.2,300.15,GdnHCl,destabilizing,1334426.0,CD,A,24
1RTB,P93S,2.1,4.2,329.2,Thermal,destabilizing,1338975.0,CD,A,92
1RTB,P114A,3.2,4.2,329.2,Thermal,destabilizing,1338975.0,CD,A,113
1RTB,P114G,2.8,4.2,329.2,Thermal,destabilizing,1338975.0,CD,A,113
1RTB,P93A,2.7,4.2,329.2,Thermal,destabilizing,1338975.0,CD,A,92
1BP2,F22Y,-1.5,8.0,303.15,GdnHCl,stabilizing,1420172.0,CD,A,21
1BP2,F22I,-2.7,8.0,303.15,GdnHCl,stabilizing,1420172.0,CD,A,21
1BP2,F22A,-0.5,8.0,303.15,GdnHCl,stabilizing,1420172.0,CD,A,21
1BP2,F106Y,-0.6,8.0,303.15,GdnHCl,stabilizing,1420172.0,CD,A,105
1BP2,F106I,-1.9,8.0,303.15,GdnHCl,stabilizing,1420172.0,CD,A,105
1BP2,F106A,0.9,8.0,298.15,GdnHCl,destabilizing,1420172.0,CD,A,105
2WSY,F22L,1.05,7.8,298.15,Urea,destabilizing,1540577.0,CD,A,21
2WSY,F22V,3.44,7.8,298.15,Urea,destabilizing,1540577.0,CD,A,21
2WSY,F22I,4.58,7.8,298.15,Urea,destabilizing,1540577.0,CD,A,21
1LRP,V36I,-1.0,7.0,298.15,GdnHCl,stabilizing,1567879.0,CD,A,32
1LRP,V36I,-0.6,7.0,278.15,GdnHCl,stabilizing,1567879.0,CD,A,32
1LRP,M40A,2.0,7.0,298.15,GdnHCl,destabilizing,1567879.0,CD,A,36
1LRP,M40A,2.1,7.0,278.15,GdnHCl,destabilizing,1567879.0,CD,A,36
1RX4,P66A,-1.3,7.8,288.15,Urea,stabilizing,1610817.0,Abs,A,65
1RX4,R44L,-1.4,7.8,288.15,Urea,stabilizing,1610817.0,Abs,A,43
1YCC,N52I,-4.3,6.0,319.65,Thermal,stabilizing,1646814.0,Abs,A,56
1YCC,C102A,-2.9,6.0,319.65,Thermal,stabilizing,1646814.0,Abs,A,105
1YCC,C102S,-2.8,6.0,319.65,Thermal,stabilizing,1646814.0,Abs,A,105
1C2R,K12D,1.2,7.5,298.15,GdnHCl,destabilizing,1654091.0,CD,A,11
1C2R,K14E,1.1,7.5,298.15,GdnHCl,destabilizing,1654091.0,CD,A,13
1C2R,K32E,-0.3,7.5,298.15,GdnHCl,stabilizing,1654091.0,CD,A,31
1ANK,D84H,1.4,7.2,324.95,Thermal,destabilizing,1748642.0,DSC,A,83
1ANK,G85V,2.4,7.2,324.95,Thermal,destabilizing,1748642.0,DSC,A,84
1ANK,F86L,0.8,7.2,324.95,Thermal,destabilizing,1748642.0,DSC,A,85
3PGK,H388Q,0.84,6.5,298.15,GdnHCl,destabilizing,1765074.0,CD,A,387
1P2P,N89D,0.19,7.0,293.15,GdnHCl,destabilizing,1817255.0,Abs,A,88
1C2R,Y75F,2.7,7.5,293.15,GdnHCl,destabilizing,1850617.0,CD,A,74
1C2R,Y75C,3.05,7.5,293.15,GdnHCl,destabilizing,1850617.0,CD,A,74
2TRX,D26A,-4.6,8.5,298.15,GdnHCl,stabilizing,1854757.0,CD,A,25
2TRX,D26A,-4.4,8.0,298.15,GdnHCl,stabilizing,1854757.0,CD,A,25
2TRX,D26A,-4.2,7.5,298.15,GdnHCl,stabilizing,1854757.0,CD,A,25
2TRX,D26A,-3.7,7.0,298.15,GdnHCl,stabilizing,1854757.0,CD,A,25
1RX4,V88A,-0.2,7.2,293.15,Urea,stabilizing,1868058.0,CD,A,87
1RX4,V88I,1.73,7.2,293.15,Urea,destabilizing,1868058.0,CD,A,87
2DRI,V50E,3.5,7.7,298.15,GuHCI,destabilizing,1904869.0,Fluorescence,A,49
2DRI,A27T,3.3,7.7,298.15,GuHCI,destabilizing,1904869.0,Fluorescence,A,26
2TRX,P34S,-2.4,8.7,296.15,Urea,stabilizing,1961723.0,Abs,A,33
1WQ5,P132G,0.6,7.0,298.15,GdnHCl,destabilizing,2008436.0,CD,A,123
1WQ5,P132G,0.78,9.0,327.25,Thermal,destabilizing,2008436.0,DSC,A,123
1WQ5,P132A,0.92,9.0,327.25,Thermal,destabilizing,2008436.0,DSC,A,123
1WQ5,P28G,1.6,7.0,298.15,GdnHCl,destabilizing,2008436.0,CD,A,27
1WQ5,P207A,1.64,9.0,327.25,Thermal,destabilizing,2008436.0,DSC,A,196
1WQ5,P207A,1.8,7.0,298.15,GdnHCl,destabilizing,2008436.0,CD,A,196
1WQ5,P96A,2.0,9.0,327.25,Thermal,destabilizing,2008436.0,DSC,A,87
1WQ5,P28A,2.5,7.0,298.15,GdnHCl,destabilizing,2008436.0,CD,A,27
1BVC,A130L,2.3,7.5,273.15,Urea,destabilizing,2021603.0,CD,A,129
1BVC,A130K,3.7,7.5,273.15,Urea,destabilizing,2021603.0,CD,A,129
1BVC,F123T,3.5,7.5,273.15,Urea,destabilizing,2021603.0,CD,A,122
1LRP,P78A,1.6,7.0,328.15,Thermal,destabilizing,2148681.0,CD,A,74
1WQ5,G211V,-0.25,7.8,298.15,Urea,stabilizing,2185841.0,CD,A,200
1WQ5,G211R,0.05,7.8,277.15,Urea,destabilizing,2185841.0,CD,A,200
1WQ5,G211E,0.2,7.8,298.15,Urea,destabilizing,2185841.0,CD,A,200
1WQ5,G211D,0.25,7.8,298.15,Urea,destabilizing,2185841.0,CD,A,200
1WQ5,G211S,0.35,7.8,298.15,Urea,destabilizing,2185841.0,CD,A,200
1WQ5,G211W,0.6,7.8,298.15,Urea,destabilizing,2185841.0,CD,A,200
2CI2,R67A,1.4,4.2,323.15,GdnHCl,destabilizing,2207072.0,Fluorescence,I,48
1IGV,E17Q,-0.38,7.0,298.15,Urea,stabilizing,2217161.0,CD,A,16
1IGV,D19N,-0.74,7.0,298.15,Urea,stabilizing,2217161.0,CD,A,18
1IGV,E26Q,-0.09,7.0,298.15,Urea,stabilizing,2217161.0,CD,A,25
5CRO,Y26D,-2.7,7.0,318.15,Thermal,stabilizing,2314475.0,CD,O,25
5CRO,Y26C,-2.2,7.0,318.15,Thermal,stabilizing,2314475.0,CD,O,25
5CRO,Y26H,-1.9,7.0,318.15,Thermal,stabilizing,2314475.0,CD,O,25
5CRO,Y26Q,-1.4,7.0,318.15,Thermal,stabilizing,2314475.0,CD,O,25
5CRO,Y26W,0.1,7.0,318.15,Thermal,destabilizing,2314475.0,CD,O,25
5CRO,Y26L,-1.1,7.0,318.15,Thermal,stabilizing,2314475.0,CD,O,25
5CRO,Y26V,-0.9,7.0,318.15,Thermal,stabilizing,2314475.0,CD,O,25
5CRO,Y26F,-0.4,7.0,318.15,Thermal,stabilizing,2314475.0,CD,O,25
1TPK,V65I,-0.3,4.5,337.45,Thermal,stabilizing,2502177.0,DSC,A,69
1TPK,V65T,1.0,4.5,337.45,Thermal,destabilizing,2502177.0,DSC,A,69
1TPK,V65L,1.9,4.5,337.45,Thermal,destabilizing,2502177.0,DSC,A,69
1TPK,V65A,2.0,4.5,337.45,Thermal,destabilizing,2502177.0,DSC,A,69
1TPK,V65M,2.2,4.5,337.45,Thermal,destabilizing,2502177.0,DSC,A,69
1TPK,V65S,2.4,4.5,337.45,Thermal,destabilizing,2502177.0,DSC,A,69
1CLW,G323D,0.4,7.4,361.55,Thermal,destabilizing,2525128.0,DSC,A,210
1CLW,T235I,1.6,7.4,361.55,Thermal,destabilizing,2525128.0,DSC,A,122
1CLW,G177R,2.1,7.4,361.55,Thermal,destabilizing,2525128.0,DSC,A,64
1CLW,E309V,2.3,7.4,361.55,Thermal,destabilizing,2525128.0,DSC,A,196
1CLW,G244R,4.0,7.4,361.55,Thermal,destabilizing,2525128.0,DSC,A,131
1CLW,R285K,10.3,7.4,361.55,Thermal,destabilizing,2525128.0,DSC,A,172
1CLW,R382S,17.4,7.4,361.55,Thermal,destabilizing,2525128.0,DSC,A,269
1ANK,R88G,0.2,7.4,324.95,Thermal,destabilizing,2542263.0,DSC,A,87
1RX4,W74F,1.2,7.8,288.15,Urea,destabilizing,2622906.0,Abs,A,73
1RX4,V75C,0.05,7.8,288.15,Urea,destabilizing,2655702.0,CD,A,74
1RX4,V75S,0.8,7.8,288.15,Urea,destabilizing,2655702.0,CD,A,74
1RX4,V75H,1.85,7.8,288.15,Urea,destabilizing,2655702.0,CD,A,74
1RX4,V75H,1.6,6.5,288.15,Urea,destabilizing,2655702.0,CD,A,74
1RX4,V75I,1.65,7.8,288.15,Urea,destabilizing,2655702.0,CD,A,74
1RX4,V75R,2.0,7.8,288.15,Urea,destabilizing,2655702.0,CD,A,74
1RX4,V75Y,1.8,7.8,288.15,Urea,destabilizing,2655702.0,CD,A,74
1RX4,V75A,0.05,7.8,288.15,Urea,destabilizing,2655702.0,CD,A,74
1SUP,N218S,-1.07,8.0,331.95,Thermal,stabilizing,2684274.0,DSC,A,217
1SUP,G169A,-0.3,8.0,331.95,Thermal,stabilizing,2684274.0,DSC,A,168
1SUP,M50F,-0.48,8.0,331.95,Thermal,stabilizing,2684274.0,DSC,A,49
1SUP,Y217K,-0.72,8.0,331.95,Thermal,stabilizing,2684274.0,DSC,A,216
1SUP,Q206C,-1.25,8.0,331.95,Thermal,stabilizing,2684274.0,DSC,A,205
1SUP,N76D,-0.45,8.0,331.95,Thermal,stabilizing,2684274.0,DSC,A,75
1RX4,L28R,-0.5,7.8,288.15,Urea,stabilizing,2692706.0,Abs,A,27
1RX4,E139K,2.36,7.8,288.15,Urea,destabilizing,2692706.0,Abs,A,138
1RX4,E139Q,0.89,7.8,288.15,Urea,destabilizing,2692706.0,Abs,A,138
5CRO,Q16L,-2.8,3.0,318.15,Thermal,stabilizing,2780540.0,CD,O,15
5CRO,Y26C,-2.2,3.0,318.15,Thermal,stabilizing,2780540.0,CD,O,25
5CRO,A36S,-0.4,3.0,318.15,Thermal,stabilizing,2780540.0,CD,O,35
1YEA,P71T,0.8,7.2,293.15,GdnHCl,destabilizing,2822088.0,Fluorescence,A,79
1YEA,P76G,1.2,6.0,293.15,GdnHCl,destabilizing,2851328.0,Fluorescence,A,83
1WQ5,E49M,-2.85,7.8,298.15,Urea,stabilizing,2872918.0,CD,A,48
1WQ5,G234D,-1.7,7.8,298.15,Urea,stabilizing,2872918.0,CD,A,223
1WQ5,G211E,-1.4,7.8,298.15,Urea,stabilizing,2872918.0,CD,A,200
1WQ5,F22L,-0.7,7.8,298.15,Urea,stabilizing,2872918.0,CD,A,21
1WQ5,G234K,-0.1,7.8,298.15,Urea,stabilizing,2872918.0,CD,A,223
1ARR,K24T,1.2,7.5,298.15,GdnHCl,destabilizing,2928323.0,CD,A,23
1ARR,L19Q,1.8,7.5,298.15,GdnHCl,destabilizing,2928323.0,CD,A,18
1YCC,P71V,1.0,6.0,293.15,GdnHCl,destabilizing,3026439.0,Fluorescence,A,75
1YCC,P71T,1.7,6.0,293.15,GdnHCl,destabilizing,3026439.0,Fluorescence,A,75
1YCC,P71I,1.7,6.0,293.15,GdnHCl,destabilizing,3026439.0,Fluorescence,A,75
1LRP,Y88C,-2.5,8.0,333.15,Thermal,stabilizing,3061460.0,DSC,A,84
1WQ5,E49I,-1.24,9.0,298.15,GdnHCl,stabilizing,3299367.0,CD,A,48
1WQ5,E49L,-1.04,9.0,298.15,GdnHCl,stabilizing,3299367.0,CD,A,48
1WQ5,E49V,-1.01,9.0,298.15,GdnHCl,stabilizing,3299367.0,CD,A,48
1WQ5,E49P,-0.8,9.0,298.15,GdnHCl,stabilizing,3299367.0,CD,A,48
1WQ5,E49H,-0.67,9.0,298.15,GdnHCl,stabilizing,3299367.0,CD,A,48
1WQ5,E49G,-0.6,9.0,298.15,GdnHCl,stabilizing,3299367.0,CD,A,48
1WQ5,E49A,-0.59,9.0,298.15,GdnHCl,stabilizing,3299367.0,CD,A,48
1WQ5,E49Q,-0.54,9.0,298.15,GdnHCl,stabilizing,3299367.0,CD,A,48
1WQ5,E49M,-0.52,9.0,298.15,GdnHCl,stabilizing,3299367.0,CD,A,48
1WQ5,E49I,-0.46,7.0,298.15,GdnHCl,stabilizing,3299367.0,CD,A,48
1WQ5,E49L,-0.44,7.0,298.15,GdnHCl,stabilizing,3299367.0,CD,A,48
1WQ5,E49K,-0.39,9.0,298.15,GdnHCl,stabilizing,3299367.0,CD,A,48
1WQ5,E49H,-0.33,7.0,298.15,GdnHCl,stabilizing,3299367.0,CD,A,48
1WQ5,E49N,-0.27,9.0,298.15,GdnHCl,stabilizing,3299367.0,CD,A,48
1WQ5,E49Y,-0.26,9.0,298.15,GdnHCl,stabilizing,3299367.0,CD,A,48
1WQ5,E49K,-0.2,7.0,298.15,GdnHCl,stabilizing,3299367.0,CD,A,48
1WQ5,E49V,-0.14,7.0,298.15,GdnHCl,stabilizing,3299367.0,CD,A,48
1WQ5,E49S,-0.09,9.0,298.15,GdnHCl,stabilizing,3299367.0,CD,A,48
1WQ5,E49G,-0.08,7.0,298.15,GdnHCl,stabilizing,3299367.0,CD,A,48
1WQ5,E49C,-0.01,7.0,298.15,GdnHCl,stabilizing,3299367.0,CD,A,48
1WQ5,E49P,-0.0,7.0,298.15,GdnHCl,stabilizing,3299367.0,CD,A,48
1WQ5,E49F,0.02,9.0,298.15,GdnHCl,destabilizing,3299367.0,CD,A,48
1WQ5,E49D,0.03,9.0,298.15,GdnHCl,destabilizing,3299367.0,CD,A,48
1WQ5,E49M,0.05,7.0,298.15,GdnHCl,destabilizing,3299367.0,CD,A,48
1WQ5,E49A,0.08,7.0,298.15,GdnHCl,destabilizing,3299367.0,CD,A,48
1WQ5,E49C,0.13,9.0,298.15,GdnHCl,destabilizing,3299367.0,CD,A,48
1WQ5,E49Y,0.17,7.0,298.15,GdnHCl,destabilizing,3299367.0,CD,A,48
1WQ5,E49Q,0.23,7.0,298.15,GdnHCl,destabilizing,3299367.0,CD,A,48
1WQ5,E49T,0.26,9.0,298.15,GdnHCl,destabilizing,3299367.0,CD,A,48
1WQ5,E49S,0.59,7.0,298.15,GdnHCl,destabilizing,3299367.0,CD,A,48
1WQ5,E49T,0.62,7.0,298.15,GdnHCl,destabilizing,3299367.0,CD,A,48
1WQ5,E49N,0.69,7.0,298.15,GdnHCl,destabilizing,3299367.0,CD,A,48
1WQ5,E49D,0.8,7.0,298.15,GdnHCl,destabilizing,3299367.0,CD,A,48
1WQ5,E49F,0.86,7.0,298.15,GdnHCl,destabilizing,3299367.0,CD,A,48
1WQ5,E49W,0.97,7.0,298.15,GdnHCl,destabilizing,3299367.0,CD,A,48
1WQ5,E49W,1.1,9.0,298.15,GdnHCl,destabilizing,3299367.0,CD,A,48
1RX4,D27N,-1.4,7.8,288.15,Urea,stabilizing,3300767.0,Fluorescence,A,26
1RX4,L28R,-1.405,7.8,288.15,Urea,stabilizing,3300767.0,Fluorescence,A,27
1RX4,F31V,1.5,7.8,288.15,Urea,destabilizing,3300767.0,Fluorescence,A,30
1RX4,R44L,-1.45,7.8,288.15,Urea,stabilizing,3300767.0,Fluorescence,A,43
1RX4,T113V,1.2,7.8,288.15,Urea,destabilizing,3300767.0,Fluorescence,A,112
1RX4,E139K,1.335,7.8,288.15,Urea,destabilizing,3300767.0,Fluorescence,A,138
2TRX,P76A,3.9,7.0,298.15,GdnHCl,destabilizing,3322388.0,CD,A,75
2TRX,P34S,0.1,7.0,298.15,GdnHCl,destabilizing,3322388.0,CD,A,33
1IGV,P20G,1.19,7.1,298.15,Urea,destabilizing,3409879.0,CD,A,19
1IGV,Y13F,1.19,7.1,298.15,Urea,destabilizing,3409879.0,CD,A,12
1IGV,E17Q,-0.48,7.1,298.15,Urea,stabilizing,3409879.0,CD,A,16
1LRP,G48A,-0.87,8.0,326.55,Thermal,stabilizing,3449850.0,DSC,A,44
1LRP,G48N,-0.79,8.0,326.55,Thermal,stabilizing,3449850.0,DSC,A,44
1LRP,G48S,-0.68,8.0,326.55,Thermal,stabilizing,3449850.0,DSC,A,44
1LRP,G46A,-0.66,8.0,326.55,Thermal,stabilizing,3449850.0,DSC,A,42
1WQ5,G211E,-0.43,7.8,298.15,Urea,stabilizing,3539187.0,Abs,A,200
1WQ5,Y175C,0.1,7.8,298.15,Urea,destabilizing,3539187.0,Abs,A,166
1BLC,D179N,0.435406699,6.5,293.15,GdnHCl,destabilizing,3877172.0,CD,A,145
6DS9,E41Q,-0.2,8.5,298.15,GdnHCl,stabilizing,6183058.0,MCD,A,39
1LRP,A66T,2.99,8.0,324.65,Thermal,destabilizing,6237363.0,DSC,A,62
1LRP,Y22H,2.25,8.0,324.65,Thermal,destabilizing,6237363.0,DSC,A,18
1LRP,I84S,2.25,8.0,324.65,Thermal,destabilizing,6237363.0,DSC,A,80
1LRP,A49V,1.22,8.0,324.65,Thermal,destabilizing,6237363.0,DSC,A,45
1LRP,Q44Y,0.02,8.0,324.65,Thermal,destabilizing,6237363.0,DSC,A,40
1LRP,K4Q,-0.43,8.0,324.65,Thermal,stabilizing,6237363.0,DSC,A,0
1LRP,Q33Y,-1.32,8.0,324.65,Thermal,stabilizing,6237363.0,DSC,A,29
1WQ5,E49V,-4.5,9.0,298.15,GdnHCl,stabilizing,6757449.0,CD,A,48
1WQ5,E49M,-4.5,7.0,298.15,GdnHCl,stabilizing,6757449.0,CD,A,48
1WQ5,E49Q,-3.6,9.0,298.15,GdnHCl,stabilizing,6757449.0,CD,A,48
1WQ5,E49M,-3.5,9.0,298.15,GdnHCl,stabilizing,6757449.0,CD,A,48
1WQ5,E49V,-3.2,7.0,298.15,GdnHCl,stabilizing,6757449.0,CD,A,48
1WQ5,E49S,-3.1,9.0,298.15,GdnHCl,stabilizing,6757449.0,CD,A,48
1WQ5,E49Y,-1.9,9.0,298.15,GdnHCl,stabilizing,6757449.0,CD,A,48
1WQ5,E49V,-0.9,5.5,298.15,GdnHCl,stabilizing,6757449.0,CD,A,48
1WQ5,E49M,-0.7,5.5,298.15,GdnHCl,stabilizing,6757449.0,CD,A,48
1WQ5,E49Y,-0.0,7.0,298.15,GdnHCl,stabilizing,6757449.0,CD,A,48
1WQ5,E49Y,0.4,5.5,298.15,GdnHCl,destabilizing,6757449.0,CD,A,48
1WQ5,E49S,1.3,5.5,298.15,GdnHCl,destabilizing,6757449.0,CD,A,48
1WQ5,E49S,1.4,7.0,298.15,GdnHCl,destabilizing,6757449.0,CD,A,48
1WQ5,E49Q,2.4,5.5,298.15,GdnHCl,destabilizing,6757449.0,CD,A,48
1WQ5,E49Q,2.5,7.0,298.15,GdnHCl,destabilizing,6757449.0,CD,A,48
1WQ5,E49Q,-2.6,9.3,298.15,Thermal,stabilizing,6816746.0,DSC,A,48
1WQ5,E49S,-1.3,9.3,298.15,Thermal,stabilizing,6816746.0,DSC,A,48
1WQ5,E49S,1.05,7.0,298.15,Thermal,destabilizing,6816746.0,DSC,A,48
1WQ5,E49Q,1.75,7.0,298.15,Thermal,destabilizing,6816746.0,DSC,A,48
1WQ5,G211E,-0.6,7.8,330.95,Thermal,stabilizing,6992862.0,DSC,A,200
1WQ5,G211R,-0.1,7.8,330.95,Thermal,stabilizing,6992862.0,DSC,A,200
1BTA,L51V,0.6,8.0,283.15,Urea,destabilizing,7479862.0,CD,A,50
1BTA,I5V,1.0,8.0,283.15,Urea,destabilizing,7479862.0,CD,A,4
1BTA,L16V,1.1,8.0,283.15,Urea,destabilizing,7479862.0,CD,A,15
1BTA,L34V,1.1,8.0,283.15,Urea,destabilizing,7479862.0,CD,A,33
2CI2,K21A,0.795,6.25,298.15,GdnHCl,destabilizing,7490748.0,Fluorescence,I,2
2CI2,K21M,0.7,6.25,298.15,GdnHCl,destabilizing,7490748.0,Fluorescence,I,2
2CI2,P25A,-0.915,6.25,298.15,GdnHCl,stabilizing,7490748.0,Fluorescence,I,6
2CI2,E26A,0.75,6.25,298.15,GdnHCl,destabilizing,7490748.0,Fluorescence,I,7
2CI2,E26Q,0.595,6.25,298.15,GdnHCl,destabilizing,7490748.0,Fluorescence,I,7
2CI2,K30A,0.39,6.25,298.15,GdnHCl,destabilizing,7490748.0,Fluorescence,I,11
2CI2,S31G,0.43,6.25,298.15,GdnHCl,destabilizing,7490748.0,Fluorescence,I,12
2CI2,S31A,0.955,6.25,298.15,GdnHCl,destabilizing,7490748.0,Fluorescence,I,12
2CI2,E33Q,0.345,6.25,298.15,GdnHCl,destabilizing,7490748.0,Fluorescence,I,14
2CI2,E33D,0.645,6.25,298.15,GdnHCl,destabilizing,7490748.0,Fluorescence,I,14
2CI2,E33N,0.49,6.25,298.15,GdnHCl,destabilizing,7490748.0,Fluorescence,I,14
2CI2,E34Q,0.575,6.25,298.15,GdnHCl,destabilizing,7490748.0,Fluorescence,I,15
2CI2,E34D,0.19,6.25,298.15,GdnHCl,destabilizing,7490748.0,Fluorescence,I,15
2CI2,E34N,0.575,6.25,298.15,GdnHCl,destabilizing,7490748.0,Fluorescence,I,15
2CI2,A35G,1.25,6.25,298.15,GdnHCl,destabilizing,7490748.0,Fluorescence,I,16
2CI2,K36A,0.81,6.25,298.15,GdnHCl,destabilizing,7490748.0,Fluorescence,I,17
2CI2,K36G,2.165,6.25,298.15,GdnHCl,destabilizing,7490748.0,Fluorescence,I,17
2CI2,K37A,0.39,6.25,298.15,GdnHCl,destabilizing,7490748.0,Fluorescence,I,18
2CI2,K37G,1.285,6.25,298.15,GdnHCl,destabilizing,7490748.0,Fluorescence,I,18
2CI2,V38A,0.275,6.25,298.15,GdnHCl,destabilizing,7490748.0,Fluorescence,I,19
2CI2,I39V,1.135,6.25,298.15,GdnHCl,destabilizing,7490748.0,Fluorescence,I,20
2CI2,L40A,1.27,6.25,298.15,GdnHCl,destabilizing,7490748.0,Fluorescence,I,21
2CI2,L40G,1.735,6.25,298.15,GdnHCl,destabilizing,7490748.0,Fluorescence,I,21
2CI2,Q41A,0.28,6.25,298.15,GdnHCl,destabilizing,7490748.0,Fluorescence,I,22
2CI2,Q41G,0.76,6.25,298.15,GdnHCl,destabilizing,7490748.0,Fluorescence,I,22
2CI2,D42A,1.005,6.25,298.15,GdnHCl,destabilizing,7490748.0,Fluorescence,I,23
2CI2,K43A,1.25,6.25,298.15,GdnHCl,destabilizing,7490748.0,Fluorescence,I,24
2CI2,K43G,3.34,6.25,298.15,GdnHCl,destabilizing,7490748.0,Fluorescence,I,24
2CI2,P44A,1.49,6.25,298.15,GdnHCl,destabilizing,7490748.0,Fluorescence,I,25
2CI2,E45A,0.55,6.25,298.15,GdnHCl,destabilizing,7490748.0,Fluorescence,I,26
2CI2,L51A,2.055,6.25,298.15,GdnHCl,destabilizing,7490748.0,Fluorescence,I,32
2CI2,L51I,0.635,6.25,298.15,GdnHCl,destabilizing,7490748.0,Fluorescence,I,32
2CI2,L51V,0.76,6.25,298.15,GdnHCl,destabilizing,7490748.0,Fluorescence,I,32
2CI2,P52A,0.375,6.25,298.15,GdnHCl,destabilizing,7490748.0,Fluorescence,I,33
2CI2,T55S,0.5,6.25,298.15,GdnHCl,destabilizing,7490748.0,Fluorescence,I,36
2CI2,T55V,1.165,6.25,298.15,GdnHCl,destabilizing,7490748.0,Fluorescence,I,36
2CI2,T55A,0.595,6.25,298.15,GdnHCl,destabilizing,7490748.0,Fluorescence,I,36
2CI2,I56A,0.655,6.25,298.15,GdnHCl,destabilizing,7490748.0,Fluorescence,I,37
2CI2,V57A,1.07,6.25,298.15,GdnHCl,destabilizing,7490748.0,Fluorescence,I,38
2CI2,E60A,0.91,6.25,298.15,GdnHCl,destabilizing,7490748.0,Fluorescence,I,41
2CI2,R62A,0.8,6.25,298.15,GdnHCl,destabilizing,7490748.0,Fluorescence,I,43
2CI2,D64A,0.91,6.25,298.15,GdnHCl,destabilizing,7490748.0,Fluorescence,I,45
2CI2,F69L,2.015,6.25,298.15,GdnHCl,destabilizing,7490748.0,Fluorescence,I,50
2CI2,F69V,1.9,6.25,298.15,GdnHCl,destabilizing,7490748.0,Fluorescence,I,50
2CI2,F69A,3.525,6.25,298.15,GdnHCl,destabilizing,7490748.0,Fluorescence,I,50
2CI2,D71A,3.275,6.25,298.15,GdnHCl,destabilizing,7490748.0,Fluorescence,I,52
2CI2,K72N,0.603,6.25,298.15,GdnHCl,destabilizing,7490748.0,Fluorescence,I,53
2CI2,N75D,1.36,6.25,298.15,GdnHCl,destabilizing,7490748.0,Fluorescence,I,56
2CI2,N75A,1.025,6.25,298.15,GdnHCl,destabilizing,7490748.0,Fluorescence,I,56
2CI2,P80A,3.42,6.25,298.15,GdnHCl,destabilizing,7490748.0,Fluorescence,I,61
1YEA,N52I,-3.5,6.0,293.15,GdnHCl,stabilizing,7548046.0,DSC,A,60
1YEA,P25G,0.8,6.0,293.15,GdnHCl,destabilizing,7548046.0,DSC,A,33
1YEA,P76G,1.1,6.0,293.15,GdnHCl,destabilizing,7548046.0,DSC,A,83
1YEA,H33N,1.3,6.0,293.15,GdnHCl,destabilizing,7548046.0,DSC,A,41
1I5T,H26V,3.78,7.2,298.15,Urea,destabilizing,7548170.0,Abs,A,25
1I5T,N52I,3.14,7.2,298.15,Urea,destabilizing,7548170.0,Abs,A,51
1I5T,H33F,-0.67,7.2,298.15,Urea,stabilizing,7548170.0,Abs,A,32
1I5T,P30A,5.74,7.2,298.15,Urea,destabilizing,7548170.0,Abs,A,29
1I5T,P30V,5.0,7.2,298.15,Urea,destabilizing,7548170.0,Abs,A,29
1I5T,Y67F,2.31,7.2,298.15,Urea,destabilizing,7548170.0,Abs,A,66
3MBP,W10A,4.3062200960000006,7.6,298.15,GdnHCl,destabilizing,7549876.0,Fluorescence,A,9
3MBP,A276G,1.886883,7.6,298.15,GdnHCl,destabilizing,7549876.0,Fluorescence,A,275
3PGK,W333Y,1.4,7.5,298.15,GdnHCl,destabilizing,7577989.0,CD,A,332
3PGK,W308Y,0.77,7.5,298.15,GdnHCl,destabilizing,7577989.0,CD,A,307
3PGK,F194W,0.64,7.5,298.15,GdnHCl,destabilizing,7577989.0,CD,A,193
3PGK,Y122W,1.29,7.5,298.15,GdnHCl,destabilizing,7577989.0,CD,A,121
3PGK,Y48W,1.77,7.5,298.15,GdnHCl,destabilizing,7577989.0,CD,A,47
3PGK,L399W,2.68,7.5,298.15,GdnHCl,destabilizing,7577989.0,CD,A,398
1WQ5,F258W,-0.23,7.8,296.15,Urea,stabilizing,7629069.0,Abs,A,247
1WQ5,F139W,0.07,7.8,296.15,Urea,destabilizing,7629069.0,Abs,A,130
2AKY,N169D,2.1531100480000003,7.5,298.15,Thermal,destabilizing,7635152.0,Fluorescence,A,166
2AKY,T77H,2.1531100480000003,7.5,298.15,Thermal,destabilizing,7635152.0,Fluorescence,A,74
2AKY,V8I,1.196172249,7.5,298.15,Thermal,destabilizing,7635152.0,Fluorescence,A,5
2AKY,I213F,1.913875598,7.5,298.15,Thermal,destabilizing,7635152.0,Fluorescence,A,210
1POH,S31A,0.33492823,7.0,303.15,Urea,destabilizing,7663349.0,CD,A,30
2CI2,T22V,0.32,6.3,298.15,GdnHCl,destabilizing,7727432.0,Fluorescence,I,3
2CI2,T22A,0.85,6.3,298.15,GdnHCl,destabilizing,7727432.0,Fluorescence,I,3
2CI2,T22G,1.16,6.3,298.15,GdnHCl,destabilizing,7727432.0,Fluorescence,I,3
2CI2,I49V,-0.08,6.3,298.15,GdnHCl,stabilizing,7727432.0,Fluorescence,I,30
2CI2,I49A,2.12,6.3,298.15,GdnHCl,destabilizing,7727432.0,Fluorescence,I,30
2CI2,I49G,3.52,6.3,298.15,GdnHCl,destabilizing,7727432.0,Fluorescence,I,30
2CI2,I49T,1.34,6.3,298.15,GdnHCl,destabilizing,7727432.0,Fluorescence,I,30
2CI2,V53T,1.03,6.3,298.15,GdnHCl,destabilizing,7727432.0,Fluorescence,I,34
2CI2,V53A,0.64,6.3,298.15,GdnHCl,destabilizing,7727432.0,Fluorescence,I,34
2CI2,V53G,2.43,6.3,298.15,GdnHCl,destabilizing,7727432.0,Fluorescence,I,34
2CI2,A77G,1.88,6.3,298.15,GdnHCl,destabilizing,7727432.0,Fluorescence,I,58
2CI2,V79T,0.38,6.3,298.15,GdnHCl,destabilizing,7727432.0,Fluorescence,I,60
2CI2,V79A,1.51,6.3,298.15,GdnHCl,destabilizing,7727432.0,Fluorescence,I,60
2CI2,V79G,3.24,6.3,298.15,GdnHCl,destabilizing,7727432.0,Fluorescence,I,60
2CI2,V82T,1.15,6.3,298.15,GdnHCl,destabilizing,7727432.0,Fluorescence,I,63
2CI2,V82A,1.45,6.3,298.15,GdnHCl,destabilizing,7727432.0,Fluorescence,I,63
2CI2,V82G,3.5,6.3,298.15,GdnHCl,destabilizing,7727432.0,Fluorescence,I,63
1YCC,N52L,-4.73,7.0,295.15,GdnHCl,stabilizing,7766619.0,Fluorescence,A,56
1YCC,N52I,-4.1,7.0,295.15,GdnHCl,stabilizing,7766619.0,Fluorescence,A,56
1YCC,N52M,-4.04,7.0,295.15,GdnHCl,stabilizing,7766619.0,Fluorescence,A,56
1YCC,N52I,-3.14,4.6,322.35,Thermal,stabilizing,7766619.0,DSC,A,56
1YCC,N52I,-3.03,4.0,318.55,Thermal,stabilizing,7766619.0,DSC,A,56
1YCC,N52A,-2.97,7.0,295.15,GdnHCl,stabilizing,7766619.0,Fluorescence,A,56
1YCC,N52M,-2.91,4.0,318.55,Thermal,stabilizing,7766619.0,DSC,A,56
1YCC,N52I,-2.62,3.5,313.25,Thermal,stabilizing,7766619.0,DSC,A,56
1YCC,N52L,-2.56,4.6,322.35,Thermal,stabilizing,7766619.0,DSC,A,56
1YCC,N52V,-2.44,4.0,318.55,Thermal,stabilizing,7766619.0,DSC,A,56
1YCC,N52M,-2.25,4.6,322.35,Thermal,stabilizing,7766619.0,DSC,A,56
1YCC,N52V,-2.02,7.0,295.15,GdnHCl,stabilizing,7766619.0,Fluorescence,A,56
1YCC,N52I,-2.02,5.0,336.45,Thermal,stabilizing,7766619.0,DSC,A,56
1YCC,N52T,-1.9,7.0,295.15,GdnHCl,stabilizing,7766619.0,Fluorescence,A,56
1YCC,N52V,-1.67,4.6,322.35,Thermal,stabilizing,7766619.0,DSC,A,56
1YCC,N52T,-1.01,4.0,318.55,Thermal,stabilizing,7766619.0,DSC,A,56
1YCC,N52T,-0.98,3.5,313.25,Thermal,stabilizing,7766619.0,DSC,A,56
1YCC,N52S,-0.74,4.0,318.55,Thermal,stabilizing,7766619.0,DSC,A,56
1YCC,N52A,-0.63,4.6,322.35,Thermal,stabilizing,7766619.0,DSC,A,56
1YCC,N52T,-0.59,4.6,322.35,Thermal,stabilizing,7766619.0,DSC,A,56
1YCC,N52S,0.05,4.6,322.35,Thermal,destabilizing,7766619.0,DSC,A,56
1YCC,N52F,0.06,7.0,295.15,GdnHCl,destabilizing,7766619.0,Fluorescence,A,56
1YCC,N52Q,0.08,4.6,322.35,Thermal,destabilizing,7766619.0,DSC,A,56
1YCC,N52S,0.37,7.0,295.15,GdnHCl,destabilizing,7766619.0,Fluorescence,A,56
1YCC,N52T,0.53,5.0,336.45,Thermal,destabilizing,7766619.0,DSC,A,56
1YCC,N52Q,0.84,7.0,295.15,GdnHCl,destabilizing,7766619.0,Fluorescence,A,56
1YCC,N52H,1.27,4.6,322.35,Thermal,destabilizing,7766619.0,DSC,A,56
1YCC,N52S,1.29,5.0,336.45,Thermal,destabilizing,7766619.0,DSC,A,56
1YCC,N52H,1.7,7.0,295.15,GdnHCl,destabilizing,7766619.0,Fluorescence,A,56
1YCC,N52I,-4.1,7.0,295.15,GdnHCl,stabilizing,7766620.0,DSC,A,56
1YCC,N52I,-3.14,4.6,335.35,Thermal,stabilizing,7766620.0,DSC,A,56
1YCC,N52I,-3.14,4.6,310.15,Thermal,stabilizing,7766620.0,DSC,A,56
1YCC,G6A,3.5,7.0,295.15,GdnHCl,destabilizing,7766620.0,DSC,A,10
3SSI,M103V,1.35,3.2,326.51,Thermal,destabilizing,7783215.0,DSC,A,97
3SSI,M103I,2.01,3.2,326.51,Thermal,destabilizing,7783215.0,DSC,A,97
3SSI,M103L,-0.77,3.2,326.51,Thermal,stabilizing,7783215.0,DSC,A,97
3SSI,M103A,2.32,7.0,355.36,Thermal,destabilizing,7783215.0,DSC,A,97
3SSI,M103V,1.84,7.0,355.36,Thermal,destabilizing,7783215.0,DSC,A,97
3SSI,M103I,1.89,7.0,355.36,Thermal,destabilizing,7783215.0,DSC,A,97
3SSI,M103L,-0.15,7.0,355.36,Thermal,stabilizing,7783215.0,DSC,A,97
3SSI,M103A,2.8,9.5,353.85,Thermal,destabilizing,7783215.0,DSC,A,97
3SSI,M103V,2.22,9.5,353.85,Thermal,destabilizing,7783215.0,DSC,A,97
3SSI,M103I,2.29,9.5,353.85,Thermal,destabilizing,7783215.0,DSC,A,97
3SSI,M103L,0.29,9.5,353.85,Thermal,destabilizing,7783215.0,DSC,A,97
3SSI,M103A,1.35,3.2,326.51,Thermal,destabilizing,7783215.0,DSC,A,97
3SSI,M103G,6.82,7.0,355.36,Thermal,destabilizing,7783215.0,DSC,A,97
3SSI,M103G,7.1,9.5,353.85,Thermal,destabilizing,7783215.0,DSC,A,97
3SSI,V13G,10.3,7.0,355.36,Thermal,destabilizing,7783216.0,DSC,A,7
3SSI,V13F,5.69,7.0,355.36,Thermal,destabilizing,7783216.0,DSC,A,7
3SSI,V13I,0.84,7.0,355.36,Thermal,destabilizing,7783216.0,DSC,A,7
3SSI,V13L,2.21,7.0,355.36,Thermal,destabilizing,7783216.0,DSC,A,7
3SSI,V13M,5.92,7.0,355.36,Thermal,destabilizing,7783216.0,DSC,A,7
3SSI,V13A,6.93,9.5,355.36,Thermal,destabilizing,7783216.0,DSC,A,7
3SSI,V13G,9.31,9.5,355.36,Thermal,destabilizing,7783216.0,DSC,A,7
3SSI,V13F,5.33,9.5,355.36,Thermal,destabilizing,7783216.0,DSC,A,7
3SSI,V13I,0.94,9.5,355.36,Thermal,destabilizing,7783216.0,DSC,A,7
3SSI,V13L,2.52,9.5,355.36,Thermal,destabilizing,7783216.0,DSC,A,7
3SSI,V13M,5.43,9.5,355.36,Thermal,destabilizing,7783216.0,DSC,A,7
3SSI,V13A,6.78,7.0,355.36,Thermal,destabilizing,7783216.0,DSC,A,7
3SSI,M73K,-1.27,3.2,326.51,Thermal,stabilizing,7783217.0,DSC,A,67
3SSI,M73D,-1.08,3.2,326.51,Thermal,stabilizing,7783217.0,DSC,A,67
3SSI,M73E,-0.35,3.2,326.51,Thermal,stabilizing,7783217.0,DSC,A,67
3SSI,M73G,0.21,3.2,326.51,Thermal,destabilizing,7783217.0,DSC,A,67
3SSI,M73A,-0.54,3.2,326.51,Thermal,stabilizing,7783217.0,DSC,A,67
3SSI,M73V,0.46,3.2,326.51,Thermal,destabilizing,7783217.0,DSC,A,67
3SSI,M73L,0.13,3.2,326.51,Thermal,destabilizing,7783217.0,DSC,A,67
3SSI,M73I,0.73,3.2,326.51,Thermal,destabilizing,7783217.0,DSC,A,67
3SSI,M73D,-1.6,7.0,326.51,Thermal,stabilizing,7783217.0,DSC,A,67
3SSI,M73E,-1.05,7.0,326.51,Thermal,stabilizing,7783217.0,DSC,A,67
3SSI,M73G,0.06,7.0,326.51,Thermal,destabilizing,7783217.0,DSC,A,67
3SSI,M73A,-0.55,7.0,326.51,Thermal,stabilizing,7783217.0,DSC,A,67
3SSI,M73V,0.66,7.0,326.51,Thermal,destabilizing,7783217.0,DSC,A,67
3SSI,M73L,0.25,7.0,326.51,Thermal,destabilizing,7783217.0,DSC,A,67
3SSI,M73I,0.94,7.0,326.51,Thermal,destabilizing,7783217.0,DSC,A,67
3SSI,M73K,-0.35,7.0,326.51,Thermal,stabilizing,7783217.0,DSC,A,67
3SSI,M73D,-1.25,9.5,326.51,Thermal,stabilizing,7783217.0,DSC,A,67
3SSI,M73E,-0.56,9.5,326.51,Thermal,stabilizing,7783217.0,DSC,A,67
3SSI,M73G,0.49,9.5,326.51,Thermal,destabilizing,7783217.0,DSC,A,67
3SSI,M73A,-0.13,9.5,326.51,Thermal,stabilizing,7783217.0,DSC,A,67
3SSI,M73V,0.95,9.5,326.51,Thermal,destabilizing,7783217.0,DSC,A,67
3SSI,M73L,0.55,9.5,326.51,Thermal,destabilizing,7783217.0,DSC,A,67
3SSI,M73I,1.28,9.5,326.51,Thermal,destabilizing,7783217.0,DSC,A,67
3SSI,M73K,-0.05,9.5,326.51,Thermal,stabilizing,7783217.0,DSC,A,67
1RX4,G121A,-0.5,7.0,288.15,Urea,stabilizing,7798183.0,CD,A,120
1RX4,G121C,-0.09,7.0,288.15,Urea,stabilizing,7798183.0,CD,A,120
1RX4,G121D,-0.19,7.0,288.15,Urea,stabilizing,7798183.0,CD,A,120
1RX4,G121V,0.99,7.0,288.15,Urea,destabilizing,7798183.0,CD,A,120
1RX4,G121H,0.11,7.0,288.15,Urea,destabilizing,7798183.0,CD,A,120
1RX4,G121L,0.63,7.0,288.15,Urea,destabilizing,7798183.0,CD,A,120
1RX4,G121Y,0.2,7.0,288.15,Urea,destabilizing,7798183.0,CD,A,120
1RX4,G121S,-0.01,7.0,288.15,Urea,stabilizing,7798183.0,CD,A,120
3PGK,W333F,-2.2,7.5,295.15,GdnHCl,stabilizing,7819231.0,CD,A,332
3PGK,W308Y,3.6,7.5,295.15,GdnHCl,destabilizing,7819231.0,CD,A,307
1ARR,P8L,-2.55,7.5,326.55,Thermal,stabilizing,7827088.0,CD,A,7
1ARR,P8L,-2.49,7.5,298.15,GdnHCl,stabilizing,7827088.0,Fluorescence,A,7
1ARR,P8L,-2.4,7.5,293.15,GdnHCl,stabilizing,7827088.0,Fluorescence,A,7
2TRX,L78K,3.9,7.0,358.47,Thermal,destabilizing,7857925.0,DSC,A,77
2TRX,L78R,4.0,7.0,358.47,Thermal,destabilizing,7857925.0,DSC,A,77
1CAH,W5F,2.5,7.5,296.15,GdnHCl,destabilizing,7857926.0,Fluorescence,A,2
1CAH,W16F,4.5,7.5,296.15,GdnHCl,destabilizing,7857926.0,Fluorescence,A,13
1YCC,A7Y,-0.07,2.1,,Thermal,stabilizing,7880808.0,CD,A,11
1YCC,L94I,0.155,2.1,,Thermal,destabilizing,7880808.0,CD,A,97
1YCC,A7L,0.23,2.1,,Thermal,destabilizing,7880808.0,CD,A,11
1YCC,Y97F,0.255,2.1,,Thermal,destabilizing,7880808.0,CD,A,100
1YCC,F10Y,0.895,2.1,,Thermal,destabilizing,7880808.0,CD,A,14
1YCC,F10W,1.315,2.1,,Thermal,destabilizing,7880808.0,CD,A,14
1YCC,L94I,-0.33,4.6,325.8,Thermal,stabilizing,7880822.0,CD,A,97
1YCC,Y97F,-0.24,4.6,325.8,Thermal,stabilizing,7880822.0,CD,A,100
1YCC,F10Y,0.47,4.6,325.8,Thermal,destabilizing,7880822.0,CD,A,14
1YCC,L94V,1.06,4.6,325.8,Thermal,destabilizing,7880822.0,CD,A,97
1YCC,F10I,1.14,4.6,325.8,Thermal,destabilizing,7880822.0,CD,A,14
1YCC,F10W,1.3,4.6,325.8,Thermal,destabilizing,7880822.0,CD,A,14
1YCC,L94T,3.05,4.6,325.8,Thermal,destabilizing,7880822.0,CD,A,97
1YCC,F10M,3.52,4.6,325.8,Thermal,destabilizing,7880822.0,CD,A,14
1YCC,L94A,3.58,4.6,325.8,Thermal,destabilizing,7880822.0,CD,A,97
1YCC,Y97A,4.87,4.6,325.8,Thermal,destabilizing,7880822.0,CD,A,100
1YCC,K73L,0.03,7.5,298.15,GdnHCl,destabilizing,7893716.0,CD,A,76
1YCC,K73R,0.03,7.5,298.15,GdnHCl,destabilizing,7893716.0,CD,A,76
1YCC,K73A,0.45,7.5,298.15,GdnHCl,destabilizing,7893716.0,CD,A,76
1YCC,K73G,0.74,7.5,298.15,GdnHCl,destabilizing,7893716.0,CD,A,76
1YCC,K73I,1.19,7.5,298.15,GdnHCl,destabilizing,7893716.0,CD,A,76
1YCC,K73V,1.38,7.5,298.15,GdnHCl,destabilizing,7893716.0,CD,A,76
2CI2,K43A,0.64,6.3,298.15,GdnHCl,destabilizing,7908135.0,DSC,I,24
2CI2,E45A,0.57,6.3,298.15,GdnHCl,destabilizing,7908135.0,DSC,I,26
2CI2,P44A,1.93,6.3,298.15,GdnHCl,destabilizing,7908135.0,DSC,I,25
2CI2,K43A,0.26,4.15,347.45,Thermal,destabilizing,7908135.0,CD,I,24
2CI2,E45A,0.82,4.15,347.45,Thermal,destabilizing,7908135.0,CD,I,26
2CI2,P44A,1.82,4.15,347.45,Thermal,destabilizing,7908135.0,CD,I,25
2CI2,E33Q,0.31,6.25,298.15,GdnHCl,destabilizing,7937708.0,Fluorescence,I,14
2CI2,S31G,0.09,3.5,298.15,Thermal,destabilizing,7937708.0,DSC,I,12
2CI2,S31A,1.03,3.0,298.15,Thermal,destabilizing,7937708.0,DSC,I,12
2CI2,E33N,0.48,6.25,298.15,GdnHCl,destabilizing,7937708.0,Fluorescence,I,14
2CI2,E33D,0.72,6.25,298.15,GdnHCl,destabilizing,7937708.0,Fluorescence,I,14
2CI2,E34Q,0.76,6.25,298.15,GdnHCl,destabilizing,7937708.0,Fluorescence,I,15
2CI2,S31G,0.82,6.25,298.15,GdnHCl,destabilizing,7937708.0,Fluorescence,I,12
2CI2,S31A,0.92,6.25,298.15,GdnHCl,destabilizing,7937708.0,Fluorescence,I,12
2CI2,E34N,1.1,6.25,298.15,GdnHCl,destabilizing,7937708.0,Fluorescence,I,15
2CI2,T58D,0.03,6.3,298.15,GdnHCl,destabilizing,7947796.0,Fluorescence,I,39
2CI2,T58A,0.67,6.3,298.15,GdnHCl,destabilizing,7947796.0,Fluorescence,I,39
2CI2,E60A,1.05,6.3,298.15,GdnHCl,destabilizing,7947796.0,Fluorescence,I,41
3SSI,D83N,0.98,9.5,353.85,Thermal,destabilizing,7981212.0,DSC,A,77
3SSI,D83N,0.878,7.0,355.36,Thermal,destabilizing,7981212.0,DSC,A,77
3SSI,D83N,0.7040000000000001,3.0,319.73,Thermal,destabilizing,7981212.0,DSC,A,77
3SSI,D83C,0.478,9.5,353.85,Thermal,destabilizing,7981212.0,DSC,A,77
3SSI,D83C,0.028,7.0,355.36,Thermal,destabilizing,7981212.0,DSC,A,77
3SSI,D83N,-0.6829999999999999,3.2,326.51,Thermal,destabilizing,7981212.0,DSC,A,77
3SSI,D83C,-0.968,3.0,319.73,Thermal,stabilizing,7981212.0,DSC,A,77
3SSI,D83C,-1.273,3.2,326.51,Thermal,stabilizing,7981212.0,DSC,A,77
1YCC,C102T,-4.084267,7.0,303.15,Urea,stabilizing,8033888.0,Fluorescence,A,105
1B0O,W19Y,6.9,7.1,303.15,GdnHCl,destabilizing,8043610.0,CD,A,17
1YCC,C102A,-1.62,5.0,320.55,Thermal,stabilizing,8049222.0,DSC,A,105
1YCC,C102A,-1.11,6.0,323.85,Thermal,stabilizing,8049222.0,DSC,A,105
3HHR,S71T,0.195,8.0,293.15,GdnHCl,destabilizing,8060992.0,CD,A,70
3HHR,S71A,1.115,8.0,293.15,GdnHCl,destabilizing,8060992.0,CD,A,70
3HHR,S71V,1.255,8.0,293.15,GdnHCl,destabilizing,8060992.0,CD,A,70
3HHR,S71Q,1.37,8.0,293.15,GdnHCl,destabilizing,8060992.0,CD,A,70
3HHR,E74D,1.265,8.0,293.15,GdnHCl,destabilizing,8060992.0,CD,A,73
3HHR,E74Q,0.71,8.0,293.15,GdnHCl,destabilizing,8060992.0,CD,A,73
3HHR,E74A,0.95,8.0,293.15,GdnHCl,destabilizing,8060992.0,CD,A,73
3HHR,E74S,1.01,8.0,293.15,GdnHCl,destabilizing,8060992.0,CD,A,73
3HHR,E74T,1.135,8.0,293.15,GdnHCl,destabilizing,8060992.0,CD,A,73
3HHR,E74L,1.015,8.0,293.15,GdnHCl,destabilizing,8060992.0,CD,A,73
1A23,C30S,-1.8,7.5,298.15,Urea,stabilizing,8110795.0,CD,A,29
1A23,C33S,-1.1,7.5,298.15,Urea,stabilizing,8110795.0,CD,A,32
3PGK,W308F,3.67,7.5,298.15,GdnHCl,destabilizing,8117679.0,Fluorescence,A,307
3PGK,W333F,3.985,7.5,298.15,GdnHCl,destabilizing,8117679.0,Fluorescence,A,332
1C5G,R53E,1.2,6.6,323.35,Thermal,destabilizing,8142362.0,CD,A,29
1C5G,E373R,0.3,6.6,323.35,Thermal,destabilizing,8142362.0,CD,A,349
1C5G,E373P,-0.3,6.6,323.35,Thermal,stabilizing,8142362.0,CD,A,349
1QLP,F51C,-3.01,6.5,296.15,Urea,stabilizing,8144550.0,Fluorescence,A,28
1BVC,H93G,-0.02,7.0,273.15,Urea,stabilizing,8158639.0,CD,A,92
1BVC,H82Q,0.025,7.0,273.15,Urea,destabilizing,8158639.0,CD,A,81
1BVC,H97Q,0.055,7.0,273.15,Urea,destabilizing,8158639.0,CD,A,96
1BVC,H113Q,0.13,7.0,273.15,Urea,destabilizing,8158639.0,CD,A,112
1BVC,H64Q,0.225,7.0,273.15,Urea,destabilizing,8158639.0,CD,A,63
1BVC,H24V,0.26,7.0,273.15,Urea,destabilizing,8158639.0,CD,A,23
1BVC,H48Q,0.31,7.0,273.15,Urea,destabilizing,8158639.0,CD,A,47
1BVC,H119F,0.34,7.0,273.15,Urea,destabilizing,8158639.0,CD,A,118
1BVC,H36Q,0.65,7.0,273.15,Urea,destabilizing,8158639.0,CD,A,35
1PGA,T53G,1.21,5.2,333.15,Thermal,destabilizing,8180173.0,CD,A,52
1PGA,T53D,0.85,5.2,333.15,Thermal,destabilizing,8180173.0,CD,A,52
1PGA,T53E,-0.23,5.2,333.15,Thermal,stabilizing,8180173.0,CD,A,52
1PGA,T53K,-0.35,5.2,333.15,Thermal,stabilizing,8180173.0,CD,A,52
1PGA,T53H,-0.37,5.2,333.15,Thermal,stabilizing,8180173.0,CD,A,52
1PGA,T53Q,-0.38,5.2,333.15,Thermal,stabilizing,8180173.0,CD,A,52
1PGA,T53R,-0.4,5.2,333.15,Thermal,stabilizing,8180173.0,CD,A,52
1PGA,T53L,-0.45,5.2,333.15,Thermal,stabilizing,8180173.0,CD,A,52
1PGA,T53N,-0.52,5.2,333.15,Thermal,stabilizing,8180173.0,CD,A,52
1PGA,T53C,-0.78,5.2,333.15,Thermal,stabilizing,8180173.0,CD,A,52
1PGA,T53S,-0.87,5.2,333.15,Thermal,stabilizing,8180173.0,CD,A,52
1PGA,T53M,-0.9,5.2,333.15,Thermal,stabilizing,8180173.0,CD,A,52
1PGA,T53V,-0.94,5.2,333.15,Thermal,stabilizing,8180173.0,CD,A,52
1PGA,T53W,-1.04,5.2,333.15,Thermal,stabilizing,8180173.0,CD,A,52
1PGA,T53F,-1.08,5.2,333.15,Thermal,stabilizing,8180173.0,CD,A,52
1PGA,T53I,-1.25,5.2,333.15,Thermal,stabilizing,8180173.0,CD,A,52
1PGA,T53T,-1.36,5.2,333.15,Thermal,stabilizing,8180173.0,CD,A,52
1PGA,T53Y,-1.63,5.2,333.15,Thermal,stabilizing,8180173.0,CD,A,52
1CAH,P202A,1.1,7.5,296.15,GdnHCl,destabilizing,8218160.0,Abs,A,198
2CI2,V66A,4.925,6.3,298.15,GdnHCl,destabilizing,8218191.0,Fluorescence,I,47
2CI2,L68A,3.69,6.3,298.15,GdnHCl,destabilizing,8218191.0,Fluorescence,I,49
2CI2,V70A,1.54,6.3,298.15,GdnHCl,destabilizing,8218191.0,Fluorescence,I,51
2CI2,V38A,0.46,3.0,298.15,Thermal,destabilizing,8218191.0,DSC,I,19
2CI2,I39V,1.2,3.0,298.15,Thermal,destabilizing,8218191.0,DSC,I,20
2CI2,I39V,1.16,3.5,298.15,Thermal,destabilizing,8218191.0,DSC,I,20
2CI2,I48V,0.92,3.5,298.15,Thermal,destabilizing,8218191.0,DSC,I,29
2CI2,I48A,3.89,3.5,298.15,Thermal,destabilizing,8218191.0,DSC,I,29
2CI2,V66A,4.91,3.5,298.15,Thermal,destabilizing,8218191.0,DSC,I,47
2CI2,L68A,3.74,3.5,298.15,Thermal,destabilizing,8218191.0,DSC,I,49
2CI2,V70A,2.17,3.0,298.15,Thermal,destabilizing,8218191.0,DSC,I,51
2CI2,I76V,-0.09,3.0,298.15,Thermal,stabilizing,8218191.0,DSC,I,57
2CI2,I76A,4.23,3.0,298.15,Thermal,destabilizing,8218191.0,DSC,I,57
2CI2,I76A,4.34,3.5,298.15,Thermal,destabilizing,8218191.0,DSC,I,57
2CI2,I76V,-0.065,6.3,298.15,GdnHCl,stabilizing,8218191.0,Fluorescence,I,57
2CI2,V38A,0.23,6.3,298.15,GdnHCl,destabilizing,8218191.0,Fluorescence,I,19
2CI2,I48V,0.92,6.3,298.15,GdnHCl,destabilizing,8218191.0,Fluorescence,I,29
2CI2,I39V,1.09,6.3,298.15,GdnHCl,destabilizing,8218191.0,Fluorescence,I,20
2CI2,L27A,2.275,6.3,298.15,GdnHCl,destabilizing,8218191.0,Fluorescence,I,8
2CI2,L27A,2.66,3.0,298.15,Thermal,destabilizing,8218191.0,DSC,I,8
2CI2,I48A,3.62,6.3,298.15,GdnHCl,destabilizing,8218191.0,Fluorescence,I,29
2CI2,I76A,4.17,6.3,298.15,GdnHCl,destabilizing,8218191.0,Fluorescence,I,57
1BVC,L29A,2.37,11.0,349.65,Thermal,destabilizing,8251481.0,DSC,A,28
1BVC,L135V,2.25,11.0,349.65,Thermal,destabilizing,8251481.0,DSC,A,134
1BVC,I111A,1.84,11.0,349.65,Thermal,destabilizing,8251481.0,DSC,A,110
1BVC,L29V,1.72,11.0,349.65,Thermal,destabilizing,8251481.0,DSC,A,28
1BVC,L135I,1.54,11.0,349.65,Thermal,destabilizing,8251481.0,DSC,A,134
1BVC,I28A,1.33,11.0,349.65,Thermal,destabilizing,8251481.0,DSC,A,27
1BVC,L69A,1.18,11.0,349.65,Thermal,destabilizing,8251481.0,DSC,A,68
1BVC,I111M,1.14,11.0,349.65,Thermal,destabilizing,8251481.0,DSC,A,110
1BVC,L29I,1.12,11.0,349.65,Thermal,destabilizing,8251481.0,DSC,A,28
1BVC,I142A,1.1,11.0,349.65,Thermal,destabilizing,8251481.0,DSC,A,141
1BVC,L49I,0.8,11.0,349.65,Thermal,destabilizing,8251481.0,DSC,A,48
1BVC,L135M,0.79,11.0,349.65,Thermal,destabilizing,8251481.0,DSC,A,134
1BVC,I111L,0.64,11.0,349.65,Thermal,destabilizing,8251481.0,DSC,A,110
1BVC,I28M,0.56,11.0,349.65,Thermal,destabilizing,8251481.0,DSC,A,27
1BVC,I28L,0.55,11.0,349.65,Thermal,destabilizing,8251481.0,DSC,A,27
1BVC,I142V,0.12,11.0,349.65,Thermal,destabilizing,8251481.0,DSC,A,141
1BVC,L69V,0.1,11.0,349.65,Thermal,destabilizing,8251481.0,DSC,A,68
1BVC,L69I,0.02,11.0,349.65,Thermal,destabilizing,8251481.0,DSC,A,68
1BVC,L69M,-0.0,11.0,349.65,Thermal,stabilizing,8251481.0,DSC,A,68
1BVC,I28V,-0.04,11.0,349.65,Thermal,stabilizing,8251481.0,DSC,A,27
1BVC,L29M,-0.12,11.0,349.65,Thermal,destabilizing,8251481.0,DSC,A,28
1BVC,I142L,-0.63,11.0,349.65,Thermal,stabilizing,8251481.0,DSC,A,141
1BVC,I142M,-0.93,11.0,349.65,Thermal,stabilizing,8251481.0,DSC,A,141
1RX4,C85S,0.3,7.8,288.15,Urea,destabilizing,8257692.0,CD,A,84
1RX4,C152E,0.3,7.8,288.15,Urea,destabilizing,8257692.0,CD,A,151
1BVC,I142A,1.92,9.6,355.35,Thermal,destabilizing,8358293.0,CD,A,141
1BVC,L137A,1.78,9.6,355.35,Thermal,destabilizing,8358293.0,CD,A,136
1BVC,L149A,1.6,9.6,355.35,Thermal,destabilizing,8358293.0,CD,A,148
1BVC,V114A,1.45,9.6,355.35,Thermal,destabilizing,8358293.0,CD,A,113
1BVC,T51A,1.41,9.6,355.35,Thermal,destabilizing,8358293.0,CD,A,50
1BVC,G23A,1.12,9.6,355.35,Thermal,destabilizing,8358293.0,CD,A,22
1BVC,V13A,0.67,9.6,355.35,Thermal,destabilizing,8358293.0,CD,A,12
1BVC,L11A,0.44,9.6,355.35,Thermal,destabilizing,8358293.0,CD,A,10
1BVC,L9A,0.41,9.6,355.35,Thermal,destabilizing,8358293.0,CD,A,8
1BVC,T67A,0.26,9.6,355.35,Thermal,destabilizing,8358293.0,CD,A,66
1BVC,S117A,0.26,9.6,355.35,Thermal,destabilizing,8358293.0,CD,A,116
1BVC,H116A,-0.16,9.6,355.35,Thermal,stabilizing,8358293.0,CD,A,115
1BVC,P88A,-0.59,9.6,355.35,Thermal,stabilizing,8358293.0,CD,A,87
1BVC,V66A,-0.75,9.6,355.35,Thermal,stabilizing,8358293.0,CD,A,65
1BVC,G129A,-1.05,9.6,355.35,Thermal,stabilizing,8358293.0,CD,A,128
1CYC,K73M,1.0,7.5,298.15,GdnHCl,destabilizing,8380333.0,CD,A,72
1CYC,K73Y,1.05,7.5,298.15,GdnHCl,destabilizing,8380333.0,CD,A,72
1CYC,K73F,1.15,7.5,298.15,GdnHCl,destabilizing,8380333.0,CD,A,72
1CYC,K73W,1.43,7.5,298.15,GdnHCl,destabilizing,8380333.0,CD,A,72
1AAR,F45W,-0.345,5.0,298.15,GdnHCl,stabilizing,8392867.0,CD,A,44
1ZNJ,T8H,-1.76,8.0,298.15,GdnHCl,stabilizing,8399225.0,CD,A,7
1ZNJ,T8R,-1.25,8.0,298.15,GdnHCl,stabilizing,8399225.0,CD,A,7
1ZNJ,F25H,-1.0,8.0,298.15,GdnHCl,stabilizing,8399225.0,CD,B,24
1ZNJ,F25D,-0.6,8.0,298.15,GdnHCl,stabilizing,8399225.0,CD,B,24
1ZNJ,T8A,-0.16,8.0,298.15,GdnHCl,stabilizing,8399225.0,CD,A,7
1ZNJ,S9D,-0.1,8.0,298.15,GdnHCl,stabilizing,8399225.0,CD,A,8
1ZNJ,Y26T,0.3,8.0,298.15,GdnHCl,destabilizing,8399225.0,CD,B,25
3MBP,T345I,-0.7,7.6,298.15,Urea,stabilizing,8407916.0,Fluorescence,A,344
3MBP,D55N,-0.0,7.6,298.15,Urea,stabilizing,8407916.0,Fluorescence,A,54
3MBP,V8G,1.1,7.6,298.15,Urea,destabilizing,8407916.0,Fluorescence,A,7
3MBP,A276G,1.694976077,7.6,298.15,Urea,destabilizing,8407916.0,Fluorescence,A,275
3MBP,G19C,2.3,7.6,298.15,Urea,destabilizing,8407916.0,Fluorescence,A,18
3MBP,Y283D,3.2,7.6,298.15,Urea,destabilizing,8407916.0,Fluorescence,A,282
1CAH,C206S,-0.8,7.5,296.15,GdnHCl,stabilizing,8418842.0,Abs,A,202
2CI2,I39L,1.96,7.0,303.15,GdnHCl,destabilizing,8422372.0,Fluorescence,I,20
2CI2,R67A,1.21,7.0,303.15,GdnHCl,destabilizing,8422372.0,Fluorescence,I,48
2CI2,I39V,1.17,7.0,303.15,GdnHCl,destabilizing,8422372.0,Fluorescence,I,20
1RX4,G121V,1.105,7.0,288.15,Urea,destabilizing,8454578.0,CD,A,120
1RX4,G121L,0.505,7.0,288.15,Urea,destabilizing,8454578.0,CD,A,120
2WSY,A18V,-0.2,7.8,298.15,Urea,stabilizing,8504078.0,CD,A,17
2WSY,I232V,0.7,7.8,298.15,Urea,destabilizing,8504078.0,CD,A,202
2WSY,L209V,0.8,7.8,298.15,Urea,destabilizing,8504078.0,CD,A,180
2WSY,A18G,1.5,7.8,298.15,Urea,destabilizing,8504078.0,CD,A,17
2WSY,Y175Q,2.1,7.8,298.15,Urea,destabilizing,8504078.0,CD,A,165
1AXB,E104K,-0.3,7.0,298.15,GdnHCl,stabilizing,8539251.0,Fluorescence,A,78
1ROP,L41V,2.53,6.0,298.15,Thermal,destabilizing,8539253.0,DSC,A,40
1ROP,L41A,6.12,6.0,298.15,Thermal,destabilizing,8539253.0,DSC,A,40
1ROP,D30G,-2.0,7.0,342.15,Thermal,stabilizing,8548455.0,CD,A,29
1ROP,D30Q,-1.8,7.0,342.15,Thermal,stabilizing,8548455.0,CD,A,29
1ROP,D30E,-1.0,7.0,342.15,Thermal,stabilizing,8548455.0,CD,A,29
1ROP,D30S,-1.0,7.0,342.15,Thermal,stabilizing,8548455.0,CD,A,29
1ROP,D30K,-0.9,7.0,342.15,Thermal,stabilizing,8548455.0,CD,A,29
1ROP,D30H,-0.9,7.0,342.15,Thermal,stabilizing,8548455.0,CD,A,29
1ROP,D30C,-0.8,7.0,342.15,Thermal,stabilizing,8548455.0,CD,A,29
1ROP,D30R,-0.8,7.0,342.15,Thermal,stabilizing,8548455.0,CD,A,29
1ROP,D30N,-0.8,7.0,342.15,Thermal,stabilizing,8548455.0,CD,A,29
1ROP,D30M,-0.6,7.0,342.15,Thermal,stabilizing,8548455.0,CD,A,29
1ROP,D30A,-0.3,7.0,342.15,Thermal,stabilizing,8548455.0,CD,A,29
1ROP,D30Y,-0.2,7.0,342.15,Thermal,stabilizing,8548455.0,CD,A,29
1ROP,D30L,0.1,7.0,342.15,Thermal,destabilizing,8548455.0,CD,A,29
1ROP,D30F,0.1,7.0,342.15,Thermal,destabilizing,8548455.0,CD,A,29
1ROP,D30T,0.4,7.0,342.15,Thermal,destabilizing,8548455.0,CD,A,29
1ROP,D30V,0.4,7.0,342.15,Thermal,destabilizing,8548455.0,CD,A,29
1ROP,D30W,0.4,7.0,342.15,Thermal,destabilizing,8548455.0,CD,A,29
1ROP,D30I,0.8,7.0,342.15,Thermal,destabilizing,8548455.0,CD,A,29
1ROP,D30P,1.6,7.0,342.15,Thermal,destabilizing,8548455.0,CD,A,29
1UBQ,V26L,-0.3,5.0,298.15,GdnHCl,stabilizing,8564547.0,Fluorescence,A,25
1UBQ,V26I,-1.1,5.0,298.15,GdnHCl,stabilizing,8564547.0,Fluorescence,A,25
1UBQ,V26A,3.3,5.0,298.15,GdnHCl,destabilizing,8564547.0,Fluorescence,A,25
1UBQ,V26G,6.3,5.0,298.15,GdnHCl,destabilizing,8564547.0,Fluorescence,A,25
2HPR,S46D,-0.74,7.0,303.15,Urea,stabilizing,8580838.0,CD,A,44
2HPR,S46D,-0.7,7.0,346.75,Thermal,stabilizing,8580838.0,CD,A,44
1N0J,I58T,2.7,7.8,343.15,Thermal,destabilizing,8605177.0,DSC,A,57
1AKK,L94I,-0.2,7.0,283.15,GdnHCl,stabilizing,8611545.0,Fluorescence,A,93
1AKK,L94V,0.8,7.0,283.15,GdnHCl,destabilizing,8611545.0,Fluorescence,A,93
1AKK,L94A,3.5,7.0,283.15,GdnHCl,destabilizing,8611545.0,Fluorescence,A,93
1BVC,W7F,0.9,7.8,277.15,Urea,destabilizing,8612074.0,CD,A,6
1BVC,W14F,1.1,7.8,277.15,Urea,destabilizing,8612074.0,CD,A,13
1BVC,M131A,2.2,7.8,277.15,Urea,destabilizing,8612074.0,CD,A,130
1BVC,F123K,2.1,7.8,277.15,Urea,destabilizing,8612074.0,CD,A,122
1BVC,A130K,2.1,7.8,277.15,Urea,destabilizing,8612074.0,CD,A,129
1BVC,A130L,0.9,7.8,277.15,Urea,destabilizing,8612074.0,CD,A,129
1BVC,H36Q,0.8,7.8,277.15,Urea,destabilizing,8612074.0,CD,A,35
1BVC,V68T,0.6,7.8,277.15,Urea,destabilizing,8612074.0,CD,A,67
1DFO,W385F,1.5,7.5,303.15,Urea,destabilizing,8621691.0,Fluorescence,A,383
1DFO,W16F,1.1,7.5,303.15,Urea,destabilizing,8621691.0,Fluorescence,A,14
1WQ5,I95A,0.3,7.8,298.15,Urea,destabilizing,8639683.0,NMR,A,86
1WQ5,Y102A,2.8,7.8,298.15,Urea,destabilizing,8639683.0,NMR,A,93
1WQ5,P96A,3.3,7.8,298.15,Urea,destabilizing,8639683.0,NMR,A,87
1WQ5,L100A,3.5,7.8,298.15,Urea,destabilizing,8639683.0,NMR,A,91
1WQ5,P93S,4.1,7.8,298.15,Urea,destabilizing,8639683.0,NMR,A,84
1WQ5,H244A,4.2,7.8,278.15,Urea,destabilizing,8639683.0,NMR,A,233
1YEA,N52I,-2.0,6.0,298.15,Thermal,stabilizing,8639684.0,DSC,A,60
1YEA,N52I,-2.4,6.0,325.55,Thermal,stabilizing,8639684.0,DSC,A,60
1QLP,F51L,-2.1,6.5,298.15,Urea,stabilizing,8646533.0,CD,A,28
1QLP,S381A,-1.0,6.5,298.15,Urea,stabilizing,8646533.0,CD,A,358
1QLP,T59A,-1.0,6.5,298.15,Urea,stabilizing,8646533.0,CD,A,36
1QLP,T68A,-1.0,6.5,298.15,Urea,stabilizing,8646533.0,CD,A,45
1QLP,A70G,-1.6,6.5,298.15,Urea,stabilizing,8646533.0,CD,A,47
1QLP,M374I,-2.3,6.5,298.15,Urea,stabilizing,8646533.0,CD,A,351
1QLP,K387R,-1.0,6.5,298.15,Urea,stabilizing,8646533.0,CD,A,364
1YCC,N52I,-3.0,4.6,300.15,GdnHCl,stabilizing,8652517.0,CD,A,56
1HTI,Q179D,-1.5,8.0,298.15,Urea,stabilizing,8672446.0,Fluorescence,A,178
1HTI,K193A,-1.0,8.0,298.15,Urea,stabilizing,8672446.0,Fluorescence,A,192
1HTI,A215P,-0.6,8.0,298.15,Urea,stabilizing,8672446.0,Fluorescence,A,214
1HTI,Q179A,-0.1,8.0,298.15,Urea,stabilizing,8672446.0,Fluorescence,A,178
1HTI,S105D,1.3,8.0,298.15,Urea,destabilizing,8672446.0,Fluorescence,A,104
1ARR,S44A,-0.98,7.5,298.15,GdnHCl,stabilizing,8672461.0,CD,A,43
1ARR,N29A,-0.66,7.5,298.15,GdnHCl,stabilizing,8672461.0,CD,A,28
1ARR,E48A,-0.13,7.5,298.15,GdnHCl,stabilizing,8672461.0,CD,A,47
1IDS,G152A,4.3,7.9,296.15,GdnHCl,destabilizing,8674528.0,Fluorescence,A,150
1BTA,C40A,-0.1,7.0,298.15,GdnHCl,stabilizing,8679642.0,CD,A,39
1BTA,C82A,0.6,7.0,298.15,GdnHCl,destabilizing,8679642.0,CD,A,81
1RX4,G67A,-0.52,7.0,288.15,Urea,stabilizing,8743572.0,CD,A,66
1RX4,G67C,0.36,7.0,288.15,Urea,destabilizing,8743572.0,CD,A,66
1RX4,G67D,0.14,7.0,288.15,Urea,destabilizing,8743572.0,CD,A,66
1RX4,G67V,0.94,7.0,288.15,Urea,destabilizing,8743572.0,CD,A,66
1RX4,G67L,0.44,7.0,288.15,Urea,destabilizing,8743572.0,CD,A,66
1RX4,G67T,0.21,7.0,288.15,Urea,destabilizing,8743572.0,CD,A,66
1RX4,G67S,-0.07,7.0,288.15,Urea,stabilizing,8743572.0,CD,A,66
1POH,S46D,-1.45,7.0,303.15,Urea,stabilizing,8784180.0,CD,A,45
1POH,S46N,-0.4,7.0,303.15,Urea,stabilizing,8784180.0,CD,A,45
1POH,S46A,1.0,7.0,303.15,Urea,destabilizing,8784180.0,CD,A,45
1WQ5,C81V,0.692653,9.0,323.15,Thermal,destabilizing,8795042.0,DSC,A,72
1WQ5,C154A,1.027038,9.0,323.15,Thermal,destabilizing,8795042.0,DSC,A,145
1WQ5,C154V,1.122576,9.0,323.15,Thermal,destabilizing,8795042.0,DSC,A,145
1WQ5,C118S,1.313653,9.0,323.15,Thermal,destabilizing,8795042.0,DSC,A,109
1WQ5,C118V,1.337538,9.0,323.15,Thermal,destabilizing,8795042.0,DSC,A,109
1WQ5,C118A,1.361422,9.0,323.15,Thermal,destabilizing,8795042.0,DSC,A,109
1WQ5,C81S,1.409191,9.0,323.15,Thermal,destabilizing,8795042.0,DSC,A,72
1WQ5,C81A,1.576384,9.0,323.15,Thermal,destabilizing,8795042.0,DSC,A,72
1WQ5,C154S,1.719691,9.0,323.15,Thermal,destabilizing,8795042.0,DSC,A,145
1WQ5,C81G,2.269037,9.0,323.15,Thermal,destabilizing,8795042.0,DSC,A,72
1OIA,Y13F,0.7,7.0,295.15,GdnHCl,destabilizing,8844847.0,CD,A,10
1OIA,Y13T,1.3,7.0,295.15,GdnHCl,destabilizing,8844847.0,CD,A,10
1OIA,Y31F,-0.0,7.0,295.15,GdnHCl,stabilizing,8844847.0,CD,A,28
1OIA,Y31S,2.3,7.0,295.15,GdnHCl,destabilizing,8844847.0,CD,A,28
1OIA,Y78F,-0.1,7.0,295.15,GdnHCl,stabilizing,8844847.0,CD,A,75
1OIA,Y78D,5.1,7.0,295.15,GdnHCl,destabilizing,8844847.0,CD,A,75
1OIA,Y86F,2.6,7.0,295.15,GdnHCl,destabilizing,8844847.0,CD,A,83
1OIA,Y86T,2.9,7.0,295.15,GdnHCl,destabilizing,8844847.0,CD,A,83
1RTB,Y97F,3.54,5.0,336.45,Thermal,destabilizing,8844858.0,Abs,A,96
1RTB,Y97A,12.0,5.0,336.45,Thermal,destabilizing,8844858.0,Abs,A,96
1RTB,Y97G,11.7,5.0,336.45,Thermal,destabilizing,8844858.0,Abs,A,96
1GLM,G137A,1.578947368,4.5,298.15,GdnHCl,destabilizing,8862550.0,CD,A,135
1GLM,G139A,3.253588517,4.5,298.15,GdnHCl,destabilizing,8862550.0,CD,A,137
1GLM,G251A,0.023923445,4.5,298.15,GdnHCl,destabilizing,8862550.0,CD,A,249
1GLM,G383A,0.43062201,4.5,298.15,GdnHCl,destabilizing,8862550.0,CD,A,381
1AYF,H56Q,1.66507177,8.5,310.15,Thermal,destabilizing,8880913.0,DSC,A,50
1AYF,H56T,1.193779904,8.5,310.15,Thermal,destabilizing,8880913.0,DSC,A,50
1AYF,H56R,1.160287081,8.5,310.15,Thermal,destabilizing,8880913.0,DSC,A,50
1AYF,T54S,-0.045454545,8.5,310.15,Thermal,stabilizing,8880913.0,DSC,A,48
1AYF,T54A,1.30861244,8.5,310.15,Thermal,destabilizing,8880913.0,DSC,A,48
1AYF,Y82S,0.327751196,8.5,310.15,Thermal,destabilizing,8880913.0,DSC,A,76
1AYF,Y82L,0.35645933,8.5,310.15,Thermal,destabilizing,8880913.0,DSC,A,76
1AYF,Y82F,0.014354067,8.5,310.15,Thermal,destabilizing,8880913.0,DSC,A,76
1AYF,Y82W,0.210526316,8.5,310.15,Thermal,destabilizing,8880913.0,DSC,A,76
1AYF,C95S,-0.964114833,8.5,310.15,Thermal,stabilizing,8880913.0,DSC,A,89
1AYF,D76E,-0.454545455,8.5,310.15,Thermal,stabilizing,8880913.0,DSC,A,70
1PGA,T53D,0.9,5.2,293.15,GdnHCl,destabilizing,8897601.0,CD,A,52
1PGA,T53A,-0.1,5.2,293.15,GdnHCl,stabilizing,8897601.0,CD,A,52
1PGA,T53E,0.1,5.2,293.15,GdnHCl,destabilizing,8897601.0,CD,A,52
1PGA,T53R,0.1,5.2,293.15,GdnHCl,destabilizing,8897601.0,CD,A,52
1PGA,T53I,-0.1,5.2,293.15,GdnHCl,stabilizing,8897601.0,CD,A,52
1DFO,W385F,2.85,7.5,303.15,Urea,destabilizing,8910307.0,Fluorescence,A,383
1DFO,W183Y,3.4,7.5,303.15,Urea,destabilizing,8910307.0,Fluorescence,A,181
1DFO,W16Y,3.55,7.5,303.15,Urea,destabilizing,8910307.0,Fluorescence,A,14
1AKK,L94V,0.84,2.0,283.15,Acid,destabilizing,8946855.0,Fluorescence,A,93
1AKK,L94V,1.2,2.0,356.15,Thermal,destabilizing,8946855.0,CD,A,93
1AKK,L94A,2.8,2.0,283.15,Acid,destabilizing,8946855.0,Fluorescence,A,93
1PGA,I6L,1.16,5.4,298.15,GdnHCl,destabilizing,8977129.0,Fluorescence,A,5
1WQ5,P132A,0.3105,7.0,298.15,GdnHCl,destabilizing,9020793.0,CD,A,123
1WQ5,P96A,0.382154,7.0,298.15,GdnHCl,destabilizing,9020793.0,CD,A,87
1WQ5,P28A,0.525461,7.0,298.15,GdnHCl,destabilizing,9020793.0,CD,A,27
1WQ5,P207A,0.812076,7.0,298.15,GdnHCl,destabilizing,9020793.0,CD,A,196
1AXB,C77S,1.68,7.0,298.15,GdnHCl,destabilizing,9020874.0,CD,A,51
1YCC,K73V,-0.1,4.5,298.0,Thermal,stabilizing,9070448.0,CD,A,76
1YCC,K73I,0.4,4.5,298.0,Thermal,destabilizing,9070448.0,CD,A,76
1YCC,K73I,1.19,7.5,298.0,GdnHCl,destabilizing,9070448.0,CD,A,76
1YCC,K73V,1.38,7.5,298.0,GdnHCl,destabilizing,9070448.0,CD,A,76
1YCC,K73W,1.43,7.5,298.0,GdnHCl,destabilizing,9070448.0,CD,A,76
1YCC,K73W,1.6,4.5,298.0,Thermal,destabilizing,9070448.0,CD,A,76
1CYO,F35Y,-1.03,7.0,303.15,Urea,stabilizing,9215576.0,Abs,A,34
1CYO,F35L,1.87,7.0,303.15,Urea,destabilizing,9215576.0,Abs,A,34
1CYO,F35Y,-0.79,7.0,339.35,Thermal,stabilizing,9215576.0,Abs,A,34
1CYO,F35L,1.87,7.0,339.35,Thermal,destabilizing,9215576.0,Abs,A,34
1CYO,F35H,2.82,7.0,339.35,Thermal,destabilizing,9215576.0,Abs,A,34
1CYO,F35Y,0.549346,7.0,349.85,Thermal,destabilizing,9215576.0,Abs,A,34
1CYO,F35L,1.982422,7.0,349.85,Thermal,destabilizing,9215576.0,Abs,A,34
1CYO,F35H,3.988728,7.0,349.85,Thermal,destabilizing,9215576.0,Abs,A,34
1AJ3,W22F,1.11,7.5,298.15,Urea,destabilizing,9261107.0,Fluorescence,A,12
1A23,H32S,5.2,6.3,303.15,Thermal,destabilizing,9300489.0,Fluorescence,A,31
1A23,H32Y,0.5,6.3,319.6,Thermal,destabilizing,9300489.0,Fluorescence,A,31
1A23,H32L,4.6,6.3,319.6,Thermal,destabilizing,9300489.0,Fluorescence,A,31
1A23,H32S,3.6,6.3,319.6,Thermal,destabilizing,9300489.0,Fluorescence,A,31
1A23,H32L,5.3,7.0,303.15,Thermal,destabilizing,9300489.0,Fluorescence,A,31
1A23,H32Y,6.8,7.0,303.15,Thermal,destabilizing,9300489.0,Fluorescence,A,31
1BTA,C82A,-0.48,7.4,298.15,Thermal,destabilizing,9336842.0,DSC,A,81
5CRO,F58W,-2.4,7.0,298.15,GdnHCl,stabilizing,9344748.0,CD,O,57
1TUP,R175H,3.01,7.2,283.15,Urea,destabilizing,9405613.0,Fluorescence,A,81
1TUP,C242S,3.5,7.2,283.15,Urea,destabilizing,9405613.0,Fluorescence,A,148
1TUP,R248Q,3.07,7.2,283.15,Urea,destabilizing,9405613.0,Fluorescence,A,154
1TUP,R249S,1.87,7.2,283.15,Urea,destabilizing,9405613.0,Fluorescence,A,155
1TUP,R273H,2.0,7.2,283.15,Urea,destabilizing,9405613.0,Fluorescence,A,179
1YCC,P76G,0.78,4.6,326.65,Thermal,destabilizing,9485396.0,CD,A,79
1YCC,P76R,0.97,4.6,326.65,Thermal,destabilizing,9485396.0,CD,A,79
1YCC,P76V,1.07,4.6,326.65,Thermal,destabilizing,9485396.0,CD,A,79
1YCC,P76S,1.89,4.6,326.65,Thermal,destabilizing,9485396.0,CD,A,79
1YCC,P76Y,2.07,4.6,326.65,Thermal,destabilizing,9485396.0,CD,A,79
1YCC,P76W,2.38,4.6,326.65,Thermal,destabilizing,9485396.0,CD,A,79
1YCC,P76L,3.44,4.6,326.65,Thermal,destabilizing,9485396.0,CD,A,79
1CSP,F27A,0.76,7.0,298.15,Urea,destabilizing,9533624.0,CD,A,26
1CSP,F17A,1.53,7.0,298.15,Urea,destabilizing,9533624.0,CD,A,16
1CSP,F15A,2.27,7.0,298.15,Urea,destabilizing,9533624.0,CD,A,14
1CSP,F38A,-0.15,7.0,298.15,Urea,stabilizing,9533624.0,CD,A,37
1CSP,F27A,0.69,7.0,333.15,Thermal,destabilizing,9533624.0,CD,A,26
1CSP,F17A,1.34,7.0,333.15,Thermal,destabilizing,9533624.0,CD,A,16
1CSP,F15A,1.67,7.0,333.15,Thermal,destabilizing,9533624.0,CD,A,14
1CSP,F38A,-0.31,7.0,333.15,Thermal,stabilizing,9533624.0,CD,A,37
1N0J,Y34F,-12.7,7.8,343.15,Thermal,stabilizing,9537987.0,DSC,A,33
1N0J,Y34F,-3.1,7.8,362.05,Thermal,stabilizing,9537987.0,DSC,A,33
1N0J,Q143N,-2.79,7.8,343.15,Thermal,stabilizing,9537988.0,DSC,A,142
1N0J,Q143N,-0.06,7.8,362.05,Thermal,stabilizing,9537988.0,DSC,A,142
1FKJ,V24A,3.19,7.5,298.15,Urea,destabilizing,9558354.0,Fluorescence,A,23
1FKJ,E61A,0.84,7.5,298.15,Urea,destabilizing,9558354.0,Fluorescence,A,60
1FKJ,E61G,2.49,7.5,298.15,Urea,destabilizing,9558354.0,Fluorescence,A,60
1MJC,F31L,0.66,7.0,298.15,Urea,destabilizing,9565753.0,CD,A,29
1MJC,F20L,0.31,7.0,298.15,Urea,destabilizing,9565753.0,CD,A,18
1MJC,F18L,1.0,7.0,298.15,Urea,destabilizing,9565753.0,CD,A,16
1MJC,F31S,1.03,7.0,298.15,Urea,destabilizing,9565753.0,CD,A,29
1MJC,F20S,1.16,7.0,298.15,Urea,destabilizing,9565753.0,CD,A,18
1MJC,F18S,1.54,7.0,298.15,Urea,destabilizing,9565753.0,CD,A,16
1G6N,S128P,-0.14,7.9,293.15,Thermal,stabilizing,9588945.0,CD,A,121
1G6N,S128A,0.26,7.9,293.15,Thermal,destabilizing,9588945.0,CD,A,121
1BVC,A125L,-0.6,4.2,277.15,Urea,stabilizing,9601047.0,"CD, Fluorescence",A,124
1BVC,A130K,3.7,7.5,273.15,Urea,destabilizing,9601047.0,"CD, Fluorescence",A,129
1BVC,A130K,2.1,7.8,277.15,Urea,destabilizing,9601047.0,"CD, Fluorescence",A,129
1BVC,A130L,2.3,7.5,273.15,Urea,destabilizing,9601047.0,"CD, Fluorescence",A,129
1BVC,A130L,0.9,7.8,277.15,Urea,destabilizing,9601047.0,"CD, Fluorescence",A,129
1BVC,A144L,-0.4,4.2,277.15,Urea,stabilizing,9601047.0,"CD, Fluorescence",A,143
1BVC,A15L,-0.1,4.2,277.15,Urea,stabilizing,9601047.0,"CD, Fluorescence",A,14
1BVC,D122A,-0.0,4.0,277.35,Urea,stabilizing,9601047.0,"CD, Fluorescence",A,121
1BVC,D20A,0.06,4.0,277.35,Urea,destabilizing,9601047.0,"CD, Fluorescence",A,19
1BVC,D44A,0.15,4.0,298.15,Urea,destabilizing,9601047.0,"CD, Fluorescence",A,43
1BVC,D60A,0.1,4.0,298.15,Urea,destabilizing,9601047.0,"CD, Fluorescence",A,59
1BVC,E109A,-0.36,4.2,277.15,Urea,stabilizing,9601047.0,"CD, Fluorescence",A,108
1BVC,E109G,0.96,4.2,277.15,Urea,destabilizing,9601047.0,"CD, Fluorescence",A,108
1BVC,E18A,0.7,4.0,298.15,Urea,destabilizing,9601047.0,"CD, Fluorescence",A,17
1BVC,E4A,0.7,4.0,298.15,Urea,destabilizing,9601047.0,"CD, Fluorescence",A,3
1BVC,F106A,0.7,4.2,277.15,Urea,destabilizing,9601047.0,"CD, Fluorescence",A,105
1BVC,F123A,1.1,4.2,277.15,Urea,destabilizing,9601047.0,"CD, Fluorescence",A,122
1BVC,F123K,2.1,7.8,277.15,Urea,destabilizing,9601047.0,"CD, Fluorescence",A,122
1BVC,F123T,3.5,7.5,273.15,Urea,destabilizing,9601047.0,"CD, Fluorescence",A,122
1BVC,G129A,1.05,9.6,355.35,Urea,destabilizing,9601047.0,"CD, Fluorescence",A,128
1BVC,G23A,-1.12,9.6,355.35,Urea,stabilizing,9601047.0,"CD, Fluorescence",A,22
1BVC,H116A,0.16,9.6,355.35,Urea,destabilizing,9601047.0,"CD, Fluorescence",A,115
1BVC,H36Q,-0.1,4.0,277.35,Urea,stabilizing,9601047.0,"CD, Fluorescence",A,35
1BVC,H36Q,0.8,7.8,277.15,Urea,destabilizing,9601047.0,"CD, Fluorescence",A,35
1BVC,I111A,1.84,11.0,349.65,Urea,destabilizing,9601047.0,"CD, Fluorescence",A,110
1BVC,I111L,0.64,11.0,349.65,Urea,destabilizing,9601047.0,"CD, Fluorescence",A,110
1BVC,I111M,1.14,11.0,349.65,Urea,destabilizing,9601047.0,"CD, Fluorescence",A,110
1BVC,I142A,1.1,11.0,349.65,Urea,destabilizing,9601047.0,"CD, Fluorescence",A,141
1BVC,I142A,-1.92,9.6,355.35,Urea,stabilizing,9601047.0,"CD, Fluorescence",A,141
1BVC,I142L,-0.63,11.0,349.65,Urea,stabilizing,9601047.0,"CD, Fluorescence",A,141
1BVC,I142M,-0.93,11.0,349.65,Urea,stabilizing,9601047.0,"CD, Fluorescence",A,141
1BVC,I142V,0.12,11.0,349.65,Urea,destabilizing,9601047.0,"CD, Fluorescence",A,141
1BVC,I28A,1.33,11.0,349.65,Urea,destabilizing,9601047.0,"CD, Fluorescence",A,27
1BVC,I28A,-0.08,4.1,298.15,Urea,stabilizing,9601047.0,"CD, Fluorescence",A,27
1BVC,I28A,2.06,6.0,298.15,Urea,destabilizing,9601047.0,"CD, Fluorescence",A,27
1BVC,I28L,0.55,11.0,349.65,Urea,destabilizing,9601047.0,"CD, Fluorescence",A,27
1BVC,I28M,0.56,11.0,349.65,Urea,destabilizing,9601047.0,"CD, Fluorescence",A,27
1BVC,I28V,-0.04,11.0,349.65,Urea,stabilizing,9601047.0,"CD, Fluorescence",A,27
1BVC,I30A,-0.21,4.1,298.15,Urea,stabilizing,9601047.0,"CD, Fluorescence",A,29
1BVC,I30A,1.9,6.0,298.15,Urea,destabilizing,9601047.0,"CD, Fluorescence",A,29
1BVC,K133A,0.49,4.0,277.35,Urea,destabilizing,9601047.0,"CD, Fluorescence",A,132
1BVC,K140A,-0.6,4.2,277.15,Urea,stabilizing,9601047.0,"CD, Fluorescence",A,139
1BVC,K140A,0.3,4.0,277.35,Urea,destabilizing,9601047.0,"CD, Fluorescence",A,139
1BVC,K147A,0.43,4.0,277.35,Urea,destabilizing,9601047.0,"CD, Fluorescence",A,146
1BVC,K56A,0.25,4.0,298.15,Urea,destabilizing,9601047.0,"CD, Fluorescence",A,55
1BVC,K77A,0.05,4.0,298.15,Urea,destabilizing,9601047.0,"CD, Fluorescence",A,76
1BVC,L115A,1.4,4.2,277.15,Urea,destabilizing,9601047.0,"CD, Fluorescence",A,114
1BVC,L11A,0.6,4.2,277.15,Urea,destabilizing,9601047.0,"CD, Fluorescence",A,10
1BVC,L11A,-0.44,9.6,355.35,Urea,stabilizing,9601047.0,"CD, Fluorescence",A,10
1BVC,L135A,1.7,4.2,277.15,Urea,destabilizing,9601047.0,"CD, Fluorescence",A,134
1BVC,L135I,1.54,11.0,349.65,Urea,destabilizing,9601047.0,"CD, Fluorescence",A,134
1BVC,L135M,0.79,11.0,349.65,Urea,destabilizing,9601047.0,"CD, Fluorescence",A,134
1BVC,L135V,2.25,11.0,349.65,Urea,destabilizing,9601047.0,"CD, Fluorescence",A,134
1BVC,L137A,0.3,4.2,277.15,Urea,destabilizing,9601047.0,"CD, Fluorescence",A,136
1BVC,L137A,-1.78,9.6,355.35,Urea,stabilizing,9601047.0,"CD, Fluorescence",A,136
1BVC,L149A,-1.6,9.6,355.35,Urea,stabilizing,9601047.0,"CD, Fluorescence",A,148
1BVC,L29A,2.37,11.0,349.65,Urea,destabilizing,9601047.0,"CD, Fluorescence",A,28
1BVC,L29A,0.09,4.1,298.15,Urea,destabilizing,9601047.0,"CD, Fluorescence",A,28
1BVC,L29A,0.39,6.0,298.15,Urea,destabilizing,9601047.0,"CD, Fluorescence",A,28
1BVC,L29I,1.12,11.0,349.65,Urea,destabilizing,9601047.0,"CD, Fluorescence",A,28
1BVC,L29M,-0.12,11.0,349.65,Urea,stabilizing,9601047.0,"CD, Fluorescence",A,28
1BVC,L29V,1.72,11.0,349.65,Urea,destabilizing,9601047.0,"CD, Fluorescence",A,28
1BVC,L32A,0.01,4.1,298.15,Urea,destabilizing,9601047.0,"CD, Fluorescence",A,31
1BVC,L32A,2.04,6.0,298.15,Urea,destabilizing,9601047.0,"CD, Fluorescence",A,31
1BVC,L49I,0.8,11.0,349.65,Urea,destabilizing,9601047.0,"CD, Fluorescence",A,48
1BVC,L69A,1.18,11.0,349.65,Urea,destabilizing,9601047.0,"CD, Fluorescence",A,68
1BVC,L69I,0.02,11.0,349.65,Urea,destabilizing,9601047.0,"CD, Fluorescence",A,68
1BVC,L69M,-0.0,11.0,349.65,Urea,stabilizing,9601047.0,"CD, Fluorescence",A,68
1BVC,L69V,0.1,11.0,349.65,Urea,destabilizing,9601047.0,"CD, Fluorescence",A,68
1BVC,L9A,-0.41,9.6,355.35,Urea,stabilizing,9601047.0,"CD, Fluorescence",A,8
1BVC,M131A,2.2,7.8,277.15,Urea,destabilizing,9601047.0,"CD, Fluorescence",A,130
1BVC,P88A,0.59,9.6,355.35,Urea,destabilizing,9601047.0,"CD, Fluorescence",A,87
1BVC,Q8A,-1.07,4.2,277.15,Urea,stabilizing,9601047.0,"CD, Fluorescence",A,7
1BVC,Q8G,0.63,4.2,277.15,Urea,destabilizing,9601047.0,"CD, Fluorescence",A,7
1BVC,R118A,0.23,4.0,277.35,Urea,destabilizing,9601047.0,"CD, Fluorescence",A,117
1BVC,R139A,0.75,4.0,277.35,Urea,destabilizing,9601047.0,"CD, Fluorescence",A,138
1BVC,R31A,0.39,4.0,277.35,Urea,destabilizing,9601047.0,"CD, Fluorescence",A,30
1BVC,S117A,-0.26,9.6,355.35,Urea,stabilizing,9601047.0,"CD, Fluorescence",A,116
1BVC,T51A,-1.41,9.6,355.35,Urea,stabilizing,9601047.0,"CD, Fluorescence",A,50
1BVC,T67A,-0.26,9.6,355.35,Urea,stabilizing,9601047.0,"CD, Fluorescence",A,66
1BVC,V114A,-1.45,9.6,355.35,Urea,stabilizing,9601047.0,"CD, Fluorescence",A,113
1BVC,V13A,-0.0,4.2,277.15,Urea,stabilizing,9601047.0,"CD, Fluorescence",A,12
1BVC,V13A,-0.67,9.6,355.35,Urea,stabilizing,9601047.0,"CD, Fluorescence",A,12
1BVC,V66A,0.75,9.6,355.35,Urea,destabilizing,9601047.0,"CD, Fluorescence",A,65
1BVC,V68T,0.6,7.8,277.15,Urea,destabilizing,9601047.0,"CD, Fluorescence",A,67
1BVC,W14F,1.1,7.8,277.15,Urea,destabilizing,9601047.0,"CD, Fluorescence",A,13
1BVC,W7F,0.9,7.8,277.15,Urea,destabilizing,9601047.0,"CD, Fluorescence",A,6
1IGV,L6V,2.200956938,7.0,298.15,Urea,destabilizing,9636033.0,CD,A,5
1IGV,F10A,4.832535885,7.0,298.15,Urea,destabilizing,9636033.0,CD,A,9
1IGV,L23A,3.732057416,7.0,298.15,Urea,destabilizing,9636033.0,CD,A,22
1IGV,L23G,4.282296651,7.0,298.15,Urea,destabilizing,9636033.0,CD,A,22
1IGV,L28A,2.703349282,7.0,298.15,Urea,destabilizing,9636033.0,CD,A,27
1IGV,V61A,3.779904306,7.0,298.15,Urea,destabilizing,9636033.0,CD,A,60
1IGV,V61G,4.354066986,7.0,298.15,Urea,destabilizing,9636033.0,CD,A,60
1IGV,F66W,2.344497608,7.0,298.15,Urea,destabilizing,9636033.0,CD,A,65
1IGV,F66A,4.976076555,7.0,298.15,Urea,destabilizing,9636033.0,CD,A,65
1IGV,V70L,1.196172249,7.0,298.15,Urea,destabilizing,9636033.0,CD,A,69
1IGV,I73V,1.5311004780000002,7.0,298.15,Urea,destabilizing,9636033.0,CD,A,72
1FEP,E250C,-9.79,7.0,298.15,GdnHCl,stabilizing,9655352.0,ESR,A,239
1FEP,G252C,-7.93,7.0,298.15,GdnHCl,stabilizing,9655352.0,ESR,A,241
1FEP,S246C,-7.77,7.0,298.15,GdnHCl,stabilizing,9655352.0,ESR,A,235
1FEP,L244C,-6.88,7.0,298.15,GdnHCl,stabilizing,9655352.0,ESR,A,233
1FEP,E248C,-6.83,7.0,298.15,GdnHCl,stabilizing,9655352.0,ESR,A,237
1FEP,S254C,-5.94,7.0,298.15,GdnHCl,stabilizing,9655352.0,ESR,A,243
1FEP,Q256C,-2.28,7.0,298.15,GdnHCl,stabilizing,9655352.0,ESR,A,245
1RTB,P93G,2.2,6.0,334.75,Thermal,destabilizing,9684895.0,Abs,A,92
1RTB,P114G,3.3,6.0,334.75,Thermal,destabilizing,9684895.0,Abs,A,113
1RTB,P93G,2.6,6.0,334.95,Thermal,destabilizing,9684895.0,DSC,A,92
1RTB,P114G,3.6,6.0,334.95,Thermal,destabilizing,9684895.0,DSC,A,113
1HUE,A27S,1.19,7.0,337.05,Thermal,destabilizing,9685334.0,CD,A,26
1HUE,S31T,-0.41,7.0,337.05,Thermal,stabilizing,9685334.0,CD,A,30
1HUE,V42I,0.82,7.0,337.05,Thermal,destabilizing,9685334.0,CD,A,41
1HUE,A56S,0.13,7.0,337.05,Thermal,destabilizing,9685334.0,CD,A,55
1HUE,M69I,-0.0,7.0,337.05,Thermal,stabilizing,9685334.0,CD,A,68
1TUP,N268D,-0.92,7.2,283.15,Urea,stabilizing,9843948.0,"DSC, Fluorescence",A,174
1TUP,A129D,0.7,7.2,283.15,Urea,destabilizing,9843948.0,"DSC, Fluorescence",A,35
1TUP,A129E,0.38,7.2,283.15,Urea,destabilizing,9843948.0,"DSC, Fluorescence",A,35
1TUP,A129S,0.19,7.2,283.15,Urea,destabilizing,9843948.0,"DSC, Fluorescence",A,35
1TUP,C182S,-0.16,7.2,283.15,Urea,stabilizing,9843948.0,"DSC, Fluorescence",A,88
1TUP,D148E,0.43,7.2,283.15,Urea,destabilizing,9843948.0,"DSC, Fluorescence",A,54
1TUP,D148S,-0.22,7.2,283.15,Urea,stabilizing,9843948.0,"DSC, Fluorescence",A,54
1TUP,D228E,-0.05,7.2,283.15,Urea,stabilizing,9843948.0,"DSC, Fluorescence",A,134
1TUP,L201P,-0.35,7.2,283.15,Urea,stabilizing,9843948.0,"DSC, Fluorescence",A,107
1TUP,L206S,0.1,7.2,283.15,Urea,destabilizing,9843948.0,"DSC, Fluorescence",A,112
1TUP,M133L,-0.3,7.2,283.15,Urea,stabilizing,9843948.0,"DSC, Fluorescence",A,39
1TUP,N239Y,-1.49,7.2,283.15,Urea,stabilizing,9843948.0,"DSC, Fluorescence",A,145
1TUP,Q104H,-0.24,7.2,283.15,Urea,stabilizing,9843948.0,"DSC, Fluorescence",A,10
1TUP,Q104P,-0.11,7.2,283.15,Urea,stabilizing,9843948.0,"DSC, Fluorescence",A,10
1TUP,Q165K,1.27,7.2,283.15,Urea,destabilizing,9843948.0,"DSC, Fluorescence",A,71
1TUP,Q167E,0.43,7.2,283.15,Urea,destabilizing,9843948.0,"DSC, Fluorescence",A,73
1TUP,R174K,0.22,7.2,283.15,Urea,destabilizing,9843948.0,"DSC, Fluorescence",A,80
1TUP,S260P,0.32,7.2,283.15,Urea,destabilizing,9843948.0,"DSC, Fluorescence",A,166
1TUP,T150P,0.08,7.2,283.15,Urea,destabilizing,9843948.0,"DSC, Fluorescence",A,56
1TUP,V203A,-0.49,7.2,283.15,Urea,stabilizing,9843948.0,"DSC, Fluorescence",A,109
1TUP,Y236F,-0.27,7.2,283.15,Urea,stabilizing,9843948.0,"DSC, Fluorescence",A,142
1OIA,Y13F,1.3,7.0,295.15,GdnHCl,destabilizing,9878401.0,NMR,A,10
1OIA,F56W,-1.1,7.0,295.15,GdnHCl,stabilizing,9878401.0,NMR,A,53
1OIA,F56Y,-0.2,7.0,295.15,GdnHCl,stabilizing,9878401.0,NMR,A,53
1OIA,Q54E,-0.3,7.0,295.15,GdnHCl,stabilizing,9878401.0,NMR,A,51
1OIA,Q54N,0.6,7.0,295.15,GdnHCl,destabilizing,9878401.0,NMR,A,51
1YCC,K73H,1.01,4.5,298.15,GdnHCl,destabilizing,9890932.0,CD,A,76
1YCC,K73H,1.01,4.0,298.15,GdnHCl,destabilizing,9890932.0,CD,A,76
1YCC,K73H,1.17,5.0,298.15,GdnHCl,destabilizing,9890932.0,CD,A,76
1YCC,K73H,1.27,7.2,298.15,GdnHCl,destabilizing,9890932.0,CD,A,76
1YCC,K73H,1.58,5.8,298.15,GdnHCl,destabilizing,9890932.0,CD,A,76
1YCC,K73H,1.92,6.5,298.15,GdnHCl,destabilizing,9890932.0,CD,A,76
1YCC,K73H,1.98,7.5,298.15,GdnHCl,destabilizing,9890932.0,CD,A,76
1YCC,K73H,2.06,6.12,298.15,GdnHCl,destabilizing,9890932.0,CD,A,76
1RTB,D121N,0.76,1.2,298.15,Thermal,destabilizing,9922164.0,Abs,A,120
1RTB,D121A,0.72,1.2,298.15,Thermal,destabilizing,9922164.0,Abs,A,120
1RTB,H119A,-1.1,1.2,298.15,Thermal,stabilizing,9922164.0,Abs,A,118
1RTB,D121N,1.9,6.0,298.15,Thermal,destabilizing,9922164.0,Abs,A,120
1RTB,D121A,2.2,6.0,298.15,Thermal,destabilizing,9922164.0,Abs,A,120
1RTB,H119A,-0.2,6.0,298.15,Thermal,stabilizing,9922164.0,Abs,A,118
1CDC,V30A,4.88,7.0,298.15,GdnHCl,destabilizing,9931001.0,Fluorescence,B,26
1CDC,L16V,2.2,7.0,298.15,GdnHCl,destabilizing,9931001.0,Fluorescence,B,12
1CDC,I18V,1.17,7.0,298.15,GdnHCl,destabilizing,9931001.0,Fluorescence,B,14
1CDC,A40G,1.71,7.0,298.15,GdnHCl,destabilizing,9931001.0,Fluorescence,B,36
1CDC,L50V,-0.37,7.0,298.15,GdnHCl,stabilizing,9931001.0,Fluorescence,B,46
1CDC,I57V,0.43,7.0,298.15,GdnHCl,destabilizing,9931001.0,Fluorescence,B,53
1CDC,V78A,3.01,7.0,298.15,GdnHCl,destabilizing,9931001.0,Fluorescence,B,74
1CDC,L89V,0.14,7.0,298.15,GdnHCl,destabilizing,9931001.0,Fluorescence,B,85
1CDC,L95V,0.75,7.0,298.15,GdnHCl,destabilizing,9931001.0,Fluorescence,B,91
2TS1,I52L,-1.33,7.78,298.15,Urea,stabilizing,9973571.0,Fluorescence,A,51
2TS1,M55L,-0.21,7.78,341.65,Urea,stabilizing,9973571.0,Fluorescence,A,54
2TS1,L105V,0.65,7.78,298.15,Urea,destabilizing,9973571.0,Fluorescence,A,104
2TS1,T51P,0.68,7.78,298.15,Urea,destabilizing,9973571.0,Fluorescence,A,50
1CHK,W28F,3.56,7.0,315.85,Thermal,destabilizing,9989221.0,CD,A,27
1CHK,W101F,3.91,7.0,315.85,Thermal,destabilizing,9989221.0,CD,A,100
1CHK,W227F,2.97,7.0,315.85,Thermal,destabilizing,9989221.0,CD,A,226
1CHK,W28F,1.76,7.0,325.35,Thermal,destabilizing,9989221.0,CD,A,27
1CHK,W101F,1.89,7.0,325.35,Thermal,destabilizing,9989221.0,CD,A,100
1CHK,W227F,1.31,7.0,325.35,Thermal,destabilizing,9989221.0,CD,A,226
1CHK,W28F,4.43,7.0,316.35,Thermal,destabilizing,9989221.0,Fluorescence,A,27
1CHK,W227F,2.51,7.0,316.35,Thermal,destabilizing,9989221.0,Fluorescence,A,226
1CHK,W101F,4.27,7.0,316.35,Thermal,destabilizing,9989221.0,Fluorescence,A,100
2ABD,D21A,-0.01,5.3,278.15,GdnHCl,stabilizing,10029532.0,Fluorescence,A,20
2ABD,L25A,1.52,5.3,278.15,GdnHCl,destabilizing,10029532.0,Fluorescence,A,24
2ABD,Y28A,2.495,5.3,278.15,GdnHCl,destabilizing,10029532.0,Fluorescence,A,27
2ABD,Y28F,1.16,5.3,278.15,GdnHCl,destabilizing,10029532.0,Fluorescence,A,27
2ABD,Y28N,2.35,5.3,278.15,GdnHCl,destabilizing,10029532.0,Fluorescence,A,27
2ABD,Y31N,1.245,5.3,278.15,GdnHCl,destabilizing,10029532.0,Fluorescence,A,30
2ABD,K32A,1.315,5.3,278.15,GdnHCl,destabilizing,10029532.0,Fluorescence,A,31
2ABD,K32R,2.025,5.3,278.15,GdnHCl,destabilizing,10029532.0,Fluorescence,A,31
2ABD,K32E,1.575,5.3,278.15,GdnHCl,destabilizing,10029532.0,Fluorescence,A,31
2ABD,Q33A,3.345,5.3,278.15,GdnHCl,destabilizing,10029532.0,Fluorescence,A,32
2ABD,A34G,1.325,5.3,278.15,GdnHCl,destabilizing,10029532.0,Fluorescence,A,33
2ABD,T35A,1.185,5.3,278.15,GdnHCl,destabilizing,10029532.0,Fluorescence,A,34
2ABD,P44A,1.315,5.3,278.15,GdnHCl,destabilizing,10029532.0,Fluorescence,A,43
2ABD,K52M,-0.33,5.3,278.15,GdnHCl,stabilizing,10029532.0,Fluorescence,A,51
2ABD,K54A,1.135,5.3,278.15,GdnHCl,destabilizing,10029532.0,Fluorescence,A,53
2ABD,K54M,-0.025,5.3,278.15,GdnHCl,stabilizing,10029532.0,Fluorescence,A,53
2ABD,E67A,0.58,5.3,278.15,GdnHCl,destabilizing,10029532.0,Fluorescence,A,66
2ABD,Y73A,4.67,5.3,278.15,GdnHCl,destabilizing,10029532.0,Fluorescence,A,72
2ABD,Y73F,-0.15,5.3,278.15,GdnHCl,stabilizing,10029532.0,Fluorescence,A,72
2ABD,V77A,1.34,5.3,278.15,GdnHCl,destabilizing,10029532.0,Fluorescence,A,76
2ABD,L80A,4.135,5.3,278.15,GdnHCl,destabilizing,10029532.0,Fluorescence,A,79
2ABD,D21H,0.56,5.3,278.15,GdnHCl,destabilizing,10029532.0,Fluorescence,A,20
2ABD,P19A,0.99,5.3,278.15,GdnHCl,destabilizing,10029532.0,Fluorescence,A,18
2ABD,V12A,1.595,5.3,278.15,GdnHCl,destabilizing,10029532.0,Fluorescence,A,11
2ABD,A9G,1.905,5.3,278.15,GdnHCl,destabilizing,10029532.0,Fluorescence,A,8
2ABD,F5A,2.575,5.3,278.15,GdnHCl,destabilizing,10029532.0,Fluorescence,A,4
2ABD,L15A,3.335,5.3,278.15,GdnHCl,destabilizing,10029532.0,Fluorescence,A,14
2TRT,R128E,0.621,7.5,295.15,Urea,destabilizing,10037732.0,CD,A,126
1SAK,E336A,-3.0,7.0,298.15,GdnHCl,stabilizing,10048932.0,CD,A,17
1SAK,K351A,-2.5,7.0,298.15,GdnHCl,stabilizing,10048932.0,CD,A,32
1SAK,E346A,0.4,7.0,298.15,GdnHCl,destabilizing,10048932.0,CD,A,27
1SAK,E343A,1.1,7.0,298.15,GdnHCl,destabilizing,10048932.0,CD,A,24
1SAK,Q331A,1.4,7.0,298.15,GdnHCl,destabilizing,10048932.0,CD,A,12
1SAK,R342A,1.4,7.0,298.15,GdnHCl,destabilizing,10048932.0,CD,A,23
1SAK,E326A,1.6,7.0,298.15,GdnHCl,destabilizing,10048932.0,CD,A,7
1SAK,E339A,1.8,7.0,298.15,GdnHCl,destabilizing,10048932.0,CD,A,20
1SAK,R335A,2.1,7.0,298.15,GdnHCl,destabilizing,10048932.0,CD,A,16
1SAK,L350A,2.1,7.0,298.15,GdnHCl,destabilizing,10048932.0,CD,A,31
1SAK,D352A,2.2,7.0,298.15,GdnHCl,destabilizing,10048932.0,CD,A,33
1SAK,A347G,2.7,7.0,298.15,GdnHCl,destabilizing,10048932.0,CD,A,28
1SAK,F341L,3.1,7.0,298.15,GdnHCl,destabilizing,10048932.0,CD,A,22
1SAK,T329A,3.6,7.0,298.15,GdnHCl,destabilizing,10048932.0,CD,A,10
1SAK,N345A,3.7,7.0,298.15,GdnHCl,destabilizing,10048932.0,CD,A,26
1SAK,E349A,3.8,7.0,298.15,GdnHCl,destabilizing,10048932.0,CD,A,30
1SAK,R333A,3.9,7.0,298.15,GdnHCl,destabilizing,10048932.0,CD,A,14
1SAK,I332V,4.8,7.0,298.15,GdnHCl,destabilizing,10048932.0,CD,A,13
1SAK,M340A,6.4,7.0,298.15,GdnHCl,destabilizing,10048932.0,CD,A,21
1SAK,F328A,7.2,7.0,298.15,GdnHCl,destabilizing,10048932.0,CD,A,9
1SAK,F338A,7.2,7.0,298.15,GdnHCl,destabilizing,10048932.0,CD,A,19
1SAK,R337A,9.3,7.0,298.15,GdnHCl,destabilizing,10048932.0,CD,A,18
1BVC,A125L,-0.6,5.0,298.15,Urea,stabilizing,10051585.0,CD,A,124
1BVC,A125L,-0.4,4.2,277.15,Urea,stabilizing,10051585.0,CD,A,124
1BVC,A144L,-0.4,5.0,298.15,Urea,stabilizing,10051585.0,CD,A,143
1BVC,A15L,-0.2,4.2,277.15,Urea,stabilizing,10051585.0,CD,A,14
1BVC,A144L,-0.1,4.2,277.15,Urea,stabilizing,10051585.0,CD,A,143
1BVC,A15L,-0.1,5.0,298.15,Urea,stabilizing,10051585.0,CD,A,14
1BVC,V13A,-0.0,5.0,298.15,Urea,stabilizing,10051585.0,CD,A,12
1BVC,V13A,0.1,4.2,277.15,Urea,destabilizing,10051585.0,CD,A,12
1BVC,L137A,0.1,4.2,277.15,Urea,destabilizing,10051585.0,CD,A,136
1BVC,F106A,0.2,4.2,277.15,Urea,destabilizing,10051585.0,CD,A,105
1BVC,F123A,0.3,4.2,277.15,Urea,destabilizing,10051585.0,CD,A,122
1BVC,L137A,0.3,5.0,298.15,Urea,destabilizing,10051585.0,CD,A,136
1BVC,L11A,0.5,4.2,277.15,Urea,destabilizing,10051585.0,CD,A,10
1BVC,L11A,0.6,5.0,298.15,Urea,destabilizing,10051585.0,CD,A,10
1BVC,F106A,0.7,5.0,298.15,Urea,destabilizing,10051585.0,CD,A,105
1BVC,L135A,0.8,4.2,277.15,Urea,destabilizing,10051585.0,CD,A,134
1BVC,L115A,1.0,4.2,277.15,Urea,destabilizing,10051585.0,CD,A,114
1BVC,F123A,1.1,5.0,298.15,Urea,destabilizing,10051585.0,CD,A,122
1BVC,L115A,1.4,5.0,298.15,Urea,destabilizing,10051585.0,CD,A,114
1BVC,L135A,1.7,5.0,298.15,Urea,destabilizing,10051585.0,CD,A,134
1POH,K49E,-2.1,7.0,336.55,Thermal,stabilizing,10064718.0,CD,A,48
1POH,K49E,-1.9,7.0,303.15,Urea,stabilizing,10064718.0,CD,A,48
1CSP,F17A,0.81,7.0,318.15,Thermal,destabilizing,10074340.0,CD,A,16
1CSP,F15A,0.96,7.0,318.15,Thermal,destabilizing,10074340.0,CD,A,14
1CSP,F27A,0.6323763960000001,7.0,318.15,Thermal,destabilizing,10074340.0,CD,A,26
1IR3,W1175F,-0.6,7.0,297.15,GdnHCl,stabilizing,10074361.0,Fluorescence,A,191
1AG2,T183A,4.62,7.0,298.15,Urea,destabilizing,10079068.0,CD,A,59
1AG2,R208H,1.44,7.0,298.15,Urea,destabilizing,10079068.0,CD,A,84
1AG2,V180I,0.5,7.0,298.15,Urea,destabilizing,10079068.0,CD,A,56
1AG2,M129V,0.33,7.0,298.15,Urea,destabilizing,10079068.0,CD,A,5
1AG2,F198S,2.46,7.0,298.15,Urea,destabilizing,10079068.0,CD,A,74
1AG2,V210I,0.26,7.0,298.15,Urea,destabilizing,10079068.0,CD,A,86
1AG2,Q217R,2.13,7.0,298.15,Urea,destabilizing,10079068.0,CD,A,93
1AG2,E200K,0.14,7.0,298.15,Urea,destabilizing,10079068.0,CD,A,76
1AG2,T190V,0.17,7.0,298.15,Urea,destabilizing,10079068.0,CD,A,66
1SAK,M340I,-0.7,7.0,298.15,GdnHCl,stabilizing,10097082.0,CD,A,21
1SAK,L344I,1.2,7.0,298.15,GdnHCl,destabilizing,10097082.0,CD,A,25
1SAK,F341L,3.3,7.0,298.15,GdnHCl,destabilizing,10097082.0,CD,A,22
1SAK,F328L,3.5,7.0,298.15,GdnHCl,destabilizing,10097082.0,CD,A,9
1SAK,I332V,5.0,7.0,298.15,GdnHCl,destabilizing,10097082.0,CD,A,13
1SAK,L330F,5.2,7.0,298.15,GdnHCl,destabilizing,10097082.0,CD,A,11
1SAK,L344F,6.1,7.0,298.15,GdnHCl,destabilizing,10097082.0,CD,A,25
1SAK,F341I,6.9,7.0,298.15,GdnHCl,destabilizing,10097082.0,CD,A,22
1A23,P151A,3.019013,7.0,303.15,Thermal,destabilizing,10210189.0,DSC,A,150
1XAS,W274A,-3.296075,6.0,333.15,Activity,stabilizing,10235626.0,CD,A,269
1XAS,W266F,-2.722844,6.0,333.15,Activity,stabilizing,10235626.0,CD,A,261
1XAS,Y172S,-2.627306,6.0,333.15,Activity,stabilizing,10235626.0,CD,A,167
1XAS,W274H,-2.340691,6.0,333.15,Activity,stabilizing,10235626.0,CD,A,269
1XAS,Y172A,-2.292922,6.0,333.15,Activity,stabilizing,10235626.0,CD,A,167
1XAS,W85H,-1.624153,6.0,333.15,Activity,stabilizing,10235626.0,CD,A,80
1XAS,W274F,-1.576384,6.0,333.15,Activity,stabilizing,10235626.0,CD,A,269
1XAS,W85A,-1.241999,6.0,333.15,Activity,stabilizing,10235626.0,CD,A,80
1XAS,W85F,-0.621,6.0,333.15,Activity,stabilizing,10235626.0,CD,A,80
1XAS,Y172F,-0.621,6.0,333.15,Activity,stabilizing,10235626.0,CD,A,167
1XAS,W274F,-0.43062201,7.0,341.15,Thermal,stabilizing,10235626.0,CD,A,269
1XAS,W274H,-0.14354067,7.0,341.15,Thermal,stabilizing,10235626.0,CD,A,269
1XAS,W85A,-1.076555024,6.0,341.15,Thermal,stabilizing,10235626.0,CD,A,80
1XAS,W85F,2.200956938,6.0,341.15,Thermal,destabilizing,10235626.0,CD,A,80
1XAS,W85H,0.526315789,6.0,341.15,Thermal,destabilizing,10235626.0,CD,A,80
1XAS,Y172A,2.775119617,6.0,341.15,Thermal,destabilizing,10235626.0,CD,A,167
1XAS,Y172F,0.502392344,6.0,341.15,Thermal,destabilizing,10235626.0,CD,A,167
1XAS,Y172S,-0.861244019,6.0,341.15,Thermal,stabilizing,10235626.0,CD,A,167
1XAS,W266A,2.583732057,6.0,341.15,Thermal,destabilizing,10235626.0,CD,A,261
1XAS,W266F,1.818181818,6.0,341.15,Thermal,destabilizing,10235626.0,CD,A,261
1XAS,W266H,3.995215311,6.0,341.15,Thermal,destabilizing,10235626.0,CD,A,261
1XAS,W274A,-2.272727273,6.0,341.15,Thermal,stabilizing,10235626.0,CD,A,269
1AG2,F175W,0.08,7.0,295.15,Urea,destabilizing,10360358.0,CD,A,51
1AG2,F175W,1.478457,7.0,277.15,Urea,destabilizing,10360358.0,CD,A,51
2ABD,L80A,4.57,5.3,278.15,GdnHCl,destabilizing,10360367.0,Fluorescence,A,79
2ABD,Y73A,4.51,5.3,278.15,GdnHCl,destabilizing,10360367.0,Fluorescence,A,72
2ABD,L15A,3.57,5.3,278.15,GdnHCl,destabilizing,10360367.0,Fluorescence,A,14
2ABD,Q33A,3.03,5.3,278.15,GdnHCl,destabilizing,10360367.0,Fluorescence,A,32
2ABD,F5A,2.63,5.3,278.15,GdnHCl,destabilizing,10360367.0,Fluorescence,A,4
2ABD,Y28A,2.52,5.3,278.15,GdnHCl,destabilizing,10360367.0,Fluorescence,A,27
2ABD,Y28N,2.47,5.3,278.15,GdnHCl,destabilizing,10360367.0,Fluorescence,A,27
2ABD,K32R,2.22,5.3,278.15,GdnHCl,destabilizing,10360367.0,Fluorescence,A,31
2ABD,L25A,2.02,5.3,278.15,GdnHCl,destabilizing,10360367.0,Fluorescence,A,24
2ABD,A9G,2.0,5.3,278.15,GdnHCl,destabilizing,10360367.0,Fluorescence,A,8
2ABD,K32A,1.61,5.3,278.15,GdnHCl,destabilizing,10360367.0,Fluorescence,A,31
2ABD,V77A,1.54,5.3,278.15,GdnHCl,destabilizing,10360367.0,Fluorescence,A,76
2ABD,V12A,1.5,5.3,278.15,GdnHCl,destabilizing,10360367.0,Fluorescence,A,11
2ABD,K32E,1.47,5.3,278.15,GdnHCl,destabilizing,10360367.0,Fluorescence,A,31
2ABD,K54A,1.41,5.3,278.15,GdnHCl,destabilizing,10360367.0,Fluorescence,A,53
2ABD,T35A,1.28,5.3,278.15,GdnHCl,destabilizing,10360367.0,Fluorescence,A,34
2ABD,Y28F,1.26,5.3,278.15,GdnHCl,destabilizing,10360367.0,Fluorescence,A,27
2ABD,P44A,1.23,5.3,278.15,GdnHCl,destabilizing,10360367.0,Fluorescence,A,43
2ABD,A34G,1.08,5.3,278.15,GdnHCl,destabilizing,10360367.0,Fluorescence,A,33
2ABD,Y31N,0.97,5.3,278.15,GdnHCl,destabilizing,10360367.0,Fluorescence,A,30
2ABD,P19A,0.91,5.3,278.15,GdnHCl,destabilizing,10360367.0,Fluorescence,A,18
2ABD,E67A,0.8,5.3,278.15,GdnHCl,destabilizing,10360367.0,Fluorescence,A,66
2ABD,D21A,0.4,5.3,278.15,GdnHCl,destabilizing,10360367.0,Fluorescence,A,20
2ABD,K54M,0.22,5.3,278.15,GdnHCl,destabilizing,10360367.0,Fluorescence,A,53
2ABD,F26A,1.53,5.3,278.15,GdnHCl,destabilizing,10360367.0,Fluorescence,A,25
2ABD,I39A,1.06,5.3,278.15,GdnHCl,destabilizing,10360367.0,Fluorescence,A,38
2ABD,A69G,1.55,5.3,278.15,GdnHCl,destabilizing,10360367.0,Fluorescence,A,68
2ABD,I74A,1.34,5.3,278.15,GdnHCl,destabilizing,10360367.0,Fluorescence,A,73
2ABD,Y73F,-0.03,5.3,278.15,GdnHCl,stabilizing,10360367.0,Fluorescence,A,72
2ABD,K52M,-0.48,5.3,278.15,GdnHCl,stabilizing,10360367.0,Fluorescence,A,51
1YCC,C102T,-0.8,6.0,330.25,Thermal,stabilizing,10366726.0,DSC,A,105
1YCC,C102T,-0.5,4.7,324.55,Thermal,stabilizing,10366726.0,DSC,A,105
1FLV,H34A,-1.77,8.5,298.15,Urea,stabilizing,10388575.0,Fluorescence,A,32
1FLV,Y47F,-1.07,8.5,298.15,Urea,stabilizing,10388575.0,Fluorescence,A,45
1FLV,H34A,-0.83,6.0,298.15,Urea,stabilizing,10388575.0,Fluorescence,A,32
1FLV,Y47F,-0.59,6.0,298.15,Urea,stabilizing,10388575.0,Fluorescence,A,45
1FLV,F7L,-0.04,6.0,298.15,Urea,stabilizing,10388575.0,Fluorescence,A,5
1FLV,F7L,0.23,8.5,298.15,Urea,destabilizing,10388575.0,Fluorescence,A,5
1P2P,H48N,2.28,7.0,293.15,GdnHCl,destabilizing,10388847.0,Fluorescence,A,47
1P2P,H48Q,1.03,7.0,293.15,GdnHCl,destabilizing,10388847.0,Fluorescence,A,47
1P2P,H48K,3.21,7.0,293.15,GdnHCl,destabilizing,10388847.0,Fluorescence,A,47
1QND,C71S,1.91,6.8,293.15,GdnHCl,destabilizing,10407148.0,CD,A,70
1PDO,W12F,-3.59,7.4,295.15,GdnHCl,stabilizing,10422843.0,Fluorescence,A,10
1PDO,W33F,2.15,7.4,295.15,GdnHCl,destabilizing,10422843.0,Fluorescence,A,31
1PDO,W69F,4.3,7.4,295.15,GdnHCl,destabilizing,10422843.0,Fluorescence,A,67
1BVC,E18A,-0.7,4.0,298.15,Urea,stabilizing,10423259.0,CD,A,17
1BVC,E4A,-0.7,4.0,298.15,Urea,stabilizing,10423259.0,CD,A,3
1BVC,K56A,-0.25,4.0,298.15,Urea,stabilizing,10423259.0,CD,A,55
1BVC,D44A,-0.2,4.0,298.15,Urea,stabilizing,10423259.0,Fluorescence,A,43
1BVC,D60A,-0.15,4.0,298.15,Urea,stabilizing,10423259.0,Fluorescence,A,59
1BVC,K77A,-0.02,4.0,298.15,Urea,stabilizing,10423259.0,Fluorescence,A,76
1FKJ,V2A,2.43,7.5,298.15,Urea,destabilizing,10438631.0,Fluorescence,A,1
1FKJ,V4A,2.78,7.5,298.15,Urea,destabilizing,10438631.0,Fluorescence,A,3
1FKJ,I7V,0.92,7.5,298.15,Urea,destabilizing,10438631.0,Fluorescence,A,6
1FKJ,T21A,1.6,7.5,298.15,Urea,destabilizing,10438631.0,Fluorescence,A,20
1FKJ,T21S,1.44,7.5,298.15,Urea,destabilizing,10438631.0,Fluorescence,A,20
1FKJ,T21V,-0.86,7.5,298.15,Urea,stabilizing,10438631.0,Fluorescence,A,20
1FKJ,V23A,2.97,7.5,298.15,Urea,destabilizing,10438631.0,Fluorescence,A,22
1FKJ,V24A,3.19,7.5,298.15,Urea,destabilizing,10438631.0,Fluorescence,A,23
1FKJ,T27A,1.97,7.5,298.15,Urea,destabilizing,10438631.0,Fluorescence,A,26
1FKJ,T27S,1.49,7.5,298.15,Urea,destabilizing,10438631.0,Fluorescence,A,26
1FKJ,T27V,-0.23,7.5,298.15,Urea,stabilizing,10438631.0,Fluorescence,A,26
1FKJ,F36A,3.54,7.5,298.15,Urea,destabilizing,10438631.0,Fluorescence,A,35
1FKJ,L50A,2.57,7.5,298.15,Urea,destabilizing,10438631.0,Fluorescence,A,49
1FKJ,V55A,2.13,7.5,298.15,Urea,destabilizing,10438631.0,Fluorescence,A,54
1FKJ,I56A,2.48,7.5,298.15,Urea,destabilizing,10438631.0,Fluorescence,A,55
1FKJ,I56T,1.81,7.5,298.15,Urea,destabilizing,10438631.0,Fluorescence,A,55
1FKJ,I56D,3.16,7.5,298.15,Urea,destabilizing,10438631.0,Fluorescence,A,55
1FKJ,R57A,0.81,7.5,298.15,Urea,destabilizing,10438631.0,Fluorescence,A,56
1FKJ,R57G,2.29,7.5,298.15,Urea,destabilizing,10438631.0,Fluorescence,A,56
1FKJ,E60A,2.13,7.5,298.15,Urea,destabilizing,10438631.0,Fluorescence,A,59
1FKJ,E60G,2.84,7.5,298.15,Urea,destabilizing,10438631.0,Fluorescence,A,59
1FKJ,E61A,0.84,7.5,298.15,Urea,destabilizing,10438631.0,Fluorescence,A,60
1FKJ,E61G,2.49,7.5,298.15,Urea,destabilizing,10438631.0,Fluorescence,A,60
1FKJ,V63A,2.97,7.5,298.15,Urea,destabilizing,10438631.0,Fluorescence,A,62
1FKJ,T75A,2.6,7.5,298.15,Urea,destabilizing,10438631.0,Fluorescence,A,74
1FKJ,T75V,0.81,7.5,298.15,Urea,destabilizing,10438631.0,Fluorescence,A,74
1FKJ,I76V,0.76,7.5,298.15,Urea,destabilizing,10438631.0,Fluorescence,A,75
1FKJ,I76A,3.81,7.5,298.15,Urea,destabilizing,10438631.0,Fluorescence,A,75
1FKJ,I91V,0.38,7.5,298.15,Urea,destabilizing,10438631.0,Fluorescence,A,90
1FKJ,I91A,1.54,7.5,298.15,Urea,destabilizing,10438631.0,Fluorescence,A,90
1FKJ,L97A,3.56,7.5,298.15,Urea,destabilizing,10438631.0,Fluorescence,A,96
1FKJ,V98A,2.16,7.5,298.15,Urea,destabilizing,10438631.0,Fluorescence,A,97
1FKJ,V101A,2.75,7.5,298.15,Urea,destabilizing,10438631.0,Fluorescence,A,100
1FKJ,L106A,2.32,7.5,298.15,Urea,destabilizing,10438631.0,Fluorescence,A,105
1FKJ,I76V,0.76,7.5,298.15,Urea,destabilizing,10467094.0,Fluorescence,A,75
1FKJ,R57A,0.81,7.5,298.15,Urea,destabilizing,10467094.0,Fluorescence,A,56
1FKJ,E61A,0.84,7.5,298.15,Urea,destabilizing,10467094.0,Fluorescence,A,60
1FKJ,I7V,0.92,7.5,298.15,Urea,destabilizing,10467094.0,Fluorescence,A,6
1FKJ,E60A,2.12,7.5,298.15,Urea,destabilizing,10467094.0,Fluorescence,A,59
1FKJ,V98A,2.15,7.5,298.15,Urea,destabilizing,10467094.0,Fluorescence,A,97
1FKJ,R57G,2.28,7.5,298.15,Urea,destabilizing,10467094.0,Fluorescence,A,56
1FKJ,E61G,2.48,7.5,298.15,Urea,destabilizing,10467094.0,Fluorescence,A,60
1FKJ,V101A,2.73,7.5,298.15,Urea,destabilizing,10467094.0,Fluorescence,A,100
1FKJ,E60G,2.83,7.5,298.15,Urea,destabilizing,10467094.0,Fluorescence,A,59
1FKJ,V63A,2.96,7.5,298.15,Urea,destabilizing,10467094.0,Fluorescence,A,62
1FKJ,L97A,3.54,7.5,298.15,Urea,destabilizing,10467094.0,Fluorescence,A,96
3BLS,Y150F,0.7,6.8,327.75,Thermal,destabilizing,10493583.0,CD (far-UV),A,146
3BLS,Y150F,1.0,6.8,298.15,GdnHCl,destabilizing,10493583.0,CD,A,146
5AZU,I7S,3.0,7.2,293.15,GdnHCl,destabilizing,10504393.0,"CD, Fluorescence",A,6
5AZU,F110S,3.7,7.2,293.15,GdnHCl,destabilizing,10504393.0,"CD, Fluorescence",A,109
1CYO,V61Y,1.3375376,7.0,298.15,Urea,destabilizing,10508399.0,Abs,A,60
1CYO,V61K,2.38846,7.0,298.15,Urea,destabilizing,10508399.0,Abs,A,60
1CYO,V61H,1.6002682,7.0,298.15,Urea,destabilizing,10508399.0,Abs,A,60
1CYO,V61E,1.0509224,7.0,298.15,Urea,destabilizing,10508399.0,Abs,A,60
1CYO,V61Y,1.2897684,7.0,340.35,Thermal,destabilizing,10508399.0,Abs,A,60
1CYO,V61K,2.3406908,7.0,340.35,Thermal,destabilizing,10508399.0,Abs,A,60
1CYO,V61H,1.6241528,7.0,340.35,Thermal,destabilizing,10508399.0,Abs,A,60
1CYO,V61E,1.0986916000000002,7.0,340.35,Thermal,destabilizing,10508399.0,Abs,A,60
1MBG,V103A,2.3205741630000003,7.5,298.15,Thermal,destabilizing,10525414.0,CD,A,13
1MBG,V103I,-0.6937799040000001,7.5,298.15,Thermal,stabilizing,10525414.0,CD,A,13
1MBG,V103L,-2.440191388,7.5,298.15,Thermal,stabilizing,10525414.0,CD,A,13
1MBG,V103A,2.32,7.5,312.75,Thermal,destabilizing,10525414.0,CD,A,13
1MBG,V103I,-0.69,7.5,312.75,Thermal,stabilizing,10525414.0,CD,A,13
1MBG,V103L,-2.44,7.5,312.75,Thermal,stabilizing,10525414.0,CD,A,13
1AM7,H31D,1.6,7.0,298.15,Thermal,destabilizing,10556513.0,Fluorescence,A,29
1AM7,H48N,5.0,7.0,298.15,Thermal,destabilizing,10556513.0,Fluorescence,A,46
1PGA,T53F,-4.61,5.2,298.15,Thermal,stabilizing,10574793.0,CD,A,52
1PGA,T53Y,-4.29,5.2,336.15,Thermal,stabilizing,10574793.0,CD,A,52
1PGA,T53Y,-4.1,5.2,298.15,Thermal,stabilizing,10574793.0,CD,A,52
1PGA,T53F,-4.1,5.2,336.15,Thermal,stabilizing,10574793.0,CD,A,52
1PGA,T53I,-3.81,5.2,336.15,Thermal,stabilizing,10574793.0,CD,A,52
1PGA,T53V,-3.38,5.2,336.15,Thermal,stabilizing,10574793.0,CD,A,52
1PGA,T53I,-3.3,5.2,298.15,Thermal,stabilizing,10574793.0,CD,A,52
1PGA,T53V,-2.8,5.2,298.15,Thermal,stabilizing,10574793.0,CD,A,52
1PGA,I6N,-2.07,5.2,298.15,Thermal,stabilizing,10574793.0,CD,A,5
1PGA,I6T,-2.0,5.2,298.15,Thermal,stabilizing,10574793.0,CD,A,5
1PGA,I6N,-1.82,5.2,336.15,Thermal,stabilizing,10574793.0,CD,A,5
1PGA,I6T,-1.76,5.2,336.15,Thermal,stabilizing,10574793.0,CD,A,5
1AAR,R42E,-1.626794258,5.0,298.15,Urea,stabilizing,10600102.0,CD,A,41
1AAR,H68Q,-0.550239234,5.0,298.15,Urea,stabilizing,10600102.0,CD,A,67
1AAR,K6E,-0.526315789,5.0,298.15,Urea,stabilizing,10600102.0,CD,A,5
1AAR,K6Q,-0.263157895,5.0,298.15,Urea,stabilizing,10600102.0,CD,A,5
1AAR,H68E,-0.7655502390000001,5.0,298.15,Urea,stabilizing,10600102.0,CD,A,67
1AAR,R72Q,0.33492823,5.0,298.15,Urea,destabilizing,10600102.0,CD,A,71
1AAR,K29N,1.483253589,5.0,298.15,Urea,destabilizing,10600102.0,CD,A,28
1AAR,K29Q,1.674641148,5.0,298.15,Urea,destabilizing,10600102.0,CD,A,28
1AAR,K27Q,1.913875598,5.0,298.15,Urea,destabilizing,10600102.0,CD,A,26
451C,V78I,-0.06,5.0,298.15,GdnHCl,stabilizing,10608805.0,CD,A,77
451C,F7A,-1.1,5.0,323.55,Thermal,stabilizing,10608805.0,CD,A,6
451C,V13M,-0.4,5.0,323.55,Thermal,stabilizing,10608805.0,CD,A,12
451C,F34Y,-1.9,5.0,323.55,Thermal,stabilizing,10608805.0,CD,A,33
451C,Q37R,-0.5,5.0,323.55,Thermal,stabilizing,10608805.0,CD,A,36
451C,E43Y,-0.6,5.0,323.55,Thermal,stabilizing,10608805.0,CD,A,42
451C,V78I,-1.0,5.0,323.55,Thermal,stabilizing,10608805.0,CD,A,77
1HNG,Y76F,1.49,5.0,298.15,Urea,destabilizing,10623553.0,Fluorescence,A,74
1TEN,Y869A,1.88,5.0,298.15,Urea,destabilizing,10623553.0,Fluorescence,A,67
1WIT,Y73F,2.15,7.0,293.15,Urea,destabilizing,10623553.0,Fluorescence,A,72
1TEN,Y869F,3.22,5.0,298.15,Urea,destabilizing,10623553.0,Fluorescence,A,67
1CYO,V45E,2.675075,7.0,339.85,Thermal,destabilizing,10631476.0,Abs,A,44
1CYO,V45E,2.054076,7.0,350.75,Thermal,destabilizing,10631476.0,Abs,A,44
1CYO,V45Y,1.576384,7.0,350.75,Thermal,destabilizing,10631476.0,Abs,A,44
1CYO,V45Y,1.528614,7.0,339.85,Thermal,destabilizing,10631476.0,Abs,A,44
1CYO,V45H,1.385307,7.0,350.75,Thermal,destabilizing,10631476.0,Abs,A,44
1CYO,V45H,1.337538,7.0,339.85,Thermal,destabilizing,10631476.0,Abs,A,44
1CYO,V45G,1.910768,7.0,298.15,Urea,destabilizing,10631476.0,Abs,A,44
1CYO,V45H,1.648037,7.0,298.15,Urea,destabilizing,10631476.0,Abs,A,44
1CYO,V45T,0.955384,7.0,298.15,Urea,destabilizing,10631476.0,Abs,A,44
1YCC,F82Y,0.7,6.0,298.15,Thermal,destabilizing,10631980.0,DSC,A,85
1YCC,F82Y,1.01,6.0,333.15,Thermal,destabilizing,10631980.0,DSC,A,85
1YCC,L85A,2.8,6.0,298.15,Thermal,destabilizing,10631980.0,DSC,A,88
1YCC,L85A,2.9,6.0,333.15,Thermal,destabilizing,10631980.0,DSC,A,88
1TUP,N239Y,-1.37,7.2,283.15,Urea,stabilizing,10654936.0,NMR,A,145
1TUP,G245S,1.22,7.2,283.15,Urea,destabilizing,10654936.0,NMR,A,151
1TUP,R249S,1.69,7.2,283.15,Urea,destabilizing,10654936.0,NMR,A,155
1TUP,V143A,3.34,7.2,283.15,Urea,destabilizing,10654936.0,NMR,A,49
1TUP,H168R,2.75,7.2,283.15,Urea,destabilizing,10654936.0,NMR,A,74
1TUP,N268D,-1.21,7.2,283.15,Urea,stabilizing,10654936.0,NMR,A,174
1TUP,T123A,0.13,7.2,283.15,Urea,destabilizing,10654936.0,NMR,A,29
1RX4,I155V,-0.14,7.8,288.15,Urea,stabilizing,10656786.0,CD,A,154
1RX4,I2V,0.72,7.8,288.15,Urea,destabilizing,10656786.0,CD,A,1
1RX4,I61L,1.46,7.8,288.15,Urea,destabilizing,10656786.0,CD,A,60
1RX4,I61V,1.84,7.8,288.15,Urea,destabilizing,10656786.0,CD,A,60
1RX4,I91L,2.43,7.8,288.15,Urea,destabilizing,10656786.0,CD,A,90
1RX4,I91V,2.49,7.8,288.15,Urea,destabilizing,10656786.0,CD,A,90
1RX4,I94L,0.7,7.8,288.15,Urea,destabilizing,10656786.0,CD,A,93
1RX4,I94V,0.78,7.8,288.15,Urea,destabilizing,10656786.0,CD,A,93
1RX4,L112I,0.14,7.8,288.15,Urea,destabilizing,10656786.0,CD,A,111
1RX4,L112V,1.66,7.8,288.15,Urea,destabilizing,10656786.0,CD,A,111
1RX4,I155L,1.94,7.8,288.15,Urea,destabilizing,10656786.0,CD,A,154
1C2R,P35A,2.0,7.5,303.15,GdnHCl,destabilizing,10747794.0,CD,A,34
1C2R,G34S,2.2,7.5,303.15,GdnHCl,destabilizing,10747794.0,CD,A,33
1K9Q,W39F,-0.239,6.1,323.15,Thermal,stabilizing,10764597.0,"CD, Fluorescence",A,34
1C9O,Y15F,0.04784689,7.0,343.15,Thermal,destabilizing,10802734.0,CD,A,14
1C9O,G23Q,0.28708134,7.0,343.15,Thermal,destabilizing,10802734.0,CD,A,22
1C9O,S24D,-0.215311005,7.0,343.15,Thermal,stabilizing,10802734.0,CD,A,23
1C9O,T31S,-0.167464115,7.0,343.15,Thermal,stabilizing,10802734.0,CD,A,30
1C9O,E46A,0.215311005,7.0,343.15,Thermal,destabilizing,10802734.0,CD,A,45
1C9O,Q53E,0.09569378,7.0,343.15,Thermal,destabilizing,10802734.0,CD,A,52
1C9O,V64T,0.263157895,7.0,343.15,Thermal,destabilizing,10802734.0,CD,A,63
1C9O,L66E,1.2440191390000002,7.0,343.15,Thermal,destabilizing,10802734.0,CD,A,65
1C9O,L66A,0.07,7.0,343.15,Thermal,destabilizing,10802734.0,CD,A,65
1PGA,D47A,-0.358851675,7.0,298.15,Thermal,stabilizing,10828973.0,CD,A,46
1PGA,V54A,0.09569378,7.0,298.15,Thermal,destabilizing,10828973.0,CD,A,53
1PGA,K50A,0.454545455,7.0,298.15,Thermal,destabilizing,10828973.0,CD,A,49
1PGA,T49A,0.861244019,7.0,298.15,Thermal,destabilizing,10828973.0,CD,A,48
1PGA,D46A,1.363636364,7.0,298.15,Thermal,destabilizing,10828973.0,CD,A,45
2AFG,C83S,2.07796,6.6,312.6,Thermal,destabilizing,10852713.0,DSC,A,73
2AFG,C117S,0.262731,6.6,312.6,Thermal,destabilizing,10852713.0,DSC,A,107
2AFG,H93G,-1.600268,6.6,312.6,Thermal,stabilizing,10852713.0,DSC,A,83
2AFG,C83S,1.910768,6.6,298.0,Thermal,destabilizing,10852713.0,DSC,A,73
2AFG,C117S,0.621,6.6,298.0,Thermal,destabilizing,10852713.0,DSC,A,107
2AFG,H93G,-0.549346,6.6,298.0,Thermal,stabilizing,10852713.0,DSC,A,83
2AFG,C16S,2.890037,6.6,298.0,GdnHCl,destabilizing,10852713.0,DSC,A,6
1ARR,Q9G,-0.68,7.5,298.15,Urea,stabilizing,10889040.0,CD,A,8
1ARR,R13G,-0.36,7.5,298.15,Urea,stabilizing,10889040.0,CD,A,12
1ARR,R16G,1.55,7.5,298.15,Urea,destabilizing,10889040.0,CD,A,15
1ARR,E17G,1.19,7.5,298.15,Urea,destabilizing,10889040.0,CD,A,16
1ARR,D20G,2.79,7.5,298.15,Urea,destabilizing,10889040.0,CD,A,19
1ARR,R23G,2.14,7.5,298.15,Urea,destabilizing,10889040.0,CD,A,22
1ARR,K24G,2.45,7.5,298.15,Urea,destabilizing,10889040.0,CD,A,23
1ARR,E27G,0.75,7.5,298.15,Urea,destabilizing,10889040.0,CD,A,26
1ARR,E28G,1.69,7.5,298.15,Urea,destabilizing,10889040.0,CD,A,27
1ARR,N34G,-0.64,7.5,298.15,Urea,stabilizing,10889040.0,CD,A,33
1ARR,S35G,0.46,7.5,298.15,Urea,destabilizing,10889040.0,CD,A,34
1ARR,Q39G,1.22,7.5,298.15,Urea,destabilizing,10889040.0,CD,A,38
1ARR,K46G,1.6,7.5,298.15,Urea,destabilizing,10889040.0,CD,A,45
1ARR,K47G,1.16,7.5,298.15,Urea,destabilizing,10889040.0,CD,A,46
1ARR,E48G,2.59,7.5,298.15,Urea,destabilizing,10889040.0,CD,A,47
1ONC,M23L,2.511961722,2.0,298.15,Thermal,destabilizing,10913282.0,DSC,A,21
1ONC,M23L,2.296650718,2.5,298.15,Thermal,destabilizing,10913282.0,DSC,A,21
1ONC,M23L,2.775119617,3.0,298.15,Thermal,destabilizing,10913282.0,DSC,A,21
1ONC,M23L,2.894736842,3.5,298.15,Thermal,destabilizing,10913282.0,DSC,A,21
1ONC,M23L,2.4162679430000003,4.0,298.15,Thermal,destabilizing,10913282.0,DSC,A,21
1ONC,M23L,2.655502392,5.0,298.15,Thermal,destabilizing,10913282.0,DSC,A,21
1ONC,M23L,2.783094099,6.0,298.15,Thermal,destabilizing,10913282.0,DSC,A,21
1ONC,M23L,2.224880383,7.0,298.15,Thermal,destabilizing,10913282.0,DSC,A,21
1ONC,M23L,2.392344498,8.0,298.15,Thermal,destabilizing,10913282.0,DSC,A,21
1SCE,P58A,0.35,7.5,298.15,Urea,destabilizing,10926502.0,Fluorescence,A,52
1SCE,P44A,3.04,7.5,298.15,Urea,destabilizing,10926502.0,Fluorescence,A,38
1SCE,P52A,2.57,7.5,298.15,Urea,destabilizing,10926502.0,Fluorescence,A,46
1SCE,S28A,0.34,7.5,298.15,Urea,destabilizing,10926502.0,Fluorescence,A,22
1SCE,P20A,0.3,7.5,298.15,Urea,destabilizing,10926502.0,Fluorescence,A,14
1SCE,V89A,0.24,7.5,298.15,Urea,destabilizing,10926502.0,Fluorescence,A,83
1SCE,P7A,0.2,7.5,298.15,Urea,destabilizing,10926502.0,Fluorescence,A,1
1SCE,P92A,-0.07,7.5,298.15,Urea,stabilizing,10926502.0,Fluorescence,A,86
1SCE,P92G,-0.07,7.5,298.15,Urea,stabilizing,10926502.0,Fluorescence,A,86
1SCE,V89G,-0.81,7.5,298.15,Urea,stabilizing,10926502.0,Fluorescence,A,83
1SCE,S28G,-0.89,7.5,298.15,Urea,stabilizing,10926502.0,Fluorescence,A,22
1SCE,P90A,-1.19,7.5,298.15,Urea,stabilizing,10926502.0,Fluorescence,A,84
1SCE,P90G,-1.33,7.5,298.15,Urea,stabilizing,10926502.0,Fluorescence,A,84
1SCE,P29A,-0.23,7.5,298.15,Urea,stabilizing,10926502.0,Fluorescence,A,23
1PGA,A20G,2.39,6.0,295.15,GdnHCl,destabilizing,10932252.0,CD,A,19
1PGA,A26G,2.96,6.0,295.15,GdnHCl,destabilizing,10932252.0,CD,A,25
1PGA,A34G,2.48,6.0,295.15,GdnHCl,destabilizing,10932252.0,CD,A,33
1PGA,D22A,1.75,6.0,295.15,GdnHCl,destabilizing,10932252.0,CD,A,21
1PGA,D46A,1.74,6.0,295.15,GdnHCl,destabilizing,10932252.0,CD,A,45
1PGA,D47A,-0.49,6.0,295.15,GdnHCl,stabilizing,10932252.0,CD,A,46
1PGA,E15A,0.47,6.0,295.15,GdnHCl,destabilizing,10932252.0,CD,A,14
1PGA,F30L,1.42,6.0,295.15,GdnHCl,destabilizing,10932252.0,CD,A,29
1PGA,F52L,3.54,6.0,295.15,GdnHCl,destabilizing,10932252.0,CD,A,51
1PGA,G41A,2.84,6.0,295.15,GdnHCl,destabilizing,10932252.0,CD,A,40
1PGA,I6A,2.09,6.0,295.15,GdnHCl,destabilizing,10932252.0,CD,A,5
1PGA,K28G,0.05,6.0,295.15,GdnHCl,destabilizing,10932252.0,CD,A,27
1PGA,K31G,2.02,6.0,295.15,GdnHCl,destabilizing,10932252.0,CD,A,30
1PGA,L7A,1.85,6.0,295.15,GdnHCl,destabilizing,10932252.0,CD,A,6
1PGA,N35G,2.5,6.0,295.15,GdnHCl,destabilizing,10932252.0,CD,A,34
1PGA,N37A,-0.17,6.0,295.15,GdnHCl,stabilizing,10932252.0,CD,A,36
1PGA,Q32G,1.0,6.0,295.15,GdnHCl,destabilizing,10932252.0,CD,A,31
1PGA,T11A,0.6,6.0,295.15,GdnHCl,destabilizing,10932252.0,CD,A,10
1PGA,T16A,0.38,6.0,295.15,GdnHCl,destabilizing,10932252.0,CD,A,15
1PGA,T18A,0.46,6.0,295.15,GdnHCl,destabilizing,10932252.0,CD,A,17
1PGA,T25A,-0.22,6.0,295.15,GdnHCl,stabilizing,10932252.0,CD,A,24
1PGA,T49A,0.72,6.0,295.15,GdnHCl,destabilizing,10932252.0,CD,A,48
1PGA,T51A,1.87,6.0,295.15,GdnHCl,destabilizing,10932252.0,CD,A,50
1PGA,T53A,1.91,6.0,295.15,GdnHCl,destabilizing,10932252.0,CD,A,52
1PGA,V29A,0.7,6.0,295.15,GdnHCl,destabilizing,10932252.0,CD,A,28
1PGA,V39A,1.72,6.0,295.15,GdnHCl,destabilizing,10932252.0,CD,A,38
1PGA,V54A,2.93,6.0,295.15,GdnHCl,destabilizing,10932252.0,CD,A,53
1PGA,Y33A,0.92,6.0,295.15,GdnHCl,destabilizing,10932252.0,CD,A,32
1PGA,Y3L,1.62,6.0,295.15,GdnHCl,destabilizing,10932252.0,CD,A,2
1PGA,Y45L,3.34,6.0,295.15,GdnHCl,destabilizing,10932252.0,CD,A,44
1TTG,I34A,5.02,5.0,298.15,Urea,destabilizing,10986129.0,CD,A,33
1TTG,Y32A,4.165,5.0,298.15,Urea,destabilizing,10986129.0,CD,A,31
1TTG,I59A,3.66,5.0,298.15,Urea,destabilizing,10986129.0,CD,A,58
1TTG,L62A,2.94,5.0,298.15,Urea,destabilizing,10986129.0,CD,A,61
1TTG,A57G,2.81,5.0,298.15,Urea,destabilizing,10986129.0,CD,A,56
1TTG,Y32L,2.605,5.0,298.15,Urea,destabilizing,10986129.0,CD,A,31
1TTG,V50A,2.42,5.0,298.15,Urea,destabilizing,10986129.0,CD,A,49
1TTG,Y36A,2.29,5.0,298.15,Urea,destabilizing,10986129.0,CD,A,35
1TTG,F48A,2.16,5.0,298.15,Urea,destabilizing,10986129.0,CD,A,47
1TTG,W22F,1.94,5.0,298.15,Urea,destabilizing,10986129.0,CD,A,21
1TTG,L8A,1.64,5.0,298.15,Urea,destabilizing,10986129.0,CD,A,7
1TEN,E887A,-1.61,5.0,298.15,Urea,stabilizing,10986129.0,CD,A,85
1TTG,V29A,1.45,5.0,298.15,Urea,destabilizing,10986129.0,CD,A,28
1TTG,V10A,1.38,5.0,298.15,Urea,destabilizing,10986129.0,CD,A,9
1TTG,I59V,1.12,5.0,298.15,Urea,destabilizing,10986129.0,CD,A,58
1TTG,A13G,0.93,5.0,298.15,Urea,destabilizing,10986129.0,CD,A,12
1TTG,L18A,0.87,5.0,298.15,Urea,destabilizing,10986129.0,CD,A,17
1TTG,I20A,0.74,5.0,298.15,Urea,destabilizing,10986129.0,CD,A,19
1TTG,V66A,0.67,5.0,298.15,Urea,destabilizing,10986129.0,CD,A,65
1TTG,P25A,0.48,5.0,298.15,Urea,destabilizing,10986129.0,CD,A,24
1TTG,I20V,0.41,5.0,298.15,Urea,destabilizing,10986129.0,CD,A,19
1TTG,I34V,0.41,5.0,298.15,Urea,destabilizing,10986129.0,CD,A,33
1TTG,P64A,0.41,5.0,298.15,Urea,destabilizing,10986129.0,CD,A,63
1TTG,Y32F,0.41,5.0,298.15,Urea,destabilizing,10986129.0,CD,A,31
1TEN,S875A,-0.04,5.0,298.15,Urea,stabilizing,10986129.0,CD,A,73
1TTG,P5A,-0.11,5.0,298.15,Urea,stabilizing,10986129.0,CD,A,4
1TEN,P884A,0.11,5.0,298.15,Urea,destabilizing,10986129.0,CD,A,82
1TEN,I821V,0.23,5.0,298.15,Urea,destabilizing,10986129.0,CD,A,19
1TEN,E887G,0.34,5.0,298.15,Urea,destabilizing,10986129.0,CD,A,85
1TEN,I860V,0.83,5.0,298.15,Urea,destabilizing,10986129.0,CD,A,58
1TEN,P865A,0.93,5.0,298.15,Urea,destabilizing,10986129.0,CD,A,63
1TEN,A885G,1.09,5.0,298.15,Urea,destabilizing,10986129.0,CD,A,83
1TEN,T867S,1.22,5.0,298.15,Urea,destabilizing,10986129.0,CD,A,65
1TEN,V811A,1.36,5.0,298.15,Urea,destabilizing,10986129.0,CD,A,9
1TEN,I830A,1.38,5.0,298.15,Urea,destabilizing,10986129.0,CD,A,28
1TEN,Y858A,1.38,5.0,298.15,Urea,destabilizing,10986129.0,CD,A,56
1TEN,P826A,1.73,5.0,298.15,Urea,destabilizing,10986129.0,CD,A,24
1TEN,I860A,2.06,5.0,298.15,Urea,destabilizing,10986129.0,CD,A,58
1TEN,I849A,2.19,5.0,298.15,Urea,destabilizing,10986129.0,CD,A,47
1TEN,S882A,2.28,5.0,298.15,Urea,destabilizing,10986129.0,CD,A,80
1TEN,P806A,2.74,5.0,298.15,Urea,destabilizing,10986129.0,CD,A,4
1TEN,A819G,2.8,5.0,298.15,Urea,destabilizing,10986129.0,CD,A,17
1TEN,V871A,2.81,5.0,298.15,Urea,destabilizing,10986129.0,CD,A,69
1TEN,I809A,2.86,5.0,298.15,Urea,destabilizing,10986129.0,CD,A,7
1TEN,L851A,2.99,5.0,298.15,Urea,destabilizing,10986129.0,CD,A,49
1TEN,L873A,3.06,5.0,298.15,Urea,destabilizing,10986129.0,CD,A,71
1TEN,Y869F,3.13,5.0,298.15,Urea,destabilizing,10986129.0,CD,A,67
1TEN,I821A,3.67,5.0,298.15,Urea,destabilizing,10986129.0,CD,A,19
1TEN,Y858G,4.14,5.0,298.15,Urea,destabilizing,10986129.0,CD,A,56
1TEN,L863A,4.22,5.0,298.15,Urea,destabilizing,10986129.0,CD,A,61
1TEN,Y837A,4.22,5.0,298.15,Urea,destabilizing,10986129.0,CD,A,35
1TEN,L835A,4.29,5.0,298.15,Urea,destabilizing,10986129.0,CD,A,33
1TEN,F889A,5.43,5.0,298.15,Urea,destabilizing,10986129.0,CD,A,87
1BNZ,V4A,2.12,6.1,298.15,GdnHCl,destabilizing,11124040.0,Fluorescence,A,3
1BNZ,K7A,0.27,6.1,298.15,GdnHCl,destabilizing,11124040.0,Fluorescence,A,6
1BNZ,E12A,0.29,6.1,298.15,GdnHCl,destabilizing,11124040.0,Fluorescence,A,11
1BNZ,V15A,2.29,6.1,298.15,GdnHCl,destabilizing,11124040.0,Fluorescence,A,14
1BNZ,I17A,1.21,6.1,298.15,GdnHCl,destabilizing,11124040.0,Fluorescence,A,16
1BNZ,S18A,0.13,6.1,298.15,GdnHCl,destabilizing,11124040.0,Fluorescence,A,17
1BNZ,V23A,0.23,6.1,298.15,GdnHCl,destabilizing,11124040.0,Fluorescence,A,22
1BNZ,R25A,0.38,6.1,298.15,GdnHCl,destabilizing,11124040.0,Fluorescence,A,24
1BNZ,G27A,0.76,6.1,298.15,GdnHCl,destabilizing,11124040.0,Fluorescence,A,26
1BNZ,I30A,2.72,6.1,298.15,GdnHCl,destabilizing,11124040.0,Fluorescence,A,29
1BNZ,S31A,-0.72,6.1,298.15,GdnHCl,stabilizing,11124040.0,Fluorescence,A,30
1BNZ,F32A,2.31,6.1,298.15,GdnHCl,destabilizing,11124040.0,Fluorescence,A,31
1BNZ,D35A,0.54,6.1,298.15,GdnHCl,destabilizing,11124040.0,Fluorescence,A,34
1BNZ,G37A,0.56,6.1,298.15,GdnHCl,destabilizing,11124040.0,Fluorescence,A,36
1BNZ,T41A,0.84,6.1,298.15,GdnHCl,destabilizing,11124040.0,Fluorescence,A,40
1BNZ,R43A,0.56,6.1,298.15,GdnHCl,destabilizing,11124040.0,Fluorescence,A,42
1BNZ,A45G,1.27,6.1,298.15,GdnHCl,destabilizing,11124040.0,Fluorescence,A,44
1BNZ,V46A,1.63,6.1,298.15,GdnHCl,destabilizing,11124040.0,Fluorescence,A,45
1BNZ,S47A,-0.18,6.1,298.15,GdnHCl,stabilizing,11124040.0,Fluorescence,A,46
1BNZ,A51G,2.1,6.1,298.15,GdnHCl,destabilizing,11124040.0,Fluorescence,A,50
1BNZ,L55A,3.92,6.1,298.15,GdnHCl,destabilizing,11124040.0,Fluorescence,A,54
1BNZ,L56A,1.45,6.1,298.15,GdnHCl,destabilizing,11124040.0,Fluorescence,A,55
1BNZ,Q57G,0.43,6.1,298.15,GdnHCl,destabilizing,11124040.0,Fluorescence,A,56
1BNZ,L59A,0.67,6.1,298.15,GdnHCl,destabilizing,11124040.0,Fluorescence,A,58
1H56,D58A,-2.2,5.5,298.15,GdnHCl,stabilizing,11148032.0,NMR,A,56
1H56,D58A,-5.4,6.6,298.15,GdnHCl,stabilizing,11148032.0,NMR,A,56
1H56,D58A,-3.3,7.7,298.15,GdnHCl,stabilizing,11148032.0,NMR,A,56
1H56,E55A,-0.7,5.5,298.15,GdnHCl,stabilizing,11148032.0,NMR,A,53
1H56,E55A,-1.6,6.6,298.15,GdnHCl,stabilizing,11148032.0,NMR,A,53
1H56,E55A,1.4,7.7,298.15,GdnHCl,destabilizing,11148032.0,NMR,A,53
1H56,E68A,0.4,5.5,298.15,GdnHCl,destabilizing,11148032.0,NMR,A,66
1H56,E68A,-5.7,6.6,298.15,GdnHCl,stabilizing,11148032.0,NMR,A,66
1H56,E68A,-1.8,7.7,298.15,GdnHCl,stabilizing,11148032.0,NMR,A,66
1H56,K70A,-4.0,5.5,298.15,GdnHCl,stabilizing,11148032.0,NMR,A,68
1H56,K70A,-9.5,6.6,298.15,GdnHCl,stabilizing,11148032.0,NMR,A,68
1H56,K70A,-5.0,7.7,298.15,GdnHCl,stabilizing,11148032.0,NMR,A,68
1TIN,T43A,1.0,2.5,323.15,Thermal,destabilizing,11266603.0,DSC,A,42
1TIN,R52A,2.0,2.5,323.15,Thermal,destabilizing,11266603.0,DSC,A,51
1TIN,R52Q,2.0,2.5,323.15,Thermal,destabilizing,11266603.0,DSC,A,51
1TIN,P4G,2.0,2.5,323.15,Thermal,destabilizing,11266603.0,DSC,A,3
1TIN,R50A,3.0,2.5,323.15,Thermal,destabilizing,11266603.0,DSC,A,49
1TIN,R50K,3.0,2.5,323.15,Thermal,destabilizing,11266603.0,DSC,A,49
1CFD,K75A,-0.6,7.2,298.15,GdnHCl,stabilizing,11266616.0,CD,A,74
1CFD,K75I,-1.7,7.2,298.15,GdnHCl,stabilizing,11266616.0,CD,A,74
1CFD,Q41A,0.1,7.2,298.15,GdnHCl,destabilizing,11266616.0,CD,A,40
1CFD,Q41L,-1.3,7.2,298.15,GdnHCl,stabilizing,11266616.0,CD,A,40
1BVC,Q8A,-0.98,4.2,277.15,Urea,stabilizing,11318652.0,Fluorescence,A,7
1BVC,K140A,-0.475,4.2,277.15,Urea,stabilizing,11318652.0,Fluorescence,A,139
1BVC,E109A,-0.265,4.2,277.15,Urea,stabilizing,11318652.0,Fluorescence,A,108
1BVC,Q8G,0.565,4.2,277.15,Urea,destabilizing,11318652.0,Fluorescence,A,7
1BVC,E109G,0.925,4.2,277.15,Urea,destabilizing,11318652.0,Fluorescence,A,108
3MBP,W62E,-0.4,7.5,298.15,GdnHCl,stabilizing,11344330.0,CD,A,61
3MBP,A63E,-1.8,7.5,298.15,GdnHCl,stabilizing,11344330.0,CD,A,62
3MBP,Y155E,2.7,7.5,298.15,GdnHCl,destabilizing,11344330.0,CD,A,154
3MBP,Y210A,-1.1,7.5,298.15,GdnHCl,stabilizing,11344330.0,CD,A,209
3MBP,W230E,3.1,7.5,298.15,GdnHCl,destabilizing,11344330.0,CD,A,229
3MBP,W232E,7.5,7.5,298.15,GdnHCl,destabilizing,11344330.0,CD,A,231
3MBP,Y242E,7.2,7.5,298.15,GdnHCl,destabilizing,11344330.0,CD,A,241
3MBP,I317E,5.8,7.5,298.15,GdnHCl,destabilizing,11344330.0,CD,A,316
3MBP,W340E,2.3,7.5,298.15,GdnHCl,destabilizing,11344330.0,CD,A,339
451C,E70Q,0.9,7.0,283.15,Urea,destabilizing,11399087.0,Fluorescence,A,69
451C,W56F,1.9,7.0,283.15,Urea,destabilizing,11399087.0,Fluorescence,A,55
451C,W77F,1.2,7.0,283.15,Urea,destabilizing,11399087.0,Fluorescence,A,76
451C,E70V,2.0,7.0,283.15,Urea,destabilizing,11399087.0,Fluorescence,A,69
1RHG,G149A,-2.29,7.0,298.15,GdnHCl,stabilizing,11406632.0,CD,A,121
1RHG,G150A,-2.86,7.0,298.15,GdnHCl,stabilizing,11406632.0,CD,A,122
1RHG,G26A,-3.06,7.0,298.15,GdnHCl,stabilizing,11406632.0,CD,A,17
1RHG,G28A,-2.66,7.0,298.15,GdnHCl,stabilizing,11406632.0,CD,A,19
1RHG,G73A,-1.44,7.0,298.15,GdnHCl,stabilizing,11406632.0,CD,A,55
1RHG,G81A,1.68,7.0,298.15,GdnHCl,destabilizing,11406632.0,CD,A,63
1RHG,G87A,1.86,7.0,298.15,GdnHCl,destabilizing,11406632.0,CD,A,69
1QLP,A31V,-0.6,6.5,298.15,GdnHCl,stabilizing,11420446.0,Fluorescence,A,8
1QLP,A31I,-0.9,6.5,298.15,GdnHCl,stabilizing,11420446.0,Fluorescence,A,8
1QLP,A31L,-0.9,6.5,298.15,GdnHCl,stabilizing,11420446.0,Fluorescence,A,8
1QLP,A31P,-2.5,6.5,298.15,GdnHCl,stabilizing,11420446.0,Fluorescence,A,8
1QLP,V55I,0.2,6.5,298.15,GdnHCl,destabilizing,11420446.0,Fluorescence,A,32
1QLP,V55L,0.3,6.5,298.15,GdnHCl,destabilizing,11420446.0,Fluorescence,A,32
1QLP,V145I,-0.2,6.5,298.15,GdnHCl,stabilizing,11420446.0,Fluorescence,A,122
1QLP,V145L,0.7,6.5,298.15,GdnHCl,destabilizing,11420446.0,Fluorescence,A,122
1QLP,V173L,0.6,6.5,298.15,GdnHCl,destabilizing,11420446.0,Fluorescence,A,150
1QLP,A183V,-3.8,6.5,298.15,GdnHCl,stabilizing,11420446.0,Fluorescence,A,160
1QLP,A183I,-1.8,6.5,298.15,GdnHCl,stabilizing,11420446.0,Fluorescence,A,160
1QLP,V173I,-0.5,6.5,298.15,GdnHCl,stabilizing,11420446.0,Fluorescence,A,150
1QLP,A183L,-1.4,6.5,298.15,GdnHCl,stabilizing,11420446.0,Fluorescence,A,160
1QLP,A183F,-1.5,6.5,298.15,GdnHCl,stabilizing,11420446.0,Fluorescence,A,160
1QLP,A248V,-2.3,6.5,298.15,GdnHCl,stabilizing,11420446.0,Fluorescence,A,225
1QLP,A248I,-2.2,6.5,298.15,GdnHCl,stabilizing,11420446.0,Fluorescence,A,225
1QLP,A248L,-1.5,6.5,298.15,GdnHCl,stabilizing,11420446.0,Fluorescence,A,225
1QLP,A248F,-1.8,6.5,298.15,GdnHCl,stabilizing,11420446.0,Fluorescence,A,225
1QLP,A250V,0.4,6.5,298.15,GdnHCl,destabilizing,11420446.0,Fluorescence,A,227
1QLP,A250I,0.4,6.5,298.15,GdnHCl,destabilizing,11420446.0,Fluorescence,A,227
1QLP,A250L,1.0,6.5,298.15,GdnHCl,destabilizing,11420446.0,Fluorescence,A,227
1QLP,A284V,-0.8,6.5,298.15,GdnHCl,stabilizing,11420446.0,Fluorescence,A,261
1QLP,A284I,-0.0,6.5,298.15,GdnHCl,stabilizing,11420446.0,Fluorescence,A,261
1QLP,V321I,-0.6,6.5,298.15,GdnHCl,stabilizing,11420446.0,Fluorescence,A,298
1QLP,V321L,1.2,6.5,298.15,GdnHCl,destabilizing,11420446.0,Fluorescence,A,298
1QLP,V364I,-0.4,6.5,298.15,GdnHCl,stabilizing,11420446.0,Fluorescence,A,341
1QLP,V364L,0.3,6.5,298.15,GdnHCl,destabilizing,11420446.0,Fluorescence,A,341
1K9Q,L30Y,-0.355,7.0,338.15,Thermal,stabilizing,11420447.0,Fluorescence,A,25
1K9Q,D34T,-0.38,7.0,338.15,Thermal,stabilizing,11420447.0,Fluorescence,A,29
1K9Q,A20R,-0.745,7.0,338.15,Thermal,stabilizing,11420447.0,Fluorescence,A,15
451C,E70V,-0.3,7.0,283.15,GdnHCl,stabilizing,11468365.0,Fluorescence,A,69
451C,E70Q,0.2,7.0,283.15,GdnHCl,destabilizing,11468365.0,Fluorescence,A,69
4GWT,E12Q,0.54,7.0,298.15,Thermal,destabilizing,11478867.0,"CD, Fluorescence",A,6
4GWT,R14F,1.1,7.0,298.15,Thermal,destabilizing,11478867.0,"CD, Fluorescence",A,8
4GWT,S16T,0.465,7.0,298.15,Thermal,destabilizing,11478867.0,"CD, Fluorescence",A,10
1IGV,N21D,1.051625239,7.0,298.25,Urea,destabilizing,11502182.0,Fluorescence,A,20
1IGV,P43M,0.382409178,7.0,298.25,Urea,destabilizing,11502182.0,Fluorescence,A,42
2TRX,D26I,-3.1,7.0,298.15,Thermal,stabilizing,11513583.0,CD,A,25
2TRX,C32A,3.7,7.0,298.15,Thermal,destabilizing,11513583.0,CD,A,31
2TRX,C35A,3.1,7.0,298.15,Thermal,destabilizing,11513583.0,CD,A,34
2TRX,T66L,1.4,7.0,298.15,Thermal,destabilizing,11513583.0,CD,A,65
2TRX,T77V,1.1,7.0,298.15,Thermal,destabilizing,11513583.0,CD,A,76
1CFD,D50G,0.65,7.4,298.15,Thermal,destabilizing,11514666.0,CD,A,49
1CFD,E54K,-0.318,7.4,298.15,Thermal,stabilizing,11514666.0,CD,A,53
1CFD,G40E,1.57,7.4,298.15,Thermal,destabilizing,11514666.0,CD,A,39
1CFD,G59S,0.816,7.4,298.15,Thermal,destabilizing,11514666.0,CD,A,58
1MBG,V103L,-0.476076555,6.88,278.15,Pressure,stabilizing,11536365.0,NMR,A,13
1MJC,T68W,-0.7,7.0,298.15,GdnHCl,stabilizing,11567094.0,Fluorescence,A,66
1MJC,Y42W,-0.15,7.0,298.15,GdnHCl,stabilizing,11567094.0,Fluorescence,A,40
1MJC,S52W,0.2,7.0,298.15,GdnHCl,destabilizing,11567094.0,Fluorescence,A,50
1UBQ,E18D,-0.08,3.0,298.15,GdnHCl,stabilizing,11567097.0,Fluorescence,A,17
1CFD,L39F,1.1,7.2,298.15,Thermal,destabilizing,11601997.0,CD,A,38
1QLP,W238F,-1.2,7.8,298.15,GdnSCN,stabilizing,11700071.0,Fluorescence,A,215
1QLP,W194F,-0.0,7.8,298.15,GdnSCN,stabilizing,11700071.0,Fluorescence,A,171
2AFG,V109L,0.57323,6.6,313.2,Thermal,destabilizing,11714927.0,DSC,A,99
2AFG,L44P,-0.692653,6.6,313.2,Thermal,destabilizing,11714927.0,DSC,A,34
2AFG,L73V,1.456961,6.6,313.2,Thermal,destabilizing,11714927.0,DSC,A,63
1DIL,A53L,-0.81,7.0,298.15,GdnHCl,stabilizing,11742108.0,CD,A,51
1DIL,A69V,-0.62,7.0,298.15,GdnHCl,stabilizing,11742108.0,CD,A,67
1C9O,Y15F,0.0477692,7.0,343.15,Thermal,destabilizing,11800561.0,CD,A,14
1C9O,V64T,0.262731,7.0,343.15,Thermal,destabilizing,11800561.0,CD,A,63
1C9O,T31S,-0.167192,7.0,343.15,Thermal,stabilizing,11800561.0,CD,A,30
1C9O,S24D,-0.214961,7.0,343.15,Thermal,stabilizing,11800561.0,CD,A,23
1C9O,R3L,0.9321224,7.0,343.15,Thermal,destabilizing,11800561.0,CD,A,2
1C9O,R3K,0.191204,7.0,343.15,Thermal,destabilizing,11800561.0,CD,A,2
1C9O,R3E,2.746729,7.0,343.15,Thermal,destabilizing,11800561.0,CD,A,2
1C9O,R3A,1.888145,7.0,343.15,Thermal,destabilizing,11800561.0,CD,A,2
1C9O,Q53E,0.0955384,7.0,343.15,Thermal,destabilizing,11800561.0,CD,A,52
1C9O,Q2L,-0.549346,7.0,343.15,Thermal,stabilizing,11800561.0,CD,A,1
1C9O,N11S,-0.334384,7.0,343.15,Thermal,stabilizing,11800561.0,CD,A,10
1C9O,L66E,1.241999,7.0,343.15,Thermal,destabilizing,11800561.0,CD,A,65
1C9O,G23Q,0.286615,7.0,343.15,Thermal,destabilizing,11800561.0,CD,A,22
1CSP,E66L,-1.770334928,7.0,343.15,Thermal,stabilizing,11800561.0,CD,A,65
1C9O,E46A,0.214961,7.0,343.15,Thermal,destabilizing,11800561.0,CD,A,45
1CSP,E3R,-2.655502392,7.0,343.15,Thermal,stabilizing,11800561.0,CD,A,2
1CSP,E3L,-1.6028708130000002,7.0,343.15,Thermal,stabilizing,11800561.0,CD,A,2
1C9O,E21A,0.2868069,7.0,343.15,Thermal,destabilizing,11800561.0,CD,A,20
1CSP,A46E,0.28708134,7.0,343.15,Thermal,destabilizing,11800561.0,CD,A,45
1C9O,Y15F,0.0955384,7.0,298.15,GdnHCl,destabilizing,11800561.0,CD,A,14
1C9O,V64T,0.3105,7.0,298.15,GdnHCl,destabilizing,11800561.0,CD,A,63
1C9O,T31S,-0.0477692,7.0,298.15,GdnHCl,stabilizing,11800561.0,CD,A,30
1C9O,S24D,-0.0955384,7.0,298.15,GdnHCl,stabilizing,11800561.0,CD,A,23
1C9O,R3L,-0.334384,7.0,298.15,GdnHCl,stabilizing,11800561.0,CD,A,2
1C9O,R3E,0.8359610000000001,7.0,298.15,GdnHCl,destabilizing,11800561.0,CD,A,2
1C9O,Q53E,-0.0238846,7.0,298.15,GdnHCl,stabilizing,11800561.0,CD,A,52
1C9O,Q2L,-0.406038,7.0,298.15,GdnHCl,stabilizing,11800561.0,CD,A,1
1C9O,N11S,-0.0,7.0,298.15,GdnHCl,stabilizing,11800561.0,CD,A,10
1C9O,L66E,0.8359610000000001,7.0,298.15,GdnHCl,destabilizing,11800561.0,CD,A,65
1C9O,G23Q,-0.0,7.0,298.15,GdnHCl,stabilizing,11800561.0,CD,A,22
1CSP,E66L,-1.339712919,7.0,298.15,GdnHCl,stabilizing,11800561.0,CD,A,65
1C9O,E46A,-0.0955384,7.0,298.15,GdnHCl,stabilizing,11800561.0,CD,A,45
1CSP,E3R,-0.885167464,7.0,298.15,GdnHCl,stabilizing,11800561.0,CD,A,2
1QM4,R265H,-10.61,8.0,298.15,Urea,stabilizing,11815619.0,Fluorescence,A,236
1UWO,M7A,5.263157895,7.2,298.15,GdnHCl,destabilizing,11888280.0,CD,A,6
1UWO,L3S,2.775119617,7.2,298.15,GdnHCl,destabilizing,11888280.0,CD,A,2
1UWO,L3A,1.196172249,7.2,298.15,GdnHCl,destabilizing,11888280.0,CD,A,2
1UWO,I11A,4.138755981,7.2,298.15,GdnHCl,destabilizing,11888280.0,CD,A,10
1UWO,F14A,7.535885167000001,7.2,298.15,GdnHCl,destabilizing,11888280.0,CD,A,13
1LUC,A81H,2.5,7.0,298.15,Urea,destabilizing,11900533.0,CD,A,80
1LUC,H82A,2.8,7.0,298.15,Urea,destabilizing,11900533.0,CD,A,81
1RTB,F46V,-0.114646,5.5,331.15,Thermal,destabilizing,11926818.0,Abs,A,45
1RTB,F46E,0.124797,5.5,331.15,Thermal,destabilizing,11926818.0,Abs,A,45
1RTB,F46K,0.580754,5.5,331.15,Thermal,destabilizing,11926818.0,Abs,A,45
1QLP,Y160A,0.1,7.8,298.15,GdnHCl,destabilizing,11926819.0,CD,A,137
1QLP,Y160W,-1.3,7.8,298.15,GdnHCl,stabilizing,11926819.0,CD,A,137
5AZU,H117G,2.36842105,7.0,293.15,GdnHCl,destabilizing,11964251.0,CD,A,116
5AZU,H46G,2.63,7.0,293.15,GdnHCl,destabilizing,11964251.0,CD,A,45
5AZU,C3S,5.473231358,7.0,298.15,GuHCl,destabilizing,12007613.0,Fluorescence,A,2
1A43,C218S,2.3,7.3,298.15,GdnHCl,destabilizing,12051856.0,Fluorescence,A,70
1A43,C218S,2.8,7.3,298.15,GdnHCl,destabilizing,12051856.0,Fluorescence,A,70
1A43,G156A,1.0,7.3,298.15,GdnHCl,destabilizing,12051856.0,Fluorescence,A,8
1A43,G156A,2.8,7.3,298.15,GdnHCl,destabilizing,12051856.0,Fluorescence,A,8
1A43,E159D,2.1,7.3,298.15,GdnHCl,destabilizing,12051856.0,Fluorescence,A,11
1A43,E159D,4.9,7.3,298.15,GdnHCl,destabilizing,12051856.0,Fluorescence,A,11
1A43,R167A,3.0,7.3,298.15,GdnHCl,destabilizing,12051856.0,Fluorescence,A,19
1A43,R167A,3.1,7.3,298.15,GdnHCl,destabilizing,12051856.0,Fluorescence,A,19
1A43,W184A,0.7,7.3,298.15,GdnHCl,destabilizing,12051856.0,CD,A,36
1TTG,P82A,0.42,5.0,298.15,Urea,destabilizing,12054791.0,CD,A,81
1TTG,P87A,0.21,5.0,298.15,Urea,destabilizing,12054791.0,CD,A,86
1OTR,L67A,2.822966507,3.75,323.15,Thermal,destabilizing,12079391.0,DSC,B,66
1OTR,V5N,5.38277512,3.75,323.15,Thermal,destabilizing,12079391.0,DSC,B,4
1OTR,L67N,3.397129187,3.75,323.15,Thermal,destabilizing,12079391.0,DSC,B,66
1OTR,L67S,3.301435407,3.75,323.15,Thermal,destabilizing,12079391.0,DSC,B,66
1OTR,L67T,2.918660287,3.75,323.15,Thermal,destabilizing,12079391.0,DSC,B,66
1OTR,V5A,3.014354067,3.75,323.15,Thermal,destabilizing,12079391.0,DSC,B,4
1OTR,V5T,3.732057416,3.75,323.15,Thermal,destabilizing,12079391.0,DSC,B,4
1TIT,C63S,2.08,7.3,298.15,GdnHCl,destabilizing,12080133.0,Fluorescence,A,62
451C,V78I,-1.11,3.6,335.75,Thermal,stabilizing,12082163.0,DSC,A,77
1CM2,K49R,0.15,7.0,298.15,Urea,destabilizing,12144791.0,CD,A,48
1CM2,K49N,-0.35,7.0,298.15,Urea,stabilizing,12144791.0,CD,A,48
1CM2,K49S,-1.1,7.0,298.15,Urea,stabilizing,12144791.0,CD,A,48
1CM2,K49D,-1.65,7.0,298.15,Urea,stabilizing,12144791.0,CD,A,48
1CM2,K49Q,-1.55,7.0,298.15,Urea,stabilizing,12144791.0,CD,A,48
1CM2,K49E,-2.0,7.0,298.15,Urea,stabilizing,12144791.0,CD,A,48
1CM2,K49M,-1.0,7.0,298.15,Urea,stabilizing,12144791.0,CD,A,48
1CM2,K49G,-1.1,7.0,298.15,Urea,stabilizing,12144791.0,CD,A,48
1CM2,K49A,-1.5,7.0,298.15,Urea,stabilizing,12144791.0,CD,A,48
1KKM,G49K,0.9,7.0,298.15,Urea,destabilizing,12144791.0,CD,H,46
1KKM,G49E,-1.3,7.0,298.15,Urea,stabilizing,12144791.0,CD,H,46
1KKM,G49A,-0.85,7.0,298.15,Urea,stabilizing,12144791.0,CD,H,46
1AV1,L141R,0.65,7.4,298.15,Thermal,destabilizing,12173940.0,CD,A,98
1AYF,F11W,0.8038277509999999,7.5,293.15,GdnHCl,destabilizing,12206673.0,Fluorescence,A,5
1AYF,F43W,1.21291866,7.5,293.15,GdnHCl,destabilizing,12206673.0,Fluorescence,A,37
1AYF,F59W,2.377990431,7.5,293.15,GdnHCl,destabilizing,12206673.0,Fluorescence,A,53
1AYF,F64W,0.325358852,7.5,293.15,GdnHCl,destabilizing,12206673.0,Fluorescence,A,58
1AYF,Y82W,0.002392344,7.5,293.15,GdnHCl,destabilizing,12206673.0,Fluorescence,A,76
1WQ5,P28G,1.66,7.8,298.15,Urea,destabilizing,12215410.0,CD,A,27
1WQ5,P28A,4.12,7.8,298.15,Urea,destabilizing,12215410.0,CD,A,27
1OTR,E34A,-0.071770335,3.0,338.15,Thermal,stabilizing,12215419.0,DSC,A,28
1OTR,E34C,-0.909090909,3.0,338.15,Thermal,stabilizing,12215419.0,DSC,A,28
1OTR,E34D,0.215311005,3.0,338.15,Thermal,destabilizing,12215419.0,DSC,A,28
1OTR,E34F,-0.7177033490000001,3.0,338.15,Thermal,stabilizing,12215419.0,DSC,A,28
1OTR,E34G,-1.387559809,3.0,338.15,Thermal,destabilizing,12215419.0,DSC,A,28
1OTR,E34H,3.923444976,3.0,338.15,Thermal,destabilizing,12215419.0,DSC,A,28
1OTR,E34I,-1.6507177030000002,3.0,338.15,Thermal,stabilizing,12215419.0,DSC,A,28
1OTR,E34K,2.1531100480000003,3.0,338.15,Thermal,destabilizing,12215419.0,DSC,A,28
1OTR,E34L,-1.363636364,3.0,338.15,Thermal,stabilizing,12215419.0,DSC,A,28
1OTR,E34N,1.124401914,3.0,338.15,Thermal,destabilizing,12215419.0,DSC,A,28
1OTR,E34P,2.129186603,3.0,338.15,Thermal,destabilizing,12215419.0,DSC,A,28
1OTR,E34Q,1.4593301440000002,3.0,338.15,Thermal,destabilizing,12215419.0,DSC,A,28
1OTR,E34S,-0.119617225,3.0,338.15,Thermal,stabilizing,12215419.0,DSC,A,28
1OTR,E34T,-1.507177033,3.0,338.15,Thermal,stabilizing,12215419.0,DSC,A,28
1OTR,E34V,-0.861244019,3.0,338.15,Thermal,stabilizing,12215419.0,DSC,A,28
1OTR,E34W,-1.315789474,3.0,338.15,Thermal,stabilizing,12215419.0,DSC,A,28
1OTR,E34Y,-0.406698565,3.0,338.15,Thermal,stabilizing,12215419.0,DSC,A,28
2N53,V136A,1.36,4.5,298.15,Thermal,destabilizing,12270715.0,"CD,DSC, Fluorescence",A,44
2N53,V136A,0.45,5.0,298.15,Thermal,destabilizing,12270715.0,"CD,DSC, Fluorescence",A,44
1TIT,V13A,2.37,7.4,298.15,GdnHCl,destabilizing,12270718.0,CD,A,12
1TIT,I23A,2.89,7.4,298.15,GdnHCl,destabilizing,12270718.0,CD,A,22
1TIT,L41A,2.67,7.4,298.15,GdnHCl,destabilizing,12270718.0,CD,A,40
1TIT,L58A,3.61,7.4,298.15,GdnHCl,destabilizing,12270718.0,CD,A,57
1TIT,L60A,5.27,7.4,298.15,GdnHCl,destabilizing,12270718.0,CD,A,59
1TIT,F73L,3.06,7.4,298.15,GdnHCl,destabilizing,12270718.0,CD,A,72
1TIT,V86A,4.78,7.4,298.15,GdnHCl,destabilizing,12270718.0,CD,A,85
1DKT,I6V,0.56,7.5,283.15,Urea,destabilizing,12473461.0,Fluorescence,A,1
1DKT,Y8A,0.34,7.5,283.15,Urea,destabilizing,12473461.0,Fluorescence,A,3
1DKT,S9A,0.34,7.5,283.15,Urea,destabilizing,12473461.0,Fluorescence,A,4
1DKT,K11A,-0.51,7.5,283.15,Urea,stabilizing,12473461.0,Fluorescence,A,6
1DKT,F17L,2.79,7.5,283.15,Urea,destabilizing,12473461.0,Fluorescence,A,12
1DKT,E18A,1.25,7.5,283.15,Urea,destabilizing,12473461.0,Fluorescence,A,13
1DKT,V22A,1.53,7.5,283.15,Urea,destabilizing,12473461.0,Fluorescence,A,17
1DKT,V32A,1.13,7.5,283.15,Urea,destabilizing,12473461.0,Fluorescence,A,27
1DKT,S39A,0.83,7.5,283.15,Urea,destabilizing,12473461.0,Fluorescence,A,34
1DKT,L46A,2.07,7.5,283.15,Urea,destabilizing,12473461.0,Fluorescence,A,41
1DKT,V55A,1.06,7.5,283.15,Urea,destabilizing,12473461.0,Fluorescence,A,50
1DKT,V55G,2.1,7.5,283.15,Urea,destabilizing,12473461.0,Fluorescence,A,50
1DKT,M58L,0.52,7.5,283.15,Urea,destabilizing,12473461.0,Fluorescence,A,53
1DKT,P62A,-1.4,7.5,283.15,Urea,stabilizing,12473461.0,Fluorescence,A,57
1DKT,P64A,0.42,7.5,283.15,Urea,destabilizing,12473461.0,Fluorescence,A,59
1DKT,H65A,0.6,7.5,283.15,Urea,destabilizing,12473461.0,Fluorescence,A,60
1DKT,L67A,2.03,7.5,283.15,Urea,destabilizing,12473461.0,Fluorescence,A,62
1DKT,R70A,2.8,7.5,283.15,Urea,destabilizing,12473461.0,Fluorescence,A,65
1DKT,R71A,0.68,7.5,283.15,Urea,destabilizing,12473461.0,Fluorescence,A,66
1DKT,F69L,2.49,7.5,283.15,Urea,destabilizing,12473461.0,Fluorescence,A,64
1DKT,L24A,3.28,7.5,283.15,Urea,destabilizing,12473461.0,Fluorescence,A,19
1ARR,V25A,-0.04,7.5,298.15,Urea,stabilizing,12487987.0,CD,A,24
1ARR,V18A,0.79,7.5,298.15,Urea,destabilizing,12487987.0,CD,A,17
1ARR,L19A,0.82,7.5,298.15,Urea,destabilizing,12487987.0,CD,A,18
1ARR,G30A,1.29,7.5,298.15,Urea,destabilizing,12487987.0,CD,A,29
1ARR,L12A,1.32,7.5,298.15,Urea,destabilizing,12487987.0,CD,A,11
1ARR,I37V,1.37,7.5,298.15,Urea,destabilizing,12487987.0,CD,A,36
1ARR,V33A,1.77,7.5,298.15,Urea,destabilizing,12487987.0,CD,A,32
1ARR,F45A,2.7,7.5,298.15,Urea,destabilizing,12487987.0,CD,A,44
1ARR,M42A,2.97,7.5,298.15,Urea,destabilizing,12487987.0,CD,A,41
1ARR,Y38A,3.0,7.5,298.15,Urea,destabilizing,12487987.0,CD,A,37
1ARR,V22A,3.02,7.5,298.15,Urea,destabilizing,12487987.0,CD,A,21
1ARR,V41A,3.71,7.5,298.15,Urea,destabilizing,12487987.0,CD,A,40
1ARR,S32A,3.76,7.5,298.15,Urea,destabilizing,12487987.0,CD,A,31
1QLP,S330R,2.02,7.8,298.15,Urea,destabilizing,12498804.0,Fluorescence,A,307
1QLP,K331T,0.43,7.8,298.15,Urea,destabilizing,12498804.0,Fluorescence,A,308
1QLP,K331V,-0.65,7.8,298.15,Urea,stabilizing,12498804.0,Fluorescence,A,308
1QLP,K331I,-0.77,7.8,298.15,Urea,stabilizing,12498804.0,Fluorescence,A,308
1QLP,K331F,-1.31,7.8,298.15,Urea,stabilizing,12498804.0,Fluorescence,A,308
1B26,K193A,-0.98,7.0,293.15,GdnHCl,stabilizing,12501181.0,CD,A,189
1B26,K193A,-0.23,7.0,342.65,Thermal,stabilizing,12501181.0,CD,A,189
1B26,E231A,0.17,7.0,342.65,Thermal,destabilizing,12501181.0,CD,A,227
1B26,R190A,0.32,7.0,293.15,Urea,destabilizing,12501181.0,CD,A,186
1B26,R190A,0.34,7.0,342.65,Thermal,destabilizing,12501181.0,CD,A,186
1B26,E231A,0.35,7.0,293.15,Urea,destabilizing,12501181.0,CD,A,227
1RX4,G95A,1.3,7.8,288.15,Urea,destabilizing,12559923.0,CD,A,94
1YCC,K27Q,1.719691,7.0,298.15,GdnHCl,destabilizing,12590607.0,CD,A,31
1YCC,K11Q,2.38846,7.0,298.15,GdnHCl,destabilizing,12590607.0,CD,A,15
1YCC,K22Q,2.794498,7.0,298.15,GdnHCl,destabilizing,12590607.0,CD,A,26
1YCC,K27H,4.9,7.0,298.15,GdnHCl,destabilizing,12590607.0,CD,A,31
1YCC,K22H,10.4,7.0,298.15,GdnHCl,destabilizing,12590607.0,CD,A,26
1FKJ,W59F,-2.72,7.5,298.15,Urea,stabilizing,12600203.0,Fluorescence,A,58
1FKJ,W59L,-2.35,7.5,298.15,Urea,stabilizing,12600203.0,Fluorescence,A,58
1TUP,R248Q,-0.74,6.8,283.15,Urea,stabilizing,12600206.0,"NMR, Fluorescence",A,154
1TUP,R249S,-0.34,6.8,283.15,Urea,stabilizing,12600206.0,"NMR, Fluorescence",A,155
1TUP,G245S,0.56,6.8,283.15,Urea,destabilizing,12600206.0,"NMR, Fluorescence",A,151
1TUP,R175H,0.6,6.8,283.15,Urea,destabilizing,12600206.0,"NMR, Fluorescence",A,81
1TUP,R282Q,2.05,6.8,283.15,Urea,destabilizing,12600206.0,"NMR, Fluorescence",A,188
1E0L,Y11R,-0.633814532,7.0,298.15,Thermal,stabilizing,12651955.0,fluorescence,A,10
1E0L,Y19L,1.281500956,7.0,298.15,Thermal,destabilizing,12651955.0,fluorescence,A,18
1E0L,W30A,0.972734226,7.0,298.15,Thermal,destabilizing,12651955.0,fluorescence,A,29
1E0L,W30F,-0.523386711,7.0,298.15,Thermal,stabilizing,12651955.0,fluorescence,A,29
1NVO,L13A,5.6,5.5,298.15,GdnHCl,destabilizing,12655072.0,NMR,A,12
1NVO,L13G,10.8,5.5,298.15,GdnHCl,destabilizing,12655072.0,NMR,A,12
1OTR,E34S,0.5980861239999999,5.0,298.15,Urea,destabilizing,12662936.0,CD,A,28
1OTR,E34L,-0.956937799,5.0,298.15,Urea,stabilizing,12662936.0,CD,A,28
1OTR,E34D,1.004784689,5.0,298.15,Urea,destabilizing,12662936.0,CD,A,28
1RX4,I155V,-0.0,7.8,288.15,Urea,stabilizing,12684013.0,CD,A,154
1RX4,G15A,-0.7,7.8,288.15,Urea,stabilizing,12684013.0,CD,A,14
1RX4,P21L,0.1,7.8,288.15,Urea,destabilizing,12684013.0,CD,A,20
1RX4,W22L,-0.1,7.8,288.15,Urea,stabilizing,12684013.0,CD,A,21
1RX4,L24V,1.9,7.8,288.15,Urea,destabilizing,12684013.0,CD,A,23
1RX4,F31A,1.9,7.8,288.15,Urea,destabilizing,12684013.0,CD,A,30
1RX4,T35A,1.1,7.8,288.15,Urea,destabilizing,12684013.0,CD,A,34
1RX4,G43A,0.4,7.8,288.15,Urea,destabilizing,12684013.0,CD,A,42
1RX4,R44A,1.4,7.8,288.15,Urea,destabilizing,12684013.0,CD,A,43
1RX4,L54V,-0.4,7.8,288.15,Urea,stabilizing,12684013.0,CD,A,53
1RX4,D122A,1.6,7.8,288.15,Urea,destabilizing,12684013.0,CD,A,121
1RX4,I155A,3.91,7.8,288.15,Urea,destabilizing,12684013.0,CD,A,154
1RX4,I155L,2.535,7.8,288.15,Urea,destabilizing,12684013.0,CD,A,154
1RHG,E33A,2.1,4.0,298.15,GdnHCl,destabilizing,12717025.0,CD,A,24
1RHG,E46A,2.1,4.0,298.15,GdnHCl,destabilizing,12717025.0,CD,A,37
1RHG,L50E,2.3,4.0,298.15,GdnHCl,destabilizing,12717025.0,CD,A,41
1RHG,E33A,-0.8,7.0,298.15,GdnHCl,stabilizing,12717025.0,CD,A,24
1RHG,E46A,1.3,7.0,298.15,GdnHCl,destabilizing,12717025.0,CD,A,37
1RHG,L50E,-0.5,7.0,298.15,GdnHCl,stabilizing,12717025.0,CD,A,41
1POH,F29W,1.12332696,7.0,293.15,GdnHCl,destabilizing,12718529.0,"DSC, CD, Fluorescence",A,28
1POH,F2W,-0.167304015,7.0,293.15,GdnHCl,destabilizing,12718529.0,"DSC, CD, Fluorescence",A,1
1POH,F48W,0.119502868,7.0,293.15,GdnHCl,destabilizing,12718529.0,"DSC, CD, Fluorescence",A,47
1KDX,Y640F,-0.0,6.0,298.15,Urea,stabilizing,12795599.0,CD,A,54
1YCC,H33Y,0.2985575,7.0,298.15,GdnHCl,destabilizing,12809517.0,CD,A,37
1YCC,H26Y,1.9585372,7.0,298.15,GdnHCl,destabilizing,12809517.0,CD,A,30
1QGV,G126D,1.71,7.82,293.15,GdnHCl,destabilizing,12911302.0,CD,A,118
1KFW,G92P,-0.502392344,7.5,289.15,Thermal,stabilizing,12915727.0,Fluorescence,A,82
1KFW,N197K,-0.813397129,7.5,289.15,Thermal,stabilizing,12915727.0,Fluorescence,A,187
1KFW,G253P,0.645933014,7.5,289.15,Thermal,destabilizing,12915727.0,Fluorescence,A,243
1KFW,G405Q,-0.622009569,7.5,289.15,Thermal,destabilizing,12915727.0,Fluorescence,A,395
1RTB,F46L,3.200536,6.0,298.0,Thermal,destabilizing,12962489.0,CD,A,45
1RTB,F46V,4.538074,6.0,298.0,Thermal,destabilizing,12962489.0,CD,A,45
1RTB,F46A,6.3533040000000005,6.0,298.0,Thermal,destabilizing,12962489.0,CD,A,45
3PGK,W308F,-0.597115,6.2,293.15,Thermal,stabilizing,14516752.0,CD,A,307
3PGK,W333F,-0.334384,6.2,293.15,Thermal,stabilizing,14516752.0,CD,A,332
1W99,I189L,0.32,10.0,298.15,GdnHCl,destabilizing,14529489.0,CD,A,105
1W99,L175V,10.49,10.0,298.15,GdnHCl,destabilizing,14529489.0,CD,A,91
1BVC,I28A,-2.06,6.0,298.15,Urea,stabilizing,14607120.0,CD,A,27
1BVC,L32A,-2.04,6.0,298.15,Urea,stabilizing,14607120.0,CD,A,31
1BVC,I30A,-1.9,6.0,298.15,Urea,stabilizing,14607120.0,CD,A,29
1BVC,L29A,-0.39,6.0,298.15,Urea,stabilizing,14607120.0,CD,A,28
1BVC,L29A,-0.09,4.1,298.15,Urea,stabilizing,14607120.0,CD,A,28
1BVC,L32A,-0.01,4.1,298.15,Urea,stabilizing,14607120.0,CD,A,31
1BVC,I28A,0.08,4.1,298.15,Urea,destabilizing,14607120.0,CD,A,27
1BVC,I30A,0.21,4.1,298.15,Urea,destabilizing,14607120.0,CD,A,29
2AFG,C117V,-0.0238846,7.5,298.15,GdnHCl,destabilizing,14627732.0,"DSC, Fluorescence",A,107
2AFG,L111I,-0.0,7.5,298.15,GdnHCl,destabilizing,14627732.0,"DSC, Fluorescence",A,101
3MBP,P48S,-0.4,7.1,310.15,Urea,stabilizing,14635128.0,Isothermal denaturation,A,47
3MBP,P48S,0.3,7.1,295.15,Urea,destabilizing,14635128.0,Isothermal denaturation,A,47
3MBP,P48S,0.4,7.1,303.15,Urea,destabilizing,14635128.0,Isothermal denaturation,A,47
3MBP,P133S,0.4,7.1,283.15,Urea,destabilizing,14635128.0,Isothermal denaturation,A,132
3MBP,P133S,-1.5,7.1,287.15,Urea,stabilizing,14635128.0,Isothermal denaturation,A,132
3MBP,P133S,-0.0,7.1,295.15,Urea,stabilizing,14635128.0,Isothermal denaturation,A,132
3MBP,P133S,1.4,7.1,303.15,Urea,destabilizing,14635128.0,Isothermal denaturation,A,132
3MBP,P133S,0.3,7.1,310.15,Urea,destabilizing,14635128.0,Isothermal denaturation,A,132
3MBP,P159A,1.5,7.1,283.15,Urea,destabilizing,14635128.0,Isothermal denaturation,A,158
3MBP,P159A,0.7,7.1,287.15,Urea,destabilizing,14635128.0,Isothermal denaturation,A,158
3MBP,P159A,1.0,7.1,295.15,Urea,destabilizing,14635128.0,Isothermal denaturation,A,158
3MBP,P159A,1.1,7.1,303.15,Urea,destabilizing,14635128.0,Isothermal denaturation,A,158
3MBP,P159A,-1.3,7.1,310.15,Urea,stabilizing,14635128.0,Isothermal denaturation,A,158
3MBP,P159S,1.8,7.1,283.15,Urea,destabilizing,14635128.0,Isothermal denaturation,A,158
3MBP,P159S,1.9,7.1,287.15,Urea,destabilizing,14635128.0,Isothermal denaturation,A,158
3MBP,P159S,1.7,7.1,295.15,Urea,destabilizing,14635128.0,Isothermal denaturation,A,158
3MBP,P159S,1.0,7.1,303.15,Urea,destabilizing,14635128.0,Isothermal denaturation,A,158
3MBP,P159S,0.4,7.1,310.15,Urea,destabilizing,14635128.0,Isothermal denaturation,A,158
3MBP,P48S,0.8,7.1,283.15,Urea,destabilizing,14635128.0,Isothermal denaturation,A,47
3MBP,P48S,-0.5,7.1,287.15,Urea,stabilizing,14635128.0,Isothermal denaturation,A,47
3MBP,P48S,-0.3,7.4,336.15,Thermal,stabilizing,14635128.0,DSC,A,47
3MBP,P133S,2.1,7.4,336.15,Thermal,destabilizing,14635128.0,DSC,A,132
3MBP,P159S,2.1,7.4,336.15,Thermal,destabilizing,14635128.0,DSC,A,158
3MBP,P48A,-0.5,7.4,336.15,Thermal,stabilizing,14635128.0,DSC,A,47
3MBP,P133A,0.3,7.4,336.15,Thermal,destabilizing,14635128.0,DSC,A,132
3MBP,P159A,1.8,7.4,336.15,Thermal,destabilizing,14635128.0,DSC,A,158
2BRD,M56A,-1.4,6.0,298.15,SDS,stabilizing,14659758.0,Abs,A,49
2BRD,V49A,-0.7,6.0,298.15,SDS,stabilizing,14659758.0,Abs,A,42
2BRD,L61A,-0.7,6.0,298.15,SDS,stabilizing,14659758.0,Abs,A,54
2BRD,L62A,-0.5,6.0,298.15,SDS,stabilizing,14659758.0,Abs,A,55
2BRD,L58A,-0.3,6.0,298.15,SDS,stabilizing,14659758.0,Abs,A,51
2BRD,P50A,-0.1,6.0,298.15,SDS,stabilizing,14659758.0,Abs,A,43
2BRD,S59A,-0.1,6.0,298.15,SDS,stabilizing,14659758.0,Abs,A,52
2BRD,L48A,0.1,6.0,298.15,SDS,destabilizing,14659758.0,Abs,A,41
2BRD,T55A,0.1,6.0,298.15,SDS,destabilizing,14659758.0,Abs,A,48
2BRD,P37A,0.2,6.0,298.15,SDS,destabilizing,14659758.0,Abs,A,30
2BRD,S35A,0.3,6.0,298.15,SDS,destabilizing,14659758.0,Abs,A,28
2BRD,K40A,0.3,6.0,298.15,SDS,destabilizing,14659758.0,Abs,A,33
2BRD,D38A,0.5,6.0,298.15,SDS,destabilizing,14659758.0,Abs,A,31
2BRD,M60A,0.8,6.0,298.15,SDS,destabilizing,14659758.0,Abs,A,53
2BRD,D36A,0.9,6.0,298.15,SDS,destabilizing,14659758.0,Abs,A,29
2BRD,T47A,1.0,6.0,298.15,SDS,destabilizing,14659758.0,Abs,A,40
2BRD,F54A,1.0,6.0,298.15,SDS,destabilizing,14659758.0,Abs,A,47
2BRD,Y43A,1.3,6.0,298.15,SDS,destabilizing,14659758.0,Abs,A,36
2BRD,I52A,1.4,6.0,298.15,SDS,destabilizing,14659758.0,Abs,A,45
2BRD,K41A,1.6,6.0,298.15,SDS,destabilizing,14659758.0,Abs,A,34
2BRD,F42A,1.6,6.0,298.15,SDS,destabilizing,14659758.0,Abs,A,35
2BRD,I45A,1.9,6.0,298.15,SDS,destabilizing,14659758.0,Abs,A,38
2BRD,T46A,2.2,6.0,298.15,SDS,destabilizing,14659758.0,Abs,A,39
2BRD,Y57A,3.7,6.0,298.15,SDS,destabilizing,14659758.0,Abs,A,50
1OIA,G53A,3.2,7.0,295.15,GdnHCl,destabilizing,14672656.0,NMR,A,50
1OIA,G53V,-0.2,7.0,295.15,GdnHCl,stabilizing,14672656.0,NMR,A,50
1KA6,G93D,0.63,7.4,330.95,Thermal,destabilizing,14674764.0,CD,A,92
1KA6,F87S,1.14,7.4,330.95,Thermal,destabilizing,14674764.0,CD,A,86
1KA6,E67D,1.31,7.4,330.95,Thermal,destabilizing,14674764.0,CD,A,66
1KA6,Y54C,1.42,7.4,330.95,Thermal,destabilizing,14674764.0,CD,A,53
1KA6,R55L,1.63,7.4,330.95,Thermal,destabilizing,14674764.0,CD,A,54
1KA6,L31P,1.71,7.4,330.95,Thermal,destabilizing,14674764.0,CD,A,30
1C9O,F38W,-0.02390057,7.0,298.15,GdnHCl,stabilizing,14729346.0,Fluorescence,A,37
1C9O,E50W,-0.07170172,7.0,298.15,GdnHCl,stabilizing,14729346.0,Fluorescence,A,49
2ADA,W161F,-8.7,7.4,293.15,Urea,stabilizing,14769019.0,NMR,A,157
2ADA,W264F,-8.64,7.4,293.15,Urea,stabilizing,14769019.0,NMR,A,260
2ADA,W272F,-8.11,7.4,293.15,Urea,stabilizing,14769019.0,NMR,A,268
2ADA,W117F,-6.52,7.4,293.15,Urea,stabilizing,14769019.0,NMR,A,113
1SSO,I29V,0.4,7.0,323.15,Thermal,destabilizing,15005619.0,DSC,A,28
1AZP,V30I,-0.7,7.0,323.15,Thermal,stabilizing,15005619.0,DSC,A,29
1YPI,C126S,8.6,8.5,300.15,Thermal,destabilizing,15023076.0,CD,A,124
1YPI,C126S,8.0,7.4,298.15,Thermal,destabilizing,15023076.0,CD,A,124
1YPI,C126A,4.9,8.5,300.15,Thermal,destabilizing,15023076.0,CD,A,124
2SPZ,A29G,0.46,5.0,310.15,Unavailable,destabilizing,15044721.0,"CD, Fluorescence",A,28
2SPZ,F13W,0.25,5.0,310.15,Unavailable,destabilizing,15044721.0,"CD, Fluorescence",A,12
2TRX,D9R,1.93833652,7.5,355.15,GnHCl,destabilizing,15049690.0,CD,A,8
2TRX,D9M,0.771988528,7.5,355.15,GnHCl,destabilizing,15049690.0,CD,A,8
2TRX,K69L,1.515296367,7.5,355.15,GnHCl,destabilizing,15049690.0,CD,A,68
2TRX,D9A,1.070745698,7.5,355.15,GnHCl,destabilizing,15049690.0,CD,A,8
2TRX,D10R,0.932122371,7.5,355.15,GnHCl,destabilizing,15049690.0,CD,A,9
2TRX,R73A,-0.0,7.5,355.15,GnHCl,stabilizing,15049690.0,CD,A,72
2TRX,D20R,-0.423040153,7.5,355.15,GnHCl,stabilizing,15049690.0,CD,A,19
2TRX,E85R,-1.082695985,7.5,355.15,GnHCl,stabilizing,15049690.0,CD,A,84
1G6N,D138A,0.3,7.8,298.15,GdnHCl,destabilizing,15096034.0,CD,A,131
1G6N,D138G,-0.9,7.8,298.15,GdnHCl,stabilizing,15096034.0,CD,A,131
1G6N,D138K,1.3,7.8,298.15,GdnHCl,destabilizing,15096034.0,CD,A,131
1G6N,D138L,0.5,7.8,298.15,GdnHCl,destabilizing,15096034.0,CD,A,131
1G6N,D138Q,0.1,7.8,298.15,GdnHCl,destabilizing,15096034.0,CD,A,131
1G6N,D138S,-0.9,7.8,298.15,GdnHCl,stabilizing,15096034.0,CD,A,131
1G6N,D138T,-0.0,7.8,298.15,GdnHCl,stabilizing,15096034.0,CD,A,131
1G6N,D138V,-1.0,7.8,298.15,GdnHCl,stabilizing,15096034.0,CD,A,131
1IMQ,V19L,1.818181818,6.0,283.15,Urea,destabilizing,15313622.0,Fluorescence,A,18
1IMQ,V37L,0.263157895,6.0,283.15,Urea,destabilizing,15313622.0,Fluorescence,A,36
1IMQ,V71I,-0.071770335,6.0,283.15,Urea,stabilizing,15313622.0,Fluorescence,A,70
1IMQ,E41V,-0.885167464,6.0,283.15,Urea,stabilizing,15313622.0,Fluorescence,A,40
1IMQ,A25G,0.14354067,6.0,283.15,Urea,destabilizing,15313622.0,Fluorescence,A,24
1IMQ,E31L,0.669856459,6.0,283.15,Urea,destabilizing,15313622.0,Fluorescence,A,30
1IMQ,V34L,-0.33492823,6.0,283.15,Urea,stabilizing,15313622.0,Fluorescence,A,33
1IMQ,V68I,0.813397129,6.0,283.15,Urea,destabilizing,15313622.0,Fluorescence,A,67
2CI2,V82S,1.3,6.3,298.15,GdnHCl,destabilizing,15319428.0,"CD, Fluorescence",I,63
1CAH,H107Y,9.2,7.5,277.15,GdnHCl,destabilizing,15327960.0,Fluorescence,A,104
1BTA,R75L,-0.7,8.0,298.15,Urea,stabilizing,15350126.0,Fluorescence,A,74
1BTA,R75Q,0.3666666670000001,8.0,298.15,Urea,destabilizing,15350126.0,Fluorescence,A,74
1BTA,K78Q,-0.333333333,8.0,298.15,Urea,stabilizing,15350126.0,Fluorescence,A,77
1BTA,K21A,1.0,8.0,298.15,Urea,destabilizing,15350126.0,Fluorescence,A,20
1BTA,K78A,0.033333333,8.0,298.15,Urea,destabilizing,15350126.0,Fluorescence,A,77
1BTA,K21Q,1.033333333,8.0,298.15,Urea,destabilizing,15350126.0,Fluorescence,A,20
1BTA,K22Q,0.9,8.0,298.15,Urea,destabilizing,15350126.0,Fluorescence,A,21
1BTA,E57K,0.7333333329999999,8.0,298.15,Urea,destabilizing,15350126.0,Fluorescence,A,56
1BTA,K60E,1.1,8.0,298.15,Urea,destabilizing,15350126.0,Fluorescence,A,59
1BTA,K60L,-0.6,8.0,298.15,Urea,stabilizing,15350126.0,Fluorescence,A,59
1B5M,D60R,-0.334384,7.2,298.15,Thermal,stabilizing,15379561.0,Abs,A,57
1B5M,P81A,0.644884,7.2,298.15,Thermal,destabilizing,15379561.0,Abs,A,78
5AZU,C112S,0.717017208,7.0,298.15,GdmCl,destabilizing,15388858.0,Fluorescence,A,111
5AZU,C112A,3.346080306,7.0,298.15,GdmCl,destabilizing,15388858.0,Fluorescence,A,111
1ACB,V14A,1.038,7.0,298.15,GdnHCl,destabilizing,15449934.0,Fluorescence,I,6
2AFG,H21Y,-1.01,7.3,293.15,GdnHCl,stabilizing,15469994.0,Fluorescence,A,11
2AFG,L44F,-0.87,7.3,293.15,GdnHCl,stabilizing,15469994.0,Fluorescence,A,34
2AFG,H102Y,-0.44,7.3,293.15,GdnHCl,stabilizing,15469994.0,Fluorescence,A,92
2AFG,F108Y,-0.94,7.3,293.15,GdnHCl,stabilizing,15469994.0,Fluorescence,A,98
2AFG,V109I,-0.06,7.3,293.15,GdnHCl,stabilizing,15469994.0,Fluorescence,A,99
2AFG,H21Y,-0.754,7.3,312.95,Thermal,stabilizing,15469994.0,Fluorescence,A,11
2AFG,L44F,-0.31,7.3,312.95,Thermal,stabilizing,15469994.0,Fluorescence,A,34
2AFG,H102Y,-0.399,7.3,312.95,Thermal,stabilizing,15469994.0,Fluorescence,A,92
2AFG,F108Y,-0.331,7.3,312.95,Thermal,stabilizing,15469994.0,Fluorescence,A,98
2AFG,V109I,0.079,7.3,312.95,Thermal,destabilizing,15469994.0,Fluorescence,A,99
2AFG,H21Y,-0.385,7.3,313.85,Thermal,stabilizing,15469994.0,CD,A,11
2AFG,L44F,-0.467,7.3,313.85,Thermal,stabilizing,15469994.0,CD,A,34
2AFG,H102Y,-0.096,7.3,313.85,Thermal,stabilizing,15469994.0,CD,A,92
2AFG,F108Y,-0.334,7.3,313.85,Thermal,stabilizing,15469994.0,CD,A,98
2AFG,V109I,0.108,7.3,313.85,Thermal,destabilizing,15469994.0,CD,A,99
1AJ3,P61A,-0.4,7.0,298.15,Urea,stabilizing,15504411.0,CD,A,51
1AJ3,W95F,2.1,7.0,298.15,Urea,destabilizing,15504411.0,CD,A,85
1FTG,E40K,-2.21,7.0,298.15,Urea,stabilizing,15504413.0,Fluorescence,A,38
1FTG,E20K,-1.6,7.0,298.15,Urea,stabilizing,15504413.0,Fluorescence,A,18
1FTG,E72K,-1.28,7.0,298.15,Urea,stabilizing,15504413.0,Fluorescence,A,70
1FTG,D126K,-1.01,7.0,298.15,Urea,stabilizing,15504413.0,Fluorescence,A,124
1FTG,D75K,-1.0,7.0,298.15,Urea,stabilizing,15504413.0,Fluorescence,A,73
1FTG,E61K,-0.88,7.0,298.15,Urea,stabilizing,15504413.0,Fluorescence,A,59
1FTG,D126K,-0.71,7.0,312.0,Thermal,stabilizing,15504413.0,CD,A,124
1FTG,D126K,-0.58,7.0,317.3,Thermal,stabilizing,15504413.0,CD,A,124
1FTG,E61K,-0.46,7.0,317.3,Thermal,stabilizing,15504413.0,CD,A,59
1FTG,E40K,-0.4,7.0,312.0,Thermal,stabilizing,15504413.0,CD,A,38
1FTG,D75K,-0.25,7.0,312.0,Thermal,stabilizing,15504413.0,CD,A,73
1FTG,E72K,-0.13,7.0,317.3,Thermal,stabilizing,15504413.0,CD,A,70
1FTG,E72K,-0.07,7.0,312.0,Thermal,stabilizing,15504413.0,CD,A,70
1FTG,E40K,-0.06,7.0,317.3,Thermal,stabilizing,15504413.0,CD,A,38
1FTG,D75K,-0.01,7.0,317.3,Thermal,stabilizing,15504413.0,CD,A,73
1FTG,D150K,0.01,7.0,317.3,Thermal,destabilizing,15504413.0,CD,A,148
1FTG,E20K,-0.14,7.0,317.3,Thermal,destabilizing,15504413.0,CD,A,18
1FTG,D65K,0.2,7.0,317.3,Thermal,destabilizing,15504413.0,CD,A,63
1FTG,E20K,-0.24,7.0,312.0,Thermal,stabilizing,15504413.0,CD,A,18
1FTG,D65K,0.26,7.0,298.15,Urea,destabilizing,15504413.0,Fluorescence,A,63
1FTG,D150K,0.28,7.0,298.15,Urea,destabilizing,15504413.0,Fluorescence,A,148
1FTG,D150K,0.6,7.0,312.0,Thermal,destabilizing,15504413.0,CD,A,148
1FTG,L6A,3.53,7.0,298.15,Urea,destabilizing,15504414.0,CD,A,4
1FTG,I22V,1.94,7.0,298.15,Urea,destabilizing,15504414.0,CD,A,20
1FTG,V31A,2.39,7.0,298.15,Urea,destabilizing,15504414.0,CD,A,29
1FTG,D43A,-0.09,7.0,298.15,Urea,stabilizing,15504414.0,CD,A,41
1FTG,I51V,1.98,7.0,298.15,Urea,destabilizing,15504414.0,CD,A,49
1FTG,I52V,1.38,7.0,298.15,Urea,destabilizing,15504414.0,CD,A,50
1FTG,S71A,0.65,7.0,298.15,Urea,destabilizing,15504414.0,CD,A,69
1FTG,A84G,2.17,7.0,298.15,Urea,destabilizing,15504414.0,CD,A,82
1FTG,N97A,0.83,7.0,298.15,Urea,destabilizing,15504414.0,CD,A,95
1FTG,Q99A,-1.72,7.0,298.15,Urea,stabilizing,15504414.0,CD,A,97
1FTG,I104V,0.67,7.0,298.15,Urea,destabilizing,15504414.0,CD,A,102
1FTG,S110A,1.03,7.0,298.15,Urea,destabilizing,15504414.0,CD,A,108
1FTG,V117A,2.05,7.0,298.15,Urea,destabilizing,15504414.0,CD,A,115
1FTG,T122S,0.37,7.0,298.15,Urea,destabilizing,15504414.0,CD,A,120
1FTG,V139A,1.51,7.0,298.15,Urea,destabilizing,15504414.0,CD,A,137
1FTG,L143A,0.14,7.0,298.15,Urea,destabilizing,15504414.0,CD,A,141
1FTG,I156V,3.6,7.0,298.15,Urea,destabilizing,15504414.0,CD,A,154
1FTG,V160A,2.46,7.0,298.15,Urea,destabilizing,15504414.0,CD,A,158
1FTG,L6A,1.11,7.0,317.3,Thermal,destabilizing,15504414.0,CD,A,4
1FTG,I22V,0.67,7.0,317.3,Thermal,destabilizing,15504414.0,CD,A,20
1FTG,V31A,0.46,7.0,317.3,Thermal,destabilizing,15504414.0,CD,A,29
1FTG,D43A,-0.04,7.0,317.3,Thermal,stabilizing,15504414.0,CD,A,41
1FTG,I51V,0.41,7.0,317.3,Thermal,destabilizing,15504414.0,CD,A,49
1FTG,I52V,0.18,7.0,317.3,Thermal,destabilizing,15504414.0,CD,A,50
1FTG,S71A,0.11,7.0,317.3,Thermal,destabilizing,15504414.0,CD,A,69
1FTG,A84G,0.47,7.0,317.3,Thermal,destabilizing,15504414.0,CD,A,82
1FTG,N97A,0.22,7.0,317.3,Thermal,destabilizing,15504414.0,CD,A,95
1FTG,Q99A,-0.85,7.0,317.3,Thermal,stabilizing,15504414.0,CD,A,97
1FTG,I104V,0.38,7.0,317.3,Thermal,destabilizing,15504414.0,CD,A,102
1FTG,S110A,0.18,7.0,317.3,Thermal,destabilizing,15504414.0,CD,A,108
1FTG,V117A,0.95,7.0,317.3,Thermal,destabilizing,15504414.0,CD,A,115
1FTG,T122S,-0.65,7.0,317.3,Thermal,stabilizing,15504414.0,CD,A,120
1FTG,V139A,0.6,7.0,317.3,Thermal,destabilizing,15504414.0,CD,A,137
1FTG,L143A,0.15,7.0,317.3,Thermal,destabilizing,15504414.0,CD,A,141
1FTG,I156V,0.69,7.0,317.3,Thermal,destabilizing,15504414.0,CD,A,154
1FTG,V160A,0.73,7.0,317.3,Thermal,destabilizing,15504414.0,CD,A,158
2RN4,D10P,-2.9,7.1,298.15,GdnHCl,stabilizing,15709759.0,CD,A,9
1y4y,F29W,0.86,7.0,298.15,Urea,destabilizing,15713472.0,CD,A,27
1HK0,F56A,0.6,7.0,310.15,GdnHCl,destabilizing,15722442.0,Fluorescence,X,55
1HK0,I81A,1.3,7.0,310.15,GdnHCl,destabilizing,15722442.0,Fluorescence,X,80
1HK0,V132A,1.9,7.0,310.15,GdnHCl,destabilizing,15722442.0,Fluorescence,X,130
1HK0,M43A,0.35,7.0,310.15,GdnHCl,destabilizing,15722442.0,Fluorescence,X,42
1HK0,L145A,1.3,7.0,310.15,GdnHCl,destabilizing,15722442.0,Fluorescence,X,143
1HK0,V170A,-1.3,7.0,310.15,GdnHCl,stabilizing,15722442.0,Fluorescence,X,168
1RX4,I155V,0.58,7.8,288.15,Urea,destabilizing,15740745.0,Fluorescence,A,154
1RX4,I155L,2.27,7.8,288.15,Urea,destabilizing,15740745.0,Fluorescence,A,154
1RX4,I155D,4.1,7.8,288.15,Urea,destabilizing,15740745.0,Fluorescence,A,154
1RX4,I155E,3.26,7.8,288.15,Urea,destabilizing,15740745.0,Fluorescence,A,154
1RX4,I155K,3.35,7.8,288.15,Urea,destabilizing,15740745.0,Fluorescence,A,154
1RX4,I155Q,3.86,7.8,288.15,Urea,destabilizing,15740745.0,Fluorescence,A,154
1RX4,I155R,3.28,7.8,288.15,Urea,destabilizing,15740745.0,Fluorescence,A,154
1RX4,I155S,3.93,7.8,288.15,Urea,destabilizing,15740745.0,Fluorescence,A,154
1RX4,I155T,3.3,7.8,288.15,Urea,destabilizing,15740745.0,Fluorescence,A,154
1RX4,I155W,4.31,7.8,288.15,Urea,destabilizing,15740745.0,Fluorescence,A,154
1RX4,I155Y,3.64,7.8,288.15,Urea,destabilizing,15740745.0,Fluorescence,A,154
1RX4,N59C,0.02,7.8,288.15,Urea,destabilizing,15740745.0,Fluorescence,A,58
1RX4,N59E,2.09,7.8,288.15,Urea,destabilizing,15740745.0,Fluorescence,A,58
1RX4,N59G,2.92,7.8,288.15,Urea,destabilizing,15740745.0,Fluorescence,A,58
1RX4,N59H,1.75,7.8,288.15,Urea,destabilizing,15740745.0,Fluorescence,A,58
1RX4,N59I,0.11,7.8,288.15,Urea,destabilizing,15740745.0,Fluorescence,A,58
1RX4,N59K,2.22,7.8,288.15,Urea,destabilizing,15740745.0,Fluorescence,A,58
1RX4,N59L,0.03,7.8,288.15,Urea,destabilizing,15740745.0,Fluorescence,A,58
1RX4,N59M,0.27,7.8,288.15,Urea,destabilizing,15740745.0,Fluorescence,A,58
1RX4,N59P,1.34,7.8,288.15,Urea,destabilizing,15740745.0,Fluorescence,A,58
1RX4,N59Q,0.92,7.8,288.15,Urea,destabilizing,15740745.0,Fluorescence,A,58
1RX4,N59S,1.88,7.8,288.15,Urea,destabilizing,15740745.0,Fluorescence,A,58
1RX4,N59T,0.32,7.8,288.15,Urea,destabilizing,15740745.0,Fluorescence,A,58
1RX4,N59V,-0.22,7.8,288.15,Urea,stabilizing,15740745.0,Fluorescence,A,58
1RX4,N59W,1.6,7.8,288.15,Urea,destabilizing,15740745.0,Fluorescence,A,58
1RX4,S148A,0.47,7.8,288.15,Urea,destabilizing,15740745.0,Fluorescence,A,147
1RX4,S148E,0.52,7.8,288.15,Urea,destabilizing,15740745.0,Fluorescence,A,147
1RX4,S148K,0.26,7.8,288.15,Urea,destabilizing,15740745.0,Fluorescence,A,147
1RX4,S148N,0.89,7.8,288.15,Urea,destabilizing,15740745.0,Fluorescence,A,147
1RX4,S148P,0.26,7.8,288.15,Urea,destabilizing,15740745.0,Fluorescence,A,147
1RX4,S148R,0.75,7.8,288.15,Urea,destabilizing,15740745.0,Fluorescence,A,147
1RX4,S148T,0.51,7.8,288.15,Urea,destabilizing,15740745.0,Fluorescence,A,147
1RX4,S148V,0.33,7.8,288.15,Urea,destabilizing,15740745.0,Fluorescence,A,147
1RX4,V40A,1.55,7.8,288.15,Urea,destabilizing,15740745.0,Fluorescence,A,39
1RX4,V40F,2.15,7.8,288.15,Urea,destabilizing,15740745.0,Fluorescence,A,39
1RX4,V40H,3.27,7.8,288.15,Urea,destabilizing,15740745.0,Fluorescence,A,39
1RX4,V40I,0.85,7.8,288.15,Urea,destabilizing,15740745.0,Fluorescence,A,39
1RX4,V40L,1.35,7.8,288.15,Urea,destabilizing,15740745.0,Fluorescence,A,39
1RX4,V40M,2.0,7.8,288.15,Urea,destabilizing,15740745.0,Fluorescence,A,39
1RX4,V40N,2.17,7.8,288.15,Urea,destabilizing,15740745.0,Fluorescence,A,39
1RX4,V40R,1.72,7.8,288.15,Urea,destabilizing,15740745.0,Fluorescence,A,39
1RX4,V40S,2.52,7.8,288.15,Urea,destabilizing,15740745.0,Fluorescence,A,39
1RX4,W30A,2.33,7.8,288.15,Urea,destabilizing,15740745.0,Fluorescence,A,29
1RX4,W30E,2.89,7.8,288.15,Urea,destabilizing,15740745.0,Fluorescence,A,29
1RX4,W30H,2.78,7.8,288.15,Urea,destabilizing,15740745.0,Fluorescence,A,29
1RX4,W30M,2.03,7.8,288.15,Urea,destabilizing,15740745.0,Fluorescence,A,29
1RX4,W30N,2.52,7.8,288.15,Urea,destabilizing,15740745.0,Fluorescence,A,29
1RX4,W30R,2.49,7.8,288.15,Urea,destabilizing,15740745.0,Fluorescence,A,29
1RX4,W30S,2.74,7.8,288.15,Urea,destabilizing,15740745.0,Fluorescence,A,29
1RX4,W30Y,2.16,7.8,288.15,Urea,destabilizing,15740745.0,Fluorescence,A,29
1RX4,I155A,3.82,7.8,288.15,Urea,destabilizing,15740745.0,Fluorescence,A,154
5AZU,V95A,0.597115,7.0,298.15,GdnHCl,destabilizing,15753320.0,CD,A,94
5AZU,L33A,0.957,7.0,298.15,GdnHCl,destabilizing,15753320.0,CD,A,32
5AZU,V31A,1.19423,7.0,298.15,GdnHCl,destabilizing,15753320.0,CD,A,30
5AZU,L50A,1.671922,7.0,298.15,GdnHCl,destabilizing,15753320.0,CD,A,49
5AZU,F97A,2.39,7.0,298.15,GdnHCl,destabilizing,15753320.0,CD,A,96
5AZU,Y108A,2.99,7.0,298.15,GdnHCl,destabilizing,15753320.0,CD,A,107
5AZU,F110A,3.35,7.0,298.15,GdnHCl,destabilizing,15753320.0,CD,A,109
5AZU,W48A,5.02,7.0,298.15,GdnHCl,destabilizing,15753320.0,CD,A,47
3DV0,V135A,1.5,5.5,325.0,Thermal,destabilizing,15769475.0,CD,A,131
3DV0,A165G,0.9,5.5,325.0,Thermal,destabilizing,15769475.0,CD,A,161
1CSP,S48R,-1.578947368,7.0,343.15,Thermal,stabilizing,15784264.0,CD,A,47
1CSP,M1R,-1.7464114830000002,7.0,343.15,Thermal,stabilizing,15784264.0,CD,A,0
1CSP,K65I,-1.5311004780000002,7.0,343.15,Thermal,stabilizing,15784264.0,CD,A,64
1CSP,E66K,-2.177033493,7.0,343.15,Thermal,stabilizing,15784264.0,CD,A,65
1CSP,E43S,-0.28708134,7.0,343.15,Thermal,stabilizing,15784264.0,CD,A,42
1CSP,E3K,-2.751196172,7.0,343.15,Thermal,stabilizing,15784264.0,CD,A,2
1CSP,A46K,-1.411483254,7.0,343.15,Thermal,stabilizing,15784264.0,CD,A,45
5AZU,F110S,4.4,7.5,293.15,GdnHCl,destabilizing,15792978.0,Fluorescence,A,109
5AZU,I7S,3.8,7.5,293.15,GdnHCl,destabilizing,15792978.0,Fluorescence,A,6
5EMZ,I3V,1.18,7.4,298.15,GdnHCl,destabilizing,15857839.0,Fluorescence,A,2
5EMZ,I3A,3.18,7.4,298.15,GdnHCl,destabilizing,15857839.0,Fluorescence,A,2
5EMZ,V5A,2.41,7.4,298.15,GdnHCl,destabilizing,15857839.0,Fluorescence,A,4
5EMZ,T7A,1.37,7.4,298.15,GdnHCl,destabilizing,15857839.0,Fluorescence,A,6
5EMZ,T9A,-0.06,7.4,298.15,GdnHCl,stabilizing,15857839.0,Fluorescence,A,8
5EMZ,I13V,1.16,7.4,298.15,GdnHCl,destabilizing,15857839.0,Fluorescence,A,12
5EMZ,I13A,3.4,7.4,298.15,GdnHCl,destabilizing,15857839.0,Fluorescence,A,12
5EMZ,L15A,3.85,7.4,298.15,GdnHCl,destabilizing,15857839.0,Fluorescence,A,14
5EMZ,V17A,1.65,7.4,298.15,GdnHCl,destabilizing,15857839.0,Fluorescence,A,16
5EMZ,D21N,0.85,7.4,298.15,GdnHCl,destabilizing,15857839.0,Fluorescence,A,20
5EMZ,T22A,1.74,7.4,298.15,GdnHCl,destabilizing,15857839.0,Fluorescence,A,21
5EMZ,I23V,0.45,7.4,298.15,GdnHCl,destabilizing,15857839.0,Fluorescence,A,22
5EMZ,I23A,2.78,7.4,298.15,GdnHCl,destabilizing,15857839.0,Fluorescence,A,22
5EMZ,I23G,3.58,7.4,298.15,GdnHCl,destabilizing,15857839.0,Fluorescence,A,22
5EMZ,V26A,3.37,7.4,298.15,GdnHCl,destabilizing,15857839.0,Fluorescence,A,25
5EMZ,K27A,2.56,7.4,298.15,GdnHCl,destabilizing,15857839.0,Fluorescence,A,26
5EMZ,A28G,0.52,7.4,298.15,GdnHCl,destabilizing,15857839.0,Fluorescence,A,27
5EMZ,I30V,1.21,7.4,298.15,GdnHCl,destabilizing,15857839.0,Fluorescence,A,29
5EMZ,I30A,3.22,7.4,298.15,GdnHCl,destabilizing,15857839.0,Fluorescence,A,29
5EMZ,Q41A,1.46,7.4,298.15,GdnHCl,destabilizing,15857839.0,Fluorescence,A,40
5EMZ,L43A,4.36,7.4,298.15,GdnHCl,destabilizing,15857839.0,Fluorescence,A,42
5EMZ,L50A,2.73,7.4,298.15,GdnHCl,destabilizing,15857839.0,Fluorescence,A,49
5EMZ,L56A,4.05,7.4,298.15,GdnHCl,destabilizing,15857839.0,Fluorescence,A,55
5EMZ,I61V,1.12,7.4,298.15,GdnHCl,destabilizing,15857839.0,Fluorescence,A,60
5EMZ,I61A,3.23,7.4,298.15,GdnHCl,destabilizing,15857839.0,Fluorescence,A,60
5EMZ,L67A,2.57,7.4,298.15,GdnHCl,destabilizing,15857839.0,Fluorescence,A,66
5EMZ,L69A,3.05,7.4,298.15,GdnHCl,destabilizing,15857839.0,Fluorescence,A,68
1BOY,R200W,-0.6,7.5,296.15,GdnHCl,stabilizing,15865421.0,Fluorescence,A,197
1UZC,W11F,0.2,5.7,283.0,Urea,destabilizing,15935381.0,Fluorescence,A,8
1UZC,T13S,-0.1,5.7,283.0,Urea,stabilizing,15935381.0,Fluorescence,A,10
1UZC,T13A,1.0,5.7,283.0,Urea,destabilizing,15935381.0,Fluorescence,A,10
1UZC,E15A,0.3,5.7,283.0,Urea,destabilizing,15935381.0,Fluorescence,A,12
1UZC,E15G,1.0,5.7,283.0,Urea,destabilizing,15935381.0,Fluorescence,A,12
1UZC,A17G,0.6,5.7,283.0,Urea,destabilizing,15935381.0,Fluorescence,A,14
1UZC,Q19A,0.2,5.7,283.0,Urea,destabilizing,15935381.0,Fluorescence,A,16
1UZC,Q19G,1.3,5.7,283.0,Urea,destabilizing,15935381.0,Fluorescence,A,16
1UZC,A20G,2.4,5.7,283.0,Urea,destabilizing,15935381.0,Fluorescence,A,17
1UZC,L24A,1.0,5.7,283.0,Urea,destabilizing,15935381.0,Fluorescence,A,21
1UZC,K26A,-0.1,5.7,283.0,Urea,stabilizing,15935381.0,Fluorescence,A,23
1UZC,K26G,0.8,5.7,283.0,Urea,destabilizing,15935381.0,Fluorescence,A,23
1UZC,E27A,0.6,5.7,283.0,Urea,destabilizing,15935381.0,Fluorescence,A,24
1UZC,E27G,1.6,5.7,283.0,Urea,destabilizing,15935381.0,Fluorescence,A,24
1UZC,V30A,3.3,5.7,283.0,Urea,destabilizing,15935381.0,Fluorescence,A,27
1UZC,P31G,1.1,5.7,283.0,Urea,destabilizing,15935381.0,Fluorescence,A,28
1UZC,S32A,-0.0,5.7,283.0,Urea,stabilizing,15935381.0,Fluorescence,A,29
1UZC,N33G,0.4,5.7,283.0,Urea,destabilizing,15935381.0,Fluorescence,A,30
1UZC,S35A,1.0,5.7,283.0,Urea,destabilizing,15935381.0,Fluorescence,A,32
1UZC,W36F,-0.6,5.7,283.0,Urea,stabilizing,15935381.0,Fluorescence,A,33
1UZC,Q38A,0.3,5.7,283.0,Urea,destabilizing,15935381.0,Fluorescence,A,35
1UZC,Q38G,1.6,5.7,283.0,Urea,destabilizing,15935381.0,Fluorescence,A,35
1UZC,A39G,1.9,5.7,283.0,Urea,destabilizing,15935381.0,Fluorescence,A,36
1UZC,M42A,1.6,5.7,283.0,Urea,destabilizing,15935381.0,Fluorescence,A,39
1UZC,I43V,1.3,5.7,283.0,Urea,destabilizing,15935381.0,Fluorescence,A,40
1UZC,I44V,0.3,5.7,283.0,Urea,destabilizing,15935381.0,Fluorescence,A,41
1UZC,I44A,0.2,5.7,283.0,Urea,destabilizing,15935381.0,Fluorescence,A,41
1UZC,I44G,0.3,5.7,283.0,Urea,destabilizing,15935381.0,Fluorescence,A,41
1UZC,D46N,2.3,5.7,283.0,Urea,destabilizing,15935381.0,Fluorescence,A,43
1UZC,P47G,0.9,5.7,283.0,Urea,destabilizing,15935381.0,Fluorescence,A,44
1UZC,Y49F,0.3,5.7,283.0,Urea,destabilizing,15935381.0,Fluorescence,A,46
1UZC,Y49A,2.6,5.7,283.0,Urea,destabilizing,15935381.0,Fluorescence,A,46
1UZC,S50A,0.2,5.7,283.0,Urea,destabilizing,15935381.0,Fluorescence,A,47
1UZC,S50G,0.1,5.7,283.0,Urea,destabilizing,15935381.0,Fluorescence,A,47
1UZC,A51G,1.1,5.7,283.0,Urea,destabilizing,15935381.0,Fluorescence,A,48
1UZC,L52A,2.9,5.7,283.0,Urea,destabilizing,15935381.0,Fluorescence,A,49
1UZC,A53G,0.3,5.7,283.0,Urea,destabilizing,15935381.0,Fluorescence,A,50
1UZC,S56A,0.5,5.7,283.0,Urea,destabilizing,15935381.0,Fluorescence,A,53
1UZC,S56G,0.5,5.7,283.0,Urea,destabilizing,15935381.0,Fluorescence,A,53
1UZC,K58A,2.1,5.7,283.0,Urea,destabilizing,15935381.0,Fluorescence,A,55
1UZC,Q60A,-0.2,5.7,283.0,Urea,stabilizing,15935381.0,Fluorescence,A,57
1UZC,Q60G,0.8,5.7,283.0,Urea,destabilizing,15935381.0,Fluorescence,A,57
1UZC,A61G,2.2,5.7,283.0,Urea,destabilizing,15935381.0,Fluorescence,A,58
1UZC,A64G,0.9,5.7,283.0,Urea,destabilizing,15935381.0,Fluorescence,A,61
1UZC,Y65F,0.8,5.7,283.0,Urea,destabilizing,15935381.0,Fluorescence,A,62
1UZC,V67A,-0.6,5.7,283.0,Urea,stabilizing,15935381.0,Fluorescence,A,64
1UZC,V67G,0.1,5.7,283.0,Urea,destabilizing,15935381.0,Fluorescence,A,64
1LS4,T31A,-0.6,7.4,298.15,GdnHCl,stabilizing,15952787.0,CD,A,30
1LS4,T144A,1.32,7.4,298.15,GdnHCl,destabilizing,15952787.0,CD,A,143
1LS4,L17K,1.36,7.4,298.15,GdnHCl,destabilizing,15952787.0,CD,A,16
1LS4,A140K,1.69,7.4,298.15,GdnHCl,destabilizing,15952787.0,CD,A,139
1RIS,V6A,1.7,8.0,298.15,GdnHCl,destabilizing,16002092.0,Fluorescence,A,5
1RIS,I8A,2.9,8.0,298.15,GdnHCl,destabilizing,16002092.0,Fluorescence,A,7
1RIS,L21A,-1.2,8.0,298.15,GdnHCl,stabilizing,16002092.0,Fluorescence,A,20
1RIS,E22Q,0.4,8.0,298.15,GdnHCl,destabilizing,16002092.0,Fluorescence,A,21
1RIS,I26A,2.8,8.0,298.15,GdnHCl,destabilizing,16002092.0,Fluorescence,A,25
1RIS,Y33A,-0.6,8.0,298.15,GdnHCl,stabilizing,16002092.0,Fluorescence,A,32
1RIS,A35G,0.2,8.0,298.15,GdnHCl,destabilizing,16002092.0,Fluorescence,A,34
1RIS,V37A,3.0,8.0,298.15,GdnHCl,destabilizing,16002092.0,Fluorescence,A,36
1RIS,L48A,0.3,8.0,298.15,GdnHCl,destabilizing,16002092.0,Fluorescence,A,47
1RIS,I52A,1.0,8.0,298.15,GdnHCl,destabilizing,16002092.0,Fluorescence,A,51
1RIS,F60A,-0.3,8.0,298.15,GdnHCl,stabilizing,16002092.0,Fluorescence,A,59
1RIS,V65A,2.3,8.0,298.15,GdnHCl,destabilizing,16002092.0,Fluorescence,A,64
1RIS,L75A,0.7,8.0,298.15,GdnHCl,destabilizing,16002092.0,Fluorescence,A,74
1RIS,L79A,2.7,8.0,298.15,GdnHCl,destabilizing,16002092.0,Fluorescence,A,78
1RIS,V85A,2.9,8.0,298.15,GdnHCl,destabilizing,16002092.0,Fluorescence,A,84
1RIS,V88A,1.2,8.0,298.15,GdnHCl,destabilizing,16002092.0,Fluorescence,A,87
1WQ5,L127A,0.64,7.8,298.15,Urea,destabilizing,16023136.0,CD,A,118
1WQ5,L50A,1.5,7.8,298.15,Urea,destabilizing,16023136.0,CD,A,49
1WQ5,L176A,2.01,7.8,298.15,Urea,destabilizing,16023136.0,CD,A,167
1WQ5,L99A,2.04,7.8,298.15,Urea,destabilizing,16023136.0,CD,A,90
1WQ5,I37A,2.21,7.8,298.15,Urea,destabilizing,16023136.0,CD,A,36
5AZU,V5A,0.955384,7.0,298.15,GdnHCl,destabilizing,16042382.0,"Fluorescence, CD",A,4
5AZU,V95A,0.955384,7.0,298.15,GdnHCl,destabilizing,16042382.0,"Fluorescence, CD",A,94
5AZU,I81A,1.433076,7.0,298.15,GdnHCl,destabilizing,16042382.0,"Fluorescence, CD",A,80
5AZU,V22A,1.671922,7.0,298.15,GdnHCl,destabilizing,16042382.0,"Fluorescence, CD",A,21
5AZU,V31A,1.671922,7.0,298.15,GdnHCl,destabilizing,16042382.0,"Fluorescence, CD",A,30
5AZU,L33A,1.671922,7.0,298.15,GdnHCl,destabilizing,16042382.0,"Fluorescence, CD",A,32
5AZU,A82G,1.671922,7.0,298.15,GdnHCl,destabilizing,16042382.0,"Fluorescence, CD",A,81
5AZU,L125A,1.671922,7.0,298.15,GdnHCl,destabilizing,16042382.0,"Fluorescence, CD",A,124
5AZU,L50A,1.791345,7.0,298.15,GdnHCl,destabilizing,16042382.0,"Fluorescence, CD",A,49
5AZU,I20A,2.38846,7.0,298.15,GdnHCl,destabilizing,16042382.0,"Fluorescence, CD",A,19
5AZU,F97A,2.627306,7.0,298.15,GdnHCl,destabilizing,16042382.0,"Fluorescence, CD",A,96
5AZU,M121A,2.866152,7.0,298.15,GdnHCl,destabilizing,16042382.0,"Fluorescence, CD",A,120
5AZU,V60G,3.104998,7.0,298.15,GdnHCl,destabilizing,16042382.0,"Fluorescence, CD",A,59
5AZU,I7A,3.3438440000000003,7.0,298.15,GdnHCl,destabilizing,16042382.0,"Fluorescence, CD",A,6
5AZU,W48A,3.3438440000000003,7.0,298.15,GdnHCl,destabilizing,16042382.0,"Fluorescence, CD",A,47
5AZU,Y108A,3.58269,7.0,298.15,GdnHCl,destabilizing,16042382.0,"Fluorescence, CD",A,107
5AZU,F110A,5.015766,7.0,298.15,GdnHCl,destabilizing,16042382.0,"Fluorescence, CD",A,109
1HK0,M147A,0.55,7.0,310.15,GdnHCl,destabilizing,16046626.0,Fluorescence,X,145
1HK0,R79A,1.15,7.0,310.15,GdnHCl,destabilizing,16046626.0,Fluorescence,X,78
1HK0,Q54A,-0.25,7.0,310.15,GdnHCl,stabilizing,16046626.0,Fluorescence,X,53
1HK0,Q143A,0.2,7.0,310.15,GdnHCl,destabilizing,16046626.0,Fluorescence,X,141
2AFG,F108Y,-3.8,7.5,313.45,GdnHCl,stabilizing,16126225.0,CD,A,98
2AFG,F108Y,-3.7,7.5,312.95,GdnHCl,stabilizing,16126225.0,Fluorescence,A,98
2AFG,S47I,-1.9,7.5,312.95,GdnHCl,stabilizing,16126225.0,Fluorescence,A,37
2AFG,H93G,-1.8,7.5,313.45,GdnHCl,stabilizing,16126225.0,CD,A,83
2AFG,H93G,-1.7,7.5,312.95,GdnHCl,stabilizing,16126225.0,Fluorescence,A,83
2AFG,Q40P,-1.5,7.5,312.95,GdnHCl,stabilizing,16126225.0,Fluorescence,A,30
2AFG,L44F,-0.5,7.5,313.45,GdnHCl,stabilizing,16126225.0,CD,A,34
2AFG,L44F,-0.3,7.5,312.95,GdnHCl,stabilizing,16126225.0,Fluorescence,A,34
2AFG,Q40P,-1.8,7.5,313.45,GdnHCl,stabilizing,16126225.0,CD,A,30
2AFG,S47I,-2.2,7.5,313.45,GdnHCl,stabilizing,16126225.0,CD,A,37
1AYI,A13N,0.334608031,7.0,283.15,Thermal,destabilizing,16159282.0,CD,A,12
1CYO,S71L,-0.8,7.0,298.15,GdnHCl,stabilizing,16246823.0,CD,A,70
1QQV,H41Y,-1.5,4.0,298.15,Urea,stabilizing,16337228.0,CD,A,31
1QQV,H41Y,-1.1,6.5,298.15,Urea,stabilizing,16337228.0,CD,A,31
1H7M,D2A,0.526315789,7.4,298.15,GdnHCl,destabilizing,16363795.0,CD,A,3
1H7M,E6A,0.7655502390000001,7.4,298.15,GdnHCl,destabilizing,16363795.0,CD,A,7
1H7M,R8A,0.7655502390000001,7.4,298.15,GdnHCl,destabilizing,16363795.0,CD,A,9
1H7M,K9A,0.28708134,7.4,298.15,GdnHCl,destabilizing,16363795.0,CD,A,10
1H7M,D12A,-0.23923445,7.4,298.15,GdnHCl,stabilizing,16363795.0,CD,A,13
1H7M,K15A,0.909090909,7.4,298.15,GdnHCl,destabilizing,16363795.0,CD,A,16
1H7M,R21A,-0.071770335,7.4,298.15,GdnHCl,destabilizing,16363795.0,CD,A,22
1H7M,K22A,-0.43062201,7.4,298.15,GdnHCl,stabilizing,16363795.0,CD,A,23
1H7M,K28A,1.196172249,7.4,298.15,GdnHCl,destabilizing,16363795.0,CD,A,29
1H7M,K33A,-0.119617225,7.4,298.15,GdnHCl,destabilizing,16363795.0,CD,A,34
1H7M,R39A,0.071770335,7.4,298.15,GdnHCl,destabilizing,16363795.0,CD,A,40
1H7M,R42A,-0.33492823,7.4,298.15,GdnHCl,stabilizing,16363795.0,CD,A,43
1H7M,D44A,-0.04784689,7.4,298.15,GdnHCl,stabilizing,16363795.0,CD,A,45
1H7M,K46A,1.100478469,7.4,298.15,GdnHCl,destabilizing,16363795.0,CD,A,47
1H7M,E47A,0.04784689,7.4,298.15,GdnHCl,destabilizing,16363795.0,CD,A,48
1H7M,D48A,-0.358851675,7.4,298.15,GdnHCl,stabilizing,16363795.0,CD,A,49
1H7M,E50A,-0.574162679,7.4,298.15,GdnHCl,stabilizing,16363795.0,CD,A,51
1H7M,R54A,0.263157895,7.4,298.15,GdnHCl,destabilizing,16363795.0,CD,A,55
1H7M,E62A,1.291866029,7.4,298.15,GdnHCl,destabilizing,16363795.0,CD,A,63
1H7M,E64A,0.263157895,7.4,298.15,GdnHCl,destabilizing,16363795.0,CD,A,65
1H7M,E69A,0.7416267940000001,7.4,298.15,GdnHCl,destabilizing,16363795.0,CD,A,70
1H7M,R76A,-0.19138756,7.4,298.15,GdnHCl,destabilizing,16363795.0,CD,A,77
1H7M,H78A,0.502392344,7.4,298.15,GdnHCl,destabilizing,16363795.0,CD,A,79
1H7M,D87A,1.363636364,7.4,298.15,GdnHCl,destabilizing,16363795.0,CD,A,88
1H7M,E90A,0.406698565,7.4,298.15,GdnHCl,destabilizing,16363795.0,CD,A,91
1H7M,R92A,0.311004785,7.4,298.15,GdnHCl,destabilizing,16363795.0,CD,A,93
1FTG,I21A,0.02,7.0,298.2,Urea,destabilizing,16364364.0,Fluorescence,A,19
1FTG,I21A,0.02,7.0,316.4,Thermal,destabilizing,16364364.0,"Fluorescence, CD",A,19
1FTG,I21G,-0.01,7.0,298.2,Urea,stabilizing,16364364.0,Fluorescence,A,19
1FTG,L50A,-0.02,7.0,316.4,Thermal,stabilizing,16364364.0,"Fluorescence, CD",A,48
1FTG,L50A,-0.05,7.0,298.2,Urea,stabilizing,16364364.0,Fluorescence,A,48
1FTG,V83I,-0.05,7.0,316.4,Thermal,stabilizing,16364364.0,"Fluorescence, CD",A,81
1FTG,V83I,-0.06,7.0,298.2,Urea,stabilizing,16364364.0,Fluorescence,A,81
1FTG,Q111G,-0.1,7.0,298.2,Urea,stabilizing,16364364.0,Fluorescence,A,109
1FTG,E107A,-0.15,7.0,316.4,Thermal,stabilizing,16364364.0,"Fluorescence, CD",A,105
1FTG,A101V,-0.16,7.0,316.4,Thermal,stabilizing,16364364.0,"Fluorescence, CD",A,99
1FTG,I21G,-0.17,7.0,316.4,Thermal,stabilizing,16364364.0,"Fluorescence, CD",A,19
1FTG,E40K,-0.17,7.0,316.4,Thermal,stabilizing,16364364.0,"Fluorescence, CD",A,38
1FTG,V18I,-0.19,7.0,316.4,Thermal,stabilizing,16364364.0,"Fluorescence, CD",A,16
1FTG,A101V,-0.22,7.0,298.2,Urea,stabilizing,16364364.0,Fluorescence,A,99
1FTG,Q111G,-0.22,7.0,316.4,Thermal,stabilizing,16364364.0,"Fluorescence, CD",A,109
1FTG,E107A,-0.23,7.0,298.2,Urea,stabilizing,16364364.0,Fluorescence,A,105
1FTG,Q99A,-0.24,7.0,298.2,Urea,stabilizing,16364364.0,Fluorescence,A,97
1FTG,V18I,-0.27,7.0,298.2,Urea,stabilizing,16364364.0,Fluorescence,A,16
1FTG,E20K,-0.27,7.0,316.4,Thermal,stabilizing,16364364.0,"Fluorescence, CD",A,18
1FTG,E20K,-0.28,7.0,298.2,Urea,stabilizing,16364364.0,Fluorescence,A,18
1FTG,E72K,-0.29,7.0,298.2,Urea,stabilizing,16364364.0,Fluorescence,A,70
1FTG,D75K,-0.31,7.0,298.2,Urea,stabilizing,16364364.0,Fluorescence,A,73
1FTG,E72K,-0.33,7.0,316.4,Thermal,stabilizing,16364364.0,"Fluorescence, CD",A,70
1FTG,E40K,-0.38,7.0,298.2,Urea,stabilizing,16364364.0,Fluorescence,A,38
1FTG,G68A,-0.38,7.0,316.4,Thermal,stabilizing,16364364.0,"Fluorescence, CD",A,66
1FTG,D75K,-0.4,7.0,316.4,Thermal,stabilizing,16364364.0,"Fluorescence, CD",A,73
1FTG,Q99A,-0.43,7.0,316.4,Thermal,stabilizing,16364364.0,"Fluorescence, CD",A,97
1FTG,G68A,-0.45,7.0,298.2,Urea,stabilizing,16364364.0,Fluorescence,A,66
1RTB,Y92A,0.6,8.0,288.15,Thermal,destabilizing,16433537.0,Enzyme activity,A,91
1RTB,Y92G,1.4,8.0,288.15,Thermal,destabilizing,16433537.0,Enzyme activity,A,91
1RTB,Y92L,1.5,8.0,288.15,Thermal,destabilizing,16433537.0,Enzyme activity,A,91
1AKK,H33N,-1.0,5.0,288.15,GdnHCl,stabilizing,16473367.0,"Abs, CD, Fluorescence",A,32
1GSB,F56S,0.5,6.5,293.15,Urea,destabilizing,16475815.0,CD,A,55
1AYI,I22V,0.884321224,7.0,283.15,Urea,destabilizing,16475816.0,Fluorescence,A,21
1AYI,I44V,-0.693116635,7.0,283.15,Urea,stabilizing,16475816.0,Fluorescence,A,43
1AYI,I68V,-0.239005736,7.0,283.15,Urea,stabilizing,16475816.0,Fluorescence,A,67
1AYI,L34A,0.621414914,7.0,283.15,Urea,destabilizing,16475816.0,Fluorescence,A,33
1AYI,L38A,1.649139579,7.0,283.15,Urea,destabilizing,16475816.0,Fluorescence,A,37
1AYI,L3A,-0.286806883,7.0,283.15,Urea,stabilizing,16475816.0,Fluorescence,A,2
1AYI,L53A,1.792543021,7.0,283.15,Urea,destabilizing,16475816.0,Fluorescence,A,52
1AYI,V16A,0.215105163,7.0,283.15,Urea,destabilizing,16475816.0,Fluorescence,A,15
1AYI,V42A,-0.52581262,7.0,283.15,Urea,stabilizing,16475816.0,Fluorescence,A,41
1AYI,V69A,-0.334608031,7.0,283.15,Urea,stabilizing,16475816.0,Fluorescence,A,68
5AZU,I20V,0.38277512,7.0,298.15,GdnHCl,destabilizing,16522792.0,CD,A,19
5AZU,I20A,1.555023923,7.0,298.15,GdnHCl,destabilizing,16522792.0,CD,A,19
5AZU,I20T,2.392344498,7.0,298.15,GdnHCl,destabilizing,16522792.0,CD,A,19
5AZU,V22A,1.43,7.0,298.15,GdnHCl,destabilizing,16522792.0,CD,A,21
5AZU,V22T,0.957,7.0,298.15,GdnHCl,destabilizing,16522792.0,CD,A,21
5AZU,V31T,1.076555024,7.0,298.15,GdnHCl,destabilizing,16522792.0,CD,A,30
5AZU,L50V,0.358851675,7.0,298.15,GdnHCl,destabilizing,16522792.0,CD,A,49
5AZU,L50T,2.344497608,7.0,298.15,GdnHCl,destabilizing,16522792.0,CD,A,49
5AZU,I81V,0.071770335,7.0,298.15,GdnHCl,destabilizing,16522792.0,CD,A,80
5AZU,I81A,2.392344498,7.0,298.15,GdnHCl,destabilizing,16522792.0,CD,A,80
5AZU,I81T,2.511961722,7.0,298.15,GdnHCl,destabilizing,16522792.0,CD,A,80
5AZU,V95T,-0.956937799,7.0,298.15,GdnHCl,stabilizing,16522792.0,CD,A,94
1ONC,F28T,5.311004785,5.5,293.15,Thermal,destabilizing,16533040.0,DSC,A,26
1ONC,F28A,5.0,5.5,293.15,Thermal,destabilizing,16533040.0,DSC,A,26
1ONC,F36Y,4.66507177,5.5,293.15,Thermal,destabilizing,16533040.0,DSC,A,34
1RTB,V63G,3.5,5.0,313.15,Thermal,destabilizing,16542150.0,Abs,A,62
1RTB,V63A,2.026315789,5.0,313.15,Thermal,destabilizing,16542150.0,Abs,A,62
1RTB,V57L,2.370813397,5.0,313.15,Thermal,destabilizing,16542150.0,Abs,A,56
1RTB,V57I,1.299043062,5.0,313.15,Thermal,destabilizing,16542150.0,Abs,A,56
1RTB,V57G,5.523923445,5.0,313.15,Thermal,destabilizing,16542150.0,Abs,A,56
1RTB,V57A,2.8540669860000003,5.0,313.15,Thermal,destabilizing,16542150.0,Abs,A,56
1RTB,V54L,1.086124402,5.0,313.15,Thermal,destabilizing,16542150.0,Abs,A,53
1RTB,V54I,1.947368421,5.0,313.15,Thermal,destabilizing,16542150.0,Abs,A,53
1RTB,V54G,4.870813397,5.0,313.15,Thermal,destabilizing,16542150.0,Abs,A,53
1RTB,V54A,2.581339713,5.0,313.15,Thermal,destabilizing,16542150.0,Abs,A,53
1RTB,V47G,7.346889952000001,5.0,313.15,Thermal,destabilizing,16542150.0,Abs,A,46
1RTB,V47A,3.803827751,5.0,313.15,Thermal,destabilizing,16542150.0,Abs,A,46
1RTB,V118G,2.775119617,5.0,313.15,Thermal,destabilizing,16542150.0,Abs,A,117
1RTB,V118A,1.923444976,5.0,313.15,Thermal,destabilizing,16542150.0,Abs,A,117
1RTB,V116G,1.184210526,5.0,313.15,Thermal,destabilizing,16542150.0,Abs,A,115
1RTB,V116A,0.66507177,5.0,313.15,Thermal,destabilizing,16542150.0,Abs,A,115
1RTB,V108L,0.7009569379999999,5.0,313.15,Thermal,destabilizing,16542150.0,Abs,A,107
1RTB,V108I,0.435406699,5.0,313.15,Thermal,destabilizing,16542150.0,Abs,A,107
1RTB,V108G,7.289473684,5.0,313.15,Thermal,destabilizing,16542150.0,Abs,A,107
1RTB,V108A,4.203349282,5.0,313.15,Thermal,destabilizing,16542150.0,Abs,A,107
1RTB,I81V,0.428229665,5.0,313.15,Thermal,destabilizing,16542150.0,Abs,A,80
1RTB,I81G,4.8062200960000006,5.0,313.15,Thermal,destabilizing,16542150.0,Abs,A,80
1RTB,I81A,2.990430622,5.0,313.15,Thermal,destabilizing,16542150.0,Abs,A,80
1RTB,I107V,0.078947368,5.0,313.15,Thermal,destabilizing,16542150.0,Abs,A,106
1RTB,I107L,2.196172249,5.0,313.15,Thermal,destabilizing,16542150.0,Abs,A,106
1RTB,I107A,2.846889952,5.0,313.15,Thermal,destabilizing,16542150.0,Abs,A,106
1RTB,I106V,0.801435407,5.0,313.15,Thermal,destabilizing,16542150.0,Abs,A,105
1RTB,I106L,1.789473684,5.0,313.15,Thermal,destabilizing,16542150.0,Abs,A,105
1RTB,I106A,4.375598086,5.0,313.15,Thermal,destabilizing,16542150.0,Abs,A,105
1RTB,A64G,0.435406699,5.0,313.15,Thermal,destabilizing,16542150.0,Abs,A,63
1RTB,A109G,0.43062201,5.0,313.15,Thermal,destabilizing,16542150.0,Abs,A,108
1PGA,T2P,2.7,5.5,298.15,Thermal,destabilizing,16549401.0,CD,A,1
1PGA,G9P,2.4,5.5,298.15,Thermal,destabilizing,16549401.0,CD,A,8
1PGA,K10P,0.2,5.5,298.15,Thermal,destabilizing,16549401.0,CD,A,9
1PGA,V21P,-0.5,5.5,298.15,Thermal,stabilizing,16549401.0,CD,A,20
1PGA,A23P,0.3,5.5,298.15,Thermal,destabilizing,16549401.0,CD,A,22
1PGA,A24P,0.5,5.5,298.15,Thermal,destabilizing,16549401.0,CD,A,23
1PGA,T25P,2.8,5.5,298.15,Thermal,destabilizing,16549401.0,CD,A,24
1PGA,V29P,3.5,5.5,298.15,Thermal,destabilizing,16549401.0,CD,A,28
1PGA,D36P,3.1,5.5,298.15,Thermal,destabilizing,16549401.0,CD,A,35
1PGA,A48P,0.7,5.5,298.15,Thermal,destabilizing,16549401.0,CD,A,47
1FLV,V18I,-1.03,7.0,317.45,Urea,stabilizing,16563433.0,Fluorescence,A,16
1FLV,V18L,-0.6,7.0,317.45,Urea,stabilizing,16563433.0,Fluorescence,A,16
1FLV,V83I,-0.13,7.0,317.45,Urea,stabilizing,16563433.0,Fluorescence,A,81
1FLV,A101L,-0.08,7.0,317.45,Urea,stabilizing,16563433.0,Fluorescence,A,99
1FLV,G87A,0.13,7.0,317.45,Urea,destabilizing,16563433.0,Fluorescence,A,85
1FLV,G87V,0.13,7.0,317.45,Urea,destabilizing,16563433.0,Fluorescence,A,85
1FLV,A101V,0.32,7.0,317.45,Urea,destabilizing,16563433.0,Fluorescence,A,99
1FLV,G87L,0.64,7.0,317.45,Urea,destabilizing,16563433.0,Fluorescence,A,85
1FLV,V18I,-0.48,7.0,384.62,Thermal,stabilizing,16563433.0,"Abs, CD, Fluorescence",A,16
1FLV,G87V,-0.12,7.0,384.62,Thermal,stabilizing,16563433.0,"Abs, CD, Fluorescence",A,85
1FLV,V18L,-0.065,7.0,384.62,Thermal,stabilizing,16563433.0,"Abs, CD, Fluorescence",A,16
1FLV,V83I,0.02,7.0,384.62,Thermal,destabilizing,16563433.0,"Abs, CD, Fluorescence",A,81
1FLV,G87A,0.09,7.0,384.62,Thermal,destabilizing,16563433.0,"Abs, CD, Fluorescence",A,85
1FLV,G87L,0.21,7.0,384.62,Thermal,destabilizing,16563433.0,"Abs, CD, Fluorescence",A,85
1FLV,A101L,0.53,7.0,384.62,Thermal,destabilizing,16563433.0,"Abs, CD, Fluorescence",A,99
1FLV,A101V,0.69,7.0,384.62,Thermal,destabilizing,16563433.0,"Abs, CD, Fluorescence",A,99
1CUN,Q115A,-0.0,7.0,298.15,Urea,stabilizing,16618492.0,Fluorescence,A,108
1CUN,K152A,-0.0,7.0,298.15,Urea,stabilizing,16618492.0,Fluorescence,A,145
1CUN,V163A,-0.0,7.0,298.15,Urea,stabilizing,16618492.0,Fluorescence,A,156
1CUN,S201A,-0.0,7.0,298.15,Urea,stabilizing,16618492.0,Fluorescence,A,194
1CUN,A191G,0.9,7.0,298.15,Urea,destabilizing,16618492.0,Fluorescence,A,184
1CUN,G198A,0.9,7.0,298.15,Urea,destabilizing,16618492.0,Fluorescence,A,191
1CUN,Q115G,1.0,7.0,298.15,Urea,destabilizing,16618492.0,Fluorescence,A,108
1CUN,A156G,1.0,7.0,298.15,Urea,destabilizing,16618492.0,Fluorescence,A,149
1CUN,V163G,1.0,7.0,298.15,Urea,destabilizing,16618492.0,Fluorescence,A,156
1CUN,S201G,1.0,7.0,298.15,Urea,destabilizing,16618492.0,Fluorescence,A,194
1CUN,A212G,1.1,7.0,298.15,Urea,destabilizing,16618492.0,Fluorescence,A,205
1CUN,V171A,1.2,7.0,298.15,Urea,destabilizing,16618492.0,Fluorescence,A,164
1CUN,A119G,1.3,7.0,298.15,Urea,destabilizing,16618492.0,Fluorescence,A,112
1CUN,A126G,1.3,7.0,298.15,Urea,destabilizing,16618492.0,Fluorescence,A,119
1CUN,I128A,1.3,7.0,298.15,Urea,destabilizing,16618492.0,Fluorescence,A,121
1CUN,K152G,1.3,7.0,298.15,Urea,destabilizing,16618492.0,Fluorescence,A,145
1CUN,F157L,1.4,7.0,298.15,Urea,destabilizing,16618492.0,Fluorescence,A,150
1CUN,A173G,1.6,7.0,298.15,Urea,destabilizing,16618492.0,Fluorescence,A,166
1CUN,A206G,1.8,7.0,298.15,Urea,destabilizing,16618492.0,Fluorescence,A,199
1CUN,F117L,2.1,7.0,298.15,Urea,destabilizing,16618492.0,Fluorescence,A,110
1CUN,M193A,2.2,7.0,298.15,Urea,destabilizing,16618492.0,Fluorescence,A,186
1CUN,I128V,2.4,7.0,298.15,Urea,destabilizing,16618492.0,Fluorescence,A,121
1CUN,H164A,2.9,7.0,298.15,Urea,destabilizing,16618492.0,Fluorescence,A,157
1CUN,L214A,3.2,7.0,298.15,Urea,destabilizing,16618492.0,Fluorescence,A,207
1CUN,L203A,3.7,7.0,298.15,Urea,destabilizing,16618492.0,Fluorescence,A,196
1CUN,L196A,4.1,7.0,298.15,Urea,destabilizing,16618492.0,Fluorescence,A,189
1egl,V14A,1.671922,7.0,298.15,Thermal,destabilizing,16705642.0,DSC,A,13
1egl,V54A,2.364575,7.0,298.15,Thermal,destabilizing,16705642.0,DSC,A,53
1egl,V14A,1.648037,2.5,298.15,Thermal,destabilizing,16705642.0,DSC,A,13
1egl,V54A,2.101845,2.5,298.15,Thermal,destabilizing,16705642.0,DSC,A,53
1egl,V14A,1.7674599999999998,2.75,298.15,Thermal,destabilizing,16705642.0,DSC,A,13
1egl,V54A,2.1973830000000003,2.75,298.15,Thermal,destabilizing,16705642.0,DSC,A,53
1egl,V14A,1.81523,3.0,298.15,Thermal,destabilizing,16705642.0,DSC,A,13
1egl,V54A,2.245152,3.0,298.15,Thermal,destabilizing,16705642.0,DSC,A,53
1egl,V14A,1.81523,3.25,298.15,Thermal,destabilizing,16705642.0,DSC,A,13
1egl,V54A,2.316806,3.25,298.15,Thermal,destabilizing,16705642.0,DSC,A,53
1egl,V14A,1.671922,3.5,298.15,Thermal,destabilizing,16705642.0,DSC,A,13
1egl,V54A,2.1973830000000003,3.5,298.15,Thermal,destabilizing,16705642.0,DSC,A,53
1C9O,N55K,-0.09569378,7.0,348.15,Thermal,stabilizing,16720692.0,CD,A,54
1C9O,E36K,0.19138756,7.0,348.15,Thermal,destabilizing,16720692.0,CD,A,35
1C9O,E50K,0.502392344,7.0,348.15,Thermal,destabilizing,16720692.0,CD,A,49
1C9O,E12K,0.43062201,7.0,348.15,Thermal,destabilizing,16720692.0,CD,A,11
1C9O,R56E,-0.7655502390000001,7.0,348.15,Thermal,stabilizing,16720692.0,CD,A,55
1C9O,H29E,0.7655502390000001,7.0,348.15,Thermal,destabilizing,16720692.0,DSC,A,28
1C9O,E46K,0.645933014,7.0,348.15,Thermal,destabilizing,16720692.0,DSC,A,45
1C9O,E21K,0.263157895,7.0,348.15,Thermal,destabilizing,16720692.0,CD,A,20
1TUP,G245S,1.2,7.2,283.15,Urea,destabilizing,16754663.0,"DSC, Fluorescence",A,151
1TUP,R175H,3.5,7.2,283.15,Urea,destabilizing,16754663.0,"DSC, Fluorescence",A,81
1TUP,R249S,2.0,7.2,283.15,Urea,destabilizing,16754663.0,"DSC, Fluorescence",A,155
1TUP,R273H,0.3,7.2,283.15,Urea,destabilizing,16754663.0,"DSC, Fluorescence",A,179
1TUP,R282W,3.3,7.2,283.15,Urea,destabilizing,16754663.0,"DSC, Fluorescence",A,188
1TUP,V143A,3.5,7.2,283.15,Urea,destabilizing,16754663.0,"DSC, Fluorescence",A,49
1FTG,I21A,-0.37,7.0,317.3,Thermal,stabilizing,16755589.0,CD,A,19
1FTG,G68A,-0.36,7.0,317.3,Thermal,stabilizing,16755589.0,CD,A,66
1FTG,E107A,0.03,7.0,317.3,Thermal,destabilizing,16755589.0,CD,A,105
1FTG,Q111G,0.29,7.0,317.3,Thermal,destabilizing,16755589.0,CD,A,109
1FTG,Q111A,0.41,7.0,317.3,Thermal,destabilizing,16755589.0,CD,A,109
1FTG,E107G,1.02,7.0,317.3,Thermal,destabilizing,16755589.0,CD,A,105
1FTG,I21G,1.33,7.0,317.3,Thermal,destabilizing,16755589.0,CD,A,19
1FTG,E107A,-0.52,7.0,298.15,Urea,stabilizing,16755589.0,CD,A,105
1FTG,E107G,0.2,7.0,298.15,Urea,destabilizing,16755589.0,CD,A,105
1FTG,G68A,-0.55,7.0,298.15,Urea,stabilizing,16755589.0,CD,A,66
1FTG,I21A,-0.45,7.0,298.15,Urea,stabilizing,16755589.0,CD,A,19
1FTG,I21G,0.74,7.0,298.15,Urea,destabilizing,16755589.0,CD,A,19
1FTG,Q111A,0.23,7.0,298.15,Urea,destabilizing,16755589.0,CD,A,109
1FTG,Q111G,0.3,7.0,298.15,Urea,destabilizing,16755589.0,CD,A,109
2JYS,Q8R,0.16,6.0,310.15,Urea,destabilizing,16799151.0,Activity,A,0
2JYS,H22L,0.27,6.0,310.15,Urea,destabilizing,16799151.0,Activity,A,14
2JYS,S25T,-0.44,6.0,310.15,Urea,stabilizing,16799151.0,Activity,A,17
2JYS,T28D,-0.06,6.0,310.15,Urea,stabilizing,16799151.0,Activity,A,20
2JYS,Q8R,-0.12,7.2,310.15,Urea,stabilizing,16799151.0,Activity,A,0
2JYS,H22L,-0.41,7.2,310.15,Urea,stabilizing,16799151.0,Activity,A,14
2JYS,S25T,-0.49,7.2,310.15,Urea,stabilizing,16799151.0,Activity,A,17
2JYS,T28D,-0.05,7.2,310.15,Urea,stabilizing,16799151.0,Activity,A,20
1FTG,A84G,2.17,7.0,298.15,Urea,destabilizing,16877708.0,CD,A,82
1FTG,I109A,3.89,7.0,298.15,Urea,destabilizing,16877708.0,CD,A,107
1FTG,I156V,3.6,7.0,298.15,Urea,destabilizing,16877708.0,CD,A,154
1FTG,I22V,1.94,7.0,298.15,Urea,destabilizing,16877708.0,CD,A,20
1FTG,I51V,1.98,7.0,298.15,Urea,destabilizing,16877708.0,CD,A,49
1FTG,I52V,1.38,7.0,298.15,Urea,destabilizing,16877708.0,CD,A,50
1FTG,L105A,2.69,7.0,298.15,Urea,destabilizing,16877708.0,CD,A,103
1FTG,L143A,0.14,7.0,298.15,Urea,destabilizing,16877708.0,CD,A,141
1FTG,L50A,2.82,7.0,298.15,Urea,destabilizing,16877708.0,CD,A,48
1FTG,L6A,3.53,7.0,298.15,Urea,destabilizing,16877708.0,CD,A,4
1FTG,V117A,2.05,7.0,298.15,Urea,destabilizing,16877708.0,CD,A,115
1FTG,V139A,1.51,7.0,298.15,Urea,destabilizing,16877708.0,CD,A,137
1FTG,V160A,2.46,7.0,298.15,Urea,destabilizing,16877708.0,CD,A,158
1FTG,V31A,2.39,7.0,298.15,Urea,destabilizing,16877708.0,CD,A,29
1FTG,W66F,0.83,7.0,298.15,Urea,destabilizing,16877708.0,CD,A,64
2TRX,D2E,-0.023900574,7.0,298.15,Urea,stabilizing,16935299.0,DSC,A,1
2TRX,D9E,1.362332696,7.0,298.15,Urea,destabilizing,16935299.0,DSC,A,8
2TRX,D10E,0.167304015,7.0,298.15,Urea,destabilizing,16935299.0,DSC,A,9
2TRX,D13E,-0.191204589,7.0,298.15,Urea,stabilizing,16935299.0,DSC,A,12
2TRX,D43E,-0.573613767,7.0,298.15,Urea,stabilizing,16935299.0,DSC,A,42
2TRX,D47E,-0.286806883,7.0,298.15,Urea,stabilizing,16935299.0,DSC,A,46
2TRX,D61E,0.621414914,7.0,298.15,Urea,destabilizing,16935299.0,DSC,A,60
2TRX,D104E,0.334608031,7.0,298.15,Urea,destabilizing,16935299.0,DSC,A,103
2TRX,E30D,0.215105163,7.0,298.15,Urea,destabilizing,16935299.0,DSC,A,29
2TRX,E44D,0.6453154879999999,7.0,298.15,Urea,destabilizing,16935299.0,DSC,A,43
2TRX,E48D,1.075525813,7.0,298.15,Urea,destabilizing,16935299.0,DSC,A,47
2TRX,E85D,0.86042065,7.0,298.15,Urea,destabilizing,16935299.0,DSC,A,84
2TRX,E101D,-0.119502868,7.0,298.15,Urea,stabilizing,16935299.0,DSC,A,100
2TRX,I4V,0.26290631,7.0,298.15,Urea,destabilizing,16935299.0,DSC,A,3
2TRX,I5V,0.693116635,7.0,298.15,Urea,destabilizing,16935299.0,DSC,A,4
2TRX,I23V,-0.26290631,7.0,298.15,Urea,stabilizing,16935299.0,DSC,A,22
2TRX,I38V,0.956022945,7.0,298.15,Urea,destabilizing,16935299.0,DSC,A,37
2TRX,I41V,0.6453154879999999,7.0,298.15,Urea,destabilizing,16935299.0,DSC,A,40
2TRX,I45V,0.7887189290000001,7.0,298.15,Urea,destabilizing,16935299.0,DSC,A,44
2TRX,I60V,0.191204589,7.0,298.15,Urea,destabilizing,16935299.0,DSC,A,59
2TRX,I72V,0.023900574,7.0,298.15,Urea,destabilizing,16935299.0,DSC,A,71
2TRX,I75V,0.717017208,7.0,298.15,Urea,destabilizing,16935299.0,DSC,A,74
1RTB,A4S,0.22,7.1,335.95,Thermal,destabilizing,16953565.0,Abs,A,3
1RTB,A5S,-0.08,7.1,335.95,Thermal,stabilizing,16953565.0,Abs,A,4
1RTB,S123A,-1.14,7.1,335.95,Thermal,stabilizing,16953565.0,Abs,A,122
1RTB,A4S,0.51,7.0,334.85,Thermal,destabilizing,16953565.0,CD,A,3
1RTB,A5S,0.37,7.0,334.85,Thermal,destabilizing,16953565.0,CD,A,4
1RTB,S123A,-0.46,7.0,334.85,Thermal,stabilizing,16953565.0,CD,A,122
1RTB,A4S,0.62,7.1,334.55,Thermal,destabilizing,16953565.0,CD,A,3
1RTB,A5S,0.52,7.1,334.55,Thermal,destabilizing,16953565.0,CD,A,4
1RTB,S123A,-0.47,7.1,334.55,Thermal,stabilizing,16953565.0,CD,A,122
5AZU,H46G,-2.627306,7.0,298.15,GdnHCl,stabilizing,16962971.0,Fluorescence,A,45
5AZU,V5A,-0.0,7.0,298.15,GdnHCl,stabilizing,16962971.0,Fluorescence,A,4
5AZU,I7A,3.110047847,7.0,298.15,GdnHCl,destabilizing,16962971.0,Fluorescence,A,6
5AZU,V60G,3.110047847,7.0,298.15,GdnHCl,destabilizing,16962971.0,Fluorescence,A,59
5AZU,A82G,3.110047847,7.0,298.15,GdnHCl,destabilizing,16962971.0,Fluorescence,A,81
5AZU,L125A,0.71770334,7.0,298.15,GdnHCl,destabilizing,16962971.0,Fluorescence,A,124
1TUP,Y220C,4.0,7.2,283.15,Urea,destabilizing,17015838.0,NMR,A,126
5AZU,F110S,6.4,7.5,313.15,GdnHCl,destabilizing,17038664.0,Fluorescence,A,109
5AZU,I7S,6.4,7.5,313.15,GdnHCl,destabilizing,17038664.0,Fluorescence,A,6
1IO2,D7N,-1.674641148,9.0,323.15,GdnHCl,stabilizing,17042484.0,CD,A,6
1IO2,E8A,-2.655502392,9.0,323.15,GdnHCl,stabilizing,17042484.0,CD,A,7
1IO2,E8Q,-0.5980861239999999,9.0,323.15,GdnHCl,stabilizing,17042484.0,CD,A,7
1IO2,D105A,-1.578947368,9.0,323.15,GdnHCl,stabilizing,17042484.0,CD,A,104
1IO2,D135A,-2.559808612,9.0,323.15,GdnHCl,stabilizing,17042484.0,CD,A,134
1FNF,L1408P,0.02,7.0,298.15,GdnHCl,destabilizing,17065159.0,Fluorescence,A,266
1IRO,V24I,-0.36,9.08,380.15,Thermal,stabilizing,17118523.0,NMR,A,23
1IRO,I33L,-0.76,9.08,380.15,Thermal,stabilizing,17118523.0,NMR,A,32
1Z1I,W31F,-0.17,7.7,303.15,GdnHCl,stabilizing,17142288.0,Fluorescence,A,30
1CSP,E42K,-0.051834131,7.5,328.15,Thermal,stabilizing,17188709.0,CD,A,41
1CSP,D25Q,0.76953748,7.5,328.15,Thermal,destabilizing,17188709.0,CD,A,24
1CSP,E12K,0.4784689,7.5,328.15,Thermal,destabilizing,17188709.0,CD,A,11
1CSP,E19K,0.614035088,7.5,328.15,Thermal,destabilizing,17188709.0,CD,A,18
1CSP,E19Q,0.251196172,7.5,328.15,Thermal,destabilizing,17188709.0,CD,A,18
1CSP,E3Q,-1.096491228,7.5,328.15,Thermal,stabilizing,17188709.0,CD,A,2
1CSP,E3R,-2.332535885,7.5,328.15,Thermal,stabilizing,17188709.0,CD,A,2
1CSP,E42Q,0.155502392,7.5,328.15,Thermal,destabilizing,17188709.0,CD,A,41
1CSP,K65E,1.913875598,7.5,328.15,Thermal,destabilizing,17188709.0,CD,A,64
1CSP,K65Q,0.550239234,7.5,328.15,Thermal,destabilizing,17188709.0,CD,A,64
1CSP,N10D,-0.406698565,7.5,328.15,Thermal,stabilizing,17188709.0,CD,A,9
1CSP,N10K,1.467304625,7.5,328.15,Thermal,destabilizing,17188709.0,CD,A,9
1CSP,N55D,-0.462519936,7.5,328.15,Thermal,stabilizing,17188709.0,CD,A,54
1CSP,N55K,0.039872408,7.5,328.15,Thermal,destabilizing,17188709.0,CD,A,54
1CSP,R56Q,-0.263157895,7.5,328.15,Thermal,stabilizing,17188709.0,CD,A,55
1CSP,S48E,-0.039872408,7.5,328.15,Thermal,destabilizing,17188709.0,CD,A,47
1CSP,S48K,-0.6738436999999999,7.5,328.15,Thermal,stabilizing,17188709.0,CD,A,47
1CSP,V20K,2.035486443,7.5,328.15,Thermal,destabilizing,17188709.0,CD,A,19
1CSP,V20Q,1.897926635,7.5,328.15,Thermal,destabilizing,17188709.0,CD,A,19
1CSP,D24K,0.462519936,7.5,328.15,Thermal,destabilizing,17188709.0,CD,A,23
1CSP,D24N,0.665869219,7.5,328.15,Thermal,destabilizing,17188709.0,CD,A,23
1CSP,D25K,1.311802233,7.5,328.15,Thermal,destabilizing,17188709.0,CD,A,24
1CSP,E21K,0.1475279109999999,7.5,328.15,Thermal,destabilizing,17188709.0,CD,A,20
1CSP,E21Q,0.326953748,7.5,328.15,Thermal,destabilizing,17188709.0,CD,A,20
1CSP,E43K,-0.227272727,7.5,328.15,Thermal,stabilizing,17188709.0,CD,A,42
1CSP,E43Q,-0.051834131,7.5,328.15,Thermal,stabilizing,17188709.0,CD,A,42
1CSP,E50K,0.283094099,7.5,328.15,Thermal,destabilizing,17188709.0,CD,A,49
1CSP,E50Q,1.140350877,7.5,328.15,Thermal,destabilizing,17188709.0,CD,A,49
1CSP,E53K,0.19138756,7.5,328.15,Thermal,destabilizing,17188709.0,CD,A,52
1CSP,E53Q,-0.203349282,7.5,328.15,Thermal,stabilizing,17188709.0,CD,A,52
1CSP,K13E,0.366826156,7.5,328.15,Thermal,destabilizing,17188709.0,CD,A,12
1CSP,K13Q,0.167464115,7.5,328.15,Thermal,destabilizing,17188709.0,CD,A,12
1CSP,K39E,0.235247209,7.5,328.15,Thermal,destabilizing,17188709.0,CD,A,38
1CSP,K39Q,0.067783094,7.5,328.15,Thermal,destabilizing,17188709.0,CD,A,38
1CSP,K5E,3.492822967,7.5,328.15,Thermal,destabilizing,17188709.0,CD,A,4
1CSP,K5Q,2.200956938,7.5,328.15,Thermal,destabilizing,17188709.0,CD,A,4
1MSI,D36A,-0.905,7.0,298.15,Urea,stabilizing,17189482.0,Fluorescence,A,36
1MSI,D58N,0.06,7.0,298.15,Urea,destabilizing,17189482.0,Fluorescence,A,58
1MSI,E25A,0.02,7.0,298.15,Urea,destabilizing,17189482.0,Fluorescence,A,25
1MSI,R47A,0.555,7.0,298.15,Urea,destabilizing,17189482.0,Fluorescence,A,47
1MSI,R23A,0.7,7.0,298.15,Urea,destabilizing,17189482.0,Fluorescence,A,23
1MSI,R39A,0.69,7.0,298.15,Urea,destabilizing,17189482.0,Fluorescence,A,39
2DRI,S103A,-0.08,7.0,330.65,Thermal,stabilizing,17242374.0,CD,A,102
2DRI,I132A,-0.57,7.0,330.65,Thermal,destabilizing,17242374.0,CD,A,131
2DRI,Q235A,-0.83,7.0,330.65,Thermal,stabilizing,17242374.0,CD,A,234
2DRI,N13A,-1.0,7.0,330.65,Thermal,stabilizing,17242374.0,CD,A,12
2DRI,S9A,-1.3,7.0,330.65,Thermal,destabilizing,17242374.0,CD,A,8
2DRI,N190A,-2.0,7.0,330.65,Thermal,destabilizing,17242374.0,CD,A,189
2DRI,F15A,-3.1,7.0,330.65,Thermal,destabilizing,17242374.0,CD,A,14
2DRI,N64A,-3.2,7.0,330.65,Thermal,destabilizing,17242374.0,CD,A,63
1VII,D44N,0.74,5.0,298.15,Urea,destabilizing,17338549.0,CD,A,3
1VII,F47L,2.7,5.0,298.15,Urea,destabilizing,17338549.0,CD,A,6
1VII,R55M,1.03,5.0,298.15,Urea,destabilizing,17338549.0,CD,A,14
1UBQ,I61V,0.3,7.4,310.15,GdnHCl,destabilizing,17434659.0,Fluorescence,A,60
1UBQ,K27A,3.15,7.4,310.15,GdnHCl,destabilizing,17434659.0,Fluorescence,A,26
1UBQ,I13A,3.55,7.4,310.15,GdnHCl,destabilizing,17434659.0,Fluorescence,A,12
4BLM,S126C,-1.5,6.0,342.05,Thermal,stabilizing,17496026.0,CD,A,92
4BLM,S126C,0.9,7.0,295.15,Urea,destabilizing,17496026.0,"CD, Fluorescence, Thiol reactivity",A,92
4BLM,S265C,1.2,7.0,295.15,Urea,destabilizing,17496026.0,"CD, Fluorescence, Thiol reactivity",A,229
4BLM,S265C,2.6,6.0,342.05,Thermal,destabilizing,17496026.0,CD,A,229
1QJP,Y168A,0.2,9.2,310.15,Urea,destabilizing,17564441.0,Fluorescence,A,133
1QJP,F51A,1.2,9.2,310.15,Urea,destabilizing,17564441.0,Fluorescence,A,37
1QJP,W15A,2.0,9.2,310.15,Urea,destabilizing,17564441.0,Fluorescence,A,14
1QJP,W57A,2.0,9.2,310.15,Urea,destabilizing,17564441.0,Fluorescence,A,43
1QJP,F123A,2.1,9.2,310.15,Urea,destabilizing,17564441.0,Fluorescence,A,102
1QJP,F170A,2.4,9.2,310.15,Urea,destabilizing,17564441.0,Fluorescence,A,135
1QJP,Y55A,2.5,9.2,310.15,Urea,destabilizing,17564441.0,Fluorescence,A,41
1QJP,Y129A,2.7,9.2,310.15,Urea,destabilizing,17564441.0,Fluorescence,A,108
1QJP,W143A,3.1,9.2,310.15,Urea,destabilizing,17564441.0,Fluorescence,A,122
1QJP,Y141A,3.3,9.2,310.15,Urea,destabilizing,17564441.0,Fluorescence,A,120
1QJP,W7A,3.6,9.2,310.15,Urea,destabilizing,17564441.0,Fluorescence,A,6
1QJP,Y43A,3.8,9.2,310.15,Urea,destabilizing,17564441.0,Fluorescence,A,29
1JY0,K12C,-1.959847036,6.6,298.15,GdnHCl,stabilizing,17570396.0,Fluorescence,A,14
1JY0,K12T,-1.242829828,6.6,298.15,GdnHCl,stabilizing,17570396.0,Fluorescence,A,14
1JY0,K12V,-1.601338432,6.6,298.15,GdnHCl,stabilizing,17570396.0,Fluorescence,A,14
1JY0,P134C,-1.410133843,6.6,298.15,GdnHCl,stabilizing,17570396.0,Fluorescence,A,136
1JY0,P134T,-1.410133843,6.6,298.15,GdnHCl,stabilizing,17570396.0,Fluorescence,A,136
1JY0,P134V,-1.147227533,6.6,298.15,GdnHCl,stabilizing,17570396.0,Fluorescence,A,136
1UBQ,K29N,1.2,5.0,283.15,GdnHCl,destabilizing,17572441.0,CD,A,28
1UBQ,K29Q,0.2,5.0,283.15,GdnHCl,destabilizing,17572441.0,CD,A,28
1UBQ,R42E,-0.3,5.0,283.15,GdnHCl,stabilizing,17572441.0,CD,A,41
1UBQ,V26A,2.5,5.0,283.15,GdnHCl,destabilizing,17572441.0,CD,A,25
1UBQ,V26G,5.1,5.0,283.15,GdnHCl,destabilizing,17572441.0,CD,A,25
1RTB,S75A,2.5,7.4,334.25,Thermal,destabilizing,17656580.0,CD,A,74
1RTB,S75T,2.8,7.4,334.25,Thermal,destabilizing,17656580.0,CD,A,74
1PGA,T16I,-1.34,7.0,353.15,Thermal,stabilizing,17868696.0,CD,A,15
1PGA,T18I,-0.67,7.0,353.15,Thermal,stabilizing,17868696.0,CD,A,17
1PGA,T18L,-0.33,7.0,353.15,Thermal,stabilizing,17868696.0,CD,A,17
1PGA,T25E,-0.48,7.0,353.15,Thermal,stabilizing,17868696.0,CD,A,24
1PGA,V29F,-0.41,7.0,353.15,Thermal,stabilizing,17868696.0,CD,A,28
1PGA,V29K,0.52,7.0,353.15,Thermal,destabilizing,17868696.0,CD,A,28
1AXB,W290F,2.38846,7.0,298.15,GdnHCl,destabilizing,18171085.0,Fluorescence,A,262
1CAH,E117A,-0.8,7.5,277.15,GdnHCl,stabilizing,18189416.0,Fluorescence,A,114
1CAH,H107F,-1.4,7.5,277.15,GdnHCl,stabilizing,18189416.0,Fluorescence,A,104
1CAH,H107N,-2.8,7.5,277.15,GdnHCl,stabilizing,18189416.0,Fluorescence,A,104
1CAH,H107Y,-3.0,7.5,277.15,GdnHCl,stabilizing,18189416.0,Fluorescence,A,104
1CAH,H107A,-3.2,7.5,277.15,GdnHCl,stabilizing,18189416.0,Fluorescence,A,104
1B10,F175W,0.4780114720000001,5.5,298.15,Urea,destabilizing,18279390.0,Fluorescence,A,50
1B10,F175W,1.673040153,7.0,298.15,Urea,destabilizing,18279390.0,Fluorescence,A,50
1B10,F198W,0.717017208,5.5,298.15,Urea,destabilizing,18279390.0,Fluorescence,A,73
1B10,F198W,1.434034417,7.0,298.15,Urea,destabilizing,18279390.0,Fluorescence,A,73
5AZU,C112S,-1.91,7.5,258.15,GdnHCl,stabilizing,18293933.0,Fluorescence,A,111
5AZU,C112S,-1.54,7.5,293.15,GdnHCl,stabilizing,18293933.0,Fluorescence,A,111
1K5U,D28A,1.792543021,6.6,298.15,GdnHCl,destabilizing,18308335.0,Fluorescence,A,18
1K5U,D68A,0.7648183559999999,6.6,298.15,GdnHCl,destabilizing,18308335.0,Fluorescence,A,58
1K5U,D68N,-0.334608031,6.6,298.15,GdnHCl,stabilizing,18308335.0,Fluorescence,A,58
1K5U,D70A,-0.023900574,6.6,298.15,GdnHCl,stabilizing,18308335.0,Fluorescence,A,60
1K5U,D70N,-0.59751434,6.6,298.15,GdnHCl,stabilizing,18308335.0,Fluorescence,A,60
1K5U,K112A,-0.310707457,6.6,298.15,GdnHCl,stabilizing,18308335.0,Fluorescence,A,102
1K5U,K112D,-1.027724665,6.6,298.15,GdnHCl,stabilizing,18308335.0,Fluorescence,A,102
1K5U,K112D,-1.577437859,6.6,298.15,GdnHCl,stabilizing,18308335.0,Fluorescence,A,102
1K5U,L26A,0.7648183559999999,6.6,298.15,GdnHCl,destabilizing,18308335.0,Fluorescence,A,16
1K5U,L26D,1.314531549,6.6,298.15,GdnHCl,destabilizing,18308335.0,Fluorescence,A,16
1K5U,L26N,-1.051625239,6.6,298.15,GdnHCl,stabilizing,18308335.0,Fluorescence,A,16
1K5U,N114A,1.840344168,6.6,298.15,GdnHCl,destabilizing,18308335.0,Fluorescence,A,104
1IO2,L92A,2.870813397,9.0,323.15,GdnHCl,destabilizing,18353366.0,CD,A,91
1IO2,L33A,4.545454545,9.0,323.15,GdnHCl,destabilizing,18353366.0,CD,A,32
1IO2,L147A,2.607655502,9.0,323.15,GdnHCl,destabilizing,18353366.0,CD,A,146
1IO2,L118A,5.263157895,9.0,323.15,GdnHCl,destabilizing,18353366.0,CD,A,117
1IO2,I6A,2.918660287,9.0,323.15,GdnHCl,destabilizing,18353366.0,CD,A,5
1IO2,I56A,3.971291866,9.0,323.15,GdnHCl,destabilizing,18353366.0,CD,A,55
1IO2,I20A,4.425837321,9.0,323.15,GdnHCl,destabilizing,18353366.0,CD,A,19
1IO2,I15A,2.129186603,9.0,323.15,GdnHCl,destabilizing,18353366.0,CD,A,14
1IO2,I102A,4.0430622010000015,9.0,323.15,GdnHCl,destabilizing,18353366.0,CD,A,101
1DPM,H257L,3.33,8.3,298.15,Urea,destabilizing,18434422.0,Fluorescence,A,222
2ZAJ,D23S,-0.07762495,7.0,319.95,Thermal,stabilizing,18562638.0,CD,A,22
2ZAJ,D23S,0.161221,7.0,333.15,Thermal,destabilizing,18562638.0,CD,A,22
1TTG,L19T,-0.3,6.0,303.15,GdnHCl,stabilizing,18674545.0,Fluorescence,A,18
451C,V78I,-1.485622,5.0,298.15,GdnHCl,stabilizing,18957274.0,CD,A,77
451C,V78I,-1.04784689,3.6,298.15,GdnHCl,stabilizing,18957274.0,CD,A,77
451C,F34Y,-1.332535885,5.0,298.15,GdnHCl,stabilizing,18957274.0,CD,A,33
451C,F34Y,-0.277511962,3.6,298.15,GdnHCl,stabilizing,18957274.0,CD,A,33
451C,E43Y,-1.129186603,5.0,298.15,GdnHCl,stabilizing,18957274.0,CD,A,42
451C,E43Y,-0.088516746,3.6,298.15,GdnHCl,stabilizing,18957274.0,CD,A,42
2CRK,D122A,0.48,8.0,298.15,GdnHCl,destabilizing,19263506.0,CD,A,114
2CRK,D122N,1.19,8.0,298.15,GdnHCl,destabilizing,19263506.0,CD,A,114
1VII,F47L,2.15,5.0,298.15,Urea,destabilizing,19354264.0,CD,A,6
1VII,F51L,1.99,5.0,298.15,Urea,destabilizing,19354264.0,CD,A,10
1VII,F58L,2.38,5.0,298.15,Urea,destabilizing,19354264.0,CD,A,17
1VII,W64L,1.42,5.0,298.15,Urea,destabilizing,19354264.0,CD,A,23
2Q98,H27A,-0.09,5.8,298.15,Urea,stabilizing,19384991.0,Fluorescence,A,18
2Q98,H30A,-3.1,5.8,298.15,Urea,stabilizing,19384991.0,Fluorescence,A,21
2Q98,H46A,0.11,5.8,298.15,Urea,destabilizing,19384991.0,Fluorescence,A,37
2Q98,H59A,-2.26,5.8,298.15,Urea,stabilizing,19384991.0,Fluorescence,A,50
2Q98,H97A,-1.07,5.8,298.15,Urea,stabilizing,19384991.0,Fluorescence,A,88
2Q98,H138A,-2.04,5.8,298.15,Urea,stabilizing,19384991.0,Fluorescence,A,129
2Q98,H173A,-0.24,5.8,298.15,Urea,stabilizing,19384991.0,Fluorescence,A,164
2Q98,H180A,-1.39,5.8,298.15,Urea,stabilizing,19384991.0,Fluorescence,A,171
2Q98,H195A,0.03,5.8,298.15,Urea,destabilizing,19384991.0,Fluorescence,A,186
2Q98,H27A,-1.29,7.8,298.15,Urea,stabilizing,19384991.0,Fluorescence,A,18
2Q98,H30A,-2.05,7.8,298.15,Urea,stabilizing,19384991.0,Fluorescence,A,21
2Q98,H46A,-1.55,7.8,298.15,Urea,stabilizing,19384991.0,Fluorescence,A,37
2Q98,H59A,0.02,7.8,298.15,Urea,destabilizing,19384991.0,Fluorescence,A,50
2Q98,H97A,-0.33,7.8,298.15,Urea,stabilizing,19384991.0,Fluorescence,A,88
2Q98,H138A,-0.58,7.8,298.15,Urea,stabilizing,19384991.0,Fluorescence,A,129
2Q98,H173A,0.35,7.8,298.15,Urea,destabilizing,19384991.0,Fluorescence,A,164
2Q98,H180A,0.04,7.8,298.15,Urea,destabilizing,19384991.0,Fluorescence,A,171
2Q98,H195A,-0.12,7.8,298.15,Urea,stabilizing,19384991.0,Fluorescence,A,186
1PGA,E15V,-0.382409178,7.0,343.15,GdnHCl,stabilizing,19527728.0,CD,A,14
1PGA,N37L,-1.434034417,7.0,343.15,GdnHCl,stabilizing,19527728.0,CD,A,36
1PGA,T16L,-1.075525813,7.0,343.15,GdnHCl,stabilizing,19527728.0,CD,A,15
1PGA,T18I,-0.7648183559999999,7.0,343.15,GdnHCl,stabilizing,19527728.0,CD,A,17
1PIN,K6A,-0.15,7.0,313.15,Thermal,stabilizing,19565466.0,CD,A,0
1PIN,L7A,1.72,7.0,313.15,Thermal,destabilizing,19565466.0,CD,A,1
1PIN,L7I,0.85,7.0,313.15,Thermal,destabilizing,19565466.0,CD,A,1
1PIN,L7V,1.26,7.0,313.15,Thermal,destabilizing,19565466.0,CD,A,1
1PIN,L7N,0.9,7.0,313.15,Thermal,destabilizing,19565466.0,CD,A,1
1PIN,P8A,0.97,7.0,313.15,Thermal,destabilizing,19565466.0,CD,A,2
1PIN,P8G,0.92,7.0,313.15,Thermal,destabilizing,19565466.0,CD,A,2
1PIN,P9A,0.19,7.0,313.15,Thermal,destabilizing,19565466.0,CD,A,3
1PIN,P9G,0.49,7.0,313.15,Thermal,destabilizing,19565466.0,CD,A,3
1PIN,G10A,0.85,7.0,313.15,Thermal,destabilizing,19565466.0,CD,A,4
1PIN,W11F,1.93,7.0,313.15,Thermal,destabilizing,19565466.0,CD,A,5
1PIN,E12A,0.48,7.0,313.15,Thermal,destabilizing,19565466.0,CD,A,6
1PIN,K13A,0.02,7.0,313.15,Thermal,destabilizing,19565466.0,CD,A,7
1PIN,R14A,1.63,7.0,313.15,Thermal,destabilizing,19565466.0,CD,A,8
1PIN,M15A,0.59,7.0,313.15,Thermal,destabilizing,19565466.0,CD,A,9
1PIN,S16A,0.44,7.0,313.15,Thermal,destabilizing,19565466.0,CD,A,10
1PIN,S16G,0.92,7.0,313.15,Thermal,destabilizing,19565466.0,CD,A,10
1PIN,R17A,-0.0,7.0,313.15,Thermal,stabilizing,19565466.0,CD,A,11
1PIN,R17G,0.22,7.0,313.15,Thermal,destabilizing,19565466.0,CD,A,11
1PIN,S18A,-0.03,7.0,313.15,Thermal,destabilizing,19565466.0,CD,A,12
1PIN,S18G,-0.02,7.0,313.15,Thermal,destabilizing,19565466.0,CD,A,12
1PIN,S19A,0.14,7.0,313.15,Thermal,destabilizing,19565466.0,CD,A,13
1PIN,S19G,-0.01,7.0,313.15,Thermal,destabilizing,19565466.0,CD,A,13
1PIN,G20A,0.86,7.0,313.15,Thermal,destabilizing,19565466.0,CD,A,14
1PIN,R21A,0.65,7.0,313.15,Thermal,destabilizing,19565466.0,CD,A,15
1PIN,R21G,0.67,7.0,313.15,Thermal,destabilizing,19565466.0,CD,A,15
1PIN,V22A,0.26,7.0,313.15,Thermal,destabilizing,19565466.0,CD,A,16
1PIN,Y23A,1.08,7.0,313.15,Thermal,destabilizing,19565466.0,CD,A,17
1PIN,Y23L,1.18,7.0,313.15,Thermal,destabilizing,19565466.0,CD,A,17
1PIN,Y23F,0.52,7.0,313.15,Thermal,destabilizing,19565466.0,CD,A,17
1PIN,Y24F,0.66,7.0,313.15,Thermal,destabilizing,19565466.0,CD,A,18
1PIN,Y24W,0.56,7.0,313.15,Thermal,destabilizing,19565466.0,CD,A,18
1PIN,F25A,2.14,7.0,313.15,Thermal,destabilizing,19565466.0,CD,A,19
1PIN,F25L,1.37,7.0,313.15,Thermal,destabilizing,19565466.0,CD,A,19
1PIN,F25Y,-0.22,7.0,313.15,Thermal,stabilizing,19565466.0,CD,A,19
1PIN,N26D,1.88,7.0,313.15,Thermal,destabilizing,19565466.0,CD,A,20
1PIN,H27A,0.12,7.0,313.15,Thermal,destabilizing,19565466.0,CD,A,21
1PIN,H27G,0.68,7.0,313.15,Thermal,destabilizing,19565466.0,CD,A,21
1PIN,I28A,0.36,7.0,313.15,Thermal,destabilizing,19565466.0,CD,A,22
1PIN,I28G,0.48,7.0,313.15,Thermal,destabilizing,19565466.0,CD,A,22
1PIN,T29A,1.25,7.0,313.15,Thermal,destabilizing,19565466.0,CD,A,23
1PIN,T29G,1.99,7.0,313.15,Thermal,destabilizing,19565466.0,CD,A,23
1PIN,T29S,0.65,7.0,313.15,Thermal,destabilizing,19565466.0,CD,A,23
1PIN,T29D,1.33,7.0,313.15,Thermal,destabilizing,19565466.0,CD,A,23
1PIN,N30A,0.47,7.0,313.15,Thermal,destabilizing,19565466.0,CD,A,24
1PIN,N30G,-0.53,7.0,313.15,Thermal,stabilizing,19565466.0,CD,A,24
1PIN,A31G,1.49,7.0,313.15,Thermal,destabilizing,19565466.0,CD,A,25
1PIN,S32A,0.26,7.0,313.15,Thermal,destabilizing,19565466.0,CD,A,26
1PIN,S32G,0.81,7.0,313.15,Thermal,destabilizing,19565466.0,CD,A,26
1PIN,Q33A,0.57,7.0,313.15,Thermal,destabilizing,19565466.0,CD,A,27
1PIN,W34A,0.4,7.0,313.15,Thermal,destabilizing,19565466.0,CD,A,28
1PIN,W34F,0.1,7.0,313.15,Thermal,destabilizing,19565466.0,CD,A,28
1PIN,E35A,0.73,7.0,313.15,Thermal,destabilizing,19565466.0,CD,A,29
1PIN,R36A,0.29,7.0,313.15,Thermal,destabilizing,19565466.0,CD,A,30
1PIN,S38A,-0.05,7.0,313.15,Thermal,stabilizing,19565466.0,CD,A,32
1PIN,S38G,0.08,7.0,313.15,Thermal,destabilizing,19565466.0,CD,A,32
3MBP,I108A,3.15,8.0,298.15,Urea,destabilizing,19683000.0,CD,A,107
3MBP,I226A,4.95,8.0,298.15,Urea,destabilizing,19683000.0,CD,A,225
3MBP,I59A,1.2,8.0,298.15,Urea,destabilizing,19683000.0,CD,A,58
3MBP,L115A,3.1,8.0,298.15,Urea,destabilizing,19683000.0,CD,A,114
3MBP,L147A,3.0,8.0,298.15,Urea,destabilizing,19683000.0,CD,A,146
3MBP,I161A,3.0333333330000003,8.0,298.15,Urea,destabilizing,19683000.0,CD,A,160
3MBP,L192A,3.1,8.0,298.15,Urea,destabilizing,19683000.0,CD,A,191
3MBP,L195A,4.2,8.0,298.15,Urea,destabilizing,19683000.0,CD,A,194
3MBP,V347A,2.0,8.0,298.15,Urea,destabilizing,19683000.0,CD,A,346
3MBP,L361A,2.0,8.0,298.15,Urea,destabilizing,19683000.0,CD,A,360
2AFG,C83A,1.38623327,7.5,298.15,GdnHCl,destabilizing,19683004.0,Fluorescence,A,73
2AFG,C83S,1.577437859,7.5,298.15,GdnHCl,destabilizing,19683004.0,Fluorescence,A,73
2AFG,C83T,1.45793499,7.5,298.15,GdnHCl,destabilizing,19683004.0,Fluorescence,A,73
2AFG,C83V,2.84416826,7.5,298.15,GdnHCl,destabilizing,19683004.0,Fluorescence,A,73
2AFG,L44F,-0.716538,6.6,312.9,Thermal,stabilizing,19695265.0,DSC,A,34
2AFG,F132W,-0.286615,6.6,312.9,Thermal,stabilizing,19695265.0,DSC,A,122
2AFG,F85W,0.0716538,6.6,312.9,Thermal,destabilizing,19695265.0,DSC,A,75
2AFG,L44W,-0.57323,6.6,298.0,GdnHCl,stabilizing,19695265.0,"CD, Fluorescence",A,34
2AFG,F85W,-0.0955384,6.6,298.0,GdnHCl,stabilizing,19695265.0,"CD, Fluorescence",A,75
2AFG,C117V,0.286615,6.6,298.0,GdnHCl,destabilizing,19695265.0,"CD, Fluorescence",A,107
2AFG,C117I,0.358269,6.6,298.0,GdnHCl,destabilizing,19695265.0,"CD, Fluorescence",A,107
2AFG,F132W,0.382154,6.6,298.0,GdnHCl,destabilizing,19695265.0,"CD, Fluorescence",A,122
2AFG,V31W,0.955384,6.6,298.0,GdnHCl,destabilizing,19695265.0,"CD, Fluorescence",A,21
1PGA,F52A,1.073,7.0,333.15,Thermal,destabilizing,19711980.0,CD,A,51
1PGA,F52G,2.273,7.0,333.15,Thermal,destabilizing,19711980.0,CD,A,51
1PGA,F52L,0.56,7.0,333.15,Thermal,destabilizing,19711980.0,CD,A,51
2ABD,A9G,2.0,8.0,298.15,GdnHCl,destabilizing,19788195.0,Fluorescence,A,8
2ABD,L15A,3.56,8.0,298.15,GdnHCl,destabilizing,19788195.0,Fluorescence,A,14
2ABD,L25A,2.02,8.0,298.15,GdnHCl,destabilizing,19788195.0,Fluorescence,A,24
2ABD,L80A,4.57,8.0,298.15,GdnHCl,destabilizing,19788195.0,Fluorescence,A,79
2ABD,P44A,1.23,8.0,298.15,GdnHCl,destabilizing,19788195.0,Fluorescence,A,43
2ABD,V12A,1.5,8.0,298.15,GdnHCl,destabilizing,19788195.0,Fluorescence,A,11
2ABD,Y73A,4.51,8.0,298.15,GdnHCl,destabilizing,19788195.0,Fluorescence,A,72
3F6R,A19G,2.676864245,7.0,293.15,Urea,destabilizing,19913555.0,CD,A,17
3F6R,E109A,2.796367113,7.0,293.15,Urea,destabilizing,19913555.0,CD,A,107
3F6R,F55A,4.397705545,7.0,293.15,Urea,destabilizing,19913555.0,CD,A,53
3F6R,I120A,4.899617591,7.0,293.15,Urea,destabilizing,19913555.0,CD,A,118
3F6R,L124A,4.373804971,7.0,293.15,Urea,destabilizing,19913555.0,CD,A,122
3F6R,L36A,2.318355641,7.0,293.15,Urea,destabilizing,19913555.0,CD,A,34
3F6R,L5A,2.533460803,7.0,293.15,Urea,destabilizing,19913555.0,CD,A,3
3F6R,L74A,4.7801147230000005,7.0,293.15,Urea,destabilizing,19913555.0,CD,A,72
3F6R,V137A,4.756214149,7.0,293.15,Urea,destabilizing,19913555.0,CD,A,135
3F6R,V33A,2.676864245,7.0,293.15,Urea,destabilizing,19913555.0,CD,A,31
3F6R,V53A,3.035372849,7.0,293.15,Urea,destabilizing,19913555.0,CD,A,51
3F6R,V7A,2.1749521990000003,7.0,293.15,Urea,destabilizing,19913555.0,CD,A,5
3F6R,V88A,3.130975143,7.0,293.15,Urea,destabilizing,19913555.0,CD,A,86
1TIT,Y9P,2.2,7.4,298.15,GdnHCl,destabilizing,20095049.0,CD,A,8
1TIT,Y9G,0.8,7.4,298.15,GdnHCl,destabilizing,20095049.0,CD,A,8
1TIT,Y9F,0.4,7.4,298.15,GdnHCl,destabilizing,20095049.0,CD,A,8
1TIT,Y9S,0.2,7.4,298.15,GdnHCl,destabilizing,20095049.0,CD,A,8
1THQ,Y87F,1.368588,8.0,298.15,Urea,destabilizing,20133664.0,CD,A,70
1THQ,Y23A,0.905226,8.0,298.15,Urea,destabilizing,20133664.0,CD,A,16
1THQ,Y153A,0.5541229999999999,8.0,298.15,Urea,destabilizing,20133664.0,CD,A,136
1THQ,W51A,0.446642,8.0,298.15,Urea,destabilizing,20133664.0,CD,A,34
1THQ,W17A,0.984046,8.0,298.15,Urea,destabilizing,20133664.0,CD,A,10
1THQ,T137A,0.508742,8.0,298.15,Urea,destabilizing,20133664.0,CD,A,120
1THQ,T108A,0.40365,8.0,298.15,Urea,destabilizing,20133664.0,CD,A,91
1THQ,S58A,1.25633,8.0,298.15,Urea,destabilizing,20133664.0,CD,A,41
1THQ,S130A,1.270661,8.0,298.15,Urea,destabilizing,20133664.0,CD,A,113
1THQ,R94A,1.531003,8.0,298.15,Urea,destabilizing,20133664.0,CD,A,77
1THQ,Q160A,-0.181523,8.0,298.15,Urea,stabilizing,20133664.0,CD,A,143
1THQ,Q139A,0.967326,8.0,298.15,Urea,destabilizing,20133664.0,CD,A,122
1THQ,M72A,0.34155,8.0,298.15,Urea,destabilizing,20133664.0,CD,A,55
1THQ,M157A,0.766696,8.0,298.15,Urea,destabilizing,20133664.0,CD,A,140
1THQ,L105A,0.761919,8.0,298.15,Urea,destabilizing,20133664.0,CD,A,88
1THQ,F55A,1.046145,8.0,298.15,Urea,destabilizing,20133664.0,CD,A,38
1THQ,E90A,0.6616029999999999,8.0,298.15,Urea,destabilizing,20133664.0,CD,A,73
1THQ,D24N,0.60428,8.0,298.15,Urea,destabilizing,20133664.0,CD,A,17
1THQ,A85G,0.8646229999999999,8.0,298.15,Urea,destabilizing,20133664.0,CD,A,68
2DRI,L62C,2.7,7.6,298.15,Thermal,destabilizing,20194783.0,Activity,A,61
2DRI,A188C,1.8,7.6,298.15,Thermal,destabilizing,20194783.0,Activity,A,187
1FTG,A84G,2.42,7.0,298.15,Urea,destabilizing,20457259.0,Fluorescence,A,82
1FTG,D150K,0.53,7.0,298.15,Urea,destabilizing,20457259.0,Fluorescence,A,148
1FTG,D43A,0.18,7.0,298.15,Urea,destabilizing,20457259.0,Fluorescence,A,41
1FTG,D65K,0.51,7.0,298.15,Urea,destabilizing,20457259.0,Fluorescence,A,63
1FTG,D75K,-0.75,7.0,298.15,Urea,stabilizing,20457259.0,Fluorescence,A,73
1FTG,E20K,-1.3,7.0,298.15,Urea,stabilizing,20457259.0,Fluorescence,A,18
1FTG,E72K,-1.04,7.0,298.15,Urea,stabilizing,20457259.0,Fluorescence,A,70
1FTG,I104V,0.91,7.0,298.15,Urea,destabilizing,20457259.0,Fluorescence,A,102
1FTG,I156V,3.85,7.0,298.15,Urea,destabilizing,20457259.0,Fluorescence,A,154
1FTG,I22V,2.19,7.0,298.15,Urea,destabilizing,20457259.0,Fluorescence,A,20
1FTG,I51V,2.23,7.0,298.15,Urea,destabilizing,20457259.0,Fluorescence,A,49
1FTG,I52V,1.64,7.0,298.15,Urea,destabilizing,20457259.0,Fluorescence,A,50
1FTG,K81M,2.43,7.0,298.15,Urea,destabilizing,20457259.0,Fluorescence,A,79
1FTG,L143A,0.39,7.0,298.15,Urea,destabilizing,20457259.0,Fluorescence,A,141
1FTG,L6A,3.78,7.0,298.15,Urea,destabilizing,20457259.0,Fluorescence,A,4
1FTG,Q63L,-0.13,7.0,298.15,Urea,stabilizing,20457259.0,Fluorescence,A,61
1FTG,Q99A,-1.46,7.0,298.15,Urea,stabilizing,20457259.0,Fluorescence,A,97
1FTG,Q99L,-0.41,7.0,298.15,Urea,stabilizing,20457259.0,Fluorescence,A,97
1FTG,S110A,1.28,7.0,298.15,Urea,destabilizing,20457259.0,Fluorescence,A,108
1FTG,S71A,0.91,7.0,298.15,Urea,destabilizing,20457259.0,Fluorescence,A,69
1FTG,T122S,0.62,7.0,298.15,Urea,destabilizing,20457259.0,Fluorescence,A,120
1FTG,V117A,2.3,7.0,298.15,Urea,destabilizing,20457259.0,Fluorescence,A,115
1FTG,V139A,1.76,7.0,298.15,Urea,destabilizing,20457259.0,Fluorescence,A,137
1FTG,V160A,2.71,7.0,298.15,Urea,destabilizing,20457259.0,Fluorescence,A,158
1FTG,V31A,2.65,7.0,298.15,Urea,destabilizing,20457259.0,Fluorescence,A,29
1FTG,Y85F,1.46,7.0,298.15,Urea,destabilizing,20457259.0,Fluorescence,A,83
1FTG,Y8F,0.99,7.0,298.15,Urea,destabilizing,20457259.0,Fluorescence,A,6
1FKJ,F99L,0.92,7.5,295.15,GdnHCl,destabilizing,20552687.0,Fluorescence,A,98
1VII,P62A,1.27,5.0,298.15,Urea,destabilizing,20570680.0,CD,A,21
1VII,W64A,0.97,5.0,298.15,Urea,destabilizing,20570680.0,CD,A,23
1VII,W64K,1.35,5.0,298.15,Urea,destabilizing,20570680.0,CD,A,23
1VII,W64L,1.36,5.0,298.15,Urea,destabilizing,20570680.0,CD,A,23
2RLK,S13A,0.974173508,5.2,303.15,Thermal,destabilizing,20666415.0,CD,A,12
2RLK,P14A,0.366422968,5.2,303.15,Thermal,destabilizing,20666415.0,CD,A,13
2RLK,Y21A,0.315006135,5.2,303.15,Thermal,destabilizing,20666415.0,CD,A,20
2RLK,Y27A,0.988291807,5.2,303.15,Thermal,destabilizing,20666415.0,CD,A,26
2GNQ,S62A,9.0,7.5,298.15,GdnHCl,destabilizing,20939513.0,CD,A,43
2GNQ,S146A,8.5,7.5,298.15,GdnHCl,destabilizing,20939513.0,CD,A,127
2GNQ,S188A,8.7,7.5,298.15,GdnHCl,destabilizing,20939513.0,CD,A,169
2GNQ,D192E,8.0,7.5,298.15,GdnHCl,destabilizing,20939513.0,CD,A,173
2GNQ,W330F,4.5,7.5,298.15,GdnHCl,destabilizing,20939513.0,CD,A,311
2GNQ,W330Y,4.6,7.5,298.15,GdnHCl,destabilizing,20939513.0,CD,A,311
2GNQ,D324E,4.14,7.5,298.15,GdnHCl,destabilizing,20939513.0,CD,A,305
1HK0,M69Q,-0.4,3.0,293.15,Urea,stabilizing,21184609.0,DSC,X,68
1HK0,S130P,0.3,3.0,293.15,Urea,destabilizing,21184609.0,DSC,X,128
2JOF,D9E,0.291586998,7.0,300.15,Thermal,destabilizing,21222485.0,CD,A,8
2JOF,R16K,0.56166348,7.0,300.15,Thermal,destabilizing,21222485.0,CD,A,15
2JOF,D9E,0.043021033,2.5,300.15,Thermal,destabilizing,21222485.0,CD,A,8
1NFI,T164L,-0.8,7.5,283.15,Urea,stabilizing,21329696.0,Fluorescence,A,144
1NFI,T164L,-0.4,7.5,283.15,Urea,stabilizing,21329696.0,Fluorescence,A,144
1L8W,S213A,0.6,7.0,298.15,Urea,destabilizing,21377472.0,CD,A,141
1L8W,S123A,0.7,7.0,298.15,Urea,destabilizing,21377472.0,CD,A,51
1VII,F47A,2.3,7.0,347.85,Urea,destabilizing,21377472.0,CD,A,6
1VII,F51A,2.3,7.0,298.15,Urea,destabilizing,21377472.0,CD,A,10
1VII,F51A,1.8,7.0,347.85,Urea,destabilizing,21377472.0,CD,A,10
1VII,F58A,3.3,7.0,347.85,Urea,destabilizing,21377472.0,CD,A,17
1VII,L42A,1.4,7.0,298.15,Urea,destabilizing,21377472.0,CD,A,1
1VII,L42A,1.0,7.0,347.85,Urea,destabilizing,21377472.0,CD,A,1
1VII,L61A,2.1,7.0,347.85,Urea,destabilizing,21377472.0,CD,A,20
1VII,L69A,1.6,7.0,298.15,Urea,destabilizing,21377472.0,CD,A,28
1VII,L69A,1.4,7.0,347.85,Urea,destabilizing,21377472.0,CD,A,28
1VII,L75A,0.5,7.0,298.15,Urea,destabilizing,21377472.0,CD,A,34
1VII,L75A,0.5,7.0,347.85,Urea,destabilizing,21377472.0,CD,A,34
1VII,M53A,2.8,7.0,347.85,Urea,destabilizing,21377472.0,CD,A,12
1VII,V50A,0.7,7.0,298.15,Urea,destabilizing,21377472.0,CD,A,9
1VII,V50A,0.5,7.0,347.85,Urea,destabilizing,21377472.0,CD,A,9
1QQV,H41Y,-1.3,7.0,298.15,GdnHCl,stabilizing,21449557.0,CD,A,31
1QQV,K70M,-0.5,7.0,298.15,GdnHCl,stabilizing,21449557.0,CD,A,60
1H7M,E62A,1.529636711,5.4,298.15,Urea,destabilizing,21720566.0,CD,A,63
1H7M,E62A,1.505736138,5.4,308.15,Urea,destabilizing,21720566.0,CD,A,63
1H7M,E62A,1.601338432,5.4,318.15,Urea,destabilizing,21720566.0,CD,A,63
1H7M,E62A,1.792543021,5.4,328.15,Urea,destabilizing,21720566.0,CD,A,63
1H7M,E62A,2.055449331,5.4,338.15,Urea,destabilizing,21720566.0,CD,A,63
1H7M,E62A,2.103250478,5.4,348.15,Urea,destabilizing,21720566.0,CD,A,63
1H7M,E6A,1.768642447,5.4,298.15,Urea,destabilizing,21720566.0,CD,A,7
1H7M,E6A,1.744741874,5.4,308.15,Urea,destabilizing,21720566.0,CD,A,7
1H7M,E6A,1.649139579,5.4,318.15,Urea,destabilizing,21720566.0,CD,A,7
1H7M,E6A,1.792543021,5.4,328.15,Urea,destabilizing,21720566.0,CD,A,7
1H7M,E6A,1.816443595,5.4,338.15,Urea,destabilizing,21720566.0,CD,A,7
1H7M,E6A,1.553537285,5.4,348.15,Urea,destabilizing,21720566.0,CD,A,7
1H7M,E90A,0.52581262,5.4,298.15,Urea,destabilizing,21720566.0,CD,A,91
1H7M,E90A,0.549713193,5.4,308.15,Urea,destabilizing,21720566.0,CD,A,91
1H7M,E90A,0.621414914,5.4,318.15,Urea,destabilizing,21720566.0,CD,A,91
1H7M,E90A,0.430210325,5.4,328.15,Urea,destabilizing,21720566.0,CD,A,91
1H7M,E90A,0.573613767,5.4,338.15,Urea,destabilizing,21720566.0,CD,A,91
1H7M,E90A,0.26290631,5.4,348.15,Urea,destabilizing,21720566.0,CD,A,91
1H7M,K46A,1.218929254,5.4,298.15,Urea,destabilizing,21720566.0,CD,A,47
1H7M,K46A,1.266730402,5.4,308.15,Urea,destabilizing,21720566.0,CD,A,47
1H7M,K46A,1.362332696,5.4,318.15,Urea,destabilizing,21720566.0,CD,A,47
1H7M,K46A,1.577437859,5.4,328.15,Urea,destabilizing,21720566.0,CD,A,47
1H7M,K46A,1.816443595,5.4,338.15,Urea,destabilizing,21720566.0,CD,A,47
1H7M,K46A,1.816443595,5.4,348.15,Urea,destabilizing,21720566.0,CD,A,47
1H7M,K46M,0.908221797,5.4,298.15,Urea,destabilizing,21720566.0,CD,A,47
1H7M,K46M,1.051625239,5.4,308.15,Urea,destabilizing,21720566.0,CD,A,47
1H7M,K46M,0.979923518,5.4,318.15,Urea,destabilizing,21720566.0,CD,A,47
1H7M,K46M,1.075525813,5.4,328.15,Urea,destabilizing,21720566.0,CD,A,47
1H7M,K46M,1.003824092,5.4,338.15,Urea,destabilizing,21720566.0,CD,A,47
1H7M,K46M,0.8365200759999999,5.4,348.15,Urea,destabilizing,21720566.0,CD,A,47
1H7M,R92A,0.239005736,5.4,298.15,Urea,destabilizing,21720566.0,CD,A,93
1H7M,R92A,0.334608031,5.4,308.15,Urea,destabilizing,21720566.0,CD,A,93
1H7M,R92A,0.26290631,5.4,318.15,Urea,destabilizing,21720566.0,CD,A,93
1H7M,R92A,-0.0,5.4,328.15,Urea,stabilizing,21720566.0,CD,A,93
1H7M,R92A,0.382409178,5.4,338.15,Urea,destabilizing,21720566.0,CD,A,93
1H7M,R92A,0.430210325,5.4,348.15,Urea,destabilizing,21720566.0,CD,A,93
1H7M,R92M,-0.071701721,5.4,298.15,Urea,stabilizing,21720566.0,CD,A,93
1H7M,R92M,-0.095602294,5.4,308.15,Urea,stabilizing,21720566.0,CD,A,93
1H7M,R92M,-0.071701721,5.4,318.15,Urea,stabilizing,21720566.0,CD,A,93
1H7M,R92M,-0.119502868,5.4,328.15,Urea,stabilizing,21720566.0,CD,A,93
1H7M,R92M,0.143403442,5.4,338.15,Urea,destabilizing,21720566.0,CD,A,93
1H7M,R92M,0.310707457,5.4,348.15,Urea,destabilizing,21720566.0,CD,A,93
2LCP,W103F,-0.65,7.2,310.15,GdnHCl,stabilizing,22227393.0,Fluorescence,A,102
2LCP,R102Q,-0.58,7.2,310.15,GdnHCl,stabilizing,22227393.0,Fluorescence,A,101
2LCP,W30F,0.48,7.2,310.15,GdnHCl,destabilizing,22227393.0,Fluorescence,A,29
1QQV,L61G,3.31,7.0,293.15,Urea,destabilizing,22467489.0,CD,A,51
3FIL,L37N,1.266730402,7.0,298.15,GdnHCl,destabilizing,22509974.0,Fluorescence,A,35
1RTB,D83A,0.4780114720000001,8.0,337.15,Thermal,destabilizing,22594773.0,CD,A,82
1RTB,D83E,-1.935946463,8.0,337.15,Thermal,stabilizing,22594773.0,CD,A,82
1RTB,D83N,-0.095602294,8.0,337.15,Thermal,stabilizing,22594773.0,CD,A,82
1UBQ,A28W,-1.7208413,7.0,303.15,GdnHCl,stabilizing,22683996.0,Fluorescence,A,27
1UBQ,D32W,0.4780114720000001,7.0,303.15,GdnHCl,destabilizing,22683996.0,Fluorescence,A,31
1UBQ,D39W,-1.768642447,7.0,303.15,GdnHCl,stabilizing,22683996.0,Fluorescence,A,38
1UBQ,E16W,-1.45793499,7.0,303.15,GdnHCl,stabilizing,22683996.0,Fluorescence,A,15
1UBQ,E24W,-1.314531549,7.0,303.15,GdnHCl,stabilizing,22683996.0,Fluorescence,A,23
1UBQ,E51W,0.239005736,7.0,303.15,GdnHCl,destabilizing,22683996.0,Fluorescence,A,50
1UBQ,E64W,1.362332696,7.0,303.15,GdnHCl,destabilizing,22683996.0,Fluorescence,A,63
1UBQ,F45W,-0.167304015,7.0,303.15,GdnHCl,stabilizing,22683996.0,Fluorescence,A,44
1UBQ,F4W,0.047801147,7.0,303.15,GdnHCl,destabilizing,22683996.0,Fluorescence,A,3
1UBQ,G35W,2.031548757,7.0,303.15,GdnHCl,destabilizing,22683996.0,Fluorescence,A,34
1UBQ,G53W,-0.549713193,7.0,303.15,GdnHCl,stabilizing,22683996.0,Fluorescence,A,52
1UBQ,H68W,0.812619503,7.0,303.15,GdnHCl,destabilizing,22683996.0,Fluorescence,A,67
1UBQ,K48W,0.932122371,7.0,303.15,GdnHCl,destabilizing,22683996.0,Fluorescence,A,47
1UBQ,L71W,0.26290631,7.0,303.15,GdnHCl,destabilizing,22683996.0,Fluorescence,A,70
1UBQ,L73W,-0.047801147,7.0,303.15,GdnHCl,stabilizing,22683996.0,Fluorescence,A,72
1UBQ,L8W,1.027724665,7.0,303.15,GdnHCl,destabilizing,22683996.0,Fluorescence,A,7
1UBQ,M1W,-2.103250478,7.0,303.15,GdnHCl,stabilizing,22683996.0,Fluorescence,A,0
1UBQ,N60W,0.717017208,7.0,303.15,GdnHCl,destabilizing,22683996.0,Fluorescence,A,59
1UBQ,Q62W,-0.382409178,7.0,303.15,GdnHCl,stabilizing,22683996.0,Fluorescence,A,61
1UBQ,R42W,-0.286806883,7.0,303.15,GdnHCl,stabilizing,22683996.0,Fluorescence,A,41
1UBQ,R54W,-1.051625239,7.0,303.15,GdnHCl,stabilizing,22683996.0,Fluorescence,A,53
1UBQ,S20W,1.195028681,7.0,303.15,GdnHCl,destabilizing,22683996.0,Fluorescence,A,19
1UBQ,S57W,0.023900574,7.0,303.15,GdnHCl,destabilizing,22683996.0,Fluorescence,A,56
1UBQ,T12W,-0.382409178,7.0,303.15,GdnHCl,stabilizing,22683996.0,Fluorescence,A,11
1UBQ,T66W,0.239005736,7.0,303.15,GdnHCl,destabilizing,22683996.0,Fluorescence,A,65
1UBQ,V70W,-0.023900574,7.0,303.15,GdnHCl,stabilizing,22683996.0,Fluorescence,A,69
1UBQ,Y59W,0.573613767,7.0,303.15,GdnHCl,destabilizing,22683996.0,Fluorescence,A,58
1BTL,E48L,-0.08,7.0,308.15,Thermal,stabilizing,23017428.0,CD,A,22
1BTL,G78A,-0.39,7.0,308.15,Thermal,stabilizing,23017428.0,CD,A,52
1BTL,S82H,-0.58,7.0,308.15,Thermal,stabilizing,23017428.0,CD,A,56
1BTL,F60Y,-0.68,7.0,308.15,Thermal,stabilizing,23017428.0,CD,A,34
1BTL,G92D,-1.09,7.0,308.15,Thermal,stabilizing,23017428.0,CD,A,66
1K9Q,D34T,-0.46,7.0,323.15,Thermal,stabilizing,23035249.0,CD,A,29
1K9Q,I33R,0.1,7.0,323.15,Thermal,destabilizing,23035249.0,CD,A,28
1K9Q,L30I,-0.87,7.0,323.15,Thermal,stabilizing,23035249.0,CD,A,25
1K9Q,Q35K,-0.23,7.0,323.15,Thermal,stabilizing,23035249.0,CD,A,30
1K9Q,T36R,0.31,7.0,323.15,Thermal,destabilizing,23035249.0,CD,A,31
1BKS,C81N,2.42,7.8,298.15,Urea,destabilizing,23293932.0,CD,A,80
1BKS,L176N,7.41,7.8,298.15,Urea,destabilizing,23293932.0,CD,A,175
1BKS,L50N,6.28,7.8,298.15,Urea,destabilizing,23293932.0,CD,A,49
1BKS,L99N,4.15,7.8,298.15,Urea,destabilizing,23293932.0,CD,A,98
1RTB,S21P,0.7887189290000001,8.0,323.15,GdnHCl,destabilizing,23395613.0,CD,A,20
1QM0,V209M,-2.700764818,7.0,298.15,GdnHCl,stabilizing,23871665.0,Fluorescence,A,84
1QLP,A70G,-1.39,6.5,327.15,Urea,stabilizing,24090883.0,Fluorescence,A,47
1QLP,F51C,-3.6,6.5,327.15,Urea,stabilizing,24090883.0,Fluorescence,A,28
1QLP,F51L,-1.76,6.5,327.15,Urea,stabilizing,24090883.0,Fluorescence,A,28
1QLP,M358V,-0.63,6.5,327.15,Urea,stabilizing,24090883.0,Fluorescence,A,335
1QLP,M374I,-1.26,6.5,327.15,Urea,stabilizing,24090883.0,Fluorescence,A,351
1QQV,S43A,0.8,7.0,340.15,Urea,destabilizing,24591301.0,CD,A,33
1QQV,T54V,1.1,7.0,340.15,Urea,destabilizing,24591301.0,CD,A,44
1HK0,C41T,1.8,3.0,298.15,Urea,destabilizing,24722670.0,Fluorescence,X,40
1HK0,H22T,-1.4,3.0,298.15,Urea,stabilizing,24722670.0,Fluorescence,X,21
1HK0,L53E,-0.7,3.0,298.15,Urea,stabilizing,24722670.0,Fluorescence,X,52
1HK0,M69F,-1.5,3.0,298.15,Urea,stabilizing,24722670.0,Fluorescence,X,68
1HK0,M69Q,-1.2,3.0,298.15,Urea,stabilizing,24722670.0,Fluorescence,X,68
1HK0,M69W,-0.5,3.0,298.15,Urea,stabilizing,24722670.0,Fluorescence,X,68
1HK0,S130H,1.5,3.0,298.15,Urea,destabilizing,24722670.0,Fluorescence,X,128
1HK0,S130P,0.5,3.0,298.15,Urea,destabilizing,24722670.0,Fluorescence,X,128
1HK0,S130T,1.2,3.0,298.15,Urea,destabilizing,24722670.0,Fluorescence,X,128
5NP8,I47N,3.3,7.4,298.15,Thermal,destabilizing,24838780.0,CD,A,42
5NP8,L89P,4.2,7.4,298.15,Thermal,destabilizing,24838780.0,CD,A,84
5NP8,C316R,5.9,7.4,298.15,Thermal,destabilizing,24838780.0,CD,A,311
5NP8,S320N,5.7,7.4,298.15,Thermal,destabilizing,24838780.0,CD,A,315
5NP8,A354P,4.9,7.4,298.15,Thermal,destabilizing,24838780.0,CD,A,349
2K3K,Y10F,-1.4,7.0,295.15,"GdnHCl, Urea",stabilizing,24988355.0,"CD, Fluorescence",A,9
2K3K,F53Y,-0.5,7.0,295.15,"GdnHCl, Urea",stabilizing,24988355.0,"CD, Fluorescence",A,52
2JOF,P19A,2.820267686,7.0,300.15,Thermal,destabilizing,25184759.0,CD,A,18
2JOF,S14A,1.434034417,7.0,300.15,Thermal,destabilizing,25184759.0,CD,A,13
2JOF,P17A,0.6453154879999999,7.0,300.15,Thermal,destabilizing,25184759.0,CD,A,16
2JOF,P18A,0.239005736,7.0,300.15,Thermal,destabilizing,25184759.0,CD,A,17
2JOF,S14A,1.290630975,7.0,320.15,Thermal,destabilizing,25184759.0,CD,A,13
2JOF,P17A,0.5019120460000001,7.0,320.15,Thermal,destabilizing,25184759.0,CD,A,16
2JOF,P18A,0.358508604,7.0,320.15,Thermal,destabilizing,25184759.0,CD,A,17
5T43,C153S,2.6,7.3,298.15,Urea,destabilizing,25223802.0,CD,A,152
1RX4,L112V,1.7,8.0,298.15,Urea,destabilizing,25252157.0,CD,A,111
1RX4,I61A,1.6,8.0,298.15,Urea,destabilizing,25252157.0,CD,A,60
1RX4,I91A,0.6,8.0,298.15,Urea,destabilizing,25252157.0,CD,A,90
1RX4,L110V,1.0,8.0,298.15,Urea,destabilizing,25252157.0,CD,A,109
1RX4,L156A,2.9,8.0,298.15,Urea,destabilizing,25252157.0,CD,A,155
1RX4,L4A,3.7,8.0,298.15,Urea,destabilizing,25252157.0,CD,A,3
1RX4,L8A,2.1,8.0,298.15,Urea,destabilizing,25252157.0,CD,A,7
1RX4,V136A,0.9,8.0,298.15,Urea,destabilizing,25252157.0,CD,A,135
2AFG,C117A,-0.430210325,7.5,298.15,GdnHCl,stabilizing,25312595.0,Fluorescence,A,107
2AFG,C117S,0.239005736,7.5,298.15,GdnHCl,destabilizing,25312595.0,Fluorescence,A,107
2AFG,C117T,0.310707457,7.5,298.15,GdnHCl,destabilizing,25312595.0,Fluorescence,A,107
2AFG,C117V,-0.0,7.5,298.15,GdnHCl,stabilizing,25312595.0,Fluorescence,A,107
1AG2,E196K,0.191204589,4.0,332.95,Thermal,destabilizing,25416551.0,CD,A,72
1AG2,E196K,0.430210325,5.5,339.85,Thermal,destabilizing,25416551.0,CD,A,72
1AG2,E196K,0.26290631,7.0,339.45,Thermal,destabilizing,25416551.0,CD,A,72
1AG2,F198H,0.8365200759999999,4.0,332.95,Thermal,destabilizing,25416551.0,CD,A,74
1AG2,F198H,1.792543021,5.5,339.85,Thermal,destabilizing,25416551.0,CD,A,74
1AG2,F198H,1.888145315,7.0,339.45,Thermal,destabilizing,25416551.0,CD,A,74
1AG2,H187R,-0.167304015,4.0,332.95,Thermal,stabilizing,25416551.0,CD,A,63
1AG2,H187R,0.740917782,5.5,339.85,Thermal,destabilizing,25416551.0,CD,A,63
1AG2,H187R,0.7648183559999999,7.0,339.45,Thermal,destabilizing,25416551.0,CD,A,63
1AG2,H187Y,-1.003824092,4.0,332.95,Thermal,stabilizing,25416551.0,CD,A,63
1AG2,H187Y,-0.7887189290000001,5.5,339.85,Thermal,stabilizing,25416551.0,CD,A,63
1AG2,H187Y,-0.6453154879999999,7.0,339.45,Thermal,stabilizing,25416551.0,CD,A,63
1AG2,Y155H,-0.0,4.0,332.95,Thermal,stabilizing,25416551.0,CD,A,31
1AG2,Y155H,-0.239005736,5.5,339.85,Thermal,stabilizing,25416551.0,CD,A,31
1AG2,Y155H,-0.4780114720000001,7.0,339.45,Thermal,stabilizing,25416551.0,CD,A,31
2TRX,L94A,0.7,7.0,298.15,GdnHCl,destabilizing,25463044.0,"CD, Fluorescence",A,93
2TRX,L99A,2.3,7.0,298.15,GdnHCl,destabilizing,25463044.0,"CD, Fluorescence",A,98
2TRX,E101G,0.9,7.0,298.15,GdnHCl,destabilizing,25463044.0,"CD, Fluorescence",A,100
2TRX,F102A,3.0,7.0,298.15,GdnHCl,destabilizing,25463044.0,"CD, Fluorescence",A,101
2TRX,L103A,3.9,7.0,298.15,GdnHCl,destabilizing,25463044.0,"CD, Fluorescence",A,102
2TRX,N106A,0.3,7.0,298.15,GdnHCl,destabilizing,25463044.0,"CD, Fluorescence",A,105
2TRX,L107A,2.3,7.0,298.15,GdnHCl,destabilizing,25463044.0,"CD, Fluorescence",A,106
1FTG,E20K,-1.47,7.0,298.15,Urea,stabilizing,25774740.0,Fluorescence,A,18
1FTG,E72K,-1.21,7.0,298.15,Urea,stabilizing,25774740.0,Fluorescence,A,70
1FTG,A142V,-0.56,7.0,298.15,Urea,stabilizing,25774740.0,Fluorescence,A,140
1FTG,D100N,0.06,7.0,298.15,Urea,destabilizing,25774740.0,Fluorescence,A,98
1FTG,D126K,-0.93,7.0,298.15,Urea,stabilizing,25774740.0,Fluorescence,A,124
1FTG,E61K,-0.83,7.0,298.15,Urea,stabilizing,25774740.0,Fluorescence,A,59
1FTG,I59A,-1.05,7.0,298.15,Urea,stabilizing,25774740.0,Fluorescence,A,57
1FTG,I92A,1.39,7.0,298.15,Urea,destabilizing,25774740.0,Fluorescence,A,90
1NMV,W11L,-1.0,7.0,298.15,GdnHCl,destabilizing,25837727.0,CD,A,10
1NMV,W34L,1.19,7.0,298.15,GdnHCl,destabilizing,25837727.0,CD,A,33
1NMV,W73L,0.478,7.0,298.15,GdnHCl,destabilizing,25837727.0,CD,A,72
4Q0M,W301F,-0.95124283,8.0,333.15,GdnCl.,stabilizing,25862541.0,Fluorescence,A,301
4Q0M,W60F,0.910611855,8.0,333.15,GdnCl.,destabilizing,25862541.0,Fluorescence,A,60
3DVF,Q96Y,1.06,7.0,277.15,"Urea,Thermal",destabilizing,26300552.0,"CD, Fluorescence",A,95
3DVF,R65S,0.12,7.0,277.15,"Urea,Thermal",destabilizing,26300552.0,"CD, Fluorescence",A,64
3DVF,H70D,1.45,7.0,277.15,"Urea,Thermal",destabilizing,26300552.0,"CD, Fluorescence",A,69
3DVF,H32Y,2.54,7.0,277.15,"Urea,Thermal",destabilizing,26300552.0,"CD, Fluorescence",A,31
2EWN,G196A,-0.4,7.5,293.15,Unavailable,stabilizing,26678378.0,ITC,A,193
2EWN,E140A,0.2,7.5,293.15,Unavailable,destabilizing,26678378.0,ITC,A,137
2EWN,G281A,0.2,7.5,293.15,Unavailable,destabilizing,26678378.0,ITC,A,278
2EWN,P143A,0.3,7.5,293.15,Unavailable,destabilizing,26678378.0,ITC,A,140
2EWN,D197A,0.3,7.5,293.15,Unavailable,destabilizing,26678378.0,ITC,A,194
2EWN,I280A,0.3,7.5,293.15,Unavailable,destabilizing,26678378.0,ITC,A,277
2EWN,K283A,0.3,7.5,293.15,Unavailable,destabilizing,26678378.0,ITC,A,280
2EWN,T195A,0.4,7.5,293.15,Unavailable,destabilizing,26678378.0,ITC,A,192
2EWN,G142A,2.95,7.5,293.15,Unavailable,destabilizing,26678378.0,ITC,A,139
4GWT,K6M,-0.0846177,7.0,313.15,Thermal,stabilizing,26880334.0,Fluorescence,A,0
4GWT,K13V,-0.219836,7.0,313.15,Thermal,stabilizing,26880334.0,Fluorescence,A,7
4GWT,K13Y,0.667734,7.0,313.15,Thermal,destabilizing,26880334.0,Fluorescence,A,7
4GWT,R14L,0.916212,7.0,313.15,Thermal,destabilizing,26880334.0,Fluorescence,A,8
4GWT,R21H,0.7392340000000001,7.0,313.15,Thermal,destabilizing,26880334.0,Fluorescence,A,15
4GWT,S38T,0.128027,7.0,313.15,Thermal,destabilizing,26880334.0,Fluorescence,A,32
1G6P,L40A,3.874282983,7.4,296.15,GdnHCl,destabilizing,27338140.0,Fluorescence,A,39
1G6P,V62A,2.908699809,7.4,296.15,GdnHCl,destabilizing,27338140.0,Fluorescence,A,61
1FKJ,D32N,-0.08,6.5,294.65,Urea,stabilizing,27381026.0,"CD, Fluorescence",A,31
1FKJ,D37S,0.44,6.5,294.65,Urea,destabilizing,27381026.0,"CD, Fluorescence",A,36
1FKJ,E31Q,-0.03,6.5,294.65,Urea,stabilizing,27381026.0,"CD, Fluorescence",A,30
1FKJ,H94N,-0.66,6.5,294.65,Urea,stabilizing,27381026.0,"CD, Fluorescence",A,93
1FKJ,K105N,-0.14,6.5,294.65,Urea,stabilizing,27381026.0,"CD, Fluorescence",A,104
1FKJ,K17D,1.91,6.5,294.65,Urea,destabilizing,27381026.0,"CD, Fluorescence",A,16
1FKJ,K44E,-0.13,6.5,294.65,Urea,stabilizing,27381026.0,"CD, Fluorescence",A,43
1FKJ,M49R,-0.14,6.5,294.65,Urea,stabilizing,27381026.0,"CD, Fluorescence",A,48
1FKJ,Q3E,0.34,6.5,294.65,Urea,destabilizing,27381026.0,"CD, Fluorescence",A,2
1FKJ,Q70D,2.67,6.5,294.65,Urea,destabilizing,27381026.0,"CD, Fluorescence",A,69
1FKJ,R18K,-0.2,6.5,294.65,Urea,stabilizing,27381026.0,"CD, Fluorescence",A,17
1FKJ,R42A,0.64,6.5,294.65,Urea,destabilizing,27381026.0,"CD, Fluorescence",A,41
1FKJ,R57K,0.3,6.5,294.65,Urea,destabilizing,27381026.0,"CD, Fluorescence",A,56
1FKJ,S67E,1.55,6.5,294.65,Urea,destabilizing,27381026.0,"CD, Fluorescence",A,66
1FKJ,T21K,1.27,6.5,294.65,Urea,destabilizing,27381026.0,"CD, Fluorescence",A,20
1FKJ,T96D,2.92,6.5,294.65,Urea,destabilizing,27381026.0,"CD, Fluorescence",A,95
4HE7,A19D,0.24,7.6,298.15,Urea,destabilizing,27616457.0,Fluorescence,A,17
4HE7,A19K,0.46,7.6,298.15,Urea,destabilizing,27616457.0,Fluorescence,A,17
4HE7,A19G,-0.06,7.6,298.15,Urea,stabilizing,27616457.0,Fluorescence,A,17
2LSB,Q212P,1.23,7.0,298.15,GdnHCl,destabilizing,27649893.0,CD,A,122
2LSB,D178N,0.38,7.0,298.15,GdnHCl,destabilizing,27649893.0,CD,A,88
2LSB,P105L,0.2,7.0,298.15,GdnHCl,destabilizing,27649893.0,CD,A,15
2LSB,V203I,-0.06,7.0,298.15,GdnHCl,stabilizing,27649893.0,CD,A,113
1QGD,D143K,6.384,7.0,295.15,Thermal,destabilizing,28145457.0,Enzyme Activity,A,141
1QGD,H192P,0.537,7.0,295.15,Thermal,destabilizing,28145457.0,Enzyme Activity,A,190
2IN9,V67L,-2.5,7.0,298.15,GdnHCl,stabilizing,28488863.0,Fluorescence,A,66
1HRC,L94V,2.07,6.0,298.15,GdmCl,destabilizing,28851624.0,"CD, Optical Probes",A,93
1HRC,L94I,1.68,6.0,298.15,GdmCl,destabilizing,28851624.0,"CD, Optical Probes",A,93
3ZCF,Y48H,5.56,6.5,288.15,GdmCl,destabilizing,29083920.0,CD (Far-UV),A,47
3ZCF,G41S,3.9,6.5,288.15,GdmCl,destabilizing,29083920.0,CD (Far-UV),A,40
1WPQ,Q295N,2.7,7.5,298.15,Activity,destabilizing,29337541.0,Enzyme Activity,A,293
1WPQ,Q295A,1.7,7.5,298.15,Activity,destabilizing,29337541.0,Enzyme Activity,A,293
1WPQ,Q295S,0.6,7.5,298.15,Activity,destabilizing,29337541.0,Enzyme Activity,A,293
1WPQ,Q295G,0.4,7.5,298.15,Activity,destabilizing,29337541.0,Enzyme Activity,A,293
4NC0,T54R,-0.2,7.4,303.15,Thermal,destabilizing,29396522.0,DSF,A,35
4NC0,T54W,0.37,7.4,303.15,Thermal,destabilizing,29396522.0,DSF,A,35
4NC0,T54Y,0.43,7.4,303.15,Thermal,destabilizing,29396522.0,DSF,A,35
4NC0,S53R,1.45,7.4,303.15,Thermal,destabilizing,29396522.0,DSF,A,34
5TR5,P37L,0.28708134,7.0,278.15,Urea,destabilizing,29530980.0,CD,A,36
5TR5,G12R,0.311004785,7.0,278.15,Urea,destabilizing,29530980.0,CD,A,11
5TR5,R33Q,0.645933014,7.0,278.15,Urea,destabilizing,29530980.0,CD,A,32
5TR5,T55I,-0.23923445,7.0,278.15,Urea,stabilizing,29530980.0,CD,A,54
5TR5,I44A,1.148325359,7.0,278.15,Urea,destabilizing,29530980.0,CD,A,43
3FFN,D187N,0.9,7.0,298.15,GdnCl,destabilizing,29637772.0,Fluorescence,A,164
1WPQ,R269A,-9.1,7.5,298.15,GdnHCL,stabilizing,29927590.0,UV,A,267
1WPQ,N270A,-5.6,7.5,298.15,GdnHCL,stabilizing,29927590.0,UV,A,268
1ABZ,L32V,4.6,2.3,298.0,Thermal,destabilizing,29985619.0,CD,A,31
1ABZ,L11V,1.8,2.3,298.0,Thermal,destabilizing,29985619.0,CD,A,10
1ABZ,E15L,0.2,2.3,298.0,Thermal,destabilizing,29985619.0,CD,A,14
1ABZ,E15F,-0.2,2.3,298.0,Thermal,stabilizing,29985619.0,CD,A,14
1ABZ,E35L,-0.8,2.3,298.0,Thermal,stabilizing,29985619.0,CD,A,34
2JHO,L115A,-0.87,4.2,284.15,Urea,stabilizing,30133301.0,"CD, Fluorescence",A,114
2JHO,L135A,-0.84,4.2,284.15,Urea,stabilizing,30133301.0,"CD, Fluorescence",A,134
2JHO,I111A,-0.76,4.2,284.15,Urea,stabilizing,30133301.0,"CD, Fluorescence",A,110
2JHO,M131A,-0.73,4.2,284.15,Urea,stabilizing,30133301.0,"CD, Fluorescence",A,130
2JHO,F33A,-0.65,4.2,284.15,Urea,stabilizing,30133301.0,"CD, Fluorescence",A,32
2JHO,V10A,-0.39,4.2,284.15,Urea,stabilizing,30133301.0,"CD, Fluorescence",A,9
2JHO,V17A,-0.19,4.2,284.15,Urea,stabilizing,30133301.0,"CD, Fluorescence",A,16
2JHO,L76A,-0.01,4.2,284.15,Urea,stabilizing,30133301.0,"CD, Fluorescence",A,75
2JHO,I28A,0.02,4.2,284.15,Urea,destabilizing,30133301.0,"CD, Fluorescence",A,27
2JHO,F46A,0.31,4.2,284.15,Urea,destabilizing,30133301.0,"CD, Fluorescence",A,45
2JHO,M55A,0.33,4.2,284.15,Urea,destabilizing,30133301.0,"CD, Fluorescence",A,54
2JHO,L69A,0.35,4.2,284.15,Urea,destabilizing,30133301.0,"CD, Fluorescence",A,68
6DS9,E41Q,-0.2,8.5,298.15,GdnHCl,stabilizing,30226758.0,MCD,A,39
3GDL,S154A,5.8,7.1,298.15,Activity,destabilizing,30475611.0,Enzyme Activity,A,149
3GDL,R235A,5.6,7.1,298.15,Activity,destabilizing,30475611.0,Enzyme Activity,A,230
3GDL,Y217F,2.4,7.1,298.15,Activity,destabilizing,30475611.0,Enzyme Activity,A,212
3GDL,Q215A,2.2,7.1,298.15,Activity,destabilizing,30475611.0,Enzyme Activity,A,210
1SS8,K4E,1.4,7.5,298.15,Urea,destabilizing,30661519.0,CD,A,2
1SS8,D523K,1.1,7.5,298.15,Urea,destabilizing,30661519.0,CD,A,521
1SS8,D473C,0.1,7.5,298.15,Urea,destabilizing,30661519.0,CD,A,471
1PGA,M01A,-0.14,6.5,310.15,GdnHCl,stabilizing,31371509.0,Fluorescence,A,0
1PGA,M01D,-0.38,6.5,310.15,GdnHCl,stabilizing,31371509.0,Fluorescence,A,0
1PGA,M01E,-0.64,6.5,310.15,GdnHCl,stabilizing,31371509.0,Fluorescence,A,0
1PGA,M01F,-1.14,6.5,310.15,GdnHCl,stabilizing,31371509.0,Fluorescence,A,0
1PGA,M01G,-0.3,6.5,310.15,GdnHCl,stabilizing,31371509.0,Fluorescence,A,0
1PGA,M01H,-0.67,6.5,310.15,GdnHCl,stabilizing,31371509.0,Fluorescence,A,0
1PGA,M01I,-0.43,6.5,310.15,GdnHCl,stabilizing,31371509.0,Fluorescence,A,0
1PGA,M01K,-0.27,6.5,310.15,GdnHCl,stabilizing,31371509.0,Fluorescence,A,0
1PGA,M01L,-0.46,6.5,310.15,GdnHCl,stabilizing,31371509.0,Fluorescence,A,0
1PGA,T02A,0.47,6.5,310.15,GdnHCl,destabilizing,31371509.0,Fluorescence,A,1
1PGA,T02D,0.55,6.5,310.15,GdnHCl,destabilizing,31371509.0,Fluorescence,A,1
1PGA,T02E,-0.13,6.5,310.15,GdnHCl,stabilizing,31371509.0,Fluorescence,A,1
1PGA,T02F,-0.3,6.5,310.15,GdnHCl,stabilizing,31371509.0,Fluorescence,A,1
1PGA,T02G,0.67,6.5,310.15,GdnHCl,destabilizing,31371509.0,Fluorescence,A,1
1PGA,T02H,0.13,6.5,310.15,GdnHCl,destabilizing,31371509.0,Fluorescence,A,1
1PGA,T02I,-1.0,6.5,310.15,GdnHCl,stabilizing,31371509.0,Fluorescence,A,1
1PGA,T02K,-0.31,6.5,310.15,GdnHCl,stabilizing,31371509.0,Fluorescence,A,1
1PGA,T02L,-0.54,6.5,310.15,GdnHCl,stabilizing,31371509.0,Fluorescence,A,1
1PGA,T02M,-1.0,6.5,310.15,GdnHCl,stabilizing,31371509.0,Fluorescence,A,1
1PGA,T02N,0.14,6.5,310.15,GdnHCl,destabilizing,31371509.0,Fluorescence,A,1
1PGA,T02P,0.27,6.5,310.15,GdnHCl,destabilizing,31371509.0,Fluorescence,A,1
1PGA,T02R,-0.09,6.5,310.15,GdnHCl,stabilizing,31371509.0,Fluorescence,A,1
1PGA,T02S,-0.06,6.5,310.15,GdnHCl,stabilizing,31371509.0,Fluorescence,A,1
1PGA,Y03A,4.0,6.5,310.15,GdnHCl,destabilizing,31371509.0,Fluorescence,A,2
1PGA,Y03D,4.0,6.5,310.15,GdnHCl,destabilizing,31371509.0,Fluorescence,A,2
1PGA,Y03E,4.0,6.5,310.15,GdnHCl,destabilizing,31371509.0,Fluorescence,A,2
1PGA,Y03F,-0.55,6.5,310.15,GdnHCl,stabilizing,31371509.0,Fluorescence,A,2
1PGA,Y03G,1.44,6.5,310.15,GdnHCl,destabilizing,31371509.0,Fluorescence,A,2
1PGA,Y03H,4.0,6.5,310.15,GdnHCl,destabilizing,31371509.0,Fluorescence,A,2
1PGA,Y03I,3.29,6.5,310.15,GdnHCl,destabilizing,31371509.0,Fluorescence,A,2
1PGA,Y03K,-0.88,6.5,310.15,GdnHCl,stabilizing,31371509.0,Fluorescence,A,2
1PGA,Y03L,3.31,6.5,310.15,GdnHCl,destabilizing,31371509.0,Fluorescence,A,2
1PGA,Y03M,2.6,6.5,310.15,GdnHCl,destabilizing,31371509.0,Fluorescence,A,2
1PGA,Y03N,4.0,6.5,310.15,GdnHCl,destabilizing,31371509.0,Fluorescence,A,2
1PGA,Y03P,4.0,6.5,310.15,GdnHCl,destabilizing,31371509.0,Fluorescence,A,2
1PGA,Y03Q,4.0,6.5,310.15,GdnHCl,destabilizing,31371509.0,Fluorescence,A,2
1PGA,Y03R,1.22,6.5,310.15,GdnHCl,destabilizing,31371509.0,Fluorescence,A,2
1PGA,Y03S,4.0,6.5,310.15,GdnHCl,destabilizing,31371509.0,Fluorescence,A,2
1PGA,Y03T,4.0,6.5,310.15,GdnHCl,destabilizing,31371509.0,Fluorescence,A,2
1PGA,Y03V,4.0,6.5,310.15,GdnHCl,destabilizing,31371509.0,Fluorescence,A,2
1PGA,K04A,0.34,6.5,310.15,GdnHCl,destabilizing,31371509.0,Fluorescence,A,3
1PGA,K04D,2.05,6.5,310.15,GdnHCl,destabilizing,31371509.0,Fluorescence,A,3
1PGA,K04E,1.36,6.5,310.15,GdnHCl,destabilizing,31371509.0,Fluorescence,A,3
1PGA,K04F,-1.04,6.5,310.15,GdnHCl,stabilizing,31371509.0,Fluorescence,A,3
1PGA,K04G,1.23,6.5,310.15,GdnHCl,destabilizing,31371509.0,Fluorescence,A,3
1PGA,K04H,-0.74,6.5,310.15,GdnHCl,stabilizing,31371509.0,Fluorescence,A,3
1PGA,K04I,-1.08,6.5,310.15,GdnHCl,stabilizing,31371509.0,Fluorescence,A,3
1PGA,L05A,2.01,6.5,310.15,GdnHCl,destabilizing,31371509.0,Fluorescence,A,4
1PGA,L05D,4.0,6.5,310.15,GdnHCl,destabilizing,31371509.0,Fluorescence,A,4
1PGA,L05E,4.0,6.5,310.15,GdnHCl,destabilizing,31371509.0,Fluorescence,A,4
1PGA,L05F,0.47,6.5,310.15,GdnHCl,destabilizing,31371509.0,Fluorescence,A,4
1PGA,L05G,4.0,6.5,310.15,GdnHCl,destabilizing,31371509.0,Fluorescence,A,4
1PGA,L05H,4.0,6.5,310.15,GdnHCl,destabilizing,31371509.0,Fluorescence,A,4
1PGA,L05I,1.34,6.5,310.15,GdnHCl,destabilizing,31371509.0,Fluorescence,A,4
1PGA,L05K,4.0,6.5,310.15,GdnHCl,destabilizing,31371509.0,Fluorescence,A,4
1PGA,I06A,1.25,6.5,310.15,GdnHCl,destabilizing,31371509.0,Fluorescence,A,5
1PGA,I06D,1.97,6.5,310.15,GdnHCl,destabilizing,31371509.0,Fluorescence,A,5
1PGA,I06E,1.03,6.5,310.15,GdnHCl,destabilizing,31371509.0,Fluorescence,A,5
1PGA,I06F,0.1,6.5,310.15,GdnHCl,destabilizing,31371509.0,Fluorescence,A,5
1PGA,I06G,3.08,6.5,310.15,GdnHCl,destabilizing,31371509.0,Fluorescence,A,5
1PGA,I06H,1.06,6.5,310.15,GdnHCl,destabilizing,31371509.0,Fluorescence,A,5
1PGA,L07A,1.4,6.5,310.15,GdnHCl,destabilizing,31371509.0,Fluorescence,A,6
1PGA,L07D,3.11,6.5,310.15,GdnHCl,destabilizing,31371509.0,Fluorescence,A,6
1PGA,L07E,2.79,6.5,310.15,GdnHCl,destabilizing,31371509.0,Fluorescence,A,6
1PGA,L07F,-0.26,6.5,310.15,GdnHCl,stabilizing,31371509.0,Fluorescence,A,6
1PGA,L07G,4.0,6.5,310.15,GdnHCl,destabilizing,31371509.0,Fluorescence,A,6
1PGA,L07H,1.59,6.5,310.15,GdnHCl,destabilizing,31371509.0,Fluorescence,A,6
1PGA,L7I,-0.97,6.5,310.15,GdnHCl,stabilizing,31371509.0,Fluorescence,A,6
1PGA,L07K,2.76,6.5,310.15,GdnHCl,destabilizing,31371509.0,Fluorescence,A,6
1PGA,N08A,0.28,6.5,310.15,GdnHCl,destabilizing,31371509.0,Fluorescence,A,7
1PGA,N08D,-0.19,6.5,310.15,GdnHCl,stabilizing,31371509.0,Fluorescence,A,7
1PGA,N08E,0.01,6.5,310.15,GdnHCl,destabilizing,31371509.0,Fluorescence,A,7
1PGA,N08F,-0.35,6.5,310.15,GdnHCl,stabilizing,31371509.0,Fluorescence,A,7
1PGA,N08G,0.85,6.5,310.15,GdnHCl,destabilizing,31371509.0,Fluorescence,A,7
1PGA,N08H,-0.24,6.5,310.15,GdnHCl,stabilizing,31371509.0,Fluorescence,A,7
1PGA,N08I,-0.56,6.5,310.15,GdnHCl,stabilizing,31371509.0,Fluorescence,A,7
1PGA,N08K,-0.45,6.5,310.15,GdnHCl,stabilizing,31371509.0,Fluorescence,A,7
1PGA,N08L,-0.95,6.5,310.15,GdnHCl,stabilizing,31371509.0,Fluorescence,A,7
1PGA,N08M,-0.37,6.5,310.15,GdnHCl,stabilizing,31371509.0,Fluorescence,A,7
1PGA,G09A,0.25,6.5,310.15,GdnHCl,destabilizing,31371509.0,Fluorescence,A,8
1PGA,G09D,2.5,6.5,310.15,GdnHCl,destabilizing,31371509.0,Fluorescence,A,8
1PGA,G09E,2.0,6.5,310.15,GdnHCl,destabilizing,31371509.0,Fluorescence,A,8
1PGA,G09F,-0.0,6.5,310.15,GdnHCl,stabilizing,31371509.0,Fluorescence,A,8
1PGA,K10A,-0.22,6.5,310.15,GdnHCl,stabilizing,31371509.0,Fluorescence,A,9
1PGA,K10D,0.5,6.5,310.15,GdnHCl,destabilizing,31371509.0,Fluorescence,A,9
1PGA,K10E,-0.55,6.5,310.15,GdnHCl,stabilizing,31371509.0,Fluorescence,A,9
1PGA,K10F,-0.22,6.5,310.15,GdnHCl,stabilizing,31371509.0,Fluorescence,A,9
1PGA,K10G,0.35,6.5,310.15,GdnHCl,destabilizing,31371509.0,Fluorescence,A,9
1PGA,K10H,-0.15,6.5,310.15,GdnHCl,stabilizing,31371509.0,Fluorescence,A,9
1PGA,K10I,-0.56,6.5,310.15,GdnHCl,stabilizing,31371509.0,Fluorescence,A,9
1PGA,T11A,-0.24,6.5,310.15,GdnHCl,stabilizing,31371509.0,Fluorescence,A,10
1PGA,T11D,-0.46,6.5,310.15,GdnHCl,stabilizing,31371509.0,Fluorescence,A,10
1PGA,T11E,-0.46,6.5,310.15,GdnHCl,stabilizing,31371509.0,Fluorescence,A,10
1PGA,T11F,-0.76,6.5,310.15,GdnHCl,stabilizing,31371509.0,Fluorescence,A,10
1PGA,T11G,0.01,6.5,310.15,GdnHCl,destabilizing,31371509.0,Fluorescence,A,10
1PGA,T11H,-0.42,6.5,310.15,GdnHCl,stabilizing,31371509.0,Fluorescence,A,10
1PGA,T11I,-0.56,6.5,310.15,GdnHCl,stabilizing,31371509.0,Fluorescence,A,10
1PGA,T11K,-0.35,6.5,310.15,GdnHCl,stabilizing,31371509.0,Fluorescence,A,10
1PGA,T11L,-0.38,6.5,310.15,GdnHCl,stabilizing,31371509.0,Fluorescence,A,10
1PGA,T11M,-0.39,6.5,310.15,GdnHCl,stabilizing,31371509.0,Fluorescence,A,10
1PGA,T11N,-0.17,6.5,310.15,GdnHCl,stabilizing,31371509.0,Fluorescence,A,10
1PGA,T11P,1.03,6.5,310.15,GdnHCl,destabilizing,31371509.0,Fluorescence,A,10
1PGA,T11Q,-0.59,6.5,310.15,GdnHCl,stabilizing,31371509.0,Fluorescence,A,10
1PGA,T11R,-0.39,6.5,310.15,GdnHCl,stabilizing,31371509.0,Fluorescence,A,10
1PGA,T11S,-0.3,6.5,310.15,GdnHCl,stabilizing,31371509.0,Fluorescence,A,10
1PGA,L12A,0.28,6.5,310.15,GdnHCl,destabilizing,31371509.0,Fluorescence,A,11
1PGA,L12D,0.68,6.5,310.15,GdnHCl,destabilizing,31371509.0,Fluorescence,A,11
1PGA,L12E,0.25,6.5,310.15,GdnHCl,destabilizing,31371509.0,Fluorescence,A,11
1PGA,L12F,-1.26,6.5,310.15,GdnHCl,stabilizing,31371509.0,Fluorescence,A,11
1PGA,L12G,0.28,6.5,310.15,GdnHCl,destabilizing,31371509.0,Fluorescence,A,11
1PGA,L12H,-0.28,6.5,310.15,GdnHCl,stabilizing,31371509.0,Fluorescence,A,11
1PGA,L12I,-0.99,6.5,310.15,GdnHCl,stabilizing,31371509.0,Fluorescence,A,11
1PGA,L12K,-0.6,6.5,310.15,GdnHCl,stabilizing,31371509.0,Fluorescence,A,11
1PGA,K13A,-0.21,6.5,310.15,GdnHCl,stabilizing,31371509.0,Fluorescence,A,12
1PGA,K13D,0.45,6.5,310.15,GdnHCl,destabilizing,31371509.0,Fluorescence,A,12
1PGA,K13E,-0.02,6.5,310.15,GdnHCl,stabilizing,31371509.0,Fluorescence,A,12
1PGA,K13F,-0.64,6.5,310.15,GdnHCl,stabilizing,31371509.0,Fluorescence,A,12
1PGA,K13G,0.35,6.5,310.15,GdnHCl,destabilizing,31371509.0,Fluorescence,A,12
1PGA,K13H,-0.45,6.5,310.15,GdnHCl,stabilizing,31371509.0,Fluorescence,A,12
1PGA,K13I,-0.23,6.5,310.15,GdnHCl,stabilizing,31371509.0,Fluorescence,A,12
1PGA,G14A,-0.51,6.5,310.15,GdnHCl,stabilizing,31371509.0,Fluorescence,A,13
1PGA,G14D,-0.1,6.5,310.15,GdnHCl,stabilizing,31371509.0,Fluorescence,A,13
1PGA,G14E,-0.53,6.5,310.15,GdnHCl,stabilizing,31371509.0,Fluorescence,A,13
1PGA,G14F,-0.67,6.5,310.15,GdnHCl,stabilizing,31371509.0,Fluorescence,A,13
1PGA,E15A,-0.42,6.5,310.15,GdnHCl,stabilizing,31371509.0,Fluorescence,A,14
1PGA,E15D,0.19,6.5,310.15,GdnHCl,destabilizing,31371509.0,Fluorescence,A,14
1PGA,T16A,-0.26,6.5,310.15,GdnHCl,stabilizing,31371509.0,Fluorescence,A,15
1PGA,T16D,1.04,6.5,310.15,GdnHCl,destabilizing,31371509.0,Fluorescence,A,15
1PGA,T16E,0.23,6.5,310.15,GdnHCl,destabilizing,31371509.0,Fluorescence,A,15
1PGA,T16G,-1.85,6.5,310.15,GdnHCl,stabilizing,31371509.0,Fluorescence,A,15
1PGA,T16H,1.21,6.5,310.15,GdnHCl,destabilizing,31371509.0,Fluorescence,A,15
1PGA,T16I,-0.51,6.5,310.15,GdnHCl,stabilizing,31371509.0,Fluorescence,A,15
1PGA,T16K,-1.01,6.5,310.15,GdnHCl,stabilizing,31371509.0,Fluorescence,A,15
1PGA,T16L,-0.32,6.5,310.15,GdnHCl,stabilizing,31371509.0,Fluorescence,A,15
1PGA,T16M,-0.97,6.5,310.15,GdnHCl,stabilizing,31371509.0,Fluorescence,A,15
1PGA,T16N,-0.7,6.5,310.15,GdnHCl,stabilizing,31371509.0,Fluorescence,A,15
1PGA,T16P,0.14,6.5,310.15,GdnHCl,destabilizing,31371509.0,Fluorescence,A,15
1PGA,T16Q,1.99,6.5,310.15,GdnHCl,destabilizing,31371509.0,Fluorescence,A,15
1PGA,T16R,-0.33,6.5,310.15,GdnHCl,stabilizing,31371509.0,Fluorescence,A,15
1PGA,T16S,-0.55,6.5,310.15,GdnHCl,stabilizing,31371509.0,Fluorescence,A,15
1PGA,T17D,0.21,6.5,310.15,GdnHCl,destabilizing,31371509.0,Fluorescence,A,16
1PGA,T17E,0.32,6.5,310.15,GdnHCl,destabilizing,31371509.0,Fluorescence,A,16
1PGA,T17F,-0.33,6.5,310.15,GdnHCl,stabilizing,31371509.0,Fluorescence,A,16
1PGA,T17G,-0.68,6.5,310.15,GdnHCl,stabilizing,31371509.0,Fluorescence,A,16
1PGA,T17H,1.05,6.5,310.15,GdnHCl,destabilizing,31371509.0,Fluorescence,A,16
1PGA,T17I,0.05,6.5,310.15,GdnHCl,destabilizing,31371509.0,Fluorescence,A,16
1PGA,T17K,-0.06,6.5,310.15,GdnHCl,stabilizing,31371509.0,Fluorescence,A,16
1PGA,T17L,0.08,6.5,310.15,GdnHCl,destabilizing,31371509.0,Fluorescence,A,16
1PGA,T17M,0.07,6.5,310.15,GdnHCl,destabilizing,31371509.0,Fluorescence,A,16
1PGA,T17N,-0.06,6.5,310.15,GdnHCl,stabilizing,31371509.0,Fluorescence,A,16
1PGA,T17P,0.13,6.5,310.15,GdnHCl,destabilizing,31371509.0,Fluorescence,A,16
1PGA,T17Q,2.08,6.5,310.15,GdnHCl,destabilizing,31371509.0,Fluorescence,A,16
1PGA,T17R,-0.28,6.5,310.15,GdnHCl,stabilizing,31371509.0,Fluorescence,A,16
1PGA,T17S,-0.21,6.5,310.15,GdnHCl,stabilizing,31371509.0,Fluorescence,A,16
1PGA,T17A,-0.39,6.5,310.15,GdnHCl,stabilizing,31371509.0,Fluorescence,A,16
1PGA,T18D,-0.22,6.5,310.15,GdnHCl,stabilizing,31371509.0,Fluorescence,A,17
1PGA,T18E,1.79,6.5,310.15,GdnHCl,destabilizing,31371509.0,Fluorescence,A,17
1PGA,T18F,0.67,6.5,310.15,GdnHCl,destabilizing,31371509.0,Fluorescence,A,17
1PGA,T18G,-0.56,6.5,310.15,GdnHCl,stabilizing,31371509.0,Fluorescence,A,17
1PGA,T18H,1.74,6.5,310.15,GdnHCl,destabilizing,31371509.0,Fluorescence,A,17
1PGA,T18I,0.42,6.5,310.15,GdnHCl,destabilizing,31371509.0,Fluorescence,A,17
1PGA,T18K,-0.84,6.5,310.15,GdnHCl,stabilizing,31371509.0,Fluorescence,A,17
1PGA,T18L,0.95,6.5,310.15,GdnHCl,destabilizing,31371509.0,Fluorescence,A,17
1PGA,T18M,-0.8,6.5,310.15,GdnHCl,stabilizing,31371509.0,Fluorescence,A,17
1PGA,T18N,-0.62,6.5,310.15,GdnHCl,stabilizing,31371509.0,Fluorescence,A,17
1PGA,T18P,0.87,6.5,310.15,GdnHCl,destabilizing,31371509.0,Fluorescence,A,17
1PGA,T18Q,4.0,6.5,310.15,GdnHCl,destabilizing,31371509.0,Fluorescence,A,17
1PGA,T18R,0.59,6.5,310.15,GdnHCl,destabilizing,31371509.0,Fluorescence,A,17
1PGA,T18S,0.44,6.5,310.15,GdnHCl,destabilizing,31371509.0,Fluorescence,A,17
1PGA,T18A,0.78,6.5,310.15,GdnHCl,destabilizing,31371509.0,Fluorescence,A,17
1PGA,E19D,-0.05,6.5,310.15,GdnHCl,stabilizing,31371509.0,Fluorescence,A,18
1PGA,V21D,-0.42,6.5,310.15,GdnHCl,stabilizing,31371509.0,Fluorescence,A,20
1PGA,V21E,-0.46,6.5,310.15,GdnHCl,stabilizing,31371509.0,Fluorescence,A,20
1PGA,V21F,-0.76,6.5,310.15,GdnHCl,stabilizing,31371509.0,Fluorescence,A,20
1PGA,V21G,-1.1,6.5,310.15,GdnHCl,stabilizing,31371509.0,Fluorescence,A,20
1PGA,V21H,-0.19,6.5,310.15,GdnHCl,stabilizing,31371509.0,Fluorescence,A,20
1PGA,V21I,-0.19,6.5,310.15,GdnHCl,stabilizing,31371509.0,Fluorescence,A,20
1PGA,V21K,-0.54,6.5,310.15,GdnHCl,stabilizing,31371509.0,Fluorescence,A,20
1PGA,V21L,-0.54,6.5,310.15,GdnHCl,stabilizing,31371509.0,Fluorescence,A,20
1PGA,V21M,-0.41,6.5,310.15,GdnHCl,stabilizing,31371509.0,Fluorescence,A,20
1PGA,V21N,-0.52,6.5,310.15,GdnHCl,stabilizing,31371509.0,Fluorescence,A,20
1PGA,V21P,-0.5,6.5,310.15,GdnHCl,stabilizing,31371509.0,Fluorescence,A,20
1PGA,V21Q,-0.83,6.5,310.15,GdnHCl,stabilizing,31371509.0,Fluorescence,A,20
1PGA,V21R,-0.27,6.5,310.15,GdnHCl,stabilizing,31371509.0,Fluorescence,A,20
1PGA,V21S,-0.51,6.5,310.15,GdnHCl,stabilizing,31371509.0,Fluorescence,A,20
1PGA,V21T,-0.44,6.5,310.15,GdnHCl,stabilizing,31371509.0,Fluorescence,A,20
1PGA,T25D,-0.85,6.5,310.15,GdnHCl,stabilizing,31371509.0,Fluorescence,A,24
1PGA,T25E,-0.23,6.5,310.15,GdnHCl,stabilizing,31371509.0,Fluorescence,A,24
1PGA,T25F,-0.62,6.5,310.15,GdnHCl,stabilizing,31371509.0,Fluorescence,A,24
1PGA,T25G,-0.39,6.5,310.15,GdnHCl,stabilizing,31371509.0,Fluorescence,A,24
1PGA,T25H,-0.17,6.5,310.15,GdnHCl,stabilizing,31371509.0,Fluorescence,A,24
1PGA,T25I,-0.67,6.5,310.15,GdnHCl,stabilizing,31371509.0,Fluorescence,A,24
1PGA,T25K,0.35,6.5,310.15,GdnHCl,destabilizing,31371509.0,Fluorescence,A,24
1PGA,T25L,0.08,6.5,310.15,GdnHCl,destabilizing,31371509.0,Fluorescence,A,24
1PGA,T25M,0.06,6.5,310.15,GdnHCl,destabilizing,31371509.0,Fluorescence,A,24
1PGA,T25N,-0.2,6.5,310.15,GdnHCl,stabilizing,31371509.0,Fluorescence,A,24
1PGA,T25P,-0.02,6.5,310.15,GdnHCl,stabilizing,31371509.0,Fluorescence,A,24
1PGA,T25Q,2.1,6.5,310.15,GdnHCl,destabilizing,31371509.0,Fluorescence,A,24
1PGA,T25R,-0.47,6.5,310.15,GdnHCl,stabilizing,31371509.0,Fluorescence,A,24
1PGA,T25S,-0.03,6.5,310.15,GdnHCl,stabilizing,31371509.0,Fluorescence,A,24
1PGA,E27D,-0.41,6.5,310.15,GdnHCl,stabilizing,31371509.0,Fluorescence,A,26
1PGA,K28D,-0.57,6.5,310.15,GdnHCl,stabilizing,31371509.0,Fluorescence,A,27
1PGA,K28E,-0.1,6.5,310.15,GdnHCl,stabilizing,31371509.0,Fluorescence,A,27
1PGA,K28F,-0.56,6.5,310.15,GdnHCl,stabilizing,31371509.0,Fluorescence,A,27
1PGA,K28G,-0.27,6.5,310.15,GdnHCl,stabilizing,31371509.0,Fluorescence,A,27
1PGA,K28H,0.01,6.5,310.15,GdnHCl,destabilizing,31371509.0,Fluorescence,A,27
1PGA,K28I,-0.07,6.5,310.15,GdnHCl,stabilizing,31371509.0,Fluorescence,A,27
1PGA,V29D,-0.14,6.5,310.15,GdnHCl,stabilizing,31371509.0,Fluorescence,A,28
1PGA,V29E,0.22,6.5,310.15,GdnHCl,destabilizing,31371509.0,Fluorescence,A,28
1PGA,V29F,-0.12,6.5,310.15,GdnHCl,stabilizing,31371509.0,Fluorescence,A,28
1PGA,V29G,-0.59,6.5,310.15,GdnHCl,stabilizing,31371509.0,Fluorescence,A,28
1PGA,V29H,0.91,6.5,310.15,GdnHCl,destabilizing,31371509.0,Fluorescence,A,28
1PGA,V29I,-0.16,6.5,310.15,GdnHCl,stabilizing,31371509.0,Fluorescence,A,28
1PGA,V29K,-0.68,6.5,310.15,GdnHCl,stabilizing,31371509.0,Fluorescence,A,28
1PGA,V29L,-0.33,6.5,310.15,GdnHCl,stabilizing,31371509.0,Fluorescence,A,28
1PGA,V29M,-0.29,6.5,310.15,GdnHCl,stabilizing,31371509.0,Fluorescence,A,28
1PGA,V29N,-0.14,6.5,310.15,GdnHCl,stabilizing,31371509.0,Fluorescence,A,28
1PGA,V29P,0.22,6.5,310.15,GdnHCl,destabilizing,31371509.0,Fluorescence,A,28
1PGA,V29Q,2.72,6.5,310.15,GdnHCl,destabilizing,31371509.0,Fluorescence,A,28
1PGA,V29R,-0.38,6.5,310.15,GdnHCl,stabilizing,31371509.0,Fluorescence,A,28
1PGA,V29S,-0.44,6.5,310.15,GdnHCl,stabilizing,31371509.0,Fluorescence,A,28
1PGA,V29T,0.17,6.5,310.15,GdnHCl,destabilizing,31371509.0,Fluorescence,A,28
1PGA,F30D,3.04,6.5,310.15,GdnHCl,destabilizing,31371509.0,Fluorescence,A,29
1PGA,F30E,0.5,6.5,310.15,GdnHCl,destabilizing,31371509.0,Fluorescence,A,29
1PGA,K31D,0.44,6.5,310.15,GdnHCl,destabilizing,31371509.0,Fluorescence,A,30
1PGA,K31E,4.0,6.5,310.15,GdnHCl,destabilizing,31371509.0,Fluorescence,A,30
1PGA,K31F,0.78,6.5,310.15,GdnHCl,destabilizing,31371509.0,Fluorescence,A,30
1PGA,K31G,0.22,6.5,310.15,GdnHCl,destabilizing,31371509.0,Fluorescence,A,30
1PGA,K31H,1.16,6.5,310.15,GdnHCl,destabilizing,31371509.0,Fluorescence,A,30
1PGA,K31I,4.0,6.5,310.15,GdnHCl,destabilizing,31371509.0,Fluorescence,A,30
1PGA,Q32D,-0.16,6.5,310.15,GdnHCl,stabilizing,31371509.0,Fluorescence,A,31
1PGA,Q32E,-0.05,6.5,310.15,GdnHCl,stabilizing,31371509.0,Fluorescence,A,31
1PGA,Q32F,-0.38,6.5,310.15,GdnHCl,stabilizing,31371509.0,Fluorescence,A,31
1PGA,Q32G,0.32,6.5,310.15,GdnHCl,destabilizing,31371509.0,Fluorescence,A,31
1PGA,Q32H,0.42,6.5,310.15,GdnHCl,destabilizing,31371509.0,Fluorescence,A,31
1PGA,Q32I,0.2,6.5,310.15,GdnHCl,destabilizing,31371509.0,Fluorescence,A,31
1PGA,Q32K,-0.11,6.5,310.15,GdnHCl,stabilizing,31371509.0,Fluorescence,A,31
1PGA,Q32L,-0.58,6.5,310.15,GdnHCl,stabilizing,31371509.0,Fluorescence,A,31
1PGA,Q32M,-0.14,6.5,310.15,GdnHCl,stabilizing,31371509.0,Fluorescence,A,31
1PGA,Q32N,-0.5,6.5,310.15,GdnHCl,stabilizing,31371509.0,Fluorescence,A,31
1PGA,Q32P,0.01,6.5,310.15,GdnHCl,destabilizing,31371509.0,Fluorescence,A,31
1PGA,Y33D,1.77,6.5,310.15,GdnHCl,destabilizing,31371509.0,Fluorescence,A,32
1PGA,Y33E,4.0,6.5,310.15,GdnHCl,destabilizing,31371509.0,Fluorescence,A,32
1PGA,Y33F,1.74,6.5,310.15,GdnHCl,destabilizing,31371509.0,Fluorescence,A,32
1PGA,Y33G,-0.29,6.5,310.15,GdnHCl,stabilizing,31371509.0,Fluorescence,A,32
1PGA,Y33H,3.46,6.5,310.15,GdnHCl,destabilizing,31371509.0,Fluorescence,A,32
1PGA,Y33I,1.44,6.5,310.15,GdnHCl,destabilizing,31371509.0,Fluorescence,A,32
1PGA,Y33K,0.14,6.5,310.15,GdnHCl,destabilizing,31371509.0,Fluorescence,A,32
1PGA,Y33L,1.53,6.5,310.15,GdnHCl,destabilizing,31371509.0,Fluorescence,A,32
1PGA,Y33M,0.72,6.5,310.15,GdnHCl,destabilizing,31371509.0,Fluorescence,A,32
1PGA,Y33N,0.6,6.5,310.15,GdnHCl,destabilizing,31371509.0,Fluorescence,A,32
1PGA,Y33P,1.95,6.5,310.15,GdnHCl,destabilizing,31371509.0,Fluorescence,A,32
1PGA,Y33Q,4.0,6.5,310.15,GdnHCl,destabilizing,31371509.0,Fluorescence,A,32
1PGA,Y33R,1.34,6.5,310.15,GdnHCl,destabilizing,31371509.0,Fluorescence,A,32
1PGA,Y33S,1.72,6.5,310.15,GdnHCl,destabilizing,31371509.0,Fluorescence,A,32
1PGA,Y33T,2.09,6.5,310.15,GdnHCl,destabilizing,31371509.0,Fluorescence,A,32
1PGA,Y33V,1.64,6.5,310.15,GdnHCl,destabilizing,31371509.0,Fluorescence,A,32
1PGA,N35D,-0.59,6.5,310.15,GdnHCl,stabilizing,31371509.0,Fluorescence,A,34
1PGA,N35E,-0.16,6.5,310.15,GdnHCl,stabilizing,31371509.0,Fluorescence,A,34
1PGA,N35F,-0.75,6.5,310.15,GdnHCl,stabilizing,31371509.0,Fluorescence,A,34
1PGA,N35G,-1.0,6.5,310.15,GdnHCl,stabilizing,31371509.0,Fluorescence,A,34
1PGA,N35H,-0.11,6.5,310.15,GdnHCl,stabilizing,31371509.0,Fluorescence,A,34
1PGA,N35I,-0.04,6.5,310.15,GdnHCl,stabilizing,31371509.0,Fluorescence,A,34
1PGA,N35K,-0.68,6.5,310.15,GdnHCl,stabilizing,31371509.0,Fluorescence,A,34
1PGA,N35L,-1.04,6.5,310.15,GdnHCl,stabilizing,31371509.0,Fluorescence,A,34
1PGA,N35M,-0.85,6.5,310.15,GdnHCl,stabilizing,31371509.0,Fluorescence,A,34
1PGA,N37D,-0.36,6.5,310.15,GdnHCl,stabilizing,31371509.0,Fluorescence,A,36
1PGA,N37E,1.12,6.5,310.15,GdnHCl,destabilizing,31371509.0,Fluorescence,A,36
1PGA,N37F,-0.0,6.5,310.15,GdnHCl,stabilizing,31371509.0,Fluorescence,A,36
1PGA,N37G,-1.01,6.5,310.15,GdnHCl,stabilizing,31371509.0,Fluorescence,A,36
1PGA,N37H,0.94,6.5,310.15,GdnHCl,destabilizing,31371509.0,Fluorescence,A,36
1PGA,N37I,-0.7,6.5,310.15,GdnHCl,stabilizing,31371509.0,Fluorescence,A,36
1PGA,N37K,-0.57,6.5,310.15,GdnHCl,stabilizing,31371509.0,Fluorescence,A,36
1PGA,N37L,-1.02,6.5,310.15,GdnHCl,stabilizing,31371509.0,Fluorescence,A,36
1PGA,N37M,-0.95,6.5,310.15,GdnHCl,stabilizing,31371509.0,Fluorescence,A,36
1PGA,G38D,0.29,6.5,310.15,GdnHCl,destabilizing,31371509.0,Fluorescence,A,37
1PGA,G38E,-0.05,6.5,310.15,GdnHCl,stabilizing,31371509.0,Fluorescence,A,37
1PGA,G38F,0.13,6.5,310.15,GdnHCl,destabilizing,31371509.0,Fluorescence,A,37
1PGA,V39D,1.18,6.5,310.15,GdnHCl,destabilizing,31371509.0,Fluorescence,A,38
1PGA,V39E,3.41,6.5,310.15,GdnHCl,destabilizing,31371509.0,Fluorescence,A,38
1PGA,V39F,0.27,6.5,310.15,GdnHCl,destabilizing,31371509.0,Fluorescence,A,38
1PGA,V39G,-0.67,6.5,310.15,GdnHCl,stabilizing,31371509.0,Fluorescence,A,38
1PGA,V39H,2.29,6.5,310.15,GdnHCl,destabilizing,31371509.0,Fluorescence,A,38
1PGA,V39I,1.57,6.5,310.15,GdnHCl,destabilizing,31371509.0,Fluorescence,A,38
1PGA,V39L,1.96,6.5,310.15,GdnHCl,destabilizing,31371509.0,Fluorescence,A,38
1PGA,V39M,-0.27,6.5,310.15,GdnHCl,stabilizing,31371509.0,Fluorescence,A,38
1PGA,V39N,0.27,6.5,310.15,GdnHCl,destabilizing,31371509.0,Fluorescence,A,38
1PGA,V39P,4.0,6.5,310.15,GdnHCl,destabilizing,31371509.0,Fluorescence,A,38
1PGA,V39Q,2.31,6.5,310.15,GdnHCl,destabilizing,31371509.0,Fluorescence,A,38
1PGA,V39R,1.52,6.5,310.15,GdnHCl,destabilizing,31371509.0,Fluorescence,A,38
1PGA,V39S,2.04,6.5,310.15,GdnHCl,destabilizing,31371509.0,Fluorescence,A,38
1PGA,V39T,1.7,6.5,310.15,GdnHCl,destabilizing,31371509.0,Fluorescence,A,38
1PGA,G41D,-0.49,6.5,310.15,GdnHCl,stabilizing,31371509.0,Fluorescence,A,40
1PGA,G41E,4.0,6.5,310.15,GdnHCl,destabilizing,31371509.0,Fluorescence,A,40
1PGA,G41F,4.0,6.5,310.15,GdnHCl,destabilizing,31371509.0,Fluorescence,A,40
1PGA,E42D,-0.68,6.5,310.15,GdnHCl,stabilizing,31371509.0,Fluorescence,A,41
1PGA,T44D,-0.4,6.5,310.15,GdnHCl,stabilizing,31371509.0,Fluorescence,A,43
1PGA,T44E,0.06,6.5,310.15,GdnHCl,destabilizing,31371509.0,Fluorescence,A,43
1PGA,T44F,-0.27,6.5,310.15,GdnHCl,stabilizing,31371509.0,Fluorescence,A,43
1PGA,T44G,-0.09,6.5,310.15,GdnHCl,stabilizing,31371509.0,Fluorescence,A,43
1PGA,T44H,0.18,6.5,310.15,GdnHCl,destabilizing,31371509.0,Fluorescence,A,43
1PGA,T44I,-0.31,6.5,310.15,GdnHCl,stabilizing,31371509.0,Fluorescence,A,43
1PGA,T44K,-0.52,6.5,310.15,GdnHCl,stabilizing,31371509.0,Fluorescence,A,43
1PGA,T44L,-0.21,6.5,310.15,GdnHCl,stabilizing,31371509.0,Fluorescence,A,43
1PGA,T44M,-0.07,6.5,310.15,GdnHCl,stabilizing,31371509.0,Fluorescence,A,43
1PGA,T44N,0.11,6.5,310.15,GdnHCl,destabilizing,31371509.0,Fluorescence,A,43
1PGA,T44P,-0.0,6.5,310.15,GdnHCl,stabilizing,31371509.0,Fluorescence,A,43
1PGA,T44Q,4.0,6.5,310.15,GdnHCl,destabilizing,31371509.0,Fluorescence,A,43
1PGA,T44R,-0.22,6.5,310.15,GdnHCl,stabilizing,31371509.0,Fluorescence,A,43
1PGA,T44S,-0.11,6.5,310.15,GdnHCl,stabilizing,31371509.0,Fluorescence,A,43
1PGA,Y45E,1.05,6.5,310.15,GdnHCl,destabilizing,31371509.0,Fluorescence,A,44
1PGA,Y45F,4.0,6.5,310.15,GdnHCl,destabilizing,31371509.0,Fluorescence,A,44
1PGA,Y45G,0.05,6.5,310.15,GdnHCl,destabilizing,31371509.0,Fluorescence,A,44
1PGA,Y45H,4.0,6.5,310.15,GdnHCl,destabilizing,31371509.0,Fluorescence,A,44
1PGA,Y45I,4.0,6.5,310.15,GdnHCl,destabilizing,31371509.0,Fluorescence,A,44
1PGA,Y45K,2.24,6.5,310.15,GdnHCl,destabilizing,31371509.0,Fluorescence,A,44
1PGA,Y45L,3.12,6.5,310.15,GdnHCl,destabilizing,31371509.0,Fluorescence,A,44
1PGA,Y45M,1.79,6.5,310.15,GdnHCl,destabilizing,31371509.0,Fluorescence,A,44
1PGA,Y45N,2.49,6.5,310.15,GdnHCl,destabilizing,31371509.0,Fluorescence,A,44
1PGA,Y45P,4.0,6.5,310.15,GdnHCl,destabilizing,31371509.0,Fluorescence,A,44
1PGA,Y45Q,4.0,6.5,310.15,GdnHCl,destabilizing,31371509.0,Fluorescence,A,44
1PGA,Y45R,4.0,6.5,310.15,GdnHCl,destabilizing,31371509.0,Fluorescence,A,44
1PGA,Y45S,2.22,6.5,310.15,GdnHCl,destabilizing,31371509.0,Fluorescence,A,44
1PGA,Y45T,2.97,6.5,310.15,GdnHCl,destabilizing,31371509.0,Fluorescence,A,44
1PGA,Y45V,4.0,6.5,310.15,GdnHCl,destabilizing,31371509.0,Fluorescence,A,44
1PGA,D47A,-0.22,6.5,310.15,GdnHCl,stabilizing,31371509.0,Fluorescence,A,46
1PGA,T49D,0.56,6.5,310.15,GdnHCl,destabilizing,31371509.0,Fluorescence,A,48
1PGA,T49E,0.84,6.5,310.15,GdnHCl,destabilizing,31371509.0,Fluorescence,A,48
1PGA,T49F,0.35,6.5,310.15,GdnHCl,destabilizing,31371509.0,Fluorescence,A,48
1PGA,T49G,0.69,6.5,310.15,GdnHCl,destabilizing,31371509.0,Fluorescence,A,48
1PGA,T49H,0.91,6.5,310.15,GdnHCl,destabilizing,31371509.0,Fluorescence,A,48
1PGA,T49I,0.47,6.5,310.15,GdnHCl,destabilizing,31371509.0,Fluorescence,A,48
1PGA,T49K,0.33,6.5,310.15,GdnHCl,destabilizing,31371509.0,Fluorescence,A,48
1PGA,T49L,0.03,6.5,310.15,GdnHCl,destabilizing,31371509.0,Fluorescence,A,48
1PGA,T49M,-0.21,6.5,310.15,GdnHCl,stabilizing,31371509.0,Fluorescence,A,48
1PGA,T49N,0.45,6.5,310.15,GdnHCl,destabilizing,31371509.0,Fluorescence,A,48
1PGA,T49P,-0.07,6.5,310.15,GdnHCl,stabilizing,31371509.0,Fluorescence,A,48
1PGA,T49Q,4.0,6.5,310.15,GdnHCl,destabilizing,31371509.0,Fluorescence,A,48
1PGA,T49R,0.39,6.5,310.15,GdnHCl,destabilizing,31371509.0,Fluorescence,A,48
1PGA,T49S,0.47,6.5,310.15,GdnHCl,destabilizing,31371509.0,Fluorescence,A,48
1PGA,K50D,0.19,6.5,310.15,GdnHCl,destabilizing,31371509.0,Fluorescence,A,49
1PGA,K50E,1.33,6.5,310.15,GdnHCl,destabilizing,31371509.0,Fluorescence,A,49
1PGA,K50F,1.09,6.5,310.15,GdnHCl,destabilizing,31371509.0,Fluorescence,A,49
1PGA,K50G,-0.34,6.5,310.15,GdnHCl,stabilizing,31371509.0,Fluorescence,A,49
1PGA,K50H,0.23,6.5,310.15,GdnHCl,destabilizing,31371509.0,Fluorescence,A,49
1PGA,K50I,-0.82,6.5,310.15,GdnHCl,stabilizing,31371509.0,Fluorescence,A,49
1PGA,T51D,1.1,6.5,310.15,GdnHCl,destabilizing,31371509.0,Fluorescence,A,50
1PGA,T51E,3.31,6.5,310.15,GdnHCl,destabilizing,31371509.0,Fluorescence,A,50
1PGA,T51F,0.76,6.5,310.15,GdnHCl,destabilizing,31371509.0,Fluorescence,A,50
1PGA,T51G,4.0,6.5,310.15,GdnHCl,destabilizing,31371509.0,Fluorescence,A,50
1PGA,T51H,2.48,6.5,310.15,GdnHCl,destabilizing,31371509.0,Fluorescence,A,50
1PGA,T51I,2.16,6.5,310.15,GdnHCl,destabilizing,31371509.0,Fluorescence,A,50
1PGA,T51K,0.3,6.5,310.15,GdnHCl,destabilizing,31371509.0,Fluorescence,A,50
1PGA,T51L,1.38,6.5,310.15,GdnHCl,destabilizing,31371509.0,Fluorescence,A,50
1PGA,T51M,1.05,6.5,310.15,GdnHCl,destabilizing,31371509.0,Fluorescence,A,50
1PGA,T51N,0.98,6.5,310.15,GdnHCl,destabilizing,31371509.0,Fluorescence,A,50
1PGA,T51P,2.19,6.5,310.15,GdnHCl,destabilizing,31371509.0,Fluorescence,A,50
1PGA,T51Q,4.0,6.5,310.15,GdnHCl,destabilizing,31371509.0,Fluorescence,A,50
1PGA,T51R,1.03,6.5,310.15,GdnHCl,destabilizing,31371509.0,Fluorescence,A,50
1PGA,T51S,1.85,6.5,310.15,GdnHCl,destabilizing,31371509.0,Fluorescence,A,50
1PGA,F52D,4.0,6.5,310.15,GdnHCl,destabilizing,31371509.0,Fluorescence,A,51
1PGA,F52E,4.0,6.5,310.15,GdnHCl,destabilizing,31371509.0,Fluorescence,A,51
1PGA,T53D,1.18,6.5,310.15,GdnHCl,destabilizing,31371509.0,Fluorescence,A,52
1PGA,T53E,1.7,6.5,310.15,GdnHCl,destabilizing,31371509.0,Fluorescence,A,52
1PGA,T53F,0.25,6.5,310.15,GdnHCl,destabilizing,31371509.0,Fluorescence,A,52
1PGA,T53G,0.02,6.5,310.15,GdnHCl,destabilizing,31371509.0,Fluorescence,A,52
1PGA,T53H,4.0,6.5,310.15,GdnHCl,destabilizing,31371509.0,Fluorescence,A,52
1PGA,T53I,0.98,6.5,310.15,GdnHCl,destabilizing,31371509.0,Fluorescence,A,52
1PGA,T53K,0.05,6.5,310.15,GdnHCl,destabilizing,31371509.0,Fluorescence,A,52
1PGA,T53L,0.45,6.5,310.15,GdnHCl,destabilizing,31371509.0,Fluorescence,A,52
1PGA,T53M,0.37,6.5,310.15,GdnHCl,destabilizing,31371509.0,Fluorescence,A,52
1PGA,T53N,-0.15,6.5,310.15,GdnHCl,stabilizing,31371509.0,Fluorescence,A,52
1PGA,T53P,0.65,6.5,310.15,GdnHCl,destabilizing,31371509.0,Fluorescence,A,52
1PGA,T53Q,4.0,6.5,310.15,GdnHCl,destabilizing,31371509.0,Fluorescence,A,52
1PGA,T53R,0.35,6.5,310.15,GdnHCl,destabilizing,31371509.0,Fluorescence,A,52
1PGA,T53S,0.27,6.5,310.15,GdnHCl,destabilizing,31371509.0,Fluorescence,A,52
1PGA,V54D,1.89,6.5,310.15,GdnHCl,destabilizing,31371509.0,Fluorescence,A,53
1PGA,V54E,2.67,6.5,310.15,GdnHCl,destabilizing,31371509.0,Fluorescence,A,53
1PGA,V54F,4.0,6.5,310.15,GdnHCl,destabilizing,31371509.0,Fluorescence,A,53
1PGA,V54G,1.64,6.5,310.15,GdnHCl,destabilizing,31371509.0,Fluorescence,A,53
1PGA,V54H,4.0,6.5,310.15,GdnHCl,destabilizing,31371509.0,Fluorescence,A,53
1PGA,V54I,4.0,6.5,310.15,GdnHCl,destabilizing,31371509.0,Fluorescence,A,53
1PGA,V54K,-0.26,6.5,310.15,GdnHCl,stabilizing,31371509.0,Fluorescence,A,53
1PGA,V54L,4.0,6.5,310.15,GdnHCl,destabilizing,31371509.0,Fluorescence,A,53
1PGA,V54M,0.08,6.5,310.15,GdnHCl,destabilizing,31371509.0,Fluorescence,A,53
1PGA,V54N,0.68,6.5,310.15,GdnHCl,destabilizing,31371509.0,Fluorescence,A,53
1PGA,V54P,4.0,6.5,310.15,GdnHCl,destabilizing,31371509.0,Fluorescence,A,53
1PGA,V54Q,-0.42,6.5,310.15,GdnHCl,stabilizing,31371509.0,Fluorescence,A,53
1PGA,V54R,2.91,6.5,310.15,GdnHCl,destabilizing,31371509.0,Fluorescence,A,53
1PGA,V54S,4.0,6.5,310.15,GdnHCl,destabilizing,31371509.0,Fluorescence,A,53
1PGA,V54T,1.54,6.5,310.15,GdnHCl,destabilizing,31371509.0,Fluorescence,A,53
1PGA,T55D,0.7,6.5,310.15,GdnHCl,destabilizing,31371509.0,Fluorescence,A,54
1PGA,T55E,0.33,6.5,310.15,GdnHCl,destabilizing,31371509.0,Fluorescence,A,54
1PGA,T55F,0.36,6.5,310.15,GdnHCl,destabilizing,31371509.0,Fluorescence,A,54
1PGA,T55G,0.19,6.5,310.15,GdnHCl,destabilizing,31371509.0,Fluorescence,A,54
1PGA,T55H,0.98,6.5,310.15,GdnHCl,destabilizing,31371509.0,Fluorescence,A,54
1PGA,T55I,0.66,6.5,310.15,GdnHCl,destabilizing,31371509.0,Fluorescence,A,54
1PGA,T55K,0.24,6.5,310.15,GdnHCl,destabilizing,31371509.0,Fluorescence,A,54
1PGA,T55L,0.64,6.5,310.15,GdnHCl,destabilizing,31371509.0,Fluorescence,A,54
1PGA,T55M,0.3,6.5,310.15,GdnHCl,destabilizing,31371509.0,Fluorescence,A,54
1PGA,T55N,0.48,6.5,310.15,GdnHCl,destabilizing,31371509.0,Fluorescence,A,54
1PGA,T55P,-0.34,6.5,310.15,GdnHCl,stabilizing,31371509.0,Fluorescence,A,54
1PGA,T55Q,4.0,6.5,310.15,GdnHCl,destabilizing,31371509.0,Fluorescence,A,54
1PGA,T55R,0.04,6.5,310.15,GdnHCl,destabilizing,31371509.0,Fluorescence,A,54
1PGA,T55S,0.13,6.5,310.15,GdnHCl,destabilizing,31371509.0,Fluorescence,A,54
1PGA,E56D,0.18,6.5,310.15,GdnHCl,destabilizing,31371509.0,Fluorescence,A,55
1PGA,E56F,0.1,6.5,310.15,GdnHCl,destabilizing,31371509.0,Fluorescence,A,55
1PGA,E56G,-1.03,6.5,310.15,GdnHCl,stabilizing,31371509.0,Fluorescence,A,55
1PGA,E56H,0.32,6.5,310.15,GdnHCl,destabilizing,31371509.0,Fluorescence,A,55
1PGA,E56I,1.06,6.5,310.15,GdnHCl,destabilizing,31371509.0,Fluorescence,A,55
1PGA,E56K,-0.02,6.5,310.15,GdnHCl,stabilizing,31371509.0,Fluorescence,A,55
1PGA,E56L,1.04,6.5,310.15,GdnHCl,destabilizing,31371509.0,Fluorescence,A,55
1PGA,E56M,0.14,6.5,310.15,GdnHCl,destabilizing,31371509.0,Fluorescence,A,55
1PGA,E56N,0.29,6.5,310.15,GdnHCl,destabilizing,31371509.0,Fluorescence,A,55
1PGA,E56P,-0.13,6.5,310.15,GdnHCl,stabilizing,31371509.0,Fluorescence,A,55
1PGA,E56Q,0.66,6.5,310.15,GdnHCl,destabilizing,31371509.0,Fluorescence,A,55
1PGA,E56R,-0.21,6.5,310.15,GdnHCl,stabilizing,31371509.0,Fluorescence,A,55
1PGA,E56S,1.34,6.5,310.15,GdnHCl,destabilizing,31371509.0,Fluorescence,A,55
1PGA,E56T,0.17,6.5,310.15,GdnHCl,destabilizing,31371509.0,Fluorescence,A,55
1PGA,E56V,0.2,6.5,310.15,GdnHCl,destabilizing,31371509.0,Fluorescence,A,55
1PGA,E56Y,0.25,6.5,310.15,GdnHCl,destabilizing,31371509.0,Fluorescence,A,55
1PGA,T55Y,0.23,6.5,310.15,GdnHCl,destabilizing,31371509.0,Fluorescence,A,54
1PGA,T53Y,0.11,6.5,310.15,GdnHCl,destabilizing,31371509.0,Fluorescence,A,52
1PGA,F52H,4.0,6.5,310.15,GdnHCl,destabilizing,31371509.0,Fluorescence,A,51
1PGA,F52I,2.66,6.5,310.15,GdnHCl,destabilizing,31371509.0,Fluorescence,A,51
1PGA,F52K,0.24,6.5,310.15,GdnHCl,destabilizing,31371509.0,Fluorescence,A,51
1PGA,F52L,4.0,6.5,310.15,GdnHCl,destabilizing,31371509.0,Fluorescence,A,51
1PGA,F52M,2.53,6.5,310.15,GdnHCl,destabilizing,31371509.0,Fluorescence,A,51
1PGA,F52N,2.71,6.5,310.15,GdnHCl,destabilizing,31371509.0,Fluorescence,A,51
1PGA,F52P,4.0,6.5,310.15,GdnHCl,destabilizing,31371509.0,Fluorescence,A,51
1PGA,F52Q,1.72,6.5,310.15,GdnHCl,destabilizing,31371509.0,Fluorescence,A,51
1PGA,F52R,4.0,6.5,310.15,GdnHCl,destabilizing,31371509.0,Fluorescence,A,51
1PGA,F52S,4.0,6.5,310.15,GdnHCl,destabilizing,31371509.0,Fluorescence,A,51
1PGA,F52T,4.0,6.5,310.15,GdnHCl,destabilizing,31371509.0,Fluorescence,A,51
1PGA,F52V,4.0,6.5,310.15,GdnHCl,destabilizing,31371509.0,Fluorescence,A,51
1PGA,F52Y,2.99,6.5,310.15,GdnHCl,destabilizing,31371509.0,Fluorescence,A,51
1PGA,T51Y,0.5,6.5,310.15,GdnHCl,destabilizing,31371509.0,Fluorescence,A,50
1PGA,K50M,-0.55,6.5,310.15,GdnHCl,stabilizing,31371509.0,Fluorescence,A,49
1PGA,K50N,0.05,6.5,310.15,GdnHCl,destabilizing,31371509.0,Fluorescence,A,49
1PGA,K50P,-0.38,6.5,310.15,GdnHCl,stabilizing,31371509.0,Fluorescence,A,49
1PGA,K50Q,4.0,6.5,310.15,GdnHCl,destabilizing,31371509.0,Fluorescence,A,49
1PGA,K50R,-1.17,6.5,310.15,GdnHCl,stabilizing,31371509.0,Fluorescence,A,49
1PGA,K50S,-0.76,6.5,310.15,GdnHCl,stabilizing,31371509.0,Fluorescence,A,49
1PGA,K50T,0.29,6.5,310.15,GdnHCl,destabilizing,31371509.0,Fluorescence,A,49
1PGA,K50V,1.17,6.5,310.15,GdnHCl,destabilizing,31371509.0,Fluorescence,A,49
1PGA,K50Y,1.35,6.5,310.15,GdnHCl,destabilizing,31371509.0,Fluorescence,A,49
1PGA,T49Y,0.5,6.5,310.15,GdnHCl,destabilizing,31371509.0,Fluorescence,A,48
1PGA,A48E,-0.35,6.5,310.15,GdnHCl,stabilizing,31371509.0,Fluorescence,A,47
1PGA,A48F,-0.46,6.5,310.15,GdnHCl,stabilizing,31371509.0,Fluorescence,A,47
1PGA,A48G,-0.0,6.5,310.15,GdnHCl,stabilizing,31371509.0,Fluorescence,A,47
1PGA,A48H,0.12,6.5,310.15,GdnHCl,destabilizing,31371509.0,Fluorescence,A,47
1PGA,A48I,0.08,6.5,310.15,GdnHCl,destabilizing,31371509.0,Fluorescence,A,47
1PGA,A48K,-0.07,6.5,310.15,GdnHCl,stabilizing,31371509.0,Fluorescence,A,47
1PGA,A48L,-0.5,6.5,310.15,GdnHCl,stabilizing,31371509.0,Fluorescence,A,47
1PGA,A48M,-0.51,6.5,310.15,GdnHCl,stabilizing,31371509.0,Fluorescence,A,47
1PGA,A48N,0.04,6.5,310.15,GdnHCl,destabilizing,31371509.0,Fluorescence,A,47
1PGA,A48P,-0.13,6.5,310.15,GdnHCl,stabilizing,31371509.0,Fluorescence,A,47
1PGA,A48Q,-0.01,6.5,310.15,GdnHCl,stabilizing,31371509.0,Fluorescence,A,47
1PGA,A48R,-0.54,6.5,310.15,GdnHCl,stabilizing,31371509.0,Fluorescence,A,47
1PGA,A48S,-0.12,6.5,310.15,GdnHCl,stabilizing,31371509.0,Fluorescence,A,47
1PGA,A48T,-0.29,6.5,310.15,GdnHCl,stabilizing,31371509.0,Fluorescence,A,47
1PGA,A48V,-0.16,6.5,310.15,GdnHCl,stabilizing,31371509.0,Fluorescence,A,47
1PGA,A48Y,-0.33,6.5,310.15,GdnHCl,stabilizing,31371509.0,Fluorescence,A,47
1PGA,D47F,-0.69,6.5,310.15,GdnHCl,stabilizing,31371509.0,Fluorescence,A,46
1PGA,D47G,-0.58,6.5,310.15,GdnHCl,stabilizing,31371509.0,Fluorescence,A,46
1PGA,D47H,-0.25,6.5,310.15,GdnHCl,stabilizing,31371509.0,Fluorescence,A,46
1PGA,D47I,0.17,6.5,310.15,GdnHCl,destabilizing,31371509.0,Fluorescence,A,46
1PGA,D47K,-0.74,6.5,310.15,GdnHCl,stabilizing,31371509.0,Fluorescence,A,46
1PGA,D47L,-0.33,6.5,310.15,GdnHCl,stabilizing,31371509.0,Fluorescence,A,46
1PGA,D47M,0.33,6.5,310.15,GdnHCl,destabilizing,31371509.0,Fluorescence,A,46
1PGA,D47N,0.75,6.5,310.15,GdnHCl,destabilizing,31371509.0,Fluorescence,A,46
1PGA,D47P,-0.35,6.5,310.15,GdnHCl,stabilizing,31371509.0,Fluorescence,A,46
1PGA,D47Q,-0.9,6.5,310.15,GdnHCl,stabilizing,31371509.0,Fluorescence,A,46
1PGA,D47R,-0.58,6.5,310.15,GdnHCl,stabilizing,31371509.0,Fluorescence,A,46
1PGA,D47S,-0.18,6.5,310.15,GdnHCl,stabilizing,31371509.0,Fluorescence,A,46
1PGA,D47T,-0.46,6.5,310.15,GdnHCl,stabilizing,31371509.0,Fluorescence,A,46
1PGA,D47V,0.07,6.5,310.15,GdnHCl,destabilizing,31371509.0,Fluorescence,A,46
1PGA,D47Y,0.01,6.5,310.15,GdnHCl,destabilizing,31371509.0,Fluorescence,A,46
1PGA,D46F,0.05,6.5,310.15,GdnHCl,destabilizing,31371509.0,Fluorescence,A,45
1PGA,D46G,0.52,6.5,310.15,GdnHCl,destabilizing,31371509.0,Fluorescence,A,45
1PGA,D46H,2.67,6.5,310.15,GdnHCl,destabilizing,31371509.0,Fluorescence,A,45
1PGA,D46I,0.84,6.5,310.15,GdnHCl,destabilizing,31371509.0,Fluorescence,A,45
1PGA,D46K,0.57,6.5,310.15,GdnHCl,destabilizing,31371509.0,Fluorescence,A,45
1PGA,D46L,0.61,6.5,310.15,GdnHCl,destabilizing,31371509.0,Fluorescence,A,45
1PGA,D46M,0.53,6.5,310.15,GdnHCl,destabilizing,31371509.0,Fluorescence,A,45
1PGA,D46N,0.84,6.5,310.15,GdnHCl,destabilizing,31371509.0,Fluorescence,A,45
1PGA,D46P,-0.47,6.5,310.15,GdnHCl,stabilizing,31371509.0,Fluorescence,A,45
1PGA,D46Q,4.0,6.5,310.15,GdnHCl,destabilizing,31371509.0,Fluorescence,A,45
1PGA,D46R,0.38,6.5,310.15,GdnHCl,destabilizing,31371509.0,Fluorescence,A,45
1PGA,D46S,1.72,6.5,310.15,GdnHCl,destabilizing,31371509.0,Fluorescence,A,45
1PGA,D46T,0.2,6.5,310.15,GdnHCl,destabilizing,31371509.0,Fluorescence,A,45
1PGA,D46V,0.8,6.5,310.15,GdnHCl,destabilizing,31371509.0,Fluorescence,A,45
1PGA,D46Y,0.51,6.5,310.15,GdnHCl,destabilizing,31371509.0,Fluorescence,A,45
1PGA,D46E,1.31,6.5,310.15,GdnHCl,destabilizing,31371509.0,Fluorescence,A,45
1PGA,T44Y,0.1,6.5,310.15,GdnHCl,destabilizing,31371509.0,Fluorescence,A,43
1PGA,E42G,-0.63,6.5,310.15,GdnHCl,stabilizing,31371509.0,Fluorescence,A,41
1PGA,E42H,0.88,6.5,310.15,GdnHCl,destabilizing,31371509.0,Fluorescence,A,41
1PGA,E42I,-0.03,6.5,310.15,GdnHCl,stabilizing,31371509.0,Fluorescence,A,41
1PGA,E42K,-1.19,6.5,310.15,GdnHCl,stabilizing,31371509.0,Fluorescence,A,41
1PGA,E42L,-0.65,6.5,310.15,GdnHCl,stabilizing,31371509.0,Fluorescence,A,41
1PGA,E42M,-0.61,6.5,310.15,GdnHCl,stabilizing,31371509.0,Fluorescence,A,41
1PGA,E42N,-0.42,6.5,310.15,GdnHCl,stabilizing,31371509.0,Fluorescence,A,41
1PGA,E42P,-0.25,6.5,310.15,GdnHCl,stabilizing,31371509.0,Fluorescence,A,41
1PGA,E42Q,1.26,6.5,310.15,GdnHCl,destabilizing,31371509.0,Fluorescence,A,41
1PGA,E42R,-0.71,6.5,310.15,GdnHCl,stabilizing,31371509.0,Fluorescence,A,41
1PGA,E42S,-0.55,6.5,310.15,GdnHCl,stabilizing,31371509.0,Fluorescence,A,41
1PGA,E42T,-0.01,6.5,310.15,GdnHCl,stabilizing,31371509.0,Fluorescence,A,41
1PGA,E42V,-0.13,6.5,310.15,GdnHCl,stabilizing,31371509.0,Fluorescence,A,41
1PGA,E42Y,-0.28,6.5,310.15,GdnHCl,stabilizing,31371509.0,Fluorescence,A,41
1PGA,G41I,4.0,6.5,310.15,GdnHCl,destabilizing,31371509.0,Fluorescence,A,40
1PGA,G41K,-0.58,6.5,310.15,GdnHCl,stabilizing,31371509.0,Fluorescence,A,40
1PGA,G41L,2.41,6.5,310.15,GdnHCl,destabilizing,31371509.0,Fluorescence,A,40
1PGA,G41M,4.0,6.5,310.15,GdnHCl,destabilizing,31371509.0,Fluorescence,A,40
1PGA,G41N,-0.19,6.5,310.15,GdnHCl,stabilizing,31371509.0,Fluorescence,A,40
1PGA,G41P,4.0,6.5,310.15,GdnHCl,destabilizing,31371509.0,Fluorescence,A,40
1PGA,G41Q,4.0,6.5,310.15,GdnHCl,destabilizing,31371509.0,Fluorescence,A,40
1PGA,G41R,4.0,6.5,310.15,GdnHCl,destabilizing,31371509.0,Fluorescence,A,40
1PGA,G41S,-0.43,6.5,310.15,GdnHCl,stabilizing,31371509.0,Fluorescence,A,40
1PGA,G41T,4.0,6.5,310.15,GdnHCl,destabilizing,31371509.0,Fluorescence,A,40
1PGA,G41V,4.0,6.5,310.15,GdnHCl,destabilizing,31371509.0,Fluorescence,A,40
1PGA,G41Y,4.0,6.5,310.15,GdnHCl,destabilizing,31371509.0,Fluorescence,A,40
1PGA,D40F,-0.5,6.5,310.15,GdnHCl,stabilizing,31371509.0,Fluorescence,A,39
1PGA,D40G,-0.82,6.5,310.15,GdnHCl,stabilizing,31371509.0,Fluorescence,A,39
1PGA,D40H,0.16,6.5,310.15,GdnHCl,destabilizing,31371509.0,Fluorescence,A,39
1PGA,D40I,4.0,6.5,310.15,GdnHCl,destabilizing,31371509.0,Fluorescence,A,39
1PGA,D40K,-0.59,6.5,310.15,GdnHCl,stabilizing,31371509.0,Fluorescence,A,39
1PGA,D40L,-0.55,6.5,310.15,GdnHCl,stabilizing,31371509.0,Fluorescence,A,39
1PGA,D40M,-0.17,6.5,310.15,GdnHCl,stabilizing,31371509.0,Fluorescence,A,39
1PGA,D40N,-0.46,6.5,310.15,GdnHCl,stabilizing,31371509.0,Fluorescence,A,39
1PGA,D40P,-0.67,6.5,310.15,GdnHCl,stabilizing,31371509.0,Fluorescence,A,39
1PGA,D40Q,1.72,6.5,310.15,GdnHCl,destabilizing,31371509.0,Fluorescence,A,39
1PGA,D40R,-0.72,6.5,310.15,GdnHCl,stabilizing,31371509.0,Fluorescence,A,39
1PGA,D40S,-0.55,6.5,310.15,GdnHCl,stabilizing,31371509.0,Fluorescence,A,39
1PGA,D40T,-0.56,6.5,310.15,GdnHCl,stabilizing,31371509.0,Fluorescence,A,39
1PGA,D40V,-0.57,6.5,310.15,GdnHCl,stabilizing,31371509.0,Fluorescence,A,39
1PGA,D40Y,-0.59,6.5,310.15,GdnHCl,stabilizing,31371509.0,Fluorescence,A,39
1PGA,G38I,-0.5,6.5,310.15,GdnHCl,stabilizing,31371509.0,Fluorescence,A,37
1PGA,G38K,1.44,6.5,310.15,GdnHCl,destabilizing,31371509.0,Fluorescence,A,37
1PGA,G38L,-0.29,6.5,310.15,GdnHCl,stabilizing,31371509.0,Fluorescence,A,37
1PGA,G38M,-0.04,6.5,310.15,GdnHCl,stabilizing,31371509.0,Fluorescence,A,37
1PGA,G38N,0.47,6.5,310.15,GdnHCl,destabilizing,31371509.0,Fluorescence,A,37
1PGA,G38P,-0.3,6.5,310.15,GdnHCl,stabilizing,31371509.0,Fluorescence,A,37
1PGA,G38Q,2.74,6.5,310.15,GdnHCl,destabilizing,31371509.0,Fluorescence,A,37
1PGA,G38R,-0.19,6.5,310.15,GdnHCl,stabilizing,31371509.0,Fluorescence,A,37
1PGA,G38S,0.42,6.5,310.15,GdnHCl,destabilizing,31371509.0,Fluorescence,A,37
1PGA,G38T,0.17,6.5,310.15,GdnHCl,destabilizing,31371509.0,Fluorescence,A,37
1PGA,G38V,1.01,6.5,310.15,GdnHCl,destabilizing,31371509.0,Fluorescence,A,37
1PGA,G38Y,1.31,6.5,310.15,GdnHCl,destabilizing,31371509.0,Fluorescence,A,37
1PGA,N37Q,3.69,6.5,310.15,GdnHCl,destabilizing,31371509.0,Fluorescence,A,36
1PGA,N37R,-0.94,6.5,310.15,GdnHCl,stabilizing,31371509.0,Fluorescence,A,36
1PGA,N37S,-0.42,6.5,310.15,GdnHCl,stabilizing,31371509.0,Fluorescence,A,36
1PGA,N37T,-0.22,6.5,310.15,GdnHCl,stabilizing,31371509.0,Fluorescence,A,36
1PGA,N37V,-0.08,6.5,310.15,GdnHCl,stabilizing,31371509.0,Fluorescence,A,36
1PGA,N37Y,-0.48,6.5,310.15,GdnHCl,stabilizing,31371509.0,Fluorescence,A,36
1PGA,D36F,-1.05,6.5,310.15,GdnHCl,stabilizing,31371509.0,Fluorescence,A,35
1PGA,D36G,0.06,6.5,310.15,GdnHCl,destabilizing,31371509.0,Fluorescence,A,35
1PGA,D36H,0.95,6.5,310.15,GdnHCl,destabilizing,31371509.0,Fluorescence,A,35
1PGA,D36I,0.09,6.5,310.15,GdnHCl,destabilizing,31371509.0,Fluorescence,A,35
1PGA,D36K,-0.28,6.5,310.15,GdnHCl,stabilizing,31371509.0,Fluorescence,A,35
1PGA,D36L,-0.2,6.5,310.15,GdnHCl,stabilizing,31371509.0,Fluorescence,A,35
1PGA,D36M,-0.29,6.5,310.15,GdnHCl,stabilizing,31371509.0,Fluorescence,A,35
1PGA,D36N,-0.5,6.5,310.15,GdnHCl,stabilizing,31371509.0,Fluorescence,A,35
1PGA,D36P,-0.49,6.5,310.15,GdnHCl,stabilizing,31371509.0,Fluorescence,A,35
1PGA,D36Q,2.7,6.5,310.15,GdnHCl,destabilizing,31371509.0,Fluorescence,A,35
1PGA,D36R,-0.41,6.5,310.15,GdnHCl,stabilizing,31371509.0,Fluorescence,A,35
1PGA,D36S,-0.41,6.5,310.15,GdnHCl,stabilizing,31371509.0,Fluorescence,A,35
1PGA,D36T,-0.46,6.5,310.15,GdnHCl,stabilizing,31371509.0,Fluorescence,A,35
1PGA,D36V,0.2,6.5,310.15,GdnHCl,destabilizing,31371509.0,Fluorescence,A,35
1PGA,D36Y,-0.3,6.5,310.15,GdnHCl,stabilizing,31371509.0,Fluorescence,A,35
1PGA,N35Q,4.0,6.5,310.15,GdnHCl,destabilizing,31371509.0,Fluorescence,A,34
1PGA,N35R,-0.84,6.5,310.15,GdnHCl,stabilizing,31371509.0,Fluorescence,A,34
1PGA,N35S,-0.33,6.5,310.15,GdnHCl,stabilizing,31371509.0,Fluorescence,A,34
1PGA,N35T,-0.76,6.5,310.15,GdnHCl,stabilizing,31371509.0,Fluorescence,A,34
1PGA,N35V,-0.48,6.5,310.15,GdnHCl,stabilizing,31371509.0,Fluorescence,A,34
1PGA,N35Y,-0.42,6.5,310.15,GdnHCl,stabilizing,31371509.0,Fluorescence,A,34
1PGA,A34E,4.0,6.5,310.15,GdnHCl,destabilizing,31371509.0,Fluorescence,A,33
1PGA,A34F,2.6,6.5,310.15,GdnHCl,destabilizing,31371509.0,Fluorescence,A,33
1PGA,A34G,1.85,6.5,310.15,GdnHCl,destabilizing,31371509.0,Fluorescence,A,33
1PGA,A34H,1.46,6.5,310.15,GdnHCl,destabilizing,31371509.0,Fluorescence,A,33
1PGA,A34I,3.19,6.5,310.15,GdnHCl,destabilizing,31371509.0,Fluorescence,A,33
1PGA,A34K,0.67,6.5,310.15,GdnHCl,destabilizing,31371509.0,Fluorescence,A,33
1PGA,A34L,2.81,6.5,310.15,GdnHCl,destabilizing,31371509.0,Fluorescence,A,33
1PGA,A34M,-0.11,6.5,310.15,GdnHCl,stabilizing,31371509.0,Fluorescence,A,33
1PGA,A34N,0.45,6.5,310.15,GdnHCl,destabilizing,31371509.0,Fluorescence,A,33
1PGA,A34P,1.46,6.5,310.15,GdnHCl,destabilizing,31371509.0,Fluorescence,A,33
1PGA,A34Q,4.0,6.5,310.15,GdnHCl,destabilizing,31371509.0,Fluorescence,A,33
1PGA,A34R,2.33,6.5,310.15,GdnHCl,destabilizing,31371509.0,Fluorescence,A,33
1PGA,A34S,2.93,6.5,310.15,GdnHCl,destabilizing,31371509.0,Fluorescence,A,33
1PGA,A34T,0.53,6.5,310.15,GdnHCl,destabilizing,31371509.0,Fluorescence,A,33
1PGA,A34V,0.38,6.5,310.15,GdnHCl,destabilizing,31371509.0,Fluorescence,A,33
1PGA,A34Y,-0.02,6.5,310.15,GdnHCl,stabilizing,31371509.0,Fluorescence,A,33
1PGA,Q32S,-0.39,6.5,310.15,GdnHCl,stabilizing,31371509.0,Fluorescence,A,31
1PGA,Q32T,-0.2,6.5,310.15,GdnHCl,stabilizing,31371509.0,Fluorescence,A,31
1PGA,Q32V,-0.32,6.5,310.15,GdnHCl,stabilizing,31371509.0,Fluorescence,A,31
1PGA,Q32Y,0.13,6.5,310.15,GdnHCl,destabilizing,31371509.0,Fluorescence,A,31
1PGA,K31M,-0.17,6.5,310.15,GdnHCl,stabilizing,31371509.0,Fluorescence,A,30
1PGA,K31N,-0.39,6.5,310.15,GdnHCl,stabilizing,31371509.0,Fluorescence,A,30
1PGA,K31P,0.58,6.5,310.15,GdnHCl,destabilizing,31371509.0,Fluorescence,A,30
1PGA,K31Q,4.0,6.5,310.15,GdnHCl,destabilizing,31371509.0,Fluorescence,A,30
1PGA,K31R,-0.45,6.5,310.15,GdnHCl,stabilizing,31371509.0,Fluorescence,A,30
1PGA,K31S,4.0,6.5,310.15,GdnHCl,destabilizing,31371509.0,Fluorescence,A,30
1PGA,K31T,0.72,6.5,310.15,GdnHCl,destabilizing,31371509.0,Fluorescence,A,30
1PGA,K31V,0.48,6.5,310.15,GdnHCl,destabilizing,31371509.0,Fluorescence,A,30
1PGA,K31Y,-0.19,6.5,310.15,GdnHCl,stabilizing,31371509.0,Fluorescence,A,30
1PGA,F30H,4.0,6.5,310.15,GdnHCl,destabilizing,31371509.0,Fluorescence,A,29
1PGA,F30I,4.0,6.5,310.15,GdnHCl,destabilizing,31371509.0,Fluorescence,A,29
1PGA,F30K,4.0,6.5,310.15,GdnHCl,destabilizing,31371509.0,Fluorescence,A,29
1PGA,F30L,4.0,6.5,310.15,GdnHCl,destabilizing,31371509.0,Fluorescence,A,29
1PGA,F30M,0.48,6.5,310.15,GdnHCl,destabilizing,31371509.0,Fluorescence,A,29
1PGA,F30N,1.66,6.5,310.15,GdnHCl,destabilizing,31371509.0,Fluorescence,A,29
1PGA,F30P,4.0,6.5,310.15,GdnHCl,destabilizing,31371509.0,Fluorescence,A,29
1PGA,F30Q,4.0,6.5,310.15,GdnHCl,destabilizing,31371509.0,Fluorescence,A,29
1PGA,F30R,4.0,6.5,310.15,GdnHCl,destabilizing,31371509.0,Fluorescence,A,29
1PGA,F30S,0.28,6.5,310.15,GdnHCl,destabilizing,31371509.0,Fluorescence,A,29
1PGA,F30T,4.0,6.5,310.15,GdnHCl,destabilizing,31371509.0,Fluorescence,A,29
1PGA,F30V,4.0,6.5,310.15,GdnHCl,destabilizing,31371509.0,Fluorescence,A,29
1PGA,F30Y,2.53,6.5,310.15,GdnHCl,destabilizing,31371509.0,Fluorescence,A,29
1PGA,K28M,-0.31,6.5,310.15,GdnHCl,stabilizing,31371509.0,Fluorescence,A,27
1PGA,K28N,-0.58,6.5,310.15,GdnHCl,stabilizing,31371509.0,Fluorescence,A,27
1PGA,K28P,-0.44,6.5,310.15,GdnHCl,stabilizing,31371509.0,Fluorescence,A,27
1PGA,K28Q,1.23,6.5,310.15,GdnHCl,destabilizing,31371509.0,Fluorescence,A,27
1PGA,K28R,-0.61,6.5,310.15,GdnHCl,stabilizing,31371509.0,Fluorescence,A,27
1PGA,K28S,-0.91,6.5,310.15,GdnHCl,stabilizing,31371509.0,Fluorescence,A,27
1PGA,K28T,-0.36,6.5,310.15,GdnHCl,stabilizing,31371509.0,Fluorescence,A,27
1PGA,K28V,-0.19,6.5,310.15,GdnHCl,stabilizing,31371509.0,Fluorescence,A,27
1PGA,K28Y,-0.23,6.5,310.15,GdnHCl,stabilizing,31371509.0,Fluorescence,A,27
1PGA,E27H,-1.92,6.5,310.15,GdnHCl,stabilizing,31371509.0,Fluorescence,A,26
1PGA,E27I,-0.01,6.5,310.15,GdnHCl,stabilizing,31371509.0,Fluorescence,A,26
1PGA,E27K,4.0,6.5,310.15,GdnHCl,destabilizing,31371509.0,Fluorescence,A,26
1PGA,E27M,-0.1,6.5,310.15,GdnHCl,stabilizing,31371509.0,Fluorescence,A,26
1PGA,E27N,-0.83,6.5,310.15,GdnHCl,stabilizing,31371509.0,Fluorescence,A,26
1PGA,E27P,-1.82,6.5,310.15,GdnHCl,stabilizing,31371509.0,Fluorescence,A,26
1PGA,E27Q,-0.93,6.5,310.15,GdnHCl,stabilizing,31371509.0,Fluorescence,A,26
1PGA,E27R,1.64,6.5,310.15,GdnHCl,destabilizing,31371509.0,Fluorescence,A,26
1PGA,E27S,4.0,6.5,310.15,GdnHCl,destabilizing,31371509.0,Fluorescence,A,26
1PGA,E27T,-0.44,6.5,310.15,GdnHCl,stabilizing,31371509.0,Fluorescence,A,26
1PGA,E27V,-0.44,6.5,310.15,GdnHCl,stabilizing,31371509.0,Fluorescence,A,26
1PGA,E27Y,0.36,6.5,310.15,GdnHCl,destabilizing,31371509.0,Fluorescence,A,26
1PGA,A26G,4.0,6.5,310.15,GdnHCl,destabilizing,31371509.0,Fluorescence,A,25
1PGA,A26H,4.0,6.5,310.15,GdnHCl,destabilizing,31371509.0,Fluorescence,A,25
1PGA,A26I,4.0,6.5,310.15,GdnHCl,destabilizing,31371509.0,Fluorescence,A,25
1PGA,A26K,4.0,6.5,310.15,GdnHCl,destabilizing,31371509.0,Fluorescence,A,25
1PGA,A26L,4.0,6.5,310.15,GdnHCl,destabilizing,31371509.0,Fluorescence,A,25
1PGA,A26M,4.0,6.5,310.15,GdnHCl,destabilizing,31371509.0,Fluorescence,A,25
1PGA,A26N,4.0,6.5,310.15,GdnHCl,destabilizing,31371509.0,Fluorescence,A,25
1PGA,A26P,4.0,6.5,310.15,GdnHCl,destabilizing,31371509.0,Fluorescence,A,25
1PGA,A26Q,4.0,6.5,310.15,GdnHCl,destabilizing,31371509.0,Fluorescence,A,25
1PGA,A26R,4.0,6.5,310.15,GdnHCl,destabilizing,31371509.0,Fluorescence,A,25
1PGA,A26S,4.0,6.5,310.15,GdnHCl,destabilizing,31371509.0,Fluorescence,A,25
1PGA,A26T,4.0,6.5,310.15,GdnHCl,destabilizing,31371509.0,Fluorescence,A,25
1PGA,A26V,4.0,6.5,310.15,GdnHCl,destabilizing,31371509.0,Fluorescence,A,25
1PGA,A26Y,2.33,6.5,310.15,GdnHCl,destabilizing,31371509.0,Fluorescence,A,25
1PGA,A24G,-0.27,6.5,310.15,GdnHCl,stabilizing,31371509.0,Fluorescence,A,23
1PGA,A24H,-0.67,6.5,310.15,GdnHCl,stabilizing,31371509.0,Fluorescence,A,23
1PGA,A24I,-0.62,6.5,310.15,GdnHCl,stabilizing,31371509.0,Fluorescence,A,23
1PGA,A24K,-0.15,6.5,310.15,GdnHCl,stabilizing,31371509.0,Fluorescence,A,23
1PGA,A24L,0.39,6.5,310.15,GdnHCl,destabilizing,31371509.0,Fluorescence,A,23
1PGA,A24M,-0.55,6.5,310.15,GdnHCl,stabilizing,31371509.0,Fluorescence,A,23
1PGA,A24N,-0.78,6.5,310.15,GdnHCl,stabilizing,31371509.0,Fluorescence,A,23
1PGA,A24P,-0.27,6.5,310.15,GdnHCl,stabilizing,31371509.0,Fluorescence,A,23
1PGA,A24Q,-0.41,6.5,310.15,GdnHCl,stabilizing,31371509.0,Fluorescence,A,23
1PGA,A24R,0.24,6.5,310.15,GdnHCl,destabilizing,31371509.0,Fluorescence,A,23
1PGA,A24S,0.19,6.5,310.15,GdnHCl,destabilizing,31371509.0,Fluorescence,A,23
1PGA,A24T,-0.05,6.5,310.15,GdnHCl,stabilizing,31371509.0,Fluorescence,A,23
1PGA,A24V,-0.54,6.5,310.15,GdnHCl,stabilizing,31371509.0,Fluorescence,A,23
1PGA,A24Y,-0.22,6.5,310.15,GdnHCl,stabilizing,31371509.0,Fluorescence,A,23
1PGA,A24D,-0.44,6.5,310.15,GdnHCl,stabilizing,31371509.0,Fluorescence,A,23
1PGA,A23G,0.44,6.5,310.15,GdnHCl,destabilizing,31371509.0,Fluorescence,A,22
1PGA,A23H,-0.04,6.5,310.15,GdnHCl,stabilizing,31371509.0,Fluorescence,A,22
1PGA,A23I,-0.59,6.5,310.15,GdnHCl,stabilizing,31371509.0,Fluorescence,A,22
1PGA,A23K,0.83,6.5,310.15,GdnHCl,destabilizing,31371509.0,Fluorescence,A,22
1PGA,A23L,0.2,6.5,310.15,GdnHCl,destabilizing,31371509.0,Fluorescence,A,22
1PGA,A23M,-0.56,6.5,310.15,GdnHCl,stabilizing,31371509.0,Fluorescence,A,22
1PGA,A23N,-0.48,6.5,310.15,GdnHCl,stabilizing,31371509.0,Fluorescence,A,22
1PGA,A23P,-0.22,6.5,310.15,GdnHCl,stabilizing,31371509.0,Fluorescence,A,22
1PGA,A23Q,-0.51,6.5,310.15,GdnHCl,stabilizing,31371509.0,Fluorescence,A,22
1PGA,A23R,0.19,6.5,310.15,GdnHCl,destabilizing,31371509.0,Fluorescence,A,22
1PGA,A23S,0.14,6.5,310.15,GdnHCl,destabilizing,31371509.0,Fluorescence,A,22
1PGA,A23T,-0.8,6.5,310.15,GdnHCl,stabilizing,31371509.0,Fluorescence,A,22
1PGA,A23V,-0.59,6.5,310.15,GdnHCl,stabilizing,31371509.0,Fluorescence,A,22
1PGA,A23Y,-0.16,6.5,310.15,GdnHCl,stabilizing,31371509.0,Fluorescence,A,22
1PGA,A23D,-0.32,6.5,310.15,GdnHCl,stabilizing,31371509.0,Fluorescence,A,22
1PGA,A23E,-0.38,6.5,310.15,GdnHCl,stabilizing,31371509.0,Fluorescence,A,22
1PGA,A23F,-0.38,6.5,310.15,GdnHCl,stabilizing,31371509.0,Fluorescence,A,22
1PGA,D22H,0.82,6.5,310.15,GdnHCl,destabilizing,31371509.0,Fluorescence,A,21
1PGA,D22I,1.08,6.5,310.15,GdnHCl,destabilizing,31371509.0,Fluorescence,A,21
1PGA,D22K,1.03,6.5,310.15,GdnHCl,destabilizing,31371509.0,Fluorescence,A,21
1PGA,D22L,0.99,6.5,310.15,GdnHCl,destabilizing,31371509.0,Fluorescence,A,21
1PGA,D22M,2.21,6.5,310.15,GdnHCl,destabilizing,31371509.0,Fluorescence,A,21
1PGA,D22N,1.22,6.5,310.15,GdnHCl,destabilizing,31371509.0,Fluorescence,A,21
1PGA,D22P,1.18,6.5,310.15,GdnHCl,destabilizing,31371509.0,Fluorescence,A,21
1PGA,D22Q,1.35,6.5,310.15,GdnHCl,destabilizing,31371509.0,Fluorescence,A,21
1PGA,D22R,-0.21,6.5,310.15,GdnHCl,stabilizing,31371509.0,Fluorescence,A,21
1PGA,D22S,2.93,6.5,310.15,GdnHCl,destabilizing,31371509.0,Fluorescence,A,21
1PGA,D22T,1.21,6.5,310.15,GdnHCl,destabilizing,31371509.0,Fluorescence,A,21
1PGA,D22V,1.47,6.5,310.15,GdnHCl,destabilizing,31371509.0,Fluorescence,A,21
1PGA,D22Y,-0.62,6.5,310.15,GdnHCl,stabilizing,31371509.0,Fluorescence,A,21
1PGA,A20G,1.65,6.5,310.15,GdnHCl,destabilizing,31371509.0,Fluorescence,A,19
1PGA,A20H,0.58,6.5,310.15,GdnHCl,destabilizing,31371509.0,Fluorescence,A,19
1PGA,A20I,1.73,6.5,310.15,GdnHCl,destabilizing,31371509.0,Fluorescence,A,19
1PGA,A20K,1.11,6.5,310.15,GdnHCl,destabilizing,31371509.0,Fluorescence,A,19
1PGA,A20L,1.91,6.5,310.15,GdnHCl,destabilizing,31371509.0,Fluorescence,A,19
1PGA,A20M,1.86,6.5,310.15,GdnHCl,destabilizing,31371509.0,Fluorescence,A,19
1PGA,A20N,1.77,6.5,310.15,GdnHCl,destabilizing,31371509.0,Fluorescence,A,19
1PGA,A20P,2.03,6.5,310.15,GdnHCl,destabilizing,31371509.0,Fluorescence,A,19
1PGA,A20Q,1.43,6.5,310.15,GdnHCl,destabilizing,31371509.0,Fluorescence,A,19
1PGA,A20R,2.85,6.5,310.15,GdnHCl,destabilizing,31371509.0,Fluorescence,A,19
1PGA,A20S,3.48,6.5,310.15,GdnHCl,destabilizing,31371509.0,Fluorescence,A,19
1PGA,A20T,-0.12,6.5,310.15,GdnHCl,stabilizing,31371509.0,Fluorescence,A,19
1PGA,A20V,1.47,6.5,310.15,GdnHCl,destabilizing,31371509.0,Fluorescence,A,19
1PGA,A20Y,0.2,6.5,310.15,GdnHCl,destabilizing,31371509.0,Fluorescence,A,19
1PGA,E19I,-0.84,6.5,310.15,GdnHCl,stabilizing,31371509.0,Fluorescence,A,18
1PGA,E19K,1.47,6.5,310.15,GdnHCl,destabilizing,31371509.0,Fluorescence,A,18
1PGA,E19L,-0.02,6.5,310.15,GdnHCl,stabilizing,31371509.0,Fluorescence,A,18
1PGA,E19M,-0.93,6.5,310.15,GdnHCl,stabilizing,31371509.0,Fluorescence,A,18
1PGA,E19N,-0.42,6.5,310.15,GdnHCl,stabilizing,31371509.0,Fluorescence,A,18
1PGA,E19P,-0.37,6.5,310.15,GdnHCl,stabilizing,31371509.0,Fluorescence,A,18
1PGA,E19Q,-0.19,6.5,310.15,GdnHCl,stabilizing,31371509.0,Fluorescence,A,18
1PGA,E19R,-0.64,6.5,310.15,GdnHCl,stabilizing,31371509.0,Fluorescence,A,18
1PGA,E19S,0.78,6.5,310.15,GdnHCl,destabilizing,31371509.0,Fluorescence,A,18
1PGA,E19T,-0.52,6.5,310.15,GdnHCl,stabilizing,31371509.0,Fluorescence,A,18
1PGA,E19V,-0.72,6.5,310.15,GdnHCl,stabilizing,31371509.0,Fluorescence,A,18
1PGA,E19Y,-0.11,6.5,310.15,GdnHCl,stabilizing,31371509.0,Fluorescence,A,18
1PGA,T17Y,-0.18,6.5,310.15,GdnHCl,stabilizing,31371509.0,Fluorescence,A,16
1PGA,T16Y,-0.5,6.5,310.15,GdnHCl,stabilizing,31371509.0,Fluorescence,A,15
1PGA,T16V,-1.31,6.5,310.15,GdnHCl,stabilizing,31371509.0,Fluorescence,A,15
1PGA,E15I,-0.57,6.5,310.15,GdnHCl,stabilizing,31371509.0,Fluorescence,A,14
1PGA,E15K,0.22,6.5,310.15,GdnHCl,destabilizing,31371509.0,Fluorescence,A,14
1PGA,E15L,0.25,6.5,310.15,GdnHCl,destabilizing,31371509.0,Fluorescence,A,14
1PGA,E15M,-0.6,6.5,310.15,GdnHCl,stabilizing,31371509.0,Fluorescence,A,14
1PGA,E15N,-0.13,6.5,310.15,GdnHCl,stabilizing,31371509.0,Fluorescence,A,14
1PGA,E15P,-0.16,6.5,310.15,GdnHCl,stabilizing,31371509.0,Fluorescence,A,14
1PGA,E15Q,-0.72,6.5,310.15,GdnHCl,stabilizing,31371509.0,Fluorescence,A,14
1PGA,E15R,-0.16,6.5,310.15,GdnHCl,stabilizing,31371509.0,Fluorescence,A,14
1PGA,E15S,1.98,6.5,310.15,GdnHCl,destabilizing,31371509.0,Fluorescence,A,14
1PGA,E15T,-0.87,6.5,310.15,GdnHCl,stabilizing,31371509.0,Fluorescence,A,14
1PGA,E15V,-0.28,6.5,310.15,GdnHCl,stabilizing,31371509.0,Fluorescence,A,14
1PGA,E15Y,-0.17,6.5,310.15,GdnHCl,stabilizing,31371509.0,Fluorescence,A,14
1PGA,G14L,-0.08,6.5,310.15,GdnHCl,stabilizing,31371509.0,Fluorescence,A,13
1PGA,G14M,-0.81,6.5,310.15,GdnHCl,stabilizing,31371509.0,Fluorescence,A,13
1PGA,G14N,-0.72,6.5,310.15,GdnHCl,stabilizing,31371509.0,Fluorescence,A,13
1PGA,G14P,-1.25,6.5,310.15,GdnHCl,stabilizing,31371509.0,Fluorescence,A,13
1PGA,G14Q,-0.94,6.5,310.15,GdnHCl,stabilizing,31371509.0,Fluorescence,A,13
1PGA,G14R,-0.03,6.5,310.15,GdnHCl,stabilizing,31371509.0,Fluorescence,A,13
1PGA,G14S,0.88,6.5,310.15,GdnHCl,destabilizing,31371509.0,Fluorescence,A,13
1PGA,G14T,-0.52,6.5,310.15,GdnHCl,stabilizing,31371509.0,Fluorescence,A,13
1PGA,G14V,-0.87,6.5,310.15,GdnHCl,stabilizing,31371509.0,Fluorescence,A,13
1PGA,G14Y,-0.51,6.5,310.15,GdnHCl,stabilizing,31371509.0,Fluorescence,A,13
1PGA,K13P,0.06,6.5,310.15,GdnHCl,destabilizing,31371509.0,Fluorescence,A,12
1PGA,K13Q,-0.32,6.5,310.15,GdnHCl,stabilizing,31371509.0,Fluorescence,A,12
1PGA,K13R,-0.01,6.5,310.15,GdnHCl,stabilizing,31371509.0,Fluorescence,A,12
1PGA,K13S,0.99,6.5,310.15,GdnHCl,destabilizing,31371509.0,Fluorescence,A,12
1PGA,K13T,-1.07,6.5,310.15,GdnHCl,stabilizing,31371509.0,Fluorescence,A,12
1PGA,K13V,-0.33,6.5,310.15,GdnHCl,stabilizing,31371509.0,Fluorescence,A,12
1PGA,K13Y,-0.57,6.5,310.15,GdnHCl,stabilizing,31371509.0,Fluorescence,A,12
1PGA,L12Q,-0.34,6.5,310.15,GdnHCl,stabilizing,31371509.0,Fluorescence,A,11
1PGA,L12R,-0.09,6.5,310.15,GdnHCl,stabilizing,31371509.0,Fluorescence,A,11
1PGA,L12S,1.23,6.5,310.15,GdnHCl,destabilizing,31371509.0,Fluorescence,A,11
1PGA,L12T,-0.14,6.5,310.15,GdnHCl,stabilizing,31371509.0,Fluorescence,A,11
1PGA,L12V,-0.24,6.5,310.15,GdnHCl,stabilizing,31371509.0,Fluorescence,A,11
1PGA,K10Q,-0.72,6.5,310.15,GdnHCl,stabilizing,31371509.0,Fluorescence,A,9
1PGA,K10R,-0.25,6.5,310.15,GdnHCl,stabilizing,31371509.0,Fluorescence,A,9
1PGA,K10S,-0.1,6.5,310.15,GdnHCl,stabilizing,31371509.0,Fluorescence,A,9
1PGA,K10T,0.18,6.5,310.15,GdnHCl,destabilizing,31371509.0,Fluorescence,A,9
1PGA,K10V,-0.11,6.5,310.15,GdnHCl,stabilizing,31371509.0,Fluorescence,A,9
1PGA,K10Y,-0.65,6.5,310.15,GdnHCl,stabilizing,31371509.0,Fluorescence,A,9
1PGA,G09M,1.22,6.5,310.15,GdnHCl,destabilizing,31371509.0,Fluorescence,A,8
1PGA,G09N,0.59,6.5,310.15,GdnHCl,destabilizing,31371509.0,Fluorescence,A,8
1PGA,G09P,1.23,6.5,310.15,GdnHCl,destabilizing,31371509.0,Fluorescence,A,8
1PGA,G09Q,-0.32,6.5,310.15,GdnHCl,stabilizing,31371509.0,Fluorescence,A,8
1PGA,G09R,0.55,6.5,310.15,GdnHCl,destabilizing,31371509.0,Fluorescence,A,8
1PGA,G09S,1.29,6.5,310.15,GdnHCl,destabilizing,31371509.0,Fluorescence,A,8
1PGA,G09T,2.38,6.5,310.15,GdnHCl,destabilizing,31371509.0,Fluorescence,A,8
1PGA,G09V,1.06,6.5,310.15,GdnHCl,destabilizing,31371509.0,Fluorescence,A,8
1PGA,G09Y,0.88,6.5,310.15,GdnHCl,destabilizing,31371509.0,Fluorescence,A,8
1PGA,N08T,1.45,6.5,310.15,GdnHCl,destabilizing,31371509.0,Fluorescence,A,7
1PGA,N08V,-0.29,6.5,310.15,GdnHCl,stabilizing,31371509.0,Fluorescence,A,7
1PGA,N08Y,-0.64,6.5,310.15,GdnHCl,stabilizing,31371509.0,Fluorescence,A,7
1PGA,L07R,-0.5,6.5,310.15,GdnHCl,stabilizing,31371509.0,Fluorescence,A,6
1PGA,L07S,4.0,6.5,310.15,GdnHCl,destabilizing,31371509.0,Fluorescence,A,6
1PGA,L07T,2.88,6.5,310.15,GdnHCl,destabilizing,31371509.0,Fluorescence,A,6
1PGA,L07V,1.54,6.5,310.15,GdnHCl,destabilizing,31371509.0,Fluorescence,A,6
1PGA,L07Y,2.07,6.5,310.15,GdnHCl,destabilizing,31371509.0,Fluorescence,A,6
1PGA,I06P,0.47,6.5,310.15,GdnHCl,destabilizing,31371509.0,Fluorescence,A,5
1PGA,I06Q,0.11,6.5,310.15,GdnHCl,destabilizing,31371509.0,Fluorescence,A,5
1PGA,I06R,0.5,6.5,310.15,GdnHCl,destabilizing,31371509.0,Fluorescence,A,5
1PGA,I06S,0.8,6.5,310.15,GdnHCl,destabilizing,31371509.0,Fluorescence,A,5
1PGA,I06T,4.0,6.5,310.15,GdnHCl,destabilizing,31371509.0,Fluorescence,A,5
1PGA,I06V,0.58,6.5,310.15,GdnHCl,destabilizing,31371509.0,Fluorescence,A,5
1PGA,I06Y,0.66,6.5,310.15,GdnHCl,destabilizing,31371509.0,Fluorescence,A,5
1PGA,L05R,0.68,6.5,310.15,GdnHCl,destabilizing,31371509.0,Fluorescence,A,4
1PGA,L05S,4.0,6.5,310.15,GdnHCl,destabilizing,31371509.0,Fluorescence,A,4
1PGA,L05T,1.65,6.5,310.15,GdnHCl,destabilizing,31371509.0,Fluorescence,A,4
1PGA,L05V,4.0,6.5,310.15,GdnHCl,destabilizing,31371509.0,Fluorescence,A,4
1PGA,L05Y,-0.72,6.5,310.15,GdnHCl,stabilizing,31371509.0,Fluorescence,A,4
1PGA,K04Q,0.21,6.5,310.15,GdnHCl,destabilizing,31371509.0,Fluorescence,A,3
1PGA,K04R,-0.49,6.5,310.15,GdnHCl,stabilizing,31371509.0,Fluorescence,A,3
1PGA,K04S,0.21,6.5,310.15,GdnHCl,destabilizing,31371509.0,Fluorescence,A,3
1PGA,K04T,4.0,6.5,310.15,GdnHCl,destabilizing,31371509.0,Fluorescence,A,3
1PGA,K04V,0.17,6.5,310.15,GdnHCl,destabilizing,31371509.0,Fluorescence,A,3
1PGA,K04Y,-0.77,6.5,310.15,GdnHCl,stabilizing,31371509.0,Fluorescence,A,3
1PGA,M1N,-0.43,6.5,310.15,GdnHCl,stabilizing,31371509.0,Fluorescence,A,0
1PGA,M1P,-0.06,6.5,310.15,GdnHCl,stabilizing,31371509.0,Fluorescence,A,0
1PGA,M1Q,-0.4,6.5,310.15,GdnHCl,stabilizing,31371509.0,Fluorescence,A,0
1PGA,M1R,-0.51,6.5,310.15,GdnHCl,stabilizing,31371509.0,Fluorescence,A,0
1NEY,I170A,0.6,7.0,298.15,Thermal,destabilizing,31508957.0,CD,A,167
1NEY,L230A,0.8,7.0,298.15,Thermal,destabilizing,31508957.0,CD,A,227
1NEY,K12G,3.7,7.0,298.15,Thermal,destabilizing,31508957.0,CD,A,10
1NEY,E97A,-0.2,7.0,298.15,Thermal,stabilizing,31508957.0,CD,A,95
1NEY,E97D,-0.1,7.0,298.15,Thermal,stabilizing,31508957.0,CD,A,95
1NEY,E97Q,-0.1,7.0,298.15,Thermal,stabilizing,31508957.0,CD,A,95
12CA,H94Y,1.17,7.5,298.15,GdnHCl,destabilizing,31778702.0,Fluorescence,A,89
1BP2,H48N,3.0,8.0,303.15,GdnHCl,destabilizing,,CD,A,47
1BP2,H48Q,0.6,8.0,303.15,GdnHCl,destabilizing,,CD,A,47
1BP2,H48A,3.1,8.0,303.15,GdnHCl,destabilizing,,CD,A,47
1VII,F47L,2.7,5.0,298.15,"Thermal, Urea",destabilizing,,CD,A,6
1VII,R55M,1.03,5.0,298.15,"Thermal, Urea",destabilizing,,CD,A,14
1VII,D44N,0.74,5.0,298.15,"Thermal, Urea",destabilizing,,CD,A,3
1VII,E45Q,0.37,5.0,298.15,"Thermal, Urea",destabilizing,,CD,A,4
1VII,D46N,0.84,5.0,298.15,"Thermal, Urea",destabilizing,,CD,A,5
1VII,K48M,-0.87,5.0,298.15,"Thermal, Urea",stabilizing,,CD,A,7
1VII,K48M,-0.89,5.0,298.15,"Thermal, Urea",stabilizing,,CD,A,7
1VII,R55K,0.36,5.0,298.15,"Thermal, Urea",destabilizing,,CD,A,14
1VII,K65M,-0.65,5.0,298.15,"Thermal, Urea",stabilizing,,CD,A,24
1VII,K70M,-1.15,5.0,298.15,"Thermal, Urea",stabilizing,,CD,A,29
1VII,K70E,0.02,5.0,298.15,"Thermal, Urea",destabilizing,,CD,A,29
1VII,K71M,0.22,5.0,298.15,"Thermal, Urea",destabilizing,,CD,A,30
1VII,E72Q,0.25,5.0,298.15,"Thermal, Urea",destabilizing,,CD,A,31
1VII,K73M,0.17,5.0,298.15,"Thermal, Urea",destabilizing,,CD,A,32
1VII,K48M,-0.73,3.0,298.15,"Thermal, Urea",stabilizing,,CD,A,7
1VII,K48M,-0.75,3.5,298.15,"Thermal, Urea",stabilizing,,CD,A,7
1VII,K48M,-0.64,4.0,298.15,"Thermal, Urea",stabilizing,,CD,A,7
1VII,K48M,-0.66,4.5,298.15,"Thermal, Urea",stabilizing,,CD,A,7
1VII,K48M,-0.79,5.5,298.15,"Thermal, Urea",stabilizing,,CD,A,7
1VII,K48M,-0.91,6.0,298.15,"Thermal, Urea",stabilizing,,CD,A,7
1VII,N68A,-0.94,5.0,298.15,"Thermal, Urea",stabilizing,,CD,A,27
1ARR,P8A,-2.9,7.5,298.15,Thermal,stabilizing,7664079.0,CD,A,7
1ARR,S35A,-0.2,7.5,298.15,Thermal,stabilizing,7664079.0,CD,A,34
1ARR,N11A,-0.5,7.5,298.15,Thermal,stabilizing,7664079.0,CD,A,10
1ARR,K6A,-0.4,7.5,298.15,Thermal,stabilizing,7664079.0,CD,A,5
1ARR,R16A,-0.2,7.5,298.15,Thermal,stabilizing,7664079.0,CD,A,15
1ARR,M4A,-0.2,7.5,298.15,Thermal,stabilizing,7664079.0,CD,A,3
1ARR,E27A,-0.4,7.5,298.15,Thermal,destabilizing,7664079.0,CD,A,26
1ARR,K2A,-0.1,7.5,298.15,Thermal,destabilizing,7664079.0,CD,A,1
1ARR,Q9A,0.1,7.5,298.15,Thermal,destabilizing,7664079.0,CD,A,8
1ARR,G3A,-0.3,7.5,298.15,Thermal,destabilizing,7664079.0,CD,A,2
1ARR,M1A,0.1,7.5,298.15,Thermal,destabilizing,7664079.0,CD,A,0
1ARR,S5A,-0.1,7.5,298.15,Thermal,destabilizing,7664079.0,CD,A,4
1ARR,R13A,0.6,7.5,298.15,Thermal,destabilizing,7664079.0,CD,A,12
1ARR,E17A,0.5,7.5,298.15,Thermal,destabilizing,7664079.0,CD,A,16
1ARR,E43A,0.3,7.5,298.15,Thermal,destabilizing,7664079.0,CD,A,42
1ARR,M7A,0.6,7.5,298.15,Thermal,destabilizing,7664079.0,CD,A,6
1ARR,D20A,0.8,7.5,298.15,Thermal,destabilizing,7664079.0,CD,A,19
1ARR,L19A,1.725,7.5,298.15,Thermal,destabilizing,7664079.0,CD,A,18
1ARR,F10A,2.7,7.5,298.15,Thermal,destabilizing,7664079.0,CD,A,9
1ARR,N34A,-0.0,7.5,298.15,Thermal,stabilizing,7664079.0,CD,A,33
1ARR,Q39A,-0.1,7.5,298.15,Thermal,stabilizing,7664079.0,CD,A,38
1ARR,G52A,-0.2,7.5,298.15,Thermal,stabilizing,7664079.0,CD,A,51
1ARR,K46A,-0.0,7.5,298.15,Thermal,destabilizing,7664079.0,CD,A,45
1ARR,R23A,1.1,7.5,298.15,Thermal,destabilizing,7664079.0,CD,A,22
1ARR,K24A,0.6,7.5,298.15,Thermal,destabilizing,7664079.0,CD,A,23
1ARR,E28A,0.5,7.5,298.15,Thermal,destabilizing,7664079.0,CD,A,27
1ARR,I51A,1.9,7.5,298.15,Thermal,destabilizing,7664079.0,CD,A,50
1ARR,G49A,2.0,7.5,298.15,Thermal,destabilizing,7664079.0,CD,A,48
1ARR,G30A,2.225,7.5,298.15,Thermal,destabilizing,7664079.0,CD,A,29
1ARR,R50A,1.9,7.5,298.15,Thermal,destabilizing,7664079.0,CD,A,49
1ARR,K47A,1.8,7.5,298.15,Thermal,destabilizing,7664079.0,CD,A,46
1ARR,P15A,1.9,7.5,298.15,Thermal,destabilizing,7664079.0,CD,A,14
1ARR,S44A,1.6,7.5,298.15,Thermal,destabilizing,7664079.0,CD,A,43
1ARR,N29A,1.6,7.5,298.15,Thermal,destabilizing,7664079.0,CD,A,28
1ARR,E48A,2.4,7.5,298.15,Thermal,destabilizing,7664079.0,CD,A,47
1ARR,L12A,2.7,7.5,298.15,Thermal,destabilizing,7664079.0,CD,A,11
1ARR,L21A,3.4,7.5,298.15,Thermal,destabilizing,7664079.0,CD,A,20
1ARR,R31A,3.4,7.5,298.15,Thermal,destabilizing,7664079.0,CD,A,30
1ARR,M42A,3.325,7.5,298.15,Thermal,destabilizing,7664079.0,CD,A,41
1ARR,Y38A,3.48,7.5,298.15,Thermal,destabilizing,7664079.0,CD,A,37
1ARR,W14A,4.0,7.5,298.15,Thermal,destabilizing,7664079.0,CD,A,13
1ARR,R40A,4.6,7.5,298.15,Thermal,destabilizing,7664079.0,CD,A,39
1ARR,V25A,0.4,7.5,298.15,Thermal,destabilizing,7664079.0,CD,A,24
1ARR,V18A,0.5,7.5,298.15,Thermal,destabilizing,7664079.0,CD,A,17
1ARR,V33A,2.1,7.5,298.15,Thermal,destabilizing,7664079.0,CD,A,32
1ARR,S32A,3.8,7.5,298.15,Thermal,destabilizing,7664079.0,CD,A,31
