pdb_id,mut_info,mut_idx,n_broken,n_formed,broken_edges,formed_edges
1BFM,M35W,34,26,6,"[(1, 3), (10, 14), (11, 13), (11, 15), (12, 13), (23, 25), (24, 28), (30, 32), (31, 32), (32, 34), (33, 35), (37, 39), (39, 41), (41, 43), (42, 61), (42, 63), (43, 44), (43, 47), (46, 47), (47, 48), (48, 50), (58, 60), (60, 62), (61, 64), (63, 64), (64, 67)]","[(11, 23), (12, 24), (16, 24), (32, 36), (35, 66), (49, 58)]"
1BFM,M35Y,34,27,6,"[(1, 3), (10, 14), (11, 13), (11, 15), (12, 13), (23, 25), (24, 28), (30, 32), (31, 32), (32, 34), (33, 35), (34, 38), (37, 39), (39, 41), (41, 43), (42, 61), (42, 63), (43, 44), (43, 47), (46, 47), (47, 48), (48, 50), (58, 60), (60, 62), (61, 64), (63, 64), (64, 67)]","[(11, 23), (12, 24), (16, 24), (32, 36), (35, 66), (49, 58)]"
1D5G,H71Y,70,48,11,"[(4, 89), (4, 90), (6, 7), (6, 87), (6, 89), (7, 86), (7, 88), (9, 10), (12, 84), (13, 15), (13, 16), (13, 48), (15, 43), (18, 20), (20, 39), (22, 54), (23, 35), (24, 35), (25, 27), (30, 32), (32, 66), (33, 65), (34, 35), (35, 55), (36, 37), (36, 91), (38, 54), (39, 52), (39, 53), (44, 46), (45, 47), (45, 48), (45, 50), (46, 49), (50, 51), (51, 90), (55, 89), (56, 90), (57, 59), (65, 66), (66, 68), (69, 70), (71, 72), (73, 75), (76, 80), (85, 86), (88, 89), (89, 90)]","[(6, 51), (6, 55), (16, 77), (24, 69), (27, 33), (28, 35), (31, 64), (34, 77), (51, 57), (57, 73), (57, 77)]"
1D5G,I20F,19,49,12,"[(4, 89), (4, 90), (6, 7), (6, 87), (6, 89), (7, 86), (7, 88), (9, 10), (12, 84), (13, 15), (13, 16), (13, 48), (15, 43), (18, 20), (19, 38), (19, 40), (20, 39), (22, 54), (23, 35), (24, 35), (25, 27), (30, 32), (32, 66), (33, 65), (34, 35), (35, 55), (36, 37), (36, 91), (38, 54), (39, 52), (39, 53), (44, 46), (45, 47), (45, 48), (45, 50), (46, 49), (50, 51), (51, 90), (55, 89), (56, 90), (57, 59), (65, 66), (66, 68), (70, 71), (73, 75), (76, 80), (85, 86), (88, 89), (89, 90)]","[(6, 51), (6, 55), (16, 77), (19, 57), (19, 77), (24, 69), (27, 33), (28, 35), (31, 64), (57, 73), (57, 77), (77, 86)]"
1EKG,L198C,108,0,3,[],"[(19, 96), (107, 108), (108, 109)]"
1EKG,L200C,110,0,1,[],"[(19, 96)]"
1EKG,L203C,113,1,1,"[(18, 113)]","[(19, 96)]"
1EKG,S181F,91,3,2,"[(76, 91), (84, 94), (91, 92)]","[(79, 91), (81, 91)]"
1FRD,H42R,41,3,2,"[(40, 41), (41, 48), (41, 79)]","[(35, 38), (47, 78)]"
1FXA,E94D,93,2,2,"[(45, 93), (91, 92)]","[(91, 93), (92, 93)]"
1FXA,E94K,93,4,2,"[(45, 93), (91, 92), (93, 96), (93, 97)]","[(91, 93), (94, 97)]"
1FXA,E94Q,93,2,2,"[(45, 93), (93, 96)]","[(37, 49), (91, 93)]"
1FXA,E95K,94,0,0,[],[]
1FXA,F65A,64,4,2,"[(45, 48), (45, 78), (45, 93), (64, 96)]","[(40, 64), (94, 97)]"
1FXA,F65I,64,1,2,"[(64, 96)]","[(40, 64), (94, 97)]"
1FXA,F65W,64,1,3,"[(43, 64)]","[(49, 64), (64, 97), (94, 97)]"
1FXA,F65Y,64,0,1,[],"[(64, 97)]"
1FXA,R42A,41,4,10,"[(27, 41), (27, 78), (30, 36), (30, 41)]","[(30, 33), (35, 38), (36, 38), (38, 48), (39, 41), (40, 41), (41, 42), (41, 43), (41, 48), (41, 79)]"
1FXA,R42H,41,2,8,"[(30, 36), (30, 41)]","[(24, 41), (30, 33), (35, 38), (36, 38), (38, 48), (40, 41), (41, 42), (41, 79)]"
1FXA,T48A,47,0,1,[],"[(37, 49)]"
1GLU,C500A,66,2,3,"[(22, 66), (29, 30)]","[(20, 66), (29, 38), (66, 70)]"
1GUA,A118G,62,1,0,"[(24, 62)]",[]
1GUA,A118L,62,4,6,"[(19, 62), (21, 25), (62, 64), (62, 66)]","[(14, 62), (15, 25), (17, 25), (22, 23), (26, 62), (62, 70)]"
1GUA,A85G,29,1,2,"[(4, 29)]","[(29, 31), (29, 35)]"
1GUA,A97G,41,1,1,"[(42, 55)]","[(74, 75)]"
1GUA,C81A,25,0,1,[],"[(17, 25)]"
1GUA,C81I,25,0,0,[],[]
1GUA,C95A,39,1,0,"[(38, 40)]",[]
1GUA,C96A,40,1,1,"[(38, 40)]","[(35, 39)]"
1GUA,C96L,40,1,2,"[(38, 40)]","[(6, 40), (36, 40)]"
1GUA,C96M,40,1,2,"[(38, 40)]","[(6, 40), (36, 40)]"
1GUA,D117A,61,1,0,"[(18, 61)]",[]
1GUA,D129A,73,0,4,[],"[(4, 71), (6, 71), (7, 71), (73, 75)]"
1GUA,D80A,24,0,0,[],[]
1GUA,E104A,48,0,1,[],"[(46, 48)]"
1GUA,E124A,68,2,3,"[(2, 69), (47, 68)]","[(44, 45), (44, 47), (56, 68)]"
1GUA,E125A,69,2,2,"[(46, 47), (47, 68)]","[(4, 69), (47, 51)]"
1GUA,I58A,2,1,0,"[(2, 68)]",[]
1GUA,I58F,2,7,2,"[(2, 4), (2, 13), (2, 26), (2, 68), (2, 69), (62, 66), (65, 66)]","[(0, 2), (2, 63)]"
1GUA,I58L,2,2,0,"[(2, 13), (2, 69)]",[]
1GUA,K109A,53,1,2,"[(53, 73)]","[(46, 53), (52, 53)]"
1GUA,L112A,56,0,5,[],"[(44, 60), (45, 68), (46, 68), (55, 56), (56, 58)]"
1GUA,L121A,65,0,3,[],"[(16, 65), (63, 65), (65, 67)]"
1GUA,L126A,70,2,2,"[(44, 70), (47, 68)]","[(5, 70), (70, 71)]"
1GUA,L62A,6,1,1,"[(6, 26)]","[(5, 6)]"
1GUA,L78A,22,1,4,"[(2, 22)]","[(22, 23), (22, 24), (22, 57), (22, 59)]"
1GUA,L82A,26,2,3,"[(2, 26), (26, 70)]","[(23, 26), (26, 27), (26, 37)]"
1GUA,L82I,26,1,3,"[(2, 26)]","[(23, 26), (23, 38), (26, 37)]"
1GUA,L82V,26,0,3,[],"[(23, 26), (23, 38), (26, 37)]"
1GUA,L86A,30,2,6,"[(4, 30), (30, 58)]","[(26, 37), (27, 30), (30, 31), (30, 32), (35, 37), (37, 72)]"
1GUA,L91A,35,0,4,[],"[(7, 71), (35, 37), (35, 39), (36, 40)]"
1GUA,M76A,20,0,2,[],"[(20, 61), (20, 63)]"
1GUA,N56M,0,1,0,"[(0, 15)]",[]
1GUA,N64A,8,0,2,[],"[(8, 35), (8, 74)]"
1GUA,P63A,7,0,1,[],"[(36, 40)]"
1GUA,P93A,37,3,1,"[(27, 37), (35, 36), (38, 40)]","[(37, 72)]"
1GUA,Q66A,10,0,2,[],"[(10, 11), (10, 12)]"
1GUA,R100A,44,1,4,"[(47, 68)]","[(42, 44), (43, 44), (44, 45), (56, 68)]"
1GUA,R59A,3,0,4,[],"[(2, 3), (3, 4), (3, 12), (3, 70)]"
1GUA,R89L,33,0,0,[],[]
1GUA,S77A,21,0,0,[],[]
1GUA,S77T,21,0,0,[],[]
1GUA,T68A,12,0,1,[],"[(11, 12)]"
1GUA,V128A,72,1,0,"[(38, 40)]",[]
1GUA,V60A,4,1,1,"[(4, 30)]","[(3, 4)]"
1GUA,V69A,13,0,0,[],[]
1GUA,V70A,14,0,0,[],[]
1GUA,V72A,16,0,0,[],[]
1GUA,V72I,16,1,0,"[(16, 18)]",[]
1GUA,V98A,42,0,0,[],[]
1H0X,P18A,9,0,0,[],[]
1H0X,P62A,53,0,0,[],[]
1HCQ,C67A,66,6,1,"[(18, 72), (18, 73), (33, 35), (34, 72), (38, 39), (39, 40)]","[(66, 70)]"
1HCQ,C67S,66,7,0,"[(18, 72), (18, 73), (20, 66), (33, 35), (34, 72), (38, 39), (39, 40)]",[]
1IOJ,G15A,14,21,5,"[(6, 8), (7, 8), (12, 15), (12, 16), (16, 18), (17, 18), (19, 21), (20, 21), (21, 23), (23, 26), (28, 29), (31, 33), (32, 33), (35, 37), (36, 39), (43, 46), (44, 45), (48, 49), (48, 50), (53, 55), (54, 56)]","[(1, 14), (5, 9), (6, 14), (10, 12), (27, 32)]"
1IV9,S76Y,75,1,4,"[(74, 75)]","[(45, 57), (45, 75), (55, 75), (75, 77)]"
1J8I,K25A,24,36,10,"[(0, 2), (3, 5), (4, 6), (6, 7), (6, 11), (7, 8), (10, 45), (14, 17), (17, 55), (21, 23), (22, 23), (24, 70), (29, 36), (38, 39), (38, 47), (41, 43), (45, 46), (52, 56), (53, 54), (53, 55), (54, 57), (55, 56), (55, 57), (56, 57), (57, 59), (57, 60), (59, 60), (59, 61), (61, 63), (64, 65), (67, 70), (68, 69), (69, 70), (69, 72), (81, 82), (81, 83)]","[(10, 16), (10, 35), (10, 48), (11, 16), (13, 50), (17, 52), (23, 24), (24, 62), (27, 70), (38, 54)]"
1J8I,K66A,65,36,12,"[(0, 2), (3, 5), (4, 6), (6, 7), (6, 11), (7, 8), (10, 45), (14, 17), (17, 55), (21, 23), (22, 23), (24, 40), (24, 43), (29, 36), (38, 39), (38, 47), (41, 43), (41, 65), (45, 46), (52, 56), (53, 54), (53, 55), (54, 57), (55, 56), (55, 57), (56, 57), (57, 59), (57, 60), (59, 60), (61, 63), (67, 70), (68, 69), (69, 70), (69, 72), (81, 82), (81, 83)]","[(10, 16), (10, 35), (10, 48), (11, 16), (13, 50), (17, 52), (27, 70), (38, 54), (60, 64), (63, 64), (65, 67), (66, 71)]"
1J8I,R23A,22,37,10,"[(0, 2), (3, 5), (4, 6), (6, 7), (6, 11), (7, 8), (10, 45), (14, 17), (17, 55), (18, 38), (21, 23), (24, 40), (24, 43), (29, 36), (38, 39), (38, 47), (41, 43), (45, 46), (52, 56), (53, 54), (53, 55), (54, 57), (55, 56), (55, 57), (56, 57), (57, 59), (57, 60), (59, 60), (59, 61), (61, 63), (64, 65), (67, 70), (68, 69), (69, 70), (69, 72), (81, 82), (81, 83)]","[(10, 16), (10, 35), (10, 48), (11, 16), (13, 50), (17, 52), (20, 22), (27, 70), (38, 54), (66, 71)]"
1J8I,R35A,34,37,12,"[(0, 2), (3, 5), (4, 6), (6, 7), (6, 11), (7, 8), (10, 45), (14, 17), (17, 55), (21, 23), (22, 23), (24, 40), (24, 43), (29, 36), (38, 39), (38, 47), (41, 43), (45, 46), (52, 56), (53, 54), (53, 55), (54, 57), (55, 56), (55, 57), (56, 57), (57, 59), (57, 60), (59, 60), (59, 61), (61, 63), (64, 65), (67, 70), (68, 69), (69, 70), (69, 72), (81, 82), (81, 83)]","[(10, 16), (10, 35), (10, 48), (11, 16), (13, 50), (17, 52), (27, 70), (29, 34), (32, 34), (33, 34), (38, 54), (66, 71)]"
1J8I,R43A,42,41,12,"[(0, 2), (3, 5), (4, 6), (6, 7), (6, 11), (7, 8), (10, 45), (14, 17), (17, 55), (21, 23), (22, 23), (23, 41), (23, 65), (24, 40), (24, 43), (24, 65), (29, 36), (38, 39), (38, 47), (41, 43), (41, 65), (45, 46), (52, 56), (53, 54), (53, 55), (54, 57), (55, 56), (55, 57), (56, 57), (57, 59), (57, 60), (59, 60), (59, 61), (61, 63), (65, 66), (67, 70), (68, 69), (69, 70), (69, 72), (81, 82), (81, 83)]","[(10, 16), (10, 35), (10, 48), (11, 16), (13, 50), (16, 44), (17, 52), (18, 44), (27, 70), (38, 54), (41, 42), (66, 71)]"
1J8I,R9A,8,36,9,"[(0, 2), (3, 5), (4, 6), (6, 7), (6, 11), (10, 45), (14, 17), (17, 55), (21, 23), (22, 23), (24, 40), (24, 43), (29, 36), (38, 39), (38, 47), (41, 43), (45, 46), (52, 56), (53, 54), (53, 55), (54, 57), (55, 56), (55, 57), (56, 57), (57, 59), (57, 60), (59, 60), (59, 61), (61, 63), (64, 65), (67, 70), (68, 69), (69, 70), (69, 72), (81, 82), (81, 83)]","[(10, 16), (10, 35), (10, 48), (11, 16), (13, 50), (17, 52), (27, 70), (38, 54), (66, 71)]"
1JL9,A25C,19,0,0,[],[]
1L6H,F39A,38,27,25,"[(0, 2), (0, 40), (1, 36), (1, 44), (3, 10), (6, 8), (8, 10), (9, 12), (10, 14), (13, 59), (14, 38), (15, 18), (16, 57), (20, 24), (26, 28), (27, 62), (29, 32), (35, 36), (35, 39), (35, 66), (38, 45), (38, 47), (39, 65), (49, 51), (50, 52), (57, 59), (65, 67)]","[(0, 38), (2, 33), (7, 24), (8, 47), (9, 27), (10, 35), (10, 62), (10, 65), (13, 24), (13, 56), (14, 51), (15, 47), (16, 19), (17, 20), (17, 21), (18, 24), (21, 58), (25, 58), (31, 65), (34, 38), (36, 38), (38, 40), (44, 53), (48, 66), (64, 68)]"
1L6H,Y45A,44,30,24,"[(0, 2), (0, 40), (1, 36), (6, 8), (8, 10), (9, 12), (13, 59), (14, 16), (14, 44), (14, 49), (15, 18), (16, 57), (20, 24), (26, 28), (27, 62), (29, 32), (35, 36), (35, 39), (35, 66), (37, 38), (38, 42), (38, 45), (38, 47), (39, 65), (40, 41), (41, 66), (49, 51), (50, 52), (57, 59), (65, 67)]","[(0, 44), (2, 33), (3, 31), (3, 44), (7, 24), (8, 47), (9, 27), (10, 35), (10, 62), (10, 65), (13, 24), (13, 56), (15, 47), (16, 19), (17, 20), (17, 21), (18, 24), (21, 58), (25, 58), (31, 65), (41, 46), (44, 46), (44, 47), (64, 68)]"
1L6H,Y48A,47,30,22,"[(0, 2), (0, 40), (1, 36), (1, 44), (3, 47), (6, 8), (7, 47), (8, 10), (9, 12), (10, 14), (11, 47), (13, 59), (15, 18), (16, 57), (20, 24), (26, 28), (27, 62), (29, 32), (35, 36), (35, 39), (35, 66), (37, 38), (38, 45), (39, 65), (47, 51), (48, 50), (49, 51), (50, 52), (57, 59), (65, 67)]","[(2, 33), (3, 31), (7, 24), (9, 27), (10, 35), (10, 62), (10, 65), (13, 24), (13, 56), (16, 19), (17, 20), (17, 21), (18, 24), (21, 58), (25, 58), (31, 65), (44, 47), (44, 53), (45, 47), (46, 47), (48, 66), (64, 68)]"
1N88,F21A,20,39,16,"[(0, 1), (5, 33), (6, 30), (11, 20), (11, 91), (12, 17), (12, 20), (13, 17), (13, 20), (14, 17), (14, 19), (17, 91), (17, 94), (20, 26), (27, 28), (28, 29), (30, 76), (34, 35), (36, 38), (39, 42), (40, 42), (40, 50), (41, 43), (52, 53), (56, 78), (59, 63), (59, 75), (60, 75), (62, 63), (71, 73), (74, 75), (75, 76), (81, 83), (82, 87), (87, 89), (88, 92), (89, 91), (90, 92), (91, 93)]","[(4, 32), (4, 37), (6, 34), (15, 77), (16, 77), (16, 91), (17, 21), (27, 41), (27, 88), (27, 90), (35, 78), (38, 50), (42, 78), (48, 80), (57, 72), (82, 85)]"
1N88,I39A,38,32,16,"[(0, 1), (5, 33), (6, 30), (7, 53), (11, 91), (14, 17), (14, 19), (17, 19), (18, 20), (27, 28), (28, 29), (30, 76), (35, 76), (40, 42), (40, 50), (41, 43), (52, 53), (56, 78), (59, 63), (59, 75), (60, 75), (62, 63), (71, 73), (74, 75), (75, 76), (81, 83), (82, 87), (87, 89), (88, 92), (89, 91), (90, 92), (91, 93)]","[(4, 32), (4, 37), (6, 34), (7, 55), (15, 77), (16, 77), (16, 91), (27, 41), (27, 88), (27, 90), (35, 39), (38, 50), (42, 78), (48, 80), (57, 72), (82, 85)]"
1N88,I80A,79,34,17,"[(0, 1), (5, 33), (6, 30), (11, 91), (14, 17), (14, 19), (17, 19), (18, 20), (26, 28), (27, 28), (28, 29), (30, 76), (34, 35), (36, 38), (39, 42), (40, 42), (40, 50), (41, 43), (52, 53), (55, 77), (59, 63), (59, 75), (60, 75), (62, 63), (71, 73), (74, 75), (75, 76), (81, 83), (82, 87), (87, 89), (88, 92), (89, 91), (90, 92), (91, 93)]","[(4, 32), (4, 37), (6, 34), (13, 77), (15, 77), (16, 77), (16, 91), (27, 41), (27, 88), (27, 90), (35, 78), (38, 50), (42, 78), (48, 80), (57, 72), (79, 81), (82, 85)]"
1N88,I89A,88,34,21,"[(0, 1), (3, 27), (5, 33), (6, 30), (9, 27), (11, 91), (14, 17), (14, 19), (17, 19), (18, 20), (27, 28), (28, 29), (30, 76), (34, 35), (36, 38), (40, 42), (40, 50), (41, 43), (44, 46), (52, 53), (56, 78), (59, 63), (59, 75), (60, 75), (62, 63), (71, 73), (74, 75), (75, 76), (81, 83), (82, 87), (87, 89), (89, 91), (90, 92), (91, 93)]","[(4, 32), (4, 37), (6, 34), (15, 77), (16, 77), (16, 91), (20, 27), (20, 88), (27, 38), (27, 79), (27, 88), (27, 90), (35, 78), (38, 50), (42, 78), (47, 48), (48, 80), (48, 90), (57, 72), (82, 85), (87, 88)]"
1N88,I8V,7,34,16,"[(0, 1), (5, 33), (6, 30), (7, 53), (11, 91), (14, 17), (14, 19), (17, 19), (18, 20), (27, 28), (28, 29), (30, 76), (34, 35), (36, 38), (40, 42), (40, 50), (41, 43), (44, 46), (52, 53), (56, 78), (59, 63), (59, 75), (60, 75), (62, 63), (71, 73), (74, 75), (75, 76), (81, 83), (82, 87), (87, 89), (88, 92), (89, 91), (90, 92), (91, 93)]","[(4, 7), (4, 32), (4, 37), (6, 34), (7, 45), (15, 77), (16, 77), (16, 91), (27, 88), (27, 90), (35, 78), (38, 50), (42, 78), (48, 80), (57, 72), (82, 85)]"
1N88,L13A,12,40,17,"[(0, 1), (5, 33), (6, 30), (11, 20), (12, 17), (12, 20), (13, 17), (13, 20), (14, 17), (14, 19), (16, 20), (17, 91), (17, 94), (20, 26), (27, 28), (28, 29), (30, 76), (34, 35), (36, 38), (39, 42), (40, 42), (40, 50), (41, 43), (52, 53), (56, 78), (59, 63), (59, 75), (60, 75), (62, 63), (71, 73), (74, 75), (75, 76), (81, 83), (82, 87), (87, 89), (88, 92), (89, 91), (90, 92), (91, 92), (91, 93)]","[(4, 32), (4, 37), (6, 34), (15, 77), (16, 77), (16, 91), (17, 21), (20, 95), (27, 41), (27, 88), (27, 90), (35, 78), (38, 50), (42, 78), (48, 80), (57, 72), (82, 85)]"
1N88,L57A,56,34,15,"[(0, 1), (5, 33), (6, 30), (11, 91), (14, 17), (14, 19), (17, 19), (18, 20), (26, 56), (27, 28), (28, 29), (30, 76), (34, 35), (36, 38), (39, 42), (40, 42), (40, 50), (41, 43), (52, 53), (56, 78), (59, 63), (59, 75), (60, 75), (62, 63), (71, 73), (74, 75), (75, 76), (81, 83), (82, 87), (87, 89), (88, 92), (89, 91), (90, 92), (91, 93)]","[(4, 32), (4, 37), (6, 34), (15, 77), (16, 77), (16, 91), (27, 41), (27, 88), (27, 90), (35, 78), (38, 50), (42, 78), (48, 80), (55, 57), (82, 85)]"
1N88,V12A,11,35,15,"[(0, 1), (5, 33), (6, 30), (11, 91), (13, 20), (14, 17), (14, 19), (17, 19), (18, 20), (19, 26), (27, 28), (28, 29), (30, 76), (34, 35), (36, 38), (39, 42), (40, 42), (40, 50), (41, 43), (52, 53), (56, 78), (59, 63), (59, 75), (60, 75), (62, 63), (71, 73), (74, 75), (75, 76), (81, 83), (82, 87), (87, 89), (88, 92), (89, 91), (90, 92), (91, 93)]","[(4, 32), (4, 37), (6, 34), (15, 77), (16, 77), (16, 91), (27, 41), (27, 88), (27, 90), (35, 78), (38, 50), (42, 78), (48, 80), (57, 72), (82, 85)]"
1N88,V30A,29,34,15,"[(0, 1), (5, 33), (6, 30), (11, 91), (14, 17), (14, 19), (17, 19), (18, 20), (27, 28), (30, 76), (32, 76), (34, 35), (35, 76), (36, 38), (39, 42), (40, 42), (40, 50), (41, 43), (52, 53), (56, 78), (59, 63), (59, 75), (60, 75), (62, 63), (71, 73), (74, 75), (75, 76), (81, 83), (82, 87), (87, 89), (88, 92), (89, 91), (90, 92), (91, 93)]","[(4, 32), (4, 37), (6, 34), (15, 77), (16, 77), (16, 91), (27, 41), (27, 88), (27, 90), (35, 78), (38, 50), (42, 78), (48, 80), (57, 72), (82, 85)]"
1N88,V43A,42,34,14,"[(0, 1), (5, 33), (6, 30), (11, 91), (14, 17), (14, 19), (17, 19), (18, 20), (27, 28), (28, 29), (30, 76), (34, 35), (36, 38), (39, 42), (40, 42), (40, 50), (41, 43), (44, 46), (52, 53), (56, 78), (59, 63), (59, 75), (60, 75), (62, 63), (71, 73), (74, 75), (75, 76), (81, 83), (82, 87), (87, 89), (88, 92), (89, 91), (90, 92), (91, 93)]","[(4, 32), (4, 37), (6, 34), (15, 77), (16, 77), (16, 91), (27, 41), (27, 88), (27, 90), (35, 78), (38, 50), (48, 80), (57, 72), (82, 85)]"
1N88,V49A,48,35,16,"[(0, 1), (5, 33), (6, 30), (11, 91), (14, 17), (14, 19), (17, 19), (18, 20), (27, 28), (28, 29), (30, 76), (34, 35), (36, 38), (39, 42), (40, 42), (40, 50), (41, 43), (51, 86), (52, 53), (56, 78), (59, 63), (59, 75), (60, 75), (62, 63), (71, 73), (74, 75), (75, 76), (81, 83), (82, 87), (84, 86), (87, 89), (88, 92), (89, 91), (90, 92), (91, 93)]","[(4, 32), (4, 37), (6, 34), (15, 77), (16, 77), (16, 91), (27, 41), (27, 88), (27, 90), (35, 78), (38, 50), (42, 78), (47, 48), (57, 72), (82, 85), (86, 88)]"
1N88,V51A,50,33,15,"[(0, 1), (5, 33), (6, 30), (7, 53), (11, 91), (14, 17), (14, 19), (17, 19), (18, 20), (27, 28), (28, 29), (30, 76), (34, 35), (36, 38), (38, 39), (40, 42), (40, 50), (41, 43), (56, 78), (59, 63), (59, 75), (60, 75), (62, 63), (71, 73), (74, 75), (75, 76), (81, 83), (82, 87), (87, 89), (88, 92), (89, 91), (90, 92), (91, 93)]","[(4, 32), (4, 37), (6, 34), (15, 77), (16, 77), (16, 91), (27, 41), (27, 88), (27, 90), (35, 78), (39, 49), (42, 78), (48, 80), (57, 72), (82, 85)]"
1N88,V54A,53,34,16,"[(0, 1), (5, 33), (6, 30), (7, 53), (11, 91), (14, 17), (14, 19), (17, 19), (18, 20), (27, 28), (28, 29), (30, 76), (34, 35), (36, 38), (38, 39), (39, 42), (40, 42), (40, 50), (41, 43), (56, 78), (59, 63), (59, 75), (60, 75), (62, 63), (71, 73), (74, 75), (75, 76), (81, 83), (82, 87), (87, 89), (88, 92), (89, 91), (90, 92), (91, 93)]","[(4, 32), (4, 37), (6, 34), (15, 77), (16, 77), (16, 91), (27, 41), (27, 88), (27, 90), (35, 78), (38, 50), (39, 49), (42, 78), (48, 80), (57, 72), (82, 85)]"
1N88,V81A,80,32,15,"[(0, 1), (5, 33), (6, 30), (11, 91), (14, 17), (14, 19), (17, 19), (18, 20), (27, 28), (28, 29), (30, 76), (34, 35), (36, 38), (40, 42), (40, 50), (41, 43), (52, 53), (56, 78), (59, 63), (59, 75), (60, 75), (62, 63), (71, 73), (74, 75), (75, 76), (81, 83), (82, 87), (87, 89), (88, 92), (89, 91), (90, 92), (91, 93)]","[(4, 32), (4, 37), (6, 34), (15, 77), (16, 77), (16, 91), (27, 41), (27, 88), (27, 90), (35, 78), (38, 50), (42, 78), (48, 80), (57, 72), (82, 85)]"
1N88,V83A,82,35,18,"[(0, 1), (5, 33), (6, 30), (11, 91), (14, 17), (14, 19), (17, 19), (18, 20), (25, 81), (27, 28), (28, 29), (30, 76), (34, 35), (36, 38), (39, 42), (40, 42), (40, 50), (41, 43), (51, 86), (52, 53), (56, 78), (59, 63), (59, 75), (60, 75), (62, 63), (71, 73), (74, 75), (75, 76), (80, 81), (82, 87), (87, 89), (88, 92), (89, 91), (90, 92), (91, 93)]","[(4, 32), (4, 37), (6, 34), (15, 77), (16, 77), (16, 91), (27, 41), (27, 88), (27, 90), (35, 78), (38, 50), (42, 78), (47, 48), (48, 80), (48, 90), (57, 72), (82, 84), (82, 85)]"
1N88,Y18A,17,37,17,"[(0, 1), (5, 33), (6, 30), (11, 20), (11, 91), (12, 20), (13, 20), (14, 19), (16, 20), (17, 91), (17, 94), (20, 26), (27, 28), (28, 29), (30, 76), (34, 35), (36, 38), (39, 42), (40, 42), (40, 50), (41, 43), (52, 53), (56, 78), (59, 63), (59, 75), (60, 75), (62, 63), (71, 73), (74, 75), (75, 76), (81, 83), (82, 87), (87, 89), (88, 92), (89, 91), (90, 92), (91, 93)]","[(4, 32), (4, 37), (6, 34), (15, 77), (16, 77), (16, 91), (17, 21), (20, 95), (27, 41), (27, 88), (27, 90), (35, 78), (38, 50), (42, 78), (48, 80), (57, 72), (82, 85)]"
1N88,Y26A,25,34,22,"[(0, 1), (5, 33), (6, 30), (14, 17), (14, 19), (17, 19), (18, 20), (25, 48), (25, 92), (27, 28), (28, 29), (30, 76), (34, 35), (36, 38), (39, 42), (40, 42), (40, 50), (41, 43), (52, 53), (56, 78), (59, 63), (59, 75), (60, 75), (62, 63), (71, 73), (74, 75), (75, 76), (81, 83), (82, 87), (87, 89), (89, 91), (89, 92), (90, 92), (91, 93)]","[(4, 32), (4, 37), (6, 34), (10, 25), (15, 77), (16, 25), (16, 77), (16, 91), (25, 26), (25, 42), (25, 78), (25, 79), (27, 41), (27, 88), (27, 90), (35, 78), (38, 50), (42, 78), (47, 48), (48, 80), (48, 90), (57, 72)]"
1O6X,A31G,30,33,10,"[(3, 4), (7, 56), (8, 56), (9, 10), (9, 11), (9, 78), (13, 15), (13, 49), (14, 73), (15, 49), (17, 22), (18, 22), (19, 20), (22, 24), (23, 24), (26, 27), (29, 34), (31, 32), (34, 35), (37, 39), (38, 41), (41, 49), (50, 51), (58, 60), (61, 63), (62, 63), (62, 66), (63, 64), (65, 67), (66, 68), (71, 73), (74, 75), (74, 77)]","[(10, 62), (14, 68), (22, 47), (24, 67), (28, 38), (28, 51), (39, 75), (55, 59), (58, 74), (61, 72)]"
1O6X,A50G,49,35,11,"[(3, 4), (7, 56), (8, 56), (9, 10), (9, 11), (9, 78), (13, 14), (13, 15), (13, 49), (14, 50), (14, 73), (17, 22), (18, 22), (19, 20), (22, 24), (24, 65), (26, 27), (29, 34), (31, 32), (34, 35), (37, 39), (38, 41), (40, 42), (41, 49), (50, 51), (58, 60), (61, 63), (62, 63), (62, 66), (63, 64), (65, 67), (66, 68), (71, 73), (74, 75), (74, 77)]","[(10, 62), (14, 68), (22, 47), (24, 67), (25, 64), (28, 38), (28, 51), (39, 49), (39, 75), (55, 59), (58, 74)]"
1O6X,D38A,37,32,10,"[(3, 4), (7, 56), (8, 56), (9, 10), (9, 11), (9, 78), (13, 15), (13, 49), (14, 73), (15, 49), (17, 22), (18, 22), (19, 20), (22, 24), (23, 24), (26, 27), (29, 34), (31, 32), (34, 35), (38, 41), (41, 49), (50, 51), (58, 60), (61, 63), (62, 63), (62, 66), (63, 64), (65, 67), (66, 68), (71, 73), (74, 75), (74, 77)]","[(10, 62), (14, 68), (22, 47), (24, 67), (28, 38), (28, 51), (39, 75), (55, 59), (58, 74), (61, 72)]"
1O6X,E14A,13,33,11,"[(3, 4), (7, 56), (8, 56), (9, 10), (9, 11), (9, 78), (13, 74), (14, 73), (15, 49), (17, 22), (18, 22), (19, 20), (22, 24), (23, 24), (26, 27), (29, 34), (31, 32), (34, 35), (37, 39), (38, 41), (41, 49), (50, 51), (58, 60), (61, 63), (62, 63), (62, 66), (63, 64), (65, 67), (66, 68), (71, 73), (73, 75), (74, 75), (74, 77)]","[(10, 62), (12, 50), (14, 68), (22, 47), (24, 67), (28, 38), (28, 51), (39, 75), (55, 59), (58, 74), (61, 72)]"
1O6X,E20G,19,32,12,"[(3, 4), (7, 56), (8, 56), (9, 10), (9, 11), (9, 78), (13, 15), (13, 49), (14, 73), (15, 49), (17, 22), (18, 22), (22, 24), (23, 24), (26, 27), (29, 34), (31, 32), (34, 35), (37, 39), (38, 41), (41, 49), (50, 51), (58, 60), (61, 63), (62, 63), (62, 66), (63, 64), (65, 67), (66, 68), (71, 73), (74, 75), (74, 77)]","[(10, 62), (14, 68), (19, 21), (19, 23), (22, 47), (24, 67), (28, 38), (28, 51), (39, 75), (55, 59), (58, 74), (61, 72)]"
1O6X,F39L,38,36,10,"[(3, 4), (7, 56), (8, 56), (9, 10), (9, 11), (9, 78), (13, 15), (13, 49), (14, 73), (15, 49), (17, 22), (18, 22), (19, 20), (22, 24), (23, 24), (25, 36), (26, 27), (29, 34), (29, 35), (29, 37), (29, 51), (31, 32), (34, 35), (37, 39), (41, 49), (51, 52), (58, 60), (61, 63), (62, 63), (62, 66), (63, 64), (65, 67), (66, 68), (71, 73), (74, 75), (74, 77)]","[(9, 36), (10, 62), (14, 68), (22, 47), (24, 67), (28, 51), (39, 75), (55, 59), (58, 74), (61, 72)]"
1O6X,F65A,64,33,11,"[(3, 4), (7, 56), (8, 56), (9, 10), (9, 11), (9, 78), (13, 15), (13, 49), (14, 73), (15, 49), (17, 22), (18, 22), (19, 20), (22, 24), (23, 24), (26, 27), (27, 64), (29, 34), (31, 32), (34, 35), (37, 39), (38, 41), (41, 49), (50, 51), (58, 60), (61, 63), (62, 63), (62, 66), (65, 67), (66, 68), (71, 73), (74, 75), (74, 77)]","[(10, 62), (14, 68), (22, 47), (24, 67), (28, 38), (28, 51), (34, 56), (39, 75), (55, 59), (58, 74), (61, 72)]"
1O6X,H51A,50,36,14,"[(3, 4), (7, 56), (8, 56), (9, 10), (9, 11), (9, 78), (11, 13), (11, 39), (12, 13), (13, 74), (14, 73), (15, 49), (17, 22), (18, 22), (19, 20), (22, 24), (23, 24), (26, 27), (29, 34), (31, 32), (34, 35), (37, 39), (38, 41), (39, 51), (39, 52), (41, 49), (58, 60), (61, 63), (62, 63), (62, 66), (63, 64), (65, 67), (66, 68), (71, 73), (76, 78), (77, 78)]","[(10, 62), (12, 50), (12, 75), (14, 68), (22, 47), (24, 67), (28, 38), (28, 51), (39, 40), (39, 75), (48, 75), (55, 59), (58, 74), (61, 72)]"
1O6X,I15V,14,35,10,"[(3, 4), (7, 56), (8, 56), (9, 10), (9, 11), (9, 78), (13, 15), (13, 49), (14, 73), (15, 49), (17, 22), (18, 22), (19, 20), (22, 24), (23, 24), (25, 29), (25, 36), (26, 27), (29, 34), (31, 32), (34, 35), (37, 39), (38, 41), (41, 49), (50, 51), (58, 60), (61, 63), (62, 63), (62, 66), (63, 64), (65, 67), (66, 68), (71, 73), (74, 75), (74, 77)]","[(10, 62), (14, 68), (22, 47), (24, 67), (25, 64), (28, 38), (28, 51), (39, 75), (55, 59), (58, 74)]"
1O6X,I23V,22,33,10,"[(3, 4), (7, 56), (8, 56), (9, 10), (9, 11), (9, 78), (13, 15), (13, 49), (14, 73), (15, 49), (17, 22), (18, 22), (19, 20), (22, 24), (23, 24), (26, 27), (29, 34), (31, 32), (34, 35), (37, 39), (38, 41), (41, 49), (50, 51), (58, 60), (61, 63), (62, 63), (62, 66), (63, 64), (65, 67), (66, 68), (71, 73), (74, 75), (74, 77)]","[(10, 62), (14, 68), (21, 45), (24, 67), (28, 38), (28, 51), (39, 75), (55, 59), (58, 74), (61, 72)]"
1O6X,I71V,70,39,9,"[(3, 4), (7, 56), (8, 56), (9, 10), (9, 11), (9, 78), (13, 14), (13, 15), (13, 49), (14, 50), (14, 73), (15, 49), (15, 70), (17, 22), (18, 22), (19, 20), (22, 24), (23, 24), (25, 68), (25, 70), (26, 27), (29, 34), (31, 32), (34, 35), (37, 39), (38, 41), (41, 49), (50, 51), (58, 60), (61, 63), (62, 63), (62, 66), (63, 64), (65, 67), (65, 68), (66, 68), (71, 73), (74, 75), (74, 77)]","[(10, 62), (22, 47), (24, 67), (28, 38), (28, 51), (39, 75), (55, 59), (58, 74), (61, 72)]"
1O6X,I75A,74,31,9,"[(3, 4), (7, 56), (8, 56), (9, 10), (9, 11), (9, 78), (11, 13), (12, 13), (13, 74), (14, 73), (15, 49), (17, 22), (18, 22), (19, 20), (22, 24), (23, 24), (26, 27), (29, 34), (31, 32), (34, 35), (37, 39), (38, 41), (41, 49), (50, 51), (58, 60), (61, 63), (62, 66), (63, 64), (65, 67), (66, 68), (71, 73)]","[(10, 62), (14, 68), (22, 47), (24, 67), (28, 38), (28, 51), (39, 75), (55, 59), (61, 72)]"
1O6X,K41A,40,34,11,"[(3, 4), (7, 56), (8, 56), (9, 10), (9, 11), (9, 78), (13, 15), (13, 49), (14, 73), (15, 49), (17, 22), (18, 22), (19, 20), (22, 24), (23, 24), (26, 27), (29, 34), (31, 32), (34, 35), (37, 39), (38, 41), (39, 51), (41, 49), (50, 51), (58, 60), (61, 63), (62, 63), (62, 66), (63, 64), (65, 67), (66, 68), (71, 73), (74, 75), (74, 77)]","[(10, 62), (12, 50), (14, 68), (22, 47), (24, 67), (28, 38), (28, 51), (39, 40), (55, 59), (58, 74), (61, 72)]"
1O6X,L26V,25,38,11,"[(3, 4), (7, 56), (8, 56), (9, 10), (9, 11), (9, 78), (13, 14), (13, 15), (13, 49), (14, 50), (14, 73), (15, 49), (17, 22), (18, 22), (19, 20), (22, 24), (23, 24), (25, 29), (25, 36), (26, 27), (29, 34), (31, 32), (34, 35), (37, 39), (38, 41), (40, 42), (41, 49), (50, 51), (58, 60), (61, 63), (62, 63), (62, 66), (63, 64), (65, 67), (66, 68), (71, 73), (74, 75), (74, 77)]","[(10, 62), (14, 68), (22, 47), (24, 67), (25, 64), (28, 38), (28, 51), (39, 75), (55, 59), (58, 74), (61, 72)]"
1O6X,N58A,57,33,11,"[(3, 4), (7, 56), (8, 56), (9, 10), (9, 11), (9, 78), (13, 15), (13, 49), (14, 73), (15, 49), (17, 22), (18, 22), (19, 20), (22, 24), (23, 24), (26, 27), (29, 34), (31, 32), (34, 35), (37, 39), (38, 41), (41, 49), (50, 51), (58, 60), (61, 63), (62, 63), (62, 66), (63, 64), (65, 67), (66, 68), (71, 73), (74, 75), (74, 77)]","[(10, 62), (14, 68), (22, 47), (24, 67), (28, 38), (28, 51), (34, 56), (39, 75), (55, 59), (58, 74), (61, 72)]"
1O6X,Q60G,59,32,11,"[(3, 4), (7, 56), (8, 56), (9, 10), (9, 11), (9, 78), (13, 15), (13, 49), (14, 73), (15, 49), (17, 22), (18, 22), (19, 20), (22, 24), (23, 24), (26, 27), (29, 34), (31, 32), (34, 35), (37, 39), (38, 41), (41, 49), (50, 51), (58, 60), (61, 63), (62, 66), (63, 64), (65, 67), (66, 68), (71, 73), (74, 75), (74, 77)]","[(14, 68), (22, 47), (24, 67), (28, 38), (28, 51), (39, 75), (55, 59), (57, 59), (58, 74), (59, 61), (61, 72)]"
1O6X,V12A,11,42,11,"[(3, 4), (7, 56), (8, 56), (9, 10), (9, 11), (9, 78), (13, 15), (13, 49), (14, 73), (15, 49), (16, 47), (17, 22), (18, 22), (19, 20), (22, 24), (23, 24), (26, 27), (29, 34), (31, 32), (34, 35), (37, 39), (38, 41), (39, 51), (40, 42), (41, 49), (42, 47), (43, 47), (45, 47), (47, 49), (50, 51), (58, 60), (61, 63), (62, 63), (62, 66), (63, 64), (65, 67), (66, 68), (71, 73), (73, 75), (74, 75), (74, 77), (76, 78)]","[(10, 62), (12, 50), (14, 68), (24, 67), (28, 38), (28, 51), (39, 40), (39, 75), (55, 59), (58, 74), (61, 72)]"
1O6X,V52A,51,36,10,"[(3, 4), (7, 56), (8, 56), (9, 10), (9, 11), (9, 78), (13, 14), (13, 15), (13, 49), (14, 50), (14, 73), (15, 49), (17, 22), (18, 22), (19, 20), (22, 24), (23, 24), (25, 29), (25, 36), (26, 27), (29, 34), (31, 32), (34, 35), (37, 39), (38, 41), (41, 49), (58, 60), (61, 63), (62, 63), (62, 66), (63, 64), (65, 67), (66, 68), (71, 73), (74, 75), (74, 77)]","[(10, 62), (14, 68), (22, 47), (24, 67), (25, 64), (28, 38), (39, 75), (55, 59), (58, 74), (61, 72)]"
1O6X,V64G,63,30,12,"[(3, 4), (7, 56), (8, 56), (9, 10), (9, 11), (9, 78), (13, 15), (13, 49), (14, 73), (15, 49), (17, 22), (18, 22), (19, 20), (22, 24), (23, 24), (26, 27), (29, 34), (31, 32), (34, 35), (37, 39), (38, 41), (41, 49), (50, 51), (58, 60), (62, 66), (65, 67), (66, 68), (71, 73), (74, 75), (74, 77)]","[(10, 62), (14, 68), (22, 47), (24, 67), (28, 38), (28, 51), (39, 75), (55, 59), (58, 74), (61, 72), (63, 65), (63, 72)]"
1O6X,Y73L,72,35,10,"[(3, 4), (7, 56), (8, 56), (9, 10), (9, 11), (9, 78), (13, 15), (13, 49), (14, 73), (15, 49), (17, 22), (18, 22), (19, 20), (22, 24), (23, 24), (26, 27), (28, 65), (29, 34), (31, 32), (34, 35), (37, 39), (38, 41), (41, 49), (50, 51), (58, 60), (61, 63), (62, 66), (63, 64), (65, 66), (65, 67), (66, 68), (66, 72), (71, 73), (74, 75), (74, 77)]","[(13, 72), (14, 68), (22, 47), (24, 67), (28, 38), (28, 51), (39, 75), (55, 59), (58, 74), (61, 72)]"
1R6R,I88N,67,26,6,"[(0, 1), (3, 5), (8, 11), (9, 13), (12, 26), (23, 24), (26, 28), (28, 30), (29, 31), (30, 41), (31, 33), (34, 40), (35, 38), (39, 41), (46, 49), (47, 49), (56, 58), (60, 61), (64, 67), (64, 68), (65, 66), (66, 68), (72, 74), (73, 75), (75, 76), (77, 78)]","[(4, 39), (7, 25), (16, 26), (23, 51), (27, 51), (30, 47)]"
1R6R,L50S,29,31,6,"[(0, 1), (3, 5), (5, 7), (6, 7), (6, 8), (7, 9), (8, 43), (8, 44), (9, 13), (12, 26), (23, 24), (26, 28), (28, 30), (30, 41), (31, 33), (34, 40), (35, 38), (39, 41), (46, 49), (47, 49), (56, 58), (60, 61), (63, 67), (64, 67), (64, 68), (65, 66), (66, 68), (72, 74), (73, 75), (75, 76), (77, 78)]","[(4, 39), (8, 25), (16, 26), (23, 51), (27, 51), (30, 47)]"
1R6R,L54S,33,25,12,"[(0, 1), (3, 5), (8, 11), (9, 13), (12, 26), (23, 24), (26, 28), (28, 30), (30, 41), (34, 40), (35, 38), (39, 41), (46, 49), (47, 49), (56, 58), (60, 61), (63, 67), (64, 67), (64, 68), (65, 66), (66, 68), (72, 74), (73, 75), (75, 76), (77, 78)]","[(4, 29), (4, 39), (7, 25), (16, 26), (23, 51), (27, 51), (30, 47), (33, 34), (33, 35), (33, 38), (33, 40), (33, 44)]"
1R6R,L81N,60,27,6,"[(0, 1), (3, 5), (8, 11), (9, 13), (12, 26), (23, 24), (26, 28), (28, 30), (29, 31), (30, 41), (31, 33), (34, 40), (35, 38), (39, 41), (46, 49), (47, 49), (56, 58), (60, 61), (63, 67), (64, 67), (64, 68), (65, 66), (66, 68), (72, 74), (73, 75), (75, 76), (77, 78)]","[(4, 39), (7, 25), (16, 26), (23, 51), (27, 51), (30, 47)]"
2BJD,V84D,72,1,0,"[(9, 72)]",[]
2BJD,V84P,72,0,0,[],[]
2BJD,Y86E,74,0,0,[],[]
2C9Q,Y79F,78,1,1,"[(16, 78)]","[(38, 78)]"
2C9Q,Y79W,78,1,2,"[(16, 78)]","[(38, 78), (69, 78)]"
2CLR,H13F,13,0,0,[],[]
2CLR,H31F,31,1,0,"[(30, 31)]",[]
2CLR,H51F,51,1,0,"[(51, 67)]",[]
2CLR,H84A,84,2,2,"[(2, 84), (32, 86)]","[(36, 84), (83, 84)]"
2DVV,Q443H,99,8,0,"[(1, 5), (2, 6), (2, 67), (3, 4), (4, 111), (71, 103), (78, 103), (79, 99)]",[]
2DVV,R419W,75,12,3,"[(1, 5), (2, 6), (2, 67), (3, 4), (4, 111), (71, 75), (71, 103), (74, 75), (75, 102), (75, 103), (75, 106), (79, 99)]","[(46, 79), (75, 76), (75, 79)]"
2HBB,A22G,21,1,2,"[(11, 21)]","[(0, 21), (11, 28)]"
2HBB,A26G,25,1,3,"[(25, 37)]","[(0, 21), (25, 27), (25, 28)]"
2HBB,A36G,35,1,1,"[(20, 35)]","[(6, 35)]"
2HBB,A39G,38,0,3,[],"[(1, 3), (1, 39), (1, 43)]"
2HBB,A42G,41,0,1,[],"[(41, 43)]"
2HBB,A46G,45,0,1,[],"[(45, 47)]"
2HBB,A49G,48,0,2,[],"[(46, 48), (48, 50)]"
2HBB,D23A,22,2,2,"[(0, 23), (19, 22)]","[(0, 38), (20, 22)]"
2HBB,D23N,22,1,1,"[(0, 23)]","[(0, 38)]"
2HBB,D8A,7,0,3,[],"[(4, 7), (13, 15), (13, 18)]"
2HBB,D8N,7,1,2,"[(6, 7)]","[(11, 18), (13, 15)]"
2HBB,E17A,16,0,4,[],"[(11, 18), (13, 15), (13, 18), (16, 17)]"
2HBB,E17Q,16,0,0,[],[]
2HBB,E38A,37,1,4,"[(0, 23)]","[(0, 1), (0, 38), (3, 37), (35, 37)]"
2HBB,E38Q,37,0,1,[],"[(26, 37)]"
2HBB,E48Q,47,1,0,"[(43, 47)]",[]
2HBB,F31A,30,4,3,"[(0, 23), (0, 30), (2, 30), (30, 36)]","[(0, 38), (26, 37), (30, 31)]"
2HBB,F5L,4,1,4,"[(4, 11)]","[(3, 4), (4, 5), (4, 7), (11, 28)]"
2HBB,G24A,23,2,0,"[(0, 23), (23, 24)]",[]
2HBB,G34A,33,4,0,"[(29, 33), (30, 33), (33, 35), (33, 36)]",[]
2HBB,I18A,17,0,6,[],"[(1, 3), (1, 43), (3, 4), (16, 17), (17, 18), (36, 43)]"
2HBB,I18V,17,0,3,[],"[(16, 17), (17, 18), (36, 43)]"
2HBB,I37A,36,1,1,"[(5, 34)]","[(36, 39)]"
2HBB,I37V,36,0,0,[],[]
2HBB,I4V,3,0,1,[],"[(3, 4)]"
2HBB,K10E,9,0,2,[],"[(7, 9), (8, 9)]"
2HBB,K10M,9,0,4,[],"[(7, 9), (8, 9), (9, 12), (9, 13)]"
2HBB,K12A,11,1,1,"[(11, 21)]","[(11, 18)]"
2HBB,K12G,11,1,1,"[(11, 21)]","[(11, 18)]"
2HBB,K12M,11,0,1,[],"[(11, 18)]"
2HBB,K14A,13,0,4,[],"[(4, 13), (13, 14), (13, 15), (13, 18)]"
2HBB,K14G,13,0,7,[],"[(4, 13), (8, 13), (11, 18), (13, 14), (13, 15), (13, 18), (16, 17)]"
2HBB,K14M,13,0,4,[],"[(4, 13), (8, 13), (10, 13), (13, 18)]"
2HBB,K15G,14,0,4,[],"[(4, 14), (12, 14), (13, 14), (14, 16)]"
2HBB,K15M,14,0,0,[],[]
2HBB,K7M,6,1,1,"[(6, 7)]","[(6, 8)]"
2HBB,L30A,29,1,1,"[(11, 29)]","[(11, 18)]"
2HBB,L35A,34,2,1,"[(5, 6), (6, 33)]","[(6, 8)]"
2HBB,L44A,43,0,3,[],"[(41, 43), (43, 44), (43, 45)]"
2HBB,L47A,46,1,1,"[(5, 34)]","[(46, 48)]"
2HBB,L6A,5,0,3,[],"[(4, 5), (26, 37), (36, 39)]"
2HBB,M1A,0,1,2,"[(0, 23)]","[(0, 1), (0, 38)]"
2HBB,T40S,39,0,0,[],[]
2HBB,V21A,20,0,2,[],"[(11, 28), (20, 22)]"
2HBB,V3A,2,2,2,"[(0, 23), (2, 19)]","[(0, 38), (26, 37)]"
2HBB,V9A,8,0,1,[],"[(11, 28)]"
2JUC,C57D,52,37,5,"[(3, 5), (3, 7), (5, 47), (8, 52), (9, 13), (11, 12), (11, 25), (12, 16), (14, 15), (17, 24), (18, 19), (18, 53), (19, 48), (19, 53), (21, 22), (22, 46), (22, 49), (23, 45), (25, 29), (26, 28), (29, 30), (30, 32), (32, 35), (32, 36), (34, 35), (34, 36), (39, 44), (40, 41), (41, 43), (44, 47), (46, 48), (47, 48), (47, 49), (50, 52), (50, 53), (51, 54), (52, 54)]","[(5, 50), (17, 52), (22, 29), (26, 41), (39, 43)]"
2JUC,C57S,52,34,4,"[(3, 5), (3, 7), (5, 47), (8, 52), (9, 13), (11, 12), (11, 25), (12, 16), (14, 15), (17, 24), (18, 53), (21, 22), (22, 46), (22, 49), (23, 45), (25, 29), (26, 28), (29, 30), (30, 32), (32, 35), (32, 36), (34, 35), (34, 36), (39, 44), (40, 41), (41, 43), (44, 47), (46, 48), (47, 48), (47, 49), (50, 52), (50, 53), (51, 54), (52, 54)]","[(5, 50), (22, 29), (26, 41), (39, 43)]"
2JUC,R18A,13,37,6,"[(3, 5), (3, 7), (5, 47), (8, 52), (11, 12), (11, 25), (12, 16), (13, 32), (14, 15), (14, 28), (17, 24), (18, 53), (19, 20), (19, 48), (21, 22), (22, 46), (22, 49), (23, 45), (25, 29), (26, 28), (29, 30), (30, 32), (32, 35), (32, 36), (34, 35), (34, 36), (39, 44), (40, 41), (41, 43), (44, 47), (46, 48), (47, 48), (47, 49), (50, 52), (50, 53), (51, 54), (52, 54)]","[(5, 50), (12, 13), (13, 15), (22, 29), (26, 41), (39, 43)]"
2KJ3,D288A,71,33,12,"[(3, 5), (6, 42), (8, 9), (11, 12), (11, 13), (11, 46), (11, 61), (13, 48), (15, 16), (17, 54), (20, 53), (20, 55), (21, 55), (23, 60), (27, 64), (28, 63), (28, 68), (33, 34), (33, 65), (34, 36), (37, 40), (39, 41), (42, 44), (46, 48), (56, 57), (62, 63), (67, 70), (73, 74), (73, 75), (74, 75), (75, 77), (75, 78), (77, 78)]","[(13, 51), (14, 47), (23, 63), (23, 68), (26, 42), (27, 61), (32, 40), (32, 67), (42, 64), (43, 45), (57, 71), (59, 68)]"
2KJ3,E272A,55,33,10,"[(3, 5), (6, 42), (8, 9), (11, 12), (11, 13), (11, 46), (11, 61), (13, 48), (15, 16), (17, 54), (19, 20), (20, 53), (23, 60), (27, 64), (28, 63), (28, 68), (33, 34), (33, 65), (34, 36), (37, 40), (39, 41), (42, 44), (46, 48), (56, 57), (62, 63), (67, 70), (70, 71), (73, 74), (73, 75), (74, 75), (75, 77), (75, 78), (77, 78)]","[(13, 51), (14, 47), (23, 68), (26, 42), (27, 61), (32, 40), (42, 64), (43, 45), (59, 68), (63, 67)]"
2KJ3,G278A,61,35,11,"[(3, 5), (6, 42), (8, 9), (11, 12), (11, 13), (11, 46), (11, 61), (13, 48), (15, 16), (17, 54), (20, 53), (20, 55), (21, 55), (23, 60), (27, 64), (28, 63), (28, 68), (33, 34), (33, 65), (34, 36), (37, 40), (39, 41), (42, 44), (45, 61), (46, 48), (56, 57), (62, 63), (67, 70), (70, 71), (73, 74), (73, 75), (74, 75), (75, 77), (75, 78), (77, 78)]","[(9, 26), (13, 51), (14, 47), (23, 68), (26, 42), (27, 61), (32, 40), (42, 64), (43, 45), (59, 68), (63, 67)]"
2KJ3,K229A,12,32,12,"[(3, 5), (6, 42), (8, 9), (11, 13), (11, 46), (11, 61), (13, 48), (15, 16), (17, 54), (20, 53), (20, 55), (21, 55), (23, 60), (27, 64), (28, 63), (28, 68), (33, 34), (33, 65), (34, 36), (37, 40), (39, 41), (42, 44), (56, 57), (62, 63), (67, 70), (70, 71), (73, 74), (73, 75), (74, 75), (75, 77), (75, 78), (77, 78)]","[(10, 12), (12, 47), (13, 51), (14, 47), (23, 68), (26, 42), (27, 61), (32, 40), (42, 64), (43, 45), (59, 68), (63, 67)]"
2KJ3,L241A,24,35,10,"[(3, 5), (6, 42), (8, 9), (9, 24), (11, 12), (11, 13), (11, 46), (11, 61), (13, 48), (15, 16), (17, 54), (20, 53), (20, 55), (21, 55), (23, 60), (27, 64), (28, 63), (28, 68), (33, 34), (33, 65), (34, 36), (37, 40), (39, 41), (42, 44), (46, 48), (56, 57), (62, 63), (67, 70), (70, 71), (73, 74), (73, 75), (74, 75), (75, 77), (75, 78), (77, 78)]","[(13, 51), (14, 47), (23, 68), (26, 42), (27, 61), (32, 40), (42, 64), (43, 45), (59, 68), (63, 67)]"
2KJ3,S273A,56,35,10,"[(3, 5), (6, 42), (8, 9), (11, 12), (11, 13), (11, 46), (11, 61), (13, 48), (15, 16), (17, 54), (20, 53), (20, 55), (21, 55), (23, 60), (27, 64), (28, 63), (28, 68), (33, 34), (33, 65), (34, 36), (37, 40), (39, 41), (42, 44), (46, 48), (53, 56), (56, 57), (62, 63), (67, 70), (70, 71), (73, 74), (73, 75), (74, 75), (75, 77), (75, 78), (77, 78)]","[(13, 51), (14, 47), (23, 68), (26, 42), (27, 61), (32, 40), (42, 64), (43, 45), (59, 68), (63, 67)]"
2KJ3,V239A,22,34,10,"[(3, 5), (6, 42), (8, 9), (11, 12), (11, 13), (11, 46), (11, 61), (13, 48), (15, 16), (17, 54), (20, 53), (20, 55), (21, 55), (23, 60), (27, 64), (28, 63), (28, 68), (33, 34), (33, 65), (34, 36), (37, 40), (39, 41), (42, 44), (46, 48), (56, 57), (62, 63), (67, 70), (70, 71), (73, 74), (73, 75), (74, 75), (75, 77), (75, 78), (77, 78)]","[(13, 51), (14, 47), (23, 68), (26, 42), (27, 61), (32, 40), (42, 64), (43, 45), (59, 68), (63, 67)]"
2KJ3,V264A,47,34,9,"[(3, 5), (6, 42), (8, 9), (11, 12), (11, 13), (11, 46), (11, 61), (13, 48), (15, 16), (17, 54), (20, 53), (20, 55), (21, 55), (23, 60), (27, 64), (28, 63), (28, 68), (33, 34), (33, 65), (34, 36), (37, 40), (39, 41), (42, 44), (46, 48), (56, 57), (62, 63), (67, 70), (70, 71), (73, 74), (73, 75), (74, 75), (75, 77), (75, 78), (77, 78)]","[(13, 51), (23, 68), (26, 42), (27, 61), (32, 40), (42, 64), (43, 45), (59, 68), (63, 67)]"
2KJ3,V267A,50,36,10,"[(3, 5), (6, 42), (8, 9), (11, 12), (11, 13), (11, 46), (11, 61), (13, 48), (15, 16), (16, 50), (17, 54), (20, 53), (20, 55), (21, 55), (22, 50), (23, 60), (27, 64), (28, 63), (28, 68), (33, 34), (33, 65), (34, 36), (37, 40), (39, 41), (42, 44), (46, 48), (56, 57), (62, 63), (67, 70), (70, 71), (73, 74), (73, 75), (74, 75), (75, 77), (75, 78), (77, 78)]","[(13, 51), (14, 47), (23, 68), (26, 42), (27, 61), (32, 40), (42, 64), (43, 45), (59, 68), (63, 67)]"
2MPC,A89T,85,41,9,"[(1, 60), (1, 86), (2, 4), (5, 6), (8, 10), (8, 79), (9, 10), (10, 46), (11, 12), (16, 17), (16, 18), (17, 18), (22, 23), (27, 29), (27, 30), (29, 33), (29, 34), (34, 36), (34, 55), (38, 39), (39, 41), (41, 42), (43, 44), (50, 52), (53, 56), (53, 58), (59, 63), (60, 62), (61, 62), (62, 64), (66, 79), (68, 72), (70, 72), (77, 79), (79, 81), (79, 83), (81, 82), (82, 83), (83, 85), (84, 85), (85, 87)]","[(0, 54), (5, 85), (11, 77), (11, 81), (24, 44), (27, 57), (27, 72), (40, 48), (49, 66)]"
2MPC,R42A,38,42,14,"[(1, 60), (1, 86), (2, 4), (5, 6), (8, 10), (8, 79), (9, 10), (10, 46), (11, 12), (16, 17), (16, 18), (17, 18), (22, 23), (26, 38), (27, 29), (27, 30), (29, 33), (29, 34), (34, 36), (34, 55), (39, 41), (41, 42), (43, 44), (50, 52), (53, 56), (53, 58), (59, 63), (60, 62), (61, 62), (62, 64), (66, 79), (68, 72), (70, 72), (77, 79), (79, 81), (79, 83), (81, 82), (82, 83), (83, 85), (84, 85), (84, 88), (86, 88)]","[(0, 54), (11, 77), (11, 81), (24, 35), (24, 44), (27, 35), (27, 57), (27, 72), (35, 41), (35, 57), (37, 38), (38, 42), (40, 48), (49, 66)]"
2MPC,R42W,38,43,14,"[(1, 60), (1, 86), (2, 4), (5, 6), (8, 10), (8, 79), (9, 10), (10, 46), (11, 12), (16, 17), (16, 18), (17, 18), (22, 23), (22, 42), (26, 38), (27, 29), (27, 30), (29, 33), (29, 34), (34, 36), (34, 55), (35, 38), (39, 41), (43, 44), (50, 52), (53, 56), (53, 58), (59, 63), (60, 62), (61, 62), (62, 64), (66, 79), (68, 72), (70, 72), (77, 79), (79, 81), (79, 83), (81, 82), (82, 83), (83, 85), (84, 85), (84, 88), (86, 88)]","[(0, 54), (11, 77), (11, 81), (24, 35), (24, 44), (27, 35), (27, 57), (27, 72), (35, 41), (35, 57), (38, 42), (40, 42), (40, 48), (49, 66)]"
2N7Z,P88A,87,53,16,"[(1, 89), (2, 4), (3, 4), (3, 6), (4, 5), (6, 10), (7, 8), (12, 14), (13, 16), (16, 17), (19, 21), (20, 22), (23, 25), (25, 27), (26, 27), (29, 30), (29, 32), (31, 32), (31, 33), (32, 33), (37, 38), (38, 41), (43, 45), (45, 52), (45, 55), (51, 52), (51, 53), (53, 54), (54, 55), (54, 57), (55, 56), (58, 60), (59, 61), (60, 63), (62, 64), (63, 66), (64, 67), (65, 66), (66, 67), (66, 68), (66, 70), (68, 70), (69, 70), (71, 74), (73, 74), (76, 77), (78, 79), (83, 84), (89, 92), (90, 92), (101, 102), (101, 103), (103, 104)]","[(2, 64), (2, 71), (4, 87), (5, 75), (17, 56), (18, 78), (19, 44), (20, 78), (23, 40), (24, 77), (24, 78), (25, 67), (29, 59), (39, 62), (82, 85), (94, 97)]"
2OUO,A420D,71,12,3,"[(0, 2), (0, 3), (9, 13), (12, 13), (13, 16), (45, 46), (46, 48), (46, 79), (46, 82), (61, 62), (63, 71), (71, 73)]","[(9, 61), (51, 55), (58, 61)]"
2PTL,A22G,21,28,13,"[(2, 3), (7, 9), (12, 14), (14, 15), (15, 17), (18, 34), (19, 37), (19, 40), (22, 71), (24, 75), (25, 74), (31, 33), (35, 36), (40, 69), (43, 47), (54, 55), (55, 56), (57, 59), (59, 75), (59, 76), (61, 73), (61, 76), (63, 70), (63, 71), (63, 73), (64, 70), (69, 71), (75, 77)]","[(0, 2), (1, 4), (12, 36), (17, 67), (20, 66), (22, 30), (23, 60), (27, 57), (33, 73), (37, 41), (39, 68), (43, 68), (51, 59)]"
2PTL,A27P,26,31,14,"[(2, 3), (7, 9), (12, 14), (14, 15), (15, 17), (18, 34), (19, 37), (19, 40), (21, 34), (21, 72), (22, 71), (24, 75), (25, 28), (25, 74), (31, 33), (35, 36), (40, 69), (43, 47), (54, 55), (55, 56), (57, 59), (59, 75), (59, 76), (61, 73), (61, 76), (63, 70), (63, 71), (63, 73), (64, 70), (69, 71), (75, 77)]","[(0, 2), (1, 4), (12, 36), (17, 67), (20, 66), (22, 30), (23, 60), (26, 57), (26, 75), (33, 73), (37, 41), (39, 68), (43, 68), (51, 59)]"
2PTL,A27V,26,33,13,"[(2, 3), (7, 9), (12, 14), (14, 15), (15, 17), (18, 34), (19, 37), (19, 40), (21, 34), (21, 72), (22, 71), (24, 75), (25, 74), (26, 74), (31, 33), (35, 36), (40, 69), (43, 47), (54, 55), (55, 56), (57, 59), (59, 75), (59, 76), (61, 73), (61, 76), (63, 70), (63, 71), (63, 73), (64, 70), (69, 71), (74, 75), (74, 76), (75, 77)]","[(0, 2), (1, 4), (12, 36), (17, 67), (20, 66), (22, 30), (23, 60), (27, 57), (33, 73), (37, 41), (39, 68), (43, 68), (51, 59)]"
2PTL,A34G,33,32,12,"[(2, 3), (7, 9), (12, 14), (14, 15), (15, 17), (18, 34), (19, 37), (19, 40), (21, 34), (21, 72), (22, 71), (24, 75), (25, 74), (31, 33), (33, 50), (35, 36), (40, 69), (43, 47), (48, 49), (54, 55), (55, 56), (57, 59), (59, 75), (59, 76), (61, 73), (61, 76), (63, 70), (63, 71), (63, 73), (64, 70), (69, 71), (75, 77)]","[(0, 2), (1, 4), (12, 36), (17, 67), (20, 66), (22, 30), (23, 60), (27, 57), (37, 41), (39, 68), (43, 68), (51, 59)]"
2PTL,A34V,33,31,13,"[(2, 3), (7, 9), (12, 14), (14, 15), (15, 17), (18, 34), (19, 35), (19, 37), (19, 40), (21, 34), (21, 35), (21, 72), (22, 71), (24, 75), (25, 74), (31, 33), (40, 69), (43, 47), (54, 55), (55, 56), (57, 59), (59, 75), (59, 76), (61, 73), (61, 76), (63, 70), (63, 71), (63, 73), (64, 70), (69, 71), (75, 77)]","[(0, 2), (1, 4), (12, 36), (17, 67), (20, 66), (22, 30), (23, 60), (27, 57), (33, 73), (37, 41), (39, 68), (43, 68), (51, 59)]"
2PTL,A43G,42,33,13,"[(2, 3), (7, 9), (12, 14), (14, 15), (15, 17), (18, 34), (19, 35), (19, 37), (19, 40), (21, 34), (21, 35), (21, 72), (22, 71), (24, 75), (25, 74), (31, 33), (39, 42), (40, 41), (40, 69), (43, 47), (54, 55), (55, 56), (57, 59), (59, 75), (59, 76), (61, 73), (61, 76), (63, 70), (63, 71), (63, 73), (64, 70), (69, 71), (75, 77)]","[(0, 2), (1, 4), (12, 36), (17, 67), (20, 66), (22, 30), (23, 60), (27, 57), (33, 73), (37, 41), (39, 68), (43, 68), (51, 59)]"
2PTL,A47G,46,31,13,"[(2, 3), (7, 9), (12, 14), (14, 15), (15, 17), (18, 34), (19, 35), (19, 37), (19, 40), (21, 34), (21, 35), (21, 72), (22, 71), (24, 75), (25, 74), (31, 33), (40, 69), (43, 47), (54, 55), (55, 56), (57, 59), (59, 75), (59, 76), (61, 73), (61, 76), (63, 70), (63, 71), (63, 73), (64, 70), (69, 71), (75, 77)]","[(0, 2), (1, 4), (12, 36), (17, 67), (20, 66), (22, 30), (23, 60), (27, 57), (33, 73), (37, 41), (39, 68), (43, 68), (51, 59)]"
2PTL,A49G,48,30,13,"[(2, 3), (7, 9), (12, 14), (14, 15), (15, 17), (18, 34), (19, 37), (19, 40), (21, 34), (21, 72), (22, 71), (24, 75), (25, 74), (31, 33), (35, 36), (40, 69), (43, 47), (54, 55), (55, 56), (57, 59), (59, 75), (59, 76), (61, 73), (61, 76), (63, 70), (63, 71), (63, 73), (64, 70), (69, 71), (75, 77)]","[(0, 2), (1, 4), (12, 36), (17, 67), (20, 66), (22, 30), (23, 60), (27, 57), (33, 73), (37, 41), (39, 68), (43, 68), (51, 59)]"
2PTL,A51G,50,30,11,"[(2, 3), (7, 9), (12, 14), (14, 15), (15, 17), (18, 34), (19, 37), (19, 40), (21, 34), (21, 72), (22, 71), (24, 75), (25, 74), (31, 33), (35, 36), (40, 69), (43, 47), (54, 55), (55, 56), (57, 59), (59, 75), (59, 76), (61, 73), (61, 76), (63, 70), (63, 71), (63, 73), (64, 70), (69, 71), (75, 77)]","[(0, 2), (1, 4), (12, 36), (17, 67), (20, 66), (22, 30), (27, 57), (37, 41), (39, 68), (43, 68), (51, 59)]"
2PTL,A66G,65,32,13,"[(2, 3), (7, 9), (12, 14), (14, 15), (15, 17), (18, 34), (19, 37), (19, 40), (21, 34), (21, 70), (21, 72), (22, 71), (24, 75), (25, 74), (31, 33), (35, 36), (40, 69), (43, 47), (54, 55), (55, 56), (57, 59), (59, 75), (59, 76), (61, 73), (61, 76), (63, 70), (63, 71), (63, 73), (64, 70), (65, 72), (69, 71), (75, 77)]","[(0, 2), (1, 4), (12, 36), (17, 67), (20, 66), (22, 30), (23, 60), (27, 57), (33, 73), (37, 41), (39, 68), (43, 68), (51, 59)]"
2PTL,D52A,51,32,15,"[(2, 3), (7, 9), (12, 14), (14, 15), (15, 17), (18, 34), (19, 37), (19, 40), (21, 34), (21, 72), (22, 71), (24, 75), (25, 74), (31, 33), (35, 36), (40, 69), (43, 47), (54, 55), (54, 56), (54, 57), (55, 56), (57, 59), (59, 75), (59, 76), (61, 73), (61, 76), (63, 70), (63, 71), (63, 73), (64, 70), (69, 71), (75, 77)]","[(0, 2), (1, 4), (12, 36), (17, 67), (20, 66), (22, 30), (27, 57), (33, 73), (37, 41), (39, 68), (43, 68), (50, 54), (52, 54), (54, 60), (54, 75)]"
2PTL,D52G,51,32,19,"[(2, 3), (7, 9), (12, 14), (14, 15), (15, 17), (18, 34), (19, 37), (19, 40), (21, 34), (21, 72), (22, 71), (24, 75), (25, 74), (31, 33), (35, 36), (40, 69), (43, 47), (54, 55), (54, 56), (54, 57), (55, 56), (57, 59), (59, 75), (59, 76), (61, 73), (61, 76), (63, 70), (63, 71), (63, 73), (64, 70), (69, 71), (75, 77)]","[(0, 2), (1, 4), (12, 36), (17, 67), (20, 66), (22, 30), (27, 57), (33, 73), (37, 41), (39, 68), (43, 68), (50, 54), (51, 53), (51, 59), (51, 73), (51, 75), (52, 54), (54, 60), (54, 75)]"
2PTL,D64A,63,28,13,"[(2, 3), (7, 9), (12, 14), (14, 15), (15, 17), (18, 34), (19, 37), (19, 40), (21, 34), (21, 72), (22, 71), (24, 75), (25, 74), (31, 33), (35, 36), (40, 69), (43, 47), (54, 55), (55, 56), (57, 59), (59, 75), (59, 76), (61, 73), (61, 76), (63, 74), (64, 70), (69, 71), (75, 77)]","[(0, 2), (1, 4), (12, 36), (17, 67), (20, 66), (22, 30), (23, 60), (27, 57), (33, 73), (37, 41), (39, 68), (43, 68), (51, 59)]"
2PTL,E35A,34,29,14,"[(2, 3), (7, 9), (12, 14), (14, 15), (14, 18), (15, 17), (19, 37), (19, 40), (21, 72), (22, 71), (24, 75), (25, 74), (31, 33), (35, 36), (40, 69), (43, 47), (54, 55), (55, 56), (57, 59), (59, 75), (59, 76), (61, 73), (61, 76), (63, 70), (63, 71), (63, 73), (64, 70), (69, 71), (75, 77)]","[(0, 2), (1, 4), (12, 36), (17, 67), (19, 34), (20, 66), (22, 30), (23, 60), (27, 57), (33, 73), (37, 41), (39, 68), (43, 68), (51, 59)]"
2PTL,E46G,45,33,14,"[(2, 3), (7, 9), (12, 14), (14, 15), (15, 17), (18, 34), (19, 35), (19, 37), (19, 40), (21, 34), (21, 35), (21, 72), (22, 71), (24, 75), (25, 74), (31, 33), (40, 41), (40, 69), (41, 45), (43, 47), (54, 55), (55, 56), (57, 59), (59, 75), (59, 76), (61, 73), (61, 76), (63, 70), (63, 71), (63, 73), (64, 70), (69, 71), (75, 77)]","[(0, 2), (1, 4), (12, 36), (17, 67), (20, 66), (22, 30), (23, 60), (27, 57), (33, 73), (37, 41), (39, 68), (43, 45), (43, 68), (51, 59)]"
2PTL,E46I,45,32,13,"[(2, 3), (7, 9), (12, 14), (14, 15), (15, 17), (18, 34), (19, 37), (19, 40), (21, 34), (21, 72), (22, 71), (24, 75), (25, 74), (31, 33), (35, 36), (40, 41), (40, 69), (43, 47), (45, 49), (54, 55), (55, 56), (57, 59), (59, 75), (59, 76), (61, 73), (61, 76), (63, 70), (63, 71), (63, 73), (64, 70), (69, 71), (75, 77)]","[(0, 2), (1, 4), (12, 36), (17, 67), (20, 66), (22, 30), (23, 60), (27, 57), (33, 73), (37, 41), (39, 68), (43, 68), (51, 59)]"
2PTL,E60A,59,27,14,"[(2, 3), (7, 9), (12, 14), (14, 15), (15, 17), (18, 34), (19, 37), (19, 40), (21, 34), (21, 72), (22, 71), (24, 75), (25, 74), (31, 33), (35, 36), (40, 69), (43, 47), (54, 55), (55, 56), (61, 73), (61, 76), (63, 70), (63, 71), (63, 73), (64, 70), (69, 71), (75, 77)]","[(0, 2), (1, 4), (12, 36), (17, 67), (20, 66), (22, 30), (23, 60), (27, 57), (33, 73), (37, 41), (39, 68), (43, 68), (54, 60), (54, 75)]"
2PTL,F26A,25,33,15,"[(2, 3), (7, 9), (12, 14), (14, 15), (15, 17), (18, 34), (19, 37), (19, 40), (21, 34), (21, 72), (22, 71), (23, 25), (24, 75), (25, 53), (31, 33), (35, 36), (40, 69), (43, 47), (53, 57), (54, 55), (54, 57), (55, 56), (57, 59), (59, 75), (59, 76), (61, 73), (61, 76), (63, 70), (63, 71), (63, 73), (64, 70), (69, 71), (75, 77)]","[(0, 2), (1, 4), (12, 36), (17, 67), (20, 66), (22, 30), (23, 60), (25, 77), (26, 57), (27, 57), (33, 73), (37, 41), (39, 68), (43, 68), (51, 59)]"
2PTL,F26L,25,31,15,"[(2, 3), (7, 9), (12, 14), (14, 15), (15, 17), (18, 34), (19, 37), (19, 40), (21, 34), (21, 72), (22, 71), (24, 75), (25, 74), (31, 33), (35, 36), (40, 69), (43, 47), (53, 57), (54, 55), (55, 56), (57, 59), (59, 75), (59, 76), (61, 73), (61, 76), (63, 70), (63, 71), (63, 73), (64, 70), (69, 71), (75, 77)]","[(0, 2), (1, 4), (12, 36), (17, 67), (20, 66), (22, 30), (23, 60), (25, 77), (26, 57), (27, 57), (33, 73), (37, 41), (39, 68), (43, 68), (51, 59)]"
2PTL,F36A,35,29,14,"[(2, 3), (7, 9), (12, 14), (14, 15), (15, 17), (18, 34), (19, 37), (19, 40), (21, 34), (21, 72), (22, 71), (24, 75), (25, 74), (31, 33), (40, 69), (43, 47), (54, 55), (55, 56), (57, 59), (59, 75), (59, 76), (61, 73), (61, 76), (63, 70), (63, 71), (63, 73), (64, 70), (69, 71), (75, 77)]","[(0, 2), (1, 4), (12, 36), (17, 67), (20, 66), (22, 30), (23, 60), (27, 57), (33, 73), (35, 37), (37, 41), (39, 68), (43, 68), (51, 59)]"
2PTL,F36L,35,29,13,"[(2, 3), (7, 9), (12, 14), (14, 15), (15, 17), (18, 34), (19, 37), (19, 40), (21, 34), (21, 72), (22, 71), (24, 75), (25, 74), (31, 33), (40, 69), (43, 47), (54, 55), (55, 56), (57, 59), (59, 75), (59, 76), (61, 73), (61, 76), (63, 70), (63, 71), (63, 73), (64, 70), (69, 71), (75, 77)]","[(0, 2), (1, 4), (12, 36), (17, 67), (20, 66), (22, 30), (23, 60), (27, 57), (33, 73), (37, 41), (39, 68), (43, 68), (51, 59)]"
2PTL,F40G,39,36,14,"[(2, 3), (7, 9), (12, 14), (14, 15), (15, 17), (18, 34), (18, 69), (19, 37), (19, 40), (21, 34), (21, 72), (22, 71), (24, 75), (25, 74), (31, 33), (35, 36), (39, 67), (40, 41), (40, 42), (40, 44), (42, 69), (43, 47), (54, 55), (55, 56), (57, 59), (59, 75), (59, 76), (61, 73), (61, 76), (63, 70), (63, 71), (63, 73), (64, 70), (69, 70), (69, 71), (75, 77)]","[(0, 2), (1, 4), (12, 36), (16, 39), (20, 66), (22, 30), (23, 60), (27, 57), (33, 73), (37, 39), (37, 41), (39, 41), (43, 68), (51, 59)]"
2PTL,F40L,39,33,12,"[(2, 3), (7, 9), (12, 14), (14, 15), (15, 17), (18, 34), (18, 69), (19, 37), (19, 40), (21, 34), (21, 72), (22, 71), (24, 75), (25, 74), (31, 33), (35, 36), (40, 69), (42, 69), (43, 47), (54, 55), (55, 56), (57, 59), (59, 75), (59, 76), (61, 73), (61, 76), (63, 70), (63, 71), (63, 73), (64, 70), (69, 70), (69, 71), (75, 77)]","[(0, 2), (1, 4), (12, 36), (16, 39), (20, 66), (22, 30), (23, 60), (27, 57), (33, 73), (37, 41), (43, 68), (51, 59)]"
2PTL,F76L,75,29,13,"[(2, 3), (7, 9), (12, 14), (14, 15), (15, 17), (18, 34), (19, 37), (19, 40), (21, 34), (21, 72), (22, 71), (24, 75), (25, 28), (25, 74), (31, 33), (35, 36), (40, 69), (43, 47), (54, 55), (55, 56), (57, 59), (59, 76), (61, 73), (61, 76), (63, 70), (63, 71), (63, 73), (64, 70), (69, 71)]","[(0, 2), (1, 4), (12, 36), (17, 67), (20, 66), (22, 30), (23, 60), (27, 57), (33, 73), (37, 41), (39, 68), (43, 68), (51, 59)]"
2PTL,F76V,75,31,15,"[(2, 3), (7, 9), (12, 14), (14, 15), (15, 17), (18, 34), (19, 37), (19, 40), (21, 34), (21, 72), (22, 71), (24, 75), (25, 28), (25, 74), (31, 33), (35, 36), (40, 69), (43, 47), (53, 57), (54, 55), (55, 56), (57, 59), (59, 75), (59, 76), (61, 73), (61, 76), (63, 70), (63, 71), (63, 73), (64, 70), (69, 71)]","[(0, 2), (1, 4), (12, 36), (17, 67), (20, 66), (22, 30), (23, 60), (26, 57), (26, 75), (27, 57), (33, 73), (37, 41), (39, 68), (43, 68), (51, 59)]"
2PTL,G29A,28,31,13,"[(2, 3), (7, 9), (12, 14), (14, 15), (15, 17), (18, 34), (19, 37), (19, 40), (21, 34), (21, 72), (22, 71), (24, 75), (25, 28), (25, 74), (31, 33), (35, 36), (40, 69), (43, 47), (54, 55), (55, 56), (57, 59), (59, 75), (59, 76), (61, 73), (61, 76), (63, 70), (63, 71), (63, 73), (64, 70), (69, 71), (75, 77)]","[(0, 2), (1, 4), (12, 36), (17, 67), (20, 66), (22, 30), (23, 60), (27, 57), (33, 73), (37, 41), (39, 68), (43, 68), (51, 59)]"
2PTL,G29V,28,32,13,"[(2, 3), (7, 9), (12, 14), (14, 15), (15, 17), (18, 34), (19, 37), (19, 40), (21, 34), (21, 72), (22, 71), (24, 75), (25, 28), (25, 74), (26, 28), (31, 33), (35, 36), (40, 69), (43, 47), (54, 55), (55, 56), (57, 59), (59, 75), (59, 76), (61, 73), (61, 76), (63, 70), (63, 71), (63, 73), (64, 70), (69, 71), (75, 77)]","[(0, 2), (1, 4), (12, 36), (17, 67), (20, 66), (22, 30), (23, 60), (27, 57), (33, 73), (37, 41), (39, 68), (43, 68), (51, 59)]"
2PTL,G38A,37,32,14,"[(2, 3), (7, 9), (12, 14), (15, 16), (15, 17), (16, 37), (18, 34), (18, 37), (19, 37), (19, 40), (21, 34), (21, 72), (22, 71), (24, 75), (25, 74), (31, 33), (35, 36), (40, 69), (43, 47), (54, 55), (55, 56), (57, 59), (59, 75), (59, 76), (61, 73), (61, 76), (63, 70), (63, 71), (63, 73), (64, 70), (69, 71), (75, 77)]","[(0, 2), (1, 4), (12, 36), (17, 67), (20, 66), (22, 30), (23, 60), (27, 57), (33, 73), (37, 41), (37, 45), (39, 68), (43, 68), (51, 59)]"
2PTL,G59A,58,32,13,"[(2, 3), (7, 9), (12, 14), (14, 15), (15, 17), (18, 34), (19, 37), (19, 40), (21, 34), (21, 72), (22, 71), (24, 75), (25, 74), (31, 33), (35, 36), (40, 69), (43, 47), (54, 55), (54, 58), (55, 56), (57, 59), (58, 75), (59, 75), (59, 76), (61, 73), (61, 76), (63, 70), (63, 71), (63, 73), (64, 70), (69, 71), (75, 77)]","[(0, 2), (1, 4), (12, 36), (17, 67), (20, 66), (22, 30), (23, 60), (27, 57), (33, 73), (37, 41), (39, 68), (43, 68), (51, 59)]"
2PTL,G69A,68,34,12,"[(2, 3), (7, 9), (12, 14), (14, 15), (15, 17), (18, 34), (19, 37), (19, 40), (21, 34), (21, 72), (22, 71), (24, 75), (25, 74), (31, 33), (35, 36), (40, 69), (43, 47), (54, 55), (55, 56), (57, 59), (59, 75), (59, 76), (61, 73), (61, 76), (63, 70), (63, 71), (63, 73), (64, 70), (66, 68), (67, 69), (68, 70), (68, 71), (69, 71), (75, 77)]","[(0, 2), (1, 4), (12, 36), (20, 66), (22, 30), (23, 60), (27, 57), (33, 73), (37, 41), (39, 68), (43, 68), (51, 59)]"
2PTL,I20A,19,30,13,"[(2, 3), (7, 9), (12, 14), (14, 15), (15, 17), (18, 34), (19, 35), (19, 40), (21, 34), (21, 35), (21, 72), (22, 71), (24, 75), (25, 74), (31, 33), (40, 69), (43, 47), (54, 55), (55, 56), (57, 59), (59, 75), (59, 76), (61, 73), (61, 76), (63, 70), (63, 71), (63, 73), (64, 70), (69, 71), (75, 77)]","[(0, 2), (1, 4), (12, 36), (17, 67), (20, 66), (22, 30), (23, 60), (27, 57), (33, 73), (37, 41), (39, 68), (43, 68), (51, 59)]"
2PTL,I20V,19,30,13,"[(2, 3), (7, 9), (12, 14), (14, 15), (15, 17), (18, 34), (19, 35), (19, 40), (21, 34), (21, 35), (21, 72), (22, 71), (24, 75), (25, 74), (31, 33), (40, 69), (43, 47), (54, 55), (55, 56), (57, 59), (59, 75), (59, 76), (61, 73), (61, 76), (63, 70), (63, 71), (63, 73), (64, 70), (69, 71), (75, 77)]","[(0, 2), (1, 4), (12, 36), (17, 67), (20, 66), (22, 30), (23, 60), (27, 57), (33, 73), (37, 41), (39, 68), (43, 68), (51, 59)]"
2PTL,I25A,24,32,15,"[(2, 3), (7, 9), (12, 14), (14, 15), (15, 17), (18, 34), (19, 37), (19, 40), (21, 34), (21, 72), (22, 71), (25, 74), (26, 74), (31, 33), (35, 36), (40, 69), (43, 47), (54, 55), (55, 56), (57, 59), (59, 75), (59, 76), (61, 73), (61, 76), (63, 70), (63, 71), (63, 73), (64, 70), (69, 71), (74, 75), (74, 76), (75, 77)]","[(0, 2), (1, 4), (12, 36), (17, 67), (20, 66), (22, 30), (23, 60), (24, 73), (27, 57), (30, 32), (33, 73), (37, 41), (39, 68), (43, 68), (51, 59)]"
2PTL,I25V,24,32,13,"[(2, 3), (7, 9), (12, 14), (14, 15), (15, 17), (18, 34), (19, 37), (19, 40), (21, 34), (21, 72), (22, 71), (25, 74), (26, 74), (31, 33), (35, 36), (40, 69), (43, 47), (54, 55), (55, 56), (57, 59), (59, 75), (59, 76), (61, 73), (61, 76), (63, 70), (63, 71), (63, 73), (64, 70), (69, 71), (74, 75), (74, 76), (75, 77)]","[(0, 2), (1, 4), (12, 36), (17, 67), (20, 66), (22, 30), (23, 60), (27, 57), (33, 73), (37, 41), (39, 68), (43, 68), (51, 59)]"
2PTL,I74A,73,29,13,"[(2, 3), (7, 9), (12, 14), (14, 15), (15, 17), (18, 34), (19, 37), (19, 40), (21, 34), (21, 72), (22, 71), (24, 75), (25, 74), (31, 33), (35, 36), (40, 69), (43, 47), (54, 55), (55, 56), (57, 59), (59, 75), (59, 76), (61, 76), (63, 70), (63, 71), (63, 73), (64, 70), (69, 71), (75, 77)]","[(0, 2), (1, 4), (12, 36), (17, 67), (20, 66), (22, 30), (24, 73), (27, 57), (37, 41), (39, 68), (43, 68), (51, 59), (73, 74)]"
2PTL,I74V,73,30,13,"[(2, 3), (7, 9), (12, 14), (14, 15), (15, 17), (18, 34), (19, 37), (19, 40), (21, 34), (21, 72), (22, 71), (24, 75), (25, 74), (31, 33), (35, 36), (40, 69), (43, 47), (54, 55), (55, 56), (57, 59), (59, 75), (59, 76), (61, 73), (61, 76), (63, 70), (63, 71), (63, 73), (64, 70), (69, 71), (75, 77)]","[(0, 2), (1, 4), (12, 36), (17, 67), (20, 66), (22, 30), (24, 73), (27, 57), (33, 73), (37, 41), (39, 68), (43, 68), (51, 59)]"
2PTL,K21A,20,32,17,"[(2, 3), (7, 9), (12, 14), (14, 15), (15, 17), (18, 34), (19, 37), (19, 40), (20, 72), (21, 34), (21, 70), (21, 72), (22, 71), (24, 75), (25, 74), (31, 33), (35, 36), (40, 69), (43, 47), (54, 55), (55, 56), (57, 59), (59, 75), (59, 76), (61, 73), (61, 76), (63, 70), (63, 71), (63, 73), (64, 70), (69, 71), (75, 77)]","[(0, 2), (1, 4), (12, 36), (17, 67), (18, 20), (20, 35), (20, 46), (20, 66), (20, 69), (22, 30), (23, 60), (27, 57), (33, 73), (37, 41), (39, 68), (43, 68), (51, 59)]"
2PTL,K37A,36,31,15,"[(2, 3), (7, 9), (12, 14), (14, 18), (15, 16), (15, 17), (19, 37), (19, 40), (21, 34), (21, 72), (22, 71), (24, 75), (25, 74), (31, 33), (34, 36), (35, 36), (40, 69), (43, 47), (54, 55), (55, 56), (57, 59), (59, 75), (59, 76), (61, 73), (61, 76), (63, 70), (63, 71), (63, 73), (64, 70), (69, 71), (75, 77)]","[(0, 2), (1, 4), (17, 36), (17, 67), (19, 36), (20, 66), (22, 30), (23, 60), (27, 57), (33, 73), (36, 42), (37, 41), (39, 68), (43, 68), (51, 59)]"
2PTL,K42G,41,30,15,"[(2, 3), (7, 9), (12, 14), (14, 15), (15, 17), (18, 34), (19, 37), (19, 40), (21, 34), (21, 72), (22, 71), (24, 75), (25, 74), (31, 33), (35, 36), (40, 69), (43, 47), (54, 55), (55, 56), (57, 59), (59, 75), (59, 76), (61, 73), (61, 76), (63, 70), (63, 71), (63, 73), (64, 70), (69, 71), (75, 77)]","[(0, 2), (1, 4), (12, 36), (17, 67), (19, 41), (20, 66), (22, 30), (23, 60), (27, 57), (33, 73), (39, 41), (39, 68), (41, 43), (43, 68), (51, 59)]"
2PTL,K55A,54,29,16,"[(2, 3), (7, 9), (12, 14), (14, 15), (15, 17), (18, 34), (19, 37), (19, 40), (21, 34), (21, 72), (22, 71), (24, 75), (25, 74), (31, 33), (35, 36), (40, 69), (43, 47), (55, 56), (57, 59), (59, 75), (59, 76), (61, 73), (61, 76), (63, 70), (63, 71), (63, 73), (64, 70), (69, 71), (75, 77)]","[(0, 2), (1, 4), (12, 36), (17, 67), (20, 66), (22, 30), (27, 57), (33, 73), (37, 41), (39, 68), (43, 68), (50, 54), (52, 54), (53, 54), (54, 60), (54, 75)]"
2PTL,K56A,55,29,16,"[(2, 3), (7, 9), (12, 14), (14, 15), (15, 17), (18, 34), (19, 37), (19, 40), (21, 34), (21, 72), (22, 71), (24, 75), (25, 74), (31, 33), (35, 36), (40, 69), (43, 47), (53, 57), (57, 59), (59, 75), (59, 76), (61, 73), (61, 76), (63, 70), (63, 71), (63, 73), (64, 70), (69, 71), (75, 77)]","[(0, 2), (1, 4), (12, 36), (17, 67), (20, 66), (22, 30), (23, 60), (25, 55), (26, 57), (27, 57), (33, 73), (37, 41), (39, 68), (43, 68), (51, 59), (55, 75)]"
2PTL,K68A,67,30,12,"[(2, 3), (7, 9), (12, 14), (14, 15), (15, 17), (18, 34), (19, 37), (19, 40), (21, 34), (21, 72), (22, 71), (24, 75), (25, 74), (31, 33), (35, 36), (40, 69), (43, 47), (54, 55), (55, 56), (57, 59), (59, 75), (59, 76), (61, 73), (61, 76), (63, 70), (63, 71), (63, 73), (64, 70), (69, 71), (75, 77)]","[(0, 2), (1, 4), (12, 36), (20, 66), (22, 30), (23, 60), (27, 57), (33, 73), (37, 41), (39, 68), (43, 68), (51, 59)]"
2PTL,K75A,74,31,15,"[(2, 3), (7, 9), (12, 14), (14, 15), (15, 17), (18, 34), (19, 37), (19, 40), (21, 34), (21, 72), (22, 71), (24, 75), (25, 74), (26, 74), (31, 33), (35, 36), (40, 69), (43, 47), (54, 55), (55, 56), (57, 59), (59, 75), (59, 76), (61, 73), (61, 76), (63, 70), (63, 71), (63, 73), (64, 70), (69, 71), (75, 77)]","[(0, 2), (1, 4), (12, 36), (17, 67), (20, 66), (22, 30), (23, 60), (27, 57), (33, 73), (37, 41), (39, 68), (43, 68), (51, 59), (60, 74), (73, 74)]"
2PTL,L24A,23,30,13,"[(2, 3), (7, 9), (12, 14), (14, 15), (15, 17), (18, 34), (19, 37), (19, 40), (21, 34), (21, 72), (22, 71), (24, 75), (25, 74), (31, 33), (35, 36), (40, 69), (43, 47), (54, 55), (55, 56), (57, 59), (59, 75), (59, 76), (61, 73), (61, 76), (63, 70), (63, 71), (63, 73), (64, 70), (69, 71), (75, 77)]","[(0, 2), (1, 4), (12, 36), (17, 67), (20, 66), (22, 30), (23, 30), (23, 60), (27, 57), (37, 41), (39, 68), (43, 68), (51, 59)]"
2PTL,L54A,53,32,16,"[(2, 3), (7, 9), (12, 14), (14, 15), (15, 17), (18, 34), (19, 37), (19, 40), (21, 34), (21, 72), (22, 71), (24, 75), (25, 28), (25, 74), (31, 33), (31, 53), (35, 36), (40, 69), (43, 47), (54, 55), (55, 56), (57, 59), (59, 75), (59, 76), (61, 73), (61, 76), (63, 70), (63, 71), (63, 73), (64, 70), (69, 71), (75, 77)]","[(0, 2), (1, 4), (12, 36), (17, 67), (20, 66), (22, 30), (23, 60), (27, 57), (33, 73), (37, 41), (39, 68), (43, 68), (51, 53), (51, 59), (53, 60), (53, 73)]"
2PTL,L72A,71,30,14,"[(2, 3), (7, 9), (12, 14), (14, 15), (15, 17), (18, 34), (19, 37), (19, 40), (20, 71), (21, 34), (21, 72), (22, 71), (24, 75), (25, 74), (31, 33), (35, 36), (40, 69), (43, 47), (54, 55), (55, 56), (57, 59), (59, 75), (59, 76), (61, 73), (61, 76), (63, 70), (63, 73), (64, 70), (69, 71), (75, 77)]","[(0, 2), (1, 4), (12, 36), (17, 67), (20, 66), (22, 30), (23, 60), (27, 57), (33, 73), (37, 41), (39, 68), (43, 68), (51, 59), (65, 71)]"
2PTL,N23A,22,29,12,"[(2, 3), (7, 9), (12, 14), (14, 15), (15, 17), (18, 34), (19, 37), (19, 40), (21, 34), (21, 72), (24, 75), (25, 74), (31, 33), (35, 36), (40, 69), (43, 47), (54, 55), (55, 56), (57, 59), (59, 75), (59, 76), (61, 73), (61, 76), (63, 70), (63, 71), (63, 73), (64, 70), (69, 71), (75, 77)]","[(0, 2), (1, 4), (12, 36), (17, 67), (20, 66), (23, 60), (27, 57), (33, 73), (37, 41), (39, 68), (43, 68), (51, 59)]"
2PTL,N28A,27,31,14,"[(2, 3), (7, 9), (12, 14), (14, 15), (15, 17), (18, 34), (19, 37), (19, 40), (21, 34), (21, 72), (22, 71), (24, 75), (25, 28), (25, 74), (31, 33), (35, 36), (40, 69), (43, 47), (54, 55), (55, 56), (57, 59), (59, 75), (59, 76), (61, 73), (61, 76), (63, 70), (63, 71), (63, 73), (64, 70), (69, 71), (75, 77)]","[(0, 2), (1, 4), (12, 36), (17, 67), (20, 66), (22, 30), (23, 60), (27, 57), (27, 77), (33, 73), (37, 41), (39, 68), (43, 68), (51, 59)]"
2PTL,N58A,57,31,14,"[(2, 3), (7, 9), (12, 14), (14, 15), (15, 17), (18, 34), (19, 37), (19, 40), (21, 34), (21, 72), (22, 71), (24, 75), (25, 28), (25, 74), (31, 33), (35, 36), (40, 69), (43, 47), (54, 55), (55, 56), (57, 59), (59, 75), (59, 76), (61, 73), (61, 76), (63, 70), (63, 71), (63, 73), (64, 70), (69, 71), (75, 77)]","[(0, 2), (1, 4), (12, 36), (17, 67), (20, 66), (22, 30), (23, 60), (25, 55), (26, 57), (33, 73), (37, 41), (39, 68), (43, 68), (51, 59)]"
2PTL,N73A,72,30,15,"[(2, 3), (7, 9), (12, 14), (14, 15), (15, 17), (18, 34), (19, 37), (19, 40), (20, 72), (21, 34), (22, 71), (24, 75), (25, 74), (31, 33), (35, 36), (40, 69), (43, 47), (54, 55), (55, 56), (57, 59), (59, 75), (59, 76), (61, 73), (61, 76), (63, 70), (63, 71), (63, 73), (64, 70), (69, 71), (75, 77)]","[(0, 2), (1, 4), (12, 36), (17, 67), (20, 66), (22, 30), (23, 60), (27, 57), (33, 73), (37, 41), (39, 68), (43, 68), (51, 59), (61, 72), (62, 72)]"
2PTL,S30A,29,30,13,"[(2, 3), (7, 9), (12, 14), (14, 15), (15, 17), (18, 34), (19, 37), (19, 40), (21, 34), (21, 72), (22, 71), (24, 75), (25, 74), (31, 33), (35, 36), (40, 69), (43, 47), (54, 55), (55, 56), (57, 59), (59, 75), (59, 76), (61, 73), (61, 76), (63, 70), (63, 71), (63, 73), (64, 70), (69, 71), (75, 77)]","[(0, 2), (1, 4), (12, 36), (17, 67), (20, 66), (22, 30), (23, 60), (27, 57), (33, 73), (37, 41), (39, 68), (43, 68), (51, 59)]"
2PTL,S45A,44,31,13,"[(2, 3), (7, 9), (12, 14), (14, 15), (15, 17), (18, 34), (19, 37), (19, 40), (21, 34), (21, 72), (22, 71), (24, 75), (25, 74), (31, 33), (35, 36), (40, 41), (40, 69), (43, 47), (54, 55), (55, 56), (57, 59), (59, 75), (59, 76), (61, 73), (61, 76), (63, 70), (63, 71), (63, 73), (64, 70), (69, 71), (75, 77)]","[(0, 2), (1, 4), (12, 36), (17, 67), (20, 66), (22, 30), (23, 60), (27, 57), (33, 73), (37, 41), (39, 68), (43, 68), (51, 59)]"
2PTL,S45G,44,33,14,"[(2, 3), (7, 9), (12, 14), (14, 15), (15, 17), (18, 34), (19, 37), (19, 40), (21, 34), (21, 72), (22, 71), (24, 75), (25, 74), (31, 33), (35, 36), (40, 41), (40, 42), (40, 44), (41, 44), (43, 47), (54, 55), (55, 56), (57, 59), (59, 75), (59, 76), (61, 73), (61, 76), (63, 70), (63, 71), (63, 73), (64, 70), (69, 71), (75, 77)]","[(0, 2), (1, 4), (12, 36), (17, 67), (20, 66), (22, 30), (23, 60), (27, 57), (33, 73), (37, 41), (38, 40), (39, 68), (43, 68), (51, 59)]"
2PTL,T19A,18,30,13,"[(2, 3), (7, 9), (12, 14), (14, 15), (14, 18), (15, 17), (19, 37), (19, 40), (21, 34), (21, 72), (22, 71), (24, 75), (25, 74), (31, 33), (35, 36), (40, 69), (43, 47), (54, 55), (55, 56), (57, 59), (59, 75), (59, 76), (61, 73), (61, 76), (63, 70), (63, 71), (63, 73), (64, 70), (69, 71), (75, 77)]","[(0, 2), (1, 4), (12, 36), (17, 67), (20, 66), (22, 30), (23, 60), (27, 57), (33, 73), (37, 41), (39, 68), (43, 68), (51, 59)]"
2PTL,T31A,30,30,14,"[(2, 3), (7, 9), (12, 14), (14, 15), (15, 17), (18, 34), (19, 37), (19, 40), (21, 34), (21, 72), (22, 71), (24, 75), (25, 74), (31, 33), (35, 36), (40, 69), (43, 47), (54, 55), (55, 56), (57, 59), (59, 75), (59, 76), (61, 73), (61, 76), (63, 70), (63, 71), (63, 73), (64, 70), (69, 71), (75, 77)]","[(0, 2), (1, 4), (12, 36), (17, 67), (20, 66), (22, 30), (23, 60), (27, 57), (30, 74), (33, 73), (37, 41), (39, 68), (43, 68), (51, 59)]"
2PTL,T33A,32,30,17,"[(2, 3), (7, 9), (12, 14), (14, 15), (15, 17), (19, 37), (19, 40), (21, 34), (21, 72), (22, 71), (24, 75), (25, 74), (31, 33), (32, 34), (35, 36), (40, 69), (43, 47), (54, 55), (55, 56), (57, 59), (59, 75), (59, 76), (61, 73), (61, 76), (63, 70), (63, 71), (63, 73), (64, 70), (69, 71), (75, 77)]","[(0, 2), (1, 4), (12, 36), (17, 67), (19, 34), (20, 66), (22, 30), (23, 60), (24, 32), (27, 57), (30, 32), (32, 72), (33, 73), (37, 41), (39, 68), (43, 68), (51, 59)]"
2PTL,T39A,38,30,13,"[(2, 3), (7, 9), (12, 14), (14, 15), (15, 17), (18, 34), (19, 37), (19, 40), (21, 34), (21, 72), (22, 71), (24, 75), (25, 74), (31, 33), (35, 36), (40, 69), (43, 47), (54, 55), (55, 56), (57, 59), (59, 75), (59, 76), (61, 73), (61, 76), (63, 70), (63, 71), (63, 73), (64, 70), (69, 71), (75, 77)]","[(0, 2), (1, 4), (12, 36), (17, 67), (20, 66), (22, 30), (23, 60), (27, 57), (33, 73), (37, 41), (39, 68), (43, 68), (51, 59)]"
2PTL,T44A,43,30,16,"[(2, 3), (7, 9), (12, 14), (14, 15), (15, 17), (18, 34), (19, 37), (19, 40), (21, 34), (21, 72), (22, 71), (24, 75), (25, 74), (31, 33), (35, 36), (40, 69), (47, 51), (54, 55), (55, 56), (57, 59), (59, 75), (59, 76), (61, 73), (61, 76), (63, 70), (63, 71), (63, 73), (64, 70), (69, 71), (75, 77)]","[(0, 2), (1, 4), (12, 36), (17, 67), (20, 66), (21, 47), (22, 30), (27, 57), (33, 73), (37, 41), (39, 68), (40, 47), (41, 43), (46, 62), (50, 62), (51, 59)]"
2PTL,T53G,52,31,14,"[(2, 3), (7, 9), (12, 14), (14, 15), (15, 17), (18, 34), (19, 37), (19, 40), (21, 34), (21, 72), (22, 71), (24, 75), (25, 74), (31, 33), (35, 36), (40, 69), (43, 47), (49, 52), (54, 55), (55, 56), (57, 59), (59, 75), (59, 76), (61, 73), (61, 76), (63, 70), (63, 71), (63, 73), (64, 70), (69, 71), (75, 77)]","[(0, 2), (1, 4), (12, 36), (17, 67), (20, 66), (22, 30), (23, 60), (27, 57), (33, 73), (37, 41), (39, 68), (43, 68), (51, 59), (52, 54)]"
2PTL,T62A,61,29,13,"[(2, 3), (7, 9), (12, 14), (14, 15), (15, 17), (18, 34), (19, 37), (19, 40), (21, 34), (21, 72), (22, 71), (24, 75), (25, 74), (31, 33), (35, 36), (40, 69), (43, 47), (54, 55), (55, 56), (57, 59), (59, 75), (59, 76), (61, 73), (63, 70), (63, 71), (63, 73), (64, 70), (69, 71), (75, 77)]","[(0, 2), (1, 4), (12, 36), (17, 67), (20, 66), (22, 30), (23, 60), (27, 57), (33, 73), (37, 41), (39, 68), (43, 68), (51, 59)]"
2PTL,T71A,70,33,15,"[(2, 3), (7, 9), (12, 14), (14, 15), (15, 17), (18, 34), (19, 37), (19, 40), (20, 33), (20, 71), (20, 72), (21, 34), (21, 70), (21, 72), (22, 71), (24, 75), (25, 74), (31, 33), (35, 36), (40, 69), (43, 47), (54, 55), (55, 56), (57, 59), (59, 75), (59, 76), (61, 73), (61, 76), (63, 70), (63, 71), (63, 73), (69, 71), (75, 77)]","[(0, 2), (1, 4), (12, 36), (17, 67), (18, 20), (20, 66), (20, 69), (22, 30), (23, 60), (27, 57), (33, 73), (37, 41), (39, 68), (43, 68), (51, 59)]"
2PTL,V18A,17,29,14,"[(2, 3), (7, 9), (12, 14), (14, 15), (18, 34), (19, 37), (19, 40), (21, 34), (21, 72), (22, 71), (24, 75), (25, 74), (31, 33), (35, 36), (40, 69), (43, 47), (54, 55), (55, 56), (57, 59), (59, 75), (59, 76), (61, 73), (61, 76), (63, 70), (63, 71), (63, 73), (64, 70), (69, 71), (75, 77)]","[(0, 2), (1, 4), (12, 36), (17, 42), (17, 67), (20, 66), (22, 30), (23, 60), (27, 57), (33, 73), (37, 41), (39, 68), (43, 68), (51, 59)]"
2PTL,V63A,62,31,14,"[(2, 3), (7, 9), (12, 14), (14, 15), (15, 17), (18, 34), (19, 37), (19, 40), (21, 34), (21, 72), (22, 71), (24, 75), (25, 74), (31, 33), (35, 36), (40, 69), (47, 48), (47, 51), (54, 55), (55, 56), (57, 59), (59, 75), (59, 76), (61, 73), (61, 76), (63, 70), (63, 71), (63, 73), (64, 70), (69, 71), (75, 77)]","[(0, 2), (1, 4), (12, 36), (17, 67), (20, 66), (21, 47), (22, 30), (23, 60), (27, 57), (33, 73), (37, 41), (39, 68), (43, 68), (51, 59)]"
2PTL,V65A,64,29,13,"[(2, 3), (7, 9), (12, 14), (14, 15), (15, 17), (18, 34), (19, 37), (19, 40), (21, 34), (21, 72), (22, 71), (24, 75), (25, 74), (31, 33), (35, 36), (40, 69), (43, 47), (54, 55), (55, 56), (57, 59), (59, 75), (59, 76), (61, 73), (61, 76), (63, 70), (63, 71), (63, 73), (69, 71), (75, 77)]","[(0, 2), (1, 4), (12, 36), (17, 67), (20, 66), (22, 30), (23, 60), (27, 57), (33, 73), (37, 41), (39, 68), (43, 68), (51, 59)]"
2PTL,Y48A,47,29,15,"[(2, 3), (7, 9), (12, 14), (14, 15), (15, 17), (18, 34), (19, 37), (19, 40), (21, 34), (21, 72), (22, 71), (24, 75), (25, 74), (31, 33), (35, 36), (40, 69), (54, 55), (55, 56), (57, 59), (59, 75), (59, 76), (61, 73), (61, 76), (63, 70), (63, 71), (63, 73), (64, 70), (69, 71), (75, 77)]","[(0, 2), (1, 4), (12, 36), (17, 67), (20, 66), (21, 47), (22, 30), (27, 57), (33, 73), (37, 41), (39, 68), (43, 68), (46, 62), (50, 62), (51, 59)]"
2PTL,Y50A,49,31,14,"[(2, 3), (7, 9), (12, 14), (14, 15), (15, 17), (18, 34), (19, 37), (19, 40), (21, 34), (21, 72), (22, 71), (24, 75), (25, 74), (31, 33), (35, 36), (40, 69), (43, 47), (49, 53), (54, 55), (55, 56), (57, 59), (59, 75), (59, 76), (61, 73), (61, 76), (63, 70), (63, 71), (63, 73), (64, 70), (69, 71), (75, 77)]","[(0, 2), (1, 4), (12, 36), (17, 67), (20, 66), (22, 30), (23, 60), (27, 57), (33, 73), (37, 41), (39, 68), (43, 68), (49, 73), (51, 59)]"
2PTL,Y70A,69,33,13,"[(2, 3), (7, 9), (12, 14), (14, 15), (15, 17), (18, 34), (18, 69), (19, 20), (19, 21), (19, 35), (19, 40), (21, 34), (21, 35), (21, 72), (22, 71), (24, 75), (25, 74), (31, 33), (40, 69), (42, 69), (43, 47), (54, 55), (55, 56), (57, 59), (59, 75), (59, 76), (61, 73), (61, 76), (63, 70), (63, 71), (63, 73), (64, 70), (75, 77)]","[(0, 2), (1, 4), (12, 36), (17, 67), (20, 66), (22, 30), (23, 60), (27, 57), (33, 73), (37, 41), (39, 68), (43, 68), (51, 59)]"
2PTL,Y70L,69,30,14,"[(2, 3), (7, 9), (12, 14), (14, 15), (15, 17), (18, 34), (19, 37), (19, 40), (21, 34), (21, 70), (21, 72), (22, 71), (24, 75), (25, 74), (31, 33), (35, 36), (40, 69), (43, 47), (54, 55), (55, 56), (57, 59), (59, 75), (59, 76), (61, 73), (61, 76), (63, 70), (63, 71), (63, 73), (64, 70), (75, 77)]","[(0, 2), (1, 4), (12, 36), (17, 67), (20, 66), (20, 69), (22, 30), (23, 60), (27, 57), (33, 73), (37, 41), (39, 68), (43, 68), (51, 59)]"
2RPN,E7L,6,34,13,"[(1, 2), (1, 27), (2, 25), (3, 26), (5, 8), (5, 55), (6, 22), (8, 9), (8, 19), (8, 21), (9, 54), (11, 13), (11, 19), (12, 14), (13, 15), (16, 17), (16, 47), (17, 37), (18, 20), (21, 23), (22, 23), (27, 41), (28, 57), (31, 38), (33, 36), (34, 36), (34, 50), (35, 51), (39, 40), (39, 45), (39, 47), (40, 41), (40, 46), (42, 45)]","[(0, 30), (0, 37), (0, 38), (0, 39), (1, 36), (3, 51), (7, 52), (12, 35), (17, 23), (23, 54), (27, 46), (30, 58), (35, 52)]"
2RPN,V21K,20,38,11,"[(1, 2), (1, 27), (2, 25), (3, 26), (4, 23), (5, 20), (5, 55), (6, 22), (8, 9), (8, 10), (8, 19), (9, 54), (11, 13), (11, 19), (12, 14), (13, 15), (16, 17), (16, 47), (17, 37), (18, 20), (19, 20), (20, 21), (20, 22), (21, 23), (23, 24), (27, 41), (28, 57), (31, 38), (33, 36), (34, 36), (34, 50), (35, 51), (39, 40), (39, 45), (39, 47), (40, 41), (40, 46), (42, 45)]","[(0, 30), (0, 37), (0, 38), (0, 39), (1, 36), (3, 51), (7, 52), (12, 35), (27, 46), (30, 58), (35, 52)]"
2WQG,D15A,14,28,6,"[(1, 35), (1, 39), (3, 35), (4, 5), (5, 7), (5, 12), (5, 32), (5, 35), (12, 13), (13, 24), (15, 17), (19, 20), (20, 22), (22, 25), (28, 30), (29, 31), (30, 31), (32, 33), (33, 37), (36, 37), (37, 39), (38, 39), (38, 40), (38, 43), (39, 40), (39, 41), (39, 43), (41, 42)]","[(0, 39), (14, 23), (15, 38), (16, 29), (25, 28), (37, 46)]"
2WQG,D38A,37,28,7,"[(1, 35), (1, 39), (3, 35), (4, 5), (5, 7), (5, 12), (5, 32), (5, 35), (12, 13), (13, 24), (14, 16), (15, 17), (19, 20), (20, 22), (22, 25), (28, 30), (29, 31), (30, 31), (32, 33), (37, 39), (38, 39), (38, 40), (38, 43), (39, 40), (39, 41), (39, 43), (40, 46), (41, 42)]","[(0, 39), (4, 37), (15, 38), (16, 29), (16, 37), (25, 28), (35, 37)]"
2WQG,D39A,38,29,4,"[(1, 35), (1, 39), (3, 4), (3, 35), (4, 5), (5, 7), (5, 12), (5, 32), (5, 35), (12, 13), (13, 24), (14, 16), (15, 17), (19, 20), (20, 22), (22, 25), (28, 30), (29, 31), (30, 31), (32, 33), (33, 37), (36, 37), (37, 39), (38, 40), (38, 43), (39, 40), (39, 41), (39, 43), (41, 42)]","[(0, 39), (16, 29), (25, 28), (37, 46)]"
2WQG,D39N,38,30,5,"[(1, 35), (1, 39), (3, 4), (3, 35), (4, 5), (5, 7), (5, 12), (5, 32), (5, 35), (12, 13), (13, 24), (14, 16), (15, 17), (16, 19), (19, 20), (20, 22), (22, 25), (28, 30), (29, 31), (30, 31), (32, 33), (33, 37), (36, 37), (37, 39), (38, 40), (38, 43), (39, 40), (39, 41), (39, 43), (41, 42)]","[(0, 39), (15, 38), (16, 29), (25, 28), (37, 46)]"
2WQG,E40Q,39,29,5,"[(1, 35), (1, 39), (3, 35), (4, 5), (5, 7), (5, 12), (5, 32), (5, 35), (12, 13), (13, 24), (14, 16), (15, 17), (19, 20), (20, 22), (22, 25), (28, 30), (29, 31), (30, 31), (32, 33), (33, 37), (36, 37), (37, 39), (38, 39), (38, 40), (38, 43), (39, 40), (39, 41), (39, 43), (41, 42)]","[(0, 39), (15, 38), (16, 29), (25, 28), (37, 46)]"
2WQG,E41G,40,27,6,"[(1, 35), (1, 39), (3, 35), (4, 5), (5, 7), (5, 12), (5, 32), (5, 35), (12, 13), (13, 24), (14, 16), (15, 17), (19, 20), (20, 22), (22, 25), (28, 30), (29, 31), (30, 31), (32, 33), (33, 37), (36, 37), (37, 39), (38, 39), (38, 43), (39, 41), (39, 43), (41, 42)]","[(0, 39), (15, 38), (16, 29), (25, 28), (37, 46), (40, 42)]"
2WQG,I36A,35,30,6,"[(1, 35), (1, 39), (3, 35), (4, 5), (5, 7), (5, 12), (5, 32), (5, 35), (12, 13), (13, 24), (14, 16), (15, 17), (19, 20), (20, 22), (22, 25), (28, 30), (28, 32), (29, 31), (30, 31), (32, 33), (33, 37), (36, 37), (37, 39), (38, 39), (38, 40), (38, 43), (39, 40), (39, 41), (39, 43), (41, 42)]","[(0, 39), (15, 38), (16, 29), (25, 28), (35, 36), (37, 46)]"
2WQG,I36V,35,30,5,"[(1, 35), (1, 39), (3, 35), (4, 5), (5, 7), (5, 12), (5, 32), (5, 35), (12, 13), (13, 24), (14, 16), (15, 17), (19, 20), (20, 22), (22, 25), (28, 30), (28, 32), (29, 31), (30, 31), (32, 33), (33, 37), (36, 37), (37, 39), (38, 39), (38, 40), (38, 43), (39, 40), (39, 41), (39, 43), (41, 42)]","[(0, 39), (15, 38), (16, 29), (25, 28), (37, 46)]"
2WQG,K14A,13,27,6,"[(1, 35), (1, 39), (3, 35), (4, 5), (5, 7), (5, 12), (5, 32), (5, 35), (14, 16), (15, 17), (19, 20), (20, 22), (22, 25), (28, 30), (29, 31), (30, 31), (32, 33), (33, 37), (36, 37), (37, 39), (38, 39), (38, 40), (38, 43), (39, 40), (39, 41), (39, 43), (41, 42)]","[(0, 39), (13, 15), (15, 38), (16, 29), (25, 28), (37, 46)]"
2WQG,K14G,13,27,7,"[(1, 35), (1, 39), (3, 35), (4, 5), (5, 7), (5, 12), (5, 32), (5, 35), (13, 24), (14, 16), (15, 17), (19, 20), (20, 22), (22, 25), (29, 31), (30, 31), (32, 33), (33, 37), (36, 37), (37, 39), (38, 39), (38, 40), (38, 43), (39, 40), (39, 41), (39, 43), (41, 42)]","[(0, 39), (13, 15), (13, 34), (15, 38), (16, 29), (25, 28), (37, 46)]"
2WQG,K19A,18,29,7,"[(1, 35), (1, 39), (3, 35), (4, 5), (5, 7), (5, 12), (5, 32), (5, 35), (12, 13), (13, 24), (14, 16), (15, 17), (19, 20), (20, 22), (22, 25), (28, 30), (29, 31), (30, 31), (32, 33), (33, 37), (36, 37), (37, 39), (38, 39), (38, 40), (38, 43), (39, 40), (39, 41), (39, 43), (41, 42)]","[(0, 39), (15, 38), (16, 18), (16, 29), (18, 20), (25, 28), (37, 46)]"
2WQG,K28A,27,32,5,"[(1, 35), (1, 39), (3, 35), (4, 5), (5, 7), (5, 12), (5, 27), (5, 32), (5, 35), (7, 27), (8, 27), (12, 13), (13, 24), (14, 16), (15, 17), (19, 20), (20, 22), (22, 25), (28, 30), (29, 31), (30, 31), (32, 33), (33, 37), (36, 37), (37, 39), (38, 39), (38, 40), (38, 43), (39, 40), (39, 41), (39, 43), (41, 42)]","[(0, 39), (15, 38), (16, 29), (25, 28), (37, 46)]"
2WQG,L13A,12,29,7,"[(1, 35), (1, 39), (3, 4), (3, 35), (4, 5), (5, 7), (5, 12), (5, 32), (5, 35), (13, 24), (14, 16), (15, 17), (19, 20), (20, 22), (22, 25), (28, 30), (29, 31), (30, 31), (32, 33), (33, 37), (36, 37), (37, 39), (38, 39), (38, 40), (38, 43), (39, 40), (39, 41), (39, 43), (41, 42)]","[(0, 39), (10, 12), (12, 23), (15, 38), (16, 29), (25, 28), (37, 46)]"
2WQG,L16A,15,29,4,"[(1, 35), (1, 39), (3, 4), (3, 35), (4, 5), (5, 7), (5, 12), (5, 32), (5, 35), (12, 13), (13, 24), (14, 16), (19, 20), (20, 22), (22, 25), (28, 30), (29, 31), (30, 31), (32, 33), (33, 37), (36, 37), (37, 39), (38, 39), (38, 40), (38, 43), (39, 40), (39, 41), (39, 43), (41, 42)]","[(0, 39), (16, 29), (25, 28), (37, 46)]"
2WQG,L8A,7,29,6,"[(1, 35), (1, 39), (3, 35), (4, 5), (5, 12), (5, 32), (5, 35), (7, 15), (12, 13), (13, 24), (14, 16), (15, 17), (19, 20), (20, 22), (22, 25), (28, 30), (29, 31), (30, 31), (32, 33), (33, 37), (36, 37), (37, 39), (38, 39), (38, 40), (38, 43), (39, 40), (39, 41), (39, 43), (41, 42)]","[(0, 39), (7, 31), (15, 38), (16, 29), (25, 28), (37, 46)]"
2WQG,Q12A,11,30,6,"[(1, 35), (1, 39), (3, 7), (3, 35), (4, 5), (5, 7), (5, 12), (5, 32), (5, 35), (12, 13), (13, 24), (14, 16), (15, 17), (19, 20), (20, 22), (22, 25), (28, 30), (29, 31), (30, 31), (32, 33), (33, 37), (36, 37), (37, 39), (38, 39), (38, 40), (38, 43), (39, 40), (39, 41), (39, 43), (41, 42)]","[(0, 39), (9, 11), (15, 38), (16, 29), (25, 28), (37, 46)]"
2WQG,Q12G,11,30,7,"[(1, 35), (1, 39), (3, 7), (3, 35), (4, 5), (5, 7), (5, 12), (5, 32), (5, 35), (12, 13), (13, 24), (14, 16), (15, 17), (19, 20), (20, 22), (22, 25), (28, 30), (29, 31), (30, 31), (32, 33), (33, 37), (36, 37), (37, 39), (38, 39), (38, 40), (38, 43), (39, 40), (39, 41), (39, 43), (41, 42)]","[(0, 39), (9, 11), (11, 13), (15, 38), (16, 29), (25, 28), (37, 46)]"
2WQG,Q33A,32,29,8,"[(1, 35), (1, 39), (3, 35), (4, 5), (5, 7), (5, 12), (5, 32), (5, 35), (12, 13), (13, 24), (14, 16), (15, 17), (19, 20), (20, 22), (22, 25), (28, 30), (29, 31), (30, 31), (33, 37), (36, 37), (36, 40), (37, 39), (38, 39), (38, 40), (38, 43), (39, 40), (39, 41), (39, 43), (41, 42)]","[(0, 39), (15, 38), (16, 29), (25, 28), (32, 34), (33, 36), (35, 36), (37, 46)]"
2WQG,R34A,33,32,6,"[(1, 35), (1, 39), (3, 35), (4, 5), (5, 7), (5, 12), (5, 32), (5, 35), (12, 13), (13, 24), (14, 16), (15, 17), (19, 20), (20, 21), (20, 22), (22, 25), (22, 33), (23, 33), (24, 29), (24, 33), (28, 30), (29, 31), (30, 31), (36, 37), (37, 39), (38, 39), (38, 40), (38, 43), (39, 40), (39, 41), (39, 43), (41, 42)]","[(0, 39), (15, 38), (25, 28), (31, 33), (33, 36), (37, 46)]"
2WQG,S23A,22,28,5,"[(1, 35), (1, 39), (3, 35), (4, 5), (5, 7), (5, 12), (5, 32), (5, 35), (12, 13), (13, 24), (14, 16), (15, 17), (19, 20), (20, 22), (28, 30), (29, 31), (30, 31), (32, 33), (33, 37), (36, 37), (37, 39), (38, 39), (38, 40), (38, 43), (39, 40), (39, 41), (39, 43), (41, 42)]","[(0, 39), (15, 38), (16, 29), (25, 28), (37, 46)]"
2WQG,S6A,5,26,5,"[(1, 35), (1, 39), (3, 35), (5, 7), (5, 32), (12, 13), (13, 24), (14, 16), (15, 17), (19, 20), (20, 22), (22, 25), (28, 30), (29, 31), (30, 31), (32, 33), (33, 37), (36, 37), (37, 39), (38, 39), (38, 40), (38, 43), (39, 40), (39, 41), (39, 43), (41, 42)]","[(0, 39), (15, 38), (16, 29), (25, 28), (37, 46)]"
2WQG,S6G,5,26,5,"[(1, 35), (1, 39), (3, 35), (5, 32), (5, 35), (12, 13), (13, 24), (14, 16), (15, 17), (19, 20), (20, 22), (22, 25), (28, 30), (29, 31), (30, 31), (32, 33), (33, 37), (36, 37), (37, 39), (38, 39), (38, 40), (38, 43), (39, 40), (39, 41), (39, 43), (41, 42)]","[(0, 39), (15, 38), (16, 29), (25, 28), (37, 46)]"
2WQG,T9S,8,30,5,"[(1, 35), (1, 39), (3, 35), (4, 5), (5, 7), (5, 12), (5, 32), (5, 35), (7, 27), (12, 13), (13, 24), (14, 16), (15, 17), (19, 20), (20, 22), (22, 25), (28, 30), (29, 31), (30, 31), (32, 33), (33, 37), (36, 37), (37, 39), (38, 39), (38, 40), (38, 43), (39, 40), (39, 41), (39, 43), (41, 42)]","[(0, 39), (15, 38), (16, 29), (25, 28), (37, 46)]"
2WQG,V10A,9,28,5,"[(1, 35), (1, 39), (3, 35), (4, 5), (5, 7), (5, 12), (5, 32), (5, 35), (12, 13), (13, 24), (14, 16), (15, 17), (19, 20), (20, 22), (22, 25), (29, 31), (30, 31), (32, 33), (33, 37), (36, 37), (37, 39), (38, 39), (38, 40), (38, 43), (39, 40), (39, 41), (39, 43), (41, 42)]","[(0, 39), (15, 38), (16, 29), (25, 28), (37, 46)]"
2WQG,V10G,9,33,7,"[(1, 35), (1, 39), (3, 35), (4, 5), (5, 7), (5, 12), (5, 27), (5, 32), (5, 35), (7, 27), (9, 26), (12, 13), (13, 24), (14, 16), (15, 17), (19, 20), (20, 22), (22, 25), (27, 31), (28, 30), (29, 31), (30, 31), (32, 33), (33, 37), (36, 37), (37, 39), (38, 39), (38, 40), (38, 43), (39, 40), (39, 41), (39, 43), (41, 42)]","[(0, 39), (7, 9), (9, 11), (15, 38), (16, 29), (25, 28), (37, 46)]"
2WQG,V11A,10,29,5,"[(1, 35), (1, 39), (3, 35), (4, 5), (5, 7), (5, 12), (5, 32), (5, 35), (12, 13), (13, 24), (14, 16), (15, 17), (19, 20), (20, 22), (22, 25), (28, 30), (29, 31), (30, 31), (32, 33), (33, 37), (36, 37), (37, 39), (38, 39), (38, 40), (38, 43), (39, 40), (39, 41), (39, 43), (41, 42)]","[(0, 39), (15, 38), (16, 29), (25, 28), (37, 46)]"
2WQG,V11G,10,29,8,"[(1, 35), (1, 39), (3, 35), (4, 5), (5, 7), (5, 12), (5, 32), (5, 35), (12, 13), (13, 24), (14, 16), (15, 17), (19, 20), (20, 22), (22, 25), (28, 30), (29, 31), (30, 31), (32, 33), (33, 37), (36, 37), (37, 39), (38, 39), (38, 40), (38, 43), (39, 40), (39, 41), (39, 43), (41, 42)]","[(0, 39), (10, 12), (10, 27), (10, 30), (15, 38), (16, 29), (25, 28), (37, 46)]"
2WQG,V24A,23,28,5,"[(1, 35), (1, 39), (3, 35), (4, 5), (5, 7), (5, 12), (5, 32), (5, 35), (12, 13), (13, 24), (14, 16), (15, 17), (19, 20), (20, 22), (22, 25), (29, 31), (30, 31), (32, 33), (33, 37), (36, 37), (37, 39), (38, 39), (38, 40), (38, 43), (39, 40), (39, 41), (39, 43), (41, 42)]","[(0, 39), (15, 38), (16, 29), (25, 28), (37, 46)]"
2WQG,Y5F,4,29,6,"[(1, 35), (1, 39), (3, 35), (4, 5), (5, 7), (5, 12), (5, 32), (5, 35), (11, 15), (12, 13), (13, 24), (14, 16), (15, 17), (19, 20), (20, 22), (22, 25), (28, 30), (29, 31), (30, 31), (32, 33), (33, 37), (36, 37), (37, 39), (38, 40), (38, 43), (39, 40), (39, 41), (39, 43), (41, 42)]","[(0, 39), (7, 34), (15, 38), (16, 29), (25, 28), (37, 46)]"
2ZTA,E11Q,10,1,0,"[(7, 10)]",[]
2ZTA,E20Q,19,2,1,"[(15, 19), (18, 19)]","[(19, 23)]"
2ZTA,E22Q,21,4,5,"[(17, 21), (20, 21), (24, 25), (24, 28)]","[(13, 17), (14, 17), (20, 24), (21, 23), (23, 24)]"
2ZTA,K15A,14,0,3,[],"[(6, 10), (9, 10), (14, 17)]"
2ZTA,K27A,26,0,3,[],"[(26, 27), (26, 28), (26, 30)]"
2ZTA,K28A,27,0,3,[],"[(26, 27), (27, 29), (27, 30)]"
2ZTA,K8A,7,0,1,[],"[(6, 7)]"
2ZTA,R25A,24,1,4,"[(20, 21)]","[(20, 24), (22, 24), (23, 24), (28, 30)]"
3BN0,I20V,18,3,1,"[(16, 32), (18, 42), (93, 94)]","[(18, 58)]"
3C2I,F155S,64,2,4,"[(51, 64), (60, 64)]","[(44, 64), (59, 60), (62, 64), (64, 65)]"
3C2I,T158A,67,0,0,[],[]
3C2I,T158M,67,1,1,"[(15, 67)]","[(66, 67)]"
3FIS,P61A,35,1,0,"[(31, 35)]",[]
3G1G,D155Y,4,3,2,"[(4, 6), (74, 76), (75, 76)]","[(1, 4), (4, 23)]"
3G1G,F167Y,16,3,1,"[(45, 46), (74, 76), (75, 76)]","[(4, 45)]"
3G1G,I190V,39,3,0,"[(39, 63), (74, 76), (75, 76)]",[]
3G1G,R185W,34,3,1,"[(22, 25), (74, 76), (75, 76)]","[(34, 38)]"
3K82,E334L,28,0,4,[],"[(28, 30), (28, 52), (31, 32), (31, 51)]"
3K82,E334Q,28,0,0,[],[]
3K82,E401R,95,2,2,"[(26, 28), (95, 96)]","[(26, 65), (28, 30)]"
3MON,R39G,38,1,3,"[(6, 38)]","[(36, 38), (37, 38), (38, 40)]"
3MON,W3C,2,0,2,[],"[(1, 2), (2, 3)]"
3O39,L32P,3,25,5,"[(4, 85), (9, 12), (14, 15), (16, 18), (17, 18), (18, 22), (20, 21), (21, 24), (21, 26), (24, 25), (25, 26), (25, 27), (58, 60), (58, 62), (59, 60), (60, 62), (60, 63), (82, 85), (89, 90), (90, 93), (92, 93), (92, 94), (92, 95), (93, 94), (93, 95)]","[(3, 9), (17, 21), (53, 60), (55, 58), (85, 92)]"
3S92,H395R,88,4,4,"[(0, 1), (0, 61), (83, 85), (87, 88)]","[(38, 88), (83, 88), (88, 89), (95, 99)]"
4N6V,H75W,67,1,1,"[(64, 66)]","[(67, 68)]"
4N6V,P36G,28,2,2,"[(28, 53), (29, 53)]","[(16, 28), (29, 30)]"
4N6V,P79S,71,2,3,"[(64, 71), (70, 73)]","[(14, 71), (18, 71), (69, 70)]"
4YEE,V134T,59,4,3,"[(2, 81), (45, 81), (56, 58), (58, 59)]","[(10, 59), (55, 57), (59, 62)]"
4YEF,T134V,57,2,2,"[(12, 30), (51, 55)]","[(51, 57), (56, 57)]"
5JXB,D329G,24,9,2,"[(23, 63), (26, 28), (26, 29), (41, 43), (47, 49), (90, 91), (91, 94), (113, 115), (114, 115)]","[(24, 63), (26, 95)]"
5JXB,D329P,24,9,3,"[(23, 25), (26, 28), (26, 29), (41, 43), (47, 49), (90, 91), (91, 94), (113, 115), (114, 115)]","[(21, 24), (23, 65), (26, 95)]"
1A0F,S11A,10,2,1,"[(5, 10), (6, 10)]","[(10, 65)]"
1A7V,A104H,103,1,0,"[(95, 103)]",[]
1A7V,A66H,65,1,4,"[(65, 67)]","[(7, 65), (9, 11), (11, 65), (65, 116)]"
1A7V,A91H,90,3,0,"[(88, 90), (90, 92), (90, 108)]",[]
1A7V,D3H,2,0,0,[],[]
1A7V,D58H,57,1,0,"[(3, 57)]",[]
1A7V,E73H,72,1,1,"[(72, 73)]","[(71, 72)]"
1A7V,K13H,12,2,3,"[(9, 13), (12, 13)]","[(8, 12), (11, 12), (13, 15)]"
1A7V,K20H,19,1,2,"[(15, 19)]","[(19, 23), (20, 36)]"
1A7V,K31H,30,0,2,[],"[(30, 31), (30, 32)]"
1A7V,K39H,38,0,0,[],[]
1A7V,K49H,48,2,2,"[(48, 49), (48, 89)]","[(48, 51), (48, 82)]"
1A7V,K84H,83,2,2,"[(79, 80), (80, 118)]","[(80, 82), (80, 84)]"
1A7V,K97H,96,5,0,"[(33, 95), (93, 96), (94, 96), (95, 96), (96, 104)]",[]
1BNL,D76A,75,1,1,"[(73, 75)]","[(10, 43)]"
1DIV,D23A,22,59,15,"[(0, 1), (1, 2), (1, 20), (3, 39), (4, 5), (4, 15), (4, 17), (5, 12), (5, 15), (5, 34), (6, 12), (6, 35), (7, 12), (8, 15), (14, 49), (18, 21), (19, 22), (20, 23), (20, 38), (21, 29), (23, 30), (25, 27), (25, 28), (29, 33), (31, 33), (32, 35), (40, 42), (41, 43), (44, 48), (45, 47), (47, 49), (53, 54), (53, 57), (56, 58), (57, 59), (60, 61), (60, 62), (61, 63), (63, 67), (69, 72), (73, 107), (77, 105), (81, 90), (82, 90), (83, 87), (83, 88), (83, 90), (84, 88), (94, 119), (96, 98), (97, 99), (101, 103), (102, 107), (103, 105), (104, 106), (110, 114), (114, 115), (116, 118), (117, 119)]","[(0, 37), (8, 14), (15, 47), (33, 36), (38, 40), (41, 44), (45, 49), (48, 52), (64, 68), (79, 100), (85, 87), (86, 87), (86, 88), (95, 99), (98, 110)]"
1DIV,D23N,22,60,16,"[(0, 1), (1, 2), (1, 20), (3, 39), (4, 5), (4, 15), (4, 17), (5, 12), (5, 15), (5, 34), (6, 12), (6, 35), (7, 12), (8, 15), (14, 49), (18, 21), (19, 22), (20, 22), (20, 23), (20, 38), (21, 29), (23, 30), (25, 27), (25, 28), (29, 33), (31, 33), (32, 35), (40, 42), (41, 43), (44, 48), (45, 47), (47, 49), (53, 54), (53, 57), (56, 58), (57, 59), (60, 61), (60, 62), (61, 63), (63, 67), (69, 72), (73, 107), (77, 105), (81, 90), (82, 90), (83, 87), (83, 88), (83, 90), (84, 88), (94, 119), (96, 98), (97, 99), (101, 103), (102, 107), (103, 105), (104, 106), (110, 114), (114, 115), (116, 118), (117, 119)]","[(0, 37), (8, 14), (15, 47), (26, 37), (33, 36), (38, 40), (41, 44), (45, 49), (48, 52), (64, 68), (79, 100), (85, 87), (86, 87), (86, 88), (95, 99), (98, 110)]"
1DIV,D8N,7,60,17,"[(0, 1), (1, 2), (1, 20), (3, 39), (4, 5), (4, 7), (4, 15), (4, 17), (5, 12), (5, 15), (5, 34), (6, 12), (6, 35), (7, 12), (8, 15), (14, 49), (18, 21), (20, 22), (20, 23), (20, 38), (21, 29), (23, 30), (25, 27), (25, 28), (29, 33), (31, 33), (32, 35), (40, 42), (41, 43), (44, 48), (45, 47), (47, 49), (53, 54), (53, 57), (56, 58), (57, 59), (60, 61), (60, 62), (61, 63), (63, 67), (69, 72), (73, 107), (77, 105), (81, 90), (82, 90), (83, 87), (83, 88), (83, 90), (84, 88), (94, 119), (96, 98), (97, 99), (101, 103), (102, 107), (103, 105), (104, 106), (110, 114), (114, 115), (116, 118), (117, 119)]","[(0, 37), (7, 11), (7, 32), (8, 14), (15, 47), (33, 36), (38, 40), (41, 44), (45, 49), (48, 52), (64, 68), (79, 100), (85, 87), (86, 87), (86, 88), (95, 99), (98, 110)]"
1DIV,E100A,99,61,15,"[(0, 1), (1, 2), (1, 20), (3, 39), (4, 5), (4, 15), (4, 17), (5, 12), (5, 15), (5, 34), (6, 12), (6, 35), (7, 12), (8, 15), (14, 49), (18, 21), (20, 22), (20, 23), (20, 38), (21, 29), (23, 30), (25, 27), (25, 28), (29, 33), (31, 33), (32, 35), (40, 42), (41, 43), (44, 48), (45, 47), (47, 49), (53, 54), (53, 57), (56, 58), (57, 59), (60, 61), (60, 62), (61, 63), (63, 67), (69, 72), (73, 107), (77, 105), (81, 90), (82, 90), (83, 87), (83, 88), (83, 90), (84, 88), (93, 95), (94, 95), (94, 119), (96, 98), (97, 99), (101, 103), (102, 107), (103, 105), (104, 106), (110, 114), (114, 115), (116, 118), (117, 119)]","[(0, 37), (8, 14), (15, 47), (33, 36), (38, 40), (41, 44), (45, 49), (48, 52), (64, 68), (79, 100), (85, 87), (86, 87), (86, 88), (95, 99), (98, 110)]"
1DIV,E100G,99,60,17,"[(0, 1), (1, 2), (1, 20), (3, 39), (4, 5), (4, 15), (4, 17), (5, 12), (5, 15), (5, 34), (6, 12), (6, 35), (7, 12), (8, 15), (14, 49), (18, 21), (20, 22), (20, 23), (20, 38), (21, 29), (23, 30), (25, 27), (25, 28), (29, 33), (31, 33), (32, 35), (40, 42), (41, 43), (44, 48), (45, 47), (47, 49), (53, 54), (53, 57), (56, 58), (57, 59), (60, 61), (60, 62), (61, 63), (63, 67), (69, 72), (73, 107), (77, 105), (81, 90), (82, 90), (83, 87), (83, 88), (83, 90), (84, 88), (93, 95), (94, 95), (94, 119), (96, 98), (101, 103), (102, 107), (103, 105), (104, 106), (110, 114), (114, 115), (116, 118), (117, 119)]","[(0, 37), (8, 14), (15, 47), (33, 36), (38, 40), (41, 44), (45, 49), (48, 52), (64, 68), (79, 100), (85, 87), (86, 87), (86, 88), (93, 111), (95, 99), (98, 110), (99, 101)]"
1DIV,E17Q,16,59,15,"[(0, 1), (1, 2), (1, 20), (3, 39), (4, 5), (4, 15), (4, 17), (5, 12), (5, 15), (5, 34), (6, 12), (6, 35), (7, 12), (8, 15), (14, 49), (18, 21), (20, 22), (20, 23), (20, 38), (21, 29), (23, 30), (25, 27), (25, 28), (29, 33), (31, 33), (32, 35), (40, 42), (41, 43), (44, 48), (45, 47), (47, 49), (53, 54), (53, 57), (56, 58), (57, 59), (60, 61), (60, 62), (61, 63), (63, 67), (69, 72), (73, 107), (77, 105), (81, 90), (82, 90), (83, 87), (83, 88), (83, 90), (84, 88), (94, 119), (96, 98), (97, 99), (101, 103), (102, 107), (103, 105), (104, 106), (110, 114), (114, 115), (116, 118), (117, 119)]","[(0, 37), (8, 14), (15, 47), (33, 36), (38, 40), (41, 44), (45, 49), (48, 52), (64, 68), (79, 100), (85, 87), (86, 87), (86, 88), (95, 99), (98, 110)]"
1DIV,E38Q,37,60,15,"[(0, 1), (1, 2), (1, 20), (3, 39), (4, 5), (4, 15), (4, 17), (5, 12), (5, 15), (5, 34), (6, 12), (6, 35), (7, 12), (8, 15), (14, 49), (18, 21), (20, 22), (20, 23), (20, 38), (21, 29), (23, 30), (25, 27), (25, 28), (29, 33), (31, 33), (32, 35), (36, 39), (40, 42), (41, 43), (44, 48), (45, 47), (47, 49), (53, 54), (53, 57), (56, 58), (57, 59), (60, 61), (60, 62), (61, 63), (63, 67), (69, 72), (73, 107), (77, 105), (81, 90), (82, 90), (83, 87), (83, 88), (83, 90), (84, 88), (94, 119), (96, 98), (97, 99), (101, 103), (102, 107), (103, 105), (104, 106), (110, 114), (114, 115), (116, 118), (117, 119)]","[(0, 37), (8, 14), (15, 47), (33, 36), (38, 40), (41, 44), (45, 49), (48, 52), (64, 68), (79, 100), (85, 87), (86, 87), (86, 88), (95, 99), (98, 110)]"
1DIV,E48Q,47,62,15,"[(0, 1), (1, 2), (1, 20), (3, 39), (4, 5), (4, 15), (4, 17), (5, 12), (5, 15), (5, 34), (6, 12), (6, 35), (7, 12), (8, 15), (14, 49), (18, 21), (20, 22), (20, 23), (20, 38), (21, 29), (23, 30), (25, 27), (25, 28), (29, 33), (31, 33), (32, 35), (40, 42), (41, 43), (43, 47), (44, 47), (44, 48), (45, 47), (47, 49), (50, 51), (53, 54), (53, 57), (56, 58), (57, 59), (60, 61), (60, 62), (61, 63), (63, 67), (69, 72), (73, 107), (77, 105), (81, 90), (82, 90), (83, 87), (83, 88), (83, 90), (84, 88), (94, 119), (96, 98), (97, 99), (101, 103), (102, 107), (103, 105), (104, 106), (110, 114), (114, 115), (116, 118), (117, 119)]","[(0, 37), (8, 14), (33, 36), (38, 40), (41, 44), (45, 49), (48, 52), (51, 55), (64, 68), (79, 100), (85, 87), (86, 87), (86, 88), (95, 99), (98, 110)]"
1DIV,E54Q,53,64,15,"[(0, 1), (1, 2), (1, 20), (3, 39), (4, 5), (4, 15), (4, 17), (5, 12), (5, 15), (5, 34), (6, 12), (6, 35), (7, 12), (8, 15), (13, 53), (14, 49), (14, 53), (18, 21), (20, 22), (20, 23), (20, 38), (21, 29), (23, 30), (25, 27), (25, 28), (29, 33), (31, 33), (32, 35), (40, 42), (41, 43), (44, 48), (45, 47), (47, 49), (50, 53), (52, 53), (52, 56), (53, 54), (55, 56), (56, 58), (57, 59), (60, 61), (60, 62), (61, 63), (63, 67), (69, 72), (73, 107), (77, 105), (81, 90), (82, 90), (83, 87), (83, 88), (83, 90), (84, 88), (94, 119), (96, 98), (97, 99), (101, 103), (102, 107), (103, 105), (104, 106), (110, 114), (114, 115), (116, 118), (117, 119)]","[(0, 37), (15, 47), (33, 36), (38, 40), (41, 44), (45, 49), (48, 52), (51, 52), (64, 68), (79, 100), (85, 87), (86, 87), (86, 88), (95, 99), (98, 110)]"
1DIV,H106Q,105,62,16,"[(0, 1), (1, 2), (1, 20), (3, 39), (4, 5), (4, 15), (4, 17), (5, 12), (5, 15), (5, 34), (6, 12), (6, 35), (7, 12), (8, 15), (14, 49), (18, 21), (20, 22), (20, 23), (20, 38), (21, 29), (23, 30), (25, 27), (25, 28), (29, 33), (31, 33), (32, 35), (40, 42), (41, 43), (44, 48), (45, 47), (47, 49), (53, 54), (53, 57), (56, 58), (57, 59), (60, 61), (60, 62), (61, 63), (63, 67), (69, 72), (70, 73), (71, 73), (73, 105), (73, 107), (77, 105), (81, 90), (82, 90), (83, 87), (83, 88), (83, 90), (84, 88), (94, 119), (96, 98), (97, 99), (101, 103), (102, 107), (103, 105), (104, 106), (110, 114), (114, 115), (116, 118), (117, 119)]","[(0, 37), (8, 14), (15, 47), (33, 36), (38, 40), (41, 44), (45, 49), (48, 52), (64, 68), (72, 73), (79, 100), (85, 87), (86, 87), (86, 88), (95, 99), (98, 110)]"
1DIV,I115A,114,59,15,"[(0, 1), (1, 2), (1, 20), (3, 39), (4, 5), (4, 15), (4, 17), (5, 12), (5, 15), (5, 34), (6, 12), (6, 35), (7, 12), (8, 15), (14, 49), (18, 21), (20, 22), (20, 23), (20, 38), (21, 29), (23, 30), (25, 27), (25, 28), (29, 33), (31, 33), (32, 35), (40, 42), (41, 43), (44, 48), (45, 47), (47, 49), (53, 54), (53, 57), (56, 58), (57, 59), (60, 61), (60, 62), (61, 63), (63, 67), (69, 72), (73, 107), (77, 105), (81, 90), (82, 90), (83, 87), (83, 88), (83, 90), (84, 88), (94, 119), (96, 98), (97, 99), (101, 103), (101, 114), (102, 107), (103, 105), (104, 106), (110, 114), (116, 118), (117, 119)]","[(0, 37), (8, 14), (15, 47), (33, 36), (38, 40), (41, 44), (45, 49), (48, 52), (64, 68), (79, 100), (85, 87), (86, 87), (86, 88), (95, 99), (98, 110)]"
1DIV,I4A,3,62,16,"[(0, 1), (1, 2), (1, 20), (3, 39), (4, 5), (4, 15), (4, 17), (5, 12), (5, 15), (5, 34), (6, 12), (6, 35), (7, 12), (8, 15), (13, 49), (14, 49), (15, 49), (18, 21), (20, 22), (20, 23), (20, 38), (21, 29), (23, 30), (25, 27), (25, 28), (29, 33), (31, 33), (32, 35), (40, 42), (43, 45), (44, 48), (45, 47), (46, 48), (47, 49), (53, 54), (53, 57), (56, 58), (57, 59), (60, 61), (60, 62), (61, 63), (63, 67), (69, 72), (73, 107), (77, 105), (81, 90), (82, 90), (83, 87), (83, 88), (83, 90), (84, 88), (94, 119), (96, 98), (97, 99), (101, 103), (102, 107), (103, 105), (104, 106), (110, 114), (114, 115), (116, 118), (117, 119)]","[(0, 37), (5, 46), (8, 14), (33, 36), (38, 40), (41, 44), (42, 46), (45, 49), (48, 52), (64, 68), (79, 100), (85, 87), (86, 87), (86, 88), (95, 99), (98, 110)]"
1DIV,I4V,3,59,17,"[(0, 1), (1, 2), (1, 20), (3, 39), (4, 5), (4, 15), (4, 17), (5, 12), (5, 15), (5, 34), (6, 12), (6, 35), (7, 12), (8, 15), (14, 49), (18, 21), (20, 22), (20, 23), (20, 38), (21, 29), (23, 30), (25, 27), (25, 28), (29, 33), (31, 33), (32, 35), (40, 42), (41, 43), (44, 48), (45, 47), (47, 49), (53, 54), (53, 57), (56, 58), (57, 59), (60, 61), (60, 62), (61, 63), (63, 67), (69, 72), (73, 107), (77, 105), (81, 90), (82, 90), (83, 87), (83, 88), (83, 90), (84, 88), (94, 119), (96, 98), (97, 99), (101, 103), (102, 107), (103, 105), (104, 106), (110, 114), (114, 115), (116, 118), (117, 119)]","[(0, 37), (5, 46), (8, 14), (33, 36), (38, 40), (41, 44), (42, 46), (45, 49), (48, 52), (50, 54), (64, 68), (79, 100), (85, 87), (86, 87), (86, 88), (95, 99), (98, 110)]"
1DIV,I79A,78,59,15,"[(0, 1), (1, 2), (1, 20), (3, 39), (4, 5), (4, 15), (4, 17), (5, 12), (5, 15), (5, 34), (6, 12), (6, 35), (7, 12), (8, 15), (14, 49), (18, 21), (20, 22), (20, 23), (20, 38), (21, 29), (23, 30), (25, 27), (25, 28), (29, 33), (31, 33), (32, 35), (40, 42), (41, 43), (44, 48), (45, 47), (47, 49), (53, 54), (53, 57), (56, 58), (57, 59), (60, 61), (60, 62), (61, 63), (63, 67), (69, 72), (73, 107), (77, 105), (81, 90), (82, 90), (83, 87), (83, 88), (83, 90), (84, 88), (94, 119), (96, 98), (97, 99), (101, 103), (102, 107), (103, 105), (104, 106), (110, 114), (114, 115), (116, 118), (117, 119)]","[(0, 37), (8, 14), (15, 47), (33, 36), (38, 40), (41, 44), (45, 49), (48, 52), (64, 68), (79, 100), (85, 87), (86, 87), (86, 88), (95, 99), (98, 110)]"
1DIV,I93A,92,59,16,"[(0, 1), (1, 2), (1, 20), (3, 39), (4, 5), (4, 15), (4, 17), (5, 12), (5, 15), (5, 34), (6, 12), (6, 35), (7, 12), (8, 15), (14, 49), (18, 21), (20, 22), (20, 23), (20, 38), (21, 29), (23, 30), (25, 27), (25, 28), (29, 33), (31, 33), (32, 35), (40, 42), (41, 43), (44, 48), (45, 47), (47, 49), (53, 54), (53, 57), (56, 58), (57, 59), (60, 61), (60, 62), (61, 63), (63, 67), (69, 72), (73, 107), (77, 105), (81, 90), (82, 90), (83, 87), (83, 88), (83, 90), (84, 88), (94, 119), (96, 98), (97, 99), (101, 103), (102, 107), (103, 105), (104, 106), (110, 114), (114, 115), (116, 118), (117, 119)]","[(0, 37), (8, 14), (15, 47), (33, 36), (38, 40), (41, 44), (45, 49), (48, 52), (64, 68), (79, 100), (85, 87), (86, 87), (86, 88), (92, 116), (95, 99), (98, 110)]"
1DIV,I98A,97,58,15,"[(0, 1), (1, 2), (1, 20), (3, 39), (4, 5), (4, 15), (4, 17), (5, 12), (5, 15), (5, 34), (6, 12), (6, 35), (7, 12), (8, 15), (14, 49), (18, 21), (20, 22), (20, 23), (20, 38), (21, 29), (23, 30), (25, 27), (25, 28), (29, 33), (31, 33), (32, 35), (40, 42), (41, 43), (44, 48), (45, 47), (47, 49), (53, 54), (53, 57), (56, 58), (57, 59), (60, 61), (60, 62), (61, 63), (63, 67), (69, 72), (73, 107), (77, 105), (81, 90), (82, 90), (83, 87), (83, 88), (83, 90), (84, 88), (94, 119), (96, 98), (101, 103), (102, 107), (103, 105), (104, 106), (110, 114), (114, 115), (116, 118), (117, 119)]","[(0, 37), (8, 14), (15, 47), (33, 36), (38, 40), (41, 44), (45, 49), (48, 52), (64, 68), (79, 100), (85, 87), (86, 87), (86, 88), (95, 99), (98, 110)]"
1DIV,K10M,9,59,17,"[(0, 1), (1, 2), (1, 20), (3, 39), (4, 5), (4, 15), (4, 17), (5, 12), (5, 15), (5, 34), (6, 12), (6, 35), (7, 12), (8, 15), (14, 49), (18, 21), (20, 22), (20, 23), (20, 38), (21, 29), (23, 30), (25, 27), (25, 28), (29, 33), (31, 33), (32, 35), (40, 42), (41, 43), (44, 48), (45, 47), (47, 49), (53, 54), (53, 57), (56, 58), (57, 59), (60, 61), (60, 62), (61, 63), (63, 67), (69, 72), (73, 107), (77, 105), (81, 90), (82, 90), (83, 87), (83, 88), (83, 90), (84, 88), (94, 119), (96, 98), (97, 99), (101, 103), (102, 107), (103, 105), (104, 106), (110, 114), (114, 115), (116, 118), (117, 119)]","[(0, 37), (8, 14), (9, 14), (15, 47), (33, 36), (38, 40), (41, 44), (45, 49), (48, 52), (50, 54), (64, 68), (79, 100), (85, 87), (86, 87), (86, 88), (95, 99), (98, 110)]"
1DIV,K14M,13,62,17,"[(0, 1), (1, 2), (1, 20), (3, 39), (4, 5), (4, 15), (4, 17), (5, 12), (5, 15), (5, 34), (6, 12), (6, 35), (7, 12), (8, 15), (13, 14), (13, 53), (14, 49), (15, 49), (18, 21), (20, 22), (20, 23), (20, 38), (21, 29), (23, 30), (25, 27), (25, 28), (29, 33), (31, 33), (32, 35), (40, 42), (41, 43), (44, 48), (45, 47), (47, 49), (53, 54), (53, 57), (56, 58), (57, 59), (60, 61), (60, 62), (61, 63), (63, 67), (69, 72), (73, 107), (77, 105), (81, 90), (82, 90), (83, 87), (83, 88), (83, 90), (84, 88), (94, 119), (96, 98), (97, 99), (101, 103), (102, 107), (103, 105), (104, 106), (110, 114), (114, 115), (116, 118), (117, 119)]","[(0, 37), (5, 13), (6, 13), (8, 14), (15, 47), (33, 36), (38, 40), (41, 44), (45, 49), (48, 52), (64, 68), (79, 100), (85, 87), (86, 87), (86, 88), (95, 99), (98, 110)]"
1DIV,K15M,14,59,16,"[(0, 1), (1, 2), (1, 20), (3, 39), (4, 5), (4, 15), (4, 17), (5, 12), (5, 15), (5, 34), (6, 12), (6, 35), (7, 12), (8, 15), (14, 49), (18, 21), (20, 22), (20, 23), (20, 38), (21, 29), (23, 30), (25, 27), (25, 28), (29, 33), (31, 33), (32, 35), (40, 42), (41, 43), (44, 48), (45, 47), (47, 49), (53, 54), (53, 57), (56, 58), (57, 59), (60, 61), (60, 62), (61, 63), (63, 67), (69, 72), (73, 107), (77, 105), (81, 90), (82, 90), (83, 87), (83, 88), (83, 90), (84, 88), (94, 119), (96, 98), (97, 99), (101, 103), (102, 107), (103, 105), (104, 106), (110, 114), (114, 115), (116, 118), (117, 119)]","[(0, 37), (8, 14), (15, 47), (33, 36), (38, 40), (41, 44), (45, 49), (48, 52), (50, 54), (64, 68), (79, 100), (85, 87), (86, 87), (86, 88), (95, 99), (98, 110)]"
1DIV,K7M,6,59,15,"[(0, 1), (1, 2), (1, 20), (3, 39), (4, 5), (4, 15), (4, 17), (5, 12), (5, 15), (5, 34), (6, 12), (6, 35), (7, 12), (8, 15), (14, 49), (18, 21), (20, 22), (20, 23), (20, 38), (21, 29), (23, 30), (25, 27), (25, 28), (29, 33), (31, 33), (32, 35), (40, 42), (41, 43), (44, 48), (45, 47), (47, 49), (53, 54), (53, 57), (56, 58), (57, 59), (60, 61), (60, 62), (61, 63), (63, 67), (69, 72), (73, 107), (77, 105), (81, 90), (82, 90), (83, 87), (83, 88), (83, 90), (84, 88), (94, 119), (96, 98), (97, 99), (101, 103), (102, 107), (103, 105), (104, 106), (110, 114), (114, 115), (116, 118), (117, 119)]","[(0, 37), (8, 14), (15, 47), (33, 36), (38, 40), (41, 44), (45, 49), (48, 52), (64, 68), (79, 100), (85, 87), (86, 87), (86, 88), (95, 99), (98, 110)]"
1DIV,K96A,95,59,16,"[(0, 1), (1, 2), (1, 20), (3, 39), (4, 5), (4, 15), (4, 17), (5, 12), (5, 15), (5, 34), (6, 12), (6, 35), (7, 12), (8, 15), (14, 49), (18, 21), (20, 22), (20, 23), (20, 38), (21, 29), (23, 30), (25, 27), (25, 28), (29, 33), (31, 33), (32, 35), (40, 42), (41, 43), (44, 48), (45, 47), (47, 49), (53, 54), (53, 57), (56, 58), (57, 59), (60, 61), (60, 62), (61, 63), (63, 67), (69, 72), (73, 107), (77, 105), (81, 90), (82, 90), (83, 87), (83, 88), (83, 90), (84, 88), (94, 119), (96, 98), (97, 99), (101, 103), (102, 107), (103, 105), (104, 106), (110, 114), (114, 115), (116, 118), (117, 119)]","[(0, 37), (8, 14), (15, 47), (33, 36), (38, 40), (41, 44), (45, 49), (48, 52), (64, 68), (79, 100), (85, 87), (86, 87), (86, 88), (95, 97), (95, 99), (98, 110)]"
1DIV,K96G,95,59,18,"[(0, 1), (1, 2), (1, 20), (3, 39), (4, 5), (4, 15), (4, 17), (5, 12), (5, 15), (5, 34), (6, 12), (6, 35), (7, 12), (8, 15), (14, 49), (18, 21), (20, 22), (20, 23), (20, 38), (21, 29), (23, 30), (25, 27), (25, 28), (29, 33), (31, 33), (32, 35), (40, 42), (41, 43), (44, 48), (45, 47), (47, 49), (53, 54), (53, 57), (56, 58), (57, 59), (60, 61), (60, 62), (61, 63), (63, 67), (69, 72), (73, 107), (77, 105), (81, 90), (82, 90), (83, 87), (83, 88), (83, 90), (84, 88), (94, 119), (96, 98), (97, 99), (101, 103), (102, 107), (103, 105), (104, 106), (110, 114), (114, 115), (116, 118), (117, 119)]","[(0, 37), (8, 14), (15, 47), (33, 36), (38, 40), (41, 44), (45, 49), (48, 52), (64, 68), (79, 100), (85, 87), (86, 87), (86, 88), (95, 97), (95, 99), (95, 114), (98, 110), (99, 111)]"
1DIV,L102A,101,58,16,"[(0, 1), (1, 2), (1, 20), (3, 39), (4, 5), (4, 15), (4, 17), (5, 12), (5, 15), (5, 34), (6, 12), (6, 35), (7, 12), (8, 15), (14, 49), (18, 21), (20, 22), (20, 23), (20, 38), (21, 29), (23, 30), (25, 27), (25, 28), (29, 33), (31, 33), (32, 35), (40, 42), (41, 43), (44, 48), (45, 47), (47, 49), (53, 54), (53, 57), (56, 58), (57, 59), (60, 61), (60, 62), (61, 63), (63, 67), (69, 72), (73, 105), (73, 107), (77, 105), (81, 90), (82, 90), (83, 87), (83, 88), (83, 90), (84, 88), (94, 119), (96, 98), (97, 99), (102, 107), (104, 106), (110, 114), (114, 115), (116, 118), (117, 119)]","[(0, 37), (8, 14), (15, 47), (33, 36), (38, 40), (41, 44), (45, 49), (48, 52), (64, 68), (79, 100), (85, 87), (86, 87), (86, 88), (95, 99), (98, 110), (100, 105)]"
1DIV,L108A,107,60,18,"[(0, 1), (1, 2), (1, 20), (3, 39), (4, 5), (4, 15), (4, 17), (5, 12), (5, 15), (5, 34), (6, 12), (6, 35), (7, 12), (8, 15), (14, 49), (18, 21), (20, 22), (20, 23), (20, 38), (21, 29), (23, 30), (25, 27), (25, 28), (29, 33), (31, 33), (32, 35), (40, 42), (41, 43), (44, 48), (45, 47), (47, 49), (53, 54), (53, 57), (56, 58), (57, 59), (60, 61), (60, 62), (61, 63), (63, 67), (69, 72), (70, 73), (71, 73), (73, 105), (73, 107), (77, 105), (81, 90), (82, 90), (83, 87), (83, 88), (83, 90), (84, 88), (94, 119), (96, 98), (97, 99), (101, 103), (104, 106), (110, 114), (114, 115), (116, 118), (117, 119)]","[(0, 37), (8, 14), (15, 47), (33, 36), (38, 40), (41, 44), (45, 49), (48, 52), (64, 68), (72, 73), (79, 100), (85, 87), (86, 87), (86, 88), (95, 99), (98, 110), (100, 105), (107, 108)]"
1DIV,L110A,109,60,16,"[(0, 1), (1, 2), (1, 20), (3, 39), (4, 5), (4, 15), (4, 17), (5, 12), (5, 15), (5, 34), (6, 12), (6, 35), (7, 12), (8, 15), (14, 49), (18, 21), (20, 22), (20, 23), (20, 38), (21, 29), (23, 30), (25, 27), (25, 28), (29, 33), (31, 33), (32, 35), (40, 42), (41, 43), (44, 48), (45, 47), (47, 49), (53, 54), (53, 57), (56, 58), (57, 59), (60, 61), (60, 62), (61, 63), (63, 67), (69, 72), (73, 107), (77, 105), (81, 90), (82, 90), (83, 87), (83, 88), (83, 90), (84, 88), (94, 119), (96, 98), (97, 99), (101, 103), (102, 107), (103, 105), (104, 106), (110, 114), (113, 114), (114, 115), (116, 118), (117, 119)]","[(0, 37), (8, 14), (15, 47), (33, 36), (38, 40), (41, 44), (45, 49), (48, 52), (64, 68), (79, 100), (85, 87), (86, 87), (86, 88), (95, 99), (98, 110), (108, 109)]"
1DIV,L117A,116,59,15,"[(0, 1), (1, 2), (1, 20), (3, 39), (4, 5), (4, 15), (4, 17), (5, 12), (5, 15), (5, 34), (6, 12), (6, 35), (7, 12), (8, 15), (14, 49), (18, 21), (20, 22), (20, 23), (20, 38), (21, 29), (23, 30), (25, 27), (25, 28), (29, 33), (31, 33), (32, 35), (40, 42), (41, 43), (44, 48), (45, 47), (47, 49), (53, 54), (53, 57), (56, 58), (57, 59), (60, 61), (60, 62), (61, 63), (63, 67), (69, 72), (73, 107), (77, 105), (81, 90), (82, 90), (83, 87), (83, 88), (83, 90), (84, 88), (94, 119), (96, 98), (97, 99), (101, 103), (102, 107), (103, 105), (104, 106), (110, 114), (114, 115), (116, 118), (117, 119)]","[(0, 37), (8, 14), (15, 47), (33, 36), (38, 40), (41, 44), (45, 49), (48, 52), (64, 68), (79, 100), (85, 87), (86, 87), (86, 88), (95, 99), (98, 110)]"
1DIV,L30A,29,58,15,"[(0, 1), (1, 2), (1, 20), (3, 39), (4, 5), (4, 15), (4, 17), (5, 12), (5, 15), (5, 34), (6, 12), (6, 35), (7, 12), (8, 15), (14, 49), (18, 21), (20, 22), (20, 23), (20, 38), (21, 29), (23, 30), (25, 27), (25, 28), (31, 33), (32, 35), (40, 42), (41, 43), (44, 48), (45, 47), (47, 49), (53, 54), (53, 57), (56, 58), (57, 59), (60, 61), (60, 62), (61, 63), (63, 67), (69, 72), (73, 107), (77, 105), (81, 90), (82, 90), (83, 87), (83, 88), (83, 90), (84, 88), (94, 119), (96, 98), (97, 99), (101, 103), (102, 107), (103, 105), (104, 106), (110, 114), (114, 115), (116, 118), (117, 119)]","[(0, 37), (8, 14), (15, 47), (33, 36), (38, 40), (41, 44), (45, 49), (48, 52), (64, 68), (79, 100), (85, 87), (86, 87), (86, 88), (95, 99), (98, 110)]"
1DIV,L30V,29,57,15,"[(0, 1), (1, 2), (1, 20), (3, 39), (4, 5), (4, 15), (4, 17), (5, 12), (5, 15), (6, 12), (6, 35), (7, 12), (8, 15), (14, 49), (18, 21), (20, 22), (20, 23), (20, 38), (21, 29), (23, 30), (25, 27), (25, 28), (31, 33), (32, 35), (40, 42), (41, 43), (44, 48), (45, 47), (47, 49), (53, 54), (53, 57), (56, 58), (57, 59), (60, 61), (60, 62), (61, 63), (63, 67), (69, 72), (73, 107), (77, 105), (81, 90), (82, 90), (83, 87), (83, 88), (83, 90), (84, 88), (94, 119), (96, 98), (97, 99), (101, 103), (102, 107), (103, 105), (104, 106), (110, 114), (114, 115), (116, 118), (117, 119)]","[(0, 37), (8, 14), (15, 47), (33, 36), (38, 40), (41, 44), (45, 49), (48, 52), (64, 68), (79, 100), (85, 87), (86, 87), (86, 88), (95, 99), (98, 110)]"
1DIV,L6A,5,57,17,"[(0, 1), (1, 2), (1, 20), (2, 37), (3, 39), (4, 15), (4, 17), (5, 15), (6, 12), (6, 35), (7, 12), (8, 15), (14, 49), (18, 21), (20, 22), (20, 23), (20, 38), (21, 29), (23, 30), (25, 27), (25, 28), (29, 33), (31, 33), (32, 35), (40, 42), (41, 43), (44, 48), (45, 47), (47, 49), (53, 54), (53, 57), (56, 58), (57, 59), (60, 61), (60, 62), (61, 63), (63, 67), (69, 72), (73, 107), (77, 105), (81, 90), (82, 90), (83, 87), (83, 88), (83, 90), (84, 88), (94, 119), (96, 98), (97, 99), (101, 103), (102, 107), (103, 105), (104, 106), (110, 114), (114, 115), (116, 118), (117, 119)]","[(0, 37), (5, 11), (5, 13), (8, 14), (15, 47), (33, 36), (38, 40), (41, 44), (45, 49), (48, 52), (64, 68), (79, 100), (85, 87), (86, 87), (86, 88), (95, 99), (98, 110)]"
1DIV,L6I,5,57,16,"[(0, 1), (1, 2), (1, 20), (3, 39), (4, 5), (4, 15), (4, 17), (5, 15), (6, 12), (6, 35), (7, 12), (8, 15), (14, 49), (18, 21), (20, 22), (20, 23), (20, 38), (21, 29), (23, 30), (25, 27), (25, 28), (29, 33), (31, 33), (32, 35), (40, 42), (41, 43), (44, 48), (45, 47), (47, 49), (53, 54), (53, 57), (56, 58), (57, 59), (60, 61), (60, 62), (61, 63), (63, 67), (69, 72), (73, 107), (77, 105), (81, 90), (82, 90), (83, 87), (83, 88), (83, 90), (84, 88), (94, 119), (96, 98), (97, 99), (101, 103), (102, 107), (103, 105), (104, 106), (110, 114), (114, 115), (116, 118), (117, 119)]","[(0, 37), (5, 13), (8, 14), (15, 47), (33, 36), (38, 40), (41, 44), (45, 49), (48, 52), (64, 68), (79, 100), (85, 87), (86, 87), (86, 88), (95, 99), (98, 110)]"
1DIV,L6V,5,59,16,"[(0, 1), (1, 2), (1, 20), (2, 37), (3, 39), (4, 5), (4, 15), (4, 17), (5, 15), (6, 12), (6, 35), (7, 12), (8, 15), (14, 49), (18, 21), (20, 22), (20, 23), (20, 38), (21, 29), (23, 30), (25, 27), (25, 28), (29, 33), (31, 33), (32, 35), (36, 39), (40, 42), (41, 43), (44, 48), (45, 47), (47, 49), (53, 54), (53, 57), (56, 58), (57, 59), (60, 61), (60, 62), (61, 63), (63, 67), (69, 72), (73, 107), (77, 105), (81, 90), (82, 90), (83, 87), (83, 88), (83, 90), (84, 88), (94, 119), (96, 98), (97, 99), (101, 103), (102, 107), (103, 105), (104, 106), (110, 114), (114, 115), (116, 118), (117, 119)]","[(0, 37), (5, 13), (8, 14), (15, 47), (33, 36), (38, 40), (41, 44), (45, 49), (48, 52), (64, 68), (79, 100), (85, 87), (86, 87), (86, 88), (95, 99), (98, 110)]"
1DIV,L72A,71,59,15,"[(0, 1), (1, 2), (1, 20), (3, 39), (4, 5), (4, 15), (4, 17), (5, 12), (5, 15), (5, 34), (6, 12), (6, 35), (7, 12), (8, 15), (14, 49), (18, 21), (20, 22), (20, 23), (20, 38), (21, 29), (23, 30), (25, 27), (25, 28), (29, 33), (31, 33), (32, 35), (40, 42), (41, 43), (44, 48), (45, 47), (47, 49), (53, 54), (53, 57), (56, 58), (57, 59), (60, 61), (60, 62), (61, 63), (63, 67), (69, 72), (73, 107), (77, 105), (81, 90), (82, 90), (83, 87), (83, 88), (83, 90), (84, 88), (94, 119), (96, 98), (97, 99), (101, 103), (102, 107), (103, 105), (104, 106), (110, 114), (114, 115), (116, 118), (117, 119)]","[(0, 37), (8, 14), (15, 47), (33, 36), (38, 40), (41, 44), (45, 49), (48, 52), (64, 68), (79, 100), (85, 87), (86, 87), (86, 88), (95, 99), (98, 110)]"
1DIV,M1A,0,62,15,"[(0, 30), (1, 2), (1, 20), (2, 30), (3, 39), (4, 5), (4, 15), (4, 17), (5, 12), (5, 15), (5, 34), (6, 12), (6, 35), (7, 12), (8, 15), (14, 49), (18, 21), (20, 22), (20, 23), (20, 30), (20, 38), (21, 29), (23, 30), (25, 27), (25, 28), (29, 30), (29, 33), (31, 33), (32, 35), (40, 42), (41, 43), (44, 48), (45, 47), (47, 49), (53, 54), (53, 57), (56, 58), (57, 59), (60, 61), (60, 62), (61, 63), (63, 67), (69, 72), (73, 107), (77, 105), (81, 90), (82, 90), (83, 87), (83, 88), (83, 90), (84, 88), (94, 119), (96, 98), (97, 99), (101, 103), (102, 107), (103, 105), (104, 106), (110, 114), (114, 115), (116, 118), (117, 119)]","[(8, 14), (15, 47), (26, 37), (33, 36), (38, 40), (41, 44), (45, 49), (48, 52), (64, 68), (79, 100), (85, 87), (86, 87), (86, 88), (95, 99), (98, 110)]"
1DIV,M1G,0,64,15,"[(0, 23), (0, 26), (0, 30), (1, 2), (1, 20), (2, 30), (3, 39), (4, 5), (4, 15), (4, 17), (5, 12), (5, 15), (5, 34), (6, 12), (6, 35), (7, 12), (8, 15), (14, 49), (18, 21), (20, 22), (20, 23), (20, 30), (20, 38), (21, 29), (23, 30), (25, 27), (25, 28), (29, 30), (29, 33), (31, 33), (32, 35), (40, 42), (41, 43), (44, 48), (45, 47), (47, 49), (53, 54), (53, 57), (56, 58), (57, 59), (60, 61), (60, 62), (61, 63), (63, 67), (69, 72), (73, 107), (77, 105), (81, 90), (82, 90), (83, 87), (83, 88), (83, 90), (84, 88), (94, 119), (96, 98), (97, 99), (101, 103), (102, 107), (103, 105), (104, 106), (110, 114), (114, 115), (116, 118), (117, 119)]","[(8, 14), (15, 47), (26, 37), (33, 36), (38, 40), (41, 44), (45, 49), (48, 52), (64, 68), (79, 100), (85, 87), (86, 87), (86, 88), (95, 99), (98, 110)]"
1DIV,V21A,20,59,16,"[(0, 1), (1, 20), (2, 37), (3, 39), (4, 5), (4, 15), (4, 17), (5, 12), (5, 15), (5, 34), (6, 12), (6, 35), (7, 12), (8, 15), (14, 49), (18, 21), (20, 22), (20, 23), (20, 38), (21, 29), (23, 30), (25, 27), (25, 28), (29, 33), (31, 33), (32, 35), (40, 42), (41, 43), (44, 48), (45, 47), (47, 49), (53, 54), (53, 57), (56, 58), (57, 59), (60, 61), (60, 62), (61, 63), (63, 67), (69, 72), (73, 107), (77, 105), (81, 90), (82, 90), (83, 87), (83, 88), (83, 90), (84, 88), (94, 119), (96, 98), (97, 99), (101, 103), (102, 107), (103, 105), (104, 106), (110, 114), (114, 115), (116, 118), (117, 119)]","[(0, 37), (8, 14), (15, 47), (24, 27), (33, 36), (38, 40), (41, 44), (45, 49), (48, 52), (64, 68), (79, 100), (85, 87), (86, 87), (86, 88), (95, 99), (98, 110)]"
1DIV,V21I,20,60,16,"[(0, 1), (1, 2), (1, 20), (3, 39), (4, 5), (4, 15), (4, 17), (5, 12), (5, 15), (5, 34), (6, 12), (6, 35), (7, 12), (8, 15), (14, 49), (18, 21), (20, 22), (20, 23), (20, 30), (20, 38), (21, 29), (23, 30), (25, 27), (25, 28), (29, 33), (31, 33), (32, 35), (40, 42), (41, 43), (44, 48), (45, 47), (47, 49), (53, 54), (53, 57), (56, 58), (57, 59), (60, 61), (60, 62), (61, 63), (63, 67), (69, 72), (73, 107), (77, 105), (81, 90), (82, 90), (83, 87), (83, 88), (83, 90), (84, 88), (94, 119), (96, 98), (97, 99), (101, 103), (102, 107), (103, 105), (104, 106), (110, 114), (114, 115), (116, 118), (117, 119)]","[(0, 37), (8, 14), (15, 47), (24, 27), (33, 36), (38, 40), (41, 44), (45, 49), (48, 52), (64, 68), (79, 100), (85, 87), (86, 87), (86, 88), (95, 99), (98, 110)]"
1DIV,V21L,20,60,15,"[(0, 1), (1, 2), (1, 20), (3, 4), (3, 39), (4, 5), (4, 15), (4, 17), (5, 12), (5, 15), (5, 34), (6, 12), (6, 35), (7, 12), (8, 15), (14, 49), (18, 21), (20, 22), (20, 23), (20, 30), (20, 38), (21, 29), (23, 30), (25, 27), (25, 28), (31, 33), (32, 35), (40, 42), (41, 43), (44, 48), (45, 47), (47, 49), (53, 54), (53, 57), (56, 58), (57, 59), (60, 61), (60, 62), (61, 63), (63, 67), (69, 72), (73, 107), (77, 105), (81, 90), (82, 90), (83, 87), (83, 88), (83, 90), (84, 88), (94, 119), (96, 98), (97, 99), (101, 103), (102, 107), (103, 105), (104, 106), (110, 114), (114, 115), (116, 118), (117, 119)]","[(0, 37), (8, 14), (15, 47), (33, 36), (38, 40), (41, 44), (45, 49), (48, 52), (64, 68), (79, 100), (85, 87), (86, 87), (86, 88), (95, 99), (98, 110)]"
1DIV,V3A,2,58,15,"[(0, 1), (1, 20), (3, 39), (4, 5), (4, 15), (4, 17), (5, 12), (5, 15), (5, 34), (6, 12), (6, 35), (7, 12), (8, 15), (14, 49), (18, 21), (20, 22), (20, 23), (20, 38), (21, 29), (23, 30), (25, 27), (25, 28), (29, 33), (31, 33), (32, 35), (40, 42), (41, 43), (44, 48), (45, 47), (47, 49), (53, 54), (53, 57), (56, 58), (57, 59), (60, 61), (60, 62), (61, 63), (63, 67), (69, 72), (73, 107), (77, 105), (81, 90), (82, 90), (83, 87), (83, 88), (83, 90), (84, 88), (94, 119), (96, 98), (97, 99), (101, 103), (102, 107), (103, 105), (104, 106), (110, 114), (114, 115), (116, 118), (117, 119)]","[(0, 37), (8, 14), (15, 47), (33, 36), (38, 40), (41, 44), (45, 49), (48, 52), (64, 68), (79, 100), (85, 87), (86, 87), (86, 88), (95, 99), (98, 110)]"
1DIV,V3I,2,60,15,"[(0, 1), (0, 21), (1, 20), (2, 17), (3, 39), (4, 5), (4, 15), (4, 17), (5, 12), (5, 15), (5, 34), (6, 12), (6, 35), (7, 12), (8, 15), (14, 49), (18, 21), (20, 22), (20, 23), (20, 38), (21, 29), (23, 30), (25, 27), (25, 28), (29, 33), (31, 33), (32, 35), (40, 42), (41, 43), (44, 48), (45, 47), (47, 49), (53, 54), (53, 57), (56, 58), (57, 59), (60, 61), (60, 62), (61, 63), (63, 67), (69, 72), (73, 107), (77, 105), (81, 90), (82, 90), (83, 87), (83, 88), (83, 90), (84, 88), (94, 119), (96, 98), (97, 99), (101, 103), (102, 107), (103, 105), (104, 106), (110, 114), (114, 115), (116, 118), (117, 119)]","[(0, 37), (8, 14), (15, 47), (33, 36), (38, 40), (41, 44), (45, 49), (48, 52), (64, 68), (79, 100), (85, 87), (86, 87), (86, 88), (95, 99), (98, 110)]"
1DIV,V3L,2,61,16,"[(0, 1), (0, 21), (1, 2), (1, 20), (2, 17), (2, 19), (3, 39), (4, 5), (4, 15), (4, 17), (5, 12), (5, 15), (5, 34), (6, 12), (6, 35), (7, 12), (8, 15), (14, 49), (18, 21), (20, 22), (20, 23), (20, 38), (21, 29), (23, 30), (25, 27), (25, 28), (31, 33), (32, 35), (40, 42), (41, 43), (44, 48), (45, 47), (47, 49), (53, 54), (53, 57), (56, 58), (57, 59), (60, 61), (60, 62), (61, 63), (63, 67), (69, 72), (73, 107), (77, 105), (81, 90), (82, 90), (83, 87), (83, 88), (83, 90), (84, 88), (94, 119), (96, 98), (97, 99), (101, 103), (102, 107), (103, 105), (104, 106), (110, 114), (114, 115), (116, 118), (117, 119)]","[(0, 37), (2, 5), (8, 14), (15, 47), (33, 36), (38, 40), (41, 44), (45, 49), (48, 52), (64, 68), (79, 100), (85, 87), (86, 87), (86, 88), (95, 99), (98, 110)]"
1DXX,K18N,9,4,1,"[(2, 3), (2, 4), (52, 54), (96, 98)]","[(9, 10)]"
1FH5,S18N,14,0,0,[],[]
1FT8,L212V,91,1,0,"[(91, 108)]",[]
1FT8,L238I,117,5,5,"[(91, 92), (91, 108), (97, 114), (114, 118), (117, 119)]","[(91, 117), (110, 114), (111, 117), (115, 117), (116, 117)]"
1FT8,M216L,95,0,1,[],"[(95, 98)]"
1GWY,A8D,7,3,0,"[(9, 37), (37, 38), (37, 67)]",[]
1ITM,C24T,24,53,8,"[(1, 3), (5, 7), (5, 9), (8, 9), (9, 11), (14, 16), (18, 21), (26, 28), (27, 29), (29, 31), (30, 105), (30, 107), (30, 112), (35, 103), (36, 37), (36, 38), (44, 46), (45, 46), (47, 101), (51, 55), (54, 58), (55, 56), (55, 58), (57, 80), (57, 84), (58, 60), (59, 60), (59, 66), (60, 76), (62, 67), (63, 65), (66, 68), (67, 76), (68, 70), (70, 72), (71, 74), (74, 75), (80, 84), (82, 83), (82, 86), (84, 85), (86, 89), (87, 89), (89, 90), (90, 91), (91, 98), (93, 95), (96, 98), (97, 99), (102, 103), (110, 113), (111, 112), (114, 115)]","[(4, 92), (9, 88), (16, 85), (24, 55), (24, 80), (26, 65), (46, 100), (52, 116)]"
1ITM,C3T,3,54,5,"[(1, 3), (4, 8), (5, 7), (5, 9), (8, 9), (9, 11), (14, 16), (18, 21), (24, 109), (26, 28), (27, 29), (29, 31), (30, 105), (30, 107), (30, 112), (35, 103), (36, 37), (36, 38), (44, 46), (45, 46), (47, 101), (51, 55), (54, 58), (55, 56), (55, 58), (57, 80), (57, 84), (58, 60), (59, 60), (59, 66), (60, 76), (62, 67), (66, 68), (67, 76), (68, 70), (70, 72), (71, 74), (74, 75), (80, 84), (82, 83), (82, 86), (84, 85), (86, 89), (87, 89), (89, 90), (90, 91), (91, 98), (93, 95), (96, 98), (97, 99), (102, 103), (110, 113), (111, 112), (114, 115)]","[(9, 88), (16, 85), (24, 72), (46, 100), (52, 116)]"
1ITM,W91S,91,55,9,"[(1, 3), (5, 7), (5, 9), (8, 9), (9, 11), (14, 16), (18, 21), (24, 109), (26, 28), (27, 29), (29, 31), (30, 105), (30, 107), (30, 112), (35, 103), (36, 37), (36, 38), (44, 46), (45, 46), (47, 101), (51, 55), (54, 58), (55, 56), (55, 58), (57, 80), (57, 84), (58, 60), (59, 60), (59, 66), (60, 76), (62, 67), (66, 68), (67, 76), (68, 70), (70, 72), (71, 74), (74, 75), (80, 84), (82, 83), (82, 86), (84, 85), (86, 89), (87, 89), (89, 90), (91, 96), (91, 97), (91, 98), (93, 95), (95, 97), (96, 98), (97, 99), (102, 103), (110, 113), (111, 112), (114, 115)]","[(4, 92), (9, 88), (16, 85), (24, 72), (46, 100), (52, 116), (53, 91), (87, 91), (89, 91)]"
1JLV,E64D,63,0,2,[],"[(61, 63), (64, 99)]"
1JLV,E64N,63,2,3,"[(64, 100), (65, 101)]","[(8, 64), (9, 65), (61, 63)]"
1JLV,E64Q,63,1,2,"[(63, 65)]","[(61, 63), (64, 99)]"
1LVM,E106G,113,1,1,"[(9, 11)]","[(113, 114)]"
1LVM,K45F,52,3,2,"[(9, 11), (52, 86), (52, 89)]","[(52, 55), (52, 81)]"
1LVM,L56V,63,1,1,"[(9, 11)]","[(31, 63)]"
1LVM,Q58F,65,1,2,"[(9, 11)]","[(27, 63), (38, 63)]"
1N18,E100G,99,2,7,"[(27, 29), (28, 29)]","[(28, 99), (29, 30), (29, 97), (30, 99), (97, 99), (98, 99), (99, 100)]"
1N18,G85R,84,11,3,"[(43, 84), (44, 84), (45, 84), (70, 84), (74, 75), (74, 78), (74, 101), (82, 84), (83, 84), (84, 86), (84, 98)]","[(74, 84), (75, 77), (75, 84)]"
1N18,H46R,45,3,0,"[(45, 83), (45, 85), (62, 117)]",[]
1O1U,E110A,109,56,18,"[(1, 2), (3, 40), (5, 6), (6, 7), (6, 37), (7, 33), (12, 119), (13, 16), (19, 21), (20, 95), (24, 26), (25, 27), (25, 28), (28, 29), (30, 32), (35, 53), (39, 40), (39, 41), (40, 41), (45, 64), (49, 58), (50, 51), (50, 57), (51, 52), (51, 53), (52, 53), (57, 58), (63, 67), (65, 67), (67, 69), (67, 82), (69, 80), (70, 78), (79, 94), (82, 92), (83, 84), (83, 85), (83, 91), (84, 88), (88, 100), (90, 100), (93, 97), (95, 113), (96, 112), (98, 112), (99, 101), (100, 110), (101, 109), (101, 110), (102, 105), (103, 105), (105, 106), (110, 118), (112, 116), (117, 118), (118, 119)]","[(0, 3), (5, 48), (7, 13), (7, 118), (10, 17), (13, 22), (14, 28), (17, 74), (21, 74), (30, 118), (45, 68), (52, 73), (72, 75), (80, 96), (85, 99), (87, 102), (97, 110), (99, 109)]"
1O1U,N61A,60,58,21,"[(1, 2), (3, 40), (5, 6), (6, 7), (6, 37), (7, 33), (12, 119), (13, 16), (19, 21), (20, 95), (24, 26), (25, 27), (25, 28), (28, 29), (30, 32), (35, 53), (39, 40), (39, 41), (40, 41), (45, 64), (49, 58), (50, 51), (50, 57), (51, 52), (51, 53), (52, 53), (57, 58), (60, 73), (63, 67), (65, 67), (67, 69), (67, 82), (69, 80), (70, 71), (70, 78), (79, 94), (82, 92), (83, 84), (83, 85), (83, 91), (84, 88), (88, 100), (90, 100), (93, 97), (95, 113), (96, 112), (98, 112), (99, 101), (101, 109), (101, 110), (102, 105), (103, 105), (105, 106), (109, 118), (110, 118), (112, 116), (117, 118), (118, 119)]","[(0, 3), (5, 48), (7, 13), (7, 118), (10, 17), (13, 22), (14, 28), (17, 74), (21, 74), (30, 118), (37, 109), (45, 68), (50, 109), (52, 73), (56, 71), (72, 75), (80, 96), (85, 99), (87, 102), (89, 98), (97, 110)]"
1O1U,Q51A,50,55,20,"[(1, 2), (3, 40), (5, 6), (6, 7), (6, 37), (7, 33), (12, 119), (13, 16), (19, 21), (20, 95), (22, 73), (24, 26), (25, 27), (25, 28), (28, 29), (30, 32), (35, 53), (39, 40), (39, 41), (40, 41), (45, 64), (49, 58), (51, 52), (51, 53), (52, 53), (57, 58), (63, 67), (65, 67), (67, 69), (67, 82), (69, 80), (70, 78), (79, 94), (82, 92), (83, 84), (83, 85), (83, 91), (84, 88), (88, 100), (90, 100), (93, 97), (95, 113), (96, 112), (98, 112), (99, 101), (101, 109), (101, 110), (102, 105), (103, 105), (105, 106), (109, 118), (110, 118), (112, 116), (117, 118), (118, 119)]","[(0, 3), (5, 48), (7, 13), (7, 118), (10, 17), (13, 22), (14, 28), (17, 74), (21, 74), (30, 118), (37, 109), (45, 68), (50, 56), (52, 73), (72, 75), (80, 96), (85, 99), (87, 102), (89, 98), (97, 110)]"
1O1U,Q99A,98,56,20,"[(1, 2), (3, 40), (5, 6), (6, 7), (6, 37), (7, 33), (12, 119), (13, 16), (19, 21), (20, 95), (24, 26), (25, 27), (25, 28), (28, 29), (30, 32), (35, 53), (39, 40), (39, 41), (40, 41), (45, 64), (49, 58), (50, 51), (50, 57), (51, 52), (51, 53), (52, 53), (57, 58), (63, 67), (65, 67), (67, 69), (67, 82), (69, 80), (70, 78), (79, 94), (82, 92), (83, 84), (83, 85), (83, 91), (84, 88), (88, 100), (90, 100), (93, 97), (95, 113), (96, 112), (97, 111), (99, 101), (101, 109), (101, 110), (102, 105), (103, 105), (105, 106), (109, 118), (110, 118), (112, 116), (117, 118), (118, 119)]","[(0, 3), (5, 48), (7, 13), (7, 118), (10, 17), (13, 22), (14, 28), (17, 74), (17, 111), (21, 74), (30, 118), (37, 109), (45, 68), (50, 109), (52, 73), (72, 75), (80, 96), (85, 99), (87, 102), (97, 110)]"
1O1U,T38A,37,55,20,"[(1, 2), (3, 40), (5, 6), (6, 7), (7, 33), (12, 119), (13, 16), (19, 21), (20, 95), (24, 26), (25, 27), (25, 28), (28, 29), (30, 32), (35, 53), (39, 40), (39, 41), (40, 41), (45, 64), (49, 58), (50, 51), (50, 57), (51, 52), (51, 53), (52, 53), (57, 58), (63, 67), (65, 67), (67, 69), (67, 82), (69, 80), (70, 78), (79, 94), (82, 92), (83, 84), (83, 85), (83, 91), (84, 88), (88, 100), (90, 100), (93, 97), (95, 113), (96, 112), (98, 112), (99, 101), (101, 109), (101, 110), (102, 105), (103, 105), (105, 106), (109, 118), (110, 118), (112, 116), (117, 118), (118, 119)]","[(0, 3), (5, 48), (7, 13), (7, 118), (10, 17), (13, 22), (14, 28), (17, 74), (21, 74), (30, 118), (37, 109), (45, 68), (50, 109), (52, 73), (72, 75), (80, 96), (85, 99), (87, 102), (89, 98), (97, 110)]"
1O1U,W49Y,48,55,19,"[(1, 2), (3, 40), (5, 6), (6, 7), (6, 37), (7, 33), (12, 119), (13, 16), (19, 21), (20, 95), (24, 26), (25, 27), (25, 28), (28, 29), (30, 32), (35, 53), (39, 41), (40, 41), (45, 64), (49, 58), (50, 51), (50, 57), (51, 52), (51, 53), (52, 53), (57, 58), (63, 67), (65, 67), (67, 69), (67, 82), (69, 80), (70, 78), (79, 94), (82, 92), (83, 84), (83, 85), (83, 91), (84, 88), (90, 100), (93, 97), (95, 113), (96, 112), (98, 112), (99, 101), (100, 110), (101, 109), (101, 110), (102, 105), (103, 105), (105, 106), (109, 118), (110, 118), (112, 116), (117, 118), (118, 119)]","[(0, 3), (7, 13), (7, 118), (10, 17), (13, 22), (14, 28), (17, 74), (21, 74), (30, 118), (37, 109), (45, 68), (50, 109), (52, 73), (72, 75), (80, 96), (85, 99), (87, 102), (89, 98), (97, 110)]"
1OSI,I11V,10,80,32,"[(0, 1), (1, 2), (1, 3), (3, 67), (4, 7), (4, 36), (4, 69), (5, 37), (5, 41), (5, 67), (7, 37), (7, 39), (8, 40), (8, 44), (8, 69), (9, 42), (9, 43), (9, 71), (9, 76), (11, 71), (11, 72), (13, 17), (15, 70), (16, 18), (17, 19), (18, 20), (19, 21), (20, 21), (22, 23), (22, 24), (22, 26), (24, 26), (25, 26), (25, 30), (26, 29), (27, 30), (34, 64), (35, 36), (39, 40), (39, 41), (40, 42), (40, 43), (40, 69), (40, 72), (41, 52), (41, 56), (42, 86), (42, 88), (43, 71), (43, 72), (44, 46), (45, 47), (45, 50), (45, 53), (45, 72), (45, 88), (54, 56), (54, 59), (58, 60), (60, 62), (61, 63), (71, 73), (72, 88), (72, 89), (73, 78), (73, 86), (74, 78), (76, 78), (77, 79), (78, 85), (87, 89), (89, 91), (92, 93), (95, 97), (96, 97), (98, 100), (105, 107), (108, 110), (115, 119), (117, 118)]","[(0, 22), (2, 19), (3, 56), (3, 59), (5, 52), (5, 59), (6, 11), (6, 43), (9, 13), (14, 69), (15, 37), (19, 33), (19, 37), (23, 27), (23, 33), (36, 59), (38, 63), (40, 60), (41, 76), (42, 75), (44, 50), (49, 83), (61, 95), (66, 96), (72, 74), (73, 75), (78, 80), (82, 87), (88, 92), (107, 117), (110, 113), (113, 119)]"
1OSI,S92F,91,83,34,"[(0, 1), (1, 2), (1, 3), (3, 67), (4, 7), (4, 36), (4, 69), (5, 37), (5, 41), (5, 67), (7, 37), (7, 39), (8, 40), (8, 44), (8, 69), (9, 42), (9, 43), (9, 71), (9, 76), (11, 71), (11, 72), (13, 17), (15, 70), (16, 18), (17, 19), (18, 20), (19, 21), (20, 21), (22, 23), (22, 24), (22, 26), (24, 26), (25, 26), (25, 30), (26, 29), (27, 30), (34, 64), (35, 36), (39, 40), (39, 41), (40, 42), (40, 43), (40, 69), (40, 72), (41, 52), (41, 56), (42, 86), (42, 88), (43, 71), (43, 72), (44, 46), (45, 47), (45, 50), (45, 53), (45, 72), (45, 88), (54, 56), (54, 59), (58, 60), (60, 62), (61, 63), (71, 73), (72, 88), (72, 89), (73, 78), (73, 86), (74, 78), (76, 78), (77, 79), (78, 85), (87, 89), (89, 90), (89, 91), (91, 92), (91, 95), (92, 93), (95, 97), (96, 97), (98, 100), (105, 107), (108, 110), (115, 119), (117, 118)]","[(0, 22), (2, 19), (3, 56), (3, 59), (5, 52), (5, 59), (6, 11), (6, 43), (9, 13), (14, 69), (15, 37), (19, 33), (19, 37), (23, 27), (23, 33), (36, 59), (38, 63), (40, 60), (41, 76), (42, 75), (44, 50), (49, 83), (61, 95), (66, 96), (72, 74), (73, 75), (78, 80), (82, 87), (82, 91), (88, 92), (94, 97), (107, 117), (110, 113), (113, 119)]"
1OSI,V15I,14,80,32,"[(0, 1), (1, 2), (1, 3), (3, 67), (4, 7), (4, 36), (4, 69), (5, 37), (5, 41), (5, 67), (7, 37), (7, 39), (8, 40), (8, 44), (8, 69), (9, 42), (9, 43), (9, 71), (9, 76), (11, 71), (11, 72), (13, 17), (15, 70), (16, 18), (17, 19), (18, 20), (19, 21), (20, 21), (22, 23), (22, 24), (22, 26), (24, 26), (25, 26), (25, 30), (26, 29), (27, 30), (34, 64), (35, 36), (39, 40), (39, 41), (40, 42), (40, 43), (40, 69), (40, 72), (41, 52), (41, 56), (42, 86), (42, 88), (43, 71), (43, 72), (44, 46), (45, 47), (45, 50), (45, 53), (45, 72), (45, 88), (54, 56), (54, 59), (58, 60), (60, 62), (61, 63), (71, 73), (72, 88), (72, 89), (73, 78), (73, 86), (74, 78), (76, 78), (77, 79), (78, 85), (87, 89), (89, 91), (92, 93), (95, 97), (96, 97), (98, 100), (105, 107), (108, 110), (115, 119), (117, 118)]","[(0, 22), (2, 19), (3, 56), (3, 59), (5, 52), (5, 59), (6, 11), (6, 43), (9, 13), (14, 69), (15, 37), (19, 33), (19, 37), (23, 27), (23, 33), (36, 59), (38, 63), (40, 60), (41, 76), (42, 75), (44, 50), (49, 83), (61, 95), (66, 96), (72, 74), (73, 75), (78, 80), (82, 87), (88, 92), (107, 117), (110, 113), (113, 119)]"
1PFL,A20T,19,62,14,"[(2, 3), (4, 8), (5, 6), (5, 7), (6, 19), (7, 8), (7, 9), (9, 11), (9, 16), (15, 17), (15, 112), (15, 117), (17, 99), (17, 114), (18, 113), (19, 33), (19, 112), (20, 110), (21, 31), (21, 107), (21, 109), (23, 27), (27, 44), (27, 47), (29, 40), (38, 39), (40, 66), (41, 66), (42, 66), (45, 48), (46, 48), (48, 53), (49, 51), (54, 55), (55, 57), (57, 59), (58, 62), (62, 70), (67, 99), (69, 89), (69, 112), (71, 76), (71, 85), (73, 74), (75, 77), (75, 82), (76, 82), (77, 79), (78, 79), (82, 103), (83, 101), (84, 100), (88, 90), (89, 90), (95, 116), (101, 111), (102, 110), (105, 107), (110, 111), (111, 112), (113, 119), (114, 115)]","[(17, 34), (17, 35), (17, 39), (18, 109), (22, 46), (23, 104), (29, 34), (36, 112), (38, 69), (38, 101), (40, 45), (47, 63), (48, 60), (98, 116)]"
1PFL,G117V,116,64,13,"[(2, 3), (4, 8), (5, 6), (5, 7), (6, 19), (7, 8), (7, 9), (9, 11), (9, 16), (13, 115), (15, 17), (15, 112), (15, 117), (17, 99), (17, 114), (18, 113), (19, 112), (20, 110), (21, 31), (21, 107), (21, 109), (23, 27), (27, 44), (27, 47), (29, 40), (38, 39), (40, 66), (41, 66), (42, 66), (45, 48), (46, 48), (48, 53), (49, 51), (54, 55), (55, 57), (57, 59), (58, 62), (62, 70), (67, 99), (69, 89), (69, 112), (71, 76), (71, 85), (73, 74), (75, 77), (75, 82), (76, 82), (77, 79), (78, 79), (82, 103), (83, 101), (84, 100), (88, 90), (89, 90), (95, 116), (96, 116), (101, 111), (102, 110), (105, 107), (110, 111), (111, 112), (113, 119), (114, 115), (114, 116)]","[(17, 34), (17, 35), (17, 39), (18, 109), (22, 46), (23, 104), (29, 34), (36, 112), (38, 69), (38, 101), (40, 45), (47, 63), (48, 60)]"
1PFL,M113T,112,62,17,"[(2, 3), (4, 8), (5, 6), (5, 7), (6, 19), (7, 8), (7, 9), (9, 11), (15, 17), (15, 117), (16, 97), (17, 99), (18, 113), (20, 110), (21, 31), (21, 107), (21, 109), (23, 27), (27, 44), (27, 47), (29, 40), (38, 39), (40, 66), (41, 66), (42, 66), (45, 48), (46, 48), (48, 53), (49, 51), (54, 55), (55, 57), (57, 59), (58, 62), (62, 70), (63, 67), (67, 68), (67, 99), (69, 89), (69, 112), (71, 76), (71, 85), (73, 74), (75, 77), (75, 82), (76, 82), (77, 79), (78, 79), (82, 103), (83, 101), (84, 100), (87, 88), (88, 90), (88, 112), (89, 90), (95, 116), (101, 111), (102, 110), (105, 107), (110, 111), (113, 119), (114, 115), (114, 116)]","[(9, 112), (12, 16), (17, 35), (17, 39), (18, 109), (22, 46), (23, 104), (29, 34), (36, 114), (38, 69), (38, 101), (40, 45), (47, 63), (48, 60), (67, 114), (98, 116), (110, 112)]"
1PFL,T108M,107,65,13,"[(2, 5), (4, 8), (5, 6), (5, 7), (6, 19), (7, 8), (7, 9), (9, 11), (9, 16), (15, 17), (15, 112), (15, 117), (17, 99), (17, 114), (18, 113), (19, 112), (20, 110), (21, 30), (21, 31), (21, 107), (21, 109), (23, 27), (27, 44), (27, 47), (29, 40), (30, 106), (38, 39), (40, 66), (41, 66), (42, 66), (45, 48), (46, 48), (48, 53), (49, 51), (54, 55), (55, 57), (57, 59), (58, 62), (62, 70), (67, 99), (69, 89), (69, 112), (71, 76), (71, 85), (73, 74), (75, 77), (75, 82), (76, 82), (77, 79), (78, 79), (82, 103), (83, 101), (84, 100), (88, 90), (89, 90), (95, 116), (101, 111), (102, 110), (103, 107), (105, 107), (107, 108), (110, 111), (111, 112), (113, 119), (114, 115)]","[(17, 34), (17, 35), (17, 39), (18, 109), (22, 46), (29, 34), (36, 112), (38, 69), (38, 101), (40, 45), (47, 63), (48, 60), (98, 116)]"
1PRG,Q286P,79,1,2,"[(79, 83)]","[(78, 79), (79, 81)]"
1PRG,R288H,81,1,4,"[(80, 84)]","[(59, 80), (76, 80), (77, 81), (79, 80)]"
1PRG,V290M,83,3,3,"[(79, 83), (80, 84), (83, 85)]","[(59, 80), (76, 80), (79, 80)]"
1SPD,C111S,110,1,1,"[(109, 110)]","[(110, 113)]"
1SPD,C6A,5,1,0,"[(5, 115)]",[]
1XWS,E124Q,91,0,1,[],"[(21, 91)]"
1XWS,E135K,102,0,0,[],[]
1XWS,E142D,109,0,0,[],[]
1XWS,Y53H,20,0,7,[],"[(9, 20), (11, 20), (12, 20), (17, 35), (19, 35), (20, 21), (20, 22)]"
1XXN,N32D,31,2,1,"[(12, 31), (31, 33)]","[(16, 30)]"
1XXN,N54E,53,1,0,"[(52, 53)]",[]
1XXN,S22E,21,1,0,"[(21, 23)]",[]
1XXN,S27E,26,3,2,"[(17, 26), (18, 24), (25, 26)]","[(18, 27), (18, 28)]"
1XZO,F42W,39,5,3,"[(19, 21), (31, 67), (35, 69), (37, 38), (39, 41)]","[(0, 1), (21, 23), (38, 84)]"
1XZO,W101F,98,4,9,"[(19, 21), (31, 67), (35, 69), (37, 38)]","[(0, 1), (21, 23), (37, 71), (38, 84), (70, 98), (71, 73), (71, 84), (71, 87), (98, 99)]"
1XZO,W36A,33,8,7,"[(10, 33), (19, 21), (25, 26), (25, 27), (25, 33), (31, 67), (35, 69), (37, 38)]","[(0, 1), (21, 23), (25, 112), (25, 116), (33, 67), (33, 69), (38, 84)]"
1XZO,W36F,33,4,3,"[(19, 21), (31, 67), (35, 69), (37, 38)]","[(0, 1), (21, 23), (38, 84)]"
2ARF,H1069Q,37,49,10,"[(0, 2), (9, 10), (12, 15), (15, 21), (20, 22), (22, 23), (32, 34), (36, 41), (37, 39), (37, 41), (38, 41), (39, 41), (42, 44), (45, 46), (45, 48), (48, 54), (50, 52), (52, 54), (57, 59), (60, 62), (61, 72), (61, 74), (62, 71), (70, 115), (71, 117), (73, 74), (74, 76), (74, 113), (75, 78), (75, 79), (75, 110), (76, 78), (76, 109), (80, 82), (85, 86), (85, 87), (88, 90), (94, 95), (94, 96), (94, 99), (94, 100), (95, 96), (96, 100), (97, 99), (104, 106), (109, 110), (112, 113), (115, 117), (118, 119)]","[(14, 18), (14, 24), (26, 53), (26, 77), (31, 114), (32, 37), (36, 72), (63, 113), (69, 116), (89, 101)]"
2H3F,E12A,10,50,17,"[(1, 2), (1, 4), (1, 37), (15, 16), (16, 17), (17, 18), (17, 94), (19, 26), (26, 27), (27, 32), (31, 34), (36, 38), (37, 46), (39, 40), (39, 45), (40, 43), (40, 44), (48, 50), (48, 55), (49, 50), (50, 54), (55, 56), (56, 60), (62, 63), (63, 65), (65, 67), (66, 67), (67, 69), (68, 70), (69, 74), (71, 72), (72, 73), (73, 74), (74, 77), (85, 88), (85, 91), (87, 88), (95, 96), (98, 100), (100, 102), (102, 103), (103, 106), (104, 105), (106, 107), (107, 109), (109, 111), (110, 111), (111, 112), (114, 115), (114, 116)]","[(2, 40), (4, 11), (4, 29), (5, 55), (6, 8), (6, 9), (10, 14), (10, 83), (19, 82), (22, 24), (44, 49), (44, 57), (56, 109), (63, 110), (74, 99), (84, 106), (85, 105)]"
2JIE,H104R,100,1,1,"[(100, 103)]","[(79, 97)]"
2JIE,Q22S,18,1,4,"[(18, 119)]","[(16, 18), (18, 52), (18, 53), (18, 77)]"
2JIE,S17A,13,0,3,[],"[(14, 75), (15, 75), (75, 76)]"
2JIE,S19A,15,0,2,[],"[(13, 15), (15, 75)]"
2JIE,T18A,14,1,1,"[(14, 76)]","[(14, 53)]"
2JIE,W123F,119,1,0,"[(18, 119)]",[]
2JIE,W123H,119,1,0,"[(18, 119)]",[]
2JIE,Y21A,17,5,6,"[(16, 28), (17, 21), (17, 23), (17, 37), (17, 48)]","[(15, 17), (17, 20), (17, 77), (17, 79), (17, 81), (17, 118)]"
2KS4,D9A,8,47,20,"[(1, 4), (2, 74), (4, 23), (7, 68), (9, 38), (9, 66), (18, 19), (18, 22), (23, 25), (24, 26), (25, 32), (26, 56), (32, 73), (34, 36), (36, 69), (37, 67), (37, 68), (38, 39), (42, 43), (44, 90), (44, 93), (45, 61), (45, 63), (46, 48), (48, 49), (50, 52), (51, 53), (51, 86), (53, 82), (56, 58), (56, 72), (58, 60), (70, 71), (75, 84), (81, 106), (82, 104), (84, 103), (85, 87), (86, 101), (91, 92), (98, 118), (101, 115), (105, 106), (105, 107), (106, 109), (111, 112), (113, 114)]","[(7, 16), (31, 83), (31, 86), (33, 88), (33, 100), (35, 117), (36, 66), (37, 92), (40, 93), (48, 71), (50, 72), (51, 103), (52, 104), (53, 74), (58, 86), (69, 88), (71, 86), (75, 106), (88, 98), (99, 116)]"
2KS4,E2A,1,47,22,"[(1, 4), (2, 74), (4, 23), (7, 68), (9, 38), (9, 66), (18, 19), (18, 22), (23, 25), (24, 26), (25, 32), (26, 56), (32, 73), (34, 36), (36, 69), (37, 67), (37, 68), (38, 39), (42, 43), (44, 90), (44, 93), (45, 61), (45, 63), (46, 48), (48, 49), (50, 52), (51, 53), (51, 86), (53, 82), (56, 58), (56, 72), (58, 60), (70, 71), (75, 84), (81, 106), (82, 104), (84, 103), (85, 87), (86, 101), (91, 92), (98, 118), (101, 115), (105, 106), (105, 107), (106, 109), (111, 112), (113, 114)]","[(1, 73), (7, 16), (8, 36), (31, 83), (31, 86), (33, 88), (33, 100), (35, 117), (36, 66), (37, 92), (40, 93), (48, 71), (50, 72), (51, 103), (52, 104), (53, 74), (58, 86), (69, 88), (71, 86), (75, 106), (88, 98), (99, 116)]"
2LTB,L558P,58,50,16,"[(5, 7), (6, 7), (7, 9), (9, 11), (15, 16), (17, 21), (18, 20), (21, 23), (23, 26), (28, 30), (30, 32), (31, 32), (36, 76), (37, 38), (37, 77), (38, 73), (38, 75), (40, 41), (41, 72), (44, 46), (46, 48), (49, 55), (52, 54), (54, 55), (54, 56), (56, 57), (58, 61), (60, 64), (62, 64), (63, 64), (64, 66), (66, 68), (68, 71), (68, 93), (72, 97), (75, 89), (75, 94), (76, 77), (83, 86), (85, 87), (87, 100), (92, 93), (98, 100), (98, 108), (100, 108), (101, 107), (103, 104), (106, 112), (113, 115), (115, 117)]","[(3, 34), (4, 31), (6, 23), (12, 43), (14, 114), (22, 39), (26, 69), (27, 92), (38, 79), (54, 57), (56, 58), (82, 101), (82, 117), (95, 98), (95, 109), (106, 117)]"
2LTB,L569R,69,50,15,"[(5, 7), (6, 7), (7, 9), (9, 11), (15, 16), (17, 21), (18, 20), (21, 23), (23, 26), (28, 30), (30, 32), (31, 32), (36, 76), (37, 38), (37, 77), (38, 73), (38, 75), (40, 41), (41, 72), (44, 46), (46, 48), (49, 55), (53, 54), (54, 55), (54, 56), (58, 61), (62, 64), (63, 64), (64, 66), (64, 67), (64, 68), (66, 68), (69, 70), (69, 73), (72, 97), (75, 89), (75, 94), (76, 77), (83, 86), (85, 87), (87, 100), (92, 93), (98, 100), (98, 108), (100, 108), (101, 107), (103, 104), (106, 112), (113, 115), (115, 117)]","[(3, 34), (4, 31), (6, 23), (12, 43), (14, 114), (22, 39), (27, 92), (38, 79), (42, 69), (58, 69), (82, 101), (82, 117), (95, 98), (95, 109), (106, 117)]"
2LTB,M619K,119,48,14,"[(5, 7), (6, 7), (7, 9), (9, 11), (15, 16), (17, 21), (18, 20), (21, 23), (23, 26), (28, 30), (30, 32), (31, 32), (36, 76), (37, 38), (37, 77), (38, 73), (38, 75), (40, 41), (41, 72), (44, 46), (46, 48), (49, 55), (53, 54), (54, 55), (54, 56), (58, 61), (62, 64), (63, 64), (64, 66), (64, 67), (64, 68), (66, 68), (72, 97), (75, 89), (75, 94), (76, 77), (83, 86), (85, 87), (87, 100), (92, 93), (98, 100), (98, 108), (100, 108), (101, 107), (103, 104), (106, 112), (113, 115), (115, 117)]","[(3, 34), (4, 31), (6, 23), (12, 43), (14, 114), (22, 39), (26, 69), (27, 92), (38, 79), (82, 101), (82, 117), (95, 98), (95, 109), (106, 117)]"
2LTB,R533Q,33,49,17,"[(5, 7), (6, 7), (7, 9), (9, 11), (15, 16), (17, 21), (18, 20), (21, 23), (23, 26), (28, 30), (30, 32), (31, 32), (33, 34), (36, 76), (37, 38), (37, 77), (38, 73), (38, 75), (40, 41), (41, 72), (44, 46), (46, 48), (49, 55), (53, 54), (54, 55), (54, 56), (58, 61), (62, 64), (63, 64), (64, 66), (64, 67), (64, 68), (66, 68), (72, 97), (75, 89), (75, 94), (76, 77), (83, 86), (85, 87), (87, 100), (92, 93), (98, 100), (98, 108), (100, 108), (101, 107), (103, 104), (106, 112), (113, 115), (115, 117)]","[(3, 34), (4, 31), (6, 23), (12, 43), (14, 114), (22, 39), (26, 69), (27, 92), (29, 33), (30, 33), (33, 37), (38, 79), (82, 101), (82, 117), (95, 98), (95, 109), (106, 117)]"
2LTB,R555Q,55,48,14,"[(5, 7), (6, 7), (7, 9), (9, 11), (15, 16), (17, 21), (18, 20), (21, 23), (23, 26), (28, 30), (30, 32), (31, 32), (36, 76), (37, 38), (37, 77), (38, 73), (38, 75), (40, 41), (41, 72), (44, 46), (46, 48), (49, 55), (53, 54), (54, 55), (54, 56), (58, 61), (62, 64), (63, 64), (64, 66), (64, 67), (64, 68), (66, 68), (72, 97), (75, 89), (75, 94), (76, 77), (83, 86), (85, 87), (87, 100), (92, 93), (98, 100), (98, 108), (100, 108), (101, 107), (103, 104), (106, 112), (113, 115), (115, 117)]","[(3, 34), (4, 31), (6, 23), (12, 43), (14, 114), (22, 39), (26, 69), (27, 92), (38, 79), (82, 101), (82, 117), (95, 98), (95, 109), (106, 117)]"
2LTB,R555W,55,51,15,"[(5, 7), (6, 7), (7, 9), (9, 11), (15, 16), (17, 21), (18, 20), (21, 23), (23, 26), (28, 30), (30, 32), (31, 32), (36, 76), (37, 38), (37, 77), (38, 73), (38, 75), (40, 41), (41, 72), (44, 46), (46, 48), (49, 55), (51, 55), (52, 55), (53, 54), (54, 55), (54, 56), (56, 59), (58, 61), (62, 64), (63, 64), (64, 66), (64, 67), (64, 68), (66, 68), (72, 97), (75, 89), (75, 94), (76, 77), (83, 86), (85, 87), (87, 100), (92, 93), (98, 100), (98, 108), (100, 108), (101, 107), (103, 104), (106, 112), (113, 115), (115, 117)]","[(3, 34), (4, 31), (6, 23), (12, 43), (14, 114), (22, 39), (24, 59), (26, 69), (27, 92), (38, 79), (82, 101), (82, 117), (95, 98), (95, 109), (106, 117)]"
2M5S,D302A,80,58,18,"[(1, 3), (2, 4), (6, 117), (7, 9), (8, 40), (8, 117), (13, 112), (19, 21), (21, 22), (22, 25), (23, 25), (24, 99), (30, 32), (31, 34), (32, 34), (33, 88), (34, 89), (35, 85), (35, 88), (36, 86), (39, 82), (39, 83), (40, 42), (41, 45), (44, 81), (45, 46), (49, 74), (51, 73), (51, 74), (53, 70), (54, 57), (55, 117), (56, 113), (57, 58), (57, 110), (63, 65), (65, 67), (70, 72), (73, 74), (75, 77), (78, 85), (81, 83), (83, 85), (85, 86), (85, 87), (88, 89), (90, 92), (92, 107), (93, 95), (94, 95), (94, 96), (99, 103), (100, 102), (102, 103), (103, 104), (105, 106), (114, 116), (115, 117)]","[(2, 49), (9, 82), (10, 112), (12, 35), (12, 36), (12, 39), (12, 83), (17, 102), (18, 104), (42, 51), (44, 49), (56, 73), (58, 69), (61, 71), (70, 117), (71, 107), (84, 118), (97, 111)]"
2M5S,H305A,83,58,18,"[(1, 3), (2, 4), (6, 117), (7, 9), (8, 40), (8, 117), (13, 112), (19, 21), (21, 22), (22, 25), (23, 25), (24, 99), (30, 32), (31, 34), (32, 34), (33, 88), (34, 89), (35, 85), (35, 88), (36, 86), (39, 82), (40, 42), (41, 45), (42, 80), (44, 81), (45, 46), (49, 74), (51, 73), (51, 74), (53, 70), (54, 57), (55, 117), (56, 113), (57, 58), (57, 110), (63, 65), (65, 67), (70, 72), (73, 74), (75, 77), (78, 80), (78, 85), (83, 85), (85, 86), (85, 87), (88, 89), (90, 92), (92, 107), (93, 95), (94, 95), (94, 96), (99, 103), (100, 102), (102, 103), (103, 104), (105, 106), (114, 116), (115, 117)]","[(2, 49), (9, 82), (10, 112), (12, 35), (12, 36), (12, 39), (17, 102), (18, 104), (42, 51), (44, 49), (56, 73), (58, 69), (61, 71), (70, 117), (71, 107), (78, 83), (84, 118), (97, 111)]"
2NTE,R658C,90,3,9,"[(87, 91), (89, 91), (91, 92)]","[(61, 81), (80, 81), (80, 84), (81, 90), (81, 94), (81, 97), (88, 90), (91, 94), (91, 95)]"
2PR5,A33Y,12,1,2,"[(12, 13)]","[(105, 112), (108, 112)]"
2PR5,A81M,60,1,2,"[(60, 87)]","[(105, 112), (108, 112)]"
2PR5,D109E,88,3,5,"[(87, 88), (88, 100), (88, 101)]","[(60, 89), (61, 89), (87, 89), (105, 112), (108, 112)]"
2PR5,H22K,1,1,2,"[(0, 1)]","[(105, 112), (108, 112)]"
2PR5,H22W,1,2,2,"[(0, 1), (1, 2)]","[(105, 112), (108, 112)]"
2PR5,M111F,90,1,5,"[(88, 90)]","[(9, 97), (90, 98), (93, 95), (105, 112), (108, 112)]"
2PR5,N107F,86,1,2,"[(85, 86)]","[(105, 112), (108, 112)]"
2PR5,N107Y,86,1,2,"[(85, 86)]","[(105, 112), (108, 112)]"
2PR5,N124F,103,9,4,"[(0, 103), (0, 105), (0, 108), (28, 103), (83, 103), (103, 108), (104, 108), (106, 108), (107, 108)]","[(2, 103), (105, 112), (108, 111), (108, 112)]"
2PR5,N124Y,103,11,6,"[(0, 103), (0, 105), (0, 108), (1, 2), (2, 107), (28, 103), (83, 103), (103, 108), (104, 108), (106, 108), (107, 108)]","[(2, 4), (2, 24), (2, 103), (105, 112), (108, 111), (108, 112)]"
2PR5,T30M,9,3,5,"[(9, 10), (16, 41), (41, 42)]","[(9, 99), (41, 45), (41, 73), (105, 112), (108, 112)]"
2PR5,T50M,29,2,4,"[(26, 29), (74, 81)]","[(29, 73), (29, 83), (105, 112), (108, 112)]"
2PR5,T54Y,33,2,2,"[(33, 36), (34, 37)]","[(105, 112), (108, 112)]"
2PR5,V120I,99,0,3,[],"[(86, 99), (105, 112), (108, 112)]"
2PR5,V25I,4,0,2,[],"[(105, 112), (108, 112)]"
2PR5,V88L,67,0,2,[],"[(105, 112), (108, 112)]"
2PR5,V90I,69,0,4,[],"[(69, 83), (69, 87), (105, 112), (108, 112)]"
2VY0,E53A,19,1,4,"[(14, 19)]","[(0, 17), (0, 21), (17, 29), (19, 63)]"
3BCI,E96Q,82,0,0,[],[]
3D3B,D118A,117,4,1,"[(16, 26), (16, 29), (16, 50), (116, 118)]","[(16, 81)]"
3D3B,D118E,117,5,1,"[(16, 26), (16, 29), (16, 50), (115, 117), (116, 118)]","[(16, 81)]"
3D3B,D118K,117,5,1,"[(16, 26), (16, 29), (16, 50), (116, 118), (117, 119)]","[(16, 81)]"
3D3B,D118N,117,4,1,"[(16, 26), (16, 29), (16, 50), (116, 118)]","[(16, 81)]"
3D3B,D118R,117,7,1,"[(16, 26), (16, 29), (16, 50), (115, 117), (116, 118), (117, 118), (117, 119)]","[(16, 81)]"
3ECU,H46R,45,2,1,"[(44, 45), (45, 83)]","[(45, 85)]"
3S4M,D122Y,33,1,2,"[(33, 46)]","[(31, 32), (32, 48)]"
3S4M,G130V,41,4,3,"[(40, 58), (42, 58), (57, 58), (58, 59)]","[(7, 41), (41, 60), (58, 65)]"
3S4M,I154F,65,3,3,"[(40, 58), (42, 58), (65, 77)]","[(14, 42), (41, 65), (58, 65)]"
3S4M,W155R,66,3,4,"[(62, 66), (64, 66), (74, 76)]","[(55, 66), (66, 68), (66, 74), (76, 78)]"
4BJX,A89V,47,1,2,"[(0, 51)]","[(47, 54), (50, 55)]"
4BUQ,Y48A,47,0,5,[],"[(45, 47), (46, 47), (47, 53), (47, 97), (48, 50)]"
4WAA,K65A,56,1,4,"[(17, 58)]","[(30, 58), (39, 58), (58, 60), (76, 77)]"
4WAA,K67A,58,2,3,"[(17, 58), (26, 58)]","[(56, 58), (58, 59), (58, 60)]"
4WAA,R27A,18,1,1,"[(23, 26)]","[(30, 58)]"
5VP3,R39K,38,50,28,"[(3, 7), (3, 14), (4, 6), (4, 11), (7, 90), (8, 88), (14, 15), (24, 26), (24, 102), (26, 28), (26, 105), (28, 30), (29, 33), (30, 31), (32, 33), (37, 38), (41, 43), (41, 44), (42, 43), (42, 54), (49, 50), (49, 93), (52, 90), (54, 57), (56, 60), (60, 61), (63, 76), (68, 70), (70, 74), (71, 74), (72, 75), (76, 77), (76, 78), (77, 79), (79, 81), (83, 86), (86, 88), (87, 89), (87, 108), (88, 106), (88, 107), (90, 95), (91, 93), (97, 100), (105, 106), (110, 112), (111, 112), (112, 113), (114, 115), (115, 118)]","[(0, 99), (1, 99), (6, 99), (7, 102), (9, 87), (12, 86), (16, 119), (17, 113), (20, 105), (20, 108), (20, 112), (31, 101), (31, 104), (38, 84), (38, 87), (38, 100), (38, 104), (43, 49), (45, 49), (47, 51), (47, 54), (48, 98), (49, 54), (56, 84), (81, 91), (83, 111), (88, 94), (105, 112)]"
1BA3,H461D,456,28,8,"[(67, 69), (67, 86), (255, 257), (281, 283), (281, 285), (289, 291), (297, 404), (318, 322), (322, 323), (322, 324), (322, 382), (322, 385), (336, 372), (337, 368), (337, 376), (338, 367), (350, 352), (351, 353), (351, 355), (366, 367), (367, 372), (399, 404), (400, 404), (407, 408), (407, 409), (408, 409), (408, 410), (415, 416)]","[(11, 36), (193, 404), (252, 408), (264, 408), (311, 404), (333, 336), (392, 416), (417, 419)]"
1BA3,H489D,484,26,9,"[(67, 69), (67, 86), (255, 257), (281, 283), (281, 285), (289, 291), (297, 404), (318, 322), (322, 323), (322, 324), (322, 382), (322, 385), (339, 363), (350, 352), (351, 353), (351, 355), (362, 363), (366, 367), (367, 372), (399, 404), (400, 404), (407, 408), (407, 409), (408, 409), (408, 410), (415, 416)]","[(11, 36), (193, 404), (252, 408), (264, 408), (311, 404), (363, 364), (363, 365), (392, 416), (417, 419)]"
1BA3,H489K,484,24,9,"[(67, 69), (67, 86), (255, 257), (281, 283), (281, 285), (289, 291), (297, 404), (318, 322), (322, 323), (322, 324), (322, 382), (322, 385), (350, 352), (351, 353), (351, 355), (366, 367), (367, 372), (399, 404), (400, 404), (407, 408), (407, 409), (408, 409), (408, 410), (415, 416)]","[(11, 36), (193, 404), (252, 408), (264, 408), (311, 404), (340, 364), (363, 364), (392, 416), (417, 419)]"
1BA3,H489M,484,24,10,"[(67, 69), (67, 86), (255, 257), (281, 283), (281, 285), (289, 291), (297, 404), (318, 322), (322, 323), (322, 324), (322, 382), (322, 385), (350, 352), (351, 353), (351, 355), (366, 367), (367, 372), (399, 404), (400, 404), (407, 408), (407, 409), (408, 409), (408, 410), (415, 416)]","[(11, 36), (193, 404), (252, 408), (264, 408), (311, 404), (340, 364), (361, 364), (363, 364), (392, 416), (417, 419)]"
1DIV,V129A,8,357,1,"[(0, 1), (0, 30), (0, 38), (1, 2), (1, 20), (1, 38), (2, 29), (2, 30), (2, 35), (2, 36), (2, 37), (2, 38), (3, 35), (3, 36), (3, 38), (3, 39), (3, 42), (3, 43), (3, 46), (4, 5), (4, 15), (4, 17), (4, 29), (4, 34), (4, 35), (5, 12), (5, 15), (5, 33), (5, 34), (5, 35), (5, 36), (6, 12), (6, 33), (6, 34), (6, 35), (7, 12), (7, 34), (8, 15), (13, 49), (13, 53), (14, 49), (14, 50), (14, 53), (15, 46), (15, 49), (15, 50), (17, 38), (17, 43), (17, 46), (18, 21), (20, 22), (20, 23), (20, 29), (20, 30), (20, 35), (20, 38), (21, 29), (23, 30), (24, 29), (25, 27), (25, 28), (25, 29), (25, 30), (25, 35), (26, 30), (26, 31), (27, 31), (28, 29), (28, 31), (28, 32), (29, 30), (29, 32), (29, 33), (29, 34), (29, 35), (30, 31), (30, 33), (30, 35), (30, 36), (30, 37), (31, 32), (31, 33), (32, 33), (32, 34), (32, 35), (33, 34), (33, 35), (34, 35), (35, 36), (36, 37), (36, 38), (36, 39), (36, 42), (37, 38), (37, 39), (37, 42), (38, 39), (38, 43), (39, 40), (39, 41), (39, 42), (39, 43), (40, 41), (40, 42), (40, 43), (40, 44), (41, 42), (41, 43), (41, 45), (42, 43), (42, 45), (43, 44), (43, 45), (43, 46), (43, 47), (44, 45), (44, 47), (44, 48), (45, 46), (45, 47), (45, 48), (46, 47), (46, 48), (46, 49), (46, 50), (47, 48), (47, 49), (47, 50), (47, 51), (48, 49), (48, 51), (49, 50), (49, 52), (49, 53), (50, 51), (50, 53), (51, 54), (52, 53), (52, 56), (53, 54), (53, 56), (53, 57), (54, 57), (54, 58), (55, 56), (55, 58), (55, 59), (56, 57), (56, 58), (56, 59), (56, 60), (57, 58), (57, 59), (57, 60), (57, 61), (58, 59), (58, 60), (58, 61), (58, 62), (59, 60), (59, 62), (59, 63), (60, 61), (60, 62), (60, 63), (60, 64), (61, 62), (61, 63), (61, 64), (61, 65), (62, 63), (62, 64), (62, 65), (62, 66), (63, 64), (63, 66), (63, 67), (64, 65), (64, 66), (64, 67), (65, 68), (66, 67), (66, 69), (66, 70), (67, 70), (67, 71), (67, 107), (67, 109), (68, 69), (68, 71), (68, 72), (69, 70), (69, 72), (70, 71), (70, 73), (70, 74), (70, 107), (71, 72), (71, 73), (71, 74), (71, 101), (71, 107), (71, 109), (73, 74), (73, 105), (73, 107), (74, 75), (74, 76), (74, 101), (74, 105), (74, 107), (75, 76), (75, 77), (75, 105), (76, 77), (76, 78), (76, 97), (76, 100), (76, 101), (76, 104), (76, 105), (77, 78), (77, 79), (77, 100), (77, 104), (77, 105), (78, 79), (78, 80), (78, 92), (78, 96), (78, 97), (78, 100), (78, 104), (79, 80), (80, 81), (80, 82), (80, 88), (80, 90), (80, 92), (81, 82), (81, 89), (81, 90), (82, 83), (82, 84), (82, 85), (82, 86), (82, 88), (82, 89), (82, 90), (83, 84), (83, 85), (83, 86), (83, 87), (83, 88), (83, 89), (83, 90), (84, 85), (84, 86), (84, 87), (84, 88), (84, 89), (85, 86), (87, 88), (88, 89), (88, 90), (88, 91), (88, 92), (89, 90), (90, 91), (90, 92), (91, 92), (91, 93), (91, 96), (91, 119), (92, 93), (92, 96), (92, 97), (92, 119), (93, 94), (93, 95), (93, 96), (93, 97), (93, 116), (93, 119), (94, 95), (94, 96), (94, 97), (94, 98), (94, 111), (94, 114), (94, 116), (94, 119), (95, 96), (95, 98), (95, 111), (96, 97), (96, 98), (96, 99), (96, 100), (97, 98), (97, 99), (97, 100), (97, 101), (97, 114), (97, 116), (98, 99), (98, 100), (98, 101), (98, 102), (98, 109), (98, 111), (98, 114), (99, 100), (99, 102), (99, 103), (100, 101), (100, 103), (100, 104), (101, 102), (101, 103), (101, 104), (101, 105), (101, 106), (101, 107), (101, 109), (101, 114), (102, 103), (102, 106), (102, 107), (102, 108), (103, 104), (103, 105), (103, 106), (104, 105), (104, 106), (105, 106), (105, 107), (106, 107), (107, 109), (109, 110), (109, 113), (109, 114), (110, 111), (110, 112), (110, 113), (110, 114), (111, 112), (111, 114), (113, 114), (114, 115), (114, 116), (116, 117), (116, 118), (116, 119), (117, 118), (117, 119), (118, 119)]","[(8, 14)]"
1F8I,F345A,344,2,1,"[(59, 224), (162, 224)]","[(223, 224)]"
1FT8,L349I,108,0,6,[],"[(90, 120), (117, 120), (117, 121), (119, 120), (119, 121), (120, 121)]"
1LVM,S135G,22,21,0,"[(9, 11), (12, 115), (18, 117), (18, 119), (21, 119), (22, 119), (25, 119), (108, 110), (108, 111), (108, 114), (109, 110), (110, 111), (110, 114), (110, 116), (111, 114), (112, 113), (114, 116), (116, 117), (117, 118), (117, 119), (118, 119)]",[]
1NM1,D187N,175,10,5,"[(25, 52), (49, 51), (54, 74), (63, 65), (74, 75), (74, 77), (74, 78), (88, 93), (92, 93), (133, 138)]","[(51, 54), (63, 120), (69, 74), (70, 74), (73, 74)]"
1NM1,D187Y,175,9,5,"[(25, 52), (51, 55), (54, 55), (55, 74), (59, 63), (63, 65), (88, 93), (92, 93), (133, 138)]","[(55, 56), (55, 59), (55, 135), (58, 59), (63, 120)]"
1PRE,C159S,157,1,1,"[(32, 45)]","[(8, 37)]"
1R2Y,R244E,242,24,5,"[(11, 13), (28, 29), (28, 30), (28, 31), (28, 32), (29, 32), (30, 32), (32, 71), (34, 35), (63, 152), (64, 152), (68, 152), (76, 80), (77, 152), (80, 83), (95, 97), (95, 98), (95, 111), (121, 125), (122, 127), (129, 130), (129, 131), (129, 147), (151, 152)]","[(23, 83), (57, 98), (122, 123), (122, 124), (148, 152)]"
1XXN,N181R,60,193,0,"[(6, 68), (8, 115), (36, 66), (36, 68), (36, 77), (36, 79), (44, 69), (44, 78), (49, 100), (50, 67), (52, 65), (52, 82), (54, 65), (54, 83), (57, 65), (57, 83), (57, 85), (59, 83), (59, 85), (59, 86), (61, 85), (61, 86), (62, 85), (62, 86), (62, 87), (62, 89), (63, 85), (63, 86), (64, 66), (64, 79), (64, 81), (64, 84), (64, 87), (64, 89), (65, 66), (65, 81), (65, 82), (65, 83), (66, 67), (66, 68), (66, 79), (66, 80), (66, 81), (66, 82), (66, 89), (67, 69), (67, 78), (67, 80), (68, 69), (68, 70), (68, 77), (68, 78), (68, 79), (69, 70), (69, 71), (69, 77), (69, 78), (69, 79), (69, 117), (70, 71), (70, 72), (70, 75), (70, 76), (70, 77), (70, 78), (70, 116), (70, 117), (70, 118), (71, 72), (71, 73), (71, 74), (71, 75), (71, 76), (71, 78), (72, 73), (72, 75), (72, 116), (72, 117), (72, 118), (73, 74), (74, 75), (74, 76), (75, 76), (75, 116), (75, 117), (75, 118), (76, 78), (77, 79), (77, 111), (78, 80), (79, 81), (79, 89), (80, 81), (80, 82), (80, 99), (80, 104), (81, 82), (81, 83), (81, 84), (81, 88), (81, 89), (81, 104), (82, 83), (82, 100), (82, 102), (82, 104), (83, 84), (83, 85), (84, 85), (84, 88), (84, 89), (85, 86), (86, 87), (87, 89), (87, 90), (88, 89), (88, 90), (88, 105), (88, 107), (89, 90), (89, 107), (90, 91), (90, 105), (90, 107), (91, 92), (91, 107), (91, 108), (91, 109), (92, 94), (92, 107), (92, 108), (92, 109), (93, 94), (93, 95), (93, 96), (93, 105), (93, 106), (93, 107), (94, 95), (94, 106), (94, 108), (95, 96), (95, 105), (95, 106), (96, 97), (96, 98), (96, 103), (96, 105), (96, 106), (97, 98), (97, 99), (97, 103), (97, 104), (97, 106), (98, 101), (98, 102), (98, 103), (99, 100), (99, 101), (99, 102), (99, 104), (100, 101), (100, 102), (100, 104), (101, 102), (101, 103), (102, 103), (102, 104), (103, 104), (103, 105), (105, 106), (105, 107), (106, 107), (108, 109), (108, 110), (109, 110), (109, 111), (110, 112), (111, 114), (111, 115), (112, 113), (112, 114), (113, 114), (114, 115), (114, 116), (115, 116), (115, 119), (116, 117), (116, 118), (116, 119), (117, 118), (117, 119), (118, 119)]",[]
3D2A,M134E,131,2,0,"[(9, 11), (11, 14)]",[]
3D2A,M137P,134,1,1,"[(11, 14)]","[(14, 18)]"
3D2A,S163P,160,1,0,"[(40, 44)]",[]
5OAQ,Y429H,198,0,0,[],[]
